dataset,seed,stream,task,epoch,optimizer_steps,cumulative_steps,train_seconds,lr_used,lr_next,loss,all_seen_train_accuracy,current_restricted_accuracy,adapter_gradient_tensors,future_data_gradient_max,main_CE,sum_CE,pool_weighted_few,assignment,pull,replay_CE,replay_weight
HK,1993,U,1,1,14,14,13.188611121993745,"[0.00030000000000000003, 0.003]","[0.0002929031948627973, 0.0029268294918612546]",2.5077090156929835,99.53917050691244,99.53917050691244,97,0.0,0.054630519564159874,0.021816207265510208,0.32497123761663715,2.383056710341147,-0.009153632340686665,0.0,0.0
HK,1993,U,1,2,14,28,7.1278883420163766,"[0.0002929031948627973, 0.0029268294918612546]","[0.0002723074641843674, 0.0027144804065905464]",0.37861448739256176,100.0,100.0,97,0.0,0.0054458041591634665,1.4546299910632245e-08,4.076579169470003e-06,0.3867353232843535,-0.009937471417444095,0.0,0.0
HK,1993,U,1,3,14,42,7.127416825998807,"[0.0002723074641843674, 0.0027144804065905464]","[0.0002402288615824086, 0.0023837389521772475]",0.3771819280726569,100.0,100.0,97,0.0,1.2559376373820287e-07,0.0,9.009329904330343e-08,0.3877629680292947,-0.010581116058996748,0.0,0.0
HK,1993,U,1,4,14,56,7.082129068992799,"[0.0002402288615824086, 0.0023837389521772475]","[0.00019980746418436736, 0.0019669804065905465]",0.2960406664226736,100.0,100.0,97,0.0,4.73246368125148e-08,0.0,7.166011266284451e-07,0.307292813701289,-0.011252393679959434,0.0,0.0
HK,1993,U,1,5,14,70,6.976069524011109,"[0.00019980746418436736, 0.0019669804065905465]","[0.00015499999999999997, 0.001505]",0.15176399584327424,100.0,100.0,97,0.0,5.745595361388618e-08,0.0,1.0296634595111494e-06,0.1636857810829367,-0.01192214728466102,0.0,0.0
HK,1993,U,1,6,14,84,7.039556486008223,"[0.00015499999999999997, 0.001505]","[0.00011019253581563262, 0.0010430195934094538]",4.51911351889638,100.0,100.0,97,0.0,9.561503718938777e-08,0.0,1.0385173996699645e-05,4.531477965614093,-0.0123680552733796,0.0,0.0
HK,1993,U,1,7,14,98,7.089707987004658,"[0.00011019253581563262, 0.0010430195934094538]","[6.97711384175914e-05, 0.000626261047822753]",0.8408721973121699,100.0,100.0,97,0.0,3.951955524732804e-08,0.0,-5.872754463500879e-08,0.8534880276630312,-0.012615831781710897,0.0,0.0
HK,1993,U,1,8,14,112,7.252553823986091,"[6.97711384175914e-05, 0.000626261047822753]","[3.769253581563263e-05, 0.0002955195934094538]",0.2974191331637225,100.0,100.0,97,0.0,1.9730216476483113e-08,0.0,-6.00792139366938e-08,0.3103338485559724,-0.012914701710854256,0.0,0.0
HK,1993,U,1,9,14,126,7.575730835000286,"[3.769253581563263e-05, 0.0002955195934094538]","[1.7096805137202738e-05, 8.317050813874548e-05]",0.24611890249486482,100.0,100.0,97,0.0,9.40191791087841e-09,0.0,6.218734136732415e-08,0.2592253174362611,-0.013106441657458032,0.0,0.0
HK,1993,U,1,10,14,140,7.253824031999102,"[1.7096805137202738e-05, 8.317050813874548e-05]","[1e-05, 1e-05]",0.1361167214345187,100.0,100.0,97,0.0,3.760734270029177e-08,0.0,-8.931655482234493e-08,0.14911807452845746,-0.01300134158560208,0.0,0.0
HK,1993,U,2,1,18,158,15.999008340993896,"[0.00030000000000000003, 0.003]","[0.0002929031948627973, 0.0029268294918612546]",3.568123678159383,93.30085261875762,98.05115712545675,97,0.0,0.39397125387909504,0.8444018120715232,6.686450433060681,0.9379903636872768,-0.011474852967593405,0.0,0.0
HK,1993,U,2,2,18,176,8.908015663997503,"[0.0002929031948627973, 0.0029268294918612546]","[0.0002723074641843674, 0.0027144804065905464]",0.4436365616404348,100.0,100.0,97,0.0,1.1083868269818393e-05,4.6932467968731197e-07,7.291305792083597e-13,0.456111129373312,-0.012478413184483846,0.0,0.0
HK,1993,U,2,3,18,194,9.218295592989307,"[0.0002723074641843674, 0.0027144804065905464]","[0.0002402288615824086, 0.0023837389521772475]",0.4425350752555662,100.0,100.0,97,0.0,5.681424062863192e-06,8.626025505985445e-07,3.2842260082674795e-13,0.456111129373312,-0.013578235896097291,0.0,0.0
HK,1993,U,2,4,18,212,9.038871314987773,"[0.0002402288615824086, 0.0023837389521772475]","[0.00019980746418436736, 0.0019669804065905465]",0.4418984717792935,100.0,100.0,97,0.0,5.391990801307935e-06,1.1975969648069116e-07,2.0985989605584685e-13,0.456111129373312,-0.014214491347471872,0.0,0.0
HK,1993,U,2,5,18,230,9.19959809599095,"[0.00019980746418436736, 0.0019669804065905465]","[0.00015499999999999997, 0.001505]",0.44129324869977105,100.0,100.0,97,0.0,4.696455966050432e-06,8.416672206597772e-07,3.40914681295555e-13,0.456111129373312,-0.014819731480545467,0.0,0.0
HK,1993,U,2,6,18,248,9.015801564004505,"[0.00015499999999999997, 0.001505]","[0.00011019253581563262, 0.0010430195934094538]",-0.015527007739163108,100.0,100.0,97,0.0,5.706244902765118e-06,1.8156450017533152e-07,1.7440759302069265e-13,3.9823706227743514e-08,-0.015529010196526844,0.0,0.0
HK,1993,U,2,7,18,266,8.958758955006488,"[0.00011019253581563262, 0.0010430195934094538]","[6.97711384175914e-05, 0.000626261047822753]",-0.016025789133790467,100.0,100.0,97,0.0,1.311993685012188e-05,8.01268998287499e-07,2.833877833771549e-13,2.0637414531146337e-08,-0.016030449916919078,0.0,0.0
HK,1993,U,2,8,18,284,8.915570993005531,"[6.97711384175914e-05, 0.000626261047822753]","[3.769253581563263e-05, 0.0002955195934094538]",-0.01628123177215457,100.0,100.0,97,0.0,4.77209597072993e-06,1.4989717530432422e-06,1.3570195033974321e-13,3.227210129146273e-08,-0.01628335441152255,0.0,0.0
HK,1993,U,2,9,18,302,9.230292032996658,"[3.769253581563263e-05, 0.0002955195934094538]","[1.7096805137202738e-05, 8.317050813874548e-05]",-0.016625467894805804,100.0,100.0,97,0.0,5.609048318749248e-06,2.0289726160922012e-07,2.476296439137701e-13,2.3236831596182516e-08,-0.01662742793560028,0.0,0.0
HK,1993,U,2,10,18,320,9.088725936017,"[1.7096805137202738e-05, 8.317050813874548e-05]","[1e-05, 1e-05]",-0.016615110035571787,100.0,100.0,97,0.0,5.451327472390706e-06,2.144009864708036e-07,2.714053180905973e-13,1.0225317412025956e-07,-0.016617100768619116,0.0,0.0
HK,1993,U,3,1,21,341,19.547952097986126,"[0.00030000000000000003, 0.003]","[0.0002929031948627973, 0.0029268294918612546]",2.856729017836707,84.55366098294884,98.29488465396189,97,0.0,2.6135405135100016,4.588800600909394,1.5547614107396068e-07,0.47476192173503695,-0.01881322945867266,0.0,0.0
HK,1993,U,3,2,21,362,10.784170469007222,"[0.0002929031948627973, 0.0029268294918612546]","[0.0002723074641843674, 0.0027144804065905464]",0.4547538686366308,100.0,100.0,97,0.0,0.00048573506990665224,2.925590709478869e-06,6.889231825160549e-20,0.47476192315419513,-0.02017093747854233,0.0,0.0
HK,1993,U,3,3,21,383,10.749513902002946,"[0.0002723074641843674, 0.0027144804065905464]","[0.0002402288615824086, 0.0023837389521772475]",0.453571359316508,100.0,100.0,97,0.0,0.0002494510827199563,2.838923193648228e-06,2.7291573103187767e-20,0.47476192315419513,-0.021274658186095103,0.0,0.0
HK,1993,U,3,4,21,404,10.559009749995312,"[0.0002402288615824086, 0.0023837389521772475]","[0.00019980746418436736, 0.0019669804065905465]",0.4525271398680551,100.0,100.0,97,0.0,0.00034000382132554866,1.1934152246767263e-05,2.6324347729940883e-21,0.47476192315419513,-0.022352094735418045,0.0,0.0
HK,1993,U,3,5,21,425,10.55179800800397,"[0.00019980746418436736, 0.0019669804065905465]","[0.00015499999999999997, 0.001505]",0.45157323706717717,100.0,100.0,97,0.0,0.00034217663395403567,4.704800469149514e-06,3.5240882354900396e-21,0.47476192315419513,-0.02330431810447148,0.0,0.0
HK,1993,U,3,6,21,446,10.674149630009197,"[0.00015499999999999997, 0.001505]","[0.00011019253581563262, 0.0010430195934094538]",-0.023843119187014445,100.0,100.0,97,0.0,0.0003443095446896006,2.4306156208821405e-05,1.4635239945350045e-19,5.717867588563772e-16,-0.023965990969112942,0.0,0.0
HK,1993,U,3,7,21,467,10.63785149299656,"[0.00011019253581563262, 0.0010430195934094538]","[6.97711384175914e-05, 0.000626261047822753]",-0.024515782793362934,100.0,100.0,97,0.0,0.0002874410919979536,2.9041938586480514e-06,4.99393162825763e-20,2.2938719673455873e-16,-0.024612564061369215,0.0,0.0
HK,1993,U,3,8,21,488,10.651295268995455,"[6.97711384175914e-05, 0.000626261047822753]","[3.769253581563263e-05, 0.0002955195934094538]",-0.024845773886357034,100.0,100.0,97,0.0,0.00030414975978081723,1.8252775875933953e-06,4.5397510023751925e-21,5.515723226514057e-16,-0.024947765327635266,0.0,0.0
HK,1993,U,3,9,21,509,10.761785527021857,"[3.769253581563263e-05, 0.0002955195934094538]","[1.7096805137202738e-05, 8.317050813874548e-05]",-0.02504607600470384,100.0,100.0,97,0.0,0.0002449000034110733,2.0804525843452042e-06,1.648745284161254e-20,9.710496201321732e-16,-0.025128402738344106,0.0,0.0
HK,1993,U,3,10,21,530,10.968661610007985,"[1.7096805137202738e-05, 8.317050813874548e-05]","[1e-05, 1e-05]",-0.02512493986813795,100.0,100.0,97,0.0,0.0001341159481420445,3.9470105546063075e-06,6.561000326736958e-21,2.7730610916754967e-16,-0.02517096038375582,0.0,0.0
HK,1993,U,4,1,14,544,12.828468580992194,"[0.00030000000000000003, 0.003]","[0.0002929031948627973, 0.0029268294918612546]",23.44659430852958,64.91754122938531,95.65217391304348,97,0.0,6.074971840559946,13.663245364668823,1.980917722670923e-16,16.888572147914342,-0.021383477321692875,0.0,0.0
HK,1993,U,4,2,14,558,7.402909354015719,"[0.0002929031948627973, 0.0029268294918612546]","[0.0002723074641843674, 0.0027144804065905464]",16.889251804777555,98.80059970014993,98.80059970014993,97,0.0,0.034464609967341985,0.034163803378845614,6.189526375791064e-19,16.88857184137617,-0.02219625615647861,0.0,0.0
HK,1993,U,4,3,14,572,7.206574142997852,"[0.0002723074641843674, 0.0027144804065905464]","[0.0002402288615824086, 0.0023837389521772475]",16.879020180021012,99.55022488755623,99.55022488755623,97,0.0,0.01658731219086767,0.023583842406004862,2.0381104085602928e-20,16.888572058507375,-0.02294203085558755,0.0,0.0
HK,1993,U,4,4,14,586,7.174204658018425,"[0.0002402288615824086, 0.0023837389521772475]","[0.00019980746418436736, 0.0019669804065905465]",16.865259758063726,100.0,100.0,97,0.0,0.0010326354827481868,5.148955548112915e-05,2.8304506093486256e-21,16.888572113854543,-0.02367357718093055,0.0,0.0
HK,1993,U,4,5,14,600,7.343790548999095,"[0.00019980746418436736, 0.0019669804065905465]","[0.00015499999999999997, 0.001505]",16.86439580789634,100.0,100.0,97,0.0,0.00017258436147520633,4.699172363399816e-05,1.581290473018548e-20,16.888571943555558,-0.024249376888786044,0.0,0.0
HK,1993,U,4,6,14,614,7.226504486985505,"[0.00015499999999999997, 0.001505]","[0.00011019253581563262, 0.0010430195934094538]",-0.02457677253655025,100.0,100.0,97,0.0,0.0003286136311706806,0.0002834948064573961,5.742632265211784e-20,2.0138652471169577e-15,-0.024780808602060594,0.0,0.0
HK,1993,U,4,7,14,628,7.191228054987732,"[0.00011019253581563262, 0.0010430195934094538]","[6.97711384175914e-05, 0.000626261047822753]",-0.025088851872299398,100.0,100.0,97,0.0,0.0002639288628724249,1.95254542330365e-05,2.0940986327501617e-20,5.901540831266929e-16,-0.025183336330311636,0.0,0.0
HK,1993,U,4,8,14,642,7.2010397400008515,"[6.97711384175914e-05, 0.000626261047822753]","[3.769253581563263e-05, 0.0002955195934094538]",-0.02506462245115212,100.0,100.0,97,0.0,0.0005572082931897577,1.4419358587401479e-05,4.602968379607268e-19,1.4647520923576495e-15,-0.025255164184740612,0.0,0.0
HK,1993,U,4,9,14,656,7.188150622998364,"[3.769253581563263e-05, 0.0002955195934094538]","[1.7096805137202738e-05, 8.317050813874548e-05]",-0.02527426396097456,100.0,100.0,97,0.0,0.0004045792594687165,0.00012820671133217942,3.66550591978623e-20,4.748481632326821e-16,-0.025451858873878207,0.0,0.0
HK,1993,U,4,10,14,670,7.3054486619948875,"[1.7096805137202738e-05, 8.317050813874548e-05]","[1e-05, 1e-05]",-0.025466985069215298,100.0,100.0,97,0.0,0.00020663063397868036,1.3984721909927294e-05,1.6876976563081931e-19,5.888137543327964e-15,-0.025540523124592648,0.0,0.0
HK,1993,U,5,1,2,672,3.1829559769830666,"[0.00030000000000000003, 0.003]","[0.0002929031948627973, 0.0029268294918612546]",293.9554328918457,0.0,48.07692307692308,97,0.0,33.18354892730713,68.76145935058594,2.700612284913178e-16,260.0,-0.026260191202163698,0.0,0.0
HK,1993,U,5,2,2,674,1.6754485810233746,"[0.0002929031948627973, 0.0029268294918612546]","[0.0002723074641843674, 0.0027144804065905464]",282.71441650390625,0.0,94.23076923076923,97,0.0,23.26480007171631,44.95446014404297,1.1808762926869039e-16,260.0,-0.025342570245265962,0.0,0.0
HK,1993,U,5,3,2,676,1.7074104649946094,"[0.0002723074641843674, 0.0027144804065905464]","[0.0002402288615824086, 0.0023837389521772475]",267.1752815246582,28.846153846153847,100.0,97,0.0,9.017399549484253,12.586487770080566,3.018917512325862e-15,260.0,-0.02601509690284729,0.0,0.0
HK,1993,U,5,4,2,678,1.6332101149891969,"[0.0002402288615824086, 0.0023837389521772475]","[0.00019980746418436736, 0.0019669804065905465]",261.0064010620117,75.0,100.0,97,0.0,2.136389672756195,0.9529543083626777,1.2412417683711207e-18,260.0,-0.02338281273841858,0.0,0.0
HK,1993,U,5,5,2,680,1.6573072930041235,"[0.00019980746418436736, 0.0019669804065905465]","[0.00015499999999999997, 0.001505]",260.08712005615234,100.0,100.0,97,0.0,0.33798086270689964,7.36714789582038e-05,5.659519198356654e-20,260.0,-0.02556731700897217,0.0,0.0
HK,1993,U,5,6,2,682,1.642108731000917,"[0.00015499999999999997, 0.001505]","[0.00011019253581563262, 0.0010430195934094538]",-0.024721982888877392,100.0,100.0,97,0.0,0.0025435509687667945,1.8115615588953915e-05,9.544573076699248e-20,6.011075751791366e-16,-0.025575870275497438,0.0,0.0
HK,1993,U,5,7,2,684,1.5869801069784444,"[0.00011019253581563262, 0.0010430195934094538]","[6.97711384175914e-05, 0.000626261047822753]",-0.021986340172588825,100.0,100.0,97,0.0,0.010254321387037635,0.0004794112901436165,3.0017177585960357e-20,5.5080516703023536e-15,-0.025564250349998475,0.0,0.0
HK,1993,U,5,8,2,686,1.6574177739967126,"[6.97711384175914e-05, 0.000626261047822753]","[3.769253581563263e-05, 0.0002955195934094538]",-0.024408682249486446,100.0,100.0,97,0.0,0.0046313103375723585,6.15164317414596e-05,8.47125751848862e-20,7.115745097157575e-15,-0.02597295641899109,0.0,0.0
HK,1993,U,5,9,2,688,1.650792493019253,"[3.769253581563263e-05, 0.0002955195934094538]","[1.7096805137202738e-05, 8.317050813874548e-05]",-0.02503602672368288,100.0,100.0,97,0.0,0.003722286423908372,8.20617638623844e-05,2.749564996673743e-20,1.4160659267916955e-14,-0.026304143667221072,0.0,0.0
HK,1993,U,5,10,2,690,1.640946539992001,"[1.7096805137202738e-05, 8.317050813874548e-05]","[1e-05, 1e-05]",-0.021592366509139538,100.0,100.0,97,0.0,0.007953454391099513,0.00025882638294660865,2.2111384947045765e-20,8.984928788651838e-17,-0.024329792708158493,0.0,0.0
HK,1993,U,6,1,16,706,14.131799738999689,"[0.00030000000000000003, 0.003]","[0.0002929031948627973, 0.0029268294918612546]",57.25365376472473,76.43908969210175,91.83400267737618,97,0.0,4.612159357580822,6.618458857759833,7.154517115798887e-17,53.53875243663788,-0.028638689406216146,0.0,0.0
HK,1993,U,6,2,16,722,7.95657196600223,"[0.0002929031948627973, 0.0029268294918612546]","[0.0002723074641843674, 0.0027144804065905464]",53.54440188407898,97.99196787148594,97.99196787148594,97,0.0,0.04667006064846646,0.05866168751890655,1.5658613221355983e-16,53.53875172138214,-0.0294599324464798,0.0,0.0
HK,1993,U,6,3,16,738,7.973981583985733,"[0.0002723074641843674, 0.0027144804065905464]","[0.0002402288615824086, 0.0023837389521772475]",53.53728532791138,97.59036144578313,97.59036144578313,97,0.0,0.01742551969800843,0.06931313950735785,3.8116355683300057e-17,53.53875148296356,-0.030379344150424006,0.0,0.0
HK,1993,U,6,4,16,754,7.916011666005943,"[0.0002402288615824086, 0.0023837389521772475]","[0.00019980746418436736, 0.0019669804065905465]",53.52046257071197,99.33065595716198,99.33065595716198,97,0.0,0.011129950725717208,0.027306749753257975,1.1613435423394327e-15,53.538751274347305,-0.03110090922564268,0.0,0.0
HK,1993,U,6,5,16,770,7.869248739996692,"[0.00019980746418436736, 0.0019669804065905465]","[0.00015499999999999997, 0.001505]",53.51850891113281,98.92904953145917,98.92904953145917,97,0.0,0.009376578447700012,0.025157985209489198,6.948811043114622e-17,53.538752138614655,-0.03175524547696114,0.0,0.0
HK,1993,U,6,6,16,786,7.927434329991229,"[0.00015499999999999997, 0.001505]","[0.00011019253581563262, 0.0010430195934094538]",-0.028667205362580717,99.8661311914324,99.8661311914324,97,0.0,0.0036551110497384798,0.007653835002656706,1.794755942430433e-16,1.6173681041060786e-15,-0.03243685364723206,0.0,0.0
HK,1993,U,6,7,16,802,7.979895082011353,"[0.00011019253581563262, 0.0010430195934094538]","[6.97711384175914e-05, 0.000626261047822753]",-0.025634742167312652,99.59839357429719,99.59839357429719,97,0.0,0.0098249362115439,0.011908902649622632,8.547372557000516e-17,1.7437784362335824e-15,-0.032879354618489745,0.0,0.0
HK,1993,U,6,8,16,818,7.921886633994291,"[6.97711384175914e-05, 0.000626261047822753]","[3.769253581563263e-05, 0.0002955195934094538]",-0.03108489071018994,100.0,100.0,97,0.0,0.005022198808092071,0.001086406487502245,3.458284769649553e-16,6.778166047700187e-14,-0.03312109243124724,0.0,0.0
HK,1993,U,6,9,16,834,8.249665629991796,"[3.769253581563263e-05, 0.0002955195934094538]","[1.7096805137202738e-05, 8.317050813874548e-05]",-0.03152942471206188,100.0,100.0,97,0.0,0.0036455706012930023,0.0016550432580970664,1.3261645698508171e-17,3.3580426530381258e-15,-0.033296295814216136,0.0,0.0
HK,1993,U,6,10,16,850,8.295799155021086,"[1.7096805137202738e-05, 8.317050813874548e-05]","[1e-05, 1e-05]",-0.029084825539030135,99.73226238286479,99.73226238286479,97,0.0,0.006516553659821511,0.00624415380980281,5.4932713811612395e-17,1.274021299020622e-14,-0.03333839457482099,0.0,0.0
HK,1993,U,7,1,8,858,8.143505529005779,"[0.00030000000000000003, 0.003]","[0.0002929031948627973, 0.0029268294918612546]",11.513657823204994,44.32717678100264,73.08707124010554,97,0.0,11.91825452260673,21.29727748874575,1.9288126518989462e-13,0.4737500175833702,-0.03193671964108944,0.0,0.0
HK,1993,U,7,2,8,866,4.492556897021132,"[0.0002929031948627973, 0.0029268294918612546]","[0.0002723074641843674, 0.0027144804065905464]",0.4955383762717247,96.56992084432717,96.56992084432717,97,0.0,0.08233887259848416,0.07995513966307044,8.841820447682538e-14,0.4737500175833702,-0.032309656590223314,0.0,0.0
HK,1993,U,7,3,8,874,4.483090937021188,"[0.0002723074641843674, 0.0027144804065905464]","[0.0002402288615824086, 0.0023837389521772475]",0.4639940857887268,98.68073878627969,98.68073878627969,97,0.0,0.03388721588999033,0.035710717405891046,1.6883119658662152e-14,0.4737500175833702,-0.03295524641871453,0.0,0.0
HK,1993,U,7,4,8,882,4.6036202700051945,"[0.0002402288615824086, 0.0023837389521772475]","[0.00019980746418436736, 0.0019669804065905465]",0.44749873876571655,99.73614775725594,99.73614775725594,97,0.0,0.009451499092392623,0.011693424632539973,2.6441892730680476e-13,0.4737500175833702,-0.03329958282411098,0.0,0.0
HK,1993,U,7,5,8,890,4.515703087992733,"[0.00019980746418436736, 0.0019669804065905465]","[0.00015499999999999997, 0.001505]",0.4520089738070965,99.2084432717678,99.2084432717678,97,0.0,0.015011832845630124,0.020615890083718114,1.7116328647667674e-13,0.4737500175833702,-0.03361694701015949,0.0,0.0
HK,1993,U,7,6,8,898,4.493605133000528,"[0.00015499999999999997, 0.001505]","[0.00011019253581563262, 0.0010430195934094538]",-0.02465834841132164,99.73614775725594,99.73614775725594,97,0.0,0.014460072867223062,0.01282195338717429,7.111481793432584e-14,1.01798935607836e-12,-0.033752357587218285,0.0,0.0
HK,1993,U,7,7,8,906,4.480887043988332,"[0.00011019253581563262, 0.0010430195934094538]","[6.97711384175914e-05, 0.000626261047822753]",-0.02734756958670914,99.73614775725594,99.73614775725594,97,0.0,0.010039027445600368,0.009723567018227186,2.2202103635735105e-15,7.162839377489968e-14,-0.03393510058522225,0.0,0.0
HK,1993,U,7,8,8,914,4.558300511998823,"[6.97711384175914e-05, 0.000626261047822753]","[3.769253581563263e-05, 0.0002955195934094538]",-0.030983023578301072,100.0,100.0,97,0.0,0.004732079338282347,0.00469643939868547,6.261731706262249e-14,7.844111904353976e-13,-0.03412586338818073,0.0,0.0
HK,1993,U,7,9,8,922,4.581057486007921,"[3.769253581563263e-05, 0.0002955195934094538]","[1.7096805137202738e-05, 8.317050813874548e-05]",-0.027580241207033396,99.73614775725594,99.73614775725594,97,0.0,0.010274682790623046,0.009784563313587569,7.901694892698282e-15,1.3513636723556588e-13,-0.034266655892133714,0.0,0.0
HK,1993,U,7,10,8,930,4.499231288995361,"[1.7096805137202738e-05, 8.317050813874548e-05]","[1e-05, 1e-05]",-0.02899743220768869,99.73614775725594,99.73614775725594,97,0.0,0.008939298233599402,0.006821305774792563,1.685266766408755e-14,2.404275483674042e-13,-0.03425096645951271,0.0,0.0
HK,1993,U,8,1,14,944,14.420297855016543,"[0.00030000000000000003, 0.003]","[0.0002929031948627973, 0.0029268294918612546]",7.809851293052946,76.91107644305772,97.97191887675507,97,0.0,2.146688010116241,7.149697148964303,2.526629573507737e-14,4.739285873515265,-0.02822960955756051,0.0,0.0
HK,1993,U,8,2,14,958,8.269404161022976,"[0.0002929031948627973, 0.0029268294918612546]","[0.0002723074641843674, 0.0027144804065905464]",4.712152723755155,99.68798751950078,99.68798751950078,97,0.0,0.0011335291079035414,0.004447219419706272,1.7832627407097086e-13,4.739285873515265,-0.028993312375886097,0.0,0.0
HK,1993,U,8,3,14,972,7.962480643007439,"[0.0002723074641843674, 0.0027144804065905464]","[0.0002402288615824086, 0.0023837389521772475]",4.710691736212799,99.84399375975039,99.84399375975039,97,0.0,0.00046389331232078924,0.00321940517227686,2.257024618302238e-15,4.739285873515265,-0.029821953390325815,0.0,0.0
HK,1993,U,8,4,14,986,7.974098846985726,"[0.0002402288615824086, 0.0023837389521772475]","[0.00019980746418436736, 0.0019669804065905465]",4.709093883633614,100.0,100.0,97,0.0,7.063029796329699e-06,0.00027236322116712993,3.582223841911325e-13,4.739285873515265,-0.030285220273903433,0.0,0.0
HK,1993,U,8,5,14,1000,8.1121597699821,"[0.00019980746418436736, 0.0019669804065905465]","[0.00015499999999999997, 0.001505]",4.708461360207626,100.0,100.0,97,0.0,7.123577204305929e-06,0.0004962966032573084,1.8692927082791324e-12,4.739285873515265,-0.03099238957677569,0.0,0.0
HK,1993,U,8,6,14,1014,8.073667903983733,"[0.00015499999999999997, 0.001505]","[0.00011019253581563262, 0.0010430195934094538]",-0.03147485998592207,100.0,100.0,97,0.0,8.024390590475963e-06,7.978349350829766e-06,5.046456677356444e-13,3.34949582515299e-12,-0.031480193563870024,0.0,0.0
HK,1993,U,8,7,14,1028,7.969033303990727,"[0.00011019253581563262, 0.0010430195934094538]","[6.97711384175914e-05, 0.000626261047822753]",-0.031839639347578795,100.0,100.0,97,0.0,2.758596670395162e-06,1.000280074262402e-05,5.575880499741199e-13,4.9313871850762865e-12,-0.03184389280421392,0.0,0.0
HK,1993,U,8,8,14,1042,8.091324539011111,"[6.97711384175914e-05, 0.000626261047822753]","[3.769253581563263e-05, 0.0002955195934094538]",-0.03213902682598148,100.0,100.0,97,0.0,3.8299567428623504e-06,1.136709651586695e-05,2.8682906251078204e-13,2.7534290272130815e-12,-0.03214409202337265,0.0,0.0
HK,1993,U,8,9,14,1056,8.315497240022523,"[3.769253581563263e-05, 0.0002955195934094538]","[1.7096805137202738e-05, 8.317050813874548e-05]",-0.0322221214217799,100.0,100.0,97,0.0,2.059337242700719e-06,8.637590844224568e-06,2.4593684560060084e-13,1.3568932312163052e-12,-0.032225685885974346,0.0,0.0
HK,1993,U,8,10,14,1070,8.001661950984271,"[1.7096805137202738e-05, 8.317050813874548e-05]","[1e-05, 1e-05]",-0.03233705487634454,100.0,100.0,97,0.0,6.4400695202035e-06,2.3194316179951458e-05,8.165092294062476e-14,8.099947765786039e-13,-0.032346933015755246,0.0,0.0
HK,1993,U,9,1,11,1081,11.935827436012914,"[0.00030000000000000003, 0.003]","[0.0002929031948627973, 0.0029268294918612546]",11.590388200499795,69.83805668016194,96.15384615384616,97,0.0,6.054016180408708,11.110087496407619,1.440951581847625e-12,5.898182015527379,-0.029162610389969566,0.0,0.0
HK,1993,U,9,2,11,1092,6.4103115260077175,"[0.0002929031948627973, 0.0029268294918612546]","[0.0002723074641843674, 0.0027144804065905464]",5.877572361041199,99.39271255060729,99.39271255060729,97,0.0,0.005894186533044955,0.02125080146966822,4.674647651561089e-12,5.898182015527379,-0.02965795045549219,0.0,0.0
HK,1993,U,9,3,11,1103,6.548233770998195,"[0.0002723074641843674, 0.0027144804065905464]","[0.0002402288615824086, 0.0023837389521772475]",5.870899485593492,99.79757085020243,99.79757085020243,97,0.0,0.0006452524318609159,0.007908983232675386,5.982063140275182e-13,5.898182015527379,-0.03013398457657207,0.0,0.0
HK,1993,U,9,4,11,1114,6.3774722359958105,"[0.0002402288615824086, 0.0023837389521772475]","[0.00019980746418436736, 0.0019669804065905465]",5.867493006993424,100.0,100.0,97,0.0,0.00018780454365696642,0.00028249729329455806,7.429695828833557e-13,5.898182015527379,-0.030845993757247926,0.0,0.0
HK,1993,U,9,5,11,1125,6.720117948018014,"[0.00019980746418436736, 0.0019669804065905465]","[0.00015499999999999997, 0.001505]",5.867008224807003,100.0,100.0,97,0.0,4.127186373766149e-05,4.032368221793738e-05,3.002608341591854e-11,5.898182058876211,-0.03120125261220065,0.0,0.0
HK,1993,U,9,6,11,1136,6.604872146999696,"[0.00015499999999999997, 0.001505]","[0.00011019253581563262, 0.0010430195934094538]",-0.031752772121266884,100.0,100.0,97,0.0,6.243953024729556e-05,9.92439440623953e-05,1.458150612617347e-13,3.952947600720362e-11,-0.03180666592988101,0.0,0.0
HK,1993,U,9,7,11,1147,6.658529581007315,"[0.00011019253581563262, 0.0010430195934094538]","[6.97711384175914e-05, 0.000626261047822753]",-0.03179419887336818,100.0,100.0,97,0.0,4.661438980623313e-05,5.106432442661654e-05,2.743405735049282e-11,5.107666382470228e-09,-0.03182676271958785,0.0,0.0
HK,1993,U,9,8,11,1158,6.454072994005401,"[6.97711384175914e-05, 0.000626261047822753]","[3.769253581563263e-05, 0.0002955195934094538]",-0.03205956857312809,100.0,100.0,97,0.0,4.206033339538738e-05,2.517889195339442e-05,2.0962768655149263e-14,2.789429549043089e-12,-0.03208198032595894,0.0,0.0
HK,1993,U,9,9,11,1169,6.579337535978993,"[3.769253581563263e-05, 0.0002955195934094538]","[1.7096805137202738e-05, 8.317050813874548e-05]",-0.03204283169047399,100.0,100.0,97,0.0,3.0381486278036558e-05,3.1233921794957745e-05,7.816660350075035e-15,1.3450747793401252e-12,-0.03206336931748824,0.0,0.0
HK,1993,U,9,10,11,1180,6.60207564997836,"[1.7096805137202738e-05, 8.317050813874548e-05]","[1e-05, 1e-05]",-0.032135783610018814,100.0,100.0,97,0.0,5.6872038178632714e-05,3.043151463993416e-05,3.8191560349448155e-14,5.899184050115672e-12,-0.03216488361358643,0.0,0.0
HK,1993,U,10,1,7,1187,6.615588296001079,"[0.00030000000000000003, 0.003]","[0.0002929031948627973, 0.0029268294918612546]",13.169053252254214,48.45360824742268,69.41580756013745,97,0.0,12.293714121597336,13.236974689222516,8.883975452785123e-16,4.697142979928425,-0.03831976822444371,0.0,0.0
HK,1993,U,10,2,7,1194,3.7932231280137785,"[0.0002929031948627973, 0.0029268294918612546]","[0.0002723074641843674, 0.0027144804065905464]",4.706965731722968,98.96907216494846,98.96907216494846,97,0.0,0.05252551118818311,0.09028373547471347,9.024212639480084e-14,4.697143048048019,-0.03778040579387121,0.0,0.0
HK,1993,U,10,3,7,1201,3.721530978975352,"[0.0002723074641843674, 0.0027144804065905464]","[0.0002402288615824086, 0.0023837389521772475]",4.6760795661913495,99.3127147766323,99.3127147766323,97,0.0,0.025539365597069263,0.028941965728466,2.961033794671639e-12,4.697142979928425,-0.039223814010620126,0.0,0.0
HK,1993,U,10,4,7,1208,3.7176145400153473,"[0.0002402288615824086, 0.0023837389521772475]","[0.00019980746418436736, 0.0019669804065905465]",4.6706888154149055,99.3127147766323,99.3127147766323,97,0.0,0.017876042119626488,0.021215447773491696,2.0573502586913824e-13,4.697143048048019,-0.039484938553401405,0.0,0.0
HK,1993,U,10,5,7,1215,3.6784662530117203,"[0.00019980746418436736, 0.0019669804065905465]","[0.00015499999999999997, 0.001505]",4.6657066866755486,99.3127147766323,99.3127147766323,97,0.0,0.012941859413071402,0.011296379662651037,4.677565460939846e-12,4.697142979928425,-0.039515787363052376,0.0,0.0
HK,1993,U,10,6,7,1222,3.832430562993977,"[0.00015499999999999997, 0.001505]","[0.00011019253581563262, 0.0010430195934094538]",-0.037024435720273426,100.0,100.0,97,0.0,0.005222914624027908,0.004125753808433988,4.037519038793111e-13,7.500682928376397e-12,-0.04014065776552473,0.0,0.0
HK,1993,U,10,7,7,1229,3.626764645014191,"[0.00011019253581563262, 0.0010430195934094538]","[6.97711384175914e-05, 0.000626261047822753]",-0.0357413829437324,100.0,100.0,97,0.0,0.006256814813241363,0.005555532506800124,1.485797919182641e-12,2.107923500323822e-11,-0.03967883161136083,0.0,0.0
HK,1993,U,10,8,7,1236,3.6610862750094384,"[6.97711384175914e-05, 0.000626261047822753]","[3.769253581563263e-05, 0.0002955195934094538]",-0.0375326435480799,100.0,100.0,97,0.0,0.004597590875554098,0.00377873317328132,3.331050116484683e-13,7.079890566605002e-12,-0.04032475054264069,0.0,0.0
HK,1993,U,10,9,7,1243,3.6768665419949684,"[3.769253581563263e-05, 0.0002955195934094538]","[1.7096805137202738e-05, 8.317050813874548e-05]",-0.03723050281405449,100.0,100.0,97,0.0,0.004113703359117997,0.0030513002503929393,2.567036769797063e-13,7.313467431112305e-12,-0.039618837833404544,0.0,0.0
HK,1993,U,10,10,7,1250,3.624065290990984,"[1.7096805137202738e-05, 8.317050813874548e-05]","[1e-05, 1e-05]",-0.03831945998328073,100.0,100.0,97,0.0,0.003933491276776684,0.0028889581590192392,4.433293436196325e-13,1.5409080264546975e-11,-0.04059360963957651,0.0,0.0
HK,1993,U,11,1,23,1273,21.958627826999873,"[0.00030000000000000003, 0.003]","[0.0002929031948627973, 0.0029268294918612546]",40.2095776018889,73.17298797409806,83.44125809435708,97,0.0,3.3192903047994426,7.871312572418348,1.1230227127540947e-14,36.5208710172902,-0.04149338058803393,0.0,0.0
HK,1993,U,11,2,23,1296,12.356419657997321,"[0.0002929031948627973, 0.0029268294918612546]","[0.0002723074641843674, 0.0027144804065905464]",36.51359088006227,98.24236817761332,98.24236817761332,97,0.0,0.04840504693920198,0.05755346021412507,5.691361537046188e-16,36.52087072704149,-0.042599482510400855,0.0,0.0
HK,1993,U,11,3,23,1319,12.123983487981604,"[0.0002723074641843674, 0.0027144804065905464]","[0.0002402288615824086, 0.0023837389521772475]",36.496409872303836,98.24236817761332,98.24236817761332,97,0.0,0.020992693774726078,0.0368219075937067,4.755858540029637e-16,36.52087103802225,-0.04373271763324738,0.0,0.0
HK,1993,U,11,4,23,1342,12.036436605005292,"[0.0002402288615824086, 0.0023837389521772475]","[0.00019980746418436736, 0.0019669804065905465]",36.489045889481254,99.53746530989824,99.53746530989824,97,0.0,0.01825973232221061,0.020467549306846668,2.8416558693391326e-16,36.52087120387865,-0.04473439299541971,0.0,0.0
HK,1993,U,11,5,23,1365,11.994358428986743,"[0.00019980746418436736, 0.0019669804065905465]","[0.00015499999999999997, 0.001505]",36.483871586944744,99.62997224791859,99.62997224791859,97,0.0,0.01211411974635785,0.01399221337582592,2.9282362760878296e-15,36.520870872165844,-0.045701768605605424,0.0,0.0
HK,1993,U,11,6,23,1388,12.045642173005035,"[0.00015499999999999997, 0.001505]","[0.00011019253581563262, 0.0010430195934094538]",-0.03791859446336394,99.62997224791859,99.62997224791859,97,0.0,0.010763867167280177,0.014306436776203791,2.0689204022718855e-15,2.957594576726215e-14,-0.04627536185409713,0.0,0.0
HK,1993,U,11,7,23,1411,11.869914234004682,"[0.00011019253581563262, 0.0010430195934094538]","[6.97711384175914e-05, 0.000626261047822753]",-0.0409641110378763,99.90749306197965,99.90749306197965,97,0.0,0.00825292137755162,0.009011735875189872,4.1966153324172673e-16,1.0456089609829531e-14,-0.04671899624492812,0.0,0.0
HK,1993,U,11,8,23,1434,11.973267809982644,"[6.97711384175914e-05, 0.000626261047822753]","[3.769253581563263e-05, 0.0002955195934094538]",-0.04119652266735616,99.90749306197965,99.90749306197965,97,0.0,0.00903930873407618,0.008841110855270095,7.855840449621685e-16,1.2277885724539702e-14,-0.04715666265591332,0.0,0.0
HK,1993,U,11,9,23,1457,11.866843007999705,"[3.769253581563263e-05, 0.0002955195934094538]","[1.7096805137202738e-05, 8.317050813874548e-05]",-0.04147264709615189,99.8149861239593,99.8149861239593,97,0.0,0.008703757123009342,0.008582004958399288,5.334311347775851e-16,7.098232192138227e-15,-0.047234567740689154,0.0,0.0
HK,1993,U,11,10,23,1480,11.876990155025851,"[1.7096805137202738e-05, 8.317050813874548e-05]","[1e-05, 1e-05]",-0.04215211081116096,99.72247918593895,99.72247918593895,97,0.0,0.008131089835407456,0.007749069046796016,3.3086254033526256e-15,4.3989416484678054e-14,-0.04744549600974373,0.0,0.0
HK,1993,R,1,1,14,14,12.792209214007016,"[0.00030000000000000003, 0.003]","[0.0002929031948627973, 0.0029268294918612546]",2.5077090156929835,99.53917050691244,99.53917050691244,97,0.0,0.054630519564159874,0.021816207265510208,0.32497123761663715,2.383056710341147,-0.009153632340686665,0.0,0.0
HK,1993,R,1,2,14,28,7.103154916985659,"[0.0002929031948627973, 0.0029268294918612546]","[0.0002723074641843674, 0.0027144804065905464]",0.37861448739256176,100.0,100.0,97,0.0,0.0054458041591634665,1.4546299910632245e-08,4.076579169470003e-06,0.3867353232843535,-0.009937471417444095,0.0,0.0
HK,1993,R,1,3,14,42,7.113239902013447,"[0.0002723074641843674, 0.0027144804065905464]","[0.0002402288615824086, 0.0023837389521772475]",0.3771819280726569,100.0,100.0,97,0.0,1.2559376373820287e-07,0.0,9.009329904330343e-08,0.3877629680292947,-0.010581116058996748,0.0,0.0
HK,1993,R,1,4,14,56,7.137091631011572,"[0.0002402288615824086, 0.0023837389521772475]","[0.00019980746418436736, 0.0019669804065905465]",0.2960406664226736,100.0,100.0,97,0.0,4.73246368125148e-08,0.0,7.166011266284451e-07,0.307292813701289,-0.011252393679959434,0.0,0.0
HK,1993,R,1,5,14,70,7.055459181021433,"[0.00019980746418436736, 0.0019669804065905465]","[0.00015499999999999997, 0.001505]",0.15176399584327424,100.0,100.0,97,0.0,5.745595361388618e-08,0.0,1.0296634595111494e-06,0.1636857810829367,-0.01192214728466102,0.0,0.0
HK,1993,R,1,6,14,84,7.3432437279843725,"[0.00015499999999999997, 0.001505]","[0.00011019253581563262, 0.0010430195934094538]",4.51911351889638,100.0,100.0,97,0.0,9.561503718938777e-08,0.0,1.0385173996699645e-05,4.531477965614093,-0.0123680552733796,0.0,0.0
HK,1993,R,1,7,14,98,7.271405388979474,"[0.00011019253581563262, 0.0010430195934094538]","[6.97711384175914e-05, 0.000626261047822753]",0.8408721973121699,100.0,100.0,97,0.0,3.951955524732804e-08,0.0,-5.872754463500879e-08,0.8534880276630312,-0.012615831781710897,0.0,0.0
HK,1993,R,1,8,14,112,7.360818360990379,"[6.97711384175914e-05, 0.000626261047822753]","[3.769253581563263e-05, 0.0002955195934094538]",0.2974191331637225,100.0,100.0,97,0.0,1.9730216476483113e-08,0.0,-6.00792139366938e-08,0.3103338485559724,-0.012914701710854256,0.0,0.0
HK,1993,R,1,9,14,126,7.363835678988835,"[3.769253581563263e-05, 0.0002955195934094538]","[1.7096805137202738e-05, 8.317050813874548e-05]",0.24611890249486482,100.0,100.0,97,0.0,9.40191791087841e-09,0.0,6.218734136732415e-08,0.2592253174362611,-0.013106441657458032,0.0,0.0
HK,1993,R,1,10,14,140,7.295747020980343,"[1.7096805137202738e-05, 8.317050813874548e-05]","[1e-05, 1e-05]",0.1361167214345187,100.0,100.0,97,0.0,3.760734270029177e-08,0.0,-8.931655482234493e-08,0.14911807452845746,-0.01300134158560208,0.0,0.0
HK,1993,R,2,1,18,158,16.197294484009035,"[0.00030000000000000003, 0.003]","[0.0002929031948627973, 0.0029268294918612546]",5.01003016365899,89.52496954933008,97.6857490864799,97,0.0,3.3282218509250217,0.9791021757345233,6.687004524157909,0.9379916534655623,-0.011474852967593405,0.41873685426912427,1.0
HK,1993,R,2,2,18,176,9.134202265006024,"[0.0002929031948627973, 0.0029268294918612546]","[0.0002723074641843674, 0.0027144804065905464]",0.6639410600894027,98.17295980511571,98.29476248477467,97,0.0,0.15643962437682843,0.04389792140754404,3.329875298739908e-09,0.456111129373312,-0.012478413184483846,0.15352916415276063,1.0
HK,1993,R,2,3,18,194,9.259671557985712,"[0.0002723074641843674, 0.0027144804065905464]","[0.0002402288615824086, 0.0023837389521772475]",0.44464328864382374,100.0,100.0,97,0.0,1.6557902625891074e-05,2.673122655230367e-05,2.0684649758571928e-11,0.456111129373312,-0.013578235896097291,0.0020959694488611705,1.0
HK,1993,R,2,4,18,212,8.999856986978557,"[0.0002402288615824086, 0.0023837389521772475]","[0.00019980746418436736, 0.0019669804065905465]",0.44775344617664814,100.0,100.0,97,0.0,1.5255229158128714e-05,8.927514512831655e-07,2.3768153094391036e-11,0.456111129373312,-0.014214491347471872,0.005851435521536687,1.0
HK,1993,R,2,5,18,230,9.121313399024075,"[0.00019980746418436736, 0.0019669804065905465]","[0.00015499999999999997, 0.001505]",0.44260141998529434,100.0,100.0,97,0.0,1.5130001561737396e-05,1.1139949847027708e-06,1.314486197168065e-10,0.456111129373312,-0.014819731480545467,0.0013046076800391246,1.0
HK,1993,R,2,6,18,248,8.872067869000603,"[0.00015499999999999997, 0.001505]","[0.00011019253581563262, 0.0010430195934094538]",-0.012452851308302747,100.0,100.0,97,0.0,0.0003256996990425402,3.3443135419000373e-07,1.2364330482614509e-11,3.9625323035154104e-08,-0.015529010196526844,0.002967441325836262,1.0
HK,1993,R,2,7,18,266,8.936538968002424,"[0.00011019253581563262, 0.0010430195934094538]","[6.97711384175914e-05, 0.000626261047822753]",-0.015650664352708392,100.0,100.0,97,0.0,0.00016054065638905336,1.020079554825415e-06,4.690552582527742e-11,2.0491738351693623e-08,-0.016030449916919078,0.00032591179110062914,1.0
HK,1993,R,2,8,18,284,8.869423361000372,"[6.97711384175914e-05, 0.000626261047822753]","[3.769253581563263e-05, 0.0002955195934094538]",-0.015588847765078148,100.0,100.0,97,0.0,6.211610074223649e-05,3.092561708569382e-06,6.663122277265831e-11,3.199266032649639e-08,-0.01628335441152255,0.0006727386060245206,1.0
HK,1993,R,2,9,18,302,8.910776933014859,"[3.769253581563263e-05, 0.0002955195934094538]","[1.7096805137202738e-05, 8.317050813874548e-05]",-0.013939405739721324,100.0,100.0,97,0.0,0.00048693677193354133,3.6994556414556476e-06,6.20688047591145e-10,2.3048005046637542e-08,-0.01662742793560028,0.002524453751700801,1.0
HK,1993,R,2,10,18,320,9.197830938996049,"[1.7096805137202738e-05, 8.317050813874548e-05]","[1e-05, 1e-05]",-0.010954448487609625,100.0,100.0,97,0.0,0.00015219436962215442,1.1674369369737054e-06,9.343557526340662e-11,1.0097291669202486e-07,-0.016617100768619116,0.005611430616934538,1.0
HK,1993,R,3,1,21,341,19.59394578798674,"[0.00030000000000000003, 0.003]","[0.0002929031948627973, 0.0029268294918612546]",2.2078242344515666,86.45937813440321,91.97592778335004,97,0.0,1.2416417636975114,1.8795218125246937,1.3084525285536383e-07,0.47476192173503695,-0.01881322945867266,0.35574380772387876,2.0
HK,1993,R,3,2,21,362,10.991462440986652,"[0.0002929031948627973, 0.0029268294918612546]","[0.0002723074641843674, 0.0027144804065905464]",1.9877931759470986,99.19759277833501,99.89969909729187,97,0.0,0.014291744317608405,0.039239661874746576,1.4225205969375578e-16,0.47476192315419513,-0.02017093747854233,0.7576791971736211,2.0
HK,1993,R,3,3,21,383,10.802774992014747,"[0.0002723074641843674, 0.0027144804065905464]","[0.0002402288615824086, 0.0023837389521772475]",0.7405665942600795,96.99097291875627,98.49548645937813,97,0.0,0.009390412874507788,0.12860307078220104,2.713279286075239e-16,0.47476192315419513,-0.021274658186095103,0.12054075641611105,2.0
HK,1993,R,3,4,21,404,10.830235321016517,"[0.0002402288615824086, 0.0023837389521772475]","[0.00019980746418436736, 0.0019669804065905465]",2.3663588606175923,99.5987963891675,99.79939819458374,97,0.0,0.0005691039733883534,0.007579836023607879,1.2013595819016835e-16,0.47476192315419513,-0.022352094735418045,0.9556163743139959,2.0
HK,1993,R,3,5,21,425,11.070085212006234,"[0.00019980746418436736, 0.0019669804065905465]","[0.00015499999999999997, 0.001505]",0.7567373514175415,100.0,100.0,97,0.0,0.009187060532605344,0.0004155315096649591,8.703343298113641e-16,0.47476192315419513,-0.02330431810447148,0.15103944412304113,2.0
HK,1993,R,3,6,21,446,11.202180132997455,"[0.00015499999999999997, 0.001505]","[0.00011019253581563262, 0.0010430195934094538]",0.0013213314648185457,100.0,100.0,97,0.0,8.537933059588319e-05,1.2567068652168972e-05,6.69662938514782e-16,9.020100827746867e-16,-0.023965990969112942,0.01262733690358194,2.0
HK,1993,R,3,7,21,467,11.12937876500655,"[0.00011019253581563262, 0.0010430195934094538]","[6.97711384175914e-05, 0.000626261047822753]",-0.024167884407298907,100.0,100.0,97,0.0,0.0002427012555667066,2.25693039943681e-05,1.7140955416272657e-16,3.2971059004810127e-16,-0.024612564061369215,0.00017812816237156292,2.0
HK,1993,R,3,8,21,488,11.007443203998264,"[6.97711384175914e-05, 0.000626261047822753]","[3.769253581563263e-05, 0.0002955195934094538]",-0.024628828944904462,100.0,100.0,97,0.0,0.00027930044104453245,5.106455827785794e-05,4.211039133152936e-16,9.23012725717185e-16,-0.024947765327635266,0.00010440743491406985,2.0
HK,1993,R,3,9,21,509,10.933160989981843,"[3.769253581563263e-05, 0.0002955195934094538]","[1.7096805137202738e-05, 8.317050813874548e-05]",-0.02497064419800327,100.0,100.0,97,0.0,9.953312421982576e-05,1.1565067047009897e-05,9.858834606898042e-16,1.465272558195236e-15,-0.025128402738344106,6.0362943129023605e-05,2.0
HK,1993,R,3,10,21,530,10.815553319000173,"[1.7096805137202738e-05, 8.317050813874548e-05]","[1e-05, 1e-05]",-0.02466852350958756,100.0,100.0,97,0.0,0.0011494610618163798,6.328839694853221e-05,1.8387221438206148e-16,4.082282034753048e-16,-0.02517096038375582,4.9093678431485645e-05,2.0
HK,1993,R,4,1,14,544,13.197622414998477,"[0.00030000000000000003, 0.003]","[0.0002929031948627973, 0.0029268294918612546]",19.249715711389268,76.61169415292353,95.05247376311844,97,0.0,1.2398961335420609,1.6143841869197786,1.4616646385868737e-15,16.888572147914342,-0.021383477321692875,0.47703345726352253,3.0
HK,1993,R,4,2,14,558,7.638453102990752,"[0.0002929031948627973, 0.0029268294918612546]","[0.0002723074641843674, 0.0027144804065905464]",20.322825069938386,67.9160419790105,96.7016491754123,97,0.0,0.26491092557885815,1.7360910902331983,3.6208535541987657e-16,16.88857184137617,-0.02219625615647861,0.9298162284706321,3.0
HK,1993,R,4,3,14,572,7.333258544007549,"[0.0002723074641843674, 0.0027144804065905464]","[0.0002402288615824086, 0.0023837389521772475]",17.70647341651576,93.40329835082458,97.0014992503748,97,0.0,0.13817214830853328,0.5650584788443973,2.7301555555581513e-16,16.888572058507375,-0.02294203085558755,0.20214444299095444,3.0
HK,1993,R,4,4,14,586,7.809811900981003,"[0.0002402288615824086, 0.0023837389521772475]","[0.00019980746418436736, 0.0019669804065905465]",16.911827474832535,98.50074962518741,99.2503748125937,97,0.0,0.04025315708297837,0.057147048836538615,2.384093574484321e-16,16.888572113854543,-0.02367357718093055,0.004820790160530513,3.0
HK,1993,R,4,5,14,600,7.464862734021153,"[0.00019980746418436736, 0.0019669804065905465]","[0.00015499999999999997, 0.001505]",16.960544598954066,99.70014992503748,99.85007496251875,97,0.0,0.007424373564260479,0.006844477221810459,1.6574806223468832e-15,16.888571943555558,-0.024249376888786044,0.03048869399312285,3.0
HK,1993,R,4,6,14,614,7.46078461498837,"[0.00015499999999999997, 0.001505]","[0.00011019253581563262, 0.0010430195934094538]",-0.011898853217384644,99.85007496251875,99.85007496251875,97,0.0,0.005638749506033491,0.003468358351840704,1.252495537319678e-15,2.3377925267876495e-15,-0.024780808602060594,0.0032820843147679363,3.0
HK,1993,R,4,7,14,628,7.372198408993427,"[0.00011019253581563262, 0.0010430195934094538]","[6.97711384175914e-05, 0.000626261047822753]",-0.021315219080341712,100.0,100.0,97,0.0,0.0026895453691914944,0.002309614755046953,3.480510635630588e-16,7.051775570602107e-16,-0.025183336330311636,0.0007339101721299812,3.0
HK,1993,R,4,8,14,642,7.4377839409862645,"[6.97711384175914e-05, 0.000626261047822753]","[3.769253581563263e-05, 0.0002955195934094538]",-0.02167969829003726,100.0,100.0,97,0.0,0.003367145490171554,0.0025953857735398094,7.436052994054964e-16,1.694358880256748e-15,-0.025255164184740612,0.0005293186493093215,3.0
HK,1993,R,4,9,14,656,7.815837695990922,"[3.769253581563263e-05, 0.0002955195934094538]","[1.7096805137202738e-05, 8.317050813874548e-05]",-0.021430890724462057,99.85007496251875,99.85007496251875,97,0.0,0.005048468048958706,0.0034786448730821057,2.789899912673364e-16,5.654097586785465e-16,-0.025451858873878207,0.0003928658053545015,3.0
HK,1993,R,4,10,14,670,7.449387095985003,"[1.7096805137202738e-05, 8.317050813874548e-05]","[1e-05, 1e-05]",-0.022592366939144477,99.85007496251875,100.0,97,0.0,0.0011898278628775319,0.002868672022097079,2.7445982399250716e-15,6.949624480651672e-15,-0.025540523124592648,0.0005317744258458593,3.0
HK,1993,R,5,1,2,672,3.358301346015651,"[0.00030000000000000003, 0.003]","[0.0002929031948627973, 0.0029268294918612546]",279.3408889770508,0.0,34.61538461538461,97,0.0,8.910022974014282,10.534266471862793,8.94459662003661e-17,260.0,-0.026260191202163698,3.2214320485363714,4.0
HK,1993,R,5,2,2,674,1.7005104709824082,"[0.0002929031948627973, 0.0029268294918612546]","[0.0002723074641843674, 0.0027144804065905464]",283.79583740234375,65.38461538461539,65.38461538461539,97,0.0,3.0731568336486816,6.655198693275452,1.5123282341531982e-17,260.0,-0.025342570245265962,5.1445958614349365,4.0
HK,1993,R,5,3,2,676,1.7131760470219888,"[0.0002723074641843674, 0.0027144804065905464]","[0.0002402288615824086, 0.0023837389521772475]",272.45653915405273,0.0,65.38461538461539,97,0.0,7.659754753112793,14.137741565704346,4.60505674659563e-15,260.0,-0.02601509690284729,1.3041797876358032,4.0
HK,1993,R,5,4,2,678,1.6711301320174243,"[0.0002402288615824086, 0.0023837389521772475]","[0.00019980746418436736, 0.0019669804065905465]",271.61573791503906,0.0,71.15384615384616,97,0.0,9.822091579437256,21.918956756591797,1.1833648040175321e-14,260.0,-0.02338281273841858,0.2646885775029659,4.0
HK,1993,R,5,5,2,680,1.6951362359977793,"[0.00019980746418436736, 0.0019669804065905465]","[0.00015499999999999997, 0.001505]",272.4698009490967,0.0,100.0,97,0.0,9.743040084838867,26.64140033721924,3.612222260681838e-15,260.0,-0.02556731700897217,0.09180708229541779,4.0
HK,1993,R,5,6,2,682,1.7305171840125695,"[0.00015499999999999997, 0.001505]","[0.00011019253581563262, 0.0010430195934094538]",11.520846366882324,0.0,100.0,97,0.0,5.850407838821411,26.71343421936035,1.5093895708023464e-15,9.364747626623526e-16,-0.025575870275497438,0.17295193672180176,4.0
HK,1993,R,5,7,2,684,1.7141902960138395,"[0.00011019253581563262, 0.0010430195934094538]","[6.97711384175914e-05, 0.000626261047822753]",8.517853498458862,0.0,98.07692307692308,97,0.0,4.438583135604858,21.04614543914795,1.4175295279459533e-14,8.7952110241052e-15,-0.025564250349998475,0.012127000372856855,4.0
HK,1993,R,5,8,2,686,1.6418315329938196,"[6.97711384175914e-05, 0.000626261047822753]","[3.769253581563263e-05, 0.0002955195934094538]",6.270111083984375,0.0,98.07692307692308,97,0.0,2.268923044204712,16.539841651916504,1.8663696867846237e-14,1.158556875203041e-14,-0.02597295641899109,0.006623949855566025,4.0
HK,1993,R,5,9,2,688,1.737764371006051,"[3.769253581563263e-05, 0.0002955195934094538]","[1.7096805137202738e-05, 8.317050813874548e-05]",5.397974729537964,0.0,100.0,97,0.0,2.215524673461914,13.870360374450684,3.7260607602651874e-14,2.318972128315668e-14,-0.026304143667221072,0.015579315600916743,4.0
HK,1993,R,5,10,2,690,1.6700790759932715,"[1.7096805137202738e-05, 8.317050813874548e-05]","[1e-05, 1e-05]",4.838230609893799,0.0,98.07692307692308,97,0.0,1.6936487555503845,12.48647928237915,2.1890541479572317e-16,1.3858612437726497e-16,-0.024329792708158493,0.03396263159811497,4.0
HK,1993,R,6,1,16,706,14.562005109997699,"[0.00030000000000000003, 0.003]","[0.0002929031948627973, 0.0029268294918612546]",60.003204584121704,49.799196787148595,83.13253012048193,97,0.0,2.140302646905184,4.451439207419753,6.602248085099579e-16,53.53875243663788,-0.028638689406216146,0.8591683973791078,5.0
HK,1993,R,6,2,16,722,8.081478815991431,"[0.0002929031948627973, 0.0029268294918612546]","[0.0002723074641843674, 0.0027144804065905464]",70.02944242954254,28.781793842034805,46.4524765729585,97,0.0,2.241548553109169,9.077289298176765,4.044624617420379e-15,53.53875172138214,-0.0294599324464798,2.549440865404904,5.0
HK,1993,R,6,3,16,738,8.270936716988217,"[0.0002723074641843674, 0.0027144804065905464]","[0.0002402288615824086, 0.0023837389521772475]",66.71580362319946,47.12182061579652,54.08299866131191,97,0.0,1.0202945033088326,4.797946906648576,7.333541200945963e-16,53.53875148296356,-0.030379344150424006,2.253603268414736,5.0
HK,1993,R,6,4,16,754,8.200357227993663,"[0.0002402288615824086, 0.0023837389521772475]","[0.00019980746418436736, 0.0019669804065905465]",66.86243438720703,43.77510040160642,65.99732262382865,97,0.0,2.5340136396698654,3.880649016238749,1.2468980715183733e-13,53.538751274347305,-0.03110090922564268,2.2433126089163125,5.0
HK,1993,R,6,5,16,770,8.324116026022239,"[0.00019980746418436736, 0.0019669804065905465]","[0.00015499999999999997, 0.001505]",59.958093881607056,57.697456492637215,89.2904953145917,97,0.0,2.158256324008107,2.470043556764722,2.451254918323601e-15,53.538752138614655,-0.03175524547696114,0.9816659078933299,5.0
HK,1993,R,6,6,16,786,8.35101007000776,"[0.00015499999999999997, 0.001505]","[0.00011019253581563262, 0.0010430195934094538]",3.4743643291294575,64.92637215528782,91.03078982597054,97,0.0,0.788096196949482,1.572943699080497,6.114805271287421e-16,2.048460417045619e-15,-0.03243685364723206,0.5439575691707432,5.0
HK,1993,R,6,7,16,802,8.21043957301299,"[0.00011019253581563262, 0.0010430195934094538]","[6.97711384175914e-05, 0.000626261047822753]",2.851298300549388,74.8326639892905,89.69210174029452,97,0.0,0.7757490901276469,0.7178509840741754,6.101860959825251e-16,2.1140444730220842e-15,-0.032879354618489745,0.4772621843731031,5.0
HK,1993,R,6,8,16,818,8.23532213899307,"[6.97711384175914e-05, 0.000626261047822753]","[3.769253581563263e-05, 0.0002955195934094538]",0.6985792275518179,89.0227576974565,89.5582329317269,97,0.0,0.34400076791644096,0.39454135298728943,1.522760188769235e-14,8.14115374633769e-14,-0.03312109243124724,0.09710391965927556,5.0
HK,1993,R,6,9,16,834,8.306056309025735,"[3.769253581563263e-05, 0.0002955195934094538]","[1.7096805137202738e-05, 8.317050813874548e-05]",0.47783428244292736,88.75502008032129,88.75502008032129,97,0.0,0.3513694563880563,0.3678701175376773,7.612616047801577e-16,4.261973379510118e-15,-0.033296295814216136,0.054276809096336365,5.0
HK,1993,R,6,10,16,850,8.927207221015124,"[1.7096805137202738e-05, 8.317050813874548e-05]","[1e-05, 1e-05]",0.5576513390988111,88.62115127175367,88.62115127175367,97,0.0,0.3492974145337939,0.35403468925505877,2.0238268371627002e-15,1.6265237067248798e-14,-0.03333839457482099,0.07130913739092648,5.0
HK,1993,R,7,1,8,858,8.505903240002226,"[0.00030000000000000003, 0.003]","[0.0002929031948627973, 0.0029268294918612546]",14.842591285705566,37.99472295514512,57.519788918205805,97,0.0,2.8441265895962715,4.148085132241249,1.8823833125355993e-12,0.4737500175833702,-0.03193671964108944,2.011673476547003,6.0
HK,1993,R,7,2,8,866,4.798547387006693,"[0.0002929031948627973, 0.0029268294918612546]","[0.0002723074641843674, 0.0027144804065905464]",15.169019222259521,8.443271767810026,47.75725593667546,97,0.0,2.6627537459135056,6.45165279507637,4.92526346469964e-13,0.4737500175833702,-0.032309656590223314,1.9482405260205269,6.0
HK,1993,R,7,3,8,874,4.9538696499948855,"[0.0002723074641843674, 0.0027144804065905464]","[0.0002402288615824086, 0.0023837389521772475]",9.57453167438507,17.41424802110818,45.382585751978894,97,0.0,2.134988158941269,4.861579775810242,1.0001549471293702e-13,0.4737500175833702,-0.03295524641871453,1.1335912495851517,6.0
HK,1993,R,7,4,8,882,4.767424168996513,"[0.0002402288615824086, 0.0023837389521772475]","[0.00019980746418436736, 0.0019669804065905465]",8.173663079738617,40.36939313984169,48.812664907651715,97,0.0,1.624749667942524,2.7407537698745728,2.328649298559438e-12,0.4737500175833702,-0.03329958282411098,1.0463408343493938,6.0
HK,1993,R,7,5,8,890,4.726199841010384,"[0.00019980746418436736, 0.0019669804065905465]","[0.00015499999999999997, 0.001505]",5.676289498806,31.13456464379947,52.5065963060686,97,0.0,1.8924295455217361,2.985145851969719,3.715914052850658e-13,0.4737500175833702,-0.03361694701015949,0.601716298609972,6.0
HK,1993,R,7,6,8,898,5.010025700001279,"[0.00015499999999999997, 0.001505]","[0.00011019253581563262, 0.0010430195934094538]",7.092113435268402,43.007915567282325,51.715039577836414,97,0.0,1.968562126159668,2.3431233912706375,6.120469317098919e-13,1.1341336091614471e-12,-0.033752357587218285,0.9481062181293964,6.0
HK,1993,R,7,7,8,906,4.729369840002619,"[0.00011019253581563262, 0.0010430195934094538]","[6.97711384175914e-05, 0.000626261047822753]",4.4522072076797485,38.78627968337731,53.82585751978892,97,0.0,2.1326356381177902,2.275669053196907,4.45892222147951e-14,8.133381460191137e-14,-0.03393510058522225,0.502784563228488,6.0
HK,1993,R,7,8,8,914,4.953114972013282,"[6.97711384175914e-05, 0.000626261047822753]","[3.769253581563263e-05, 0.0002955195934094538]",7.186281621456146,53.562005277044854,68.3377308707124,97,0.0,2.055969849228859,1.981156349182129,3.551774087916122e-13,8.710343439928111e-13,-0.03412586338818073,0.9791164398193359,6.0
HK,1993,R,7,9,8,922,4.885681791987736,"[3.769253581563263e-05, 0.0002955195934094538]","[1.7096805137202738e-05, 8.317050813874548e-05]",3.1482215523719788,51.187335092348285,56.72823218997362,97,0.0,1.7072797268629074,1.2764706537127495,8.405830988074489e-14,1.5620529330757198e-13,-0.034266655892133714,0.36465078592300415,6.0
HK,1993,R,7,10,8,930,4.796374527999433,"[1.7096805137202738e-05, 8.317050813874548e-05]","[1e-05, 1e-05]",4.343375355005264,66.49076517150395,68.07387862796834,97,0.0,1.4425513446331024,0.8839620053768158,1.3975588449244788e-13,2.7273751300398653e-13,-0.03425096645951271,0.6003536470234394,6.0
HK,1993,R,8,1,14,944,15.153829608985689,"[0.00030000000000000003, 0.003]","[0.0002929031948627973, 0.0029268294918612546]",36.6005870274135,65.6786271450858,91.88767550702028,97,0.0,0.7579173706305612,1.6781436590962195,4.222839282301458e-14,4.739285873515265,-0.02822960955756051,4.439644366502762,7.0
HK,1993,R,8,2,14,958,8.610393719020067,"[0.0002929031948627973, 0.0029268294918612546]","[0.0002723074641843674, 0.0027144804065905464]",38.080901690891814,22.932917316692667,99.06396255850234,97,0.0,2.963812814044234,6.662067621045675,2.740374175550847e-13,4.739285873515265,-0.028993312375886097,4.3088545969554355,7.0
HK,1993,R,8,3,14,972,8.45979352699942,"[0.0002723074641843674, 0.0027144804065905464]","[0.0002402288615824086, 0.0023837389521772475]",15.626788343702044,95.47581903276131,99.06396255850234,97,0.0,0.3683286861383489,0.49352375336457044,1.8837783161680405e-13,4.739285873515265,-0.029821953390325815,1.5185771329062325,7.0
HK,1993,R,8,4,14,986,8.537717236002209,"[0.0002402288615824086, 0.0023837389521772475]","[0.00019980746418436736, 0.0019669804065905465]",19.835112503596715,55.07020280811233,94.69578783151326,97,0.0,1.4933948897856422,1.7484418954762597,2.2445306430103422e-13,4.739285873515265,-0.030285220273903433,2.006499877997807,7.0
HK,1993,R,8,5,14,1000,8.439708110003266,"[0.00019980746418436736, 0.0019669804065905465]","[0.00015499999999999997, 0.001505]",40.300587109157014,57.8783151326053,97.65990639625585,97,0.0,3.77800449975101,2.022596298037261,5.252643080647001e-14,4.739285873515265,-0.03099238957677569,4.808394185134342,7.0
HK,1993,R,8,6,14,1014,8.672901484009344,"[0.00015499999999999997, 0.001505]","[0.00011019253581563262, 0.0010430195934094538]",25.529514721461705,81.59126365054603,91.88767550702028,97,0.0,1.0695766311671053,0.5553492089467389,7.413417511002619e-13,4.546298407616119e-12,-0.031480193563870024,3.574193298816681,7.0
HK,1993,R,8,7,14,1028,8.690432520001195,"[0.00011019253581563262, 0.0010430195934094538]","[6.97711384175914e-05, 0.000626261047822753]",18.88733278002058,94.53978159126365,99.06396255850234,97,0.0,0.3201448834900345,0.33744441880844533,1.0289907837941857e-12,6.176343123142077e-12,-0.03184389280421392,2.6714257768222263,7.0
HK,1993,R,8,8,14,1042,8.612583467998775,"[6.97711384175914e-05, 0.000626261047822753]","[3.769253581563263e-05, 0.0002955195934094538]",15.208791085651942,98.90795631825273,99.06396255850234,97,0.0,0.5432163093771253,0.21028401689337833,8.314089930398831e-13,3.4232199135331167e-12,-0.03214409202337265,2.1413955049855367,7.0
HK,1993,R,8,9,14,1056,8.625725778983906,"[3.769253581563263e-05, 0.0002955195934094538]","[1.7096805137202738e-05, 8.317050813874548e-05]",9.844388382775444,98.90795631825273,99.06396255850234,97,0.0,0.44734186998435427,0.27087849591459545,6.349937407712146e-13,1.8025056476796698e-12,-0.032225685885974346,1.3767439126968384,7.0
HK,1993,R,8,10,14,1070,8.55610820199945,"[1.7096805137202738e-05, 8.317050813874548e-05]","[1e-05, 1e-05]",8.844882828848702,98.90795631825273,99.06396255850234,97,0.0,0.4166323372295925,0.17725351452827454,4.1703925134995384e-13,1.1152546664816995e-12,-0.032346933015755246,1.239895420415061,7.0
HK,1993,R,9,1,11,1081,12.469307810009923,"[0.00030000000000000003, 0.003]","[0.0002929031948627973, 0.0029268294918612546]",53.350719625299625,31.37651821862348,69.63562753036437,97,0.0,3.8399159371224623,8.237294728547319,2.1750938383091192e-11,5.898182015527379,-0.029162610389969566,5.431995435194536,8.0
HK,1993,R,9,2,11,1092,6.947297789010918,"[0.0002929031948627973, 0.0029268294918612546]","[0.0002723074641843674, 0.0027144804065905464]",121.40833941372958,38.25910931174089,81.78137651821862,97,0.0,3.6893135221167044,11.284354209899902,1.4113368422216471e-11,5.898182015527379,-0.02965795045549219,13.81857425516302,8.0
HK,1993,R,9,3,11,1103,6.926706229016418,"[0.0002723074641843674, 0.0027144804065905464]","[0.0002402288615824086, 0.0023837389521772475]",63.308070096102625,0.0,61.1336032388664,97,0.0,8.062261538072066,17.762403271415018,9.599489389153226e-12,5.898182015527379,-0.03013398457657207,6.103975035927513,8.0
HK,1993,R,9,4,11,1114,6.881331671989756,"[0.0002402288615824086, 0.0023837389521772475]","[0.00019980746418436736, 0.0019669804065905465]",36.190232190218836,89.27125506072875,98.78542510121457,97,0.0,0.21333897784775632,0.47797299572928087,2.6521024577545644e-12,5.898182015527379,-0.030845993757247926,3.7615572755986992,8.0
HK,1993,R,9,5,11,1125,7.0404052899975795,"[0.00019980746418436736, 0.0019669804065905465]","[0.00015499999999999997, 0.001505]",48.556404460560195,43.31983805668016,98.78542510121457,97,0.0,3.098070030915551,2.7577278215738428,8.988179082061305e-10,5.898182058876211,-0.03120125261220065,5.092186342586171,8.0
HK,1993,R,9,6,11,1136,6.977094700996531,"[0.00015499999999999997, 0.001505]","[0.00011019253581563262, 0.0010430195934094538]",19.690479712052777,71.05263157894737,98.78542510121457,97,0.0,2.1121044526384636,1.0799163614415606,7.440147453073023e-13,5.150705880786439e-12,-0.03180666592988101,2.332284938205372,8.0
HK,1993,R,9,7,11,1147,6.812851363996742,"[0.00011019253581563262, 0.0010430195934094538]","[6.97711384175914e-05, 0.000626261047822753]",51.284723628651015,51.821862348178136,97.36842105263158,97,0.0,2.2490358726883475,1.8367925106748855,1.9902310065741403e-10,8.783700138164874e-10,-0.03182676271958785,6.244325919584795,8.0
HK,1993,R,9,8,11,1158,7.061512611981016,"[6.97711384175914e-05, 0.000626261047822753]","[3.769253581563263e-05, 0.0002955195934094538]",20.52795869653875,55.465587044534416,90.08097165991903,97,0.0,1.9704260731285268,1.6397782000289722,2.364773868733429e-13,7.865594057789469e-13,-0.03208198032595894,2.4195799177343194,8.0
HK,1993,R,9,9,11,1169,6.951583940011915,"[3.769253581563263e-05, 0.0002955195934094538]","[1.7096805137202738e-05, 8.317050813874548e-05]",36.22604907642711,97.97570850202429,98.78542510121457,97,0.0,0.6268879134546627,0.37396723844788293,1.5211628675453035e-13,5.858134220298833e-13,-0.03206336931748824,4.4905617237091064,8.0
HK,1993,R,9,10,11,1180,6.928680355020333,"[1.7096805137202738e-05, 8.317050813874548e-05]","[1e-05, 1e-05]",19.267482237382367,95.54655870445345,98.78542510121457,97,0.0,1.1781837289983577,0.7541240751743317,9.487247726714583e-13,2.2133195219747334e-12,-0.03216488361358643,2.3319430351257324,8.0
HK,1993,R,10,1,7,1187,6.89036863099318,"[0.00030000000000000003, 0.003]","[0.0002929031948627973, 0.0029268294918612546]",78.56239754813058,67.35395189003437,93.12714776632302,97,0.0,1.569591250270605,1.5043056681752205,3.082478790832864e-13,4.697142979928425,-0.03831976822444371,8.097660166876656,9.0
HK,1993,R,10,2,7,1194,4.024913818022469,"[0.0002929031948627973, 0.0029268294918612546]","[0.0002723074641843674, 0.0027144804065905464]",128.08968680245536,16.49484536082474,98.96907216494846,97,0.0,1.776155715891426,6.969761245551386,1.6850066682509774e-12,4.697143048048019,-0.03778040579387121,13.3905576978411,9.0
HK,1993,R,10,3,7,1201,3.9278051599976607,"[0.0002723074641843674, 0.0027144804065905464]","[0.0002402288615824086, 0.0023837389521772475]",94.03335244315011,20.61855670103093,97.2508591065292,97,0.0,1.0330341437033244,4.412631865058627,8.406725768673657e-12,4.697142979928425,-0.039223814010620126,9.728912421635219,9.0
HK,1993,R,10,4,7,1208,3.934830176993273,"[0.0002402288615824086, 0.0023837389521772475]","[0.00019980746418436736, 0.0019669804065905465]",110.97534724644252,37.45704467353952,98.96907216494846,97,0.0,1.186109711183235,1.496749953433339,1.1339803619481429e-12,4.697143048048019,-0.039484938553401405,11.71371146610805,9.0
HK,1993,R,10,5,7,1215,3.8462211150035728,"[0.00019980746418436736, 0.0019669804065905465]","[0.00015499999999999997, 0.001505]",59.338949475969585,4.4673539518900345,98.96907216494846,97,0.0,2.9945689950670515,2.611273373876299,1.0669622426852143e-11,4.697142979928425,-0.039515787363052376,5.868078708648682,9.0
HK,1993,R,10,6,7,1222,3.9233990810171235,"[0.00015499999999999997, 0.001505]","[0.00011019253581563262, 0.0010430195934094538]",57.33110754830496,89.69072164948453,98.96907216494846,97,0.0,0.768896011369569,0.32452974787780214,6.258742449866942e-13,2.1991512427161192e-12,-0.04014065776552473,6.334085873195103,9.0
HK,1993,R,10,7,7,1229,3.8859565379971173,"[0.00011019253581563262, 0.0010430195934094538]","[6.97711384175914e-05, 0.000626261047822753]",52.53126198904855,61.16838487972509,98.96907216494846,97,0.0,1.1212354728153773,1.1246190582002913,2.8153699806793643e-12,6.9095809581722834e-12,-0.03967883161136083,5.758035796029227,9.0
HK,1993,R,10,8,7,1236,3.7999215009913314,"[6.97711384175914e-05, 0.000626261047822753]","[3.769253581563263e-05, 0.0002955195934094538]",35.951541900634766,80.41237113402062,98.96907216494846,97,0.0,1.3947322368621826,0.75817081119333,8.731587142492965e-13,2.3063873202503207e-12,-0.04032475054264069,3.9193590709141324,9.0
HK,1993,R,10,9,7,1243,3.828324595990125,"[3.769253581563263e-05, 0.0002955195934094538]","[1.7096805137202738e-05, 8.317050813874548e-05]",37.741930280412944,95.87628865979381,98.96907216494846,97,0.0,1.5097726242882865,0.4207657298871449,1.1135920597790086e-12,2.3409843332051277e-12,-0.039618837833404544,4.126448358808245,9.0
HK,1993,R,10,10,7,1250,3.8572109790111426,"[1.7096805137202738e-05, 8.317050813874548e-05]","[1e-05, 1e-05]",30.6394100189209,86.5979381443299,98.96907216494846,97,0.0,2.1870433262416293,0.6991948229925973,2.5073247814884453e-12,5.333960038454286e-12,-0.04059360963957651,3.3019915989467075,9.0
HK,1993,R,11,1,23,1273,23.12888248998206,"[0.00030000000000000003, 0.003]","[0.0002929031948627973, 0.0029268294918612546]",94.26189820662789,44.680851063829785,49.306197964847364,97,0.0,2.222599576348844,3.6013246178627014,3.3256605910262615e-15,36.5208710172902,-0.04149338058803393,8.376182203707488,6.666666666666666
HK,1993,R,11,2,23,1296,12.806402696005534,"[0.0002929031948627973, 0.0029268294918612546]","[0.0002723074641843674, 0.0027144804065905464]",65.04567104837169,39.77798334875116,90.37927844588344,97,0.0,2.872622465957766,4.6401582580545675,1.1986047776877638e-15,36.52087072704149,-0.042599482510400855,3.909471035003662,6.666666666666666
HK,1993,R,11,3,23,1319,13.141654753999319,"[0.0002723074641843674, 0.0027144804065905464]","[0.0002402288615824086, 0.0023837389521772475]",67.29298666249151,53.74653098982424,91.48936170212765,97,0.0,2.074781106218048,3.4819036774013354,1.5021713658341035e-15,36.52087103802225,-0.04373271763324738,4.344543187514596,6.666666666666666
HK,1993,R,11,4,23,1342,12.941645678976784,"[0.0002402288615824086, 0.0023837389521772475]","[0.00019980746418436736, 0.0019669804065905465]",73.58956527709961,81.313598519889,90.10175763182238,97,0.0,0.9165510107641635,0.7650015321762665,4.2843281451175345e-16,36.52087120387865,-0.04473439299541971,5.482936910960985,6.666666666666666
HK,1993,R,11,5,23,1365,13.235322089982219,"[0.00019980746418436736, 0.0019669804065905465]","[0.00015499999999999997, 0.001505]",70.03164954807447,87.4190564292322,87.6040703052729,97,0.0,0.32270013954004517,0.39314146728619287,3.408894986108973e-15,36.520870872165844,-0.045701768605605424,4.9976801250291905,6.666666666666666
HK,1993,R,11,6,23,1388,13.021559253014857,"[0.00015499999999999997, 0.001505]","[0.00011019253581563262, 0.0010430195934094538]",17.10459908195164,93.8945420906568,93.8945420906568,97,0.0,0.13364701742387336,0.1444750966342247,2.2913641341636436e-15,6.5511881097259026e-15,-0.04627536185409713,2.5587251290031103,6.666666666666666
HK,1993,R,11,7,23,1411,13.360861970984843,"[0.00011019253581563262, 0.0010430195934094538]","[6.97711384175914e-05, 0.000626261047822753]",14.336329708928647,97.3172987974098,97.3172987974098,97,0.0,0.09504560883278432,0.10708892086277837,9.23518143539038e-16,2.0786798306377236e-15,-0.04671899624492812,2.14735063780909,6.666666666666666
HK,1993,R,11,8,23,1434,13.120649602991762,"[6.97711384175914e-05, 0.000626261047822753]","[3.769253581563263e-05, 0.0002955195934094538]",13.655305779498557,97.87234042553192,97.87234042553192,97,0.0,0.0769749456287726,0.07695416373241207,1.1064021011716931e-15,2.3247153807788488e-15,-0.04715666265591332,2.0476729403371396,6.666666666666666
HK,1993,R,11,9,23,1457,13.165270350000355,"[3.769253581563263e-05, 0.0002955195934094538]","[1.7096805137202738e-05, 8.317050813874548e-05]",13.41727003843888,98.05735430157262,98.05735430157262,97,0.0,0.06592818495372067,0.06835572340566179,6.635784258507503e-16,1.344322188684259e-15,-0.047234567740689154,2.01296153275863,6.666666666666666
HK,1993,R,11,10,23,1480,13.112417525990168,"[1.7096805137202738e-05, 8.317050813874548e-05]","[1e-05, 1e-05]",13.134447512419328,98.61239592969473,98.61239592969473,97,0.0,0.06278091280356697,0.06550521452141844,4.296253681566534e-15,8.798280262338237e-15,-0.04744549600974373,1.9708696603775024,6.666666666666666
HK,1994,U,1,1,3,3,4.115554897987749,"[0.00030000000000000003, 0.003]","[0.0002929031948627973, 0.0029268294918612546]",42.54573851823807,89.91596638655462,89.91596638655462,97,0.0,0.4358576238155365,0.20582677610218525,26.630909005800884,33.459078807393475,-0.004204356794555982,0.0,0.0
HK,1994,U,1,2,3,6,2.35876584899961,"[0.0002929031948627973, 0.0029268294918612546]","[0.0002723074641843674, 0.0027144804065905464]",2.2975241939226785,99.15966386554622,99.15966386554622,97,0.0,0.0067073549786679605,0.038724115447318276,6.8598242203394575,1.0012881830334663e-06,-0.004228917385141055,0.0,0.0
HK,1994,U,1,3,3,9,2.303165822988376,"[0.0002723074641843674, 0.0027144804065905464]","[0.0002402288615824086, 0.0023837389521772475]",1.3748540927966435,100.0,100.0,97,0.0,0.004584259392383198,1.240789773267655e-05,4.133775611718495,3.7907454952801345e-09,-0.0046034364650646845,0.0,0.0
HK,1994,U,1,4,3,12,2.2781626009964384,"[0.0002402288615824086, 0.0023837389521772475]","[0.00019980746418436736, 0.0019669804065905465]",0.05693506286479533,100.0,100.0,97,0.0,0.013823070873816809,8.603390552567683e-07,0.17152029869612306,4.405364961712621e-12,-0.004846349234382312,0.0,0.0
HK,1994,U,1,5,3,15,2.2288183589989785,"[0.00019980746418436736, 0.0019669804065905465]","[0.00015499999999999997, 0.001505]",0.08388854221751292,100.0,100.0,97,0.0,0.007758140214718878,2.5717068439234936e-06,0.2578946975021002,3.3158661002138007e-13,-0.004663258045911789,0.0,0.0
HK,1994,U,1,6,3,18,2.3112112850067206,"[0.00015499999999999997, 0.001505]","[0.00011019253581563262, 0.0010430195934094538]",-0.0032006732265775404,100.0,100.0,97,0.0,0.00392732231800134,4.6854722294635093e-07,0.0003852079973777715,1.8947802672928762e-13,-0.0046383394549290346,0.0,0.0
HK,1994,U,1,7,3,21,2.297347877989523,"[0.00011019253581563262, 0.0010430195934094538]","[6.97711384175914e-05, 0.000626261047822753]",0.003040410578250885,100.0,100.0,97,0.0,0.018353221254074015,0.000620548871680171,0.004354087635950539,4.2632549689577043e-13,-0.004735542212923368,0.0,0.0
HK,1994,U,1,8,3,24,2.3252232230152003,"[6.97711384175914e-05, 0.000626261047822753]","[3.769253581563263e-05, 0.0002955195934094538]",-0.002987608313560486,100.0,100.0,97,0.0,0.0018524899690722425,1.2355602735010981e-05,0.00413365241062517,0.0,-0.0049871078381935755,0.0,0.0
HK,1994,U,1,9,3,27,2.201228110003285,"[3.769253581563263e-05, 0.0002955195934094538]","[1.7096805137202738e-05, 8.317050813874548e-05]",0.003186777699738741,100.0,100.0,97,0.0,0.00990081011938552,0.0003606672817072128,0.014752592076547444,9.473902239966192e-14,-0.005151244997978211,0.0,0.0
HK,1994,U,1,10,3,30,2.2377929880167358,"[1.7096805137202738e-05, 8.317050813874548e-05]","[1e-05, 1e-05]",0.013233420128623644,100.0,100.0,97,0.0,0.007482421693566721,0.0013393932539555269,0.04582503937278185,0.0,-0.004982198650638263,0.0,0.0
HK,1994,U,2,1,18,48,17.219300977012608,"[0.00030000000000000003, 0.003]","[0.0002929031948627973, 0.0029268294918612546]",21.953633363048237,92.27985524728588,95.05428226779252,97,0.0,0.38940694441316737,0.5634600335229637,11.538930200052075,17.79396390914917,-0.004262950043711398,0.0,0.0
HK,1994,U,2,2,18,66,10.080521388037596,"[0.0002929031948627973, 0.0029268294918612546]","[0.0002723074641843674, 0.0027144804065905464]",0.46549984564383823,99.75874547647769,99.75874547647769,97,0.0,0.01831987146316452,0.012209062641818758,3.7706974570837046e-10,0.4605555377072758,-0.00523200233777364,0.0,0.0
HK,1994,U,2,3,18,84,10.070155596011318,"[0.0002723074641843674, 0.0027144804065905464]","[0.0002402288615824086, 0.0023837389521772475]",0.4592609546250767,99.51749095295537,99.51749095295537,97,0.0,0.0053490600617605265,0.009700295486391224,5.817308823360559e-11,0.4605555741323365,-0.006311074913375908,0.0,0.0
HK,1994,U,2,4,18,102,9.938569491961971,"[0.0002402288615824086, 0.0023837389521772475]","[0.00019980746418436736, 0.0019669804065905465]",0.4554452548424403,99.87937273823884,99.87937273823884,97,0.0,0.004720500527986992,0.0014406437581103344,1.1708488405906937e-12,0.4605555741323365,-0.007164034412966835,0.0,0.0
HK,1994,U,2,5,18,120,9.927100063010585,"[0.00019980746418436736, 0.0019669804065905465]","[0.00015499999999999997, 0.001505]",0.45364106487896705,99.87937273823884,99.87937273823884,97,0.0,0.0009710634633282527,0.0020951361126166665,1.4591553539883256e-11,0.4605555741323365,-0.007936575180954404,0.0,0.0
HK,1994,U,2,6,18,138,9.967017224000301,"[0.00015499999999999997, 0.001505]","[0.00011019253581563262, 0.0010430195934094538]",-0.00807243298428754,100.0,100.0,97,0.0,0.0007202943131435151,0.0008944438305741197,1.477264835998769e-11,2.302012150731361e-09,-0.008610681237445938,0.0,0.0
HK,1994,U,2,7,18,156,9.905741738970391,"[0.00011019253581563262, 0.0010430195934094538]","[6.97711384175914e-05, 0.000626261047822753]",-0.008483380467320481,100.0,100.0,97,0.0,0.0012310485420812256,0.00032563404198381204,1.1138569014613129e-11,2.0954355841148713e-09,-0.009002276716960802,0.0,0.0
HK,1994,U,2,8,18,174,9.760974197997712,"[6.97711384175914e-05, 0.000626261047822753]","[3.769253581563263e-05, 0.0002955195934094538]",-0.008656809287559655,99.87937273823884,99.87937273823884,97,0.0,0.0005944706407363912,0.0016295628701832815,3.032988532350133e-11,2.4606469412201557e-09,-0.009398156197534667,0.0,0.0
HK,1994,U,2,9,18,192,9.983005417976528,"[3.769253581563263e-05, 0.0002955195934094538]","[1.7096805137202738e-05, 8.317050813874548e-05]",-0.008339590910408232,99.87937273823884,99.87937273823884,97,0.0,0.0004388595116324723,0.003347841700527142,6.444504705109539e-12,4.683938872661639e-09,-0.009601829076806704,0.0,0.0
HK,1994,U,2,10,18,210,9.896290753036737,"[1.7096805137202738e-05, 8.317050813874548e-05]","[1e-05, 1e-05]",-0.008956920446103646,100.0,100.0,97,0.0,0.0009678736063405166,0.00099738653437161,3.976074087854508e-12,3.773628661866517e-09,-0.00961201083328989,0.0,0.0
HK,1994,U,3,1,14,224,13.405871352995746,"[0.00030000000000000003, 0.003]","[0.0002929031948627973, 0.0029268294918612546]",16.42530283331871,76.5527950310559,89.1304347826087,97,0.0,3.4799031602191723,5.906133354267273,6.724167745792935e-08,13.304286309650966,-0.00766251241522176,0.0,0.0
HK,1994,U,3,2,14,238,7.802011477004271,"[0.0002929031948627973, 0.0029268294918612546]","[0.0002723074641843674, 0.0027144804065905464]",13.297671200973648,99.84472049689441,99.84472049689441,97,0.0,0.0011892256651273264,0.0043593583424451155,1.4151250796362058e-18,13.304286343710762,-0.008464375883340836,0.0,0.0
HK,1994,U,3,3,14,252,7.6664628720027395,"[0.0002723074641843674, 0.0027144804065905464]","[0.0002402288615824086, 0.0023837389521772475]",13.295436924057347,100.0,100.0,97,0.0,0.0009209430257978316,0.00016271177270794318,5.618289897516044e-20,13.30428618831294,-0.00921033812420709,0.0,0.0
HK,1994,U,3,4,14,266,7.990324227022938,"[0.0002402288615824086, 0.0023837389521772475]","[0.00019980746418436736, 0.0019669804065905465]",13.294579416513443,100.0,100.0,97,0.0,0.0003538130863895666,4.9918484915106074e-05,3.657364137373003e-21,13.304286324552127,-0.009841663230742726,0.0,0.0
HK,1994,U,3,5,14,280,7.739791006955784,"[0.00019980746418436736, 0.0019669804065905465]","[0.00015499999999999997, 0.001505]",13.29385051556996,100.0,100.0,97,0.0,0.00016151767374594783,3.261741385385264e-05,1.2964452519266509e-21,13.304286241531372,-0.010500461821045195,0.0,0.0
HK,1994,U,3,6,14,294,8.002106564992573,"[0.00015499999999999997, 0.001505]","[0.00011019253581563262, 0.0010430195934094538]",-0.010705916876239436,100.0,100.0,97,0.0,0.00018030655939225783,1.1489183005610113e-06,4.990894093408538e-22,4.756685161457191e-16,-0.010766401833721571,0.0,0.0
HK,1994,U,3,7,14,308,7.9904217420262285,"[0.00011019253581563262, 0.0010430195934094538]","[6.97711384175914e-05, 0.000626261047822753]",-0.01108783736292805,100.0,100.0,97,0.0,0.0002511821506020949,0.0002113515692051379,1.5104862377862649e-21,4.228929349984458e-15,-0.011242015074406352,0.0,0.0
HK,1994,U,3,8,14,322,7.805264530994464,"[6.97711384175914e-05, 0.000626261047822753]","[3.769253581563263e-05, 0.0002955195934094538]",-0.01147360441141895,100.0,100.0,97,0.0,0.00019354292947225207,5.8685040466498e-06,3.3141247215238973e-21,6.483939916841883e-16,-0.011540074699691366,0.0,0.0
HK,1994,U,3,9,14,336,7.745689218048938,"[3.769253581563263e-05, 0.0002955195934094538]","[1.7096805137202738e-05, 8.317050813874548e-05]",-0.011732378908033882,100.0,100.0,97,0.0,8.350088928312158e-05,1.2469657566198983e-05,3.137750373103519e-20,1.215288782955835e-15,-0.011764368947063175,0.0,0.0
HK,1994,U,3,10,14,350,7.9780235450016335,"[1.7096805137202738e-05, 8.317050813874548e-05]","[1e-05, 1e-05]",-0.011601609643548727,100.0,100.0,97,0.0,0.000452688673963816,5.478230623801039e-06,2.3437520177994162e-21,7.0493808176916905e-15,-0.011754331524882996,0.0,0.0
HK,1994,U,4,1,1,351,1.813202494988218,"[0.00030000000000000003, 0.003]","[0.0002929031948627973, 0.0029268294918612546]",325.1603698730469,0.0,75.86206896551724,97,0.0,36.989051818847656,68.53228759765625,9.944515143065044e-16,290.0,-0.013372355699539186,0.0,0.0
HK,1994,U,4,2,1,352,0.9021423750091344,"[0.0002929031948627973, 0.0029268294918612546]","[0.0002723074641843674, 0.0027144804065905464]",316.7053527832031,0.0,75.86206896551724,97,0.0,28.627729415893555,51.52722930908203,6.321501117774225e-16,290.0,-0.012965267896652222,0.0,0.0
HK,1994,U,4,3,1,353,0.8811477409908548,"[0.0002723074641843674, 0.0027144804065905464]","[0.0002402288615824086, 0.0023837389521772475]",308.27606201171875,0.0,79.3103448275862,97,0.0,20.407285690307617,34.461544036865234,9.754342482121061e-16,290.0,-0.013546285033226014,0.0,0.0
HK,1994,U,4,4,1,354,0.9124459809972905,"[0.0002402288615824086, 0.0023837389521772475]","[0.00019980746418436736, 0.0019669804065905465]",300.1209411621094,0.0,82.75862068965517,97,0.0,12.50181770324707,17.901859283447266,2.4197353985974883e-17,290.0,-0.013604997098445893,0.0,0.0
HK,1994,U,4,5,1,355,0.8965249349712394,"[0.00019980746418436736, 0.0019669804065905465]","[0.00015499999999999997, 0.001505]",293.5225524902344,20.689655172413794,82.75862068965517,97,0.0,5.794923782348633,4.81316614151001,1.8269706578887207e-17,290.0,-0.013478635251522065,0.0,0.0
HK,1994,U,4,6,1,356,0.9019146310165524,"[0.00015499999999999997, 0.001505]","[0.00011019253581563262, 0.0010430195934094538]",0.8264173865318298,82.75862068965517,82.75862068965517,97,0.0,1.5349867343902588,0.9850096106529236,1.2266037964783458e-17,2.545898130442044e-15,-0.013581442832946778,0.0,0.0
HK,1994,U,4,7,1,357,0.8717079130001366,"[0.00011019253581563262, 0.0010430195934094538]","[6.97711384175914e-05, 0.000626261047822753]",0.5207969546318054,79.3103448275862,79.3103448275862,97,0.0,0.7309371829032898,0.8709647059440613,6.275776397445545e-19,3.717549850521544e-18,-0.013170364499092103,0.0,0.0
HK,1994,U,4,8,1,358,0.8746479200199246,"[6.97711384175914e-05, 0.000626261047822753]","[3.769253581563263e-05, 0.0002955195934094538]",0.45377737283706665,82.75862068965517,82.75862068965517,97,0.0,0.6194255948066711,0.7831676006317139,9.318853330133369e-17,3.5194676356207696e-14,-0.013753700256347657,0.0,0.0
HK,1994,U,4,9,1,359,0.8720416209544055,"[3.769253581563263e-05, 0.0002955195934094538]","[1.7096805137202738e-05, 8.317050813874548e-05]",0.2650763988494873,86.20689655172414,86.20689655172414,97,0.0,0.41947776079177856,0.41686373949050903,3.4012859459902646e-17,2.298700882148296e-15,-0.013704130053520204,0.0,0.0
HK,1994,U,4,10,1,360,0.8704845199827105,"[1.7096805137202738e-05, 8.317050813874548e-05]","[1e-05, 1e-05]",0.29408442974090576,86.20689655172414,86.20689655172414,97,0.0,0.43719547986984253,0.48533371090888977,2.4731099720850237e-18,3.111508033800688e-16,-0.013425320386886597,0.0,0.0
HK,1994,U,5,1,6,366,8.084200059005525,"[0.00030000000000000003, 0.003]","[0.0002929031948627973, 0.0029268294918612546]",14.11768846710523,62.92134831460674,97.75280898876404,97,0.0,4.022738323825867,7.061970800161362,7.711484060375e-17,10.435000350077948,-0.012214923525849979,0.0,0.0
HK,1994,U,5,2,6,372,4.307741364988033,"[0.0002929031948627973, 0.0029268294918612546]","[0.0002723074641843674, 0.0027144804065905464]",10.445936992764473,98.50187265917603,98.50187265917603,97,0.0,0.00784933448332481,0.06262530760917191,1.229190449050232e-20,10.435000429550806,-0.01255514311293761,0.0,0.0
HK,1994,U,5,3,6,378,4.287807171000168,"[0.0002723074641843674, 0.0027144804065905464]","[0.0002402288615824086, 0.0023837389521772475]",10.422318130731583,100.0,100.0,97,0.0,0.0001055290595909734,2.0351145100979315e-06,3.7832566641022506e-19,10.435000429550806,-0.012718313932418823,0.0,0.0
HK,1994,U,5,4,6,384,4.284708385996055,"[0.0002402288615824086, 0.0023837389521772475]","[0.00019980746418436736, 0.0019669804065905465]",10.421746244033178,100.0,100.0,97,0.0,1.4287050722335456e-05,3.823913527156719e-06,2.283944325740918e-19,10.435000270605087,-0.013259855409463247,0.0,0.0
HK,1994,U,5,5,6,390,4.371789321012329,"[0.00019980746418436736, 0.0019669804065905465]","[0.00015499999999999997, 0.001505]",10.421656330426535,100.0,100.0,97,0.0,1.0399738793391103e-05,0.00015891256075898733,2.667877455254767e-17,10.435000350077948,-0.013400584210952124,0.0,0.0
HK,1994,U,5,6,6,396,4.500573438999709,"[0.00015499999999999997, 0.001505]","[0.00011019253581563262, 0.0010430195934094538]",-0.013709427478412787,100.0,100.0,97,0.0,1.0419289803091184e-05,0.00026317380292084636,4.5922747496572856e-18,2.8683633170013005e-17,-0.013800624509652457,0.0,0.0
HK,1994,U,5,7,6,402,4.428880820982158,"[0.00011019253581563262, 0.0010430195934094538]","[6.97711384175914e-05, 0.000626261047822753]",-0.013868394773453474,100.0,100.0,97,0.0,2.8489096735029307e-06,4.468340177095816e-05,4.635745047861495e-19,4.20441862246513e-18,-0.013884238650401432,0.0,0.0
HK,1994,U,5,8,6,408,4.337782379006967,"[6.97711384175914e-05, 0.000626261047822753]","[3.769253581563263e-05, 0.0002955195934094538]",-0.013895242164532343,100.0,100.0,97,0.0,6.566595900873533e-05,0.00022646270883797115,2.302211594273612e-19,9.424097743378033e-18,-0.013992618272701901,0.0,0.0
HK,1994,U,5,9,6,414,4.155389111023396,"[3.769253581563263e-05, 0.0002955195934094538]","[1.7096805137202738e-05, 8.317050813874548e-05]",-0.014141637831926346,100.0,100.0,97,0.0,2.9422059346491853e-05,0.00011300021382491347,5.942704599257845e-17,1.7017773453519798e-16,-0.014189111193021138,0.0,0.0
HK,1994,U,5,10,6,420,4.379674152005464,"[1.7096805137202738e-05, 8.317050813874548e-05]","[1e-05, 1e-05]",-0.014068543755759796,100.0,100.0,97,0.0,4.921056463066027e-06,9.19180892916908e-05,2.094412957806402e-17,8.795882564085288e-17,-0.014100823054711026,0.0,0.0
HK,1994,U,6,1,24,444,23.214101281017065,"[0.00030000000000000003, 0.003]","[0.0002929031948627973, 0.0029268294918612546]",2.524700885017713,85.15901060070671,92.6678445229682,97,0.0,2.1542342750255443,4.042751223569725,2.2686681977674826e-13,0.47166668623685837,-0.012627635554720962,0.0,0.0
HK,1994,U,6,2,24,468,13.10360811802093,"[0.0002929031948627973, 0.0029268294918612546]","[0.0002723074641843674, 0.0027144804065905464]",0.4588621122141679,99.91166077738517,99.91166077738517,97,0.0,0.0019840624181786857,0.0012729287212470686,7.397669200286709e-20,0.47166668623685837,-0.013890240527689458,0.0,0.0
HK,1994,U,6,3,24,492,13.500690998975188,"[0.0002723074641843674, 0.0027144804065905464]","[0.0002402288615824086, 0.0023837389521772475]",0.4567991979420185,100.0,100.0,97,0.0,0.00031254241695914214,0.00017574686323906796,9.155548239139082e-18,0.47166668623685837,-0.015030253802736602,0.0,0.0
HK,1994,U,6,4,24,516,13.117897715012077,"[0.0002402288615824086, 0.0023837389521772475]","[0.00019980746418436736, 0.0019669804065905465]",0.4578409058352311,99.91166077738517,99.91166077738517,97,0.0,0.004271826465462425,0.0022519774172298224,2.5029855577590373e-19,0.47166668623685837,-0.01600038477530082,0.0,0.0
HK,1994,U,6,5,24,540,12.982510383008048,"[0.00019980746418436736, 0.0019669804065905465]","[0.00015499999999999997, 0.001505]",0.4548744820058346,100.0,100.0,97,0.0,0.00018837310122184667,8.656428718632296e-05,6.722047212649788e-18,0.47166668623685837,-0.016883846869071323,0.0,0.0
HK,1994,U,6,6,24,564,12.885864004027098,"[0.00015499999999999997, 0.001505]","[0.00011019253581563262, 0.0010430195934094538]",-0.017311189983350534,100.0,100.0,97,0.0,0.0003404703172632158,0.0005100541364117898,9.601118888967204e-17,1.8366230830416993e-12,-0.017594697574774425,0.0,0.0
HK,1994,U,6,7,24,588,13.28269259899389,"[0.00011019253581563262, 0.0010430195934094538]","[6.97711384175914e-05, 0.000626261047822753]",-0.017970351579909522,100.0,100.0,97,0.0,0.0003624525468808315,8.223232773370744e-05,9.706296202755833e-18,4.736279534533578e-13,-0.01811857968568802,0.0,0.0
HK,1994,U,6,8,24,612,13.729876766970847,"[6.97711384175914e-05, 0.000626261047822753]","[3.769253581563263e-05, 0.0002955195934094538]",-0.01850107863234977,100.0,100.0,97,0.0,8.662659893351095e-05,3.7818904689771817e-05,6.424965115524709e-18,2.632957196900632e-13,-0.01854255987952153,0.0,0.0
HK,1994,U,6,9,24,636,13.370411654002964,"[3.769253581563263e-05, 0.0002955195934094538]","[1.7096805137202738e-05, 8.317050813874548e-05]",-0.01857324844847123,100.0,100.0,97,0.0,0.00012387765516071644,0.00011897013444471065,3.0959363687978504e-20,3.0305233448438897e-13,-0.018654197454452515,0.0,0.0
HK,1994,U,6,10,24,660,13.464112173009198,"[1.7096805137202738e-05, 8.317050813874548e-05]","[1e-05, 1e-05]",-0.018735422442356747,100.0,100.0,97,0.0,8.095019848989675e-05,1.4106202534928483e-05,8.437338534920572e-20,1.4570278698984438e-13,-0.01876710777481397,0.0,0.0
HK,1994,U,7,1,14,674,14.755420202040114,"[0.00030000000000000003, 0.003]","[0.0002929031948627973, 0.0029268294918612546]",23.506838777235576,70.60606060606061,95.9090909090909,97,0.0,5.012697665087346,10.628548032249283,7.516815684199674e-17,18.31071506227766,-0.017625446724040168,0.0,0.0
HK,1994,U,7,2,14,688,8.15620998002123,"[0.0002929031948627973, 0.0029268294918612546]","[0.0002723074641843674, 0.0027144804065905464]",18.307944468089513,98.78787878787878,98.78787878787878,97,0.0,0.013156467849642337,0.03412739027096734,1.3080768113567626e-17,18.310715198516846,-0.01853229776024818,0.0,0.0
HK,1994,U,7,3,14,702,8.78065821097698,"[0.0002723074641843674, 0.0027144804065905464]","[0.0002402288615824086, 0.0023837389521772475]",18.296712021742547,99.54545454545455,99.54545454545455,97,0.0,0.006552022512291192,0.009322643117099818,2.0755417215271084e-16,18.31071502821786,-0.019294104937996187,0.0,0.0
HK,1994,U,7,4,14,716,8.386784040019847,"[0.0002402288615824086, 0.0023837389521772475]","[0.00019980746418436736, 0.0019669804065905465]",18.291826520647323,100.0,100.0,97,0.0,0.0014379597604212385,0.0014616934266606612,4.886557016680735e-17,18.310714960098267,-0.01985548021537917,0.0,0.0
HK,1994,U,7,5,14,730,8.128934702952392,"[0.00019980746418436736, 0.0019669804065905465]","[0.00015499999999999997, 0.001505]",18.290679439902306,100.0,100.0,97,0.0,0.0010596077136142412,0.0006059961380222896,4.274319520698225e-17,18.310715087822505,-0.020590449550322125,0.0,0.0
HK,1994,U,7,6,14,744,8.373756805958692,"[0.00015499999999999997, 0.001505]","[0.00011019253581563262, 0.0010430195934094538]",-0.01988802058622241,100.0,100.0,97,0.0,0.0018464331891924043,0.001430953230283194,3.5514148298035707e-15,1.0191797180368188e-12,-0.020980482867785866,0.0,0.0
HK,1994,U,7,7,14,758,8.352815056976397,"[0.00011019253581563262, 0.0010430195934094538]","[6.97711384175914e-05, 0.000626261047822753]",-0.02088574493037803,100.0,100.0,97,0.0,0.0009090065997432768,0.0005466748019508876,1.4363406304050837e-15,3.7913405573100903e-13,-0.02137097205434527,0.0,0.0
HK,1994,U,7,8,14,772,8.232917828019708,"[6.97711384175914e-05, 0.000626261047822753]","[3.769253581563263e-05, 0.0002955195934094538]",-0.021053352925394262,100.0,100.0,97,0.0,0.0012530822522031876,0.0006089059788791928,4.529458076784453e-14,9.109577460997206e-12,-0.021674015479428425,0.0,0.0
HK,1994,U,7,9,14,786,8.337070501991548,"[3.769253581563263e-05, 0.0002955195934094538]","[1.7096805137202738e-05, 8.317050813874548e-05]",-0.021256234496831894,100.0,100.0,97,0.0,0.0008749477705610584,0.0003735445178725578,2.2387957344824476e-16,6.218470079953756e-14,-0.0216723983841283,0.0,0.0
HK,1994,U,7,10,14,800,8.303295215999242,"[1.7096805137202738e-05, 8.317050813874548e-05]","[1e-05, 1e-05]",-0.02152802688734872,100.0,100.0,97,0.0,0.000651344522339059,0.0001791311278793728,5.789053247633037e-16,1.762246600424916e-13,-0.021804851825748175,0.0,0.0
HK,1994,U,8,1,2,802,2.9504386800108477,"[0.00030000000000000003, 0.003]","[0.0002929031948627973, 0.0029268294918612546]",451.51246643066406,0.0,65.11627906976744,97,0.0,17.284974098205566,47.333099365234375,4.966881597552521e-20,430.0,-0.026895496249198916,0.0,0.0
HK,1994,U,8,2,2,804,1.5695905309985392,"[0.0002929031948627973, 0.0029268294918612546]","[0.0002723074641843674, 0.0027144804065905464]",431.6769714355469,44.18604651162791,96.51162790697674,97,0.0,0.9313264661468565,4.180491026099844,5.226592367650154e-21,430.0,-0.02696488499641419,0.0,0.0
HK,1994,U,8,3,2,806,1.5280547029688023,"[0.0002723074641843674, 0.0027144804065905464]","[0.0002402288615824086, 0.0023837389521772475]",430.148193359375,96.51162790697674,96.51162790697674,97,0.0,0.16664732992649078,0.3597564548254013,5.2341040968271727e-23,430.0,-0.02726437896490097,0.0,0.0
HK,1994,U,8,4,2,808,1.4951947839581408,"[0.0002402288615824086, 0.0023837389521772475]","[0.00019980746418436736, 0.0019669804065905465]",430.06419372558594,96.51162790697674,96.51162790697674,97,0.0,0.08584215305745602,0.1884414106607437,7.16832464589531e-22,430.0,-0.027238076925277712,0.0,0.0
HK,1994,U,8,5,2,810,1.5265920810052194,"[0.00019980746418436736, 0.0019669804065905465]","[0.00015499999999999997, 0.001505]",429.9962463378906,98.83720930232558,98.83720930232558,97,0.0,0.04112932796124369,0.029597760178148746,8.663898268199963e-22,430.0,-0.027334773540496828,0.0,0.0
HK,1994,U,8,6,2,812,1.5100755899911746,"[0.00015499999999999997, 0.001505]","[0.00011019253581563262, 0.0010430195934094538]",-0.026106557808816433,100.0,100.0,97,0.0,0.0031950859429343836,0.00019740021525649354,6.619935529939509e-21,2.7244359928344637e-20,-0.027237388491630557,0.0,0.0
HK,1994,U,8,7,2,814,1.5072997559909709,"[0.00011019253581563262, 0.0010430195934094538]","[6.97711384175914e-05, 0.000626261047822753]",-0.0266715781763196,100.0,100.0,97,0.0,0.001635865028219996,0.0009392290085088462,1.4479909410917534e-20,3.4959438564554956e-20,-0.027529942989349368,0.0,0.0
HK,1994,U,8,8,2,816,1.6344904260477051,"[6.97711384175914e-05, 0.000626261047822753]","[3.769253581563263e-05, 0.0002955195934094538]",-0.025065474212169647,100.0,100.0,97,0.0,0.0008900260399968829,0.006167754530906677,9.89253466352813e-21,2.804264027201174e-19,-0.02741806656122208,0.0,0.0
HK,1994,U,8,9,2,818,1.5271801969502121,"[3.769253581563263e-05, 0.0002955195934094538]","[1.7096805137202738e-05, 8.317050813874548e-05]",-0.021748073399066925,98.83720930232558,98.83720930232558,97,0.0,0.00041322528250020696,0.017663502134382725,6.225531169061215e-20,1.0890733454087754e-19,-0.027773649990558626,0.0,0.0
HK,1994,U,8,10,2,820,1.5516449040151201,"[1.7096805137202738e-05, 8.317050813874548e-05]","[1e-05, 1e-05]",-0.024576189927756786,100.0,100.0,97,0.0,0.0004196686222712742,0.008808218408375978,1.5596527204294633e-20,2.7746347892445653e-20,-0.02765215337276459,0.0,0.0
HK,1994,U,9,1,12,832,10.789523160958197,"[0.00030000000000000003, 0.003]","[0.0002929031948627973, 0.0029268294918612546]",4.177385415959482,56.60377358490566,61.509433962264154,97,0.0,3.1359003828062364,8.146432388787312,3.4094744684052626e-15,0.44166668426866335,-0.02505876533687115,0.0,0.0
HK,1994,U,9,2,12,844,6.005551968002692,"[0.0002929031948627973, 0.0029268294918612546]","[0.0002723074641843674, 0.0027144804065905464]",0.607929271257793,90.56603773584905,90.56603773584905,97,0.0,0.2251900805689123,0.34944906088761246,2.7816855466185663e-15,0.44166668426866335,-0.025283803169926008,0.0,0.0
HK,1994,U,9,3,12,856,5.946277369046584,"[0.0002723074641843674, 0.0027144804065905464]","[0.0002402288615824086, 0.0023837389521772475]",0.47968963293048245,97.54716981132076,97.54716981132076,97,0.0,0.10181205929256976,0.09138768554354708,9.738463421544335e-17,0.44166668426866335,-0.026376963903506596,0.0,0.0
HK,1994,U,9,4,12,868,6.016361394023988,"[0.0002402288615824086, 0.0023837389521772475]","[0.00019980746418436736, 0.0019669804065905465]",0.49092335378130275,97.16981132075472,97.16981132075472,97,0.0,0.10775175007681052,0.11941757472231984,5.539071835780797e-15,0.44166668426866335,-0.02646643618742625,0.0,0.0
HK,1994,U,9,5,12,880,5.95839776500361,"[0.00019980746418436736, 0.0019669804065905465]","[0.00015499999999999997, 0.001505]",0.478026883987089,96.79245283018868,96.79245283018868,97,0.0,0.08452358466820442,0.10631250535398824,3.5203802149235435e-16,0.44166668426866335,-0.0272518294552962,0.0,0.0
HK,1994,U,9,6,12,892,6.302863115037326,"[0.00015499999999999997, 0.001505]","[0.00011019253581563262, 0.0010430195934094538]",0.019718190810332697,97.54716981132076,97.54716981132076,97,0.0,0.060797272191848606,0.08074204951602344,6.287293708906686e-15,5.102072026897556e-13,-0.02746158515413602,0.0,0.0
HK,1994,U,9,7,12,904,5.944519986049272,"[0.00011019253581563262, 0.0010430195934094538]","[6.97711384175914e-05, 0.000626261047822753]",0.008837802025179068,98.11320754716981,98.11320754716981,97,0.0,0.05071595255867578,0.05851420841221019,6.183992491098889e-16,1.0580005823936026e-14,-0.027572252104679743,0.0,0.0
HK,1994,U,9,8,12,916,6.159468648955226,"[6.97711384175914e-05, 0.000626261047822753]","[3.769253581563263e-05, 0.0002955195934094538]",0.007895859734465679,97.35849056603773,97.35849056603773,97,0.0,0.052769569447264075,0.05581237053653846,3.1049415248227305e-16,9.83528779967838e-15,-0.02829812243580818,0.0,0.0
HK,1994,U,9,9,12,928,6.239716859010514,"[3.769253581563263e-05, 0.0002955195934094538]","[1.7096805137202738e-05, 8.317050813874548e-05]",0.005666395106042425,98.30188679245283,98.30188679245283,97,0.0,0.047808869282865395,0.0525568412466176,3.012395583617423e-15,5.338817607522702e-14,-0.027788841724395757,0.0,0.0
HK,1994,U,9,10,12,940,6.091719029005617,"[1.7096805137202738e-05, 8.317050813874548e-05]","[1e-05, 1e-05]",-0.0012820287762830656,98.49056603773585,98.49056603773585,97,0.0,0.04059531888439475,0.040808463925107695,2.7255799709469333e-16,1.0412464395502823e-14,-0.028416623175144193,0.0,0.0
HK,1994,U,10,1,18,958,17.749310671002604,"[0.00030000000000000003, 0.003]","[0.0002929031948627973, 0.0029268294918612546]",4.538565981719229,72.96340023612751,81.93624557260921,97,0.0,3.6701318754090204,8.620170399210313,1.839081927610807e-16,0.4705555737018585,-0.028757269680500033,0.0,0.0
HK,1994,U,10,2,18,976,9.618865783966612,"[0.0002929031948627973, 0.0029268294918612546]","[0.0002723074641843674, 0.0027144804065905464]",0.45521054168542224,99.05548996458087,99.05548996458087,97,0.0,0.019866351594424084,0.02338456693784489,1.2830213264414335e-16,0.4705555737018585,-0.02976200514369541,0.0,0.0
HK,1994,U,10,3,18,994,10.503459850966465,"[0.0002723074641843674, 0.0027144804065905464]","[0.0002402288615824086, 0.0023837389521772475]",0.442959682808982,100.0,100.0,97,0.0,0.0066875087278377675,0.0024197550964244227,1.555830833033314e-17,0.4705555737018585,-0.030631646679507366,0.0,0.0
HK,1994,U,10,4,18,1012,9.98371171799954,"[0.0002402288615824086, 0.0023837389521772475]","[0.00019980746418436736, 0.0019669804065905465]",0.44012438257535297,100.0,100.0,97,0.0,0.0024766884145921925,0.0006377112521376046,5.017439270727707e-18,0.4705555737018585,-0.031469321747620904,0.0,0.0
HK,1994,U,10,5,18,1030,10.419023495982401,"[0.00019980746418436736, 0.0019669804065905465]","[0.00015499999999999997, 0.001505]",0.43929294413990444,100.0,100.0,97,0.0,0.0019439173160612376,0.0004929809668586435,1.0520373571244533e-17,0.4705555737018585,-0.03207492017083698,0.0,0.0
HK,1994,U,10,6,18,1048,10.426210070028901,"[0.00015499999999999997, 0.001505]","[0.00011019253581563262, 0.0010430195934094538]",-0.031642196906937495,100.0,100.0,97,0.0,0.0025044786468950203,0.0004844640318171716,2.1566981663471065e-16,8.843970184755984e-15,-0.03263851073053148,0.0,0.0
HK,1994,U,10,7,18,1066,10.23092809098307,"[0.00011019253581563262, 0.0010430195934094538]","[6.97711384175914e-05, 0.000626261047822753]",-0.032260763148466744,100.0,100.0,97,0.0,0.001750981857185252,0.00038230010027796705,5.090499086003115e-16,4.932389257997759e-14,-0.03297185732258691,0.0,0.0
HK,1994,U,10,8,18,1084,10.157936173025519,"[6.97711384175914e-05, 0.000626261047822753]","[3.769253581563263e-05, 0.0002955195934094538]",-0.03295004947317971,100.0,100.0,97,0.0,0.0014080609317817208,0.0003058892697380442,3.4246473448367933e-16,1.1384402965539041e-14,-0.03352136529154248,0.0,0.0
HK,1994,U,10,9,18,1102,10.023008165007923,"[3.769253581563263e-05, 0.0002955195934094538]","[1.7096805137202738e-05, 8.317050813874548e-05]",-0.033111905886067286,100.0,100.0,97,0.0,0.0014109406636432847,0.0003244099704412899,1.0025749994768315e-17,6.029374911887978e-16,-0.03369035489029355,0.0,0.0
HK,1994,U,10,10,18,1120,9.7827302319929,"[1.7096805137202738e-05, 8.317050813874548e-05]","[1e-05, 1e-05]",-0.03283404807249705,100.0,100.0,97,0.0,0.0017723800087373497,0.0004386048886873242,1.9827322877583793e-17,1.5058141819351911e-15,-0.03357104245159361,0.0,0.0
HK,1994,U,11,1,35,1155,31.28436980600236,"[0.00030000000000000003, 0.003]","[0.0002929031948627973, 0.0029268294918612546]",3.906405761412212,73.7783075089392,75.98331346841478,97,0.0,3.560033707533564,6.8285230554640295,9.11005572219559e-13,0.4794285910470145,-0.03587521323135921,0.0,0.0
HK,1994,U,11,2,35,1190,17.82701803802047,"[0.0002929031948627973, 0.0029268294918612546]","[0.0002723074641843674, 0.0027144804065905464]",0.5268743974821908,96.7818831942789,96.7818831942789,97,0.0,0.149663067396198,0.10623896330861109,2.1910273267714346e-12,0.4794285910470145,-0.03785487319741931,0.0,0.0
HK,1994,U,11,3,35,1225,17.595185019948985,"[0.0002723074641843674, 0.0027144804065905464]","[0.0002402288615824086, 0.0023837389521772475]",0.489655921288899,98.15256257449344,98.15256257449344,97,0.0,0.09370482553328786,0.056286283562492045,5.997733941042341e-14,0.4794285910470145,-0.03976970510823386,0.0,0.0
HK,1994,U,11,4,35,1260,17.803607538051438,"[0.0002402288615824086, 0.0023837389521772475]","[0.00019980746418436736, 0.0019669804065905465]",0.4789135907377515,98.45053635280095,98.45053635280095,97,0.0,0.07545153229896512,0.04743929133151791,1.0714927968469342e-12,0.4794285910470145,-0.04147861301898957,0.0,0.0
HK,1994,U,11,5,35,1295,17.752349799964577,"[0.00019980746418436736, 0.0019669804065905465]","[0.00015499999999999997, 0.001505]",0.46914983902658736,98.74851013110846,98.74851013110846,97,0.0,0.06676411147096327,0.031060011688220715,1.1628788904332295e-12,0.4794285910470145,-0.04288679131439754,0.0,0.0
HK,1994,U,11,6,35,1330,17.86878511699615,"[0.00015499999999999997, 0.001505]","[0.00011019253581563262, 0.0010430195934094538]",-0.011963953184229987,99.04648390941597,99.04648390941597,97,0.0,0.06465481467811125,0.03162688718959024,8.025481965291332e-12,1.0054982286486763e-10,-0.044057853732790274,0.0,0.0
HK,1994,U,11,7,35,1365,18.068334765033796,"[0.00011019253581563262, 0.0010430195934094538]","[6.97711384175914e-05, 0.000626261047822753]",-0.022541433732424464,99.46364719904648,99.46364719904648,97,0.0,0.045648668866072384,0.021627113775217106,8.390842231693343e-15,1.4008718329950033e-12,-0.044966694457190384,0.0,0.0
HK,1994,U,11,8,35,1400,18.37351880397182,"[6.97711384175914e-05, 0.000626261047822753]","[3.769253581563263e-05, 0.0002955195934094538]",-0.02208644843527249,99.46364719904648,99.46364719904648,97,0.0,0.049852352203535184,0.02048684640030842,4.908838863084628e-15,1.0498786770557769e-12,-0.04553284840924399,0.0,0.0
HK,1994,U,11,9,35,1435,18.782863941974938,"[3.769253581563263e-05, 0.0002955195934094538]","[1.7096805137202738e-05, 8.317050813874548e-05]",-0.027824010327458383,99.58283671036949,99.58283671036949,97,0.0,0.040107560929443155,0.014161500359685825,9.446454557952868e-15,1.822124474240966e-12,-0.045913696799959464,0.0,0.0
HK,1994,U,11,10,35,1470,18.3968180110096,"[1.7096805137202738e-05, 8.317050813874548e-05]","[1e-05, 1e-05]",-0.02864654889064176,99.64243146603098,99.64243146603098,97,0.0,0.03842535624280572,0.013911605055078066,1.7558475290747328e-15,2.552413893936469e-13,-0.04609220249312264,0.0,0.0
HK,1994,R,1,1,3,3,4.006406591972336,"[0.00030000000000000003, 0.003]","[0.0002929031948627973, 0.0029268294918612546]",42.54573851823807,89.91596638655462,89.91596638655462,97,0.0,0.4358576238155365,0.20582677610218525,26.630909005800884,33.459078807393475,-0.004204356794555982,0.0,0.0
HK,1994,R,1,2,3,6,2.2169132719864137,"[0.0002929031948627973, 0.0029268294918612546]","[0.0002723074641843674, 0.0027144804065905464]",2.2975241939226785,99.15966386554622,99.15966386554622,97,0.0,0.0067073549786679605,0.038724115447318276,6.8598242203394575,1.0012881830334663e-06,-0.004228917385141055,0.0,0.0
HK,1994,R,1,3,3,9,2.1281109979609028,"[0.0002723074641843674, 0.0027144804065905464]","[0.0002402288615824086, 0.0023837389521772475]",1.3748540927966435,100.0,100.0,97,0.0,0.004584259392383198,1.240789773267655e-05,4.133775611718495,3.7907454952801345e-09,-0.0046034364650646845,0.0,0.0
HK,1994,R,1,4,3,12,2.133893520978745,"[0.0002402288615824086, 0.0023837389521772475]","[0.00019980746418436736, 0.0019669804065905465]",0.05693506286479533,100.0,100.0,97,0.0,0.013823070873816809,8.603390552567683e-07,0.17152029869612306,4.405364961712621e-12,-0.004846349234382312,0.0,0.0
HK,1994,R,1,5,3,15,2.172568036010489,"[0.00019980746418436736, 0.0019669804065905465]","[0.00015499999999999997, 0.001505]",0.08388854221751292,100.0,100.0,97,0.0,0.007758140214718878,2.5717068439234936e-06,0.2578946975021002,3.3158661002138007e-13,-0.004663258045911789,0.0,0.0
HK,1994,R,1,6,3,18,2.1967297790106386,"[0.00015499999999999997, 0.001505]","[0.00011019253581563262, 0.0010430195934094538]",-0.0032006732265775404,100.0,100.0,97,0.0,0.00392732231800134,4.6854722294635093e-07,0.0003852079973777715,1.8947802672928762e-13,-0.0046383394549290346,0.0,0.0
HK,1994,R,1,7,3,21,2.160550189029891,"[0.00011019253581563262, 0.0010430195934094538]","[6.97711384175914e-05, 0.000626261047822753]",0.003040410578250885,100.0,100.0,97,0.0,0.018353221254074015,0.000620548871680171,0.004354087635950539,4.2632549689577043e-13,-0.004735542212923368,0.0,0.0
HK,1994,R,1,8,3,24,2.237222219002433,"[6.97711384175914e-05, 0.000626261047822753]","[3.769253581563263e-05, 0.0002955195934094538]",-0.002987608313560486,100.0,100.0,97,0.0,0.0018524899690722425,1.2355602735010981e-05,0.00413365241062517,0.0,-0.0049871078381935755,0.0,0.0
HK,1994,R,1,9,3,27,2.124017144960817,"[3.769253581563263e-05, 0.0002955195934094538]","[1.7096805137202738e-05, 8.317050813874548e-05]",0.003186777699738741,100.0,100.0,97,0.0,0.00990081011938552,0.0003606672817072128,0.014752592076547444,9.473902239966192e-14,-0.005151244997978211,0.0,0.0
HK,1994,R,1,10,3,30,2.1734904079930857,"[1.7096805137202738e-05, 8.317050813874548e-05]","[1e-05, 1e-05]",0.013233420128623644,100.0,100.0,97,0.0,0.007482421693566721,0.0013393932539555269,0.04582503937278185,0.0,-0.004982198650638263,0.0,0.0
HK,1994,R,2,1,18,48,16.623337724944577,"[0.00030000000000000003, 0.003]","[0.0002929031948627973, 0.0029268294918612546]",24.986462612946827,87.33413751507841,94.8130277442702,97,0.0,6.058899867865774,0.8214739431342524,11.458386732462559,17.793085428575676,-0.004262950043711398,1.0847198123758264,1.0
HK,1994,R,2,2,18,66,9.322571087046526,"[0.0002929031948627973, 0.0029268294918612546]","[0.0002723074641843674, 0.0027144804065905464]",1.2381721983353298,99.27623642943306,99.27623642943306,97,0.0,0.34249783513956167,0.032491016356996964,3.8804643417157263e-10,0.4605555377072758,-0.00523200233777364,0.6578523884059527,1.0
HK,1994,R,2,3,18,84,9.652468560030684,"[0.0002723074641843674, 0.0027144804065905464]","[0.0002402288615824086, 0.0023837389521772475]",1.285120310054885,99.63811821471653,99.63811821471653,97,0.0,0.0679378033104159,0.024951973203615935,1.5378132022567736e-11,0.4605555741323365,-0.006311074913375908,0.7999125582986673,1.0
HK,1994,R,2,4,18,102,9.203977168013807,"[0.0002402288615824086, 0.0023837389521772475]","[0.00019980746418436736, 0.0019669804065905465]",0.4695824310183525,99.87937273823884,99.87937273823884,97,0.0,0.02852611384069961,0.012456301682677627,3.356958283464045e-13,0.4605555741323365,-0.007164034412966835,0.0025300865985337217,1.0
HK,1994,R,2,5,18,120,9.332097425998654,"[0.00019980746418436736, 0.0019669804065905465]","[0.00015499999999999997, 0.001505]",0.476977185656627,99.87937273823884,99.87937273823884,97,0.0,0.008902920373253033,0.006920886121603884,1.7789066991155511e-12,0.4605555741323365,-0.007936575180954404,0.019083592264567645,1.0
HK,1994,R,2,6,18,138,9.781280499009881,"[0.00015499999999999997, 0.001505]","[0.00011019253581563262, 0.0010430195934094538]",0.0006146466152535544,99.87937273823884,99.87937273823884,97,0.0,0.010742996253409527,0.01664500680349877,2.209978578506712e-12,2.3247001935338623e-09,-0.008610681237445938,9.599112631046107e-05,1.0
HK,1994,R,2,7,18,156,9.410098008986097,"[0.00011019253581563262, 0.0010430195934094538]","[6.97711384175914e-05, 0.000626261047822753]",0.00010847395040198333,99.87937273823884,99.87937273823884,97,0.0,0.005492520221499338,0.011569464907320852,2.317992802381611e-12,2.116658485251974e-09,-0.009002276716960802,0.0034234197511169543,1.0
HK,1994,R,2,8,18,174,9.277557830966543,"[6.97711384175914e-05, 0.000626261047822753]","[3.769253581563263e-05, 0.0002955195934094538]",0.0016473558304520945,99.87937273823884,99.87937273823884,97,0.0,0.007706968446048752,0.009875277172611682,2.5721403375135723e-12,2.4891726326741686e-09,-0.009398156197534667,0.00518476072102203,1.0
HK,1994,R,2,9,18,192,9.782897058001254,"[3.769253581563263e-05, 0.0002955195934094538]","[1.7096805137202738e-05, 8.317050813874548e-05]",-0.0018551035900600255,99.75874547647769,99.75874547647769,97,0.0,0.007683154218183417,0.0062525095933808495,1.1816125203250667e-12,4.7334740329716465e-09,-0.009601829076806704,0.0031014993896102774,1.0
HK,1994,R,2,10,18,210,9.133148210006766,"[1.7096805137202738e-05, 8.317050813874548e-05]","[1e-05, 1e-05]",-0.0010679175094183949,99.75874547647769,99.75874547647769,97,0.0,0.005554980916511138,0.011117947158678396,1.5437880291412915e-12,3.805389899410841e-09,-0.00961201083328989,0.002986446439333829,1.0
HK,1994,R,3,1,14,224,13.687168717035092,"[0.00030000000000000003, 0.003]","[0.0002929031948627973, 0.0029268294918612546]",15.186023269380842,85.24844720496894,92.70186335403727,97,0.0,1.2354471430714642,2.0438401390731866,3.1638023064938594e-08,13.304286309650966,-0.00766251241522176,0.39815185548234566,2.0
HK,1994,R,3,2,14,238,7.265628617955372,"[0.0002929031948627973, 0.0029268294918612546]","[0.0002723074641843674, 0.0027144804065905464]",13.434960520693235,97.67080745341615,99.84472049689441,97,0.0,0.02806517874289836,0.08428491565148631,1.7741696963136595e-13,13.304286343710762,-0.008464375883340836,0.050844394035396236,2.0
HK,1994,R,3,3,14,252,7.234263417019974,"[0.0002723074641843674, 0.0027144804065905464]","[0.0002402288615824086, 0.0023837389521772475]",13.52540825413806,98.13664596273291,99.68944099378882,97,0.0,0.013898164303944733,0.09012139291292266,4.427215868489863e-13,13.30428618831294,-0.00921033812420709,0.09782954279288399,2.0
HK,1994,R,3,4,14,266,7.099195799033623,"[0.0002402288615824086, 0.0023837389521772475]","[0.00019980746418436736, 0.0019669804065905465]",13.299893815602575,100.0,100.0,97,0.0,0.003254567763568567,0.0002902878355945303,1.1056306374791486e-14,13.304286324552127,-0.009841663230742726,0.0021337749236149,2.0
HK,1994,R,3,5,14,280,7.109843917016406,"[0.00019980746418436736, 0.0019669804065905465]","[0.00015499999999999997, 0.001505]",13.442313639181,98.75776397515529,98.91304347826087,97,0.0,0.07249074605689591,0.07428296473475322,1.0165570910931268e-14,13.304286241531372,-0.010500461821045195,0.0498017738240638,2.0
HK,1994,R,3,6,14,294,7.0391716550220735,"[0.00015499999999999997, 0.001505]","[0.00011019253581563262, 0.0010430195934094538]",0.00417940561393542,99.37888198757764,99.53416149068323,97,0.0,0.032698198106248,0.011845686149675723,7.433615369100874e-16,1.886081353572438e-12,-0.010766401833721571,4.892284732704866e-05,2.0
HK,1994,R,3,7,14,308,7.5629410870024,"[0.00011019253581563262, 0.0010430195934094538]","[6.97711384175914e-05, 0.000626261047822753]",-0.005098526033439806,99.84472049689441,100.0,97,0.0,0.004470898514097955,0.00506639205169027,2.642661793397809e-15,6.571769585342274e-11,-0.011242015074406352,0.0014821959622557707,2.0
HK,1994,R,3,8,14,322,7.234183086955454,"[6.97711384175914e-05, 0.000626261047822753]","[3.769253581563263e-05, 0.0002955195934094538]",0.0016081667438681637,99.68944099378882,100.0,97,0.0,0.0034041897389605375,0.005825126226194958,3.180411774556602e-15,2.9114414379003825e-12,-0.011540074699691366,0.005035901685395012,2.0
HK,1994,R,3,9,14,336,7.246288958005607,"[3.769253581563263e-05, 0.0002955195934094538]","[1.7096805137202738e-05, 8.317050813874548e-05]",-0.010663972036646945,100.0,100.0,97,0.0,0.0012753170466177316,0.0003079728446858506,4.914446924740247e-15,6.564584372533366e-12,-0.011764368947063175,0.0002863169382700497,2.0
HK,1994,R,3,10,14,350,7.145941990020219,"[1.7096805137202738e-05, 8.317050813874548e-05]","[1e-05, 1e-05]",-0.009895367880484887,99.84472049689441,100.0,97,0.0,0.001087717086712863,0.003707968937500742,6.43430263714856e-16,6.8476135849658775e-12,-0.011754331524882996,0.00013020094203446724,2.0
HK,1994,R,4,1,1,351,1.5368042799527757,"[0.00030000000000000003, 0.003]","[0.0002929031948627973, 0.0029268294918612546]",297.9604187011719,0.0,44.827586206896555,97,0.0,7.971907138824463,15.932605743408203,1.2391468602081235e-13,290.0,-0.013372355699539186,0.001879072398878634,3.0
HK,1994,R,4,2,1,352,0.8035972939687781,"[0.0002929031948627973, 0.0029268294918612546]","[0.0002723074641843674, 0.0027144804065905464]",295.82305908203125,72.41379310344827,75.86206896551724,97,0.0,0.8700648546218872,0.758739709854126,1.9610828667351518e-14,290.0,-0.012965267896652222,1.7643593549728394,3.0
HK,1994,R,4,3,1,353,0.7780353180132806,"[0.0002723074641843674, 0.0027144804065905464]","[0.0002402288615824086, 0.0023837389521772475]",293.9190368652344,51.724137931034484,75.86206896551724,97,0.0,0.8320828080177307,1.3920238018035889,7.517843633860974e-14,290.0,-0.013546285033226014,1.0637400150299072,3.0
HK,1994,R,4,4,1,354,0.7713788190158084,"[0.0002402288615824086, 0.0023837389521772475]","[0.00019980746418436736, 0.0019669804065905465]",292.663818359375,31.03448275862069,82.75862068965517,97,0.0,0.9073753356933594,2.380359172821045,8.070326633531633e-15,290.0,-0.013604997098445893,0.5271716713905334,3.0
HK,1994,R,4,5,1,355,0.7847674009972252,"[0.00019980746418436736, 0.0019669804065905465]","[0.00015499999999999997, 0.001505]",292.89306640625,37.93103448275862,96.55172413793103,97,0.0,0.9830570816993713,2.098581075668335,5.5155383840883865e-14,290.0,-0.013478635251522065,0.6264455318450928,3.0
HK,1994,R,4,6,1,356,0.7759902779944241,"[0.00015499999999999997, 0.001505]","[0.00011019253581563262, 0.0010430195934094538]",0.9204950928688049,48.275862068965516,93.10344827586206,97,0.0,0.8677557706832886,1.7256048917770386,2.1290257154905207e-13,3.570556122902552e-13,-0.013581442832946778,0.02320767194032669,3.0
HK,1994,R,4,7,1,357,0.7840169990085997,"[0.00011019253581563262, 0.0010430195934094538]","[6.97711384175914e-05, 0.000626261047822753]",0.8269971013069153,55.172413793103445,96.55172413793103,97,0.0,0.7825379371643066,1.691925048828125,6.031091636643352e-16,1.3607762174559258e-15,-0.013170364499092103,0.005115495529025793,3.0
HK,1994,R,4,8,1,358,0.7929040520102717,"[6.97711384175914e-05, 0.000626261047822753]","[3.769253581563263e-05, 0.0002955195934094538]",0.5953172445297241,55.172413793103445,89.65517241379311,97,0.0,0.5916345715522766,1.206276774406433,1.862171007671609e-12,4.035670669172431e-12,-0.013753700256347657,0.003255697200074792,3.0
HK,1994,R,4,9,1,359,0.8012978899641894,"[3.769253581563263e-05, 0.0002955195934094538]","[1.7096805137202738e-05, 8.317050813874548e-05]",0.5648108124732971,65.51724137931035,86.20689655172414,97,0.0,0.538884162902832,1.1597579717636108,1.6347501423288197e-13,3.901970977229774e-13,-0.013704130053520204,0.004100295249372721,3.0
HK,1994,R,4,10,1,360,0.8014666469534859,"[1.7096805137202738e-05, 8.317050813874548e-05]","[1e-05, 1e-05]",0.3847973942756653,72.41379310344827,93.10344827586206,97,0.0,0.4502388834953308,0.6970305442810059,1.7017478057138394e-14,4.728198559132528e-14,-0.013425320386886597,0.005266513675451279,3.0
HK,1994,R,5,1,6,366,7.41246774798492,"[0.00030000000000000003, 0.003]","[0.0002929031948627973, 0.0029268294918612546]",19.40894869963328,59.9250936329588,97.75280898876404,97,0.0,5.416807696223259,8.438705349961916,1.6245298496418194e-14,10.435000350077948,-0.012214923525849979,1.0919148450096448,4.0
HK,1994,R,5,2,6,372,4.0118257169961,"[0.0002929031948627973, 0.0029268294918612546]","[0.0002723074641843674, 0.0027144804065905464]",12.26530346274376,97.75280898876404,100.0,97,0.0,0.31079137573639554,0.08690136709871392,4.0031628697251543e-16,10.435000429550806,-0.01255514311293761,0.4275734244535367,4.0
HK,1994,R,5,3,6,378,3.964982012985274,"[0.0002723074641843674, 0.0027144804065905464]","[0.0002402288615824086, 0.0023837389521772475]",10.969041953484217,97.37827715355806,100.0,97,0.0,0.05510404157879142,0.06848376624624564,4.417742340636309e-16,10.435000429550806,-0.012718313932418823,0.12639093988885483,4.0
HK,1994,R,5,4,6,384,3.930083202023525,"[0.0002402288615824086, 0.0023837389521772475]","[0.00019980746418436736, 0.0019669804065905465]",10.526400809486708,100.0,100.0,97,0.0,0.01106918347068131,0.0005669428684692926,1.0238580288253184e-16,10.435000270605087,-0.013259855409463247,0.025195353392822046,4.0
HK,1994,R,5,5,6,390,4.014346576004755,"[0.00019980746418436736, 0.0019669804065905465]","[0.00015499999999999997, 0.001505]",10.483136614163717,100.0,100.0,97,0.0,0.0071788124696468,0.0006357663797871282,3.817555470418503e-15,10.435000350077948,-0.013400584210952124,0.01473307857910792,4.0
HK,1994,R,5,6,6,396,4.1617839530226775,"[0.00015499999999999997, 0.001505]","[0.00011019253581563262, 0.0010430195934094538]",0.005539088975638151,99.62546816479401,100.0,97,0.0,0.00035421391779285233,0.004839906983117241,1.167287157825646e-15,5.313669789417738e-15,-0.013800624509652457,0.004402085129792492,4.0
HK,1994,R,5,7,6,402,4.087510159006342,"[0.00011019253581563262, 0.0010430195934094538]","[6.97711384175914e-05, 0.000626261047822753]",0.0010024145400772493,100.0,100.0,97,0.0,0.00047172781463207986,0.0015028754346044042,2.0499768084391933e-16,9.876445634306517e-16,-0.013884238650401432,0.0035571129022476575,4.0
HK,1994,R,5,8,6,408,4.3303563660010695,"[6.97711384175914e-05, 0.000626261047822753]","[3.769253581563263e-05, 0.0002955195934094538]",-0.0030629031049708524,100.0,100.0,97,0.0,0.0005552414453025752,0.001703009038133511,4.611074048455932e-16,2.1155721780750892e-15,-0.013992618272701901,0.0025442412782770893,4.0
HK,1994,R,5,9,6,414,4.222446511965245,"[3.769253581563263e-05, 0.0002955195934094538]","[1.7096805137202738e-05, 8.317050813874548e-05]",-0.003090965018297235,99.62546816479401,100.0,97,0.0,0.0007459605791761229,0.021974353150056913,8.73194807135895e-15,2.6543919319132352e-14,-0.014189111193021138,0.0008811771015947064,4.0
HK,1994,R,5,10,6,420,4.135043960006442,"[1.7096805137202738e-05, 8.317050813874548e-05]","[1e-05, 1e-05]",-0.0008175019174814224,100.0,100.0,97,0.0,0.0005487245650025822,0.002209551413457689,4.622198346460933e-15,1.3822513674710105e-14,-0.014100823054711026,0.003090974127796168,4.0
HK,1994,R,6,1,24,444,22.063169840024784,"[0.00030000000000000003, 0.003]","[0.0002929031948627973, 0.0029268294918612546]",1.9186513808866341,77.47349823321555,89.57597173144876,97,0.0,0.9348158382733042,1.5431276371697702,9.06900110337161e-12,0.47166668623685837,-0.012627635554720962,0.12672621492432276,5.0
HK,1994,R,6,2,24,468,12.535648354969453,"[0.0002929031948627973, 0.0029268294918612546]","[0.0002723074641843674, 0.0027144804065905464]",5.8320791100462275,73.40989399293287,96.73144876325088,97,0.0,0.8845032914978219,1.8912813613781811,4.363214174119362e-12,0.47166668623685837,-0.013890240527689458,0.8898082413555434,5.0
HK,1994,R,6,3,24,492,12.37195669702487,"[0.0002723074641843674, 0.0027144804065905464]","[0.0002402288615824086, 0.0023837389521772475]",4.399763995160659,85.07067137809187,99.29328621908127,97,0.0,0.3276716680265963,0.5682368750035494,2.5127623263504665e-13,0.47166668623685837,-0.015030253802736602,0.7288982746637581,5.0
HK,1994,R,6,4,24,516,12.172416487999726,"[0.0002402288615824086, 0.0023837389521772475]","[0.00019980746418436736, 0.0019669804065905465]",2.4687907298405967,95.0530035335689,99.20494699646643,97,0.0,0.4262438729638234,0.16505004552326832,6.742660866830598e-14,0.47166668623685837,-0.01600038477530082,0.3632053002753916,5.0
HK,1994,R,6,5,24,540,12.411451413005125,"[0.00019980746418436736, 0.0019669804065905465]","[0.00015499999999999997, 0.001505]",2.418766482422749,94.6113074204947,99.02826855123675,97,0.0,0.04472077575095076,0.1953360291036006,2.1442940147154892e-12,0.47166668623685837,-0.016883846869071323,0.3767929491198932,5.0
HK,1994,R,6,6,24,564,13.092293400026392,"[0.00015499999999999997, 0.001505]","[0.00011019253581563262, 0.0010430195934094538]",2.687281011758993,97.34982332155477,98.32155477031802,97,0.0,0.12965217324381229,0.06298375372424896,1.0956418725594168e-12,6.238940792236676e-11,-0.017594697574774425,0.5281327289218704,5.0
HK,1994,R,6,7,24,588,13.057850096025504,"[0.00011019253581563262, 0.0010430195934094538]","[6.97711384175914e-05, 0.000626261047822753]",0.48280894725273055,97.96819787985866,98.58657243816255,97,0.0,0.04463972325902432,0.058051551749182785,2.731105069390573e-13,1.0293969892268214e-11,-0.01811857968568802,0.0933394190845623,5.0
HK,1994,R,6,8,24,612,12.452663762960583,"[6.97711384175914e-05, 0.000626261047822753]","[3.769253581563263e-05, 0.0002955195934094538]",0.0055087662767618895,99.46996466431095,99.46996466431095,97,0.0,0.020055303485908855,0.01377847875119187,6.557727355563048e-14,3.963824441107734e-12,-0.01854255987952153,0.0025546796799365743,5.0
HK,1994,R,6,9,24,636,12.428071825997904,"[3.769253581563263e-05, 0.0002955195934094538]","[1.7096805137202738e-05, 8.317050813874548e-05]",-0.008063977351412177,99.91166077738517,99.91166077738517,97,0.0,0.010961269086692482,0.003522061572463523,3.610898542331463e-14,2.8856110684508586e-12,-0.018654197454452515,0.0011524886504048482,5.0
HK,1994,R,6,10,24,660,12.225102306052577,"[1.7096805137202738e-05, 8.317050813874548e-05]","[1e-05, 1e-05]",-0.010161848894009987,100.0,100.0,97,0.0,0.009003592965503534,0.0013152502215234563,1.781669939202669e-14,1.950683813674967e-12,-0.01876710777481397,0.0010331289037518825,5.0
HK,1994,R,7,1,14,674,14.509906542021781,"[0.00030000000000000003, 0.003]","[0.0002929031948627973, 0.0029268294918612546]",22.698370397090912,65.3030303030303,96.21212121212122,97,0.0,1.1700386697858838,2.340143325675204,2.3917346041710972e-14,18.31071506227766,-0.017625446724040168,0.5392033325125729,6.0
HK,1994,R,7,2,14,688,8.339709099964239,"[0.0002929031948627973, 0.0029268294918612546]","[0.0002723074641843674, 0.0027144804065905464]",31.99747439793178,25.606060606060606,77.57575757575758,97,0.0,2.142140667885542,8.783262043126992,1.2293673263732251e-12,18.310715198516846,-0.01853229776024818,1.6772484531892198,6.0
HK,1994,R,7,3,14,702,8.302218977012672,"[0.0002723074641843674, 0.0027144804065905464]","[0.0002402288615824086, 0.0023837389521772475]",19.501754300934927,96.21212121212122,96.21212121212122,97,0.0,0.6098230525676627,0.7491027551392112,2.0238907023213667e-14,18.31071502821786,-0.019294104937996187,0.12622633616306952,6.0
HK,1994,R,7,4,14,716,8.08556719700573,"[0.0002402288615824086, 0.0023837389521772475]","[0.00019980746418436736, 0.0019669804065905465]",23.353040831429617,56.515151515151516,95.60606060606061,97,0.0,0.45245259574481417,2.194817692307489,1.6270343079503518e-13,18.310714960098267,-0.01985548021537917,0.6966263256035745,6.0
HK,1994,R,7,5,14,730,8.068358315969817,"[0.00019980746418436736, 0.0019669804065905465]","[0.00015499999999999997, 0.001505]",24.713476921830857,81.36363636363636,96.36363636363636,97,0.0,0.32006724338446346,0.6933438180546675,9.695817044229444e-14,18.310715087822505,-0.020590449550322125,1.0142581425607204,6.0
HK,1994,R,7,6,14,744,7.98769831500249,"[0.00015499999999999997, 0.001505]","[0.00011019253581563262, 0.0010430195934094538]",5.62845977289336,58.93939393939394,96.21212121212122,97,0.0,0.5931438920753342,1.4897255889539207,6.530149016845585e-13,7.775339755219664e-12,-0.020980482867785866,0.8258583766541311,6.0
HK,1994,R,7,7,14,758,7.9843812540057115,"[0.00011019253581563262, 0.0010430195934094538]","[6.97711384175914e-05, 0.000626261047822753]",3.1097021209342137,96.21212121212122,96.51515151515152,97,0.0,0.19506503960915975,0.28087933946933064,2.1819988652483658e-13,2.953330531669002e-12,-0.02137097205434527,0.49540416550423416,6.0
HK,1994,R,7,8,14,772,8.086567452992313,"[6.97711384175914e-05, 0.000626261047822753]","[3.769253581563263e-05, 0.0002955195934094538]",0.8111653327941895,96.96969696969697,98.18181818181819,97,0.0,0.17239220014640264,0.13635189032980374,1.4034722636018077e-11,4.455226952073772e-11,-0.021674015479428425,0.12165410996281675,6.0
HK,1994,R,7,9,14,786,7.996664020989556,"[3.769253581563263e-05, 0.0002955195934094538]","[1.7096805137202738e-05, 8.317050813874548e-05]",0.18762566362108504,96.06060606060606,96.81818181818181,97,0.0,0.139949428449784,0.13887915653841837,1.3869223571032145e-13,4.63334094646328e-13,-0.0216723983841283,0.019392532762140036,6.0
HK,1994,R,7,10,14,800,8.393648085999303,"[1.7096805137202738e-05, 8.317050813874548e-05]","[1e-05, 1e-05]",0.18016253943954194,97.57575757575758,97.57575757575758,97,0.0,0.09831703746957439,0.07266564999840089,3.4234081937201513e-13,1.4090694996560903e-12,-0.021804851825748175,0.02416219376027584,6.0
HK,1994,R,8,1,2,802,3.1111833920003846,"[0.00030000000000000003, 0.003]","[0.0002929031948627973, 0.0029268294918612546]",463.78187561035156,0.0,58.13953488372093,97,0.0,6.7999255657196045,9.892260789871216,1.0718863061945965e-18,430.0,-0.026895496249198916,4.034961111843586,7.0
HK,1994,R,8,2,2,804,1.6127933590323664,"[0.0002929031948627973, 0.0029268294918612546]","[0.0002723074641843674, 0.0027144804065905464]",469.0226593017578,96.51162790697674,96.51162790697674,97,0.0,0.725827693939209,0.8212410109117627,3.440372687564543e-20,430.0,-0.02696488499641419,5.504846811294556,7.0
HK,1994,R,8,3,2,806,1.6006636039819568,"[0.0002723074641843674, 0.0027144804065905464]","[0.0002402288615824086, 0.0023837389521772475]",455.9237365722656,0.0,54.651162790697676,97,0.0,3.8827978372573853,5.073439598083496,1.03186801901762e-18,430.0,-0.02726437896490097,3.280799627304077,7.0
HK,1994,R,8,4,2,808,1.6217667069868185,"[0.0002402288615824086, 0.0023837389521772475]","[0.00019980746418436736, 0.0019669804065905465]",460.5085754394531,0.0,3.488372093023256,97,0.0,5.346040487289429,10.583129405975342,6.793458595017849e-19,430.0,-0.027238076925277712,3.603727698326111,7.0
HK,1994,R,8,5,2,810,1.694655134982895,"[0.00019980746418436736, 0.0019669804065905465]","[0.00015499999999999997, 0.001505]",450.4544982910156,2.3255813953488373,3.488372093023256,97,0.0,3.1525784730911255,6.750852823257446,4.296161810122986e-19,430.0,-0.027334773540496828,2.4543864727020264,7.0
HK,1994,R,8,6,2,812,1.6299374190275557,"[0.00015499999999999997, 0.001505]","[0.00011019253581563262, 0.0010430195934094538]",12.90867805480957,48.83720930232558,95.34883720930233,97,0.0,0.7179975807666779,1.2648564577102661,5.067263971541923e-19,1.2066218529148437e-18,-0.027237388491630557,1.753566324710846,7.0
HK,1994,R,8,7,2,814,1.6221078949747607,"[0.00011019253581563262, 0.0010430195934094538]","[6.97711384175914e-05, 0.000626261047822753]",5.8431572914123535,96.51162790697674,100.0,97,0.0,0.1088247112929821,0.13947666808962822,4.67912316928031e-19,1.6818622016635732e-18,-0.027529942989349368,0.8268457353115082,7.0
HK,1994,R,8,8,2,816,1.6045784290181473,"[6.97711384175914e-05, 0.000626261047822753]","[3.769253581563263e-05, 0.0002955195934094538]",3.576192855834961,96.51162790697674,100.0,97,0.0,0.041342453099787235,0.10375342518091202,1.0264773424192184e-17,2.0977975675616143e-17,-0.02741806656122208,0.5078922361135483,7.0
HK,1994,R,8,9,2,818,1.5660883240052499,"[3.769253581563263e-05, 0.0002955195934094538]","[1.7096805137202738e-05, 8.317050813874548e-05]",2.7533516883850098,96.51162790697674,96.51162790697674,97,0.0,0.03101224172860384,0.109053123742342,6.512014785993685e-19,3.996945818842968e-18,-0.027773649990558626,0.39063385128974915,7.0
HK,1994,R,8,10,2,820,1.500033398042433,"[1.7096805137202738e-05, 8.317050813874548e-05]","[1e-05, 1e-05]",2.2795469760894775,96.51162790697674,97.67441860465117,97,0.0,0.03304486162960529,0.10007106885313988,1.8960097302894621e-19,1.3109603991295396e-18,-0.02765215337276459,0.323261022567749,7.0
HK,1994,R,9,1,12,832,10.878466565045528,"[0.00030000000000000003, 0.003]","[0.0002929031948627973, 0.0029268294918612546]",23.752640426158905,28.867924528301888,75.84905660377359,97,0.0,2.4497571747827656,4.8686622433015145,4.100065894904815e-13,0.44166668426866335,-0.02505876533687115,2.6120699271559715,8.0
HK,1994,R,9,2,12,844,6.037193302006926,"[0.0002929031948627973, 0.0029268294918612546]","[0.0002723074641843674, 0.0027144804065905464]",8.814034124215445,36.0377358490566,47.16981132075472,97,0.0,1.4113412783287156,3.5600453739364943,4.904734630463217e-13,0.44166668426866335,-0.025283803169926008,0.8425652893881003,8.0
HK,1994,R,9,3,12,856,6.077269728004467,"[0.0002723074641843674, 0.0027144804065905464]","[0.0002402288615824086, 0.0023837389521772475]",5.776508192221324,74.52830188679245,76.98113207547169,97,0.0,0.7371151881913344,0.7202347931452096,1.0416671929187103e-13,0.44166668426866335,-0.026376963903506596,0.6094293954471747,8.0
HK,1994,R,9,4,12,868,6.232910246995743,"[0.0002402288615824086, 0.0023837389521772475]","[0.00019980746418436736, 0.0019669804065905465]",9.046920935312906,79.43396226415095,80.75471698113208,97,0.0,0.34591498877853155,1.7041729961832364,2.613637239118082e-12,0.44166668426866335,-0.02646643618742625,0.9935447300473849,8.0
HK,1994,R,9,5,12,880,6.180044403008651,"[0.00019980746418436736, 0.0019669804065905465]","[0.00015499999999999997, 0.001505]",5.200835486253102,86.79245283018868,89.24528301886792,97,0.0,0.5194611713134994,0.5156051366745183,1.70023196466308e-13,0.44166668426866335,-0.0272518294552962,0.5551748151580492,8.0
HK,1994,R,9,6,12,892,6.1249793189927,"[0.00015499999999999997, 0.001505]","[0.00011019253581563262, 0.0010430195934094538]",3.8837348918120065,85.66037735849056,92.0754716981132,97,0.0,0.24837068324753395,0.4117844880868991,1.6979036454767666e-11,1.6355815542124044e-11,-0.02746158515413602,0.46139308872322243,8.0
HK,1994,R,9,7,12,904,6.065148791007232,"[0.00011019253581563262, 0.0010430195934094538]","[6.97711384175914e-05, 0.000626261047822753]",7.625414113203685,88.30188679245283,91.50943396226415,97,0.0,0.26841876469552517,0.3363141492009163,1.8792804659246428e-13,2.4843938407843273e-13,-0.027572252104679743,0.9314260830481847,8.0
HK,1994,R,9,8,12,916,6.0606445940211415,"[6.97711384175914e-05, 0.000626261047822753]","[3.769253581563263e-05, 0.0002955195934094538]",1.7950223634640377,93.39622641509433,93.58490566037736,97,0.0,0.3132295161485672,0.27923085788885754,1.0724523274558426e-13,1.9611388600438314e-13,-0.02829812243580818,0.20322921064992747,8.0
HK,1994,R,9,9,12,928,6.290406203013845,"[3.769253581563263e-05, 0.0002955195934094538]","[1.7096805137202738e-05, 8.317050813874548e-05]",2.6000860234101615,94.90566037735849,94.90566037735849,97,0.0,0.2600994495054086,0.1992644645894567,5.496426170981067e-13,9.954717069906398e-13,-0.027788841724395757,0.3093441954503457,8.0
HK,1994,R,9,10,12,940,6.021203423035331,"[1.7096805137202738e-05, 8.317050813874548e-05]","[1e-05, 1e-05]",1.2060786833365758,94.52830188679245,94.52830188679245,97,0.0,0.2678285737832387,0.19627324615915617,9.047681295128849e-14,1.5111624704803867e-13,-0.028416623175144193,0.13497433625161648,8.0
HK,1994,R,10,1,18,958,17.34156647697091,"[0.00030000000000000003, 0.003]","[0.0002929031948627973, 0.0029268294918612546]",17.477763414382935,39.079102715466355,73.78984651711924,97,0.0,3.191046677529812,4.513722022374471,4.010707069935164e-14,0.4705555737018585,-0.028757269680500033,1.607523153639502,9.0
HK,1994,R,10,2,18,976,9.805596049001906,"[0.0002929031948627973, 0.0029268294918612546]","[0.0002723074641843674, 0.0027144804065905464]",32.25893232557509,17.119244391971666,74.73435655253837,97,0.0,2.8038960835999913,10.62710718727774,7.916446910945096e-14,0.4705555737018585,-0.02976200514369541,3.0379041930039725,9.0
HK,1994,R,10,3,18,994,9.676493636972737,"[0.0002723074641843674, 0.0027144804065905464]","[0.0002402288615824086, 0.0023837389521772475]",20.13959815767076,70.6021251475797,76.26918536009445,97,0.0,0.644306142297056,1.1219022211929162,1.714036725291186e-14,0.4705555737018585,-0.030631646679507366,2.1234375834465027,9.0
HK,1994,R,10,4,18,1012,9.86548727704212,"[0.0002402288615824086, 0.0023837389521772475]","[0.00019980746418436736, 0.0019669804065905465]",16.526647117402817,50.76741440377804,95.63164108618655,97,0.0,2.044070923080047,2.6414768397808075,6.657372839683416e-15,0.4705555737018585,-0.031469321747620904,1.6139679120646582,9.0
HK,1994,R,10,5,18,1030,9.81306587002473,"[0.00019980746418436736, 0.0019669804065905465]","[0.00015499999999999997, 0.001505]",22.135420746273464,53.837072018890204,95.04132231404958,97,0.0,1.6389295007619593,1.6066577239996858,4.4850582721662174e-15,0.4705555737018585,-0.03207492017083698,2.290564215845532,9.0
HK,1994,R,10,6,18,1048,10.558393838000484,"[0.00015499999999999997, 0.001505]","[0.00011019253581563262, 0.0010430195934094538]",20.745560725529987,70.3659976387249,89.02007083825265,97,0.0,0.7755896300077438,1.2136864030940666,1.4713703504631087e-14,8.751407515231886e-14,-0.03263851073053148,2.2350119153658548,9.0
HK,1994,R,10,7,18,1066,9.937636671995278,"[0.00011019253581563262, 0.0010430195934094538]","[6.97711384175914e-05, 0.000626261047822753]",11.095134192042881,86.18654073199528,98.93742621015349,97,0.0,0.86618762380547,0.4256850977738698,1.0944175942073388e-13,3.3976210542148987e-13,-0.03297185732258691,1.1886091149515576,9.0
HK,1994,R,10,8,18,1084,10.411515396030154,"[6.97711384175914e-05, 0.000626261047822753]","[3.769253581563263e-05, 0.0002955195934094538]",10.152827554278904,82.76269185360094,98.34710743801652,97,0.0,0.7119380748934216,0.5731456699884601,3.646542964590705e-14,1.0148530594237098e-13,-0.03352136529154248,1.0842208448383543,9.0
HK,1994,R,10,9,18,1102,10.206157464010175,"[3.769253581563263e-05, 0.0002955195934094538]","[1.7096805137202738e-05, 8.317050813874548e-05]",7.900131212340461,89.96458087367178,99.52774498229044,97,0.0,0.35867883844508064,0.31445728118220967,3.527505454455113e-15,1.75147537693832e-14,-0.03369035489029355,0.8566047483020358,9.0
HK,1994,R,10,10,18,1120,9.842505417007487,"[1.7096805137202738e-05, 8.317050813874548e-05]","[1e-05, 1e-05]",4.828025367524889,99.05548996458087,99.64580873671783,97,0.0,0.29445572280221516,0.1621776641243034,5.885404979182499e-15,1.9867095826433363e-14,-0.03357104245159361,0.523265027337604,9.0
HK,1994,R,11,1,35,1155,31.258045999042224,"[0.00030000000000000003, 0.003]","[0.0002929031948627973, 0.0029268294918612546]",21.714282601220265,62.51489868891537,66.626936829559,97,0.0,1.672122004947492,2.9118782058358192,1.4317968507692747e-10,0.4794285910470145,-0.03587521323135921,2.961409434250423,6.666666666666666
HK,1994,R,11,2,35,1190,17.734537029988132,"[0.0002929031948627973, 0.0029268294918612546]","[0.0002723074641843674, 0.0027144804065905464]",22.953003174918038,56.31704410011919,85.51847437425506,97,0.0,1.2963507929018565,4.8278731345066,1.504775111152851e-12,0.4794285910470145,-0.03785487319741931,3.0705032893589563,6.666666666666666
HK,1994,R,11,3,35,1225,18.01596188597614,"[0.0002723074641843674, 0.0027144804065905464]","[0.0002402288615824086, 0.0023837389521772475]",41.26287430354527,53.57568533969011,79.20143027413587,97,0.0,2.120173334543194,5.240659669041634,6.631052844311816e-13,0.4794285910470145,-0.03976970510823386,5.755440844808306,6.666666666666666
HK,1994,R,11,4,35,1260,17.876894904009532,"[0.0002402288615824086, 0.0023837389521772475]","[0.00019980746418436736, 0.0019669804065905465]",19.943807431629725,67.10369487485102,90.58402860548271,97,0.0,0.9200568531240736,2.676245054496186,3.314116274105433e-11,0.4794285910470145,-0.04147861301898957,2.746063593455723,6.666666666666666
HK,1994,R,11,5,35,1295,18.04747449903516,"[0.00019980746418436736, 0.0019669804065905465]","[0.00015499999999999997, 0.001505]",22.70004908697946,79.9761620977354,93.3253873659118,97,0.0,0.5223037708018508,1.1922666841851814,1.660706704329115e-11,0.4794285910470145,-0.04288679131439754,3.2537976673671176,6.666666666666666
HK,1994,R,11,6,35,1330,18.231196532025933,"[0.00015499999999999997, 0.001505]","[0.00011019253581563262, 0.0010430195934094538]",15.41670572417123,77.89034564958284,92.13349225268176,97,0.0,0.867192635259458,1.6645182102120348,2.3042731510935087e-11,2.0338916204632847e-11,-0.044057853732790274,2.19252907208034,6.666666666666666
HK,1994,R,11,7,35,1365,17.897816843993496,"[0.00011019253581563262, 0.0010430195934094538]","[6.97711384175914e-05, 0.000626261047822753]",23.205849947248186,74.79141835518475,91.29916567342075,97,0.0,1.7554129464285715,1.70203754188759,3.729334797419655e-13,1.76472488891974e-12,-0.044966694457190384,3.314750061716352,6.666666666666666
HK,1994,R,11,8,35,1400,18.058323781006038,"[6.97711384175914e-05, 0.000626261047822753]","[3.769253581563263e-05, 0.0002955195934094538]",13.175998163223266,75.74493444576878,90.76281287246722,97,0.0,0.9741357989609242,1.1278828753956727,1.5752351232149088e-13,1.0827403505741046e-12,-0.04553284840924399,1.8781287584986006,6.666666666666666
HK,1994,R,11,9,35,1435,17.699760478979442,"[3.769253581563263e-05, 0.0002955195934094538]","[1.7096805137202738e-05, 8.317050813874548e-05]",8.537018857683455,88.79618593563767,95.64958283671037,97,0.0,0.6172658801078796,0.43176507353782656,9.503045190114564e-13,1.7523750988366551e-12,-0.045913696799959464,1.2349883607455663,6.666666666666666
HK,1994,R,11,10,35,1470,17.507610681990627,"[1.7096805137202738e-05, 8.317050813874548e-05]","[1e-05, 1e-05]",5.369774866104126,96.00715137067938,96.6626936829559,97,0.0,0.42016594324793133,0.22450606599450112,1.2214073650542e-13,3.142843214855491e-13,-0.04609220249312264,0.7801464753491538,6.666666666666666
HK,1995,U,1,1,28,28,25.048974956036545,"[0.00030000000000000003, 0.003]","[0.0002929031948627973, 0.0029268294918612546]",1.2372811786231719,90.20817270624518,90.20817270624518,97,0.0,0.3421045343326666,0.5274069756598454,0.6004824987815435,0.7544596028580729,-0.007176451278584344,0.0,0.0
HK,1995,U,1,2,28,56,14.204874169023242,"[0.0002929031948627973, 0.0029268294918612546]","[0.0002723074641843674, 0.0027144804065905464]",0.48970150510181804,99.15188897455667,99.15188897455667,97,0.0,0.04141778748135572,0.06397621651900964,2.8213194181630647e-12,0.4632143041318549,-0.008644136653414796,0.0,0.0
HK,1995,U,1,3,28,84,14.060386414988898,"[0.0002723074641843674, 0.0027144804065905464]","[0.0002402288615824086, 0.0023837389521772475]",0.4644144176937906,99.30609097918273,99.30609097918273,97,0.0,0.01043594610010347,0.023355642293621526,2.4490961421652372e-15,0.4632143041318549,-0.010063752585223745,0.0,0.0
HK,1995,U,1,4,28,112,14.099555587978102,"[0.0002402288615824086, 0.0023837389521772475]","[0.00019980746418436736, 0.0019669804065905465]",0.4530088544789968,100.0,100.0,97,0.0,0.0018647704643020649,0.0006461541788422842,2.7217884295288208e-15,0.4632143041318549,-0.011042424504246032,0.0,0.0
HK,1995,U,1,5,28,140,14.322079909965396,"[0.00019980746418436736, 0.0019669804065905465]","[0.00015499999999999997, 0.001505]",0.45743692661302965,99.61449498843486,99.61449498843486,97,0.0,0.008168917348240814,0.011795886368713506,7.483414329589087e-16,0.4632143041318549,-0.012432310889874185,0.0,0.0
HK,1995,U,1,6,28,168,14.335016851022374,"[0.00015499999999999997, 0.001505]","[0.00011019253581563262, 0.0010430195934094538]",-0.010857550127963935,99.92289899768697,99.92289899768697,97,0.0,0.001595466923049571,0.005720638696732354,2.701817727212748e-15,5.693834836407611e-11,-0.013296251983514853,0.0,0.0
HK,1995,U,1,7,28,196,14.115950613981113,"[0.00011019253581563262, 0.0010430195934094538]","[6.97711384175914e-05, 0.000626261047822753]",-0.012752366518335683,99.84579799537394,99.84579799537394,97,0.0,0.001325708367886591,0.0026160846872735105,3.9054601601526116e-15,1.640714917059598e-11,-0.014066297534321036,0.0,0.0
HK,1995,U,1,8,28,224,14.174450336024165,"[6.97711384175914e-05, 0.000626261047822753]","[3.769253581563263e-05, 0.0002955195934094538]",-0.011541028207700168,99.84579799537394,99.84579799537394,97,0.0,0.002683334253039301,0.005880665615064221,6.470231681705385e-16,1.0272664749291169e-10,-0.014395694700734955,0.0,0.0
HK,1995,U,1,9,28,252,14.149821657978464,"[3.769253581563263e-05, 0.0002955195934094538]","[1.7096805137202738e-05, 8.317050813874548e-05]",-0.013905559134270464,100.0,100.0,97,0.0,0.0010932476071973593,0.0006532808957503411,4.390099722485546e-16,1.1667348045864124e-11,-0.014487735049000805,0.0,0.0
HK,1995,U,1,10,28,280,13.914444593014196,"[1.7096805137202738e-05, 8.317050813874548e-05]","[1e-05, 1e-05]",-0.013905209139920771,99.92289899768697,99.92289899768697,97,0.0,0.0011261792181263633,0.0014747901576922676,1.712766537688182e-15,4.890894576282825e-11,-0.01477219888142177,0.0,0.0
HK,1995,U,2,1,6,286,6.761821577965748,"[0.00030000000000000003, 0.003]","[0.0002929031948627973, 0.0029268294918612546]",58.4845822652181,76.92307692307692,88.46153846153847,97,0.0,1.5311706730475028,2.703274181423088,1.155659356032303e-13,57.08666801452637,-0.013567085067431131,0.0,0.0
HK,1995,U,2,2,6,292,3.5966533420141786,"[0.0002929031948627973, 0.0029268294918612546]","[0.0002723074641843674, 0.0027144804065905464]",57.073444843292236,100.0,100.0,97,0.0,0.002646713674418303,0.00020943661583198528,1.0950840213024927e-15,57.08666737874349,-0.014173052211602527,0.0,0.0
HK,1995,U,2,3,6,298,3.582260145980399,"[0.0002723074641843674, 0.0027144804065905464]","[0.0002402288615824086, 0.0023837389521772475]",57.0721386273702,100.0,100.0,97,0.0,6.454807517760248e-05,6.679718517976774e-05,5.73819382284597e-14,57.08666801452637,-0.01457286129395167,0.0,0.0
HK,1995,U,2,4,6,304,3.611021668999456,"[0.0002402288615824086, 0.0023837389521772475]","[0.00019980746418436736, 0.0019669804065905465]",57.08523813883463,99.65034965034965,99.65034965034965,97,0.0,0.002546827016961591,0.03721241017111273,2.5981396711288336e-14,57.08666706085205,-0.014681244393189748,0.0,0.0
HK,1995,U,2,5,6,310,3.609028472972568,"[0.00019980746418436736, 0.0019669804065905465]","[0.00015499999999999997, 0.001505]",57.07502460479736,99.65034965034965,99.65034965034965,97,0.0,0.0008123231655948379,0.009300188409620583,2.9200450510619144e-15,57.08666865030924,-0.015015769501527151,0.0,0.0
HK,1995,U,2,6,6,316,3.6342576439492404,"[0.00015499999999999997, 0.001505]","[0.00011019253581563262, 0.0010430195934094538]",-0.015113565294692913,100.0,100.0,97,0.0,0.00033523408189258436,0.00029645145544539747,4.591247766629308e-16,5.269925990907815e-12,-0.01532412643233935,0.0,0.0
HK,1995,U,2,7,6,322,3.7975506520015188,"[0.00011019253581563262, 0.0010430195934094538]","[6.97711384175914e-05, 0.000626261047822753]",-0.01542130500699083,100.0,100.0,97,0.0,2.2153665440782788e-05,3.5561166233932795e-08,1.7952482641643828e-17,2.841913408884363e-12,-0.015428701043128967,0.0,0.0
HK,1995,U,2,8,6,328,3.8185464239795692,"[6.97711384175914e-05, 0.000626261047822753]","[3.769253581563263e-05, 0.0002955195934094538]",-0.015446277180065712,100.0,100.0,97,0.0,6.983249077544922e-05,1.1134411274464166e-07,4.027791382269483e-18,3.4011572583921706e-12,-0.01546959107120832,0.0,0.0
HK,1995,U,2,9,6,334,3.6175581730203703,"[3.769253581563263e-05, 0.0002955195934094538]","[1.7096805137202738e-05, 8.317050813874548e-05]",-0.015427740290760994,100.0,100.0,97,0.0,0.0002523784102474262,5.16564631491967e-06,2.5549816835332134e-14,8.49591455220697e-12,-0.015513588488101962,0.0,0.0
HK,1995,U,2,10,6,340,3.6584299950045533,"[1.7096805137202738e-05, 8.317050813874548e-05]","[1e-05, 1e-05]",-0.015384609655787548,100.0,100.0,97,0.0,0.00045261988212056775,3.924149415161319e-05,1.2446855866213657e-18,1.091475566973472e-10,-0.015548563003540043,0.0,0.0
HK,1995,U,3,1,11,351,11.42702551203547,"[0.00030000000000000003, 0.003]","[0.0002929031948627973, 0.0029268294918612546]",6.0990523865277115,73.5234215885947,93.07535641547861,97,0.0,2.8137025675925997,5.998507740817414,1.651481305819047e-09,3.170909219844775,-0.009260092133825476,0.0,0.0
HK,1995,U,3,2,11,362,6.401638505980372,"[0.0002929031948627973, 0.0029268294918612546]","[0.0002723074641843674, 0.0027144804065905464]",3.1876380795782264,99.59266802443992,99.59266802443992,97,0.0,0.031258251388929376,0.04752605735804094,3.046039993397151e-17,3.170909188010476,-0.00953252071684057,0.0,0.0
HK,1995,U,3,3,11,373,6.476014000014402,"[0.0002723074641843674, 0.0027144804065905464]","[0.0002402288615824086, 0.0023837389521772475]",3.1649652976881373,99.79633401221996,99.79633401221996,97,0.0,0.0036273735755724024,0.008999510873292276,5.057731122015034e-15,3.170909219844775,-0.010153018209067258,0.0,0.0
HK,1995,U,3,4,11,384,6.49474527098937,"[0.0002402288615824086, 0.0023837389521772475]","[0.00019980746418436736, 0.0019669804065905465]",3.164046389812773,99.79633401221996,99.79633401221996,97,0.0,0.006686748660650595,0.005451301367451513,4.299847841509962e-16,3.1709091764959423,-0.010908820005980403,0.0,0.0
HK,1995,U,3,5,11,395,6.380802414030768,"[0.00019980746418436736, 0.0019669804065905465]","[0.00015499999999999997, 0.001505]",3.1599439958279785,100.0,100.0,97,0.0,0.0002424933173933946,9.432473840810151e-05,-2.9190527435947795e-17,3.170909219844775,-0.011077446693723854,0.0,0.0
HK,1995,U,3,6,11,406,6.388122064003255,"[0.00015499999999999997, 0.001505]","[0.00011019253581563262, 0.0010430195934094538]",-0.010101881428537044,99.79633401221996,99.79633401221996,97,0.0,0.0019432307315340078,0.0024266814192135996,-6.700823100129084e-18,5.625119898563249e-10,-0.011558519236066126,0.0,0.0
HK,1995,U,3,7,11,417,6.266420288011432,"[0.00011019253581563262, 0.0010430195934094538]","[6.97711384175914e-05, 0.000626261047822753]",-0.011804505420679396,100.0,100.0,97,0.0,5.607094881425341e-05,5.570564289241792e-06,1.2886334474858705e-17,1.4961328243510218e-10,-0.011825052581050181,0.0,0.0
HK,1995,U,3,8,11,428,6.388348592969123,"[6.97711384175914e-05, 0.000626261047822753]","[3.769253581563263e-05, 0.0002955195934094538]",-0.011801928197118368,100.0,100.0,97,0.0,0.0004231095102475183,2.3712890899913415e-05,-1.7628492677477767e-18,1.58964783629224e-10,-0.011950868977741762,0.0,0.0
HK,1995,U,3,9,11,439,6.581413945008535,"[3.769253581563263e-05, 0.0002955195934094538]","[1.7096805137202738e-05, 8.317050813874548e-05]",-0.01210037288679318,100.0,100.0,97,0.0,0.0001250749908810921,6.563639379402792e-06,-6.094628164349451e-19,5.388463218025984e-11,-0.012144252319227566,0.0,0.0
HK,1995,U,3,10,11,450,6.212221973983105,"[1.7096805137202738e-05, 8.317050813874548e-05]","[1e-05, 1e-05]",-0.012095908803695982,100.0,100.0,97,0.0,3.072964139113924e-05,6.593744398163505e-07,-1.6793525027841372e-18,1.6521098217726892e-10,-0.012106371874159035,0.0,0.0
HK,1995,U,4,1,12,462,11.741812955006026,"[0.00030000000000000003, 0.003]","[0.0002929031948627973, 0.0029268294918612546]",4.230888155599435,74.03508771929825,89.82456140350877,97,0.0,4.14346499473686,7.18098754201781,4.3500527280771746e-13,0.4750000188748042,-0.018929494296511015,0.0,0.0
HK,1995,U,4,2,12,474,6.565535496978555,"[0.0002929031948627973, 0.0029268294918612546]","[0.0002723074641843674, 0.0027144804065905464]",0.46149036784966785,99.82456140350877,99.82456140350877,97,0.0,0.009259053823920263,0.00874347567552014,1.585392147371655e-17,0.4750000188748042,-0.019510485976934434,0.0,0.0
HK,1995,U,4,3,12,486,6.558941057999618,"[0.0002723074641843674, 0.0027144804065905464]","[0.0002402288615824086, 0.0023837389521772475]",0.45502064873774845,100.0,100.0,97,0.0,0.000704792953655442,7.600662014883852e-06,2.4995908965267873e-17,0.4750000188748042,-0.020216838146249458,0.0,0.0
HK,1995,U,4,4,12,498,6.692367553012446,"[0.0002402288615824086, 0.0023837389521772475]","[0.00019980746418436736, 0.0019669804065905465]",0.4543806115786235,100.0,100.0,97,0.0,0.0004116736023037267,4.1244363779206296e-05,6.94778731702946e-15,0.4750000188748042,-0.020770384992162386,0.0,0.0
HK,1995,U,4,5,12,510,6.537264025013428,"[0.00019980746418436736, 0.0019669804065905465]","[0.00015499999999999997, 0.001505]",0.4539815957347552,100.0,100.0,97,0.0,0.0006093455625215682,8.952993934681815e-05,1.1505799909249998e-18,0.4750000188748042,-0.02125138392051061,0.0,0.0
HK,1995,U,4,6,12,522,6.536772507010028,"[0.00015499999999999997, 0.001505]","[0.00011019253581563262, 0.0010430195934094538]",-0.02049071784131229,100.0,100.0,97,0.0,0.0029456081243347163,8.258766558385162e-05,3.764904925545923e-16,2.119565775904005e-11,-0.021500116338332497,0.0,0.0
HK,1995,U,4,7,12,534,6.69232141203247,"[0.00011019253581563262, 0.0010430195934094538]","[6.97711384175914e-05, 0.000626261047822753]",-0.02193876914680004,100.0,100.0,97,0.0,0.00012312572751937978,8.786375553904158e-06,1.8050766143110428e-18,1.1701032949004736e-12,-0.021982739989956226,0.0,0.0
HK,1995,U,4,8,12,546,6.541181951004546,"[6.97711384175914e-05, 0.000626261047822753]","[3.769253581563263e-05, 0.0002955195934094538]",-0.02217341385160883,100.0,100.0,97,0.0,0.00014081190336886115,1.2488146145332262e-06,6.8723820651102026e-18,1.6449226438011765e-12,-0.02222076691687107,0.0,0.0
HK,1995,U,4,9,12,558,6.7506313000340015,"[3.769253581563263e-05, 0.0002955195934094538]","[1.7096805137202738e-05, 8.317050813874548e-05]",-0.022196399047970772,100.0,100.0,97,0.0,0.0001544953435121954,5.227108446189307e-05,6.16897048738198e-17,1.0754589614810696e-11,-0.02226532114048799,0.0,0.0
HK,1995,U,4,10,12,570,6.757277032011189,"[1.7096805137202738e-05, 8.317050813874548e-05]","[1e-05, 1e-05]",-0.022240894380956888,100.0,100.0,97,0.0,0.000707634862353738,1.0428761124744076e-05,1.5951212304460548e-17,3.8063486807311765e-12,-0.022480248535672823,0.0,0.0
HK,1995,U,5,1,16,586,14.787688522948883,"[0.00030000000000000003, 0.003]","[0.0002929031948627973, 0.0029268294918612546]",59.935402028262615,71.04194857916103,91.74560216508796,97,0.0,6.672204285743646,12.603921027184697,1.9086315093611446e-14,53.53375199157745,-0.0237253675237298,0.0,0.0
HK,1995,U,5,2,16,602,8.27747506002197,"[0.0002929031948627973, 0.0029268294918612546]","[0.0002723074641843674, 0.0027144804065905464]",53.52392667531967,99.45872801082544,99.45872801082544,97,0.0,0.022059576691390248,0.022469769999020173,3.2395306832187385e-17,53.53375178575516,-0.024668252002447842,0.0,0.0
HK,1995,U,5,3,16,618,8.126972181955352,"[0.0002723074641843674, 0.0027144804065905464]","[0.0002402288615824086, 0.0023837389521772475]",53.515456676483154,99.45872801082544,99.45872801082544,97,0.0,0.009929985221276638,0.012308409020934719,2.1011008931430057e-17,53.533751487731934,-0.025707332789897917,0.0,0.0
HK,1995,U,5,4,16,634,8.08128794998629,"[0.0002402288615824086, 0.0023837389521772475]","[0.00019980746418436736, 0.0019669804065905465]",53.51740038394928,99.45872801082544,99.45872801082544,97,0.0,0.014922979475159082,0.014864517476041783,1.1149469350323002e-16,53.53375196456909,-0.026280973665416242,0.0,0.0
HK,1995,U,5,5,16,650,8.078671352006495,"[0.00019980746418436736, 0.0019669804065905465]","[0.00015499999999999997, 0.001505]",53.50926446914673,99.86468200270636,99.86468200270636,97,0.0,0.004500339854530466,0.0029045357255768067,5.485435446073281e-17,53.533750772476196,-0.02695425804704428,0.0,0.0
HK,1995,U,5,6,16,666,8.193710153980646,"[0.00015499999999999997, 0.001505]","[0.00011019253581563262, 0.0010430195934094538]",-0.026398652349598706,100.0,100.0,97,0.0,0.0030160935743879236,0.0008425267928089397,1.96419648419616e-16,2.2377271662281187e-14,-0.02768485862761736,0.0,0.0
HK,1995,U,5,7,16,682,8.13715212000534,"[0.00011019253581563262, 0.0010430195934094538]","[6.97711384175914e-05, 0.000626261047822753]",-0.02553875622106716,99.86468200270636,99.86468200270636,97,0.0,0.005412910338236543,0.0023450047322342016,1.0154978332003421e-16,1.179492926294305e-13,-0.0281247278675437,0.0,0.0
HK,1995,U,5,8,16,698,8.253425834001973,"[6.97711384175914e-05, 0.000626261047822753]","[3.769253581563263e-05, 0.0002955195934094538]",-0.027420958736911416,100.0,100.0,97,0.0,0.002211493497270567,0.00073484357771747,3.37891423031554e-16,7.328307574843894e-14,-0.02840307019650936,0.0,0.0
HK,1995,U,5,9,16,714,8.32717095897533,"[3.769253581563263e-05, 0.0002955195934094538]","[1.7096805137202738e-05, 8.317050813874548e-05]",-0.027763023506850004,100.0,100.0,97,0.0,0.0017924202575159143,0.00032463686869732555,7.410986595276486e-17,1.536280748501209e-13,-0.028468708880245688,0.0,0.0
HK,1995,U,5,10,16,730,8.14652066299459,"[1.7096805137202738e-05, 8.317050813874548e-05]","[1e-05, 1e-05]",-0.02810364554170519,100.0,100.0,97,0.0,0.0013943080048193224,0.00019976768538754186,2.7938301856336484e-16,1.1679240355459393e-13,-0.028635003976523875,0.0,0.0
HK,1995,U,6,1,1,731,1.6602664209785871,"[0.00030000000000000003, 0.003]","[0.0002929031948627973, 0.0029268294918612546]",324.93536376953125,0.0,37.93103448275862,97,0.0,33.372108459472656,71.5141830444336,1.2045827490591698e-14,290.0,-0.026735854148864747,0.0,0.0
HK,1995,U,6,2,1,732,0.8317372290184721,"[0.0002929031948627973, 0.0029268294918612546]","[0.0002723074641843674, 0.0027144804065905464]",313.9263610839844,0.0,55.172413793103445,97,0.0,23.37588119506836,48.48513412475586,7.878312734718555e-15,290.0,-0.027317294478416444,0.0,0.0
HK,1995,U,6,3,1,733,0.8128879819996655,"[0.0002723074641843674, 0.0027144804065905464]","[0.0002402288615824086, 0.0023837389521772475]",303.52801513671875,0.0,62.06896551724138,97,0.0,14.017332077026367,26.648866653442383,5.287097494565459e-15,290.0,-0.02738027274608612,0.0,0.0
HK,1995,U,6,4,1,734,0.8067286510486156,"[0.0002402288615824086, 0.0023837389521772475]","[0.00019980746418436736, 0.0019669804065905465]",294.0997314453125,27.586206896551722,82.75862068965517,97,0.0,5.428043842315674,6.952195644378662,5.139563498098368e-14,290.0,-0.027016812562942506,0.0,0.0
HK,1995,U,6,5,1,735,0.8107649469748139,"[0.00019980746418436736, 0.0019669804065905465]","[0.00015499999999999997, 0.001505]",290.54864501953125,89.65517241379311,93.10344827586206,97,0.0,1.3887242078781128,0.33858367800712585,6.277702526379363e-15,290.0,-0.027136656641960147,0.0,0.0
HK,1995,U,6,6,1,736,0.7886786560411565,"[0.00015499999999999997, 0.001505]","[0.00011019253581563262, 0.0010430195934094538]",0.24712198972702026,89.65517241379311,89.65517241379311,97,0.0,0.5082672238349915,0.3155093789100647,1.40235502666361e-16,1.303159659955149e-15,-0.02747023403644562,0.0,0.0
HK,1995,U,6,7,1,737,0.8011233119759709,"[0.00011019253581563262, 0.0010430195934094538]","[6.97711384175914e-05, 0.000626261047822753]",0.1306733936071396,89.65517241379311,89.65517241379311,97,0.0,0.22969818115234375,0.2432090789079666,7.590896985660634e-16,8.771156611892157e-15,-0.02696235179901123,0.0,0.0
HK,1995,U,6,8,1,738,0.8077775940182619,"[6.97711384175914e-05, 0.000626261047822753]","[3.769253581563263e-05, 0.0002955195934094538]",0.12655848264694214,89.65517241379311,89.65517241379311,97,0.0,0.2180328071117401,0.24399296939373016,2.409675062551496e-16,2.1804398361185452e-15,-0.027450102567672732,0.0,0.0
HK,1995,U,6,9,1,739,0.802732826967258,"[3.769253581563263e-05, 0.0002955195934094538]","[1.7096805137202738e-05, 8.317050813874548e-05]",0.13816022872924805,89.65517241379311,89.65517241379311,97,0.0,0.2554348409175873,0.24244049191474915,6.725975629002609e-17,9.564948032697368e-16,-0.027798214554786684,0.0,0.0
HK,1995,U,6,10,1,740,0.8102528640301898,"[1.7096805137202738e-05, 8.317050813874548e-05]","[1e-05, 1e-05]",0.11048867553472519,93.10344827586206,93.10344827586206,97,0.0,0.19928613305091858,0.21293088793754578,2.8670310318170474e-16,5.2645189843234484e-15,-0.026917004585266115,0.0,0.0
HK,1995,U,7,1,3,743,3.690136062039528,"[0.00030000000000000003, 0.003]","[0.0002929031948627973, 0.0029268294918612546]",30.516313751538593,22.55639097744361,45.11278195488722,97,0.0,9.959516207377115,20.39980512857437,8.027765401983336e-14,20.42333447933197,-0.026795654495557153,0.0,0.0
HK,1995,U,7,2,3,746,2.0124074749764986,"[0.0002929031948627973, 0.0029268294918612546]","[0.0002723074641843674, 0.0027144804065905464]",20.70295588175456,95.48872180451127,95.48872180451127,97,0.0,0.25810353457927704,0.6615629692872366,4.42921181676823e-16,20.42333475748698,-0.026934524377187092,0.0,0.0
HK,1995,U,7,3,3,749,1.9863020689808764,"[0.0002723074641843674, 0.0027144804065905464]","[0.0002402288615824086, 0.0023837389521772475]",20.735474904378254,95.48872180451127,95.48872180451127,97,0.0,0.29480016728242237,0.7234809100627899,5.3354805525256616e-17,20.4233341217041,-0.027286173899968468,0.0,0.0
HK,1995,U,7,4,3,752,1.983722185017541,"[0.0002402288615824086, 0.0023837389521772475]","[0.00019980746418436736, 0.0019669804065905465]",20.544555346171062,96.2406015037594,96.2406015037594,97,0.0,0.14111626396576563,0.304616196701924,8.805368819122417e-17,20.4233341217041,-0.02735630174477895,0.0,0.0
HK,1995,U,7,5,3,755,2.079933342000004,"[0.00019980746418436736, 0.0019669804065905465]","[0.00015499999999999997, 0.001505]",20.4802303314209,95.48872180451127,95.48872180451127,97,0.0,0.1041694146891435,0.1486035411556562,2.2769286458045832e-15,20.42333475748698,-0.027362545331319172,0.0,0.0
HK,1995,U,7,6,3,758,2.1349170089815743,"[0.00015499999999999997, 0.001505]","[0.00011019253581563262, 0.0010430195934094538]",0.007834257557988167,97.74436090225564,97.74436090225564,97,0.0,0.05539927010734876,0.050990830486019455,3.560224249357726e-15,2.7083224607255403e-13,-0.027629109223683678,0.0,0.0
HK,1995,U,7,7,3,761,2.008535139961168,"[0.00011019253581563262, 0.0010430195934094538]","[6.97711384175914e-05, 0.000626261047822753]",0.005300736675659816,97.74436090225564,97.74436090225564,97,0.0,0.04171779938042164,0.058097400392095246,9.386306521437801e-16,5.98996646916546e-14,-0.027970998485883077,0.0,0.0
HK,1995,U,7,8,3,764,2.0631703860126436,"[6.97711384175914e-05, 0.000626261047822753]","[3.769253581563263e-05, 0.0002955195934094538]",-0.009820218198001385,98.49624060150376,98.49624060150376,97,0.0,0.024754148597518604,0.028577689702312153,1.487135551382658e-15,1.0734299815685427e-13,-0.027597498893737794,0.0,0.0
HK,1995,U,7,9,3,767,2.032161644019652,"[3.769253581563263e-05, 0.0002955195934094538]","[1.7096805137202738e-05, 8.317050813874548e-05]",-0.012898439851899942,98.49624060150376,98.49624060150376,97,0.0,0.02624817192554474,0.018029586412012577,2.169005879535717e-15,1.0206936298043599e-13,-0.02765769263108572,0.0,0.0
HK,1995,U,7,10,3,770,2.095222914009355,"[1.7096805137202738e-05, 8.317050813874548e-05]","[1e-05, 1e-05]",-0.009215541804830233,99.24812030075188,99.24812030075188,97,0.0,0.034640056236336626,0.020687572270010907,5.74578266146023e-16,2.1469922555662307e-14,-0.02765808304150899,0.0,0.0
HK,1995,U,8,1,7,777,7.18733105197316,"[0.00030000000000000003, 0.003]","[0.0002929031948627973, 0.0029268294918612546]",43.388704436165945,50.798722044728436,93.29073482428115,97,0.0,7.148464638739824,14.723423385759816,3.039437489940376e-11,36.125715255737305,-0.027640000837189815,0.0,0.0
HK,1995,U,8,2,7,784,3.933086093980819,"[0.0002929031948627973, 0.0029268294918612546]","[0.0002723074641843674, 0.0027144804065905464]",36.10925946916853,99.04153354632588,99.04153354632588,97,0.0,0.014216135472192295,0.019893409833977267,7.410728319228168e-09,36.125715664454866,-0.027826949528285436,0.0,0.0
HK,1995,U,8,3,7,791,3.776704633026384,"[0.0002723074641843674, 0.0027144804065905464]","[0.0002402288615824086, 0.0023837389521772475]",36.107521725552424,99.68051118210863,99.68051118210863,97,0.0,0.007079495117068291,0.023335532159243094,1.3101362027341191e-13,36.1257153238569,-0.028331072841371815,0.0,0.0
HK,1995,U,8,4,7,798,3.971910762018524,"[0.0002402288615824086, 0.0023837389521772475]","[0.00019980746418436736, 0.0019669804065905465]",36.10590744018555,99.36102236421725,99.36102236421725,97,0.0,0.016278735079270388,0.01020656606384104,2.0939015996888992e-12,36.125715664454866,-0.028636581131390167,0.0,0.0
HK,1995,U,8,5,7,805,3.924608502013143,"[0.00019980746418436736, 0.0019669804065905465]","[0.00015499999999999997, 0.001505]",36.09945896693638,100.0,100.0,97,0.0,0.00429171063504847,0.0031648578793205422,6.153816306794802e-13,36.12571593693325,-0.028742011104311266,0.0,0.0
HK,1995,U,8,6,7,812,3.9626067419885658,"[0.00015499999999999997, 0.001505]","[0.00011019253581563262, 0.0010430195934094538]",-0.02841419859656266,100.0,100.0,97,0.0,0.0011998065414705447,0.0007682261344988157,4.1398857924585646e-13,1.384533003613353e-10,-0.029070209179605757,0.0,0.0
HK,1995,U,8,7,7,819,3.978733818978071,"[0.00011019253581563262, 0.0010430195934094538]","[6.97711384175914e-05, 0.000626261047822753]",-0.0289017382477011,100.0,100.0,97,0.0,0.0005885449125863877,0.000211703806469034,6.223155840801366e-13,7.817130129752692e-11,-0.029168487020901277,0.0,0.0
HK,1995,U,8,8,7,826,4.020885640988126,"[6.97711384175914e-05, 0.000626261047822753]","[3.769253581563263e-05, 0.0002955195934094538]",-0.028941843126501356,100.0,100.0,97,0.0,0.0011466496133445097,0.0004909264376432734,2.187938418827119e-12,1.720070476110103e-10,-0.029487701824733197,0.0,0.0
HK,1995,U,8,9,7,833,3.9562341250129975,"[3.769253581563263e-05, 0.0002955195934094538]","[1.7096805137202738e-05, 8.317050813874548e-05]",-0.029139207942145213,100.0,100.0,97,0.0,0.0007002470041957817,0.00022966844387285943,1.8102984998481164e-12,9.835807418693757e-11,-0.029449178917067394,0.0,0.0
HK,1995,U,8,10,7,840,3.986236408993136,"[1.7096805137202738e-05, 8.317050813874548e-05]","[1e-05, 1e-05]",-0.02877530748290675,100.0,100.0,97,0.0,0.0015921258974620806,0.0007320313302443537,3.2865017278094747e-13,4.0836174201525624e-11,-0.02955002614430019,0.0,0.0
HK,1995,U,9,1,19,859,18.109801226004492,"[0.00030000000000000003, 0.003]","[0.0002929031948627973, 0.0029268294918612546]",3.9840694163974963,83.646408839779,96.79558011049724,97,0.0,4.071093225572871,6.537876322265028,6.764766982284276e-13,0.4763158089236209,-0.028569709156688893,0.0,0.0
HK,1995,U,9,2,19,878,10.120580625953153,"[0.0002929031948627973, 0.0029268294918612546]","[0.0002723074641843674, 0.0027144804065905464]",0.4545609778479526,99.55801104972376,99.55801104972376,97,0.0,0.008301191540483973,0.01582097112718896,1.3425896196859397e-13,0.4763158089236209,-0.029795551770611814,0.0,0.0
HK,1995,U,9,3,19,897,10.08656648703618,"[0.0002723074641843674, 0.0027144804065905464]","[0.0002402288615824086, 0.0023837389521772475]",0.44880613214091253,99.77900552486187,99.77900552486187,97,0.0,0.003219840927876679,0.00617190109608744,1.3285458054662103e-13,0.4763158089236209,-0.03064025640487671,0.0,0.0
HK,1995,U,9,4,19,916,9.99197103397455,"[0.0002402288615824086, 0.0023837389521772475]","[0.00019980746418436736, 0.0019669804065905465]",0.44684253711449473,99.88950276243094,99.88950276243094,97,0.0,0.0023181326626064746,0.0038146677847850554,3.414921165119836e-14,0.4763158089236209,-0.03151754078112151,0.0,0.0
HK,1995,U,9,5,19,935,9.946118060033768,"[0.00019980746418436736, 0.0019669804065905465]","[0.00015499999999999997, 0.001505]",0.44432518043016134,100.0,100.0,97,0.0,0.0006149558635355023,0.0005131944510235611,6.998814540178262e-15,0.4763158089236209,-0.03236667372678456,0.0,0.0
HK,1995,U,9,6,19,954,10.32627749099629,"[0.00015499999999999997, 0.001505]","[0.00011019253581563262, 0.0010430195934094538]",-0.03261515596195271,100.0,100.0,97,0.0,0.00040275180177367904,0.00023402756448233144,8.943634651566598e-14,8.723575865900976e-12,-0.032827414964374746,0.0,0.0
HK,1995,U,9,7,19,973,10.137172101996839,"[0.00011019253581563262, 0.0010430195934094538]","[6.97711384175914e-05, 0.000626261047822753]",-0.033028506330753625,100.0,100.0,97,0.0,0.0003999066707604614,0.00028138743427438096,1.6598107413585956e-13,9.995218684170445e-12,-0.03325560312522085,0.0,0.0
HK,1995,U,9,8,19,992,10.681771975010633,"[6.97711384175914e-05, 0.000626261047822753]","[3.769253581563263e-05, 0.0002955195934094538]",-0.03351626819685886,100.0,100.0,97,0.0,0.00021061626294364318,9.61446628360519e-05,3.0463484089951507e-13,1.8869886461758178e-11,-0.033618520906097016,0.0,0.0
HK,1995,U,9,9,19,1011,10.114331221033353,"[3.769253581563263e-05, 0.0002955195934094538]","[1.7096805137202738e-05, 8.317050813874548e-05]",-0.03370653308535877,100.0,100.0,97,0.0,0.000256173964053711,0.0001329959034735925,5.597501177275453e-14,6.117130171306602e-12,-0.03383625557548122,0.0,0.0
HK,1995,U,9,10,19,1030,10.055988504027482,"[1.7096805137202738e-05, 8.317050813874548e-05]","[1e-05, 1e-05]",-0.03358830080220574,100.0,100.0,97,0.0,0.0004800669927422668,0.00026739079160171587,3.909730340876073e-14,3.751488776532323e-12,-0.03383745284456956,0.0,0.0
HK,1995,U,10,1,16,1046,14.834151464980096,"[0.00030000000000000003, 0.003]","[0.0002929031948627973, 0.0029268294918612546]",17.05179056711495,73.47480106100795,92.83819628647215,97,0.0,4.5369435940774565,11.611653099989326,4.747646418352539e-18,11.710000485181808,-0.0410755543038249,0.0,0.0
HK,1995,U,10,2,16,1062,8.653411096020136,"[0.0002929031948627973, 0.0029268294918612546]","[0.0002723074641843674, 0.0027144804065905464]",11.711312521249056,98.14323607427056,98.14323607427056,97,0.0,0.042867256065619586,0.08736257948183201,1.7886480914628825e-19,11.710000395774841,-0.04209822379052639,0.0,0.0
HK,1995,U,10,3,16,1078,8.12758724897867,"[0.0002723074641843674, 0.0027144804065905464]","[0.0002402288615824086, 0.0023837389521772475]",11.676852885633707,99.60212201591511,99.60212201591511,97,0.0,0.019711946184543194,0.010025956931713154,6.937104290422573e-19,11.710000544786453,-0.043060271628201016,0.0,0.0
HK,1995,U,10,4,16,1094,8.374418561987113,"[0.0002402288615824086, 0.0023837389521772475]","[0.00019980746418436736, 0.0019669804065905465]",11.670958852395415,99.86737400530504,99.86737400530504,97,0.0,0.006674662308796542,0.007994024723302573,8.585462647294566e-19,11.710000336170197,-0.043931463733315475,0.0,0.0
HK,1995,U,10,5,16,1110,8.59084029798396,"[0.00019980746418436736, 0.0019669804065905465]","[0.00015499999999999997, 0.001505]",11.6748878788203,99.60212201591511,99.60212201591511,97,0.0,0.013458310192618228,0.015179763692117376,3.696876856096044e-19,11.710000485181808,-0.04465855788439513,0.0,0.0
HK,1995,U,10,6,16,1126,8.406174925970845,"[0.00015499999999999997, 0.001505]","[0.00011019253581563262, 0.0010430195934094538]",-0.04099252540618181,99.73474801061008,99.73474801061008,97,0.0,0.007311466275496059,0.005355715920700277,2.943483350248255e-18,5.431471173701948e-17,-0.045214918255805966,0.0,0.0
HK,1995,U,10,7,16,1142,8.192405903013423,"[0.00011019253581563262, 0.0010430195934094538]","[6.97711384175914e-05, 0.000626261047822753]",-0.04254548507742584,99.60212201591511,99.60212201591511,97,0.0,0.00521052407566458,0.004077520508189991,2.5182739590114625e-19,2.216888255213259e-17,-0.04564149938523769,0.0,0.0
HK,1995,U,10,8,16,1158,8.23349459801102,"[6.97711384175914e-05, 0.000626261047822753]","[3.769253581563263e-05, 0.0002955195934094538]",-0.04363119741901755,99.86737400530504,99.86737400530504,97,0.0,0.00405894813593477,0.002996894953867013,1.2045205861939347e-18,4.774349687555824e-17,-0.045983145199716094,0.0,0.0
HK,1995,U,10,9,16,1174,8.204551458009519,"[3.769253581563263e-05, 0.0002955195934094538]","[1.7096805137202738e-05, 8.317050813874548e-05]",-0.04377461294643581,99.86737400530504,99.86737400530504,97,0.0,0.003980867946665967,0.0028949757042937563,3.5109397014592983e-19,1.0631318517734793e-17,-0.04606656059622764,0.0,0.0
HK,1995,U,10,10,16,1190,8.270840088021941,"[1.7096805137202738e-05, 8.317050813874548e-05]","[1e-05, 1e-05]",-0.044153497787192464,99.86737400530504,99.86737400530504,97,0.0,0.003799819816777017,0.0024638630839035613,2.4917244019695295e-18,3.623235059501941e-17,-0.04624139033257962,0.0,0.0
HK,1995,U,11,1,28,1218,26.038499341986608,"[0.00030000000000000003, 0.003]","[0.0002929031948627973, 0.0029268294918612546]",33.179809402142254,77.45398773006134,83.97239263803681,97,0.0,2.7533007500959292,6.661118312992455,1.8253283658179426e-11,30.07892962864467,-0.03725997975894383,0.0,0.0
HK,1995,U,11,2,28,1246,14.664419952954631,"[0.0002929031948627973, 0.0029268294918612546]","[0.0002723074641843674, 0.0027144804065905464]",30.05580945685506,100.0,100.0,97,0.0,0.04573916297938142,0.000526183466027825,1.8802688285919285e-14,30.078929631571686,-0.03854197306292397,0.0,0.0
HK,1995,U,11,3,28,1274,14.228554302011617,"[0.0002723074641843674, 0.0027144804065905464]","[0.0002402288615824086, 0.0023837389521772475]",30.043115012347698,100.0,100.0,97,0.0,0.011651208424674613,0.00018340778374132633,1.8278486519383643e-15,30.078929614541785,-0.039759778231382374,0.0,0.0
HK,1995,U,11,4,28,1302,14.188012966013048,"[0.0002402288615824086, 0.0023837389521772475]","[0.00019980746418436736, 0.0019669804065905465]",30.041098316599214,100.0,100.0,97,0.0,0.009861470948505615,0.00015527332653216978,6.452094712904998e-16,30.07892969969128,-0.04117041613374437,0.0,0.0
HK,1995,U,11,5,28,1330,14.608213454019278,"[0.00019980746418436736, 0.0019669804065905465]","[0.00015499999999999997, 0.001505]",30.039114475250244,100.0,100.0,97,0.0,0.006516213204512107,0.0001279893664626489,2.9769235870899363e-15,30.07892976488386,-0.04202972427010536,0.0,0.0
HK,1995,U,11,6,28,1358,14.328594891005196,"[0.00015499999999999997, 0.001505]","[0.00011019253581563262, 0.0010430195934094538]",-0.04099889538650002,100.0,100.0,97,0.0,0.005335802216515211,4.564785663165237e-05,2.5704612268848003e-15,1.2234520756227587e-10,-0.04279271119407246,0.0,0.0
HK,1995,U,11,7,28,1386,14.500099591969047,"[0.00011019253581563262, 0.0010430195934094538]","[6.97711384175914e-05, 0.000626261047822753]",-0.04207915559943233,100.0,100.0,97,0.0,0.004077633306483871,7.16537724712347e-05,1.4639405252496255e-14,5.317203235542473e-10,-0.043462251765387414,0.0,0.0
HK,1995,U,11,8,28,1414,14.370796269970015,"[6.97711384175914e-05, 0.000626261047822753]","[3.769253581563263e-05, 0.0002955195934094538]",-0.042891550809144974,100.0,100.0,97,0.0,0.002961524795474751,3.6125056523823264e-05,2.561034222326554e-17,3.025755787946499e-13,-0.043890766693013054,0.0,0.0
HK,1995,U,11,9,28,1442,14.472941371030174,"[3.769253581563263e-05, 0.0002955195934094538]","[1.7096805137202738e-05, 8.317050813874548e-05]",-0.04302971810102463,100.0,100.0,97,0.0,0.0034366369447005646,6.834724982240914e-05,1.4476679910825576e-15,1.0402173673974622e-12,-0.044198045666728705,0.0,0.0
HK,1995,U,11,10,28,1470,13.934221680043265,"[1.7096805137202738e-05, 8.317050813874548e-05]","[1e-05, 1e-05]",-0.04309004718171699,100.0,100.0,97,0.0,0.003150420991005376,3.7439812178011577e-05,1.0701923476589565e-16,6.366033323042257e-13,-0.044152666947671344,0.0,0.0
HK,1995,R,1,1,28,28,25.45009818498511,"[0.00030000000000000003, 0.003]","[0.0002929031948627973, 0.0029268294918612546]",1.2372811786231719,90.20817270624518,90.20817270624518,97,0.0,0.3421045343326666,0.5274069756598454,0.6004824987815435,0.7544596028580729,-0.007176451278584344,0.0,0.0
HK,1995,R,1,2,28,56,14.274560682009906,"[0.0002929031948627973, 0.0029268294918612546]","[0.0002723074641843674, 0.0027144804065905464]",0.48970150510181804,99.15188897455667,99.15188897455667,97,0.0,0.04141778748135572,0.06397621651900964,2.8213194181630647e-12,0.4632143041318549,-0.008644136653414796,0.0,0.0
HK,1995,R,1,3,28,84,14.108832316996995,"[0.0002723074641843674, 0.0027144804065905464]","[0.0002402288615824086, 0.0023837389521772475]",0.4644144176937906,99.30609097918273,99.30609097918273,97,0.0,0.01043594610010347,0.023355642293621526,2.4490961421652372e-15,0.4632143041318549,-0.010063752585223745,0.0,0.0
HK,1995,R,1,4,28,112,13.951098601974081,"[0.0002402288615824086, 0.0023837389521772475]","[0.00019980746418436736, 0.0019669804065905465]",0.4530088544789968,100.0,100.0,97,0.0,0.0018647704643020649,0.0006461541788422842,2.7217884295288208e-15,0.4632143041318549,-0.011042424504246032,0.0,0.0
HK,1995,R,1,5,28,140,14.090574458008632,"[0.00019980746418436736, 0.0019669804065905465]","[0.00015499999999999997, 0.001505]",0.45743692661302965,99.61449498843486,99.61449498843486,97,0.0,0.008168917348240814,0.011795886368713506,7.483414329589087e-16,0.4632143041318549,-0.012432310889874185,0.0,0.0
HK,1995,R,1,6,28,168,14.117883255006745,"[0.00015499999999999997, 0.001505]","[0.00011019253581563262, 0.0010430195934094538]",-0.010857550127963935,99.92289899768697,99.92289899768697,97,0.0,0.001595466923049571,0.005720638696732354,2.701817727212748e-15,5.693834836407611e-11,-0.013296251983514853,0.0,0.0
HK,1995,R,1,7,28,196,13.960592755989637,"[0.00011019253581563262, 0.0010430195934094538]","[6.97711384175914e-05, 0.000626261047822753]",-0.012752366518335683,99.84579799537394,99.84579799537394,97,0.0,0.001325708367886591,0.0026160846872735105,3.9054601601526116e-15,1.640714917059598e-11,-0.014066297534321036,0.0,0.0
HK,1995,R,1,8,28,224,14.100036508985795,"[6.97711384175914e-05, 0.000626261047822753]","[3.769253581563263e-05, 0.0002955195934094538]",-0.011541028207700168,99.84579799537394,99.84579799537394,97,0.0,0.002683334253039301,0.005880665615064221,6.470231681705385e-16,1.0272664749291169e-10,-0.014395694700734955,0.0,0.0
HK,1995,R,1,9,28,252,14.16013752197614,"[3.769253581563263e-05, 0.0002955195934094538]","[1.7096805137202738e-05, 8.317050813874548e-05]",-0.013905559134270464,100.0,100.0,97,0.0,0.0010932476071973593,0.0006532808957503411,4.390099722485546e-16,1.1667348045864124e-11,-0.014487735049000805,0.0,0.0
HK,1995,R,1,10,28,280,14.027737460040953,"[1.7096805137202738e-05, 8.317050813874548e-05]","[1e-05, 1e-05]",-0.013905209139920771,99.92289899768697,99.92289899768697,97,0.0,0.0011261792181263633,0.0014747901576922676,1.712766537688182e-15,4.890894576282825e-11,-0.01477219888142177,0.0,0.0
HK,1995,R,2,1,6,286,6.486292744986713,"[0.00030000000000000003, 0.003]","[0.0002929031948627973, 0.0029268294918612546]",60.0788459777832,69.58041958041959,83.21678321678321,97,0.0,2.0593856101234755,3.90274141728878,2.7570069767411122e-12,57.08666801452637,-0.013567085067431131,1.0183689521228796,1.0
HK,1995,R,2,2,6,292,3.9993552200030535,"[0.0002929031948627973, 0.0029268294918612546]","[0.0002723074641843674, 0.0027144804065905464]",57.47088623046875,86.36363636363636,98.95104895104895,97,0.0,0.24473848519846797,0.9504323670019706,4.2436514304205857e-13,57.08666737874349,-0.014173052211602527,2.461101066349632e-06,1.0
HK,1995,R,2,3,6,298,3.986465517024044,"[0.0002723074641843674, 0.0027144804065905464]","[0.0002402288615824086, 0.0023837389521772475]",57.0940842628479,98.25174825174825,98.95104895104895,97,0.0,0.021249484736472368,0.044714940479025245,7.772644753391086e-13,57.08666801452637,-0.01457286129395167,2.4835267176115394e-09,1.0
HK,1995,R,2,4,6,304,3.8755753390141763,"[0.0002402288615824086, 0.0023837389521772475]","[0.00019980746418436736, 0.0019669804065905465]",57.10307248433431,98.6013986013986,98.6013986013986,97,0.0,0.0341768009820953,0.058890090076602064,3.847654500325565e-14,57.08666706085205,-0.014681244393189748,6.624241564168187e-05,1.0
HK,1995,R,2,5,6,310,3.6381428990280256,"[0.00019980746418436736, 0.0019669804065905465]","[0.00015499999999999997, 0.001505]",57.07416216532389,100.0,100.0,97,0.0,0.0025020710309036076,0.0044245828345689615,8.375768593665885e-15,57.08666865030924,-0.015015769501527151,0.00020048864341030517,1.0
HK,1995,R,2,6,6,316,3.743576716980897,"[0.00015499999999999997, 0.001505]","[0.00011019253581563262, 0.0010430195934094538]",-0.014118728693574667,100.0,100.0,97,0.0,0.0014073717290254233,0.0003594184038793931,3.683586807600442e-15,5.1963644320452964e-12,-0.01532412643233935,0.0006164680568569262,1.0
HK,1995,R,2,7,6,322,3.7501683110021986,"[0.00011019253581563262, 0.0010430195934094538]","[6.97711384175914e-05, 0.000626261047822753]",-0.015331852715462446,100.0,100.0,97,0.0,0.00011849826720814842,4.8871143955390535e-06,1.3725461924500926e-15,2.8005225905219228e-12,-0.015428701043128967,5.572035449101046e-05,1.0
HK,1995,R,2,8,6,328,3.759691283979919,"[6.97711384175914e-05, 0.000626261047822753]","[3.769253581563263e-05, 0.0002955195934094538]",-0.015140185132622719,100.0,100.0,97,0.0,6.530575319629861e-05,3.9603477569964225e-06,3.1393517322756946e-15,3.352121615315054e-12,-0.01546959107120832,0.00030631782404573943,1.0
HK,1995,R,2,9,6,334,3.7887097309576347,"[3.769253581563263e-05, 0.0002955195934094538]","[1.7096805137202738e-05, 8.317050813874548e-05]",-0.015339209077258905,100.0,100.0,97,0.0,9.69176350433069e-05,1.9631599857442932e-05,2.021432516274931e-14,8.381914739199475e-12,-0.015513588488101962,0.00013552954909812343,1.0
HK,1995,R,2,10,6,340,3.691768542979844,"[1.7096805137202738e-05, 8.317050813874548e-05]","[1e-05, 1e-05]",-0.013681437354534864,100.0,100.0,97,0.0,0.0005350475236506705,8.756591780449223e-05,1.266639656866175e-15,1.0790554267352895e-10,-0.015548563003540043,0.0016595888499561322,1.0
HK,1995,R,3,1,11,351,11.621823843044695,"[0.00030000000000000003, 0.003]","[0.0002929031948627973, 0.0029268294918612546]",4.035656748847528,88.18737270875764,93.07535641547861,97,0.0,1.1484256142714664,1.1252208195984084,2.47483931201866e-09,3.170909219844775,-0.009260092133825476,0.05806283065252997,2.0
HK,1995,R,3,2,11,362,6.344530383008532,"[0.0002929031948627973, 0.0029268294918612546]","[0.0002723074641843674, 0.0027144804065905464]",3.2039012800563467,98.77800407331975,99.79633401221996,97,0.0,0.013954151303178978,0.0868738144983868,3.3357574813486224e-08,3.170904045755213,-0.00953252071684057,0.0044602532282376406,2.0
HK,1995,R,3,3,11,373,6.359920306014828,"[0.0002723074641843674, 0.0027144804065905464]","[0.0002402288615824086, 0.0023837389521772475]",3.1704979958859356,99.59266802443992,100.0,97,0.0,0.0018580026685258003,0.009216840859524648,0.0008667938289149138,3.1745865500786086,-0.010153018209067258,0.001041931581374717,2.0
HK,1995,R,3,4,11,384,6.447629254020285,"[0.0002402288615824086, 0.0023837389521772475]","[0.00019980746418436736, 0.0019669804065905465]",3.1600930751724676,100.0,100.0,97,0.0,0.0002020977840776988,7.453552518016886e-05,4.6698411776326005e-12,3.170909171077338,-0.010908820005980403,2.560284050222673e-07,2.0
HK,1995,R,3,5,11,395,6.436099821003154,"[0.00019980746418436736, 0.0019669804065905465]","[0.00015499999999999997, 0.001505]",3.1599310954863373,100.0,100.0,97,0.0,9.243083982137598e-05,0.0001988396276969259,1.0135273726191017e-12,3.170909219844775,-0.011077446693723854,1.2442090840442626e-06,2.0
HK,1995,R,3,6,11,406,6.627758412971161,"[0.00015499999999999997, 0.001505]","[0.00011019253581563262, 0.0010430195934094538]",0.028305697762830692,99.79633401221996,100.0,97,0.0,0.00025085568177341986,0.11928577261032712,1.6756508930535326e-15,1.6320200973567713e-11,-0.011558519236066126,9.337021738402159e-06,2.0
HK,1995,R,3,7,11,417,6.371829990996048,"[0.00011019253581563262, 0.0010430195934094538]","[6.97711384175914e-05, 0.000626261047822753]",-0.010937444230710918,100.0,100.0,97,0.0,0.0003754602559059673,4.266450617361851e-06,2.1110775018948233e-13,1.3907456565605717e-10,-0.011825052581050181,0.00038051639768355017,2.0
HK,1995,R,3,8,11,428,6.368136329983827,"[6.97711384175914e-05, 0.000626261047822753]","[3.769253581563263e-05, 0.0002955195934094538]",-0.01041640392081304,100.0,100.0,97,0.0,0.0006079738101179414,4.323904663811556e-06,3.5077054301482554e-15,1.2214601711856373e-10,-0.011950868977741762,0.000665182990070951,2.0
HK,1995,R,3,9,11,439,6.406952710007317,"[3.769253581563263e-05, 0.0002955195934094538]","[1.7096805137202738e-05, 8.317050813874548e-05]",-0.011622264981269836,100.0,100.0,97,0.0,0.0002721147444281707,8.479243285649831e-06,1.6738803673103488e-14,6.008337499614662e-10,-0.012144252319227566,0.00021422788474658526,2.0
HK,1995,R,3,10,11,450,6.571824745973572,"[1.7096805137202738e-05, 8.317050813874548e-05]","[1e-05, 1e-05]",-0.011902486058798704,100.0,100.0,97,0.0,0.0001251214603370117,1.4338845168185541e-06,3.7852748323806576e-15,1.712971552792862e-11,-0.012106371874159035,8.08505206929443e-05,2.0
HK,1995,R,4,1,12,462,11.724171136971563,"[0.00030000000000000003, 0.003]","[0.0002929031948627973, 0.0029268294918612546]",1.5985240265727043,82.45614035087719,91.2280701754386,97,0.0,0.6838861385573788,1.307710251619331,3.8700082832003716e-10,0.4750000188748042,-0.018929494296511015,0.1595293356640468,3.0
HK,1995,R,4,2,12,474,6.672702115029097,"[0.0002929031948627973, 0.0029268294918612546]","[0.0002723074641843674, 0.0027144804065905464]",1.055725872516632,89.47368421052632,99.82456140350877,97,0.0,0.007485454628901304,0.6909481393371001,2.2926023464590812e-11,0.4750000188748042,-0.019510485976934434,0.12247504418307169,3.0
HK,1995,R,4,3,12,486,6.618002492003143,"[0.0002723074641843674, 0.0027144804065905464]","[0.0002402288615824086, 0.0023837389521772475]",0.4658741330107053,99.82456140350877,99.82456140350877,97,0.0,0.00721506447939646,0.002686432763923108,2.1496933683902645e-12,0.4750000188748042,-0.020216838146249458,0.002596817260913061,3.0
HK,1995,R,4,4,12,498,6.575807546032593,"[0.0002402288615824086, 0.0023837389521772475]","[0.00019980746418436736, 0.0019669804065905465]",0.7748211473226547,98.24561403508773,99.47368421052632,97,0.0,0.011741935395548353,0.05691354602342358,3.1021626050853554e-12,0.4750000188748042,-0.020770384992162386,0.09923545046361444,3.0
HK,1995,R,4,5,12,510,6.637031427992042,"[0.00019980746418436736, 0.0019669804065905465]","[0.00015499999999999997, 0.001505]",0.46868423124154407,99.82456140350877,99.82456140350877,97,0.0,0.0021286469664119068,0.005089479638475798,1.1377506431623648e-11,0.4750000188748042,-0.02125138392051061,0.00417651624559312,3.0
HK,1995,R,4,6,12,522,6.7565008089877665,"[0.00015499999999999997, 0.001505]","[0.00011019253581563262, 0.0010430195934094538]",-0.01029430803221961,99.47368421052632,100.0,97,0.0,0.016189505353092198,0.010537437863130586,1.6636644609574097e-12,1.175879335453082e-09,-0.021500116338332497,0.0007656089699897469,3.0
HK,1995,R,4,7,12,534,6.724987785040867,"[0.00011019253581563262, 0.0010430195934094538]","[6.97711384175914e-05, 0.000626261047822753]",-0.019928168194989365,100.0,100.0,97,0.0,0.0033361300150621296,0.00040037558915173577,7.874165759788145e-14,5.085324262382729e-11,-0.021982739989956226,0.00026969017593122163,3.0
HK,1995,R,4,8,12,546,6.844287333020475,"[6.97711384175914e-05, 0.000626261047822753]","[3.769253581563263e-05, 0.0002955195934094538]",-0.019552840463196237,100.0,100.0,97,0.0,0.0013068353200651472,0.0011510983359812599,3.954082224897903e-14,2.6188687372306837e-11,-0.02222076691687107,0.0006162051434633516,3.0
HK,1995,R,4,9,12,558,6.703821635979693,"[3.769253581563263e-05, 0.0002955195934094538]","[1.7096805137202738e-05, 8.317050813874548e-05]",-0.02138389057169358,100.0,100.0,97,0.0,0.0013413839081598173,0.00037873217587976643,4.8116208581385567e-14,2.279819403815322e-10,-0.02226532114048799,0.0001026860144672052,3.0
HK,1995,R,4,10,12,570,7.048708660004195,"[1.7096805137202738e-05, 8.317050813874548e-05]","[1e-05, 1e-05]",-0.021926683218528826,100.0,100.0,97,0.0,0.0008853040286946149,0.00038163507842151984,3.2094504848197896e-13,2.257042811586933e-10,-0.022480248535672823,4.375088747110567e-05,3.0
HK,1995,R,5,1,16,586,14.421500982018188,"[0.00030000000000000003, 0.003]","[0.0002929031948627973, 0.0029268294918612546]",54.53931272495538,83.35588633288228,94.04600811907984,97,0.0,0.8214852113296729,1.2292035416551244,5.159804597070548e-13,53.53375199157745,-0.0237253675237298,0.08643062965711579,4.0
HK,1995,R,5,2,16,602,8.16303993697511,"[0.0002929031948627973, 0.0029268294918612546]","[0.0002723074641843674, 0.0027144804065905464]",54.4504120349884,93.234100135318,98.10554803788904,97,0.0,0.11426543409470469,0.2939135749837476,1.9891045118077264e-12,53.53375178575516,-0.024668252002447842,0.2013171952112316,4.0
HK,1995,R,5,3,16,618,8.177960533008445,"[0.0002723074641843674, 0.0027144804065905464]","[0.0002402288615824086, 0.0023837389521772475]",53.74811542034149,98.37618403247632,99.18809201623816,97,0.0,0.059104812435180065,0.05618624913995518,7.374560471247062e-15,53.533751487731934,-0.025707332789897917,0.050410145123123584,4.0
HK,1995,R,5,4,16,634,8.412988283962477,"[0.0002402288615824086, 0.0023837389521772475]","[0.00019980746418436736, 0.0019669804065905465]",53.56528604030609,98.37618403247632,99.18809201623816,97,0.0,0.025210574469383573,0.05025632603246777,2.6972965215623895e-12,53.53375196456909,-0.026280973665416242,0.008164765969922883,4.0
HK,1995,R,5,5,16,650,8.332708588975947,"[0.00019980746418436736, 0.0019669804065905465]","[0.00015499999999999997, 0.001505]",53.51780128479004,100.0,100.0,97,0.0,0.009280264683184214,0.0029282369132488384,2.911950787231454e-14,53.533750772476196,-0.02695425804704428,0.001734019825789801,4.0
HK,1995,R,5,6,16,666,8.134673054039013,"[0.00015499999999999997, 0.001505]","[0.00011019253581563262, 0.0010430195934094538]",-0.025805262266658247,100.0,100.0,97,0.0,0.003666003553007613,0.0011287180133763286,1.0328983017831215e-14,1.2962229399952153e-12,-0.02768485862761736,7.033907991171873e-05,4.0
HK,1995,R,5,7,16,682,8.365508550952654,"[0.00011019253581563262, 0.0010430195934094538]","[6.97711384175914e-05, 0.000626261047822753]",-0.026119153946638107,100.0,100.0,97,0.0,0.005279229237203253,0.0004498687627005893,4.260274466038659e-14,4.400528280747478e-12,-0.0281247278675437,2.3968662389961537e-05,4.0
HK,1995,R,5,8,16,698,8.552838030038401,"[6.97711384175914e-05, 0.000626261047822753]","[3.769253581563263e-05, 0.0002955195934094538]",-0.026325001963414252,100.0,100.0,97,0.0,0.005469765263114823,0.00038822264492921477,2.881892506852155e-14,6.761291095601386e-12,-0.02840307019650936,3.1351507914223475e-05,4.0
HK,1995,R,5,9,16,714,8.20007900998462,"[3.769253581563263e-05, 0.0002955195934094538]","[1.7096805137202738e-05, 8.317050813874548e-05]",-0.026721583562903106,100.0,100.0,97,0.0,0.004634914585494698,0.00027030653073900623,4.441150109523668e-15,1.8055832766750065e-11,-0.028468708880245688,2.801297665655511e-05,4.0
HK,1995,R,5,10,16,730,8.327459465013817,"[1.7096805137202738e-05, 8.317050813874548e-05]","[1e-05, 1e-05]",-0.026712802588008344,100.0,100.0,97,0.0,0.004713534968686872,0.0007336363602092888,4.497056338733244e-15,7.244178067335591e-12,-0.028635003976523875,2.6619360255608626e-05,4.0
HK,1995,R,6,1,1,731,1.7649988369666971,"[0.00030000000000000003, 0.003]","[0.0002929031948627973, 0.0029268294918612546]",293.2835998535156,3.4482758620689653,62.06896551724138,97,0.0,4.762297630310059,5.096415996551514,2.682473214637559e-14,290.0,-0.026735854148864747,0.004819424357265234,5.0
HK,1995,R,6,2,1,732,0.810378855036106,"[0.0002929031948627973, 0.0029268294918612546]","[0.0002723074641843674, 0.0027144804065905464]",312.0158386230469,72.41379310344827,72.41379310344827,97,0.0,0.5379837155342102,0.6378728747367859,5.965188449940468e-15,290.0,-0.027317294478416444,4.330240726470947,5.0
HK,1995,R,6,3,1,733,0.7862412889953703,"[0.0002723074641843674, 0.0027144804065905464]","[0.0002402288615824086, 0.0023837389521772475]",298.9606018066406,31.03448275862069,31.03448275862069,97,0.0,1.4210673570632935,2.216275453567505,2.8748738686943526e-15,290.0,-0.02738027274608612,1.5551059246063232,5.0
HK,1995,R,6,4,1,734,0.7924361199839041,"[0.0002402288615824086, 0.0023837389521772475]","[0.00019980746418436736, 0.0019669804065905465]",292.6988220214844,44.827586206896555,62.06896551724138,97,0.0,1.0996358394622803,1.3678004741668701,2.1076261395858165e-13,290.0,-0.027016812562942506,0.3806700110435486,5.0
HK,1995,R,6,5,1,735,0.8245102819637395,"[0.00019980746418436736, 0.0019669804065905465]","[0.00015499999999999997, 0.001505]",291.6914367675781,13.793103448275861,82.75862068965517,97,0.0,1.725469708442688,2.9278359413146973,1.996399227844562e-14,290.0,-0.027136656641960147,0.033488303422927856,5.0
HK,1995,R,6,6,1,736,0.7988447609823197,"[0.00015499999999999997, 0.001505]","[0.00011019253581563262, 0.0010430195934094538]",2.3099544048309326,13.793103448275861,79.3103448275862,97,0.0,2.5096983909606934,4.457030296325684,3.6782549730119025e-15,8.461328900445479e-15,-0.02747023403644562,0.0030363097321242094,5.0
HK,1995,R,6,7,1,737,0.8466870640404522,"[0.00011019253581563262, 0.0010430195934094538]","[6.97711384175914e-05, 0.000626261047822753]",2.505628824234009,17.24137931034483,79.3103448275862,97,0.0,2.6594605445861816,4.7979416847229,3.2130053554801224e-14,7.355905842125823e-14,-0.02696235179901123,0.009358054026961327,5.0
HK,1995,R,6,8,1,738,0.8027331500197761,"[6.97711384175914e-05, 0.000626261047822753]","[3.769253581563263e-05, 0.0002955195934094538]",2.6237354278564453,17.24137931034483,79.3103448275862,97,0.0,2.434149742126465,4.751954078674316,4.314813785400665e-15,7.143913993625396e-15,-0.027450102567672732,0.051163505762815475,5.0
HK,1995,R,6,9,1,739,0.8019835829618387,"[3.769253581563263e-05, 0.0002955195934094538]","[1.7096805137202738e-05, 8.317050813874548e-05]",2.2775347232818604,20.689655172413794,79.3103448275862,97,0.0,2.346334934234619,4.359793663024902,3.0904786938796463e-15,6.2143457324741625e-15,-0.027798214554786684,0.013991299085319042,5.0
HK,1995,R,6,10,1,740,0.8310832179849967,"[1.7096805137202738e-05, 8.317050813874548e-05]","[1e-05, 1e-05]",2.203334093093872,34.48275862068966,79.3103448275862,97,0.0,2.131253242492676,4.198246002197266,7.877101477603982e-15,1.6117383577936295e-14,-0.026917004585266115,0.024083558470010757,5.0
HK,1995,R,7,1,3,743,3.7570550070377067,"[0.00030000000000000003, 0.003]","[0.0002929031948627973, 0.0029268294918612546]",34.12842686971029,30.827067669172934,69.92481203007519,97,0.0,3.7424074610074363,4.307170408389841,3.6169184190368173e-13,20.42333447933197,-0.026795654495557153,1.8414490421613057,6.0
HK,1995,R,7,2,3,746,2.001081974012777,"[0.0002929031948627973, 0.0029268294918612546]","[0.0002723074641843674, 0.0027144804065905464]",35.19455083211263,34.58646616541353,95.48872180451127,97,0.0,2.251855254173279,2.845076044400533,1.9785092736644997e-13,20.42333475748698,-0.026934524377187092,2.1831955711046853,6.0
HK,1995,R,7,3,3,749,2.0949348370195366,"[0.0002723074641843674, 0.0027144804065905464]","[0.0002402288615824086, 0.0023837389521772475]",29.726311365763348,45.86466165413534,96.2406015037594,97,0.0,1.3676408529281616,3.1911356449127197,1.4619084943342873e-12,20.4233341217041,-0.027286173899968468,1.3017784754435222,6.0
HK,1995,R,7,4,3,752,2.0911403549835086,"[0.0002402288615824086, 0.0023837389521772475]","[0.00019980746418436736, 0.0019669804065905465]",30.07087580362956,54.88721804511278,93.98496240601504,97,0.0,0.8225371539592743,1.0832018156846364,2.672370957607518e-13,20.4233341217041,-0.02735630174477895,1.5066083669662476,6.0
HK,1995,R,7,5,3,755,1.9703160739736632,"[0.00019980746418436736, 0.0019669804065905465]","[0.00015499999999999997, 0.001505]",29.811346689860027,96.99248120300751,96.99248120300751,97,0.0,0.30611419677734375,0.1110132560133934,2.3144503417189995e-13,20.42333475748698,-0.027362545331319172,1.5460551579793294,6.0
HK,1995,R,7,6,3,758,2.008331237011589,"[0.00015499999999999997, 0.001505]","[0.00011019253581563262, 0.0010430195934094538]",3.247781674067179,86.46616541353383,97.74436090225564,97,0.0,0.30152536928653717,0.395553116997083,3.940181252379156e-12,5.844555380750867e-12,-0.027629109223683678,0.5071752071380615,6.0
HK,1995,R,7,7,3,761,2.11157207301585,"[0.00011019253581563262, 0.0010430195934094538]","[6.97711384175914e-05, 0.000626261047822753]",1.1022079388300579,55.6390977443609,94.73684210526316,97,0.0,0.3013116270303726,1.3634485006332397,3.1033224673464774e-12,4.537531169396287e-12,-0.027970998485883077,0.09587648262580235,6.0
HK,1995,R,7,8,3,764,2.046765303995926,"[6.97711384175914e-05, 0.000626261047822753]","[3.769253581563263e-05, 0.0002955195934094538]",1.1961065530776978,19.548872180451127,96.99248120300751,97,0.0,0.2151048630475998,1.765047589937846,5.055909281912544e-13,4.927793515761258e-13,-0.027597498893737794,0.09394220262765884,6.0
HK,1995,R,7,9,3,767,1.9578646579757333,"[3.769253581563263e-05, 0.0002955195934094538]","[1.7096805137202738e-05, 8.317050813874548e-05]",1.063006599744161,55.6390977443609,96.99248120300751,97,0.0,0.17901685337225595,0.9845707813898722,3.8930321549634816e-12,5.638783304217146e-12,-0.02765769263108572,0.11713362236817677,6.0
HK,1995,R,7,10,3,770,2.038282555004116,"[1.7096805137202738e-05, 8.317050813874548e-05]","[1e-05, 1e-05]",0.6805506547292074,81.95488721804512,97.74436090225564,97,0.0,0.15172247091929117,0.531584749619166,5.163977156042582e-13,1.094052655183549e-12,-0.02765808304150899,0.08007327715555827,6.0
HK,1995,R,8,1,7,777,7.184514929016586,"[0.00030000000000000003, 0.003]","[0.0002929031948627973, 0.0029268294918612546]",60.044991629464285,31.629392971246006,92.01277955271566,97,0.0,4.953077742031643,5.182955967528479,5.721491332032925e-08,36.125715255737305,-0.027640000837189815,2.9383196383714676,7.0
HK,1995,R,8,2,7,784,4.0200261999852955,"[0.0002929031948627973, 0.0029268294918612546]","[0.0002723074641843674, 0.0027144804065905464]",49.14302907671247,24.600638977635782,92.01277955271566,97,0.0,2.88197614465441,4.787992532764163,3.558561387183678e-14,36.125715664454866,-0.027826949528285436,1.4983548777444022,7.0
HK,1995,R,8,3,7,791,3.93226141895866,"[0.0002723074641843674, 0.0027144804065905464]","[0.0002402288615824086, 0.0023837389521772475]",69.69921439034599,35.46325878594249,56.23003194888179,97,0.0,2.005481739129339,6.33244799716132,2.806097728559391e-16,36.1257153238569,-0.028331072841371815,4.403217230524335,7.0
HK,1995,R,8,4,7,798,3.9158192279865034,"[0.0002402288615824086, 0.0023837389521772475]","[0.00019980746418436736, 0.0019669804065905465]",51.40992709568569,1.9169329073482428,7.987220447284345,97,0.0,4.339520692825317,12.422934532165527,7.22066601131531e-17,36.125715664454866,-0.028636581131390167,1.3893377780914307,7.0
HK,1995,R,8,5,7,805,3.9961618190282024,"[0.00019980746418436736, 0.0019669804065905465]","[0.00015499999999999997, 0.001505]",46.10497610909598,67.73162939297124,86.26198083067092,97,0.0,0.6448260843753815,1.345803622688566,8.320151647780961e-18,36.12571593693325,-0.028742011104311266,1.3349227394376482,7.0
HK,1995,R,8,6,7,812,3.992964781005867,"[0.00015499999999999997, 0.001505]","[0.00011019253581563262, 0.0010430195934094538]",22.793216500963485,60.38338658146965,62.61980830670927,97,0.0,0.5423951553446906,1.8031375610402651,4.6393069581264536e-18,9.516042515689723e-18,-0.029070209179605757,3.1486345742430006,7.0
HK,1995,R,8,7,7,819,4.030895920004696,"[0.00011019253581563262, 0.0010430195934094538]","[6.97711384175914e-05, 0.000626261047822753]",4.667325564793178,1.9169329073482428,73.1629392971246,97,0.0,1.6236139025006975,5.155923741204398,4.396287570483591e-18,6.837903734613547e-18,-0.029168487020901277,0.34809258580207825,7.0
HK,1995,R,8,8,7,826,4.012684165034443,"[6.97711384175914e-05, 0.000626261047822753]","[3.769253581563263e-05, 0.0002955195934094538]",1.629163954939161,94.24920127795527,96.48562300319489,97,0.0,0.26373916438647677,0.29156763532332014,5.284432219516004e-18,1.1554234825898837e-17,-0.029487701824733197,0.21050705441406795,7.0
HK,1995,R,8,9,7,833,3.9488422099966556,"[3.769253581563263e-05, 0.0002955195934094538]","[1.7096805137202738e-05, 8.317050813874548e-05]",3.9797379629952565,95.2076677316294,95.2076677316294,97,0.0,0.15223425307444163,0.16345276683568954,8.341440757355341e-18,1.828119974389629e-17,-0.029449178917067394,0.5577083059719631,7.0
HK,1995,R,8,10,7,840,4.042504165961873,"[1.7096805137202738e-05, 8.317050813874548e-05]","[1e-05, 1e-05]",1.4845831394195557,97.76357827476038,97.76357827476038,97,0.0,0.15389574531997954,0.24532508637223924,2.0287392500099763e-18,3.498147170531887e-18,-0.02955002614430019,0.19729421607085637,7.0
HK,1995,R,9,1,19,859,18.164146989991423,"[0.00030000000000000003, 0.003]","[0.0002929031948627973, 0.0029268294918612546]",36.81761119240209,52.15469613259668,69.2817679558011,97,0.0,2.454355063014909,3.562009981196178,4.874955202659473e-15,0.4763158089236209,-0.028569709156688893,4.295551281226309,8.0
HK,1995,R,9,2,19,878,10.088007611979265,"[0.0002929031948627973, 0.0029268294918612546]","[0.0002723074641843674, 0.0027144804065905464]",29.250999275006745,20.773480662983424,92.26519337016575,97,0.0,2.9017836953464307,11.426968243561292,1.6299270195662858e-13,0.4763158089236209,-0.029795551770611814,3.0035286012448763,8.0
HK,1995,R,9,3,19,897,10.435846670006867,"[0.0002723074641843674, 0.0027144804065905464]","[0.0002402288615824086, 0.0023837389521772475]",7.790054685191104,58.011049723756905,88.61878453038673,97,0.0,0.21366484698496366,1.8492766710880555,2.7065409594057904e-13,0.4763158089236209,-0.03064025640487671,0.8320914899048052,8.0
HK,1995,R,9,4,19,916,10.74932498804992,"[0.0002402288615824086, 0.0023837389521772475]","[0.00019980746418436736, 0.0019669804065905465]",12.333139657974243,46.850828729281766,89.2817679558011,97,0.0,2.5962442014562455,4.6166026229529,1.2823683614774015e-14,0.4763158089236209,-0.03151754078112151,1.1855073931970095,8.0
HK,1995,R,9,5,19,935,10.317175587988459,"[0.00019980746418436736, 0.0019669804065905465]","[0.00015499999999999997, 0.001505]",20.41310437102067,46.629834254143645,88.1767955801105,97,0.0,1.7938508352656897,3.943252604748858,1.0379460126626706e-15,0.4763158089236209,-0.03236667372678456,2.2570983814565757,8.0
HK,1995,R,9,6,19,954,10.205355238984339,"[0.00015499999999999997, 0.001505]","[0.00011019253581563262, 0.0010430195934094538]",18.56253160928425,55.248618784530386,60.22099447513812,97,0.0,2.5604288444707266,2.7793474989011884,3.4468481167615284e-14,2.5138221409920675e-13,-0.032827414964374746,2.1019292003230046,8.0
HK,1995,R,9,7,19,973,10.489407409972046,"[0.00011019253581563262, 0.0010430195934094538]","[6.97711384175914e-05, 0.000626261047822753]",9.388756074403462,82.09944751381215,97.23756906077348,97,0.0,1.1692793514383466,0.8065828870504016,6.255268830566106e-14,1.8789521255043315e-13,-0.03325560312522085,1.0954238395941884,8.0
HK,1995,R,9,8,19,992,10.30379392800387,"[6.97711384175914e-05, 0.000626261047822753]","[3.769253581563263e-05, 0.0002955195934094538]",4.5156405599493725,94.47513812154696,99.77900552486187,97,0.0,0.37916964645448487,0.2503884208241576,9.323332239351181e-14,1.915500376307915e-13,-0.033618520906097016,0.5424257963895798,8.0
HK,1995,R,9,9,19,1011,10.335846885980573,"[3.769253581563263e-05, 0.0002955195934094538]","[1.7096805137202738e-05, 8.317050813874548e-05]",2.730494969769528,97.12707182320442,99.77900552486187,97,0.0,0.2830643473487151,0.17853252722048446,7.164817396013592e-14,1.7289495441452956e-13,-0.03383625557548122,0.3263081947439595,8.0
HK,1995,R,9,10,19,1030,10.098813986987807,"[1.7096805137202738e-05, 8.317050813874548e-05]","[1e-05, 1e-05]",1.8379789402610378,99.4475138121547,99.88950276243094,97,0.0,0.21806343056653676,0.10671886801719666,5.795160020493322e-14,1.2923434831993194e-13,-0.03383745284456956,0.2204444518214778,8.0
HK,1995,R,10,1,16,1046,14.78052581998054,"[0.00030000000000000003, 0.003]","[0.0002929031948627973, 0.0029268294918612546]",26.94200026988983,37.93103448275862,93.63395225464191,97,0.0,6.797319730305389,10.888036739719567,1.8152646873856276e-20,11.710000485181808,-0.0410755543038249,1.0419951267540455,9.0
HK,1995,R,10,2,16,1062,8.521186385012697,"[0.0002929031948627973, 0.0029268294918612546]","[0.0002723074641843674, 0.0027144804065905464]",63.78598654270172,24.93368700265252,97.61273209549071,97,0.0,5.213983983111774,12.532998319715261,5.808686028492817e-20,11.710000395774841,-0.04209822379052639,5.133602559566498,9.0
HK,1995,R,10,3,16,1078,8.35433911101427,"[0.0002723074641843674, 0.0027144804065905464]","[0.0002402288615824086, 0.0023837389521772475]",27.463038980960846,84.35013262599469,97.61273209549071,97,0.0,0.35758701385444747,0.7243172224534646,7.155174258874629e-20,11.710000544786453,-0.043060271628201016,1.7150515392422676,9.0
HK,1995,R,10,4,16,1094,8.372212665970437,"[0.0002402288615824086, 0.0023837389521772475]","[0.00019980746418436736, 0.0019669804065905465]",66.67264175415039,24.6684350132626,94.6949602122016,97,0.0,0.30399821031105034,11.313343352172524,1.6811370173392535e-18,11.710000336170197,-0.043931463733315475,5.681569449603558,9.0
HK,1995,R,10,5,16,1110,8.218714836984873,"[0.00019980746418436736, 0.0019669804065905465]","[0.00015499999999999997, 0.001505]",34.21481537818909,97.08222811671088,97.61273209549071,97,0.0,0.23797779710002942,0.28178075376490597,6.510682707059872e-20,11.710000485181808,-0.04465855788439513,2.486246757209301,9.0
HK,1995,R,10,6,16,1126,8.559126511972863,"[0.00015499999999999997, 0.001505]","[0.00011019253581563262, 0.0010430195934094538]",15.639037907123566,88.72679045092838,97.61273209549071,97,0.0,0.27858461256255396,0.4563402248895727,9.022370967852522e-19,8.682807789163929e-19,-0.045214918255805966,1.7154753096401691,9.0
HK,1995,R,10,7,16,1142,8.391048181976657,"[0.00011019253581563262, 0.0010430195934094538]","[6.97711384175914e-05, 0.000626261047822753]",9.424902200698853,91.51193633952255,98.27586206896552,97,0.0,0.1940783967729658,0.3856586297042668,4.1859001668477532e-19,5.295440154054615e-19,-0.04564149938523769,1.0308108925819397,9.0
HK,1995,R,10,8,16,1158,8.328621948021464,"[6.97711384175914e-05, 0.000626261047822753]","[3.769253581563263e-05, 0.0002955195934094538]",8.73766478896141,92.44031830238727,98.40848806366047,97,0.0,0.32739902939647436,0.4086689243558794,1.653554603344652e-19,2.1331352598209284e-19,-0.045983145199716094,0.9486990980803967,9.0
HK,1995,R,10,9,16,1174,8.313513546949252,"[3.769253581563263e-05, 0.0002955195934094538]","[1.7096805137202738e-05, 8.317050813874548e-05]",7.22575369477272,97.34748010610079,98.14323607427056,97,0.0,0.16367787029594183,0.13347820076160133,5.330566392650631e-20,8.141393340201073e-20,-0.04606656059622764,0.796974241733551,9.0
HK,1995,R,10,10,16,1190,8.416009106033016,"[1.7096805137202738e-05, 8.317050813874548e-05]","[1e-05, 1e-05]",5.983060151338577,97.21485411140584,98.27586206896552,97,0.0,0.1801970973610878,0.15225185826420784,3.791827140329199e-19,4.665931625177393e-19,-0.04624139033257962,0.657609473913908,9.0
HK,1995,R,11,1,28,1218,26.548840939998627,"[0.00030000000000000003, 0.003]","[0.0002929031948627973, 0.0029268294918612546]",59.23005332265581,52.07055214723926,63.420245398773005,97,0.0,3.15719648450613,6.976884384506515,2.1815128548326364e-13,30.07892962864467,-0.03725997975894383,3.8715535274573734,6.666666666666665
HK,1995,R,11,2,28,1246,14.742687637975905,"[0.0002929031948627973, 0.0029268294918612546]","[0.0002723074641843674, 0.0027144804065905464]",53.076878207070486,43.25153374233129,51.68711656441718,97,0.0,2.592120326789362,6.712846971449575,3.9794294875364264e-13,30.078929631571686,-0.03854197306292397,2.9902252554893494,6.666666666666665
HK,1995,R,11,3,28,1274,14.40860242699273,"[0.0002723074641843674, 0.0027144804065905464]","[0.0002402288615824086, 0.0023837389521772475]",49.15427623476301,62.5,76.45705521472392,97,0.0,0.998961199740214,2.431795404691781,8.532758101469247e-14,30.078929614541785,-0.039759778231382374,2.695728157247816,6.666666666666665
HK,1995,R,11,4,28,1302,14.381664633983746,"[0.0002402288615824086, 0.0023837389521772475]","[0.00019980746418436736, 0.0019669804065905465]",56.84232757772718,60.966257668711656,93.78834355828221,97,0.0,1.600340446644363,4.3092852880420525,8.594148122140361e-14,30.07892969969128,-0.04117041613374437,3.7252040952444077,6.666666666666665
HK,1995,R,11,5,28,1330,14.460230717959348,"[0.00019980746418436736, 0.0019669804065905465]","[0.00015499999999999997, 0.001505]",53.70249843597412,62.11656441717791,66.64110429447852,97,0.0,1.2615397828631103,2.9775803952028843,2.4887549834435824e-13,30.07892976488386,-0.04202972427010536,3.3378839237349376,6.666666666666665
HK,1995,R,11,6,28,1358,14.22787782998057,"[0.00015499999999999997, 0.001505]","[0.00011019253581563262, 0.0010430195934094538]",11.725381050791059,91.71779141104294,99.23312883435582,97,0.0,0.21724697170014093,0.3448372369156069,6.968555115500821e-13,1.0243622171090118e-12,-0.04279271119407246,1.737121901341847,6.666666666666665
HK,1995,R,11,7,28,1386,14.827526068955194,"[0.00011019253581563262, 0.0010430195934094538]","[6.97711384175914e-05, 0.000626261047822753]",5.8807516779218405,95.47546012269939,98.31288343558282,97,0.0,0.037034352097959654,0.19105626464806846,1.8798864061245376e-11,2.5878775569474912e-11,-0.043462251765387414,0.8772275745868683,6.666666666666665
HK,1995,R,11,8,28,1414,14.880220415012445,"[6.97711384175914e-05, 0.000626261047822753]","[3.769253581563263e-05, 0.0002955195934094538]",5.256420203617641,98.46625766871166,99.69325153374233,97,0.0,0.04634809032099189,0.06761176026858655,6.395266127242456e-14,1.5246383752309134e-13,-0.043890766693013054,0.7893486768007278,6.666666666666665
HK,1995,R,11,9,28,1442,14.351321285997983,"[3.769253581563263e-05, 0.0002955195934094538]","[1.7096805137202738e-05, 8.317050813874548e-05]",4.440888260092054,99.92331288343559,99.92331288343559,97,0.0,0.010621574885070524,0.00901872938266024,4.2692071918453374e-13,6.563694055432644e-13,-0.044198045666728705,0.6717809438705444,6.666666666666665
HK,1995,R,11,10,28,1470,14.587947721011005,"[1.7096805137202738e-05, 8.317050813874548e-05]","[1e-05, 1e-05]",4.026773137705667,99.76993865030674,99.84662576687117,97,0.0,0.01091516187131804,0.00932202836286576,5.071353738757934e-13,7.474051544120349e-13,-0.044152666947671344,0.609627019081797,6.666666666666665
ISIC,1993,U,1,1,229,229,198.77681746397866,"[0.00030000000000000003, 0.003]","[0.0002929031948627973, 0.0029268294918612546]",0.6036702885117593,97.21489032492946,97.21489032492946,97,0.0,0.1234828392551597,0.22738753763600555,0.045108047609867905,0.48761346246477816,-0.01593598597825354,0.0,0.0
ISIC,1993,U,1,2,229,458,114.465117380023,"[0.0002929031948627973, 0.0029268294918612546]","[0.0002723074641843674, 0.0027144804065905464]",0.50233521914378,98.14326021661964,98.14326021661964,97,0.0,0.06842576033534095,0.08486525315465825,7.593568061685728e-09,0.47978153356298087,-0.02854332266676374,0.0,0.0
ISIC,1993,U,1,3,229,687,113.70516651403159,"[0.0002723074641843674, 0.0027144804065905464]","[0.0002402288615824086, 0.0023837389521772475]",0.47058473169543336,98.75307181214163,98.75307181214163,97,0.0,0.04149793008828061,0.05201945761890741,9.80716068818586e-09,0.47978152575451216,-0.04036926067552192,0.0,0.0
ISIC,1993,U,1,4,229,916,112.63972551299958,"[0.0002402288615824086, 0.0023837389521772475]","[0.00019980746418436736, 0.0019669804065905465]",0.46275240833582315,98.63475015927915,98.63475015927915,97,0.0,0.04407811632499946,0.05732632942651255,2.9003203872151708e-09,0.47978159147579075,-0.05083066875757609,0.0,0.0
ISIC,1993,U,1,5,229,1145,113.69284170301398,"[0.00019980746418436736, 0.0019669804065905465]","[0.00015499999999999997, 0.001505]",0.4358889063633165,99.30827341403477,99.30827341403477,97,0.0,0.021302678624649556,0.025461832417414357,1.4859418886035405e-09,0.4797816307784168,-0.05948089519962994,0.0,0.0
ISIC,1993,U,1,6,229,1374,120.3293429960031,"[0.00015499999999999997, 0.001505]","[0.00011019253581563262, 0.0010430195934094538]",-0.05658108312392599,99.56312005096933,99.56312005096933,97,0.0,0.013903153359055861,0.015228883439879801,1.74045367320904e-08,1.8487568988320599e-06,-0.06629361486851389,0.0,0.0
ISIC,1993,U,1,7,229,1603,122.40680389298359,"[0.00011019253581563262, 0.0010430195934094538]","[6.97711384175914e-05, 0.000626261047822753]",-0.06644233374746605,99.76335669427505,99.76335669427505,97,0.0,0.007125302057425673,0.007319536254299468,3.622330849052365e-08,1.0692714051437128e-05,-0.0712679829659941,0.0,0.0
ISIC,1993,U,1,8,229,1832,117.57302532001631,"[6.97711384175914e-05, 0.000626261047822753]","[3.769253581563263e-05, 0.0002955195934094538]",-0.06913910269346821,99.73605169746064,99.73605169746064,97,0.0,0.008030709024713652,0.008227941316539339,4.635292166795067e-08,2.7347253355340902e-06,-0.07456140158998914,0.0,0.0
ISIC,1993,U,1,9,229,2061,114.02399416902335,"[3.769253581563263e-05, 0.0002955195934094538]","[1.7096805137202738e-05, 8.317050813874548e-05]",-0.07360685880267463,99.86347501592792,99.86347501592792,97,0.0,0.004627963065777608,0.003984023143993798,6.109342272988089e-09,4.32295261775518e-06,-0.07648184484269423,0.0,0.0
ISIC,1993,U,1,10,229,2290,119.2337393980124,"[1.7096805137202738e-05, 8.317050813874548e-05]","[1e-05, 1e-05]",-0.07579856904378104,99.92718667516155,99.92718667516155,97,0.0,0.003266800962076063,0.001875186199562039,1.1429976808091427e-08,9.345782943308996e-06,-0.0775219129683149,0.0,0.0
ISIC,1993,U,2,1,28,2318,26.381131054018624,"[0.00030000000000000003, 0.003]","[0.0002929031948627973, 0.0029268294918612546]",10.412124103733472,94.22355588897224,95.64891222805701,97,0.0,0.4278472188456937,0.5645745584170146,0.004337185247146539,10.151102124580316,-0.07123092668397087,0.0,0.0
ISIC,1993,U,2,2,28,2346,15.861468948016409,"[0.0002929031948627973, 0.0029268294918612546]","[0.0002723074641843674, 0.0027144804065905464]",10.074095996362823,98.72468117029257,98.72468117029257,97,0.0,0.04379902148710763,0.06888660724955896,1.8272003914996532e-06,10.109127060643264,-0.072593335381576,0.0,0.0
ISIC,1993,U,2,3,28,2374,15.59154191298876,"[0.0002723074641843674, 0.0027144804065905464]","[0.0002402288615824086, 0.0023837389521772475]",10.049042105674744,99.24981245311328,99.24981245311328,97,0.0,0.01905672551999617,0.021780310433736565,1.272269383777826e-07,10.109271733888558,-0.07384195519345146,0.0,0.0
ISIC,1993,U,2,4,28,2402,15.754014603968244,"[0.0002402288615824086, 0.0023837389521772475]","[0.00019980746418436736, 0.0019669804065905465]",10.048989483288356,99.39984996249062,99.39984996249062,97,0.0,0.022128283648596283,0.021814883386720347,3.5823394534297645e-08,10.109255627862044,-0.07491386170898165,0.0,0.0
ISIC,1993,U,2,5,28,2430,15.824295532947872,"[0.00019980746418436736, 0.0019669804065905465]","[0.00015499999999999997, 0.001505]",10.039988586945194,99.69992498124532,99.69992498124532,97,0.0,0.010400063155559889,0.009113224911483744,8.767749995623939e-08,10.109270772763661,-0.07578681664807456,0.0,0.0
ISIC,1993,U,2,6,28,2458,15.504604824003763,"[0.00015499999999999997, 0.001505]","[0.00011019253581563262, 0.0010430195934094538]",-0.07167225291154214,99.77494373593399,99.77494373593399,97,0.0,0.0067350914313075395,0.0059203849825410415,5.296441503445283e-08,0.0006387239233059157,-0.07652948477438518,0.0,0.0
ISIC,1993,U,2,7,28,2486,15.707520972006023,"[0.00011019253581563262, 0.0010430195934094538]","[6.97711384175914e-05, 0.000626261047822753]",-0.07473374530673027,100.0,100.0,97,0.0,0.005291969155223342,0.0018615185682457585,8.199589264698448e-09,6.4246405873420135e-06,-0.07712466695478984,0.0,0.0
ISIC,1993,U,2,8,28,2514,15.929249457956757,"[6.97711384175914e-05, 0.000626261047822753]","[3.769253581563263e-05, 0.0002955195934094538]",-0.07481484487652779,99.92498124531133,99.92498124531133,97,0.0,0.005437059330038859,0.002790855006781255,2.6173129858112724e-08,6.750727435468816e-06,-0.07756424056632179,0.0,0.0
ISIC,1993,U,2,9,28,2542,15.64314886298962,"[3.769253581563263e-05, 0.0002955195934094538]","[1.7096805137202738e-05, 8.317050813874548e-05]",-0.07574355934879609,99.92498124531133,99.92498124531133,97,0.0,0.005002337004823078,0.001142637715361161,8.604195507119772e-09,6.267330938479278e-06,-0.07779815239565714,0.0,0.0
ISIC,1993,U,2,10,28,2570,15.036876813974231,"[1.7096805137202738e-05, 8.317050813874548e-05]","[1e-05, 1e-05]",-0.0760196688185845,100.0,100.0,97,0.0,0.004859445717426881,0.0010218802227655033,4.594099893258721e-09,3.565867116377725e-06,-0.0779836756842477,0.0,0.0
ISIC,1993,U,3,1,7,2577,7.312959561008029,"[0.00030000000000000003, 0.003]","[0.0002929031948627973, 0.0029268294918612546]",68.20787279946464,49.666666666666664,71.0,97,0.0,5.725567868378546,9.463999710361739,1.4439579722815152e-07,63.22285951886858,-0.07817481671060834,0.0,0.0
ISIC,1993,U,3,2,7,2584,4.113484333036467,"[0.0002929031948627973, 0.0029268294918612546]","[0.0002723074641843674, 0.0027144804065905464]",63.237140383039204,96.33333333333333,96.33333333333333,97,0.0,0.09887520040086072,0.1785194788636935,1.6263864487551357e-15,63.22285761151995,-0.07818257468087333,0.0,0.0
ISIC,1993,U,3,3,7,2591,3.9983815330197103,"[0.0002723074641843674, 0.0027144804065905464]","[0.0002402288615824086, 0.0023837389521772475]",63.169328689575195,99.0,99.0,97,0.0,0.046333441111658304,0.028334045383547033,4.56903336798766e-16,63.22285897391183,-0.0784208927835737,0.0,0.0
ISIC,1993,U,3,4,7,2598,4.167770130035933,"[0.0002402288615824086, 0.0023837389521772475]","[0.00019980746418436736, 0.0019669804065905465]",63.16248457772391,99.66666666666667,99.66666666666667,97,0.0,0.037969821639957706,0.017058973278965692,1.0707282221700385e-15,63.222859791346956,-0.0787174267428262,0.0,0.0
ISIC,1993,U,3,5,7,2605,3.9555814630002715,"[0.00019980746418436736, 0.0019669804065905465]","[0.00015499999999999997, 0.001505]",63.147256306239534,99.66666666666667,99.66666666666667,97,0.0,0.0048892078547006735,0.004372256731715295,3.53899096756429e-16,63.22285842895508,-0.0786904377596719,0.0,0.0
ISIC,1993,U,3,6,7,2612,4.079386868979782,"[0.00015499999999999997, 0.001505]","[0.00011019253581563262, 0.0010430195934094538]",-0.07770133550677981,100.0,100.0,97,0.0,0.004171931234720562,0.0006491331285880213,2.216233496086929e-16,1.4281887563684638e-14,-0.0793083565575736,0.0,0.0
ISIC,1993,U,3,7,7,2619,4.036688573018182,"[0.00011019253581563262, 0.0010430195934094538]","[6.97711384175914e-05, 0.000626261047822753]",-0.07804152901683535,100.0,100.0,97,0.0,0.00520248625876515,0.0013731098822193286,1.628565489864302e-16,8.69449473626858e-15,-0.08023339339665005,0.0,0.0
ISIC,1993,U,3,8,7,2626,4.058105310017709,"[6.97711384175914e-05, 0.000626261047822753]","[3.769253581563263e-05, 0.0002955195934094538]",-0.07899837408746992,100.0,100.0,97,0.0,0.0011102082852240919,0.000809424851987777,2.406924037851075e-16,1.0637038904586556e-14,-0.0796382486820221,0.0,0.0
ISIC,1993,U,3,9,7,2633,3.9606442030053586,"[3.769253581563263e-05, 0.0002955195934094538]","[1.7096805137202738e-05, 8.317050813874548e-05]",-0.07860281424862998,100.0,100.0,97,0.0,0.0013908182570178593,0.0015669251661165617,2.403676536637429e-16,6.581873135436552e-15,-0.07958872658865793,0.0,0.0
ISIC,1993,U,3,10,7,2640,4.20637909200741,"[1.7096805137202738e-05, 8.317050813874548e-05]","[1e-05, 1e-05]",-0.07862175894635064,100.0,100.0,97,0.0,0.0017233007821622387,0.0008736399003745581,2.1410879005696484e-16,9.859245811851769e-15,-0.07948740550449918,0.0,0.0
ISIC,1993,U,4,1,128,2768,110.40067855996313,"[0.00030000000000000003, 0.003]","[0.0002929031948627973, 0.0029268294918612546]",1.3045256001641974,84.43752049852411,86.66775992128566,97,0.0,0.9926035195874192,1.7334781385233669,2.0015071166465216e-10,0.47640626893553417,-0.08057456668466331,0.0,0.0
ISIC,1993,U,4,2,128,2896,63.32069285598118,"[0.0002929031948627973, 0.0029268294918612546]","[0.0002723074641843674, 0.0027144804065905464]",0.5520295272872318,91.55460806821908,91.55460806821908,97,0.0,0.20846898535091896,0.27622733316275117,1.948166918861378e-11,0.47640626893553417,-0.08594218478538096,0.0,0.0
ISIC,1993,U,4,3,128,3024,63.65416605601786,"[0.0002723074641843674, 0.0027144804065905464]","[0.0002402288615824086, 0.0023837389521772475]",0.4932767685386352,94.26041325024599,94.26041325024599,97,0.0,0.1453426267617033,0.17805849929573014,3.374828102756778e-13,0.47640626893553417,-0.09092987612821163,0.0,0.0
ISIC,1993,U,4,4,128,3152,65.31967876898125,"[0.0002402288615824086, 0.0023837389521772475]","[0.00019980746418436736, 0.0019669804065905465]",0.4668434722989332,95.44112823876681,95.44112823876681,97,0.0,0.11458300324738957,0.14159145731900935,3.0572286047586565e-12,0.47640626893553417,-0.09495428227819502,0.0,0.0
ISIC,1993,U,4,5,128,3280,63.79892579896841,"[0.00019980746418436736, 0.0019669804065905465]","[0.00015499999999999997, 0.001505]",0.43850238353479654,96.91702197441784,96.91702197441784,97,0.0,0.0892868644787086,0.09302948104050301,1.371588499916011e-11,0.47640626893553417,-0.09867599857971072,0.0,0.0
ISIC,1993,U,4,6,128,3408,63.57857288199011,"[0.00015499999999999997, 0.001505]","[0.00011019253581563262, 0.0010430195934094538]",-0.04834520845906809,97.34339127582814,97.34339127582814,97,0.0,0.07507054229245114,0.08345737867966818,8.512931891138562e-12,3.322622262979058e-10,-0.10118784932419658,0.0,0.0
ISIC,1993,U,4,7,128,3536,63.756313084973954,"[0.00011019253581563262, 0.0010430195934094538]","[6.97711384175914e-05, 0.000626261047822753]",-0.05531209215405397,97.35979009511315,97.35979009511315,97,0.0,0.06233894948536545,0.08142833975171015,3.288675811682753e-14,1.58644023311745e-13,-0.1032345212996006,0.0,0.0
ISIC,1993,U,4,8,128,3664,65.8472217110102,"[6.97711384175914e-05, 0.000626261047822753]","[3.769253581563263e-05, 0.0002955195934094538]",-0.08478600793750957,99.1472613971794,99.1472613971794,97,0.0,0.03546117069686261,0.02421983037329234,3.632917237980303e-15,2.5377724219713525e-14,-0.10467967451550067,0.0,0.0
ISIC,1993,U,4,9,128,3792,63.650354743993375,"[3.769253581563263e-05, 0.0002955195934094538]","[1.7096805137202738e-05, 8.317050813874548e-05]",-0.08840595112997107,99.39324368645458,99.39324368645458,97,0.0,0.032200008208746134,0.019165027052053807,1.2875998945168555e-15,6.321458539028915e-15,-0.10552762933075428,0.0,0.0
ISIC,1993,U,4,10,128,3920,63.414914735010825,"[1.7096805137202738e-05, 8.317050813874548e-05]","[1e-05, 1e-05]",-0.0916562864149455,99.62282715644474,99.62282715644474,97,0.0,0.02695310675278506,0.015830373187156965,1.6010480450345745e-13,2.8937387096345626e-12,-0.10591744538396598,0.0,0.0
ISIC,1993,R,1,1,229,229,194.43883575499058,"[0.00030000000000000003, 0.003]","[0.0002929031948627973, 0.0029268294918612546]",0.6036702885117593,97.21489032492946,97.21489032492946,97,0.0,0.1234828392551597,0.22738753763600555,0.045108047609867905,0.48761346246477816,-0.01593598597825354,0.0,0.0
ISIC,1993,R,1,2,229,458,110.7837277840008,"[0.0002929031948627973, 0.0029268294918612546]","[0.0002723074641843674, 0.0027144804065905464]",0.50233521914378,98.14326021661964,98.14326021661964,97,0.0,0.06842576033534095,0.08486525315465825,7.593568061685728e-09,0.47978153356298087,-0.02854332266676374,0.0,0.0
ISIC,1993,R,1,3,229,687,111.38290121604223,"[0.0002723074641843674, 0.0027144804065905464]","[0.0002402288615824086, 0.0023837389521772475]",0.47058473169543336,98.75307181214163,98.75307181214163,97,0.0,0.04149793008828061,0.05201945761890741,9.80716068818586e-09,0.47978152575451216,-0.04036926067552192,0.0,0.0
ISIC,1993,R,1,4,229,916,122.76806047797436,"[0.0002402288615824086, 0.0023837389521772475]","[0.00019980746418436736, 0.0019669804065905465]",0.46275240833582315,98.63475015927915,98.63475015927915,97,0.0,0.04407811632499946,0.05732632942651255,2.9003203872151708e-09,0.47978159147579075,-0.05083066875757609,0.0,0.0
ISIC,1993,R,1,5,229,1145,118.80586989497533,"[0.00019980746418436736, 0.0019669804065905465]","[0.00015499999999999997, 0.001505]",0.4358889063633165,99.30827341403477,99.30827341403477,97,0.0,0.021302678624649556,0.025461832417414357,1.4859418886035405e-09,0.4797816307784168,-0.05948089519962994,0.0,0.0
ISIC,1993,R,1,6,229,1374,120.32165168900974,"[0.00015499999999999997, 0.001505]","[0.00011019253581563262, 0.0010430195934094538]",-0.05658108312392599,99.56312005096933,99.56312005096933,97,0.0,0.013903153359055861,0.015228883439879801,1.74045367320904e-08,1.8487568988320599e-06,-0.06629361486851389,0.0,0.0
ISIC,1993,R,1,7,229,1603,117.39935111103114,"[0.00011019253581563262, 0.0010430195934094538]","[6.97711384175914e-05, 0.000626261047822753]",-0.06644233374746605,99.76335669427505,99.76335669427505,97,0.0,0.007125302057425673,0.007319536254299468,3.622330849052365e-08,1.0692714051437128e-05,-0.0712679829659941,0.0,0.0
ISIC,1993,R,1,8,229,1832,118.14586086699273,"[6.97711384175914e-05, 0.000626261047822753]","[3.769253581563263e-05, 0.0002955195934094538]",-0.06913910269346821,99.73605169746064,99.73605169746064,97,0.0,0.008030709024713652,0.008227941316539339,4.635292166795067e-08,2.7347253355340902e-06,-0.07456140158998914,0.0,0.0
ISIC,1993,R,1,9,229,2061,119.77728578803362,"[3.769253581563263e-05, 0.0002955195934094538]","[1.7096805137202738e-05, 8.317050813874548e-05]",-0.07360685880267463,99.86347501592792,99.86347501592792,97,0.0,0.004627963065777608,0.003984023143993798,6.109342272988089e-09,4.32295261775518e-06,-0.07648184484269423,0.0,0.0
ISIC,1993,R,1,10,229,2290,119.80414371099323,"[1.7096805137202738e-05, 8.317050813874548e-05]","[1e-05, 1e-05]",-0.07579856904378104,99.92718667516155,99.92718667516155,97,0.0,0.003266800962076063,0.001875186199562039,1.1429976808091427e-08,9.345782943308996e-06,-0.0775219129683149,0.0,0.0
ISIC,1993,R,2,1,28,2318,26.11669932701625,"[0.00030000000000000003, 0.003]","[0.0002929031948627973, 0.0029268294918612546]",10.674274113561426,83.34583645911478,95.49887471867967,97,0.0,0.505356566721405,0.9692526597895527,3.3545180586091125e-07,10.109285998557295,-0.07123092668397087,0.14468270153020057,1.0
ISIC,1993,R,2,2,28,2346,15.75185538403457,"[0.0002929031948627973, 0.0029268294918612546]","[0.0002723074641843674, 0.0027144804065905464]",11.010338465017933,86.72168042010503,97.67441860465117,97,0.0,0.37756654394879013,0.9178381791072232,0.04323503505778214,10.234829094793115,-0.072593335381576,0.40188953253497744,1.0
ISIC,1993,R,2,3,28,2374,15.38326978503028,"[0.0002723074641843674, 0.0027144804065905464]","[0.0002402288615824086, 0.0023837389521772475]",15.216888092458248,83.57089272318079,97.89947486871718,97,0.0,1.3679605715045988,1.6710138792792955,0.0003064396816766125,10.163923708455902,-0.07384195519345146,4.113712807318993,1.0
ISIC,1993,R,2,4,28,2402,15.342600859003142,"[0.0002402288615824086, 0.0023837389521772475]","[0.00019980746418436736, 0.0019669804065905465]",15.9022949008005,81.32033008252063,94.22355588897224,97,0.0,0.451971943859525,1.7556847140144984,4.87520913053671e-08,10.115405519093786,-0.07491386170898165,5.1259177457040295,1.0
ISIC,1993,R,2,5,28,2430,15.163881140004378,"[0.00019980746418436736, 0.0019669804065905465]","[0.00015499999999999997, 0.001505]",12.795436163033758,83.64591147786946,98.12453113278319,97,0.0,0.5861722367567646,1.1943457839857676,2.926905093017848e-10,10.109286142247063,-0.07578681664807456,2.1684309561969712,1.0
ISIC,1993,R,2,6,28,2458,14.878725880000275,"[0.00015499999999999997, 0.001505]","[0.00011019253581563262, 0.0010430195934094538]",5.917886892865811,76.14403600900225,97.2993248312078,97,0.0,0.4215894830227366,1.83490755633841,6.522053817510072e-11,2.3889703218849933e-10,-0.07652948477438518,5.242250725726706,1.0
ISIC,1993,R,2,7,28,2486,15.608593383047264,"[0.00011019253581563262, 0.0010430195934094538]","[6.97711384175914e-05, 0.000626261047822753]",3.184787480160594,85.37134283570893,97.97449362340585,97,0.0,0.6200462508801406,0.5891274134411789,2.3380565448244257e-11,6.569268995562693e-10,-0.07712466695478984,2.8588542037507847,1.0
ISIC,1993,R,2,8,28,2514,15.275666046014521,"[6.97711384175914e-05, 0.000626261047822753]","[3.769253581563263e-05, 0.0002955195934094538]",1.0039688051744764,96.09902475618905,97.74943735933984,97,0.0,0.1610705964267254,0.1805488166532346,3.1030048388387176e-11,1.6032369194146356e-10,-0.07756424056632179,0.9676599106952802,1.0
ISIC,1993,R,2,9,28,2542,15.006488237006124,"[3.769253581563263e-05, 0.0002955195934094538]","[1.7096805137202738e-05, 8.317050813874548e-05]",-0.006730512950785591,97.97449362340585,97.97449362340585,97,0.0,0.11162699238463704,0.10131964528617184,5.2802253097577524e-11,2.2304297850645246e-10,-0.07779815239565714,8.542803980000307e-05,1.0
ISIC,1993,R,2,10,28,2570,15.3083789049997,"[1.7096805137202738e-05, 8.317050813874548e-05]","[1e-05, 1e-05]",-0.03175395208251887,98.19954988747187,98.19954988747187,97,0.0,0.07521758908738516,0.06240186805371195,4.9463655968170976e-11,3.0746715751838014e-10,-0.0779836756842477,0.0003565706942692616,1.0
ISIC,1993,R,3,1,7,2577,7.478747478977311,"[0.00030000000000000003, 0.003]","[0.0002929031948627973, 0.0029268294918612546]",70.96105602809361,24.666666666666668,71.0,97,0.0,1.9570465854236059,3.01702572618212,8.329784187466333e-13,63.22285951886858,-0.07817481671060834,3.079173752239772,2.0
ISIC,1993,R,3,2,7,2584,4.154819582006894,"[0.0002929031948627973, 0.0029268294918612546]","[0.0002723074641843674, 0.0027144804065905464]",68.61439405168805,28.0,85.33333333333333,97,0.0,1.6719634447778975,6.635043399674552,1.4658504290100483e-12,63.22285761151995,-0.07818257468087333,1.350358200924737,2.0
ISIC,1993,R,3,3,7,2591,4.11654085299233,"[0.0002723074641843674, 0.0027144804065905464]","[0.0002402288615824086, 0.0023837389521772475]",65.89880643572126,68.33333333333333,85.33333333333333,97,0.0,1.3034175889832633,2.9675582306725636,2.201594615629342e-12,63.22285897391183,-0.0784208927835737,0.6653548649379185,2.0
ISIC,1993,R,3,4,7,2598,4.000052613031585,"[0.0002402288615824086, 0.0023837389521772475]","[0.00019980746418436736, 0.0019669804065905465]",67.22858401707241,50.333333333333336,64.33333333333333,97,0.0,0.5444696758474622,2.1605823976652965,2.8399247626781562e-12,63.222859791346956,-0.0787174267428262,1.5913791986448425,2.0
ISIC,1993,R,3,5,7,2605,4.333275735960342,"[0.00019980746418436736, 0.0019669804065905465]","[0.00015499999999999997, 0.001505]",65.1318017414638,38.666666666666664,58.0,97,0.0,0.47549744163240704,2.4844378232955933,2.5686003752569894e-12,63.22285842895508,-0.0786904377596719,0.5004935328449521,2.0
ISIC,1993,R,3,6,7,2612,4.228594213025644,"[0.00015499999999999997, 0.001505]","[0.00011019253581563262, 0.0010430195934094538]",5.1564322880336215,62.666666666666664,88.0,97,0.0,0.3659022833619799,1.7179261616298132,1.3569163580139991e-11,2.4262461227237052e-11,-0.0793083565575736,2.270565548113414,2.0
ISIC,1993,R,3,7,7,2619,4.281315302010626,"[0.00011019253581563262, 0.0010430195934094538]","[6.97711384175914e-05, 0.000626261047822753]",1.4419689689363753,9.333333333333334,82.0,97,0.0,0.4217873087951115,2.677144684961864,2.4509675877047513e-12,3.2942796387139115e-12,-0.08023339339665005,0.24461249581405095,2.0
ISIC,1993,R,3,8,7,2626,4.132007520005573,"[6.97711384175914e-05, 0.000626261047822753]","[3.769253581563263e-05, 0.0002955195934094538]",1.360478128705706,85.66666666666667,92.66666666666667,97,0.0,0.23650853974478586,0.37825063296726774,1.165097929236169e-12,2.9563189500282343e-12,-0.0796382486820221,0.6175983079842159,2.0
ISIC,1993,R,3,9,7,2633,4.093982435995713,"[3.769253581563263e-05, 0.0002955195934094538]","[1.7096805137202738e-05, 8.317050813874548e-05]",0.878123368535723,73.33333333333333,94.33333333333333,97,0.0,0.25711838049548014,0.7366152661187308,1.9984407427818836e-12,4.441809418725862e-12,-0.07958872658865793,0.31323376085077015,2.0
ISIC,1993,R,3,10,7,2640,4.207130786962807,"[1.7096805137202738e-05, 8.317050813874548e-05]","[1e-05, 1e-05]",0.8332910963467189,75.66666666666667,95.0,97,0.0,0.25025230433259693,0.7208598596709115,2.038247483042705e-12,3.4180474477261275e-12,-0.07948740550449918,0.29453721216746737,2.0
ISIC,1993,R,4,1,128,2768,113.6962757660076,"[0.00030000000000000003, 0.003]","[0.0002929031948627973, 0.0029268294918612546]",1.7009043410653248,74.40144309609708,76.94326008527386,97,0.0,0.5652301251102472,0.9904593281535199,1.662798022289859e-07,0.47640626614156645,-0.08057456668466331,0.2621698096190812,3.0
ISIC,1993,R,4,2,128,2896,65.7040756890201,"[0.0002929031948627973, 0.0029268294918612546]","[0.0002723074641843674, 0.0027144804065905464]",1.6176093852845952,79.78025582158085,86.07740242702525,97,0.0,0.44065642372879665,1.2596483401721343,4.6136015628466253e-11,0.47640626893553417,-0.08594218478538096,0.22012567520141602,3.0
ISIC,1993,R,4,3,128,3024,66.32959465601016,"[0.0002723074641843674, 0.0027144804065905464]","[0.0002402288615824086, 0.0023837389521772475]",5.105511671397835,79.68186290587077,85.70022958346999,97,0.0,0.6584385284804739,2.463054262159858,1.1243201990957907e-12,0.47640626893553417,-0.09092987612821163,1.2265125569392694,3.0
ISIC,1993,R,4,4,128,3152,64.66578711301554,"[0.0002402288615824086, 0.0023837389521772475]","[0.00019980746418436736, 0.0019669804065905465]",4.152450161986053,84.63430632994424,87.78287963266645,97,0.0,0.8110567414260004,0.8929777914308943,1.3412593864882932e-12,0.47640626893553417,-0.09495428227819502,1.0676622268074425,3.0
ISIC,1993,R,4,5,128,3280,65.37272890401073,"[0.00019980746418436736, 0.0019669804065905465]","[0.00015499999999999997, 0.001505]",5.500685238395818,77.95998688094457,83.89635946211872,97,0.0,1.9981015522644157,2.3641708639042918,2.37023506313624e-11,0.47640626893553417,-0.09867599857971072,1.2229547019524034,3.0
ISIC,1993,R,4,6,128,3408,66.06033438298618,"[0.00015499999999999997, 0.001505]","[0.00011019253581563262, 0.0010430195934094538]",8.601235156791518,77.51721876024926,88.34043948835684,97,0.0,1.565405853674747,3.6789785303990357,1.217807990709447e-10,1.3894747484267488e-09,-0.10118784932419658,2.3180982452104217,3.0
ISIC,1993,R,4,7,128,3536,66.15648063499248,"[0.00011019253581563262, 0.0010430195934094538]","[6.97711384175914e-05, 0.000626261047822753]",6.2846479527361225,81.22335191866186,90.013119055428,97,0.0,0.8517498989822343,1.7383325713162776,3.843781398043093e-13,2.7473955745944804e-12,-0.1032345212996006,1.8415072419302305,3.0
ISIC,1993,R,4,8,128,3664,66.54012506594881,"[6.97711384175914e-05, 0.000626261047822753]","[3.769253581563263e-05, 0.0002955195934094538]",5.823907335638069,85.32305673991472,91.04624467038373,97,0.0,1.7752399922464974,0.7649512302341464,2.026029253456395e-14,1.357217004865347e-13,-0.10467967451550067,1.6939521965614404,3.0
ISIC,1993,R,4,9,128,3792,66.18075411900645,"[3.769253581563263e-05, 0.0002955195934094538]","[1.7096805137202738e-05, 8.317050813874548e-05]",6.769790320453467,83.45359134142342,91.12823876680879,97,0.0,1.081134856855897,0.7415458030050104,4.086220428758894e-14,4.2257506318992097e-13,-0.10552762933075428,2.0892525842864416,3.0
ISIC,1993,R,4,10,128,3920,67.95753653900465,"[1.7096805137202738e-05, 8.317050813874548e-05]","[1e-05, 1e-05]",4.876744400564348,89.16038045260741,91.40701869465398,97,0.0,0.5279843194730347,0.329052028744627,1.2881361533862128e-13,1.0199146193157753e-12,-0.10591744538396598,1.5656610228179488,3.0
ISIC,1994,U,1,1,28,28,26.340554939000867,"[0.00030000000000000003, 0.003]","[0.0002929031948627973, 0.0029268294918612546]",10.576275837208543,96.99924981245312,96.99924981245312,97,0.0,0.3432383558657036,0.8855523467063904,0.1213049164348883,10.134008897202355,-0.00776478581662689,0.0,0.0
ISIC,1994,U,1,2,28,56,14.829851329035591,"[0.0002929031948627973, 0.0029268294918612546]","[0.0002723074641843674, 0.0027144804065905464]",10.218500448124749,97.67441860465117,97.67441860465117,97,0.0,0.06616709986909493,0.2886897224175836,2.423025667507473e-09,10.109286120959691,-0.009071279822715692,0.0,0.0
ISIC,1994,U,1,3,28,84,14.722745811974164,"[0.0002723074641843674, 0.0027144804065905464]","[0.0002402288615824086, 0.0023837389521772475]",10.151082693466119,98.9497374343586,98.9497374343586,97,0.0,0.04292632548354699,0.11357376486496865,1.694780082909522e-11,10.109286052840096,-0.010370080412498543,0.0,0.0
ISIC,1994,U,1,4,28,112,15.219984847004525,"[0.0002402288615824086, 0.0023837389521772475]","[0.00019980746418436736, 0.0019669804065905465]",10.114578995321478,99.54988747186796,99.54988747186796,97,0.0,0.025691704900964396,0.025273628766983944,1.5009031463485626e-09,10.109286057097572,-0.011695422285369465,0.0,0.0
ISIC,1994,U,1,5,28,140,15.104728432022966,"[0.00019980746418436736, 0.0019669804065905465]","[0.00015499999999999997, 0.001505]",10.103371274258409,99.62490622655663,99.62490622655663,97,0.0,0.009168415686352611,0.011572164905268372,7.688469751304319e-11,10.109286108187266,-0.01282818080591304,0.0,0.0
ISIC,1994,U,1,6,28,168,14.996377350005787,"[0.00015499999999999997, 0.001505]","[0.00011019253581563262, 0.0010430195934094538]",-0.009573930824574615,99.84996249062266,99.84996249062266,97,0.0,0.008653063829115126,0.0038226337658540744,2.324991625719315e-09,3.647775935359754e-08,-0.013732533795492987,0.0,0.0
ISIC,1994,U,1,7,28,196,14.910242874000687,"[0.00011019253581563262, 0.0010430195934094538]","[6.97711384175914e-05, 0.000626261047822753]",-0.01045310014991888,99.92498124531133,99.92498124531133,97,0.0,0.008240644756110018,0.0035567080120699757,6.867343554289994e-11,8.574957393426623e-09,-0.014385559356638366,0.0,0.0
ISIC,1994,U,1,8,28,224,15.051725419005379,"[6.97711384175914e-05, 0.000626261047822753]","[3.769253581563263e-05, 0.0002955195934094538]",-0.012414081138558686,100.0,100.0,97,0.0,0.006129053001391834,0.001268195710508735,4.492286359489685e-11,2.3589358630279317e-09,-0.014879832789301873,0.0,0.0
ISIC,1994,U,1,9,28,252,14.900752928981092,"[3.769253581563263e-05, 0.0002955195934094538]","[1.7096805137202738e-05, 8.317050813874548e-05]",-0.010314361175655254,99.84996249062266,99.84996249062266,97,0.0,0.007757435342812512,0.006767834107709599,1.186766966957228e-10,1.0691729221565252e-08,-0.015156128044639316,0.0,0.0
ISIC,1994,U,1,10,28,280,15.020168150018435,"[1.7096805137202738e-05, 8.317050813874548e-05]","[1e-05, 1e-05]",-0.012174207451088088,100.0,100.0,97,0.0,0.006624905479839072,0.0026132889923928815,4.721306031307738e-09,2.7884880149023866e-08,-0.015253635070153647,0.0,0.0
ISIC,1994,U,2,1,15,295,14.700796506018378,"[0.00030000000000000003, 0.003]","[0.0002929031948627973, 0.0029268294918612546]",1.2035229126612346,63.16526610644258,67.6470588235294,97,0.0,0.8558407266934712,1.3693132102489471,1.4895236442629775e-10,0.47600001891454063,-0.014195120930671691,0.0,0.0
ISIC,1994,U,2,2,15,310,8.5238194129779,"[0.0002929031948627973, 0.0029268294918612546]","[0.0002723074641843674, 0.0027144804065905464]",0.8359641869862874,77.73109243697479,77.73109243697479,97,0.0,0.48815803925196327,0.6364598572254181,3.359301432042464e-12,0.47600001891454063,-0.014908483326435094,0.0,0.0
ISIC,1994,U,2,3,15,325,8.653022948012222,"[0.0002723074641843674, 0.0027144804065905464]","[0.0002402288615824086, 0.0023837389521772475]",0.7194264650344848,84.17366946778712,84.17366946778712,97,0.0,0.37363047401110333,0.4036432921886444,1.6735636950786024e-11,0.47600001891454063,-0.015664831995964048,0.0,0.0
ISIC,1994,U,2,4,15,340,9.281266912003048,"[0.0002402288615824086, 0.0023837389521772475]","[0.00019980746418436736, 0.0019669804065905465]",0.7070208708445231,85.15406162464986,85.15406162464986,97,0.0,0.34072456061840056,0.40128977100054425,1.937755004192869e-11,0.47600001891454063,-0.016317271192868552,0.0,0.0
ISIC,1994,U,2,5,15,355,9.0918984360178,"[0.00019980746418436736, 0.0019669804065905465]","[0.00015499999999999997, 0.001505]",0.6910566290219625,87.11484593837535,87.11484593837535,97,0.0,0.33212962647279104,0.36389704545338947,5.326941876857519e-12,0.47600001891454063,-0.01695230027039846,0.0,0.0
ISIC,1994,U,2,6,15,370,8.856877126032487,"[0.00015499999999999997, 0.001505]","[0.00011019253581563262, 0.0010430195934094538]",0.1341342384616534,90.75630252100841,90.75630252100841,97,0.0,0.2535328318675359,0.20104689051707586,1.8871738330830437e-11,1.5659626662822046e-09,-0.017392342189947764,0.0,0.0
ISIC,1994,U,2,7,15,385,8.606254412035923,"[0.00011019253581563262, 0.0010430195934094538]","[6.97711384175914e-05, 0.000626261047822753]",0.14059510578711829,92.43697478991596,92.43697478991596,97,0.0,0.2595656295617422,0.21552699357271193,1.8792531425770546e-14,1.1374627847327128e-12,-0.01776910255352656,0.0,0.0
ISIC,1994,U,2,8,15,400,9.09895403595874,"[6.97711384175914e-05, 0.000626261047822753]","[3.769253581563263e-05, 0.0002955195934094538]",0.12718175972501436,92.57703081232494,92.57703081232494,97,0.0,0.24185791512330373,0.1935952439904213,3.275808475005578e-14,8.093329276887256e-13,-0.01796929756800334,0.0,0.0
ISIC,1994,U,2,9,15,415,8.466451873013284,"[3.769253581563263e-05, 0.0002955195934094538]","[1.7096805137202738e-05, 8.317050813874548e-05]",0.11598844453692436,93.69747899159664,93.69747899159664,97,0.0,0.2317826529343923,0.1705274388194084,6.224972509009904e-14,3.194989898799958e-12,-0.018114926616350814,0.0,0.0
ISIC,1994,U,2,10,15,430,8.656364946975373,"[1.7096805137202738e-05, 8.317050813874548e-05]","[1e-05, 1e-05]",0.10300588185588519,94.67787114845939,94.67787114845939,97,0.0,0.21799244831005732,0.14564374883969625,4.421432440032776e-13,2.042211023770349e-12,-0.01820618679126104,0.0,0.0
ISIC,1994,U,3,1,288,718,252.3843383740168,"[0.00030000000000000003, 0.003]","[0.0002929031948627973, 0.0029268294918612546]",0.8829777764363421,82.41734338747099,82.68561484918793,97,0.0,0.5222466679082977,0.772602972574532,7.748919514471639e-10,0.47888890783199006,-0.027527694833568404,0.0,0.0
ISIC,1994,U,3,2,288,1006,146.73921319795772,"[0.0002929031948627973, 0.0029268294918612546]","[0.0002723074641843674, 0.0027144804065905464]",0.6905385564184852,86.1368909512761,86.1368909512761,97,0.0,0.32492196968653136,0.4364000380349656,4.017826304995066e-11,0.47888890793547034,-0.04212436986466249,0.0,0.0
ISIC,1994,U,3,3,288,1294,142.7739532419946,"[0.0002723074641843674, 0.0027144804065905464]","[0.0002402288615824086, 0.0023837389521772475]",0.6536477038429843,87.56525522041764,87.56525522041764,97,0.0,0.29585203078264993,0.39479948656581754,3.5607841901672907e-11,0.47888890793547034,-0.055458387960162434,0.0,0.0
ISIC,1994,U,3,4,288,1582,146.53825981204864,"[0.0002402288615824086, 0.0023837389521772475]","[0.00019980746418436736, 0.0019669804065905465]",0.5974871736640731,89.90719257540603,89.90719257540603,97,0.0,0.24674219767459565,0.3100710541087513,1.0319852779942429e-08,0.4788889053484632,-0.06700616125017406,0.0,0.0
ISIC,1994,U,3,5,288,1870,146.35891720699146,"[0.00019980746418436736, 0.0019669804065905465]","[0.00015499999999999997, 0.001505]",0.5696455450314615,90.72650812064965,90.72650812064965,97,0.0,0.2231160968593839,0.2787314191130766,2.756977596774399e-19,0.47888890793547034,-0.07652587383571599,0.0,0.0
ISIC,1994,U,3,6,288,2158,147.19832366000628,"[0.00015499999999999997, 0.001505]","[0.00011019253581563262, 0.0010430195934094538]",0.03954015787328697,92.64066125290023,92.64066125290023,97,0.0,0.17688602152823782,0.1935461551313185,9.471029389868242e-20,3.2274466036237785e-18,-0.0839372359837095,0.0,0.0
ISIC,1994,U,3,7,288,2446,148.9596157670021,"[0.00011019253581563262, 0.0010430195934094538]","[6.97711384175914e-05, 0.000626261047822753]",0.017347752504671615,93.98201856148492,93.98201856148492,97,0.0,0.15671883427098188,0.1630954122196676,3.1600164195691532e-18,3.247405271443014e-17,-0.08925699779970779,0.0,0.0
ISIC,1994,U,3,8,288,2734,147.45694659097353,"[6.97711384175914e-05, 0.000626261047822753]","[3.769253581563263e-05, 0.0002955195934094538]",-0.005477786801444988,95.01160092807424,95.01160092807424,97,0.0,0.13457995495668407,0.12746552299278038,7.288040254324637e-16,5.252634293620651e-15,-0.09282627997712958,0.0,0.0
ISIC,1994,U,3,9,288,3022,148.43982179800514,"[3.769253581563263e-05, 0.0002955195934094538]","[1.7096805137202738e-05, 8.317050813874548e-05]",-0.021692288444480963,96.19344547563806,96.19344547563806,97,0.0,0.11780913346835102,0.10195610534477358,1.947241627804247e-18,1.4156772420616844e-17,-0.09494736887928514,0.0,0.0
ISIC,1994,U,3,10,288,3310,147.68326684494969,"[1.7096805137202738e-05, 8.317050813874548e-05]","[1e-05, 1e-05]",-0.029988795971601374,96.59222737819026,96.59222737819026,97,0.0,0.10968894689964752,0.08826345454953197,1.583329714014167e-18,3.511423902806567e-17,-0.09597292989492417,0.0,0.0
ISIC,1994,U,4,1,60,3370,55.12429007299943,"[0.00030000000000000003, 0.003]","[0.0002929031948627973, 0.0029268294918612546]",8.474704125523568,93.85203195554011,98.12434873219868,97,0.0,0.8209941683925233,1.4536430005643612,8.435611996974323e-25,7.805833621819814,-0.08934178362290066,0.0,0.0
ISIC,1994,U,4,2,60,3430,32.23866397695383,"[0.0002929031948627973, 0.0029268294918612546]","[0.0002723074641843674, 0.0027144804065905464]",7.7209617058436075,99.65265717262939,99.65265717262939,97,0.0,0.008653447667741905,0.012921145608162259,1.4317246662139107e-24,7.805833605925242,-0.09206338832775753,0.0,0.0
ISIC,1994,U,4,3,60,3490,30.90504610602511,"[0.0002723074641843674, 0.0027144804065905464]","[0.0002402288615824086, 0.0023837389521772475]",7.712007803221543,100.0,100.0,97,0.0,0.0018520333886044682,0.0005228290133852435,7.643381884791857e-22,7.805833625793457,-0.09461748699347179,0.0,0.0
ISIC,1994,U,4,4,60,3550,31.225389549974352,"[0.0002402288615824086, 0.0023837389521772475]","[0.00019980746418436736, 0.0019669804065905465]",7.709340265889963,100.0,100.0,97,0.0,0.0007812498649172994,0.00011129190113861043,2.147093759759839e-22,7.805833617846171,-0.09679074287414552,0.0,0.0
ISIC,1994,U,4,5,60,3610,30.84238714101957,"[0.00019980746418436736, 0.0019669804065905465]","[0.00015499999999999997, 0.001505]",7.707344850897789,100.0,100.0,97,0.0,0.0002565914420605016,3.111369568700913e-05,4.089377789506101e-23,7.805833594004313,-0.09858468979597095,0.0,0.0
ISIC,1994,U,4,6,60,3670,31.048861675022636,"[0.00015499999999999997, 0.001505]","[0.00011019253581563262, 0.0010430195934094538]",-0.10007833788792292,100.0,100.0,97,0.0,0.00022561265228659977,3.461148864500145e-05,2.250713420857469e-23,4.972673174201482e-20,-0.10016507903734843,0.0,0.0
ISIC,1994,U,4,7,60,3730,31.713829288026318,"[0.00011019253581563262, 0.0010430195934094538]","[6.97711384175914e-05, 0.000626261047822753]",-0.1010674111545086,100.0,100.0,97,0.0,0.0002901476452128312,3.2292288113433544e-05,3.800845096709855e-25,8.832917162114375e-22,-0.10117488990227382,0.0,0.0
ISIC,1994,U,4,8,60,3790,30.907623664999846,"[6.97711384175914e-05, 0.000626261047822753]","[3.769253581563263e-05, 0.0002955195934094538]",-0.10185340332488219,100.0,100.0,97,0.0,0.0002376157708984768,1.331773700510297e-05,2.438443448750236e-22,1.960421101609081e-18,-0.10193704704443614,0.0,0.0
ISIC,1994,U,4,9,60,3850,30.648048810020555,"[3.769253581563263e-05, 0.0002955195934094538]","[1.7096805137202738e-05, 8.317050813874548e-05]",-0.10233251340687274,100.0,100.0,97,0.0,0.0003019560467464544,1.9473860093791966e-05,3.199206261155697e-21,2.1533968208019524e-17,-0.10243965536355973,0.0,0.0
ISIC,1994,U,4,10,60,3910,30.798055245017167,"[1.7096805137202738e-05, 8.317050813874548e-05]","[1e-05, 1e-05]",-0.10245762206614017,100.0,100.0,97,0.0,0.0001918513389303674,4.735802826221954e-05,1.576591386267088e-22,4.688718007827233e-20,-0.10253735661506655,0.0,0.0
ISIC,1994,R,1,1,28,28,25.859409377037082,"[0.00030000000000000003, 0.003]","[0.0002929031948627973, 0.0029268294918612546]",10.576275837208543,96.99924981245312,96.99924981245312,97,0.0,0.3432383558657036,0.8855523467063904,0.1213049164348883,10.134008897202355,-0.00776478581662689,0.0,0.0
ISIC,1994,R,1,2,28,56,14.914921238960233,"[0.0002929031948627973, 0.0029268294918612546]","[0.0002723074641843674, 0.0027144804065905464]",10.218500448124749,97.67441860465117,97.67441860465117,97,0.0,0.06616709986909493,0.2886897224175836,2.423025667507473e-09,10.109286120959691,-0.009071279822715692,0.0,0.0
ISIC,1994,R,1,3,28,84,15.219709734024946,"[0.0002723074641843674, 0.0027144804065905464]","[0.0002402288615824086, 0.0023837389521772475]",10.151082693466119,98.9497374343586,98.9497374343586,97,0.0,0.04292632548354699,0.11357376486496865,1.694780082909522e-11,10.109286052840096,-0.010370080412498543,0.0,0.0
ISIC,1994,R,1,4,28,112,15.363121690985281,"[0.0002402288615824086, 0.0023837389521772475]","[0.00019980746418436736, 0.0019669804065905465]",10.114578995321478,99.54988747186796,99.54988747186796,97,0.0,0.025691704900964396,0.025273628766983944,1.5009031463485626e-09,10.109286057097572,-0.011695422285369465,0.0,0.0
ISIC,1994,R,1,5,28,140,15.564049450971652,"[0.00019980746418436736, 0.0019669804065905465]","[0.00015499999999999997, 0.001505]",10.103371274258409,99.62490622655663,99.62490622655663,97,0.0,0.009168415686352611,0.011572164905268372,7.688469751304319e-11,10.109286108187266,-0.01282818080591304,0.0,0.0
ISIC,1994,R,1,6,28,168,14.84991228301078,"[0.00015499999999999997, 0.001505]","[0.00011019253581563262, 0.0010430195934094538]",-0.009573930824574615,99.84996249062266,99.84996249062266,97,0.0,0.008653063829115126,0.0038226337658540744,2.324991625719315e-09,3.647775935359754e-08,-0.013732533795492987,0.0,0.0
ISIC,1994,R,1,7,28,196,14.960512708988972,"[0.00011019253581563262, 0.0010430195934094538]","[6.97711384175914e-05, 0.000626261047822753]",-0.01045310014991888,99.92498124531133,99.92498124531133,97,0.0,0.008240644756110018,0.0035567080120699757,6.867343554289994e-11,8.574957393426623e-09,-0.014385559356638366,0.0,0.0
ISIC,1994,R,1,8,28,224,14.728402862034272,"[6.97711384175914e-05, 0.000626261047822753]","[3.769253581563263e-05, 0.0002955195934094538]",-0.012414081138558686,100.0,100.0,97,0.0,0.006129053001391834,0.001268195710508735,4.492286359489685e-11,2.3589358630279317e-09,-0.014879832789301873,0.0,0.0
ISIC,1994,R,1,9,28,252,15.006513598025776,"[3.769253581563263e-05, 0.0002955195934094538]","[1.7096805137202738e-05, 8.317050813874548e-05]",-0.010314361175655254,99.84996249062266,99.84996249062266,97,0.0,0.007757435342812512,0.006767834107709599,1.186766966957228e-10,1.0691729221565252e-08,-0.015156128044639316,0.0,0.0
ISIC,1994,R,1,10,28,280,14.970307058014441,"[1.7096805137202738e-05, 8.317050813874548e-05]","[1e-05, 1e-05]",-0.012174207451088088,100.0,100.0,97,0.0,0.006624905479839072,0.0026132889923928815,4.721306031307738e-09,2.7884880149023866e-08,-0.015253635070153647,0.0,0.0
ISIC,1994,R,2,1,15,295,15.401665601995774,"[0.00030000000000000003, 0.003]","[0.0002929031948627973, 0.0029268294918612546]",3.0531829794247947,47.47899159663866,65.12605042016807,97,0.0,1.190364283323288,2.5924623986085256,5.13291456304277e-11,0.47600001891454063,-0.014195120930671691,1.330435828321303,1.0
ISIC,1994,R,2,2,15,310,8.886262093961705,"[0.0002929031948627973, 0.0029268294918612546]","[0.0002723074641843674, 0.0027144804065905464]",1.8455291310946147,65.12605042016807,76.61064425770309,97,0.0,0.932615206638972,1.161859748760859,5.232535622419083e-12,0.47600001891454063,-0.014908483326435094,0.6862792505071714,1.0
ISIC,1994,R,2,3,15,325,8.642304720997345,"[0.0002723074641843674, 0.0027144804065905464]","[0.0002402288615824086, 0.0023837389521772475]",1.6682987292607625,74.2296918767507,77.3109243697479,97,0.0,0.6780722141265869,0.6503051539262136,3.129936059499741e-11,0.47600001891454063,-0.015664831995964048,0.7651710650684739,1.0
ISIC,1994,R,2,4,15,340,8.733075794996694,"[0.0002402288615824086, 0.0023837389521772475]","[0.00019980746418436736, 0.0019669804065905465]",1.1840399503707886,76.89075630252101,78.15126050420169,97,0.0,0.45196716984113056,0.5700129727522533,1.644295825619218e-11,0.47600001891454063,-0.016317271192868552,0.3836971615703078,1.0
ISIC,1994,R,2,5,15,355,8.602856845012866,"[0.00019980746418436736, 0.0019669804065905465]","[0.00015499999999999997, 0.001505]",1.3573866009712219,75.21008403361344,80.53221288515407,97,0.0,0.40680987437566124,0.5885149498780569,2.264833904187108e-11,0.47600001891454063,-0.01695230027039846,0.5665639177927612,1.0
ISIC,1994,R,2,6,15,370,8.542758412018884,"[0.00015499999999999997, 0.001505]","[0.00011019253581563262, 0.0010430195934094538]",1.1648831605911254,71.98879551820728,79.9719887955182,97,0.0,0.4507880131403605,0.6813418289025625,7.264458810949149e-11,2.383252654218084e-09,-0.017392342189947764,0.8048988850893996,1.0
ISIC,1994,R,2,7,15,385,8.516798525990453,"[0.00011019253581563262, 0.0010430195934094538]","[6.97711384175914e-05, 0.000626261047822753]",1.6722002923488617,74.78991596638656,81.79271708683473,97,0.0,0.5045773565769196,0.5998342971007029,7.080779159057137e-14,7.502799431992191e-13,-0.01776910255352656,1.3218321863387246,1.0
ISIC,1994,R,2,8,15,400,8.606935942021664,"[6.97711384175914e-05, 0.000626261047822753]","[3.769253581563263e-05, 0.0002955195934094538]",1.102033539613088,78.29131652661064,80.95238095238095,97,0.0,0.49470177888870237,0.492252254486084,4.6004988386242737e-14,4.936134470550814e-13,-0.01796929756800334,0.7910181483045259,1.0
ISIC,1994,R,2,9,15,415,8.516532259003725,"[3.769253581563263e-05, 0.0002955195934094538]","[1.7096805137202738e-05, 8.317050813874548e-05]",0.5290859619776408,80.67226890756302,81.09243697478992,97,0.0,0.4411335547765096,0.45448325475056967,1.7319977064119022e-13,1.244646255386552e-12,-0.018114926616350814,0.24866193784788873,1.0
ISIC,1994,R,2,10,15,430,8.617072049994022,"[1.7096805137202738e-05, 8.317050813874548e-05]","[1e-05, 1e-05]",0.6655350724856058,83.19327731092437,83.75350140056022,97,0.0,0.4365269780158997,0.4486806293328603,1.601158844531674e-13,1.5602094859417644e-12,-0.01820618679126104,0.3886720399061839,1.0
ISIC,1994,R,3,1,288,718,255.7851903460105,"[0.00030000000000000003, 0.003]","[0.0002929031948627973, 0.0029268294918612546]",1.2006120671414666,82.2288283062645,82.66386310904872,97,0.0,0.5008297003805637,0.691139219690942,1.6503278812202548e-10,0.47888890793547034,-0.027527694833568404,0.17596393450043657,2.0
ISIC,1994,R,3,2,288,1006,147.0950883780024,"[0.0002929031948627973, 0.0029268294918612546]","[0.0002723074641843674, 0.0027144804065905464]",1.5345180596535404,82.84512761020882,84.60701856148492,97,0.0,0.574148781468264,0.7831526943482459,1.757690424531646e-06,0.4788886661020418,-0.04212436986466249,0.3226596616934532,2.0
ISIC,1994,R,3,3,288,1294,148.82331852603238,"[0.0002723074641843674, 0.0027144804065905464]","[0.0002402288615824086, 0.0023837389521772475]",1.7084410187477868,80.22041763341068,81.84454756380511,97,0.0,0.6189937337508632,0.9167710424193906,1.5025298322677065e-22,0.47888890793547034,-0.055458387960162434,0.3865444492439565,2.0
ISIC,1994,R,3,4,288,1582,148.479373723967,"[0.0002402288615824086, 0.0023837389521772475]","[0.00019980746418436736, 0.0019669804065905465]",1.9447107454761863,82.54060324825986,84.12848027842227,97,0.0,0.5513277005714675,0.7829121671254851,6.569572397042798e-22,0.47888890793547034,-0.06700616125017406,0.5440406865576127,2.0
ISIC,1994,R,3,5,288,1870,147.3835815039929,"[0.00019980746418436736, 0.0019669804065905465]","[0.00015499999999999997, 0.001505]",3.1227470830910735,78.9298143851508,80.38718097447796,97,0.0,0.9796337558267018,1.1726517253555357,4.486728328906899e-22,0.47888890793547034,-0.07652587383571599,1.0014777838896407,2.0
ISIC,1994,R,3,6,288,2158,146.6741668509785,"[0.00015499999999999997, 0.001505]","[0.00011019253581563262, 0.0010430195934094538]",2.9950170137971224,79.55336426914153,82.81612529002321,97,0.0,0.7085044728074636,1.281592870545056,9.266321668451144e-25,1.2806826268549658e-23,-0.0839372359837095,1.2077942125215486,2.0
ISIC,1994,R,3,7,288,2446,148.2122256969451,"[0.00011019253581563262, 0.0010430195934094538]","[6.97711384175914e-05, 0.000626261047822753]",2.314578813229067,80.50319025522042,84.00522041763341,97,0.0,0.7453033324434526,1.126196445638521,5.958500090950028e-20,2.404740187946722e-18,-0.08925699779970779,0.8900012670525635,2.0
ISIC,1994,R,3,8,288,2734,146.37320138298674,"[6.97711384175914e-05, 0.000626261047822753]","[3.769253581563263e-05, 0.0002955195934094538]",1.553808977798326,82.18532482598607,85.21606728538283,97,0.0,0.5104487576884114,0.7538962251403265,9.630896479556771e-16,1.580477802612434e-14,-0.09282627997712958,0.6125934558441359,2.0
ISIC,1994,R,3,9,288,3022,149.09810909203952,"[3.769253581563263e-05, 0.0002955195934094538]","[1.7096805137202738e-05, 8.317050813874548e-05]",1.1872105999468152,83.67169373549883,86.709686774942,97,0.0,0.41395565077093327,0.49297972346862984,2.486789992616476e-20,4.134447215694826e-19,-0.09494736887928514,0.4899230833300155,2.0
ISIC,1994,R,3,10,288,3310,146.9889292040025,"[1.7096805137202738e-05, 8.317050813874548e-05]","[1e-05, 1e-05]",1.4316454815772077,84.34599767981439,86.57917633410673,97,0.0,0.3963208455178473,0.37953216634276843,2.9055619868258013e-21,5.0975493261629596e-20,-0.09597292989492417,0.6345003646330143,2.0
ISIC,1994,R,4,1,60,3370,54.61126046202844,"[0.00030000000000000003, 0.003]","[0.0002929031948627973, 0.0029268294918612546]",9.855110362172127,91.28169503299758,98.6453629732546,97,0.0,0.2199898760379559,0.604765166057526,2.046461768678445e-21,7.805833621819814,-0.08934178362290066,0.621233404862384,3.0
ISIC,1994,R,4,2,60,3430,32.20858778298134,"[0.0002929031948627973, 0.0029268294918612546]","[0.0002723074641843674, 0.0027144804065905464]",10.215810218453408,83.15387287252518,98.4716915595693,97,0.0,0.49240827762022593,2.278239574569741,4.092314841172035e-29,7.805833605925242,-0.09206338832775753,0.5261635447541873,3.0
ISIC,1994,R,4,3,60,3490,32.48324702604441,"[0.0002723074641843674, 0.0027144804065905464]","[0.0002402288615824086, 0.0023837389521772475]",11.609621264537175,81.10455019103856,97.74227162209101,97,0.0,0.7364143447640944,2.1714406829832935,2.8665145741350937e-24,7.805833625793457,-0.09461748699347179,0.9763733271509409,3.0
ISIC,1994,R,4,4,60,3550,32.43610428296961,"[0.0002402288615824086, 0.0023837389521772475]","[0.00019980746418436736, 0.0019669804065905465]",10.300285084048907,87.39145536644668,96.42236887808266,97,0.0,0.4449124158871806,0.6664341926571297,7.453196255346718e-24,7.805833617846171,-0.09679074287414552,0.7402644079178572,3.0
ISIC,1994,R,4,5,60,3610,32.55435244704131,"[0.00019980746418436736, 0.0019669804065905465]","[0.00015499999999999997, 0.001505]",10.953845098614693,88.43348384855852,97.84647447030218,97,0.0,0.8386195674876686,0.7403684176680042,4.982363000581381e-27,7.805833594004313,-0.09858468979597095,0.9067556271329522,3.0
ISIC,1994,R,4,6,60,3670,31.980777015036438,"[0.00015499999999999997, 0.001505]","[0.00011019253581563262, 0.0010430195934094538]",7.810107318436106,78.56894755123307,93.92150052101424,97,0.0,0.7927344482822406,1.4524141809440798,1.63468448761652e-26,3.387667902768945e-26,-0.10016507903734843,2.3872965024784207,3.0
ISIC,1994,R,4,7,60,3730,32.02872998296516,"[0.00011019253581563262, 0.0010430195934094538]","[6.97711384175914e-05, 0.000626261047822753]",10.176724904403091,69.57276832233414,82.80653004515457,97,0.0,1.1768216393891355,3.637833477593897,2.290306967494347e-28,3.750999596283829e-28,-0.10117488990227382,2.891004904732108,3.0
ISIC,1994,R,4,8,60,3790,32.075866180995945,"[6.97711384175914e-05, 0.000626261047822753]","[3.769253581563263e-05, 0.0002955195934094538]",7.07684567309916,65.33518582841265,67.00243139979159,97,0.0,0.47294048930894317,2.292879539086361,1.993618729237803e-27,4.0963403814259005e-27,-0.10193704704443614,2.0856142224433523,3.0
ISIC,1994,R,4,9,60,3850,31.522565006976947,"[3.769253581563263e-05, 0.0002955195934094538]","[1.7096805137202738e-05, 8.317050813874548e-05]",5.041613824417194,68.56547412295936,95.7624175060785,97,0.0,0.4458794895251231,1.0657965012988522,1.70180095858986e-24,4.099376320752507e-24,-0.10243965536355973,1.5467204809809725,3.0
ISIC,1994,R,4,10,60,3910,31.601061948982533,"[1.7096805137202738e-05, 8.317050813874548e-05]","[1e-05, 1e-05]",3.3679078429937364,90.3438693990969,98.50642584230636,97,0.0,0.42557214170422714,0.3855960140392805,1.2288410101898686e-23,2.3297530895630497e-23,-0.10253735661506655,1.0666852675999203,3.0
ISIC,1995,U,1,1,96,96,85.1964958430035,"[0.00030000000000000003, 0.003]","[0.0002929031948627973, 0.0029268294918612546]",1.1951555550719302,79.44845699277741,79.44845699277741,97,0.0,0.6691251524413625,0.9344547437503934,0.31887975003650576,0.563701368868351,-0.009365732385776938,0.0,0.0
ISIC,1995,U,1,2,96,192,50.430822460970376,"[0.0002929031948627973, 0.0029268294918612546]","[0.0002723074641843674, 0.0027144804065905464]",0.7653422018047422,83.19107025607354,83.19107025607354,97,0.0,0.40717055400212604,0.5037413875494773,6.297835178044034e-08,0.4759374388183157,-0.01423258282399426,0.0,0.0
ISIC,1995,U,1,3,96,288,49.422215462021995,"[0.0002723074641843674, 0.0027144804065905464]","[0.0002402288615824086, 0.0023837389521772475]",0.7144390291844805,85.16086671043992,85.16086671043992,97,0.0,0.3538383406897386,0.41810120750839513,1.0367738192156065e-07,0.47593732830137014,-0.018811532327284417,0.0,0.0
ISIC,1995,U,1,4,96,384,49.591591236006934,"[0.0002402288615824086, 0.0023837389521772475]","[0.00019980746418436736, 0.0019669804065905465]",0.6729568497588237,86.88991026482819,86.88991026482819,97,0.0,0.3026255532167852,0.357061734655872,9.4221430877936e-08,0.4759367574006319,-0.022875709552317863,0.0,0.0
ISIC,1995,U,1,5,96,480,49.29684265697142,"[0.00019980746418436736, 0.0019669804065905465]","[0.00015499999999999997, 0.001505]",0.6346530558851858,88.50952068286277,88.50952068286277,97,0.0,0.25396048673428595,0.3013817401758085,3.798542837448862e-08,0.4759373366832733,-0.026398375692466895,0.0,0.0
ISIC,1995,U,1,6,96,576,49.48555977002252,"[0.00015499999999999997, 0.001505]","[0.00011019253581563262, 0.0010430195934094538]",0.11789210733453122,91.07025607353907,91.07025607353907,97,0.0,0.20431275219501308,0.2369259052987521,3.775903036806742e-07,6.350563562452655e-06,-0.029193924181163313,0.0,0.0
ISIC,1995,U,1,7,96,672,49.42934742302168,"[0.00011019253581563262, 0.0010430195934094538]","[6.97711384175914e-05, 0.000626261047822753]",0.10145007353276014,91.52987524622456,91.52987524622456,97,0.0,0.18540343432687223,0.2125864044840758,6.529022170319165e-07,4.8676599701988114e-05,-0.03126210176075498,0.0,0.0
ISIC,1995,U,1,8,96,768,50.35340016701957,"[6.97711384175914e-05, 0.000626261047822753]","[3.769253581563263e-05, 0.0002955195934094538]",0.058027459968191884,94.7034362004815,94.7034362004815,97,0.0,0.13757094249983007,0.13461441335190708,8.745628056033737e-08,5.435041922457797e-06,-0.0327064578110973,0.0,0.0
ISIC,1995,U,1,9,96,864,48.99627139302902,"[3.769253581563263e-05, 0.0002955195934094538]","[1.7096805137202738e-05, 8.317050813874548e-05]",0.048529709437085934,95.51324140949879,95.51324140949879,97,0.0,0.12588783361328146,0.12018625610896076,1.425791035511321e-07,4.204378673424343e-06,-0.033499240533759196,0.0,0.0
ISIC,1995,U,1,10,96,960,49.833673869026825,"[1.7096805137202738e-05, 8.317050813874548e-05]","[1e-05, 1e-05]",0.039746231535294406,96.25738673670388,96.25738673670388,97,0.0,0.11572146501081686,0.10533375174660857,1.4783168687585512e-07,2.56197291890464e-05,-0.03396451097602646,0.0,0.0
ISIC,1995,U,2,1,221,1181,195.11155736702494,"[0.00030000000000000003, 0.003]","[0.0002929031948627973, 0.0029268294918612546]",2.4679463006454894,99.17714934266527,99.24335571739336,97,0.0,0.03916838405074022,0.07922280825356953,7.162669795864209e-05,2.4705169175949573,-0.042058221705898444,0.0,0.0
ISIC,1995,U,2,2,221,1402,113.42930958198849,"[0.0002929031948627973, 0.0029268294918612546]","[0.0002723074641843674, 0.0027144804065905464]",2.4182418484358768,99.85812919701125,99.85812919701125,97,0.0,0.005096574053723275,0.007247217944216527,7.206691366303441e-10,2.4673715490696115,-0.05324429505551024,0.0,0.0
ISIC,1995,U,2,3,221,1623,112.79454931902,"[0.0002723074641843674, 0.0027144804065905464]","[0.0002402288615824086, 0.0023837389521772475]",2.409284127732882,99.87704530407642,99.87704530407642,97,0.0,0.006271996179241827,0.009531746576854964,8.037028420005976e-11,2.467336895171873,-0.06332067302449257,0.0,0.0
ISIC,1995,U,2,4,221,1844,113.21763798600296,"[0.0002402288615824086, 0.0023837389521772475]","[0.00019980746418436736, 0.0019669804065905465]",2.3957334178166962,99.96216778586967,99.96216778586967,97,0.0,0.0007084913930423605,0.000647096412596385,7.323399215340141e-16,2.4673756404834637,-0.07209408350659711,0.0,0.0
ISIC,1995,U,2,5,221,2065,112.69885422801599,"[0.00019980746418436736, 0.0019669804065905465]","[0.00015499999999999997, 0.001505]",2.389137837917826,99.97162583940225,99.97162583940225,97,0.0,0.0009619705243733404,0.0020878756482364666,8.717678870644273e-15,2.467375644798732,-0.07925442810511699,0.0,0.0
ISIC,1995,U,2,6,221,2286,112.26417991099879,"[0.00015499999999999997, 0.001505]","[0.00011019253581563262, 0.0010430195934094538]",-0.08482630200245801,100.0,100.0,97,0.0,2.7010444390625617e-05,9.603934063302129e-08,2.4778435919399975e-17,5.450444635088774e-11,-0.08483533638095424,0.0,0.0
ISIC,1995,U,2,7,221,2507,111.80044415500015,"[0.00011019253581563262, 0.0010430195934094538]","[6.97711384175914e-05, 0.000626261047822753]",-0.08887686519736078,100.0,100.0,97,0.0,8.091838830632822e-06,5.988865479109706e-07,7.945063824830169e-17,4.3245407074652515e-10,-0.08887976092450761,0.0,0.0
ISIC,1995,U,2,8,221,2728,111.20024256000761,"[6.97711384175914e-05, 0.000626261047822753]","[3.769253581563263e-05, 0.0002955195934094538]",-0.09156506946858238,100.0,100.0,97,0.0,8.104250943850395e-06,2.072281910635129e-07,5.877808060777082e-16,3.080267461211342e-11,-0.09156783819198608,0.0,0.0
ISIC,1995,U,2,9,221,2949,111.67752436897717,"[3.769253581563263e-05, 0.0002955195934094538]","[1.7096805137202738e-05, 8.317050813874548e-05]",-0.09313018886347162,100.0,100.0,97,0.0,3.533550032234448e-05,3.6975622553826166e-06,7.772746997305305e-15,5.537859760563413e-11,-0.09314319828516757,0.0,0.0
ISIC,1995,U,2,10,221,3170,113.70879401796265,"[1.7096805137202738e-05, 8.317050813874548e-05]","[1e-05, 1e-05]",-0.09393764155752518,100.0,100.0,97,0.0,9.64831919862792e-06,4.45677162856958e-07,3.904900782329333e-17,1.9112681585348074e-10,-0.0939410048102901,0.0,0.0
ISIC,1995,U,3,1,15,3185,15.041266334999818,"[0.00030000000000000003, 0.003]","[0.0002929031948627973, 0.0029268294918612546]",2.906160787741343,56.72268907563025,65.68627450980392,97,0.0,3.119537574052811,4.4132895012696585,9.44300463335216e-15,0.47600001891454063,-0.08078183531761171,0.0,0.0
ISIC,1995,U,3,2,15,3200,8.763726937002502,"[0.0002929031948627973, 0.0029268294918612546]","[0.0002723074641843674, 0.0027144804065905464]",0.6997247417767842,80.812324929972,80.812324929972,97,0.0,0.42838837802410124,0.48767587741216023,1.871683329399504e-14,0.47600001891454063,-0.08163004954655965,0.0,0.0
ISIC,1995,U,3,3,15,3215,8.621877673023846,"[0.0002723074641843674, 0.0027144804065905464]","[0.0002402288615824086, 0.0023837389521772475]",0.6746950546900431,83.33333333333333,83.33333333333333,97,0.0,0.3726434499025345,0.46968580385049186,3.3664445074035475e-15,0.47600001891454063,-0.08208139777183535,0.0,0.0
ISIC,1995,U,3,4,15,3230,8.70267052896088,"[0.0002402288615824086, 0.0023837389521772475]","[0.00019980746418436736, 0.0019669804065905465]",0.5986292918523153,87.95518207282913,87.95518207282913,97,0.0,0.2966843595107396,0.3188837746779124,1.0317895574968266e-15,0.47600001891454063,-0.08256010254224141,0.0,0.0
ISIC,1995,U,3,5,15,3245,8.496574180957396,"[0.00019980746418436736, 0.0019669804065905465]","[0.00015499999999999997, 0.001505]",0.5583047032356262,89.77591036414566,89.77591036414566,97,0.0,0.24969948828220367,0.2468551461895307,2.8518238198703897e-15,0.47600001891454063,-0.08321353356043498,0.0,0.0
ISIC,1995,U,3,6,15,3260,8.457194278016686,"[0.00015499999999999997, 0.001505]","[0.00011019253581563262, 0.0010430195934094538]",0.04581440985202789,93.13725490196079,93.13725490196079,97,0.0,0.20915528535842895,0.17944882015387217,1.4905129858514121e-15,1.5532943074074864e-13,-0.08372029145558674,0.0,0.0
ISIC,1995,U,3,7,15,3275,8.550346606003586,"[0.00011019253581563262, 0.0010430195934094538]","[6.97711384175914e-05, 0.000626261047822753]",0.03005585049589475,93.69747899159664,93.69747899159664,97,0.0,0.1911561171213786,0.15028150180975597,2.790856630951529e-14,2.8653521407930744e-12,-0.08375668883323668,0.0,0.0
ISIC,1995,U,3,8,15,3290,8.593351756979246,"[6.97711384175914e-05, 0.000626261047822753]","[3.769253581563263e-05, 0.0002955195934094538]",0.027182791382074356,94.39775910364146,94.39775910364146,97,0.0,0.18996928930282592,0.14347409854332607,3.2235615061219665e-15,1.5868263638438268e-13,-0.08396500468254088,0.0,0.0
ISIC,1995,U,3,9,15,3305,8.593680960999336,"[3.769253581563263e-05, 0.0002955195934094538]","[1.7096805137202738e-05, 8.317050813874548e-05]",0.011406016598145167,96.63865546218487,96.63865546218487,97,0.0,0.17247191121180852,0.11441725591818491,9.295669278077746e-15,3.112211657646639e-13,-0.08422370870908104,0.0,0.0
ISIC,1995,U,3,10,15,3320,8.56217904703226,"[1.7096805137202738e-05, 8.317050813874548e-05]","[1e-05, 1e-05]",0.01608817974726359,96.35854341736695,96.35854341736695,97,0.0,0.17512752066055934,0.12589897910753886,3.871667085489189e-15,9.641844746379078e-14,-0.08425398667653403,0.0,0.0
ISIC,1995,U,4,1,60,3380,53.46609648002777,"[0.00030000000000000003, 0.003]","[0.0002929031948627973, 0.0029268294918612546]",6.046570354948441,92.06848357791755,98.84696016771488,97,0.0,1.0028907404292284,2.4821352466429407,1.2812643074962973e-13,4.97250015437603,-0.08760514040788014,0.0,0.0
ISIC,1995,U,4,2,60,3440,30.744481435976923,"[0.0002929031948627973, 0.0029268294918612546]","[0.0002723074641843674, 0.0027144804065905464]",4.897642933577299,99.47589098532495,99.47589098532495,97,0.0,0.023447980608521372,0.02254214193634867,5.85612345932659e-13,4.972500186165174,-0.09018731017907462,0.0,0.0
ISIC,1995,U,4,3,60,3500,30.764517141971737,"[0.0002723074641843674, 0.0027144804065905464]","[0.0002402288615824086, 0.0023837389521772475]",4.895723214000464,99.58071278825996,99.58071278825996,97,0.0,0.02592438349684891,0.02147467431141347,4.462324140457518e-13,4.972500146428744,-0.09257662852605186,0.0,0.0
ISIC,1995,U,4,4,60,3560,31.646999631018844,"[0.0002402288615824086, 0.0023837389521772475]","[0.00019980746418436736, 0.0019669804065905465]",4.906925985465447,99.75541579315164,99.75541579315164,97,0.0,0.00844755446629127,0.016753815184346776,0.0019603277093323585,4.992472035189469,-0.09459989269574483,0.0,0.0
ISIC,1995,U,4,5,60,3620,30.61858377000317,"[0.00019980746418436736, 0.0019669804065905465]","[0.00015499999999999997, 0.001505]",4.877813542385896,99.86023759608665,99.86023759608665,97,0.0,0.0020987233003760745,0.0029845903889253495,6.10740182142321e-11,4.972500175237656,-0.09638107657432557,0.0,0.0
ISIC,1995,U,4,6,60,3680,30.821789957000874,"[0.00015499999999999997, 0.001505]","[0.00011019253581563262, 0.0010430195934094538]",-0.09746427349746227,100.0,100.0,97,0.0,0.0007145182743784062,0.00039490355462932223,1.5392618256607175e-11,1.280710702370893e-08,-0.0978340920805931,0.0,0.0
ISIC,1995,U,4,7,60,3740,31.14905520103639,"[0.00011019253581563262, 0.0010430195934094538]","[6.97711384175914e-05, 0.000626261047822753]",-0.09856140774985155,100.0,100.0,97,0.0,0.0006558425732237083,0.00015932917898322518,1.0719180278529848e-11,1.3532767249373247e-08,-0.09883314321438472,0.0,0.0
ISIC,1995,U,4,8,60,3800,30.40619816898834,"[6.97711384175914e-05, 0.000626261047822753]","[3.769253581563263e-05, 0.0002955195934094538]",-0.09915711469948292,100.0,100.0,97,0.0,0.0007170402373200583,0.00010671836423790105,5.573640177515428e-12,4.358879415085337e-08,-0.09943174242973328,0.0,0.0
ISIC,1995,U,4,9,60,3860,30.955627929011825,"[3.769253581563263e-05, 0.0002955195934094538]","[1.7096805137202738e-05, 8.317050813874548e-05]",-0.09986221417784691,100.0,100.0,97,0.0,0.0003137095976853743,1.550427503929086e-05,8.702720386599086e-12,7.092211899797398e-08,-0.09997202157974244,0.0,0.0
ISIC,1995,U,4,10,60,3920,30.902437094016932,"[1.7096805137202738e-05, 8.317050813874548e-05]","[1e-05, 1e-05]",-0.09997564467291037,100.0,100.0,97,0.0,0.00041898243559899127,3.9764841013822935e-05,1.953651506146848e-12,4.121938864777459e-08,-0.10012860039869943,0.0,0.0
ISIC,1995,R,1,1,96,96,84.08276292099617,"[0.00030000000000000003, 0.003]","[0.0002929031948627973, 0.0029268294918612546]",1.1951555550719302,79.44845699277741,79.44845699277741,97,0.0,0.6691251524413625,0.9344547437503934,0.31887975003650576,0.563701368868351,-0.009365732385776938,0.0,0.0
ISIC,1995,R,1,2,96,192,48.052926136006135,"[0.0002929031948627973, 0.0029268294918612546]","[0.0002723074641843674, 0.0027144804065905464]",0.7653422018047422,83.19107025607354,83.19107025607354,97,0.0,0.40717055400212604,0.5037413875494773,6.297835178044034e-08,0.4759374388183157,-0.01423258282399426,0.0,0.0
ISIC,1995,R,1,3,96,288,47.898617278027814,"[0.0002723074641843674, 0.0027144804065905464]","[0.0002402288615824086, 0.0023837389521772475]",0.7144390291844805,85.16086671043992,85.16086671043992,97,0.0,0.3538383406897386,0.41810120750839513,1.0367738192156065e-07,0.47593732830137014,-0.018811532327284417,0.0,0.0
ISIC,1995,R,1,4,96,384,47.764683289977256,"[0.0002402288615824086, 0.0023837389521772475]","[0.00019980746418436736, 0.0019669804065905465]",0.6729568497588237,86.88991026482819,86.88991026482819,97,0.0,0.3026255532167852,0.357061734655872,9.4221430877936e-08,0.4759367574006319,-0.022875709552317863,0.0,0.0
ISIC,1995,R,1,5,96,480,48.00972122204257,"[0.00019980746418436736, 0.0019669804065905465]","[0.00015499999999999997, 0.001505]",0.6346530558851858,88.50952068286277,88.50952068286277,97,0.0,0.25396048673428595,0.3013817401758085,3.798542837448862e-08,0.4759373366832733,-0.026398375692466895,0.0,0.0
ISIC,1995,R,1,6,96,576,47.931709494034294,"[0.00015499999999999997, 0.001505]","[0.00011019253581563262, 0.0010430195934094538]",0.11789210733453122,91.07025607353907,91.07025607353907,97,0.0,0.20431275219501308,0.2369259052987521,3.775903036806742e-07,6.350563562452655e-06,-0.029193924181163313,0.0,0.0
ISIC,1995,R,1,7,96,672,48.13840676698601,"[0.00011019253581563262, 0.0010430195934094538]","[6.97711384175914e-05, 0.000626261047822753]",0.10145007353276014,91.52987524622456,91.52987524622456,97,0.0,0.18540343432687223,0.2125864044840758,6.529022170319165e-07,4.8676599701988114e-05,-0.03126210176075498,0.0,0.0
ISIC,1995,R,1,8,96,768,47.71074738103198,"[6.97711384175914e-05, 0.000626261047822753]","[3.769253581563263e-05, 0.0002955195934094538]",0.058027459968191884,94.7034362004815,94.7034362004815,97,0.0,0.13757094249983007,0.13461441335190708,8.745628056033737e-08,5.435041922457797e-06,-0.0327064578110973,0.0,0.0
ISIC,1995,R,1,9,96,864,48.31873912899755,"[3.769253581563263e-05, 0.0002955195934094538]","[1.7096805137202738e-05, 8.317050813874548e-05]",0.048529709437085934,95.51324140949879,95.51324140949879,97,0.0,0.12588783361328146,0.12018625610896076,1.425791035511321e-07,4.204378673424343e-06,-0.033499240533759196,0.0,0.0
ISIC,1995,R,1,10,96,960,47.4710479870555,"[1.7096805137202738e-05, 8.317050813874548e-05]","[1e-05, 1e-05]",0.039746231535294406,96.25738673670388,96.25738673670388,97,0.0,0.11572146501081686,0.10533375174660857,1.4783168687585512e-07,2.56197291890464e-05,-0.03396451097602646,0.0,0.0
ISIC,1995,R,2,1,221,1181,191.505945160985,"[0.00030000000000000003, 0.003]","[0.0002929031948627973, 0.0029268294918612546]",2.6308997032734065,96.56672656767238,99.25281377092594,97,0.0,0.04771119447433085,0.21001002854441106,1.2492154442527355e-06,2.467419394742849,-0.042058221705898444,0.11963104339000107,1.0
ISIC,1995,R,2,2,221,1402,109.30544873699546,"[0.0002929031948627973, 0.0029268294918612546]","[0.0002723074641843674, 0.0027144804065905464]",2.733888702829499,98.13676345408115,99.47034900217535,97,0.0,0.04104468684112945,0.21995857310451644,6.727506471348323e-10,2.467375638056125,-0.05324429505551024,0.2327562762858977,1.0
ISIC,1995,R,2,3,221,1623,109.68507143401075,"[0.0002723074641843674, 0.0027144804065905464]","[0.0002402288615824086, 0.0023837389521772475]",3.7565539384353483,97.9381443298969,99.70680034048992,97,0.0,0.052919582917632366,0.243911964317708,1.5278194941792897e-09,2.4673756398092026,-0.06332067302449257,1.2535551566838796,1.0
ISIC,1995,R,2,4,221,1844,109.22020739701111,"[0.0002402288615824086, 0.0023837389521772475]","[0.00019980746418436736, 0.0019669804065905465]",4.004965284021732,97.25716447555094,99.36631041331694,97,0.0,0.2673979714880309,0.4313057911689843,8.163020619731991e-08,2.467375582092488,-0.07209408350659711,1.3767825026719926,1.0
ISIC,1995,R,2,5,221,2065,108.97959093400277,"[0.00019980746418436736, 0.0019669804065905465]","[0.00015499999999999997, 0.001505]",3.1785856330118296,99.39468457391469,99.58384564456635,97,0.0,0.10476625630969731,0.10239381462959628,9.86173621353272e-08,2.4673756434502105,-0.07925442810511699,0.7214110199742176,1.0
ISIC,1995,R,2,6,221,2286,109.67810845695203,"[0.00015499999999999997, 0.001505]","[0.00011019253581563262, 0.0010430195934094538]",-0.06020844160954202,99.58384564456635,99.58384564456635,97,0.0,0.027054471199915504,0.02997420032868716,7.791968361434363e-07,7.942979538683868e-07,-0.08483533638095424,0.005616284208231437,1.0
ISIC,1995,R,2,7,221,2507,109.22095102403546,"[0.00011019253581563262, 0.0010430195934094538]","[6.97711384175914e-05, 0.000626261047822753]",-0.058683944387757536,99.56492953750119,99.58384564456635,97,0.0,0.024347023156890857,0.02667504728798611,5.726930249384781e-08,6.23660139385264e-08,-0.08887976092450761,0.013188379333105708,1.0
ISIC,1995,R,2,8,221,2728,109.13558314100374,"[6.97711384175914e-05, 0.000626261047822753]","[3.769253581563263e-05, 0.0002955195934094538]",-0.06927009006936895,99.57438759103377,99.58384564456635,97,0.0,0.022776807230376804,0.021518025446785362,1.0806739012638486e-09,1.4992557274509822e-09,-0.09156783819198608,0.007532803072567162,1.0
ISIC,1995,R,2,9,221,2949,109.34949240199057,"[3.769253581563263e-05, 0.0002955195934094538]","[1.7096805137202738e-05, 8.317050813874548e-05]",-0.0695143788963413,99.59330369809894,99.59330369809894,97,0.0,0.021915986572447067,0.019593315774246174,1.3465052976305905e-07,1.7912487905339425e-07,-0.09314319828516757,0.009792162375742852,1.0
ISIC,1995,R,2,10,221,3170,109.52133437799057,"[1.7096805137202738e-05, 8.317050813874548e-05]","[1e-05, 1e-05]",-0.06644923189271461,99.60276175163152,99.60276175163152,97,0.0,0.02084758214871673,0.01750848550408472,6.365574149185054e-10,8.06161589162172e-10,-0.0939410048102901,0.01470641692452983,1.0
ISIC,1995,R,3,1,15,3185,14.731777926033828,"[0.00030000000000000003, 0.003]","[0.0002929031948627973, 0.0029268294918612546]",4.39558596611023,30.392156862745097,50.280112044817926,97,0.0,2.155783216158549,2.7984983841578166,7.854626389312796e-15,0.47600001891454063,-0.08078183531761171,1.1744703034559885,2.0
ISIC,1995,R,3,2,15,3200,8.414296231989283,"[0.0002929031948627973, 0.0029268294918612546]","[0.0002723074641843674, 0.0027144804065905464]",3.700562103589376,22.54901960784314,60.924369747899156,97,0.0,0.8364363590876261,3.2995646158854166,1.6467411451001513e-13,0.47600001891454063,-0.08163004954655965,0.963762546579043,2.0
ISIC,1995,R,3,3,15,3215,8.414594936999492,"[0.0002723074641843674, 0.0027144804065905464]","[0.0002402288615824086, 0.0023837389521772475]",3.886497155825297,33.753501400560225,65.54621848739495,97,0.0,0.8075982173283894,2.453077216943105,5.1063109809619995e-14,0.47600001891454063,-0.08208139777183535,1.2028433670600256,2.0
ISIC,1995,R,3,4,15,3230,8.321178517013323,"[0.0002402288615824086, 0.0023837389521772475]","[0.00019980746418436736, 0.0019669804065905465]",7.382439923286438,39.21568627450981,62.04481792717087,97,0.0,0.815125838915507,1.6787639737129212,4.0276564507645375e-15,0.47600001891454063,-0.08256010254224141,3.078851776321729,2.0
ISIC,1995,R,3,5,15,3245,8.292894924001303,"[0.00019980746418436736, 0.0019669804065905465]","[0.00015499999999999997, 0.001505]",9.554109525680541,43.69747899159664,64.56582633053222,97,0.0,0.8009372234344483,1.601291533311208,8.97011785161212e-15,0.47600001891454063,-0.08321353356043498,4.180290020505587,2.0
ISIC,1995,R,3,6,15,3260,8.291459942993242,"[0.00015499999999999997, 0.001505]","[0.00011019253581563262, 0.0010430195934094538]",3.769887141386668,33.753501400560225,66.38655462184875,97,0.0,0.6519341389338176,2.118052653471629,7.506067270936954e-15,8.914382879479467e-15,-0.08372029145558674,1.465139251947403,2.0
ISIC,1995,R,3,7,15,3275,8.249432792013977,"[0.00011019253581563262, 0.0010430195934094538]","[6.97711384175914e-05, 0.000626261047822753]",2.6604005336761474,33.4733893557423,65.96638655462185,97,0.0,0.6225745399792989,1.6071281711260477,1.6125146214646014e-13,2.4870201201424903e-13,-0.08375668883323668,1.0004614780346552,2.0
ISIC,1995,R,3,8,15,3290,8.479983506025746,"[6.97711384175914e-05, 0.000626261047822753]","[3.769253581563263e-05, 0.0002955195934094538]",1.8485717058181763,40.7563025210084,65.96638655462185,97,0.0,0.6415548086166382,1.4302771349747976,2.6730785618675317e-14,4.9361501207677477e-14,-0.08396500468254088,0.6209630203743776,2.0
ISIC,1995,R,3,9,15,3305,8.377341809973586,"[3.769253581563263e-05, 0.0002955195934094538]","[1.7096805137202738e-05, 8.317050813874548e-05]",1.1701847235361735,53.36134453781513,68.0672268907563,97,0.0,0.6374925772349039,1.015842338403066,1.814473196223552e-14,3.564411977662633e-14,-0.08422370870908104,0.3516483835875988,2.0
ISIC,1995,R,3,10,15,3320,8.294393147982191,"[1.7096805137202738e-05, 8.317050813874548e-05]","[1e-05, 1e-05]",1.4184041659037272,57.84313725490196,64.42577030812325,97,0.0,0.6799086689949035,0.9598469098409017,4.780521261353273e-15,9.930403167962961e-15,-0.08425398667653403,0.47803645928700766,2.0
ISIC,1995,R,4,1,60,3380,53.31562937103445,"[0.00030000000000000003, 0.003]","[0.0002929031948627973, 0.0029268294918612546]",9.838818923632305,80.7477288609364,97.37945492662473,97,0.0,1.6290392193445105,2.933049132831224,9.374801315558965e-12,4.97250015437603,-0.08760514040788014,1.1444091722369194,3.0
ISIC,1995,R,4,2,60,3440,30.488503099011723,"[0.0002929031948627973, 0.0029268294918612546]","[0.0002723074641843674, 0.0027144804065905464]",17.437787699699403,75.96086652690427,99.05660377358491,97,0.0,3.337794953059414,4.944902457454916,8.734865831745619e-13,4.972500186165174,-0.09018731017907462,3.264858542382717,3.0
ISIC,1995,R,4,3,60,3500,30.343744678015355,"[0.0002723074641843674, 0.0027144804065905464]","[0.0002402288615824086, 0.0023837389521772475]",18.556916868686677,75.15723270440252,94.0251572327044,97,0.0,2.91688582564671,3.966896134379357,7.163358020172406e-15,4.972500146428744,-0.09257662852605186,3.7941330914696056,3.0
ISIC,1995,R,4,4,60,3560,30.55576859298162,"[0.0002402288615824086, 0.0023837389521772475]","[0.00019980746418436736, 0.0019669804065905465]",18.18418103257815,71.06918238993711,73.09573724668064,97,0.0,1.4952840964639948,4.755012955612657,6.478962533479496e-09,4.972500146428744,-0.09459989269574483,3.7409494526684286,3.0
ISIC,1995,R,4,5,60,3620,30.375836960971355,"[0.00019980746418436736, 0.0019669804065905465]","[0.00015499999999999997, 0.001505]",22.43553866247336,71.97763801537387,73.75960866526904,97,0.0,2.6983607155453426,5.078372618768918,3.751047490140798e-12,4.972500178217888,-0.09638107657432557,4.989058406402667,3.0
ISIC,1995,R,4,6,60,3680,30.494004908017814,"[0.00015499999999999997, 0.001505]","[0.00011019253581563262, 0.0010430195934094538]",9.60683576365312,78.93081761006289,99.05660377358491,97,0.0,3.1311324565665095,1.81540236755571,2.5550151672623997e-13,2.65342351164922e-12,-0.0978340920805931,2.685274993131558,3.0
ISIC,1995,R,4,7,60,3740,30.495909043005668,"[0.00011019253581563262, 0.0010430195934094538]","[6.97711384175914e-05, 0.000626261047822753]",12.816493106881778,67.71488469601677,89.58770090845563,97,0.0,1.403826443173845,3.947672553343019,1.7574560819857016e-15,2.3688220580295003e-12,-0.09883314321438472,3.7104977423946064,3.0
ISIC,1995,R,4,8,60,3800,30.425545542966574,"[6.97711384175914e-05, 0.000626261047822753]","[3.769253581563263e-05, 0.0002955195934094538]",12.311054520805676,68.62334032145353,75.96086652690427,97,0.0,1.251230521472947,2.325487249430861,4.4285015482729043e-14,1.2211604898161052e-12,-0.09943174242973328,3.739415663232406,3.0
ISIC,1995,R,4,9,60,3860,30.33911609899951,"[3.769253581563263e-05, 0.0002955195934094538]","[1.7096805137202738e-05, 8.317050813874548e-05]",9.8321808218956,73.44514325646401,89.13347309573724,97,0.0,0.7397520505512755,0.9033484142529999,7.50500897544172e-13,2.170358755533513e-12,-0.09997202157974244,3.1281509421765805,3.0
ISIC,1995,R,4,10,60,3920,30.474220686999615,"[1.7096805137202738e-05, 8.317050813874548e-05]","[1e-05, 1e-05]",10.406342390179635,91.40461215932915,99.02166317260657,97,0.0,0.6874823624268174,0.32810797946452414,3.761567826280389e-15,1.1073404997197918e-13,-0.10012860039869943,3.389313596487045,3.0
