class_id,dataset,f1,fn,fp,method,n,n_components_fit,recall,seed,task,tp,zero_recall
4,ISIC,0.9512195121951219,2,2,P,41,199.0,0.9512195121951219,1993,1,39,False
0,ISIC,0.9545454545454546,2,2,P,44,6552.0,0.9545454545454546,1993,1,42,False
4,ISIC,0.975,2,0,A0,41,199.0,0.9512195121951219,1993,1,39,False
0,ISIC,0.9777777777777777,0,2,A0,44,6552.0,1.0,1993,1,44,False
4,ISIC,0.9382716049382716,3,2,A1,41,199.0,0.926829268292683,1993,1,38,False
0,ISIC,0.9438202247191011,2,3,A1,44,6552.0,0.9545454545454546,1993,1,42,False
4,ISIC,0.975,2,0,A2,41,199.0,0.9512195121951219,1993,1,39,False
0,ISIC,0.9777777777777777,0,2,A2,44,6552.0,1.0,1993,1,44,False
4,ISIC,0.975,2,0,A3,41,199.0,0.9512195121951219,1993,1,39,False
0,ISIC,0.9777777777777777,0,2,A3,44,6552.0,1.0,1993,1,44,False
4,ISIC,0.975,2,0,A3s,41,199.0,0.9512195121951219,1993,1,39,False
0,ISIC,0.9777777777777777,0,2,A3s,44,6552.0,1.0,1993,1,44,False
4,ISIC,0.975,2,0,A4,41,199.0,0.9512195121951219,1993,1,39,False
0,ISIC,0.9777777777777777,0,2,A4,44,6552.0,1.0,1993,1,44,False
4,ISIC,0.975,2,0,A5,41,199.0,0.9512195121951219,1993,1,39,False
0,ISIC,0.9777777777777777,0,2,A5,44,6552.0,1.0,1993,1,44,False
4,ISIC,0.975,2,0,A6,41,199.0,0.9512195121951219,1993,1,39,False
0,ISIC,0.9777777777777777,0,2,A6,44,6552.0,1.0,1993,1,44,False
4,ISIC,0.8607594936708861,7,4,A7,41,199.0,0.8292682926829268,1993,1,34,False
0,ISIC,0.8791208791208791,4,7,A7,44,6552.0,0.9090909090909091,1993,1,40,False
4,ISIC,0.975,2,0,A8,41,199.0,0.9512195121951219,1993,1,39,False
0,ISIC,0.9777777777777777,0,2,A8,44,6552.0,1.0,1993,1,44,False
4,ISIC,0.7529411764705882,9,12,P,41,199.0,0.7804878048780488,1993,2,32,False
0,ISIC,0.8247422680412371,4,13,P,44,6552.0,0.9090909090909091,1993,2,40,False
3,ISIC,0.5526315789473685,19,15,P,40,799.0,0.525,1993,2,21,False
7,ISIC,0.6,12,4,P,24,23.0,0.5,1993,2,12,False
4,ISIC,0.7710843373493976,9,10,A0,41,199.0,0.7804878048780488,1993,2,32,False
0,ISIC,0.8631578947368421,3,10,A0,44,6552.0,0.9318181818181818,1993,2,41,False
3,ISIC,0.6419753086419753,14,15,A0,40,799.0,0.65,1993,2,26,False
7,ISIC,0.717948717948718,10,1,A0,24,23.0,0.5833333333333334,1993,2,14,False
4,ISIC,0.691358024691358,13,12,A1,41,199.0,0.6829268292682927,1993,2,28,False
0,ISIC,0.782608695652174,8,12,A1,44,6552.0,0.8181818181818182,1993,2,36,False
3,ISIC,0.6024096385542169,15,18,A1,40,799.0,0.625,1993,2,25,False
7,ISIC,0.5714285714285714,12,6,A1,24,23.0,0.5,1993,2,12,False
4,ISIC,0.7560975609756098,10,10,A2,41,199.0,0.7560975609756098,1993,2,31,False
0,ISIC,0.851063829787234,4,10,A2,44,6552.0,0.9090909090909091,1993,2,40,False
3,ISIC,0.6666666666666666,12,16,A2,40,799.0,0.7,1993,2,28,False
7,ISIC,0.6842105263157895,11,1,A2,24,23.0,0.5416666666666666,1993,2,13,False
4,ISIC,0.7560975609756098,10,10,A3,41,199.0,0.7560975609756098,1993,2,31,False
0,ISIC,0.851063829787234,4,10,A3,44,6552.0,0.9090909090909091,1993,2,40,False
3,ISIC,0.6666666666666666,12,16,A3,40,799.0,0.7,1993,2,28,False
7,ISIC,0.6842105263157895,11,1,A3,24,23.0,0.5416666666666666,1993,2,13,False
4,ISIC,0.7560975609756098,10,10,A3s,41,199.0,0.7560975609756098,1993,2,31,False
0,ISIC,0.851063829787234,4,10,A3s,44,6552.0,0.9090909090909091,1993,2,40,False
3,ISIC,0.6666666666666666,12,16,A3s,40,799.0,0.7,1993,2,28,False
7,ISIC,0.6842105263157895,11,1,A3s,24,23.0,0.5416666666666666,1993,2,13,False
4,ISIC,0.7560975609756098,10,10,A4,41,199.0,0.7560975609756098,1993,2,31,False
0,ISIC,0.851063829787234,4,10,A4,44,6552.0,0.9090909090909091,1993,2,40,False
3,ISIC,0.6666666666666666,12,16,A4,40,799.0,0.7,1993,2,28,False
7,ISIC,0.6842105263157895,11,1,A4,24,23.0,0.5416666666666666,1993,2,13,False
4,ISIC,0.7560975609756098,10,10,A5,41,199.0,0.7560975609756098,1993,2,31,False
0,ISIC,0.8602150537634409,4,9,A5,44,6552.0,0.9090909090909091,1993,2,40,False
3,ISIC,0.6666666666666666,12,16,A5,40,799.0,0.7,1993,2,28,False
7,ISIC,0.717948717948718,10,1,A5,24,23.0,0.5833333333333334,1993,2,14,False
4,ISIC,0.7560975609756098,10,10,A6,41,199.0,0.7560975609756098,1993,2,31,False
0,ISIC,0.851063829787234,4,10,A6,44,6552.0,0.9090909090909091,1993,2,40,False
3,ISIC,0.6666666666666666,12,16,A6,40,799.0,0.7,1993,2,28,False
7,ISIC,0.6842105263157895,11,1,A6,24,23.0,0.5416666666666666,1993,2,13,False
4,ISIC,0.5866666666666667,19,12,A7,41,199.0,0.5365853658536586,1993,2,22,False
0,ISIC,0.7391304347826086,10,14,A7,44,6552.0,0.7727272727272727,1993,2,34,False
3,ISIC,0.45977011494252873,20,27,A7,40,799.0,0.5,1993,2,20,False
7,ISIC,0.5,13,9,A7,24,23.0,0.4583333333333333,1993,2,11,False
4,ISIC,0.7560975609756098,10,10,A8,41,199.0,0.7560975609756098,1993,2,31,False
0,ISIC,0.851063829787234,4,10,A8,44,6552.0,0.9090909090909091,1993,2,40,False
3,ISIC,0.6666666666666666,12,16,A8,40,799.0,0.7,1993,2,28,False
7,ISIC,0.6842105263157895,11,1,A8,24,23.0,0.5416666666666666,1993,2,13,False
4,ISIC,0.5376344086021505,16,27,P,41,199.0,0.6097560975609756,1993,3,25,False
0,ISIC,0.78,5,17,P,44,6552.0,0.8863636363636364,1993,3,39,False
3,ISIC,0.5507246376811594,21,10,P,40,799.0,0.475,1993,3,19,False
7,ISIC,0.6341463414634146,11,4,P,24,23.0,0.5416666666666666,1993,3,13,False
5,ISIC,0.5217391304347826,19,14,P,37,144.0,0.4864864864864865,1993,3,18,False
6,ISIC,0.8846153846153846,3,3,P,26,33.0,0.8846153846153846,1993,3,23,False
4,ISIC,0.5494505494505495,16,25,A0,41,199.0,0.6097560975609756,1993,3,25,False
0,ISIC,0.8333333333333334,4,12,A0,44,6552.0,0.9090909090909091,1993,3,40,False
3,ISIC,0.6075949367088608,16,15,A0,40,799.0,0.6,1993,3,24,False
7,ISIC,0.717948717948718,10,1,A0,24,23.0,0.5833333333333334,1993,3,14,False
5,ISIC,0.5507246376811594,18,13,A0,37,144.0,0.5135135135135135,1993,3,19,False
6,ISIC,0.96,2,0,A0,26,33.0,0.9230769230769231,1993,3,24,False
4,ISIC,0.5555555555555556,16,24,A1,41,199.0,0.6097560975609756,1993,3,25,False
0,ISIC,0.7789473684210526,7,14,A1,44,6552.0,0.8409090909090909,1993,3,37,False
3,ISIC,0.5641025641025641,18,16,A1,40,799.0,0.55,1993,3,22,False
7,ISIC,0.47368421052631576,15,5,A1,24,23.0,0.375,1993,3,9,False
5,ISIC,0.5294117647058824,19,13,A1,37,144.0,0.4864864864864865,1993,3,18,False
6,ISIC,0.8727272727272727,2,5,A1,26,33.0,0.9230769230769231,1993,3,24,False
4,ISIC,0.5591397849462365,15,26,A2,41,199.0,0.6341463414634146,1993,3,26,False
0,ISIC,0.8333333333333334,4,12,A2,44,6552.0,0.9090909090909091,1993,3,40,False
3,ISIC,0.631578947368421,16,12,A2,40,799.0,0.6,1993,3,24,False
7,ISIC,0.6666666666666666,11,2,A2,24,23.0,0.5416666666666666,1993,3,13,False
5,ISIC,0.5428571428571428,18,14,A2,37,144.0,0.5135135135135135,1993,3,19,False
6,ISIC,0.96,2,0,A2,26,33.0,0.9230769230769231,1993,3,24,False
4,ISIC,0.5684210526315789,14,27,A3,41,199.0,0.6585365853658537,1993,3,27,False
0,ISIC,0.865979381443299,2,11,A3,44,6552.0,0.9545454545454546,1993,3,42,False
3,ISIC,0.6582278481012658,14,13,A3,40,799.0,0.65,1993,3,26,False
7,ISIC,0.6486486486486487,12,1,A3,24,23.0,0.5,1993,3,12,False
5,ISIC,0.5454545454545454,19,11,A3,37,144.0,0.4864864864864865,1993,3,18,False
6,ISIC,0.96,2,0,A3,26,33.0,0.9230769230769231,1993,3,24,False
4,ISIC,0.5625,14,28,A3s,41,199.0,0.6585365853658537,1993,3,27,False
0,ISIC,0.865979381443299,2,11,A3s,44,6552.0,0.9545454545454546,1993,3,42,False
3,ISIC,0.6582278481012658,14,13,A3s,40,799.0,0.65,1993,3,26,False
7,ISIC,0.6666666666666666,12,0,A3s,24,23.0,0.5,1993,3,12,False
5,ISIC,0.5454545454545454,19,11,A3s,37,144.0,0.4864864864864865,1993,3,18,False
6,ISIC,0.96,2,0,A3s,26,33.0,0.9230769230769231,1993,3,24,False
4,ISIC,0.5591397849462365,15,26,A4,41,199.0,0.6341463414634146,1993,3,26,False
0,ISIC,0.8333333333333334,4,12,A4,44,6552.0,0.9090909090909091,1993,3,40,False
3,ISIC,0.631578947368421,16,12,A4,40,799.0,0.6,1993,3,24,False
7,ISIC,0.6666666666666666,11,2,A4,24,23.0,0.5416666666666666,1993,3,13,False
5,ISIC,0.5428571428571428,18,14,A4,37,144.0,0.5135135135135135,1993,3,19,False
6,ISIC,0.96,2,0,A4,26,33.0,0.9230769230769231,1993,3,24,False
4,ISIC,0.5591397849462365,15,26,A5,41,199.0,0.6341463414634146,1993,3,26,False
0,ISIC,0.8333333333333334,4,12,A5,44,6552.0,0.9090909090909091,1993,3,40,False
3,ISIC,0.631578947368421,16,12,A5,40,799.0,0.6,1993,3,24,False
7,ISIC,0.6666666666666666,11,2,A5,24,23.0,0.5416666666666666,1993,3,13,False
5,ISIC,0.5428571428571428,18,14,A5,37,144.0,0.5135135135135135,1993,3,19,False
6,ISIC,0.96,2,0,A5,26,33.0,0.9230769230769231,1993,3,24,False
4,ISIC,0.5591397849462365,15,26,A6,41,199.0,0.6341463414634146,1993,3,26,False
0,ISIC,0.8333333333333334,4,12,A6,44,6552.0,0.9090909090909091,1993,3,40,False
3,ISIC,0.631578947368421,16,12,A6,40,799.0,0.6,1993,3,24,False
7,ISIC,0.6666666666666666,11,2,A6,24,23.0,0.5416666666666666,1993,3,13,False
5,ISIC,0.5428571428571428,18,14,A6,37,144.0,0.5135135135135135,1993,3,19,False
6,ISIC,0.96,2,0,A6,26,33.0,0.9230769230769231,1993,3,24,False
4,ISIC,0.43956043956043955,21,30,A7,41,199.0,0.4878048780487805,1993,3,20,False
0,ISIC,0.7311827956989247,10,15,A7,44,6552.0,0.7727272727272727,1993,3,34,False
3,ISIC,0.4,24,24,A7,40,799.0,0.4,1993,3,16,False
7,ISIC,0.5238095238095238,13,7,A7,24,23.0,0.4583333333333333,1993,3,11,False
5,ISIC,0.5,19,17,A7,37,144.0,0.4864864864864865,1993,3,18,False
6,ISIC,0.8260869565217391,7,1,A7,26,33.0,0.7307692307692307,1993,3,19,False
4,ISIC,0.574468085106383,14,26,A8,41,199.0,0.6585365853658537,1993,3,27,False
0,ISIC,0.8333333333333334,4,12,A8,44,6552.0,0.9090909090909091,1993,3,40,False
3,ISIC,0.64,16,11,A8,40,799.0,0.6,1993,3,24,False
7,ISIC,0.6666666666666666,11,2,A8,24,23.0,0.5416666666666666,1993,3,13,False
5,ISIC,0.5428571428571428,18,14,A8,37,144.0,0.5135135135135135,1993,3,19,False
6,ISIC,0.96,2,0,A8,26,33.0,0.9230769230769231,1993,3,24,False
4,ISIC,0.46,18,36,P,41,199.0,0.5609756097560976,1993,4,23,False
0,ISIC,0.673469387755102,11,21,P,44,6552.0,0.75,1993,4,33,False
3,ISIC,0.36619718309859156,27,18,P,40,799.0,0.325,1993,4,13,False
7,ISIC,0.5581395348837209,12,7,P,24,23.0,0.5,1993,4,12,False
5,ISIC,0.42105263157894735,21,23,P,37,144.0,0.43243243243243246,1993,4,16,False
6,ISIC,0.9230769230769231,2,2,P,26,33.0,0.9230769230769231,1993,4,24,False
2,ISIC,0.5,26,14,P,46,1168.0,0.43478260869565216,1993,4,20,False
1,ISIC,0.5428571428571428,18,14,P,37,1018.0,0.5135135135135135,1993,4,19,False
4,ISIC,0.4807692307692308,16,38,A0,41,199.0,0.6097560975609756,1993,4,25,False
0,ISIC,0.7070707070707071,9,20,A0,44,6552.0,0.7954545454545454,1993,4,35,False
3,ISIC,0.5066666666666667,21,16,A0,40,799.0,0.475,1993,4,19,False
7,ISIC,0.6046511627906976,11,6,A0,24,23.0,0.5416666666666666,1993,4,13,False
5,ISIC,0.4722222222222222,20,18,A0,37,144.0,0.4594594594594595,1993,4,17,False
6,ISIC,0.92,3,1,A0,26,33.0,0.8846153846153846,1993,4,23,False
2,ISIC,0.475,27,15,A0,46,1168.0,0.41304347826086957,1993,4,19,False
1,ISIC,0.5970149253731343,17,10,A0,37,1018.0,0.5405405405405406,1993,4,20,False
4,ISIC,0.4489795918367347,19,35,A1,41,199.0,0.5365853658536586,1993,4,22,False
0,ISIC,0.673469387755102,11,21,A1,44,6552.0,0.75,1993,4,33,False
3,ISIC,0.4266666666666667,24,19,A1,40,799.0,0.4,1993,4,16,False
7,ISIC,0.42857142857142855,15,9,A1,24,23.0,0.375,1993,4,9,False
5,ISIC,0.4117647058823529,23,17,A1,37,144.0,0.3783783783783784,1993,4,14,False
6,ISIC,0.8275862068965517,2,8,A1,26,33.0,0.9230769230769231,1993,4,24,False
2,ISIC,0.36363636363636365,32,17,A1,46,1168.0,0.30434782608695654,1993,4,14,False
1,ISIC,0.5675675675675675,16,16,A1,37,1018.0,0.5675675675675675,1993,4,21,False
4,ISIC,0.4752475247524752,17,36,A2,41,199.0,0.5853658536585366,1993,4,24,False
0,ISIC,0.7216494845360825,9,18,A2,44,6552.0,0.7954545454545454,1993,4,35,False
3,ISIC,0.5897435897435898,17,15,A2,40,799.0,0.575,1993,4,23,False
7,ISIC,0.6046511627906976,11,6,A2,24,23.0,0.5416666666666666,1993,4,13,False
5,ISIC,0.5,19,17,A2,37,144.0,0.4864864864864865,1993,4,18,False
6,ISIC,0.92,3,1,A2,26,33.0,0.8846153846153846,1993,4,23,False
2,ISIC,0.475,27,15,A2,46,1168.0,0.41304347826086957,1993,4,19,False
1,ISIC,0.5797101449275363,17,12,A2,37,1018.0,0.5405405405405406,1993,4,20,False
4,ISIC,0.5094339622641509,14,38,A3,41,199.0,0.6585365853658537,1993,4,27,False
0,ISIC,0.7216494845360825,9,18,A3,44,6552.0,0.7954545454545454,1993,4,35,False
3,ISIC,0.5783132530120482,16,19,A3,40,799.0,0.6,1993,4,24,False
7,ISIC,0.5853658536585366,12,5,A3,24,23.0,0.5,1993,4,12,False
5,ISIC,0.5217391304347826,19,14,A3,37,144.0,0.4864864864864865,1993,4,18,False
6,ISIC,0.92,3,1,A3,26,33.0,0.8846153846153846,1993,4,23,False
2,ISIC,0.4675324675324675,28,13,A3,46,1168.0,0.391304347826087,1993,4,18,False
1,ISIC,0.5671641791044776,18,11,A3,37,1018.0,0.5135135135135135,1993,4,19,False
4,ISIC,0.5046728971962616,14,39,A3s,41,199.0,0.6585365853658537,1993,4,27,False
0,ISIC,0.7216494845360825,9,18,A3s,44,6552.0,0.7954545454545454,1993,4,35,False
3,ISIC,0.5542168674698795,17,20,A3s,40,799.0,0.575,1993,4,23,False
7,ISIC,0.5853658536585366,12,5,A3s,24,23.0,0.5,1993,4,12,False
5,ISIC,0.5217391304347826,19,14,A3s,37,144.0,0.4864864864864865,1993,4,18,False
6,ISIC,0.92,3,1,A3s,26,33.0,0.8846153846153846,1993,4,23,False
2,ISIC,0.4473684210526316,29,13,A3s,46,1168.0,0.3695652173913043,1993,4,17,False
1,ISIC,0.5671641791044776,18,11,A3s,37,1018.0,0.5135135135135135,1993,4,19,False
4,ISIC,0.4752475247524752,17,36,A4,41,199.0,0.5853658536585366,1993,4,24,False
0,ISIC,0.7216494845360825,9,18,A4,44,6552.0,0.7954545454545454,1993,4,35,False
3,ISIC,0.5897435897435898,17,15,A4,40,799.0,0.575,1993,4,23,False
7,ISIC,0.6046511627906976,11,6,A4,24,23.0,0.5416666666666666,1993,4,13,False
5,ISIC,0.5,19,17,A4,37,144.0,0.4864864864864865,1993,4,18,False
6,ISIC,0.92,3,1,A4,26,33.0,0.8846153846153846,1993,4,23,False
2,ISIC,0.475,27,15,A4,46,1168.0,0.41304347826086957,1993,4,19,False
1,ISIC,0.5797101449275363,17,12,A4,37,1018.0,0.5405405405405406,1993,4,20,False
4,ISIC,0.4752475247524752,17,36,A5,41,199.0,0.5853658536585366,1993,4,24,False
0,ISIC,0.7216494845360825,9,18,A5,44,6552.0,0.7954545454545454,1993,4,35,False
3,ISIC,0.5897435897435898,17,15,A5,40,799.0,0.575,1993,4,23,False
7,ISIC,0.6046511627906976,11,6,A5,24,23.0,0.5416666666666666,1993,4,13,False
5,ISIC,0.5,19,17,A5,37,144.0,0.4864864864864865,1993,4,18,False
6,ISIC,0.92,3,1,A5,26,33.0,0.8846153846153846,1993,4,23,False
2,ISIC,0.475,27,15,A5,46,1168.0,0.41304347826086957,1993,4,19,False
1,ISIC,0.5797101449275363,17,12,A5,37,1018.0,0.5405405405405406,1993,4,20,False
4,ISIC,0.4752475247524752,17,36,A6,41,199.0,0.5853658536585366,1993,4,24,False
0,ISIC,0.7216494845360825,9,18,A6,44,6552.0,0.7954545454545454,1993,4,35,False
3,ISIC,0.5897435897435898,17,15,A6,40,799.0,0.575,1993,4,23,False
7,ISIC,0.6046511627906976,11,6,A6,24,23.0,0.5416666666666666,1993,4,13,False
5,ISIC,0.5,19,17,A6,37,144.0,0.4864864864864865,1993,4,18,False
6,ISIC,0.92,3,1,A6,26,33.0,0.8846153846153846,1993,4,23,False
2,ISIC,0.475,27,15,A6,46,1168.0,0.41304347826086957,1993,4,19,False
1,ISIC,0.5797101449275363,17,12,A6,37,1018.0,0.5405405405405406,1993,4,20,False
4,ISIC,0.3434343434343434,24,41,A7,41,199.0,0.4146341463414634,1993,4,17,False
0,ISIC,0.62,13,25,A7,44,6552.0,0.7045454545454546,1993,4,31,False
3,ISIC,0.2857142857142857,30,20,A7,40,799.0,0.25,1993,4,10,False
7,ISIC,0.5,13,9,A7,24,23.0,0.4583333333333333,1993,4,11,False
5,ISIC,0.45569620253164556,19,24,A7,37,144.0,0.4864864864864865,1993,4,18,False
6,ISIC,0.8260869565217391,7,1,A7,26,33.0,0.7307692307692307,1993,4,19,False
2,ISIC,0.3132530120481928,33,24,A7,46,1168.0,0.2826086956521739,1993,4,13,False
1,ISIC,0.43478260869565216,22,17,A7,37,1018.0,0.40540540540540543,1993,4,15,False
4,ISIC,0.46,18,36,A8,41,199.0,0.5609756097560976,1993,4,23,False
0,ISIC,0.7142857142857143,9,19,A8,44,6552.0,0.7954545454545454,1993,4,35,False
3,ISIC,0.5897435897435898,17,15,A8,40,799.0,0.575,1993,4,23,False
7,ISIC,0.6046511627906976,11,6,A8,24,23.0,0.5416666666666666,1993,4,13,False
5,ISIC,0.5070422535211268,19,16,A8,37,144.0,0.4864864864864865,1993,4,18,False
6,ISIC,0.92,3,1,A8,26,33.0,0.8846153846153846,1993,4,23,False
2,ISIC,0.475,27,15,A8,46,1168.0,0.41304347826086957,1993,4,19,False
1,ISIC,0.5714285714285714,17,13,A8,37,1018.0,0.5405405405405406,1993,4,20,False
3,ISIC,0.8666666666666667,1,11,P,40,799.0,0.975,1994,1,39,False
7,ISIC,0.6842105263157895,11,1,P,24,23.0,0.5416666666666666,1994,1,13,False
3,ISIC,0.8571428571428571,1,12,A0,40,799.0,0.975,1994,1,39,False
7,ISIC,0.6486486486486487,12,1,A0,24,23.0,0.5,1994,1,12,False
3,ISIC,0.8636363636363636,2,10,A1,40,799.0,0.95,1994,1,38,False
7,ISIC,0.7,10,2,A1,24,23.0,0.5833333333333334,1994,1,14,False
3,ISIC,0.8764044943820225,1,10,A2,40,799.0,0.975,1994,1,39,False
7,ISIC,0.717948717948718,10,1,A2,24,23.0,0.5833333333333334,1994,1,14,False
3,ISIC,0.8764044943820225,1,10,A3,40,799.0,0.975,1994,1,39,False
7,ISIC,0.717948717948718,10,1,A3,24,23.0,0.5833333333333334,1994,1,14,False
3,ISIC,0.8764044943820225,1,10,A3s,40,799.0,0.975,1994,1,39,False
7,ISIC,0.717948717948718,10,1,A3s,24,23.0,0.5833333333333334,1994,1,14,False
3,ISIC,0.8764044943820225,1,10,A4,40,799.0,0.975,1994,1,39,False
7,ISIC,0.717948717948718,10,1,A4,24,23.0,0.5833333333333334,1994,1,14,False
3,ISIC,0.8764044943820225,1,10,A5,40,799.0,0.975,1994,1,39,False
7,ISIC,0.717948717948718,10,1,A5,24,23.0,0.5833333333333334,1994,1,14,False
3,ISIC,0.8764044943820225,1,10,A6,40,799.0,0.975,1994,1,39,False
7,ISIC,0.717948717948718,10,1,A6,24,23.0,0.5833333333333334,1994,1,14,False
3,ISIC,0.717948717948718,12,10,A7,40,799.0,0.7,1994,1,28,False
7,ISIC,0.56,10,12,A7,24,23.0,0.5833333333333334,1994,1,14,False
3,ISIC,0.8764044943820225,1,10,A8,40,799.0,0.975,1994,1,39,False
7,ISIC,0.717948717948718,10,1,A8,24,23.0,0.5833333333333334,1994,1,14,False
3,ISIC,0.7045454545454546,9,17,P,40,799.0,0.775,1994,2,31,False
7,ISIC,0.6341463414634146,11,4,P,24,23.0,0.5416666666666666,1994,2,13,False
4,ISIC,0.5,20,22,P,41,199.0,0.5121951219512195,1994,2,21,False
5,ISIC,0.5352112676056338,18,15,P,37,144.0,0.5135135135135135,1994,2,19,False
3,ISIC,0.7209302325581395,9,15,A0,40,799.0,0.775,1994,2,31,False
7,ISIC,0.65,11,3,A0,24,23.0,0.5416666666666666,1994,2,13,False
4,ISIC,0.5287356321839081,18,23,A0,41,199.0,0.5609756097560976,1994,2,23,False
5,ISIC,0.5633802816901409,17,14,A0,37,144.0,0.5405405405405406,1994,2,20,False
3,ISIC,0.6976744186046512,10,16,A1,40,799.0,0.75,1994,2,30,False
7,ISIC,0.65,11,3,A1,24,23.0,0.5416666666666666,1994,2,13,False
4,ISIC,0.5977011494252874,15,20,A1,41,199.0,0.6341463414634146,1994,2,26,False
5,ISIC,0.5352112676056338,18,15,A1,37,144.0,0.5135135135135135,1994,2,19,False
3,ISIC,0.7391304347826086,6,18,A2,40,799.0,0.85,1994,2,34,False
7,ISIC,0.6666666666666666,11,2,A2,24,23.0,0.5416666666666666,1994,2,13,False
4,ISIC,0.5060240963855421,20,21,A2,41,199.0,0.5121951219512195,1994,2,21,False
5,ISIC,0.5142857142857142,19,15,A2,37,144.0,0.4864864864864865,1994,2,18,False
3,ISIC,0.723404255319149,6,20,A3,40,799.0,0.85,1994,2,34,False
7,ISIC,0.5945945945945946,13,2,A3,24,23.0,0.4583333333333333,1994,2,11,False
4,ISIC,0.5238095238095238,19,21,A3,41,199.0,0.5365853658536586,1994,2,22,False
5,ISIC,0.5217391304347826,19,14,A3,37,144.0,0.4864864864864865,1994,2,18,False
3,ISIC,0.7311827956989247,6,19,A3s,40,799.0,0.85,1994,2,34,False
7,ISIC,0.631578947368421,12,2,A3s,24,23.0,0.5,1994,2,12,False
4,ISIC,0.5238095238095238,19,21,A3s,41,199.0,0.5365853658536586,1994,2,22,False
5,ISIC,0.5217391304347826,19,14,A3s,37,144.0,0.4864864864864865,1994,2,18,False
3,ISIC,0.7252747252747253,7,18,A4,40,799.0,0.825,1994,2,33,False
7,ISIC,0.65,11,3,A4,24,23.0,0.5416666666666666,1994,2,13,False
4,ISIC,0.5060240963855421,20,21,A4,41,199.0,0.5121951219512195,1994,2,21,False
5,ISIC,0.5142857142857142,19,15,A4,37,144.0,0.4864864864864865,1994,2,18,False
3,ISIC,0.7252747252747253,7,18,A5,40,799.0,0.825,1994,2,33,False
7,ISIC,0.65,11,3,A5,24,23.0,0.5416666666666666,1994,2,13,False
4,ISIC,0.5060240963855421,20,21,A5,41,199.0,0.5121951219512195,1994,2,21,False
5,ISIC,0.5142857142857142,19,15,A5,37,144.0,0.4864864864864865,1994,2,18,False
3,ISIC,0.7391304347826086,6,18,A6,40,799.0,0.85,1994,2,34,False
7,ISIC,0.6666666666666666,11,2,A6,24,23.0,0.5416666666666666,1994,2,13,False
4,ISIC,0.5060240963855421,20,21,A6,41,199.0,0.5121951219512195,1994,2,21,False
5,ISIC,0.5142857142857142,19,15,A6,37,144.0,0.4864864864864865,1994,2,18,False
3,ISIC,0.4533333333333333,23,18,A7,40,799.0,0.425,1994,2,17,False
7,ISIC,0.5,11,15,A7,24,23.0,0.5416666666666666,1994,2,13,False
4,ISIC,0.4888888888888889,19,27,A7,41,199.0,0.5365853658536586,1994,2,22,False
5,ISIC,0.47761194029850745,21,14,A7,37,144.0,0.43243243243243246,1994,2,16,False
3,ISIC,0.7252747252747253,7,18,A8,40,799.0,0.825,1994,2,33,False
7,ISIC,0.65,11,3,A8,24,23.0,0.5416666666666666,1994,2,13,False
4,ISIC,0.5060240963855421,20,21,A8,41,199.0,0.5121951219512195,1994,2,21,False
5,ISIC,0.5142857142857142,19,15,A8,37,144.0,0.4864864864864865,1994,2,18,False
3,ISIC,0.5333333333333333,20,15,P,40,799.0,0.5,1994,3,20,False
7,ISIC,0.5853658536585366,12,5,P,24,23.0,0.5,1994,3,12,False
4,ISIC,0.5,16,34,P,41,199.0,0.6097560975609756,1994,3,25,False
5,ISIC,0.5142857142857142,19,15,P,37,144.0,0.4864864864864865,1994,3,18,False
1,ISIC,0.5454545454545454,19,11,P,37,1018.0,0.4864864864864865,1994,3,18,False
0,ISIC,0.7021276595744681,11,17,P,44,6552.0,0.75,1994,3,33,False
3,ISIC,0.4657534246575342,23,16,A0,40,799.0,0.425,1994,3,17,False
7,ISIC,0.5714285714285714,12,6,A0,24,23.0,0.5,1994,3,12,False
4,ISIC,0.48,17,35,A0,41,199.0,0.5853658536585366,1994,3,24,False
5,ISIC,0.5,19,17,A0,37,144.0,0.4864864864864865,1994,3,18,False
1,ISIC,0.5714285714285714,19,8,A0,37,1018.0,0.4864864864864865,1994,3,18,False
0,ISIC,0.6875,11,19,A0,44,6552.0,0.75,1994,3,33,False
3,ISIC,0.5066666666666667,21,16,A1,40,799.0,0.475,1994,3,19,False
7,ISIC,0.4878048780487805,14,7,A1,24,23.0,0.4166666666666667,1994,3,10,False
4,ISIC,0.5274725274725275,17,26,A1,41,199.0,0.5853658536585366,1994,3,24,False
5,ISIC,0.5352112676056338,18,15,A1,37,144.0,0.5135135135135135,1994,3,19,False
1,ISIC,0.5507246376811594,18,13,A1,37,1018.0,0.5135135135135135,1994,3,19,False
0,ISIC,0.7070707070707071,9,20,A1,44,6552.0,0.7954545454545454,1994,3,35,False
3,ISIC,0.5675675675675675,19,13,A2,40,799.0,0.525,1994,3,21,False
7,ISIC,0.5714285714285714,12,6,A2,24,23.0,0.5,1994,3,12,False
4,ISIC,0.5106382978723404,17,29,A2,41,199.0,0.5853658536585366,1994,3,24,False
5,ISIC,0.5555555555555556,17,15,A2,37,144.0,0.5405405405405406,1994,3,20,False
1,ISIC,0.6060606060606061,17,9,A2,37,1018.0,0.5405405405405406,1994,3,20,False
0,ISIC,0.7142857142857143,9,19,A2,44,6552.0,0.7954545454545454,1994,3,35,False
3,ISIC,0.6233766233766234,16,13,A3,40,799.0,0.6,1994,3,24,False
7,ISIC,0.6,12,4,A3,24,23.0,0.5,1994,3,12,False
4,ISIC,0.5208333333333334,16,30,A3,41,199.0,0.6097560975609756,1994,3,25,False
5,ISIC,0.5217391304347826,19,14,A3,37,144.0,0.4864864864864865,1994,3,18,False
1,ISIC,0.6086956521739131,16,11,A3,37,1018.0,0.5675675675675675,1994,3,21,False
0,ISIC,0.7368421052631579,9,16,A3,44,6552.0,0.7954545454545454,1994,3,35,False
3,ISIC,0.5974025974025974,17,14,A3s,40,799.0,0.575,1994,3,23,False
7,ISIC,0.6153846153846154,12,3,A3s,24,23.0,0.5,1994,3,12,False
4,ISIC,0.5,17,31,A3s,41,199.0,0.5853658536585366,1994,3,24,False
5,ISIC,0.5217391304347826,19,14,A3s,37,144.0,0.4864864864864865,1994,3,18,False
1,ISIC,0.6086956521739131,16,11,A3s,37,1018.0,0.5675675675675675,1994,3,21,False
0,ISIC,0.7083333333333334,10,18,A3s,44,6552.0,0.7727272727272727,1994,3,34,False
3,ISIC,0.5675675675675675,19,13,A4,40,799.0,0.525,1994,3,21,False
7,ISIC,0.5714285714285714,12,6,A4,24,23.0,0.5,1994,3,12,False
4,ISIC,0.5106382978723404,17,29,A4,41,199.0,0.5853658536585366,1994,3,24,False
5,ISIC,0.5555555555555556,17,15,A4,37,144.0,0.5405405405405406,1994,3,20,False
1,ISIC,0.6060606060606061,17,9,A4,37,1018.0,0.5405405405405406,1994,3,20,False
0,ISIC,0.7142857142857143,9,19,A4,44,6552.0,0.7954545454545454,1994,3,35,False
3,ISIC,0.5675675675675675,19,13,A5,40,799.0,0.525,1994,3,21,False
7,ISIC,0.5714285714285714,12,6,A5,24,23.0,0.5,1994,3,12,False
4,ISIC,0.5106382978723404,17,29,A5,41,199.0,0.5853658536585366,1994,3,24,False
5,ISIC,0.5555555555555556,17,15,A5,37,144.0,0.5405405405405406,1994,3,20,False
1,ISIC,0.6060606060606061,17,9,A5,37,1018.0,0.5405405405405406,1994,3,20,False
0,ISIC,0.7142857142857143,9,19,A5,44,6552.0,0.7954545454545454,1994,3,35,False
3,ISIC,0.5675675675675675,19,13,A6,40,799.0,0.525,1994,3,21,False
7,ISIC,0.5714285714285714,12,6,A6,24,23.0,0.5,1994,3,12,False
4,ISIC,0.5106382978723404,17,29,A6,41,199.0,0.5853658536585366,1994,3,24,False
5,ISIC,0.5555555555555556,17,15,A6,37,144.0,0.5405405405405406,1994,3,20,False
1,ISIC,0.6060606060606061,17,9,A6,37,1018.0,0.5405405405405406,1994,3,20,False
0,ISIC,0.7142857142857143,9,19,A6,44,6552.0,0.7954545454545454,1994,3,35,False
3,ISIC,0.1935483870967742,34,16,A7,40,799.0,0.15,1994,3,6,False
7,ISIC,0.4489795918367347,13,14,A7,24,23.0,0.4583333333333333,1994,3,11,False
4,ISIC,0.45652173913043476,20,30,A7,41,199.0,0.5121951219512195,1994,3,21,False
5,ISIC,0.463768115942029,21,16,A7,37,144.0,0.43243243243243246,1994,3,16,False
1,ISIC,0.40540540540540543,22,22,A7,37,1018.0,0.40540540540540543,1994,3,15,False
0,ISIC,0.6,14,26,A7,44,6552.0,0.6818181818181818,1994,3,30,False
3,ISIC,0.5675675675675675,19,13,A8,40,799.0,0.525,1994,3,21,False
7,ISIC,0.5714285714285714,12,6,A8,24,23.0,0.5,1994,3,12,False
4,ISIC,0.5106382978723404,17,29,A8,41,199.0,0.5853658536585366,1994,3,24,False
5,ISIC,0.5555555555555556,17,15,A8,37,144.0,0.5405405405405406,1994,3,20,False
1,ISIC,0.6060606060606061,17,9,A8,37,1018.0,0.5405405405405406,1994,3,20,False
0,ISIC,0.7142857142857143,9,19,A8,44,6552.0,0.7954545454545454,1994,3,35,False
3,ISIC,0.36619718309859156,27,18,P,40,799.0,0.325,1994,4,13,False
7,ISIC,0.5581395348837209,12,7,P,24,23.0,0.5,1994,4,12,False
4,ISIC,0.46,18,36,P,41,199.0,0.5609756097560976,1994,4,23,False
5,ISIC,0.42105263157894735,21,23,P,37,144.0,0.43243243243243246,1994,4,16,False
1,ISIC,0.5428571428571428,18,14,P,37,1018.0,0.5135135135135135,1994,4,19,False
0,ISIC,0.673469387755102,11,21,P,44,6552.0,0.75,1994,4,33,False
6,ISIC,0.9230769230769231,2,2,P,26,33.0,0.9230769230769231,1994,4,24,False
2,ISIC,0.5,26,14,P,46,1168.0,0.43478260869565216,1994,4,20,False
3,ISIC,0.34782608695652173,28,17,A0,40,799.0,0.3,1994,4,12,False
7,ISIC,0.6046511627906976,11,6,A0,24,23.0,0.5416666666666666,1994,4,13,False
4,ISIC,0.4672897196261682,16,41,A0,41,199.0,0.6097560975609756,1994,4,25,False
5,ISIC,0.4864864864864865,19,19,A0,37,144.0,0.4864864864864865,1994,4,18,False
1,ISIC,0.5671641791044776,18,11,A0,37,1018.0,0.5135135135135135,1994,4,19,False
0,ISIC,0.6666666666666666,11,22,A0,44,6552.0,0.75,1994,4,33,False
6,ISIC,0.8627450980392157,4,3,A0,26,33.0,0.8461538461538461,1994,4,22,False
2,ISIC,0.425,29,17,A0,46,1168.0,0.3695652173913043,1994,4,17,False
3,ISIC,0.4266666666666667,24,19,A1,40,799.0,0.4,1994,4,16,False
7,ISIC,0.42857142857142855,15,9,A1,24,23.0,0.375,1994,4,9,False
4,ISIC,0.4489795918367347,19,35,A1,41,199.0,0.5365853658536586,1994,4,22,False
5,ISIC,0.4117647058823529,23,17,A1,37,144.0,0.3783783783783784,1994,4,14,False
1,ISIC,0.5675675675675675,16,16,A1,37,1018.0,0.5675675675675675,1994,4,21,False
0,ISIC,0.673469387755102,11,21,A1,44,6552.0,0.75,1994,4,33,False
6,ISIC,0.8275862068965517,2,8,A1,26,33.0,0.9230769230769231,1994,4,24,False
2,ISIC,0.36363636363636365,32,17,A1,46,1168.0,0.30434782608695654,1994,4,14,False
3,ISIC,0.47368421052631576,22,18,A2,40,799.0,0.45,1994,4,18,False
7,ISIC,0.5116279069767442,13,8,A2,24,23.0,0.4583333333333333,1994,4,11,False
4,ISIC,0.4631578947368421,19,32,A2,41,199.0,0.5365853658536586,1994,4,22,False
5,ISIC,0.4931506849315068,19,18,A2,37,144.0,0.4864864864864865,1994,4,18,False
1,ISIC,0.5797101449275363,17,12,A2,37,1018.0,0.5405405405405406,1994,4,20,False
0,ISIC,0.7010309278350515,10,19,A2,44,6552.0,0.7727272727272727,1994,4,34,False
6,ISIC,0.9230769230769231,2,2,A2,26,33.0,0.9230769230769231,1994,4,24,False
2,ISIC,0.47058823529411764,26,19,A2,46,1168.0,0.43478260869565216,1994,4,20,False
3,ISIC,0.5609756097560976,17,19,A3,40,799.0,0.575,1994,4,23,False
7,ISIC,0.5641025641025641,13,4,A3,24,23.0,0.4583333333333333,1994,4,11,False
4,ISIC,0.46464646464646464,18,35,A3,41,199.0,0.5609756097560976,1994,4,23,False
5,ISIC,0.4722222222222222,20,18,A3,37,144.0,0.4594594594594595,1994,4,17,False
1,ISIC,0.5915492957746479,16,13,A3,37,1018.0,0.5675675675675675,1994,4,21,False
0,ISIC,0.7083333333333334,10,18,A3,44,6552.0,0.7727272727272727,1994,4,34,False
6,ISIC,0.9056603773584906,2,3,A3,26,33.0,0.9230769230769231,1994,4,24,False
2,ISIC,0.4358974358974359,29,15,A3,46,1168.0,0.3695652173913043,1994,4,17,False
3,ISIC,0.5542168674698795,17,20,A3s,40,799.0,0.575,1994,4,23,False
7,ISIC,0.5641025641025641,13,4,A3s,24,23.0,0.4583333333333333,1994,4,11,False
4,ISIC,0.47058823529411764,17,37,A3s,41,199.0,0.5853658536585366,1994,4,24,False
5,ISIC,0.4722222222222222,20,18,A3s,37,144.0,0.4594594594594595,1994,4,17,False
1,ISIC,0.5588235294117647,18,12,A3s,37,1018.0,0.5135135135135135,1994,4,19,False
0,ISIC,0.6938775510204082,10,20,A3s,44,6552.0,0.7727272727272727,1994,4,34,False
6,ISIC,0.9230769230769231,2,2,A3s,26,33.0,0.9230769230769231,1994,4,24,False
2,ISIC,0.4473684210526316,29,13,A3s,46,1168.0,0.3695652173913043,1994,4,17,False
3,ISIC,0.47368421052631576,22,18,A4,40,799.0,0.45,1994,4,18,False
7,ISIC,0.5116279069767442,13,8,A4,24,23.0,0.4583333333333333,1994,4,11,False
4,ISIC,0.4631578947368421,19,32,A4,41,199.0,0.5365853658536586,1994,4,22,False
5,ISIC,0.4931506849315068,19,18,A4,37,144.0,0.4864864864864865,1994,4,18,False
1,ISIC,0.5797101449275363,17,12,A4,37,1018.0,0.5405405405405406,1994,4,20,False
0,ISIC,0.7010309278350515,10,19,A4,44,6552.0,0.7727272727272727,1994,4,34,False
6,ISIC,0.9230769230769231,2,2,A4,26,33.0,0.9230769230769231,1994,4,24,False
2,ISIC,0.47058823529411764,26,19,A4,46,1168.0,0.43478260869565216,1994,4,20,False
3,ISIC,0.4864864864864865,22,16,A5,40,799.0,0.45,1994,4,18,False
7,ISIC,0.5116279069767442,13,8,A5,24,23.0,0.4583333333333333,1994,4,11,False
4,ISIC,0.4631578947368421,19,32,A5,41,199.0,0.5365853658536586,1994,4,22,False
5,ISIC,0.4931506849315068,19,18,A5,37,144.0,0.4864864864864865,1994,4,18,False
1,ISIC,0.6,16,12,A5,37,1018.0,0.5675675675675675,1994,4,21,False
0,ISIC,0.7010309278350515,10,19,A5,44,6552.0,0.7727272727272727,1994,4,34,False
6,ISIC,0.9056603773584906,2,3,A5,26,33.0,0.9230769230769231,1994,4,24,False
2,ISIC,0.47058823529411764,26,19,A5,46,1168.0,0.43478260869565216,1994,4,20,False
3,ISIC,0.47368421052631576,22,18,A6,40,799.0,0.45,1994,4,18,False
7,ISIC,0.5116279069767442,13,8,A6,24,23.0,0.4583333333333333,1994,4,11,False
4,ISIC,0.4631578947368421,19,32,A6,41,199.0,0.5365853658536586,1994,4,22,False
5,ISIC,0.4931506849315068,19,18,A6,37,144.0,0.4864864864864865,1994,4,18,False
1,ISIC,0.5797101449275363,17,12,A6,37,1018.0,0.5405405405405406,1994,4,20,False
0,ISIC,0.7010309278350515,10,19,A6,44,6552.0,0.7727272727272727,1994,4,34,False
6,ISIC,0.9230769230769231,2,2,A6,26,33.0,0.9230769230769231,1994,4,24,False
2,ISIC,0.47058823529411764,26,19,A6,46,1168.0,0.43478260869565216,1994,4,20,False
3,ISIC,0.13333333333333333,36,16,A7,40,799.0,0.1,1994,4,4,False
7,ISIC,0.4489795918367347,13,14,A7,24,23.0,0.4583333333333333,1994,4,11,False
4,ISIC,0.36363636363636365,23,40,A7,41,199.0,0.43902439024390244,1994,4,18,False
5,ISIC,0.42105263157894735,21,23,A7,37,144.0,0.43243243243243246,1994,4,16,False
1,ISIC,0.4057971014492754,23,18,A7,37,1018.0,0.3783783783783784,1994,4,14,False
0,ISIC,0.5631067961165048,15,30,A7,44,6552.0,0.6590909090909091,1994,4,29,False
6,ISIC,0.7169811320754716,7,8,A7,26,33.0,0.7307692307692307,1994,4,19,False
2,ISIC,0.2962962962962963,34,23,A7,46,1168.0,0.2608695652173913,1994,4,12,False
3,ISIC,0.47368421052631576,22,18,A8,40,799.0,0.45,1994,4,18,False
7,ISIC,0.5116279069767442,13,8,A8,24,23.0,0.4583333333333333,1994,4,11,False
4,ISIC,0.4631578947368421,19,32,A8,41,199.0,0.5365853658536586,1994,4,22,False
5,ISIC,0.4931506849315068,19,18,A8,37,144.0,0.4864864864864865,1994,4,18,False
1,ISIC,0.5797101449275363,17,12,A8,37,1018.0,0.5405405405405406,1994,4,20,False
0,ISIC,0.7010309278350515,10,19,A8,44,6552.0,0.7727272727272727,1994,4,34,False
6,ISIC,0.9230769230769231,2,2,A8,26,33.0,0.9230769230769231,1994,4,24,False
2,ISIC,0.47058823529411764,26,19,A8,46,1168.0,0.43478260869565216,1994,4,20,False
1,ISIC,0.8169014084507042,8,5,P,37,1018.0,0.7837837837837838,1995,1,29,False
3,ISIC,0.8433734939759037,5,8,P,40,799.0,0.875,1995,1,35,False
1,ISIC,0.8533333333333334,5,6,A0,37,1018.0,0.8648648648648649,1995,1,32,False
3,ISIC,0.8607594936708861,6,5,A0,40,799.0,0.85,1995,1,34,False
1,ISIC,0.8157894736842105,6,8,A1,37,1018.0,0.8378378378378378,1995,1,31,False
3,ISIC,0.8205128205128205,8,6,A1,40,799.0,0.8,1995,1,32,False
1,ISIC,0.8493150684931506,6,5,A2,37,1018.0,0.8378378378378378,1995,1,31,False
3,ISIC,0.8641975308641975,5,6,A2,40,799.0,0.875,1995,1,35,False
1,ISIC,0.8378378378378378,6,6,A3,37,1018.0,0.8378378378378378,1995,1,31,False
3,ISIC,0.85,6,6,A3,40,799.0,0.85,1995,1,34,False
1,ISIC,0.8533333333333334,5,6,A3s,37,1018.0,0.8648648648648649,1995,1,32,False
3,ISIC,0.8607594936708861,6,5,A3s,40,799.0,0.85,1995,1,34,False
1,ISIC,0.8493150684931506,6,5,A4,37,1018.0,0.8378378378378378,1995,1,31,False
3,ISIC,0.8641975308641975,5,6,A4,40,799.0,0.875,1995,1,35,False
1,ISIC,0.8493150684931506,6,5,A5,37,1018.0,0.8378378378378378,1995,1,31,False
3,ISIC,0.8641975308641975,5,6,A5,40,799.0,0.875,1995,1,35,False
1,ISIC,0.8493150684931506,6,5,A6,37,1018.0,0.8378378378378378,1995,1,31,False
3,ISIC,0.8641975308641975,5,6,A6,40,799.0,0.875,1995,1,35,False
1,ISIC,0.72,10,11,A7,37,1018.0,0.7297297297297297,1995,1,27,False
3,ISIC,0.7341772151898734,11,10,A7,40,799.0,0.725,1995,1,29,False
1,ISIC,0.8493150684931506,6,5,A8,37,1018.0,0.8378378378378378,1995,1,31,False
3,ISIC,0.8641975308641975,5,6,A8,40,799.0,0.875,1995,1,35,False
1,ISIC,0.7575757575757576,12,4,P,37,1018.0,0.6756756756756757,1995,2,25,False
3,ISIC,0.7619047619047619,8,12,P,40,799.0,0.8,1995,2,32,False
0,ISIC,0.7608695652173914,9,13,P,44,6552.0,0.7954545454545454,1995,2,35,False
6,ISIC,0.9615384615384616,1,1,P,26,33.0,0.9615384615384616,1995,2,25,False
1,ISIC,0.7058823529411765,13,7,A0,37,1018.0,0.6486486486486487,1995,2,24,False
3,ISIC,0.7857142857142857,7,11,A0,40,799.0,0.825,1995,2,33,False
0,ISIC,0.7608695652173914,9,13,A0,44,6552.0,0.7954545454545454,1995,2,35,False
6,ISIC,0.92,3,1,A0,26,33.0,0.8846153846153846,1995,2,23,False
1,ISIC,0.6470588235294118,15,9,A1,37,1018.0,0.5945945945945946,1995,2,22,False
3,ISIC,0.6666666666666666,13,14,A1,40,799.0,0.675,1995,2,27,False
0,ISIC,0.7526881720430108,9,14,A1,44,6552.0,0.7954545454545454,1995,2,35,False
6,ISIC,0.9230769230769231,2,2,A1,26,33.0,0.9230769230769231,1995,2,24,False
1,ISIC,0.6875,15,5,A2,37,1018.0,0.5945945945945946,1995,2,22,False
3,ISIC,0.7640449438202247,6,15,A2,40,799.0,0.85,1995,2,34,False
0,ISIC,0.7692307692307693,9,12,A2,44,6552.0,0.7954545454545454,1995,2,35,False
6,ISIC,0.96,2,0,A2,26,33.0,0.9230769230769231,1995,2,24,False
1,ISIC,0.676923076923077,15,6,A3,37,1018.0,0.5945945945945946,1995,2,22,False
3,ISIC,0.75,7,15,A3,40,799.0,0.825,1995,2,33,False
0,ISIC,0.7692307692307693,9,12,A3,44,6552.0,0.7954545454545454,1995,2,35,False
6,ISIC,0.96,2,0,A3,26,33.0,0.9230769230769231,1995,2,24,False
1,ISIC,0.696969696969697,14,6,A3s,37,1018.0,0.6216216216216216,1995,2,23,False
3,ISIC,0.7586206896551724,7,14,A3s,40,799.0,0.825,1995,2,33,False
0,ISIC,0.7608695652173914,9,13,A3s,44,6552.0,0.7954545454545454,1995,2,35,False
6,ISIC,0.9387755102040817,3,0,A3s,26,33.0,0.8846153846153846,1995,2,23,False
1,ISIC,0.6875,15,5,A4,37,1018.0,0.5945945945945946,1995,2,22,False
3,ISIC,0.7640449438202247,6,15,A4,40,799.0,0.85,1995,2,34,False
0,ISIC,0.7692307692307693,9,12,A4,44,6552.0,0.7954545454545454,1995,2,35,False
6,ISIC,0.96,2,0,A4,26,33.0,0.9230769230769231,1995,2,24,False
1,ISIC,0.6875,15,5,A5,37,1018.0,0.5945945945945946,1995,2,22,False
3,ISIC,0.7640449438202247,6,15,A5,40,799.0,0.85,1995,2,34,False
0,ISIC,0.7692307692307693,9,12,A5,44,6552.0,0.7954545454545454,1995,2,35,False
6,ISIC,0.96,2,0,A5,26,33.0,0.9230769230769231,1995,2,24,False
1,ISIC,0.6875,15,5,A6,37,1018.0,0.5945945945945946,1995,2,22,False
3,ISIC,0.7640449438202247,6,15,A6,40,799.0,0.85,1995,2,34,False
0,ISIC,0.7692307692307693,9,12,A6,44,6552.0,0.7954545454545454,1995,2,35,False
6,ISIC,0.96,2,0,A6,26,33.0,0.9230769230769231,1995,2,24,False
1,ISIC,0.6052631578947368,14,16,A7,37,1018.0,0.6216216216216216,1995,2,23,False
3,ISIC,0.5405405405405406,20,14,A7,40,799.0,0.5,1995,2,20,False
0,ISIC,0.6736842105263158,12,19,A7,44,6552.0,0.7272727272727273,1995,2,32,False
6,ISIC,0.8979591836734694,4,1,A7,26,33.0,0.8461538461538461,1995,2,22,False
1,ISIC,0.6875,15,5,A8,37,1018.0,0.5945945945945946,1995,2,22,False
3,ISIC,0.7640449438202247,6,15,A8,40,799.0,0.85,1995,2,34,False
0,ISIC,0.7692307692307693,9,12,A8,44,6552.0,0.7954545454545454,1995,2,35,False
6,ISIC,0.96,2,0,A8,26,33.0,0.9230769230769231,1995,2,24,False
1,ISIC,0.59375,18,8,P,37,1018.0,0.5135135135135135,1995,3,19,False
3,ISIC,0.43478260869565216,25,14,P,40,799.0,0.375,1995,3,15,False
0,ISIC,0.7216494845360825,9,18,P,44,6552.0,0.7954545454545454,1995,3,35,False
6,ISIC,0.9411764705882353,2,1,P,26,33.0,0.9230769230769231,1995,3,24,False
4,ISIC,0.48484848484848486,17,34,P,41,199.0,0.5853658536585366,1995,3,24,False
5,ISIC,0.5142857142857142,19,15,P,37,144.0,0.4864864864864865,1995,3,18,False
1,ISIC,0.6363636363636364,16,8,A0,37,1018.0,0.5675675675675675,1995,3,21,False
3,ISIC,0.5753424657534246,19,12,A0,40,799.0,0.525,1995,3,21,False
0,ISIC,0.75,8,16,A0,44,6552.0,0.8181818181818182,1995,3,36,False
6,ISIC,0.9411764705882353,2,1,A0,26,33.0,0.9230769230769231,1995,3,24,False
4,ISIC,0.5106382978723404,17,29,A0,41,199.0,0.5853658536585366,1995,3,24,False
5,ISIC,0.5142857142857142,19,15,A0,37,144.0,0.4864864864864865,1995,3,18,False
1,ISIC,0.5714285714285714,17,13,A1,37,1018.0,0.5405405405405406,1995,3,20,False
3,ISIC,0.4931506849315068,22,15,A1,40,799.0,0.45,1995,3,18,False
0,ISIC,0.7551020408163265,7,17,A1,44,6552.0,0.8409090909090909,1995,3,37,False
6,ISIC,0.9056603773584906,2,3,A1,26,33.0,0.9230769230769231,1995,3,24,False
4,ISIC,0.5111111111111111,18,26,A1,41,199.0,0.5609756097560976,1995,3,23,False
5,ISIC,0.5454545454545454,19,11,A1,37,144.0,0.4864864864864865,1995,3,18,False
1,ISIC,0.59375,18,8,A2,37,1018.0,0.5135135135135135,1995,3,19,False
3,ISIC,0.64,16,11,A2,40,799.0,0.6,1995,3,24,False
0,ISIC,0.7708333333333334,7,15,A2,44,6552.0,0.8409090909090909,1995,3,37,False
6,ISIC,0.96,2,0,A2,26,33.0,0.9230769230769231,1995,3,24,False
4,ISIC,0.5319148936170213,16,28,A2,41,199.0,0.6097560975609756,1995,3,25,False
5,ISIC,0.5352112676056338,18,15,A2,37,144.0,0.5135135135135135,1995,3,19,False
1,ISIC,0.625,17,7,A3,37,1018.0,0.5405405405405406,1995,3,20,False
3,ISIC,0.6410256410256411,15,13,A3,40,799.0,0.625,1995,3,25,False
0,ISIC,0.7708333333333334,7,15,A3,44,6552.0,0.8409090909090909,1995,3,37,False
6,ISIC,0.96,2,0,A3,26,33.0,0.9230769230769231,1995,3,24,False
4,ISIC,0.5161290322580645,17,28,A3,41,199.0,0.5853658536585366,1995,3,24,False
5,ISIC,0.5507246376811594,18,13,A3,37,144.0,0.5135135135135135,1995,3,19,False
1,ISIC,0.6031746031746031,18,7,A3s,37,1018.0,0.5135135135135135,1995,3,19,False
3,ISIC,0.6410256410256411,15,13,A3s,40,799.0,0.625,1995,3,25,False
0,ISIC,0.7708333333333334,7,15,A3s,44,6552.0,0.8409090909090909,1995,3,37,False
6,ISIC,0.96,2,0,A3s,26,33.0,0.9230769230769231,1995,3,24,False
4,ISIC,0.5208333333333334,16,30,A3s,41,199.0,0.6097560975609756,1995,3,25,False
5,ISIC,0.5074626865671642,20,13,A3s,37,144.0,0.4594594594594595,1995,3,17,False
1,ISIC,0.59375,18,8,A4,37,1018.0,0.5135135135135135,1995,3,19,False
3,ISIC,0.64,16,11,A4,40,799.0,0.6,1995,3,24,False
0,ISIC,0.7708333333333334,7,15,A4,44,6552.0,0.8409090909090909,1995,3,37,False
6,ISIC,0.96,2,0,A4,26,33.0,0.9230769230769231,1995,3,24,False
4,ISIC,0.5319148936170213,16,28,A4,41,199.0,0.6097560975609756,1995,3,25,False
5,ISIC,0.5352112676056338,18,15,A4,37,144.0,0.5135135135135135,1995,3,19,False
1,ISIC,0.59375,18,8,A5,37,1018.0,0.5135135135135135,1995,3,19,False
3,ISIC,0.64,16,11,A5,40,799.0,0.6,1995,3,24,False
0,ISIC,0.7708333333333334,7,15,A5,44,6552.0,0.8409090909090909,1995,3,37,False
6,ISIC,0.96,2,0,A5,26,33.0,0.9230769230769231,1995,3,24,False
4,ISIC,0.5319148936170213,16,28,A5,41,199.0,0.6097560975609756,1995,3,25,False
5,ISIC,0.5352112676056338,18,15,A5,37,144.0,0.5135135135135135,1995,3,19,False
1,ISIC,0.59375,18,8,A6,37,1018.0,0.5135135135135135,1995,3,19,False
3,ISIC,0.64,16,11,A6,40,799.0,0.6,1995,3,24,False
0,ISIC,0.7708333333333334,7,15,A6,44,6552.0,0.8409090909090909,1995,3,37,False
6,ISIC,0.96,2,0,A6,26,33.0,0.9230769230769231,1995,3,24,False
4,ISIC,0.5319148936170213,16,28,A6,41,199.0,0.6097560975609756,1995,3,25,False
5,ISIC,0.5352112676056338,18,15,A6,37,144.0,0.5135135135135135,1995,3,19,False
1,ISIC,0.5217391304347826,19,14,A7,37,1018.0,0.4864864864864865,1995,3,18,False
3,ISIC,0.37333333333333335,26,21,A7,40,799.0,0.35,1995,3,14,False
0,ISIC,0.6736842105263158,12,19,A7,44,6552.0,0.7272727272727273,1995,3,32,False
6,ISIC,0.851063829787234,6,1,A7,26,33.0,0.7692307692307693,1995,3,20,False
4,ISIC,0.4888888888888889,19,27,A7,41,199.0,0.5365853658536586,1995,3,22,False
5,ISIC,0.43243243243243246,21,21,A7,37,144.0,0.43243243243243246,1995,3,16,False
1,ISIC,0.59375,18,8,A8,37,1018.0,0.5135135135135135,1995,3,19,False
3,ISIC,0.64,16,11,A8,40,799.0,0.6,1995,3,24,False
0,ISIC,0.7708333333333334,7,15,A8,44,6552.0,0.8409090909090909,1995,3,37,False
6,ISIC,0.96,2,0,A8,26,33.0,0.9230769230769231,1995,3,24,False
4,ISIC,0.5319148936170213,16,28,A8,41,199.0,0.6097560975609756,1995,3,25,False
5,ISIC,0.5352112676056338,18,15,A8,37,144.0,0.5135135135135135,1995,3,19,False
1,ISIC,0.5428571428571428,18,14,P,37,1018.0,0.5135135135135135,1995,4,19,False
3,ISIC,0.36619718309859156,27,18,P,40,799.0,0.325,1995,4,13,False
0,ISIC,0.673469387755102,11,21,P,44,6552.0,0.75,1995,4,33,False
6,ISIC,0.9230769230769231,2,2,P,26,33.0,0.9230769230769231,1995,4,24,False
4,ISIC,0.46,18,36,P,41,199.0,0.5609756097560976,1995,4,23,False
5,ISIC,0.42105263157894735,21,23,P,37,144.0,0.43243243243243246,1995,4,16,False
2,ISIC,0.5,26,14,P,46,1168.0,0.43478260869565216,1995,4,20,False
7,ISIC,0.5581395348837209,12,7,P,24,23.0,0.5,1995,4,12,False
1,ISIC,0.6086956521739131,16,11,A0,37,1018.0,0.5675675675675675,1995,4,21,False
3,ISIC,0.48,22,17,A0,40,799.0,0.45,1995,4,18,False
0,ISIC,0.7010309278350515,10,19,A0,44,6552.0,0.7727272727272727,1995,4,34,False
6,ISIC,0.9411764705882353,2,1,A0,26,33.0,0.9230769230769231,1995,4,24,False
4,ISIC,0.4742268041237113,18,33,A0,41,199.0,0.5609756097560976,1995,4,23,False
5,ISIC,0.4935064935064935,18,21,A0,37,144.0,0.5135135135135135,1995,4,19,False
2,ISIC,0.5365853658536586,24,14,A0,46,1168.0,0.4782608695652174,1995,4,22,False
7,ISIC,0.6666666666666666,10,4,A0,24,23.0,0.5833333333333334,1995,4,14,False
1,ISIC,0.5675675675675675,16,16,A1,37,1018.0,0.5675675675675675,1995,4,21,False
3,ISIC,0.4266666666666667,24,19,A1,40,799.0,0.4,1995,4,16,False
0,ISIC,0.673469387755102,11,21,A1,44,6552.0,0.75,1995,4,33,False
6,ISIC,0.8275862068965517,2,8,A1,26,33.0,0.9230769230769231,1995,4,24,False
4,ISIC,0.4489795918367347,19,35,A1,41,199.0,0.5365853658536586,1995,4,22,False
5,ISIC,0.4117647058823529,23,17,A1,37,144.0,0.3783783783783784,1995,4,14,False
2,ISIC,0.36363636363636365,32,17,A1,46,1168.0,0.30434782608695654,1995,4,14,False
7,ISIC,0.42857142857142855,15,9,A1,24,23.0,0.375,1995,4,9,False
1,ISIC,0.5882352941176471,17,11,A2,37,1018.0,0.5405405405405406,1995,4,20,False
3,ISIC,0.5063291139240507,20,19,A2,40,799.0,0.5,1995,4,20,False
0,ISIC,0.693069306930693,9,22,A2,44,6552.0,0.7954545454545454,1995,4,35,False
6,ISIC,0.92,3,1,A2,26,33.0,0.8846153846153846,1995,4,23,False
4,ISIC,0.4731182795698925,19,30,A2,41,199.0,0.5365853658536586,1995,4,22,False
5,ISIC,0.4931506849315068,19,18,A2,37,144.0,0.4864864864864865,1995,4,18,False
2,ISIC,0.5238095238095238,24,16,A2,46,1168.0,0.4782608695652174,1995,4,22,False
7,ISIC,0.5714285714285714,12,6,A2,24,23.0,0.5,1995,4,12,False
1,ISIC,0.5882352941176471,17,11,A3,37,1018.0,0.5405405405405406,1995,4,20,False
3,ISIC,0.5301204819277109,18,21,A3,40,799.0,0.55,1995,4,22,False
0,ISIC,0.7,9,21,A3,44,6552.0,0.7954545454545454,1995,4,35,False
6,ISIC,0.9411764705882353,2,1,A3,26,33.0,0.9230769230769231,1995,4,24,False
4,ISIC,0.48,17,35,A3,41,199.0,0.5853658536585366,1995,4,24,False
5,ISIC,0.4931506849315068,19,18,A3,37,144.0,0.4864864864864865,1995,4,18,False
2,ISIC,0.48,28,11,A3,46,1168.0,0.391304347826087,1995,4,18,False
7,ISIC,0.6,12,4,A3,24,23.0,0.5,1995,4,12,False
1,ISIC,0.6176470588235294,16,10,A3s,37,1018.0,0.5675675675675675,1995,4,21,False
3,ISIC,0.5542168674698795,17,20,A3s,40,799.0,0.575,1995,4,23,False
0,ISIC,0.7128712871287128,8,21,A3s,44,6552.0,0.8181818181818182,1995,4,36,False
6,ISIC,0.9411764705882353,2,1,A3s,26,33.0,0.9230769230769231,1995,4,24,False
4,ISIC,0.4752475247524752,17,36,A3s,41,199.0,0.5853658536585366,1995,4,24,False
5,ISIC,0.4864864864864865,19,19,A3s,37,144.0,0.4864864864864865,1995,4,18,False
2,ISIC,0.4864864864864865,28,10,A3s,46,1168.0,0.391304347826087,1995,4,18,False
7,ISIC,0.5789473684210527,13,3,A3s,24,23.0,0.4583333333333333,1995,4,11,False
1,ISIC,0.5882352941176471,17,11,A4,37,1018.0,0.5405405405405406,1995,4,20,False
3,ISIC,0.5063291139240507,20,19,A4,40,799.0,0.5,1995,4,20,False
0,ISIC,0.693069306930693,9,22,A4,44,6552.0,0.7954545454545454,1995,4,35,False
6,ISIC,0.92,3,1,A4,26,33.0,0.8846153846153846,1995,4,23,False
4,ISIC,0.4731182795698925,19,30,A4,41,199.0,0.5365853658536586,1995,4,22,False
5,ISIC,0.4931506849315068,19,18,A4,37,144.0,0.4864864864864865,1995,4,18,False
2,ISIC,0.5238095238095238,24,16,A4,46,1168.0,0.4782608695652174,1995,4,22,False
7,ISIC,0.5714285714285714,12,6,A4,24,23.0,0.5,1995,4,12,False
1,ISIC,0.5882352941176471,17,11,A5,37,1018.0,0.5405405405405406,1995,4,20,False
3,ISIC,0.5063291139240507,20,19,A5,40,799.0,0.5,1995,4,20,False
0,ISIC,0.693069306930693,9,22,A5,44,6552.0,0.7954545454545454,1995,4,35,False
6,ISIC,0.92,3,1,A5,26,33.0,0.8846153846153846,1995,4,23,False
4,ISIC,0.4731182795698925,19,30,A5,41,199.0,0.5365853658536586,1995,4,22,False
5,ISIC,0.4931506849315068,19,18,A5,37,144.0,0.4864864864864865,1995,4,18,False
2,ISIC,0.5238095238095238,24,16,A5,46,1168.0,0.4782608695652174,1995,4,22,False
7,ISIC,0.5714285714285714,12,6,A5,24,23.0,0.5,1995,4,12,False
1,ISIC,0.5882352941176471,17,11,A6,37,1018.0,0.5405405405405406,1995,4,20,False
3,ISIC,0.5063291139240507,20,19,A6,40,799.0,0.5,1995,4,20,False
0,ISIC,0.693069306930693,9,22,A6,44,6552.0,0.7954545454545454,1995,4,35,False
6,ISIC,0.92,3,1,A6,26,33.0,0.8846153846153846,1995,4,23,False
4,ISIC,0.4731182795698925,19,30,A6,41,199.0,0.5365853658536586,1995,4,22,False
5,ISIC,0.4931506849315068,19,18,A6,37,144.0,0.4864864864864865,1995,4,18,False
2,ISIC,0.5238095238095238,24,16,A6,46,1168.0,0.4782608695652174,1995,4,22,False
7,ISIC,0.5714285714285714,12,6,A6,24,23.0,0.5,1995,4,12,False
1,ISIC,0.4857142857142857,20,16,A7,37,1018.0,0.4594594594594595,1995,4,17,False
3,ISIC,0.28169014084507044,30,21,A7,40,799.0,0.25,1995,4,10,False
0,ISIC,0.6,14,26,A7,44,6552.0,0.6818181818181818,1995,4,30,False
6,ISIC,0.8333333333333334,6,2,A7,26,33.0,0.7692307692307693,1995,4,20,False
4,ISIC,0.3838383838383838,22,39,A7,41,199.0,0.4634146341463415,1995,4,19,False
5,ISIC,0.36363636363636365,23,26,A7,37,144.0,0.3783783783783784,1995,4,14,False
2,ISIC,0.37037037037037035,31,20,A7,46,1168.0,0.32608695652173914,1995,4,15,False
7,ISIC,0.45454545454545453,14,10,A7,24,23.0,0.4166666666666667,1995,4,10,False
1,ISIC,0.5882352941176471,17,11,A8,37,1018.0,0.5405405405405406,1995,4,20,False
3,ISIC,0.5063291139240507,20,19,A8,40,799.0,0.5,1995,4,20,False
0,ISIC,0.693069306930693,9,22,A8,44,6552.0,0.7954545454545454,1995,4,35,False
6,ISIC,0.92,3,1,A8,26,33.0,0.8846153846153846,1995,4,23,False
4,ISIC,0.45652173913043476,20,30,A8,41,199.0,0.5121951219512195,1995,4,21,False
5,ISIC,0.4864864864864865,19,19,A8,37,144.0,0.4864864864864865,1995,4,18,False
2,ISIC,0.5238095238095238,24,16,A8,46,1168.0,0.4782608695652174,1995,4,22,False
7,ISIC,0.5714285714285714,12,6,A8,24,23.0,0.5,1995,4,12,False
0,HK,1.0,0,0,P,7,25.0,1.0,1993,1,7,False
4,HK,1.0,0,0,P,165,626.0,1.0,1993,1,165,False
0,HK,1.0,0,0,A0,7,25.0,1.0,1993,1,7,False
4,HK,1.0,0,0,A0,165,626.0,1.0,1993,1,165,False
0,HK,1.0,0,0,A1,7,25.0,1.0,1993,1,7,False
4,HK,1.0,0,0,A1,165,626.0,1.0,1993,1,165,False
0,HK,1.0,0,0,A2,7,25.0,1.0,1993,1,7,False
4,HK,1.0,0,0,A2,165,626.0,1.0,1993,1,165,False
0,HK,1.0,0,0,A3,7,25.0,1.0,1993,1,7,False
4,HK,1.0,0,0,A3,165,626.0,1.0,1993,1,165,False
0,HK,1.0,0,0,A3s,7,25.0,1.0,1993,1,7,False
4,HK,1.0,0,0,A3s,165,626.0,1.0,1993,1,165,False
0,HK,1.0,0,0,A4,7,25.0,1.0,1993,1,7,False
4,HK,1.0,0,0,A4,165,626.0,1.0,1993,1,165,False
0,HK,1.0,0,0,A5,7,25.0,1.0,1993,1,7,False
4,HK,1.0,0,0,A5,165,626.0,1.0,1993,1,165,False
0,HK,1.0,0,0,A6,7,25.0,1.0,1993,1,7,False
4,HK,1.0,0,0,A6,165,626.0,1.0,1993,1,165,False
0,HK,1.0,0,0,A7,7,25.0,1.0,1993,1,7,False
4,HK,1.0,0,0,A7,165,626.0,1.0,1993,1,165,False
0,HK,1.0,0,0,A8,7,25.0,1.0,1993,1,7,False
4,HK,1.0,0,0,A8,165,626.0,1.0,1993,1,165,False
0,HK,0.7368421052631579,0,5,P,7,25.0,1.0,1993,2,7,False
4,HK,1.0,0,0,P,165,626.0,1.0,1993,2,165,False
12,HK,0.935064935064935,5,0,P,41,167.0,0.8780487804878049,1993,2,36,False
8,HK,1.0,0,0,P,153,654.0,1.0,1993,2,153,False
0,HK,0.7368421052631579,0,5,A0,7,25.0,1.0,1993,2,7,False
4,HK,1.0,0,0,A0,165,626.0,1.0,1993,2,165,False
12,HK,0.935064935064935,5,0,A0,41,167.0,0.8780487804878049,1993,2,36,False
8,HK,1.0,0,0,A0,153,654.0,1.0,1993,2,153,False
0,HK,0.47619047619047616,2,9,A1,7,25.0,0.7142857142857143,1993,2,5,False
4,HK,0.9939024390243902,2,0,A1,165,626.0,0.9878787878787879,1993,2,163,False
12,HK,0.8533333333333334,9,2,A1,41,167.0,0.7804878048780488,1993,2,32,False
8,HK,0.9935064935064936,0,2,A1,153,654.0,1.0,1993,2,153,False
0,HK,0.7368421052631579,0,5,A2,7,25.0,1.0,1993,2,7,False
4,HK,1.0,0,0,A2,165,626.0,1.0,1993,2,165,False
12,HK,0.935064935064935,5,0,A2,41,167.0,0.8780487804878049,1993,2,36,False
8,HK,1.0,0,0,A2,153,654.0,1.0,1993,2,153,False
0,HK,0.6666666666666666,1,5,A3,7,25.0,0.8571428571428571,1993,2,6,False
4,HK,1.0,0,0,A3,165,626.0,1.0,1993,2,165,False
12,HK,0.9230769230769231,5,1,A3,41,167.0,0.8780487804878049,1993,2,36,False
8,HK,1.0,0,0,A3,153,654.0,1.0,1993,2,153,False
0,HK,0.6666666666666666,1,5,A3s,7,25.0,0.8571428571428571,1993,2,6,False
4,HK,1.0,0,0,A3s,165,626.0,1.0,1993,2,165,False
12,HK,0.9230769230769231,5,1,A3s,41,167.0,0.8780487804878049,1993,2,36,False
8,HK,1.0,0,0,A3s,153,654.0,1.0,1993,2,153,False
0,HK,0.7368421052631579,0,5,A4,7,25.0,1.0,1993,2,7,False
4,HK,1.0,0,0,A4,165,626.0,1.0,1993,2,165,False
12,HK,0.935064935064935,5,0,A4,41,167.0,0.8780487804878049,1993,2,36,False
8,HK,1.0,0,0,A4,153,654.0,1.0,1993,2,153,False
0,HK,0.7368421052631579,0,5,A5,7,25.0,1.0,1993,2,7,False
4,HK,1.0,0,0,A5,165,626.0,1.0,1993,2,165,False
12,HK,0.935064935064935,5,0,A5,41,167.0,0.8780487804878049,1993,2,36,False
8,HK,1.0,0,0,A5,153,654.0,1.0,1993,2,153,False
0,HK,0.7368421052631579,0,5,A6,7,25.0,1.0,1993,2,7,False
4,HK,1.0,0,0,A6,165,626.0,1.0,1993,2,165,False
12,HK,0.935064935064935,5,0,A6,41,167.0,0.8780487804878049,1993,2,36,False
8,HK,1.0,0,0,A6,153,654.0,1.0,1993,2,153,False
0,HK,0.631578947368421,1,6,A7,7,25.0,0.8571428571428571,1993,2,6,False
4,HK,0.9939024390243902,2,0,A7,165,626.0,0.9878787878787879,1993,2,163,False
12,HK,0.9090909090909091,6,1,A7,41,167.0,0.8536585365853658,1993,2,35,False
8,HK,0.9935064935064936,0,2,A7,153,654.0,1.0,1993,2,153,False
0,HK,0.7368421052631579,0,5,A8,7,25.0,1.0,1993,2,7,False
4,HK,1.0,0,0,A8,165,626.0,1.0,1993,2,165,False
12,HK,0.935064935064935,5,0,A8,41,167.0,0.8780487804878049,1993,2,36,False
8,HK,1.0,0,0,A8,153,654.0,1.0,1993,2,153,False
0,HK,0.45454545454545453,2,10,P,7,25.0,0.7142857142857143,1993,3,5,False
4,HK,1.0,0,0,P,165,626.0,1.0,1993,3,165,False
12,HK,0.7380952380952381,10,12,P,41,167.0,0.7560975609756098,1993,3,31,False
8,HK,1.0,0,0,P,153,654.0,1.0,1993,3,153,False
2,HK,1.0,0,0,P,182,736.0,1.0,1993,3,182,False
11,HK,0.7142857142857143,21,11,P,61,261.0,0.6557377049180327,1993,3,40,False
0,HK,0.45454545454545453,2,10,A0,7,25.0,0.7142857142857143,1993,3,5,False
4,HK,1.0,0,0,A0,165,626.0,1.0,1993,3,165,False
12,HK,0.7380952380952381,10,12,A0,41,167.0,0.7560975609756098,1993,3,31,False
8,HK,1.0,0,0,A0,153,654.0,1.0,1993,3,153,False
2,HK,1.0,0,0,A0,182,736.0,1.0,1993,3,182,False
11,HK,0.7142857142857143,21,11,A0,61,261.0,0.6557377049180327,1993,3,40,False
0,HK,0.2857142857142857,4,11,A1,7,25.0,0.42857142857142855,1993,3,3,False
4,HK,0.9939024390243902,2,0,A1,165,626.0,0.9878787878787879,1993,3,163,False
12,HK,0.7209302325581395,10,14,A1,41,167.0,0.7560975609756098,1993,3,31,False
8,HK,0.9935064935064936,0,2,A1,153,654.0,1.0,1993,3,153,False
2,HK,1.0,0,0,A1,182,736.0,1.0,1993,3,182,False
11,HK,0.7387387387387387,20,9,A1,61,261.0,0.6721311475409836,1993,3,41,False
0,HK,0.5,2,8,A2,7,25.0,0.7142857142857143,1993,3,5,False
4,HK,1.0,0,0,A2,165,626.0,1.0,1993,3,165,False
12,HK,0.7710843373493976,9,10,A2,41,167.0,0.7804878048780488,1993,3,32,False
8,HK,1.0,0,0,A2,153,654.0,1.0,1993,3,153,False
2,HK,1.0,0,0,A2,182,736.0,1.0,1993,3,182,False
11,HK,0.7652173913043478,17,10,A2,61,261.0,0.7213114754098361,1993,3,44,False
0,HK,0.5882352941176471,2,5,A3,7,25.0,0.7142857142857143,1993,3,5,False
4,HK,1.0,0,0,A3,165,626.0,1.0,1993,3,165,False
12,HK,0.7560975609756098,10,10,A3,41,167.0,0.7560975609756098,1993,3,31,False
8,HK,1.0,0,0,A3,153,654.0,1.0,1993,3,153,False
2,HK,1.0,0,0,A3,182,736.0,1.0,1993,3,182,False
11,HK,0.7899159663865546,14,11,A3,61,261.0,0.7704918032786885,1993,3,47,False
0,HK,0.5882352941176471,2,5,A3s,7,25.0,0.7142857142857143,1993,3,5,False
4,HK,1.0,0,0,A3s,165,626.0,1.0,1993,3,165,False
12,HK,0.7560975609756098,10,10,A3s,41,167.0,0.7560975609756098,1993,3,31,False
8,HK,1.0,0,0,A3s,153,654.0,1.0,1993,3,153,False
2,HK,1.0,0,0,A3s,182,736.0,1.0,1993,3,182,False
11,HK,0.7899159663865546,14,11,A3s,61,261.0,0.7704918032786885,1993,3,47,False
0,HK,0.5,2,8,A4,7,25.0,0.7142857142857143,1993,3,5,False
4,HK,1.0,0,0,A4,165,626.0,1.0,1993,3,165,False
12,HK,0.7710843373493976,9,10,A4,41,167.0,0.7804878048780488,1993,3,32,False
8,HK,1.0,0,0,A4,153,654.0,1.0,1993,3,153,False
2,HK,1.0,0,0,A4,182,736.0,1.0,1993,3,182,False
11,HK,0.7652173913043478,17,10,A4,61,261.0,0.7213114754098361,1993,3,44,False
0,HK,0.5,2,8,A5,7,25.0,0.7142857142857143,1993,3,5,False
4,HK,1.0,0,0,A5,165,626.0,1.0,1993,3,165,False
12,HK,0.7710843373493976,9,10,A5,41,167.0,0.7804878048780488,1993,3,32,False
8,HK,1.0,0,0,A5,153,654.0,1.0,1993,3,153,False
2,HK,1.0,0,0,A5,182,736.0,1.0,1993,3,182,False
11,HK,0.7652173913043478,17,10,A5,61,261.0,0.7213114754098361,1993,3,44,False
0,HK,0.5,2,8,A6,7,25.0,0.7142857142857143,1993,3,5,False
4,HK,1.0,0,0,A6,165,626.0,1.0,1993,3,165,False
12,HK,0.7710843373493976,9,10,A6,41,167.0,0.7804878048780488,1993,3,32,False
8,HK,1.0,0,0,A6,153,654.0,1.0,1993,3,153,False
2,HK,1.0,0,0,A6,182,736.0,1.0,1993,3,182,False
11,HK,0.7652173913043478,17,10,A6,61,261.0,0.7213114754098361,1993,3,44,False
0,HK,0.2608695652173913,4,13,A7,7,25.0,0.42857142857142855,1993,3,3,False
4,HK,0.9908256880733946,3,0,A7,165,626.0,0.9818181818181818,1993,3,162,False
12,HK,0.7160493827160493,12,11,A7,41,167.0,0.7073170731707317,1993,3,29,False
8,HK,0.9935064935064936,0,2,A7,153,654.0,1.0,1993,3,153,False
2,HK,0.9972602739726028,0,1,A7,182,736.0,1.0,1993,3,182,False
11,HK,0.7017543859649122,21,13,A7,61,261.0,0.6557377049180327,1993,3,40,False
0,HK,0.5,2,8,A8,7,25.0,0.7142857142857143,1993,3,5,False
4,HK,1.0,0,0,A8,165,626.0,1.0,1993,3,165,False
12,HK,0.7710843373493976,9,10,A8,41,167.0,0.7804878048780488,1993,3,32,False
8,HK,1.0,0,0,A8,153,654.0,1.0,1993,3,153,False
2,HK,1.0,0,0,A8,182,736.0,1.0,1993,3,182,False
11,HK,0.7652173913043478,17,10,A8,61,261.0,0.7213114754098361,1993,3,44,False
0,HK,0.45454545454545453,2,10,P,7,25.0,0.7142857142857143,1993,4,5,False
4,HK,0.8658536585365854,23,21,P,165,626.0,0.8606060606060606,1993,4,142,False
12,HK,0.7380952380952381,10,12,P,41,167.0,0.7560975609756098,1993,4,31,False
8,HK,0.9967213114754099,1,0,P,153,654.0,0.9934640522875817,1993,4,152,False
2,HK,1.0,0,0,P,182,736.0,1.0,1993,4,182,False
11,HK,0.7142857142857143,21,11,P,61,261.0,0.6557377049180327,1993,4,40,False
17,HK,0.6666666666666666,0,5,P,5,23.0,1.0,1993,4,5,False
3,HK,0.8525641025641025,24,22,P,157,644.0,0.8471337579617835,1993,4,133,False
0,HK,0.45454545454545453,2,10,A0,7,25.0,0.7142857142857143,1993,4,5,False
4,HK,0.8693009118541033,22,21,A0,165,626.0,0.8666666666666667,1993,4,143,False
12,HK,0.7380952380952381,10,12,A0,41,167.0,0.7560975609756098,1993,4,31,False
8,HK,0.993421052631579,2,0,A0,153,654.0,0.9869281045751634,1993,4,151,False
2,HK,1.0,0,0,A0,182,736.0,1.0,1993,4,182,False
11,HK,0.7142857142857143,21,11,A0,61,261.0,0.6557377049180327,1993,4,40,False
17,HK,0.625,0,6,A0,5,23.0,1.0,1993,4,5,False
3,HK,0.8553054662379421,24,21,A0,157,644.0,0.8471337579617835,1993,4,133,False
0,HK,0.3,4,10,A1,7,25.0,0.42857142857142855,1993,4,3,False
4,HK,0.8333333333333334,25,31,A1,165,626.0,0.8484848484848485,1993,4,140,False
12,HK,0.7209302325581395,10,14,A1,41,167.0,0.7560975609756098,1993,4,31,False
8,HK,0.9706840390879479,4,5,A1,153,654.0,0.9738562091503268,1993,4,149,False
2,HK,1.0,0,0,A1,182,736.0,1.0,1993,4,182,False
11,HK,0.7321428571428571,20,10,A1,61,261.0,0.6721311475409836,1993,4,41,False
17,HK,0.4,1,11,A1,5,23.0,0.8,1993,4,4,False
3,HK,0.8013468013468014,38,21,A1,157,644.0,0.7579617834394905,1993,4,119,False
0,HK,0.47619047619047616,2,9,A2,7,25.0,0.7142857142857143,1993,4,5,False
4,HK,0.8727272727272727,21,21,A2,165,626.0,0.8727272727272727,1993,4,144,False
12,HK,0.7560975609756098,10,10,A2,41,167.0,0.7560975609756098,1993,4,31,False
8,HK,0.993421052631579,2,0,A2,153,654.0,0.9869281045751634,1993,4,151,False
2,HK,1.0,0,0,A2,182,736.0,1.0,1993,4,182,False
11,HK,0.7478260869565218,18,11,A2,61,261.0,0.7049180327868853,1993,4,43,False
17,HK,0.5882352941176471,0,7,A2,5,23.0,1.0,1993,4,5,False
3,HK,0.8543689320388349,25,20,A2,157,644.0,0.8407643312101911,1993,4,132,False
0,HK,0.5555555555555556,2,6,A3,7,25.0,0.7142857142857143,1993,4,5,False
4,HK,0.8690476190476191,19,25,A3,165,626.0,0.8848484848484849,1993,4,146,False
12,HK,0.7560975609756098,10,10,A3,41,167.0,0.7560975609756098,1993,4,31,False
8,HK,0.9869281045751634,2,2,A3,153,654.0,0.9869281045751634,1993,4,151,False
2,HK,1.0,0,0,A3,182,736.0,1.0,1993,4,182,False
11,HK,0.7796610169491526,15,11,A3,61,261.0,0.7540983606557377,1993,4,46,False
17,HK,0.5882352941176471,0,7,A3,5,23.0,1.0,1993,4,5,False
3,HK,0.8504983388704319,29,16,A3,157,644.0,0.8152866242038217,1993,4,128,False
0,HK,0.5882352941176471,2,5,A3s,7,25.0,0.7142857142857143,1993,4,5,False
4,HK,0.8724035608308606,18,25,A3s,165,626.0,0.8909090909090909,1993,4,147,False
12,HK,0.7560975609756098,10,10,A3s,41,167.0,0.7560975609756098,1993,4,31,False
8,HK,0.9869281045751634,2,2,A3s,153,654.0,0.9869281045751634,1993,4,151,False
2,HK,1.0,0,0,A3s,182,736.0,1.0,1993,4,182,False
11,HK,0.7899159663865546,14,11,A3s,61,261.0,0.7704918032786885,1993,4,47,False
17,HK,0.5555555555555556,0,8,A3s,5,23.0,1.0,1993,4,5,False
3,HK,0.8494983277591973,30,15,A3s,157,644.0,0.8089171974522293,1993,4,127,False
0,HK,0.47619047619047616,2,9,A4,7,25.0,0.7142857142857143,1993,4,5,False
4,HK,0.8727272727272727,21,21,A4,165,626.0,0.8727272727272727,1993,4,144,False
12,HK,0.7710843373493976,9,10,A4,41,167.0,0.7804878048780488,1993,4,32,False
8,HK,0.993421052631579,2,0,A4,153,654.0,0.9869281045751634,1993,4,151,False
2,HK,1.0,0,0,A4,182,736.0,1.0,1993,4,182,False
11,HK,0.7543859649122807,18,10,A4,61,261.0,0.7049180327868853,1993,4,43,False
17,HK,0.5882352941176471,0,7,A4,5,23.0,1.0,1993,4,5,False
3,HK,0.8543689320388349,25,20,A4,157,644.0,0.8407643312101911,1993,4,132,False
0,HK,0.47619047619047616,2,9,A5,7,25.0,0.7142857142857143,1993,4,5,False
4,HK,0.8727272727272727,21,21,A5,165,626.0,0.8727272727272727,1993,4,144,False
12,HK,0.7560975609756098,10,10,A5,41,167.0,0.7560975609756098,1993,4,31,False
8,HK,0.993421052631579,2,0,A5,153,654.0,0.9869281045751634,1993,4,151,False
2,HK,1.0,0,0,A5,182,736.0,1.0,1993,4,182,False
11,HK,0.7478260869565218,18,11,A5,61,261.0,0.7049180327868853,1993,4,43,False
17,HK,0.5882352941176471,0,7,A5,5,23.0,1.0,1993,4,5,False
3,HK,0.8543689320388349,25,20,A5,157,644.0,0.8407643312101911,1993,4,132,False
0,HK,0.47619047619047616,2,9,A6,7,25.0,0.7142857142857143,1993,4,5,False
4,HK,0.8727272727272727,21,21,A6,165,626.0,0.8727272727272727,1993,4,144,False
12,HK,0.7560975609756098,10,10,A6,41,167.0,0.7560975609756098,1993,4,31,False
8,HK,0.993421052631579,2,0,A6,153,654.0,0.9869281045751634,1993,4,151,False
2,HK,1.0,0,0,A6,182,736.0,1.0,1993,4,182,False
11,HK,0.7478260869565218,18,11,A6,61,261.0,0.7049180327868853,1993,4,43,False
17,HK,0.5882352941176471,0,7,A6,5,23.0,1.0,1993,4,5,False
3,HK,0.8543689320388349,25,20,A6,157,644.0,0.8407643312101911,1993,4,132,False
0,HK,0.2608695652173913,4,13,A7,7,25.0,0.42857142857142855,1993,4,3,False
4,HK,0.7875,39,29,A7,165,626.0,0.7636363636363637,1993,4,126,False
12,HK,0.7160493827160493,12,11,A7,41,167.0,0.7073170731707317,1993,4,29,False
8,HK,0.9605263157894737,7,5,A7,153,654.0,0.954248366013072,1993,4,146,False
2,HK,0.9972602739726028,0,1,A7,182,736.0,1.0,1993,4,182,False
11,HK,0.7017543859649122,21,13,A7,61,261.0,0.6557377049180327,1993,4,40,False
17,HK,0.3,2,12,A7,5,23.0,0.6,1993,4,3,False
3,HK,0.7746031746031746,35,36,A7,157,644.0,0.7770700636942676,1993,4,122,False
0,HK,0.47619047619047616,2,9,A8,7,25.0,0.7142857142857143,1993,4,5,False
4,HK,0.8727272727272727,21,21,A8,165,626.0,0.8727272727272727,1993,4,144,False
12,HK,0.7560975609756098,10,10,A8,41,167.0,0.7560975609756098,1993,4,31,False
8,HK,0.993421052631579,2,0,A8,153,654.0,0.9869281045751634,1993,4,151,False
2,HK,1.0,0,0,A8,182,736.0,1.0,1993,4,182,False
11,HK,0.7478260869565218,18,11,A8,61,261.0,0.7049180327868853,1993,4,43,False
17,HK,0.5882352941176471,0,7,A8,5,23.0,1.0,1993,4,5,False
3,HK,0.8543689320388349,25,20,A8,157,644.0,0.8407643312101911,1993,4,132,False
0,HK,0.36363636363636365,3,11,P,7,25.0,0.5714285714285714,1993,5,4,False
4,HK,0.8693009118541033,22,21,P,165,626.0,0.8666666666666667,1993,5,143,False
12,HK,0.75,8,14,P,41,167.0,0.8048780487804879,1993,5,33,False
8,HK,0.9900990099009901,3,0,P,153,654.0,0.9803921568627451,1993,5,150,False
2,HK,1.0,0,0,P,182,736.0,1.0,1993,5,182,False
11,HK,0.6666666666666666,27,7,P,61,261.0,0.5573770491803278,1993,5,34,False
17,HK,0.5333333333333333,1,6,P,5,23.0,0.8,1993,5,4,False
3,HK,0.8626198083067093,22,21,P,157,644.0,0.8598726114649682,1993,5,135,False
21,HK,1.0,0,0,P,4,18.0,1.0,1993,5,4,False
16,HK,0.36363636363636365,4,10,P,8,34.0,0.5,1993,5,4,False
0,HK,0.36363636363636365,3,11,A0,7,25.0,0.5714285714285714,1993,5,4,False
4,HK,0.8606060606060606,23,23,A0,165,626.0,0.8606060606060606,1993,5,142,False
12,HK,0.75,8,14,A0,41,167.0,0.8048780487804879,1993,5,33,False
8,HK,0.9900990099009901,3,0,A0,153,654.0,0.9803921568627451,1993,5,150,False
2,HK,1.0,0,0,A0,182,736.0,1.0,1993,5,182,False
11,HK,0.6666666666666666,27,7,A0,61,261.0,0.5573770491803278,1993,5,34,False
17,HK,0.5333333333333333,1,6,A0,5,23.0,0.8,1993,5,4,False
3,HK,0.8525641025641025,24,22,A0,157,644.0,0.8471337579617835,1993,5,133,False
21,HK,1.0,0,0,A0,4,18.0,1.0,1993,5,4,False
16,HK,0.36363636363636365,4,10,A0,8,34.0,0.5,1993,5,4,False
0,HK,0.19047619047619047,5,12,A1,7,25.0,0.2857142857142857,1993,5,2,False
4,HK,0.8273809523809523,26,32,A1,165,626.0,0.8424242424242424,1993,5,139,False
12,HK,0.7142857142857143,11,13,A1,41,167.0,0.7317073170731707,1993,5,30,False
8,HK,0.974025974025974,3,5,A1,153,654.0,0.9803921568627451,1993,5,150,False
2,HK,1.0,0,0,A1,182,736.0,1.0,1993,5,182,False
11,HK,0.58,32,10,A1,61,261.0,0.47540983606557374,1993,5,29,False
17,HK,0.47058823529411764,1,8,A1,5,23.0,0.8,1993,5,4,False
3,HK,0.7959866220735786,38,23,A1,157,644.0,0.7579617834394905,1993,5,119,False
21,HK,1.0,0,0,A1,4,18.0,1.0,1993,5,4,False
16,HK,0.27586206896551724,4,17,A1,8,34.0,0.5,1993,5,4,False
0,HK,0.43478260869565216,2,11,A2,7,25.0,0.7142857142857143,1993,5,5,False
4,HK,0.8693009118541033,22,21,A2,165,626.0,0.8666666666666667,1993,5,143,False
12,HK,0.7710843373493976,9,10,A2,41,167.0,0.7804878048780488,1993,5,32,False
8,HK,0.9934640522875817,1,1,A2,153,654.0,0.9934640522875817,1993,5,152,False
2,HK,1.0,0,0,A2,182,736.0,1.0,1993,5,182,False
11,HK,0.6796116504854369,26,7,A2,61,261.0,0.5737704918032787,1993,5,35,False
17,HK,0.6666666666666666,0,5,A2,5,23.0,1.0,1993,5,5,False
3,HK,0.8580645161290322,24,20,A2,157,644.0,0.8471337579617835,1993,5,133,False
21,HK,1.0,0,0,A2,4,18.0,1.0,1993,5,4,False
16,HK,0.32,4,13,A2,8,34.0,0.5,1993,5,4,False
0,HK,0.47619047619047616,2,9,A3,7,25.0,0.7142857142857143,1993,5,5,False
4,HK,0.8716417910447761,19,24,A3,165,626.0,0.8848484848484849,1993,5,146,False
12,HK,0.8048780487804879,8,8,A3,41,167.0,0.8048780487804879,1993,5,33,False
8,HK,0.9869281045751634,2,2,A3,153,654.0,0.9869281045751634,1993,5,151,False
2,HK,1.0,0,0,A3,182,736.0,1.0,1993,5,182,False
11,HK,0.7102803738317757,23,8,A3,61,261.0,0.6229508196721312,1993,5,38,False
17,HK,0.5882352941176471,0,7,A3,5,23.0,1.0,1993,5,5,False
3,HK,0.8543046357615894,28,16,A3,157,644.0,0.821656050955414,1993,5,129,False
21,HK,1.0,0,0,A3,4,18.0,1.0,1993,5,4,False
16,HK,0.3333333333333333,4,12,A3,8,34.0,0.5,1993,5,4,False
0,HK,0.45454545454545453,2,10,A3s,7,25.0,0.7142857142857143,1993,5,5,False
4,HK,0.8716417910447761,19,24,A3s,165,626.0,0.8848484848484849,1993,5,146,False
12,HK,0.7901234567901234,9,8,A3s,41,167.0,0.7804878048780488,1993,5,32,False
8,HK,0.9869281045751634,2,2,A3s,153,654.0,0.9869281045751634,1993,5,151,False
2,HK,1.0,0,0,A3s,182,736.0,1.0,1993,5,182,False
11,HK,0.7169811320754716,23,7,A3s,61,261.0,0.6229508196721312,1993,5,38,False
17,HK,0.5882352941176471,0,7,A3s,5,23.0,1.0,1993,5,5,False
3,HK,0.8543046357615894,28,16,A3s,157,644.0,0.821656050955414,1993,5,129,False
21,HK,1.0,0,0,A3s,4,18.0,1.0,1993,5,4,False
16,HK,0.32,4,13,A3s,8,34.0,0.5,1993,5,4,False
0,HK,0.43478260869565216,2,11,A4,7,25.0,0.7142857142857143,1993,5,5,False
4,HK,0.8693009118541033,22,21,A4,165,626.0,0.8666666666666667,1993,5,143,False
12,HK,0.7710843373493976,9,10,A4,41,167.0,0.7804878048780488,1993,5,32,False
8,HK,0.9934640522875817,1,1,A4,153,654.0,0.9934640522875817,1993,5,152,False
2,HK,1.0,0,0,A4,182,736.0,1.0,1993,5,182,False
11,HK,0.6796116504854369,26,7,A4,61,261.0,0.5737704918032787,1993,5,35,False
17,HK,0.6666666666666666,0,5,A4,5,23.0,1.0,1993,5,5,False
3,HK,0.8580645161290322,24,20,A4,157,644.0,0.8471337579617835,1993,5,133,False
21,HK,1.0,0,0,A4,4,18.0,1.0,1993,5,4,False
16,HK,0.32,4,13,A4,8,34.0,0.5,1993,5,4,False
0,HK,0.43478260869565216,2,11,A5,7,25.0,0.7142857142857143,1993,5,5,False
4,HK,0.8693009118541033,22,21,A5,165,626.0,0.8666666666666667,1993,5,143,False
12,HK,0.7804878048780488,9,9,A5,41,167.0,0.7804878048780488,1993,5,32,False
8,HK,0.9901639344262295,2,1,A5,153,654.0,0.9869281045751634,1993,5,151,False
2,HK,1.0,0,0,A5,182,736.0,1.0,1993,5,182,False
11,HK,0.6923076923076923,25,7,A5,61,261.0,0.5901639344262295,1993,5,36,False
17,HK,0.625,0,6,A5,5,23.0,1.0,1993,5,5,False
3,HK,0.8580645161290322,24,20,A5,157,644.0,0.8471337579617835,1993,5,133,False
21,HK,1.0,0,0,A5,4,18.0,1.0,1993,5,4,False
16,HK,0.32,4,13,A5,8,34.0,0.5,1993,5,4,False
0,HK,0.43478260869565216,2,11,A6,7,25.0,0.7142857142857143,1993,5,5,False
4,HK,0.8693009118541033,22,21,A6,165,626.0,0.8666666666666667,1993,5,143,False
12,HK,0.7710843373493976,9,10,A6,41,167.0,0.7804878048780488,1993,5,32,False
8,HK,0.9934640522875817,1,1,A6,153,654.0,0.9934640522875817,1993,5,152,False
2,HK,1.0,0,0,A6,182,736.0,1.0,1993,5,182,False
11,HK,0.6796116504854369,26,7,A6,61,261.0,0.5737704918032787,1993,5,35,False
17,HK,0.6666666666666666,0,5,A6,5,23.0,1.0,1993,5,5,False
3,HK,0.8580645161290322,24,20,A6,157,644.0,0.8471337579617835,1993,5,133,False
21,HK,1.0,0,0,A6,4,18.0,1.0,1993,5,4,False
16,HK,0.32,4,13,A6,8,34.0,0.5,1993,5,4,False
0,HK,0.2857142857142857,4,11,A7,7,25.0,0.42857142857142855,1993,5,3,False
4,HK,0.7875,39,29,A7,165,626.0,0.7636363636363637,1993,5,126,False
12,HK,0.7160493827160493,12,11,A7,41,167.0,0.7073170731707317,1993,5,29,False
8,HK,0.9605263157894737,7,5,A7,153,654.0,0.954248366013072,1993,5,146,False
2,HK,0.9972602739726028,0,1,A7,182,736.0,1.0,1993,5,182,False
11,HK,0.6542056074766355,26,11,A7,61,261.0,0.5737704918032787,1993,5,35,False
17,HK,0.2857142857142857,2,13,A7,5,23.0,0.6,1993,5,3,False
3,HK,0.7746031746031746,35,36,A7,157,644.0,0.7770700636942676,1993,5,122,False
21,HK,0.8571428571428571,1,0,A7,4,18.0,0.75,1993,5,3,False
16,HK,0.24,5,14,A7,8,34.0,0.375,1993,5,3,False
0,HK,0.43478260869565216,2,11,A8,7,25.0,0.7142857142857143,1993,5,5,False
4,HK,0.8693009118541033,22,21,A8,165,626.0,0.8666666666666667,1993,5,143,False
12,HK,0.7710843373493976,9,10,A8,41,167.0,0.7804878048780488,1993,5,32,False
8,HK,0.9934640522875817,1,1,A8,153,654.0,0.9934640522875817,1993,5,152,False
2,HK,1.0,0,0,A8,182,736.0,1.0,1993,5,182,False
11,HK,0.6796116504854369,26,7,A8,61,261.0,0.5737704918032787,1993,5,35,False
17,HK,0.6666666666666666,0,5,A8,5,23.0,1.0,1993,5,5,False
3,HK,0.8580645161290322,24,20,A8,157,644.0,0.8471337579617835,1993,5,133,False
21,HK,1.0,0,0,A8,4,18.0,1.0,1993,5,4,False
16,HK,0.32,4,13,A8,8,34.0,0.5,1993,5,4,False
0,HK,0.43478260869565216,2,11,P,7,25.0,0.7142857142857143,1993,6,5,False
4,HK,0.8685015290519877,23,20,P,165,626.0,0.8606060606060606,1993,6,142,False
12,HK,0.7865168539325843,6,13,P,41,167.0,0.8536585365853658,1993,6,35,False
8,HK,0.9900990099009901,3,0,P,153,654.0,0.9803921568627451,1993,6,150,False
2,HK,1.0,0,0,P,182,736.0,1.0,1993,6,182,False
11,HK,0.6796116504854369,26,7,P,61,261.0,0.5737704918032787,1993,6,35,False
17,HK,0.47058823529411764,1,8,P,5,23.0,0.8,1993,6,4,False
3,HK,0.8634920634920635,21,22,P,157,644.0,0.8662420382165605,1993,6,136,False
21,HK,0.18181818181818182,3,6,P,4,18.0,0.25,1993,6,1,False
16,HK,0.36363636363636365,4,10,P,8,34.0,0.5,1993,6,4,False
22,HK,0.7619047619047619,5,5,P,21,85.0,0.7619047619047619,1993,6,16,False
13,HK,0.9743589743589743,8,0,P,160,662.0,0.95,1993,6,152,False
0,HK,0.43478260869565216,2,11,A0,7,25.0,0.7142857142857143,1993,6,5,False
4,HK,0.8623853211009175,24,21,A0,165,626.0,0.8545454545454545,1993,6,141,False
12,HK,0.7865168539325843,6,13,A0,41,167.0,0.8536585365853658,1993,6,35,False
8,HK,0.9868421052631579,3,1,A0,153,654.0,0.9803921568627451,1993,6,150,False
2,HK,1.0,0,0,A0,182,736.0,1.0,1993,6,182,False
11,HK,0.6796116504854369,26,7,A0,61,261.0,0.5737704918032787,1993,6,35,False
17,HK,0.47058823529411764,1,8,A0,5,23.0,0.8,1993,6,4,False
3,HK,0.8598726114649682,22,22,A0,157,644.0,0.8598726114649682,1993,6,135,False
21,HK,0.18181818181818182,3,6,A0,4,18.0,0.25,1993,6,1,False
16,HK,0.36363636363636365,4,10,A0,8,34.0,0.5,1993,6,4,False
22,HK,0.7619047619047619,5,5,A0,21,85.0,0.7619047619047619,1993,6,16,False
13,HK,0.9743589743589743,8,0,A0,160,662.0,0.95,1993,6,152,False
0,HK,0.19047619047619047,5,12,A1,7,25.0,0.2857142857142857,1993,6,2,False
4,HK,0.8362573099415205,22,34,A1,165,626.0,0.8666666666666667,1993,6,143,False
12,HK,0.7142857142857143,11,13,A1,41,167.0,0.7317073170731707,1993,6,30,False
8,HK,0.9675324675324676,4,6,A1,153,654.0,0.9738562091503268,1993,6,149,False
2,HK,1.0,0,0,A1,182,736.0,1.0,1993,6,182,False
11,HK,0.6,31,9,A1,61,261.0,0.4918032786885246,1993,6,30,False
17,HK,0.4,1,11,A1,5,23.0,0.8,1993,6,4,False
3,HK,0.7918088737201365,41,20,A1,157,644.0,0.7388535031847133,1993,6,116,False
21,HK,0.2222222222222222,3,4,A1,4,18.0,0.25,1993,6,1,False
16,HK,0.27586206896551724,4,17,A1,8,34.0,0.5,1993,6,4,False
22,HK,0.7727272727272727,4,6,A1,21,85.0,0.8095238095238095,1993,6,17,False
13,HK,0.9681528662420382,8,2,A1,160,662.0,0.95,1993,6,152,False
0,HK,0.45454545454545453,2,10,A2,7,25.0,0.7142857142857143,1993,6,5,False
4,HK,0.8674698795180723,21,23,A2,165,626.0,0.8727272727272727,1993,6,144,False
12,HK,0.7469879518072289,10,11,A2,41,167.0,0.7560975609756098,1993,6,31,False
8,HK,0.9901639344262295,2,1,A2,153,654.0,0.9869281045751634,1993,6,151,False
2,HK,1.0,0,0,A2,182,736.0,1.0,1993,6,182,False
11,HK,0.6796116504854369,26,7,A2,61,261.0,0.5737704918032787,1993,6,35,False
17,HK,0.6666666666666666,0,5,A2,5,23.0,1.0,1993,6,5,False
3,HK,0.8571428571428571,25,19,A2,157,644.0,0.8407643312101911,1993,6,132,False
21,HK,0.2,3,5,A2,4,18.0,0.25,1993,6,1,False
16,HK,0.2962962962962963,4,15,A2,8,34.0,0.5,1993,6,4,False
22,HK,0.7906976744186046,4,5,A2,21,85.0,0.8095238095238095,1993,6,17,False
13,HK,0.9873417721518988,4,0,A2,160,662.0,0.975,1993,6,156,False
0,HK,0.5,2,8,A3,7,25.0,0.7142857142857143,1993,6,5,False
4,HK,0.8816568047337278,16,24,A3,165,626.0,0.9030303030303031,1993,6,149,False
12,HK,0.7654320987654321,10,9,A3,41,167.0,0.7560975609756098,1993,6,31,False
8,HK,0.9869281045751634,2,2,A3,153,654.0,0.9869281045751634,1993,6,151,False
2,HK,1.0,0,0,A3,182,736.0,1.0,1993,6,182,False
11,HK,0.6972477064220184,23,10,A3,61,261.0,0.6229508196721312,1993,6,38,False
17,HK,0.5882352941176471,0,7,A3,5,23.0,1.0,1993,6,5,False
3,HK,0.8666666666666667,27,13,A3,157,644.0,0.8280254777070064,1993,6,130,False
21,HK,0.2,3,5,A3,4,18.0,0.25,1993,6,1,False
16,HK,0.3076923076923077,4,14,A3,8,34.0,0.5,1993,6,4,False
22,HK,0.7906976744186046,4,5,A3,21,85.0,0.8095238095238095,1993,6,17,False
13,HK,0.9808917197452229,6,0,A3,160,662.0,0.9625,1993,6,154,False
0,HK,0.5,2,8,A3s,7,25.0,0.7142857142857143,1993,6,5,False
4,HK,0.8716417910447761,19,24,A3s,165,626.0,0.8848484848484849,1993,6,146,False
12,HK,0.7560975609756098,10,10,A3s,41,167.0,0.7560975609756098,1993,6,31,False
8,HK,0.9869281045751634,2,2,A3s,153,654.0,0.9869281045751634,1993,6,151,False
2,HK,1.0,0,0,A3s,182,736.0,1.0,1993,6,182,False
11,HK,0.6851851851851852,24,10,A3s,61,261.0,0.6065573770491803,1993,6,37,False
17,HK,0.5882352941176471,0,7,A3s,5,23.0,1.0,1993,6,5,False
3,HK,0.858085808580858,27,16,A3s,157,644.0,0.8280254777070064,1993,6,130,False
21,HK,0.2,3,5,A3s,4,18.0,0.25,1993,6,1,False
16,HK,0.3076923076923077,4,14,A3s,8,34.0,0.5,1993,6,4,False
22,HK,0.7906976744186046,4,5,A3s,21,85.0,0.8095238095238095,1993,6,17,False
13,HK,0.9808917197452229,6,0,A3s,160,662.0,0.9625,1993,6,154,False
0,HK,0.45454545454545453,2,10,A4,7,25.0,0.7142857142857143,1993,6,5,False
4,HK,0.8674698795180723,21,23,A4,165,626.0,0.8727272727272727,1993,6,144,False
12,HK,0.7469879518072289,10,11,A4,41,167.0,0.7560975609756098,1993,6,31,False
8,HK,0.9901639344262295,2,1,A4,153,654.0,0.9869281045751634,1993,6,151,False
2,HK,1.0,0,0,A4,182,736.0,1.0,1993,6,182,False
11,HK,0.6796116504854369,26,7,A4,61,261.0,0.5737704918032787,1993,6,35,False
17,HK,0.6666666666666666,0,5,A4,5,23.0,1.0,1993,6,5,False
3,HK,0.8571428571428571,25,19,A4,157,644.0,0.8407643312101911,1993,6,132,False
21,HK,0.2,3,5,A4,4,18.0,0.25,1993,6,1,False
16,HK,0.2962962962962963,4,15,A4,8,34.0,0.5,1993,6,4,False
22,HK,0.7906976744186046,4,5,A4,21,85.0,0.8095238095238095,1993,6,17,False
13,HK,0.9873417721518988,4,0,A4,160,662.0,0.975,1993,6,156,False
0,HK,0.45454545454545453,2,10,A5,7,25.0,0.7142857142857143,1993,6,5,False
4,HK,0.8674698795180723,21,23,A5,165,626.0,0.8727272727272727,1993,6,144,False
12,HK,0.7619047619047619,9,11,A5,41,167.0,0.7804878048780488,1993,6,32,False
8,HK,0.9901639344262295,2,1,A5,153,654.0,0.9869281045751634,1993,6,151,False
2,HK,1.0,0,0,A5,182,736.0,1.0,1993,6,182,False
11,HK,0.6796116504854369,26,7,A5,61,261.0,0.5737704918032787,1993,6,35,False
17,HK,0.6666666666666666,0,5,A5,5,23.0,1.0,1993,6,5,False
3,HK,0.8571428571428571,25,19,A5,157,644.0,0.8407643312101911,1993,6,132,False
21,HK,0.2,3,5,A5,4,18.0,0.25,1993,6,1,False
16,HK,0.3076923076923077,4,14,A5,8,34.0,0.5,1993,6,4,False
22,HK,0.7906976744186046,4,5,A5,21,85.0,0.8095238095238095,1993,6,17,False
13,HK,0.9873417721518988,4,0,A5,160,662.0,0.975,1993,6,156,False
0,HK,0.45454545454545453,2,10,A6,7,25.0,0.7142857142857143,1993,6,5,False
4,HK,0.8674698795180723,21,23,A6,165,626.0,0.8727272727272727,1993,6,144,False
12,HK,0.7469879518072289,10,11,A6,41,167.0,0.7560975609756098,1993,6,31,False
8,HK,0.9901639344262295,2,1,A6,153,654.0,0.9869281045751634,1993,6,151,False
2,HK,1.0,0,0,A6,182,736.0,1.0,1993,6,182,False
11,HK,0.6796116504854369,26,7,A6,61,261.0,0.5737704918032787,1993,6,35,False
17,HK,0.6666666666666666,0,5,A6,5,23.0,1.0,1993,6,5,False
3,HK,0.8571428571428571,25,19,A6,157,644.0,0.8407643312101911,1993,6,132,False
21,HK,0.2,3,5,A6,4,18.0,0.25,1993,6,1,False
16,HK,0.2962962962962963,4,15,A6,8,34.0,0.5,1993,6,4,False
22,HK,0.7906976744186046,4,5,A6,21,85.0,0.8095238095238095,1993,6,17,False
13,HK,0.9873417721518988,4,0,A6,160,662.0,0.975,1993,6,156,False
0,HK,0.2857142857142857,4,11,A7,7,25.0,0.42857142857142855,1993,6,3,False
4,HK,0.7875,39,29,A7,165,626.0,0.7636363636363637,1993,6,126,False
12,HK,0.7160493827160493,12,11,A7,41,167.0,0.7073170731707317,1993,6,29,False
8,HK,0.9605263157894737,7,5,A7,153,654.0,0.954248366013072,1993,6,146,False
2,HK,0.9972602739726028,0,1,A7,182,736.0,1.0,1993,6,182,False
11,HK,0.6194690265486725,26,17,A7,61,261.0,0.5737704918032787,1993,6,35,False
17,HK,0.2222222222222222,2,19,A7,5,23.0,0.6,1993,6,3,False
3,HK,0.7667731629392971,37,36,A7,157,644.0,0.7643312101910829,1993,6,120,False
21,HK,0.16666666666666666,3,7,A7,4,18.0,0.25,1993,6,1,False
16,HK,0.24,5,14,A7,8,34.0,0.375,1993,6,3,False
22,HK,0.75,6,4,A7,21,85.0,0.7142857142857143,1993,6,15,False
13,HK,0.9315960912052117,17,4,A7,160,662.0,0.89375,1993,6,143,False
0,HK,0.45454545454545453,2,10,A8,7,25.0,0.7142857142857143,1993,6,5,False
4,HK,0.8666666666666667,22,22,A8,165,626.0,0.8666666666666667,1993,6,143,False
12,HK,0.7469879518072289,10,11,A8,41,167.0,0.7560975609756098,1993,6,31,False
8,HK,0.9869281045751634,2,2,A8,153,654.0,0.9869281045751634,1993,6,151,False
2,HK,1.0,0,0,A8,182,736.0,1.0,1993,6,182,False
11,HK,0.6796116504854369,26,7,A8,61,261.0,0.5737704918032787,1993,6,35,False
17,HK,0.6666666666666666,0,5,A8,5,23.0,1.0,1993,6,5,False
3,HK,0.86084142394822,24,19,A8,157,644.0,0.8471337579617835,1993,6,133,False
21,HK,0.2,3,5,A8,4,18.0,0.25,1993,6,1,False
16,HK,0.2962962962962963,4,15,A8,8,34.0,0.5,1993,6,4,False
22,HK,0.7906976744186046,4,5,A8,21,85.0,0.8095238095238095,1993,6,17,False
13,HK,0.9873417721518988,4,0,A8,160,662.0,0.975,1993,6,156,False
0,HK,0.43478260869565216,2,11,P,7,25.0,0.7142857142857143,1993,7,5,False
4,HK,0.8674698795180723,21,23,P,165,626.0,0.8727272727272727,1993,7,144,False
12,HK,0.7865168539325843,6,13,P,41,167.0,0.8536585365853658,1993,7,35,False
8,HK,0.9869281045751634,2,2,P,153,654.0,0.9869281045751634,1993,7,151,False
2,HK,0.9972602739726028,0,1,P,182,736.0,1.0,1993,7,182,False
11,HK,0.6862745098039216,26,6,P,61,261.0,0.5737704918032787,1993,7,35,False
17,HK,0.3333333333333333,2,10,P,5,23.0,0.6,1993,7,3,False
3,HK,0.8553054662379421,24,21,P,157,644.0,0.8471337579617835,1993,7,133,False
21,HK,0.125,3,11,P,4,18.0,0.25,1993,7,1,False
16,HK,0.34782608695652173,4,11,P,8,34.0,0.5,1993,7,4,False
22,HK,0.7441860465116279,5,6,P,21,85.0,0.7619047619047619,1993,7,16,False
13,HK,0.9776357827476039,7,0,P,160,662.0,0.95625,1993,7,153,False
18,HK,0.6538461538461539,16,2,P,33,127.0,0.5151515151515151,1993,7,17,False
14,HK,0.9752066115702479,1,2,P,60,252.0,0.9833333333333333,1993,7,59,False
0,HK,0.43478260869565216,2,11,A0,7,25.0,0.7142857142857143,1993,7,5,False
4,HK,0.8666666666666667,22,22,A0,165,626.0,0.8666666666666667,1993,7,143,False
12,HK,0.7865168539325843,6,13,A0,41,167.0,0.8536585365853658,1993,7,35,False
8,HK,0.9869281045751634,2,2,A0,153,654.0,0.9869281045751634,1993,7,151,False
2,HK,0.9972602739726028,0,1,A0,182,736.0,1.0,1993,7,182,False
11,HK,0.6862745098039216,26,6,A0,61,261.0,0.5737704918032787,1993,7,35,False
17,HK,0.3333333333333333,2,10,A0,5,23.0,0.6,1993,7,3,False
3,HK,0.8562300319488818,23,22,A0,157,644.0,0.8535031847133758,1993,7,134,False
21,HK,0.125,3,11,A0,4,18.0,0.25,1993,7,1,False
16,HK,0.34782608695652173,4,11,A0,8,34.0,0.5,1993,7,4,False
22,HK,0.7441860465116279,5,6,A0,21,85.0,0.7619047619047619,1993,7,16,False
13,HK,0.9776357827476039,7,0,A0,160,662.0,0.95625,1993,7,153,False
18,HK,0.6538461538461539,16,2,A0,33,127.0,0.5151515151515151,1993,7,17,False
14,HK,0.9752066115702479,1,2,A0,60,252.0,0.9833333333333333,1993,7,59,False
0,HK,0.18181818181818182,5,13,A1,7,25.0,0.2857142857142857,1993,7,2,False
4,HK,0.8298507462686567,26,31,A1,165,626.0,0.8424242424242424,1993,7,139,False
12,HK,0.7294117647058823,10,13,A1,41,167.0,0.7560975609756098,1993,7,31,False
8,HK,0.9644012944983819,4,7,A1,153,654.0,0.9738562091503268,1993,7,149,False
2,HK,1.0,0,0,A1,182,736.0,1.0,1993,7,182,False
11,HK,0.5979381443298969,32,7,A1,61,261.0,0.47540983606557374,1993,7,29,False
17,HK,0.32,1,16,A1,5,23.0,0.8,1993,7,4,False
3,HK,0.8013245033112583,36,24,A1,157,644.0,0.7707006369426752,1993,7,121,False
21,HK,0.26666666666666666,2,9,A1,4,18.0,0.5,1993,7,2,False
16,HK,0.27586206896551724,4,17,A1,8,34.0,0.5,1993,7,4,False
22,HK,0.75,3,9,A1,21,85.0,0.8571428571428571,1993,7,18,False
13,HK,0.9746835443037974,6,2,A1,160,662.0,0.9625,1993,7,154,False
18,HK,0.5217391304347826,21,1,A1,33,127.0,0.36363636363636365,1993,7,12,False
14,HK,0.9421487603305785,3,4,A1,60,252.0,0.95,1993,7,57,False
0,HK,0.45454545454545453,2,10,A2,7,25.0,0.7142857142857143,1993,7,5,False
4,HK,0.8674698795180723,21,23,A2,165,626.0,0.8727272727272727,1993,7,144,False
12,HK,0.7619047619047619,9,11,A2,41,167.0,0.7804878048780488,1993,7,32,False
8,HK,0.987012987012987,1,3,A2,153,654.0,0.9934640522875817,1993,7,152,False
2,HK,1.0,0,0,A2,182,736.0,1.0,1993,7,182,False
11,HK,0.6796116504854369,26,7,A2,61,261.0,0.5737704918032787,1993,7,35,False
17,HK,0.5333333333333333,1,6,A2,5,23.0,0.8,1993,7,4,False
3,HK,0.8580645161290322,24,20,A2,157,644.0,0.8471337579617835,1993,7,133,False
21,HK,0.15384615384615385,3,8,A2,4,18.0,0.25,1993,7,1,False
16,HK,0.3076923076923077,4,14,A2,8,34.0,0.5,1993,7,4,False
22,HK,0.6938775510204082,4,11,A2,21,85.0,0.8095238095238095,1993,7,17,False
13,HK,0.9873417721518988,4,0,A2,160,662.0,0.975,1993,7,156,False
18,HK,0.6666666666666666,16,1,A2,33,127.0,0.5151515151515151,1993,7,17,False
14,HK,0.9752066115702479,1,2,A2,60,252.0,0.9833333333333333,1993,7,59,False
0,HK,0.5263157894736842,2,7,A3,7,25.0,0.7142857142857143,1993,7,5,False
4,HK,0.873900293255132,16,27,A3,165,626.0,0.9030303030303031,1993,7,149,False
12,HK,0.7710843373493976,9,10,A3,41,167.0,0.7804878048780488,1993,7,32,False
8,HK,0.9806451612903225,1,5,A3,153,654.0,0.9934640522875817,1993,7,152,False
2,HK,0.9972602739726028,0,1,A3,182,736.0,1.0,1993,7,182,False
11,HK,0.7037037037037037,23,9,A3,61,261.0,0.6229508196721312,1993,7,38,False
17,HK,0.47058823529411764,1,8,A3,5,23.0,0.8,1993,7,4,False
3,HK,0.8445945945945946,32,14,A3,157,644.0,0.7961783439490446,1993,7,125,False
21,HK,0.15384615384615385,3,8,A3,4,18.0,0.25,1993,7,1,False
16,HK,0.3076923076923077,4,14,A3,8,34.0,0.5,1993,7,4,False
22,HK,0.7083333333333334,4,10,A3,21,85.0,0.8095238095238095,1993,7,17,False
13,HK,0.9808917197452229,6,0,A3,160,662.0,0.9625,1993,7,154,False
18,HK,0.6274509803921569,17,2,A3,33,127.0,0.48484848484848486,1993,7,16,False
14,HK,0.959349593495935,1,4,A3,60,252.0,0.9833333333333333,1993,7,59,False
0,HK,0.5,2,8,A3s,7,25.0,0.7142857142857143,1993,7,5,False
4,HK,0.8724035608308606,18,25,A3s,165,626.0,0.8909090909090909,1993,7,147,False
12,HK,0.7710843373493976,9,10,A3s,41,167.0,0.7804878048780488,1993,7,32,False
8,HK,0.9838187702265372,1,4,A3s,153,654.0,0.9934640522875817,1993,7,152,False
2,HK,0.9972602739726028,0,1,A3s,182,736.0,1.0,1993,7,182,False
11,HK,0.6915887850467289,24,9,A3s,61,261.0,0.6065573770491803,1993,7,37,False
17,HK,0.47058823529411764,1,8,A3s,5,23.0,0.8,1993,7,4,False
3,HK,0.8543046357615894,28,16,A3s,157,644.0,0.821656050955414,1993,7,129,False
21,HK,0.15384615384615385,3,8,A3s,4,18.0,0.25,1993,7,1,False
16,HK,0.3076923076923077,4,14,A3s,8,34.0,0.5,1993,7,4,False
22,HK,0.7083333333333334,4,10,A3s,21,85.0,0.8095238095238095,1993,7,17,False
13,HK,0.9808917197452229,6,0,A3s,160,662.0,0.9625,1993,7,154,False
18,HK,0.6274509803921569,17,2,A3s,33,127.0,0.48484848484848486,1993,7,16,False
14,HK,0.9672131147540983,1,3,A3s,60,252.0,0.9833333333333333,1993,7,59,False
0,HK,0.45454545454545453,2,10,A4,7,25.0,0.7142857142857143,1993,7,5,False
4,HK,0.8674698795180723,21,23,A4,165,626.0,0.8727272727272727,1993,7,144,False
12,HK,0.7619047619047619,9,11,A4,41,167.0,0.7804878048780488,1993,7,32,False
8,HK,0.987012987012987,1,3,A4,153,654.0,0.9934640522875817,1993,7,152,False
2,HK,1.0,0,0,A4,182,736.0,1.0,1993,7,182,False
11,HK,0.6796116504854369,26,7,A4,61,261.0,0.5737704918032787,1993,7,35,False
17,HK,0.5333333333333333,1,6,A4,5,23.0,0.8,1993,7,4,False
3,HK,0.8580645161290322,24,20,A4,157,644.0,0.8471337579617835,1993,7,133,False
21,HK,0.15384615384615385,3,8,A4,4,18.0,0.25,1993,7,1,False
16,HK,0.3076923076923077,4,14,A4,8,34.0,0.5,1993,7,4,False
22,HK,0.6938775510204082,4,11,A4,21,85.0,0.8095238095238095,1993,7,17,False
13,HK,0.9873417721518988,4,0,A4,160,662.0,0.975,1993,7,156,False
18,HK,0.6666666666666666,16,1,A4,33,127.0,0.5151515151515151,1993,7,17,False
14,HK,0.9752066115702479,1,2,A4,60,252.0,0.9833333333333333,1993,7,59,False
0,HK,0.45454545454545453,2,10,A5,7,25.0,0.7142857142857143,1993,7,5,False
4,HK,0.8674698795180723,21,23,A5,165,626.0,0.8727272727272727,1993,7,144,False
12,HK,0.7619047619047619,9,11,A5,41,167.0,0.7804878048780488,1993,7,32,False
8,HK,0.987012987012987,1,3,A5,153,654.0,0.9934640522875817,1993,7,152,False
2,HK,1.0,0,0,A5,182,736.0,1.0,1993,7,182,False
11,HK,0.6796116504854369,26,7,A5,61,261.0,0.5737704918032787,1993,7,35,False
17,HK,0.5333333333333333,1,6,A5,5,23.0,0.8,1993,7,4,False
3,HK,0.8580645161290322,24,20,A5,157,644.0,0.8471337579617835,1993,7,133,False
21,HK,0.14285714285714285,3,9,A5,4,18.0,0.25,1993,7,1,False
16,HK,0.3076923076923077,4,14,A5,8,34.0,0.5,1993,7,4,False
22,HK,0.7083333333333334,4,10,A5,21,85.0,0.8095238095238095,1993,7,17,False
13,HK,0.9873417721518988,4,0,A5,160,662.0,0.975,1993,7,156,False
18,HK,0.6666666666666666,16,1,A5,33,127.0,0.5151515151515151,1993,7,17,False
14,HK,0.9752066115702479,1,2,A5,60,252.0,0.9833333333333333,1993,7,59,False
0,HK,0.45454545454545453,2,10,A6,7,25.0,0.7142857142857143,1993,7,5,False
4,HK,0.8674698795180723,21,23,A6,165,626.0,0.8727272727272727,1993,7,144,False
12,HK,0.7619047619047619,9,11,A6,41,167.0,0.7804878048780488,1993,7,32,False
8,HK,0.987012987012987,1,3,A6,153,654.0,0.9934640522875817,1993,7,152,False
2,HK,1.0,0,0,A6,182,736.0,1.0,1993,7,182,False
11,HK,0.6796116504854369,26,7,A6,61,261.0,0.5737704918032787,1993,7,35,False
17,HK,0.5333333333333333,1,6,A6,5,23.0,0.8,1993,7,4,False
3,HK,0.8580645161290322,24,20,A6,157,644.0,0.8471337579617835,1993,7,133,False
21,HK,0.15384615384615385,3,8,A6,4,18.0,0.25,1993,7,1,False
16,HK,0.3076923076923077,4,14,A6,8,34.0,0.5,1993,7,4,False
22,HK,0.6938775510204082,4,11,A6,21,85.0,0.8095238095238095,1993,7,17,False
13,HK,0.9873417721518988,4,0,A6,160,662.0,0.975,1993,7,156,False
18,HK,0.6666666666666666,16,1,A6,33,127.0,0.5151515151515151,1993,7,17,False
14,HK,0.9752066115702479,1,2,A6,60,252.0,0.9833333333333333,1993,7,59,False
0,HK,0.2857142857142857,4,11,A7,7,25.0,0.42857142857142855,1993,7,3,False
4,HK,0.7875,39,29,A7,165,626.0,0.7636363636363637,1993,7,126,False
12,HK,0.7160493827160493,12,11,A7,41,167.0,0.7073170731707317,1993,7,29,False
8,HK,0.9415584415584416,8,10,A7,153,654.0,0.9477124183006536,1993,7,145,False
2,HK,0.994535519125683,0,2,A7,182,736.0,1.0,1993,7,182,False
11,HK,0.6194690265486725,26,17,A7,61,261.0,0.5737704918032787,1993,7,35,False
17,HK,0.1935483870967742,2,23,A7,5,23.0,0.6,1993,7,3,False
3,HK,0.7667731629392971,37,36,A7,157,644.0,0.7643312101910829,1993,7,120,False
21,HK,0.0,4,12,A7,4,18.0,0.0,1993,7,0,True
16,HK,0.24,5,14,A7,8,34.0,0.375,1993,7,3,False
22,HK,0.6363636363636364,7,9,A7,21,85.0,0.6666666666666666,1993,7,14,False
13,HK,0.9250814332247557,18,5,A7,160,662.0,0.8875,1993,7,142,False
18,HK,0.49056603773584906,20,7,A7,33,127.0,0.3939393939393939,1993,7,13,False
14,HK,0.9655172413793104,4,0,A7,60,252.0,0.9333333333333333,1993,7,56,False
0,HK,0.45454545454545453,2,10,A8,7,25.0,0.7142857142857143,1993,7,5,False
4,HK,0.8674698795180723,21,23,A8,165,626.0,0.8727272727272727,1993,7,144,False
12,HK,0.7619047619047619,9,11,A8,41,167.0,0.7804878048780488,1993,7,32,False
8,HK,0.987012987012987,1,3,A8,153,654.0,0.9934640522875817,1993,7,152,False
2,HK,1.0,0,0,A8,182,736.0,1.0,1993,7,182,False
11,HK,0.6796116504854369,26,7,A8,61,261.0,0.5737704918032787,1993,7,35,False
17,HK,0.5333333333333333,1,6,A8,5,23.0,0.8,1993,7,4,False
3,HK,0.8580645161290322,24,20,A8,157,644.0,0.8471337579617835,1993,7,133,False
21,HK,0.14285714285714285,3,9,A8,4,18.0,0.25,1993,7,1,False
16,HK,0.3076923076923077,4,14,A8,8,34.0,0.5,1993,7,4,False
22,HK,0.7083333333333334,4,10,A8,21,85.0,0.8095238095238095,1993,7,17,False
13,HK,0.9873417721518988,4,0,A8,160,662.0,0.975,1993,7,156,False
18,HK,0.6666666666666666,16,1,A8,33,127.0,0.5151515151515151,1993,7,17,False
14,HK,0.9752066115702479,1,2,A8,60,252.0,0.9833333333333333,1993,7,59,False
0,HK,0.45454545454545453,2,10,P,7,25.0,0.7142857142857143,1993,8,5,False
4,HK,0.8648648648648649,21,24,P,165,626.0,0.8727272727272727,1993,8,144,False
12,HK,0.7777777777777778,6,14,P,41,167.0,0.8536585365853658,1993,8,35,False
8,HK,0.9802631578947368,4,2,P,153,654.0,0.9738562091503268,1993,8,149,False
2,HK,1.0,0,0,P,182,736.0,1.0,1993,8,182,False
11,HK,0.673469387755102,28,4,P,61,261.0,0.5409836065573771,1993,8,33,False
17,HK,0.3333333333333333,2,10,P,5,23.0,0.6,1993,8,3,False
3,HK,0.8478964401294499,26,21,P,157,644.0,0.8343949044585988,1993,8,131,False
21,HK,0.13333333333333333,3,10,P,4,18.0,0.25,1993,8,1,False
16,HK,0.36363636363636365,4,10,P,8,34.0,0.5,1993,8,4,False
22,HK,0.7111111111111111,5,8,P,21,85.0,0.7619047619047619,1993,8,16,False
13,HK,0.9648562300319489,9,2,P,160,662.0,0.94375,1993,8,151,False
18,HK,0.5882352941176471,18,3,P,33,127.0,0.45454545454545453,1993,8,15,False
14,HK,0.9672131147540983,1,3,P,60,252.0,0.9833333333333333,1993,8,59,False
9,HK,0.972972972972973,2,7,P,164,635.0,0.9878048780487805,1993,8,162,False
19,HK,0.0,2,5,P,2,6.0,0.0,1993,8,0,True
0,HK,0.45454545454545453,2,10,A0,7,25.0,0.7142857142857143,1993,8,5,False
4,HK,0.8580060422960725,23,24,A0,165,626.0,0.8606060606060606,1993,8,142,False
12,HK,0.7777777777777778,6,14,A0,41,167.0,0.8536585365853658,1993,8,35,False
8,HK,0.9802631578947368,4,2,A0,153,654.0,0.9738562091503268,1993,8,149,False
2,HK,1.0,0,0,A0,182,736.0,1.0,1993,8,182,False
11,HK,0.673469387755102,28,4,A0,61,261.0,0.5409836065573771,1993,8,33,False
17,HK,0.3333333333333333,2,10,A0,5,23.0,0.6,1993,8,3,False
3,HK,0.842443729903537,26,23,A0,157,644.0,0.8343949044585988,1993,8,131,False
21,HK,0.13333333333333333,3,10,A0,4,18.0,0.25,1993,8,1,False
16,HK,0.36363636363636365,4,10,A0,8,34.0,0.5,1993,8,4,False
22,HK,0.6956521739130435,5,9,A0,21,85.0,0.7619047619047619,1993,8,16,False
13,HK,0.9648562300319489,9,2,A0,160,662.0,0.94375,1993,8,151,False
18,HK,0.56,19,3,A0,33,127.0,0.42424242424242425,1993,8,14,False
14,HK,0.9672131147540983,1,3,A0,60,252.0,0.9833333333333333,1993,8,59,False
9,HK,0.972972972972973,2,7,A0,164,635.0,0.9878048780487805,1993,8,162,False
19,HK,0.0,2,5,A0,2,6.0,0.0,1993,8,0,True
0,HK,0.2,5,11,A1,7,25.0,0.2857142857142857,1993,8,2,False
4,HK,0.8367952522255193,24,31,A1,165,626.0,0.8545454545454545,1993,8,141,False
12,HK,0.7380952380952381,10,12,A1,41,167.0,0.7560975609756098,1993,8,31,False
8,HK,0.9579288025889967,5,8,A1,153,654.0,0.9673202614379085,1993,8,148,False
2,HK,0.994535519125683,0,2,A1,182,736.0,1.0,1993,8,182,False
11,HK,0.5979381443298969,32,7,A1,61,261.0,0.47540983606557374,1993,8,29,False
17,HK,0.3333333333333333,1,15,A1,5,23.0,0.8,1993,8,4,False
3,HK,0.8066666666666666,36,22,A1,157,644.0,0.7707006369426752,1993,8,121,False
21,HK,0.0,4,5,A1,4,18.0,0.0,1993,8,0,True
16,HK,0.25806451612903225,4,19,A1,8,34.0,0.5,1993,8,4,False
22,HK,0.7391304347826086,4,8,A1,21,85.0,0.8095238095238095,1993,8,17,False
13,HK,0.9556962025316456,9,5,A1,160,662.0,0.94375,1993,8,151,False
18,HK,0.4186046511627907,24,1,A1,33,127.0,0.2727272727272727,1993,8,9,False
14,HK,0.9516129032258065,1,5,A1,60,252.0,0.9833333333333333,1993,8,59,False
9,HK,0.9848024316109423,2,3,A1,164,635.0,0.9878048780487805,1993,8,162,False
19,HK,0.18181818181818182,1,8,A1,2,6.0,0.5,1993,8,1,False
0,HK,0.45454545454545453,2,10,A2,7,25.0,0.7142857142857143,1993,8,5,False
4,HK,0.8753799392097265,21,20,A2,165,626.0,0.8727272727272727,1993,8,144,False
12,HK,0.7619047619047619,9,11,A2,41,167.0,0.7804878048780488,1993,8,32,False
8,HK,0.9869281045751634,2,2,A2,153,654.0,0.9869281045751634,1993,8,151,False
2,HK,0.9972602739726028,0,1,A2,182,736.0,1.0,1993,8,182,False
11,HK,0.66,28,6,A2,61,261.0,0.5409836065573771,1993,8,33,False
17,HK,0.5,1,7,A2,5,23.0,0.8,1993,8,4,False
3,HK,0.8626198083067093,22,21,A2,157,644.0,0.8598726114649682,1993,8,135,False
21,HK,0.14285714285714285,3,9,A2,4,18.0,0.25,1993,8,1,False
16,HK,0.3076923076923077,4,14,A2,8,34.0,0.5,1993,8,4,False
22,HK,0.7083333333333334,4,10,A2,21,85.0,0.8095238095238095,1993,8,17,False
13,HK,0.9776357827476039,7,0,A2,160,662.0,0.95625,1993,8,153,False
18,HK,0.5833333333333334,19,1,A2,33,127.0,0.42424242424242425,1993,8,14,False
14,HK,0.9672131147540983,1,3,A2,60,252.0,0.9833333333333333,1993,8,59,False
9,HK,0.978978978978979,1,6,A2,164,635.0,0.9939024390243902,1993,8,163,False
19,HK,0.0,2,5,A2,2,6.0,0.0,1993,8,0,True
0,HK,0.5,2,8,A3,7,25.0,0.7142857142857143,1993,8,5,False
4,HK,0.863768115942029,16,31,A3,165,626.0,0.9030303030303031,1993,8,149,False
12,HK,0.7857142857142857,8,10,A3,41,167.0,0.8048780487804879,1993,8,33,False
8,HK,0.974025974025974,3,5,A3,153,654.0,0.9803921568627451,1993,8,150,False
2,HK,0.9972602739726028,0,1,A3,182,736.0,1.0,1993,8,182,False
11,HK,0.7047619047619048,24,7,A3,61,261.0,0.6065573770491803,1993,8,37,False
17,HK,0.4444444444444444,1,9,A3,5,23.0,0.8,1993,8,4,False
3,HK,0.8287671232876712,36,14,A3,157,644.0,0.7707006369426752,1993,8,121,False
21,HK,0.14285714285714285,3,9,A3,4,18.0,0.25,1993,8,1,False
16,HK,0.3333333333333333,4,12,A3,8,34.0,0.5,1993,8,4,False
22,HK,0.723404255319149,4,9,A3,21,85.0,0.8095238095238095,1993,8,17,False
13,HK,0.9776357827476039,7,0,A3,160,662.0,0.95625,1993,8,153,False
18,HK,0.5833333333333334,19,1,A3,33,127.0,0.42424242424242425,1993,8,14,False
14,HK,0.959349593495935,1,4,A3,60,252.0,0.9833333333333333,1993,8,59,False
9,HK,0.9819277108433735,1,5,A3,164,635.0,0.9939024390243902,1993,8,163,False
19,HK,0.0,2,6,A3,2,6.0,0.0,1993,8,0,True
0,HK,0.47619047619047616,2,9,A3s,7,25.0,0.7142857142857143,1993,8,5,False
4,HK,0.8630952380952381,20,26,A3s,165,626.0,0.8787878787878788,1993,8,145,False
12,HK,0.7619047619047619,9,11,A3s,41,167.0,0.7804878048780488,1993,8,32,False
8,HK,0.9805194805194806,2,4,A3s,153,654.0,0.9869281045751634,1993,8,151,False
2,HK,0.9972602739726028,0,1,A3s,182,736.0,1.0,1993,8,182,False
11,HK,0.6796116504854369,26,7,A3s,61,261.0,0.5737704918032787,1993,8,35,False
17,HK,0.47058823529411764,1,8,A3s,5,23.0,0.8,1993,8,4,False
3,HK,0.8410596026490066,30,18,A3s,157,644.0,0.8089171974522293,1993,8,127,False
21,HK,0.14285714285714285,3,9,A3s,4,18.0,0.25,1993,8,1,False
16,HK,0.32,4,13,A3s,8,34.0,0.5,1993,8,4,False
22,HK,0.7083333333333334,4,10,A3s,21,85.0,0.8095238095238095,1993,8,17,False
13,HK,0.9776357827476039,7,0,A3s,160,662.0,0.95625,1993,8,153,False
18,HK,0.5833333333333334,19,1,A3s,33,127.0,0.42424242424242425,1993,8,14,False
14,HK,0.959349593495935,1,4,A3s,60,252.0,0.9833333333333333,1993,8,59,False
9,HK,0.9819277108433735,1,5,A3s,164,635.0,0.9939024390243902,1993,8,163,False
19,HK,0.0,2,5,A3s,2,6.0,0.0,1993,8,0,True
0,HK,0.45454545454545453,2,10,A4,7,25.0,0.7142857142857143,1993,8,5,False
4,HK,0.8753799392097265,21,20,A4,165,626.0,0.8727272727272727,1993,8,144,False
12,HK,0.7619047619047619,9,11,A4,41,167.0,0.7804878048780488,1993,8,32,False
8,HK,0.9869281045751634,2,2,A4,153,654.0,0.9869281045751634,1993,8,151,False
2,HK,0.9972602739726028,0,1,A4,182,736.0,1.0,1993,8,182,False
11,HK,0.66,28,6,A4,61,261.0,0.5409836065573771,1993,8,33,False
17,HK,0.5,1,7,A4,5,23.0,0.8,1993,8,4,False
3,HK,0.8626198083067093,22,21,A4,157,644.0,0.8598726114649682,1993,8,135,False
21,HK,0.14285714285714285,3,9,A4,4,18.0,0.25,1993,8,1,False
16,HK,0.3076923076923077,4,14,A4,8,34.0,0.5,1993,8,4,False
22,HK,0.7083333333333334,4,10,A4,21,85.0,0.8095238095238095,1993,8,17,False
13,HK,0.9776357827476039,7,0,A4,160,662.0,0.95625,1993,8,153,False
18,HK,0.5833333333333334,19,1,A4,33,127.0,0.42424242424242425,1993,8,14,False
14,HK,0.9672131147540983,1,3,A4,60,252.0,0.9833333333333333,1993,8,59,False
9,HK,0.978978978978979,1,6,A4,164,635.0,0.9939024390243902,1993,8,163,False
19,HK,0.0,2,5,A4,2,6.0,0.0,1993,8,0,True
0,HK,0.45454545454545453,2,10,A5,7,25.0,0.7142857142857143,1993,8,5,False
4,HK,0.8753799392097265,21,20,A5,165,626.0,0.8727272727272727,1993,8,144,False
12,HK,0.7619047619047619,9,11,A5,41,167.0,0.7804878048780488,1993,8,32,False
8,HK,0.9869281045751634,2,2,A5,153,654.0,0.9869281045751634,1993,8,151,False
2,HK,0.9972602739726028,0,1,A5,182,736.0,1.0,1993,8,182,False
11,HK,0.66,28,6,A5,61,261.0,0.5409836065573771,1993,8,33,False
17,HK,0.5,1,7,A5,5,23.0,0.8,1993,8,4,False
3,HK,0.8626198083067093,22,21,A5,157,644.0,0.8598726114649682,1993,8,135,False
21,HK,0.14285714285714285,3,9,A5,4,18.0,0.25,1993,8,1,False
16,HK,0.3076923076923077,4,14,A5,8,34.0,0.5,1993,8,4,False
22,HK,0.723404255319149,4,9,A5,21,85.0,0.8095238095238095,1993,8,17,False
13,HK,0.9776357827476039,7,0,A5,160,662.0,0.95625,1993,8,153,False
18,HK,0.5833333333333334,19,1,A5,33,127.0,0.42424242424242425,1993,8,14,False
14,HK,0.9672131147540983,1,3,A5,60,252.0,0.9833333333333333,1993,8,59,False
9,HK,0.978978978978979,1,6,A5,164,635.0,0.9939024390243902,1993,8,163,False
19,HK,0.0,2,6,A5,2,6.0,0.0,1993,8,0,True
0,HK,0.45454545454545453,2,10,A6,7,25.0,0.7142857142857143,1993,8,5,False
4,HK,0.8753799392097265,21,20,A6,165,626.0,0.8727272727272727,1993,8,144,False
12,HK,0.7619047619047619,9,11,A6,41,167.0,0.7804878048780488,1993,8,32,False
8,HK,0.9869281045751634,2,2,A6,153,654.0,0.9869281045751634,1993,8,151,False
2,HK,0.9972602739726028,0,1,A6,182,736.0,1.0,1993,8,182,False
11,HK,0.66,28,6,A6,61,261.0,0.5409836065573771,1993,8,33,False
17,HK,0.5,1,7,A6,5,23.0,0.8,1993,8,4,False
3,HK,0.8626198083067093,22,21,A6,157,644.0,0.8598726114649682,1993,8,135,False
21,HK,0.14285714285714285,3,9,A6,4,18.0,0.25,1993,8,1,False
16,HK,0.3076923076923077,4,14,A6,8,34.0,0.5,1993,8,4,False
22,HK,0.7083333333333334,4,10,A6,21,85.0,0.8095238095238095,1993,8,17,False
13,HK,0.9776357827476039,7,0,A6,160,662.0,0.95625,1993,8,153,False
18,HK,0.5833333333333334,19,1,A6,33,127.0,0.42424242424242425,1993,8,14,False
14,HK,0.9672131147540983,1,3,A6,60,252.0,0.9833333333333333,1993,8,59,False
9,HK,0.978978978978979,1,6,A6,164,635.0,0.9939024390243902,1993,8,163,False
19,HK,0.0,2,5,A6,2,6.0,0.0,1993,8,0,True
0,HK,0.2857142857142857,4,11,A7,7,25.0,0.42857142857142855,1993,8,3,False
4,HK,0.7875,39,29,A7,165,626.0,0.7636363636363637,1993,8,126,False
12,HK,0.7160493827160493,12,11,A7,41,167.0,0.7073170731707317,1993,8,29,False
8,HK,0.9381107491856677,9,10,A7,153,654.0,0.9411764705882353,1993,8,144,False
2,HK,0.994535519125683,0,2,A7,182,736.0,1.0,1993,8,182,False
11,HK,0.6140350877192983,26,18,A7,61,261.0,0.5737704918032787,1993,8,35,False
17,HK,0.1875,2,24,A7,5,23.0,0.6,1993,8,3,False
3,HK,0.7667731629392971,37,36,A7,157,644.0,0.7643312101910829,1993,8,120,False
21,HK,0.0,4,11,A7,4,18.0,0.0,1993,8,0,True
16,HK,0.24,5,14,A7,8,34.0,0.375,1993,8,3,False
22,HK,0.6511627906976745,7,8,A7,21,85.0,0.6666666666666666,1993,8,14,False
13,HK,0.9250814332247557,18,5,A7,160,662.0,0.8875,1993,8,142,False
18,HK,0.40816326530612246,23,6,A7,33,127.0,0.30303030303030304,1993,8,10,False
14,HK,0.9655172413793104,4,0,A7,60,252.0,0.9333333333333333,1993,8,56,False
9,HK,0.9723076923076923,6,3,A7,164,635.0,0.9634146341463414,1993,8,158,False
19,HK,0.0,2,10,A7,2,6.0,0.0,1993,8,0,True
0,HK,0.45454545454545453,2,10,A8,7,25.0,0.7142857142857143,1993,8,5,False
4,HK,0.8708708708708709,20,23,A8,165,626.0,0.8787878787878788,1993,8,145,False
12,HK,0.7619047619047619,9,11,A8,41,167.0,0.7804878048780488,1993,8,32,False
8,HK,0.9869281045751634,2,2,A8,153,654.0,0.9869281045751634,1993,8,151,False
2,HK,0.9972602739726028,0,1,A8,182,736.0,1.0,1993,8,182,False
11,HK,0.6732673267326733,27,6,A8,61,261.0,0.5573770491803278,1993,8,34,False
17,HK,0.5,1,7,A8,5,23.0,0.8,1993,8,4,False
3,HK,0.8580645161290322,24,20,A8,157,644.0,0.8471337579617835,1993,8,133,False
21,HK,0.14285714285714285,3,9,A8,4,18.0,0.25,1993,8,1,False
16,HK,0.3076923076923077,4,14,A8,8,34.0,0.5,1993,8,4,False
22,HK,0.7083333333333334,4,10,A8,21,85.0,0.8095238095238095,1993,8,17,False
13,HK,0.9776357827476039,7,0,A8,160,662.0,0.95625,1993,8,153,False
18,HK,0.5833333333333334,19,1,A8,33,127.0,0.42424242424242425,1993,8,14,False
14,HK,0.9752066115702479,1,2,A8,60,252.0,0.9833333333333333,1993,8,59,False
9,HK,0.9819277108433735,1,5,A8,164,635.0,0.9939024390243902,1993,8,163,False
19,HK,0.0,2,5,A8,2,6.0,0.0,1993,8,0,True
0,HK,0.43478260869565216,2,11,P,7,25.0,0.7142857142857143,1993,9,5,False
4,HK,0.8597014925373134,21,26,P,165,626.0,0.8727272727272727,1993,9,144,False
12,HK,0.7777777777777778,6,14,P,41,167.0,0.8536585365853658,1993,9,35,False
8,HK,0.9836065573770492,3,2,P,153,654.0,0.9803921568627451,1993,9,150,False
2,HK,0.9972602739726028,0,1,P,182,736.0,1.0,1993,9,182,False
11,HK,0.6458333333333334,30,4,P,61,261.0,0.5081967213114754,1993,9,31,False
17,HK,0.3333333333333333,2,10,P,5,23.0,0.6,1993,9,3,False
3,HK,0.8403908794788274,28,21,P,157,644.0,0.821656050955414,1993,9,129,False
21,HK,0.13333333333333333,3,10,P,4,18.0,0.25,1993,9,1,False
16,HK,0.34782608695652173,4,11,P,8,34.0,0.5,1993,9,4,False
22,HK,0.7111111111111111,5,8,P,21,85.0,0.7619047619047619,1993,9,16,False
13,HK,0.9681528662420382,8,2,P,160,662.0,0.95,1993,9,152,False
18,HK,0.5306122448979592,20,3,P,33,127.0,0.3939393939393939,1993,9,13,False
14,HK,0.959349593495935,1,4,P,60,252.0,0.9833333333333333,1993,9,59,False
9,HK,0.9759036144578314,2,6,P,164,635.0,0.9878048780487805,1993,9,162,False
19,HK,0.0,2,4,P,2,6.0,0.0,1993,9,0,True
15,HK,0.9959183673469387,1,0,P,123,488.0,0.991869918699187,1993,9,122,False
6,HK,0.0,1,2,P,1,6.0,0.0,1993,9,0,True
0,HK,0.4166666666666667,2,12,A0,7,25.0,0.7142857142857143,1993,9,5,False
4,HK,0.8528528528528528,23,26,A0,165,626.0,0.8606060606060606,1993,9,142,False
12,HK,0.7777777777777778,6,14,A0,41,167.0,0.8536585365853658,1993,9,35,False
8,HK,0.9836065573770492,3,2,A0,153,654.0,0.9803921568627451,1993,9,150,False
2,HK,0.9972602739726028,0,1,A0,182,736.0,1.0,1993,9,182,False
11,HK,0.6458333333333334,30,4,A0,61,261.0,0.5081967213114754,1993,9,31,False
17,HK,0.3333333333333333,2,10,A0,5,23.0,0.6,1993,9,3,False
3,HK,0.8349514563106796,28,23,A0,157,644.0,0.821656050955414,1993,9,129,False
21,HK,0.14285714285714285,3,9,A0,4,18.0,0.25,1993,9,1,False
16,HK,0.36363636363636365,4,10,A0,8,34.0,0.5,1993,9,4,False
22,HK,0.6956521739130435,5,9,A0,21,85.0,0.7619047619047619,1993,9,16,False
13,HK,0.9681528662420382,8,2,A0,160,662.0,0.95,1993,9,152,False
18,HK,0.5306122448979592,20,3,A0,33,127.0,0.3939393939393939,1993,9,13,False
14,HK,0.959349593495935,1,4,A0,60,252.0,0.9833333333333333,1993,9,59,False
9,HK,0.9759036144578314,2,6,A0,164,635.0,0.9878048780487805,1993,9,162,False
19,HK,0.0,2,4,A0,2,6.0,0.0,1993,9,0,True
15,HK,0.9959183673469387,1,0,A0,123,488.0,0.991869918699187,1993,9,122,False
6,HK,0.0,1,2,A0,1,6.0,0.0,1993,9,0,True
0,HK,0.19047619047619047,5,12,A1,7,25.0,0.2857142857142857,1993,9,2,False
4,HK,0.8189910979228486,27,34,A1,165,626.0,0.8363636363636363,1993,9,138,False
12,HK,0.7380952380952381,10,12,A1,41,167.0,0.7560975609756098,1993,9,31,False
8,HK,0.961038961038961,5,7,A1,153,654.0,0.9673202614379085,1993,9,148,False
2,HK,0.9972602739726028,0,1,A1,182,736.0,1.0,1993,9,182,False
11,HK,0.5684210526315789,34,7,A1,61,261.0,0.4426229508196721,1993,9,27,False
17,HK,0.23076923076923078,2,18,A1,5,23.0,0.6,1993,9,3,False
3,HK,0.7947019867549668,37,25,A1,157,644.0,0.7643312101910829,1993,9,120,False
21,HK,0.0,4,6,A1,4,18.0,0.0,1993,9,0,True
16,HK,0.3870967741935484,2,17,A1,8,34.0,0.75,1993,9,6,False
22,HK,0.7391304347826086,4,8,A1,21,85.0,0.8095238095238095,1993,9,17,False
13,HK,0.9652996845425867,7,4,A1,160,662.0,0.95625,1993,9,153,False
18,HK,0.35,26,0,A1,33,127.0,0.21212121212121213,1993,9,7,False
14,HK,0.957983193277311,3,2,A1,60,252.0,0.95,1993,9,57,False
9,HK,0.9817073170731707,3,3,A1,164,635.0,0.9817073170731707,1993,9,161,False
19,HK,0.18181818181818182,1,8,A1,2,6.0,0.5,1993,9,1,False
15,HK,0.9800796812749004,0,5,A1,123,488.0,1.0,1993,9,123,False
6,HK,0.0,1,2,A1,1,6.0,0.0,1993,9,0,True
0,HK,0.43478260869565216,2,11,A2,7,25.0,0.7142857142857143,1993,9,5,False
4,HK,0.8648648648648649,21,24,A2,165,626.0,0.8727272727272727,1993,9,144,False
12,HK,0.7619047619047619,9,11,A2,41,167.0,0.7804878048780488,1993,9,32,False
8,HK,0.9837133550488599,2,3,A2,153,654.0,0.9869281045751634,1993,9,151,False
2,HK,1.0,0,0,A2,182,736.0,1.0,1993,9,182,False
11,HK,0.66,28,6,A2,61,261.0,0.5409836065573771,1993,9,33,False
17,HK,0.47058823529411764,1,8,A2,5,23.0,0.8,1993,9,4,False
3,HK,0.8580645161290322,24,20,A2,157,644.0,0.8471337579617835,1993,9,133,False
21,HK,0.14285714285714285,3,9,A2,4,18.0,0.25,1993,9,1,False
16,HK,0.3076923076923077,4,14,A2,8,34.0,0.5,1993,9,4,False
22,HK,0.7083333333333334,4,10,A2,21,85.0,0.8095238095238095,1993,9,17,False
13,HK,0.9776357827476039,7,0,A2,160,662.0,0.95625,1993,9,153,False
18,HK,0.5957446808510638,19,0,A2,33,127.0,0.42424242424242425,1993,9,14,False
14,HK,0.9917355371900827,0,1,A2,60,252.0,1.0,1993,9,60,False
9,HK,0.9819277108433735,1,5,A2,164,635.0,0.9939024390243902,1993,9,163,False
19,HK,0.0,2,5,A2,2,6.0,0.0,1993,9,0,True
15,HK,0.991869918699187,1,1,A2,123,488.0,0.991869918699187,1993,9,122,False
6,HK,0.0,1,1,A2,1,6.0,0.0,1993,9,0,True
0,HK,0.5,2,8,A3,7,25.0,0.7142857142857143,1993,9,5,False
4,HK,0.861271676300578,16,32,A3,165,626.0,0.9030303030303031,1993,9,149,False
12,HK,0.7710843373493976,9,10,A3,41,167.0,0.7804878048780488,1993,9,32,False
8,HK,0.9773462783171522,2,5,A3,153,654.0,0.9869281045751634,1993,9,151,False
2,HK,1.0,0,0,A3,182,736.0,1.0,1993,9,182,False
11,HK,0.7169811320754716,23,7,A3,61,261.0,0.6229508196721312,1993,9,38,False
17,HK,0.5263157894736842,0,9,A3,5,23.0,1.0,1993,9,5,False
3,HK,0.8206896551724138,38,14,A3,157,644.0,0.7579617834394905,1993,9,119,False
21,HK,0.14285714285714285,3,9,A3,4,18.0,0.25,1993,9,1,False
16,HK,0.3333333333333333,4,12,A3,8,34.0,0.5,1993,9,4,False
22,HK,0.7083333333333334,4,10,A3,21,85.0,0.8095238095238095,1993,9,17,False
13,HK,0.9745222929936306,7,1,A3,160,662.0,0.95625,1993,9,153,False
18,HK,0.5957446808510638,19,0,A3,33,127.0,0.42424242424242425,1993,9,14,False
14,HK,0.975609756097561,0,3,A3,60,252.0,1.0,1993,9,60,False
9,HK,0.9819277108433735,1,5,A3,164,635.0,0.9939024390243902,1993,9,163,False
19,HK,0.0,2,5,A3,2,6.0,0.0,1993,9,0,True
15,HK,0.991869918699187,1,1,A3,123,488.0,0.991869918699187,1993,9,122,False
6,HK,0.0,1,1,A3,1,6.0,0.0,1993,9,0,True
0,HK,0.5,2,8,A3s,7,25.0,0.7142857142857143,1993,9,5,False
4,HK,0.8588235294117647,19,29,A3s,165,626.0,0.8848484848484849,1993,9,146,False
12,HK,0.7619047619047619,9,11,A3s,41,167.0,0.7804878048780488,1993,9,32,False
8,HK,0.9773462783171522,2,5,A3s,153,654.0,0.9869281045751634,1993,9,151,False
2,HK,1.0,0,0,A3s,182,736.0,1.0,1993,9,182,False
11,HK,0.6923076923076923,25,7,A3s,61,261.0,0.5901639344262295,1993,9,36,False
17,HK,0.4444444444444444,1,9,A3s,5,23.0,0.8,1993,9,4,False
3,HK,0.8361204013377926,32,17,A3s,157,644.0,0.7961783439490446,1993,9,125,False
21,HK,0.14285714285714285,3,9,A3s,4,18.0,0.25,1993,9,1,False
16,HK,0.32,4,13,A3s,8,34.0,0.5,1993,9,4,False
22,HK,0.7083333333333334,4,10,A3s,21,85.0,0.8095238095238095,1993,9,17,False
13,HK,0.9776357827476039,7,0,A3s,160,662.0,0.95625,1993,9,153,False
18,HK,0.5957446808510638,19,0,A3s,33,127.0,0.42424242424242425,1993,9,14,False
14,HK,0.9836065573770492,0,2,A3s,60,252.0,1.0,1993,9,60,False
9,HK,0.9819277108433735,1,5,A3s,164,635.0,0.9939024390243902,1993,9,163,False
19,HK,0.0,2,5,A3s,2,6.0,0.0,1993,9,0,True
15,HK,0.991869918699187,1,1,A3s,123,488.0,0.991869918699187,1993,9,122,False
6,HK,0.0,1,1,A3s,1,6.0,0.0,1993,9,0,True
0,HK,0.43478260869565216,2,11,A4,7,25.0,0.7142857142857143,1993,9,5,False
4,HK,0.8648648648648649,21,24,A4,165,626.0,0.8727272727272727,1993,9,144,False
12,HK,0.7619047619047619,9,11,A4,41,167.0,0.7804878048780488,1993,9,32,False
8,HK,0.9837133550488599,2,3,A4,153,654.0,0.9869281045751634,1993,9,151,False
2,HK,1.0,0,0,A4,182,736.0,1.0,1993,9,182,False
11,HK,0.66,28,6,A4,61,261.0,0.5409836065573771,1993,9,33,False
17,HK,0.47058823529411764,1,8,A4,5,23.0,0.8,1993,9,4,False
3,HK,0.8580645161290322,24,20,A4,157,644.0,0.8471337579617835,1993,9,133,False
21,HK,0.14285714285714285,3,9,A4,4,18.0,0.25,1993,9,1,False
16,HK,0.3076923076923077,4,14,A4,8,34.0,0.5,1993,9,4,False
22,HK,0.7083333333333334,4,10,A4,21,85.0,0.8095238095238095,1993,9,17,False
13,HK,0.9776357827476039,7,0,A4,160,662.0,0.95625,1993,9,153,False
18,HK,0.5957446808510638,19,0,A4,33,127.0,0.42424242424242425,1993,9,14,False
14,HK,0.9917355371900827,0,1,A4,60,252.0,1.0,1993,9,60,False
9,HK,0.9819277108433735,1,5,A4,164,635.0,0.9939024390243902,1993,9,163,False
19,HK,0.0,2,5,A4,2,6.0,0.0,1993,9,0,True
15,HK,0.991869918699187,1,1,A4,123,488.0,0.991869918699187,1993,9,122,False
6,HK,0.0,1,1,A4,1,6.0,0.0,1993,9,0,True
0,HK,0.43478260869565216,2,11,A5,7,25.0,0.7142857142857143,1993,9,5,False
4,HK,0.8622754491017964,21,25,A5,165,626.0,0.8727272727272727,1993,9,144,False
12,HK,0.7619047619047619,9,11,A5,41,167.0,0.7804878048780488,1993,9,32,False
8,HK,0.9837133550488599,2,3,A5,153,654.0,0.9869281045751634,1993,9,151,False
2,HK,1.0,0,0,A5,182,736.0,1.0,1993,9,182,False
11,HK,0.66,28,6,A5,61,261.0,0.5409836065573771,1993,9,33,False
17,HK,0.47058823529411764,1,8,A5,5,23.0,0.8,1993,9,4,False
3,HK,0.8543689320388349,25,20,A5,157,644.0,0.8407643312101911,1993,9,132,False
21,HK,0.14285714285714285,3,9,A5,4,18.0,0.25,1993,9,1,False
16,HK,0.3076923076923077,4,14,A5,8,34.0,0.5,1993,9,4,False
22,HK,0.7083333333333334,4,10,A5,21,85.0,0.8095238095238095,1993,9,17,False
13,HK,0.9776357827476039,7,0,A5,160,662.0,0.95625,1993,9,153,False
18,HK,0.5957446808510638,19,0,A5,33,127.0,0.42424242424242425,1993,9,14,False
14,HK,0.9917355371900827,0,1,A5,60,252.0,1.0,1993,9,60,False
9,HK,0.9819277108433735,1,5,A5,164,635.0,0.9939024390243902,1993,9,163,False
19,HK,0.0,2,5,A5,2,6.0,0.0,1993,9,0,True
15,HK,0.991869918699187,1,1,A5,123,488.0,0.991869918699187,1993,9,122,False
6,HK,0.0,1,1,A5,1,6.0,0.0,1993,9,0,True
0,HK,0.43478260869565216,2,11,A6,7,25.0,0.7142857142857143,1993,9,5,False
4,HK,0.8648648648648649,21,24,A6,165,626.0,0.8727272727272727,1993,9,144,False
12,HK,0.7619047619047619,9,11,A6,41,167.0,0.7804878048780488,1993,9,32,False
8,HK,0.9837133550488599,2,3,A6,153,654.0,0.9869281045751634,1993,9,151,False
2,HK,1.0,0,0,A6,182,736.0,1.0,1993,9,182,False
11,HK,0.66,28,6,A6,61,261.0,0.5409836065573771,1993,9,33,False
17,HK,0.47058823529411764,1,8,A6,5,23.0,0.8,1993,9,4,False
3,HK,0.8580645161290322,24,20,A6,157,644.0,0.8471337579617835,1993,9,133,False
21,HK,0.14285714285714285,3,9,A6,4,18.0,0.25,1993,9,1,False
16,HK,0.3076923076923077,4,14,A6,8,34.0,0.5,1993,9,4,False
22,HK,0.7083333333333334,4,10,A6,21,85.0,0.8095238095238095,1993,9,17,False
13,HK,0.9776357827476039,7,0,A6,160,662.0,0.95625,1993,9,153,False
18,HK,0.5957446808510638,19,0,A6,33,127.0,0.42424242424242425,1993,9,14,False
14,HK,0.9917355371900827,0,1,A6,60,252.0,1.0,1993,9,60,False
9,HK,0.9819277108433735,1,5,A6,164,635.0,0.9939024390243902,1993,9,163,False
19,HK,0.0,2,5,A6,2,6.0,0.0,1993,9,0,True
15,HK,0.991869918699187,1,1,A6,123,488.0,0.991869918699187,1993,9,122,False
6,HK,0.0,1,1,A6,1,6.0,0.0,1993,9,0,True
0,HK,0.2857142857142857,4,11,A7,7,25.0,0.42857142857142855,1993,9,3,False
4,HK,0.7875,39,29,A7,165,626.0,0.7636363636363637,1993,9,126,False
12,HK,0.7160493827160493,12,11,A7,41,167.0,0.7073170731707317,1993,9,29,False
8,HK,0.9381107491856677,9,10,A7,153,654.0,0.9411764705882353,1993,9,144,False
2,HK,0.9972602739726028,0,1,A7,182,736.0,1.0,1993,9,182,False
11,HK,0.6140350877192983,26,18,A7,61,261.0,0.5737704918032787,1993,9,35,False
17,HK,0.1875,2,24,A7,5,23.0,0.6,1993,9,3,False
3,HK,0.7667731629392971,37,36,A7,157,644.0,0.7643312101910829,1993,9,120,False
21,HK,0.0,4,11,A7,4,18.0,0.0,1993,9,0,True
16,HK,0.24,5,14,A7,8,34.0,0.375,1993,9,3,False
22,HK,0.65,8,6,A7,21,85.0,0.6190476190476191,1993,9,13,False
13,HK,0.9250814332247557,18,5,A7,160,662.0,0.8875,1993,9,142,False
18,HK,0.4,23,7,A7,33,127.0,0.30303030303030304,1993,9,10,False
14,HK,0.9572649572649573,4,1,A7,60,252.0,0.9333333333333333,1993,9,56,False
9,HK,0.9723076923076923,6,3,A7,164,635.0,0.9634146341463414,1993,9,158,False
19,HK,0.0,2,10,A7,2,6.0,0.0,1993,9,0,True
15,HK,0.9959183673469387,1,0,A7,123,488.0,0.991869918699187,1993,9,122,False
6,HK,0.0,1,4,A7,1,6.0,0.0,1993,9,0,True
0,HK,0.43478260869565216,2,11,A8,7,25.0,0.7142857142857143,1993,9,5,False
4,HK,0.8682634730538922,20,24,A8,165,626.0,0.8787878787878788,1993,9,145,False
12,HK,0.7619047619047619,9,11,A8,41,167.0,0.7804878048780488,1993,9,32,False
8,HK,0.9837133550488599,2,3,A8,153,654.0,0.9869281045751634,1993,9,151,False
2,HK,1.0,0,0,A8,182,736.0,1.0,1993,9,182,False
11,HK,0.66,28,6,A8,61,261.0,0.5409836065573771,1993,9,33,False
17,HK,0.47058823529411764,1,8,A8,5,23.0,0.8,1993,9,4,False
3,HK,0.86084142394822,24,19,A8,157,644.0,0.8471337579617835,1993,9,133,False
21,HK,0.14285714285714285,3,9,A8,4,18.0,0.25,1993,9,1,False
16,HK,0.3076923076923077,4,14,A8,8,34.0,0.5,1993,9,4,False
22,HK,0.7083333333333334,4,10,A8,21,85.0,0.8095238095238095,1993,9,17,False
13,HK,0.9776357827476039,7,0,A8,160,662.0,0.95625,1993,9,153,False
18,HK,0.5833333333333334,19,1,A8,33,127.0,0.42424242424242425,1993,9,14,False
14,HK,0.9833333333333333,1,1,A8,60,252.0,0.9833333333333333,1993,9,59,False
9,HK,0.9819277108433735,1,5,A8,164,635.0,0.9939024390243902,1993,9,163,False
19,HK,0.0,2,5,A8,2,6.0,0.0,1993,9,0,True
15,HK,0.991869918699187,1,1,A8,123,488.0,0.991869918699187,1993,9,122,False
6,HK,0.0,1,1,A8,1,6.0,0.0,1993,9,0,True
0,HK,0.43478260869565216,2,11,P,7,25.0,0.7142857142857143,1993,10,5,False
4,HK,0.8562874251497006,22,26,P,165,626.0,0.8666666666666667,1993,10,143,False
12,HK,0.7692307692307693,6,15,P,41,167.0,0.8536585365853658,1993,10,35,False
8,HK,0.967741935483871,3,7,P,153,654.0,0.9803921568627451,1993,10,150,False
2,HK,0.986449864498645,0,5,P,182,736.0,1.0,1993,10,182,False
11,HK,0.631578947368421,31,4,P,61,261.0,0.4918032786885246,1993,10,30,False
17,HK,0.38095238095238093,1,12,P,5,23.0,0.8,1993,10,4,False
3,HK,0.8414239482200647,27,22,P,157,644.0,0.8280254777070064,1993,10,130,False
21,HK,0.0,4,13,P,4,18.0,0.0,1993,10,0,True
16,HK,0.3333333333333333,4,12,P,8,34.0,0.5,1993,10,4,False
22,HK,0.5245901639344263,5,24,P,21,85.0,0.7619047619047619,1993,10,16,False
13,HK,0.9648562300319489,9,2,P,160,662.0,0.94375,1993,10,151,False
18,HK,0.45614035087719296,20,11,P,33,127.0,0.3939393939393939,1993,10,13,False
14,HK,0.95,3,3,P,60,252.0,0.95,1993,10,57,False
9,HK,0.9759036144578314,2,6,P,164,635.0,0.9878048780487805,1993,10,162,False
19,HK,0.0,2,9,P,2,6.0,0.0,1993,10,0,True
15,HK,0.991869918699187,1,1,P,123,488.0,0.991869918699187,1993,10,122,False
6,HK,0.0,1,2,P,1,6.0,0.0,1993,10,0,True
5,HK,0.0,1,2,P,1,3.0,0.0,1993,10,0,True
20,HK,0.33707865168539325,51,8,P,66,288.0,0.22727272727272727,1993,10,15,False
0,HK,0.43478260869565216,2,11,A0,7,25.0,0.7142857142857143,1993,10,5,False
4,HK,0.8528528528528528,23,26,A0,165,626.0,0.8606060606060606,1993,10,142,False
12,HK,0.7555555555555555,7,15,A0,41,167.0,0.8292682926829268,1993,10,34,False
8,HK,0.9646302250803859,3,8,A0,153,654.0,0.9803921568627451,1993,10,150,False
2,HK,0.986449864498645,0,5,A0,182,736.0,1.0,1993,10,182,False
11,HK,0.625,31,5,A0,61,261.0,0.4918032786885246,1993,10,30,False
17,HK,0.38095238095238093,1,12,A0,5,23.0,0.8,1993,10,4,False
3,HK,0.842443729903537,26,23,A0,157,644.0,0.8343949044585988,1993,10,131,False
21,HK,0.0,4,13,A0,4,18.0,0.0,1993,10,0,True
16,HK,0.3333333333333333,4,12,A0,8,34.0,0.5,1993,10,4,False
22,HK,0.5517241379310345,5,21,A0,21,85.0,0.7619047619047619,1993,10,16,False
13,HK,0.967948717948718,9,1,A0,160,662.0,0.94375,1993,10,151,False
18,HK,0.4642857142857143,20,10,A0,33,127.0,0.3939393939393939,1993,10,13,False
14,HK,0.9421487603305785,3,4,A0,60,252.0,0.95,1993,10,57,False
9,HK,0.9759036144578314,2,6,A0,164,635.0,0.9878048780487805,1993,10,162,False
19,HK,0.0,2,9,A0,2,6.0,0.0,1993,10,0,True
15,HK,0.991869918699187,1,1,A0,123,488.0,0.991869918699187,1993,10,122,False
6,HK,0.0,1,3,A0,1,6.0,0.0,1993,10,0,True
5,HK,0.0,1,2,A0,1,3.0,0.0,1993,10,0,True
20,HK,0.35555555555555557,50,8,A0,66,288.0,0.24242424242424243,1993,10,16,False
0,HK,0.17391304347826086,5,14,A1,7,25.0,0.2857142857142857,1993,10,2,False
4,HK,0.8224852071005917,26,34,A1,165,626.0,0.8424242424242424,1993,10,139,False
12,HK,0.7294117647058823,10,13,A1,41,167.0,0.7560975609756098,1993,10,31,False
8,HK,0.9337539432176656,5,16,A1,153,654.0,0.9673202614379085,1993,10,148,False
2,HK,0.986449864498645,0,5,A1,182,736.0,1.0,1993,10,182,False
11,HK,0.5625,34,8,A1,61,261.0,0.4426229508196721,1993,10,27,False
17,HK,0.17647058823529413,2,26,A1,5,23.0,0.6,1993,10,3,False
3,HK,0.7986798679867987,36,25,A1,157,644.0,0.7707006369426752,1993,10,121,False
21,HK,0.0,4,11,A1,4,18.0,0.0,1993,10,0,True
16,HK,0.3333333333333333,3,17,A1,8,34.0,0.625,1993,10,5,False
22,HK,0.6415094339622641,4,15,A1,21,85.0,0.8095238095238095,1993,10,17,False
13,HK,0.9652996845425867,7,4,A1,160,662.0,0.95625,1993,10,153,False
18,HK,0.27906976744186046,27,4,A1,33,127.0,0.18181818181818182,1993,10,6,False
14,HK,0.8571428571428571,9,8,A1,60,252.0,0.85,1993,10,51,False
9,HK,0.9757575757575757,3,5,A1,164,635.0,0.9817073170731707,1993,10,161,False
19,HK,0.0,2,12,A1,2,6.0,0.0,1993,10,0,True
15,HK,0.968503937007874,0,8,A1,123,488.0,1.0,1993,10,123,False
6,HK,0.0,1,6,A1,1,6.0,0.0,1993,10,0,True
5,HK,0.0,1,6,A1,1,3.0,0.0,1993,10,0,True
20,HK,0.13513513513513514,61,3,A1,66,288.0,0.07575757575757576,1993,10,5,False
0,HK,0.43478260869565216,2,11,A2,7,25.0,0.7142857142857143,1993,10,5,False
4,HK,0.8571428571428571,21,27,A2,165,626.0,0.8727272727272727,1993,10,144,False
12,HK,0.7380952380952381,10,12,A2,41,167.0,0.7560975609756098,1993,10,31,False
8,HK,0.967948717948718,2,8,A2,153,654.0,0.9869281045751634,1993,10,151,False
2,HK,0.9918256130790191,0,3,A2,182,736.0,1.0,1993,10,182,False
11,HK,0.6464646464646465,29,6,A2,61,261.0,0.5245901639344263,1993,10,32,False
17,HK,0.38095238095238093,1,12,A2,5,23.0,0.8,1993,10,4,False
3,HK,0.8469055374592834,27,20,A2,157,644.0,0.8280254777070064,1993,10,130,False
21,HK,0.0,4,13,A2,4,18.0,0.0,1993,10,0,True
16,HK,0.2962962962962963,4,15,A2,8,34.0,0.5,1993,10,4,False
22,HK,0.5396825396825397,4,25,A2,21,85.0,0.8095238095238095,1993,10,17,False
13,HK,0.9745222929936306,7,1,A2,160,662.0,0.95625,1993,10,153,False
18,HK,0.48148148148148145,20,8,A2,33,127.0,0.3939393939393939,1993,10,13,False
14,HK,0.95,3,3,A2,60,252.0,0.95,1993,10,57,False
9,HK,0.9819277108433735,1,5,A2,164,635.0,0.9939024390243902,1993,10,163,False
19,HK,0.0,2,10,A2,2,6.0,0.0,1993,10,0,True
15,HK,0.991869918699187,1,1,A2,123,488.0,0.991869918699187,1993,10,122,False
6,HK,0.0,1,2,A2,1,6.0,0.0,1993,10,0,True
5,HK,0.0,1,2,A2,1,3.0,0.0,1993,10,0,True
20,HK,0.36363636363636365,50,6,A2,66,288.0,0.24242424242424243,1993,10,16,False
0,HK,0.5263157894736842,2,7,A3,7,25.0,0.7142857142857143,1993,10,5,False
4,HK,0.8490028490028491,16,37,A3,165,626.0,0.9030303030303031,1993,10,149,False
12,HK,0.7380952380952381,10,12,A3,41,167.0,0.7560975609756098,1993,10,31,False
8,HK,0.9587301587301588,2,11,A3,153,654.0,0.9869281045751634,1993,10,151,False
2,HK,0.994535519125683,0,2,A3,182,736.0,1.0,1993,10,182,False
11,HK,0.7047619047619048,24,7,A3,61,261.0,0.6065573770491803,1993,10,37,False
17,HK,0.34782608695652173,1,14,A3,5,23.0,0.8,1993,10,4,False
3,HK,0.8125,40,14,A3,157,644.0,0.7452229299363057,1993,10,117,False
21,HK,0.0,4,15,A3,4,18.0,0.0,1993,10,0,True
16,HK,0.3076923076923077,4,14,A3,8,34.0,0.5,1993,10,4,False
22,HK,0.5573770491803278,4,23,A3,21,85.0,0.8095238095238095,1993,10,17,False
13,HK,0.9745222929936306,7,1,A3,160,662.0,0.95625,1993,10,153,False
18,HK,0.4528301886792453,21,8,A3,33,127.0,0.36363636363636365,1993,10,12,False
14,HK,0.95,3,3,A3,60,252.0,0.95,1993,10,57,False
9,HK,0.9819277108433735,1,5,A3,164,635.0,0.9939024390243902,1993,10,163,False
19,HK,0.0,2,11,A3,2,6.0,0.0,1993,10,0,True
15,HK,0.9878542510121457,1,2,A3,123,488.0,0.991869918699187,1993,10,122,False
6,HK,0.0,1,2,A3,1,6.0,0.0,1993,10,0,True
5,HK,0.0,1,1,A3,1,3.0,0.0,1993,10,0,True
20,HK,0.3448275862068966,51,6,A3,66,288.0,0.22727272727272727,1993,10,15,False
0,HK,0.5,2,8,A3s,7,25.0,0.7142857142857143,1993,10,5,False
4,HK,0.8563049853372434,19,30,A3s,165,626.0,0.8848484848484849,1993,10,146,False
12,HK,0.7380952380952381,10,12,A3s,41,167.0,0.7560975609756098,1993,10,31,False
8,HK,0.9648562300319489,2,9,A3s,153,654.0,0.9869281045751634,1993,10,151,False
2,HK,0.9918256130790191,0,3,A3s,182,736.0,1.0,1993,10,182,False
11,HK,0.6923076923076923,25,7,A3s,61,261.0,0.5901639344262295,1993,10,36,False
17,HK,0.38095238095238093,1,12,A3s,5,23.0,0.8,1993,10,4,False
3,HK,0.8372093023255814,31,18,A3s,157,644.0,0.802547770700637,1993,10,126,False
21,HK,0.0,4,13,A3s,4,18.0,0.0,1993,10,0,True
16,HK,0.3076923076923077,4,14,A3s,8,34.0,0.5,1993,10,4,False
22,HK,0.5396825396825397,4,25,A3s,21,85.0,0.8095238095238095,1993,10,17,False
13,HK,0.9776357827476039,7,0,A3s,160,662.0,0.95625,1993,10,153,False
18,HK,0.48148148148148145,20,8,A3s,33,127.0,0.3939393939393939,1993,10,13,False
14,HK,0.95,3,3,A3s,60,252.0,0.95,1993,10,57,False
9,HK,0.9819277108433735,1,5,A3s,164,635.0,0.9939024390243902,1993,10,163,False
19,HK,0.0,2,10,A3s,2,6.0,0.0,1993,10,0,True
15,HK,0.9878542510121457,1,2,A3s,123,488.0,0.991869918699187,1993,10,122,False
6,HK,0.0,1,2,A3s,1,6.0,0.0,1993,10,0,True
5,HK,0.0,1,2,A3s,1,3.0,0.0,1993,10,0,True
20,HK,0.3448275862068966,51,6,A3s,66,288.0,0.22727272727272727,1993,10,15,False
0,HK,0.43478260869565216,2,11,A4,7,25.0,0.7142857142857143,1993,10,5,False
4,HK,0.8571428571428571,21,27,A4,165,626.0,0.8727272727272727,1993,10,144,False
12,HK,0.7380952380952381,10,12,A4,41,167.0,0.7560975609756098,1993,10,31,False
8,HK,0.967948717948718,2,8,A4,153,654.0,0.9869281045751634,1993,10,151,False
2,HK,0.9918256130790191,0,3,A4,182,736.0,1.0,1993,10,182,False
11,HK,0.6464646464646465,29,6,A4,61,261.0,0.5245901639344263,1993,10,32,False
17,HK,0.38095238095238093,1,12,A4,5,23.0,0.8,1993,10,4,False
3,HK,0.8469055374592834,27,20,A4,157,644.0,0.8280254777070064,1993,10,130,False
21,HK,0.0,4,13,A4,4,18.0,0.0,1993,10,0,True
16,HK,0.2962962962962963,4,15,A4,8,34.0,0.5,1993,10,4,False
22,HK,0.5396825396825397,4,25,A4,21,85.0,0.8095238095238095,1993,10,17,False
13,HK,0.9745222929936306,7,1,A4,160,662.0,0.95625,1993,10,153,False
18,HK,0.48148148148148145,20,8,A4,33,127.0,0.3939393939393939,1993,10,13,False
14,HK,0.95,3,3,A4,60,252.0,0.95,1993,10,57,False
9,HK,0.9819277108433735,1,5,A4,164,635.0,0.9939024390243902,1993,10,163,False
19,HK,0.0,2,10,A4,2,6.0,0.0,1993,10,0,True
15,HK,0.991869918699187,1,1,A4,123,488.0,0.991869918699187,1993,10,122,False
6,HK,0.0,1,2,A4,1,6.0,0.0,1993,10,0,True
5,HK,0.0,1,2,A4,1,3.0,0.0,1993,10,0,True
20,HK,0.36363636363636365,50,6,A4,66,288.0,0.24242424242424243,1993,10,16,False
0,HK,0.43478260869565216,2,11,A5,7,25.0,0.7142857142857143,1993,10,5,False
4,HK,0.8571428571428571,21,27,A5,165,626.0,0.8727272727272727,1993,10,144,False
12,HK,0.7380952380952381,10,12,A5,41,167.0,0.7560975609756098,1993,10,31,False
8,HK,0.967948717948718,2,8,A5,153,654.0,0.9869281045751634,1993,10,151,False
2,HK,0.9918256130790191,0,3,A5,182,736.0,1.0,1993,10,182,False
11,HK,0.6464646464646465,29,6,A5,61,261.0,0.5245901639344263,1993,10,32,False
17,HK,0.38095238095238093,1,12,A5,5,23.0,0.8,1993,10,4,False
3,HK,0.8469055374592834,27,20,A5,157,644.0,0.8280254777070064,1993,10,130,False
21,HK,0.0,4,13,A5,4,18.0,0.0,1993,10,0,True
16,HK,0.2962962962962963,4,15,A5,8,34.0,0.5,1993,10,4,False
22,HK,0.5396825396825397,4,25,A5,21,85.0,0.8095238095238095,1993,10,17,False
13,HK,0.9745222929936306,7,1,A5,160,662.0,0.95625,1993,10,153,False
18,HK,0.48148148148148145,20,8,A5,33,127.0,0.3939393939393939,1993,10,13,False
14,HK,0.9411764705882353,4,3,A5,60,252.0,0.9333333333333333,1993,10,56,False
9,HK,0.9819277108433735,1,5,A5,164,635.0,0.9939024390243902,1993,10,163,False
19,HK,0.0,2,11,A5,2,6.0,0.0,1993,10,0,True
15,HK,0.991869918699187,1,1,A5,123,488.0,0.991869918699187,1993,10,122,False
6,HK,0.0,1,2,A5,1,6.0,0.0,1993,10,0,True
5,HK,0.0,1,3,A5,1,3.0,0.0,1993,10,0,True
20,HK,0.3448275862068966,51,6,A5,66,288.0,0.22727272727272727,1993,10,15,False
0,HK,0.43478260869565216,2,11,A6,7,25.0,0.7142857142857143,1993,10,5,False
4,HK,0.8571428571428571,21,27,A6,165,626.0,0.8727272727272727,1993,10,144,False
12,HK,0.7380952380952381,10,12,A6,41,167.0,0.7560975609756098,1993,10,31,False
8,HK,0.967948717948718,2,8,A6,153,654.0,0.9869281045751634,1993,10,151,False
2,HK,0.9918256130790191,0,3,A6,182,736.0,1.0,1993,10,182,False
11,HK,0.6464646464646465,29,6,A6,61,261.0,0.5245901639344263,1993,10,32,False
17,HK,0.38095238095238093,1,12,A6,5,23.0,0.8,1993,10,4,False
3,HK,0.8469055374592834,27,20,A6,157,644.0,0.8280254777070064,1993,10,130,False
21,HK,0.0,4,13,A6,4,18.0,0.0,1993,10,0,True
16,HK,0.2962962962962963,4,15,A6,8,34.0,0.5,1993,10,4,False
22,HK,0.5396825396825397,4,25,A6,21,85.0,0.8095238095238095,1993,10,17,False
13,HK,0.9745222929936306,7,1,A6,160,662.0,0.95625,1993,10,153,False
18,HK,0.48148148148148145,20,8,A6,33,127.0,0.3939393939393939,1993,10,13,False
14,HK,0.95,3,3,A6,60,252.0,0.95,1993,10,57,False
9,HK,0.9819277108433735,1,5,A6,164,635.0,0.9939024390243902,1993,10,163,False
19,HK,0.0,2,10,A6,2,6.0,0.0,1993,10,0,True
15,HK,0.991869918699187,1,1,A6,123,488.0,0.991869918699187,1993,10,122,False
6,HK,0.0,1,2,A6,1,6.0,0.0,1993,10,0,True
5,HK,0.0,1,2,A6,1,3.0,0.0,1993,10,0,True
20,HK,0.36363636363636365,50,6,A6,66,288.0,0.24242424242424243,1993,10,16,False
0,HK,0.2857142857142857,4,11,A7,7,25.0,0.42857142857142855,1993,10,3,False
4,HK,0.7875,39,29,A7,165,626.0,0.7636363636363637,1993,10,126,False
12,HK,0.7160493827160493,12,11,A7,41,167.0,0.7073170731707317,1993,10,29,False
8,HK,0.9260450160771704,9,14,A7,153,654.0,0.9411764705882353,1993,10,144,False
2,HK,0.994535519125683,0,2,A7,182,736.0,1.0,1993,10,182,False
11,HK,0.6140350877192983,26,18,A7,61,261.0,0.5737704918032787,1993,10,35,False
17,HK,0.18181818181818182,2,25,A7,5,23.0,0.6,1993,10,3,False
3,HK,0.7667731629392971,37,36,A7,157,644.0,0.7643312101910829,1993,10,120,False
21,HK,0.0,4,15,A7,4,18.0,0.0,1993,10,0,True
16,HK,0.24,5,14,A7,8,34.0,0.375,1993,10,3,False
22,HK,0.5416666666666666,8,14,A7,21,85.0,0.6190476190476191,1993,10,13,False
13,HK,0.922077922077922,18,6,A7,160,662.0,0.8875,1993,10,142,False
18,HK,0.32142857142857145,24,14,A7,33,127.0,0.2727272727272727,1993,10,9,False
14,HK,0.9043478260869565,8,3,A7,60,252.0,0.8666666666666667,1993,10,52,False
9,HK,0.9693251533742331,6,4,A7,164,635.0,0.9634146341463414,1993,10,158,False
19,HK,0.0,2,10,A7,2,6.0,0.0,1993,10,0,True
15,HK,0.9959183673469387,1,0,A7,123,488.0,0.991869918699187,1993,10,122,False
6,HK,0.0,1,8,A7,1,6.0,0.0,1993,10,0,True
5,HK,0.0,1,4,A7,1,3.0,0.0,1993,10,0,True
20,HK,0.37623762376237624,47,16,A7,66,288.0,0.2878787878787879,1993,10,19,False
0,HK,0.43478260869565216,2,11,A8,7,25.0,0.7142857142857143,1993,10,5,False
4,HK,0.8605341246290801,20,27,A8,165,626.0,0.8787878787878788,1993,10,145,False
12,HK,0.7380952380952381,10,12,A8,41,167.0,0.7560975609756098,1993,10,31,False
8,HK,0.967948717948718,2,8,A8,153,654.0,0.9869281045751634,1993,10,151,False
2,HK,0.9918256130790191,0,3,A8,182,736.0,1.0,1993,10,182,False
11,HK,0.6464646464646465,29,6,A8,61,261.0,0.5245901639344263,1993,10,32,False
17,HK,0.38095238095238093,1,12,A8,5,23.0,0.8,1993,10,4,False
3,HK,0.8496732026143791,27,19,A8,157,644.0,0.8280254777070064,1993,10,130,False
21,HK,0.0,4,13,A8,4,18.0,0.0,1993,10,0,True
16,HK,0.2962962962962963,4,15,A8,8,34.0,0.5,1993,10,4,False
22,HK,0.5483870967741935,4,24,A8,21,85.0,0.8095238095238095,1993,10,17,False
13,HK,0.9745222929936306,7,1,A8,160,662.0,0.95625,1993,10,153,False
18,HK,0.48148148148148145,20,8,A8,33,127.0,0.3939393939393939,1993,10,13,False
14,HK,0.95,3,3,A8,60,252.0,0.95,1993,10,57,False
9,HK,0.9819277108433735,1,5,A8,164,635.0,0.9939024390243902,1993,10,163,False
19,HK,0.0,2,10,A8,2,6.0,0.0,1993,10,0,True
15,HK,0.991869918699187,1,1,A8,123,488.0,0.991869918699187,1993,10,122,False
6,HK,0.0,1,3,A8,1,6.0,0.0,1993,10,0,True
5,HK,0.0,1,2,A8,1,3.0,0.0,1993,10,0,True
20,HK,0.36363636363636365,50,6,A8,66,288.0,0.24242424242424243,1993,10,16,False
0,HK,0.30303030303030304,2,21,P,7,25.0,0.7142857142857143,1993,11,5,False
4,HK,0.8571428571428571,21,27,P,165,626.0,0.8727272727272727,1993,11,144,False
12,HK,0.7083333333333334,7,21,P,41,167.0,0.8292682926829268,1993,11,34,False
8,HK,0.9706840390879479,4,5,P,153,654.0,0.9738562091503268,1993,11,149,False
2,HK,0.8746355685131195,32,11,P,182,736.0,0.8241758241758241,1993,11,150,False
11,HK,0.32558139534883723,47,11,P,61,261.0,0.22950819672131148,1993,11,14,False
17,HK,0.3,2,12,P,5,23.0,0.6,1993,11,3,False
3,HK,0.8403908794788274,28,21,P,157,644.0,0.821656050955414,1993,11,129,False
21,HK,0.0,4,14,P,4,18.0,0.0,1993,11,0,True
16,HK,0.25,5,13,P,8,34.0,0.375,1993,11,3,False
22,HK,0.5245901639344263,5,24,P,21,85.0,0.7619047619047619,1993,11,16,False
13,HK,0.9556962025316456,9,5,P,160,662.0,0.94375,1993,11,151,False
18,HK,0.39285714285714285,22,12,P,33,127.0,0.3333333333333333,1993,11,11,False
14,HK,0.9230769230769231,6,3,P,60,252.0,0.9,1993,11,54,False
9,HK,0.9700598802395209,2,8,P,164,635.0,0.9878048780487805,1993,11,162,False
19,HK,0.0,2,9,P,2,6.0,0.0,1993,11,0,True
15,HK,0.9878542510121457,1,2,P,123,488.0,0.991869918699187,1993,11,122,False
6,HK,0.0,1,4,P,1,6.0,0.0,1993,11,0,True
5,HK,0.0,1,5,P,1,3.0,0.0,1993,11,0,True
20,HK,0.26506024096385544,55,6,P,66,288.0,0.16666666666666666,1993,11,11,False
10,HK,0.8137931034482758,32,22,P,150,595.0,0.7866666666666666,1993,11,118,False
7,HK,0.5526315789473685,0,34,P,21,83.0,1.0,1993,11,21,False
1,HK,0.9553571428571429,6,4,P,113,403.0,0.9469026548672567,1993,11,107,False
0,HK,0.30303030303030304,2,21,A0,7,25.0,0.7142857142857143,1993,11,5,False
4,HK,0.8537313432835821,22,27,A0,165,626.0,0.8666666666666667,1993,11,143,False
12,HK,0.7083333333333334,7,21,A0,41,167.0,0.8292682926829268,1993,11,34,False
8,HK,0.974025974025974,3,5,A0,153,654.0,0.9803921568627451,1993,11,150,False
2,HK,0.877906976744186,31,11,A0,182,736.0,0.8296703296703297,1993,11,151,False
11,HK,0.32941176470588235,47,10,A0,61,261.0,0.22950819672131148,1993,11,14,False
17,HK,0.3,2,12,A0,5,23.0,0.6,1993,11,3,False
3,HK,0.8414239482200647,27,22,A0,157,644.0,0.8280254777070064,1993,11,130,False
21,HK,0.0,4,14,A0,4,18.0,0.0,1993,11,0,True
16,HK,0.25,5,13,A0,8,34.0,0.375,1993,11,3,False
22,HK,0.5333333333333333,5,23,A0,21,85.0,0.7619047619047619,1993,11,16,False
13,HK,0.9587301587301588,9,4,A0,160,662.0,0.94375,1993,11,151,False
18,HK,0.39285714285714285,22,12,A0,33,127.0,0.3333333333333333,1993,11,11,False
14,HK,0.9152542372881356,6,4,A0,60,252.0,0.9,1993,11,54,False
9,HK,0.9700598802395209,2,8,A0,164,635.0,0.9878048780487805,1993,11,162,False
19,HK,0.0,2,8,A0,2,6.0,0.0,1993,11,0,True
15,HK,0.9878542510121457,1,2,A0,123,488.0,0.991869918699187,1993,11,122,False
6,HK,0.0,1,4,A0,1,6.0,0.0,1993,11,0,True
5,HK,0.0,1,5,A0,1,3.0,0.0,1993,11,0,True
20,HK,0.26506024096385544,55,6,A0,66,288.0,0.16666666666666666,1993,11,11,False
10,HK,0.8178694158075601,31,22,A0,150,595.0,0.7933333333333333,1993,11,119,False
7,HK,0.56,0,33,A0,21,83.0,1.0,1993,11,21,False
1,HK,0.9553571428571429,6,4,A0,113,403.0,0.9469026548672567,1993,11,107,False
0,HK,0.17142857142857143,4,25,A1,7,25.0,0.42857142857142855,1993,11,3,False
4,HK,0.8224852071005917,26,34,A1,165,626.0,0.8424242424242424,1993,11,139,False
12,HK,0.6966292134831461,10,17,A1,41,167.0,0.7560975609756098,1993,11,31,False
8,HK,0.9396825396825397,5,14,A1,153,654.0,0.9673202614379085,1993,11,148,False
2,HK,0.8554913294797688,34,16,A1,182,736.0,0.8131868131868132,1993,11,148,False
11,HK,0.2702702702702703,51,3,A1,61,261.0,0.16393442622950818,1993,11,10,False
17,HK,0.16666666666666666,2,28,A1,5,23.0,0.6,1993,11,3,False
3,HK,0.7973421926910299,37,24,A1,157,644.0,0.7643312101910829,1993,11,120,False
21,HK,0.0,4,10,A1,4,18.0,0.0,1993,11,0,True
16,HK,0.29411764705882354,3,21,A1,8,34.0,0.625,1993,11,5,False
22,HK,0.6181818181818182,4,17,A1,21,85.0,0.8095238095238095,1993,11,17,False
13,HK,0.9622641509433962,7,5,A1,160,662.0,0.95625,1993,11,153,False
18,HK,0.23255813953488372,28,5,A1,33,127.0,0.15151515151515152,1993,11,5,False
14,HK,0.8448275862068966,11,7,A1,60,252.0,0.8166666666666667,1993,11,49,False
9,HK,0.9583333333333334,3,11,A1,164,635.0,0.9817073170731707,1993,11,161,False
19,HK,0.0,2,10,A1,2,6.0,0.0,1993,11,0,True
15,HK,0.9609375,0,10,A1,123,488.0,1.0,1993,11,123,False
6,HK,0.0,1,7,A1,1,6.0,0.0,1993,11,0,True
5,HK,0.0,1,9,A1,1,3.0,0.0,1993,11,0,True
20,HK,0.13513513513513514,61,3,A1,66,288.0,0.07575757575757576,1993,11,5,False
10,HK,0.8027210884353742,32,26,A1,150,595.0,0.7866666666666666,1993,11,118,False
7,HK,0.5454545454545454,0,35,A1,21,83.0,1.0,1993,11,21,False
1,HK,0.8930232558139535,17,6,A1,113,403.0,0.8495575221238938,1993,11,96,False
0,HK,0.3125,2,20,A2,7,25.0,0.7142857142857143,1993,11,5,False
4,HK,0.8545994065281899,21,28,A2,165,626.0,0.8727272727272727,1993,11,144,False
12,HK,0.7032967032967034,9,18,A2,41,167.0,0.7804878048780488,1993,11,32,False
8,HK,0.967948717948718,2,8,A2,153,654.0,0.9869281045751634,1993,11,151,False
2,HK,0.8710601719197708,30,15,A2,182,736.0,0.8351648351648352,1993,11,152,False
11,HK,0.3695652173913043,44,14,A2,61,261.0,0.2786885245901639,1993,11,17,False
17,HK,0.36363636363636365,1,13,A2,5,23.0,0.8,1993,11,4,False
3,HK,0.8431372549019608,28,20,A2,157,644.0,0.821656050955414,1993,11,129,False
21,HK,0.0,4,13,A2,4,18.0,0.0,1993,11,0,True
16,HK,0.14814814814814814,6,17,A2,8,34.0,0.25,1993,11,2,False
22,HK,0.5666666666666667,4,22,A2,21,85.0,0.8095238095238095,1993,11,17,False
13,HK,0.9745222929936306,7,1,A2,160,662.0,0.95625,1993,11,153,False
18,HK,0.4230769230769231,22,8,A2,33,127.0,0.3333333333333333,1993,11,11,False
14,HK,0.9411764705882353,4,3,A2,60,252.0,0.9333333333333333,1993,11,56,False
9,HK,0.9731343283582089,1,8,A2,164,635.0,0.9939024390243902,1993,11,163,False
19,HK,0.0,2,11,A2,2,6.0,0.0,1993,11,0,True
15,HK,0.9878542510121457,1,2,A2,123,488.0,0.991869918699187,1993,11,122,False
6,HK,0.0,1,2,A2,1,6.0,0.0,1993,11,0,True
5,HK,0.0,1,3,A2,1,3.0,0.0,1993,11,0,True
20,HK,0.32941176470588235,52,5,A2,66,288.0,0.21212121212121213,1993,11,14,False
10,HK,0.8013937282229965,35,22,A2,150,595.0,0.7666666666666667,1993,11,115,False
7,HK,0.5915492957746479,0,29,A2,21,83.0,1.0,1993,11,21,False
1,HK,0.9321266968325792,10,5,A2,113,403.0,0.911504424778761,1993,11,103,False
0,HK,0.3333333333333333,2,18,A3,7,25.0,0.7142857142857143,1993,11,5,False
4,HK,0.847457627118644,15,39,A3,165,626.0,0.9090909090909091,1993,11,150,False
12,HK,0.7272727272727273,9,15,A3,41,167.0,0.7804878048780488,1993,11,32,False
8,HK,0.9587301587301588,2,11,A3,153,654.0,0.9869281045751634,1993,11,151,False
2,HK,0.8654970760233918,34,12,A3,182,736.0,0.8131868131868132,1993,11,148,False
11,HK,0.45454545454545453,36,24,A3,61,261.0,0.4098360655737705,1993,11,25,False
17,HK,0.4166666666666667,0,14,A3,5,23.0,1.0,1993,11,5,False
3,HK,0.8028169014084507,43,13,A3,157,644.0,0.7261146496815286,1993,11,114,False
21,HK,0.0,4,16,A3,4,18.0,0.0,1993,11,0,True
16,HK,0.13793103448275862,6,19,A3,8,34.0,0.25,1993,11,2,False
22,HK,0.5573770491803278,4,23,A3,21,85.0,0.8095238095238095,1993,11,17,False
13,HK,0.9714285714285714,7,2,A3,160,662.0,0.95625,1993,11,153,False
18,HK,0.46153846153846156,21,7,A3,33,127.0,0.36363636363636365,1993,11,12,False
14,HK,0.9508196721311475,2,4,A3,60,252.0,0.9666666666666667,1993,11,58,False
9,HK,0.9731343283582089,1,8,A3,164,635.0,0.9939024390243902,1993,11,163,False
19,HK,0.0,2,11,A3,2,6.0,0.0,1993,11,0,True
15,HK,0.9878542510121457,1,2,A3,123,488.0,0.991869918699187,1993,11,122,False
6,HK,0.0,1,2,A3,1,6.0,0.0,1993,11,0,True
5,HK,0.0,1,2,A3,1,3.0,0.0,1993,11,0,True
20,HK,0.24691358024691357,56,5,A3,66,288.0,0.15151515151515152,1993,11,10,False
10,HK,0.7794117647058824,44,16,A3,150,595.0,0.7066666666666667,1993,11,106,False
7,HK,0.5526315789473685,0,34,A3,21,83.0,1.0,1993,11,21,False
1,HK,0.9454545454545454,9,3,A3,113,403.0,0.9203539823008849,1993,11,104,False
0,HK,0.30303030303030304,2,21,A3s,7,25.0,0.7142857142857143,1993,11,5,False
4,HK,0.8529411764705882,20,30,A3s,165,626.0,0.8787878787878788,1993,11,145,False
12,HK,0.6888888888888889,10,18,A3s,41,167.0,0.7560975609756098,1993,11,31,False
8,HK,0.9648562300319489,2,9,A3s,153,654.0,0.9869281045751634,1993,11,151,False
2,HK,0.8670520231213873,32,14,A3s,182,736.0,0.8241758241758241,1993,11,150,False
11,HK,0.35789473684210527,44,17,A3s,61,261.0,0.2786885245901639,1993,11,17,False
17,HK,0.36363636363636365,1,13,A3s,5,23.0,0.8,1993,11,4,False
3,HK,0.8344370860927153,31,19,A3s,157,644.0,0.802547770700637,1993,11,126,False
21,HK,0.0,4,14,A3s,4,18.0,0.0,1993,11,0,True
16,HK,0.14814814814814814,6,17,A3s,8,34.0,0.25,1993,11,2,False
22,HK,0.5573770491803278,4,23,A3s,21,85.0,0.8095238095238095,1993,11,17,False
13,HK,0.9745222929936306,7,1,A3s,160,662.0,0.95625,1993,11,153,False
18,HK,0.4528301886792453,21,8,A3s,33,127.0,0.36363636363636365,1993,11,12,False
14,HK,0.95,3,3,A3s,60,252.0,0.95,1993,11,57,False
9,HK,0.9731343283582089,1,8,A3s,164,635.0,0.9939024390243902,1993,11,163,False
19,HK,0.0,2,11,A3s,2,6.0,0.0,1993,11,0,True
15,HK,0.9878542510121457,1,2,A3s,123,488.0,0.991869918699187,1993,11,122,False
6,HK,0.0,1,2,A3s,1,6.0,0.0,1993,11,0,True
5,HK,0.0,1,2,A3s,1,3.0,0.0,1993,11,0,True
20,HK,0.3058823529411765,53,6,A3s,66,288.0,0.19696969696969696,1993,11,13,False
10,HK,0.7887323943661971,38,22,A3s,150,595.0,0.7466666666666667,1993,11,112,False
7,HK,0.5753424657534246,0,31,A3s,21,83.0,1.0,1993,11,21,False
1,HK,0.9406392694063926,10,3,A3s,113,403.0,0.911504424778761,1993,11,103,False
0,HK,0.3125,2,20,A4,7,25.0,0.7142857142857143,1993,11,5,False
4,HK,0.8545994065281899,21,28,A4,165,626.0,0.8727272727272727,1993,11,144,False
12,HK,0.7032967032967034,9,18,A4,41,167.0,0.7804878048780488,1993,11,32,False
8,HK,0.967948717948718,2,8,A4,153,654.0,0.9869281045751634,1993,11,151,False
2,HK,0.8710601719197708,30,15,A4,182,736.0,0.8351648351648352,1993,11,152,False
11,HK,0.3695652173913043,44,14,A4,61,261.0,0.2786885245901639,1993,11,17,False
17,HK,0.36363636363636365,1,13,A4,5,23.0,0.8,1993,11,4,False
3,HK,0.8431372549019608,28,20,A4,157,644.0,0.821656050955414,1993,11,129,False
21,HK,0.0,4,13,A4,4,18.0,0.0,1993,11,0,True
16,HK,0.14814814814814814,6,17,A4,8,34.0,0.25,1993,11,2,False
22,HK,0.5666666666666667,4,22,A4,21,85.0,0.8095238095238095,1993,11,17,False
13,HK,0.9745222929936306,7,1,A4,160,662.0,0.95625,1993,11,153,False
18,HK,0.4230769230769231,22,8,A4,33,127.0,0.3333333333333333,1993,11,11,False
14,HK,0.9411764705882353,4,3,A4,60,252.0,0.9333333333333333,1993,11,56,False
9,HK,0.9731343283582089,1,8,A4,164,635.0,0.9939024390243902,1993,11,163,False
19,HK,0.0,2,11,A4,2,6.0,0.0,1993,11,0,True
15,HK,0.9878542510121457,1,2,A4,123,488.0,0.991869918699187,1993,11,122,False
6,HK,0.0,1,2,A4,1,6.0,0.0,1993,11,0,True
5,HK,0.0,1,3,A4,1,3.0,0.0,1993,11,0,True
20,HK,0.32941176470588235,52,5,A4,66,288.0,0.21212121212121213,1993,11,14,False
10,HK,0.8013937282229965,35,22,A4,150,595.0,0.7666666666666667,1993,11,115,False
7,HK,0.5915492957746479,0,29,A4,21,83.0,1.0,1993,11,21,False
1,HK,0.9321266968325792,10,5,A4,113,403.0,0.911504424778761,1993,11,103,False
0,HK,0.3125,2,20,A5,7,25.0,0.7142857142857143,1993,11,5,False
4,HK,0.8545994065281899,21,28,A5,165,626.0,0.8727272727272727,1993,11,144,False
12,HK,0.7032967032967034,9,18,A5,41,167.0,0.7804878048780488,1993,11,32,False
8,HK,0.967948717948718,2,8,A5,153,654.0,0.9869281045751634,1993,11,151,False
2,HK,0.8710601719197708,30,15,A5,182,736.0,0.8351648351648352,1993,11,152,False
11,HK,0.3695652173913043,44,14,A5,61,261.0,0.2786885245901639,1993,11,17,False
17,HK,0.38095238095238093,1,12,A5,5,23.0,0.8,1993,11,4,False
3,HK,0.8431372549019608,28,20,A5,157,644.0,0.821656050955414,1993,11,129,False
21,HK,0.0,4,14,A5,4,18.0,0.0,1993,11,0,True
16,HK,0.14814814814814814,6,17,A5,8,34.0,0.25,1993,11,2,False
22,HK,0.576271186440678,4,21,A5,21,85.0,0.8095238095238095,1993,11,17,False
13,HK,0.9745222929936306,7,1,A5,160,662.0,0.95625,1993,11,153,False
18,HK,0.4230769230769231,22,8,A5,33,127.0,0.3333333333333333,1993,11,11,False
14,HK,0.9491525423728814,4,2,A5,60,252.0,0.9333333333333333,1993,11,56,False
9,HK,0.9731343283582089,1,8,A5,164,635.0,0.9939024390243902,1993,11,163,False
19,HK,0.0,2,11,A5,2,6.0,0.0,1993,11,0,True
15,HK,0.9919354838709677,0,2,A5,123,488.0,1.0,1993,11,123,False
6,HK,0.0,1,2,A5,1,6.0,0.0,1993,11,0,True
5,HK,0.0,1,3,A5,1,3.0,0.0,1993,11,0,True
20,HK,0.32558139534883723,52,6,A5,66,288.0,0.21212121212121213,1993,11,14,False
10,HK,0.8013937282229965,35,22,A5,150,595.0,0.7666666666666667,1993,11,115,False
7,HK,0.5915492957746479,0,29,A5,21,83.0,1.0,1993,11,21,False
1,HK,0.9321266968325792,10,5,A5,113,403.0,0.911504424778761,1993,11,103,False
0,HK,0.3125,2,20,A6,7,25.0,0.7142857142857143,1993,11,5,False
4,HK,0.8545994065281899,21,28,A6,165,626.0,0.8727272727272727,1993,11,144,False
12,HK,0.7032967032967034,9,18,A6,41,167.0,0.7804878048780488,1993,11,32,False
8,HK,0.967948717948718,2,8,A6,153,654.0,0.9869281045751634,1993,11,151,False
2,HK,0.8710601719197708,30,15,A6,182,736.0,0.8351648351648352,1993,11,152,False
11,HK,0.3695652173913043,44,14,A6,61,261.0,0.2786885245901639,1993,11,17,False
17,HK,0.36363636363636365,1,13,A6,5,23.0,0.8,1993,11,4,False
3,HK,0.8431372549019608,28,20,A6,157,644.0,0.821656050955414,1993,11,129,False
21,HK,0.0,4,13,A6,4,18.0,0.0,1993,11,0,True
16,HK,0.14814814814814814,6,17,A6,8,34.0,0.25,1993,11,2,False
22,HK,0.5666666666666667,4,22,A6,21,85.0,0.8095238095238095,1993,11,17,False
13,HK,0.9745222929936306,7,1,A6,160,662.0,0.95625,1993,11,153,False
18,HK,0.4230769230769231,22,8,A6,33,127.0,0.3333333333333333,1993,11,11,False
14,HK,0.9411764705882353,4,3,A6,60,252.0,0.9333333333333333,1993,11,56,False
9,HK,0.9731343283582089,1,8,A6,164,635.0,0.9939024390243902,1993,11,163,False
19,HK,0.0,2,11,A6,2,6.0,0.0,1993,11,0,True
15,HK,0.9878542510121457,1,2,A6,123,488.0,0.991869918699187,1993,11,122,False
6,HK,0.0,1,2,A6,1,6.0,0.0,1993,11,0,True
5,HK,0.0,1,3,A6,1,3.0,0.0,1993,11,0,True
20,HK,0.32941176470588235,52,5,A6,66,288.0,0.21212121212121213,1993,11,14,False
10,HK,0.8013937282229965,35,22,A6,150,595.0,0.7666666666666667,1993,11,115,False
7,HK,0.5915492957746479,0,29,A6,21,83.0,1.0,1993,11,21,False
1,HK,0.9321266968325792,10,5,A6,113,403.0,0.911504424778761,1993,11,103,False
0,HK,0.2,4,20,A7,7,25.0,0.42857142857142855,1993,11,3,False
4,HK,0.7875,39,29,A7,165,626.0,0.7636363636363637,1993,11,126,False
12,HK,0.6904761904761905,12,14,A7,41,167.0,0.7073170731707317,1993,11,29,False
8,HK,0.9260450160771704,9,14,A7,153,654.0,0.9411764705882353,1993,11,144,False
2,HK,0.8695652173913043,32,13,A7,182,736.0,0.8241758241758241,1993,11,150,False
11,HK,0.448,33,36,A7,61,261.0,0.45901639344262296,1993,11,28,False
17,HK,0.18181818181818182,2,25,A7,5,23.0,0.6,1993,11,3,False
3,HK,0.7628205128205128,38,36,A7,157,644.0,0.7579617834394905,1993,11,119,False
21,HK,0.0,4,15,A7,4,18.0,0.0,1993,11,0,True
16,HK,0.12903225806451613,6,21,A7,8,34.0,0.25,1993,11,2,False
22,HK,0.5416666666666666,8,14,A7,21,85.0,0.6190476190476191,1993,11,13,False
13,HK,0.922077922077922,18,6,A7,160,662.0,0.8875,1993,11,142,False
18,HK,0.32142857142857145,24,14,A7,33,127.0,0.2727272727272727,1993,11,9,False
14,HK,0.9043478260869565,8,3,A7,60,252.0,0.8666666666666667,1993,11,52,False
9,HK,0.9693251533742331,6,4,A7,164,635.0,0.9634146341463414,1993,11,158,False
19,HK,0.0,2,10,A7,2,6.0,0.0,1993,11,0,True
15,HK,0.9959183673469387,1,0,A7,123,488.0,0.991869918699187,1993,11,122,False
6,HK,0.0,1,11,A7,1,6.0,0.0,1993,11,0,True
5,HK,0.0,1,4,A7,1,3.0,0.0,1993,11,0,True
20,HK,0.3434343434343434,49,16,A7,66,288.0,0.25757575757575757,1993,11,17,False
10,HK,0.7601476014760148,47,18,A7,150,595.0,0.6866666666666666,1993,11,103,False
7,HK,0.5384615384615384,0,36,A7,21,83.0,1.0,1993,11,21,False
1,HK,0.9004739336492891,18,3,A7,113,403.0,0.8407079646017699,1993,11,95,False
0,HK,0.3125,2,20,A8,7,25.0,0.7142857142857143,1993,11,5,False
4,HK,0.8511904761904762,22,28,A8,165,626.0,0.8666666666666667,1993,11,143,False
12,HK,0.7032967032967034,9,18,A8,41,167.0,0.7804878048780488,1993,11,32,False
8,HK,0.967948717948718,2,8,A8,153,654.0,0.9869281045751634,1993,11,151,False
2,HK,0.8710601719197708,30,15,A8,182,736.0,0.8351648351648352,1993,11,152,False
11,HK,0.3695652173913043,44,14,A8,61,261.0,0.2786885245901639,1993,11,17,False
17,HK,0.36363636363636365,1,13,A8,5,23.0,0.8,1993,11,4,False
3,HK,0.8403908794788274,28,21,A8,157,644.0,0.821656050955414,1993,11,129,False
21,HK,0.0,4,14,A8,4,18.0,0.0,1993,11,0,True
16,HK,0.14814814814814814,6,17,A8,8,34.0,0.25,1993,11,2,False
22,HK,0.5666666666666667,4,22,A8,21,85.0,0.8095238095238095,1993,11,17,False
13,HK,0.9745222929936306,7,1,A8,160,662.0,0.95625,1993,11,153,False
18,HK,0.39215686274509803,23,8,A8,33,127.0,0.30303030303030304,1993,11,10,False
14,HK,0.9491525423728814,4,2,A8,60,252.0,0.9333333333333333,1993,11,56,False
9,HK,0.9731343283582089,1,8,A8,164,635.0,0.9939024390243902,1993,11,163,False
19,HK,0.0,2,10,A8,2,6.0,0.0,1993,11,0,True
15,HK,0.9919354838709677,0,2,A8,123,488.0,1.0,1993,11,123,False
6,HK,0.0,1,2,A8,1,6.0,0.0,1993,11,0,True
5,HK,0.0,1,3,A8,1,3.0,0.0,1993,11,0,True
20,HK,0.32558139534883723,52,6,A8,66,288.0,0.21212121212121213,1993,11,14,False
10,HK,0.8013937282229965,35,22,A8,150,595.0,0.7666666666666667,1993,11,115,False
7,HK,0.5915492957746479,0,29,A8,21,83.0,1.0,1993,11,21,False
1,HK,0.9321266968325792,10,5,A8,113,403.0,0.911504424778761,1993,11,103,False
22,HK,1.0,0,0,P,21,85.0,1.0,1994,1,21,False
16,HK,1.0,0,0,P,8,34.0,1.0,1994,1,8,False
22,HK,1.0,0,0,A0,21,85.0,1.0,1994,1,21,False
16,HK,1.0,0,0,A0,8,34.0,1.0,1994,1,8,False
22,HK,1.0,0,0,A1,21,85.0,1.0,1994,1,21,False
16,HK,1.0,0,0,A1,8,34.0,1.0,1994,1,8,False
22,HK,1.0,0,0,A2,21,85.0,1.0,1994,1,21,False
16,HK,1.0,0,0,A2,8,34.0,1.0,1994,1,8,False
22,HK,1.0,0,0,A3,21,85.0,1.0,1994,1,21,False
16,HK,1.0,0,0,A3,8,34.0,1.0,1994,1,8,False
22,HK,1.0,0,0,A3s,21,85.0,1.0,1994,1,21,False
16,HK,1.0,0,0,A3s,8,34.0,1.0,1994,1,8,False
22,HK,1.0,0,0,A4,21,85.0,1.0,1994,1,21,False
16,HK,1.0,0,0,A4,8,34.0,1.0,1994,1,8,False
22,HK,1.0,0,0,A5,21,85.0,1.0,1994,1,21,False
16,HK,1.0,0,0,A5,8,34.0,1.0,1994,1,8,False
22,HK,1.0,0,0,A6,21,85.0,1.0,1994,1,21,False
16,HK,1.0,0,0,A6,8,34.0,1.0,1994,1,8,False
22,HK,1.0,0,0,A7,21,85.0,1.0,1994,1,21,False
16,HK,1.0,0,0,A7,8,34.0,1.0,1994,1,8,False
22,HK,1.0,0,0,A8,21,85.0,1.0,1994,1,21,False
16,HK,1.0,0,0,A8,8,34.0,1.0,1994,1,8,False
22,HK,0.9333333333333333,0,3,P,21,85.0,1.0,1994,2,21,False
16,HK,0.8,0,4,P,8,34.0,1.0,1994,2,8,False
12,HK,0.9367088607594937,4,1,P,41,167.0,0.9024390243902439,1994,2,37,False
13,HK,0.9873417721518988,4,0,P,160,662.0,0.975,1994,2,156,False
22,HK,0.9333333333333333,0,3,A0,21,85.0,1.0,1994,2,21,False
16,HK,0.7619047619047619,0,5,A0,8,34.0,1.0,1994,2,8,False
12,HK,0.9367088607594937,4,1,A0,41,167.0,0.9024390243902439,1994,2,37,False
13,HK,0.9841269841269841,5,0,A0,160,662.0,0.96875,1994,2,155,False
22,HK,0.875,0,6,A1,21,85.0,1.0,1994,2,21,False
16,HK,0.6153846153846154,0,10,A1,8,34.0,1.0,1994,2,8,False
12,HK,0.8611111111111112,10,0,A1,41,167.0,0.7560975609756098,1994,2,31,False
13,HK,0.9808917197452229,6,0,A1,160,662.0,0.9625,1994,2,154,False
22,HK,0.9333333333333333,0,3,A2,21,85.0,1.0,1994,2,21,False
16,HK,0.7619047619047619,0,5,A2,8,34.0,1.0,1994,2,8,False
12,HK,0.935064935064935,5,0,A2,41,167.0,0.8780487804878049,1994,2,36,False
13,HK,0.9905362776025236,3,0,A2,160,662.0,0.98125,1994,2,157,False
22,HK,0.9130434782608695,0,4,A3,21,85.0,1.0,1994,2,21,False
16,HK,0.7619047619047619,0,5,A3,8,34.0,1.0,1994,2,8,False
12,HK,0.9230769230769231,5,1,A3,41,167.0,0.8780487804878049,1994,2,36,False
13,HK,0.9841269841269841,5,0,A3,160,662.0,0.96875,1994,2,155,False
22,HK,0.9333333333333333,0,3,A3s,21,85.0,1.0,1994,2,21,False
16,HK,0.7619047619047619,0,5,A3s,8,34.0,1.0,1994,2,8,False
12,HK,0.935064935064935,5,0,A3s,41,167.0,0.8780487804878049,1994,2,36,False
13,HK,0.9905362776025236,3,0,A3s,160,662.0,0.98125,1994,2,157,False
22,HK,0.9333333333333333,0,3,A4,21,85.0,1.0,1994,2,21,False
16,HK,0.7619047619047619,0,5,A4,8,34.0,1.0,1994,2,8,False
12,HK,0.935064935064935,5,0,A4,41,167.0,0.8780487804878049,1994,2,36,False
13,HK,0.9905362776025236,3,0,A4,160,662.0,0.98125,1994,2,157,False
22,HK,0.9333333333333333,0,3,A5,21,85.0,1.0,1994,2,21,False
16,HK,0.7619047619047619,0,5,A5,8,34.0,1.0,1994,2,8,False
12,HK,0.935064935064935,5,0,A5,41,167.0,0.8780487804878049,1994,2,36,False
13,HK,0.9905362776025236,3,0,A5,160,662.0,0.98125,1994,2,157,False
22,HK,0.9333333333333333,0,3,A6,21,85.0,1.0,1994,2,21,False
16,HK,0.7619047619047619,0,5,A6,8,34.0,1.0,1994,2,8,False
12,HK,0.935064935064935,5,0,A6,41,167.0,0.8780487804878049,1994,2,36,False
13,HK,0.9905362776025236,3,0,A6,160,662.0,0.98125,1994,2,157,False
22,HK,0.8936170212765957,0,5,A7,21,85.0,1.0,1994,2,21,False
16,HK,0.5,0,16,A7,8,34.0,1.0,1994,2,8,False
12,HK,0.8450704225352113,11,0,A7,41,167.0,0.7317073170731707,1994,2,30,False
13,HK,0.967741935483871,10,0,A7,160,662.0,0.9375,1994,2,150,False
22,HK,0.9333333333333333,0,3,A8,21,85.0,1.0,1994,2,21,False
16,HK,0.7619047619047619,0,5,A8,8,34.0,1.0,1994,2,8,False
12,HK,0.935064935064935,5,0,A8,41,167.0,0.8780487804878049,1994,2,36,False
13,HK,0.9905362776025236,3,0,A8,160,662.0,0.98125,1994,2,157,False
22,HK,0.7804878048780488,5,4,P,21,85.0,0.7619047619047619,1994,3,16,False
16,HK,0.7272727272727273,0,6,P,8,34.0,1.0,1994,3,8,False
12,HK,0.9230769230769231,5,1,P,41,167.0,0.8780487804878049,1994,3,36,False
13,HK,0.9873417721518988,4,0,P,160,662.0,0.975,1994,3,156,False
21,HK,0.18181818181818182,3,6,P,4,18.0,0.25,1994,3,1,False
4,HK,1.0,0,0,P,165,626.0,1.0,1994,3,165,False
22,HK,0.7804878048780488,5,4,A0,21,85.0,0.7619047619047619,1994,3,16,False
16,HK,0.7272727272727273,0,6,A0,8,34.0,1.0,1994,3,8,False
12,HK,0.9230769230769231,5,1,A0,41,167.0,0.8780487804878049,1994,3,36,False
13,HK,0.9873417721518988,4,0,A0,160,662.0,0.975,1994,3,156,False
21,HK,0.18181818181818182,3,6,A0,4,18.0,0.25,1994,3,1,False
4,HK,1.0,0,0,A0,165,626.0,1.0,1994,3,165,False
22,HK,0.7906976744186046,4,5,A1,21,85.0,0.8095238095238095,1994,3,17,False
16,HK,0.6153846153846154,0,10,A1,8,34.0,1.0,1994,3,8,False
12,HK,0.8611111111111112,10,0,A1,41,167.0,0.7560975609756098,1994,3,31,False
13,HK,0.9810126582278481,5,1,A1,160,662.0,0.96875,1994,3,155,False
21,HK,0.5,1,5,A1,4,18.0,0.75,1994,3,3,False
4,HK,0.9969604863221885,1,0,A1,165,626.0,0.9939393939393939,1994,3,164,False
22,HK,0.8372093023255814,3,4,A2,21,85.0,0.8571428571428571,1994,3,18,False
16,HK,0.6956521739130435,0,7,A2,8,34.0,1.0,1994,3,8,False
12,HK,0.8947368421052632,7,1,A2,41,167.0,0.8292682926829268,1994,3,34,False
13,HK,0.9873417721518988,4,0,A2,160,662.0,0.975,1994,3,156,False
21,HK,0.2,3,5,A2,4,18.0,0.25,1994,3,1,False
4,HK,1.0,0,0,A2,165,626.0,1.0,1994,3,165,False
22,HK,0.8181818181818182,3,5,A3,21,85.0,0.8571428571428571,1994,3,18,False
16,HK,0.6956521739130435,0,7,A3,8,34.0,1.0,1994,3,8,False
12,HK,0.8947368421052632,7,1,A3,41,167.0,0.8292682926829268,1994,3,34,False
13,HK,0.9841269841269841,5,0,A3,160,662.0,0.96875,1994,3,155,False
21,HK,0.2,3,5,A3,4,18.0,0.25,1994,3,1,False
4,HK,1.0,0,0,A3,165,626.0,1.0,1994,3,165,False
22,HK,0.8181818181818182,3,5,A3s,21,85.0,0.8571428571428571,1994,3,18,False
16,HK,0.6956521739130435,0,7,A3s,8,34.0,1.0,1994,3,8,False
12,HK,0.8947368421052632,7,1,A3s,41,167.0,0.8292682926829268,1994,3,34,False
13,HK,0.9841269841269841,5,0,A3s,160,662.0,0.96875,1994,3,155,False
21,HK,0.2,3,5,A3s,4,18.0,0.25,1994,3,1,False
4,HK,1.0,0,0,A3s,165,626.0,1.0,1994,3,165,False
22,HK,0.8372093023255814,3,4,A4,21,85.0,0.8571428571428571,1994,3,18,False
16,HK,0.6956521739130435,0,7,A4,8,34.0,1.0,1994,3,8,False
12,HK,0.8947368421052632,7,1,A4,41,167.0,0.8292682926829268,1994,3,34,False
13,HK,0.9873417721518988,4,0,A4,160,662.0,0.975,1994,3,156,False
21,HK,0.2,3,5,A4,4,18.0,0.25,1994,3,1,False
4,HK,1.0,0,0,A4,165,626.0,1.0,1994,3,165,False
22,HK,0.8372093023255814,3,4,A5,21,85.0,0.8571428571428571,1994,3,18,False
16,HK,0.6956521739130435,0,7,A5,8,34.0,1.0,1994,3,8,False
12,HK,0.8947368421052632,7,1,A5,41,167.0,0.8292682926829268,1994,3,34,False
13,HK,0.9873417721518988,4,0,A5,160,662.0,0.975,1994,3,156,False
21,HK,0.2,3,5,A5,4,18.0,0.25,1994,3,1,False
4,HK,1.0,0,0,A5,165,626.0,1.0,1994,3,165,False
22,HK,0.8372093023255814,3,4,A6,21,85.0,0.8571428571428571,1994,3,18,False
16,HK,0.6956521739130435,0,7,A6,8,34.0,1.0,1994,3,8,False
12,HK,0.8947368421052632,7,1,A6,41,167.0,0.8292682926829268,1994,3,34,False
13,HK,0.9873417721518988,4,0,A6,160,662.0,0.975,1994,3,156,False
21,HK,0.2,3,5,A6,4,18.0,0.25,1994,3,1,False
4,HK,1.0,0,0,A6,165,626.0,1.0,1994,3,165,False
22,HK,0.7317073170731707,6,5,A7,21,85.0,0.7142857142857143,1994,3,15,False
16,HK,0.5,0,16,A7,8,34.0,1.0,1994,3,8,False
12,HK,0.8450704225352113,11,0,A7,41,167.0,0.7317073170731707,1994,3,30,False
13,HK,0.9615384615384616,10,2,A7,160,662.0,0.9375,1994,3,150,False
21,HK,0.2857142857142857,2,8,A7,4,18.0,0.5,1994,3,2,False
4,HK,0.9939024390243902,2,0,A7,165,626.0,0.9878787878787879,1994,3,163,False
22,HK,0.8095238095238095,4,4,A8,21,85.0,0.8095238095238095,1994,3,17,False
16,HK,0.6956521739130435,0,7,A8,8,34.0,1.0,1994,3,8,False
12,HK,0.8947368421052632,7,1,A8,41,167.0,0.8292682926829268,1994,3,34,False
13,HK,0.9905362776025236,3,0,A8,160,662.0,0.98125,1994,3,157,False
21,HK,0.2,3,5,A8,4,18.0,0.25,1994,3,1,False
4,HK,1.0,0,0,A8,165,626.0,1.0,1994,3,165,False
22,HK,0.7272727272727273,5,7,P,21,85.0,0.7619047619047619,1994,4,16,False
16,HK,0.6666666666666666,0,8,P,8,34.0,1.0,1994,4,8,False
12,HK,0.9090909090909091,6,1,P,41,167.0,0.8536585365853658,1994,4,35,False
13,HK,0.9743589743589743,8,0,P,160,662.0,0.95,1994,4,152,False
21,HK,0.18181818181818182,3,6,P,4,18.0,0.25,1994,4,1,False
4,HK,0.9969788519637462,0,1,P,165,626.0,1.0,1994,4,165,False
19,HK,0.0,2,0,P,2,6.0,0.0,1994,4,0,True
17,HK,0.7272727272727273,1,2,P,5,23.0,0.8,1994,4,4,False
22,HK,0.7272727272727273,5,7,A0,21,85.0,0.7619047619047619,1994,4,16,False
16,HK,0.6666666666666666,0,8,A0,8,34.0,1.0,1994,4,8,False
12,HK,0.9090909090909091,6,1,A0,41,167.0,0.8536585365853658,1994,4,35,False
13,HK,0.9776357827476039,7,0,A0,160,662.0,0.95625,1994,4,153,False
21,HK,0.18181818181818182,3,6,A0,4,18.0,0.25,1994,4,1,False
4,HK,0.9969788519637462,0,1,A0,165,626.0,1.0,1994,4,165,False
19,HK,0.0,2,0,A0,2,6.0,0.0,1994,4,0,True
17,HK,0.8,1,1,A0,5,23.0,0.8,1994,4,4,False
22,HK,0.8372093023255814,3,4,A1,21,85.0,0.8571428571428571,1994,4,18,False
16,HK,0.6153846153846154,0,10,A1,8,34.0,1.0,1994,4,8,False
12,HK,0.8611111111111112,10,0,A1,41,167.0,0.7560975609756098,1994,4,31,False
13,HK,0.9710610932475884,9,0,A1,160,662.0,0.94375,1994,4,151,False
21,HK,0.2,3,5,A1,4,18.0,0.25,1994,4,1,False
4,HK,1.0,0,0,A1,165,626.0,1.0,1994,4,165,False
19,HK,0.4,1,2,A1,2,6.0,0.5,1994,4,1,False
17,HK,0.6666666666666666,0,5,A1,5,23.0,1.0,1994,4,5,False
22,HK,0.8372093023255814,3,4,A2,21,85.0,0.8571428571428571,1994,4,18,False
16,HK,0.6956521739130435,0,7,A2,8,34.0,1.0,1994,4,8,False
12,HK,0.9066666666666666,7,0,A2,41,167.0,0.8292682926829268,1994,4,34,False
13,HK,0.9905362776025236,3,0,A2,160,662.0,0.98125,1994,4,157,False
21,HK,0.18181818181818182,3,6,A2,4,18.0,0.25,1994,4,1,False
4,HK,1.0,0,0,A2,165,626.0,1.0,1994,4,165,False
19,HK,0.0,2,1,A2,2,6.0,0.0,1994,4,0,True
17,HK,1.0,0,0,A2,5,23.0,1.0,1994,4,5,False
22,HK,0.8372093023255814,3,4,A3,21,85.0,0.8571428571428571,1994,4,18,False
16,HK,0.6956521739130435,0,7,A3,8,34.0,1.0,1994,4,8,False
12,HK,0.8947368421052632,7,1,A3,41,167.0,0.8292682926829268,1994,4,34,False
13,HK,0.9873417721518988,4,0,A3,160,662.0,0.975,1994,4,156,False
21,HK,0.18181818181818182,3,6,A3,4,18.0,0.25,1994,4,1,False
4,HK,1.0,0,0,A3,165,626.0,1.0,1994,4,165,False
19,HK,0.0,2,1,A3,2,6.0,0.0,1994,4,0,True
17,HK,1.0,0,0,A3,5,23.0,1.0,1994,4,5,False
22,HK,0.8372093023255814,3,4,A3s,21,85.0,0.8571428571428571,1994,4,18,False
16,HK,0.6956521739130435,0,7,A3s,8,34.0,1.0,1994,4,8,False
12,HK,0.8947368421052632,7,1,A3s,41,167.0,0.8292682926829268,1994,4,34,False
13,HK,0.9873417721518988,4,0,A3s,160,662.0,0.975,1994,4,156,False
21,HK,0.18181818181818182,3,6,A3s,4,18.0,0.25,1994,4,1,False
4,HK,1.0,0,0,A3s,165,626.0,1.0,1994,4,165,False
19,HK,0.0,2,1,A3s,2,6.0,0.0,1994,4,0,True
17,HK,1.0,0,0,A3s,5,23.0,1.0,1994,4,5,False
22,HK,0.8372093023255814,3,4,A4,21,85.0,0.8571428571428571,1994,4,18,False
16,HK,0.6956521739130435,0,7,A4,8,34.0,1.0,1994,4,8,False
12,HK,0.9066666666666666,7,0,A4,41,167.0,0.8292682926829268,1994,4,34,False
13,HK,0.9905362776025236,3,0,A4,160,662.0,0.98125,1994,4,157,False
21,HK,0.18181818181818182,3,6,A4,4,18.0,0.25,1994,4,1,False
4,HK,1.0,0,0,A4,165,626.0,1.0,1994,4,165,False
19,HK,0.0,2,1,A4,2,6.0,0.0,1994,4,0,True
17,HK,1.0,0,0,A4,5,23.0,1.0,1994,4,5,False
22,HK,0.8095238095238095,4,4,A5,21,85.0,0.8095238095238095,1994,4,17,False
16,HK,0.6956521739130435,0,7,A5,8,34.0,1.0,1994,4,8,False
12,HK,0.9066666666666666,7,0,A5,41,167.0,0.8292682926829268,1994,4,34,False
13,HK,0.9905362776025236,3,0,A5,160,662.0,0.98125,1994,4,157,False
21,HK,0.16666666666666666,3,7,A5,4,18.0,0.25,1994,4,1,False
4,HK,1.0,0,0,A5,165,626.0,1.0,1994,4,165,False
19,HK,0.0,2,1,A5,2,6.0,0.0,1994,4,0,True
17,HK,1.0,0,0,A5,5,23.0,1.0,1994,4,5,False
22,HK,0.8372093023255814,3,4,A6,21,85.0,0.8571428571428571,1994,4,18,False
16,HK,0.6956521739130435,0,7,A6,8,34.0,1.0,1994,4,8,False
12,HK,0.9066666666666666,7,0,A6,41,167.0,0.8292682926829268,1994,4,34,False
13,HK,0.9905362776025236,3,0,A6,160,662.0,0.98125,1994,4,157,False
21,HK,0.18181818181818182,3,6,A6,4,18.0,0.25,1994,4,1,False
4,HK,1.0,0,0,A6,165,626.0,1.0,1994,4,165,False
19,HK,0.0,2,1,A6,2,6.0,0.0,1994,4,0,True
17,HK,1.0,0,0,A6,5,23.0,1.0,1994,4,5,False
22,HK,0.6842105263157895,8,4,A7,21,85.0,0.6190476190476191,1994,4,13,False
16,HK,0.5,0,16,A7,8,34.0,1.0,1994,4,8,False
12,HK,0.8450704225352113,11,0,A7,41,167.0,0.7317073170731707,1994,4,30,False
13,HK,0.9411764705882353,16,2,A7,160,662.0,0.9,1994,4,144,False
21,HK,0.0,4,9,A7,4,18.0,0.0,1994,4,0,True
4,HK,0.9814814814814815,6,0,A7,165,626.0,0.9636363636363636,1994,4,159,False
19,HK,0.0,2,4,A7,2,6.0,0.0,1994,4,0,True
17,HK,0.36363636363636365,1,13,A7,5,23.0,0.8,1994,4,4,False
22,HK,0.8372093023255814,3,4,A8,21,85.0,0.8571428571428571,1994,4,18,False
16,HK,0.6956521739130435,0,7,A8,8,34.0,1.0,1994,4,8,False
12,HK,0.9066666666666666,7,0,A8,41,167.0,0.8292682926829268,1994,4,34,False
13,HK,0.9905362776025236,3,0,A8,160,662.0,0.98125,1994,4,157,False
21,HK,0.18181818181818182,3,6,A8,4,18.0,0.25,1994,4,1,False
4,HK,1.0,0,0,A8,165,626.0,1.0,1994,4,165,False
19,HK,0.0,2,1,A8,2,6.0,0.0,1994,4,0,True
17,HK,1.0,0,0,A8,5,23.0,1.0,1994,4,5,False
22,HK,0.7441860465116279,5,6,P,21,85.0,0.7619047619047619,1994,5,16,False
16,HK,0.5185185185185185,1,12,P,8,34.0,0.875,1994,5,7,False
12,HK,0.7415730337078652,8,15,P,41,167.0,0.8048780487804879,1994,5,33,False
13,HK,0.9776357827476039,7,0,P,160,662.0,0.95625,1994,5,153,False
21,HK,0.18181818181818182,3,6,P,4,18.0,0.25,1994,5,1,False
4,HK,0.9969788519637462,0,1,P,165,626.0,1.0,1994,5,165,False
19,HK,0.0,2,1,P,2,6.0,0.0,1994,5,0,True
17,HK,0.7272727272727273,1,2,P,5,23.0,0.8,1994,5,4,False
6,HK,0.0,1,1,P,1,6.0,0.0,1994,5,0,True
11,HK,0.6981132075471698,24,8,P,61,261.0,0.6065573770491803,1994,5,37,False
22,HK,0.7272727272727273,5,7,A0,21,85.0,0.7619047619047619,1994,5,16,False
16,HK,0.5384615384615384,1,11,A0,8,34.0,0.875,1994,5,7,False
12,HK,0.75,8,14,A0,41,167.0,0.8048780487804879,1994,5,33,False
13,HK,0.9776357827476039,7,0,A0,160,662.0,0.95625,1994,5,153,False
21,HK,0.2,3,5,A0,4,18.0,0.25,1994,5,1,False
4,HK,0.9969788519637462,0,1,A0,165,626.0,1.0,1994,5,165,False
19,HK,0.0,2,1,A0,2,6.0,0.0,1994,5,0,True
17,HK,0.7272727272727273,1,2,A0,5,23.0,0.8,1994,5,4,False
6,HK,0.0,1,1,A0,1,6.0,0.0,1994,5,0,True
11,HK,0.7037037037037037,23,9,A0,61,261.0,0.6229508196721312,1994,5,38,False
22,HK,0.7906976744186046,4,5,A1,21,85.0,0.8095238095238095,1994,5,17,False
16,HK,0.42424242424242425,1,18,A1,8,34.0,0.875,1994,5,7,False
12,HK,0.7142857142857143,11,13,A1,41,167.0,0.7317073170731707,1994,5,30,False
13,HK,0.9710610932475884,9,0,A1,160,662.0,0.94375,1994,5,151,False
21,HK,0.2,3,5,A1,4,18.0,0.25,1994,5,1,False
4,HK,1.0,0,0,A1,165,626.0,1.0,1994,5,165,False
19,HK,0.2857142857142857,1,4,A1,2,6.0,0.5,1994,5,1,False
17,HK,0.7142857142857143,0,4,A1,5,23.0,1.0,1994,5,5,False
6,HK,0.0,1,0,A1,1,6.0,0.0,1994,5,0,True
11,HK,0.6601941747572816,27,8,A1,61,261.0,0.5573770491803278,1994,5,34,False
22,HK,0.7619047619047619,5,5,A2,21,85.0,0.7619047619047619,1994,5,16,False
16,HK,0.45161290322580644,1,16,A2,8,34.0,0.875,1994,5,7,False
12,HK,0.7560975609756098,10,10,A2,41,167.0,0.7560975609756098,1994,5,31,False
13,HK,0.9873417721518988,4,0,A2,160,662.0,0.975,1994,5,156,False
21,HK,0.16666666666666666,3,7,A2,4,18.0,0.25,1994,5,1,False
4,HK,1.0,0,0,A2,165,626.0,1.0,1994,5,165,False
19,HK,0.0,2,2,A2,2,6.0,0.0,1994,5,0,True
17,HK,1.0,0,0,A2,5,23.0,1.0,1994,5,5,False
6,HK,0.0,1,0,A2,1,6.0,0.0,1994,5,0,True
11,HK,0.7037037037037037,23,9,A2,61,261.0,0.6229508196721312,1994,5,38,False
22,HK,0.7619047619047619,5,5,A3,21,85.0,0.7619047619047619,1994,5,16,False
16,HK,0.4666666666666667,1,15,A3,8,34.0,0.875,1994,5,7,False
12,HK,0.7560975609756098,10,10,A3,41,167.0,0.7560975609756098,1994,5,31,False
13,HK,0.9808917197452229,6,0,A3,160,662.0,0.9625,1994,5,154,False
21,HK,0.16666666666666666,3,7,A3,4,18.0,0.25,1994,5,1,False
4,HK,1.0,0,0,A3,165,626.0,1.0,1994,5,165,False
19,HK,0.0,2,2,A3,2,6.0,0.0,1994,5,0,True
17,HK,0.9090909090909091,0,1,A3,5,23.0,1.0,1994,5,5,False
6,HK,0.0,1,0,A3,1,6.0,0.0,1994,5,0,True
11,HK,0.7090909090909091,22,10,A3,61,261.0,0.639344262295082,1994,5,39,False
22,HK,0.7619047619047619,5,5,A3s,21,85.0,0.7619047619047619,1994,5,16,False
16,HK,0.46153846153846156,2,12,A3s,8,34.0,0.75,1994,5,6,False
12,HK,0.7654320987654321,10,9,A3s,41,167.0,0.7560975609756098,1994,5,31,False
13,HK,0.9808917197452229,6,0,A3s,160,662.0,0.9625,1994,5,154,False
21,HK,0.16666666666666666,3,7,A3s,4,18.0,0.25,1994,5,1,False
4,HK,1.0,0,0,A3s,165,626.0,1.0,1994,5,165,False
19,HK,0.0,2,2,A3s,2,6.0,0.0,1994,5,0,True
17,HK,0.9090909090909091,0,1,A3s,5,23.0,1.0,1994,5,5,False
6,HK,0.0,1,0,A3s,1,6.0,0.0,1994,5,0,True
11,HK,0.7478260869565218,18,11,A3s,61,261.0,0.7049180327868853,1994,5,43,False
22,HK,0.7619047619047619,5,5,A4,21,85.0,0.7619047619047619,1994,5,16,False
16,HK,0.45161290322580644,1,16,A4,8,34.0,0.875,1994,5,7,False
12,HK,0.7560975609756098,10,10,A4,41,167.0,0.7560975609756098,1994,5,31,False
13,HK,0.9873417721518988,4,0,A4,160,662.0,0.975,1994,5,156,False
21,HK,0.16666666666666666,3,7,A4,4,18.0,0.25,1994,5,1,False
4,HK,1.0,0,0,A4,165,626.0,1.0,1994,5,165,False
19,HK,0.0,2,2,A4,2,6.0,0.0,1994,5,0,True
17,HK,1.0,0,0,A4,5,23.0,1.0,1994,5,5,False
6,HK,0.0,1,0,A4,1,6.0,0.0,1994,5,0,True
11,HK,0.7037037037037037,23,9,A4,61,261.0,0.6229508196721312,1994,5,38,False
22,HK,0.7619047619047619,5,5,A5,21,85.0,0.7619047619047619,1994,5,16,False
16,HK,0.45161290322580644,1,16,A5,8,34.0,0.875,1994,5,7,False
12,HK,0.7560975609756098,10,10,A5,41,167.0,0.7560975609756098,1994,5,31,False
13,HK,0.9873417721518988,4,0,A5,160,662.0,0.975,1994,5,156,False
21,HK,0.16666666666666666,3,7,A5,4,18.0,0.25,1994,5,1,False
4,HK,1.0,0,0,A5,165,626.0,1.0,1994,5,165,False
19,HK,0.0,2,2,A5,2,6.0,0.0,1994,5,0,True
17,HK,1.0,0,0,A5,5,23.0,1.0,1994,5,5,False
6,HK,0.0,1,0,A5,1,6.0,0.0,1994,5,0,True
11,HK,0.7037037037037037,23,9,A5,61,261.0,0.6229508196721312,1994,5,38,False
22,HK,0.7619047619047619,5,5,A6,21,85.0,0.7619047619047619,1994,5,16,False
16,HK,0.45161290322580644,1,16,A6,8,34.0,0.875,1994,5,7,False
12,HK,0.7560975609756098,10,10,A6,41,167.0,0.7560975609756098,1994,5,31,False
13,HK,0.9873417721518988,4,0,A6,160,662.0,0.975,1994,5,156,False
21,HK,0.16666666666666666,3,7,A6,4,18.0,0.25,1994,5,1,False
4,HK,1.0,0,0,A6,165,626.0,1.0,1994,5,165,False
19,HK,0.0,2,2,A6,2,6.0,0.0,1994,5,0,True
17,HK,1.0,0,0,A6,5,23.0,1.0,1994,5,5,False
6,HK,0.0,1,0,A6,1,6.0,0.0,1994,5,0,True
11,HK,0.7037037037037037,23,9,A6,61,261.0,0.6229508196721312,1994,5,38,False
22,HK,0.6666666666666666,9,3,A7,21,85.0,0.5714285714285714,1994,5,12,False
16,HK,0.3225806451612903,3,18,A7,8,34.0,0.625,1994,5,5,False
12,HK,0.7073170731707317,12,12,A7,41,167.0,0.7073170731707317,1994,5,29,False
13,HK,0.9377049180327869,17,2,A7,160,662.0,0.89375,1994,5,143,False
21,HK,0.0,4,10,A7,4,18.0,0.0,1994,5,0,True
4,HK,0.9814814814814815,6,0,A7,165,626.0,0.9636363636363636,1994,5,159,False
19,HK,0.0,2,4,A7,2,6.0,0.0,1994,5,0,True
17,HK,0.36363636363636365,1,13,A7,5,23.0,0.8,1994,5,4,False
6,HK,0.0,1,2,A7,1,6.0,0.0,1994,5,0,True
11,HK,0.6371681415929203,25,16,A7,61,261.0,0.5901639344262295,1994,5,36,False
22,HK,0.7619047619047619,5,5,A8,21,85.0,0.7619047619047619,1994,5,16,False
16,HK,0.45161290322580644,1,16,A8,8,34.0,0.875,1994,5,7,False
12,HK,0.7560975609756098,10,10,A8,41,167.0,0.7560975609756098,1994,5,31,False
13,HK,0.9873417721518988,4,0,A8,160,662.0,0.975,1994,5,156,False
21,HK,0.16666666666666666,3,7,A8,4,18.0,0.25,1994,5,1,False
4,HK,1.0,0,0,A8,165,626.0,1.0,1994,5,165,False
19,HK,0.0,2,2,A8,2,6.0,0.0,1994,5,0,True
17,HK,1.0,0,0,A8,5,23.0,1.0,1994,5,5,False
6,HK,0.0,1,0,A8,1,6.0,0.0,1994,5,0,True
11,HK,0.7037037037037037,23,9,A8,61,261.0,0.6229508196721312,1994,5,38,False
22,HK,0.7619047619047619,5,5,P,21,85.0,0.7619047619047619,1994,6,16,False
16,HK,0.5,1,13,P,8,34.0,0.875,1994,6,7,False
12,HK,0.7415730337078652,8,15,P,41,167.0,0.8048780487804879,1994,6,33,False
13,HK,0.9743589743589743,8,0,P,160,662.0,0.95,1994,6,152,False
21,HK,0.18181818181818182,3,6,P,4,18.0,0.25,1994,6,1,False
4,HK,0.8719512195121951,22,20,P,165,626.0,0.8666666666666667,1994,6,143,False
19,HK,0.0,2,1,P,2,6.0,0.0,1994,6,0,True
17,HK,0.6666666666666666,1,3,P,5,23.0,0.8,1994,6,4,False
6,HK,0.0,1,1,P,1,6.0,0.0,1994,6,0,True
11,HK,0.6981132075471698,24,8,P,61,261.0,0.6065573770491803,1994,6,37,False
3,HK,0.8670886075949367,20,22,P,157,644.0,0.8726114649681529,1994,6,137,False
15,HK,0.9959514170040485,0,1,P,123,488.0,1.0,1994,6,123,False
22,HK,0.7441860465116279,5,6,A0,21,85.0,0.7619047619047619,1994,6,16,False
16,HK,0.4827586206896552,1,14,A0,8,34.0,0.875,1994,6,7,False
12,HK,0.7391304347826086,7,17,A0,41,167.0,0.8292682926829268,1994,6,34,False
13,HK,0.9712460063897763,8,1,A0,160,662.0,0.95,1994,6,152,False
21,HK,0.2,3,5,A0,4,18.0,0.25,1994,6,1,False
4,HK,0.8693009118541033,22,21,A0,165,626.0,0.8666666666666667,1994,6,143,False
19,HK,0.0,2,1,A0,2,6.0,0.0,1994,6,0,True
17,HK,0.6666666666666666,1,3,A0,5,23.0,0.8,1994,6,4,False
6,HK,0.0,1,1,A0,1,6.0,0.0,1994,6,0,True
11,HK,0.6666666666666666,27,7,A0,61,261.0,0.5573770491803278,1994,6,34,False
3,HK,0.8598726114649682,22,22,A0,157,644.0,0.8598726114649682,1994,6,135,False
15,HK,0.9959514170040485,0,1,A0,123,488.0,1.0,1994,6,123,False
22,HK,0.8095238095238095,4,4,A1,21,85.0,0.8095238095238095,1994,6,17,False
16,HK,0.4,1,20,A1,8,34.0,0.875,1994,6,7,False
12,HK,0.7058823529411765,11,14,A1,41,167.0,0.7317073170731707,1994,6,30,False
13,HK,0.967948717948718,9,1,A1,160,662.0,0.94375,1994,6,151,False
21,HK,0.2,3,5,A1,4,18.0,0.25,1994,6,1,False
4,HK,0.8154761904761905,28,34,A1,165,626.0,0.8303030303030303,1994,6,137,False
19,HK,0.2857142857142857,1,4,A1,2,6.0,0.5,1994,6,1,False
17,HK,0.5263157894736842,0,9,A1,5,23.0,1.0,1994,6,5,False
6,HK,0.0,1,0,A1,1,6.0,0.0,1994,6,0,True
11,HK,0.6534653465346535,28,7,A1,61,261.0,0.5409836065573771,1994,6,33,False
3,HK,0.7814569536423841,39,27,A1,157,644.0,0.7515923566878981,1994,6,118,False
15,HK,1.0,0,0,A1,123,488.0,1.0,1994,6,123,False
22,HK,0.7804878048780488,5,4,A2,21,85.0,0.7619047619047619,1994,6,16,False
16,HK,0.4666666666666667,1,15,A2,8,34.0,0.875,1994,6,7,False
12,HK,0.7469879518072289,10,11,A2,41,167.0,0.7560975609756098,1994,6,31,False
13,HK,0.9873417721518988,4,0,A2,160,662.0,0.975,1994,6,156,False
21,HK,0.16666666666666666,3,7,A2,4,18.0,0.25,1994,6,1,False
4,HK,0.8700906344410876,21,22,A2,165,626.0,0.8727272727272727,1994,6,144,False
19,HK,0.0,2,2,A2,2,6.0,0.0,1994,6,0,True
17,HK,0.7692307692307693,0,3,A2,5,23.0,1.0,1994,6,5,False
6,HK,0.0,1,0,A2,1,6.0,0.0,1994,6,0,True
11,HK,0.7037037037037037,23,9,A2,61,261.0,0.6229508196721312,1994,6,38,False
3,HK,0.8516129032258064,25,21,A2,157,644.0,0.8407643312101911,1994,6,132,False
15,HK,0.9959514170040485,0,1,A2,123,488.0,1.0,1994,6,123,False
22,HK,0.7619047619047619,5,5,A3,21,85.0,0.7619047619047619,1994,6,16,False
16,HK,0.5,1,13,A3,8,34.0,0.875,1994,6,7,False
12,HK,0.7560975609756098,10,10,A3,41,167.0,0.7560975609756098,1994,6,31,False
13,HK,0.9810126582278481,5,1,A3,160,662.0,0.96875,1994,6,155,False
21,HK,0.16666666666666666,3,7,A3,4,18.0,0.25,1994,6,1,False
4,HK,0.8757396449704142,17,25,A3,165,626.0,0.896969696969697,1994,6,148,False
19,HK,0.0,2,2,A3,2,6.0,0.0,1994,6,0,True
17,HK,0.7142857142857143,0,4,A3,5,23.0,1.0,1994,6,5,False
6,HK,0.0,1,0,A3,1,6.0,0.0,1994,6,0,True
11,HK,0.7321428571428571,20,10,A3,61,261.0,0.6721311475409836,1994,6,41,False
3,HK,0.8504983388704319,29,16,A3,157,644.0,0.8152866242038217,1994,6,128,False
15,HK,1.0,0,0,A3,123,488.0,1.0,1994,6,123,False
22,HK,0.7619047619047619,5,5,A3s,21,85.0,0.7619047619047619,1994,6,16,False
16,HK,0.5185185185185185,1,12,A3s,8,34.0,0.875,1994,6,7,False
12,HK,0.7560975609756098,10,10,A3s,41,167.0,0.7560975609756098,1994,6,31,False
13,HK,0.9810126582278481,5,1,A3s,160,662.0,0.96875,1994,6,155,False
21,HK,0.16666666666666666,3,7,A3s,4,18.0,0.25,1994,6,1,False
4,HK,0.8764705882352941,16,26,A3s,165,626.0,0.9030303030303031,1994,6,149,False
19,HK,0.0,2,2,A3s,2,6.0,0.0,1994,6,0,True
17,HK,0.7142857142857143,0,4,A3s,5,23.0,1.0,1994,6,5,False
6,HK,0.0,1,0,A3s,1,6.0,0.0,1994,6,0,True
11,HK,0.7433628318584071,19,10,A3s,61,261.0,0.6885245901639344,1994,6,42,False
3,HK,0.8494983277591973,30,15,A3s,157,644.0,0.8089171974522293,1994,6,127,False
15,HK,1.0,0,0,A3s,123,488.0,1.0,1994,6,123,False
22,HK,0.7804878048780488,5,4,A4,21,85.0,0.7619047619047619,1994,6,16,False
16,HK,0.4666666666666667,1,15,A4,8,34.0,0.875,1994,6,7,False
12,HK,0.7469879518072289,10,11,A4,41,167.0,0.7560975609756098,1994,6,31,False
13,HK,0.9873417721518988,4,0,A4,160,662.0,0.975,1994,6,156,False
21,HK,0.16666666666666666,3,7,A4,4,18.0,0.25,1994,6,1,False
4,HK,0.8700906344410876,21,22,A4,165,626.0,0.8727272727272727,1994,6,144,False
19,HK,0.0,2,2,A4,2,6.0,0.0,1994,6,0,True
17,HK,0.7692307692307693,0,3,A4,5,23.0,1.0,1994,6,5,False
6,HK,0.0,1,0,A4,1,6.0,0.0,1994,6,0,True
11,HK,0.7037037037037037,23,9,A4,61,261.0,0.6229508196721312,1994,6,38,False
3,HK,0.8516129032258064,25,21,A4,157,644.0,0.8407643312101911,1994,6,132,False
15,HK,0.9959514170040485,0,1,A4,123,488.0,1.0,1994,6,123,False
22,HK,0.7804878048780488,5,4,A5,21,85.0,0.7619047619047619,1994,6,16,False
16,HK,0.4666666666666667,1,15,A5,8,34.0,0.875,1994,6,7,False
12,HK,0.7469879518072289,10,11,A5,41,167.0,0.7560975609756098,1994,6,31,False
13,HK,0.9873417721518988,4,0,A5,160,662.0,0.975,1994,6,156,False
21,HK,0.16666666666666666,3,7,A5,4,18.0,0.25,1994,6,1,False
4,HK,0.8700906344410876,21,22,A5,165,626.0,0.8727272727272727,1994,6,144,False
19,HK,0.0,2,2,A5,2,6.0,0.0,1994,6,0,True
17,HK,0.7692307692307693,0,3,A5,5,23.0,1.0,1994,6,5,False
6,HK,0.0,1,0,A5,1,6.0,0.0,1994,6,0,True
11,HK,0.7037037037037037,23,9,A5,61,261.0,0.6229508196721312,1994,6,38,False
3,HK,0.8516129032258064,25,21,A5,157,644.0,0.8407643312101911,1994,6,132,False
15,HK,0.9959514170040485,0,1,A5,123,488.0,1.0,1994,6,123,False
22,HK,0.7804878048780488,5,4,A6,21,85.0,0.7619047619047619,1994,6,16,False
16,HK,0.4666666666666667,1,15,A6,8,34.0,0.875,1994,6,7,False
12,HK,0.7469879518072289,10,11,A6,41,167.0,0.7560975609756098,1994,6,31,False
13,HK,0.9873417721518988,4,0,A6,160,662.0,0.975,1994,6,156,False
21,HK,0.16666666666666666,3,7,A6,4,18.0,0.25,1994,6,1,False
4,HK,0.8700906344410876,21,22,A6,165,626.0,0.8727272727272727,1994,6,144,False
19,HK,0.0,2,2,A6,2,6.0,0.0,1994,6,0,True
17,HK,0.7692307692307693,0,3,A6,5,23.0,1.0,1994,6,5,False
6,HK,0.0,1,0,A6,1,6.0,0.0,1994,6,0,True
11,HK,0.7037037037037037,23,9,A6,61,261.0,0.6229508196721312,1994,6,38,False
3,HK,0.8516129032258064,25,21,A6,157,644.0,0.8407643312101911,1994,6,132,False
15,HK,0.9959514170040485,0,1,A6,123,488.0,1.0,1994,6,123,False
22,HK,0.6666666666666666,9,3,A7,21,85.0,0.5714285714285714,1994,6,12,False
16,HK,0.3225806451612903,3,18,A7,8,34.0,0.625,1994,6,5,False
12,HK,0.7073170731707317,12,12,A7,41,167.0,0.7073170731707317,1994,6,29,False
13,HK,0.9315960912052117,17,4,A7,160,662.0,0.89375,1994,6,143,False
21,HK,0.0,4,10,A7,4,18.0,0.0,1994,6,0,True
4,HK,0.7888198757763976,38,30,A7,165,626.0,0.7696969696969697,1994,6,127,False
19,HK,0.0,2,4,A7,2,6.0,0.0,1994,6,0,True
17,HK,0.38095238095238093,1,12,A7,5,23.0,0.8,1994,6,4,False
6,HK,0.0,1,2,A7,1,6.0,0.0,1994,6,0,True
11,HK,0.6371681415929203,25,16,A7,61,261.0,0.5901639344262295,1994,6,36,False
3,HK,0.7721518987341772,35,37,A7,157,644.0,0.7770700636942676,1994,6,122,False
15,HK,0.9959183673469387,1,0,A7,123,488.0,0.991869918699187,1994,6,122,False
22,HK,0.7804878048780488,5,4,A8,21,85.0,0.7619047619047619,1994,6,16,False
16,HK,0.4827586206896552,1,14,A8,8,34.0,0.875,1994,6,7,False
12,HK,0.7469879518072289,10,11,A8,41,167.0,0.7560975609756098,1994,6,31,False
13,HK,0.9873417721518988,4,0,A8,160,662.0,0.975,1994,6,156,False
21,HK,0.16666666666666666,3,7,A8,4,18.0,0.25,1994,6,1,False
4,HK,0.8666666666666667,22,22,A8,165,626.0,0.8666666666666667,1994,6,143,False
19,HK,0.0,2,2,A8,2,6.0,0.0,1994,6,0,True
17,HK,0.7692307692307693,0,3,A8,5,23.0,1.0,1994,6,5,False
6,HK,0.0,1,0,A8,1,6.0,0.0,1994,6,0,True
11,HK,0.7155963302752294,22,9,A8,61,261.0,0.639344262295082,1994,6,39,False
3,HK,0.8488745980707395,25,22,A8,157,644.0,0.8407643312101911,1994,6,132,False
15,HK,0.9959514170040485,0,1,A8,123,488.0,1.0,1994,6,123,False
22,HK,0.7619047619047619,5,5,P,21,85.0,0.7619047619047619,1994,7,16,False
16,HK,0.38095238095238093,4,9,P,8,34.0,0.5,1994,7,4,False
12,HK,0.7640449438202247,7,14,P,41,167.0,0.8292682926829268,1994,7,34,False
13,HK,0.967948717948718,9,1,P,160,662.0,0.94375,1994,7,151,False
21,HK,0.18181818181818182,3,6,P,4,18.0,0.25,1994,7,1,False
4,HK,0.8719512195121951,22,20,P,165,626.0,0.8666666666666667,1994,7,143,False
19,HK,0.0,2,2,P,2,6.0,0.0,1994,7,0,True
17,HK,0.6153846153846154,1,4,P,5,23.0,0.8,1994,7,4,False
6,HK,0.0,1,1,P,1,6.0,0.0,1994,7,0,True
11,HK,0.6666666666666666,28,5,P,61,261.0,0.5409836065573771,1994,7,33,False
3,HK,0.8634920634920635,21,22,P,157,644.0,0.8662420382165605,1994,7,136,False
15,HK,0.9959514170040485,0,1,P,123,488.0,1.0,1994,7,123,False
0,HK,0.43478260869565216,2,11,P,7,25.0,0.7142857142857143,1994,7,5,False
9,HK,0.9759036144578314,2,6,P,164,635.0,0.9878048780487805,1994,7,162,False
22,HK,0.7619047619047619,5,5,A0,21,85.0,0.7619047619047619,1994,7,16,False
16,HK,0.36363636363636365,4,10,A0,8,34.0,0.5,1994,7,4,False
12,HK,0.7640449438202247,7,14,A0,41,167.0,0.8292682926829268,1994,7,34,False
13,HK,0.9646302250803859,10,1,A0,160,662.0,0.9375,1994,7,150,False
21,HK,0.16666666666666666,3,7,A0,4,18.0,0.25,1994,7,1,False
4,HK,0.8719512195121951,22,20,A0,165,626.0,0.8666666666666667,1994,7,143,False
19,HK,0.0,2,1,A0,2,6.0,0.0,1994,7,0,True
17,HK,0.6153846153846154,1,4,A0,5,23.0,0.8,1994,7,4,False
6,HK,0.0,1,1,A0,1,6.0,0.0,1994,7,0,True
11,HK,0.6530612244897959,29,5,A0,61,261.0,0.5245901639344263,1994,7,32,False
3,HK,0.8634920634920635,21,22,A0,157,644.0,0.8662420382165605,1994,7,136,False
15,HK,0.9959514170040485,0,1,A0,123,488.0,1.0,1994,7,123,False
0,HK,0.43478260869565216,2,11,A0,7,25.0,0.7142857142857143,1994,7,5,False
9,HK,0.972972972972973,2,7,A0,164,635.0,0.9878048780487805,1994,7,162,False
22,HK,0.8292682926829268,4,3,A1,21,85.0,0.8095238095238095,1994,7,17,False
16,HK,0.375,2,18,A1,8,34.0,0.75,1994,7,6,False
12,HK,0.7380952380952381,10,12,A1,41,167.0,0.7560975609756098,1994,7,31,False
13,HK,0.9712460063897763,8,1,A1,160,662.0,0.95,1994,7,152,False
21,HK,0.25,3,3,A1,4,18.0,0.25,1994,7,1,False
4,HK,0.817910447761194,28,33,A1,165,626.0,0.8303030303030303,1994,7,137,False
19,HK,0.25,1,5,A1,2,6.0,0.5,1994,7,1,False
17,HK,0.5263157894736842,0,9,A1,5,23.0,1.0,1994,7,5,False
6,HK,0.0,1,0,A1,1,6.0,0.0,1994,7,0,True
11,HK,0.5684210526315789,34,7,A1,61,261.0,0.4426229508196721,1994,7,27,False
3,HK,0.7854785478547854,38,27,A1,157,644.0,0.7579617834394905,1994,7,119,False
15,HK,0.9879518072289156,0,3,A1,123,488.0,1.0,1994,7,123,False
0,HK,0.19047619047619047,5,12,A1,7,25.0,0.2857142857142857,1994,7,2,False
9,HK,0.9848024316109423,2,3,A1,164,635.0,0.9878048780487805,1994,7,162,False
22,HK,0.7804878048780488,5,4,A2,21,85.0,0.7619047619047619,1994,7,16,False
16,HK,0.2962962962962963,4,15,A2,8,34.0,0.5,1994,7,4,False
12,HK,0.7469879518072289,10,11,A2,41,167.0,0.7560975609756098,1994,7,31,False
13,HK,0.9776357827476039,7,0,A2,160,662.0,0.95625,1994,7,153,False
21,HK,0.16666666666666666,3,7,A2,4,18.0,0.25,1994,7,1,False
4,HK,0.8666666666666667,22,22,A2,165,626.0,0.8666666666666667,1994,7,143,False
19,HK,0.0,2,3,A2,2,6.0,0.0,1994,7,0,True
17,HK,0.7692307692307693,0,3,A2,5,23.0,1.0,1994,7,5,False
6,HK,0.0,1,0,A2,1,6.0,0.0,1994,7,0,True
11,HK,0.6862745098039216,26,6,A2,61,261.0,0.5737704918032787,1994,7,35,False
3,HK,0.8488745980707395,25,22,A2,157,644.0,0.8407643312101911,1994,7,132,False
15,HK,0.9959514170040485,0,1,A2,123,488.0,1.0,1994,7,123,False
0,HK,0.38095238095238093,3,10,A2,7,25.0,0.5714285714285714,1994,7,4,False
9,HK,0.9819277108433735,1,5,A2,164,635.0,0.9939024390243902,1994,7,163,False
22,HK,0.7804878048780488,5,4,A3,21,85.0,0.7619047619047619,1994,7,16,False
16,HK,0.32,4,13,A3,8,34.0,0.5,1994,7,4,False
12,HK,0.7654320987654321,10,9,A3,41,167.0,0.7560975609756098,1994,7,31,False
13,HK,0.9712460063897763,8,1,A3,160,662.0,0.95,1994,7,152,False
21,HK,0.16666666666666666,3,7,A3,4,18.0,0.25,1994,7,1,False
4,HK,0.8680351906158358,17,28,A3,165,626.0,0.896969696969697,1994,7,148,False
19,HK,0.0,2,3,A3,2,6.0,0.0,1994,7,0,True
17,HK,0.625,0,6,A3,5,23.0,1.0,1994,7,5,False
6,HK,0.0,1,0,A3,1,6.0,0.0,1994,7,0,True
11,HK,0.7155963302752294,22,9,A3,61,261.0,0.639344262295082,1994,7,39,False
3,HK,0.8417508417508418,32,15,A3,157,644.0,0.7961783439490446,1994,7,125,False
15,HK,0.9959514170040485,0,1,A3,123,488.0,1.0,1994,7,123,False
0,HK,0.4444444444444444,3,7,A3,7,25.0,0.5714285714285714,1994,7,4,False
9,HK,0.9819277108433735,1,5,A3,164,635.0,0.9939024390243902,1994,7,163,False
22,HK,0.7804878048780488,5,4,A3s,21,85.0,0.7619047619047619,1994,7,16,False
16,HK,0.32,4,13,A3s,8,34.0,0.5,1994,7,4,False
12,HK,0.7654320987654321,10,9,A3s,41,167.0,0.7560975609756098,1994,7,31,False
13,HK,0.9712460063897763,8,1,A3s,160,662.0,0.95,1994,7,152,False
21,HK,0.16666666666666666,3,7,A3s,4,18.0,0.25,1994,7,1,False
4,HK,0.863905325443787,19,27,A3s,165,626.0,0.8848484848484849,1994,7,146,False
19,HK,0.0,2,3,A3s,2,6.0,0.0,1994,7,0,True
17,HK,0.625,0,6,A3s,5,23.0,1.0,1994,7,5,False
6,HK,0.0,1,0,A3s,1,6.0,0.0,1994,7,0,True
11,HK,0.7155963302752294,22,9,A3s,61,261.0,0.639344262295082,1994,7,39,False
3,HK,0.84,31,17,A3s,157,644.0,0.802547770700637,1994,7,126,False
15,HK,0.9959514170040485,0,1,A3s,123,488.0,1.0,1994,7,123,False
0,HK,0.4444444444444444,3,7,A3s,7,25.0,0.5714285714285714,1994,7,4,False
9,HK,0.9819277108433735,1,5,A3s,164,635.0,0.9939024390243902,1994,7,163,False
22,HK,0.7804878048780488,5,4,A4,21,85.0,0.7619047619047619,1994,7,16,False
16,HK,0.2962962962962963,4,15,A4,8,34.0,0.5,1994,7,4,False
12,HK,0.7469879518072289,10,11,A4,41,167.0,0.7560975609756098,1994,7,31,False
13,HK,0.9776357827476039,7,0,A4,160,662.0,0.95625,1994,7,153,False
21,HK,0.16666666666666666,3,7,A4,4,18.0,0.25,1994,7,1,False
4,HK,0.8666666666666667,22,22,A4,165,626.0,0.8666666666666667,1994,7,143,False
19,HK,0.0,2,3,A4,2,6.0,0.0,1994,7,0,True
17,HK,0.7692307692307693,0,3,A4,5,23.0,1.0,1994,7,5,False
6,HK,0.0,1,0,A4,1,6.0,0.0,1994,7,0,True
11,HK,0.6862745098039216,26,6,A4,61,261.0,0.5737704918032787,1994,7,35,False
3,HK,0.8488745980707395,25,22,A4,157,644.0,0.8407643312101911,1994,7,132,False
15,HK,0.9959514170040485,0,1,A4,123,488.0,1.0,1994,7,123,False
0,HK,0.38095238095238093,3,10,A4,7,25.0,0.5714285714285714,1994,7,4,False
9,HK,0.9819277108433735,1,5,A4,164,635.0,0.9939024390243902,1994,7,163,False
22,HK,0.7804878048780488,5,4,A5,21,85.0,0.7619047619047619,1994,7,16,False
16,HK,0.3076923076923077,4,14,A5,8,34.0,0.5,1994,7,4,False
12,HK,0.7619047619047619,9,11,A5,41,167.0,0.7804878048780488,1994,7,32,False
13,HK,0.9776357827476039,7,0,A5,160,662.0,0.95625,1994,7,153,False
21,HK,0.16666666666666666,3,7,A5,4,18.0,0.25,1994,7,1,False
4,HK,0.8666666666666667,22,22,A5,165,626.0,0.8666666666666667,1994,7,143,False
19,HK,0.0,2,3,A5,2,6.0,0.0,1994,7,0,True
17,HK,0.7692307692307693,0,3,A5,5,23.0,1.0,1994,7,5,False
6,HK,0.0,1,0,A5,1,6.0,0.0,1994,7,0,True
11,HK,0.6732673267326733,27,6,A5,61,261.0,0.5573770491803278,1994,7,34,False
3,HK,0.8488745980707395,25,22,A5,157,644.0,0.8407643312101911,1994,7,132,False
15,HK,0.9959514170040485,0,1,A5,123,488.0,1.0,1994,7,123,False
0,HK,0.45454545454545453,2,10,A5,7,25.0,0.7142857142857143,1994,7,5,False
9,HK,0.9819277108433735,1,5,A5,164,635.0,0.9939024390243902,1994,7,163,False
22,HK,0.7804878048780488,5,4,A6,21,85.0,0.7619047619047619,1994,7,16,False
16,HK,0.2962962962962963,4,15,A6,8,34.0,0.5,1994,7,4,False
12,HK,0.7469879518072289,10,11,A6,41,167.0,0.7560975609756098,1994,7,31,False
13,HK,0.9776357827476039,7,0,A6,160,662.0,0.95625,1994,7,153,False
21,HK,0.16666666666666666,3,7,A6,4,18.0,0.25,1994,7,1,False
4,HK,0.8666666666666667,22,22,A6,165,626.0,0.8666666666666667,1994,7,143,False
19,HK,0.0,2,3,A6,2,6.0,0.0,1994,7,0,True
17,HK,0.7692307692307693,0,3,A6,5,23.0,1.0,1994,7,5,False
6,HK,0.0,1,0,A6,1,6.0,0.0,1994,7,0,True
11,HK,0.6862745098039216,26,6,A6,61,261.0,0.5737704918032787,1994,7,35,False
3,HK,0.8488745980707395,25,22,A6,157,644.0,0.8407643312101911,1994,7,132,False
15,HK,0.9959514170040485,0,1,A6,123,488.0,1.0,1994,7,123,False
0,HK,0.38095238095238093,3,10,A6,7,25.0,0.5714285714285714,1994,7,4,False
9,HK,0.9819277108433735,1,5,A6,164,635.0,0.9939024390243902,1994,7,163,False
22,HK,0.6666666666666666,9,3,A7,21,85.0,0.5714285714285714,1994,7,12,False
16,HK,0.19047619047619047,6,11,A7,8,34.0,0.25,1994,7,2,False
12,HK,0.7073170731707317,12,12,A7,41,167.0,0.7073170731707317,1994,7,29,False
13,HK,0.9281045751633987,18,4,A7,160,662.0,0.8875,1994,7,142,False
21,HK,0.0,4,10,A7,4,18.0,0.0,1994,7,0,True
4,HK,0.7888198757763976,38,30,A7,165,626.0,0.7696969696969697,1994,7,127,False
19,HK,0.0,2,5,A7,2,6.0,0.0,1994,7,0,True
17,HK,0.36363636363636365,1,13,A7,5,23.0,0.8,1994,7,4,False
6,HK,0.0,1,2,A7,1,6.0,0.0,1994,7,0,True
11,HK,0.5982905982905983,26,21,A7,61,261.0,0.5737704918032787,1994,7,35,False
3,HK,0.7721518987341772,35,37,A7,157,644.0,0.7770700636942676,1994,7,122,False
15,HK,0.9959183673469387,1,0,A7,123,488.0,0.991869918699187,1994,7,122,False
0,HK,0.2857142857142857,4,11,A7,7,25.0,0.42857142857142855,1994,7,3,False
9,HK,0.9693251533742331,6,4,A7,164,635.0,0.9634146341463414,1994,7,158,False
22,HK,0.7804878048780488,5,4,A8,21,85.0,0.7619047619047619,1994,7,16,False
16,HK,0.2962962962962963,4,15,A8,8,34.0,0.5,1994,7,4,False
12,HK,0.7469879518072289,10,11,A8,41,167.0,0.7560975609756098,1994,7,31,False
13,HK,0.9776357827476039,7,0,A8,160,662.0,0.95625,1994,7,153,False
21,HK,0.16666666666666666,3,7,A8,4,18.0,0.25,1994,7,1,False
4,HK,0.8666666666666667,22,22,A8,165,626.0,0.8666666666666667,1994,7,143,False
19,HK,0.0,2,3,A8,2,6.0,0.0,1994,7,0,True
17,HK,0.7692307692307693,0,3,A8,5,23.0,1.0,1994,7,5,False
6,HK,0.0,1,0,A8,1,6.0,0.0,1994,7,0,True
11,HK,0.6862745098039216,26,6,A8,61,261.0,0.5737704918032787,1994,7,35,False
3,HK,0.8488745980707395,25,22,A8,157,644.0,0.8407643312101911,1994,7,132,False
15,HK,0.9959514170040485,0,1,A8,123,488.0,1.0,1994,7,123,False
0,HK,0.38095238095238093,3,10,A8,7,25.0,0.5714285714285714,1994,7,4,False
9,HK,0.9819277108433735,1,5,A8,164,635.0,0.9939024390243902,1994,7,163,False
22,HK,0.7619047619047619,5,5,P,21,85.0,0.7619047619047619,1994,8,16,False
16,HK,0.3333333333333333,4,12,P,8,34.0,0.5,1994,8,4,False
12,HK,0.7777777777777778,6,14,P,41,167.0,0.8536585365853658,1994,8,35,False
13,HK,0.967948717948718,9,1,P,160,662.0,0.94375,1994,8,151,False
21,HK,0.16666666666666666,3,7,P,4,18.0,0.25,1994,8,1,False
4,HK,0.8614457831325302,22,24,P,165,626.0,0.8666666666666667,1994,8,143,False
19,HK,0.0,2,1,P,2,6.0,0.0,1994,8,0,True
17,HK,0.6153846153846154,1,4,P,5,23.0,0.8,1994,8,4,False
6,HK,0.0,1,1,P,1,6.0,0.0,1994,8,0,True
11,HK,0.6458333333333334,30,4,P,61,261.0,0.5081967213114754,1994,8,31,False
3,HK,0.8488745980707395,25,22,P,157,644.0,0.8407643312101911,1994,8,132,False
15,HK,0.9959514170040485,0,1,P,123,488.0,1.0,1994,8,123,False
0,HK,0.45454545454545453,2,10,P,7,25.0,0.7142857142857143,1994,8,5,False
9,HK,0.9759036144578314,2,6,P,164,635.0,0.9878048780487805,1994,8,162,False
5,HK,1.0,0,0,P,1,3.0,1.0,1994,8,1,False
7,HK,1.0,0,0,P,21,83.0,1.0,1994,8,21,False
22,HK,0.7619047619047619,5,5,A0,21,85.0,0.7619047619047619,1994,8,16,False
16,HK,0.3333333333333333,4,12,A0,8,34.0,0.5,1994,8,4,False
12,HK,0.7640449438202247,7,14,A0,41,167.0,0.8292682926829268,1994,8,34,False
13,HK,0.967948717948718,9,1,A0,160,662.0,0.94375,1994,8,151,False
21,HK,0.16666666666666666,3,7,A0,4,18.0,0.25,1994,8,1,False
4,HK,0.8554216867469879,23,25,A0,165,626.0,0.8606060606060606,1994,8,142,False
19,HK,0.0,2,1,A0,2,6.0,0.0,1994,8,0,True
17,HK,0.6153846153846154,1,4,A0,5,23.0,0.8,1994,8,4,False
6,HK,0.0,1,1,A0,1,6.0,0.0,1994,8,0,True
11,HK,0.6458333333333334,30,4,A0,61,261.0,0.5081967213114754,1994,8,31,False
3,HK,0.842443729903537,26,23,A0,157,644.0,0.8343949044585988,1994,8,131,False
15,HK,0.9959514170040485,0,1,A0,123,488.0,1.0,1994,8,123,False
0,HK,0.43478260869565216,2,11,A0,7,25.0,0.7142857142857143,1994,8,5,False
9,HK,0.9759036144578314,2,6,A0,164,635.0,0.9878048780487805,1994,8,162,False
5,HK,1.0,0,0,A0,1,3.0,1.0,1994,8,1,False
7,HK,1.0,0,0,A0,21,83.0,1.0,1994,8,21,False
22,HK,0.8292682926829268,4,3,A1,21,85.0,0.8095238095238095,1994,8,17,False
16,HK,0.36363636363636365,2,19,A1,8,34.0,0.75,1994,8,6,False
12,HK,0.7294117647058823,10,13,A1,41,167.0,0.7560975609756098,1994,8,31,False
13,HK,0.9551282051282052,11,3,A1,160,662.0,0.93125,1994,8,149,False
21,HK,0.2222222222222222,3,4,A1,4,18.0,0.25,1994,8,1,False
4,HK,0.8224852071005917,26,34,A1,165,626.0,0.8424242424242424,1994,8,139,False
19,HK,0.25,1,5,A1,2,6.0,0.5,1994,8,1,False
17,HK,0.5263157894736842,0,9,A1,5,23.0,1.0,1994,8,5,False
6,HK,0.0,1,0,A1,1,6.0,0.0,1994,8,0,True
11,HK,0.5217391304347826,37,7,A1,61,261.0,0.39344262295081966,1994,8,24,False
3,HK,0.7840531561461794,39,26,A1,157,644.0,0.7515923566878981,1994,8,118,False
15,HK,0.9879518072289156,0,3,A1,123,488.0,1.0,1994,8,123,False
0,HK,0.19047619047619047,5,12,A1,7,25.0,0.2857142857142857,1994,8,2,False
9,HK,0.9817073170731707,3,3,A1,164,635.0,0.9817073170731707,1994,8,161,False
5,HK,0.6666666666666666,0,1,A1,1,3.0,1.0,1994,8,1,False
7,HK,1.0,0,0,A1,21,83.0,1.0,1994,8,21,False
22,HK,0.7804878048780488,5,4,A2,21,85.0,0.7619047619047619,1994,8,16,False
16,HK,0.3076923076923077,4,14,A2,8,34.0,0.5,1994,8,4,False
12,HK,0.7619047619047619,9,11,A2,41,167.0,0.7804878048780488,1994,8,32,False
13,HK,0.9745222929936306,7,1,A2,160,662.0,0.95625,1994,8,153,False
21,HK,0.16666666666666666,3,7,A2,4,18.0,0.25,1994,8,1,False
4,HK,0.8700906344410876,21,22,A2,165,626.0,0.8727272727272727,1994,8,144,False
19,HK,0.0,2,3,A2,2,6.0,0.0,1994,8,0,True
17,HK,0.7692307692307693,0,3,A2,5,23.0,1.0,1994,8,5,False
6,HK,0.0,1,0,A2,1,6.0,0.0,1994,8,0,True
11,HK,0.66,28,6,A2,61,261.0,0.5409836065573771,1994,8,33,False
3,HK,0.8516129032258064,25,21,A2,157,644.0,0.8407643312101911,1994,8,132,False
15,HK,0.9959514170040485,0,1,A2,123,488.0,1.0,1994,8,123,False
0,HK,0.45454545454545453,2,10,A2,7,25.0,0.7142857142857143,1994,8,5,False
9,HK,0.9819277108433735,1,5,A2,164,635.0,0.9939024390243902,1994,8,163,False
5,HK,1.0,0,0,A2,1,3.0,1.0,1994,8,1,False
7,HK,1.0,0,0,A2,21,83.0,1.0,1994,8,21,False
22,HK,0.7804878048780488,5,4,A3,21,85.0,0.7619047619047619,1994,8,16,False
16,HK,0.3333333333333333,4,12,A3,8,34.0,0.5,1994,8,4,False
12,HK,0.7804878048780488,9,9,A3,41,167.0,0.7804878048780488,1994,8,32,False
13,HK,0.9714285714285714,7,2,A3,160,662.0,0.95625,1994,8,153,False
21,HK,0.16666666666666666,3,7,A3,4,18.0,0.25,1994,8,1,False
4,HK,0.8595988538681948,15,34,A3,165,626.0,0.9090909090909091,1994,8,150,False
19,HK,0.0,2,3,A3,2,6.0,0.0,1994,8,0,True
17,HK,0.6666666666666666,0,5,A3,5,23.0,1.0,1994,8,5,False
6,HK,0.0,1,0,A3,1,6.0,0.0,1994,8,0,True
11,HK,0.7155963302752294,22,9,A3,61,261.0,0.639344262295082,1994,8,39,False
3,HK,0.8194444444444444,39,13,A3,157,644.0,0.7515923566878981,1994,8,118,False
15,HK,0.9959514170040485,0,1,A3,123,488.0,1.0,1994,8,123,False
0,HK,0.4444444444444444,3,7,A3,7,25.0,0.5714285714285714,1994,8,4,False
9,HK,0.9819277108433735,1,5,A3,164,635.0,0.9939024390243902,1994,8,163,False
5,HK,1.0,0,0,A3,1,3.0,1.0,1994,8,1,False
7,HK,1.0,0,0,A3,21,83.0,1.0,1994,8,21,False
22,HK,0.7804878048780488,5,4,A3s,21,85.0,0.7619047619047619,1994,8,16,False
16,HK,0.32,4,13,A3s,8,34.0,0.5,1994,8,4,False
12,HK,0.7710843373493976,9,10,A3s,41,167.0,0.7804878048780488,1994,8,32,False
13,HK,0.9745222929936306,7,1,A3s,160,662.0,0.95625,1994,8,153,False
21,HK,0.16666666666666666,3,7,A3s,4,18.0,0.25,1994,8,1,False
4,HK,0.8622754491017964,21,25,A3s,165,626.0,0.8727272727272727,1994,8,144,False
19,HK,0.0,2,3,A3s,2,6.0,0.0,1994,8,0,True
17,HK,0.7692307692307693,0,3,A3s,5,23.0,1.0,1994,8,5,False
6,HK,0.0,1,0,A3s,1,6.0,0.0,1994,8,0,True
11,HK,0.7169811320754716,23,7,A3s,61,261.0,0.6229508196721312,1994,8,38,False
3,HK,0.8366013071895425,29,21,A3s,157,644.0,0.8152866242038217,1994,8,128,False
15,HK,0.9959514170040485,0,1,A3s,123,488.0,1.0,1994,8,123,False
0,HK,0.5263157894736842,2,7,A3s,7,25.0,0.7142857142857143,1994,8,5,False
9,HK,0.9819277108433735,1,5,A3s,164,635.0,0.9939024390243902,1994,8,163,False
5,HK,1.0,0,0,A3s,1,3.0,1.0,1994,8,1,False
7,HK,1.0,0,0,A3s,21,83.0,1.0,1994,8,21,False
22,HK,0.7804878048780488,5,4,A4,21,85.0,0.7619047619047619,1994,8,16,False
16,HK,0.3076923076923077,4,14,A4,8,34.0,0.5,1994,8,4,False
12,HK,0.7619047619047619,9,11,A4,41,167.0,0.7804878048780488,1994,8,32,False
13,HK,0.9745222929936306,7,1,A4,160,662.0,0.95625,1994,8,153,False
21,HK,0.16666666666666666,3,7,A4,4,18.0,0.25,1994,8,1,False
4,HK,0.8700906344410876,21,22,A4,165,626.0,0.8727272727272727,1994,8,144,False
19,HK,0.0,2,3,A4,2,6.0,0.0,1994,8,0,True
17,HK,0.7692307692307693,0,3,A4,5,23.0,1.0,1994,8,5,False
6,HK,0.0,1,0,A4,1,6.0,0.0,1994,8,0,True
11,HK,0.66,28,6,A4,61,261.0,0.5409836065573771,1994,8,33,False
3,HK,0.8516129032258064,25,21,A4,157,644.0,0.8407643312101911,1994,8,132,False
15,HK,0.9959514170040485,0,1,A4,123,488.0,1.0,1994,8,123,False
0,HK,0.45454545454545453,2,10,A4,7,25.0,0.7142857142857143,1994,8,5,False
9,HK,0.9819277108433735,1,5,A4,164,635.0,0.9939024390243902,1994,8,163,False
5,HK,1.0,0,0,A4,1,3.0,1.0,1994,8,1,False
7,HK,1.0,0,0,A4,21,83.0,1.0,1994,8,21,False
22,HK,0.8095238095238095,4,4,A5,21,85.0,0.8095238095238095,1994,8,17,False
16,HK,0.3076923076923077,4,14,A5,8,34.0,0.5,1994,8,4,False
12,HK,0.7619047619047619,9,11,A5,41,167.0,0.7804878048780488,1994,8,32,False
13,HK,0.9745222929936306,7,1,A5,160,662.0,0.95625,1994,8,153,False
21,HK,0.16666666666666666,3,7,A5,4,18.0,0.25,1994,8,1,False
4,HK,0.8666666666666667,22,22,A5,165,626.0,0.8666666666666667,1994,8,143,False
19,HK,0.0,2,2,A5,2,6.0,0.0,1994,8,0,True
17,HK,0.7692307692307693,0,3,A5,5,23.0,1.0,1994,8,5,False
6,HK,0.0,1,0,A5,1,6.0,0.0,1994,8,0,True
11,HK,0.6732673267326733,27,6,A5,61,261.0,0.5573770491803278,1994,8,34,False
3,HK,0.8488745980707395,25,22,A5,157,644.0,0.8407643312101911,1994,8,132,False
15,HK,0.9959514170040485,0,1,A5,123,488.0,1.0,1994,8,123,False
0,HK,0.47619047619047616,2,9,A5,7,25.0,0.7142857142857143,1994,8,5,False
9,HK,0.9819277108433735,1,5,A5,164,635.0,0.9939024390243902,1994,8,163,False
5,HK,1.0,0,0,A5,1,3.0,1.0,1994,8,1,False
7,HK,1.0,0,0,A5,21,83.0,1.0,1994,8,21,False
22,HK,0.7804878048780488,5,4,A6,21,85.0,0.7619047619047619,1994,8,16,False
16,HK,0.3076923076923077,4,14,A6,8,34.0,0.5,1994,8,4,False
12,HK,0.7619047619047619,9,11,A6,41,167.0,0.7804878048780488,1994,8,32,False
13,HK,0.9745222929936306,7,1,A6,160,662.0,0.95625,1994,8,153,False
21,HK,0.16666666666666666,3,7,A6,4,18.0,0.25,1994,8,1,False
4,HK,0.8700906344410876,21,22,A6,165,626.0,0.8727272727272727,1994,8,144,False
19,HK,0.0,2,3,A6,2,6.0,0.0,1994,8,0,True
17,HK,0.7692307692307693,0,3,A6,5,23.0,1.0,1994,8,5,False
6,HK,0.0,1,0,A6,1,6.0,0.0,1994,8,0,True
11,HK,0.66,28,6,A6,61,261.0,0.5409836065573771,1994,8,33,False
3,HK,0.8516129032258064,25,21,A6,157,644.0,0.8407643312101911,1994,8,132,False
15,HK,0.9959514170040485,0,1,A6,123,488.0,1.0,1994,8,123,False
0,HK,0.45454545454545453,2,10,A6,7,25.0,0.7142857142857143,1994,8,5,False
9,HK,0.9819277108433735,1,5,A6,164,635.0,0.9939024390243902,1994,8,163,False
5,HK,1.0,0,0,A6,1,3.0,1.0,1994,8,1,False
7,HK,1.0,0,0,A6,21,83.0,1.0,1994,8,21,False
22,HK,0.6666666666666666,9,3,A7,21,85.0,0.5714285714285714,1994,8,12,False
16,HK,0.19047619047619047,6,11,A7,8,34.0,0.25,1994,8,2,False
12,HK,0.7073170731707317,12,12,A7,41,167.0,0.7073170731707317,1994,8,29,False
13,HK,0.9281045751633987,18,4,A7,160,662.0,0.8875,1994,8,142,False
21,HK,0.0,4,10,A7,4,18.0,0.0,1994,8,0,True
4,HK,0.7888198757763976,38,30,A7,165,626.0,0.7696969696969697,1994,8,127,False
19,HK,0.0,2,5,A7,2,6.0,0.0,1994,8,0,True
17,HK,0.36363636363636365,1,13,A7,5,23.0,0.8,1994,8,4,False
6,HK,0.0,1,2,A7,1,6.0,0.0,1994,8,0,True
11,HK,0.5982905982905983,26,21,A7,61,261.0,0.5737704918032787,1994,8,35,False
3,HK,0.7721518987341772,35,37,A7,157,644.0,0.7770700636942676,1994,8,122,False
15,HK,0.9959183673469387,1,0,A7,123,488.0,0.991869918699187,1994,8,122,False
0,HK,0.2857142857142857,4,11,A7,7,25.0,0.42857142857142855,1994,8,3,False
9,HK,0.9693251533742331,6,4,A7,164,635.0,0.9634146341463414,1994,8,158,False
5,HK,1.0,0,0,A7,1,3.0,1.0,1994,8,1,False
7,HK,1.0,0,0,A7,21,83.0,1.0,1994,8,21,False
22,HK,0.8095238095238095,4,4,A8,21,85.0,0.8095238095238095,1994,8,17,False
16,HK,0.3076923076923077,4,14,A8,8,34.0,0.5,1994,8,4,False
12,HK,0.7619047619047619,9,11,A8,41,167.0,0.7804878048780488,1994,8,32,False
13,HK,0.9745222929936306,7,1,A8,160,662.0,0.95625,1994,8,153,False
21,HK,0.16666666666666666,3,7,A8,4,18.0,0.25,1994,8,1,False
4,HK,0.8597560975609756,24,22,A8,165,626.0,0.8545454545454545,1994,8,141,False
19,HK,0.0,2,2,A8,2,6.0,0.0,1994,8,0,True
17,HK,0.7692307692307693,0,3,A8,5,23.0,1.0,1994,8,5,False
6,HK,0.0,1,0,A8,1,6.0,0.0,1994,8,0,True
11,HK,0.66,28,6,A8,61,261.0,0.5409836065573771,1994,8,33,False
3,HK,0.8434504792332268,25,24,A8,157,644.0,0.8407643312101911,1994,8,132,False
15,HK,0.9959514170040485,0,1,A8,123,488.0,1.0,1994,8,123,False
0,HK,0.45454545454545453,2,10,A8,7,25.0,0.7142857142857143,1994,8,5,False
9,HK,0.9819277108433735,1,5,A8,164,635.0,0.9939024390243902,1994,8,163,False
5,HK,1.0,0,0,A8,1,3.0,1.0,1994,8,1,False
7,HK,1.0,0,0,A8,21,83.0,1.0,1994,8,21,False
22,HK,0.7272727272727273,5,7,P,21,85.0,0.7619047619047619,1994,9,16,False
16,HK,0.32,4,13,P,8,34.0,0.5,1994,9,4,False
12,HK,0.7777777777777778,6,14,P,41,167.0,0.8536585365853658,1994,9,35,False
13,HK,0.9648562300319489,9,2,P,160,662.0,0.94375,1994,9,151,False
21,HK,0.14285714285714285,3,9,P,4,18.0,0.25,1994,9,1,False
4,HK,0.8588588588588588,22,25,P,165,626.0,0.8666666666666667,1994,9,143,False
19,HK,0.0,2,3,P,2,6.0,0.0,1994,9,0,True
17,HK,0.375,2,8,P,5,23.0,0.6,1994,9,3,False
6,HK,0.0,1,2,P,1,6.0,0.0,1994,9,0,True
11,HK,0.631578947368421,31,4,P,61,261.0,0.4918032786885246,1994,9,30,False
3,HK,0.8451612903225807,26,22,P,157,644.0,0.8343949044585988,1994,9,131,False
15,HK,0.9959514170040485,0,1,P,123,488.0,1.0,1994,9,123,False
0,HK,0.43478260869565216,2,11,P,7,25.0,0.7142857142857143,1994,9,5,False
9,HK,0.9759036144578314,2,6,P,164,635.0,0.9878048780487805,1994,9,162,False
5,HK,1.0,0,0,P,1,3.0,1.0,1994,9,1,False
7,HK,0.9545454545454546,0,2,P,21,83.0,1.0,1994,9,21,False
18,HK,0.6666666666666666,16,1,P,33,127.0,0.5151515151515151,1994,9,17,False
1,HK,0.986784140969163,1,2,P,113,403.0,0.9911504424778761,1994,9,112,False
22,HK,0.7441860465116279,5,6,A0,21,85.0,0.7619047619047619,1994,9,16,False
16,HK,0.32,4,13,A0,8,34.0,0.5,1994,9,4,False
12,HK,0.7777777777777778,6,14,A0,41,167.0,0.8536585365853658,1994,9,35,False
13,HK,0.9681528662420382,8,2,A0,160,662.0,0.95,1994,9,152,False
21,HK,0.14285714285714285,3,9,A0,4,18.0,0.25,1994,9,1,False
4,HK,0.8502994011976048,23,27,A0,165,626.0,0.8606060606060606,1994,9,142,False
19,HK,0.0,2,3,A0,2,6.0,0.0,1994,9,0,True
17,HK,0.375,2,8,A0,5,23.0,0.6,1994,9,3,False
6,HK,0.0,1,2,A0,1,6.0,0.0,1994,9,0,True
11,HK,0.6666666666666666,29,3,A0,61,261.0,0.5245901639344263,1994,9,32,False
3,HK,0.8349514563106796,28,23,A0,157,644.0,0.821656050955414,1994,9,129,False
15,HK,0.9959514170040485,0,1,A0,123,488.0,1.0,1994,9,123,False
0,HK,0.45454545454545453,2,10,A0,7,25.0,0.7142857142857143,1994,9,5,False
9,HK,0.9759036144578314,2,6,A0,164,635.0,0.9878048780487805,1994,9,162,False
5,HK,1.0,0,0,A0,1,3.0,1.0,1994,9,1,False
7,HK,0.9545454545454546,0,2,A0,21,83.0,1.0,1994,9,21,False
18,HK,0.6274509803921569,17,2,A0,33,127.0,0.48484848484848486,1994,9,16,False
1,HK,0.986784140969163,1,2,A0,113,403.0,0.9911504424778761,1994,9,112,False
22,HK,0.7555555555555555,4,7,A1,21,85.0,0.8095238095238095,1994,9,17,False
16,HK,0.375,2,18,A1,8,34.0,0.75,1994,9,6,False
12,HK,0.7380952380952381,10,12,A1,41,167.0,0.7560975609756098,1994,9,31,False
13,HK,0.9681528662420382,8,2,A1,160,662.0,0.95,1994,9,152,False
21,HK,0.0,4,4,A1,4,18.0,0.0,1994,9,0,True
4,HK,0.8130563798219584,28,35,A1,165,626.0,0.8303030303030303,1994,9,137,False
19,HK,0.0,2,8,A1,2,6.0,0.0,1994,9,0,True
17,HK,0.3333333333333333,1,15,A1,5,23.0,0.8,1994,9,4,False
6,HK,0.0,1,2,A1,1,6.0,0.0,1994,9,0,True
11,HK,0.5531914893617021,35,7,A1,61,261.0,0.4262295081967213,1994,9,26,False
3,HK,0.7828947368421053,38,28,A1,157,644.0,0.7579617834394905,1994,9,119,False
15,HK,0.9800796812749004,0,5,A1,123,488.0,1.0,1994,9,123,False
0,HK,0.18181818181818182,5,13,A1,7,25.0,0.2857142857142857,1994,9,2,False
9,HK,0.9817073170731707,3,3,A1,164,635.0,0.9817073170731707,1994,9,161,False
5,HK,0.6666666666666666,0,1,A1,1,3.0,1.0,1994,9,1,False
7,HK,0.9767441860465116,0,1,A1,21,83.0,1.0,1994,9,21,False
18,HK,0.4186046511627907,24,1,A1,33,127.0,0.2727272727272727,1994,9,9,False
1,HK,0.9868995633187773,0,3,A1,113,403.0,1.0,1994,9,113,False
22,HK,0.6808510638297872,5,10,A2,21,85.0,0.7619047619047619,1994,9,16,False
16,HK,0.2857142857142857,4,16,A2,8,34.0,0.5,1994,9,4,False
12,HK,0.7469879518072289,10,11,A2,41,167.0,0.7560975609756098,1994,9,31,False
13,HK,0.9745222929936306,7,1,A2,160,662.0,0.95625,1994,9,153,False
21,HK,0.15384615384615385,3,8,A2,4,18.0,0.25,1994,9,1,False
4,HK,0.8545454545454545,24,24,A2,165,626.0,0.8545454545454545,1994,9,141,False
19,HK,0.0,2,7,A2,2,6.0,0.0,1994,9,0,True
17,HK,0.5882352941176471,0,7,A2,5,23.0,1.0,1994,9,5,False
6,HK,0.0,1,1,A2,1,6.0,0.0,1994,9,0,True
11,HK,0.66,28,6,A2,61,261.0,0.5409836065573771,1994,9,33,False
3,HK,0.8434504792332268,25,24,A2,157,644.0,0.8407643312101911,1994,9,132,False
15,HK,0.9959514170040485,0,1,A2,123,488.0,1.0,1994,9,123,False
0,HK,0.45454545454545453,2,10,A2,7,25.0,0.7142857142857143,1994,9,5,False
9,HK,0.9819277108433735,1,5,A2,164,635.0,0.9939024390243902,1994,9,163,False
5,HK,1.0,0,0,A2,1,3.0,1.0,1994,9,1,False
7,HK,1.0,0,0,A2,21,83.0,1.0,1994,9,21,False
18,HK,0.5652173913043478,20,0,A2,33,127.0,0.3939393939393939,1994,9,13,False
1,HK,0.9955947136563876,0,1,A2,113,403.0,1.0,1994,9,113,False
22,HK,0.6956521739130435,5,9,A3,21,85.0,0.7619047619047619,1994,9,16,False
16,HK,0.32,4,13,A3,8,34.0,0.5,1994,9,4,False
12,HK,0.775,10,8,A3,41,167.0,0.7560975609756098,1994,9,31,False
13,HK,0.9714285714285714,7,2,A3,160,662.0,0.95625,1994,9,153,False
21,HK,0.16666666666666666,3,7,A3,4,18.0,0.25,1994,9,1,False
4,HK,0.8547008547008547,15,36,A3,165,626.0,0.9090909090909091,1994,9,150,False
19,HK,0.0,2,8,A3,2,6.0,0.0,1994,9,0,True
17,HK,0.5555555555555556,0,8,A3,5,23.0,1.0,1994,9,5,False
6,HK,0.0,1,1,A3,1,6.0,0.0,1994,9,0,True
11,HK,0.7272727272727273,21,9,A3,61,261.0,0.6557377049180327,1994,9,40,False
3,HK,0.8096885813148789,40,15,A3,157,644.0,0.7452229299363057,1994,9,117,False
15,HK,0.9959514170040485,0,1,A3,123,488.0,1.0,1994,9,123,False
0,HK,0.5555555555555556,2,6,A3,7,25.0,0.7142857142857143,1994,9,5,False
9,HK,0.9819277108433735,1,5,A3,164,635.0,0.9939024390243902,1994,9,163,False
5,HK,1.0,0,0,A3,1,3.0,1.0,1994,9,1,False
7,HK,0.9767441860465116,0,1,A3,21,83.0,1.0,1994,9,21,False
18,HK,0.625,18,0,A3,33,127.0,0.45454545454545453,1994,9,15,False
1,HK,1.0,0,0,A3,113,403.0,1.0,1994,9,113,False
22,HK,0.6808510638297872,5,10,A3s,21,85.0,0.7619047619047619,1994,9,16,False
16,HK,0.2962962962962963,4,15,A3s,8,34.0,0.5,1994,9,4,False
12,HK,0.7469879518072289,10,11,A3s,41,167.0,0.7560975609756098,1994,9,31,False
13,HK,0.9776357827476039,7,0,A3s,160,662.0,0.95625,1994,9,153,False
21,HK,0.16666666666666666,3,7,A3s,4,18.0,0.25,1994,9,1,False
4,HK,0.8605341246290801,20,27,A3s,165,626.0,0.8787878787878788,1994,9,145,False
19,HK,0.0,2,8,A3s,2,6.0,0.0,1994,9,0,True
17,HK,0.5555555555555556,0,8,A3s,5,23.0,1.0,1994,9,5,False
6,HK,0.0,1,1,A3s,1,6.0,0.0,1994,9,0,True
11,HK,0.6923076923076923,25,7,A3s,61,261.0,0.5901639344262295,1994,9,36,False
3,HK,0.839344262295082,29,20,A3s,157,644.0,0.8152866242038217,1994,9,128,False
15,HK,0.9959514170040485,0,1,A3s,123,488.0,1.0,1994,9,123,False
0,HK,0.5263157894736842,2,7,A3s,7,25.0,0.7142857142857143,1994,9,5,False
9,HK,0.9819277108433735,1,5,A3s,164,635.0,0.9939024390243902,1994,9,163,False
5,HK,1.0,0,0,A3s,1,3.0,1.0,1994,9,1,False
7,HK,1.0,0,0,A3s,21,83.0,1.0,1994,9,21,False
18,HK,0.5957446808510638,19,0,A3s,33,127.0,0.42424242424242425,1994,9,14,False
1,HK,0.9955947136563876,0,1,A3s,113,403.0,1.0,1994,9,113,False
22,HK,0.6808510638297872,5,10,A4,21,85.0,0.7619047619047619,1994,9,16,False
16,HK,0.2857142857142857,4,16,A4,8,34.0,0.5,1994,9,4,False
12,HK,0.7469879518072289,10,11,A4,41,167.0,0.7560975609756098,1994,9,31,False
13,HK,0.9745222929936306,7,1,A4,160,662.0,0.95625,1994,9,153,False
21,HK,0.15384615384615385,3,8,A4,4,18.0,0.25,1994,9,1,False
4,HK,0.8545454545454545,24,24,A4,165,626.0,0.8545454545454545,1994,9,141,False
19,HK,0.0,2,7,A4,2,6.0,0.0,1994,9,0,True
17,HK,0.5882352941176471,0,7,A4,5,23.0,1.0,1994,9,5,False
6,HK,0.0,1,1,A4,1,6.0,0.0,1994,9,0,True
11,HK,0.66,28,6,A4,61,261.0,0.5409836065573771,1994,9,33,False
3,HK,0.8434504792332268,25,24,A4,157,644.0,0.8407643312101911,1994,9,132,False
15,HK,0.9959514170040485,0,1,A4,123,488.0,1.0,1994,9,123,False
0,HK,0.45454545454545453,2,10,A4,7,25.0,0.7142857142857143,1994,9,5,False
9,HK,0.9819277108433735,1,5,A4,164,635.0,0.9939024390243902,1994,9,163,False
5,HK,1.0,0,0,A4,1,3.0,1.0,1994,9,1,False
7,HK,1.0,0,0,A4,21,83.0,1.0,1994,9,21,False
18,HK,0.5652173913043478,20,0,A4,33,127.0,0.3939393939393939,1994,9,13,False
1,HK,0.9955947136563876,0,1,A4,113,403.0,1.0,1994,9,113,False
22,HK,0.6808510638297872,5,10,A5,21,85.0,0.7619047619047619,1994,9,16,False
16,HK,0.3076923076923077,4,14,A5,8,34.0,0.5,1994,9,4,False
12,HK,0.7619047619047619,9,11,A5,41,167.0,0.7804878048780488,1994,9,32,False
13,HK,0.9745222929936306,7,1,A5,160,662.0,0.95625,1994,9,153,False
21,HK,0.15384615384615385,3,8,A5,4,18.0,0.25,1994,9,1,False
4,HK,0.8545454545454545,24,24,A5,165,626.0,0.8545454545454545,1994,9,141,False
19,HK,0.0,2,8,A5,2,6.0,0.0,1994,9,0,True
17,HK,0.5882352941176471,0,7,A5,5,23.0,1.0,1994,9,5,False
6,HK,0.0,1,1,A5,1,6.0,0.0,1994,9,0,True
11,HK,0.66,28,6,A5,61,261.0,0.5409836065573771,1994,9,33,False
3,HK,0.8434504792332268,25,24,A5,157,644.0,0.8407643312101911,1994,9,132,False
15,HK,0.9959514170040485,0,1,A5,123,488.0,1.0,1994,9,123,False
0,HK,0.45454545454545453,2,10,A5,7,25.0,0.7142857142857143,1994,9,5,False
9,HK,0.9819277108433735,1,5,A5,164,635.0,0.9939024390243902,1994,9,163,False
5,HK,1.0,0,0,A5,1,3.0,1.0,1994,9,1,False
7,HK,1.0,0,0,A5,21,83.0,1.0,1994,9,21,False
18,HK,0.5652173913043478,20,0,A5,33,127.0,0.3939393939393939,1994,9,13,False
1,HK,0.9955947136563876,0,1,A5,113,403.0,1.0,1994,9,113,False
22,HK,0.6808510638297872,5,10,A6,21,85.0,0.7619047619047619,1994,9,16,False
16,HK,0.2857142857142857,4,16,A6,8,34.0,0.5,1994,9,4,False
12,HK,0.7469879518072289,10,11,A6,41,167.0,0.7560975609756098,1994,9,31,False
13,HK,0.9745222929936306,7,1,A6,160,662.0,0.95625,1994,9,153,False
21,HK,0.15384615384615385,3,8,A6,4,18.0,0.25,1994,9,1,False
4,HK,0.8545454545454545,24,24,A6,165,626.0,0.8545454545454545,1994,9,141,False
19,HK,0.0,2,7,A6,2,6.0,0.0,1994,9,0,True
17,HK,0.5882352941176471,0,7,A6,5,23.0,1.0,1994,9,5,False
6,HK,0.0,1,1,A6,1,6.0,0.0,1994,9,0,True
11,HK,0.66,28,6,A6,61,261.0,0.5409836065573771,1994,9,33,False
3,HK,0.8434504792332268,25,24,A6,157,644.0,0.8407643312101911,1994,9,132,False
15,HK,0.9959514170040485,0,1,A6,123,488.0,1.0,1994,9,123,False
0,HK,0.45454545454545453,2,10,A6,7,25.0,0.7142857142857143,1994,9,5,False
9,HK,0.9819277108433735,1,5,A6,164,635.0,0.9939024390243902,1994,9,163,False
5,HK,1.0,0,0,A6,1,3.0,1.0,1994,9,1,False
7,HK,1.0,0,0,A6,21,83.0,1.0,1994,9,21,False
18,HK,0.5652173913043478,20,0,A6,33,127.0,0.3939393939393939,1994,9,13,False
1,HK,0.9955947136563876,0,1,A6,113,403.0,1.0,1994,9,113,False
22,HK,0.631578947368421,9,5,A7,21,85.0,0.5714285714285714,1994,9,12,False
16,HK,0.19047619047619047,6,11,A7,8,34.0,0.25,1994,9,2,False
12,HK,0.7073170731707317,12,12,A7,41,167.0,0.7073170731707317,1994,9,29,False
13,HK,0.9215686274509803,19,5,A7,160,662.0,0.88125,1994,9,141,False
21,HK,0.0,4,10,A7,4,18.0,0.0,1994,9,0,True
4,HK,0.7888198757763976,38,30,A7,165,626.0,0.7696969696969697,1994,9,127,False
19,HK,0.0,2,10,A7,2,6.0,0.0,1994,9,0,True
17,HK,0.25,2,16,A7,5,23.0,0.6,1994,9,3,False
6,HK,0.0,1,8,A7,1,6.0,0.0,1994,9,0,True
11,HK,0.5982905982905983,26,21,A7,61,261.0,0.5737704918032787,1994,9,35,False
3,HK,0.7682539682539683,36,37,A7,157,644.0,0.7707006369426752,1994,9,121,False
15,HK,0.9959183673469387,1,0,A7,123,488.0,0.991869918699187,1994,9,122,False
0,HK,0.2857142857142857,4,11,A7,7,25.0,0.42857142857142855,1994,9,3,False
9,HK,0.9693251533742331,6,4,A7,164,635.0,0.9634146341463414,1994,9,158,False
5,HK,1.0,0,0,A7,1,3.0,1.0,1994,9,1,False
7,HK,0.7636363636363637,0,13,A7,21,83.0,1.0,1994,9,21,False
18,HK,0.5555555555555556,18,6,A7,33,127.0,0.45454545454545453,1994,9,15,False
1,HK,0.919431279620853,16,1,A7,113,403.0,0.8584070796460177,1994,9,97,False
22,HK,0.6808510638297872,5,10,A8,21,85.0,0.7619047619047619,1994,9,16,False
16,HK,0.2857142857142857,4,16,A8,8,34.0,0.5,1994,9,4,False
12,HK,0.7469879518072289,10,11,A8,41,167.0,0.7560975609756098,1994,9,31,False
13,HK,0.9745222929936306,7,1,A8,160,662.0,0.95625,1994,9,153,False
21,HK,0.15384615384615385,3,8,A8,4,18.0,0.25,1994,9,1,False
4,HK,0.8571428571428571,24,23,A8,165,626.0,0.8545454545454545,1994,9,141,False
19,HK,0.0,2,7,A8,2,6.0,0.0,1994,9,0,True
17,HK,0.5882352941176471,0,7,A8,5,23.0,1.0,1994,9,5,False
6,HK,0.0,1,1,A8,1,6.0,0.0,1994,9,0,True
11,HK,0.66,28,6,A8,61,261.0,0.5409836065573771,1994,9,33,False
3,HK,0.8471337579617835,24,24,A8,157,644.0,0.8471337579617835,1994,9,133,False
15,HK,0.9959514170040485,0,1,A8,123,488.0,1.0,1994,9,123,False
0,HK,0.45454545454545453,2,10,A8,7,25.0,0.7142857142857143,1994,9,5,False
9,HK,0.9819277108433735,1,5,A8,164,635.0,0.9939024390243902,1994,9,163,False
5,HK,1.0,0,0,A8,1,3.0,1.0,1994,9,1,False
7,HK,1.0,0,0,A8,21,83.0,1.0,1994,9,21,False
18,HK,0.5652173913043478,20,0,A8,33,127.0,0.3939393939393939,1994,9,13,False
1,HK,0.9955947136563876,0,1,A8,113,403.0,1.0,1994,9,113,False
22,HK,0.6956521739130435,5,9,P,21,85.0,0.7619047619047619,1994,10,16,False
16,HK,0.2608695652173913,5,12,P,8,34.0,0.375,1994,10,3,False
12,HK,0.7157894736842105,7,20,P,41,167.0,0.8292682926829268,1994,10,34,False
13,HK,0.9617834394904459,9,3,P,160,662.0,0.94375,1994,10,151,False
21,HK,0.16666666666666666,3,7,P,4,18.0,0.25,1994,10,1,False
4,HK,0.8537313432835821,22,27,P,165,626.0,0.8666666666666667,1994,10,143,False
19,HK,0.0,2,5,P,2,6.0,0.0,1994,10,0,True
17,HK,0.375,2,8,P,5,23.0,0.6,1994,10,3,False
6,HK,0.0,1,2,P,1,6.0,0.0,1994,10,0,True
11,HK,0.3218390804597701,47,12,P,61,261.0,0.22950819672131148,1994,10,14,False
3,HK,0.8376623376623377,28,22,P,157,644.0,0.821656050955414,1994,10,129,False
15,HK,0.9878542510121457,1,2,P,123,488.0,0.991869918699187,1994,10,122,False
0,HK,0.29411764705882354,2,22,P,7,25.0,0.7142857142857143,1994,10,5,False
9,HK,0.9700598802395209,2,8,P,164,635.0,0.9878048780487805,1994,10,162,False
5,HK,0.0,1,2,P,1,3.0,0.0,1994,10,0,True
7,HK,0.9545454545454546,0,2,P,21,83.0,1.0,1994,10,21,False
18,HK,0.6,18,2,P,33,127.0,0.45454545454545453,1994,10,15,False
1,HK,0.986784140969163,1,2,P,113,403.0,0.9911504424778761,1994,10,112,False
10,HK,0.8137931034482758,32,22,P,150,595.0,0.7866666666666666,1994,10,118,False
14,HK,0.957983193277311,3,2,P,60,252.0,0.95,1994,10,57,False
22,HK,0.6976744186046512,6,7,A0,21,85.0,0.7142857142857143,1994,10,15,False
16,HK,0.23076923076923078,5,15,A0,8,34.0,0.375,1994,10,3,False
12,HK,0.723404255319149,7,19,A0,41,167.0,0.8292682926829268,1994,10,34,False
13,HK,0.9650793650793651,8,3,A0,160,662.0,0.95,1994,10,152,False
21,HK,0.14285714285714285,3,9,A0,4,18.0,0.25,1994,10,1,False
4,HK,0.8502994011976048,23,27,A0,165,626.0,0.8606060606060606,1994,10,142,False
19,HK,0.0,2,3,A0,2,6.0,0.0,1994,10,0,True
17,HK,0.375,2,8,A0,5,23.0,0.6,1994,10,3,False
6,HK,0.0,1,2,A0,1,6.0,0.0,1994,10,0,True
11,HK,0.3218390804597701,47,12,A0,61,261.0,0.22950819672131148,1994,10,14,False
3,HK,0.8349514563106796,28,23,A0,157,644.0,0.821656050955414,1994,10,129,False
15,HK,0.9878542510121457,1,2,A0,123,488.0,0.991869918699187,1994,10,122,False
0,HK,0.30303030303030304,2,21,A0,7,25.0,0.7142857142857143,1994,10,5,False
9,HK,0.972972972972973,2,7,A0,164,635.0,0.9878048780487805,1994,10,162,False
5,HK,0.0,1,2,A0,1,3.0,0.0,1994,10,0,True
7,HK,0.9545454545454546,0,2,A0,21,83.0,1.0,1994,10,21,False
18,HK,0.6274509803921569,17,2,A0,33,127.0,0.48484848484848486,1994,10,16,False
1,HK,0.986784140969163,1,2,A0,113,403.0,0.9911504424778761,1994,10,112,False
10,HK,0.8137931034482758,32,22,A0,150,595.0,0.7866666666666666,1994,10,118,False
14,HK,0.95,3,3,A0,60,252.0,0.95,1994,10,57,False
22,HK,0.7555555555555555,4,7,A1,21,85.0,0.8095238095238095,1994,10,17,False
16,HK,0.2857142857142857,3,22,A1,8,34.0,0.625,1994,10,5,False
12,HK,0.7045454545454546,10,16,A1,41,167.0,0.7560975609756098,1994,10,31,False
13,HK,0.9683544303797469,7,3,A1,160,662.0,0.95625,1994,10,153,False
21,HK,0.0,4,4,A1,4,18.0,0.0,1994,10,0,True
4,HK,0.8095238095238095,29,35,A1,165,626.0,0.8242424242424242,1994,10,136,False
19,HK,0.0,2,9,A1,2,6.0,0.0,1994,10,0,True
17,HK,0.32,1,16,A1,5,23.0,0.8,1994,10,4,False
6,HK,0.0,1,2,A1,1,6.0,0.0,1994,10,0,True
11,HK,0.26666666666666666,51,4,A1,61,261.0,0.16393442622950818,1994,10,10,False
3,HK,0.7843137254901961,37,29,A1,157,644.0,0.7643312101910829,1994,10,120,False
15,HK,0.9647058823529412,0,9,A1,123,488.0,1.0,1994,10,123,False
0,HK,0.16666666666666666,4,26,A1,7,25.0,0.42857142857142855,1994,10,3,False
9,HK,0.9669669669669669,3,8,A1,164,635.0,0.9817073170731707,1994,10,161,False
5,HK,0.0,1,5,A1,1,3.0,0.0,1994,10,0,True
7,HK,0.9545454545454546,0,2,A1,21,83.0,1.0,1994,10,21,False
18,HK,0.42857142857142855,24,0,A1,33,127.0,0.2727272727272727,1994,10,9,False
1,HK,0.9824561403508771,1,3,A1,113,403.0,0.9911504424778761,1994,10,112,False
10,HK,0.8,34,24,A1,150,595.0,0.7733333333333333,1994,10,116,False
14,HK,0.8928571428571429,10,2,A1,60,252.0,0.8333333333333334,1994,10,50,False
22,HK,0.6808510638297872,5,10,A2,21,85.0,0.7619047619047619,1994,10,16,False
16,HK,0.14285714285714285,6,18,A2,8,34.0,0.25,1994,10,2,False
12,HK,0.7191011235955056,9,16,A2,41,167.0,0.7804878048780488,1994,10,32,False
13,HK,0.9745222929936306,7,1,A2,160,662.0,0.95625,1994,10,153,False
21,HK,0.15384615384615385,3,8,A2,4,18.0,0.25,1994,10,1,False
4,HK,0.8562874251497006,22,26,A2,165,626.0,0.8666666666666667,1994,10,143,False
19,HK,0.0,2,7,A2,2,6.0,0.0,1994,10,0,True
17,HK,0.5555555555555556,0,8,A2,5,23.0,1.0,1994,10,5,False
6,HK,0.0,1,1,A2,1,6.0,0.0,1994,10,0,True
11,HK,0.3655913978494624,44,15,A2,61,261.0,0.2786885245901639,1994,10,17,False
3,HK,0.8414239482200647,27,22,A2,157,644.0,0.8280254777070064,1994,10,130,False
15,HK,0.9878542510121457,1,2,A2,123,488.0,0.991869918699187,1994,10,122,False
0,HK,0.30303030303030304,2,21,A2,7,25.0,0.7142857142857143,1994,10,5,False
9,HK,0.9731343283582089,1,8,A2,164,635.0,0.9939024390243902,1994,10,163,False
5,HK,0.0,1,1,A2,1,3.0,0.0,1994,10,0,True
7,HK,1.0,0,0,A2,21,83.0,1.0,1994,10,21,False
18,HK,0.5531914893617021,20,1,A2,33,127.0,0.3939393939393939,1994,10,13,False
1,HK,0.9955947136563876,0,1,A2,113,403.0,1.0,1994,10,113,False
10,HK,0.7972027972027972,36,22,A2,150,595.0,0.76,1994,10,114,False
14,HK,0.957983193277311,3,2,A2,60,252.0,0.95,1994,10,57,False
22,HK,0.6956521739130435,5,9,A3,21,85.0,0.7619047619047619,1994,10,16,False
16,HK,0.13793103448275862,6,19,A3,8,34.0,0.25,1994,10,2,False
12,HK,0.7272727272727273,9,15,A3,41,167.0,0.7804878048780488,1994,10,32,False
13,HK,0.9714285714285714,7,2,A3,160,662.0,0.95625,1994,10,153,False
21,HK,0.15384615384615385,3,8,A3,4,18.0,0.25,1994,10,1,False
4,HK,0.8579545454545454,14,36,A3,165,626.0,0.9151515151515152,1994,10,151,False
19,HK,0.0,2,8,A3,2,6.0,0.0,1994,10,0,True
17,HK,0.5263157894736842,0,9,A3,5,23.0,1.0,1994,10,5,False
6,HK,0.0,1,1,A3,1,6.0,0.0,1994,10,0,True
11,HK,0.4528301886792453,37,21,A3,61,261.0,0.39344262295081966,1994,10,24,False
3,HK,0.8125,40,14,A3,157,644.0,0.7452229299363057,1994,10,117,False
15,HK,0.9878542510121457,1,2,A3,123,488.0,0.991869918699187,1994,10,122,False
0,HK,0.3125,2,20,A3,7,25.0,0.7142857142857143,1994,10,5,False
9,HK,0.9731343283582089,1,8,A3,164,635.0,0.9939024390243902,1994,10,163,False
5,HK,0.0,1,1,A3,1,3.0,0.0,1994,10,0,True
7,HK,0.9767441860465116,0,1,A3,21,83.0,1.0,1994,10,21,False
18,HK,0.5833333333333334,19,1,A3,33,127.0,0.42424242424242425,1994,10,14,False
1,HK,1.0,0,0,A3,113,403.0,1.0,1994,10,113,False
10,HK,0.7838827838827839,43,16,A3,150,595.0,0.7133333333333334,1994,10,107,False
14,HK,0.95,3,3,A3,60,252.0,0.95,1994,10,57,False
22,HK,0.6956521739130435,5,9,A3s,21,85.0,0.7619047619047619,1994,10,16,False
16,HK,0.13793103448275862,6,19,A3s,8,34.0,0.25,1994,10,2,False
12,HK,0.7272727272727273,9,15,A3s,41,167.0,0.7804878048780488,1994,10,32,False
13,HK,0.9745222929936306,7,1,A3s,160,662.0,0.95625,1994,10,153,False
21,HK,0.14285714285714285,3,9,A3s,4,18.0,0.25,1994,10,1,False
4,HK,0.8613569321533924,19,28,A3s,165,626.0,0.8848484848484849,1994,10,146,False
19,HK,0.0,2,7,A3s,2,6.0,0.0,1994,10,0,True
17,HK,0.5263157894736842,0,9,A3s,5,23.0,1.0,1994,10,5,False
6,HK,0.0,1,1,A3s,1,6.0,0.0,1994,10,0,True
11,HK,0.35789473684210527,44,17,A3s,61,261.0,0.2786885245901639,1994,10,17,False
3,HK,0.8382838283828383,30,19,A3s,157,644.0,0.8089171974522293,1994,10,127,False
15,HK,0.9878542510121457,1,2,A3s,123,488.0,0.991869918699187,1994,10,122,False
0,HK,0.2857142857142857,2,23,A3s,7,25.0,0.7142857142857143,1994,10,5,False
9,HK,0.9731343283582089,1,8,A3s,164,635.0,0.9939024390243902,1994,10,163,False
5,HK,0.0,1,1,A3s,1,3.0,0.0,1994,10,0,True
7,HK,1.0,0,0,A3s,21,83.0,1.0,1994,10,21,False
18,HK,0.5833333333333334,19,1,A3s,33,127.0,0.42424242424242425,1994,10,14,False
1,HK,1.0,0,0,A3s,113,403.0,1.0,1994,10,113,False
10,HK,0.7801418439716312,40,22,A3s,150,595.0,0.7333333333333333,1994,10,110,False
14,HK,0.957983193277311,3,2,A3s,60,252.0,0.95,1994,10,57,False
22,HK,0.6808510638297872,5,10,A4,21,85.0,0.7619047619047619,1994,10,16,False
16,HK,0.14285714285714285,6,18,A4,8,34.0,0.25,1994,10,2,False
12,HK,0.7191011235955056,9,16,A4,41,167.0,0.7804878048780488,1994,10,32,False
13,HK,0.9745222929936306,7,1,A4,160,662.0,0.95625,1994,10,153,False
21,HK,0.15384615384615385,3,8,A4,4,18.0,0.25,1994,10,1,False
4,HK,0.8562874251497006,22,26,A4,165,626.0,0.8666666666666667,1994,10,143,False
19,HK,0.0,2,7,A4,2,6.0,0.0,1994,10,0,True
17,HK,0.5555555555555556,0,8,A4,5,23.0,1.0,1994,10,5,False
6,HK,0.0,1,1,A4,1,6.0,0.0,1994,10,0,True
11,HK,0.3655913978494624,44,15,A4,61,261.0,0.2786885245901639,1994,10,17,False
3,HK,0.8414239482200647,27,22,A4,157,644.0,0.8280254777070064,1994,10,130,False
15,HK,0.9878542510121457,1,2,A4,123,488.0,0.991869918699187,1994,10,122,False
0,HK,0.30303030303030304,2,21,A4,7,25.0,0.7142857142857143,1994,10,5,False
9,HK,0.9731343283582089,1,8,A4,164,635.0,0.9939024390243902,1994,10,163,False
5,HK,0.0,1,1,A4,1,3.0,0.0,1994,10,0,True
7,HK,1.0,0,0,A4,21,83.0,1.0,1994,10,21,False
18,HK,0.5531914893617021,20,1,A4,33,127.0,0.3939393939393939,1994,10,13,False
1,HK,0.9955947136563876,0,1,A4,113,403.0,1.0,1994,10,113,False
10,HK,0.7972027972027972,36,22,A4,150,595.0,0.76,1994,10,114,False
14,HK,0.957983193277311,3,2,A4,60,252.0,0.95,1994,10,57,False
22,HK,0.6808510638297872,5,10,A5,21,85.0,0.7619047619047619,1994,10,16,False
16,HK,0.14285714285714285,6,18,A5,8,34.0,0.25,1994,10,2,False
12,HK,0.7111111111111111,9,17,A5,41,167.0,0.7804878048780488,1994,10,32,False
13,HK,0.9745222929936306,7,1,A5,160,662.0,0.95625,1994,10,153,False
21,HK,0.15384615384615385,3,8,A5,4,18.0,0.25,1994,10,1,False
4,HK,0.8562874251497006,22,26,A5,165,626.0,0.8666666666666667,1994,10,143,False
19,HK,0.0,2,8,A5,2,6.0,0.0,1994,10,0,True
17,HK,0.5555555555555556,0,8,A5,5,23.0,1.0,1994,10,5,False
6,HK,0.0,1,1,A5,1,6.0,0.0,1994,10,0,True
11,HK,0.3655913978494624,44,15,A5,61,261.0,0.2786885245901639,1994,10,17,False
3,HK,0.8414239482200647,27,22,A5,157,644.0,0.8280254777070064,1994,10,130,False
15,HK,0.9878542510121457,1,2,A5,123,488.0,0.991869918699187,1994,10,122,False
0,HK,0.3225806451612903,2,19,A5,7,25.0,0.7142857142857143,1994,10,5,False
9,HK,0.9731343283582089,1,8,A5,164,635.0,0.9939024390243902,1994,10,163,False
5,HK,0.0,1,1,A5,1,3.0,0.0,1994,10,0,True
7,HK,1.0,0,0,A5,21,83.0,1.0,1994,10,21,False
18,HK,0.5531914893617021,20,1,A5,33,127.0,0.3939393939393939,1994,10,13,False
1,HK,0.9955947136563876,0,1,A5,113,403.0,1.0,1994,10,113,False
10,HK,0.7972027972027972,36,22,A5,150,595.0,0.76,1994,10,114,False
14,HK,0.957983193277311,3,2,A5,60,252.0,0.95,1994,10,57,False
22,HK,0.6808510638297872,5,10,A6,21,85.0,0.7619047619047619,1994,10,16,False
16,HK,0.14285714285714285,6,18,A6,8,34.0,0.25,1994,10,2,False
12,HK,0.7191011235955056,9,16,A6,41,167.0,0.7804878048780488,1994,10,32,False
13,HK,0.9745222929936306,7,1,A6,160,662.0,0.95625,1994,10,153,False
21,HK,0.15384615384615385,3,8,A6,4,18.0,0.25,1994,10,1,False
4,HK,0.8562874251497006,22,26,A6,165,626.0,0.8666666666666667,1994,10,143,False
19,HK,0.0,2,7,A6,2,6.0,0.0,1994,10,0,True
17,HK,0.5555555555555556,0,8,A6,5,23.0,1.0,1994,10,5,False
6,HK,0.0,1,1,A6,1,6.0,0.0,1994,10,0,True
11,HK,0.3655913978494624,44,15,A6,61,261.0,0.2786885245901639,1994,10,17,False
3,HK,0.8414239482200647,27,22,A6,157,644.0,0.8280254777070064,1994,10,130,False
15,HK,0.9878542510121457,1,2,A6,123,488.0,0.991869918699187,1994,10,122,False
0,HK,0.30303030303030304,2,21,A6,7,25.0,0.7142857142857143,1994,10,5,False
9,HK,0.9731343283582089,1,8,A6,164,635.0,0.9939024390243902,1994,10,163,False
5,HK,0.0,1,1,A6,1,3.0,0.0,1994,10,0,True
7,HK,1.0,0,0,A6,21,83.0,1.0,1994,10,21,False
18,HK,0.5531914893617021,20,1,A6,33,127.0,0.3939393939393939,1994,10,13,False
1,HK,0.9955947136563876,0,1,A6,113,403.0,1.0,1994,10,113,False
10,HK,0.7972027972027972,36,22,A6,150,595.0,0.76,1994,10,114,False
14,HK,0.957983193277311,3,2,A6,60,252.0,0.95,1994,10,57,False
22,HK,0.631578947368421,9,5,A7,21,85.0,0.5714285714285714,1994,10,12,False
16,HK,0.06666666666666667,7,21,A7,8,34.0,0.125,1994,10,1,False
12,HK,0.6823529411764706,12,15,A7,41,167.0,0.7073170731707317,1994,10,29,False
13,HK,0.9215686274509803,19,5,A7,160,662.0,0.88125,1994,10,141,False
21,HK,0.0,4,10,A7,4,18.0,0.0,1994,10,0,True
4,HK,0.7912772585669782,38,29,A7,165,626.0,0.7696969696969697,1994,10,127,False
19,HK,0.0,2,10,A7,2,6.0,0.0,1994,10,0,True
17,HK,0.23076923076923078,2,18,A7,5,23.0,0.6,1994,10,3,False
6,HK,0.0,1,8,A7,1,6.0,0.0,1994,10,0,True
11,HK,0.432,34,37,A7,61,261.0,0.4426229508196721,1994,10,27,False
3,HK,0.7682539682539683,36,37,A7,157,644.0,0.7707006369426752,1994,10,121,False
15,HK,0.9959183673469387,1,0,A7,123,488.0,0.991869918699187,1994,10,122,False
0,HK,0.2,4,20,A7,7,25.0,0.42857142857142855,1994,10,3,False
9,HK,0.9693251533742331,6,4,A7,164,635.0,0.9634146341463414,1994,10,158,False
5,HK,0.0,1,4,A7,1,3.0,0.0,1994,10,0,True
7,HK,0.7636363636363637,0,13,A7,21,83.0,1.0,1994,10,21,False
18,HK,0.5357142857142857,18,8,A7,33,127.0,0.45454545454545453,1994,10,15,False
1,HK,0.919431279620853,16,1,A7,113,403.0,0.8584070796460177,1994,10,97,False
10,HK,0.7601476014760148,47,18,A7,150,595.0,0.6866666666666666,1994,10,103,False
14,HK,0.9122807017543859,8,2,A7,60,252.0,0.8666666666666667,1994,10,52,False
22,HK,0.6808510638297872,5,10,A8,21,85.0,0.7619047619047619,1994,10,16,False
16,HK,0.13793103448275862,6,19,A8,8,34.0,0.25,1994,10,2,False
12,HK,0.7191011235955056,9,16,A8,41,167.0,0.7804878048780488,1994,10,32,False
13,HK,0.9745222929936306,7,1,A8,160,662.0,0.95625,1994,10,153,False
21,HK,0.15384615384615385,3,8,A8,4,18.0,0.25,1994,10,1,False
4,HK,0.8468468468468469,24,27,A8,165,626.0,0.8545454545454545,1994,10,141,False
19,HK,0.0,2,7,A8,2,6.0,0.0,1994,10,0,True
17,HK,0.5555555555555556,0,8,A8,5,23.0,1.0,1994,10,5,False
6,HK,0.0,1,1,A8,1,6.0,0.0,1994,10,0,True
11,HK,0.3655913978494624,44,15,A8,61,261.0,0.2786885245901639,1994,10,17,False
3,HK,0.832258064516129,28,24,A8,157,644.0,0.821656050955414,1994,10,129,False
15,HK,0.9878542510121457,1,2,A8,123,488.0,0.991869918699187,1994,10,122,False
0,HK,0.3125,2,20,A8,7,25.0,0.7142857142857143,1994,10,5,False
9,HK,0.9731343283582089,1,8,A8,164,635.0,0.9939024390243902,1994,10,163,False
5,HK,0.0,1,1,A8,1,3.0,0.0,1994,10,0,True
7,HK,1.0,0,0,A8,21,83.0,1.0,1994,10,21,False
18,HK,0.5531914893617021,20,1,A8,33,127.0,0.3939393939393939,1994,10,13,False
1,HK,0.9955947136563876,0,1,A8,113,403.0,1.0,1994,10,113,False
10,HK,0.7972027972027972,36,22,A8,150,595.0,0.76,1994,10,114,False
14,HK,0.957983193277311,3,2,A8,60,252.0,0.95,1994,10,57,False
22,HK,0.5245901639344263,5,24,P,21,85.0,0.7619047619047619,1994,11,16,False
16,HK,0.25,5,13,P,8,34.0,0.375,1994,11,3,False
12,HK,0.7083333333333334,7,21,P,41,167.0,0.8292682926829268,1994,11,34,False
13,HK,0.9556962025316456,9,5,P,160,662.0,0.94375,1994,11,151,False
21,HK,0.0,4,14,P,4,18.0,0.0,1994,11,0,True
4,HK,0.8571428571428571,21,27,P,165,626.0,0.8727272727272727,1994,11,144,False
19,HK,0.0,2,9,P,2,6.0,0.0,1994,11,0,True
17,HK,0.3,2,12,P,5,23.0,0.6,1994,11,3,False
6,HK,0.0,1,4,P,1,6.0,0.0,1994,11,0,True
11,HK,0.32558139534883723,47,11,P,61,261.0,0.22950819672131148,1994,11,14,False
3,HK,0.8403908794788274,28,21,P,157,644.0,0.821656050955414,1994,11,129,False
15,HK,0.9878542510121457,1,2,P,123,488.0,0.991869918699187,1994,11,122,False
0,HK,0.30303030303030304,2,21,P,7,25.0,0.7142857142857143,1994,11,5,False
9,HK,0.9700598802395209,2,8,P,164,635.0,0.9878048780487805,1994,11,162,False
5,HK,0.0,1,5,P,1,3.0,0.0,1994,11,0,True
7,HK,0.5526315789473685,0,34,P,21,83.0,1.0,1994,11,21,False
18,HK,0.39285714285714285,22,12,P,33,127.0,0.3333333333333333,1994,11,11,False
1,HK,0.9553571428571429,6,4,P,113,403.0,0.9469026548672567,1994,11,107,False
10,HK,0.8137931034482758,32,22,P,150,595.0,0.7866666666666666,1994,11,118,False
14,HK,0.9230769230769231,6,3,P,60,252.0,0.9,1994,11,54,False
20,HK,0.26506024096385544,55,6,P,66,288.0,0.16666666666666666,1994,11,11,False
8,HK,0.9706840390879479,4,5,P,153,654.0,0.9738562091503268,1994,11,149,False
2,HK,0.8746355685131195,32,11,P,182,736.0,0.8241758241758241,1994,11,150,False
22,HK,0.5423728813559322,5,22,A0,21,85.0,0.7619047619047619,1994,11,16,False
16,HK,0.2222222222222222,5,16,A0,8,34.0,0.375,1994,11,3,False
12,HK,0.7157894736842105,7,20,A0,41,167.0,0.8292682926829268,1994,11,34,False
13,HK,0.9589905362776026,8,5,A0,160,662.0,0.95,1994,11,152,False
21,HK,0.0,4,15,A0,4,18.0,0.0,1994,11,0,True
4,HK,0.8537313432835821,22,27,A0,165,626.0,0.8666666666666667,1994,11,143,False
19,HK,0.0,2,8,A0,2,6.0,0.0,1994,11,0,True
17,HK,0.3157894736842105,2,11,A0,5,23.0,0.6,1994,11,3,False
6,HK,0.0,1,4,A0,1,6.0,0.0,1994,11,0,True
11,HK,0.3218390804597701,47,12,A0,61,261.0,0.22950819672131148,1994,11,14,False
3,HK,0.8338762214983714,29,22,A0,157,644.0,0.8152866242038217,1994,11,128,False
15,HK,0.9878542510121457,1,2,A0,123,488.0,0.991869918699187,1994,11,122,False
0,HK,0.30303030303030304,2,21,A0,7,25.0,0.7142857142857143,1994,11,5,False
9,HK,0.972972972972973,2,7,A0,164,635.0,0.9878048780487805,1994,11,162,False
5,HK,0.0,1,5,A0,1,3.0,0.0,1994,11,0,True
7,HK,0.5753424657534246,0,31,A0,21,83.0,1.0,1994,11,21,False
18,HK,0.39285714285714285,22,12,A0,33,127.0,0.3333333333333333,1994,11,11,False
1,HK,0.9506726457399103,7,4,A0,113,403.0,0.9380530973451328,1994,11,106,False
10,HK,0.8096885813148789,33,22,A0,150,595.0,0.78,1994,11,117,False
14,HK,0.9152542372881356,6,4,A0,60,252.0,0.9,1994,11,54,False
20,HK,0.26506024096385544,55,6,A0,66,288.0,0.16666666666666666,1994,11,11,False
8,HK,0.970873786407767,3,6,A0,153,654.0,0.9803921568627451,1994,11,150,False
2,HK,0.8786127167630058,30,12,A0,182,736.0,0.8351648351648352,1994,11,152,False
22,HK,0.6181818181818182,4,17,A1,21,85.0,0.8095238095238095,1994,11,17,False
16,HK,0.29411764705882354,3,21,A1,8,34.0,0.625,1994,11,5,False
12,HK,0.6966292134831461,10,17,A1,41,167.0,0.7560975609756098,1994,11,31,False
13,HK,0.9622641509433962,7,5,A1,160,662.0,0.95625,1994,11,153,False
21,HK,0.0,4,10,A1,4,18.0,0.0,1994,11,0,True
4,HK,0.8224852071005917,26,34,A1,165,626.0,0.8424242424242424,1994,11,139,False
19,HK,0.0,2,10,A1,2,6.0,0.0,1994,11,0,True
17,HK,0.16666666666666666,2,28,A1,5,23.0,0.6,1994,11,3,False
6,HK,0.0,1,7,A1,1,6.0,0.0,1994,11,0,True
11,HK,0.2702702702702703,51,3,A1,61,261.0,0.16393442622950818,1994,11,10,False
3,HK,0.7973421926910299,37,24,A1,157,644.0,0.7643312101910829,1994,11,120,False
15,HK,0.9609375,0,10,A1,123,488.0,1.0,1994,11,123,False
0,HK,0.17142857142857143,4,25,A1,7,25.0,0.42857142857142855,1994,11,3,False
9,HK,0.9583333333333334,3,11,A1,164,635.0,0.9817073170731707,1994,11,161,False
5,HK,0.0,1,9,A1,1,3.0,0.0,1994,11,0,True
7,HK,0.5454545454545454,0,35,A1,21,83.0,1.0,1994,11,21,False
18,HK,0.23255813953488372,28,5,A1,33,127.0,0.15151515151515152,1994,11,5,False
1,HK,0.8930232558139535,17,6,A1,113,403.0,0.8495575221238938,1994,11,96,False
10,HK,0.8027210884353742,32,26,A1,150,595.0,0.7866666666666666,1994,11,118,False
14,HK,0.8448275862068966,11,7,A1,60,252.0,0.8166666666666667,1994,11,49,False
20,HK,0.13513513513513514,61,3,A1,66,288.0,0.07575757575757576,1994,11,5,False
8,HK,0.9396825396825397,5,14,A1,153,654.0,0.9673202614379085,1994,11,148,False
2,HK,0.8554913294797688,34,16,A1,182,736.0,0.8131868131868132,1994,11,148,False
22,HK,0.5573770491803278,4,23,A2,21,85.0,0.8095238095238095,1994,11,17,False
16,HK,0.14285714285714285,6,18,A2,8,34.0,0.25,1994,11,2,False
12,HK,0.7032967032967034,9,18,A2,41,167.0,0.7804878048780488,1994,11,32,False
13,HK,0.9745222929936306,7,1,A2,160,662.0,0.95625,1994,11,153,False
21,HK,0.0,4,12,A2,4,18.0,0.0,1994,11,0,True
4,HK,0.8545994065281899,21,28,A2,165,626.0,0.8727272727272727,1994,11,144,False
19,HK,0.0,2,11,A2,2,6.0,0.0,1994,11,0,True
17,HK,0.36363636363636365,1,13,A2,5,23.0,0.8,1994,11,4,False
6,HK,0.0,1,2,A2,1,6.0,0.0,1994,11,0,True
11,HK,0.3655913978494624,44,15,A2,61,261.0,0.2786885245901639,1994,11,17,False
3,HK,0.8431372549019608,28,20,A2,157,644.0,0.821656050955414,1994,11,129,False
15,HK,0.9878542510121457,1,2,A2,123,488.0,0.991869918699187,1994,11,122,False
0,HK,0.3125,2,20,A2,7,25.0,0.7142857142857143,1994,11,5,False
9,HK,0.9731343283582089,1,8,A2,164,635.0,0.9939024390243902,1994,11,163,False
5,HK,0.0,1,2,A2,1,3.0,0.0,1994,11,0,True
7,HK,0.5915492957746479,0,29,A2,21,83.0,1.0,1994,11,21,False
18,HK,0.39215686274509803,23,8,A2,33,127.0,0.30303030303030304,1994,11,10,False
1,HK,0.9279279279279279,10,6,A2,113,403.0,0.911504424778761,1994,11,103,False
10,HK,0.7972027972027972,36,22,A2,150,595.0,0.76,1994,11,114,False
14,HK,0.9421487603305785,3,4,A2,60,252.0,0.95,1994,11,57,False
20,HK,0.30952380952380953,53,5,A2,66,288.0,0.19696969696969696,1994,11,13,False
8,HK,0.967948717948718,2,8,A2,153,654.0,0.9869281045751634,1994,11,151,False
2,HK,0.8735632183908046,30,14,A2,182,736.0,0.8351648351648352,1994,11,152,False
22,HK,0.5573770491803278,4,23,A3,21,85.0,0.8095238095238095,1994,11,17,False
16,HK,0.13333333333333333,6,20,A3,8,34.0,0.25,1994,11,2,False
12,HK,0.7045454545454546,10,16,A3,41,167.0,0.7560975609756098,1994,11,31,False
13,HK,0.9714285714285714,7,2,A3,160,662.0,0.95625,1994,11,153,False
21,HK,0.0,4,13,A3,4,18.0,0.0,1994,11,0,True
4,HK,0.847457627118644,15,39,A3,165,626.0,0.9090909090909091,1994,11,150,False
19,HK,0.0,2,12,A3,2,6.0,0.0,1994,11,0,True
17,HK,0.4166666666666667,0,14,A3,5,23.0,1.0,1994,11,5,False
6,HK,0.0,1,2,A3,1,6.0,0.0,1994,11,0,True
11,HK,0.4444444444444444,37,23,A3,61,261.0,0.39344262295081966,1994,11,24,False
3,HK,0.8028169014084507,43,13,A3,157,644.0,0.7261146496815286,1994,11,114,False
15,HK,0.9878542510121457,1,2,A3,123,488.0,0.991869918699187,1994,11,122,False
0,HK,0.3333333333333333,2,18,A3,7,25.0,0.7142857142857143,1994,11,5,False
9,HK,0.9731343283582089,1,8,A3,164,635.0,0.9939024390243902,1994,11,163,False
5,HK,0.0,1,2,A3,1,3.0,0.0,1994,11,0,True
7,HK,0.56,0,33,A3,21,83.0,1.0,1994,11,21,False
18,HK,0.4230769230769231,22,8,A3,33,127.0,0.3333333333333333,1994,11,11,False
1,HK,0.9502262443438914,8,3,A3,113,403.0,0.9292035398230089,1994,11,105,False
10,HK,0.7838827838827839,43,16,A3,150,595.0,0.7133333333333334,1994,11,107,False
14,HK,0.9344262295081968,3,5,A3,60,252.0,0.95,1994,11,57,False
20,HK,0.24390243902439024,56,6,A3,66,288.0,0.15151515151515152,1994,11,10,False
8,HK,0.9587301587301588,2,11,A3,153,654.0,0.9869281045751634,1994,11,151,False
2,HK,0.8688046647230321,33,12,A3,182,736.0,0.8186813186813187,1994,11,149,False
22,HK,0.5573770491803278,4,23,A3s,21,85.0,0.8095238095238095,1994,11,17,False
16,HK,0.14285714285714285,6,18,A3s,8,34.0,0.25,1994,11,2,False
12,HK,0.7032967032967034,9,18,A3s,41,167.0,0.7804878048780488,1994,11,32,False
13,HK,0.9745222929936306,7,1,A3s,160,662.0,0.95625,1994,11,153,False
21,HK,0.0,4,14,A3s,4,18.0,0.0,1994,11,0,True
4,HK,0.8563049853372434,19,30,A3s,165,626.0,0.8848484848484849,1994,11,146,False
19,HK,0.0,2,12,A3s,2,6.0,0.0,1994,11,0,True
17,HK,0.36363636363636365,1,13,A3s,5,23.0,0.8,1994,11,4,False
6,HK,0.0,1,2,A3s,1,6.0,0.0,1994,11,0,True
11,HK,0.3617021276595745,44,16,A3s,61,261.0,0.2786885245901639,1994,11,17,False
3,HK,0.8372093023255814,31,18,A3s,157,644.0,0.802547770700637,1994,11,126,False
15,HK,0.9878542510121457,1,2,A3s,123,488.0,0.991869918699187,1994,11,122,False
0,HK,0.3125,2,20,A3s,7,25.0,0.7142857142857143,1994,11,5,False
9,HK,0.9731343283582089,1,8,A3s,164,635.0,0.9939024390243902,1994,11,163,False
5,HK,0.0,1,2,A3s,1,3.0,0.0,1994,11,0,True
7,HK,0.5753424657534246,0,31,A3s,21,83.0,1.0,1994,11,21,False
18,HK,0.4230769230769231,22,8,A3s,33,127.0,0.3333333333333333,1994,11,11,False
1,HK,0.9411764705882353,9,4,A3s,113,403.0,0.9203539823008849,1994,11,104,False
10,HK,0.7887323943661971,38,22,A3s,150,595.0,0.7466666666666667,1994,11,112,False
14,HK,0.9421487603305785,3,4,A3s,60,252.0,0.95,1994,11,57,False
20,HK,0.2682926829268293,55,5,A3s,66,288.0,0.16666666666666666,1994,11,11,False
8,HK,0.9617834394904459,2,10,A3s,153,654.0,0.9869281045751634,1994,11,151,False
2,HK,0.8695652173913043,32,13,A3s,182,736.0,0.8241758241758241,1994,11,150,False
22,HK,0.5573770491803278,4,23,A4,21,85.0,0.8095238095238095,1994,11,17,False
16,HK,0.14285714285714285,6,18,A4,8,34.0,0.25,1994,11,2,False
12,HK,0.7032967032967034,9,18,A4,41,167.0,0.7804878048780488,1994,11,32,False
13,HK,0.9745222929936306,7,1,A4,160,662.0,0.95625,1994,11,153,False
21,HK,0.0,4,12,A4,4,18.0,0.0,1994,11,0,True
4,HK,0.8545994065281899,21,28,A4,165,626.0,0.8727272727272727,1994,11,144,False
19,HK,0.0,2,11,A4,2,6.0,0.0,1994,11,0,True
17,HK,0.36363636363636365,1,13,A4,5,23.0,0.8,1994,11,4,False
6,HK,0.0,1,2,A4,1,6.0,0.0,1994,11,0,True
11,HK,0.3655913978494624,44,15,A4,61,261.0,0.2786885245901639,1994,11,17,False
3,HK,0.8431372549019608,28,20,A4,157,644.0,0.821656050955414,1994,11,129,False
15,HK,0.9878542510121457,1,2,A4,123,488.0,0.991869918699187,1994,11,122,False
0,HK,0.3125,2,20,A4,7,25.0,0.7142857142857143,1994,11,5,False
9,HK,0.9731343283582089,1,8,A4,164,635.0,0.9939024390243902,1994,11,163,False
5,HK,0.0,1,2,A4,1,3.0,0.0,1994,11,0,True
7,HK,0.5915492957746479,0,29,A4,21,83.0,1.0,1994,11,21,False
18,HK,0.39215686274509803,23,8,A4,33,127.0,0.30303030303030304,1994,11,10,False
1,HK,0.9279279279279279,10,6,A4,113,403.0,0.911504424778761,1994,11,103,False
10,HK,0.7972027972027972,36,22,A4,150,595.0,0.76,1994,11,114,False
14,HK,0.9421487603305785,3,4,A4,60,252.0,0.95,1994,11,57,False
20,HK,0.30952380952380953,53,5,A4,66,288.0,0.19696969696969696,1994,11,13,False
8,HK,0.967948717948718,2,8,A4,153,654.0,0.9869281045751634,1994,11,151,False
2,HK,0.8735632183908046,30,14,A4,182,736.0,0.8351648351648352,1994,11,152,False
22,HK,0.5573770491803278,4,23,A5,21,85.0,0.8095238095238095,1994,11,17,False
16,HK,0.14285714285714285,6,18,A5,8,34.0,0.25,1994,11,2,False
12,HK,0.6956521739130435,9,19,A5,41,167.0,0.7804878048780488,1994,11,32,False
13,HK,0.9745222929936306,7,1,A5,160,662.0,0.95625,1994,11,153,False
21,HK,0.0,4,12,A5,4,18.0,0.0,1994,11,0,True
4,HK,0.8545994065281899,21,28,A5,165,626.0,0.8727272727272727,1994,11,144,False
19,HK,0.0,2,12,A5,2,6.0,0.0,1994,11,0,True
17,HK,0.36363636363636365,1,13,A5,5,23.0,0.8,1994,11,4,False
6,HK,0.0,1,2,A5,1,6.0,0.0,1994,11,0,True
11,HK,0.3655913978494624,44,15,A5,61,261.0,0.2786885245901639,1994,11,17,False
3,HK,0.8431372549019608,28,20,A5,157,644.0,0.821656050955414,1994,11,129,False
15,HK,0.9878542510121457,1,2,A5,123,488.0,0.991869918699187,1994,11,122,False
0,HK,0.3333333333333333,2,18,A5,7,25.0,0.7142857142857143,1994,11,5,False
9,HK,0.9731343283582089,1,8,A5,164,635.0,0.9939024390243902,1994,11,163,False
5,HK,0.0,1,3,A5,1,3.0,0.0,1994,11,0,True
7,HK,0.5915492957746479,0,29,A5,21,83.0,1.0,1994,11,21,False
18,HK,0.39215686274509803,23,8,A5,33,127.0,0.30303030303030304,1994,11,10,False
1,HK,0.9279279279279279,10,6,A5,113,403.0,0.911504424778761,1994,11,103,False
10,HK,0.7972027972027972,36,22,A5,150,595.0,0.76,1994,11,114,False
14,HK,0.9333333333333333,4,4,A5,60,252.0,0.9333333333333333,1994,11,56,False
20,HK,0.30952380952380953,53,5,A5,66,288.0,0.19696969696969696,1994,11,13,False
8,HK,0.967948717948718,2,8,A5,153,654.0,0.9869281045751634,1994,11,151,False
2,HK,0.8735632183908046,30,14,A5,182,736.0,0.8351648351648352,1994,11,152,False
22,HK,0.5573770491803278,4,23,A6,21,85.0,0.8095238095238095,1994,11,17,False
16,HK,0.14285714285714285,6,18,A6,8,34.0,0.25,1994,11,2,False
12,HK,0.7032967032967034,9,18,A6,41,167.0,0.7804878048780488,1994,11,32,False
13,HK,0.9745222929936306,7,1,A6,160,662.0,0.95625,1994,11,153,False
21,HK,0.0,4,12,A6,4,18.0,0.0,1994,11,0,True
4,HK,0.8545994065281899,21,28,A6,165,626.0,0.8727272727272727,1994,11,144,False
19,HK,0.0,2,11,A6,2,6.0,0.0,1994,11,0,True
17,HK,0.36363636363636365,1,13,A6,5,23.0,0.8,1994,11,4,False
6,HK,0.0,1,2,A6,1,6.0,0.0,1994,11,0,True
11,HK,0.3655913978494624,44,15,A6,61,261.0,0.2786885245901639,1994,11,17,False
3,HK,0.8431372549019608,28,20,A6,157,644.0,0.821656050955414,1994,11,129,False
15,HK,0.9878542510121457,1,2,A6,123,488.0,0.991869918699187,1994,11,122,False
0,HK,0.3125,2,20,A6,7,25.0,0.7142857142857143,1994,11,5,False
9,HK,0.9731343283582089,1,8,A6,164,635.0,0.9939024390243902,1994,11,163,False
5,HK,0.0,1,2,A6,1,3.0,0.0,1994,11,0,True
7,HK,0.5915492957746479,0,29,A6,21,83.0,1.0,1994,11,21,False
18,HK,0.39215686274509803,23,8,A6,33,127.0,0.30303030303030304,1994,11,10,False
1,HK,0.9279279279279279,10,6,A6,113,403.0,0.911504424778761,1994,11,103,False
10,HK,0.7972027972027972,36,22,A6,150,595.0,0.76,1994,11,114,False
14,HK,0.9421487603305785,3,4,A6,60,252.0,0.95,1994,11,57,False
20,HK,0.30952380952380953,53,5,A6,66,288.0,0.19696969696969696,1994,11,13,False
8,HK,0.967948717948718,2,8,A6,153,654.0,0.9869281045751634,1994,11,151,False
2,HK,0.8735632183908046,30,14,A6,182,736.0,0.8351648351648352,1994,11,152,False
22,HK,0.5,9,15,A7,21,85.0,0.5714285714285714,1994,11,12,False
16,HK,0.06666666666666667,7,21,A7,8,34.0,0.125,1994,11,1,False
12,HK,0.6823529411764706,12,15,A7,41,167.0,0.7073170731707317,1994,11,29,False
13,HK,0.9185667752442996,19,6,A7,160,662.0,0.88125,1994,11,141,False
21,HK,0.0,4,15,A7,4,18.0,0.0,1994,11,0,True
4,HK,0.7912772585669782,38,29,A7,165,626.0,0.7696969696969697,1994,11,127,False
19,HK,0.0,2,11,A7,2,6.0,0.0,1994,11,0,True
17,HK,0.18181818181818182,2,25,A7,5,23.0,0.6,1994,11,3,False
6,HK,0.0,1,11,A7,1,6.0,0.0,1994,11,0,True
11,HK,0.432,34,37,A7,61,261.0,0.4426229508196721,1994,11,27,False
3,HK,0.7652733118971061,38,35,A7,157,644.0,0.7579617834394905,1994,11,119,False
15,HK,0.9959183673469387,1,0,A7,123,488.0,0.991869918699187,1994,11,122,False
0,HK,0.2,4,20,A7,7,25.0,0.42857142857142855,1994,11,3,False
9,HK,0.9663608562691132,6,5,A7,164,635.0,0.9634146341463414,1994,11,158,False
5,HK,0.0,1,4,A7,1,3.0,0.0,1994,11,0,True
7,HK,0.5316455696202531,0,37,A7,21,83.0,1.0,1994,11,21,False
18,HK,0.3448275862068966,23,15,A7,33,127.0,0.30303030303030304,1994,11,10,False
1,HK,0.9004739336492891,18,3,A7,113,403.0,0.8407079646017699,1994,11,95,False
10,HK,0.7601476014760148,47,18,A7,150,595.0,0.6866666666666666,1994,11,103,False
14,HK,0.9043478260869565,8,3,A7,60,252.0,0.8666666666666667,1994,11,52,False
20,HK,0.35051546391752575,49,14,A7,66,288.0,0.25757575757575757,1994,11,17,False
8,HK,0.9260450160771704,9,14,A7,153,654.0,0.9411764705882353,1994,11,144,False
2,HK,0.8688046647230321,33,12,A7,182,736.0,0.8186813186813187,1994,11,149,False
22,HK,0.5573770491803278,4,23,A8,21,85.0,0.8095238095238095,1994,11,17,False
16,HK,0.14285714285714285,6,18,A8,8,34.0,0.25,1994,11,2,False
12,HK,0.7032967032967034,9,18,A8,41,167.0,0.7804878048780488,1994,11,32,False
13,HK,0.9745222929936306,7,1,A8,160,662.0,0.95625,1994,11,153,False
21,HK,0.0,4,13,A8,4,18.0,0.0,1994,11,0,True
4,HK,0.8520710059171598,21,29,A8,165,626.0,0.8727272727272727,1994,11,144,False
19,HK,0.0,2,11,A8,2,6.0,0.0,1994,11,0,True
17,HK,0.36363636363636365,1,13,A8,5,23.0,0.8,1994,11,4,False
6,HK,0.0,1,2,A8,1,6.0,0.0,1994,11,0,True
11,HK,0.3655913978494624,44,15,A8,61,261.0,0.2786885245901639,1994,11,17,False
3,HK,0.839344262295082,29,20,A8,157,644.0,0.8152866242038217,1994,11,128,False
15,HK,0.9878542510121457,1,2,A8,123,488.0,0.991869918699187,1994,11,122,False
0,HK,0.3125,2,20,A8,7,25.0,0.7142857142857143,1994,11,5,False
9,HK,0.9731343283582089,1,8,A8,164,635.0,0.9939024390243902,1994,11,163,False
5,HK,0.0,1,2,A8,1,3.0,0.0,1994,11,0,True
7,HK,0.5915492957746479,0,29,A8,21,83.0,1.0,1994,11,21,False
18,HK,0.39215686274509803,23,8,A8,33,127.0,0.30303030303030304,1994,11,10,False
1,HK,0.9279279279279279,10,6,A8,113,403.0,0.911504424778761,1994,11,103,False
10,HK,0.7972027972027972,36,22,A8,150,595.0,0.76,1994,11,114,False
14,HK,0.9421487603305785,3,4,A8,60,252.0,0.95,1994,11,57,False
20,HK,0.2891566265060241,54,5,A8,66,288.0,0.18181818181818182,1994,11,12,False
8,HK,0.967948717948718,2,8,A8,153,654.0,0.9869281045751634,1994,11,151,False
2,HK,0.8735632183908046,30,14,A8,182,736.0,0.8351648351648352,1994,11,152,False
9,HK,0.984984984984985,0,5,P,164,635.0,1.0,1995,1,164,False
13,HK,0.9841269841269841,5,0,P,160,662.0,0.96875,1995,1,155,False
9,HK,0.984984984984985,0,5,A0,164,635.0,1.0,1995,1,164,False
13,HK,0.9841269841269841,5,0,A0,160,662.0,0.96875,1995,1,155,False
9,HK,0.9820359281437125,0,6,A1,164,635.0,1.0,1995,1,164,False
13,HK,0.9808917197452229,6,0,A1,160,662.0,0.9625,1995,1,154,False
9,HK,0.9820359281437125,0,6,A2,164,635.0,1.0,1995,1,164,False
13,HK,0.9808917197452229,6,0,A2,160,662.0,0.9625,1995,1,154,False
9,HK,0.9820359281437125,0,6,A3,164,635.0,1.0,1995,1,164,False
13,HK,0.9808917197452229,6,0,A3,160,662.0,0.9625,1995,1,154,False
9,HK,0.9820359281437125,0,6,A3s,164,635.0,1.0,1995,1,164,False
13,HK,0.9808917197452229,6,0,A3s,160,662.0,0.9625,1995,1,154,False
9,HK,0.9820359281437125,0,6,A4,164,635.0,1.0,1995,1,164,False
13,HK,0.9808917197452229,6,0,A4,160,662.0,0.9625,1995,1,154,False
9,HK,0.9820359281437125,0,6,A5,164,635.0,1.0,1995,1,164,False
13,HK,0.9808917197452229,6,0,A5,160,662.0,0.9625,1995,1,154,False
9,HK,0.9820359281437125,0,6,A6,164,635.0,1.0,1995,1,164,False
13,HK,0.9808917197452229,6,0,A6,160,662.0,0.9625,1995,1,154,False
9,HK,0.984984984984985,0,5,A7,164,635.0,1.0,1995,1,164,False
13,HK,0.9841269841269841,5,0,A7,160,662.0,0.96875,1995,1,155,False
9,HK,0.9820359281437125,0,6,A8,164,635.0,1.0,1995,1,164,False
13,HK,0.9808917197452229,6,0,A8,160,662.0,0.9625,1995,1,154,False
9,HK,0.9819277108433735,1,5,P,164,635.0,0.9939024390243902,1995,2,163,False
13,HK,0.9776357827476039,7,0,P,160,662.0,0.95625,1995,2,153,False
16,HK,0.9411764705882353,0,1,P,8,34.0,1.0,1995,2,8,False
14,HK,0.9836065573770492,0,2,P,60,252.0,1.0,1995,2,60,False
9,HK,0.9848942598187311,1,4,A0,164,635.0,0.9939024390243902,1995,2,163,False
13,HK,0.9808917197452229,6,0,A0,160,662.0,0.9625,1995,2,154,False
16,HK,0.9411764705882353,0,1,A0,8,34.0,1.0,1995,2,8,False
14,HK,0.9836065573770492,0,2,A0,60,252.0,1.0,1995,2,60,False
9,HK,0.9878787878787879,1,3,A1,164,635.0,0.9939024390243902,1995,2,163,False
13,HK,0.9808917197452229,6,0,A1,160,662.0,0.9625,1995,2,154,False
16,HK,0.8421052631578947,0,3,A1,8,34.0,1.0,1995,2,8,False
14,HK,0.9917355371900827,0,1,A1,60,252.0,1.0,1995,2,60,False
9,HK,0.984984984984985,0,5,A2,164,635.0,1.0,1995,2,164,False
13,HK,0.9776357827476039,7,0,A2,160,662.0,0.95625,1995,2,153,False
16,HK,1.0,0,0,A2,8,34.0,1.0,1995,2,8,False
14,HK,0.9836065573770492,0,2,A2,60,252.0,1.0,1995,2,60,False
9,HK,0.984984984984985,0,5,A3,164,635.0,1.0,1995,2,164,False
13,HK,0.9776357827476039,7,0,A3,160,662.0,0.95625,1995,2,153,False
16,HK,1.0,0,0,A3,8,34.0,1.0,1995,2,8,False
14,HK,0.9836065573770492,0,2,A3,60,252.0,1.0,1995,2,60,False
9,HK,0.984984984984985,0,5,A3s,164,635.0,1.0,1995,2,164,False
13,HK,0.9776357827476039,7,0,A3s,160,662.0,0.95625,1995,2,153,False
16,HK,1.0,0,0,A3s,8,34.0,1.0,1995,2,8,False
14,HK,0.9836065573770492,0,2,A3s,60,252.0,1.0,1995,2,60,False
9,HK,0.984984984984985,0,5,A4,164,635.0,1.0,1995,2,164,False
13,HK,0.9776357827476039,7,0,A4,160,662.0,0.95625,1995,2,153,False
16,HK,1.0,0,0,A4,8,34.0,1.0,1995,2,8,False
14,HK,0.9836065573770492,0,2,A4,60,252.0,1.0,1995,2,60,False
9,HK,0.984984984984985,0,5,A5,164,635.0,1.0,1995,2,164,False
13,HK,0.9776357827476039,7,0,A5,160,662.0,0.95625,1995,2,153,False
16,HK,1.0,0,0,A5,8,34.0,1.0,1995,2,8,False
14,HK,0.9836065573770492,0,2,A5,60,252.0,1.0,1995,2,60,False
9,HK,0.984984984984985,0,5,A6,164,635.0,1.0,1995,2,164,False
13,HK,0.9776357827476039,7,0,A6,160,662.0,0.95625,1995,2,153,False
16,HK,1.0,0,0,A6,8,34.0,1.0,1995,2,8,False
14,HK,0.9836065573770492,0,2,A6,60,252.0,1.0,1995,2,60,False
9,HK,0.9818181818181818,2,4,A7,164,635.0,0.9878048780487805,1995,2,162,False
13,HK,0.9808917197452229,6,0,A7,160,662.0,0.9625,1995,2,154,False
16,HK,0.8421052631578947,0,3,A7,8,34.0,1.0,1995,2,8,False
14,HK,0.9917355371900827,0,1,A7,60,252.0,1.0,1995,2,60,False
9,HK,0.984984984984985,0,5,A8,164,635.0,1.0,1995,2,164,False
13,HK,0.9776357827476039,7,0,A8,160,662.0,0.95625,1995,2,153,False
16,HK,1.0,0,0,A8,8,34.0,1.0,1995,2,8,False
14,HK,0.9836065573770492,0,2,A8,60,252.0,1.0,1995,2,60,False
9,HK,0.9848942598187311,1,4,P,164,635.0,0.9939024390243902,1995,3,163,False
13,HK,0.9841269841269841,5,0,P,160,662.0,0.96875,1995,3,155,False
16,HK,0.9411764705882353,0,1,P,8,34.0,1.0,1995,3,8,False
14,HK,0.975609756097561,0,3,P,60,252.0,1.0,1995,3,60,False
15,HK,0.9959183673469387,1,0,P,123,488.0,0.991869918699187,1995,3,122,False
5,HK,0.0,1,0,P,1,3.0,0.0,1995,3,0,True
9,HK,0.9848942598187311,1,4,A0,164,635.0,0.9939024390243902,1995,3,163,False
13,HK,0.9841269841269841,5,0,A0,160,662.0,0.96875,1995,3,155,False
16,HK,0.9411764705882353,0,1,A0,8,34.0,1.0,1995,3,8,False
14,HK,0.975609756097561,0,3,A0,60,252.0,1.0,1995,3,60,False
15,HK,0.9959183673469387,1,0,A0,123,488.0,0.991869918699187,1995,3,122,False
5,HK,0.0,1,0,A0,1,3.0,0.0,1995,3,0,True
9,HK,0.9878787878787879,1,3,A1,164,635.0,0.9939024390243902,1995,3,163,False
13,HK,0.9841269841269841,5,0,A1,160,662.0,0.96875,1995,3,155,False
16,HK,0.8888888888888888,0,2,A1,8,34.0,1.0,1995,3,8,False
14,HK,0.9586776859504132,2,3,A1,60,252.0,0.9666666666666667,1995,3,58,False
15,HK,0.991869918699187,1,1,A1,123,488.0,0.991869918699187,1995,3,122,False
5,HK,0.0,1,1,A1,1,3.0,0.0,1995,3,0,True
9,HK,0.9879518072289156,0,4,A2,164,635.0,1.0,1995,3,164,False
13,HK,0.9841269841269841,5,0,A2,160,662.0,0.96875,1995,3,155,False
16,HK,1.0,0,0,A2,8,34.0,1.0,1995,3,8,False
14,HK,0.975609756097561,0,3,A2,60,252.0,1.0,1995,3,60,False
15,HK,0.9959183673469387,1,0,A2,123,488.0,0.991869918699187,1995,3,122,False
5,HK,0.0,1,0,A2,1,3.0,0.0,1995,3,0,True
9,HK,0.9879518072289156,0,4,A3,164,635.0,1.0,1995,3,164,False
13,HK,0.9841269841269841,5,0,A3,160,662.0,0.96875,1995,3,155,False
16,HK,1.0,0,0,A3,8,34.0,1.0,1995,3,8,False
14,HK,0.975609756097561,0,3,A3,60,252.0,1.0,1995,3,60,False
15,HK,0.9959183673469387,1,0,A3,123,488.0,0.991869918699187,1995,3,122,False
5,HK,0.0,1,0,A3,1,3.0,0.0,1995,3,0,True
9,HK,0.9879518072289156,0,4,A3s,164,635.0,1.0,1995,3,164,False
13,HK,0.9841269841269841,5,0,A3s,160,662.0,0.96875,1995,3,155,False
16,HK,1.0,0,0,A3s,8,34.0,1.0,1995,3,8,False
14,HK,0.975609756097561,0,3,A3s,60,252.0,1.0,1995,3,60,False
15,HK,0.9959183673469387,1,0,A3s,123,488.0,0.991869918699187,1995,3,122,False
5,HK,0.0,1,0,A3s,1,3.0,0.0,1995,3,0,True
9,HK,0.9879518072289156,0,4,A4,164,635.0,1.0,1995,3,164,False
13,HK,0.9841269841269841,5,0,A4,160,662.0,0.96875,1995,3,155,False
16,HK,1.0,0,0,A4,8,34.0,1.0,1995,3,8,False
14,HK,0.975609756097561,0,3,A4,60,252.0,1.0,1995,3,60,False
15,HK,0.9959183673469387,1,0,A4,123,488.0,0.991869918699187,1995,3,122,False
5,HK,0.0,1,0,A4,1,3.0,0.0,1995,3,0,True
9,HK,0.9879518072289156,0,4,A5,164,635.0,1.0,1995,3,164,False
13,HK,0.9841269841269841,5,0,A5,160,662.0,0.96875,1995,3,155,False
16,HK,1.0,0,0,A5,8,34.0,1.0,1995,3,8,False
14,HK,0.975609756097561,0,3,A5,60,252.0,1.0,1995,3,60,False
15,HK,0.9959183673469387,1,0,A5,123,488.0,0.991869918699187,1995,3,122,False
5,HK,0.0,1,0,A5,1,3.0,0.0,1995,3,0,True
9,HK,0.9879518072289156,0,4,A6,164,635.0,1.0,1995,3,164,False
13,HK,0.9841269841269841,5,0,A6,160,662.0,0.96875,1995,3,155,False
16,HK,1.0,0,0,A6,8,34.0,1.0,1995,3,8,False
14,HK,0.975609756097561,0,3,A6,60,252.0,1.0,1995,3,60,False
15,HK,0.9959183673469387,1,0,A6,123,488.0,0.991869918699187,1995,3,122,False
5,HK,0.0,1,0,A6,1,3.0,0.0,1995,3,0,True
9,HK,0.9818181818181818,2,4,A7,164,635.0,0.9878048780487805,1995,3,162,False
13,HK,0.9808917197452229,6,0,A7,160,662.0,0.9625,1995,3,154,False
16,HK,0.8421052631578947,0,3,A7,8,34.0,1.0,1995,3,8,False
14,HK,0.9411764705882353,4,3,A7,60,252.0,0.9333333333333333,1995,3,56,False
15,HK,0.9959183673469387,1,0,A7,123,488.0,0.991869918699187,1995,3,122,False
5,HK,0.0,1,4,A7,1,3.0,0.0,1995,3,0,True
9,HK,0.9879518072289156,0,4,A8,164,635.0,1.0,1995,3,164,False
13,HK,0.9841269841269841,5,0,A8,160,662.0,0.96875,1995,3,155,False
16,HK,1.0,0,0,A8,8,34.0,1.0,1995,3,8,False
14,HK,0.975609756097561,0,3,A8,60,252.0,1.0,1995,3,60,False
15,HK,0.9959183673469387,1,0,A8,123,488.0,0.991869918699187,1995,3,122,False
5,HK,0.0,1,0,A8,1,3.0,0.0,1995,3,0,True
9,HK,0.9848942598187311,1,4,P,164,635.0,0.9939024390243902,1995,4,163,False
13,HK,0.9808917197452229,6,0,P,160,662.0,0.9625,1995,4,154,False
16,HK,0.6956521739130435,0,7,P,8,34.0,1.0,1995,4,8,False
14,HK,0.975609756097561,0,3,P,60,252.0,1.0,1995,4,60,False
15,HK,0.9959183673469387,1,0,P,123,488.0,0.991869918699187,1995,4,122,False
5,HK,0.0,1,0,P,1,3.0,0.0,1995,4,0,True
12,HK,0.9210526315789473,6,0,P,41,167.0,0.8536585365853658,1995,4,35,False
1,HK,0.9955947136563876,0,1,P,113,403.0,1.0,1995,4,113,False
9,HK,0.9848942598187311,1,4,A0,164,635.0,0.9939024390243902,1995,4,163,False
13,HK,0.9808917197452229,6,0,A0,160,662.0,0.9625,1995,4,154,False
16,HK,0.6956521739130435,0,7,A0,8,34.0,1.0,1995,4,8,False
14,HK,0.975609756097561,0,3,A0,60,252.0,1.0,1995,4,60,False
15,HK,0.9959183673469387,1,0,A0,123,488.0,0.991869918699187,1995,4,122,False
5,HK,0.0,1,0,A0,1,3.0,0.0,1995,4,0,True
12,HK,0.9210526315789473,6,0,A0,41,167.0,0.8536585365853658,1995,4,35,False
1,HK,0.9955947136563876,0,1,A0,113,403.0,1.0,1995,4,113,False
9,HK,0.9877300613496932,3,1,A1,164,635.0,0.9817073170731707,1995,4,161,False
13,HK,0.9874213836477987,3,1,A1,160,662.0,0.98125,1995,4,157,False
16,HK,0.5384615384615384,1,11,A1,8,34.0,0.875,1995,4,7,False
14,HK,0.9586776859504132,2,3,A1,60,252.0,0.9666666666666667,1995,4,58,False
15,HK,0.9878542510121457,1,2,A1,123,488.0,0.991869918699187,1995,4,122,False
5,HK,0.0,1,1,A1,1,3.0,0.0,1995,4,0,True
12,HK,0.8493150684931506,10,1,A1,41,167.0,0.7560975609756098,1995,4,31,False
1,HK,0.9955947136563876,0,1,A1,113,403.0,1.0,1995,4,113,False
9,HK,0.9879518072289156,0,4,A2,164,635.0,1.0,1995,4,164,False
13,HK,0.9808917197452229,6,0,A2,160,662.0,0.9625,1995,4,154,False
16,HK,0.6956521739130435,0,7,A2,8,34.0,1.0,1995,4,8,False
14,HK,0.975609756097561,0,3,A2,60,252.0,1.0,1995,4,60,False
15,HK,0.9959183673469387,1,0,A2,123,488.0,0.991869918699187,1995,4,122,False
5,HK,0.0,1,0,A2,1,3.0,0.0,1995,4,0,True
12,HK,0.9066666666666666,7,0,A2,41,167.0,0.8292682926829268,1995,4,34,False
1,HK,0.9955947136563876,0,1,A2,113,403.0,1.0,1995,4,113,False
9,HK,0.9879518072289156,0,4,A3,164,635.0,1.0,1995,4,164,False
13,HK,0.9808917197452229,6,0,A3,160,662.0,0.9625,1995,4,154,False
16,HK,0.6956521739130435,0,7,A3,8,34.0,1.0,1995,4,8,False
14,HK,0.975609756097561,0,3,A3,60,252.0,1.0,1995,4,60,False
15,HK,0.9959183673469387,1,0,A3,123,488.0,0.991869918699187,1995,4,122,False
5,HK,0.0,1,0,A3,1,3.0,0.0,1995,4,0,True
12,HK,0.9066666666666666,7,0,A3,41,167.0,0.8292682926829268,1995,4,34,False
1,HK,0.9955947136563876,0,1,A3,113,403.0,1.0,1995,4,113,False
9,HK,0.9879518072289156,0,4,A3s,164,635.0,1.0,1995,4,164,False
13,HK,0.9808917197452229,6,0,A3s,160,662.0,0.9625,1995,4,154,False
16,HK,0.6956521739130435,0,7,A3s,8,34.0,1.0,1995,4,8,False
14,HK,0.975609756097561,0,3,A3s,60,252.0,1.0,1995,4,60,False
15,HK,0.9959183673469387,1,0,A3s,123,488.0,0.991869918699187,1995,4,122,False
5,HK,0.0,1,0,A3s,1,3.0,0.0,1995,4,0,True
12,HK,0.9066666666666666,7,0,A3s,41,167.0,0.8292682926829268,1995,4,34,False
1,HK,0.9955947136563876,0,1,A3s,113,403.0,1.0,1995,4,113,False
9,HK,0.9879518072289156,0,4,A4,164,635.0,1.0,1995,4,164,False
13,HK,0.9808917197452229,6,0,A4,160,662.0,0.9625,1995,4,154,False
16,HK,0.6956521739130435,0,7,A4,8,34.0,1.0,1995,4,8,False
14,HK,0.975609756097561,0,3,A4,60,252.0,1.0,1995,4,60,False
15,HK,0.9959183673469387,1,0,A4,123,488.0,0.991869918699187,1995,4,122,False
5,HK,0.0,1,0,A4,1,3.0,0.0,1995,4,0,True
12,HK,0.9066666666666666,7,0,A4,41,167.0,0.8292682926829268,1995,4,34,False
1,HK,0.9955947136563876,0,1,A4,113,403.0,1.0,1995,4,113,False
9,HK,0.9879518072289156,0,4,A5,164,635.0,1.0,1995,4,164,False
13,HK,0.9808917197452229,6,0,A5,160,662.0,0.9625,1995,4,154,False
16,HK,0.6956521739130435,0,7,A5,8,34.0,1.0,1995,4,8,False
14,HK,0.975609756097561,0,3,A5,60,252.0,1.0,1995,4,60,False
15,HK,0.9959183673469387,1,0,A5,123,488.0,0.991869918699187,1995,4,122,False
5,HK,0.0,1,0,A5,1,3.0,0.0,1995,4,0,True
12,HK,0.9066666666666666,7,0,A5,41,167.0,0.8292682926829268,1995,4,34,False
1,HK,0.9955947136563876,0,1,A5,113,403.0,1.0,1995,4,113,False
9,HK,0.9879518072289156,0,4,A6,164,635.0,1.0,1995,4,164,False
13,HK,0.9808917197452229,6,0,A6,160,662.0,0.9625,1995,4,154,False
16,HK,0.6956521739130435,0,7,A6,8,34.0,1.0,1995,4,8,False
14,HK,0.975609756097561,0,3,A6,60,252.0,1.0,1995,4,60,False
15,HK,0.9959183673469387,1,0,A6,123,488.0,0.991869918699187,1995,4,122,False
5,HK,0.0,1,0,A6,1,3.0,0.0,1995,4,0,True
12,HK,0.9066666666666666,7,0,A6,41,167.0,0.8292682926829268,1995,4,34,False
1,HK,0.9955947136563876,0,1,A6,113,403.0,1.0,1995,4,113,False
9,HK,0.9818181818181818,2,4,A7,164,635.0,0.9878048780487805,1995,4,162,False
13,HK,0.9808917197452229,6,0,A7,160,662.0,0.9625,1995,4,154,False
16,HK,0.5333333333333333,0,14,A7,8,34.0,1.0,1995,4,8,False
14,HK,0.9411764705882353,4,3,A7,60,252.0,0.9333333333333333,1995,4,56,False
15,HK,0.9959183673469387,1,0,A7,123,488.0,0.991869918699187,1995,4,122,False
5,HK,0.0,1,4,A7,1,3.0,0.0,1995,4,0,True
12,HK,0.8450704225352113,11,0,A7,41,167.0,0.7317073170731707,1995,4,30,False
1,HK,1.0,0,0,A7,113,403.0,1.0,1995,4,113,False
9,HK,0.9879518072289156,0,4,A8,164,635.0,1.0,1995,4,164,False
13,HK,0.9808917197452229,6,0,A8,160,662.0,0.9625,1995,4,154,False
16,HK,0.6956521739130435,0,7,A8,8,34.0,1.0,1995,4,8,False
14,HK,0.975609756097561,0,3,A8,60,252.0,1.0,1995,4,60,False
15,HK,0.9959183673469387,1,0,A8,123,488.0,0.991869918699187,1995,4,122,False
5,HK,0.0,1,0,A8,1,3.0,0.0,1995,4,0,True
12,HK,0.9066666666666666,7,0,A8,41,167.0,0.8292682926829268,1995,4,34,False
1,HK,0.9955947136563876,0,1,A8,113,403.0,1.0,1995,4,113,False
9,HK,0.9848942598187311,1,4,P,164,635.0,0.9939024390243902,1995,5,163,False
13,HK,0.9710610932475884,9,0,P,160,662.0,0.94375,1995,5,151,False
16,HK,0.6956521739130435,0,7,P,8,34.0,1.0,1995,5,8,False
14,HK,0.9752066115702479,1,2,P,60,252.0,0.9833333333333333,1995,5,59,False
15,HK,0.9959183673469387,1,0,P,123,488.0,0.991869918699187,1995,5,122,False
5,HK,0.0,1,0,P,1,3.0,0.0,1995,5,0,True
12,HK,0.9210526315789473,6,0,P,41,167.0,0.8536585365853658,1995,5,35,False
1,HK,1.0,0,0,P,113,403.0,1.0,1995,5,113,False
8,HK,0.996742671009772,0,1,P,153,654.0,1.0,1995,5,153,False
22,HK,0.8936170212765957,0,5,P,21,85.0,1.0,1995,5,21,False
9,HK,0.9818181818181818,2,4,A0,164,635.0,0.9878048780487805,1995,5,162,False
13,HK,0.9710610932475884,9,0,A0,160,662.0,0.94375,1995,5,151,False
16,HK,0.6666666666666666,0,8,A0,8,34.0,1.0,1995,5,8,False
14,HK,0.9672131147540983,1,3,A0,60,252.0,0.9833333333333333,1995,5,59,False
15,HK,0.9959183673469387,1,0,A0,123,488.0,0.991869918699187,1995,5,122,False
5,HK,0.0,1,0,A0,1,3.0,0.0,1995,5,0,True
12,HK,0.9210526315789473,6,0,A0,41,167.0,0.8536585365853658,1995,5,35,False
1,HK,1.0,0,0,A0,113,403.0,1.0,1995,5,113,False
8,HK,1.0,0,0,A0,153,654.0,1.0,1995,5,153,False
22,HK,0.8936170212765957,0,5,A0,21,85.0,1.0,1995,5,21,False
9,HK,0.9876543209876543,4,0,A1,164,635.0,0.975609756097561,1995,5,160,False
13,HK,0.98125,3,3,A1,160,662.0,0.98125,1995,5,157,False
16,HK,0.5384615384615384,1,11,A1,8,34.0,0.875,1995,5,7,False
14,HK,0.9572649572649573,4,1,A1,60,252.0,0.9333333333333333,1995,5,56,False
15,HK,0.9919354838709677,0,2,A1,123,488.0,1.0,1995,5,123,False
5,HK,0.0,1,2,A1,1,3.0,0.0,1995,5,0,True
12,HK,0.8493150684931506,10,1,A1,41,167.0,0.7560975609756098,1995,5,31,False
1,HK,0.9955947136563876,0,1,A1,113,403.0,1.0,1995,5,113,False
8,HK,0.9967213114754099,1,0,A1,153,654.0,0.9934640522875817,1995,5,152,False
22,HK,0.9333333333333333,0,3,A1,21,85.0,1.0,1995,5,21,False
9,HK,0.9879518072289156,0,4,A2,164,635.0,1.0,1995,5,164,False
13,HK,0.9743589743589743,8,0,A2,160,662.0,0.95,1995,5,152,False
16,HK,0.6956521739130435,0,7,A2,8,34.0,1.0,1995,5,8,False
14,HK,0.9752066115702479,1,2,A2,60,252.0,0.9833333333333333,1995,5,59,False
15,HK,0.9959183673469387,1,0,A2,123,488.0,0.991869918699187,1995,5,122,False
5,HK,0.0,1,0,A2,1,3.0,0.0,1995,5,0,True
12,HK,0.9066666666666666,7,0,A2,41,167.0,0.8292682926829268,1995,5,34,False
1,HK,1.0,0,0,A2,113,403.0,1.0,1995,5,113,False
8,HK,1.0,0,0,A2,153,654.0,1.0,1995,5,153,False
22,HK,0.8936170212765957,0,5,A2,21,85.0,1.0,1995,5,21,False
9,HK,0.9879518072289156,0,4,A3,164,635.0,1.0,1995,5,164,False
13,HK,0.9743589743589743,8,0,A3,160,662.0,0.95,1995,5,152,False
16,HK,0.6956521739130435,0,7,A3,8,34.0,1.0,1995,5,8,False
14,HK,0.9752066115702479,1,2,A3,60,252.0,0.9833333333333333,1995,5,59,False
15,HK,0.9959183673469387,1,0,A3,123,488.0,0.991869918699187,1995,5,122,False
5,HK,0.0,1,0,A3,1,3.0,0.0,1995,5,0,True
12,HK,0.9066666666666666,7,0,A3,41,167.0,0.8292682926829268,1995,5,34,False
1,HK,1.0,0,0,A3,113,403.0,1.0,1995,5,113,False
8,HK,1.0,0,0,A3,153,654.0,1.0,1995,5,153,False
22,HK,0.8936170212765957,0,5,A3,21,85.0,1.0,1995,5,21,False
9,HK,0.9879518072289156,0,4,A3s,164,635.0,1.0,1995,5,164,False
13,HK,0.9743589743589743,8,0,A3s,160,662.0,0.95,1995,5,152,False
16,HK,0.6956521739130435,0,7,A3s,8,34.0,1.0,1995,5,8,False
14,HK,0.9752066115702479,1,2,A3s,60,252.0,0.9833333333333333,1995,5,59,False
15,HK,0.9959183673469387,1,0,A3s,123,488.0,0.991869918699187,1995,5,122,False
5,HK,0.0,1,0,A3s,1,3.0,0.0,1995,5,0,True
12,HK,0.9066666666666666,7,0,A3s,41,167.0,0.8292682926829268,1995,5,34,False
1,HK,1.0,0,0,A3s,113,403.0,1.0,1995,5,113,False
8,HK,1.0,0,0,A3s,153,654.0,1.0,1995,5,153,False
22,HK,0.8936170212765957,0,5,A3s,21,85.0,1.0,1995,5,21,False
9,HK,0.9879518072289156,0,4,A4,164,635.0,1.0,1995,5,164,False
13,HK,0.9743589743589743,8,0,A4,160,662.0,0.95,1995,5,152,False
16,HK,0.6956521739130435,0,7,A4,8,34.0,1.0,1995,5,8,False
14,HK,0.9752066115702479,1,2,A4,60,252.0,0.9833333333333333,1995,5,59,False
15,HK,0.9959183673469387,1,0,A4,123,488.0,0.991869918699187,1995,5,122,False
5,HK,0.0,1,0,A4,1,3.0,0.0,1995,5,0,True
12,HK,0.9066666666666666,7,0,A4,41,167.0,0.8292682926829268,1995,5,34,False
1,HK,1.0,0,0,A4,113,403.0,1.0,1995,5,113,False
8,HK,1.0,0,0,A4,153,654.0,1.0,1995,5,153,False
22,HK,0.8936170212765957,0,5,A4,21,85.0,1.0,1995,5,21,False
9,HK,0.9879518072289156,0,4,A5,164,635.0,1.0,1995,5,164,False
13,HK,0.9743589743589743,8,0,A5,160,662.0,0.95,1995,5,152,False
16,HK,0.6956521739130435,0,7,A5,8,34.0,1.0,1995,5,8,False
14,HK,0.9752066115702479,1,2,A5,60,252.0,0.9833333333333333,1995,5,59,False
15,HK,0.9959183673469387,1,0,A5,123,488.0,0.991869918699187,1995,5,122,False
5,HK,0.0,1,0,A5,1,3.0,0.0,1995,5,0,True
12,HK,0.9066666666666666,7,0,A5,41,167.0,0.8292682926829268,1995,5,34,False
1,HK,1.0,0,0,A5,113,403.0,1.0,1995,5,113,False
8,HK,1.0,0,0,A5,153,654.0,1.0,1995,5,153,False
22,HK,0.8936170212765957,0,5,A5,21,85.0,1.0,1995,5,21,False
9,HK,0.9879518072289156,0,4,A6,164,635.0,1.0,1995,5,164,False
13,HK,0.9743589743589743,8,0,A6,160,662.0,0.95,1995,5,152,False
16,HK,0.6956521739130435,0,7,A6,8,34.0,1.0,1995,5,8,False
14,HK,0.9752066115702479,1,2,A6,60,252.0,0.9833333333333333,1995,5,59,False
15,HK,0.9959183673469387,1,0,A6,123,488.0,0.991869918699187,1995,5,122,False
5,HK,0.0,1,0,A6,1,3.0,0.0,1995,5,0,True
12,HK,0.9066666666666666,7,0,A6,41,167.0,0.8292682926829268,1995,5,34,False
1,HK,1.0,0,0,A6,113,403.0,1.0,1995,5,113,False
8,HK,1.0,0,0,A6,153,654.0,1.0,1995,5,153,False
22,HK,0.8936170212765957,0,5,A6,21,85.0,1.0,1995,5,21,False
9,HK,0.9818181818181818,2,4,A7,164,635.0,0.9878048780487805,1995,5,162,False
13,HK,0.9584664536741214,10,3,A7,160,662.0,0.9375,1995,5,150,False
16,HK,0.5333333333333333,0,14,A7,8,34.0,1.0,1995,5,8,False
14,HK,0.9310344827586207,6,2,A7,60,252.0,0.9,1995,5,54,False
15,HK,0.9959183673469387,1,0,A7,123,488.0,0.991869918699187,1995,5,122,False
5,HK,0.0,1,4,A7,1,3.0,0.0,1995,5,0,True
12,HK,0.8450704225352113,11,0,A7,41,167.0,0.7317073170731707,1995,5,30,False
1,HK,1.0,0,0,A7,113,403.0,1.0,1995,5,113,False
8,HK,0.9836065573770492,3,2,A7,153,654.0,0.9803921568627451,1995,5,150,False
22,HK,0.8936170212765957,0,5,A7,21,85.0,1.0,1995,5,21,False
9,HK,0.9879518072289156,0,4,A8,164,635.0,1.0,1995,5,164,False
13,HK,0.9743589743589743,8,0,A8,160,662.0,0.95,1995,5,152,False
16,HK,0.6956521739130435,0,7,A8,8,34.0,1.0,1995,5,8,False
14,HK,0.9752066115702479,1,2,A8,60,252.0,0.9833333333333333,1995,5,59,False
15,HK,0.9959183673469387,1,0,A8,123,488.0,0.991869918699187,1995,5,122,False
5,HK,0.0,1,0,A8,1,3.0,0.0,1995,5,0,True
12,HK,0.9066666666666666,7,0,A8,41,167.0,0.8292682926829268,1995,5,34,False
1,HK,1.0,0,0,A8,113,403.0,1.0,1995,5,113,False
8,HK,1.0,0,0,A8,153,654.0,1.0,1995,5,153,False
22,HK,0.8936170212765957,0,5,A8,21,85.0,1.0,1995,5,21,False
9,HK,0.9787234042553191,3,4,P,164,635.0,0.9817073170731707,1995,6,161,False
13,HK,0.9743589743589743,8,0,P,160,662.0,0.95,1995,6,152,False
16,HK,0.6666666666666666,0,8,P,8,34.0,1.0,1995,6,8,False
14,HK,0.9752066115702479,1,2,P,60,252.0,0.9833333333333333,1995,6,59,False
15,HK,0.9959183673469387,1,0,P,123,488.0,0.991869918699187,1995,6,122,False
5,HK,0.0,1,1,P,1,3.0,0.0,1995,6,0,True
12,HK,0.9066666666666666,7,0,P,41,167.0,0.8292682926829268,1995,6,34,False
1,HK,1.0,0,0,P,113,403.0,1.0,1995,6,113,False
8,HK,0.9900990099009901,3,0,P,153,654.0,0.9803921568627451,1995,6,150,False
22,HK,0.8695652173913043,1,5,P,21,85.0,0.9523809523809523,1995,6,20,False
19,HK,0.0,2,4,P,2,6.0,0.0,1995,6,0,True
17,HK,0.7692307692307693,0,3,P,5,23.0,1.0,1995,6,5,False
9,HK,0.975609756097561,4,4,A0,164,635.0,0.975609756097561,1995,6,160,False
13,HK,0.9710610932475884,9,0,A0,160,662.0,0.94375,1995,6,151,False
16,HK,0.64,0,9,A0,8,34.0,1.0,1995,6,8,False
14,HK,0.9752066115702479,1,2,A0,60,252.0,0.9833333333333333,1995,6,59,False
15,HK,0.991869918699187,1,1,A0,123,488.0,0.991869918699187,1995,6,122,False
5,HK,0.0,1,0,A0,1,3.0,0.0,1995,6,0,True
12,HK,0.9066666666666666,7,0,A0,41,167.0,0.8292682926829268,1995,6,34,False
1,HK,1.0,0,0,A0,113,403.0,1.0,1995,6,113,False
8,HK,0.9868421052631579,3,1,A0,153,654.0,0.9803921568627451,1995,6,150,False
22,HK,0.8571428571428571,0,7,A0,21,85.0,1.0,1995,6,21,False
19,HK,0.0,2,3,A0,2,6.0,0.0,1995,6,0,True
17,HK,0.7272727272727273,1,2,A0,5,23.0,0.8,1995,6,4,False
9,HK,0.9784615384615385,5,2,A1,164,635.0,0.9695121951219512,1995,6,159,False
13,HK,0.9652996845425867,7,4,A1,160,662.0,0.95625,1995,6,153,False
16,HK,0.5384615384615384,1,11,A1,8,34.0,0.875,1995,6,7,False
14,HK,0.9203539823008849,8,1,A1,60,252.0,0.8666666666666667,1995,6,52,False
15,HK,0.9879518072289156,0,3,A1,123,488.0,1.0,1995,6,123,False
5,HK,0.0,1,3,A1,1,3.0,0.0,1995,6,0,True
12,HK,0.8493150684931506,10,1,A1,41,167.0,0.7560975609756098,1995,6,31,False
1,HK,0.9955947136563876,0,1,A1,113,403.0,1.0,1995,6,113,False
8,HK,0.9801324503311258,5,1,A1,153,654.0,0.9673202614379085,1995,6,148,False
22,HK,0.8780487804878049,3,2,A1,21,85.0,0.8571428571428571,1995,6,18,False
19,HK,0.3333333333333333,1,3,A1,2,6.0,0.5,1995,6,1,False
17,HK,0.42105263157894735,1,10,A1,5,23.0,0.8,1995,6,4,False
9,HK,0.9848942598187311,1,4,A2,164,635.0,0.9939024390243902,1995,6,163,False
13,HK,0.9776357827476039,7,0,A2,160,662.0,0.95625,1995,6,153,False
16,HK,0.6666666666666666,0,8,A2,8,34.0,1.0,1995,6,8,False
14,HK,0.9666666666666667,2,2,A2,60,252.0,0.9666666666666667,1995,6,58,False
15,HK,0.9959183673469387,1,0,A2,123,488.0,0.991869918699187,1995,6,122,False
5,HK,0.0,1,1,A2,1,3.0,0.0,1995,6,0,True
12,HK,0.8918918918918919,8,0,A2,41,167.0,0.8048780487804879,1995,6,33,False
1,HK,0.9955947136563876,0,1,A2,113,403.0,1.0,1995,6,113,False
8,HK,0.993421052631579,2,0,A2,153,654.0,0.9869281045751634,1995,6,151,False
22,HK,0.9130434782608695,0,4,A2,21,85.0,1.0,1995,6,21,False
19,HK,0.0,2,2,A2,2,6.0,0.0,1995,6,0,True
17,HK,0.8333333333333334,0,2,A2,5,23.0,1.0,1995,6,5,False
9,HK,0.9848942598187311,1,4,A3,164,635.0,0.9939024390243902,1995,6,163,False
13,HK,0.9743589743589743,8,0,A3,160,662.0,0.95,1995,6,152,False
16,HK,0.6956521739130435,0,7,A3,8,34.0,1.0,1995,6,8,False
14,HK,0.9666666666666667,2,2,A3,60,252.0,0.9666666666666667,1995,6,58,False
15,HK,0.9959183673469387,1,0,A3,123,488.0,0.991869918699187,1995,6,122,False
5,HK,0.0,1,0,A3,1,3.0,0.0,1995,6,0,True
12,HK,0.9066666666666666,7,0,A3,41,167.0,0.8292682926829268,1995,6,34,False
1,HK,0.9955947136563876,0,1,A3,113,403.0,1.0,1995,6,113,False
8,HK,0.9967213114754099,1,0,A3,153,654.0,0.9934640522875817,1995,6,152,False
22,HK,0.875,0,6,A3,21,85.0,1.0,1995,6,21,False
19,HK,0.0,2,1,A3,2,6.0,0.0,1995,6,0,True
17,HK,0.8333333333333334,0,2,A3,5,23.0,1.0,1995,6,5,False
9,HK,0.9848942598187311,1,4,A3s,164,635.0,0.9939024390243902,1995,6,163,False
13,HK,0.9743589743589743,8,0,A3s,160,662.0,0.95,1995,6,152,False
16,HK,0.6666666666666666,0,8,A3s,8,34.0,1.0,1995,6,8,False
14,HK,0.9666666666666667,2,2,A3s,60,252.0,0.9666666666666667,1995,6,58,False
15,HK,0.9959183673469387,1,0,A3s,123,488.0,0.991869918699187,1995,6,122,False
5,HK,0.0,1,1,A3s,1,3.0,0.0,1995,6,0,True
12,HK,0.8918918918918919,8,0,A3s,41,167.0,0.8048780487804879,1995,6,33,False
1,HK,0.9955947136563876,0,1,A3s,113,403.0,1.0,1995,6,113,False
8,HK,0.993421052631579,2,0,A3s,153,654.0,0.9869281045751634,1995,6,151,False
22,HK,0.8936170212765957,0,5,A3s,21,85.0,1.0,1995,6,21,False
19,HK,0.0,2,2,A3s,2,6.0,0.0,1995,6,0,True
17,HK,0.8333333333333334,0,2,A3s,5,23.0,1.0,1995,6,5,False
9,HK,0.9848942598187311,1,4,A4,164,635.0,0.9939024390243902,1995,6,163,False
13,HK,0.9776357827476039,7,0,A4,160,662.0,0.95625,1995,6,153,False
16,HK,0.6666666666666666,0,8,A4,8,34.0,1.0,1995,6,8,False
14,HK,0.9666666666666667,2,2,A4,60,252.0,0.9666666666666667,1995,6,58,False
15,HK,0.9959183673469387,1,0,A4,123,488.0,0.991869918699187,1995,6,122,False
5,HK,0.0,1,1,A4,1,3.0,0.0,1995,6,0,True
12,HK,0.8918918918918919,8,0,A4,41,167.0,0.8048780487804879,1995,6,33,False
1,HK,0.9955947136563876,0,1,A4,113,403.0,1.0,1995,6,113,False
8,HK,0.993421052631579,2,0,A4,153,654.0,0.9869281045751634,1995,6,151,False
22,HK,0.9130434782608695,0,4,A4,21,85.0,1.0,1995,6,21,False
19,HK,0.0,2,2,A4,2,6.0,0.0,1995,6,0,True
17,HK,0.8333333333333334,0,2,A4,5,23.0,1.0,1995,6,5,False
9,HK,0.9848942598187311,1,4,A5,164,635.0,0.9939024390243902,1995,6,163,False
13,HK,0.9776357827476039,7,0,A5,160,662.0,0.95625,1995,6,153,False
16,HK,0.6666666666666666,0,8,A5,8,34.0,1.0,1995,6,8,False
14,HK,0.9666666666666667,2,2,A5,60,252.0,0.9666666666666667,1995,6,58,False
15,HK,0.9959183673469387,1,0,A5,123,488.0,0.991869918699187,1995,6,122,False
5,HK,0.0,1,1,A5,1,3.0,0.0,1995,6,0,True
12,HK,0.8918918918918919,8,0,A5,41,167.0,0.8048780487804879,1995,6,33,False
1,HK,0.9955947136563876,0,1,A5,113,403.0,1.0,1995,6,113,False
8,HK,0.993421052631579,2,0,A5,153,654.0,0.9869281045751634,1995,6,151,False
22,HK,0.9130434782608695,0,4,A5,21,85.0,1.0,1995,6,21,False
19,HK,0.0,2,2,A5,2,6.0,0.0,1995,6,0,True
17,HK,0.8333333333333334,0,2,A5,5,23.0,1.0,1995,6,5,False
9,HK,0.9848942598187311,1,4,A6,164,635.0,0.9939024390243902,1995,6,163,False
13,HK,0.9776357827476039,7,0,A6,160,662.0,0.95625,1995,6,153,False
16,HK,0.6666666666666666,0,8,A6,8,34.0,1.0,1995,6,8,False
14,HK,0.9666666666666667,2,2,A6,60,252.0,0.9666666666666667,1995,6,58,False
15,HK,0.9959183673469387,1,0,A6,123,488.0,0.991869918699187,1995,6,122,False
5,HK,0.0,1,1,A6,1,3.0,0.0,1995,6,0,True
12,HK,0.8918918918918919,8,0,A6,41,167.0,0.8048780487804879,1995,6,33,False
1,HK,0.9955947136563876,0,1,A6,113,403.0,1.0,1995,6,113,False
8,HK,0.993421052631579,2,0,A6,153,654.0,0.9869281045751634,1995,6,151,False
22,HK,0.9130434782608695,0,4,A6,21,85.0,1.0,1995,6,21,False
19,HK,0.0,2,2,A6,2,6.0,0.0,1995,6,0,True
17,HK,0.8333333333333334,0,2,A6,5,23.0,1.0,1995,6,5,False
9,HK,0.9787234042553191,3,4,A7,164,635.0,0.9817073170731707,1995,6,161,False
13,HK,0.9438943894389439,17,0,A7,160,662.0,0.89375,1995,6,143,False
16,HK,0.5517241379310345,0,13,A7,8,34.0,1.0,1995,6,8,False
14,HK,0.9217391304347826,7,2,A7,60,252.0,0.8833333333333333,1995,6,53,False
15,HK,0.9959183673469387,1,0,A7,123,488.0,0.991869918699187,1995,6,122,False
5,HK,0.0,1,4,A7,1,3.0,0.0,1995,6,0,True
12,HK,0.8450704225352113,11,0,A7,41,167.0,0.7317073170731707,1995,6,30,False
1,HK,1.0,0,0,A7,113,403.0,1.0,1995,6,113,False
8,HK,0.9602649006622517,8,4,A7,153,654.0,0.9477124183006536,1995,6,145,False
22,HK,0.7727272727272727,4,6,A7,21,85.0,0.8095238095238095,1995,6,17,False
19,HK,0.0,2,5,A7,2,6.0,0.0,1995,6,0,True
17,HK,0.23076923076923078,2,18,A7,5,23.0,0.6,1995,6,3,False
9,HK,0.9848942598187311,1,4,A8,164,635.0,0.9939024390243902,1995,6,163,False
13,HK,0.9776357827476039,7,0,A8,160,662.0,0.95625,1995,6,153,False
16,HK,0.6666666666666666,0,8,A8,8,34.0,1.0,1995,6,8,False
14,HK,0.9666666666666667,2,2,A8,60,252.0,0.9666666666666667,1995,6,58,False
15,HK,0.9959183673469387,1,0,A8,123,488.0,0.991869918699187,1995,6,122,False
5,HK,0.0,1,1,A8,1,3.0,0.0,1995,6,0,True
12,HK,0.8918918918918919,8,0,A8,41,167.0,0.8048780487804879,1995,6,33,False
1,HK,0.9955947136563876,0,1,A8,113,403.0,1.0,1995,6,113,False
8,HK,0.993421052631579,2,0,A8,153,654.0,0.9869281045751634,1995,6,151,False
22,HK,0.9130434782608695,0,4,A8,21,85.0,1.0,1995,6,21,False
19,HK,0.0,2,2,A8,2,6.0,0.0,1995,6,0,True
17,HK,0.8333333333333334,0,2,A8,5,23.0,1.0,1995,6,5,False
9,HK,0.9787234042553191,3,4,P,164,635.0,0.9817073170731707,1995,7,161,False
13,HK,0.9743589743589743,8,0,P,160,662.0,0.95,1995,7,152,False
16,HK,0.6153846153846154,0,10,P,8,34.0,1.0,1995,7,8,False
14,HK,0.957983193277311,3,2,P,60,252.0,0.95,1995,7,57,False
15,HK,0.9959183673469387,1,0,P,123,488.0,0.991869918699187,1995,7,122,False
5,HK,0.0,1,1,P,1,3.0,0.0,1995,7,0,True
12,HK,0.9066666666666666,7,0,P,41,167.0,0.8292682926829268,1995,7,34,False
1,HK,0.9955947136563876,0,1,P,113,403.0,1.0,1995,7,113,False
8,HK,0.9803921568627451,3,3,P,153,654.0,0.9803921568627451,1995,7,150,False
22,HK,0.6428571428571429,3,17,P,21,85.0,0.8571428571428571,1995,7,18,False
19,HK,0.0,2,5,P,2,6.0,0.0,1995,7,0,True
17,HK,0.4,2,7,P,5,23.0,0.6,1995,7,3,False
18,HK,0.5416666666666666,20,2,P,33,127.0,0.3939393939393939,1995,7,13,False
6,HK,0.0,1,2,P,1,6.0,0.0,1995,7,0,True
9,HK,0.9787234042553191,3,4,A0,164,635.0,0.9817073170731707,1995,7,161,False
13,HK,0.9712460063897763,8,1,A0,160,662.0,0.95,1995,7,152,False
16,HK,0.6153846153846154,0,10,A0,8,34.0,1.0,1995,7,8,False
14,HK,0.957983193277311,3,2,A0,60,252.0,0.95,1995,7,57,False
15,HK,0.9959183673469387,1,0,A0,123,488.0,0.991869918699187,1995,7,122,False
5,HK,0.0,1,1,A0,1,3.0,0.0,1995,7,0,True
12,HK,0.9066666666666666,7,0,A0,41,167.0,0.8292682926829268,1995,7,34,False
1,HK,0.9912280701754386,0,2,A0,113,403.0,1.0,1995,7,113,False
8,HK,0.9805194805194806,2,4,A0,153,654.0,0.9869281045751634,1995,7,151,False
22,HK,0.6666666666666666,3,15,A0,21,85.0,0.8571428571428571,1995,7,18,False
19,HK,0.0,2,4,A0,2,6.0,0.0,1995,7,0,True
17,HK,0.4,2,7,A0,5,23.0,0.6,1995,7,3,False
18,HK,0.46808510638297873,22,3,A0,33,127.0,0.3333333333333333,1995,7,11,False
6,HK,0.0,1,2,A0,1,6.0,0.0,1995,7,0,True
9,HK,0.9815950920245399,4,2,A1,164,635.0,0.975609756097561,1995,7,160,False
13,HK,0.9589905362776026,8,5,A1,160,662.0,0.95,1995,7,152,False
16,HK,0.5384615384615384,1,11,A1,8,34.0,0.875,1995,7,7,False
14,HK,0.9026548672566371,9,2,A1,60,252.0,0.85,1995,7,51,False
15,HK,0.984,0,4,A1,123,488.0,1.0,1995,7,123,False
5,HK,0.0,1,5,A1,1,3.0,0.0,1995,7,0,True
12,HK,0.8378378378378378,10,2,A1,41,167.0,0.7560975609756098,1995,7,31,False
1,HK,0.9912280701754386,0,2,A1,113,403.0,1.0,1995,7,113,False
8,HK,0.9704918032786886,5,4,A1,153,654.0,0.9673202614379085,1995,7,148,False
22,HK,0.8,3,6,A1,21,85.0,0.8571428571428571,1995,7,18,False
19,HK,0.25,1,5,A1,2,6.0,0.5,1995,7,1,False
17,HK,0.17391304347826086,3,16,A1,5,23.0,0.4,1995,7,2,False
18,HK,0.4888888888888889,22,1,A1,33,127.0,0.3333333333333333,1995,7,11,False
6,HK,0.0,1,3,A1,1,6.0,0.0,1995,7,0,True
9,HK,0.9848942598187311,1,4,A2,164,635.0,0.9939024390243902,1995,7,163,False
13,HK,0.9776357827476039,7,0,A2,160,662.0,0.95625,1995,7,153,False
16,HK,0.64,0,9,A2,8,34.0,1.0,1995,7,8,False
14,HK,0.957983193277311,3,2,A2,60,252.0,0.95,1995,7,57,False
15,HK,0.991869918699187,1,1,A2,123,488.0,0.991869918699187,1995,7,122,False
5,HK,0.0,1,1,A2,1,3.0,0.0,1995,7,0,True
12,HK,0.8918918918918919,8,0,A2,41,167.0,0.8048780487804879,1995,7,33,False
1,HK,0.9955947136563876,0,1,A2,113,403.0,1.0,1995,7,113,False
8,HK,0.987012987012987,1,3,A2,153,654.0,0.9934640522875817,1995,7,152,False
22,HK,0.7692307692307693,1,11,A2,21,85.0,0.9523809523809523,1995,7,20,False
19,HK,0.0,2,3,A2,2,6.0,0.0,1995,7,0,True
17,HK,0.42857142857142855,2,6,A2,5,23.0,0.6,1995,7,3,False
18,HK,0.5384615384615384,19,5,A2,33,127.0,0.42424242424242425,1995,7,14,False
6,HK,0.0,1,1,A2,1,6.0,0.0,1995,7,0,True
9,HK,0.9848942598187311,1,4,A3,164,635.0,0.9939024390243902,1995,7,163,False
13,HK,0.9776357827476039,7,0,A3,160,662.0,0.95625,1995,7,153,False
16,HK,0.6666666666666666,0,8,A3,8,34.0,1.0,1995,7,8,False
14,HK,0.9666666666666667,2,2,A3,60,252.0,0.9666666666666667,1995,7,58,False
15,HK,0.9959183673469387,1,0,A3,123,488.0,0.991869918699187,1995,7,122,False
5,HK,0.0,1,0,A3,1,3.0,0.0,1995,7,0,True
12,HK,0.9066666666666666,7,0,A3,41,167.0,0.8292682926829268,1995,7,34,False
1,HK,0.9955947136563876,0,1,A3,113,403.0,1.0,1995,7,113,False
8,HK,0.987012987012987,1,3,A3,153,654.0,0.9934640522875817,1995,7,152,False
22,HK,0.7307692307692307,2,12,A3,21,85.0,0.9047619047619048,1995,7,19,False
19,HK,0.0,2,3,A3,2,6.0,0.0,1995,7,0,True
17,HK,0.5333333333333333,1,6,A3,5,23.0,0.8,1995,7,4,False
18,HK,0.5490196078431373,19,4,A3,33,127.0,0.42424242424242425,1995,7,14,False
6,HK,0.0,1,2,A3,1,6.0,0.0,1995,7,0,True
9,HK,0.9848942598187311,1,4,A3s,164,635.0,0.9939024390243902,1995,7,163,False
13,HK,0.9776357827476039,7,0,A3s,160,662.0,0.95625,1995,7,153,False
16,HK,0.64,0,9,A3s,8,34.0,1.0,1995,7,8,False
14,HK,0.957983193277311,3,2,A3s,60,252.0,0.95,1995,7,57,False
15,HK,0.991869918699187,1,1,A3s,123,488.0,0.991869918699187,1995,7,122,False
5,HK,0.0,1,1,A3s,1,3.0,0.0,1995,7,0,True
12,HK,0.8918918918918919,8,0,A3s,41,167.0,0.8048780487804879,1995,7,33,False
1,HK,0.9955947136563876,0,1,A3s,113,403.0,1.0,1995,7,113,False
8,HK,0.987012987012987,1,3,A3s,153,654.0,0.9934640522875817,1995,7,152,False
22,HK,0.7692307692307693,1,11,A3s,21,85.0,0.9523809523809523,1995,7,20,False
19,HK,0.0,2,3,A3s,2,6.0,0.0,1995,7,0,True
17,HK,0.42857142857142855,2,6,A3s,5,23.0,0.6,1995,7,3,False
18,HK,0.5384615384615384,19,5,A3s,33,127.0,0.42424242424242425,1995,7,14,False
6,HK,0.0,1,1,A3s,1,6.0,0.0,1995,7,0,True
9,HK,0.9848942598187311,1,4,A4,164,635.0,0.9939024390243902,1995,7,163,False
13,HK,0.9776357827476039,7,0,A4,160,662.0,0.95625,1995,7,153,False
16,HK,0.64,0,9,A4,8,34.0,1.0,1995,7,8,False
14,HK,0.957983193277311,3,2,A4,60,252.0,0.95,1995,7,57,False
15,HK,0.991869918699187,1,1,A4,123,488.0,0.991869918699187,1995,7,122,False
5,HK,0.0,1,1,A4,1,3.0,0.0,1995,7,0,True
12,HK,0.8918918918918919,8,0,A4,41,167.0,0.8048780487804879,1995,7,33,False
1,HK,0.9955947136563876,0,1,A4,113,403.0,1.0,1995,7,113,False
8,HK,0.987012987012987,1,3,A4,153,654.0,0.9934640522875817,1995,7,152,False
22,HK,0.7692307692307693,1,11,A4,21,85.0,0.9523809523809523,1995,7,20,False
19,HK,0.0,2,3,A4,2,6.0,0.0,1995,7,0,True
17,HK,0.42857142857142855,2,6,A4,5,23.0,0.6,1995,7,3,False
18,HK,0.5384615384615384,19,5,A4,33,127.0,0.42424242424242425,1995,7,14,False
6,HK,0.0,1,1,A4,1,6.0,0.0,1995,7,0,True
9,HK,0.9848942598187311,1,4,A5,164,635.0,0.9939024390243902,1995,7,163,False
13,HK,0.9776357827476039,7,0,A5,160,662.0,0.95625,1995,7,153,False
16,HK,0.64,0,9,A5,8,34.0,1.0,1995,7,8,False
14,HK,0.957983193277311,3,2,A5,60,252.0,0.95,1995,7,57,False
15,HK,0.991869918699187,1,1,A5,123,488.0,0.991869918699187,1995,7,122,False
5,HK,0.0,1,1,A5,1,3.0,0.0,1995,7,0,True
12,HK,0.8918918918918919,8,0,A5,41,167.0,0.8048780487804879,1995,7,33,False
1,HK,0.9912280701754386,0,2,A5,113,403.0,1.0,1995,7,113,False
8,HK,0.987012987012987,1,3,A5,153,654.0,0.9934640522875817,1995,7,152,False
22,HK,0.7692307692307693,1,11,A5,21,85.0,0.9523809523809523,1995,7,20,False
19,HK,0.0,2,4,A5,2,6.0,0.0,1995,7,0,True
17,HK,0.42857142857142855,2,6,A5,5,23.0,0.6,1995,7,3,False
18,HK,0.52,20,4,A5,33,127.0,0.3939393939393939,1995,7,13,False
6,HK,0.0,1,1,A5,1,6.0,0.0,1995,7,0,True
9,HK,0.9848942598187311,1,4,A6,164,635.0,0.9939024390243902,1995,7,163,False
13,HK,0.9776357827476039,7,0,A6,160,662.0,0.95625,1995,7,153,False
16,HK,0.64,0,9,A6,8,34.0,1.0,1995,7,8,False
14,HK,0.957983193277311,3,2,A6,60,252.0,0.95,1995,7,57,False
15,HK,0.991869918699187,1,1,A6,123,488.0,0.991869918699187,1995,7,122,False
5,HK,0.0,1,1,A6,1,3.0,0.0,1995,7,0,True
12,HK,0.8918918918918919,8,0,A6,41,167.0,0.8048780487804879,1995,7,33,False
1,HK,0.9955947136563876,0,1,A6,113,403.0,1.0,1995,7,113,False
8,HK,0.987012987012987,1,3,A6,153,654.0,0.9934640522875817,1995,7,152,False
22,HK,0.7692307692307693,1,11,A6,21,85.0,0.9523809523809523,1995,7,20,False
19,HK,0.0,2,3,A6,2,6.0,0.0,1995,7,0,True
17,HK,0.42857142857142855,2,6,A6,5,23.0,0.6,1995,7,3,False
18,HK,0.5384615384615384,19,5,A6,33,127.0,0.42424242424242425,1995,7,14,False
6,HK,0.0,1,1,A6,1,6.0,0.0,1995,7,0,True
9,HK,0.9787234042553191,3,4,A7,164,635.0,0.9817073170731707,1995,7,161,False
13,HK,0.9372937293729373,18,1,A7,160,662.0,0.8875,1995,7,142,False
16,HK,0.5517241379310345,0,13,A7,8,34.0,1.0,1995,7,8,False
14,HK,0.9217391304347826,7,2,A7,60,252.0,0.8833333333333333,1995,7,53,False
15,HK,0.9959183673469387,1,0,A7,123,488.0,0.991869918699187,1995,7,122,False
5,HK,0.0,1,4,A7,1,3.0,0.0,1995,7,0,True
12,HK,0.8450704225352113,11,0,A7,41,167.0,0.7317073170731707,1995,7,30,False
1,HK,0.9865470852017937,3,0,A7,113,403.0,0.9734513274336283,1995,7,110,False
8,HK,0.9438943894389439,10,7,A7,153,654.0,0.934640522875817,1995,7,143,False
22,HK,0.7441860465116279,5,6,A7,21,85.0,0.7619047619047619,1995,7,16,False
19,HK,0.0,2,11,A7,2,6.0,0.0,1995,7,0,True
17,HK,0.2222222222222222,2,19,A7,5,23.0,0.6,1995,7,3,False
18,HK,0.5,19,9,A7,33,127.0,0.42424242424242425,1995,7,14,False
6,HK,0.0,1,7,A7,1,6.0,0.0,1995,7,0,True
9,HK,0.9848942598187311,1,4,A8,164,635.0,0.9939024390243902,1995,7,163,False
13,HK,0.9776357827476039,7,0,A8,160,662.0,0.95625,1995,7,153,False
16,HK,0.64,0,9,A8,8,34.0,1.0,1995,7,8,False
14,HK,0.957983193277311,3,2,A8,60,252.0,0.95,1995,7,57,False
15,HK,0.991869918699187,1,1,A8,123,488.0,0.991869918699187,1995,7,122,False
5,HK,0.0,1,1,A8,1,3.0,0.0,1995,7,0,True
12,HK,0.8918918918918919,8,0,A8,41,167.0,0.8048780487804879,1995,7,33,False
1,HK,0.9955947136563876,0,1,A8,113,403.0,1.0,1995,7,113,False
8,HK,0.987012987012987,1,3,A8,153,654.0,0.9934640522875817,1995,7,152,False
22,HK,0.7547169811320755,1,12,A8,21,85.0,0.9523809523809523,1995,7,20,False
19,HK,0.0,2,3,A8,2,6.0,0.0,1995,7,0,True
17,HK,0.42857142857142855,2,6,A8,5,23.0,0.6,1995,7,3,False
18,HK,0.5098039215686274,20,5,A8,33,127.0,0.3939393939393939,1995,7,13,False
6,HK,0.0,1,1,A8,1,6.0,0.0,1995,7,0,True
9,HK,0.9818181818181818,2,4,P,164,635.0,0.9878048780487805,1995,8,162,False
13,HK,0.9745222929936306,7,1,P,160,662.0,0.95625,1995,8,153,False
16,HK,0.5555555555555556,3,5,P,8,34.0,0.625,1995,8,5,False
14,HK,0.95,3,3,P,60,252.0,0.95,1995,8,57,False
15,HK,0.9959183673469387,1,0,P,123,488.0,0.991869918699187,1995,8,122,False
5,HK,0.0,1,2,P,1,3.0,0.0,1995,8,0,True
12,HK,0.9090909090909091,6,1,P,41,167.0,0.8536585365853658,1995,8,35,False
1,HK,0.9826086956521739,0,4,P,113,403.0,1.0,1995,8,113,False
8,HK,0.9706840390879479,4,5,P,153,654.0,0.9738562091503268,1995,8,149,False
22,HK,0.5230769230769231,4,27,P,21,85.0,0.8095238095238095,1995,8,17,False
19,HK,0.0,2,10,P,2,6.0,0.0,1995,8,0,True
17,HK,0.3333333333333333,2,10,P,5,23.0,0.6,1995,8,3,False
18,HK,0.38596491228070173,22,13,P,33,127.0,0.3333333333333333,1995,8,11,False
6,HK,0.0,1,4,P,1,6.0,0.0,1995,8,0,True
20,HK,0.4329896907216495,45,10,P,66,288.0,0.3181818181818182,1995,8,21,False
0,HK,0.5555555555555556,2,6,P,7,25.0,0.7142857142857143,1995,8,5,False
9,HK,0.9818181818181818,2,4,A0,164,635.0,0.9878048780487805,1995,8,162,False
13,HK,0.9712460063897763,8,1,A0,160,662.0,0.95,1995,8,152,False
16,HK,0.5,3,7,A0,8,34.0,0.625,1995,8,5,False
14,HK,0.9508196721311475,2,4,A0,60,252.0,0.9666666666666667,1995,8,58,False
15,HK,0.9959183673469387,1,0,A0,123,488.0,0.991869918699187,1995,8,122,False
5,HK,0.0,1,1,A0,1,3.0,0.0,1995,8,0,True
12,HK,0.9090909090909091,6,1,A0,41,167.0,0.8536585365853658,1995,8,35,False
1,HK,0.9741379310344828,0,6,A0,113,403.0,1.0,1995,8,113,False
8,HK,0.9773462783171522,2,5,A0,153,654.0,0.9869281045751634,1995,8,151,False
22,HK,0.53125,4,26,A0,21,85.0,0.8095238095238095,1995,8,17,False
19,HK,0.0,2,7,A0,2,6.0,0.0,1995,8,0,True
17,HK,0.375,2,8,A0,5,23.0,0.6,1995,8,3,False
18,HK,0.39285714285714285,22,12,A0,33,127.0,0.3333333333333333,1995,8,11,False
6,HK,0.0,1,4,A0,1,6.0,0.0,1995,8,0,True
20,HK,0.46938775510204084,43,9,A0,66,288.0,0.3484848484848485,1995,8,23,False
0,HK,0.5555555555555556,2,6,A0,7,25.0,0.7142857142857143,1995,8,5,False
9,HK,0.9785932721712538,4,3,A1,164,635.0,0.975609756097561,1995,8,160,False
13,HK,0.9622641509433962,7,5,A1,160,662.0,0.95625,1995,8,153,False
16,HK,0.5384615384615384,1,11,A1,8,34.0,0.875,1995,8,7,False
14,HK,0.8620689655172413,10,6,A1,60,252.0,0.8333333333333334,1995,8,50,False
15,HK,0.9761904761904762,0,6,A1,123,488.0,1.0,1995,8,123,False
5,HK,0.0,1,6,A1,1,3.0,0.0,1995,8,0,True
12,HK,0.8378378378378378,10,2,A1,41,167.0,0.7560975609756098,1995,8,31,False
1,HK,0.9699570815450643,0,7,A1,113,403.0,1.0,1995,8,113,False
8,HK,0.9456869009584664,5,12,A1,153,654.0,0.9673202614379085,1995,8,148,False
22,HK,0.631578947368421,3,18,A1,21,85.0,0.8571428571428571,1995,8,18,False
19,HK,0.0,2,10,A1,2,6.0,0.0,1995,8,0,True
17,HK,0.1875,2,24,A1,5,23.0,0.6,1995,8,3,False
18,HK,0.375,24,6,A1,33,127.0,0.2727272727272727,1995,8,9,False
6,HK,0.0,1,8,A1,1,6.0,0.0,1995,8,0,True
20,HK,0.20512820512820512,58,4,A1,66,288.0,0.12121212121212122,1995,8,8,False
0,HK,0.42857142857142855,4,4,A1,7,25.0,0.42857142857142855,1995,8,3,False
9,HK,0.9848942598187311,1,4,A2,164,635.0,0.9939024390243902,1995,8,163,False
13,HK,0.9776357827476039,7,0,A2,160,662.0,0.95625,1995,8,153,False
16,HK,0.47619047619047616,3,8,A2,8,34.0,0.625,1995,8,5,False
14,HK,0.957983193277311,3,2,A2,60,252.0,0.95,1995,8,57,False
15,HK,0.991869918699187,1,1,A2,123,488.0,0.991869918699187,1995,8,122,False
5,HK,0.0,1,2,A2,1,3.0,0.0,1995,8,0,True
12,HK,0.88,8,1,A2,41,167.0,0.8048780487804879,1995,8,33,False
1,HK,0.9783549783549783,0,5,A2,113,403.0,1.0,1995,8,113,False
8,HK,0.9806451612903225,1,5,A2,153,654.0,0.9934640522875817,1995,8,152,False
22,HK,0.5454545454545454,3,27,A2,21,85.0,0.8571428571428571,1995,8,18,False
19,HK,0.0,2,7,A2,2,6.0,0.0,1995,8,0,True
17,HK,0.47058823529411764,1,8,A2,5,23.0,0.8,1995,8,4,False
18,HK,0.43636363636363634,21,10,A2,33,127.0,0.36363636363636365,1995,8,12,False
6,HK,0.0,1,3,A2,1,6.0,0.0,1995,8,0,True
20,HK,0.4444444444444444,44,11,A2,66,288.0,0.3333333333333333,1995,8,22,False
0,HK,0.5882352941176471,2,5,A2,7,25.0,0.7142857142857143,1995,8,5,False
9,HK,0.9848942598187311,1,4,A3,164,635.0,0.9939024390243902,1995,8,163,False
13,HK,0.9776357827476039,7,0,A3,160,662.0,0.95625,1995,8,153,False
16,HK,0.47619047619047616,3,8,A3,8,34.0,0.625,1995,8,5,False
14,HK,0.9586776859504132,2,3,A3,60,252.0,0.9666666666666667,1995,8,58,False
15,HK,0.9959183673469387,1,0,A3,123,488.0,0.991869918699187,1995,8,122,False
5,HK,0.0,1,1,A3,1,3.0,0.0,1995,8,0,True
12,HK,0.88,8,1,A3,41,167.0,0.8048780487804879,1995,8,33,False
1,HK,0.9783549783549783,0,5,A3,113,403.0,1.0,1995,8,113,False
8,HK,0.9741935483870968,2,6,A3,153,654.0,0.9869281045751634,1995,8,151,False
22,HK,0.5483870967741935,4,24,A3,21,85.0,0.8095238095238095,1995,8,17,False
19,HK,0.0,2,8,A3,2,6.0,0.0,1995,8,0,True
17,HK,0.42105263157894735,1,10,A3,5,23.0,0.8,1995,8,4,False
18,HK,0.5172413793103449,18,10,A3,33,127.0,0.45454545454545453,1995,8,15,False
6,HK,0.0,1,3,A3,1,6.0,0.0,1995,8,0,True
20,HK,0.4329896907216495,45,10,A3,66,288.0,0.3181818181818182,1995,8,21,False
0,HK,0.5882352941176471,2,5,A3,7,25.0,0.7142857142857143,1995,8,5,False
9,HK,0.9848942598187311,1,4,A3s,164,635.0,0.9939024390243902,1995,8,163,False
13,HK,0.9776357827476039,7,0,A3s,160,662.0,0.95625,1995,8,153,False
16,HK,0.47619047619047616,3,8,A3s,8,34.0,0.625,1995,8,5,False
14,HK,0.957983193277311,3,2,A3s,60,252.0,0.95,1995,8,57,False
15,HK,0.991869918699187,1,1,A3s,123,488.0,0.991869918699187,1995,8,122,False
5,HK,0.0,1,1,A3s,1,3.0,0.0,1995,8,0,True
12,HK,0.88,8,1,A3s,41,167.0,0.8048780487804879,1995,8,33,False
1,HK,0.9741379310344828,0,6,A3s,113,403.0,1.0,1995,8,113,False
8,HK,0.9806451612903225,1,5,A3s,153,654.0,0.9934640522875817,1995,8,152,False
22,HK,0.5230769230769231,4,27,A3s,21,85.0,0.8095238095238095,1995,8,17,False
19,HK,0.0,2,7,A3s,2,6.0,0.0,1995,8,0,True
17,HK,0.47058823529411764,1,8,A3s,5,23.0,0.8,1995,8,4,False
18,HK,0.42857142857142855,21,11,A3s,33,127.0,0.36363636363636365,1995,8,12,False
6,HK,0.0,1,3,A3s,1,6.0,0.0,1995,8,0,True
20,HK,0.4444444444444444,44,11,A3s,66,288.0,0.3333333333333333,1995,8,22,False
0,HK,0.5882352941176471,2,5,A3s,7,25.0,0.7142857142857143,1995,8,5,False
9,HK,0.9848942598187311,1,4,A4,164,635.0,0.9939024390243902,1995,8,163,False
13,HK,0.9776357827476039,7,0,A4,160,662.0,0.95625,1995,8,153,False
16,HK,0.47619047619047616,3,8,A4,8,34.0,0.625,1995,8,5,False
14,HK,0.957983193277311,3,2,A4,60,252.0,0.95,1995,8,57,False
15,HK,0.991869918699187,1,1,A4,123,488.0,0.991869918699187,1995,8,122,False
5,HK,0.0,1,2,A4,1,3.0,0.0,1995,8,0,True
12,HK,0.88,8,1,A4,41,167.0,0.8048780487804879,1995,8,33,False
1,HK,0.9783549783549783,0,5,A4,113,403.0,1.0,1995,8,113,False
8,HK,0.9806451612903225,1,5,A4,153,654.0,0.9934640522875817,1995,8,152,False
22,HK,0.5454545454545454,3,27,A4,21,85.0,0.8571428571428571,1995,8,18,False
19,HK,0.0,2,7,A4,2,6.0,0.0,1995,8,0,True
17,HK,0.47058823529411764,1,8,A4,5,23.0,0.8,1995,8,4,False
18,HK,0.43636363636363634,21,10,A4,33,127.0,0.36363636363636365,1995,8,12,False
6,HK,0.0,1,3,A4,1,6.0,0.0,1995,8,0,True
20,HK,0.4444444444444444,44,11,A4,66,288.0,0.3333333333333333,1995,8,22,False
0,HK,0.5882352941176471,2,5,A4,7,25.0,0.7142857142857143,1995,8,5,False
9,HK,0.9848942598187311,1,4,A5,164,635.0,0.9939024390243902,1995,8,163,False
13,HK,0.9776357827476039,7,0,A5,160,662.0,0.95625,1995,8,153,False
16,HK,0.47619047619047616,3,8,A5,8,34.0,0.625,1995,8,5,False
14,HK,0.957983193277311,3,2,A5,60,252.0,0.95,1995,8,57,False
15,HK,0.991869918699187,1,1,A5,123,488.0,0.991869918699187,1995,8,122,False
5,HK,0.0,1,2,A5,1,3.0,0.0,1995,8,0,True
12,HK,0.8648648648648649,9,1,A5,41,167.0,0.7804878048780488,1995,8,32,False
1,HK,0.9783549783549783,0,5,A5,113,403.0,1.0,1995,8,113,False
8,HK,0.9806451612903225,1,5,A5,153,654.0,0.9934640522875817,1995,8,152,False
22,HK,0.5454545454545454,3,27,A5,21,85.0,0.8571428571428571,1995,8,18,False
19,HK,0.0,2,8,A5,2,6.0,0.0,1995,8,0,True
17,HK,0.47058823529411764,1,8,A5,5,23.0,0.8,1995,8,4,False
18,HK,0.4074074074074074,22,10,A5,33,127.0,0.3333333333333333,1995,8,11,False
6,HK,0.0,1,3,A5,1,6.0,0.0,1995,8,0,True
20,HK,0.4444444444444444,44,11,A5,66,288.0,0.3333333333333333,1995,8,22,False
0,HK,0.5555555555555556,2,6,A5,7,25.0,0.7142857142857143,1995,8,5,False
9,HK,0.9848942598187311,1,4,A6,164,635.0,0.9939024390243902,1995,8,163,False
13,HK,0.9776357827476039,7,0,A6,160,662.0,0.95625,1995,8,153,False
16,HK,0.47619047619047616,3,8,A6,8,34.0,0.625,1995,8,5,False
14,HK,0.957983193277311,3,2,A6,60,252.0,0.95,1995,8,57,False
15,HK,0.991869918699187,1,1,A6,123,488.0,0.991869918699187,1995,8,122,False
5,HK,0.0,1,2,A6,1,3.0,0.0,1995,8,0,True
12,HK,0.88,8,1,A6,41,167.0,0.8048780487804879,1995,8,33,False
1,HK,0.9783549783549783,0,5,A6,113,403.0,1.0,1995,8,113,False
8,HK,0.9806451612903225,1,5,A6,153,654.0,0.9934640522875817,1995,8,152,False
22,HK,0.5454545454545454,3,27,A6,21,85.0,0.8571428571428571,1995,8,18,False
19,HK,0.0,2,7,A6,2,6.0,0.0,1995,8,0,True
17,HK,0.47058823529411764,1,8,A6,5,23.0,0.8,1995,8,4,False
18,HK,0.43636363636363634,21,10,A6,33,127.0,0.36363636363636365,1995,8,12,False
6,HK,0.0,1,3,A6,1,6.0,0.0,1995,8,0,True
20,HK,0.4444444444444444,44,11,A6,66,288.0,0.3333333333333333,1995,8,22,False
0,HK,0.5882352941176471,2,5,A6,7,25.0,0.7142857142857143,1995,8,5,False
9,HK,0.9726443768996961,4,5,A7,164,635.0,0.975609756097561,1995,8,160,False
13,HK,0.9342105263157895,18,2,A7,160,662.0,0.8875,1995,8,142,False
16,HK,0.4444444444444444,2,13,A7,8,34.0,0.75,1995,8,6,False
14,HK,0.9137931034482759,7,3,A7,60,252.0,0.8833333333333333,1995,8,53,False
15,HK,0.9959183673469387,1,0,A7,123,488.0,0.991869918699187,1995,8,122,False
5,HK,0.0,1,4,A7,1,3.0,0.0,1995,8,0,True
12,HK,0.8333333333333334,11,1,A7,41,167.0,0.7317073170731707,1995,8,30,False
1,HK,0.9777777777777777,3,2,A7,113,403.0,0.9734513274336283,1995,8,110,False
8,HK,0.9315960912052117,10,11,A7,153,654.0,0.934640522875817,1995,8,143,False
22,HK,0.5555555555555556,6,18,A7,21,85.0,0.7142857142857143,1995,8,15,False
19,HK,0.0,2,11,A7,2,6.0,0.0,1995,8,0,True
17,HK,0.21428571428571427,2,20,A7,5,23.0,0.6,1995,8,3,False
18,HK,0.36666666666666664,22,16,A7,33,127.0,0.3333333333333333,1995,8,11,False
6,HK,0.0,1,10,A7,1,6.0,0.0,1995,8,0,True
20,HK,0.4423076923076923,43,15,A7,66,288.0,0.3484848484848485,1995,8,23,False
0,HK,0.5,3,5,A7,7,25.0,0.5714285714285714,1995,8,4,False
9,HK,0.9848942598187311,1,4,A8,164,635.0,0.9939024390243902,1995,8,163,False
13,HK,0.9776357827476039,7,0,A8,160,662.0,0.95625,1995,8,153,False
16,HK,0.47619047619047616,3,8,A8,8,34.0,0.625,1995,8,5,False
14,HK,0.957983193277311,3,2,A8,60,252.0,0.95,1995,8,57,False
15,HK,0.991869918699187,1,1,A8,123,488.0,0.991869918699187,1995,8,122,False
5,HK,0.0,1,1,A8,1,3.0,0.0,1995,8,0,True
12,HK,0.88,8,1,A8,41,167.0,0.8048780487804879,1995,8,33,False
1,HK,0.9783549783549783,0,5,A8,113,403.0,1.0,1995,8,113,False
8,HK,0.9806451612903225,1,5,A8,153,654.0,0.9934640522875817,1995,8,152,False
22,HK,0.5454545454545454,3,27,A8,21,85.0,0.8571428571428571,1995,8,18,False
19,HK,0.0,2,7,A8,2,6.0,0.0,1995,8,0,True
17,HK,0.47058823529411764,1,8,A8,5,23.0,0.8,1995,8,4,False
18,HK,0.42857142857142855,21,11,A8,33,127.0,0.36363636363636365,1995,8,12,False
6,HK,0.0,1,3,A8,1,6.0,0.0,1995,8,0,True
20,HK,0.4444444444444444,44,11,A8,66,288.0,0.3333333333333333,1995,8,22,False
0,HK,0.5882352941176471,2,5,A8,7,25.0,0.7142857142857143,1995,8,5,False
9,HK,0.9759036144578314,2,6,P,164,635.0,0.9878048780487805,1995,9,162,False
13,HK,0.9712460063897763,8,1,P,160,662.0,0.95,1995,9,152,False
16,HK,0.32,4,13,P,8,34.0,0.5,1995,9,4,False
14,HK,0.95,3,3,P,60,252.0,0.95,1995,9,57,False
15,HK,0.991869918699187,1,1,P,123,488.0,0.991869918699187,1995,9,122,False
5,HK,0.0,1,2,P,1,3.0,0.0,1995,9,0,True
12,HK,0.7555555555555555,7,15,P,41,167.0,0.8292682926829268,1995,9,34,False
1,HK,0.9826086956521739,0,4,P,113,403.0,1.0,1995,9,113,False
8,HK,0.9738562091503268,4,4,P,153,654.0,0.9738562091503268,1995,9,149,False
22,HK,0.5074626865671642,4,29,P,21,85.0,0.8095238095238095,1995,9,17,False
19,HK,0.0,2,9,P,2,6.0,0.0,1995,9,0,True
17,HK,0.3157894736842105,2,11,P,5,23.0,0.6,1995,9,3,False
18,HK,0.36363636363636365,23,12,P,33,127.0,0.30303030303030304,1995,9,10,False
6,HK,0.0,1,4,P,1,6.0,0.0,1995,9,0,True
20,HK,0.4329896907216495,45,10,P,66,288.0,0.3181818181818182,1995,9,21,False
0,HK,0.45454545454545453,2,10,P,7,25.0,0.7142857142857143,1995,9,5,False
3,HK,0.9936305732484076,1,1,P,157,644.0,0.9936305732484076,1995,9,156,False
11,HK,0.6391752577319587,30,5,P,61,261.0,0.5081967213114754,1995,9,31,False
9,HK,0.9759036144578314,2,6,A0,164,635.0,0.9878048780487805,1995,9,162,False
13,HK,0.9650793650793651,8,3,A0,160,662.0,0.95,1995,9,152,False
16,HK,0.34782608695652173,4,11,A0,8,34.0,0.5,1995,9,4,False
14,HK,0.9666666666666667,2,2,A0,60,252.0,0.9666666666666667,1995,9,58,False
15,HK,0.991869918699187,1,1,A0,123,488.0,0.991869918699187,1995,9,122,False
5,HK,0.0,1,1,A0,1,3.0,0.0,1995,9,0,True
12,HK,0.7415730337078652,8,15,A0,41,167.0,0.8048780487804879,1995,9,33,False
1,HK,0.9783549783549783,0,5,A0,113,403.0,1.0,1995,9,113,False
8,HK,0.9771986970684039,3,4,A0,153,654.0,0.9803921568627451,1995,9,150,False
22,HK,0.5230769230769231,4,27,A0,21,85.0,0.8095238095238095,1995,9,17,False
19,HK,0.0,2,8,A0,2,6.0,0.0,1995,9,0,True
17,HK,0.3157894736842105,2,11,A0,5,23.0,0.6,1995,9,3,False
18,HK,0.39285714285714285,22,12,A0,33,127.0,0.3333333333333333,1995,9,11,False
6,HK,0.0,1,4,A0,1,6.0,0.0,1995,9,0,True
20,HK,0.4536082474226804,44,9,A0,66,288.0,0.3333333333333333,1995,9,22,False
0,HK,0.43478260869565216,2,11,A0,7,25.0,0.7142857142857143,1995,9,5,False
3,HK,0.9904153354632588,2,1,A0,157,644.0,0.9872611464968153,1995,9,155,False
11,HK,0.6464646464646465,29,6,A0,61,261.0,0.5245901639344263,1995,9,32,False
9,HK,0.9757575757575757,3,5,A1,164,635.0,0.9817073170731707,1995,9,161,False
13,HK,0.9652996845425867,7,4,A1,160,662.0,0.95625,1995,9,153,False
16,HK,0.3333333333333333,3,17,A1,8,34.0,0.625,1995,9,5,False
14,HK,0.8695652173913043,10,5,A1,60,252.0,0.8333333333333334,1995,9,50,False
15,HK,0.968503937007874,0,8,A1,123,488.0,1.0,1995,9,123,False
5,HK,0.0,1,5,A1,1,3.0,0.0,1995,9,0,True
12,HK,0.7294117647058823,10,13,A1,41,167.0,0.7560975609756098,1995,9,31,False
1,HK,0.9658119658119658,0,8,A1,113,403.0,1.0,1995,9,113,False
8,HK,0.9456869009584664,5,12,A1,153,654.0,0.9673202614379085,1995,9,148,False
22,HK,0.6545454545454545,3,16,A1,21,85.0,0.8571428571428571,1995,9,18,False
19,HK,0.0,2,10,A1,2,6.0,0.0,1995,9,0,True
17,HK,0.1875,2,24,A1,5,23.0,0.6,1995,9,3,False
18,HK,0.40816326530612246,23,6,A1,33,127.0,0.30303030303030304,1995,9,10,False
6,HK,0.0,1,8,A1,1,6.0,0.0,1995,9,0,True
20,HK,0.2077922077922078,58,3,A1,66,288.0,0.12121212121212122,1995,9,8,False
0,HK,0.17391304347826086,5,14,A1,7,25.0,0.2857142857142857,1995,9,2,False
3,HK,0.9936708860759493,0,2,A1,157,644.0,1.0,1995,9,157,False
11,HK,0.5263157894736842,36,9,A1,61,261.0,0.4098360655737705,1995,9,25,False
9,HK,0.9819277108433735,1,5,A2,164,635.0,0.9939024390243902,1995,9,163,False
13,HK,0.9745222929936306,7,1,A2,160,662.0,0.95625,1995,9,153,False
16,HK,0.2857142857142857,4,16,A2,8,34.0,0.5,1995,9,4,False
14,HK,0.957983193277311,3,2,A2,60,252.0,0.95,1995,9,57,False
15,HK,0.991869918699187,1,1,A2,123,488.0,0.991869918699187,1995,9,122,False
5,HK,0.0,1,1,A2,1,3.0,0.0,1995,9,0,True
12,HK,0.7294117647058823,10,13,A2,41,167.0,0.7560975609756098,1995,9,31,False
1,HK,0.9741379310344828,0,6,A2,113,403.0,1.0,1995,9,113,False
8,HK,0.9806451612903225,1,5,A2,153,654.0,0.9934640522875817,1995,9,152,False
22,HK,0.5625,3,25,A2,21,85.0,0.8571428571428571,1995,9,18,False
19,HK,0.0,2,8,A2,2,6.0,0.0,1995,9,0,True
17,HK,0.47058823529411764,1,8,A2,5,23.0,0.8,1995,9,4,False
18,HK,0.4,22,11,A2,33,127.0,0.3333333333333333,1995,9,11,False
6,HK,0.0,1,3,A2,1,6.0,0.0,1995,9,0,True
20,HK,0.46464646464646464,43,10,A2,66,288.0,0.3484848484848485,1995,9,23,False
0,HK,0.5,2,8,A2,7,25.0,0.7142857142857143,1995,9,5,False
3,HK,1.0,0,0,A2,157,644.0,1.0,1995,9,157,False
11,HK,0.6534653465346535,28,7,A2,61,261.0,0.5409836065573771,1995,9,33,False
9,HK,0.9819277108433735,1,5,A3,164,635.0,0.9939024390243902,1995,9,163,False
13,HK,0.9745222929936306,7,1,A3,160,662.0,0.95625,1995,9,153,False
16,HK,0.3333333333333333,4,12,A3,8,34.0,0.5,1995,9,4,False
14,HK,0.95,3,3,A3,60,252.0,0.95,1995,9,57,False
15,HK,0.991869918699187,1,1,A3,123,488.0,0.991869918699187,1995,9,122,False
5,HK,0.0,1,1,A3,1,3.0,0.0,1995,9,0,True
12,HK,0.7529411764705882,9,12,A3,41,167.0,0.7804878048780488,1995,9,32,False
1,HK,0.9783549783549783,0,5,A3,113,403.0,1.0,1995,9,113,False
8,HK,0.9773462783171522,2,5,A3,153,654.0,0.9869281045751634,1995,9,151,False
22,HK,0.53125,4,26,A3,21,85.0,0.8095238095238095,1995,9,17,False
19,HK,0.0,2,10,A3,2,6.0,0.0,1995,9,0,True
17,HK,0.4,1,11,A3,5,23.0,0.8,1995,9,4,False
18,HK,0.45614035087719296,20,11,A3,33,127.0,0.3939393939393939,1995,9,13,False
6,HK,0.0,1,3,A3,1,6.0,0.0,1995,9,0,True
20,HK,0.4,47,10,A3,66,288.0,0.2878787878787879,1995,9,19,False
0,HK,0.5263157894736842,2,7,A3,7,25.0,0.7142857142857143,1995,9,5,False
3,HK,0.9935897435897436,2,0,A3,157,644.0,0.9872611464968153,1995,9,155,False
11,HK,0.7169811320754716,23,7,A3,61,261.0,0.6229508196721312,1995,9,38,False
9,HK,0.9819277108433735,1,5,A3s,164,635.0,0.9939024390243902,1995,9,163,False
13,HK,0.9745222929936306,7,1,A3s,160,662.0,0.95625,1995,9,153,False
16,HK,0.2962962962962963,4,15,A3s,8,34.0,0.5,1995,9,4,False
14,HK,0.957983193277311,3,2,A3s,60,252.0,0.95,1995,9,57,False
15,HK,0.991869918699187,1,1,A3s,123,488.0,0.991869918699187,1995,9,122,False
5,HK,0.0,1,1,A3s,1,3.0,0.0,1995,9,0,True
12,HK,0.7380952380952381,10,12,A3s,41,167.0,0.7560975609756098,1995,9,31,False
1,HK,0.9741379310344828,0,6,A3s,113,403.0,1.0,1995,9,113,False
8,HK,0.9773462783171522,2,5,A3s,153,654.0,0.9869281045751634,1995,9,151,False
22,HK,0.53125,4,26,A3s,21,85.0,0.8095238095238095,1995,9,17,False
19,HK,0.0,2,10,A3s,2,6.0,0.0,1995,9,0,True
17,HK,0.42105263157894735,1,10,A3s,5,23.0,0.8,1995,9,4,False
18,HK,0.42857142857142855,21,11,A3s,33,127.0,0.36363636363636365,1995,9,12,False
6,HK,0.0,1,3,A3s,1,6.0,0.0,1995,9,0,True
20,HK,0.4329896907216495,45,10,A3s,66,288.0,0.3181818181818182,1995,9,21,False
0,HK,0.5,2,8,A3s,7,25.0,0.7142857142857143,1995,9,5,False
3,HK,0.9968051118210862,1,0,A3s,157,644.0,0.9936305732484076,1995,9,156,False
11,HK,0.6666666666666666,27,7,A3s,61,261.0,0.5573770491803278,1995,9,34,False
9,HK,0.9819277108433735,1,5,A4,164,635.0,0.9939024390243902,1995,9,163,False
13,HK,0.9745222929936306,7,1,A4,160,662.0,0.95625,1995,9,153,False
16,HK,0.2857142857142857,4,16,A4,8,34.0,0.5,1995,9,4,False
14,HK,0.957983193277311,3,2,A4,60,252.0,0.95,1995,9,57,False
15,HK,0.991869918699187,1,1,A4,123,488.0,0.991869918699187,1995,9,122,False
5,HK,0.0,1,1,A4,1,3.0,0.0,1995,9,0,True
12,HK,0.7294117647058823,10,13,A4,41,167.0,0.7560975609756098,1995,9,31,False
1,HK,0.9741379310344828,0,6,A4,113,403.0,1.0,1995,9,113,False
8,HK,0.9806451612903225,1,5,A4,153,654.0,0.9934640522875817,1995,9,152,False
22,HK,0.5625,3,25,A4,21,85.0,0.8571428571428571,1995,9,18,False
19,HK,0.0,2,8,A4,2,6.0,0.0,1995,9,0,True
17,HK,0.47058823529411764,1,8,A4,5,23.0,0.8,1995,9,4,False
18,HK,0.4,22,11,A4,33,127.0,0.3333333333333333,1995,9,11,False
6,HK,0.0,1,3,A4,1,6.0,0.0,1995,9,0,True
20,HK,0.46464646464646464,43,10,A4,66,288.0,0.3484848484848485,1995,9,23,False
0,HK,0.5,2,8,A4,7,25.0,0.7142857142857143,1995,9,5,False
3,HK,1.0,0,0,A4,157,644.0,1.0,1995,9,157,False
11,HK,0.6534653465346535,28,7,A4,61,261.0,0.5409836065573771,1995,9,33,False
9,HK,0.9819277108433735,1,5,A5,164,635.0,0.9939024390243902,1995,9,163,False
13,HK,0.9745222929936306,7,1,A5,160,662.0,0.95625,1995,9,153,False
16,HK,0.2857142857142857,4,16,A5,8,34.0,0.5,1995,9,4,False
14,HK,0.957983193277311,3,2,A5,60,252.0,0.95,1995,9,57,False
15,HK,0.991869918699187,1,1,A5,123,488.0,0.991869918699187,1995,9,122,False
5,HK,0.0,1,1,A5,1,3.0,0.0,1995,9,0,True
12,HK,0.7294117647058823,10,13,A5,41,167.0,0.7560975609756098,1995,9,31,False
1,HK,0.9741379310344828,0,6,A5,113,403.0,1.0,1995,9,113,False
8,HK,0.9773462783171522,2,5,A5,153,654.0,0.9869281045751634,1995,9,151,False
22,HK,0.5538461538461539,3,26,A5,21,85.0,0.8571428571428571,1995,9,18,False
19,HK,0.0,2,10,A5,2,6.0,0.0,1995,9,0,True
17,HK,0.42105263157894735,1,10,A5,5,23.0,0.8,1995,9,4,False
18,HK,0.4074074074074074,22,10,A5,33,127.0,0.3333333333333333,1995,9,11,False
6,HK,0.0,1,3,A5,1,6.0,0.0,1995,9,0,True
20,HK,0.4329896907216495,45,10,A5,66,288.0,0.3181818181818182,1995,9,21,False
0,HK,0.5263157894736842,2,7,A5,7,25.0,0.7142857142857143,1995,9,5,False
3,HK,1.0,0,0,A5,157,644.0,1.0,1995,9,157,False
11,HK,0.6534653465346535,28,7,A5,61,261.0,0.5409836065573771,1995,9,33,False
9,HK,0.9819277108433735,1,5,A6,164,635.0,0.9939024390243902,1995,9,163,False
13,HK,0.9745222929936306,7,1,A6,160,662.0,0.95625,1995,9,153,False
16,HK,0.2857142857142857,4,16,A6,8,34.0,0.5,1995,9,4,False
14,HK,0.957983193277311,3,2,A6,60,252.0,0.95,1995,9,57,False
15,HK,0.991869918699187,1,1,A6,123,488.0,0.991869918699187,1995,9,122,False
5,HK,0.0,1,1,A6,1,3.0,0.0,1995,9,0,True
12,HK,0.7294117647058823,10,13,A6,41,167.0,0.7560975609756098,1995,9,31,False
1,HK,0.9741379310344828,0,6,A6,113,403.0,1.0,1995,9,113,False
8,HK,0.9806451612903225,1,5,A6,153,654.0,0.9934640522875817,1995,9,152,False
22,HK,0.5625,3,25,A6,21,85.0,0.8571428571428571,1995,9,18,False
19,HK,0.0,2,8,A6,2,6.0,0.0,1995,9,0,True
17,HK,0.47058823529411764,1,8,A6,5,23.0,0.8,1995,9,4,False
18,HK,0.4,22,11,A6,33,127.0,0.3333333333333333,1995,9,11,False
6,HK,0.0,1,3,A6,1,6.0,0.0,1995,9,0,True
20,HK,0.46464646464646464,43,10,A6,66,288.0,0.3484848484848485,1995,9,23,False
0,HK,0.5,2,8,A6,7,25.0,0.7142857142857143,1995,9,5,False
3,HK,1.0,0,0,A6,157,644.0,1.0,1995,9,157,False
11,HK,0.6534653465346535,28,7,A6,61,261.0,0.5409836065573771,1995,9,33,False
9,HK,0.9693251533742331,6,4,A7,164,635.0,0.9634146341463414,1995,9,158,False
13,HK,0.9250814332247557,18,5,A7,160,662.0,0.8875,1995,9,142,False
16,HK,0.24,5,14,A7,8,34.0,0.375,1995,9,3,False
14,HK,0.9137931034482759,7,3,A7,60,252.0,0.8833333333333333,1995,9,53,False
15,HK,0.9959183673469387,1,0,A7,123,488.0,0.991869918699187,1995,9,122,False
5,HK,0.0,1,4,A7,1,3.0,0.0,1995,9,0,True
12,HK,0.7407407407407407,11,10,A7,41,167.0,0.7317073170731707,1995,9,30,False
1,HK,0.9777777777777777,3,2,A7,113,403.0,0.9734513274336283,1995,9,110,False
8,HK,0.9315960912052117,10,11,A7,153,654.0,0.934640522875817,1995,9,143,False
22,HK,0.5555555555555556,6,18,A7,21,85.0,0.7142857142857143,1995,9,15,False
19,HK,0.0,2,11,A7,2,6.0,0.0,1995,9,0,True
17,HK,0.2,2,22,A7,5,23.0,0.6,1995,9,3,False
18,HK,0.36666666666666664,22,16,A7,33,127.0,0.3333333333333333,1995,9,11,False
6,HK,0.0,1,10,A7,1,6.0,0.0,1995,9,0,True
20,HK,0.4423076923076923,43,15,A7,66,288.0,0.3484848484848485,1995,9,23,False
0,HK,0.3,4,10,A7,7,25.0,0.42857142857142855,1995,9,3,False
3,HK,0.9838187702265372,5,0,A7,157,644.0,0.9681528662420382,1995,9,152,False
11,HK,0.6140350877192983,26,18,A7,61,261.0,0.5737704918032787,1995,9,35,False
9,HK,0.9819277108433735,1,5,A8,164,635.0,0.9939024390243902,1995,9,163,False
13,HK,0.9745222929936306,7,1,A8,160,662.0,0.95625,1995,9,153,False
16,HK,0.2857142857142857,4,16,A8,8,34.0,0.5,1995,9,4,False
14,HK,0.957983193277311,3,2,A8,60,252.0,0.95,1995,9,57,False
15,HK,0.991869918699187,1,1,A8,123,488.0,0.991869918699187,1995,9,122,False
5,HK,0.0,1,1,A8,1,3.0,0.0,1995,9,0,True
12,HK,0.7294117647058823,10,13,A8,41,167.0,0.7560975609756098,1995,9,31,False
1,HK,0.9741379310344828,0,6,A8,113,403.0,1.0,1995,9,113,False
8,HK,0.9806451612903225,1,5,A8,153,654.0,0.9934640522875817,1995,9,152,False
22,HK,0.5625,3,25,A8,21,85.0,0.8571428571428571,1995,9,18,False
19,HK,0.0,2,7,A8,2,6.0,0.0,1995,9,0,True
17,HK,0.47058823529411764,1,8,A8,5,23.0,0.8,1995,9,4,False
18,HK,0.4,22,11,A8,33,127.0,0.3333333333333333,1995,9,11,False
6,HK,0.0,1,3,A8,1,6.0,0.0,1995,9,0,True
20,HK,0.48,42,10,A8,66,288.0,0.36363636363636365,1995,9,24,False
0,HK,0.5,2,8,A8,7,25.0,0.7142857142857143,1995,9,5,False
3,HK,1.0,0,0,A8,157,644.0,1.0,1995,9,157,False
11,HK,0.6534653465346535,28,7,A8,61,261.0,0.5409836065573771,1995,9,33,False
9,HK,0.9759036144578314,2,6,P,164,635.0,0.9878048780487805,1995,10,162,False
13,HK,0.9617834394904459,9,3,P,160,662.0,0.94375,1995,10,151,False
16,HK,0.3333333333333333,4,12,P,8,34.0,0.5,1995,10,4,False
14,HK,0.95,3,3,P,60,252.0,0.95,1995,10,57,False
15,HK,0.9878542510121457,1,2,P,123,488.0,0.991869918699187,1995,10,122,False
5,HK,0.0,1,3,P,1,3.0,0.0,1995,10,0,True
12,HK,0.7608695652173914,6,16,P,41,167.0,0.8536585365853658,1995,10,35,False
1,HK,0.9422222222222222,7,6,P,113,403.0,0.9380530973451328,1995,10,106,False
8,HK,0.9706840390879479,4,5,P,153,654.0,0.9738562091503268,1995,10,149,False
22,HK,0.5079365079365079,5,26,P,21,85.0,0.7619047619047619,1995,10,16,False
19,HK,0.0,2,9,P,2,6.0,0.0,1995,10,0,True
17,HK,0.3,2,12,P,5,23.0,0.6,1995,10,3,False
18,HK,0.39285714285714285,22,12,P,33,127.0,0.3333333333333333,1995,10,11,False
6,HK,0.0,1,2,P,1,6.0,0.0,1995,10,0,True
20,HK,0.3058823529411765,53,6,P,66,288.0,0.19696969696969696,1995,10,13,False
0,HK,0.45454545454545453,2,10,P,7,25.0,0.7142857142857143,1995,10,5,False
3,HK,0.9936305732484076,1,1,P,157,644.0,0.9936305732484076,1995,10,156,False
11,HK,0.6170212765957447,32,4,P,61,261.0,0.47540983606557374,1995,10,29,False
2,HK,0.9706666666666667,0,11,P,182,736.0,1.0,1995,10,182,False
21,HK,0.0,4,12,P,4,18.0,0.0,1995,10,0,True
9,HK,0.9759036144578314,2,6,A0,164,635.0,0.9878048780487805,1995,10,162,False
13,HK,0.9589905362776026,8,5,A0,160,662.0,0.95,1995,10,152,False
16,HK,0.3333333333333333,4,12,A0,8,34.0,0.5,1995,10,4,False
14,HK,0.9333333333333333,4,4,A0,60,252.0,0.9333333333333333,1995,10,56,False
15,HK,0.991869918699187,1,1,A0,123,488.0,0.991869918699187,1995,10,122,False
5,HK,0.0,1,3,A0,1,3.0,0.0,1995,10,0,True
12,HK,0.7555555555555555,7,15,A0,41,167.0,0.8292682926829268,1995,10,34,False
1,HK,0.9422222222222222,7,6,A0,113,403.0,0.9380530973451328,1995,10,106,False
8,HK,0.974025974025974,3,5,A0,153,654.0,0.9803921568627451,1995,10,150,False
22,HK,0.5423728813559322,5,22,A0,21,85.0,0.7619047619047619,1995,10,16,False
19,HK,0.0,2,7,A0,2,6.0,0.0,1995,10,0,True
17,HK,0.3157894736842105,2,11,A0,5,23.0,0.6,1995,10,3,False
18,HK,0.42857142857142855,21,11,A0,33,127.0,0.36363636363636365,1995,10,12,False
6,HK,0.0,1,4,A0,1,6.0,0.0,1995,10,0,True
20,HK,0.2857142857142857,54,6,A0,66,288.0,0.18181818181818182,1995,10,12,False
0,HK,0.43478260869565216,2,11,A0,7,25.0,0.7142857142857143,1995,10,5,False
3,HK,0.9904153354632588,2,1,A0,157,644.0,0.9872611464968153,1995,10,155,False
11,HK,0.6458333333333334,30,4,A0,61,261.0,0.5081967213114754,1995,10,31,False
2,HK,0.9680851063829787,0,12,A0,182,736.0,1.0,1995,10,182,False
21,HK,0.0,4,14,A0,4,18.0,0.0,1995,10,0,True
9,HK,0.9787234042553191,3,4,A1,164,635.0,0.9817073170731707,1995,10,161,False
13,HK,0.9622641509433962,7,5,A1,160,662.0,0.95625,1995,10,153,False
16,HK,0.3225806451612903,3,18,A1,8,34.0,0.625,1995,10,5,False
14,HK,0.8620689655172413,10,6,A1,60,252.0,0.8333333333333334,1995,10,50,False
15,HK,0.968503937007874,0,8,A1,123,488.0,1.0,1995,10,123,False
5,HK,0.0,1,6,A1,1,3.0,0.0,1995,10,0,True
12,HK,0.7294117647058823,10,13,A1,41,167.0,0.7560975609756098,1995,10,31,False
1,HK,0.8789237668161435,15,12,A1,113,403.0,0.8672566371681416,1995,10,98,False
8,HK,0.9487179487179487,5,11,A1,153,654.0,0.9673202614379085,1995,10,148,False
22,HK,0.6415094339622641,4,15,A1,21,85.0,0.8095238095238095,1995,10,17,False
19,HK,0.0,2,11,A1,2,6.0,0.0,1995,10,0,True
17,HK,0.16666666666666666,2,28,A1,5,23.0,0.6,1995,10,3,False
18,HK,0.23255813953488372,28,5,A1,33,127.0,0.15151515151515152,1995,10,5,False
6,HK,0.0,1,6,A1,1,6.0,0.0,1995,10,0,True
20,HK,0.16,60,3,A1,66,288.0,0.09090909090909091,1995,10,6,False
0,HK,0.17391304347826086,5,14,A1,7,25.0,0.2857142857142857,1995,10,2,False
3,HK,0.9905362776025236,0,3,A1,157,644.0,1.0,1995,10,157,False
11,HK,0.5319148936170213,36,8,A1,61,261.0,0.4098360655737705,1995,10,25,False
2,HK,0.944,5,16,A1,182,736.0,0.9725274725274725,1995,10,177,False
21,HK,0.0,4,9,A1,4,18.0,0.0,1995,10,0,True
9,HK,0.9819277108433735,1,5,A2,164,635.0,0.9939024390243902,1995,10,163,False
13,HK,0.9745222929936306,7,1,A2,160,662.0,0.95625,1995,10,153,False
16,HK,0.2857142857142857,4,16,A2,8,34.0,0.5,1995,10,4,False
14,HK,0.95,3,3,A2,60,252.0,0.95,1995,10,57,False
15,HK,0.991869918699187,1,1,A2,123,488.0,0.991869918699187,1995,10,122,False
5,HK,0.0,1,2,A2,1,3.0,0.0,1995,10,0,True
12,HK,0.7294117647058823,10,13,A2,41,167.0,0.7560975609756098,1995,10,31,False
1,HK,0.9237668161434978,10,7,A2,113,403.0,0.911504424778761,1995,10,103,False
8,HK,0.9773462783171522,2,5,A2,153,654.0,0.9869281045751634,1995,10,151,False
22,HK,0.576271186440678,4,21,A2,21,85.0,0.8095238095238095,1995,10,17,False
19,HK,0.0,2,11,A2,2,6.0,0.0,1995,10,0,True
17,HK,0.4,1,11,A2,5,23.0,0.8,1995,10,4,False
18,HK,0.4444444444444444,21,9,A2,33,127.0,0.36363636363636365,1995,10,12,False
6,HK,0.0,1,2,A2,1,6.0,0.0,1995,10,0,True
20,HK,0.3448275862068966,51,6,A2,66,288.0,0.22727272727272727,1995,10,15,False
0,HK,0.5,2,8,A2,7,25.0,0.7142857142857143,1995,10,5,False
3,HK,0.9968253968253968,0,1,A2,157,644.0,1.0,1995,10,157,False
11,HK,0.66,28,6,A2,61,261.0,0.5409836065573771,1995,10,33,False
2,HK,0.9602122015915119,1,14,A2,182,736.0,0.9945054945054945,1995,10,181,False
21,HK,0.0,4,12,A2,4,18.0,0.0,1995,10,0,True
9,HK,0.9819277108433735,1,5,A3,164,635.0,0.9939024390243902,1995,10,163,False
13,HK,0.9683544303797469,7,3,A3,160,662.0,0.95625,1995,10,153,False
16,HK,0.3076923076923077,4,14,A3,8,34.0,0.5,1995,10,4,False
14,HK,0.9508196721311475,2,4,A3,60,252.0,0.9666666666666667,1995,10,58,False
15,HK,0.991869918699187,1,1,A3,123,488.0,0.991869918699187,1995,10,122,False
5,HK,0.0,1,2,A3,1,3.0,0.0,1995,10,0,True
12,HK,0.7380952380952381,10,12,A3,41,167.0,0.7560975609756098,1995,10,31,False
1,HK,0.9417040358744395,8,5,A3,113,403.0,0.9292035398230089,1995,10,105,False
8,HK,0.9773462783171522,2,5,A3,153,654.0,0.9869281045751634,1995,10,151,False
22,HK,0.5423728813559322,5,22,A3,21,85.0,0.7619047619047619,1995,10,16,False
19,HK,0.0,2,12,A3,2,6.0,0.0,1995,10,0,True
17,HK,0.4166666666666667,0,14,A3,5,23.0,1.0,1995,10,5,False
18,HK,0.4528301886792453,21,8,A3,33,127.0,0.36363636363636365,1995,10,12,False
6,HK,0.0,1,2,A3,1,6.0,0.0,1995,10,0,True
20,HK,0.26506024096385544,55,6,A3,66,288.0,0.16666666666666666,1995,10,11,False
0,HK,0.5555555555555556,2,6,A3,7,25.0,0.7142857142857143,1995,10,5,False
3,HK,0.9903536977491961,3,0,A3,157,644.0,0.9808917197452229,1995,10,154,False
11,HK,0.7047619047619048,24,7,A3,61,261.0,0.6065573770491803,1995,10,37,False
2,HK,0.9705093833780161,1,10,A3,182,736.0,0.9945054945054945,1995,10,181,False
21,HK,0.0,4,16,A3,4,18.0,0.0,1995,10,0,True
9,HK,0.9819277108433735,1,5,A3s,164,635.0,0.9939024390243902,1995,10,163,False
13,HK,0.9745222929936306,7,1,A3s,160,662.0,0.95625,1995,10,153,False
16,HK,0.2962962962962963,4,15,A3s,8,34.0,0.5,1995,10,4,False
14,HK,0.9421487603305785,3,4,A3s,60,252.0,0.95,1995,10,57,False
15,HK,0.991869918699187,1,1,A3s,123,488.0,0.991869918699187,1995,10,122,False
5,HK,0.0,1,2,A3s,1,3.0,0.0,1995,10,0,True
12,HK,0.7294117647058823,10,13,A3s,41,167.0,0.7560975609756098,1995,10,31,False
1,HK,0.9279279279279279,10,6,A3s,113,403.0,0.911504424778761,1995,10,103,False
8,HK,0.9773462783171522,2,5,A3s,153,654.0,0.9869281045751634,1995,10,151,False
22,HK,0.5666666666666667,4,22,A3s,21,85.0,0.8095238095238095,1995,10,17,False
19,HK,0.0,2,11,A3s,2,6.0,0.0,1995,10,0,True
17,HK,0.38095238095238093,1,12,A3s,5,23.0,0.8,1995,10,4,False
18,HK,0.4642857142857143,20,10,A3s,33,127.0,0.3939393939393939,1995,10,13,False
6,HK,0.0,1,2,A3s,1,6.0,0.0,1995,10,0,True
20,HK,0.3488372093023256,51,5,A3s,66,288.0,0.22727272727272727,1995,10,15,False
0,HK,0.5263157894736842,2,7,A3s,7,25.0,0.7142857142857143,1995,10,5,False
3,HK,0.9968051118210862,1,0,A3s,157,644.0,0.9936305732484076,1995,10,156,False
11,HK,0.6666666666666666,27,7,A3s,61,261.0,0.5573770491803278,1995,10,34,False
2,HK,0.9627659574468085,1,13,A3s,182,736.0,0.9945054945054945,1995,10,181,False
21,HK,0.0,4,12,A3s,4,18.0,0.0,1995,10,0,True
9,HK,0.9819277108433735,1,5,A4,164,635.0,0.9939024390243902,1995,10,163,False
13,HK,0.9745222929936306,7,1,A4,160,662.0,0.95625,1995,10,153,False
16,HK,0.2857142857142857,4,16,A4,8,34.0,0.5,1995,10,4,False
14,HK,0.95,3,3,A4,60,252.0,0.95,1995,10,57,False
15,HK,0.991869918699187,1,1,A4,123,488.0,0.991869918699187,1995,10,122,False
5,HK,0.0,1,2,A4,1,3.0,0.0,1995,10,0,True
12,HK,0.7294117647058823,10,13,A4,41,167.0,0.7560975609756098,1995,10,31,False
1,HK,0.9237668161434978,10,7,A4,113,403.0,0.911504424778761,1995,10,103,False
8,HK,0.9773462783171522,2,5,A4,153,654.0,0.9869281045751634,1995,10,151,False
22,HK,0.576271186440678,4,21,A4,21,85.0,0.8095238095238095,1995,10,17,False
19,HK,0.0,2,11,A4,2,6.0,0.0,1995,10,0,True
17,HK,0.4,1,11,A4,5,23.0,0.8,1995,10,4,False
18,HK,0.4444444444444444,21,9,A4,33,127.0,0.36363636363636365,1995,10,12,False
6,HK,0.0,1,2,A4,1,6.0,0.0,1995,10,0,True
20,HK,0.3448275862068966,51,6,A4,66,288.0,0.22727272727272727,1995,10,15,False
0,HK,0.5,2,8,A4,7,25.0,0.7142857142857143,1995,10,5,False
3,HK,0.9968253968253968,0,1,A4,157,644.0,1.0,1995,10,157,False
11,HK,0.66,28,6,A4,61,261.0,0.5409836065573771,1995,10,33,False
2,HK,0.9602122015915119,1,14,A4,182,736.0,0.9945054945054945,1995,10,181,False
21,HK,0.0,4,12,A4,4,18.0,0.0,1995,10,0,True
9,HK,0.9819277108433735,1,5,A5,164,635.0,0.9939024390243902,1995,10,163,False
13,HK,0.9745222929936306,7,1,A5,160,662.0,0.95625,1995,10,153,False
16,HK,0.2857142857142857,4,16,A5,8,34.0,0.5,1995,10,4,False
14,HK,0.95,3,3,A5,60,252.0,0.95,1995,10,57,False
15,HK,0.991869918699187,1,1,A5,123,488.0,0.991869918699187,1995,10,122,False
5,HK,0.0,1,3,A5,1,3.0,0.0,1995,10,0,True
12,HK,0.7294117647058823,10,13,A5,41,167.0,0.7560975609756098,1995,10,31,False
1,HK,0.9237668161434978,10,7,A5,113,403.0,0.911504424778761,1995,10,103,False
8,HK,0.9741935483870968,2,6,A5,153,654.0,0.9869281045751634,1995,10,151,False
22,HK,0.5862068965517241,4,20,A5,21,85.0,0.8095238095238095,1995,10,17,False
19,HK,0.0,2,12,A5,2,6.0,0.0,1995,10,0,True
17,HK,0.4,1,11,A5,5,23.0,0.8,1995,10,4,False
18,HK,0.4230769230769231,22,8,A5,33,127.0,0.3333333333333333,1995,10,11,False
6,HK,0.0,1,2,A5,1,6.0,0.0,1995,10,0,True
20,HK,0.36363636363636365,50,6,A5,66,288.0,0.24242424242424243,1995,10,16,False
0,HK,0.5263157894736842,2,7,A5,7,25.0,0.7142857142857143,1995,10,5,False
3,HK,1.0,0,0,A5,157,644.0,1.0,1995,10,157,False
11,HK,0.6534653465346535,28,7,A5,61,261.0,0.5409836065573771,1995,10,33,False
2,HK,0.9602122015915119,1,14,A5,182,736.0,0.9945054945054945,1995,10,181,False
21,HK,0.0,4,12,A5,4,18.0,0.0,1995,10,0,True
9,HK,0.9819277108433735,1,5,A6,164,635.0,0.9939024390243902,1995,10,163,False
13,HK,0.9745222929936306,7,1,A6,160,662.0,0.95625,1995,10,153,False
16,HK,0.2857142857142857,4,16,A6,8,34.0,0.5,1995,10,4,False
14,HK,0.95,3,3,A6,60,252.0,0.95,1995,10,57,False
15,HK,0.991869918699187,1,1,A6,123,488.0,0.991869918699187,1995,10,122,False
5,HK,0.0,1,2,A6,1,3.0,0.0,1995,10,0,True
12,HK,0.7294117647058823,10,13,A6,41,167.0,0.7560975609756098,1995,10,31,False
1,HK,0.9237668161434978,10,7,A6,113,403.0,0.911504424778761,1995,10,103,False
8,HK,0.9773462783171522,2,5,A6,153,654.0,0.9869281045751634,1995,10,151,False
22,HK,0.576271186440678,4,21,A6,21,85.0,0.8095238095238095,1995,10,17,False
19,HK,0.0,2,11,A6,2,6.0,0.0,1995,10,0,True
17,HK,0.4,1,11,A6,5,23.0,0.8,1995,10,4,False
18,HK,0.4444444444444444,21,9,A6,33,127.0,0.36363636363636365,1995,10,12,False
6,HK,0.0,1,2,A6,1,6.0,0.0,1995,10,0,True
20,HK,0.3448275862068966,51,6,A6,66,288.0,0.22727272727272727,1995,10,15,False
0,HK,0.5,2,8,A6,7,25.0,0.7142857142857143,1995,10,5,False
3,HK,0.9968253968253968,0,1,A6,157,644.0,1.0,1995,10,157,False
11,HK,0.66,28,6,A6,61,261.0,0.5409836065573771,1995,10,33,False
2,HK,0.9602122015915119,1,14,A6,182,736.0,0.9945054945054945,1995,10,181,False
21,HK,0.0,4,12,A6,4,18.0,0.0,1995,10,0,True
9,HK,0.9693251533742331,6,4,A7,164,635.0,0.9634146341463414,1995,10,158,False
13,HK,0.9250814332247557,18,5,A7,160,662.0,0.8875,1995,10,142,False
16,HK,0.24,5,14,A7,8,34.0,0.375,1995,10,3,False
14,HK,0.9137931034482759,7,3,A7,60,252.0,0.8833333333333333,1995,10,53,False
15,HK,0.9959183673469387,1,0,A7,123,488.0,0.991869918699187,1995,10,122,False
5,HK,0.0,1,4,A7,1,3.0,0.0,1995,10,0,True
12,HK,0.7407407407407407,11,10,A7,41,167.0,0.7317073170731707,1995,10,30,False
1,HK,0.9124423963133641,14,5,A7,113,403.0,0.8761061946902655,1995,10,99,False
8,HK,0.9315960912052117,10,11,A7,153,654.0,0.934640522875817,1995,10,143,False
22,HK,0.5098039215686274,8,17,A7,21,85.0,0.6190476190476191,1995,10,13,False
19,HK,0.0,2,11,A7,2,6.0,0.0,1995,10,0,True
17,HK,0.2,2,22,A7,5,23.0,0.6,1995,10,3,False
18,HK,0.36666666666666664,22,16,A7,33,127.0,0.3333333333333333,1995,10,11,False
6,HK,0.0,1,10,A7,1,6.0,0.0,1995,10,0,True
20,HK,0.35051546391752575,49,14,A7,66,288.0,0.25757575757575757,1995,10,17,False
0,HK,0.3,4,10,A7,7,25.0,0.42857142857142855,1995,10,3,False
3,HK,0.9805194805194806,6,0,A7,157,644.0,0.9617834394904459,1995,10,151,False
11,HK,0.6140350877192983,26,18,A7,61,261.0,0.5737704918032787,1995,10,35,False
2,HK,0.9597855227882037,3,12,A7,182,736.0,0.9835164835164835,1995,10,179,False
21,HK,0.0,4,14,A7,4,18.0,0.0,1995,10,0,True
9,HK,0.9819277108433735,1,5,A8,164,635.0,0.9939024390243902,1995,10,163,False
13,HK,0.9745222929936306,7,1,A8,160,662.0,0.95625,1995,10,153,False
16,HK,0.2857142857142857,4,16,A8,8,34.0,0.5,1995,10,4,False
14,HK,0.9421487603305785,3,4,A8,60,252.0,0.95,1995,10,57,False
15,HK,0.991869918699187,1,1,A8,123,488.0,0.991869918699187,1995,10,122,False
5,HK,0.0,1,2,A8,1,3.0,0.0,1995,10,0,True
12,HK,0.7294117647058823,10,13,A8,41,167.0,0.7560975609756098,1995,10,31,False
1,HK,0.9237668161434978,10,7,A8,113,403.0,0.911504424778761,1995,10,103,False
8,HK,0.9773462783171522,2,5,A8,153,654.0,0.9869281045751634,1995,10,151,False
22,HK,0.576271186440678,4,21,A8,21,85.0,0.8095238095238095,1995,10,17,False
19,HK,0.0,2,10,A8,2,6.0,0.0,1995,10,0,True
17,HK,0.4,1,11,A8,5,23.0,0.8,1995,10,4,False
18,HK,0.4444444444444444,21,9,A8,33,127.0,0.36363636363636365,1995,10,12,False
6,HK,0.0,1,2,A8,1,6.0,0.0,1995,10,0,True
20,HK,0.367816091954023,50,5,A8,66,288.0,0.24242424242424243,1995,10,16,False
0,HK,0.5,2,8,A8,7,25.0,0.7142857142857143,1995,10,5,False
3,HK,0.9968253968253968,0,1,A8,157,644.0,1.0,1995,10,157,False
11,HK,0.66,28,6,A8,61,261.0,0.5409836065573771,1995,10,33,False
2,HK,0.9627659574468085,1,13,A8,182,736.0,0.9945054945054945,1995,10,181,False
21,HK,0.0,4,13,A8,4,18.0,0.0,1995,10,0,True
9,HK,0.9700598802395209,2,8,P,164,635.0,0.9878048780487805,1995,11,162,False
13,HK,0.9556962025316456,9,5,P,160,662.0,0.94375,1995,11,151,False
16,HK,0.25,5,13,P,8,34.0,0.375,1995,11,3,False
14,HK,0.9230769230769231,6,3,P,60,252.0,0.9,1995,11,54,False
15,HK,0.9878542510121457,1,2,P,123,488.0,0.991869918699187,1995,11,122,False
5,HK,0.0,1,5,P,1,3.0,0.0,1995,11,0,True
12,HK,0.7083333333333334,7,21,P,41,167.0,0.8292682926829268,1995,11,34,False
1,HK,0.9553571428571429,6,4,P,113,403.0,0.9469026548672567,1995,11,107,False
8,HK,0.9706840390879479,4,5,P,153,654.0,0.9738562091503268,1995,11,149,False
22,HK,0.5245901639344263,5,24,P,21,85.0,0.7619047619047619,1995,11,16,False
19,HK,0.0,2,9,P,2,6.0,0.0,1995,11,0,True
17,HK,0.3,2,12,P,5,23.0,0.6,1995,11,3,False
18,HK,0.39285714285714285,22,12,P,33,127.0,0.3333333333333333,1995,11,11,False
6,HK,0.0,1,4,P,1,6.0,0.0,1995,11,0,True
20,HK,0.26506024096385544,55,6,P,66,288.0,0.16666666666666666,1995,11,11,False
0,HK,0.30303030303030304,2,21,P,7,25.0,0.7142857142857143,1995,11,5,False
3,HK,0.8403908794788274,28,21,P,157,644.0,0.821656050955414,1995,11,129,False
11,HK,0.32558139534883723,47,11,P,61,261.0,0.22950819672131148,1995,11,14,False
2,HK,0.8746355685131195,32,11,P,182,736.0,0.8241758241758241,1995,11,150,False
21,HK,0.0,4,14,P,4,18.0,0.0,1995,11,0,True
4,HK,0.8571428571428571,21,27,P,165,626.0,0.8727272727272727,1995,11,144,False
10,HK,0.8137931034482758,32,22,P,150,595.0,0.7866666666666666,1995,11,118,False
7,HK,0.5526315789473685,0,34,P,21,83.0,1.0,1995,11,21,False
9,HK,0.9700598802395209,2,8,A0,164,635.0,0.9878048780487805,1995,11,162,False
13,HK,0.9589905362776026,8,5,A0,160,662.0,0.95,1995,11,152,False
16,HK,0.1935483870967742,5,20,A0,8,34.0,0.375,1995,11,3,False
14,HK,0.9333333333333333,4,4,A0,60,252.0,0.9333333333333333,1995,11,56,False
15,HK,0.9878542510121457,1,2,A0,123,488.0,0.991869918699187,1995,11,122,False
5,HK,0.0,1,4,A0,1,3.0,0.0,1995,11,0,True
12,HK,0.7010309278350515,7,22,A0,41,167.0,0.8292682926829268,1995,11,34,False
1,HK,0.9506726457399103,7,4,A0,113,403.0,0.9380530973451328,1995,11,106,False
8,HK,0.9771986970684039,3,4,A0,153,654.0,0.9803921568627451,1995,11,150,False
22,HK,0.5614035087719298,5,20,A0,21,85.0,0.7619047619047619,1995,11,16,False
19,HK,0.0,2,8,A0,2,6.0,0.0,1995,11,0,True
17,HK,0.3157894736842105,2,11,A0,5,23.0,0.6,1995,11,3,False
18,HK,0.45614035087719296,20,11,A0,33,127.0,0.3939393939393939,1995,11,13,False
6,HK,0.0,1,5,A0,1,6.0,0.0,1995,11,0,True
20,HK,0.2857142857142857,54,6,A0,66,288.0,0.18181818181818182,1995,11,12,False
0,HK,0.30303030303030304,2,21,A0,7,25.0,0.7142857142857143,1995,11,5,False
3,HK,0.8327868852459016,30,21,A0,157,644.0,0.8089171974522293,1995,11,127,False
11,HK,0.2988505747126437,48,13,A0,61,261.0,0.21311475409836064,1995,11,13,False
2,HK,0.8746355685131195,32,11,A0,182,736.0,0.8241758241758241,1995,11,150,False
21,HK,0.0,4,16,A0,4,18.0,0.0,1995,11,0,True
4,HK,0.8520710059171598,21,29,A0,165,626.0,0.8727272727272727,1995,11,144,False
10,HK,0.7943262411347518,38,20,A0,150,595.0,0.7466666666666667,1995,11,112,False
7,HK,0.5675675675675675,0,32,A0,21,83.0,1.0,1995,11,21,False
9,HK,0.9583333333333334,3,11,A1,164,635.0,0.9817073170731707,1995,11,161,False
13,HK,0.9622641509433962,7,5,A1,160,662.0,0.95625,1995,11,153,False
16,HK,0.29411764705882354,3,21,A1,8,34.0,0.625,1995,11,5,False
14,HK,0.8448275862068966,11,7,A1,60,252.0,0.8166666666666667,1995,11,49,False
15,HK,0.9609375,0,10,A1,123,488.0,1.0,1995,11,123,False
5,HK,0.0,1,9,A1,1,3.0,0.0,1995,11,0,True
12,HK,0.6966292134831461,10,17,A1,41,167.0,0.7560975609756098,1995,11,31,False
1,HK,0.8930232558139535,17,6,A1,113,403.0,0.8495575221238938,1995,11,96,False
8,HK,0.9396825396825397,5,14,A1,153,654.0,0.9673202614379085,1995,11,148,False
22,HK,0.6181818181818182,4,17,A1,21,85.0,0.8095238095238095,1995,11,17,False
19,HK,0.0,2,10,A1,2,6.0,0.0,1995,11,0,True
17,HK,0.16666666666666666,2,28,A1,5,23.0,0.6,1995,11,3,False
18,HK,0.23255813953488372,28,5,A1,33,127.0,0.15151515151515152,1995,11,5,False
6,HK,0.0,1,7,A1,1,6.0,0.0,1995,11,0,True
20,HK,0.13513513513513514,61,3,A1,66,288.0,0.07575757575757576,1995,11,5,False
0,HK,0.17142857142857143,4,25,A1,7,25.0,0.42857142857142855,1995,11,3,False
3,HK,0.7973421926910299,37,24,A1,157,644.0,0.7643312101910829,1995,11,120,False
11,HK,0.2702702702702703,51,3,A1,61,261.0,0.16393442622950818,1995,11,10,False
2,HK,0.8554913294797688,34,16,A1,182,736.0,0.8131868131868132,1995,11,148,False
21,HK,0.0,4,10,A1,4,18.0,0.0,1995,11,0,True
4,HK,0.8224852071005917,26,34,A1,165,626.0,0.8424242424242424,1995,11,139,False
10,HK,0.8027210884353742,32,26,A1,150,595.0,0.7866666666666666,1995,11,118,False
7,HK,0.5454545454545454,0,35,A1,21,83.0,1.0,1995,11,21,False
9,HK,0.9731343283582089,1,8,A2,164,635.0,0.9939024390243902,1995,11,163,False
13,HK,0.9714285714285714,7,2,A2,160,662.0,0.95625,1995,11,153,False
16,HK,0.14285714285714285,6,18,A2,8,34.0,0.25,1995,11,2,False
14,HK,0.9666666666666667,2,2,A2,60,252.0,0.9666666666666667,1995,11,58,False
15,HK,0.9878542510121457,1,2,A2,123,488.0,0.991869918699187,1995,11,122,False
5,HK,0.0,1,2,A2,1,3.0,0.0,1995,11,0,True
12,HK,0.7032967032967034,9,18,A2,41,167.0,0.7804878048780488,1995,11,32,False
1,HK,0.9369369369369369,9,5,A2,113,403.0,0.9203539823008849,1995,11,104,False
8,HK,0.9710610932475884,2,7,A2,153,654.0,0.9869281045751634,1995,11,151,False
22,HK,0.5423728813559322,5,22,A2,21,85.0,0.7619047619047619,1995,11,16,False
19,HK,0.0,2,12,A2,2,6.0,0.0,1995,11,0,True
17,HK,0.38095238095238093,1,12,A2,5,23.0,0.8,1995,11,4,False
18,HK,0.46153846153846156,21,7,A2,33,127.0,0.36363636363636365,1995,11,12,False
6,HK,0.0,1,2,A2,1,6.0,0.0,1995,11,0,True
20,HK,0.30952380952380953,53,5,A2,66,288.0,0.19696969696969696,1995,11,13,False
0,HK,0.29411764705882354,2,22,A2,7,25.0,0.7142857142857143,1995,11,5,False
3,HK,0.8316831683168316,31,20,A2,157,644.0,0.802547770700637,1995,11,126,False
11,HK,0.37362637362637363,44,13,A2,61,261.0,0.2786885245901639,1995,11,17,False
2,HK,0.8760806916426513,30,13,A2,182,736.0,0.8351648351648352,1995,11,152,False
21,HK,0.0,4,16,A2,4,18.0,0.0,1995,11,0,True
4,HK,0.8495575221238938,21,30,A2,165,626.0,0.8727272727272727,1995,11,144,False
10,HK,0.7902097902097902,37,23,A2,150,595.0,0.7533333333333333,1995,11,113,False
7,HK,0.5915492957746479,0,29,A2,21,83.0,1.0,1995,11,21,False
9,HK,0.9731343283582089,1,8,A3,164,635.0,0.9939024390243902,1995,11,163,False
13,HK,0.9683544303797469,7,3,A3,160,662.0,0.95625,1995,11,153,False
16,HK,0.14814814814814814,6,17,A3,8,34.0,0.25,1995,11,2,False
14,HK,0.9586776859504132,2,3,A3,60,252.0,0.9666666666666667,1995,11,58,False
15,HK,0.9878542510121457,1,2,A3,123,488.0,0.991869918699187,1995,11,122,False
5,HK,0.0,1,2,A3,1,3.0,0.0,1995,11,0,True
12,HK,0.7272727272727273,9,15,A3,41,167.0,0.7804878048780488,1995,11,32,False
1,HK,0.9502262443438914,8,3,A3,113,403.0,0.9292035398230089,1995,11,105,False
8,HK,0.9587301587301588,2,11,A3,153,654.0,0.9869281045751634,1995,11,151,False
22,HK,0.5423728813559322,5,22,A3,21,85.0,0.7619047619047619,1995,11,16,False
19,HK,0.0,2,13,A3,2,6.0,0.0,1995,11,0,True
17,HK,0.38461538461538464,0,16,A3,5,23.0,1.0,1995,11,5,False
18,HK,0.4,23,7,A3,33,127.0,0.30303030303030304,1995,11,10,False
6,HK,0.0,1,2,A3,1,6.0,0.0,1995,11,0,True
20,HK,0.24390243902439024,56,6,A3,66,288.0,0.15151515151515152,1995,11,10,False
0,HK,0.30303030303030304,2,21,A3,7,25.0,0.7142857142857143,1995,11,5,False
3,HK,0.795774647887324,44,14,A3,157,644.0,0.7197452229299363,1995,11,113,False
11,HK,0.44036697247706424,37,24,A3,61,261.0,0.39344262295081966,1995,11,24,False
2,HK,0.8713450292397661,33,11,A3,182,736.0,0.8186813186813187,1995,11,149,False
21,HK,0.0,4,16,A3,4,18.0,0.0,1995,11,0,True
4,HK,0.8441926345609065,16,39,A3,165,626.0,0.9030303030303031,1995,11,149,False
10,HK,0.7720588235294118,45,17,A3,150,595.0,0.7,1995,11,105,False
7,HK,0.56,0,33,A3,21,83.0,1.0,1995,11,21,False
9,HK,0.9731343283582089,1,8,A3s,164,635.0,0.9939024390243902,1995,11,163,False
13,HK,0.9714285714285714,7,2,A3s,160,662.0,0.95625,1995,11,153,False
16,HK,0.13793103448275862,6,19,A3s,8,34.0,0.25,1995,11,2,False
14,HK,0.9586776859504132,2,3,A3s,60,252.0,0.9666666666666667,1995,11,58,False
15,HK,0.9838709677419355,1,3,A3s,123,488.0,0.991869918699187,1995,11,122,False
5,HK,0.0,1,2,A3s,1,3.0,0.0,1995,11,0,True
12,HK,0.7032967032967034,9,18,A3s,41,167.0,0.7804878048780488,1995,11,32,False
1,HK,0.9411764705882353,9,4,A3s,113,403.0,0.9203539823008849,1995,11,104,False
8,HK,0.967948717948718,2,8,A3s,153,654.0,0.9869281045751634,1995,11,151,False
22,HK,0.5333333333333333,5,23,A3s,21,85.0,0.7619047619047619,1995,11,16,False
19,HK,0.0,2,12,A3s,2,6.0,0.0,1995,11,0,True
17,HK,0.36363636363636365,1,13,A3s,5,23.0,0.8,1995,11,4,False
18,HK,0.43137254901960786,22,7,A3s,33,127.0,0.3333333333333333,1995,11,11,False
6,HK,0.0,1,2,A3s,1,6.0,0.0,1995,11,0,True
20,HK,0.2891566265060241,54,5,A3s,66,288.0,0.18181818181818182,1995,11,12,False
0,HK,0.29411764705882354,2,22,A3s,7,25.0,0.7142857142857143,1995,11,5,False
3,HK,0.822742474916388,34,19,A3s,157,644.0,0.7834394904458599,1995,11,123,False
11,HK,0.37894736842105264,43,16,A3s,61,261.0,0.29508196721311475,1995,11,18,False
2,HK,0.8786127167630058,30,12,A3s,182,736.0,0.8351648351648352,1995,11,152,False
21,HK,0.0,4,16,A3s,4,18.0,0.0,1995,11,0,True
4,HK,0.8454810495626822,20,33,A3s,165,626.0,0.8787878787878788,1995,11,145,False
10,HK,0.7785714285714286,41,21,A3s,150,595.0,0.7266666666666667,1995,11,109,False
7,HK,0.5915492957746479,0,29,A3s,21,83.0,1.0,1995,11,21,False
9,HK,0.9731343283582089,1,8,A4,164,635.0,0.9939024390243902,1995,11,163,False
13,HK,0.9714285714285714,7,2,A4,160,662.0,0.95625,1995,11,153,False
16,HK,0.14285714285714285,6,18,A4,8,34.0,0.25,1995,11,2,False
14,HK,0.9666666666666667,2,2,A4,60,252.0,0.9666666666666667,1995,11,58,False
15,HK,0.9878542510121457,1,2,A4,123,488.0,0.991869918699187,1995,11,122,False
5,HK,0.0,1,2,A4,1,3.0,0.0,1995,11,0,True
12,HK,0.7032967032967034,9,18,A4,41,167.0,0.7804878048780488,1995,11,32,False
1,HK,0.9369369369369369,9,5,A4,113,403.0,0.9203539823008849,1995,11,104,False
8,HK,0.9710610932475884,2,7,A4,153,654.0,0.9869281045751634,1995,11,151,False
22,HK,0.5423728813559322,5,22,A4,21,85.0,0.7619047619047619,1995,11,16,False
19,HK,0.0,2,12,A4,2,6.0,0.0,1995,11,0,True
17,HK,0.38095238095238093,1,12,A4,5,23.0,0.8,1995,11,4,False
18,HK,0.46153846153846156,21,7,A4,33,127.0,0.36363636363636365,1995,11,12,False
6,HK,0.0,1,2,A4,1,6.0,0.0,1995,11,0,True
20,HK,0.30952380952380953,53,5,A4,66,288.0,0.19696969696969696,1995,11,13,False
0,HK,0.29411764705882354,2,22,A4,7,25.0,0.7142857142857143,1995,11,5,False
3,HK,0.8316831683168316,31,20,A4,157,644.0,0.802547770700637,1995,11,126,False
11,HK,0.37362637362637363,44,13,A4,61,261.0,0.2786885245901639,1995,11,17,False
2,HK,0.8760806916426513,30,13,A4,182,736.0,0.8351648351648352,1995,11,152,False
21,HK,0.0,4,16,A4,4,18.0,0.0,1995,11,0,True
4,HK,0.8495575221238938,21,30,A4,165,626.0,0.8727272727272727,1995,11,144,False
10,HK,0.7902097902097902,37,23,A4,150,595.0,0.7533333333333333,1995,11,113,False
7,HK,0.5915492957746479,0,29,A4,21,83.0,1.0,1995,11,21,False
9,HK,0.9731343283582089,1,8,A5,164,635.0,0.9939024390243902,1995,11,163,False
13,HK,0.9714285714285714,7,2,A5,160,662.0,0.95625,1995,11,153,False
16,HK,0.14285714285714285,6,18,A5,8,34.0,0.25,1995,11,2,False
14,HK,0.957983193277311,3,2,A5,60,252.0,0.95,1995,11,57,False
15,HK,0.9838709677419355,1,3,A5,123,488.0,0.991869918699187,1995,11,122,False
5,HK,0.0,1,3,A5,1,3.0,0.0,1995,11,0,True
12,HK,0.7032967032967034,9,18,A5,41,167.0,0.7804878048780488,1995,11,32,False
1,HK,0.9327354260089686,9,6,A5,113,403.0,0.9203539823008849,1995,11,104,False
8,HK,0.9710610932475884,2,7,A5,153,654.0,0.9869281045751634,1995,11,151,False
22,HK,0.5423728813559322,5,22,A5,21,85.0,0.7619047619047619,1995,11,16,False
19,HK,0.0,2,12,A5,2,6.0,0.0,1995,11,0,True
17,HK,0.38095238095238093,1,12,A5,5,23.0,0.8,1995,11,4,False
18,HK,0.46153846153846156,21,7,A5,33,127.0,0.36363636363636365,1995,11,12,False
6,HK,0.0,1,2,A5,1,6.0,0.0,1995,11,0,True
20,HK,0.32941176470588235,52,5,A5,66,288.0,0.21212121212121213,1995,11,14,False
0,HK,0.30303030303030304,2,21,A5,7,25.0,0.7142857142857143,1995,11,5,False
3,HK,0.8316831683168316,31,20,A5,157,644.0,0.802547770700637,1995,11,126,False
11,HK,0.37362637362637363,44,13,A5,61,261.0,0.2786885245901639,1995,11,17,False
2,HK,0.8728323699421965,31,13,A5,182,736.0,0.8296703296703297,1995,11,151,False
21,HK,0.0,4,14,A5,4,18.0,0.0,1995,11,0,True
4,HK,0.8495575221238938,21,30,A5,165,626.0,0.8727272727272727,1995,11,144,False
10,HK,0.7902097902097902,37,23,A5,150,595.0,0.7533333333333333,1995,11,113,False
7,HK,0.5833333333333334,0,30,A5,21,83.0,1.0,1995,11,21,False
9,HK,0.9731343283582089,1,8,A6,164,635.0,0.9939024390243902,1995,11,163,False
13,HK,0.9714285714285714,7,2,A6,160,662.0,0.95625,1995,11,153,False
16,HK,0.14285714285714285,6,18,A6,8,34.0,0.25,1995,11,2,False
14,HK,0.9666666666666667,2,2,A6,60,252.0,0.9666666666666667,1995,11,58,False
15,HK,0.9878542510121457,1,2,A6,123,488.0,0.991869918699187,1995,11,122,False
5,HK,0.0,1,2,A6,1,3.0,0.0,1995,11,0,True
12,HK,0.7032967032967034,9,18,A6,41,167.0,0.7804878048780488,1995,11,32,False
1,HK,0.9369369369369369,9,5,A6,113,403.0,0.9203539823008849,1995,11,104,False
8,HK,0.9710610932475884,2,7,A6,153,654.0,0.9869281045751634,1995,11,151,False
22,HK,0.5423728813559322,5,22,A6,21,85.0,0.7619047619047619,1995,11,16,False
19,HK,0.0,2,12,A6,2,6.0,0.0,1995,11,0,True
17,HK,0.38095238095238093,1,12,A6,5,23.0,0.8,1995,11,4,False
18,HK,0.46153846153846156,21,7,A6,33,127.0,0.36363636363636365,1995,11,12,False
6,HK,0.0,1,2,A6,1,6.0,0.0,1995,11,0,True
20,HK,0.30952380952380953,53,5,A6,66,288.0,0.19696969696969696,1995,11,13,False
0,HK,0.29411764705882354,2,22,A6,7,25.0,0.7142857142857143,1995,11,5,False
3,HK,0.8316831683168316,31,20,A6,157,644.0,0.802547770700637,1995,11,126,False
11,HK,0.37362637362637363,44,13,A6,61,261.0,0.2786885245901639,1995,11,17,False
2,HK,0.8760806916426513,30,13,A6,182,736.0,0.8351648351648352,1995,11,152,False
21,HK,0.0,4,16,A6,4,18.0,0.0,1995,11,0,True
4,HK,0.8495575221238938,21,30,A6,165,626.0,0.8727272727272727,1995,11,144,False
10,HK,0.7902097902097902,37,23,A6,150,595.0,0.7533333333333333,1995,11,113,False
7,HK,0.5915492957746479,0,29,A6,21,83.0,1.0,1995,11,21,False
9,HK,0.9693251533742331,6,4,A7,164,635.0,0.9634146341463414,1995,11,158,False
13,HK,0.922077922077922,18,6,A7,160,662.0,0.8875,1995,11,142,False
16,HK,0.0625,7,23,A7,8,34.0,0.125,1995,11,1,False
14,HK,0.9137931034482759,7,3,A7,60,252.0,0.8833333333333333,1995,11,53,False
15,HK,0.9959183673469387,1,0,A7,123,488.0,0.991869918699187,1995,11,122,False
5,HK,0.0,1,4,A7,1,3.0,0.0,1995,11,0,True
12,HK,0.7228915662650602,11,12,A7,41,167.0,0.7317073170731707,1995,11,30,False
1,HK,0.9014084507042254,17,4,A7,113,403.0,0.8495575221238938,1995,11,96,False
8,HK,0.9255663430420712,10,13,A7,153,654.0,0.934640522875817,1995,11,143,False
22,HK,0.5098039215686274,8,17,A7,21,85.0,0.6190476190476191,1995,11,13,False
19,HK,0.0,2,11,A7,2,6.0,0.0,1995,11,0,True
17,HK,0.2,2,22,A7,5,23.0,0.6,1995,11,3,False
18,HK,0.36666666666666664,22,16,A7,33,127.0,0.3333333333333333,1995,11,11,False
6,HK,0.0,1,10,A7,1,6.0,0.0,1995,11,0,True
20,HK,0.35051546391752575,49,14,A7,66,288.0,0.25757575757575757,1995,11,17,False
0,HK,0.1935483870967742,4,21,A7,7,25.0,0.42857142857142855,1995,11,3,False
3,HK,0.7760252365930599,34,37,A7,157,644.0,0.7834394904458599,1995,11,123,False
11,HK,0.45901639344262296,33,33,A7,61,261.0,0.45901639344262296,1995,11,28,False
2,HK,0.8654970760233918,34,12,A7,182,736.0,0.8131868131868132,1995,11,148,False
21,HK,0.0,4,14,A7,4,18.0,0.0,1995,11,0,True
4,HK,0.7861635220125787,40,28,A7,165,626.0,0.7575757575757576,1995,11,125,False
10,HK,0.7647058823529411,46,18,A7,150,595.0,0.6933333333333334,1995,11,104,False
7,HK,0.5454545454545454,0,35,A7,21,83.0,1.0,1995,11,21,False
9,HK,0.9731343283582089,1,8,A8,164,635.0,0.9939024390243902,1995,11,163,False
13,HK,0.9714285714285714,7,2,A8,160,662.0,0.95625,1995,11,153,False
16,HK,0.14285714285714285,6,18,A8,8,34.0,0.25,1995,11,2,False
14,HK,0.9666666666666667,2,2,A8,60,252.0,0.9666666666666667,1995,11,58,False
15,HK,0.9838709677419355,1,3,A8,123,488.0,0.991869918699187,1995,11,122,False
5,HK,0.0,1,2,A8,1,3.0,0.0,1995,11,0,True
12,HK,0.7032967032967034,9,18,A8,41,167.0,0.7804878048780488,1995,11,32,False
1,HK,0.9369369369369369,9,5,A8,113,403.0,0.9203539823008849,1995,11,104,False
8,HK,0.9710610932475884,2,7,A8,153,654.0,0.9869281045751634,1995,11,151,False
22,HK,0.5423728813559322,5,22,A8,21,85.0,0.7619047619047619,1995,11,16,False
19,HK,0.0,2,12,A8,2,6.0,0.0,1995,11,0,True
17,HK,0.38095238095238093,1,12,A8,5,23.0,0.8,1995,11,4,False
18,HK,0.46153846153846156,21,7,A8,33,127.0,0.36363636363636365,1995,11,12,False
6,HK,0.0,1,2,A8,1,6.0,0.0,1995,11,0,True
20,HK,0.2891566265060241,54,5,A8,66,288.0,0.18181818181818182,1995,11,12,False
0,HK,0.2857142857142857,2,23,A8,7,25.0,0.7142857142857143,1995,11,5,False
3,HK,0.8316831683168316,31,20,A8,157,644.0,0.802547770700637,1995,11,126,False
11,HK,0.37362637362637363,44,13,A8,61,261.0,0.2786885245901639,1995,11,17,False
2,HK,0.8760806916426513,30,13,A8,182,736.0,0.8351648351648352,1995,11,152,False
21,HK,0.0,4,17,A8,4,18.0,0.0,1995,11,0,True
4,HK,0.8495575221238938,21,30,A8,165,626.0,0.8727272727272727,1995,11,144,False
10,HK,0.7816901408450704,39,23,A8,150,595.0,0.74,1995,11,111,False
7,HK,0.5915492957746479,0,29,A8,21,83.0,1.0,1995,11,21,False
