dataset,seed,task,method,true_class,predicted_class,n
ISIC,1993,4,P,0,0,33
ISIC,1993,4,P,0,1,6
ISIC,1993,4,P,0,2,1
ISIC,1993,4,P,0,3,1
ISIC,1993,4,P,0,4,0
ISIC,1993,4,P,0,5,1
ISIC,1993,4,P,0,6,1
ISIC,1993,4,P,0,7,1
ISIC,1993,4,P,1,0,5
ISIC,1993,4,P,1,1,19
ISIC,1993,4,P,1,2,1
ISIC,1993,4,P,1,3,4
ISIC,1993,4,P,1,4,6
ISIC,1993,4,P,1,5,0
ISIC,1993,4,P,1,6,0
ISIC,1993,4,P,1,7,2
ISIC,1993,4,P,2,0,3
ISIC,1993,4,P,2,1,1
ISIC,1993,4,P,2,2,20
ISIC,1993,4,P,2,3,6
ISIC,1993,4,P,2,4,8
ISIC,1993,4,P,2,5,7
ISIC,1993,4,P,2,6,1
ISIC,1993,4,P,2,7,0
ISIC,1993,4,P,3,0,7
ISIC,1993,4,P,3,1,4
ISIC,1993,4,P,3,2,4
ISIC,1993,4,P,3,3,13
ISIC,1993,4,P,3,4,8
ISIC,1993,4,P,3,5,2
ISIC,1993,4,P,3,6,0
ISIC,1993,4,P,3,7,2
ISIC,1993,4,P,4,0,2
ISIC,1993,4,P,4,1,1
ISIC,1993,4,P,4,2,1
ISIC,1993,4,P,4,3,4
ISIC,1993,4,P,4,4,23
ISIC,1993,4,P,4,5,10
ISIC,1993,4,P,4,6,0
ISIC,1993,4,P,4,7,0
ISIC,1993,4,P,5,0,0
ISIC,1993,4,P,5,1,1
ISIC,1993,4,P,5,2,3
ISIC,1993,4,P,5,3,3
ISIC,1993,4,P,5,4,12
ISIC,1993,4,P,5,5,16
ISIC,1993,4,P,5,6,0
ISIC,1993,4,P,5,7,2
ISIC,1993,4,P,6,0,1
ISIC,1993,4,P,6,1,0
ISIC,1993,4,P,6,2,1
ISIC,1993,4,P,6,3,0
ISIC,1993,4,P,6,4,0
ISIC,1993,4,P,6,5,0
ISIC,1993,4,P,6,6,24
ISIC,1993,4,P,6,7,0
ISIC,1993,4,P,7,0,3
ISIC,1993,4,P,7,1,1
ISIC,1993,4,P,7,2,3
ISIC,1993,4,P,7,3,0
ISIC,1993,4,P,7,4,2
ISIC,1993,4,P,7,5,3
ISIC,1993,4,P,7,6,0
ISIC,1993,4,P,7,7,12
ISIC,1993,4,A0,0,0,35
ISIC,1993,4,A0,0,1,4
ISIC,1993,4,A0,0,2,2
ISIC,1993,4,A0,0,3,2
ISIC,1993,4,A0,0,4,0
ISIC,1993,4,A0,0,5,1
ISIC,1993,4,A0,0,6,0
ISIC,1993,4,A0,0,7,0
ISIC,1993,4,A0,1,0,7
ISIC,1993,4,A0,1,1,20
ISIC,1993,4,A0,1,2,1
ISIC,1993,4,A0,1,3,1
ISIC,1993,4,A0,1,4,5
ISIC,1993,4,A0,1,5,1
ISIC,1993,4,A0,1,6,0
ISIC,1993,4,A0,1,7,2
ISIC,1993,4,A0,2,0,3
ISIC,1993,4,A0,2,1,1
ISIC,1993,4,A0,2,2,19
ISIC,1993,4,A0,2,3,5
ISIC,1993,4,A0,2,4,12
ISIC,1993,4,A0,2,5,4
ISIC,1993,4,A0,2,6,1
ISIC,1993,4,A0,2,7,1
ISIC,1993,4,A0,3,0,7
ISIC,1993,4,A0,3,1,2
ISIC,1993,4,A0,3,2,3
ISIC,1993,4,A0,3,3,19
ISIC,1993,4,A0,3,4,6
ISIC,1993,4,A0,3,5,1
ISIC,1993,4,A0,3,6,0
ISIC,1993,4,A0,3,7,2
ISIC,1993,4,A0,4,0,0
ISIC,1993,4,A0,4,1,2
ISIC,1993,4,A0,4,2,1
ISIC,1993,4,A0,4,3,4
ISIC,1993,4,A0,4,4,25
ISIC,1993,4,A0,4,5,9
ISIC,1993,4,A0,4,6,0
ISIC,1993,4,A0,4,7,0
ISIC,1993,4,A0,5,0,0
ISIC,1993,4,A0,5,1,0
ISIC,1993,4,A0,5,2,3
ISIC,1993,4,A0,5,3,3
ISIC,1993,4,A0,5,4,13
ISIC,1993,4,A0,5,5,17
ISIC,1993,4,A0,5,6,0
ISIC,1993,4,A0,5,7,1
ISIC,1993,4,A0,6,0,1
ISIC,1993,4,A0,6,1,0
ISIC,1993,4,A0,6,2,2
ISIC,1993,4,A0,6,3,0
ISIC,1993,4,A0,6,4,0
ISIC,1993,4,A0,6,5,0
ISIC,1993,4,A0,6,6,23
ISIC,1993,4,A0,6,7,0
ISIC,1993,4,A0,7,0,2
ISIC,1993,4,A0,7,1,1
ISIC,1993,4,A0,7,2,3
ISIC,1993,4,A0,7,3,1
ISIC,1993,4,A0,7,4,2
ISIC,1993,4,A0,7,5,2
ISIC,1993,4,A0,7,6,0
ISIC,1993,4,A0,7,7,13
ISIC,1993,4,A1,0,0,33
ISIC,1993,4,A1,0,1,3
ISIC,1993,4,A1,0,2,2
ISIC,1993,4,A1,0,3,3
ISIC,1993,4,A1,0,4,0
ISIC,1993,4,A1,0,5,1
ISIC,1993,4,A1,0,6,0
ISIC,1993,4,A1,0,7,2
ISIC,1993,4,A1,1,0,6
ISIC,1993,4,A1,1,1,21
ISIC,1993,4,A1,1,2,2
ISIC,1993,4,A1,1,3,2
ISIC,1993,4,A1,1,4,2
ISIC,1993,4,A1,1,5,1
ISIC,1993,4,A1,1,6,1
ISIC,1993,4,A1,1,7,2
ISIC,1993,4,A1,2,0,4
ISIC,1993,4,A1,2,1,2
ISIC,1993,4,A1,2,2,14
ISIC,1993,4,A1,2,3,4
ISIC,1993,4,A1,2,4,14
ISIC,1993,4,A1,2,5,6
ISIC,1993,4,A1,2,6,1
ISIC,1993,4,A1,2,7,1
ISIC,1993,4,A1,3,0,6
ISIC,1993,4,A1,3,1,4
ISIC,1993,4,A1,3,2,2
ISIC,1993,4,A1,3,3,16
ISIC,1993,4,A1,3,4,3
ISIC,1993,4,A1,3,5,2
ISIC,1993,4,A1,3,6,4
ISIC,1993,4,A1,3,7,3
ISIC,1993,4,A1,4,0,0
ISIC,1993,4,A1,4,1,2
ISIC,1993,4,A1,4,2,4
ISIC,1993,4,A1,4,3,9
ISIC,1993,4,A1,4,4,22
ISIC,1993,4,A1,4,5,4
ISIC,1993,4,A1,4,6,0
ISIC,1993,4,A1,4,7,0
ISIC,1993,4,A1,5,0,0
ISIC,1993,4,A1,5,1,4
ISIC,1993,4,A1,5,2,3
ISIC,1993,4,A1,5,3,1
ISIC,1993,4,A1,5,4,14
ISIC,1993,4,A1,5,5,14
ISIC,1993,4,A1,5,6,0
ISIC,1993,4,A1,5,7,1
ISIC,1993,4,A1,6,0,0
ISIC,1993,4,A1,6,1,0
ISIC,1993,4,A1,6,2,2
ISIC,1993,4,A1,6,3,0
ISIC,1993,4,A1,6,4,0
ISIC,1993,4,A1,6,5,0
ISIC,1993,4,A1,6,6,24
ISIC,1993,4,A1,6,7,0
ISIC,1993,4,A1,7,0,5
ISIC,1993,4,A1,7,1,1
ISIC,1993,4,A1,7,2,2
ISIC,1993,4,A1,7,3,0
ISIC,1993,4,A1,7,4,2
ISIC,1993,4,A1,7,5,3
ISIC,1993,4,A1,7,6,2
ISIC,1993,4,A1,7,7,9
ISIC,1993,4,A2,0,0,35
ISIC,1993,4,A2,0,1,4
ISIC,1993,4,A2,0,2,2
ISIC,1993,4,A2,0,3,1
ISIC,1993,4,A2,0,4,0
ISIC,1993,4,A2,0,5,1
ISIC,1993,4,A2,0,6,0
ISIC,1993,4,A2,0,7,1
ISIC,1993,4,A2,1,0,6
ISIC,1993,4,A2,1,1,20
ISIC,1993,4,A2,1,2,2
ISIC,1993,4,A2,1,3,3
ISIC,1993,4,A2,1,4,4
ISIC,1993,4,A2,1,5,0
ISIC,1993,4,A2,1,6,0
ISIC,1993,4,A2,1,7,2
ISIC,1993,4,A2,2,0,2
ISIC,1993,4,A2,2,1,2
ISIC,1993,4,A2,2,2,19
ISIC,1993,4,A2,2,3,6
ISIC,1993,4,A2,2,4,12
ISIC,1993,4,A2,2,5,4
ISIC,1993,4,A2,2,6,1
ISIC,1993,4,A2,2,7,0
ISIC,1993,4,A2,3,0,6
ISIC,1993,4,A2,3,1,3
ISIC,1993,4,A2,3,2,1
ISIC,1993,4,A2,3,3,23
ISIC,1993,4,A2,3,4,5
ISIC,1993,4,A2,3,5,1
ISIC,1993,4,A2,3,6,0
ISIC,1993,4,A2,3,7,1
ISIC,1993,4,A2,4,0,0
ISIC,1993,4,A2,4,1,2
ISIC,1993,4,A2,4,2,3
ISIC,1993,4,A2,4,3,3
ISIC,1993,4,A2,4,4,24
ISIC,1993,4,A2,4,5,9
ISIC,1993,4,A2,4,6,0
ISIC,1993,4,A2,4,7,0
ISIC,1993,4,A2,5,0,0
ISIC,1993,4,A2,5,1,0
ISIC,1993,4,A2,5,2,3
ISIC,1993,4,A2,5,3,2
ISIC,1993,4,A2,5,4,12
ISIC,1993,4,A2,5,5,18
ISIC,1993,4,A2,5,6,0
ISIC,1993,4,A2,5,7,2
ISIC,1993,4,A2,6,0,1
ISIC,1993,4,A2,6,1,0
ISIC,1993,4,A2,6,2,1
ISIC,1993,4,A2,6,3,0
ISIC,1993,4,A2,6,4,1
ISIC,1993,4,A2,6,5,0
ISIC,1993,4,A2,6,6,23
ISIC,1993,4,A2,6,7,0
ISIC,1993,4,A2,7,0,3
ISIC,1993,4,A2,7,1,1
ISIC,1993,4,A2,7,2,3
ISIC,1993,4,A2,7,3,0
ISIC,1993,4,A2,7,4,2
ISIC,1993,4,A2,7,5,2
ISIC,1993,4,A2,7,6,0
ISIC,1993,4,A2,7,7,13
ISIC,1993,4,A3,0,0,35
ISIC,1993,4,A3,0,1,4
ISIC,1993,4,A3,0,2,2
ISIC,1993,4,A3,0,3,1
ISIC,1993,4,A3,0,4,0
ISIC,1993,4,A3,0,5,1
ISIC,1993,4,A3,0,6,0
ISIC,1993,4,A3,0,7,1
ISIC,1993,4,A3,1,0,6
ISIC,1993,4,A3,1,1,19
ISIC,1993,4,A3,1,2,2
ISIC,1993,4,A3,1,3,4
ISIC,1993,4,A3,1,4,4
ISIC,1993,4,A3,1,5,0
ISIC,1993,4,A3,1,6,0
ISIC,1993,4,A3,1,7,2
ISIC,1993,4,A3,2,0,2
ISIC,1993,4,A3,2,1,2
ISIC,1993,4,A3,2,2,18
ISIC,1993,4,A3,2,3,6
ISIC,1993,4,A3,2,4,13
ISIC,1993,4,A3,2,5,4
ISIC,1993,4,A3,2,6,1
ISIC,1993,4,A3,2,7,0
ISIC,1993,4,A3,3,0,5
ISIC,1993,4,A3,3,1,2
ISIC,1993,4,A3,3,2,1
ISIC,1993,4,A3,3,3,24
ISIC,1993,4,A3,3,4,6
ISIC,1993,4,A3,3,5,1
ISIC,1993,4,A3,3,6,0
ISIC,1993,4,A3,3,7,1
ISIC,1993,4,A3,4,0,0
ISIC,1993,4,A3,4,1,1
ISIC,1993,4,A3,4,2,1
ISIC,1993,4,A3,4,3,5
ISIC,1993,4,A3,4,4,27
ISIC,1993,4,A3,4,5,7
ISIC,1993,4,A3,4,6,0
ISIC,1993,4,A3,4,7,0
ISIC,1993,4,A3,5,0,0
ISIC,1993,4,A3,5,1,1
ISIC,1993,4,A3,5,2,3
ISIC,1993,4,A3,5,3,2
ISIC,1993,4,A3,5,4,12
ISIC,1993,4,A3,5,5,18
ISIC,1993,4,A3,5,6,0
ISIC,1993,4,A3,5,7,1
ISIC,1993,4,A3,6,0,1
ISIC,1993,4,A3,6,1,0
ISIC,1993,4,A3,6,2,1
ISIC,1993,4,A3,6,3,0
ISIC,1993,4,A3,6,4,1
ISIC,1993,4,A3,6,5,0
ISIC,1993,4,A3,6,6,23
ISIC,1993,4,A3,6,7,0
ISIC,1993,4,A3,7,0,4
ISIC,1993,4,A3,7,1,1
ISIC,1993,4,A3,7,2,3
ISIC,1993,4,A3,7,3,1
ISIC,1993,4,A3,7,4,2
ISIC,1993,4,A3,7,5,1
ISIC,1993,4,A3,7,6,0
ISIC,1993,4,A3,7,7,12
ISIC,1993,4,A3s,0,0,35
ISIC,1993,4,A3s,0,1,4
ISIC,1993,4,A3s,0,2,2
ISIC,1993,4,A3s,0,3,1
ISIC,1993,4,A3s,0,4,0
ISIC,1993,4,A3s,0,5,1
ISIC,1993,4,A3s,0,6,0
ISIC,1993,4,A3s,0,7,1
ISIC,1993,4,A3s,1,0,6
ISIC,1993,4,A3s,1,1,19
ISIC,1993,4,A3s,1,2,1
ISIC,1993,4,A3s,1,3,4
ISIC,1993,4,A3s,1,4,5
ISIC,1993,4,A3s,1,5,0
ISIC,1993,4,A3s,1,6,0
ISIC,1993,4,A3s,1,7,2
ISIC,1993,4,A3s,2,0,2
ISIC,1993,4,A3s,2,1,2
ISIC,1993,4,A3s,2,2,17
ISIC,1993,4,A3s,2,3,6
ISIC,1993,4,A3s,2,4,13
ISIC,1993,4,A3s,2,5,5
ISIC,1993,4,A3s,2,6,1
ISIC,1993,4,A3s,2,7,0
ISIC,1993,4,A3s,3,0,5
ISIC,1993,4,A3s,3,1,2
ISIC,1993,4,A3s,3,2,2
ISIC,1993,4,A3s,3,3,23
ISIC,1993,4,A3s,3,4,6
ISIC,1993,4,A3s,3,5,1
ISIC,1993,4,A3s,3,6,0
ISIC,1993,4,A3s,3,7,1
ISIC,1993,4,A3s,4,0,0
ISIC,1993,4,A3s,4,1,1
ISIC,1993,4,A3s,4,2,1
ISIC,1993,4,A3s,4,3,6
ISIC,1993,4,A3s,4,4,27
ISIC,1993,4,A3s,4,5,6
ISIC,1993,4,A3s,4,6,0
ISIC,1993,4,A3s,4,7,0
ISIC,1993,4,A3s,5,0,0
ISIC,1993,4,A3s,5,1,1
ISIC,1993,4,A3s,5,2,3
ISIC,1993,4,A3s,5,3,2
ISIC,1993,4,A3s,5,4,12
ISIC,1993,4,A3s,5,5,18
ISIC,1993,4,A3s,5,6,0
ISIC,1993,4,A3s,5,7,1
ISIC,1993,4,A3s,6,0,1
ISIC,1993,4,A3s,6,1,0
ISIC,1993,4,A3s,6,2,1
ISIC,1993,4,A3s,6,3,0
ISIC,1993,4,A3s,6,4,1
ISIC,1993,4,A3s,6,5,0
ISIC,1993,4,A3s,6,6,23
ISIC,1993,4,A3s,6,7,0
ISIC,1993,4,A3s,7,0,4
ISIC,1993,4,A3s,7,1,1
ISIC,1993,4,A3s,7,2,3
ISIC,1993,4,A3s,7,3,1
ISIC,1993,4,A3s,7,4,2
ISIC,1993,4,A3s,7,5,1
ISIC,1993,4,A3s,7,6,0
ISIC,1993,4,A3s,7,7,12
ISIC,1993,4,A4,0,0,35
ISIC,1993,4,A4,0,1,4
ISIC,1993,4,A4,0,2,2
ISIC,1993,4,A4,0,3,1
ISIC,1993,4,A4,0,4,0
ISIC,1993,4,A4,0,5,1
ISIC,1993,4,A4,0,6,0
ISIC,1993,4,A4,0,7,1
ISIC,1993,4,A4,1,0,6
ISIC,1993,4,A4,1,1,20
ISIC,1993,4,A4,1,2,2
ISIC,1993,4,A4,1,3,3
ISIC,1993,4,A4,1,4,4
ISIC,1993,4,A4,1,5,0
ISIC,1993,4,A4,1,6,0
ISIC,1993,4,A4,1,7,2
ISIC,1993,4,A4,2,0,2
ISIC,1993,4,A4,2,1,2
ISIC,1993,4,A4,2,2,19
ISIC,1993,4,A4,2,3,6
ISIC,1993,4,A4,2,4,12
ISIC,1993,4,A4,2,5,4
ISIC,1993,4,A4,2,6,1
ISIC,1993,4,A4,2,7,0
ISIC,1993,4,A4,3,0,6
ISIC,1993,4,A4,3,1,3
ISIC,1993,4,A4,3,2,1
ISIC,1993,4,A4,3,3,23
ISIC,1993,4,A4,3,4,5
ISIC,1993,4,A4,3,5,1
ISIC,1993,4,A4,3,6,0
ISIC,1993,4,A4,3,7,1
ISIC,1993,4,A4,4,0,0
ISIC,1993,4,A4,4,1,2
ISIC,1993,4,A4,4,2,3
ISIC,1993,4,A4,4,3,3
ISIC,1993,4,A4,4,4,24
ISIC,1993,4,A4,4,5,9
ISIC,1993,4,A4,4,6,0
ISIC,1993,4,A4,4,7,0
ISIC,1993,4,A4,5,0,0
ISIC,1993,4,A4,5,1,0
ISIC,1993,4,A4,5,2,3
ISIC,1993,4,A4,5,3,2
ISIC,1993,4,A4,5,4,12
ISIC,1993,4,A4,5,5,18
ISIC,1993,4,A4,5,6,0
ISIC,1993,4,A4,5,7,2
ISIC,1993,4,A4,6,0,1
ISIC,1993,4,A4,6,1,0
ISIC,1993,4,A4,6,2,1
ISIC,1993,4,A4,6,3,0
ISIC,1993,4,A4,6,4,1
ISIC,1993,4,A4,6,5,0
ISIC,1993,4,A4,6,6,23
ISIC,1993,4,A4,6,7,0
ISIC,1993,4,A4,7,0,3
ISIC,1993,4,A4,7,1,1
ISIC,1993,4,A4,7,2,3
ISIC,1993,4,A4,7,3,0
ISIC,1993,4,A4,7,4,2
ISIC,1993,4,A4,7,5,2
ISIC,1993,4,A4,7,6,0
ISIC,1993,4,A4,7,7,13
ISIC,1993,4,A5,0,0,35
ISIC,1993,4,A5,0,1,4
ISIC,1993,4,A5,0,2,2
ISIC,1993,4,A5,0,3,1
ISIC,1993,4,A5,0,4,0
ISIC,1993,4,A5,0,5,1
ISIC,1993,4,A5,0,6,0
ISIC,1993,4,A5,0,7,1
ISIC,1993,4,A5,1,0,6
ISIC,1993,4,A5,1,1,20
ISIC,1993,4,A5,1,2,2
ISIC,1993,4,A5,1,3,3
ISIC,1993,4,A5,1,4,4
ISIC,1993,4,A5,1,5,0
ISIC,1993,4,A5,1,6,0
ISIC,1993,4,A5,1,7,2
ISIC,1993,4,A5,2,0,2
ISIC,1993,4,A5,2,1,2
ISIC,1993,4,A5,2,2,19
ISIC,1993,4,A5,2,3,6
ISIC,1993,4,A5,2,4,12
ISIC,1993,4,A5,2,5,4
ISIC,1993,4,A5,2,6,1
ISIC,1993,4,A5,2,7,0
ISIC,1993,4,A5,3,0,6
ISIC,1993,4,A5,3,1,3
ISIC,1993,4,A5,3,2,1
ISIC,1993,4,A5,3,3,23
ISIC,1993,4,A5,3,4,5
ISIC,1993,4,A5,3,5,1
ISIC,1993,4,A5,3,6,0
ISIC,1993,4,A5,3,7,1
ISIC,1993,4,A5,4,0,0
ISIC,1993,4,A5,4,1,2
ISIC,1993,4,A5,4,2,3
ISIC,1993,4,A5,4,3,3
ISIC,1993,4,A5,4,4,24
ISIC,1993,4,A5,4,5,9
ISIC,1993,4,A5,4,6,0
ISIC,1993,4,A5,4,7,0
ISIC,1993,4,A5,5,0,0
ISIC,1993,4,A5,5,1,0
ISIC,1993,4,A5,5,2,3
ISIC,1993,4,A5,5,3,2
ISIC,1993,4,A5,5,4,12
ISIC,1993,4,A5,5,5,18
ISIC,1993,4,A5,5,6,0
ISIC,1993,4,A5,5,7,2
ISIC,1993,4,A5,6,0,1
ISIC,1993,4,A5,6,1,0
ISIC,1993,4,A5,6,2,1
ISIC,1993,4,A5,6,3,0
ISIC,1993,4,A5,6,4,1
ISIC,1993,4,A5,6,5,0
ISIC,1993,4,A5,6,6,23
ISIC,1993,4,A5,6,7,0
ISIC,1993,4,A5,7,0,3
ISIC,1993,4,A5,7,1,1
ISIC,1993,4,A5,7,2,3
ISIC,1993,4,A5,7,3,0
ISIC,1993,4,A5,7,4,2
ISIC,1993,4,A5,7,5,2
ISIC,1993,4,A5,7,6,0
ISIC,1993,4,A5,7,7,13
ISIC,1993,4,A6,0,0,35
ISIC,1993,4,A6,0,1,4
ISIC,1993,4,A6,0,2,2
ISIC,1993,4,A6,0,3,1
ISIC,1993,4,A6,0,4,0
ISIC,1993,4,A6,0,5,1
ISIC,1993,4,A6,0,6,0
ISIC,1993,4,A6,0,7,1
ISIC,1993,4,A6,1,0,6
ISIC,1993,4,A6,1,1,20
ISIC,1993,4,A6,1,2,2
ISIC,1993,4,A6,1,3,3
ISIC,1993,4,A6,1,4,4
ISIC,1993,4,A6,1,5,0
ISIC,1993,4,A6,1,6,0
ISIC,1993,4,A6,1,7,2
ISIC,1993,4,A6,2,0,2
ISIC,1993,4,A6,2,1,2
ISIC,1993,4,A6,2,2,19
ISIC,1993,4,A6,2,3,6
ISIC,1993,4,A6,2,4,12
ISIC,1993,4,A6,2,5,4
ISIC,1993,4,A6,2,6,1
ISIC,1993,4,A6,2,7,0
ISIC,1993,4,A6,3,0,6
ISIC,1993,4,A6,3,1,3
ISIC,1993,4,A6,3,2,1
ISIC,1993,4,A6,3,3,23
ISIC,1993,4,A6,3,4,5
ISIC,1993,4,A6,3,5,1
ISIC,1993,4,A6,3,6,0
ISIC,1993,4,A6,3,7,1
ISIC,1993,4,A6,4,0,0
ISIC,1993,4,A6,4,1,2
ISIC,1993,4,A6,4,2,3
ISIC,1993,4,A6,4,3,3
ISIC,1993,4,A6,4,4,24
ISIC,1993,4,A6,4,5,9
ISIC,1993,4,A6,4,6,0
ISIC,1993,4,A6,4,7,0
ISIC,1993,4,A6,5,0,0
ISIC,1993,4,A6,5,1,0
ISIC,1993,4,A6,5,2,3
ISIC,1993,4,A6,5,3,2
ISIC,1993,4,A6,5,4,12
ISIC,1993,4,A6,5,5,18
ISIC,1993,4,A6,5,6,0
ISIC,1993,4,A6,5,7,2
ISIC,1993,4,A6,6,0,1
ISIC,1993,4,A6,6,1,0
ISIC,1993,4,A6,6,2,1
ISIC,1993,4,A6,6,3,0
ISIC,1993,4,A6,6,4,1
ISIC,1993,4,A6,6,5,0
ISIC,1993,4,A6,6,6,23
ISIC,1993,4,A6,6,7,0
ISIC,1993,4,A6,7,0,3
ISIC,1993,4,A6,7,1,1
ISIC,1993,4,A6,7,2,3
ISIC,1993,4,A6,7,3,0
ISIC,1993,4,A6,7,4,2
ISIC,1993,4,A6,7,5,2
ISIC,1993,4,A6,7,6,0
ISIC,1993,4,A6,7,7,13
ISIC,1993,4,A7,0,0,31
ISIC,1993,4,A7,0,1,7
ISIC,1993,4,A7,0,2,2
ISIC,1993,4,A7,0,3,2
ISIC,1993,4,A7,0,4,0
ISIC,1993,4,A7,0,5,0
ISIC,1993,4,A7,0,6,0
ISIC,1993,4,A7,0,7,2
ISIC,1993,4,A7,1,0,8
ISIC,1993,4,A7,1,1,15
ISIC,1993,4,A7,1,2,2
ISIC,1993,4,A7,1,3,4
ISIC,1993,4,A7,1,4,5
ISIC,1993,4,A7,1,5,1
ISIC,1993,4,A7,1,6,0
ISIC,1993,4,A7,1,7,2
ISIC,1993,4,A7,2,0,5
ISIC,1993,4,A7,2,1,1
ISIC,1993,4,A7,2,2,13
ISIC,1993,4,A7,2,3,4
ISIC,1993,4,A7,2,4,14
ISIC,1993,4,A7,2,5,8
ISIC,1993,4,A7,2,6,1
ISIC,1993,4,A7,2,7,0
ISIC,1993,4,A7,3,0,7
ISIC,1993,4,A7,3,1,6
ISIC,1993,4,A7,3,2,5
ISIC,1993,4,A7,3,3,10
ISIC,1993,4,A7,3,4,6
ISIC,1993,4,A7,3,5,3
ISIC,1993,4,A7,3,6,0
ISIC,1993,4,A7,3,7,3
ISIC,1993,4,A7,4,0,0
ISIC,1993,4,A7,4,1,2
ISIC,1993,4,A7,4,2,5
ISIC,1993,4,A7,4,3,5
ISIC,1993,4,A7,4,4,17
ISIC,1993,4,A7,4,5,10
ISIC,1993,4,A7,4,6,0
ISIC,1993,4,A7,4,7,2
ISIC,1993,4,A7,5,0,0
ISIC,1993,4,A7,5,1,0
ISIC,1993,4,A7,5,2,2
ISIC,1993,4,A7,5,3,4
ISIC,1993,4,A7,5,4,13
ISIC,1993,4,A7,5,5,18
ISIC,1993,4,A7,5,6,0
ISIC,1993,4,A7,5,7,0
ISIC,1993,4,A7,6,0,1
ISIC,1993,4,A7,6,1,0
ISIC,1993,4,A7,6,2,4
ISIC,1993,4,A7,6,3,0
ISIC,1993,4,A7,6,4,1
ISIC,1993,4,A7,6,5,1
ISIC,1993,4,A7,6,6,19
ISIC,1993,4,A7,6,7,0
ISIC,1993,4,A7,7,0,4
ISIC,1993,4,A7,7,1,1
ISIC,1993,4,A7,7,2,4
ISIC,1993,4,A7,7,3,1
ISIC,1993,4,A7,7,4,2
ISIC,1993,4,A7,7,5,1
ISIC,1993,4,A7,7,6,0
ISIC,1993,4,A7,7,7,11
ISIC,1993,4,A8,0,0,35
ISIC,1993,4,A8,0,1,4
ISIC,1993,4,A8,0,2,2
ISIC,1993,4,A8,0,3,1
ISIC,1993,4,A8,0,4,0
ISIC,1993,4,A8,0,5,1
ISIC,1993,4,A8,0,6,0
ISIC,1993,4,A8,0,7,1
ISIC,1993,4,A8,1,0,7
ISIC,1993,4,A8,1,1,20
ISIC,1993,4,A8,1,2,2
ISIC,1993,4,A8,1,3,2
ISIC,1993,4,A8,1,4,4
ISIC,1993,4,A8,1,5,0
ISIC,1993,4,A8,1,6,0
ISIC,1993,4,A8,1,7,2
ISIC,1993,4,A8,2,0,2
ISIC,1993,4,A8,2,1,2
ISIC,1993,4,A8,2,2,19
ISIC,1993,4,A8,2,3,6
ISIC,1993,4,A8,2,4,12
ISIC,1993,4,A8,2,5,4
ISIC,1993,4,A8,2,6,1
ISIC,1993,4,A8,2,7,0
ISIC,1993,4,A8,3,0,6
ISIC,1993,4,A8,3,1,3
ISIC,1993,4,A8,3,2,1
ISIC,1993,4,A8,3,3,23
ISIC,1993,4,A8,3,4,5
ISIC,1993,4,A8,3,5,1
ISIC,1993,4,A8,3,6,0
ISIC,1993,4,A8,3,7,1
ISIC,1993,4,A8,4,0,0
ISIC,1993,4,A8,4,1,3
ISIC,1993,4,A8,4,2,3
ISIC,1993,4,A8,4,3,4
ISIC,1993,4,A8,4,4,23
ISIC,1993,4,A8,4,5,8
ISIC,1993,4,A8,4,6,0
ISIC,1993,4,A8,4,7,0
ISIC,1993,4,A8,5,0,0
ISIC,1993,4,A8,5,1,0
ISIC,1993,4,A8,5,2,3
ISIC,1993,4,A8,5,3,2
ISIC,1993,4,A8,5,4,12
ISIC,1993,4,A8,5,5,18
ISIC,1993,4,A8,5,6,0
ISIC,1993,4,A8,5,7,2
ISIC,1993,4,A8,6,0,1
ISIC,1993,4,A8,6,1,0
ISIC,1993,4,A8,6,2,1
ISIC,1993,4,A8,6,3,0
ISIC,1993,4,A8,6,4,1
ISIC,1993,4,A8,6,5,0
ISIC,1993,4,A8,6,6,23
ISIC,1993,4,A8,6,7,0
ISIC,1993,4,A8,7,0,3
ISIC,1993,4,A8,7,1,1
ISIC,1993,4,A8,7,2,3
ISIC,1993,4,A8,7,3,0
ISIC,1993,4,A8,7,4,2
ISIC,1993,4,A8,7,5,2
ISIC,1993,4,A8,7,6,0
ISIC,1993,4,A8,7,7,13
ISIC,1994,4,P,0,0,33
ISIC,1994,4,P,0,1,6
ISIC,1994,4,P,0,2,1
ISIC,1994,4,P,0,3,1
ISIC,1994,4,P,0,4,0
ISIC,1994,4,P,0,5,1
ISIC,1994,4,P,0,6,1
ISIC,1994,4,P,0,7,1
ISIC,1994,4,P,1,0,5
ISIC,1994,4,P,1,1,19
ISIC,1994,4,P,1,2,1
ISIC,1994,4,P,1,3,4
ISIC,1994,4,P,1,4,6
ISIC,1994,4,P,1,5,0
ISIC,1994,4,P,1,6,0
ISIC,1994,4,P,1,7,2
ISIC,1994,4,P,2,0,3
ISIC,1994,4,P,2,1,1
ISIC,1994,4,P,2,2,20
ISIC,1994,4,P,2,3,6
ISIC,1994,4,P,2,4,8
ISIC,1994,4,P,2,5,7
ISIC,1994,4,P,2,6,1
ISIC,1994,4,P,2,7,0
ISIC,1994,4,P,3,0,7
ISIC,1994,4,P,3,1,4
ISIC,1994,4,P,3,2,4
ISIC,1994,4,P,3,3,13
ISIC,1994,4,P,3,4,8
ISIC,1994,4,P,3,5,2
ISIC,1994,4,P,3,6,0
ISIC,1994,4,P,3,7,2
ISIC,1994,4,P,4,0,2
ISIC,1994,4,P,4,1,1
ISIC,1994,4,P,4,2,1
ISIC,1994,4,P,4,3,4
ISIC,1994,4,P,4,4,23
ISIC,1994,4,P,4,5,10
ISIC,1994,4,P,4,6,0
ISIC,1994,4,P,4,7,0
ISIC,1994,4,P,5,0,0
ISIC,1994,4,P,5,1,1
ISIC,1994,4,P,5,2,3
ISIC,1994,4,P,5,3,3
ISIC,1994,4,P,5,4,12
ISIC,1994,4,P,5,5,16
ISIC,1994,4,P,5,6,0
ISIC,1994,4,P,5,7,2
ISIC,1994,4,P,6,0,1
ISIC,1994,4,P,6,1,0
ISIC,1994,4,P,6,2,1
ISIC,1994,4,P,6,3,0
ISIC,1994,4,P,6,4,0
ISIC,1994,4,P,6,5,0
ISIC,1994,4,P,6,6,24
ISIC,1994,4,P,6,7,0
ISIC,1994,4,P,7,0,3
ISIC,1994,4,P,7,1,1
ISIC,1994,4,P,7,2,3
ISIC,1994,4,P,7,3,0
ISIC,1994,4,P,7,4,2
ISIC,1994,4,P,7,5,3
ISIC,1994,4,P,7,6,0
ISIC,1994,4,P,7,7,12
ISIC,1994,4,A0,0,0,33
ISIC,1994,4,A0,0,1,5
ISIC,1994,4,A0,0,2,1
ISIC,1994,4,A0,0,3,2
ISIC,1994,4,A0,0,4,0
ISIC,1994,4,A0,0,5,1
ISIC,1994,4,A0,0,6,1
ISIC,1994,4,A0,0,7,1
ISIC,1994,4,A0,1,0,5
ISIC,1994,4,A0,1,1,19
ISIC,1994,4,A0,1,2,1
ISIC,1994,4,A0,1,3,3
ISIC,1994,4,A0,1,4,7
ISIC,1994,4,A0,1,5,0
ISIC,1994,4,A0,1,6,0
ISIC,1994,4,A0,1,7,2
ISIC,1994,4,A0,2,0,4
ISIC,1994,4,A0,2,1,1
ISIC,1994,4,A0,2,2,17
ISIC,1994,4,A0,2,3,6
ISIC,1994,4,A0,2,4,11
ISIC,1994,4,A0,2,5,5
ISIC,1994,4,A0,2,6,2
ISIC,1994,4,A0,2,7,0
ISIC,1994,4,A0,3,0,9
ISIC,1994,4,A0,3,1,3
ISIC,1994,4,A0,3,2,4
ISIC,1994,4,A0,3,3,12
ISIC,1994,4,A0,3,4,9
ISIC,1994,4,A0,3,5,1
ISIC,1994,4,A0,3,6,0
ISIC,1994,4,A0,3,7,2
ISIC,1994,4,A0,4,0,1
ISIC,1994,4,A0,4,1,1
ISIC,1994,4,A0,4,2,1
ISIC,1994,4,A0,4,3,4
ISIC,1994,4,A0,4,4,25
ISIC,1994,4,A0,4,5,9
ISIC,1994,4,A0,4,6,0
ISIC,1994,4,A0,4,7,0
ISIC,1994,4,A0,5,0,0
ISIC,1994,4,A0,5,1,0
ISIC,1994,4,A0,5,2,4
ISIC,1994,4,A0,5,3,2
ISIC,1994,4,A0,5,4,12
ISIC,1994,4,A0,5,5,18
ISIC,1994,4,A0,5,6,0
ISIC,1994,4,A0,5,7,1
ISIC,1994,4,A0,6,0,1
ISIC,1994,4,A0,6,1,0
ISIC,1994,4,A0,6,2,2
ISIC,1994,4,A0,6,3,0
ISIC,1994,4,A0,6,4,0
ISIC,1994,4,A0,6,5,1
ISIC,1994,4,A0,6,6,22
ISIC,1994,4,A0,6,7,0
ISIC,1994,4,A0,7,0,2
ISIC,1994,4,A0,7,1,1
ISIC,1994,4,A0,7,2,4
ISIC,1994,4,A0,7,3,0
ISIC,1994,4,A0,7,4,2
ISIC,1994,4,A0,7,5,2
ISIC,1994,4,A0,7,6,0
ISIC,1994,4,A0,7,7,13
ISIC,1994,4,A1,0,0,33
ISIC,1994,4,A1,0,1,3
ISIC,1994,4,A1,0,2,2
ISIC,1994,4,A1,0,3,3
ISIC,1994,4,A1,0,4,0
ISIC,1994,4,A1,0,5,1
ISIC,1994,4,A1,0,6,0
ISIC,1994,4,A1,0,7,2
ISIC,1994,4,A1,1,0,6
ISIC,1994,4,A1,1,1,21
ISIC,1994,4,A1,1,2,2
ISIC,1994,4,A1,1,3,2
ISIC,1994,4,A1,1,4,2
ISIC,1994,4,A1,1,5,1
ISIC,1994,4,A1,1,6,1
ISIC,1994,4,A1,1,7,2
ISIC,1994,4,A1,2,0,4
ISIC,1994,4,A1,2,1,2
ISIC,1994,4,A1,2,2,14
ISIC,1994,4,A1,2,3,4
ISIC,1994,4,A1,2,4,14
ISIC,1994,4,A1,2,5,6
ISIC,1994,4,A1,2,6,1
ISIC,1994,4,A1,2,7,1
ISIC,1994,4,A1,3,0,6
ISIC,1994,4,A1,3,1,4
ISIC,1994,4,A1,3,2,2
ISIC,1994,4,A1,3,3,16
ISIC,1994,4,A1,3,4,3
ISIC,1994,4,A1,3,5,2
ISIC,1994,4,A1,3,6,4
ISIC,1994,4,A1,3,7,3
ISIC,1994,4,A1,4,0,0
ISIC,1994,4,A1,4,1,2
ISIC,1994,4,A1,4,2,4
ISIC,1994,4,A1,4,3,9
ISIC,1994,4,A1,4,4,22
ISIC,1994,4,A1,4,5,4
ISIC,1994,4,A1,4,6,0
ISIC,1994,4,A1,4,7,0
ISIC,1994,4,A1,5,0,0
ISIC,1994,4,A1,5,1,4
ISIC,1994,4,A1,5,2,3
ISIC,1994,4,A1,5,3,1
ISIC,1994,4,A1,5,4,14
ISIC,1994,4,A1,5,5,14
ISIC,1994,4,A1,5,6,0
ISIC,1994,4,A1,5,7,1
ISIC,1994,4,A1,6,0,0
ISIC,1994,4,A1,6,1,0
ISIC,1994,4,A1,6,2,2
ISIC,1994,4,A1,6,3,0
ISIC,1994,4,A1,6,4,0
ISIC,1994,4,A1,6,5,0
ISIC,1994,4,A1,6,6,24
ISIC,1994,4,A1,6,7,0
ISIC,1994,4,A1,7,0,5
ISIC,1994,4,A1,7,1,1
ISIC,1994,4,A1,7,2,2
ISIC,1994,4,A1,7,3,0
ISIC,1994,4,A1,7,4,2
ISIC,1994,4,A1,7,5,3
ISIC,1994,4,A1,7,6,2
ISIC,1994,4,A1,7,7,9
ISIC,1994,4,A2,0,0,34
ISIC,1994,4,A2,0,1,4
ISIC,1994,4,A2,0,2,2
ISIC,1994,4,A2,0,3,2
ISIC,1994,4,A2,0,4,0
ISIC,1994,4,A2,0,5,1
ISIC,1994,4,A2,0,6,0
ISIC,1994,4,A2,0,7,1
ISIC,1994,4,A2,1,0,5
ISIC,1994,4,A2,1,1,20
ISIC,1994,4,A2,1,2,2
ISIC,1994,4,A2,1,3,3
ISIC,1994,4,A2,1,4,5
ISIC,1994,4,A2,1,5,0
ISIC,1994,4,A2,1,6,0
ISIC,1994,4,A2,1,7,2
ISIC,1994,4,A2,2,0,4
ISIC,1994,4,A2,2,1,1
ISIC,1994,4,A2,2,2,20
ISIC,1994,4,A2,2,3,6
ISIC,1994,4,A2,2,4,9
ISIC,1994,4,A2,2,5,5
ISIC,1994,4,A2,2,6,1
ISIC,1994,4,A2,2,7,0
ISIC,1994,4,A2,3,0,4
ISIC,1994,4,A2,3,1,4
ISIC,1994,4,A2,3,2,5
ISIC,1994,4,A2,3,3,18
ISIC,1994,4,A2,3,4,4
ISIC,1994,4,A2,3,5,1
ISIC,1994,4,A2,3,6,0
ISIC,1994,4,A2,3,7,4
ISIC,1994,4,A2,4,0,1
ISIC,1994,4,A2,4,1,2
ISIC,1994,4,A2,4,2,2
ISIC,1994,4,A2,4,3,5
ISIC,1994,4,A2,4,4,22
ISIC,1994,4,A2,4,5,9
ISIC,1994,4,A2,4,6,0
ISIC,1994,4,A2,4,7,0
ISIC,1994,4,A2,5,0,0
ISIC,1994,4,A2,5,1,0
ISIC,1994,4,A2,5,2,4
ISIC,1994,4,A2,5,3,2
ISIC,1994,4,A2,5,4,12
ISIC,1994,4,A2,5,5,18
ISIC,1994,4,A2,5,6,0
ISIC,1994,4,A2,5,7,1
ISIC,1994,4,A2,6,0,1
ISIC,1994,4,A2,6,1,0
ISIC,1994,4,A2,6,2,1
ISIC,1994,4,A2,6,3,0
ISIC,1994,4,A2,6,4,0
ISIC,1994,4,A2,6,5,0
ISIC,1994,4,A2,6,6,24
ISIC,1994,4,A2,6,7,0
ISIC,1994,4,A2,7,0,4
ISIC,1994,4,A2,7,1,1
ISIC,1994,4,A2,7,2,3
ISIC,1994,4,A2,7,3,0
ISIC,1994,4,A2,7,4,2
ISIC,1994,4,A2,7,5,2
ISIC,1994,4,A2,7,6,1
ISIC,1994,4,A2,7,7,11
ISIC,1994,4,A3,0,0,34
ISIC,1994,4,A3,0,1,4
ISIC,1994,4,A3,0,2,2
ISIC,1994,4,A3,0,3,2
ISIC,1994,4,A3,0,4,0
ISIC,1994,4,A3,0,5,1
ISIC,1994,4,A3,0,6,0
ISIC,1994,4,A3,0,7,1
ISIC,1994,4,A3,1,0,5
ISIC,1994,4,A3,1,1,21
ISIC,1994,4,A3,1,2,2
ISIC,1994,4,A3,1,3,2
ISIC,1994,4,A3,1,4,5
ISIC,1994,4,A3,1,5,0
ISIC,1994,4,A3,1,6,1
ISIC,1994,4,A3,1,7,1
ISIC,1994,4,A3,2,0,3
ISIC,1994,4,A3,2,1,2
ISIC,1994,4,A3,2,2,17
ISIC,1994,4,A3,2,3,7
ISIC,1994,4,A3,2,4,11
ISIC,1994,4,A3,2,5,5
ISIC,1994,4,A3,2,6,1
ISIC,1994,4,A3,2,7,0
ISIC,1994,4,A3,3,0,5
ISIC,1994,4,A3,3,1,4
ISIC,1994,4,A3,3,2,2
ISIC,1994,4,A3,3,3,23
ISIC,1994,4,A3,3,4,4
ISIC,1994,4,A3,3,5,1
ISIC,1994,4,A3,3,6,0
ISIC,1994,4,A3,3,7,1
ISIC,1994,4,A3,4,0,0
ISIC,1994,4,A3,4,1,1
ISIC,1994,4,A3,4,2,2
ISIC,1994,4,A3,4,3,6
ISIC,1994,4,A3,4,4,23
ISIC,1994,4,A3,4,5,9
ISIC,1994,4,A3,4,6,0
ISIC,1994,4,A3,4,7,0
ISIC,1994,4,A3,5,0,0
ISIC,1994,4,A3,5,1,1
ISIC,1994,4,A3,5,2,4
ISIC,1994,4,A3,5,3,2
ISIC,1994,4,A3,5,4,12
ISIC,1994,4,A3,5,5,17
ISIC,1994,4,A3,5,6,0
ISIC,1994,4,A3,5,7,1
ISIC,1994,4,A3,6,0,1
ISIC,1994,4,A3,6,1,0
ISIC,1994,4,A3,6,2,0
ISIC,1994,4,A3,6,3,0
ISIC,1994,4,A3,6,4,1
ISIC,1994,4,A3,6,5,0
ISIC,1994,4,A3,6,6,24
ISIC,1994,4,A3,6,7,0
ISIC,1994,4,A3,7,0,4
ISIC,1994,4,A3,7,1,1
ISIC,1994,4,A3,7,2,3
ISIC,1994,4,A3,7,3,0
ISIC,1994,4,A3,7,4,2
ISIC,1994,4,A3,7,5,2
ISIC,1994,4,A3,7,6,1
ISIC,1994,4,A3,7,7,11
ISIC,1994,4,A3s,0,0,34
ISIC,1994,4,A3s,0,1,4
ISIC,1994,4,A3s,0,2,2
ISIC,1994,4,A3s,0,3,2
ISIC,1994,4,A3s,0,4,0
ISIC,1994,4,A3s,0,5,1
ISIC,1994,4,A3s,0,6,0
ISIC,1994,4,A3s,0,7,1
ISIC,1994,4,A3s,1,0,7
ISIC,1994,4,A3s,1,1,19
ISIC,1994,4,A3s,1,2,2
ISIC,1994,4,A3s,1,3,2
ISIC,1994,4,A3s,1,4,5
ISIC,1994,4,A3s,1,5,0
ISIC,1994,4,A3s,1,6,1
ISIC,1994,4,A3s,1,7,1
ISIC,1994,4,A3s,2,0,3
ISIC,1994,4,A3s,2,1,2
ISIC,1994,4,A3s,2,2,17
ISIC,1994,4,A3s,2,3,7
ISIC,1994,4,A3s,2,4,11
ISIC,1994,4,A3s,2,5,5
ISIC,1994,4,A3s,2,6,1
ISIC,1994,4,A3s,2,7,0
ISIC,1994,4,A3s,3,0,5
ISIC,1994,4,A3s,3,1,3
ISIC,1994,4,A3s,3,2,2
ISIC,1994,4,A3s,3,3,23
ISIC,1994,4,A3s,3,4,5
ISIC,1994,4,A3s,3,5,1
ISIC,1994,4,A3s,3,6,0
ISIC,1994,4,A3s,3,7,1
ISIC,1994,4,A3s,4,0,0
ISIC,1994,4,A3s,4,1,1
ISIC,1994,4,A3s,4,2,1
ISIC,1994,4,A3s,4,3,6
ISIC,1994,4,A3s,4,4,24
ISIC,1994,4,A3s,4,5,9
ISIC,1994,4,A3s,4,6,0
ISIC,1994,4,A3s,4,7,0
ISIC,1994,4,A3s,5,0,0
ISIC,1994,4,A3s,5,1,1
ISIC,1994,4,A3s,5,2,3
ISIC,1994,4,A3s,5,3,2
ISIC,1994,4,A3s,5,4,13
ISIC,1994,4,A3s,5,5,17
ISIC,1994,4,A3s,5,6,0
ISIC,1994,4,A3s,5,7,1
ISIC,1994,4,A3s,6,0,1
ISIC,1994,4,A3s,6,1,0
ISIC,1994,4,A3s,6,2,0
ISIC,1994,4,A3s,6,3,0
ISIC,1994,4,A3s,6,4,1
ISIC,1994,4,A3s,6,5,0
ISIC,1994,4,A3s,6,6,24
ISIC,1994,4,A3s,6,7,0
ISIC,1994,4,A3s,7,0,4
ISIC,1994,4,A3s,7,1,1
ISIC,1994,4,A3s,7,2,3
ISIC,1994,4,A3s,7,3,1
ISIC,1994,4,A3s,7,4,2
ISIC,1994,4,A3s,7,5,2
ISIC,1994,4,A3s,7,6,0
ISIC,1994,4,A3s,7,7,11
ISIC,1994,4,A4,0,0,34
ISIC,1994,4,A4,0,1,4
ISIC,1994,4,A4,0,2,2
ISIC,1994,4,A4,0,3,2
ISIC,1994,4,A4,0,4,0
ISIC,1994,4,A4,0,5,1
ISIC,1994,4,A4,0,6,0
ISIC,1994,4,A4,0,7,1
ISIC,1994,4,A4,1,0,5
ISIC,1994,4,A4,1,1,20
ISIC,1994,4,A4,1,2,2
ISIC,1994,4,A4,1,3,3
ISIC,1994,4,A4,1,4,5
ISIC,1994,4,A4,1,5,0
ISIC,1994,4,A4,1,6,0
ISIC,1994,4,A4,1,7,2
ISIC,1994,4,A4,2,0,4
ISIC,1994,4,A4,2,1,1
ISIC,1994,4,A4,2,2,20
ISIC,1994,4,A4,2,3,6
ISIC,1994,4,A4,2,4,9
ISIC,1994,4,A4,2,5,5
ISIC,1994,4,A4,2,6,1
ISIC,1994,4,A4,2,7,0
ISIC,1994,4,A4,3,0,4
ISIC,1994,4,A4,3,1,4
ISIC,1994,4,A4,3,2,5
ISIC,1994,4,A4,3,3,18
ISIC,1994,4,A4,3,4,4
ISIC,1994,4,A4,3,5,1
ISIC,1994,4,A4,3,6,0
ISIC,1994,4,A4,3,7,4
ISIC,1994,4,A4,4,0,1
ISIC,1994,4,A4,4,1,2
ISIC,1994,4,A4,4,2,2
ISIC,1994,4,A4,4,3,5
ISIC,1994,4,A4,4,4,22
ISIC,1994,4,A4,4,5,9
ISIC,1994,4,A4,4,6,0
ISIC,1994,4,A4,4,7,0
ISIC,1994,4,A4,5,0,0
ISIC,1994,4,A4,5,1,0
ISIC,1994,4,A4,5,2,4
ISIC,1994,4,A4,5,3,2
ISIC,1994,4,A4,5,4,12
ISIC,1994,4,A4,5,5,18
ISIC,1994,4,A4,5,6,0
ISIC,1994,4,A4,5,7,1
ISIC,1994,4,A4,6,0,1
ISIC,1994,4,A4,6,1,0
ISIC,1994,4,A4,6,2,1
ISIC,1994,4,A4,6,3,0
ISIC,1994,4,A4,6,4,0
ISIC,1994,4,A4,6,5,0
ISIC,1994,4,A4,6,6,24
ISIC,1994,4,A4,6,7,0
ISIC,1994,4,A4,7,0,4
ISIC,1994,4,A4,7,1,1
ISIC,1994,4,A4,7,2,3
ISIC,1994,4,A4,7,3,0
ISIC,1994,4,A4,7,4,2
ISIC,1994,4,A4,7,5,2
ISIC,1994,4,A4,7,6,1
ISIC,1994,4,A4,7,7,11
ISIC,1994,4,A5,0,0,34
ISIC,1994,4,A5,0,1,4
ISIC,1994,4,A5,0,2,2
ISIC,1994,4,A5,0,3,2
ISIC,1994,4,A5,0,4,0
ISIC,1994,4,A5,0,5,1
ISIC,1994,4,A5,0,6,0
ISIC,1994,4,A5,0,7,1
ISIC,1994,4,A5,1,0,5
ISIC,1994,4,A5,1,1,21
ISIC,1994,4,A5,1,2,2
ISIC,1994,4,A5,1,3,1
ISIC,1994,4,A5,1,4,5
ISIC,1994,4,A5,1,5,0
ISIC,1994,4,A5,1,6,1
ISIC,1994,4,A5,1,7,2
ISIC,1994,4,A5,2,0,4
ISIC,1994,4,A5,2,1,1
ISIC,1994,4,A5,2,2,20
ISIC,1994,4,A5,2,3,6
ISIC,1994,4,A5,2,4,9
ISIC,1994,4,A5,2,5,5
ISIC,1994,4,A5,2,6,1
ISIC,1994,4,A5,2,7,0
ISIC,1994,4,A5,3,0,4
ISIC,1994,4,A5,3,1,4
ISIC,1994,4,A5,3,2,5
ISIC,1994,4,A5,3,3,18
ISIC,1994,4,A5,3,4,4
ISIC,1994,4,A5,3,5,1
ISIC,1994,4,A5,3,6,0
ISIC,1994,4,A5,3,7,4
ISIC,1994,4,A5,4,0,1
ISIC,1994,4,A5,4,1,2
ISIC,1994,4,A5,4,2,2
ISIC,1994,4,A5,4,3,5
ISIC,1994,4,A5,4,4,22
ISIC,1994,4,A5,4,5,9
ISIC,1994,4,A5,4,6,0
ISIC,1994,4,A5,4,7,0
ISIC,1994,4,A5,5,0,0
ISIC,1994,4,A5,5,1,0
ISIC,1994,4,A5,5,2,4
ISIC,1994,4,A5,5,3,2
ISIC,1994,4,A5,5,4,12
ISIC,1994,4,A5,5,5,18
ISIC,1994,4,A5,5,6,0
ISIC,1994,4,A5,5,7,1
ISIC,1994,4,A5,6,0,1
ISIC,1994,4,A5,6,1,0
ISIC,1994,4,A5,6,2,1
ISIC,1994,4,A5,6,3,0
ISIC,1994,4,A5,6,4,0
ISIC,1994,4,A5,6,5,0
ISIC,1994,4,A5,6,6,24
ISIC,1994,4,A5,6,7,0
ISIC,1994,4,A5,7,0,4
ISIC,1994,4,A5,7,1,1
ISIC,1994,4,A5,7,2,3
ISIC,1994,4,A5,7,3,0
ISIC,1994,4,A5,7,4,2
ISIC,1994,4,A5,7,5,2
ISIC,1994,4,A5,7,6,1
ISIC,1994,4,A5,7,7,11
ISIC,1994,4,A6,0,0,34
ISIC,1994,4,A6,0,1,4
ISIC,1994,4,A6,0,2,2
ISIC,1994,4,A6,0,3,2
ISIC,1994,4,A6,0,4,0
ISIC,1994,4,A6,0,5,1
ISIC,1994,4,A6,0,6,0
ISIC,1994,4,A6,0,7,1
ISIC,1994,4,A6,1,0,5
ISIC,1994,4,A6,1,1,20
ISIC,1994,4,A6,1,2,2
ISIC,1994,4,A6,1,3,3
ISIC,1994,4,A6,1,4,5
ISIC,1994,4,A6,1,5,0
ISIC,1994,4,A6,1,6,0
ISIC,1994,4,A6,1,7,2
ISIC,1994,4,A6,2,0,4
ISIC,1994,4,A6,2,1,1
ISIC,1994,4,A6,2,2,20
ISIC,1994,4,A6,2,3,6
ISIC,1994,4,A6,2,4,9
ISIC,1994,4,A6,2,5,5
ISIC,1994,4,A6,2,6,1
ISIC,1994,4,A6,2,7,0
ISIC,1994,4,A6,3,0,4
ISIC,1994,4,A6,3,1,4
ISIC,1994,4,A6,3,2,5
ISIC,1994,4,A6,3,3,18
ISIC,1994,4,A6,3,4,4
ISIC,1994,4,A6,3,5,1
ISIC,1994,4,A6,3,6,0
ISIC,1994,4,A6,3,7,4
ISIC,1994,4,A6,4,0,1
ISIC,1994,4,A6,4,1,2
ISIC,1994,4,A6,4,2,2
ISIC,1994,4,A6,4,3,5
ISIC,1994,4,A6,4,4,22
ISIC,1994,4,A6,4,5,9
ISIC,1994,4,A6,4,6,0
ISIC,1994,4,A6,4,7,0
ISIC,1994,4,A6,5,0,0
ISIC,1994,4,A6,5,1,0
ISIC,1994,4,A6,5,2,4
ISIC,1994,4,A6,5,3,2
ISIC,1994,4,A6,5,4,12
ISIC,1994,4,A6,5,5,18
ISIC,1994,4,A6,5,6,0
ISIC,1994,4,A6,5,7,1
ISIC,1994,4,A6,6,0,1
ISIC,1994,4,A6,6,1,0
ISIC,1994,4,A6,6,2,1
ISIC,1994,4,A6,6,3,0
ISIC,1994,4,A6,6,4,0
ISIC,1994,4,A6,6,5,0
ISIC,1994,4,A6,6,6,24
ISIC,1994,4,A6,6,7,0
ISIC,1994,4,A6,7,0,4
ISIC,1994,4,A6,7,1,1
ISIC,1994,4,A6,7,2,3
ISIC,1994,4,A6,7,3,0
ISIC,1994,4,A6,7,4,2
ISIC,1994,4,A6,7,5,2
ISIC,1994,4,A6,7,6,1
ISIC,1994,4,A6,7,7,11
ISIC,1994,4,A7,0,0,29
ISIC,1994,4,A7,0,1,8
ISIC,1994,4,A7,0,2,2
ISIC,1994,4,A7,0,3,1
ISIC,1994,4,A7,0,4,0
ISIC,1994,4,A7,0,5,1
ISIC,1994,4,A7,0,6,1
ISIC,1994,4,A7,0,7,2
ISIC,1994,4,A7,1,0,9
ISIC,1994,4,A7,1,1,14
ISIC,1994,4,A7,1,2,2
ISIC,1994,4,A7,1,3,4
ISIC,1994,4,A7,1,4,5
ISIC,1994,4,A7,1,5,1
ISIC,1994,4,A7,1,6,0
ISIC,1994,4,A7,1,7,2
ISIC,1994,4,A7,2,0,6
ISIC,1994,4,A7,2,1,0
ISIC,1994,4,A7,2,2,12
ISIC,1994,4,A7,2,3,4
ISIC,1994,4,A7,2,4,15
ISIC,1994,4,A7,2,5,7
ISIC,1994,4,A7,2,6,1
ISIC,1994,4,A7,2,7,1
ISIC,1994,4,A7,3,0,11
ISIC,1994,4,A7,3,1,7
ISIC,1994,4,A7,3,2,2
ISIC,1994,4,A7,3,3,4
ISIC,1994,4,A7,3,4,5
ISIC,1994,4,A7,3,5,3
ISIC,1994,4,A7,3,6,2
ISIC,1994,4,A7,3,7,6
ISIC,1994,4,A7,4,0,0
ISIC,1994,4,A7,4,1,2
ISIC,1994,4,A7,4,2,6
ISIC,1994,4,A7,4,3,4
ISIC,1994,4,A7,4,4,18
ISIC,1994,4,A7,4,5,8
ISIC,1994,4,A7,4,6,2
ISIC,1994,4,A7,4,7,1
ISIC,1994,4,A7,5,0,0
ISIC,1994,4,A7,5,1,0
ISIC,1994,4,A7,5,2,3
ISIC,1994,4,A7,5,3,3
ISIC,1994,4,A7,5,4,13
ISIC,1994,4,A7,5,5,16
ISIC,1994,4,A7,5,6,0
ISIC,1994,4,A7,5,7,2
ISIC,1994,4,A7,6,0,1
ISIC,1994,4,A7,6,1,0
ISIC,1994,4,A7,6,2,5
ISIC,1994,4,A7,6,3,0
ISIC,1994,4,A7,6,4,0
ISIC,1994,4,A7,6,5,1
ISIC,1994,4,A7,6,6,19
ISIC,1994,4,A7,6,7,0
ISIC,1994,4,A7,7,0,3
ISIC,1994,4,A7,7,1,1
ISIC,1994,4,A7,7,2,3
ISIC,1994,4,A7,7,3,0
ISIC,1994,4,A7,7,4,2
ISIC,1994,4,A7,7,5,2
ISIC,1994,4,A7,7,6,2
ISIC,1994,4,A7,7,7,11
ISIC,1994,4,A8,0,0,34
ISIC,1994,4,A8,0,1,4
ISIC,1994,4,A8,0,2,2
ISIC,1994,4,A8,0,3,2
ISIC,1994,4,A8,0,4,0
ISIC,1994,4,A8,0,5,1
ISIC,1994,4,A8,0,6,0
ISIC,1994,4,A8,0,7,1
ISIC,1994,4,A8,1,0,5
ISIC,1994,4,A8,1,1,20
ISIC,1994,4,A8,1,2,2
ISIC,1994,4,A8,1,3,3
ISIC,1994,4,A8,1,4,5
ISIC,1994,4,A8,1,5,0
ISIC,1994,4,A8,1,6,0
ISIC,1994,4,A8,1,7,2
ISIC,1994,4,A8,2,0,4
ISIC,1994,4,A8,2,1,1
ISIC,1994,4,A8,2,2,20
ISIC,1994,4,A8,2,3,6
ISIC,1994,4,A8,2,4,9
ISIC,1994,4,A8,2,5,5
ISIC,1994,4,A8,2,6,1
ISIC,1994,4,A8,2,7,0
ISIC,1994,4,A8,3,0,4
ISIC,1994,4,A8,3,1,4
ISIC,1994,4,A8,3,2,5
ISIC,1994,4,A8,3,3,18
ISIC,1994,4,A8,3,4,4
ISIC,1994,4,A8,3,5,1
ISIC,1994,4,A8,3,6,0
ISIC,1994,4,A8,3,7,4
ISIC,1994,4,A8,4,0,1
ISIC,1994,4,A8,4,1,2
ISIC,1994,4,A8,4,2,2
ISIC,1994,4,A8,4,3,5
ISIC,1994,4,A8,4,4,22
ISIC,1994,4,A8,4,5,9
ISIC,1994,4,A8,4,6,0
ISIC,1994,4,A8,4,7,0
ISIC,1994,4,A8,5,0,0
ISIC,1994,4,A8,5,1,0
ISIC,1994,4,A8,5,2,4
ISIC,1994,4,A8,5,3,2
ISIC,1994,4,A8,5,4,12
ISIC,1994,4,A8,5,5,18
ISIC,1994,4,A8,5,6,0
ISIC,1994,4,A8,5,7,1
ISIC,1994,4,A8,6,0,1
ISIC,1994,4,A8,6,1,0
ISIC,1994,4,A8,6,2,1
ISIC,1994,4,A8,6,3,0
ISIC,1994,4,A8,6,4,0
ISIC,1994,4,A8,6,5,0
ISIC,1994,4,A8,6,6,24
ISIC,1994,4,A8,6,7,0
ISIC,1994,4,A8,7,0,4
ISIC,1994,4,A8,7,1,1
ISIC,1994,4,A8,7,2,3
ISIC,1994,4,A8,7,3,0
ISIC,1994,4,A8,7,4,2
ISIC,1994,4,A8,7,5,2
ISIC,1994,4,A8,7,6,1
ISIC,1994,4,A8,7,7,11
ISIC,1995,4,P,0,0,33
ISIC,1995,4,P,0,1,6
ISIC,1995,4,P,0,2,1
ISIC,1995,4,P,0,3,1
ISIC,1995,4,P,0,4,0
ISIC,1995,4,P,0,5,1
ISIC,1995,4,P,0,6,1
ISIC,1995,4,P,0,7,1
ISIC,1995,4,P,1,0,5
ISIC,1995,4,P,1,1,19
ISIC,1995,4,P,1,2,1
ISIC,1995,4,P,1,3,4
ISIC,1995,4,P,1,4,6
ISIC,1995,4,P,1,5,0
ISIC,1995,4,P,1,6,0
ISIC,1995,4,P,1,7,2
ISIC,1995,4,P,2,0,3
ISIC,1995,4,P,2,1,1
ISIC,1995,4,P,2,2,20
ISIC,1995,4,P,2,3,6
ISIC,1995,4,P,2,4,8
ISIC,1995,4,P,2,5,7
ISIC,1995,4,P,2,6,1
ISIC,1995,4,P,2,7,0
ISIC,1995,4,P,3,0,7
ISIC,1995,4,P,3,1,4
ISIC,1995,4,P,3,2,4
ISIC,1995,4,P,3,3,13
ISIC,1995,4,P,3,4,8
ISIC,1995,4,P,3,5,2
ISIC,1995,4,P,3,6,0
ISIC,1995,4,P,3,7,2
ISIC,1995,4,P,4,0,2
ISIC,1995,4,P,4,1,1
ISIC,1995,4,P,4,2,1
ISIC,1995,4,P,4,3,4
ISIC,1995,4,P,4,4,23
ISIC,1995,4,P,4,5,10
ISIC,1995,4,P,4,6,0
ISIC,1995,4,P,4,7,0
ISIC,1995,4,P,5,0,0
ISIC,1995,4,P,5,1,1
ISIC,1995,4,P,5,2,3
ISIC,1995,4,P,5,3,3
ISIC,1995,4,P,5,4,12
ISIC,1995,4,P,5,5,16
ISIC,1995,4,P,5,6,0
ISIC,1995,4,P,5,7,2
ISIC,1995,4,P,6,0,1
ISIC,1995,4,P,6,1,0
ISIC,1995,4,P,6,2,1
ISIC,1995,4,P,6,3,0
ISIC,1995,4,P,6,4,0
ISIC,1995,4,P,6,5,0
ISIC,1995,4,P,6,6,24
ISIC,1995,4,P,6,7,0
ISIC,1995,4,P,7,0,3
ISIC,1995,4,P,7,1,1
ISIC,1995,4,P,7,2,3
ISIC,1995,4,P,7,3,0
ISIC,1995,4,P,7,4,2
ISIC,1995,4,P,7,5,3
ISIC,1995,4,P,7,6,0
ISIC,1995,4,P,7,7,12
ISIC,1995,4,A0,0,0,34
ISIC,1995,4,A0,0,1,4
ISIC,1995,4,A0,0,2,2
ISIC,1995,4,A0,0,3,1
ISIC,1995,4,A0,0,4,1
ISIC,1995,4,A0,0,5,1
ISIC,1995,4,A0,0,6,0
ISIC,1995,4,A0,0,7,1
ISIC,1995,4,A0,1,0,6
ISIC,1995,4,A0,1,1,21
ISIC,1995,4,A0,1,2,2
ISIC,1995,4,A0,1,3,1
ISIC,1995,4,A0,1,4,5
ISIC,1995,4,A0,1,5,2
ISIC,1995,4,A0,1,6,0
ISIC,1995,4,A0,1,7,0
ISIC,1995,4,A0,2,0,2
ISIC,1995,4,A0,2,1,2
ISIC,1995,4,A0,2,2,22
ISIC,1995,4,A0,2,3,5
ISIC,1995,4,A0,2,4,8
ISIC,1995,4,A0,2,5,6
ISIC,1995,4,A0,2,6,1
ISIC,1995,4,A0,2,7,0
ISIC,1995,4,A0,3,0,7
ISIC,1995,4,A0,3,1,4
ISIC,1995,4,A0,3,2,2
ISIC,1995,4,A0,3,3,18
ISIC,1995,4,A0,3,4,6
ISIC,1995,4,A0,3,5,1
ISIC,1995,4,A0,3,6,0
ISIC,1995,4,A0,3,7,2
ISIC,1995,4,A0,4,0,1
ISIC,1995,4,A0,4,1,0
ISIC,1995,4,A0,4,2,1
ISIC,1995,4,A0,4,3,7
ISIC,1995,4,A0,4,4,23
ISIC,1995,4,A0,4,5,9
ISIC,1995,4,A0,4,6,0
ISIC,1995,4,A0,4,7,0
ISIC,1995,4,A0,5,0,0
ISIC,1995,4,A0,5,1,0
ISIC,1995,4,A0,5,2,3
ISIC,1995,4,A0,5,3,3
ISIC,1995,4,A0,5,4,11
ISIC,1995,4,A0,5,5,19
ISIC,1995,4,A0,5,6,0
ISIC,1995,4,A0,5,7,1
ISIC,1995,4,A0,6,0,1
ISIC,1995,4,A0,6,1,0
ISIC,1995,4,A0,6,2,1
ISIC,1995,4,A0,6,3,0
ISIC,1995,4,A0,6,4,0
ISIC,1995,4,A0,6,5,0
ISIC,1995,4,A0,6,6,24
ISIC,1995,4,A0,6,7,0
ISIC,1995,4,A0,7,0,2
ISIC,1995,4,A0,7,1,1
ISIC,1995,4,A0,7,2,3
ISIC,1995,4,A0,7,3,0
ISIC,1995,4,A0,7,4,2
ISIC,1995,4,A0,7,5,2
ISIC,1995,4,A0,7,6,0
ISIC,1995,4,A0,7,7,14
ISIC,1995,4,A1,0,0,33
ISIC,1995,4,A1,0,1,3
ISIC,1995,4,A1,0,2,2
ISIC,1995,4,A1,0,3,3
ISIC,1995,4,A1,0,4,0
ISIC,1995,4,A1,0,5,1
ISIC,1995,4,A1,0,6,0
ISIC,1995,4,A1,0,7,2
ISIC,1995,4,A1,1,0,6
ISIC,1995,4,A1,1,1,21
ISIC,1995,4,A1,1,2,2
ISIC,1995,4,A1,1,3,2
ISIC,1995,4,A1,1,4,2
ISIC,1995,4,A1,1,5,1
ISIC,1995,4,A1,1,6,1
ISIC,1995,4,A1,1,7,2
ISIC,1995,4,A1,2,0,4
ISIC,1995,4,A1,2,1,2
ISIC,1995,4,A1,2,2,14
ISIC,1995,4,A1,2,3,4
ISIC,1995,4,A1,2,4,14
ISIC,1995,4,A1,2,5,6
ISIC,1995,4,A1,2,6,1
ISIC,1995,4,A1,2,7,1
ISIC,1995,4,A1,3,0,6
ISIC,1995,4,A1,3,1,4
ISIC,1995,4,A1,3,2,2
ISIC,1995,4,A1,3,3,16
ISIC,1995,4,A1,3,4,3
ISIC,1995,4,A1,3,5,2
ISIC,1995,4,A1,3,6,4
ISIC,1995,4,A1,3,7,3
ISIC,1995,4,A1,4,0,0
ISIC,1995,4,A1,4,1,2
ISIC,1995,4,A1,4,2,4
ISIC,1995,4,A1,4,3,9
ISIC,1995,4,A1,4,4,22
ISIC,1995,4,A1,4,5,4
ISIC,1995,4,A1,4,6,0
ISIC,1995,4,A1,4,7,0
ISIC,1995,4,A1,5,0,0
ISIC,1995,4,A1,5,1,4
ISIC,1995,4,A1,5,2,3
ISIC,1995,4,A1,5,3,1
ISIC,1995,4,A1,5,4,14
ISIC,1995,4,A1,5,5,14
ISIC,1995,4,A1,5,6,0
ISIC,1995,4,A1,5,7,1
ISIC,1995,4,A1,6,0,0
ISIC,1995,4,A1,6,1,0
ISIC,1995,4,A1,6,2,2
ISIC,1995,4,A1,6,3,0
ISIC,1995,4,A1,6,4,0
ISIC,1995,4,A1,6,5,0
ISIC,1995,4,A1,6,6,24
ISIC,1995,4,A1,6,7,0
ISIC,1995,4,A1,7,0,5
ISIC,1995,4,A1,7,1,1
ISIC,1995,4,A1,7,2,2
ISIC,1995,4,A1,7,3,0
ISIC,1995,4,A1,7,4,2
ISIC,1995,4,A1,7,5,3
ISIC,1995,4,A1,7,6,2
ISIC,1995,4,A1,7,7,9
ISIC,1995,4,A2,0,0,35
ISIC,1995,4,A2,0,1,3
ISIC,1995,4,A2,0,2,2
ISIC,1995,4,A2,0,3,2
ISIC,1995,4,A2,0,4,0
ISIC,1995,4,A2,0,5,1
ISIC,1995,4,A2,0,6,0
ISIC,1995,4,A2,0,7,1
ISIC,1995,4,A2,1,0,8
ISIC,1995,4,A2,1,1,20
ISIC,1995,4,A2,1,2,2
ISIC,1995,4,A2,1,3,2
ISIC,1995,4,A2,1,4,4
ISIC,1995,4,A2,1,5,0
ISIC,1995,4,A2,1,6,0
ISIC,1995,4,A2,1,7,1
ISIC,1995,4,A2,2,0,2
ISIC,1995,4,A2,2,1,2
ISIC,1995,4,A2,2,2,22
ISIC,1995,4,A2,2,3,6
ISIC,1995,4,A2,2,4,8
ISIC,1995,4,A2,2,5,4
ISIC,1995,4,A2,2,6,1
ISIC,1995,4,A2,2,7,1
ISIC,1995,4,A2,3,0,6
ISIC,1995,4,A2,3,1,4
ISIC,1995,4,A2,3,2,3
ISIC,1995,4,A2,3,3,20
ISIC,1995,4,A2,3,4,4
ISIC,1995,4,A2,3,5,1
ISIC,1995,4,A2,3,6,0
ISIC,1995,4,A2,3,7,2
ISIC,1995,4,A2,4,0,1
ISIC,1995,4,A2,4,1,1
ISIC,1995,4,A2,4,2,2
ISIC,1995,4,A2,4,3,6
ISIC,1995,4,A2,4,4,22
ISIC,1995,4,A2,4,5,9
ISIC,1995,4,A2,4,6,0
ISIC,1995,4,A2,4,7,0
ISIC,1995,4,A2,5,0,0
ISIC,1995,4,A2,5,1,0
ISIC,1995,4,A2,5,2,3
ISIC,1995,4,A2,5,3,3
ISIC,1995,4,A2,5,4,12
ISIC,1995,4,A2,5,5,18
ISIC,1995,4,A2,5,6,0
ISIC,1995,4,A2,5,7,1
ISIC,1995,4,A2,6,0,1
ISIC,1995,4,A2,6,1,0
ISIC,1995,4,A2,6,2,2
ISIC,1995,4,A2,6,3,0
ISIC,1995,4,A2,6,4,0
ISIC,1995,4,A2,6,5,0
ISIC,1995,4,A2,6,6,23
ISIC,1995,4,A2,6,7,0
ISIC,1995,4,A2,7,0,4
ISIC,1995,4,A2,7,1,1
ISIC,1995,4,A2,7,2,2
ISIC,1995,4,A2,7,3,0
ISIC,1995,4,A2,7,4,2
ISIC,1995,4,A2,7,5,3
ISIC,1995,4,A2,7,6,0
ISIC,1995,4,A2,7,7,12
ISIC,1995,4,A3,0,0,35
ISIC,1995,4,A3,0,1,3
ISIC,1995,4,A3,0,2,2
ISIC,1995,4,A3,0,3,2
ISIC,1995,4,A3,0,4,0
ISIC,1995,4,A3,0,5,1
ISIC,1995,4,A3,0,6,0
ISIC,1995,4,A3,0,7,1
ISIC,1995,4,A3,1,0,7
ISIC,1995,4,A3,1,1,20
ISIC,1995,4,A3,1,2,2
ISIC,1995,4,A3,1,3,2
ISIC,1995,4,A3,1,4,5
ISIC,1995,4,A3,1,5,0
ISIC,1995,4,A3,1,6,0
ISIC,1995,4,A3,1,7,1
ISIC,1995,4,A3,2,0,2
ISIC,1995,4,A3,2,1,2
ISIC,1995,4,A3,2,2,18
ISIC,1995,4,A3,2,3,7
ISIC,1995,4,A3,2,4,11
ISIC,1995,4,A3,2,5,5
ISIC,1995,4,A3,2,6,1
ISIC,1995,4,A3,2,7,0
ISIC,1995,4,A3,3,0,5
ISIC,1995,4,A3,3,1,5
ISIC,1995,4,A3,3,2,1
ISIC,1995,4,A3,3,3,22
ISIC,1995,4,A3,3,4,5
ISIC,1995,4,A3,3,5,1
ISIC,1995,4,A3,3,6,0
ISIC,1995,4,A3,3,7,1
ISIC,1995,4,A3,4,0,1
ISIC,1995,4,A3,4,1,0
ISIC,1995,4,A3,4,2,0
ISIC,1995,4,A3,4,3,7
ISIC,1995,4,A3,4,4,24
ISIC,1995,4,A3,4,5,9
ISIC,1995,4,A3,4,6,0
ISIC,1995,4,A3,4,7,0
ISIC,1995,4,A3,5,0,0
ISIC,1995,4,A3,5,1,0
ISIC,1995,4,A3,5,2,3
ISIC,1995,4,A3,5,3,3
ISIC,1995,4,A3,5,4,12
ISIC,1995,4,A3,5,5,18
ISIC,1995,4,A3,5,6,0
ISIC,1995,4,A3,5,7,1
ISIC,1995,4,A3,6,0,1
ISIC,1995,4,A3,6,1,0
ISIC,1995,4,A3,6,2,1
ISIC,1995,4,A3,6,3,0
ISIC,1995,4,A3,6,4,0
ISIC,1995,4,A3,6,5,0
ISIC,1995,4,A3,6,6,24
ISIC,1995,4,A3,6,7,0
ISIC,1995,4,A3,7,0,5
ISIC,1995,4,A3,7,1,1
ISIC,1995,4,A3,7,2,2
ISIC,1995,4,A3,7,3,0
ISIC,1995,4,A3,7,4,2
ISIC,1995,4,A3,7,5,2
ISIC,1995,4,A3,7,6,0
ISIC,1995,4,A3,7,7,12
ISIC,1995,4,A3s,0,0,36
ISIC,1995,4,A3s,0,1,3
ISIC,1995,4,A3s,0,2,2
ISIC,1995,4,A3s,0,3,1
ISIC,1995,4,A3s,0,4,0
ISIC,1995,4,A3s,0,5,1
ISIC,1995,4,A3s,0,6,0
ISIC,1995,4,A3s,0,7,1
ISIC,1995,4,A3s,1,0,7
ISIC,1995,4,A3s,1,1,21
ISIC,1995,4,A3s,1,2,2
ISIC,1995,4,A3s,1,3,2
ISIC,1995,4,A3s,1,4,5
ISIC,1995,4,A3s,1,5,0
ISIC,1995,4,A3s,1,6,0
ISIC,1995,4,A3s,1,7,0
ISIC,1995,4,A3s,2,0,2
ISIC,1995,4,A3s,2,1,2
ISIC,1995,4,A3s,2,2,18
ISIC,1995,4,A3s,2,3,7
ISIC,1995,4,A3s,2,4,11
ISIC,1995,4,A3s,2,5,5
ISIC,1995,4,A3s,2,6,1
ISIC,1995,4,A3s,2,7,0
ISIC,1995,4,A3s,3,0,5
ISIC,1995,4,A3s,3,1,4
ISIC,1995,4,A3s,3,2,1
ISIC,1995,4,A3s,3,3,23
ISIC,1995,4,A3s,3,4,5
ISIC,1995,4,A3s,3,5,1
ISIC,1995,4,A3s,3,6,0
ISIC,1995,4,A3s,3,7,1
ISIC,1995,4,A3s,4,0,1
ISIC,1995,4,A3s,4,1,0
ISIC,1995,4,A3s,4,2,0
ISIC,1995,4,A3s,4,3,7
ISIC,1995,4,A3s,4,4,24
ISIC,1995,4,A3s,4,5,9
ISIC,1995,4,A3s,4,6,0
ISIC,1995,4,A3s,4,7,0
ISIC,1995,4,A3s,5,0,0
ISIC,1995,4,A3s,5,1,0
ISIC,1995,4,A3s,5,2,3
ISIC,1995,4,A3s,5,3,3
ISIC,1995,4,A3s,5,4,12
ISIC,1995,4,A3s,5,5,18
ISIC,1995,4,A3s,5,6,0
ISIC,1995,4,A3s,5,7,1
ISIC,1995,4,A3s,6,0,1
ISIC,1995,4,A3s,6,1,0
ISIC,1995,4,A3s,6,2,0
ISIC,1995,4,A3s,6,3,0
ISIC,1995,4,A3s,6,4,1
ISIC,1995,4,A3s,6,5,0
ISIC,1995,4,A3s,6,6,24
ISIC,1995,4,A3s,6,7,0
ISIC,1995,4,A3s,7,0,5
ISIC,1995,4,A3s,7,1,1
ISIC,1995,4,A3s,7,2,2
ISIC,1995,4,A3s,7,3,0
ISIC,1995,4,A3s,7,4,2
ISIC,1995,4,A3s,7,5,3
ISIC,1995,4,A3s,7,6,0
ISIC,1995,4,A3s,7,7,11
ISIC,1995,4,A4,0,0,35
ISIC,1995,4,A4,0,1,3
ISIC,1995,4,A4,0,2,2
ISIC,1995,4,A4,0,3,2
ISIC,1995,4,A4,0,4,0
ISIC,1995,4,A4,0,5,1
ISIC,1995,4,A4,0,6,0
ISIC,1995,4,A4,0,7,1
ISIC,1995,4,A4,1,0,8
ISIC,1995,4,A4,1,1,20
ISIC,1995,4,A4,1,2,2
ISIC,1995,4,A4,1,3,2
ISIC,1995,4,A4,1,4,4
ISIC,1995,4,A4,1,5,0
ISIC,1995,4,A4,1,6,0
ISIC,1995,4,A4,1,7,1
ISIC,1995,4,A4,2,0,2
ISIC,1995,4,A4,2,1,2
ISIC,1995,4,A4,2,2,22
ISIC,1995,4,A4,2,3,6
ISIC,1995,4,A4,2,4,8
ISIC,1995,4,A4,2,5,4
ISIC,1995,4,A4,2,6,1
ISIC,1995,4,A4,2,7,1
ISIC,1995,4,A4,3,0,6
ISIC,1995,4,A4,3,1,4
ISIC,1995,4,A4,3,2,3
ISIC,1995,4,A4,3,3,20
ISIC,1995,4,A4,3,4,4
ISIC,1995,4,A4,3,5,1
ISIC,1995,4,A4,3,6,0
ISIC,1995,4,A4,3,7,2
ISIC,1995,4,A4,4,0,1
ISIC,1995,4,A4,4,1,1
ISIC,1995,4,A4,4,2,2
ISIC,1995,4,A4,4,3,6
ISIC,1995,4,A4,4,4,22
ISIC,1995,4,A4,4,5,9
ISIC,1995,4,A4,4,6,0
ISIC,1995,4,A4,4,7,0
ISIC,1995,4,A4,5,0,0
ISIC,1995,4,A4,5,1,0
ISIC,1995,4,A4,5,2,3
ISIC,1995,4,A4,5,3,3
ISIC,1995,4,A4,5,4,12
ISIC,1995,4,A4,5,5,18
ISIC,1995,4,A4,5,6,0
ISIC,1995,4,A4,5,7,1
ISIC,1995,4,A4,6,0,1
ISIC,1995,4,A4,6,1,0
ISIC,1995,4,A4,6,2,2
ISIC,1995,4,A4,6,3,0
ISIC,1995,4,A4,6,4,0
ISIC,1995,4,A4,6,5,0
ISIC,1995,4,A4,6,6,23
ISIC,1995,4,A4,6,7,0
ISIC,1995,4,A4,7,0,4
ISIC,1995,4,A4,7,1,1
ISIC,1995,4,A4,7,2,2
ISIC,1995,4,A4,7,3,0
ISIC,1995,4,A4,7,4,2
ISIC,1995,4,A4,7,5,3
ISIC,1995,4,A4,7,6,0
ISIC,1995,4,A4,7,7,12
ISIC,1995,4,A5,0,0,35
ISIC,1995,4,A5,0,1,3
ISIC,1995,4,A5,0,2,2
ISIC,1995,4,A5,0,3,2
ISIC,1995,4,A5,0,4,0
ISIC,1995,4,A5,0,5,1
ISIC,1995,4,A5,0,6,0
ISIC,1995,4,A5,0,7,1
ISIC,1995,4,A5,1,0,8
ISIC,1995,4,A5,1,1,20
ISIC,1995,4,A5,1,2,2
ISIC,1995,4,A5,1,3,2
ISIC,1995,4,A5,1,4,4
ISIC,1995,4,A5,1,5,0
ISIC,1995,4,A5,1,6,0
ISIC,1995,4,A5,1,7,1
ISIC,1995,4,A5,2,0,2
ISIC,1995,4,A5,2,1,2
ISIC,1995,4,A5,2,2,22
ISIC,1995,4,A5,2,3,6
ISIC,1995,4,A5,2,4,8
ISIC,1995,4,A5,2,5,4
ISIC,1995,4,A5,2,6,1
ISIC,1995,4,A5,2,7,1
ISIC,1995,4,A5,3,0,6
ISIC,1995,4,A5,3,1,4
ISIC,1995,4,A5,3,2,3
ISIC,1995,4,A5,3,3,20
ISIC,1995,4,A5,3,4,4
ISIC,1995,4,A5,3,5,1
ISIC,1995,4,A5,3,6,0
ISIC,1995,4,A5,3,7,2
ISIC,1995,4,A5,4,0,1
ISIC,1995,4,A5,4,1,1
ISIC,1995,4,A5,4,2,2
ISIC,1995,4,A5,4,3,6
ISIC,1995,4,A5,4,4,22
ISIC,1995,4,A5,4,5,9
ISIC,1995,4,A5,4,6,0
ISIC,1995,4,A5,4,7,0
ISIC,1995,4,A5,5,0,0
ISIC,1995,4,A5,5,1,0
ISIC,1995,4,A5,5,2,3
ISIC,1995,4,A5,5,3,3
ISIC,1995,4,A5,5,4,12
ISIC,1995,4,A5,5,5,18
ISIC,1995,4,A5,5,6,0
ISIC,1995,4,A5,5,7,1
ISIC,1995,4,A5,6,0,1
ISIC,1995,4,A5,6,1,0
ISIC,1995,4,A5,6,2,2
ISIC,1995,4,A5,6,3,0
ISIC,1995,4,A5,6,4,0
ISIC,1995,4,A5,6,5,0
ISIC,1995,4,A5,6,6,23
ISIC,1995,4,A5,6,7,0
ISIC,1995,4,A5,7,0,4
ISIC,1995,4,A5,7,1,1
ISIC,1995,4,A5,7,2,2
ISIC,1995,4,A5,7,3,0
ISIC,1995,4,A5,7,4,2
ISIC,1995,4,A5,7,5,3
ISIC,1995,4,A5,7,6,0
ISIC,1995,4,A5,7,7,12
ISIC,1995,4,A6,0,0,35
ISIC,1995,4,A6,0,1,3
ISIC,1995,4,A6,0,2,2
ISIC,1995,4,A6,0,3,2
ISIC,1995,4,A6,0,4,0
ISIC,1995,4,A6,0,5,1
ISIC,1995,4,A6,0,6,0
ISIC,1995,4,A6,0,7,1
ISIC,1995,4,A6,1,0,8
ISIC,1995,4,A6,1,1,20
ISIC,1995,4,A6,1,2,2
ISIC,1995,4,A6,1,3,2
ISIC,1995,4,A6,1,4,4
ISIC,1995,4,A6,1,5,0
ISIC,1995,4,A6,1,6,0
ISIC,1995,4,A6,1,7,1
ISIC,1995,4,A6,2,0,2
ISIC,1995,4,A6,2,1,2
ISIC,1995,4,A6,2,2,22
ISIC,1995,4,A6,2,3,6
ISIC,1995,4,A6,2,4,8
ISIC,1995,4,A6,2,5,4
ISIC,1995,4,A6,2,6,1
ISIC,1995,4,A6,2,7,1
ISIC,1995,4,A6,3,0,6
ISIC,1995,4,A6,3,1,4
ISIC,1995,4,A6,3,2,3
ISIC,1995,4,A6,3,3,20
ISIC,1995,4,A6,3,4,4
ISIC,1995,4,A6,3,5,1
ISIC,1995,4,A6,3,6,0
ISIC,1995,4,A6,3,7,2
ISIC,1995,4,A6,4,0,1
ISIC,1995,4,A6,4,1,1
ISIC,1995,4,A6,4,2,2
ISIC,1995,4,A6,4,3,6
ISIC,1995,4,A6,4,4,22
ISIC,1995,4,A6,4,5,9
ISIC,1995,4,A6,4,6,0
ISIC,1995,4,A6,4,7,0
ISIC,1995,4,A6,5,0,0
ISIC,1995,4,A6,5,1,0
ISIC,1995,4,A6,5,2,3
ISIC,1995,4,A6,5,3,3
ISIC,1995,4,A6,5,4,12
ISIC,1995,4,A6,5,5,18
ISIC,1995,4,A6,5,6,0
ISIC,1995,4,A6,5,7,1
ISIC,1995,4,A6,6,0,1
ISIC,1995,4,A6,6,1,0
ISIC,1995,4,A6,6,2,2
ISIC,1995,4,A6,6,3,0
ISIC,1995,4,A6,6,4,0
ISIC,1995,4,A6,6,5,0
ISIC,1995,4,A6,6,6,23
ISIC,1995,4,A6,6,7,0
ISIC,1995,4,A6,7,0,4
ISIC,1995,4,A6,7,1,1
ISIC,1995,4,A6,7,2,2
ISIC,1995,4,A6,7,3,0
ISIC,1995,4,A6,7,4,2
ISIC,1995,4,A6,7,5,3
ISIC,1995,4,A6,7,6,0
ISIC,1995,4,A6,7,7,12
ISIC,1995,4,A7,0,0,30
ISIC,1995,4,A7,0,1,6
ISIC,1995,4,A7,0,2,2
ISIC,1995,4,A7,0,3,4
ISIC,1995,4,A7,0,4,0
ISIC,1995,4,A7,0,5,0
ISIC,1995,4,A7,0,6,0
ISIC,1995,4,A7,0,7,2
ISIC,1995,4,A7,1,0,7
ISIC,1995,4,A7,1,1,17
ISIC,1995,4,A7,1,2,2
ISIC,1995,4,A7,1,3,4
ISIC,1995,4,A7,1,4,5
ISIC,1995,4,A7,1,5,2
ISIC,1995,4,A7,1,6,0
ISIC,1995,4,A7,1,7,0
ISIC,1995,4,A7,2,0,4
ISIC,1995,4,A7,2,1,2
ISIC,1995,4,A7,2,2,15
ISIC,1995,4,A7,2,3,3
ISIC,1995,4,A7,2,4,14
ISIC,1995,4,A7,2,5,8
ISIC,1995,4,A7,2,6,0
ISIC,1995,4,A7,2,7,0
ISIC,1995,4,A7,3,0,9
ISIC,1995,4,A7,3,1,5
ISIC,1995,4,A7,3,2,3
ISIC,1995,4,A7,3,3,10
ISIC,1995,4,A7,3,4,3
ISIC,1995,4,A7,3,5,3
ISIC,1995,4,A7,3,6,1
ISIC,1995,4,A7,3,7,6
ISIC,1995,4,A7,4,0,0
ISIC,1995,4,A7,4,1,1
ISIC,1995,4,A7,4,2,5
ISIC,1995,4,A7,4,3,5
ISIC,1995,4,A7,4,4,19
ISIC,1995,4,A7,4,5,10
ISIC,1995,4,A7,4,6,0
ISIC,1995,4,A7,4,7,1
ISIC,1995,4,A7,5,0,0
ISIC,1995,4,A7,5,1,1
ISIC,1995,4,A7,5,2,2
ISIC,1995,4,A7,5,3,5
ISIC,1995,4,A7,5,4,14
ISIC,1995,4,A7,5,5,14
ISIC,1995,4,A7,5,6,0
ISIC,1995,4,A7,5,7,1
ISIC,1995,4,A7,6,0,1
ISIC,1995,4,A7,6,1,0
ISIC,1995,4,A7,6,2,3
ISIC,1995,4,A7,6,3,0
ISIC,1995,4,A7,6,4,1
ISIC,1995,4,A7,6,5,1
ISIC,1995,4,A7,6,6,20
ISIC,1995,4,A7,6,7,0
ISIC,1995,4,A7,7,0,5
ISIC,1995,4,A7,7,1,1
ISIC,1995,4,A7,7,2,3
ISIC,1995,4,A7,7,3,0
ISIC,1995,4,A7,7,4,2
ISIC,1995,4,A7,7,5,2
ISIC,1995,4,A7,7,6,1
ISIC,1995,4,A7,7,7,10
ISIC,1995,4,A8,0,0,35
ISIC,1995,4,A8,0,1,3
ISIC,1995,4,A8,0,2,2
ISIC,1995,4,A8,0,3,2
ISIC,1995,4,A8,0,4,0
ISIC,1995,4,A8,0,5,1
ISIC,1995,4,A8,0,6,0
ISIC,1995,4,A8,0,7,1
ISIC,1995,4,A8,1,0,8
ISIC,1995,4,A8,1,1,20
ISIC,1995,4,A8,1,2,2
ISIC,1995,4,A8,1,3,2
ISIC,1995,4,A8,1,4,4
ISIC,1995,4,A8,1,5,0
ISIC,1995,4,A8,1,6,0
ISIC,1995,4,A8,1,7,1
ISIC,1995,4,A8,2,0,2
ISIC,1995,4,A8,2,1,2
ISIC,1995,4,A8,2,2,22
ISIC,1995,4,A8,2,3,6
ISIC,1995,4,A8,2,4,8
ISIC,1995,4,A8,2,5,4
ISIC,1995,4,A8,2,6,1
ISIC,1995,4,A8,2,7,1
ISIC,1995,4,A8,3,0,6
ISIC,1995,4,A8,3,1,4
ISIC,1995,4,A8,3,2,3
ISIC,1995,4,A8,3,3,20
ISIC,1995,4,A8,3,4,4
ISIC,1995,4,A8,3,5,1
ISIC,1995,4,A8,3,6,0
ISIC,1995,4,A8,3,7,2
ISIC,1995,4,A8,4,0,1
ISIC,1995,4,A8,4,1,1
ISIC,1995,4,A8,4,2,2
ISIC,1995,4,A8,4,3,6
ISIC,1995,4,A8,4,4,21
ISIC,1995,4,A8,4,5,10
ISIC,1995,4,A8,4,6,0
ISIC,1995,4,A8,4,7,0
ISIC,1995,4,A8,5,0,0
ISIC,1995,4,A8,5,1,0
ISIC,1995,4,A8,5,2,3
ISIC,1995,4,A8,5,3,3
ISIC,1995,4,A8,5,4,12
ISIC,1995,4,A8,5,5,18
ISIC,1995,4,A8,5,6,0
ISIC,1995,4,A8,5,7,1
ISIC,1995,4,A8,6,0,1
ISIC,1995,4,A8,6,1,0
ISIC,1995,4,A8,6,2,2
ISIC,1995,4,A8,6,3,0
ISIC,1995,4,A8,6,4,0
ISIC,1995,4,A8,6,5,0
ISIC,1995,4,A8,6,6,23
ISIC,1995,4,A8,6,7,0
ISIC,1995,4,A8,7,0,4
ISIC,1995,4,A8,7,1,1
ISIC,1995,4,A8,7,2,2
ISIC,1995,4,A8,7,3,0
ISIC,1995,4,A8,7,4,2
ISIC,1995,4,A8,7,5,3
ISIC,1995,4,A8,7,6,0
ISIC,1995,4,A8,7,7,12
HK,1993,11,P,0,0,5
HK,1993,11,P,0,1,0
HK,1993,11,P,0,2,0
HK,1993,11,P,0,3,0
HK,1993,11,P,0,4,0
HK,1993,11,P,0,5,0
HK,1993,11,P,0,6,0
HK,1993,11,P,0,7,0
HK,1993,11,P,0,8,0
HK,1993,11,P,0,9,0
HK,1993,11,P,0,10,1
HK,1993,11,P,0,11,0
HK,1993,11,P,0,12,0
HK,1993,11,P,0,13,0
HK,1993,11,P,0,14,0
HK,1993,11,P,0,15,0
HK,1993,11,P,0,16,1
HK,1993,11,P,0,17,0
HK,1993,11,P,0,18,0
HK,1993,11,P,0,19,0
HK,1993,11,P,0,20,0
HK,1993,11,P,0,21,0
HK,1993,11,P,0,22,0
HK,1993,11,P,1,0,0
HK,1993,11,P,1,1,107
HK,1993,11,P,1,2,6
HK,1993,11,P,1,3,0
HK,1993,11,P,1,4,0
HK,1993,11,P,1,5,0
HK,1993,11,P,1,6,0
HK,1993,11,P,1,7,0
HK,1993,11,P,1,8,0
HK,1993,11,P,1,9,0
HK,1993,11,P,1,10,0
HK,1993,11,P,1,11,0
HK,1993,11,P,1,12,0
HK,1993,11,P,1,13,0
HK,1993,11,P,1,14,0
HK,1993,11,P,1,15,0
HK,1993,11,P,1,16,0
HK,1993,11,P,1,17,0
HK,1993,11,P,1,18,0
HK,1993,11,P,1,19,0
HK,1993,11,P,1,20,0
HK,1993,11,P,1,21,0
HK,1993,11,P,1,22,0
HK,1993,11,P,2,0,0
HK,1993,11,P,2,1,0
HK,1993,11,P,2,2,150
HK,1993,11,P,2,3,0
HK,1993,11,P,2,4,0
HK,1993,11,P,2,5,0
HK,1993,11,P,2,6,0
HK,1993,11,P,2,7,32
HK,1993,11,P,2,8,0
HK,1993,11,P,2,9,0
HK,1993,11,P,2,10,0
HK,1993,11,P,2,11,0
HK,1993,11,P,2,12,0
HK,1993,11,P,2,13,0
HK,1993,11,P,2,14,0
HK,1993,11,P,2,15,0
HK,1993,11,P,2,16,0
HK,1993,11,P,2,17,0
HK,1993,11,P,2,18,0
HK,1993,11,P,2,19,0
HK,1993,11,P,2,20,0
HK,1993,11,P,2,21,0
HK,1993,11,P,2,22,0
HK,1993,11,P,3,0,0
HK,1993,11,P,3,1,0
HK,1993,11,P,3,2,0
HK,1993,11,P,3,3,129
HK,1993,11,P,3,4,26
HK,1993,11,P,3,5,0
HK,1993,11,P,3,6,0
HK,1993,11,P,3,7,0
HK,1993,11,P,3,8,0
HK,1993,11,P,3,9,0
HK,1993,11,P,3,10,0
HK,1993,11,P,3,11,0
HK,1993,11,P,3,12,0
HK,1993,11,P,3,13,1
HK,1993,11,P,3,14,0
HK,1993,11,P,3,15,0
HK,1993,11,P,3,16,0
HK,1993,11,P,3,17,1
HK,1993,11,P,3,18,0
HK,1993,11,P,3,19,0
HK,1993,11,P,3,20,0
HK,1993,11,P,3,21,0
HK,1993,11,P,3,22,0
HK,1993,11,P,4,0,0
HK,1993,11,P,4,1,0
HK,1993,11,P,4,2,0
HK,1993,11,P,4,3,21
HK,1993,11,P,4,4,144
HK,1993,11,P,4,5,0
HK,1993,11,P,4,6,0
HK,1993,11,P,4,7,0
HK,1993,11,P,4,8,0
HK,1993,11,P,4,9,0
HK,1993,11,P,4,10,0
HK,1993,11,P,4,11,0
HK,1993,11,P,4,12,0
HK,1993,11,P,4,13,0
HK,1993,11,P,4,14,0
HK,1993,11,P,4,15,0
HK,1993,11,P,4,16,0
HK,1993,11,P,4,17,0
HK,1993,11,P,4,18,0
HK,1993,11,P,4,19,0
HK,1993,11,P,4,20,0
HK,1993,11,P,4,21,0
HK,1993,11,P,4,22,0
HK,1993,11,P,5,0,0
HK,1993,11,P,5,1,0
HK,1993,11,P,5,2,0
HK,1993,11,P,5,3,0
HK,1993,11,P,5,4,0
HK,1993,11,P,5,5,0
HK,1993,11,P,5,6,0
HK,1993,11,P,5,7,0
HK,1993,11,P,5,8,0
HK,1993,11,P,5,9,0
HK,1993,11,P,5,10,0
HK,1993,11,P,5,11,0
HK,1993,11,P,5,12,0
HK,1993,11,P,5,13,0
HK,1993,11,P,5,14,1
HK,1993,11,P,5,15,0
HK,1993,11,P,5,16,0
HK,1993,11,P,5,17,0
HK,1993,11,P,5,18,0
HK,1993,11,P,5,19,0
HK,1993,11,P,5,20,0
HK,1993,11,P,5,21,0
HK,1993,11,P,5,22,0
HK,1993,11,P,6,0,0
HK,1993,11,P,6,1,0
HK,1993,11,P,6,2,0
HK,1993,11,P,6,3,0
HK,1993,11,P,6,4,0
HK,1993,11,P,6,5,0
HK,1993,11,P,6,6,0
HK,1993,11,P,6,7,0
HK,1993,11,P,6,8,0
HK,1993,11,P,6,9,0
HK,1993,11,P,6,10,0
HK,1993,11,P,6,11,0
HK,1993,11,P,6,12,0
HK,1993,11,P,6,13,0
HK,1993,11,P,6,14,0
HK,1993,11,P,6,15,0
HK,1993,11,P,6,16,0
HK,1993,11,P,6,17,0
HK,1993,11,P,6,18,0
HK,1993,11,P,6,19,0
HK,1993,11,P,6,20,1
HK,1993,11,P,6,21,0
HK,1993,11,P,6,22,0
HK,1993,11,P,7,0,0
HK,1993,11,P,7,1,0
HK,1993,11,P,7,2,0
HK,1993,11,P,7,3,0
HK,1993,11,P,7,4,0
HK,1993,11,P,7,5,0
HK,1993,11,P,7,6,0
HK,1993,11,P,7,7,21
HK,1993,11,P,7,8,0
HK,1993,11,P,7,9,0
HK,1993,11,P,7,10,0
HK,1993,11,P,7,11,0
HK,1993,11,P,7,12,0
HK,1993,11,P,7,13,0
HK,1993,11,P,7,14,0
HK,1993,11,P,7,15,0
HK,1993,11,P,7,16,0
HK,1993,11,P,7,17,0
HK,1993,11,P,7,18,0
HK,1993,11,P,7,19,0
HK,1993,11,P,7,20,0
HK,1993,11,P,7,21,0
HK,1993,11,P,7,22,0
HK,1993,11,P,8,0,0
HK,1993,11,P,8,1,0
HK,1993,11,P,8,2,0
HK,1993,11,P,8,3,0
HK,1993,11,P,8,4,0
HK,1993,11,P,8,5,0
HK,1993,11,P,8,6,0
HK,1993,11,P,8,7,0
HK,1993,11,P,8,8,149
HK,1993,11,P,8,9,0
HK,1993,11,P,8,10,0
HK,1993,11,P,8,11,0
HK,1993,11,P,8,12,0
HK,1993,11,P,8,13,0
HK,1993,11,P,8,14,0
HK,1993,11,P,8,15,0
HK,1993,11,P,8,16,0
HK,1993,11,P,8,17,3
HK,1993,11,P,8,18,0
HK,1993,11,P,8,19,1
HK,1993,11,P,8,20,0
HK,1993,11,P,8,21,0
HK,1993,11,P,8,22,0
HK,1993,11,P,9,0,0
HK,1993,11,P,9,1,0
HK,1993,11,P,9,2,0
HK,1993,11,P,9,3,0
HK,1993,11,P,9,4,0
HK,1993,11,P,9,5,0
HK,1993,11,P,9,6,0
HK,1993,11,P,9,7,0
HK,1993,11,P,9,8,0
HK,1993,11,P,9,9,162
HK,1993,11,P,9,10,0
HK,1993,11,P,9,11,0
HK,1993,11,P,9,12,0
HK,1993,11,P,9,13,0
HK,1993,11,P,9,14,0
HK,1993,11,P,9,15,0
HK,1993,11,P,9,16,0
HK,1993,11,P,9,17,1
HK,1993,11,P,9,18,0
HK,1993,11,P,9,19,1
HK,1993,11,P,9,20,0
HK,1993,11,P,9,21,0
HK,1993,11,P,9,22,0
HK,1993,11,P,10,0,13
HK,1993,11,P,10,1,0
HK,1993,11,P,10,2,0
HK,1993,11,P,10,3,0
HK,1993,11,P,10,4,0
HK,1993,11,P,10,5,0
HK,1993,11,P,10,6,0
HK,1993,11,P,10,7,0
HK,1993,11,P,10,8,0
HK,1993,11,P,10,9,2
HK,1993,11,P,10,10,118
HK,1993,11,P,10,11,8
HK,1993,11,P,10,12,4
HK,1993,11,P,10,13,0
HK,1993,11,P,10,14,0
HK,1993,11,P,10,15,0
HK,1993,11,P,10,16,5
HK,1993,11,P,10,17,0
HK,1993,11,P,10,18,0
HK,1993,11,P,10,19,0
HK,1993,11,P,10,20,0
HK,1993,11,P,10,21,0
HK,1993,11,P,10,22,0
HK,1993,11,P,11,0,4
HK,1993,11,P,11,1,0
HK,1993,11,P,11,2,0
HK,1993,11,P,11,3,0
HK,1993,11,P,11,4,0
HK,1993,11,P,11,5,0
HK,1993,11,P,11,6,0
HK,1993,11,P,11,7,0
HK,1993,11,P,11,8,0
HK,1993,11,P,11,9,2
HK,1993,11,P,11,10,18
HK,1993,11,P,11,11,14
HK,1993,11,P,11,12,16
HK,1993,11,P,11,13,1
HK,1993,11,P,11,14,0
HK,1993,11,P,11,15,1
HK,1993,11,P,11,16,5
HK,1993,11,P,11,17,0
HK,1993,11,P,11,18,0
HK,1993,11,P,11,19,0
HK,1993,11,P,11,20,0
HK,1993,11,P,11,21,0
HK,1993,11,P,11,22,0
HK,1993,11,P,12,0,1
HK,1993,11,P,12,1,0
HK,1993,11,P,12,2,0
HK,1993,11,P,12,3,0
HK,1993,11,P,12,4,0
HK,1993,11,P,12,5,0
HK,1993,11,P,12,6,0
HK,1993,11,P,12,7,0
HK,1993,11,P,12,8,0
HK,1993,11,P,12,9,0
HK,1993,11,P,12,10,2
HK,1993,11,P,12,11,2
HK,1993,11,P,12,12,34
HK,1993,11,P,12,13,0
HK,1993,11,P,12,14,0
HK,1993,11,P,12,15,0
HK,1993,11,P,12,16,2
HK,1993,11,P,12,17,0
HK,1993,11,P,12,18,0
HK,1993,11,P,12,19,0
HK,1993,11,P,12,20,0
HK,1993,11,P,12,21,0
HK,1993,11,P,12,22,0
HK,1993,11,P,13,0,0
HK,1993,11,P,13,1,1
HK,1993,11,P,13,2,0
HK,1993,11,P,13,3,0
HK,1993,11,P,13,4,0
HK,1993,11,P,13,5,0
HK,1993,11,P,13,6,0
HK,1993,11,P,13,7,0
HK,1993,11,P,13,8,0
HK,1993,11,P,13,9,4
HK,1993,11,P,13,10,0
HK,1993,11,P,13,11,0
HK,1993,11,P,13,12,0
HK,1993,11,P,13,13,151
HK,1993,11,P,13,14,0
HK,1993,11,P,13,15,1
HK,1993,11,P,13,16,0
HK,1993,11,P,13,17,2
HK,1993,11,P,13,18,0
HK,1993,11,P,13,19,0
HK,1993,11,P,13,20,0
HK,1993,11,P,13,21,0
HK,1993,11,P,13,22,1
HK,1993,11,P,14,0,0
HK,1993,11,P,14,1,0
HK,1993,11,P,14,2,1
HK,1993,11,P,14,3,0
HK,1993,11,P,14,4,0
HK,1993,11,P,14,5,4
HK,1993,11,P,14,6,0
HK,1993,11,P,14,7,0
HK,1993,11,P,14,8,0
HK,1993,11,P,14,9,0
HK,1993,11,P,14,10,0
HK,1993,11,P,14,11,0
HK,1993,11,P,14,12,0
HK,1993,11,P,14,13,0
HK,1993,11,P,14,14,54
HK,1993,11,P,14,15,0
HK,1993,11,P,14,16,0
HK,1993,11,P,14,17,0
HK,1993,11,P,14,18,1
HK,1993,11,P,14,19,0
HK,1993,11,P,14,20,0
HK,1993,11,P,14,21,0
HK,1993,11,P,14,22,0
HK,1993,11,P,15,0,0
HK,1993,11,P,15,1,0
HK,1993,11,P,15,2,0
HK,1993,11,P,15,3,0
HK,1993,11,P,15,4,0
HK,1993,11,P,15,5,0
HK,1993,11,P,15,6,0
HK,1993,11,P,15,7,0
HK,1993,11,P,15,8,0
HK,1993,11,P,15,9,0
HK,1993,11,P,15,10,0
HK,1993,11,P,15,11,0
HK,1993,11,P,15,12,0
HK,1993,11,P,15,13,0
HK,1993,11,P,15,14,1
HK,1993,11,P,15,15,122
HK,1993,11,P,15,16,0
HK,1993,11,P,15,17,0
HK,1993,11,P,15,18,0
HK,1993,11,P,15,19,0
HK,1993,11,P,15,20,0
HK,1993,11,P,15,21,0
HK,1993,11,P,15,22,0
HK,1993,11,P,16,0,3
HK,1993,11,P,16,1,0
HK,1993,11,P,16,2,0
HK,1993,11,P,16,3,0
HK,1993,11,P,16,4,0
HK,1993,11,P,16,5,0
HK,1993,11,P,16,6,0
HK,1993,11,P,16,7,0
HK,1993,11,P,16,8,0
HK,1993,11,P,16,9,0
HK,1993,11,P,16,10,1
HK,1993,11,P,16,11,1
HK,1993,11,P,16,12,0
HK,1993,11,P,16,13,0
HK,1993,11,P,16,14,0
HK,1993,11,P,16,15,0
HK,1993,11,P,16,16,3
HK,1993,11,P,16,17,0
HK,1993,11,P,16,18,0
HK,1993,11,P,16,19,0
HK,1993,11,P,16,20,0
HK,1993,11,P,16,21,0
HK,1993,11,P,16,22,0
HK,1993,11,P,17,0,0
HK,1993,11,P,17,1,0
HK,1993,11,P,17,2,0
HK,1993,11,P,17,3,0
HK,1993,11,P,17,4,1
HK,1993,11,P,17,5,0
HK,1993,11,P,17,6,0
HK,1993,11,P,17,7,0
HK,1993,11,P,17,8,0
HK,1993,11,P,17,9,0
HK,1993,11,P,17,10,0
HK,1993,11,P,17,11,0
HK,1993,11,P,17,12,0
HK,1993,11,P,17,13,0
HK,1993,11,P,17,14,0
HK,1993,11,P,17,15,0
HK,1993,11,P,17,16,0
HK,1993,11,P,17,17,3
HK,1993,11,P,17,18,1
HK,1993,11,P,17,19,0
HK,1993,11,P,17,20,0
HK,1993,11,P,17,21,0
HK,1993,11,P,17,22,0
HK,1993,11,P,18,0,0
HK,1993,11,P,18,1,0
HK,1993,11,P,18,2,0
HK,1993,11,P,18,3,0
HK,1993,11,P,18,4,0
HK,1993,11,P,18,5,0
HK,1993,11,P,18,6,1
HK,1993,11,P,18,7,1
HK,1993,11,P,18,8,3
HK,1993,11,P,18,9,0
HK,1993,11,P,18,10,0
HK,1993,11,P,18,11,0
HK,1993,11,P,18,12,0
HK,1993,11,P,18,13,1
HK,1993,11,P,18,14,0
HK,1993,11,P,18,15,0
HK,1993,11,P,18,16,0
HK,1993,11,P,18,17,4
HK,1993,11,P,18,18,11
HK,1993,11,P,18,19,3
HK,1993,11,P,18,20,2
HK,1993,11,P,18,21,2
HK,1993,11,P,18,22,5
HK,1993,11,P,19,0,0
HK,1993,11,P,19,1,0
HK,1993,11,P,19,2,0
HK,1993,11,P,19,3,0
HK,1993,11,P,19,4,0
HK,1993,11,P,19,5,0
HK,1993,11,P,19,6,0
HK,1993,11,P,19,7,0
HK,1993,11,P,19,8,0
HK,1993,11,P,19,9,0
HK,1993,11,P,19,10,0
HK,1993,11,P,19,11,0
HK,1993,11,P,19,12,0
HK,1993,11,P,19,13,0
HK,1993,11,P,19,14,0
HK,1993,11,P,19,15,0
HK,1993,11,P,19,16,0
HK,1993,11,P,19,17,0
HK,1993,11,P,19,18,0
HK,1993,11,P,19,19,0
HK,1993,11,P,19,20,1
HK,1993,11,P,19,21,1
HK,1993,11,P,19,22,0
HK,1993,11,P,20,0,0
HK,1993,11,P,20,1,2
HK,1993,11,P,20,2,4
HK,1993,11,P,20,3,0
HK,1993,11,P,20,4,0
HK,1993,11,P,20,5,1
HK,1993,11,P,20,6,2
HK,1993,11,P,20,7,1
HK,1993,11,P,20,8,2
HK,1993,11,P,20,9,0
HK,1993,11,P,20,10,0
HK,1993,11,P,20,11,0
HK,1993,11,P,20,12,1
HK,1993,11,P,20,13,2
HK,1993,11,P,20,14,1
HK,1993,11,P,20,15,0
HK,1993,11,P,20,16,0
HK,1993,11,P,20,17,1
HK,1993,11,P,20,18,10
HK,1993,11,P,20,19,4
HK,1993,11,P,20,20,11
HK,1993,11,P,20,21,9
HK,1993,11,P,20,22,15
HK,1993,11,P,21,0,0
HK,1993,11,P,21,1,0
HK,1993,11,P,21,2,0
HK,1993,11,P,21,3,0
HK,1993,11,P,21,4,0
HK,1993,11,P,21,5,0
HK,1993,11,P,21,6,0
HK,1993,11,P,21,7,0
HK,1993,11,P,21,8,0
HK,1993,11,P,21,9,0
HK,1993,11,P,21,10,0
HK,1993,11,P,21,11,0
HK,1993,11,P,21,12,0
HK,1993,11,P,21,13,0
HK,1993,11,P,21,14,0
HK,1993,11,P,21,15,0
HK,1993,11,P,21,16,0
HK,1993,11,P,21,17,0
HK,1993,11,P,21,18,0
HK,1993,11,P,21,19,0
HK,1993,11,P,21,20,1
HK,1993,11,P,21,21,0
HK,1993,11,P,21,22,3
HK,1993,11,P,22,0,0
HK,1993,11,P,22,1,1
HK,1993,11,P,22,2,0
HK,1993,11,P,22,3,0
HK,1993,11,P,22,4,0
HK,1993,11,P,22,5,0
HK,1993,11,P,22,6,1
HK,1993,11,P,22,7,0
HK,1993,11,P,22,8,0
HK,1993,11,P,22,9,0
HK,1993,11,P,22,10,0
HK,1993,11,P,22,11,0
HK,1993,11,P,22,12,0
HK,1993,11,P,22,13,0
HK,1993,11,P,22,14,0
HK,1993,11,P,22,15,0
HK,1993,11,P,22,16,0
HK,1993,11,P,22,17,0
HK,1993,11,P,22,18,0
HK,1993,11,P,22,19,0
HK,1993,11,P,22,20,1
HK,1993,11,P,22,21,2
HK,1993,11,P,22,22,16
HK,1993,11,A0,0,0,5
HK,1993,11,A0,0,1,0
HK,1993,11,A0,0,2,0
HK,1993,11,A0,0,3,0
HK,1993,11,A0,0,4,0
HK,1993,11,A0,0,5,0
HK,1993,11,A0,0,6,0
HK,1993,11,A0,0,7,0
HK,1993,11,A0,0,8,0
HK,1993,11,A0,0,9,0
HK,1993,11,A0,0,10,1
HK,1993,11,A0,0,11,0
HK,1993,11,A0,0,12,0
HK,1993,11,A0,0,13,0
HK,1993,11,A0,0,14,0
HK,1993,11,A0,0,15,0
HK,1993,11,A0,0,16,1
HK,1993,11,A0,0,17,0
HK,1993,11,A0,0,18,0
HK,1993,11,A0,0,19,0
HK,1993,11,A0,0,20,0
HK,1993,11,A0,0,21,0
HK,1993,11,A0,0,22,0
HK,1993,11,A0,1,0,0
HK,1993,11,A0,1,1,107
HK,1993,11,A0,1,2,6
HK,1993,11,A0,1,3,0
HK,1993,11,A0,1,4,0
HK,1993,11,A0,1,5,0
HK,1993,11,A0,1,6,0
HK,1993,11,A0,1,7,0
HK,1993,11,A0,1,8,0
HK,1993,11,A0,1,9,0
HK,1993,11,A0,1,10,0
HK,1993,11,A0,1,11,0
HK,1993,11,A0,1,12,0
HK,1993,11,A0,1,13,0
HK,1993,11,A0,1,14,0
HK,1993,11,A0,1,15,0
HK,1993,11,A0,1,16,0
HK,1993,11,A0,1,17,0
HK,1993,11,A0,1,18,0
HK,1993,11,A0,1,19,0
HK,1993,11,A0,1,20,0
HK,1993,11,A0,1,21,0
HK,1993,11,A0,1,22,0
HK,1993,11,A0,2,0,0
HK,1993,11,A0,2,1,0
HK,1993,11,A0,2,2,151
HK,1993,11,A0,2,3,0
HK,1993,11,A0,2,4,0
HK,1993,11,A0,2,5,0
HK,1993,11,A0,2,6,0
HK,1993,11,A0,2,7,31
HK,1993,11,A0,2,8,0
HK,1993,11,A0,2,9,0
HK,1993,11,A0,2,10,0
HK,1993,11,A0,2,11,0
HK,1993,11,A0,2,12,0
HK,1993,11,A0,2,13,0
HK,1993,11,A0,2,14,0
HK,1993,11,A0,2,15,0
HK,1993,11,A0,2,16,0
HK,1993,11,A0,2,17,0
HK,1993,11,A0,2,18,0
HK,1993,11,A0,2,19,0
HK,1993,11,A0,2,20,0
HK,1993,11,A0,2,21,0
HK,1993,11,A0,2,22,0
HK,1993,11,A0,3,0,0
HK,1993,11,A0,3,1,0
HK,1993,11,A0,3,2,0
HK,1993,11,A0,3,3,130
HK,1993,11,A0,3,4,26
HK,1993,11,A0,3,5,0
HK,1993,11,A0,3,6,0
HK,1993,11,A0,3,7,0
HK,1993,11,A0,3,8,0
HK,1993,11,A0,3,9,0
HK,1993,11,A0,3,10,0
HK,1993,11,A0,3,11,0
HK,1993,11,A0,3,12,0
HK,1993,11,A0,3,13,0
HK,1993,11,A0,3,14,0
HK,1993,11,A0,3,15,0
HK,1993,11,A0,3,16,0
HK,1993,11,A0,3,17,1
HK,1993,11,A0,3,18,0
HK,1993,11,A0,3,19,0
HK,1993,11,A0,3,20,0
HK,1993,11,A0,3,21,0
HK,1993,11,A0,3,22,0
HK,1993,11,A0,4,0,0
HK,1993,11,A0,4,1,0
HK,1993,11,A0,4,2,0
HK,1993,11,A0,4,3,22
HK,1993,11,A0,4,4,143
HK,1993,11,A0,4,5,0
HK,1993,11,A0,4,6,0
HK,1993,11,A0,4,7,0
HK,1993,11,A0,4,8,0
HK,1993,11,A0,4,9,0
HK,1993,11,A0,4,10,0
HK,1993,11,A0,4,11,0
HK,1993,11,A0,4,12,0
HK,1993,11,A0,4,13,0
HK,1993,11,A0,4,14,0
HK,1993,11,A0,4,15,0
HK,1993,11,A0,4,16,0
HK,1993,11,A0,4,17,0
HK,1993,11,A0,4,18,0
HK,1993,11,A0,4,19,0
HK,1993,11,A0,4,20,0
HK,1993,11,A0,4,21,0
HK,1993,11,A0,4,22,0
HK,1993,11,A0,5,0,0
HK,1993,11,A0,5,1,0
HK,1993,11,A0,5,2,0
HK,1993,11,A0,5,3,0
HK,1993,11,A0,5,4,0
HK,1993,11,A0,5,5,0
HK,1993,11,A0,5,6,0
HK,1993,11,A0,5,7,0
HK,1993,11,A0,5,8,0
HK,1993,11,A0,5,9,0
HK,1993,11,A0,5,10,0
HK,1993,11,A0,5,11,0
HK,1993,11,A0,5,12,0
HK,1993,11,A0,5,13,0
HK,1993,11,A0,5,14,1
HK,1993,11,A0,5,15,0
HK,1993,11,A0,5,16,0
HK,1993,11,A0,5,17,0
HK,1993,11,A0,5,18,0
HK,1993,11,A0,5,19,0
HK,1993,11,A0,5,20,0
HK,1993,11,A0,5,21,0
HK,1993,11,A0,5,22,0
HK,1993,11,A0,6,0,0
HK,1993,11,A0,6,1,0
HK,1993,11,A0,6,2,0
HK,1993,11,A0,6,3,0
HK,1993,11,A0,6,4,0
HK,1993,11,A0,6,5,0
HK,1993,11,A0,6,6,0
HK,1993,11,A0,6,7,0
HK,1993,11,A0,6,8,0
HK,1993,11,A0,6,9,0
HK,1993,11,A0,6,10,0
HK,1993,11,A0,6,11,0
HK,1993,11,A0,6,12,0
HK,1993,11,A0,6,13,0
HK,1993,11,A0,6,14,0
HK,1993,11,A0,6,15,0
HK,1993,11,A0,6,16,0
HK,1993,11,A0,6,17,0
HK,1993,11,A0,6,18,0
HK,1993,11,A0,6,19,0
HK,1993,11,A0,6,20,1
HK,1993,11,A0,6,21,0
HK,1993,11,A0,6,22,0
HK,1993,11,A0,7,0,0
HK,1993,11,A0,7,1,0
HK,1993,11,A0,7,2,0
HK,1993,11,A0,7,3,0
HK,1993,11,A0,7,4,0
HK,1993,11,A0,7,5,0
HK,1993,11,A0,7,6,0
HK,1993,11,A0,7,7,21
HK,1993,11,A0,7,8,0
HK,1993,11,A0,7,9,0
HK,1993,11,A0,7,10,0
HK,1993,11,A0,7,11,0
HK,1993,11,A0,7,12,0
HK,1993,11,A0,7,13,0
HK,1993,11,A0,7,14,0
HK,1993,11,A0,7,15,0
HK,1993,11,A0,7,16,0
HK,1993,11,A0,7,17,0
HK,1993,11,A0,7,18,0
HK,1993,11,A0,7,19,0
HK,1993,11,A0,7,20,0
HK,1993,11,A0,7,21,0
HK,1993,11,A0,7,22,0
HK,1993,11,A0,8,0,0
HK,1993,11,A0,8,1,0
HK,1993,11,A0,8,2,0
HK,1993,11,A0,8,3,0
HK,1993,11,A0,8,4,0
HK,1993,11,A0,8,5,0
HK,1993,11,A0,8,6,0
HK,1993,11,A0,8,7,0
HK,1993,11,A0,8,8,150
HK,1993,11,A0,8,9,0
HK,1993,11,A0,8,10,0
HK,1993,11,A0,8,11,0
HK,1993,11,A0,8,12,0
HK,1993,11,A0,8,13,0
HK,1993,11,A0,8,14,0
HK,1993,11,A0,8,15,0
HK,1993,11,A0,8,16,0
HK,1993,11,A0,8,17,3
HK,1993,11,A0,8,18,0
HK,1993,11,A0,8,19,0
HK,1993,11,A0,8,20,0
HK,1993,11,A0,8,21,0
HK,1993,11,A0,8,22,0
HK,1993,11,A0,9,0,0
HK,1993,11,A0,9,1,0
HK,1993,11,A0,9,2,0
HK,1993,11,A0,9,3,0
HK,1993,11,A0,9,4,0
HK,1993,11,A0,9,5,0
HK,1993,11,A0,9,6,0
HK,1993,11,A0,9,7,0
HK,1993,11,A0,9,8,0
HK,1993,11,A0,9,9,162
HK,1993,11,A0,9,10,0
HK,1993,11,A0,9,11,0
HK,1993,11,A0,9,12,0
HK,1993,11,A0,9,13,0
HK,1993,11,A0,9,14,0
HK,1993,11,A0,9,15,0
HK,1993,11,A0,9,16,0
HK,1993,11,A0,9,17,1
HK,1993,11,A0,9,18,0
HK,1993,11,A0,9,19,1
HK,1993,11,A0,9,20,0
HK,1993,11,A0,9,21,0
HK,1993,11,A0,9,22,0
HK,1993,11,A0,10,0,13
HK,1993,11,A0,10,1,0
HK,1993,11,A0,10,2,0
HK,1993,11,A0,10,3,0
HK,1993,11,A0,10,4,0
HK,1993,11,A0,10,5,0
HK,1993,11,A0,10,6,0
HK,1993,11,A0,10,7,0
HK,1993,11,A0,10,8,0
HK,1993,11,A0,10,9,2
HK,1993,11,A0,10,10,119
HK,1993,11,A0,10,11,7
HK,1993,11,A0,10,12,4
HK,1993,11,A0,10,13,0
HK,1993,11,A0,10,14,0
HK,1993,11,A0,10,15,0
HK,1993,11,A0,10,16,5
HK,1993,11,A0,10,17,0
HK,1993,11,A0,10,18,0
HK,1993,11,A0,10,19,0
HK,1993,11,A0,10,20,0
HK,1993,11,A0,10,21,0
HK,1993,11,A0,10,22,0
HK,1993,11,A0,11,0,4
HK,1993,11,A0,11,1,0
HK,1993,11,A0,11,2,0
HK,1993,11,A0,11,3,0
HK,1993,11,A0,11,4,0
HK,1993,11,A0,11,5,0
HK,1993,11,A0,11,6,0
HK,1993,11,A0,11,7,0
HK,1993,11,A0,11,8,0
HK,1993,11,A0,11,9,2
HK,1993,11,A0,11,10,18
HK,1993,11,A0,11,11,14
HK,1993,11,A0,11,12,16
HK,1993,11,A0,11,13,1
HK,1993,11,A0,11,14,0
HK,1993,11,A0,11,15,1
HK,1993,11,A0,11,16,5
HK,1993,11,A0,11,17,0
HK,1993,11,A0,11,18,0
HK,1993,11,A0,11,19,0
HK,1993,11,A0,11,20,0
HK,1993,11,A0,11,21,0
HK,1993,11,A0,11,22,0
HK,1993,11,A0,12,0,1
HK,1993,11,A0,12,1,0
HK,1993,11,A0,12,2,0
HK,1993,11,A0,12,3,0
HK,1993,11,A0,12,4,0
HK,1993,11,A0,12,5,0
HK,1993,11,A0,12,6,0
HK,1993,11,A0,12,7,0
HK,1993,11,A0,12,8,0
HK,1993,11,A0,12,9,0
HK,1993,11,A0,12,10,2
HK,1993,11,A0,12,11,2
HK,1993,11,A0,12,12,34
HK,1993,11,A0,12,13,0
HK,1993,11,A0,12,14,0
HK,1993,11,A0,12,15,0
HK,1993,11,A0,12,16,2
HK,1993,11,A0,12,17,0
HK,1993,11,A0,12,18,0
HK,1993,11,A0,12,19,0
HK,1993,11,A0,12,20,0
HK,1993,11,A0,12,21,0
HK,1993,11,A0,12,22,0
HK,1993,11,A0,13,0,0
HK,1993,11,A0,13,1,1
HK,1993,11,A0,13,2,0
HK,1993,11,A0,13,3,0
HK,1993,11,A0,13,4,0
HK,1993,11,A0,13,5,0
HK,1993,11,A0,13,6,0
HK,1993,11,A0,13,7,0
HK,1993,11,A0,13,8,0
HK,1993,11,A0,13,9,4
HK,1993,11,A0,13,10,0
HK,1993,11,A0,13,11,0
HK,1993,11,A0,13,12,0
HK,1993,11,A0,13,13,151
HK,1993,11,A0,13,14,1
HK,1993,11,A0,13,15,1
HK,1993,11,A0,13,16,0
HK,1993,11,A0,13,17,2
HK,1993,11,A0,13,18,0
HK,1993,11,A0,13,19,0
HK,1993,11,A0,13,20,0
HK,1993,11,A0,13,21,0
HK,1993,11,A0,13,22,0
HK,1993,11,A0,14,0,0
HK,1993,11,A0,14,1,0
HK,1993,11,A0,14,2,1
HK,1993,11,A0,14,3,0
HK,1993,11,A0,14,4,0
HK,1993,11,A0,14,5,4
HK,1993,11,A0,14,6,0
HK,1993,11,A0,14,7,0
HK,1993,11,A0,14,8,0
HK,1993,11,A0,14,9,0
HK,1993,11,A0,14,10,0
HK,1993,11,A0,14,11,0
HK,1993,11,A0,14,12,0
HK,1993,11,A0,14,13,0
HK,1993,11,A0,14,14,54
HK,1993,11,A0,14,15,0
HK,1993,11,A0,14,16,0
HK,1993,11,A0,14,17,0
HK,1993,11,A0,14,18,1
HK,1993,11,A0,14,19,0
HK,1993,11,A0,14,20,0
HK,1993,11,A0,14,21,0
HK,1993,11,A0,14,22,0
HK,1993,11,A0,15,0,0
HK,1993,11,A0,15,1,0
HK,1993,11,A0,15,2,0
HK,1993,11,A0,15,3,0
HK,1993,11,A0,15,4,0
HK,1993,11,A0,15,5,0
HK,1993,11,A0,15,6,0
HK,1993,11,A0,15,7,0
HK,1993,11,A0,15,8,0
HK,1993,11,A0,15,9,0
HK,1993,11,A0,15,10,0
HK,1993,11,A0,15,11,0
HK,1993,11,A0,15,12,0
HK,1993,11,A0,15,13,0
HK,1993,11,A0,15,14,1
HK,1993,11,A0,15,15,122
HK,1993,11,A0,15,16,0
HK,1993,11,A0,15,17,0
HK,1993,11,A0,15,18,0
HK,1993,11,A0,15,19,0
HK,1993,11,A0,15,20,0
HK,1993,11,A0,15,21,0
HK,1993,11,A0,15,22,0
HK,1993,11,A0,16,0,3
HK,1993,11,A0,16,1,0
HK,1993,11,A0,16,2,0
HK,1993,11,A0,16,3,0
HK,1993,11,A0,16,4,0
HK,1993,11,A0,16,5,0
HK,1993,11,A0,16,6,0
HK,1993,11,A0,16,7,0
HK,1993,11,A0,16,8,0
HK,1993,11,A0,16,9,0
HK,1993,11,A0,16,10,1
HK,1993,11,A0,16,11,1
HK,1993,11,A0,16,12,0
HK,1993,11,A0,16,13,0
HK,1993,11,A0,16,14,0
HK,1993,11,A0,16,15,0
HK,1993,11,A0,16,16,3
HK,1993,11,A0,16,17,0
HK,1993,11,A0,16,18,0
HK,1993,11,A0,16,19,0
HK,1993,11,A0,16,20,0
HK,1993,11,A0,16,21,0
HK,1993,11,A0,16,22,0
HK,1993,11,A0,17,0,0
HK,1993,11,A0,17,1,0
HK,1993,11,A0,17,2,0
HK,1993,11,A0,17,3,0
HK,1993,11,A0,17,4,1
HK,1993,11,A0,17,5,0
HK,1993,11,A0,17,6,0
HK,1993,11,A0,17,7,0
HK,1993,11,A0,17,8,0
HK,1993,11,A0,17,9,0
HK,1993,11,A0,17,10,0
HK,1993,11,A0,17,11,0
HK,1993,11,A0,17,12,0
HK,1993,11,A0,17,13,0
HK,1993,11,A0,17,14,0
HK,1993,11,A0,17,15,0
HK,1993,11,A0,17,16,0
HK,1993,11,A0,17,17,3
HK,1993,11,A0,17,18,1
HK,1993,11,A0,17,19,0
HK,1993,11,A0,17,20,0
HK,1993,11,A0,17,21,0
HK,1993,11,A0,17,22,0
HK,1993,11,A0,18,0,0
HK,1993,11,A0,18,1,0
HK,1993,11,A0,18,2,0
HK,1993,11,A0,18,3,0
HK,1993,11,A0,18,4,0
HK,1993,11,A0,18,5,0
HK,1993,11,A0,18,6,1
HK,1993,11,A0,18,7,1
HK,1993,11,A0,18,8,3
HK,1993,11,A0,18,9,0
HK,1993,11,A0,18,10,0
HK,1993,11,A0,18,11,0
HK,1993,11,A0,18,12,0
HK,1993,11,A0,18,13,1
HK,1993,11,A0,18,14,0
HK,1993,11,A0,18,15,0
HK,1993,11,A0,18,16,0
HK,1993,11,A0,18,17,4
HK,1993,11,A0,18,18,11
HK,1993,11,A0,18,19,3
HK,1993,11,A0,18,20,2
HK,1993,11,A0,18,21,2
HK,1993,11,A0,18,22,5
HK,1993,11,A0,19,0,0
HK,1993,11,A0,19,1,0
HK,1993,11,A0,19,2,0
HK,1993,11,A0,19,3,0
HK,1993,11,A0,19,4,0
HK,1993,11,A0,19,5,0
HK,1993,11,A0,19,6,0
HK,1993,11,A0,19,7,0
HK,1993,11,A0,19,8,0
HK,1993,11,A0,19,9,0
HK,1993,11,A0,19,10,0
HK,1993,11,A0,19,11,0
HK,1993,11,A0,19,12,0
HK,1993,11,A0,19,13,0
HK,1993,11,A0,19,14,0
HK,1993,11,A0,19,15,0
HK,1993,11,A0,19,16,0
HK,1993,11,A0,19,17,0
HK,1993,11,A0,19,18,0
HK,1993,11,A0,19,19,0
HK,1993,11,A0,19,20,1
HK,1993,11,A0,19,21,1
HK,1993,11,A0,19,22,0
HK,1993,11,A0,20,0,0
HK,1993,11,A0,20,1,2
HK,1993,11,A0,20,2,4
HK,1993,11,A0,20,3,0
HK,1993,11,A0,20,4,0
HK,1993,11,A0,20,5,1
HK,1993,11,A0,20,6,2
HK,1993,11,A0,20,7,1
HK,1993,11,A0,20,8,2
HK,1993,11,A0,20,9,0
HK,1993,11,A0,20,10,0
HK,1993,11,A0,20,11,0
HK,1993,11,A0,20,12,1
HK,1993,11,A0,20,13,2
HK,1993,11,A0,20,14,1
HK,1993,11,A0,20,15,0
HK,1993,11,A0,20,16,0
HK,1993,11,A0,20,17,1
HK,1993,11,A0,20,18,10
HK,1993,11,A0,20,19,4
HK,1993,11,A0,20,20,11
HK,1993,11,A0,20,21,9
HK,1993,11,A0,20,22,15
HK,1993,11,A0,21,0,0
HK,1993,11,A0,21,1,0
HK,1993,11,A0,21,2,0
HK,1993,11,A0,21,3,0
HK,1993,11,A0,21,4,0
HK,1993,11,A0,21,5,0
HK,1993,11,A0,21,6,0
HK,1993,11,A0,21,7,0
HK,1993,11,A0,21,8,0
HK,1993,11,A0,21,9,0
HK,1993,11,A0,21,10,0
HK,1993,11,A0,21,11,0
HK,1993,11,A0,21,12,0
HK,1993,11,A0,21,13,0
HK,1993,11,A0,21,14,0
HK,1993,11,A0,21,15,0
HK,1993,11,A0,21,16,0
HK,1993,11,A0,21,17,0
HK,1993,11,A0,21,18,0
HK,1993,11,A0,21,19,0
HK,1993,11,A0,21,20,1
HK,1993,11,A0,21,21,0
HK,1993,11,A0,21,22,3
HK,1993,11,A0,22,0,0
HK,1993,11,A0,22,1,1
HK,1993,11,A0,22,2,0
HK,1993,11,A0,22,3,0
HK,1993,11,A0,22,4,0
HK,1993,11,A0,22,5,0
HK,1993,11,A0,22,6,1
HK,1993,11,A0,22,7,0
HK,1993,11,A0,22,8,0
HK,1993,11,A0,22,9,0
HK,1993,11,A0,22,10,0
HK,1993,11,A0,22,11,0
HK,1993,11,A0,22,12,0
HK,1993,11,A0,22,13,0
HK,1993,11,A0,22,14,0
HK,1993,11,A0,22,15,0
HK,1993,11,A0,22,16,0
HK,1993,11,A0,22,17,0
HK,1993,11,A0,22,18,0
HK,1993,11,A0,22,19,0
HK,1993,11,A0,22,20,1
HK,1993,11,A0,22,21,2
HK,1993,11,A0,22,22,16
HK,1993,11,A1,0,0,3
HK,1993,11,A1,0,1,0
HK,1993,11,A1,0,2,0
HK,1993,11,A1,0,3,0
HK,1993,11,A1,0,4,0
HK,1993,11,A1,0,5,0
HK,1993,11,A1,0,6,0
HK,1993,11,A1,0,7,0
HK,1993,11,A1,0,8,0
HK,1993,11,A1,0,9,1
HK,1993,11,A1,0,10,1
HK,1993,11,A1,0,11,0
HK,1993,11,A1,0,12,1
HK,1993,11,A1,0,13,0
HK,1993,11,A1,0,14,0
HK,1993,11,A1,0,15,0
HK,1993,11,A1,0,16,1
HK,1993,11,A1,0,17,0
HK,1993,11,A1,0,18,0
HK,1993,11,A1,0,19,0
HK,1993,11,A1,0,20,0
HK,1993,11,A1,0,21,0
HK,1993,11,A1,0,22,0
HK,1993,11,A1,1,0,0
HK,1993,11,A1,1,1,96
HK,1993,11,A1,1,2,15
HK,1993,11,A1,1,3,0
HK,1993,11,A1,1,4,0
HK,1993,11,A1,1,5,0
HK,1993,11,A1,1,6,1
HK,1993,11,A1,1,7,1
HK,1993,11,A1,1,8,0
HK,1993,11,A1,1,9,0
HK,1993,11,A1,1,10,0
HK,1993,11,A1,1,11,0
HK,1993,11,A1,1,12,0
HK,1993,11,A1,1,13,0
HK,1993,11,A1,1,14,0
HK,1993,11,A1,1,15,0
HK,1993,11,A1,1,16,0
HK,1993,11,A1,1,17,0
HK,1993,11,A1,1,18,0
HK,1993,11,A1,1,19,0
HK,1993,11,A1,1,20,0
HK,1993,11,A1,1,21,0
HK,1993,11,A1,1,22,0
HK,1993,11,A1,2,0,0
HK,1993,11,A1,2,1,1
HK,1993,11,A1,2,2,148
HK,1993,11,A1,2,3,0
HK,1993,11,A1,2,4,0
HK,1993,11,A1,2,5,0
HK,1993,11,A1,2,6,0
HK,1993,11,A1,2,7,33
HK,1993,11,A1,2,8,0
HK,1993,11,A1,2,9,0
HK,1993,11,A1,2,10,0
HK,1993,11,A1,2,11,0
HK,1993,11,A1,2,12,0
HK,1993,11,A1,2,13,0
HK,1993,11,A1,2,14,0
HK,1993,11,A1,2,15,0
HK,1993,11,A1,2,16,0
HK,1993,11,A1,2,17,0
HK,1993,11,A1,2,18,0
HK,1993,11,A1,2,19,0
HK,1993,11,A1,2,20,0
HK,1993,11,A1,2,21,0
HK,1993,11,A1,2,22,0
HK,1993,11,A1,3,0,0
HK,1993,11,A1,3,1,0
HK,1993,11,A1,3,2,0
HK,1993,11,A1,3,3,120
HK,1993,11,A1,3,4,34
HK,1993,11,A1,3,5,0
HK,1993,11,A1,3,6,0
HK,1993,11,A1,3,7,0
HK,1993,11,A1,3,8,1
HK,1993,11,A1,3,9,0
HK,1993,11,A1,3,10,0
HK,1993,11,A1,3,11,0
HK,1993,11,A1,3,12,0
HK,1993,11,A1,3,13,0
HK,1993,11,A1,3,14,1
HK,1993,11,A1,3,15,0
HK,1993,11,A1,3,16,0
HK,1993,11,A1,3,17,1
HK,1993,11,A1,3,18,0
HK,1993,11,A1,3,19,0
HK,1993,11,A1,3,20,0
HK,1993,11,A1,3,21,0
HK,1993,11,A1,3,22,0
HK,1993,11,A1,4,0,0
HK,1993,11,A1,4,1,0
HK,1993,11,A1,4,2,0
HK,1993,11,A1,4,3,24
HK,1993,11,A1,4,4,139
HK,1993,11,A1,4,5,0
HK,1993,11,A1,4,6,0
HK,1993,11,A1,4,7,0
HK,1993,11,A1,4,8,2
HK,1993,11,A1,4,9,0
HK,1993,11,A1,4,10,0
HK,1993,11,A1,4,11,0
HK,1993,11,A1,4,12,0
HK,1993,11,A1,4,13,0
HK,1993,11,A1,4,14,0
HK,1993,11,A1,4,15,0
HK,1993,11,A1,4,16,0
HK,1993,11,A1,4,17,0
HK,1993,11,A1,4,18,0
HK,1993,11,A1,4,19,0
HK,1993,11,A1,4,20,0
HK,1993,11,A1,4,21,0
HK,1993,11,A1,4,22,0
HK,1993,11,A1,5,0,0
HK,1993,11,A1,5,1,0
HK,1993,11,A1,5,2,0
HK,1993,11,A1,5,3,0
HK,1993,11,A1,5,4,0
HK,1993,11,A1,5,5,0
HK,1993,11,A1,5,6,0
HK,1993,11,A1,5,7,0
HK,1993,11,A1,5,8,0
HK,1993,11,A1,5,9,0
HK,1993,11,A1,5,10,0
HK,1993,11,A1,5,11,0
HK,1993,11,A1,5,12,0
HK,1993,11,A1,5,13,0
HK,1993,11,A1,5,14,1
HK,1993,11,A1,5,15,0
HK,1993,11,A1,5,16,0
HK,1993,11,A1,5,17,0
HK,1993,11,A1,5,18,0
HK,1993,11,A1,5,19,0
HK,1993,11,A1,5,20,0
HK,1993,11,A1,5,21,0
HK,1993,11,A1,5,22,0
HK,1993,11,A1,6,0,0
HK,1993,11,A1,6,1,0
HK,1993,11,A1,6,2,0
HK,1993,11,A1,6,3,0
HK,1993,11,A1,6,4,0
HK,1993,11,A1,6,5,0
HK,1993,11,A1,6,6,0
HK,1993,11,A1,6,7,0
HK,1993,11,A1,6,8,0
HK,1993,11,A1,6,9,0
HK,1993,11,A1,6,10,0
HK,1993,11,A1,6,11,0
HK,1993,11,A1,6,12,0
HK,1993,11,A1,6,13,0
HK,1993,11,A1,6,14,0
HK,1993,11,A1,6,15,0
HK,1993,11,A1,6,16,0
HK,1993,11,A1,6,17,0
HK,1993,11,A1,6,18,0
HK,1993,11,A1,6,19,0
HK,1993,11,A1,6,20,0
HK,1993,11,A1,6,21,0
HK,1993,11,A1,6,22,1
HK,1993,11,A1,7,0,0
HK,1993,11,A1,7,1,0
HK,1993,11,A1,7,2,0
HK,1993,11,A1,7,3,0
HK,1993,11,A1,7,4,0
HK,1993,11,A1,7,5,0
HK,1993,11,A1,7,6,0
HK,1993,11,A1,7,7,21
HK,1993,11,A1,7,8,0
HK,1993,11,A1,7,9,0
HK,1993,11,A1,7,10,0
HK,1993,11,A1,7,11,0
HK,1993,11,A1,7,12,0
HK,1993,11,A1,7,13,0
HK,1993,11,A1,7,14,0
HK,1993,11,A1,7,15,0
HK,1993,11,A1,7,16,0
HK,1993,11,A1,7,17,0
HK,1993,11,A1,7,18,0
HK,1993,11,A1,7,19,0
HK,1993,11,A1,7,20,0
HK,1993,11,A1,7,21,0
HK,1993,11,A1,7,22,0
HK,1993,11,A1,8,0,0
HK,1993,11,A1,8,1,0
HK,1993,11,A1,8,2,0
HK,1993,11,A1,8,3,0
HK,1993,11,A1,8,4,0
HK,1993,11,A1,8,5,0
HK,1993,11,A1,8,6,0
HK,1993,11,A1,8,7,0
HK,1993,11,A1,8,8,148
HK,1993,11,A1,8,9,0
HK,1993,11,A1,8,10,0
HK,1993,11,A1,8,11,0
HK,1993,11,A1,8,12,0
HK,1993,11,A1,8,13,2
HK,1993,11,A1,8,14,0
HK,1993,11,A1,8,15,0
HK,1993,11,A1,8,16,0
HK,1993,11,A1,8,17,3
HK,1993,11,A1,8,18,0
HK,1993,11,A1,8,19,0
HK,1993,11,A1,8,20,0
HK,1993,11,A1,8,21,0
HK,1993,11,A1,8,22,0
HK,1993,11,A1,9,0,0
HK,1993,11,A1,9,1,0
HK,1993,11,A1,9,2,0
HK,1993,11,A1,9,3,0
HK,1993,11,A1,9,4,0
HK,1993,11,A1,9,5,0
HK,1993,11,A1,9,6,0
HK,1993,11,A1,9,7,0
HK,1993,11,A1,9,8,0
HK,1993,11,A1,9,9,161
HK,1993,11,A1,9,10,0
HK,1993,11,A1,9,11,0
HK,1993,11,A1,9,12,0
HK,1993,11,A1,9,13,1
HK,1993,11,A1,9,14,0
HK,1993,11,A1,9,15,1
HK,1993,11,A1,9,16,0
HK,1993,11,A1,9,17,0
HK,1993,11,A1,9,18,0
HK,1993,11,A1,9,19,1
HK,1993,11,A1,9,20,0
HK,1993,11,A1,9,21,0
HK,1993,11,A1,9,22,0
HK,1993,11,A1,10,0,13
HK,1993,11,A1,10,1,0
HK,1993,11,A1,10,2,0
HK,1993,11,A1,10,3,0
HK,1993,11,A1,10,4,0
HK,1993,11,A1,10,5,0
HK,1993,11,A1,10,6,0
HK,1993,11,A1,10,7,0
HK,1993,11,A1,10,8,0
HK,1993,11,A1,10,9,4
HK,1993,11,A1,10,10,118
HK,1993,11,A1,10,11,2
HK,1993,11,A1,10,12,3
HK,1993,11,A1,10,13,0
HK,1993,11,A1,10,14,0
HK,1993,11,A1,10,15,1
HK,1993,11,A1,10,16,9
HK,1993,11,A1,10,17,0
HK,1993,11,A1,10,18,0
HK,1993,11,A1,10,19,0
HK,1993,11,A1,10,20,0
HK,1993,11,A1,10,21,0
HK,1993,11,A1,10,22,0
HK,1993,11,A1,11,0,8
HK,1993,11,A1,11,1,0
HK,1993,11,A1,11,2,0
HK,1993,11,A1,11,3,0
HK,1993,11,A1,11,4,0
HK,1993,11,A1,11,5,0
HK,1993,11,A1,11,6,0
HK,1993,11,A1,11,7,0
HK,1993,11,A1,11,8,0
HK,1993,11,A1,11,9,1
HK,1993,11,A1,11,10,19
HK,1993,11,A1,11,11,10
HK,1993,11,A1,11,12,12
HK,1993,11,A1,11,13,1
HK,1993,11,A1,11,14,0
HK,1993,11,A1,11,15,1
HK,1993,11,A1,11,16,9
HK,1993,11,A1,11,17,0
HK,1993,11,A1,11,18,0
HK,1993,11,A1,11,19,0
HK,1993,11,A1,11,20,0
HK,1993,11,A1,11,21,0
HK,1993,11,A1,11,22,0
HK,1993,11,A1,12,0,2
HK,1993,11,A1,12,1,0
HK,1993,11,A1,12,2,0
HK,1993,11,A1,12,3,0
HK,1993,11,A1,12,4,0
HK,1993,11,A1,12,5,0
HK,1993,11,A1,12,6,0
HK,1993,11,A1,12,7,0
HK,1993,11,A1,12,8,0
HK,1993,11,A1,12,9,0
HK,1993,11,A1,12,10,4
HK,1993,11,A1,12,11,1
HK,1993,11,A1,12,12,31
HK,1993,11,A1,12,13,0
HK,1993,11,A1,12,14,0
HK,1993,11,A1,12,15,1
HK,1993,11,A1,12,16,2
HK,1993,11,A1,12,17,0
HK,1993,11,A1,12,18,0
HK,1993,11,A1,12,19,0
HK,1993,11,A1,12,20,0
HK,1993,11,A1,12,21,0
HK,1993,11,A1,12,22,0
HK,1993,11,A1,13,0,0
HK,1993,11,A1,13,1,0
HK,1993,11,A1,13,2,0
HK,1993,11,A1,13,3,0
HK,1993,11,A1,13,4,0
HK,1993,11,A1,13,5,1
HK,1993,11,A1,13,6,0
HK,1993,11,A1,13,7,0
HK,1993,11,A1,13,8,0
HK,1993,11,A1,13,9,2
HK,1993,11,A1,13,10,0
HK,1993,11,A1,13,11,0
HK,1993,11,A1,13,12,0
HK,1993,11,A1,13,13,153
HK,1993,11,A1,13,14,0
HK,1993,11,A1,13,15,1
HK,1993,11,A1,13,16,0
HK,1993,11,A1,13,17,2
HK,1993,11,A1,13,18,0
HK,1993,11,A1,13,19,0
HK,1993,11,A1,13,20,0
HK,1993,11,A1,13,21,0
HK,1993,11,A1,13,22,1
HK,1993,11,A1,14,0,0
HK,1993,11,A1,14,1,1
HK,1993,11,A1,14,2,0
HK,1993,11,A1,14,3,0
HK,1993,11,A1,14,4,0
HK,1993,11,A1,14,5,5
HK,1993,11,A1,14,6,0
HK,1993,11,A1,14,7,0
HK,1993,11,A1,14,8,0
HK,1993,11,A1,14,9,0
HK,1993,11,A1,14,10,0
HK,1993,11,A1,14,11,0
HK,1993,11,A1,14,12,0
HK,1993,11,A1,14,13,0
HK,1993,11,A1,14,14,49
HK,1993,11,A1,14,15,2
HK,1993,11,A1,14,16,0
HK,1993,11,A1,14,17,3
HK,1993,11,A1,14,18,0
HK,1993,11,A1,14,19,0
HK,1993,11,A1,14,20,0
HK,1993,11,A1,14,21,0
HK,1993,11,A1,14,22,0
HK,1993,11,A1,15,0,0
HK,1993,11,A1,15,1,0
HK,1993,11,A1,15,2,0
HK,1993,11,A1,15,3,0
HK,1993,11,A1,15,4,0
HK,1993,11,A1,15,5,0
HK,1993,11,A1,15,6,0
HK,1993,11,A1,15,7,0
HK,1993,11,A1,15,8,0
HK,1993,11,A1,15,9,0
HK,1993,11,A1,15,10,0
HK,1993,11,A1,15,11,0
HK,1993,11,A1,15,12,0
HK,1993,11,A1,15,13,0
HK,1993,11,A1,15,14,0
HK,1993,11,A1,15,15,123
HK,1993,11,A1,15,16,0
HK,1993,11,A1,15,17,0
HK,1993,11,A1,15,18,0
HK,1993,11,A1,15,19,0
HK,1993,11,A1,15,20,0
HK,1993,11,A1,15,21,0
HK,1993,11,A1,15,22,0
HK,1993,11,A1,16,0,1
HK,1993,11,A1,16,1,0
HK,1993,11,A1,16,2,0
HK,1993,11,A1,16,3,0
HK,1993,11,A1,16,4,0
HK,1993,11,A1,16,5,0
HK,1993,11,A1,16,6,0
HK,1993,11,A1,16,7,0
HK,1993,11,A1,16,8,0
HK,1993,11,A1,16,9,0
HK,1993,11,A1,16,10,2
HK,1993,11,A1,16,11,0
HK,1993,11,A1,16,12,0
HK,1993,11,A1,16,13,0
HK,1993,11,A1,16,14,0
HK,1993,11,A1,16,15,0
HK,1993,11,A1,16,16,5
HK,1993,11,A1,16,17,0
HK,1993,11,A1,16,18,0
HK,1993,11,A1,16,19,0
HK,1993,11,A1,16,20,0
HK,1993,11,A1,16,21,0
HK,1993,11,A1,16,22,0
HK,1993,11,A1,17,0,0
HK,1993,11,A1,17,1,0
HK,1993,11,A1,17,2,0
HK,1993,11,A1,17,3,0
HK,1993,11,A1,17,4,0
HK,1993,11,A1,17,5,0
HK,1993,11,A1,17,6,0
HK,1993,11,A1,17,7,0
HK,1993,11,A1,17,8,1
HK,1993,11,A1,17,9,0
HK,1993,11,A1,17,10,0
HK,1993,11,A1,17,11,0
HK,1993,11,A1,17,12,0
HK,1993,11,A1,17,13,0
HK,1993,11,A1,17,14,0
HK,1993,11,A1,17,15,1
HK,1993,11,A1,17,16,0
HK,1993,11,A1,17,17,3
HK,1993,11,A1,17,18,0
HK,1993,11,A1,17,19,0
HK,1993,11,A1,17,20,0
HK,1993,11,A1,17,21,0
HK,1993,11,A1,17,22,0
HK,1993,11,A1,18,0,0
HK,1993,11,A1,18,1,0
HK,1993,11,A1,18,2,0
HK,1993,11,A1,18,3,0
HK,1993,11,A1,18,4,0
HK,1993,11,A1,18,5,1
HK,1993,11,A1,18,6,2
HK,1993,11,A1,18,7,1
HK,1993,11,A1,18,8,3
HK,1993,11,A1,18,9,1
HK,1993,11,A1,18,10,0
HK,1993,11,A1,18,11,0
HK,1993,11,A1,18,12,0
HK,1993,11,A1,18,13,1
HK,1993,11,A1,18,14,1
HK,1993,11,A1,18,15,1
HK,1993,11,A1,18,16,0
HK,1993,11,A1,18,17,11
HK,1993,11,A1,18,18,5
HK,1993,11,A1,18,19,1
HK,1993,11,A1,18,20,2
HK,1993,11,A1,18,21,1
HK,1993,11,A1,18,22,2
HK,1993,11,A1,19,0,0
HK,1993,11,A1,19,1,0
HK,1993,11,A1,19,2,0
HK,1993,11,A1,19,3,0
HK,1993,11,A1,19,4,0
HK,1993,11,A1,19,5,0
HK,1993,11,A1,19,6,0
HK,1993,11,A1,19,7,0
HK,1993,11,A1,19,8,0
HK,1993,11,A1,19,9,0
HK,1993,11,A1,19,10,0
HK,1993,11,A1,19,11,0
HK,1993,11,A1,19,12,0
HK,1993,11,A1,19,13,0
HK,1993,11,A1,19,14,0
HK,1993,11,A1,19,15,0
HK,1993,11,A1,19,16,0
HK,1993,11,A1,19,17,0
HK,1993,11,A1,19,18,0
HK,1993,11,A1,19,19,0
HK,1993,11,A1,19,20,1
HK,1993,11,A1,19,21,1
HK,1993,11,A1,19,22,0
HK,1993,11,A1,20,0,1
HK,1993,11,A1,20,1,3
HK,1993,11,A1,20,2,1
HK,1993,11,A1,20,3,0
HK,1993,11,A1,20,4,0
HK,1993,11,A1,20,5,1
HK,1993,11,A1,20,6,4
HK,1993,11,A1,20,7,0
HK,1993,11,A1,20,8,7
HK,1993,11,A1,20,9,2
HK,1993,11,A1,20,10,0
HK,1993,11,A1,20,11,0
HK,1993,11,A1,20,12,1
HK,1993,11,A1,20,13,0
HK,1993,11,A1,20,14,4
HK,1993,11,A1,20,15,1
HK,1993,11,A1,20,16,0
HK,1993,11,A1,20,17,8
HK,1993,11,A1,20,18,5
HK,1993,11,A1,20,19,5
HK,1993,11,A1,20,20,5
HK,1993,11,A1,20,21,7
HK,1993,11,A1,20,22,11
HK,1993,11,A1,21,0,0
HK,1993,11,A1,21,1,0
HK,1993,11,A1,21,2,0
HK,1993,11,A1,21,3,0
HK,1993,11,A1,21,4,0
HK,1993,11,A1,21,5,0
HK,1993,11,A1,21,6,0
HK,1993,11,A1,21,7,0
HK,1993,11,A1,21,8,0
HK,1993,11,A1,21,9,0
HK,1993,11,A1,21,10,0
HK,1993,11,A1,21,11,0
HK,1993,11,A1,21,12,0
HK,1993,11,A1,21,13,0
HK,1993,11,A1,21,14,0
HK,1993,11,A1,21,15,0
HK,1993,11,A1,21,16,0
HK,1993,11,A1,21,17,0
HK,1993,11,A1,21,18,0
HK,1993,11,A1,21,19,2
HK,1993,11,A1,21,20,0
HK,1993,11,A1,21,21,0
HK,1993,11,A1,21,22,2
HK,1993,11,A1,22,0,0
HK,1993,11,A1,22,1,1
HK,1993,11,A1,22,2,0
HK,1993,11,A1,22,3,0
HK,1993,11,A1,22,4,0
HK,1993,11,A1,22,5,1
HK,1993,11,A1,22,6,0
HK,1993,11,A1,22,7,0
HK,1993,11,A1,22,8,0
HK,1993,11,A1,22,9,0
HK,1993,11,A1,22,10,0
HK,1993,11,A1,22,11,0
HK,1993,11,A1,22,12,0
HK,1993,11,A1,22,13,0
HK,1993,11,A1,22,14,0
HK,1993,11,A1,22,15,0
HK,1993,11,A1,22,16,0
HK,1993,11,A1,22,17,0
HK,1993,11,A1,22,18,0
HK,1993,11,A1,22,19,1
HK,1993,11,A1,22,20,0
HK,1993,11,A1,22,21,1
HK,1993,11,A1,22,22,17
HK,1993,11,A2,0,0,5
HK,1993,11,A2,0,1,0
HK,1993,11,A2,0,2,0
HK,1993,11,A2,0,3,0
HK,1993,11,A2,0,4,0
HK,1993,11,A2,0,5,0
HK,1993,11,A2,0,6,0
HK,1993,11,A2,0,7,0
HK,1993,11,A2,0,8,0
HK,1993,11,A2,0,9,0
HK,1993,11,A2,0,10,1
HK,1993,11,A2,0,11,0
HK,1993,11,A2,0,12,0
HK,1993,11,A2,0,13,0
HK,1993,11,A2,0,14,0
HK,1993,11,A2,0,15,0
HK,1993,11,A2,0,16,1
HK,1993,11,A2,0,17,0
HK,1993,11,A2,0,18,0
HK,1993,11,A2,0,19,0
HK,1993,11,A2,0,20,0
HK,1993,11,A2,0,21,0
HK,1993,11,A2,0,22,0
HK,1993,11,A2,1,0,0
HK,1993,11,A2,1,1,103
HK,1993,11,A2,1,2,10
HK,1993,11,A2,1,3,0
HK,1993,11,A2,1,4,0
HK,1993,11,A2,1,5,0
HK,1993,11,A2,1,6,0
HK,1993,11,A2,1,7,0
HK,1993,11,A2,1,8,0
HK,1993,11,A2,1,9,0
HK,1993,11,A2,1,10,0
HK,1993,11,A2,1,11,0
HK,1993,11,A2,1,12,0
HK,1993,11,A2,1,13,0
HK,1993,11,A2,1,14,0
HK,1993,11,A2,1,15,0
HK,1993,11,A2,1,16,0
HK,1993,11,A2,1,17,0
HK,1993,11,A2,1,18,0
HK,1993,11,A2,1,19,0
HK,1993,11,A2,1,20,0
HK,1993,11,A2,1,21,0
HK,1993,11,A2,1,22,0
HK,1993,11,A2,2,0,0
HK,1993,11,A2,2,1,1
HK,1993,11,A2,2,2,152
HK,1993,11,A2,2,3,0
HK,1993,11,A2,2,4,0
HK,1993,11,A2,2,5,0
HK,1993,11,A2,2,6,0
HK,1993,11,A2,2,7,29
HK,1993,11,A2,2,8,0
HK,1993,11,A2,2,9,0
HK,1993,11,A2,2,10,0
HK,1993,11,A2,2,11,0
HK,1993,11,A2,2,12,0
HK,1993,11,A2,2,13,0
HK,1993,11,A2,2,14,0
HK,1993,11,A2,2,15,0
HK,1993,11,A2,2,16,0
HK,1993,11,A2,2,17,0
HK,1993,11,A2,2,18,0
HK,1993,11,A2,2,19,0
HK,1993,11,A2,2,20,0
HK,1993,11,A2,2,21,0
HK,1993,11,A2,2,22,0
HK,1993,11,A2,3,0,0
HK,1993,11,A2,3,1,0
HK,1993,11,A2,3,2,0
HK,1993,11,A2,3,3,129
HK,1993,11,A2,3,4,27
HK,1993,11,A2,3,5,0
HK,1993,11,A2,3,6,0
HK,1993,11,A2,3,7,0
HK,1993,11,A2,3,8,0
HK,1993,11,A2,3,9,0
HK,1993,11,A2,3,10,0
HK,1993,11,A2,3,11,0
HK,1993,11,A2,3,12,0
HK,1993,11,A2,3,13,0
HK,1993,11,A2,3,14,0
HK,1993,11,A2,3,15,0
HK,1993,11,A2,3,16,0
HK,1993,11,A2,3,17,1
HK,1993,11,A2,3,18,0
HK,1993,11,A2,3,19,0
HK,1993,11,A2,3,20,0
HK,1993,11,A2,3,21,0
HK,1993,11,A2,3,22,0
HK,1993,11,A2,4,0,0
HK,1993,11,A2,4,1,0
HK,1993,11,A2,4,2,0
HK,1993,11,A2,4,3,20
HK,1993,11,A2,4,4,144
HK,1993,11,A2,4,5,0
HK,1993,11,A2,4,6,0
HK,1993,11,A2,4,7,0
HK,1993,11,A2,4,8,1
HK,1993,11,A2,4,9,0
HK,1993,11,A2,4,10,0
HK,1993,11,A2,4,11,0
HK,1993,11,A2,4,12,0
HK,1993,11,A2,4,13,0
HK,1993,11,A2,4,14,0
HK,1993,11,A2,4,15,0
HK,1993,11,A2,4,16,0
HK,1993,11,A2,4,17,0
HK,1993,11,A2,4,18,0
HK,1993,11,A2,4,19,0
HK,1993,11,A2,4,20,0
HK,1993,11,A2,4,21,0
HK,1993,11,A2,4,22,0
HK,1993,11,A2,5,0,0
HK,1993,11,A2,5,1,0
HK,1993,11,A2,5,2,0
HK,1993,11,A2,5,3,0
HK,1993,11,A2,5,4,0
HK,1993,11,A2,5,5,0
HK,1993,11,A2,5,6,0
HK,1993,11,A2,5,7,0
HK,1993,11,A2,5,8,0
HK,1993,11,A2,5,9,0
HK,1993,11,A2,5,10,0
HK,1993,11,A2,5,11,0
HK,1993,11,A2,5,12,0
HK,1993,11,A2,5,13,0
HK,1993,11,A2,5,14,1
HK,1993,11,A2,5,15,0
HK,1993,11,A2,5,16,0
HK,1993,11,A2,5,17,0
HK,1993,11,A2,5,18,0
HK,1993,11,A2,5,19,0
HK,1993,11,A2,5,20,0
HK,1993,11,A2,5,21,0
HK,1993,11,A2,5,22,0
HK,1993,11,A2,6,0,0
HK,1993,11,A2,6,1,0
HK,1993,11,A2,6,2,0
HK,1993,11,A2,6,3,0
HK,1993,11,A2,6,4,0
HK,1993,11,A2,6,5,0
HK,1993,11,A2,6,6,0
HK,1993,11,A2,6,7,0
HK,1993,11,A2,6,8,0
HK,1993,11,A2,6,9,0
HK,1993,11,A2,6,10,0
HK,1993,11,A2,6,11,0
HK,1993,11,A2,6,12,0
HK,1993,11,A2,6,13,0
HK,1993,11,A2,6,14,0
HK,1993,11,A2,6,15,0
HK,1993,11,A2,6,16,0
HK,1993,11,A2,6,17,0
HK,1993,11,A2,6,18,0
HK,1993,11,A2,6,19,0
HK,1993,11,A2,6,20,1
HK,1993,11,A2,6,21,0
HK,1993,11,A2,6,22,0
HK,1993,11,A2,7,0,0
HK,1993,11,A2,7,1,0
HK,1993,11,A2,7,2,0
HK,1993,11,A2,7,3,0
HK,1993,11,A2,7,4,0
HK,1993,11,A2,7,5,0
HK,1993,11,A2,7,6,0
HK,1993,11,A2,7,7,21
HK,1993,11,A2,7,8,0
HK,1993,11,A2,7,9,0
HK,1993,11,A2,7,10,0
HK,1993,11,A2,7,11,0
HK,1993,11,A2,7,12,0
HK,1993,11,A2,7,13,0
HK,1993,11,A2,7,14,0
HK,1993,11,A2,7,15,0
HK,1993,11,A2,7,16,0
HK,1993,11,A2,7,17,0
HK,1993,11,A2,7,18,0
HK,1993,11,A2,7,19,0
HK,1993,11,A2,7,20,0
HK,1993,11,A2,7,21,0
HK,1993,11,A2,7,22,0
HK,1993,11,A2,8,0,0
HK,1993,11,A2,8,1,0
HK,1993,11,A2,8,2,0
HK,1993,11,A2,8,3,0
HK,1993,11,A2,8,4,0
HK,1993,11,A2,8,5,0
HK,1993,11,A2,8,6,0
HK,1993,11,A2,8,7,0
HK,1993,11,A2,8,8,151
HK,1993,11,A2,8,9,0
HK,1993,11,A2,8,10,0
HK,1993,11,A2,8,11,0
HK,1993,11,A2,8,12,0
HK,1993,11,A2,8,13,0
HK,1993,11,A2,8,14,0
HK,1993,11,A2,8,15,0
HK,1993,11,A2,8,16,0
HK,1993,11,A2,8,17,2
HK,1993,11,A2,8,18,0
HK,1993,11,A2,8,19,0
HK,1993,11,A2,8,20,0
HK,1993,11,A2,8,21,0
HK,1993,11,A2,8,22,0
HK,1993,11,A2,9,0,0
HK,1993,11,A2,9,1,0
HK,1993,11,A2,9,2,0
HK,1993,11,A2,9,3,0
HK,1993,11,A2,9,4,0
HK,1993,11,A2,9,5,0
HK,1993,11,A2,9,6,0
HK,1993,11,A2,9,7,0
HK,1993,11,A2,9,8,0
HK,1993,11,A2,9,9,163
HK,1993,11,A2,9,10,0
HK,1993,11,A2,9,11,0
HK,1993,11,A2,9,12,0
HK,1993,11,A2,9,13,0
HK,1993,11,A2,9,14,0
HK,1993,11,A2,9,15,0
HK,1993,11,A2,9,16,0
HK,1993,11,A2,9,17,0
HK,1993,11,A2,9,18,0
HK,1993,11,A2,9,19,1
HK,1993,11,A2,9,20,0
HK,1993,11,A2,9,21,0
HK,1993,11,A2,9,22,0
HK,1993,11,A2,10,0,11
HK,1993,11,A2,10,1,0
HK,1993,11,A2,10,2,0
HK,1993,11,A2,10,3,0
HK,1993,11,A2,10,4,0
HK,1993,11,A2,10,5,0
HK,1993,11,A2,10,6,0
HK,1993,11,A2,10,7,0
HK,1993,11,A2,10,8,0
HK,1993,11,A2,10,9,2
HK,1993,11,A2,10,10,115
HK,1993,11,A2,10,11,9
HK,1993,11,A2,10,12,5
HK,1993,11,A2,10,13,0
HK,1993,11,A2,10,14,0
HK,1993,11,A2,10,15,0
HK,1993,11,A2,10,16,8
HK,1993,11,A2,10,17,0
HK,1993,11,A2,10,18,0
HK,1993,11,A2,10,19,0
HK,1993,11,A2,10,20,0
HK,1993,11,A2,10,21,0
HK,1993,11,A2,10,22,0
HK,1993,11,A2,11,0,5
HK,1993,11,A2,11,1,0
HK,1993,11,A2,11,2,0
HK,1993,11,A2,11,3,0
HK,1993,11,A2,11,4,0
HK,1993,11,A2,11,5,0
HK,1993,11,A2,11,6,0
HK,1993,11,A2,11,7,0
HK,1993,11,A2,11,8,0
HK,1993,11,A2,11,9,2
HK,1993,11,A2,11,10,17
HK,1993,11,A2,11,11,17
HK,1993,11,A2,11,12,12
HK,1993,11,A2,11,13,1
HK,1993,11,A2,11,14,0
HK,1993,11,A2,11,15,1
HK,1993,11,A2,11,16,6
HK,1993,11,A2,11,17,0
HK,1993,11,A2,11,18,0
HK,1993,11,A2,11,19,0
HK,1993,11,A2,11,20,0
HK,1993,11,A2,11,21,0
HK,1993,11,A2,11,22,0
HK,1993,11,A2,12,0,1
HK,1993,11,A2,12,1,0
HK,1993,11,A2,12,2,0
HK,1993,11,A2,12,3,0
HK,1993,11,A2,12,4,0
HK,1993,11,A2,12,5,0
HK,1993,11,A2,12,6,0
HK,1993,11,A2,12,7,0
HK,1993,11,A2,12,8,0
HK,1993,11,A2,12,9,0
HK,1993,11,A2,12,10,2
HK,1993,11,A2,12,11,4
HK,1993,11,A2,12,12,32
HK,1993,11,A2,12,13,0
HK,1993,11,A2,12,14,0
HK,1993,11,A2,12,15,0
HK,1993,11,A2,12,16,2
HK,1993,11,A2,12,17,0
HK,1993,11,A2,12,18,0
HK,1993,11,A2,12,19,0
HK,1993,11,A2,12,20,0
HK,1993,11,A2,12,21,0
HK,1993,11,A2,12,22,0
HK,1993,11,A2,13,0,0
HK,1993,11,A2,13,1,1
HK,1993,11,A2,13,2,0
HK,1993,11,A2,13,3,0
HK,1993,11,A2,13,4,0
HK,1993,11,A2,13,5,0
HK,1993,11,A2,13,6,0
HK,1993,11,A2,13,7,0
HK,1993,11,A2,13,8,0
HK,1993,11,A2,13,9,4
HK,1993,11,A2,13,10,0
HK,1993,11,A2,13,11,0
HK,1993,11,A2,13,12,0
HK,1993,11,A2,13,13,153
HK,1993,11,A2,13,14,0
HK,1993,11,A2,13,15,1
HK,1993,11,A2,13,16,0
HK,1993,11,A2,13,17,0
HK,1993,11,A2,13,18,0
HK,1993,11,A2,13,19,0
HK,1993,11,A2,13,20,0
HK,1993,11,A2,13,21,0
HK,1993,11,A2,13,22,1
HK,1993,11,A2,14,0,0
HK,1993,11,A2,14,1,0
HK,1993,11,A2,14,2,0
HK,1993,11,A2,14,3,0
HK,1993,11,A2,14,4,0
HK,1993,11,A2,14,5,2
HK,1993,11,A2,14,6,0
HK,1993,11,A2,14,7,0
HK,1993,11,A2,14,8,0
HK,1993,11,A2,14,9,0
HK,1993,11,A2,14,10,0
HK,1993,11,A2,14,11,0
HK,1993,11,A2,14,12,0
HK,1993,11,A2,14,13,0
HK,1993,11,A2,14,14,56
HK,1993,11,A2,14,15,0
HK,1993,11,A2,14,16,0
HK,1993,11,A2,14,17,1
HK,1993,11,A2,14,18,1
HK,1993,11,A2,14,19,0
HK,1993,11,A2,14,20,0
HK,1993,11,A2,14,21,0
HK,1993,11,A2,14,22,0
HK,1993,11,A2,15,0,0
HK,1993,11,A2,15,1,0
HK,1993,11,A2,15,2,0
HK,1993,11,A2,15,3,0
HK,1993,11,A2,15,4,0
HK,1993,11,A2,15,5,0
HK,1993,11,A2,15,6,0
HK,1993,11,A2,15,7,0
HK,1993,11,A2,15,8,0
HK,1993,11,A2,15,9,0
HK,1993,11,A2,15,10,0
HK,1993,11,A2,15,11,0
HK,1993,11,A2,15,12,0
HK,1993,11,A2,15,13,0
HK,1993,11,A2,15,14,1
HK,1993,11,A2,15,15,122
HK,1993,11,A2,15,16,0
HK,1993,11,A2,15,17,0
HK,1993,11,A2,15,18,0
HK,1993,11,A2,15,19,0
HK,1993,11,A2,15,20,0
HK,1993,11,A2,15,21,0
HK,1993,11,A2,15,22,0
HK,1993,11,A2,16,0,3
HK,1993,11,A2,16,1,0
HK,1993,11,A2,16,2,0
HK,1993,11,A2,16,3,0
HK,1993,11,A2,16,4,0
HK,1993,11,A2,16,5,0
HK,1993,11,A2,16,6,0
HK,1993,11,A2,16,7,0
HK,1993,11,A2,16,8,0
HK,1993,11,A2,16,9,0
HK,1993,11,A2,16,10,2
HK,1993,11,A2,16,11,1
HK,1993,11,A2,16,12,0
HK,1993,11,A2,16,13,0
HK,1993,11,A2,16,14,0
HK,1993,11,A2,16,15,0
HK,1993,11,A2,16,16,2
HK,1993,11,A2,16,17,0
HK,1993,11,A2,16,18,0
HK,1993,11,A2,16,19,0
HK,1993,11,A2,16,20,0
HK,1993,11,A2,16,21,0
HK,1993,11,A2,16,22,0
HK,1993,11,A2,17,0,0
HK,1993,11,A2,17,1,0
HK,1993,11,A2,17,2,0
HK,1993,11,A2,17,3,0
HK,1993,11,A2,17,4,1
HK,1993,11,A2,17,5,0
HK,1993,11,A2,17,6,0
HK,1993,11,A2,17,7,0
HK,1993,11,A2,17,8,0
HK,1993,11,A2,17,9,0
HK,1993,11,A2,17,10,0
HK,1993,11,A2,17,11,0
HK,1993,11,A2,17,12,0
HK,1993,11,A2,17,13,0
HK,1993,11,A2,17,14,0
HK,1993,11,A2,17,15,0
HK,1993,11,A2,17,16,0
HK,1993,11,A2,17,17,4
HK,1993,11,A2,17,18,0
HK,1993,11,A2,17,19,0
HK,1993,11,A2,17,20,0
HK,1993,11,A2,17,21,0
HK,1993,11,A2,17,22,0
HK,1993,11,A2,18,0,0
HK,1993,11,A2,18,1,1
HK,1993,11,A2,18,2,0
HK,1993,11,A2,18,3,0
HK,1993,11,A2,18,4,0
HK,1993,11,A2,18,5,0
HK,1993,11,A2,18,6,1
HK,1993,11,A2,18,7,0
HK,1993,11,A2,18,8,2
HK,1993,11,A2,18,9,0
HK,1993,11,A2,18,10,0
HK,1993,11,A2,18,11,0
HK,1993,11,A2,18,12,0
HK,1993,11,A2,18,13,0
HK,1993,11,A2,18,14,0
HK,1993,11,A2,18,15,0
HK,1993,11,A2,18,16,0
HK,1993,11,A2,18,17,7
HK,1993,11,A2,18,18,11
HK,1993,11,A2,18,19,3
HK,1993,11,A2,18,20,2
HK,1993,11,A2,18,21,2
HK,1993,11,A2,18,22,4
HK,1993,11,A2,19,0,0
HK,1993,11,A2,19,1,0
HK,1993,11,A2,19,2,0
HK,1993,11,A2,19,3,0
HK,1993,11,A2,19,4,0
HK,1993,11,A2,19,5,0
HK,1993,11,A2,19,6,0
HK,1993,11,A2,19,7,0
HK,1993,11,A2,19,8,0
HK,1993,11,A2,19,9,0
HK,1993,11,A2,19,10,0
HK,1993,11,A2,19,11,0
HK,1993,11,A2,19,12,0
HK,1993,11,A2,19,13,0
HK,1993,11,A2,19,14,0
HK,1993,11,A2,19,15,0
HK,1993,11,A2,19,16,0
HK,1993,11,A2,19,17,0
HK,1993,11,A2,19,18,0
HK,1993,11,A2,19,19,0
HK,1993,11,A2,19,20,0
HK,1993,11,A2,19,21,2
HK,1993,11,A2,19,22,0
HK,1993,11,A2,20,0,0
HK,1993,11,A2,20,1,2
HK,1993,11,A2,20,2,5
HK,1993,11,A2,20,3,0
HK,1993,11,A2,20,4,0
HK,1993,11,A2,20,5,1
HK,1993,11,A2,20,6,1
HK,1993,11,A2,20,7,0
HK,1993,11,A2,20,8,5
HK,1993,11,A2,20,9,0
HK,1993,11,A2,20,10,0
HK,1993,11,A2,20,11,0
HK,1993,11,A2,20,12,1
HK,1993,11,A2,20,13,0
HK,1993,11,A2,20,14,1
HK,1993,11,A2,20,15,0
HK,1993,11,A2,20,16,0
HK,1993,11,A2,20,17,2
HK,1993,11,A2,20,18,7
HK,1993,11,A2,20,19,6
HK,1993,11,A2,20,20,14
HK,1993,11,A2,20,21,6
HK,1993,11,A2,20,22,15
HK,1993,11,A2,21,0,0
HK,1993,11,A2,21,1,0
HK,1993,11,A2,21,2,0
HK,1993,11,A2,21,3,0
HK,1993,11,A2,21,4,0
HK,1993,11,A2,21,5,0
HK,1993,11,A2,21,6,0
HK,1993,11,A2,21,7,0
HK,1993,11,A2,21,8,0
HK,1993,11,A2,21,9,0
HK,1993,11,A2,21,10,0
HK,1993,11,A2,21,11,0
HK,1993,11,A2,21,12,0
HK,1993,11,A2,21,13,0
HK,1993,11,A2,21,14,0
HK,1993,11,A2,21,15,0
HK,1993,11,A2,21,16,0
HK,1993,11,A2,21,17,0
HK,1993,11,A2,21,18,0
HK,1993,11,A2,21,19,1
HK,1993,11,A2,21,20,1
HK,1993,11,A2,21,21,0
HK,1993,11,A2,21,22,2
HK,1993,11,A2,22,0,0
HK,1993,11,A2,22,1,0
HK,1993,11,A2,22,2,0
HK,1993,11,A2,22,3,0
HK,1993,11,A2,22,4,0
HK,1993,11,A2,22,5,0
HK,1993,11,A2,22,6,0
HK,1993,11,A2,22,7,0
HK,1993,11,A2,22,8,0
HK,1993,11,A2,22,9,0
HK,1993,11,A2,22,10,0
HK,1993,11,A2,22,11,0
HK,1993,11,A2,22,12,0
HK,1993,11,A2,22,13,0
HK,1993,11,A2,22,14,0
HK,1993,11,A2,22,15,0
HK,1993,11,A2,22,16,0
HK,1993,11,A2,22,17,0
HK,1993,11,A2,22,18,0
HK,1993,11,A2,22,19,0
HK,1993,11,A2,22,20,1
HK,1993,11,A2,22,21,3
HK,1993,11,A2,22,22,17
HK,1993,11,A3,0,0,5
HK,1993,11,A3,0,1,0
HK,1993,11,A3,0,2,0
HK,1993,11,A3,0,3,0
HK,1993,11,A3,0,4,0
HK,1993,11,A3,0,5,0
HK,1993,11,A3,0,6,0
HK,1993,11,A3,0,7,0
HK,1993,11,A3,0,8,0
HK,1993,11,A3,0,9,0
HK,1993,11,A3,0,10,1
HK,1993,11,A3,0,11,0
HK,1993,11,A3,0,12,0
HK,1993,11,A3,0,13,0
HK,1993,11,A3,0,14,0
HK,1993,11,A3,0,15,0
HK,1993,11,A3,0,16,1
HK,1993,11,A3,0,17,0
HK,1993,11,A3,0,18,0
HK,1993,11,A3,0,19,0
HK,1993,11,A3,0,20,0
HK,1993,11,A3,0,21,0
HK,1993,11,A3,0,22,0
HK,1993,11,A3,1,0,0
HK,1993,11,A3,1,1,104
HK,1993,11,A3,1,2,9
HK,1993,11,A3,1,3,0
HK,1993,11,A3,1,4,0
HK,1993,11,A3,1,5,0
HK,1993,11,A3,1,6,0
HK,1993,11,A3,1,7,0
HK,1993,11,A3,1,8,0
HK,1993,11,A3,1,9,0
HK,1993,11,A3,1,10,0
HK,1993,11,A3,1,11,0
HK,1993,11,A3,1,12,0
HK,1993,11,A3,1,13,0
HK,1993,11,A3,1,14,0
HK,1993,11,A3,1,15,0
HK,1993,11,A3,1,16,0
HK,1993,11,A3,1,17,0
HK,1993,11,A3,1,18,0
HK,1993,11,A3,1,19,0
HK,1993,11,A3,1,20,0
HK,1993,11,A3,1,21,0
HK,1993,11,A3,1,22,0
HK,1993,11,A3,2,0,0
HK,1993,11,A3,2,1,1
HK,1993,11,A3,2,2,148
HK,1993,11,A3,2,3,0
HK,1993,11,A3,2,4,0
HK,1993,11,A3,2,5,0
HK,1993,11,A3,2,6,0
HK,1993,11,A3,2,7,33
HK,1993,11,A3,2,8,0
HK,1993,11,A3,2,9,0
HK,1993,11,A3,2,10,0
HK,1993,11,A3,2,11,0
HK,1993,11,A3,2,12,0
HK,1993,11,A3,2,13,0
HK,1993,11,A3,2,14,0
HK,1993,11,A3,2,15,0
HK,1993,11,A3,2,16,0
HK,1993,11,A3,2,17,0
HK,1993,11,A3,2,18,0
HK,1993,11,A3,2,19,0
HK,1993,11,A3,2,20,0
HK,1993,11,A3,2,21,0
HK,1993,11,A3,2,22,0
HK,1993,11,A3,3,0,0
HK,1993,11,A3,3,1,0
HK,1993,11,A3,3,2,0
HK,1993,11,A3,3,3,114
HK,1993,11,A3,3,4,39
HK,1993,11,A3,3,5,0
HK,1993,11,A3,3,6,0
HK,1993,11,A3,3,7,0
HK,1993,11,A3,3,8,1
HK,1993,11,A3,3,9,0
HK,1993,11,A3,3,10,0
HK,1993,11,A3,3,11,0
HK,1993,11,A3,3,12,0
HK,1993,11,A3,3,13,1
HK,1993,11,A3,3,14,0
HK,1993,11,A3,3,15,0
HK,1993,11,A3,3,16,0
HK,1993,11,A3,3,17,2
HK,1993,11,A3,3,18,0
HK,1993,11,A3,3,19,0
HK,1993,11,A3,3,20,0
HK,1993,11,A3,3,21,0
HK,1993,11,A3,3,22,0
HK,1993,11,A3,4,0,0
HK,1993,11,A3,4,1,0
HK,1993,11,A3,4,2,0
HK,1993,11,A3,4,3,13
HK,1993,11,A3,4,4,150
HK,1993,11,A3,4,5,0
HK,1993,11,A3,4,6,0
HK,1993,11,A3,4,7,0
HK,1993,11,A3,4,8,2
HK,1993,11,A3,4,9,0
HK,1993,11,A3,4,10,0
HK,1993,11,A3,4,11,0
HK,1993,11,A3,4,12,0
HK,1993,11,A3,4,13,0
HK,1993,11,A3,4,14,0
HK,1993,11,A3,4,15,0
HK,1993,11,A3,4,16,0
HK,1993,11,A3,4,17,0
HK,1993,11,A3,4,18,0
HK,1993,11,A3,4,19,0
HK,1993,11,A3,4,20,0
HK,1993,11,A3,4,21,0
HK,1993,11,A3,4,22,0
HK,1993,11,A3,5,0,0
HK,1993,11,A3,5,1,0
HK,1993,11,A3,5,2,0
HK,1993,11,A3,5,3,0
HK,1993,11,A3,5,4,0
HK,1993,11,A3,5,5,0
HK,1993,11,A3,5,6,0
HK,1993,11,A3,5,7,0
HK,1993,11,A3,5,8,0
HK,1993,11,A3,5,9,0
HK,1993,11,A3,5,10,0
HK,1993,11,A3,5,11,0
HK,1993,11,A3,5,12,0
HK,1993,11,A3,5,13,0
HK,1993,11,A3,5,14,1
HK,1993,11,A3,5,15,0
HK,1993,11,A3,5,16,0
HK,1993,11,A3,5,17,0
HK,1993,11,A3,5,18,0
HK,1993,11,A3,5,19,0
HK,1993,11,A3,5,20,0
HK,1993,11,A3,5,21,0
HK,1993,11,A3,5,22,0
HK,1993,11,A3,6,0,0
HK,1993,11,A3,6,1,0
HK,1993,11,A3,6,2,0
HK,1993,11,A3,6,3,0
HK,1993,11,A3,6,4,0
HK,1993,11,A3,6,5,0
HK,1993,11,A3,6,6,0
HK,1993,11,A3,6,7,0
HK,1993,11,A3,6,8,0
HK,1993,11,A3,6,9,0
HK,1993,11,A3,6,10,0
HK,1993,11,A3,6,11,0
HK,1993,11,A3,6,12,0
HK,1993,11,A3,6,13,0
HK,1993,11,A3,6,14,0
HK,1993,11,A3,6,15,0
HK,1993,11,A3,6,16,0
HK,1993,11,A3,6,17,0
HK,1993,11,A3,6,18,0
HK,1993,11,A3,6,19,0
HK,1993,11,A3,6,20,1
HK,1993,11,A3,6,21,0
HK,1993,11,A3,6,22,0
HK,1993,11,A3,7,0,0
HK,1993,11,A3,7,1,0
HK,1993,11,A3,7,2,0
HK,1993,11,A3,7,3,0
HK,1993,11,A3,7,4,0
HK,1993,11,A3,7,5,0
HK,1993,11,A3,7,6,0
HK,1993,11,A3,7,7,21
HK,1993,11,A3,7,8,0
HK,1993,11,A3,7,9,0
HK,1993,11,A3,7,10,0
HK,1993,11,A3,7,11,0
HK,1993,11,A3,7,12,0
HK,1993,11,A3,7,13,0
HK,1993,11,A3,7,14,0
HK,1993,11,A3,7,15,0
HK,1993,11,A3,7,16,0
HK,1993,11,A3,7,17,0
HK,1993,11,A3,7,18,0
HK,1993,11,A3,7,19,0
HK,1993,11,A3,7,20,0
HK,1993,11,A3,7,21,0
HK,1993,11,A3,7,22,0
HK,1993,11,A3,8,0,0
HK,1993,11,A3,8,1,0
HK,1993,11,A3,8,2,0
HK,1993,11,A3,8,3,0
HK,1993,11,A3,8,4,0
HK,1993,11,A3,8,5,0
HK,1993,11,A3,8,6,0
HK,1993,11,A3,8,7,0
HK,1993,11,A3,8,8,151
HK,1993,11,A3,8,9,0
HK,1993,11,A3,8,10,0
HK,1993,11,A3,8,11,0
HK,1993,11,A3,8,12,0
HK,1993,11,A3,8,13,0
HK,1993,11,A3,8,14,0
HK,1993,11,A3,8,15,0
HK,1993,11,A3,8,16,0
HK,1993,11,A3,8,17,2
HK,1993,11,A3,8,18,0
HK,1993,11,A3,8,19,0
HK,1993,11,A3,8,20,0
HK,1993,11,A3,8,21,0
HK,1993,11,A3,8,22,0
HK,1993,11,A3,9,0,0
HK,1993,11,A3,9,1,0
HK,1993,11,A3,9,2,0
HK,1993,11,A3,9,3,0
HK,1993,11,A3,9,4,0
HK,1993,11,A3,9,5,0
HK,1993,11,A3,9,6,0
HK,1993,11,A3,9,7,0
HK,1993,11,A3,9,8,0
HK,1993,11,A3,9,9,163
HK,1993,11,A3,9,10,0
HK,1993,11,A3,9,11,0
HK,1993,11,A3,9,12,0
HK,1993,11,A3,9,13,0
HK,1993,11,A3,9,14,0
HK,1993,11,A3,9,15,0
HK,1993,11,A3,9,16,0
HK,1993,11,A3,9,17,0
HK,1993,11,A3,9,18,0
HK,1993,11,A3,9,19,1
HK,1993,11,A3,9,20,0
HK,1993,11,A3,9,21,0
HK,1993,11,A3,9,22,0
HK,1993,11,A3,10,0,12
HK,1993,11,A3,10,1,0
HK,1993,11,A3,10,2,0
HK,1993,11,A3,10,3,0
HK,1993,11,A3,10,4,0
HK,1993,11,A3,10,5,0
HK,1993,11,A3,10,6,0
HK,1993,11,A3,10,7,0
HK,1993,11,A3,10,8,0
HK,1993,11,A3,10,9,2
HK,1993,11,A3,10,10,106
HK,1993,11,A3,10,11,18
HK,1993,11,A3,10,12,3
HK,1993,11,A3,10,13,0
HK,1993,11,A3,10,14,0
HK,1993,11,A3,10,15,0
HK,1993,11,A3,10,16,9
HK,1993,11,A3,10,17,0
HK,1993,11,A3,10,18,0
HK,1993,11,A3,10,19,0
HK,1993,11,A3,10,20,0
HK,1993,11,A3,10,21,0
HK,1993,11,A3,10,22,0
HK,1993,11,A3,11,0,2
HK,1993,11,A3,11,1,0
HK,1993,11,A3,11,2,0
HK,1993,11,A3,11,3,0
HK,1993,11,A3,11,4,0
HK,1993,11,A3,11,5,0
HK,1993,11,A3,11,6,0
HK,1993,11,A3,11,7,0
HK,1993,11,A3,11,8,0
HK,1993,11,A3,11,9,2
HK,1993,11,A3,11,10,11
HK,1993,11,A3,11,11,25
HK,1993,11,A3,11,12,11
HK,1993,11,A3,11,13,1
HK,1993,11,A3,11,14,0
HK,1993,11,A3,11,15,1
HK,1993,11,A3,11,16,8
HK,1993,11,A3,11,17,0
HK,1993,11,A3,11,18,0
HK,1993,11,A3,11,19,0
HK,1993,11,A3,11,20,0
HK,1993,11,A3,11,21,0
HK,1993,11,A3,11,22,0
HK,1993,11,A3,12,0,1
HK,1993,11,A3,12,1,0
HK,1993,11,A3,12,2,0
HK,1993,11,A3,12,3,0
HK,1993,11,A3,12,4,0
HK,1993,11,A3,12,5,0
HK,1993,11,A3,12,6,0
HK,1993,11,A3,12,7,0
HK,1993,11,A3,12,8,0
HK,1993,11,A3,12,9,0
HK,1993,11,A3,12,10,2
HK,1993,11,A3,12,11,5
HK,1993,11,A3,12,12,32
HK,1993,11,A3,12,13,0
HK,1993,11,A3,12,14,0
HK,1993,11,A3,12,15,0
HK,1993,11,A3,12,16,1
HK,1993,11,A3,12,17,0
HK,1993,11,A3,12,18,0
HK,1993,11,A3,12,19,0
HK,1993,11,A3,12,20,0
HK,1993,11,A3,12,21,0
HK,1993,11,A3,12,22,0
HK,1993,11,A3,13,0,0
HK,1993,11,A3,13,1,0
HK,1993,11,A3,13,2,0
HK,1993,11,A3,13,3,0
HK,1993,11,A3,13,4,0
HK,1993,11,A3,13,5,0
HK,1993,11,A3,13,6,0
HK,1993,11,A3,13,7,0
HK,1993,11,A3,13,8,0
HK,1993,11,A3,13,9,4
HK,1993,11,A3,13,10,0
HK,1993,11,A3,13,11,0
HK,1993,11,A3,13,12,0
HK,1993,11,A3,13,13,153
HK,1993,11,A3,13,14,0
HK,1993,11,A3,13,15,1
HK,1993,11,A3,13,16,0
HK,1993,11,A3,13,17,0
HK,1993,11,A3,13,18,0
HK,1993,11,A3,13,19,0
HK,1993,11,A3,13,20,0
HK,1993,11,A3,13,21,1
HK,1993,11,A3,13,22,1
HK,1993,11,A3,14,0,0
HK,1993,11,A3,14,1,0
HK,1993,11,A3,14,2,0
HK,1993,11,A3,14,3,0
HK,1993,11,A3,14,4,0
HK,1993,11,A3,14,5,1
HK,1993,11,A3,14,6,0
HK,1993,11,A3,14,7,0
HK,1993,11,A3,14,8,0
HK,1993,11,A3,14,9,0
HK,1993,11,A3,14,10,0
HK,1993,11,A3,14,11,0
HK,1993,11,A3,14,12,0
HK,1993,11,A3,14,13,0
HK,1993,11,A3,14,14,58
HK,1993,11,A3,14,15,0
HK,1993,11,A3,14,16,0
HK,1993,11,A3,14,17,1
HK,1993,11,A3,14,18,0
HK,1993,11,A3,14,19,0
HK,1993,11,A3,14,20,0
HK,1993,11,A3,14,21,0
HK,1993,11,A3,14,22,0
HK,1993,11,A3,15,0,0
HK,1993,11,A3,15,1,0
HK,1993,11,A3,15,2,0
HK,1993,11,A3,15,3,0
HK,1993,11,A3,15,4,0
HK,1993,11,A3,15,5,0
HK,1993,11,A3,15,6,0
HK,1993,11,A3,15,7,0
HK,1993,11,A3,15,8,0
HK,1993,11,A3,15,9,0
HK,1993,11,A3,15,10,0
HK,1993,11,A3,15,11,0
HK,1993,11,A3,15,12,0
HK,1993,11,A3,15,13,0
HK,1993,11,A3,15,14,1
HK,1993,11,A3,15,15,122
HK,1993,11,A3,15,16,0
HK,1993,11,A3,15,17,0
HK,1993,11,A3,15,18,0
HK,1993,11,A3,15,19,0
HK,1993,11,A3,15,20,0
HK,1993,11,A3,15,21,0
HK,1993,11,A3,15,22,0
HK,1993,11,A3,16,0,3
HK,1993,11,A3,16,1,0
HK,1993,11,A3,16,2,0
HK,1993,11,A3,16,3,0
HK,1993,11,A3,16,4,0
HK,1993,11,A3,16,5,0
HK,1993,11,A3,16,6,0
HK,1993,11,A3,16,7,0
HK,1993,11,A3,16,8,0
HK,1993,11,A3,16,9,0
HK,1993,11,A3,16,10,2
HK,1993,11,A3,16,11,1
HK,1993,11,A3,16,12,0
HK,1993,11,A3,16,13,0
HK,1993,11,A3,16,14,0
HK,1993,11,A3,16,15,0
HK,1993,11,A3,16,16,2
HK,1993,11,A3,16,17,0
HK,1993,11,A3,16,18,0
HK,1993,11,A3,16,19,0
HK,1993,11,A3,16,20,0
HK,1993,11,A3,16,21,0
HK,1993,11,A3,16,22,0
HK,1993,11,A3,17,0,0
HK,1993,11,A3,17,1,0
HK,1993,11,A3,17,2,0
HK,1993,11,A3,17,3,0
HK,1993,11,A3,17,4,0
HK,1993,11,A3,17,5,0
HK,1993,11,A3,17,6,0
HK,1993,11,A3,17,7,0
HK,1993,11,A3,17,8,0
HK,1993,11,A3,17,9,0
HK,1993,11,A3,17,10,0
HK,1993,11,A3,17,11,0
HK,1993,11,A3,17,12,0
HK,1993,11,A3,17,13,0
HK,1993,11,A3,17,14,0
HK,1993,11,A3,17,15,0
HK,1993,11,A3,17,16,0
HK,1993,11,A3,17,17,5
HK,1993,11,A3,17,18,0
HK,1993,11,A3,17,19,0
HK,1993,11,A3,17,20,0
HK,1993,11,A3,17,21,0
HK,1993,11,A3,17,22,0
HK,1993,11,A3,18,0,0
HK,1993,11,A3,18,1,0
HK,1993,11,A3,18,2,0
HK,1993,11,A3,18,3,0
HK,1993,11,A3,18,4,0
HK,1993,11,A3,18,5,0
HK,1993,11,A3,18,6,1
HK,1993,11,A3,18,7,1
HK,1993,11,A3,18,8,2
HK,1993,11,A3,18,9,0
HK,1993,11,A3,18,10,0
HK,1993,11,A3,18,11,0
HK,1993,11,A3,18,12,0
HK,1993,11,A3,18,13,0
HK,1993,11,A3,18,14,0
HK,1993,11,A3,18,15,0
HK,1993,11,A3,18,16,0
HK,1993,11,A3,18,17,7
HK,1993,11,A3,18,18,12
HK,1993,11,A3,18,19,3
HK,1993,11,A3,18,20,2
HK,1993,11,A3,18,21,1
HK,1993,11,A3,18,22,4
HK,1993,11,A3,19,0,0
HK,1993,11,A3,19,1,0
HK,1993,11,A3,19,2,0
HK,1993,11,A3,19,3,0
HK,1993,11,A3,19,4,0
HK,1993,11,A3,19,5,0
HK,1993,11,A3,19,6,0
HK,1993,11,A3,19,7,0
HK,1993,11,A3,19,8,0
HK,1993,11,A3,19,9,0
HK,1993,11,A3,19,10,0
HK,1993,11,A3,19,11,0
HK,1993,11,A3,19,12,0
HK,1993,11,A3,19,13,0
HK,1993,11,A3,19,14,0
HK,1993,11,A3,19,15,0
HK,1993,11,A3,19,16,0
HK,1993,11,A3,19,17,0
HK,1993,11,A3,19,18,0
HK,1993,11,A3,19,19,0
HK,1993,11,A3,19,20,0
HK,1993,11,A3,19,21,2
HK,1993,11,A3,19,22,0
HK,1993,11,A3,20,0,0
HK,1993,11,A3,20,1,2
HK,1993,11,A3,20,2,3
HK,1993,11,A3,20,3,0
HK,1993,11,A3,20,4,0
HK,1993,11,A3,20,5,1
HK,1993,11,A3,20,6,1
HK,1993,11,A3,20,7,0
HK,1993,11,A3,20,8,6
HK,1993,11,A3,20,9,0
HK,1993,11,A3,20,10,0
HK,1993,11,A3,20,11,0
HK,1993,11,A3,20,12,1
HK,1993,11,A3,20,13,0
HK,1993,11,A3,20,14,2
HK,1993,11,A3,20,15,0
HK,1993,11,A3,20,16,0
HK,1993,11,A3,20,17,2
HK,1993,11,A3,20,18,7
HK,1993,11,A3,20,19,6
HK,1993,11,A3,20,20,10
HK,1993,11,A3,20,21,9
HK,1993,11,A3,20,22,16
HK,1993,11,A3,21,0,0
HK,1993,11,A3,21,1,0
HK,1993,11,A3,21,2,0
HK,1993,11,A3,21,3,0
HK,1993,11,A3,21,4,0
HK,1993,11,A3,21,5,0
HK,1993,11,A3,21,6,0
HK,1993,11,A3,21,7,0
HK,1993,11,A3,21,8,0
HK,1993,11,A3,21,9,0
HK,1993,11,A3,21,10,0
HK,1993,11,A3,21,11,0
HK,1993,11,A3,21,12,0
HK,1993,11,A3,21,13,0
HK,1993,11,A3,21,14,0
HK,1993,11,A3,21,15,0
HK,1993,11,A3,21,16,0
HK,1993,11,A3,21,17,0
HK,1993,11,A3,21,18,0
HK,1993,11,A3,21,19,1
HK,1993,11,A3,21,20,1
HK,1993,11,A3,21,21,0
HK,1993,11,A3,21,22,2
HK,1993,11,A3,22,0,0
HK,1993,11,A3,22,1,0
HK,1993,11,A3,22,2,0
HK,1993,11,A3,22,3,0
HK,1993,11,A3,22,4,0
HK,1993,11,A3,22,5,0
HK,1993,11,A3,22,6,0
HK,1993,11,A3,22,7,0
HK,1993,11,A3,22,8,0
HK,1993,11,A3,22,9,0
HK,1993,11,A3,22,10,0
HK,1993,11,A3,22,11,0
HK,1993,11,A3,22,12,0
HK,1993,11,A3,22,13,0
HK,1993,11,A3,22,14,0
HK,1993,11,A3,22,15,0
HK,1993,11,A3,22,16,0
HK,1993,11,A3,22,17,0
HK,1993,11,A3,22,18,0
HK,1993,11,A3,22,19,0
HK,1993,11,A3,22,20,1
HK,1993,11,A3,22,21,3
HK,1993,11,A3,22,22,17
HK,1993,11,A3s,0,0,5
HK,1993,11,A3s,0,1,0
HK,1993,11,A3s,0,2,0
HK,1993,11,A3s,0,3,0
HK,1993,11,A3s,0,4,0
HK,1993,11,A3s,0,5,0
HK,1993,11,A3s,0,6,0
HK,1993,11,A3s,0,7,0
HK,1993,11,A3s,0,8,0
HK,1993,11,A3s,0,9,0
HK,1993,11,A3s,0,10,1
HK,1993,11,A3s,0,11,0
HK,1993,11,A3s,0,12,0
HK,1993,11,A3s,0,13,0
HK,1993,11,A3s,0,14,0
HK,1993,11,A3s,0,15,0
HK,1993,11,A3s,0,16,1
HK,1993,11,A3s,0,17,0
HK,1993,11,A3s,0,18,0
HK,1993,11,A3s,0,19,0
HK,1993,11,A3s,0,20,0
HK,1993,11,A3s,0,21,0
HK,1993,11,A3s,0,22,0
HK,1993,11,A3s,1,0,0
HK,1993,11,A3s,1,1,103
HK,1993,11,A3s,1,2,10
HK,1993,11,A3s,1,3,0
HK,1993,11,A3s,1,4,0
HK,1993,11,A3s,1,5,0
HK,1993,11,A3s,1,6,0
HK,1993,11,A3s,1,7,0
HK,1993,11,A3s,1,8,0
HK,1993,11,A3s,1,9,0
HK,1993,11,A3s,1,10,0
HK,1993,11,A3s,1,11,0
HK,1993,11,A3s,1,12,0
HK,1993,11,A3s,1,13,0
HK,1993,11,A3s,1,14,0
HK,1993,11,A3s,1,15,0
HK,1993,11,A3s,1,16,0
HK,1993,11,A3s,1,17,0
HK,1993,11,A3s,1,18,0
HK,1993,11,A3s,1,19,0
HK,1993,11,A3s,1,20,0
HK,1993,11,A3s,1,21,0
HK,1993,11,A3s,1,22,0
HK,1993,11,A3s,2,0,0
HK,1993,11,A3s,2,1,1
HK,1993,11,A3s,2,2,150
HK,1993,11,A3s,2,3,0
HK,1993,11,A3s,2,4,0
HK,1993,11,A3s,2,5,0
HK,1993,11,A3s,2,6,0
HK,1993,11,A3s,2,7,31
HK,1993,11,A3s,2,8,0
HK,1993,11,A3s,2,9,0
HK,1993,11,A3s,2,10,0
HK,1993,11,A3s,2,11,0
HK,1993,11,A3s,2,12,0
HK,1993,11,A3s,2,13,0
HK,1993,11,A3s,2,14,0
HK,1993,11,A3s,2,15,0
HK,1993,11,A3s,2,16,0
HK,1993,11,A3s,2,17,0
HK,1993,11,A3s,2,18,0
HK,1993,11,A3s,2,19,0
HK,1993,11,A3s,2,20,0
HK,1993,11,A3s,2,21,0
HK,1993,11,A3s,2,22,0
HK,1993,11,A3s,3,0,0
HK,1993,11,A3s,3,1,0
HK,1993,11,A3s,3,2,0
HK,1993,11,A3s,3,3,126
HK,1993,11,A3s,3,4,29
HK,1993,11,A3s,3,5,0
HK,1993,11,A3s,3,6,0
HK,1993,11,A3s,3,7,0
HK,1993,11,A3s,3,8,1
HK,1993,11,A3s,3,9,0
HK,1993,11,A3s,3,10,0
HK,1993,11,A3s,3,11,0
HK,1993,11,A3s,3,12,0
HK,1993,11,A3s,3,13,0
HK,1993,11,A3s,3,14,0
HK,1993,11,A3s,3,15,0
HK,1993,11,A3s,3,16,0
HK,1993,11,A3s,3,17,1
HK,1993,11,A3s,3,18,0
HK,1993,11,A3s,3,19,0
HK,1993,11,A3s,3,20,0
HK,1993,11,A3s,3,21,0
HK,1993,11,A3s,3,22,0
HK,1993,11,A3s,4,0,0
HK,1993,11,A3s,4,1,0
HK,1993,11,A3s,4,2,0
HK,1993,11,A3s,4,3,19
HK,1993,11,A3s,4,4,145
HK,1993,11,A3s,4,5,0
HK,1993,11,A3s,4,6,0
HK,1993,11,A3s,4,7,0
HK,1993,11,A3s,4,8,1
HK,1993,11,A3s,4,9,0
HK,1993,11,A3s,4,10,0
HK,1993,11,A3s,4,11,0
HK,1993,11,A3s,4,12,0
HK,1993,11,A3s,4,13,0
HK,1993,11,A3s,4,14,0
HK,1993,11,A3s,4,15,0
HK,1993,11,A3s,4,16,0
HK,1993,11,A3s,4,17,0
HK,1993,11,A3s,4,18,0
HK,1993,11,A3s,4,19,0
HK,1993,11,A3s,4,20,0
HK,1993,11,A3s,4,21,0
HK,1993,11,A3s,4,22,0
HK,1993,11,A3s,5,0,0
HK,1993,11,A3s,5,1,0
HK,1993,11,A3s,5,2,0
HK,1993,11,A3s,5,3,0
HK,1993,11,A3s,5,4,0
HK,1993,11,A3s,5,5,0
HK,1993,11,A3s,5,6,0
HK,1993,11,A3s,5,7,0
HK,1993,11,A3s,5,8,0
HK,1993,11,A3s,5,9,0
HK,1993,11,A3s,5,10,0
HK,1993,11,A3s,5,11,0
HK,1993,11,A3s,5,12,0
HK,1993,11,A3s,5,13,0
HK,1993,11,A3s,5,14,1
HK,1993,11,A3s,5,15,0
HK,1993,11,A3s,5,16,0
HK,1993,11,A3s,5,17,0
HK,1993,11,A3s,5,18,0
HK,1993,11,A3s,5,19,0
HK,1993,11,A3s,5,20,0
HK,1993,11,A3s,5,21,0
HK,1993,11,A3s,5,22,0
HK,1993,11,A3s,6,0,0
HK,1993,11,A3s,6,1,0
HK,1993,11,A3s,6,2,0
HK,1993,11,A3s,6,3,0
HK,1993,11,A3s,6,4,0
HK,1993,11,A3s,6,5,0
HK,1993,11,A3s,6,6,0
HK,1993,11,A3s,6,7,0
HK,1993,11,A3s,6,8,0
HK,1993,11,A3s,6,9,0
HK,1993,11,A3s,6,10,0
HK,1993,11,A3s,6,11,0
HK,1993,11,A3s,6,12,0
HK,1993,11,A3s,6,13,0
HK,1993,11,A3s,6,14,0
HK,1993,11,A3s,6,15,0
HK,1993,11,A3s,6,16,0
HK,1993,11,A3s,6,17,0
HK,1993,11,A3s,6,18,0
HK,1993,11,A3s,6,19,0
HK,1993,11,A3s,6,20,1
HK,1993,11,A3s,6,21,0
HK,1993,11,A3s,6,22,0
HK,1993,11,A3s,7,0,0
HK,1993,11,A3s,7,1,0
HK,1993,11,A3s,7,2,0
HK,1993,11,A3s,7,3,0
HK,1993,11,A3s,7,4,0
HK,1993,11,A3s,7,5,0
HK,1993,11,A3s,7,6,0
HK,1993,11,A3s,7,7,21
HK,1993,11,A3s,7,8,0
HK,1993,11,A3s,7,9,0
HK,1993,11,A3s,7,10,0
HK,1993,11,A3s,7,11,0
HK,1993,11,A3s,7,12,0
HK,1993,11,A3s,7,13,0
HK,1993,11,A3s,7,14,0
HK,1993,11,A3s,7,15,0
HK,1993,11,A3s,7,16,0
HK,1993,11,A3s,7,17,0
HK,1993,11,A3s,7,18,0
HK,1993,11,A3s,7,19,0
HK,1993,11,A3s,7,20,0
HK,1993,11,A3s,7,21,0
HK,1993,11,A3s,7,22,0
HK,1993,11,A3s,8,0,0
HK,1993,11,A3s,8,1,0
HK,1993,11,A3s,8,2,0
HK,1993,11,A3s,8,3,0
HK,1993,11,A3s,8,4,0
HK,1993,11,A3s,8,5,0
HK,1993,11,A3s,8,6,0
HK,1993,11,A3s,8,7,0
HK,1993,11,A3s,8,8,151
HK,1993,11,A3s,8,9,0
HK,1993,11,A3s,8,10,0
HK,1993,11,A3s,8,11,0
HK,1993,11,A3s,8,12,0
HK,1993,11,A3s,8,13,0
HK,1993,11,A3s,8,14,0
HK,1993,11,A3s,8,15,0
HK,1993,11,A3s,8,16,0
HK,1993,11,A3s,8,17,2
HK,1993,11,A3s,8,18,0
HK,1993,11,A3s,8,19,0
HK,1993,11,A3s,8,20,0
HK,1993,11,A3s,8,21,0
HK,1993,11,A3s,8,22,0
HK,1993,11,A3s,9,0,0
HK,1993,11,A3s,9,1,0
HK,1993,11,A3s,9,2,0
HK,1993,11,A3s,9,3,0
HK,1993,11,A3s,9,4,0
HK,1993,11,A3s,9,5,0
HK,1993,11,A3s,9,6,0
HK,1993,11,A3s,9,7,0
HK,1993,11,A3s,9,8,0
HK,1993,11,A3s,9,9,163
HK,1993,11,A3s,9,10,0
HK,1993,11,A3s,9,11,0
HK,1993,11,A3s,9,12,0
HK,1993,11,A3s,9,13,0
HK,1993,11,A3s,9,14,0
HK,1993,11,A3s,9,15,0
HK,1993,11,A3s,9,16,0
HK,1993,11,A3s,9,17,0
HK,1993,11,A3s,9,18,0
HK,1993,11,A3s,9,19,1
HK,1993,11,A3s,9,20,0
HK,1993,11,A3s,9,21,0
HK,1993,11,A3s,9,22,0
HK,1993,11,A3s,10,0,12
HK,1993,11,A3s,10,1,0
HK,1993,11,A3s,10,2,0
HK,1993,11,A3s,10,3,0
HK,1993,11,A3s,10,4,0
HK,1993,11,A3s,10,5,0
HK,1993,11,A3s,10,6,0
HK,1993,11,A3s,10,7,0
HK,1993,11,A3s,10,8,0
HK,1993,11,A3s,10,9,2
HK,1993,11,A3s,10,10,112
HK,1993,11,A3s,10,11,11
HK,1993,11,A3s,10,12,5
HK,1993,11,A3s,10,13,0
HK,1993,11,A3s,10,14,0
HK,1993,11,A3s,10,15,0
HK,1993,11,A3s,10,16,8
HK,1993,11,A3s,10,17,0
HK,1993,11,A3s,10,18,0
HK,1993,11,A3s,10,19,0
HK,1993,11,A3s,10,20,0
HK,1993,11,A3s,10,21,0
HK,1993,11,A3s,10,22,0
HK,1993,11,A3s,11,0,5
HK,1993,11,A3s,11,1,0
HK,1993,11,A3s,11,2,0
HK,1993,11,A3s,11,3,0
HK,1993,11,A3s,11,4,0
HK,1993,11,A3s,11,5,0
HK,1993,11,A3s,11,6,0
HK,1993,11,A3s,11,7,0
HK,1993,11,A3s,11,8,0
HK,1993,11,A3s,11,9,2
HK,1993,11,A3s,11,10,17
HK,1993,11,A3s,11,11,17
HK,1993,11,A3s,11,12,12
HK,1993,11,A3s,11,13,1
HK,1993,11,A3s,11,14,0
HK,1993,11,A3s,11,15,1
HK,1993,11,A3s,11,16,6
HK,1993,11,A3s,11,17,0
HK,1993,11,A3s,11,18,0
HK,1993,11,A3s,11,19,0
HK,1993,11,A3s,11,20,0
HK,1993,11,A3s,11,21,0
HK,1993,11,A3s,11,22,0
HK,1993,11,A3s,12,0,1
HK,1993,11,A3s,12,1,0
HK,1993,11,A3s,12,2,0
HK,1993,11,A3s,12,3,0
HK,1993,11,A3s,12,4,0
HK,1993,11,A3s,12,5,0
HK,1993,11,A3s,12,6,0
HK,1993,11,A3s,12,7,0
HK,1993,11,A3s,12,8,0
HK,1993,11,A3s,12,9,0
HK,1993,11,A3s,12,10,2
HK,1993,11,A3s,12,11,5
HK,1993,11,A3s,12,12,31
HK,1993,11,A3s,12,13,0
HK,1993,11,A3s,12,14,0
HK,1993,11,A3s,12,15,0
HK,1993,11,A3s,12,16,2
HK,1993,11,A3s,12,17,0
HK,1993,11,A3s,12,18,0
HK,1993,11,A3s,12,19,0
HK,1993,11,A3s,12,20,0
HK,1993,11,A3s,12,21,0
HK,1993,11,A3s,12,22,0
HK,1993,11,A3s,13,0,0
HK,1993,11,A3s,13,1,0
HK,1993,11,A3s,13,2,0
HK,1993,11,A3s,13,3,0
HK,1993,11,A3s,13,4,0
HK,1993,11,A3s,13,5,0
HK,1993,11,A3s,13,6,0
HK,1993,11,A3s,13,7,0
HK,1993,11,A3s,13,8,0
HK,1993,11,A3s,13,9,4
HK,1993,11,A3s,13,10,0
HK,1993,11,A3s,13,11,0
HK,1993,11,A3s,13,12,0
HK,1993,11,A3s,13,13,153
HK,1993,11,A3s,13,14,0
HK,1993,11,A3s,13,15,1
HK,1993,11,A3s,13,16,0
HK,1993,11,A3s,13,17,0
HK,1993,11,A3s,13,18,0
HK,1993,11,A3s,13,19,0
HK,1993,11,A3s,13,20,1
HK,1993,11,A3s,13,21,0
HK,1993,11,A3s,13,22,1
HK,1993,11,A3s,14,0,0
HK,1993,11,A3s,14,1,0
HK,1993,11,A3s,14,2,0
HK,1993,11,A3s,14,3,0
HK,1993,11,A3s,14,4,0
HK,1993,11,A3s,14,5,1
HK,1993,11,A3s,14,6,0
HK,1993,11,A3s,14,7,0
HK,1993,11,A3s,14,8,0
HK,1993,11,A3s,14,9,0
HK,1993,11,A3s,14,10,0
HK,1993,11,A3s,14,11,0
HK,1993,11,A3s,14,12,0
HK,1993,11,A3s,14,13,0
HK,1993,11,A3s,14,14,57
HK,1993,11,A3s,14,15,0
HK,1993,11,A3s,14,16,0
HK,1993,11,A3s,14,17,1
HK,1993,11,A3s,14,18,1
HK,1993,11,A3s,14,19,0
HK,1993,11,A3s,14,20,0
HK,1993,11,A3s,14,21,0
HK,1993,11,A3s,14,22,0
HK,1993,11,A3s,15,0,0
HK,1993,11,A3s,15,1,0
HK,1993,11,A3s,15,2,0
HK,1993,11,A3s,15,3,0
HK,1993,11,A3s,15,4,0
HK,1993,11,A3s,15,5,0
HK,1993,11,A3s,15,6,0
HK,1993,11,A3s,15,7,0
HK,1993,11,A3s,15,8,0
HK,1993,11,A3s,15,9,0
HK,1993,11,A3s,15,10,0
HK,1993,11,A3s,15,11,0
HK,1993,11,A3s,15,12,0
HK,1993,11,A3s,15,13,0
HK,1993,11,A3s,15,14,1
HK,1993,11,A3s,15,15,122
HK,1993,11,A3s,15,16,0
HK,1993,11,A3s,15,17,0
HK,1993,11,A3s,15,18,0
HK,1993,11,A3s,15,19,0
HK,1993,11,A3s,15,20,0
HK,1993,11,A3s,15,21,0
HK,1993,11,A3s,15,22,0
HK,1993,11,A3s,16,0,3
HK,1993,11,A3s,16,1,0
HK,1993,11,A3s,16,2,0
HK,1993,11,A3s,16,3,0
HK,1993,11,A3s,16,4,0
HK,1993,11,A3s,16,5,0
HK,1993,11,A3s,16,6,0
HK,1993,11,A3s,16,7,0
HK,1993,11,A3s,16,8,0
HK,1993,11,A3s,16,9,0
HK,1993,11,A3s,16,10,2
HK,1993,11,A3s,16,11,1
HK,1993,11,A3s,16,12,0
HK,1993,11,A3s,16,13,0
HK,1993,11,A3s,16,14,0
HK,1993,11,A3s,16,15,0
HK,1993,11,A3s,16,16,2
HK,1993,11,A3s,16,17,0
HK,1993,11,A3s,16,18,0
HK,1993,11,A3s,16,19,0
HK,1993,11,A3s,16,20,0
HK,1993,11,A3s,16,21,0
HK,1993,11,A3s,16,22,0
HK,1993,11,A3s,17,0,0
HK,1993,11,A3s,17,1,0
HK,1993,11,A3s,17,2,0
HK,1993,11,A3s,17,3,0
HK,1993,11,A3s,17,4,1
HK,1993,11,A3s,17,5,0
HK,1993,11,A3s,17,6,0
HK,1993,11,A3s,17,7,0
HK,1993,11,A3s,17,8,0
HK,1993,11,A3s,17,9,0
HK,1993,11,A3s,17,10,0
HK,1993,11,A3s,17,11,0
HK,1993,11,A3s,17,12,0
HK,1993,11,A3s,17,13,0
HK,1993,11,A3s,17,14,0
HK,1993,11,A3s,17,15,0
HK,1993,11,A3s,17,16,0
HK,1993,11,A3s,17,17,4
HK,1993,11,A3s,17,18,0
HK,1993,11,A3s,17,19,0
HK,1993,11,A3s,17,20,0
HK,1993,11,A3s,17,21,0
HK,1993,11,A3s,17,22,0
HK,1993,11,A3s,18,0,0
HK,1993,11,A3s,18,1,0
HK,1993,11,A3s,18,2,0
HK,1993,11,A3s,18,3,0
HK,1993,11,A3s,18,4,0
HK,1993,11,A3s,18,5,0
HK,1993,11,A3s,18,6,1
HK,1993,11,A3s,18,7,0
HK,1993,11,A3s,18,8,2
HK,1993,11,A3s,18,9,0
HK,1993,11,A3s,18,10,0
HK,1993,11,A3s,18,11,0
HK,1993,11,A3s,18,12,0
HK,1993,11,A3s,18,13,0
HK,1993,11,A3s,18,14,0
HK,1993,11,A3s,18,15,0
HK,1993,11,A3s,18,16,0
HK,1993,11,A3s,18,17,7
HK,1993,11,A3s,18,18,12
HK,1993,11,A3s,18,19,3
HK,1993,11,A3s,18,20,2
HK,1993,11,A3s,18,21,2
HK,1993,11,A3s,18,22,4
HK,1993,11,A3s,19,0,0
HK,1993,11,A3s,19,1,0
HK,1993,11,A3s,19,2,0
HK,1993,11,A3s,19,3,0
HK,1993,11,A3s,19,4,0
HK,1993,11,A3s,19,5,0
HK,1993,11,A3s,19,6,0
HK,1993,11,A3s,19,7,0
HK,1993,11,A3s,19,8,0
HK,1993,11,A3s,19,9,0
HK,1993,11,A3s,19,10,0
HK,1993,11,A3s,19,11,0
HK,1993,11,A3s,19,12,0
HK,1993,11,A3s,19,13,0
HK,1993,11,A3s,19,14,0
HK,1993,11,A3s,19,15,0
HK,1993,11,A3s,19,16,0
HK,1993,11,A3s,19,17,0
HK,1993,11,A3s,19,18,0
HK,1993,11,A3s,19,19,0
HK,1993,11,A3s,19,20,0
HK,1993,11,A3s,19,21,2
HK,1993,11,A3s,19,22,0
HK,1993,11,A3s,20,0,0
HK,1993,11,A3s,20,1,2
HK,1993,11,A3s,20,2,4
HK,1993,11,A3s,20,3,0
HK,1993,11,A3s,20,4,0
HK,1993,11,A3s,20,5,1
HK,1993,11,A3s,20,6,1
HK,1993,11,A3s,20,7,0
HK,1993,11,A3s,20,8,5
HK,1993,11,A3s,20,9,0
HK,1993,11,A3s,20,10,0
HK,1993,11,A3s,20,11,0
HK,1993,11,A3s,20,12,1
HK,1993,11,A3s,20,13,0
HK,1993,11,A3s,20,14,1
HK,1993,11,A3s,20,15,0
HK,1993,11,A3s,20,16,0
HK,1993,11,A3s,20,17,2
HK,1993,11,A3s,20,18,7
HK,1993,11,A3s,20,19,6
HK,1993,11,A3s,20,20,13
HK,1993,11,A3s,20,21,7
HK,1993,11,A3s,20,22,16
HK,1993,11,A3s,21,0,0
HK,1993,11,A3s,21,1,0
HK,1993,11,A3s,21,2,0
HK,1993,11,A3s,21,3,0
HK,1993,11,A3s,21,4,0
HK,1993,11,A3s,21,5,0
HK,1993,11,A3s,21,6,0
HK,1993,11,A3s,21,7,0
HK,1993,11,A3s,21,8,0
HK,1993,11,A3s,21,9,0
HK,1993,11,A3s,21,10,0
HK,1993,11,A3s,21,11,0
HK,1993,11,A3s,21,12,0
HK,1993,11,A3s,21,13,0
HK,1993,11,A3s,21,14,0
HK,1993,11,A3s,21,15,0
HK,1993,11,A3s,21,16,0
HK,1993,11,A3s,21,17,0
HK,1993,11,A3s,21,18,0
HK,1993,11,A3s,21,19,1
HK,1993,11,A3s,21,20,1
HK,1993,11,A3s,21,21,0
HK,1993,11,A3s,21,22,2
HK,1993,11,A3s,22,0,0
HK,1993,11,A3s,22,1,0
HK,1993,11,A3s,22,2,0
HK,1993,11,A3s,22,3,0
HK,1993,11,A3s,22,4,0
HK,1993,11,A3s,22,5,0
HK,1993,11,A3s,22,6,0
HK,1993,11,A3s,22,7,0
HK,1993,11,A3s,22,8,0
HK,1993,11,A3s,22,9,0
HK,1993,11,A3s,22,10,0
HK,1993,11,A3s,22,11,0
HK,1993,11,A3s,22,12,0
HK,1993,11,A3s,22,13,0
HK,1993,11,A3s,22,14,0
HK,1993,11,A3s,22,15,0
HK,1993,11,A3s,22,16,0
HK,1993,11,A3s,22,17,0
HK,1993,11,A3s,22,18,0
HK,1993,11,A3s,22,19,0
HK,1993,11,A3s,22,20,1
HK,1993,11,A3s,22,21,3
HK,1993,11,A3s,22,22,17
HK,1993,11,A4,0,0,5
HK,1993,11,A4,0,1,0
HK,1993,11,A4,0,2,0
HK,1993,11,A4,0,3,0
HK,1993,11,A4,0,4,0
HK,1993,11,A4,0,5,0
HK,1993,11,A4,0,6,0
HK,1993,11,A4,0,7,0
HK,1993,11,A4,0,8,0
HK,1993,11,A4,0,9,0
HK,1993,11,A4,0,10,1
HK,1993,11,A4,0,11,0
HK,1993,11,A4,0,12,0
HK,1993,11,A4,0,13,0
HK,1993,11,A4,0,14,0
HK,1993,11,A4,0,15,0
HK,1993,11,A4,0,16,1
HK,1993,11,A4,0,17,0
HK,1993,11,A4,0,18,0
HK,1993,11,A4,0,19,0
HK,1993,11,A4,0,20,0
HK,1993,11,A4,0,21,0
HK,1993,11,A4,0,22,0
HK,1993,11,A4,1,0,0
HK,1993,11,A4,1,1,103
HK,1993,11,A4,1,2,10
HK,1993,11,A4,1,3,0
HK,1993,11,A4,1,4,0
HK,1993,11,A4,1,5,0
HK,1993,11,A4,1,6,0
HK,1993,11,A4,1,7,0
HK,1993,11,A4,1,8,0
HK,1993,11,A4,1,9,0
HK,1993,11,A4,1,10,0
HK,1993,11,A4,1,11,0
HK,1993,11,A4,1,12,0
HK,1993,11,A4,1,13,0
HK,1993,11,A4,1,14,0
HK,1993,11,A4,1,15,0
HK,1993,11,A4,1,16,0
HK,1993,11,A4,1,17,0
HK,1993,11,A4,1,18,0
HK,1993,11,A4,1,19,0
HK,1993,11,A4,1,20,0
HK,1993,11,A4,1,21,0
HK,1993,11,A4,1,22,0
HK,1993,11,A4,2,0,0
HK,1993,11,A4,2,1,1
HK,1993,11,A4,2,2,152
HK,1993,11,A4,2,3,0
HK,1993,11,A4,2,4,0
HK,1993,11,A4,2,5,0
HK,1993,11,A4,2,6,0
HK,1993,11,A4,2,7,29
HK,1993,11,A4,2,8,0
HK,1993,11,A4,2,9,0
HK,1993,11,A4,2,10,0
HK,1993,11,A4,2,11,0
HK,1993,11,A4,2,12,0
HK,1993,11,A4,2,13,0
HK,1993,11,A4,2,14,0
HK,1993,11,A4,2,15,0
HK,1993,11,A4,2,16,0
HK,1993,11,A4,2,17,0
HK,1993,11,A4,2,18,0
HK,1993,11,A4,2,19,0
HK,1993,11,A4,2,20,0
HK,1993,11,A4,2,21,0
HK,1993,11,A4,2,22,0
HK,1993,11,A4,3,0,0
HK,1993,11,A4,3,1,0
HK,1993,11,A4,3,2,0
HK,1993,11,A4,3,3,129
HK,1993,11,A4,3,4,27
HK,1993,11,A4,3,5,0
HK,1993,11,A4,3,6,0
HK,1993,11,A4,3,7,0
HK,1993,11,A4,3,8,0
HK,1993,11,A4,3,9,0
HK,1993,11,A4,3,10,0
HK,1993,11,A4,3,11,0
HK,1993,11,A4,3,12,0
HK,1993,11,A4,3,13,0
HK,1993,11,A4,3,14,0
HK,1993,11,A4,3,15,0
HK,1993,11,A4,3,16,0
HK,1993,11,A4,3,17,1
HK,1993,11,A4,3,18,0
HK,1993,11,A4,3,19,0
HK,1993,11,A4,3,20,0
HK,1993,11,A4,3,21,0
HK,1993,11,A4,3,22,0
HK,1993,11,A4,4,0,0
HK,1993,11,A4,4,1,0
HK,1993,11,A4,4,2,0
HK,1993,11,A4,4,3,20
HK,1993,11,A4,4,4,144
HK,1993,11,A4,4,5,0
HK,1993,11,A4,4,6,0
HK,1993,11,A4,4,7,0
HK,1993,11,A4,4,8,1
HK,1993,11,A4,4,9,0
HK,1993,11,A4,4,10,0
HK,1993,11,A4,4,11,0
HK,1993,11,A4,4,12,0
HK,1993,11,A4,4,13,0
HK,1993,11,A4,4,14,0
HK,1993,11,A4,4,15,0
HK,1993,11,A4,4,16,0
HK,1993,11,A4,4,17,0
HK,1993,11,A4,4,18,0
HK,1993,11,A4,4,19,0
HK,1993,11,A4,4,20,0
HK,1993,11,A4,4,21,0
HK,1993,11,A4,4,22,0
HK,1993,11,A4,5,0,0
HK,1993,11,A4,5,1,0
HK,1993,11,A4,5,2,0
HK,1993,11,A4,5,3,0
HK,1993,11,A4,5,4,0
HK,1993,11,A4,5,5,0
HK,1993,11,A4,5,6,0
HK,1993,11,A4,5,7,0
HK,1993,11,A4,5,8,0
HK,1993,11,A4,5,9,0
HK,1993,11,A4,5,10,0
HK,1993,11,A4,5,11,0
HK,1993,11,A4,5,12,0
HK,1993,11,A4,5,13,0
HK,1993,11,A4,5,14,1
HK,1993,11,A4,5,15,0
HK,1993,11,A4,5,16,0
HK,1993,11,A4,5,17,0
HK,1993,11,A4,5,18,0
HK,1993,11,A4,5,19,0
HK,1993,11,A4,5,20,0
HK,1993,11,A4,5,21,0
HK,1993,11,A4,5,22,0
HK,1993,11,A4,6,0,0
HK,1993,11,A4,6,1,0
HK,1993,11,A4,6,2,0
HK,1993,11,A4,6,3,0
HK,1993,11,A4,6,4,0
HK,1993,11,A4,6,5,0
HK,1993,11,A4,6,6,0
HK,1993,11,A4,6,7,0
HK,1993,11,A4,6,8,0
HK,1993,11,A4,6,9,0
HK,1993,11,A4,6,10,0
HK,1993,11,A4,6,11,0
HK,1993,11,A4,6,12,0
HK,1993,11,A4,6,13,0
HK,1993,11,A4,6,14,0
HK,1993,11,A4,6,15,0
HK,1993,11,A4,6,16,0
HK,1993,11,A4,6,17,0
HK,1993,11,A4,6,18,0
HK,1993,11,A4,6,19,0
HK,1993,11,A4,6,20,1
HK,1993,11,A4,6,21,0
HK,1993,11,A4,6,22,0
HK,1993,11,A4,7,0,0
HK,1993,11,A4,7,1,0
HK,1993,11,A4,7,2,0
HK,1993,11,A4,7,3,0
HK,1993,11,A4,7,4,0
HK,1993,11,A4,7,5,0
HK,1993,11,A4,7,6,0
HK,1993,11,A4,7,7,21
HK,1993,11,A4,7,8,0
HK,1993,11,A4,7,9,0
HK,1993,11,A4,7,10,0
HK,1993,11,A4,7,11,0
HK,1993,11,A4,7,12,0
HK,1993,11,A4,7,13,0
HK,1993,11,A4,7,14,0
HK,1993,11,A4,7,15,0
HK,1993,11,A4,7,16,0
HK,1993,11,A4,7,17,0
HK,1993,11,A4,7,18,0
HK,1993,11,A4,7,19,0
HK,1993,11,A4,7,20,0
HK,1993,11,A4,7,21,0
HK,1993,11,A4,7,22,0
HK,1993,11,A4,8,0,0
HK,1993,11,A4,8,1,0
HK,1993,11,A4,8,2,0
HK,1993,11,A4,8,3,0
HK,1993,11,A4,8,4,0
HK,1993,11,A4,8,5,0
HK,1993,11,A4,8,6,0
HK,1993,11,A4,8,7,0
HK,1993,11,A4,8,8,151
HK,1993,11,A4,8,9,0
HK,1993,11,A4,8,10,0
HK,1993,11,A4,8,11,0
HK,1993,11,A4,8,12,0
HK,1993,11,A4,8,13,0
HK,1993,11,A4,8,14,0
HK,1993,11,A4,8,15,0
HK,1993,11,A4,8,16,0
HK,1993,11,A4,8,17,2
HK,1993,11,A4,8,18,0
HK,1993,11,A4,8,19,0
HK,1993,11,A4,8,20,0
HK,1993,11,A4,8,21,0
HK,1993,11,A4,8,22,0
HK,1993,11,A4,9,0,0
HK,1993,11,A4,9,1,0
HK,1993,11,A4,9,2,0
HK,1993,11,A4,9,3,0
HK,1993,11,A4,9,4,0
HK,1993,11,A4,9,5,0
HK,1993,11,A4,9,6,0
HK,1993,11,A4,9,7,0
HK,1993,11,A4,9,8,0
HK,1993,11,A4,9,9,163
HK,1993,11,A4,9,10,0
HK,1993,11,A4,9,11,0
HK,1993,11,A4,9,12,0
HK,1993,11,A4,9,13,0
HK,1993,11,A4,9,14,0
HK,1993,11,A4,9,15,0
HK,1993,11,A4,9,16,0
HK,1993,11,A4,9,17,0
HK,1993,11,A4,9,18,0
HK,1993,11,A4,9,19,1
HK,1993,11,A4,9,20,0
HK,1993,11,A4,9,21,0
HK,1993,11,A4,9,22,0
HK,1993,11,A4,10,0,11
HK,1993,11,A4,10,1,0
HK,1993,11,A4,10,2,0
HK,1993,11,A4,10,3,0
HK,1993,11,A4,10,4,0
HK,1993,11,A4,10,5,0
HK,1993,11,A4,10,6,0
HK,1993,11,A4,10,7,0
HK,1993,11,A4,10,8,0
HK,1993,11,A4,10,9,2
HK,1993,11,A4,10,10,115
HK,1993,11,A4,10,11,9
HK,1993,11,A4,10,12,5
HK,1993,11,A4,10,13,0
HK,1993,11,A4,10,14,0
HK,1993,11,A4,10,15,0
HK,1993,11,A4,10,16,8
HK,1993,11,A4,10,17,0
HK,1993,11,A4,10,18,0
HK,1993,11,A4,10,19,0
HK,1993,11,A4,10,20,0
HK,1993,11,A4,10,21,0
HK,1993,11,A4,10,22,0
HK,1993,11,A4,11,0,5
HK,1993,11,A4,11,1,0
HK,1993,11,A4,11,2,0
HK,1993,11,A4,11,3,0
HK,1993,11,A4,11,4,0
HK,1993,11,A4,11,5,0
HK,1993,11,A4,11,6,0
HK,1993,11,A4,11,7,0
HK,1993,11,A4,11,8,0
HK,1993,11,A4,11,9,2
HK,1993,11,A4,11,10,17
HK,1993,11,A4,11,11,17
HK,1993,11,A4,11,12,12
HK,1993,11,A4,11,13,1
HK,1993,11,A4,11,14,0
HK,1993,11,A4,11,15,1
HK,1993,11,A4,11,16,6
HK,1993,11,A4,11,17,0
HK,1993,11,A4,11,18,0
HK,1993,11,A4,11,19,0
HK,1993,11,A4,11,20,0
HK,1993,11,A4,11,21,0
HK,1993,11,A4,11,22,0
HK,1993,11,A4,12,0,1
HK,1993,11,A4,12,1,0
HK,1993,11,A4,12,2,0
HK,1993,11,A4,12,3,0
HK,1993,11,A4,12,4,0
HK,1993,11,A4,12,5,0
HK,1993,11,A4,12,6,0
HK,1993,11,A4,12,7,0
HK,1993,11,A4,12,8,0
HK,1993,11,A4,12,9,0
HK,1993,11,A4,12,10,2
HK,1993,11,A4,12,11,4
HK,1993,11,A4,12,12,32
HK,1993,11,A4,12,13,0
HK,1993,11,A4,12,14,0
HK,1993,11,A4,12,15,0
HK,1993,11,A4,12,16,2
HK,1993,11,A4,12,17,0
HK,1993,11,A4,12,18,0
HK,1993,11,A4,12,19,0
HK,1993,11,A4,12,20,0
HK,1993,11,A4,12,21,0
HK,1993,11,A4,12,22,0
HK,1993,11,A4,13,0,0
HK,1993,11,A4,13,1,1
HK,1993,11,A4,13,2,0
HK,1993,11,A4,13,3,0
HK,1993,11,A4,13,4,0
HK,1993,11,A4,13,5,0
HK,1993,11,A4,13,6,0
HK,1993,11,A4,13,7,0
HK,1993,11,A4,13,8,0
HK,1993,11,A4,13,9,4
HK,1993,11,A4,13,10,0
HK,1993,11,A4,13,11,0
HK,1993,11,A4,13,12,0
HK,1993,11,A4,13,13,153
HK,1993,11,A4,13,14,0
HK,1993,11,A4,13,15,1
HK,1993,11,A4,13,16,0
HK,1993,11,A4,13,17,0
HK,1993,11,A4,13,18,0
HK,1993,11,A4,13,19,0
HK,1993,11,A4,13,20,0
HK,1993,11,A4,13,21,0
HK,1993,11,A4,13,22,1
HK,1993,11,A4,14,0,0
HK,1993,11,A4,14,1,0
HK,1993,11,A4,14,2,0
HK,1993,11,A4,14,3,0
HK,1993,11,A4,14,4,0
HK,1993,11,A4,14,5,2
HK,1993,11,A4,14,6,0
HK,1993,11,A4,14,7,0
HK,1993,11,A4,14,8,0
HK,1993,11,A4,14,9,0
HK,1993,11,A4,14,10,0
HK,1993,11,A4,14,11,0
HK,1993,11,A4,14,12,0
HK,1993,11,A4,14,13,0
HK,1993,11,A4,14,14,56
HK,1993,11,A4,14,15,0
HK,1993,11,A4,14,16,0
HK,1993,11,A4,14,17,1
HK,1993,11,A4,14,18,1
HK,1993,11,A4,14,19,0
HK,1993,11,A4,14,20,0
HK,1993,11,A4,14,21,0
HK,1993,11,A4,14,22,0
HK,1993,11,A4,15,0,0
HK,1993,11,A4,15,1,0
HK,1993,11,A4,15,2,0
HK,1993,11,A4,15,3,0
HK,1993,11,A4,15,4,0
HK,1993,11,A4,15,5,0
HK,1993,11,A4,15,6,0
HK,1993,11,A4,15,7,0
HK,1993,11,A4,15,8,0
HK,1993,11,A4,15,9,0
HK,1993,11,A4,15,10,0
HK,1993,11,A4,15,11,0
HK,1993,11,A4,15,12,0
HK,1993,11,A4,15,13,0
HK,1993,11,A4,15,14,1
HK,1993,11,A4,15,15,122
HK,1993,11,A4,15,16,0
HK,1993,11,A4,15,17,0
HK,1993,11,A4,15,18,0
HK,1993,11,A4,15,19,0
HK,1993,11,A4,15,20,0
HK,1993,11,A4,15,21,0
HK,1993,11,A4,15,22,0
HK,1993,11,A4,16,0,3
HK,1993,11,A4,16,1,0
HK,1993,11,A4,16,2,0
HK,1993,11,A4,16,3,0
HK,1993,11,A4,16,4,0
HK,1993,11,A4,16,5,0
HK,1993,11,A4,16,6,0
HK,1993,11,A4,16,7,0
HK,1993,11,A4,16,8,0
HK,1993,11,A4,16,9,0
HK,1993,11,A4,16,10,2
HK,1993,11,A4,16,11,1
HK,1993,11,A4,16,12,0
HK,1993,11,A4,16,13,0
HK,1993,11,A4,16,14,0
HK,1993,11,A4,16,15,0
HK,1993,11,A4,16,16,2
HK,1993,11,A4,16,17,0
HK,1993,11,A4,16,18,0
HK,1993,11,A4,16,19,0
HK,1993,11,A4,16,20,0
HK,1993,11,A4,16,21,0
HK,1993,11,A4,16,22,0
HK,1993,11,A4,17,0,0
HK,1993,11,A4,17,1,0
HK,1993,11,A4,17,2,0
HK,1993,11,A4,17,3,0
HK,1993,11,A4,17,4,1
HK,1993,11,A4,17,5,0
HK,1993,11,A4,17,6,0
HK,1993,11,A4,17,7,0
HK,1993,11,A4,17,8,0
HK,1993,11,A4,17,9,0
HK,1993,11,A4,17,10,0
HK,1993,11,A4,17,11,0
HK,1993,11,A4,17,12,0
HK,1993,11,A4,17,13,0
HK,1993,11,A4,17,14,0
HK,1993,11,A4,17,15,0
HK,1993,11,A4,17,16,0
HK,1993,11,A4,17,17,4
HK,1993,11,A4,17,18,0
HK,1993,11,A4,17,19,0
HK,1993,11,A4,17,20,0
HK,1993,11,A4,17,21,0
HK,1993,11,A4,17,22,0
HK,1993,11,A4,18,0,0
HK,1993,11,A4,18,1,1
HK,1993,11,A4,18,2,0
HK,1993,11,A4,18,3,0
HK,1993,11,A4,18,4,0
HK,1993,11,A4,18,5,0
HK,1993,11,A4,18,6,1
HK,1993,11,A4,18,7,0
HK,1993,11,A4,18,8,2
HK,1993,11,A4,18,9,0
HK,1993,11,A4,18,10,0
HK,1993,11,A4,18,11,0
HK,1993,11,A4,18,12,0
HK,1993,11,A4,18,13,0
HK,1993,11,A4,18,14,0
HK,1993,11,A4,18,15,0
HK,1993,11,A4,18,16,0
HK,1993,11,A4,18,17,7
HK,1993,11,A4,18,18,11
HK,1993,11,A4,18,19,3
HK,1993,11,A4,18,20,2
HK,1993,11,A4,18,21,2
HK,1993,11,A4,18,22,4
HK,1993,11,A4,19,0,0
HK,1993,11,A4,19,1,0
HK,1993,11,A4,19,2,0
HK,1993,11,A4,19,3,0
HK,1993,11,A4,19,4,0
HK,1993,11,A4,19,5,0
HK,1993,11,A4,19,6,0
HK,1993,11,A4,19,7,0
HK,1993,11,A4,19,8,0
HK,1993,11,A4,19,9,0
HK,1993,11,A4,19,10,0
HK,1993,11,A4,19,11,0
HK,1993,11,A4,19,12,0
HK,1993,11,A4,19,13,0
HK,1993,11,A4,19,14,0
HK,1993,11,A4,19,15,0
HK,1993,11,A4,19,16,0
HK,1993,11,A4,19,17,0
HK,1993,11,A4,19,18,0
HK,1993,11,A4,19,19,0
HK,1993,11,A4,19,20,0
HK,1993,11,A4,19,21,2
HK,1993,11,A4,19,22,0
HK,1993,11,A4,20,0,0
HK,1993,11,A4,20,1,2
HK,1993,11,A4,20,2,5
HK,1993,11,A4,20,3,0
HK,1993,11,A4,20,4,0
HK,1993,11,A4,20,5,1
HK,1993,11,A4,20,6,1
HK,1993,11,A4,20,7,0
HK,1993,11,A4,20,8,5
HK,1993,11,A4,20,9,0
HK,1993,11,A4,20,10,0
HK,1993,11,A4,20,11,0
HK,1993,11,A4,20,12,1
HK,1993,11,A4,20,13,0
HK,1993,11,A4,20,14,1
HK,1993,11,A4,20,15,0
HK,1993,11,A4,20,16,0
HK,1993,11,A4,20,17,2
HK,1993,11,A4,20,18,7
HK,1993,11,A4,20,19,6
HK,1993,11,A4,20,20,14
HK,1993,11,A4,20,21,6
HK,1993,11,A4,20,22,15
HK,1993,11,A4,21,0,0
HK,1993,11,A4,21,1,0
HK,1993,11,A4,21,2,0
HK,1993,11,A4,21,3,0
HK,1993,11,A4,21,4,0
HK,1993,11,A4,21,5,0
HK,1993,11,A4,21,6,0
HK,1993,11,A4,21,7,0
HK,1993,11,A4,21,8,0
HK,1993,11,A4,21,9,0
HK,1993,11,A4,21,10,0
HK,1993,11,A4,21,11,0
HK,1993,11,A4,21,12,0
HK,1993,11,A4,21,13,0
HK,1993,11,A4,21,14,0
HK,1993,11,A4,21,15,0
HK,1993,11,A4,21,16,0
HK,1993,11,A4,21,17,0
HK,1993,11,A4,21,18,0
HK,1993,11,A4,21,19,1
HK,1993,11,A4,21,20,1
HK,1993,11,A4,21,21,0
HK,1993,11,A4,21,22,2
HK,1993,11,A4,22,0,0
HK,1993,11,A4,22,1,0
HK,1993,11,A4,22,2,0
HK,1993,11,A4,22,3,0
HK,1993,11,A4,22,4,0
HK,1993,11,A4,22,5,0
HK,1993,11,A4,22,6,0
HK,1993,11,A4,22,7,0
HK,1993,11,A4,22,8,0
HK,1993,11,A4,22,9,0
HK,1993,11,A4,22,10,0
HK,1993,11,A4,22,11,0
HK,1993,11,A4,22,12,0
HK,1993,11,A4,22,13,0
HK,1993,11,A4,22,14,0
HK,1993,11,A4,22,15,0
HK,1993,11,A4,22,16,0
HK,1993,11,A4,22,17,0
HK,1993,11,A4,22,18,0
HK,1993,11,A4,22,19,0
HK,1993,11,A4,22,20,1
HK,1993,11,A4,22,21,3
HK,1993,11,A4,22,22,17
HK,1993,11,A5,0,0,5
HK,1993,11,A5,0,1,0
HK,1993,11,A5,0,2,0
HK,1993,11,A5,0,3,0
HK,1993,11,A5,0,4,0
HK,1993,11,A5,0,5,0
HK,1993,11,A5,0,6,0
HK,1993,11,A5,0,7,0
HK,1993,11,A5,0,8,0
HK,1993,11,A5,0,9,0
HK,1993,11,A5,0,10,1
HK,1993,11,A5,0,11,0
HK,1993,11,A5,0,12,0
HK,1993,11,A5,0,13,0
HK,1993,11,A5,0,14,0
HK,1993,11,A5,0,15,0
HK,1993,11,A5,0,16,1
HK,1993,11,A5,0,17,0
HK,1993,11,A5,0,18,0
HK,1993,11,A5,0,19,0
HK,1993,11,A5,0,20,0
HK,1993,11,A5,0,21,0
HK,1993,11,A5,0,22,0
HK,1993,11,A5,1,0,0
HK,1993,11,A5,1,1,103
HK,1993,11,A5,1,2,10
HK,1993,11,A5,1,3,0
HK,1993,11,A5,1,4,0
HK,1993,11,A5,1,5,0
HK,1993,11,A5,1,6,0
HK,1993,11,A5,1,7,0
HK,1993,11,A5,1,8,0
HK,1993,11,A5,1,9,0
HK,1993,11,A5,1,10,0
HK,1993,11,A5,1,11,0
HK,1993,11,A5,1,12,0
HK,1993,11,A5,1,13,0
HK,1993,11,A5,1,14,0
HK,1993,11,A5,1,15,0
HK,1993,11,A5,1,16,0
HK,1993,11,A5,1,17,0
HK,1993,11,A5,1,18,0
HK,1993,11,A5,1,19,0
HK,1993,11,A5,1,20,0
HK,1993,11,A5,1,21,0
HK,1993,11,A5,1,22,0
HK,1993,11,A5,2,0,0
HK,1993,11,A5,2,1,1
HK,1993,11,A5,2,2,152
HK,1993,11,A5,2,3,0
HK,1993,11,A5,2,4,0
HK,1993,11,A5,2,5,0
HK,1993,11,A5,2,6,0
HK,1993,11,A5,2,7,29
HK,1993,11,A5,2,8,0
HK,1993,11,A5,2,9,0
HK,1993,11,A5,2,10,0
HK,1993,11,A5,2,11,0
HK,1993,11,A5,2,12,0
HK,1993,11,A5,2,13,0
HK,1993,11,A5,2,14,0
HK,1993,11,A5,2,15,0
HK,1993,11,A5,2,16,0
HK,1993,11,A5,2,17,0
HK,1993,11,A5,2,18,0
HK,1993,11,A5,2,19,0
HK,1993,11,A5,2,20,0
HK,1993,11,A5,2,21,0
HK,1993,11,A5,2,22,0
HK,1993,11,A5,3,0,0
HK,1993,11,A5,3,1,0
HK,1993,11,A5,3,2,0
HK,1993,11,A5,3,3,129
HK,1993,11,A5,3,4,27
HK,1993,11,A5,3,5,0
HK,1993,11,A5,3,6,0
HK,1993,11,A5,3,7,0
HK,1993,11,A5,3,8,0
HK,1993,11,A5,3,9,0
HK,1993,11,A5,3,10,0
HK,1993,11,A5,3,11,0
HK,1993,11,A5,3,12,0
HK,1993,11,A5,3,13,0
HK,1993,11,A5,3,14,0
HK,1993,11,A5,3,15,0
HK,1993,11,A5,3,16,0
HK,1993,11,A5,3,17,1
HK,1993,11,A5,3,18,0
HK,1993,11,A5,3,19,0
HK,1993,11,A5,3,20,0
HK,1993,11,A5,3,21,0
HK,1993,11,A5,3,22,0
HK,1993,11,A5,4,0,0
HK,1993,11,A5,4,1,0
HK,1993,11,A5,4,2,0
HK,1993,11,A5,4,3,20
HK,1993,11,A5,4,4,144
HK,1993,11,A5,4,5,0
HK,1993,11,A5,4,6,0
HK,1993,11,A5,4,7,0
HK,1993,11,A5,4,8,1
HK,1993,11,A5,4,9,0
HK,1993,11,A5,4,10,0
HK,1993,11,A5,4,11,0
HK,1993,11,A5,4,12,0
HK,1993,11,A5,4,13,0
HK,1993,11,A5,4,14,0
HK,1993,11,A5,4,15,0
HK,1993,11,A5,4,16,0
HK,1993,11,A5,4,17,0
HK,1993,11,A5,4,18,0
HK,1993,11,A5,4,19,0
HK,1993,11,A5,4,20,0
HK,1993,11,A5,4,21,0
HK,1993,11,A5,4,22,0
HK,1993,11,A5,5,0,0
HK,1993,11,A5,5,1,0
HK,1993,11,A5,5,2,0
HK,1993,11,A5,5,3,0
HK,1993,11,A5,5,4,0
HK,1993,11,A5,5,5,0
HK,1993,11,A5,5,6,0
HK,1993,11,A5,5,7,0
HK,1993,11,A5,5,8,0
HK,1993,11,A5,5,9,0
HK,1993,11,A5,5,10,0
HK,1993,11,A5,5,11,0
HK,1993,11,A5,5,12,0
HK,1993,11,A5,5,13,0
HK,1993,11,A5,5,14,1
HK,1993,11,A5,5,15,0
HK,1993,11,A5,5,16,0
HK,1993,11,A5,5,17,0
HK,1993,11,A5,5,18,0
HK,1993,11,A5,5,19,0
HK,1993,11,A5,5,20,0
HK,1993,11,A5,5,21,0
HK,1993,11,A5,5,22,0
HK,1993,11,A5,6,0,0
HK,1993,11,A5,6,1,0
HK,1993,11,A5,6,2,0
HK,1993,11,A5,6,3,0
HK,1993,11,A5,6,4,0
HK,1993,11,A5,6,5,0
HK,1993,11,A5,6,6,0
HK,1993,11,A5,6,7,0
HK,1993,11,A5,6,8,0
HK,1993,11,A5,6,9,0
HK,1993,11,A5,6,10,0
HK,1993,11,A5,6,11,0
HK,1993,11,A5,6,12,0
HK,1993,11,A5,6,13,0
HK,1993,11,A5,6,14,0
HK,1993,11,A5,6,15,0
HK,1993,11,A5,6,16,0
HK,1993,11,A5,6,17,0
HK,1993,11,A5,6,18,0
HK,1993,11,A5,6,19,0
HK,1993,11,A5,6,20,1
HK,1993,11,A5,6,21,0
HK,1993,11,A5,6,22,0
HK,1993,11,A5,7,0,0
HK,1993,11,A5,7,1,0
HK,1993,11,A5,7,2,0
HK,1993,11,A5,7,3,0
HK,1993,11,A5,7,4,0
HK,1993,11,A5,7,5,0
HK,1993,11,A5,7,6,0
HK,1993,11,A5,7,7,21
HK,1993,11,A5,7,8,0
HK,1993,11,A5,7,9,0
HK,1993,11,A5,7,10,0
HK,1993,11,A5,7,11,0
HK,1993,11,A5,7,12,0
HK,1993,11,A5,7,13,0
HK,1993,11,A5,7,14,0
HK,1993,11,A5,7,15,0
HK,1993,11,A5,7,16,0
HK,1993,11,A5,7,17,0
HK,1993,11,A5,7,18,0
HK,1993,11,A5,7,19,0
HK,1993,11,A5,7,20,0
HK,1993,11,A5,7,21,0
HK,1993,11,A5,7,22,0
HK,1993,11,A5,8,0,0
HK,1993,11,A5,8,1,0
HK,1993,11,A5,8,2,0
HK,1993,11,A5,8,3,0
HK,1993,11,A5,8,4,0
HK,1993,11,A5,8,5,0
HK,1993,11,A5,8,6,0
HK,1993,11,A5,8,7,0
HK,1993,11,A5,8,8,151
HK,1993,11,A5,8,9,0
HK,1993,11,A5,8,10,0
HK,1993,11,A5,8,11,0
HK,1993,11,A5,8,12,0
HK,1993,11,A5,8,13,0
HK,1993,11,A5,8,14,0
HK,1993,11,A5,8,15,0
HK,1993,11,A5,8,16,0
HK,1993,11,A5,8,17,2
HK,1993,11,A5,8,18,0
HK,1993,11,A5,8,19,0
HK,1993,11,A5,8,20,0
HK,1993,11,A5,8,21,0
HK,1993,11,A5,8,22,0
HK,1993,11,A5,9,0,0
HK,1993,11,A5,9,1,0
HK,1993,11,A5,9,2,0
HK,1993,11,A5,9,3,0
HK,1993,11,A5,9,4,0
HK,1993,11,A5,9,5,0
HK,1993,11,A5,9,6,0
HK,1993,11,A5,9,7,0
HK,1993,11,A5,9,8,0
HK,1993,11,A5,9,9,163
HK,1993,11,A5,9,10,0
HK,1993,11,A5,9,11,0
HK,1993,11,A5,9,12,0
HK,1993,11,A5,9,13,0
HK,1993,11,A5,9,14,0
HK,1993,11,A5,9,15,0
HK,1993,11,A5,9,16,0
HK,1993,11,A5,9,17,0
HK,1993,11,A5,9,18,0
HK,1993,11,A5,9,19,1
HK,1993,11,A5,9,20,0
HK,1993,11,A5,9,21,0
HK,1993,11,A5,9,22,0
HK,1993,11,A5,10,0,11
HK,1993,11,A5,10,1,0
HK,1993,11,A5,10,2,0
HK,1993,11,A5,10,3,0
HK,1993,11,A5,10,4,0
HK,1993,11,A5,10,5,0
HK,1993,11,A5,10,6,0
HK,1993,11,A5,10,7,0
HK,1993,11,A5,10,8,0
HK,1993,11,A5,10,9,2
HK,1993,11,A5,10,10,115
HK,1993,11,A5,10,11,9
HK,1993,11,A5,10,12,5
HK,1993,11,A5,10,13,0
HK,1993,11,A5,10,14,0
HK,1993,11,A5,10,15,0
HK,1993,11,A5,10,16,8
HK,1993,11,A5,10,17,0
HK,1993,11,A5,10,18,0
HK,1993,11,A5,10,19,0
HK,1993,11,A5,10,20,0
HK,1993,11,A5,10,21,0
HK,1993,11,A5,10,22,0
HK,1993,11,A5,11,0,5
HK,1993,11,A5,11,1,0
HK,1993,11,A5,11,2,0
HK,1993,11,A5,11,3,0
HK,1993,11,A5,11,4,0
HK,1993,11,A5,11,5,0
HK,1993,11,A5,11,6,0
HK,1993,11,A5,11,7,0
HK,1993,11,A5,11,8,0
HK,1993,11,A5,11,9,2
HK,1993,11,A5,11,10,17
HK,1993,11,A5,11,11,17
HK,1993,11,A5,11,12,12
HK,1993,11,A5,11,13,1
HK,1993,11,A5,11,14,0
HK,1993,11,A5,11,15,1
HK,1993,11,A5,11,16,6
HK,1993,11,A5,11,17,0
HK,1993,11,A5,11,18,0
HK,1993,11,A5,11,19,0
HK,1993,11,A5,11,20,0
HK,1993,11,A5,11,21,0
HK,1993,11,A5,11,22,0
HK,1993,11,A5,12,0,1
HK,1993,11,A5,12,1,0
HK,1993,11,A5,12,2,0
HK,1993,11,A5,12,3,0
HK,1993,11,A5,12,4,0
HK,1993,11,A5,12,5,0
HK,1993,11,A5,12,6,0
HK,1993,11,A5,12,7,0
HK,1993,11,A5,12,8,0
HK,1993,11,A5,12,9,0
HK,1993,11,A5,12,10,2
HK,1993,11,A5,12,11,4
HK,1993,11,A5,12,12,32
HK,1993,11,A5,12,13,0
HK,1993,11,A5,12,14,0
HK,1993,11,A5,12,15,0
HK,1993,11,A5,12,16,2
HK,1993,11,A5,12,17,0
HK,1993,11,A5,12,18,0
HK,1993,11,A5,12,19,0
HK,1993,11,A5,12,20,0
HK,1993,11,A5,12,21,0
HK,1993,11,A5,12,22,0
HK,1993,11,A5,13,0,0
HK,1993,11,A5,13,1,1
HK,1993,11,A5,13,2,0
HK,1993,11,A5,13,3,0
HK,1993,11,A5,13,4,0
HK,1993,11,A5,13,5,0
HK,1993,11,A5,13,6,0
HK,1993,11,A5,13,7,0
HK,1993,11,A5,13,8,0
HK,1993,11,A5,13,9,4
HK,1993,11,A5,13,10,0
HK,1993,11,A5,13,11,0
HK,1993,11,A5,13,12,0
HK,1993,11,A5,13,13,153
HK,1993,11,A5,13,14,0
HK,1993,11,A5,13,15,1
HK,1993,11,A5,13,16,0
HK,1993,11,A5,13,17,0
HK,1993,11,A5,13,18,0
HK,1993,11,A5,13,19,0
HK,1993,11,A5,13,20,0
HK,1993,11,A5,13,21,0
HK,1993,11,A5,13,22,1
HK,1993,11,A5,14,0,0
HK,1993,11,A5,14,1,0
HK,1993,11,A5,14,2,0
HK,1993,11,A5,14,3,0
HK,1993,11,A5,14,4,0
HK,1993,11,A5,14,5,2
HK,1993,11,A5,14,6,0
HK,1993,11,A5,14,7,0
HK,1993,11,A5,14,8,0
HK,1993,11,A5,14,9,0
HK,1993,11,A5,14,10,0
HK,1993,11,A5,14,11,0
HK,1993,11,A5,14,12,0
HK,1993,11,A5,14,13,0
HK,1993,11,A5,14,14,56
HK,1993,11,A5,14,15,0
HK,1993,11,A5,14,16,0
HK,1993,11,A5,14,17,1
HK,1993,11,A5,14,18,1
HK,1993,11,A5,14,19,0
HK,1993,11,A5,14,20,0
HK,1993,11,A5,14,21,0
HK,1993,11,A5,14,22,0
HK,1993,11,A5,15,0,0
HK,1993,11,A5,15,1,0
HK,1993,11,A5,15,2,0
HK,1993,11,A5,15,3,0
HK,1993,11,A5,15,4,0
HK,1993,11,A5,15,5,0
HK,1993,11,A5,15,6,0
HK,1993,11,A5,15,7,0
HK,1993,11,A5,15,8,0
HK,1993,11,A5,15,9,0
HK,1993,11,A5,15,10,0
HK,1993,11,A5,15,11,0
HK,1993,11,A5,15,12,0
HK,1993,11,A5,15,13,0
HK,1993,11,A5,15,14,0
HK,1993,11,A5,15,15,123
HK,1993,11,A5,15,16,0
HK,1993,11,A5,15,17,0
HK,1993,11,A5,15,18,0
HK,1993,11,A5,15,19,0
HK,1993,11,A5,15,20,0
HK,1993,11,A5,15,21,0
HK,1993,11,A5,15,22,0
HK,1993,11,A5,16,0,3
HK,1993,11,A5,16,1,0
HK,1993,11,A5,16,2,0
HK,1993,11,A5,16,3,0
HK,1993,11,A5,16,4,0
HK,1993,11,A5,16,5,0
HK,1993,11,A5,16,6,0
HK,1993,11,A5,16,7,0
HK,1993,11,A5,16,8,0
HK,1993,11,A5,16,9,0
HK,1993,11,A5,16,10,2
HK,1993,11,A5,16,11,1
HK,1993,11,A5,16,12,0
HK,1993,11,A5,16,13,0
HK,1993,11,A5,16,14,0
HK,1993,11,A5,16,15,0
HK,1993,11,A5,16,16,2
HK,1993,11,A5,16,17,0
HK,1993,11,A5,16,18,0
HK,1993,11,A5,16,19,0
HK,1993,11,A5,16,20,0
HK,1993,11,A5,16,21,0
HK,1993,11,A5,16,22,0
HK,1993,11,A5,17,0,0
HK,1993,11,A5,17,1,0
HK,1993,11,A5,17,2,0
HK,1993,11,A5,17,3,0
HK,1993,11,A5,17,4,1
HK,1993,11,A5,17,5,0
HK,1993,11,A5,17,6,0
HK,1993,11,A5,17,7,0
HK,1993,11,A5,17,8,0
HK,1993,11,A5,17,9,0
HK,1993,11,A5,17,10,0
HK,1993,11,A5,17,11,0
HK,1993,11,A5,17,12,0
HK,1993,11,A5,17,13,0
HK,1993,11,A5,17,14,0
HK,1993,11,A5,17,15,0
HK,1993,11,A5,17,16,0
HK,1993,11,A5,17,17,4
HK,1993,11,A5,17,18,0
HK,1993,11,A5,17,19,0
HK,1993,11,A5,17,20,0
HK,1993,11,A5,17,21,0
HK,1993,11,A5,17,22,0
HK,1993,11,A5,18,0,0
HK,1993,11,A5,18,1,1
HK,1993,11,A5,18,2,0
HK,1993,11,A5,18,3,0
HK,1993,11,A5,18,4,0
HK,1993,11,A5,18,5,0
HK,1993,11,A5,18,6,1
HK,1993,11,A5,18,7,0
HK,1993,11,A5,18,8,2
HK,1993,11,A5,18,9,0
HK,1993,11,A5,18,10,0
HK,1993,11,A5,18,11,0
HK,1993,11,A5,18,12,0
HK,1993,11,A5,18,13,0
HK,1993,11,A5,18,14,0
HK,1993,11,A5,18,15,0
HK,1993,11,A5,18,16,0
HK,1993,11,A5,18,17,6
HK,1993,11,A5,18,18,11
HK,1993,11,A5,18,19,3
HK,1993,11,A5,18,20,3
HK,1993,11,A5,18,21,2
HK,1993,11,A5,18,22,4
HK,1993,11,A5,19,0,0
HK,1993,11,A5,19,1,0
HK,1993,11,A5,19,2,0
HK,1993,11,A5,19,3,0
HK,1993,11,A5,19,4,0
HK,1993,11,A5,19,5,0
HK,1993,11,A5,19,6,0
HK,1993,11,A5,19,7,0
HK,1993,11,A5,19,8,0
HK,1993,11,A5,19,9,0
HK,1993,11,A5,19,10,0
HK,1993,11,A5,19,11,0
HK,1993,11,A5,19,12,0
HK,1993,11,A5,19,13,0
HK,1993,11,A5,19,14,0
HK,1993,11,A5,19,15,0
HK,1993,11,A5,19,16,0
HK,1993,11,A5,19,17,0
HK,1993,11,A5,19,18,0
HK,1993,11,A5,19,19,0
HK,1993,11,A5,19,20,0
HK,1993,11,A5,19,21,2
HK,1993,11,A5,19,22,0
HK,1993,11,A5,20,0,0
HK,1993,11,A5,20,1,2
HK,1993,11,A5,20,2,5
HK,1993,11,A5,20,3,0
HK,1993,11,A5,20,4,0
HK,1993,11,A5,20,5,1
HK,1993,11,A5,20,6,1
HK,1993,11,A5,20,7,0
HK,1993,11,A5,20,8,5
HK,1993,11,A5,20,9,0
HK,1993,11,A5,20,10,0
HK,1993,11,A5,20,11,0
HK,1993,11,A5,20,12,1
HK,1993,11,A5,20,13,0
HK,1993,11,A5,20,14,1
HK,1993,11,A5,20,15,0
HK,1993,11,A5,20,16,0
HK,1993,11,A5,20,17,2
HK,1993,11,A5,20,18,7
HK,1993,11,A5,20,19,6
HK,1993,11,A5,20,20,14
HK,1993,11,A5,20,21,7
HK,1993,11,A5,20,22,14
HK,1993,11,A5,21,0,0
HK,1993,11,A5,21,1,0
HK,1993,11,A5,21,2,0
HK,1993,11,A5,21,3,0
HK,1993,11,A5,21,4,0
HK,1993,11,A5,21,5,0
HK,1993,11,A5,21,6,0
HK,1993,11,A5,21,7,0
HK,1993,11,A5,21,8,0
HK,1993,11,A5,21,9,0
HK,1993,11,A5,21,10,0
HK,1993,11,A5,21,11,0
HK,1993,11,A5,21,12,0
HK,1993,11,A5,21,13,0
HK,1993,11,A5,21,14,0
HK,1993,11,A5,21,15,0
HK,1993,11,A5,21,16,0
HK,1993,11,A5,21,17,0
HK,1993,11,A5,21,18,0
HK,1993,11,A5,21,19,1
HK,1993,11,A5,21,20,1
HK,1993,11,A5,21,21,0
HK,1993,11,A5,21,22,2
HK,1993,11,A5,22,0,0
HK,1993,11,A5,22,1,0
HK,1993,11,A5,22,2,0
HK,1993,11,A5,22,3,0
HK,1993,11,A5,22,4,0
HK,1993,11,A5,22,5,0
HK,1993,11,A5,22,6,0
HK,1993,11,A5,22,7,0
HK,1993,11,A5,22,8,0
HK,1993,11,A5,22,9,0
HK,1993,11,A5,22,10,0
HK,1993,11,A5,22,11,0
HK,1993,11,A5,22,12,0
HK,1993,11,A5,22,13,0
HK,1993,11,A5,22,14,0
HK,1993,11,A5,22,15,0
HK,1993,11,A5,22,16,0
HK,1993,11,A5,22,17,0
HK,1993,11,A5,22,18,0
HK,1993,11,A5,22,19,0
HK,1993,11,A5,22,20,1
HK,1993,11,A5,22,21,3
HK,1993,11,A5,22,22,17
HK,1993,11,A6,0,0,5
HK,1993,11,A6,0,1,0
HK,1993,11,A6,0,2,0
HK,1993,11,A6,0,3,0
HK,1993,11,A6,0,4,0
HK,1993,11,A6,0,5,0
HK,1993,11,A6,0,6,0
HK,1993,11,A6,0,7,0
HK,1993,11,A6,0,8,0
HK,1993,11,A6,0,9,0
HK,1993,11,A6,0,10,1
HK,1993,11,A6,0,11,0
HK,1993,11,A6,0,12,0
HK,1993,11,A6,0,13,0
HK,1993,11,A6,0,14,0
HK,1993,11,A6,0,15,0
HK,1993,11,A6,0,16,1
HK,1993,11,A6,0,17,0
HK,1993,11,A6,0,18,0
HK,1993,11,A6,0,19,0
HK,1993,11,A6,0,20,0
HK,1993,11,A6,0,21,0
HK,1993,11,A6,0,22,0
HK,1993,11,A6,1,0,0
HK,1993,11,A6,1,1,103
HK,1993,11,A6,1,2,10
HK,1993,11,A6,1,3,0
HK,1993,11,A6,1,4,0
HK,1993,11,A6,1,5,0
HK,1993,11,A6,1,6,0
HK,1993,11,A6,1,7,0
HK,1993,11,A6,1,8,0
HK,1993,11,A6,1,9,0
HK,1993,11,A6,1,10,0
HK,1993,11,A6,1,11,0
HK,1993,11,A6,1,12,0
HK,1993,11,A6,1,13,0
HK,1993,11,A6,1,14,0
HK,1993,11,A6,1,15,0
HK,1993,11,A6,1,16,0
HK,1993,11,A6,1,17,0
HK,1993,11,A6,1,18,0
HK,1993,11,A6,1,19,0
HK,1993,11,A6,1,20,0
HK,1993,11,A6,1,21,0
HK,1993,11,A6,1,22,0
HK,1993,11,A6,2,0,0
HK,1993,11,A6,2,1,1
HK,1993,11,A6,2,2,152
HK,1993,11,A6,2,3,0
HK,1993,11,A6,2,4,0
HK,1993,11,A6,2,5,0
HK,1993,11,A6,2,6,0
HK,1993,11,A6,2,7,29
HK,1993,11,A6,2,8,0
HK,1993,11,A6,2,9,0
HK,1993,11,A6,2,10,0
HK,1993,11,A6,2,11,0
HK,1993,11,A6,2,12,0
HK,1993,11,A6,2,13,0
HK,1993,11,A6,2,14,0
HK,1993,11,A6,2,15,0
HK,1993,11,A6,2,16,0
HK,1993,11,A6,2,17,0
HK,1993,11,A6,2,18,0
HK,1993,11,A6,2,19,0
HK,1993,11,A6,2,20,0
HK,1993,11,A6,2,21,0
HK,1993,11,A6,2,22,0
HK,1993,11,A6,3,0,0
HK,1993,11,A6,3,1,0
HK,1993,11,A6,3,2,0
HK,1993,11,A6,3,3,129
HK,1993,11,A6,3,4,27
HK,1993,11,A6,3,5,0
HK,1993,11,A6,3,6,0
HK,1993,11,A6,3,7,0
HK,1993,11,A6,3,8,0
HK,1993,11,A6,3,9,0
HK,1993,11,A6,3,10,0
HK,1993,11,A6,3,11,0
HK,1993,11,A6,3,12,0
HK,1993,11,A6,3,13,0
HK,1993,11,A6,3,14,0
HK,1993,11,A6,3,15,0
HK,1993,11,A6,3,16,0
HK,1993,11,A6,3,17,1
HK,1993,11,A6,3,18,0
HK,1993,11,A6,3,19,0
HK,1993,11,A6,3,20,0
HK,1993,11,A6,3,21,0
HK,1993,11,A6,3,22,0
HK,1993,11,A6,4,0,0
HK,1993,11,A6,4,1,0
HK,1993,11,A6,4,2,0
HK,1993,11,A6,4,3,20
HK,1993,11,A6,4,4,144
HK,1993,11,A6,4,5,0
HK,1993,11,A6,4,6,0
HK,1993,11,A6,4,7,0
HK,1993,11,A6,4,8,1
HK,1993,11,A6,4,9,0
HK,1993,11,A6,4,10,0
HK,1993,11,A6,4,11,0
HK,1993,11,A6,4,12,0
HK,1993,11,A6,4,13,0
HK,1993,11,A6,4,14,0
HK,1993,11,A6,4,15,0
HK,1993,11,A6,4,16,0
HK,1993,11,A6,4,17,0
HK,1993,11,A6,4,18,0
HK,1993,11,A6,4,19,0
HK,1993,11,A6,4,20,0
HK,1993,11,A6,4,21,0
HK,1993,11,A6,4,22,0
HK,1993,11,A6,5,0,0
HK,1993,11,A6,5,1,0
HK,1993,11,A6,5,2,0
HK,1993,11,A6,5,3,0
HK,1993,11,A6,5,4,0
HK,1993,11,A6,5,5,0
HK,1993,11,A6,5,6,0
HK,1993,11,A6,5,7,0
HK,1993,11,A6,5,8,0
HK,1993,11,A6,5,9,0
HK,1993,11,A6,5,10,0
HK,1993,11,A6,5,11,0
HK,1993,11,A6,5,12,0
HK,1993,11,A6,5,13,0
HK,1993,11,A6,5,14,1
HK,1993,11,A6,5,15,0
HK,1993,11,A6,5,16,0
HK,1993,11,A6,5,17,0
HK,1993,11,A6,5,18,0
HK,1993,11,A6,5,19,0
HK,1993,11,A6,5,20,0
HK,1993,11,A6,5,21,0
HK,1993,11,A6,5,22,0
HK,1993,11,A6,6,0,0
HK,1993,11,A6,6,1,0
HK,1993,11,A6,6,2,0
HK,1993,11,A6,6,3,0
HK,1993,11,A6,6,4,0
HK,1993,11,A6,6,5,0
HK,1993,11,A6,6,6,0
HK,1993,11,A6,6,7,0
HK,1993,11,A6,6,8,0
HK,1993,11,A6,6,9,0
HK,1993,11,A6,6,10,0
HK,1993,11,A6,6,11,0
HK,1993,11,A6,6,12,0
HK,1993,11,A6,6,13,0
HK,1993,11,A6,6,14,0
HK,1993,11,A6,6,15,0
HK,1993,11,A6,6,16,0
HK,1993,11,A6,6,17,0
HK,1993,11,A6,6,18,0
HK,1993,11,A6,6,19,0
HK,1993,11,A6,6,20,1
HK,1993,11,A6,6,21,0
HK,1993,11,A6,6,22,0
HK,1993,11,A6,7,0,0
HK,1993,11,A6,7,1,0
HK,1993,11,A6,7,2,0
HK,1993,11,A6,7,3,0
HK,1993,11,A6,7,4,0
HK,1993,11,A6,7,5,0
HK,1993,11,A6,7,6,0
HK,1993,11,A6,7,7,21
HK,1993,11,A6,7,8,0
HK,1993,11,A6,7,9,0
HK,1993,11,A6,7,10,0
HK,1993,11,A6,7,11,0
HK,1993,11,A6,7,12,0
HK,1993,11,A6,7,13,0
HK,1993,11,A6,7,14,0
HK,1993,11,A6,7,15,0
HK,1993,11,A6,7,16,0
HK,1993,11,A6,7,17,0
HK,1993,11,A6,7,18,0
HK,1993,11,A6,7,19,0
HK,1993,11,A6,7,20,0
HK,1993,11,A6,7,21,0
HK,1993,11,A6,7,22,0
HK,1993,11,A6,8,0,0
HK,1993,11,A6,8,1,0
HK,1993,11,A6,8,2,0
HK,1993,11,A6,8,3,0
HK,1993,11,A6,8,4,0
HK,1993,11,A6,8,5,0
HK,1993,11,A6,8,6,0
HK,1993,11,A6,8,7,0
HK,1993,11,A6,8,8,151
HK,1993,11,A6,8,9,0
HK,1993,11,A6,8,10,0
HK,1993,11,A6,8,11,0
HK,1993,11,A6,8,12,0
HK,1993,11,A6,8,13,0
HK,1993,11,A6,8,14,0
HK,1993,11,A6,8,15,0
HK,1993,11,A6,8,16,0
HK,1993,11,A6,8,17,2
HK,1993,11,A6,8,18,0
HK,1993,11,A6,8,19,0
HK,1993,11,A6,8,20,0
HK,1993,11,A6,8,21,0
HK,1993,11,A6,8,22,0
HK,1993,11,A6,9,0,0
HK,1993,11,A6,9,1,0
HK,1993,11,A6,9,2,0
HK,1993,11,A6,9,3,0
HK,1993,11,A6,9,4,0
HK,1993,11,A6,9,5,0
HK,1993,11,A6,9,6,0
HK,1993,11,A6,9,7,0
HK,1993,11,A6,9,8,0
HK,1993,11,A6,9,9,163
HK,1993,11,A6,9,10,0
HK,1993,11,A6,9,11,0
HK,1993,11,A6,9,12,0
HK,1993,11,A6,9,13,0
HK,1993,11,A6,9,14,0
HK,1993,11,A6,9,15,0
HK,1993,11,A6,9,16,0
HK,1993,11,A6,9,17,0
HK,1993,11,A6,9,18,0
HK,1993,11,A6,9,19,1
HK,1993,11,A6,9,20,0
HK,1993,11,A6,9,21,0
HK,1993,11,A6,9,22,0
HK,1993,11,A6,10,0,11
HK,1993,11,A6,10,1,0
HK,1993,11,A6,10,2,0
HK,1993,11,A6,10,3,0
HK,1993,11,A6,10,4,0
HK,1993,11,A6,10,5,0
HK,1993,11,A6,10,6,0
HK,1993,11,A6,10,7,0
HK,1993,11,A6,10,8,0
HK,1993,11,A6,10,9,2
HK,1993,11,A6,10,10,115
HK,1993,11,A6,10,11,9
HK,1993,11,A6,10,12,5
HK,1993,11,A6,10,13,0
HK,1993,11,A6,10,14,0
HK,1993,11,A6,10,15,0
HK,1993,11,A6,10,16,8
HK,1993,11,A6,10,17,0
HK,1993,11,A6,10,18,0
HK,1993,11,A6,10,19,0
HK,1993,11,A6,10,20,0
HK,1993,11,A6,10,21,0
HK,1993,11,A6,10,22,0
HK,1993,11,A6,11,0,5
HK,1993,11,A6,11,1,0
HK,1993,11,A6,11,2,0
HK,1993,11,A6,11,3,0
HK,1993,11,A6,11,4,0
HK,1993,11,A6,11,5,0
HK,1993,11,A6,11,6,0
HK,1993,11,A6,11,7,0
HK,1993,11,A6,11,8,0
HK,1993,11,A6,11,9,2
HK,1993,11,A6,11,10,17
HK,1993,11,A6,11,11,17
HK,1993,11,A6,11,12,12
HK,1993,11,A6,11,13,1
HK,1993,11,A6,11,14,0
HK,1993,11,A6,11,15,1
HK,1993,11,A6,11,16,6
HK,1993,11,A6,11,17,0
HK,1993,11,A6,11,18,0
HK,1993,11,A6,11,19,0
HK,1993,11,A6,11,20,0
HK,1993,11,A6,11,21,0
HK,1993,11,A6,11,22,0
HK,1993,11,A6,12,0,1
HK,1993,11,A6,12,1,0
HK,1993,11,A6,12,2,0
HK,1993,11,A6,12,3,0
HK,1993,11,A6,12,4,0
HK,1993,11,A6,12,5,0
HK,1993,11,A6,12,6,0
HK,1993,11,A6,12,7,0
HK,1993,11,A6,12,8,0
HK,1993,11,A6,12,9,0
HK,1993,11,A6,12,10,2
HK,1993,11,A6,12,11,4
HK,1993,11,A6,12,12,32
HK,1993,11,A6,12,13,0
HK,1993,11,A6,12,14,0
HK,1993,11,A6,12,15,0
HK,1993,11,A6,12,16,2
HK,1993,11,A6,12,17,0
HK,1993,11,A6,12,18,0
HK,1993,11,A6,12,19,0
HK,1993,11,A6,12,20,0
HK,1993,11,A6,12,21,0
HK,1993,11,A6,12,22,0
HK,1993,11,A6,13,0,0
HK,1993,11,A6,13,1,1
HK,1993,11,A6,13,2,0
HK,1993,11,A6,13,3,0
HK,1993,11,A6,13,4,0
HK,1993,11,A6,13,5,0
HK,1993,11,A6,13,6,0
HK,1993,11,A6,13,7,0
HK,1993,11,A6,13,8,0
HK,1993,11,A6,13,9,4
HK,1993,11,A6,13,10,0
HK,1993,11,A6,13,11,0
HK,1993,11,A6,13,12,0
HK,1993,11,A6,13,13,153
HK,1993,11,A6,13,14,0
HK,1993,11,A6,13,15,1
HK,1993,11,A6,13,16,0
HK,1993,11,A6,13,17,0
HK,1993,11,A6,13,18,0
HK,1993,11,A6,13,19,0
HK,1993,11,A6,13,20,0
HK,1993,11,A6,13,21,0
HK,1993,11,A6,13,22,1
HK,1993,11,A6,14,0,0
HK,1993,11,A6,14,1,0
HK,1993,11,A6,14,2,0
HK,1993,11,A6,14,3,0
HK,1993,11,A6,14,4,0
HK,1993,11,A6,14,5,2
HK,1993,11,A6,14,6,0
HK,1993,11,A6,14,7,0
HK,1993,11,A6,14,8,0
HK,1993,11,A6,14,9,0
HK,1993,11,A6,14,10,0
HK,1993,11,A6,14,11,0
HK,1993,11,A6,14,12,0
HK,1993,11,A6,14,13,0
HK,1993,11,A6,14,14,56
HK,1993,11,A6,14,15,0
HK,1993,11,A6,14,16,0
HK,1993,11,A6,14,17,1
HK,1993,11,A6,14,18,1
HK,1993,11,A6,14,19,0
HK,1993,11,A6,14,20,0
HK,1993,11,A6,14,21,0
HK,1993,11,A6,14,22,0
HK,1993,11,A6,15,0,0
HK,1993,11,A6,15,1,0
HK,1993,11,A6,15,2,0
HK,1993,11,A6,15,3,0
HK,1993,11,A6,15,4,0
HK,1993,11,A6,15,5,0
HK,1993,11,A6,15,6,0
HK,1993,11,A6,15,7,0
HK,1993,11,A6,15,8,0
HK,1993,11,A6,15,9,0
HK,1993,11,A6,15,10,0
HK,1993,11,A6,15,11,0
HK,1993,11,A6,15,12,0
HK,1993,11,A6,15,13,0
HK,1993,11,A6,15,14,1
HK,1993,11,A6,15,15,122
HK,1993,11,A6,15,16,0
HK,1993,11,A6,15,17,0
HK,1993,11,A6,15,18,0
HK,1993,11,A6,15,19,0
HK,1993,11,A6,15,20,0
HK,1993,11,A6,15,21,0
HK,1993,11,A6,15,22,0
HK,1993,11,A6,16,0,3
HK,1993,11,A6,16,1,0
HK,1993,11,A6,16,2,0
HK,1993,11,A6,16,3,0
HK,1993,11,A6,16,4,0
HK,1993,11,A6,16,5,0
HK,1993,11,A6,16,6,0
HK,1993,11,A6,16,7,0
HK,1993,11,A6,16,8,0
HK,1993,11,A6,16,9,0
HK,1993,11,A6,16,10,2
HK,1993,11,A6,16,11,1
HK,1993,11,A6,16,12,0
HK,1993,11,A6,16,13,0
HK,1993,11,A6,16,14,0
HK,1993,11,A6,16,15,0
HK,1993,11,A6,16,16,2
HK,1993,11,A6,16,17,0
HK,1993,11,A6,16,18,0
HK,1993,11,A6,16,19,0
HK,1993,11,A6,16,20,0
HK,1993,11,A6,16,21,0
HK,1993,11,A6,16,22,0
HK,1993,11,A6,17,0,0
HK,1993,11,A6,17,1,0
HK,1993,11,A6,17,2,0
HK,1993,11,A6,17,3,0
HK,1993,11,A6,17,4,1
HK,1993,11,A6,17,5,0
HK,1993,11,A6,17,6,0
HK,1993,11,A6,17,7,0
HK,1993,11,A6,17,8,0
HK,1993,11,A6,17,9,0
HK,1993,11,A6,17,10,0
HK,1993,11,A6,17,11,0
HK,1993,11,A6,17,12,0
HK,1993,11,A6,17,13,0
HK,1993,11,A6,17,14,0
HK,1993,11,A6,17,15,0
HK,1993,11,A6,17,16,0
HK,1993,11,A6,17,17,4
HK,1993,11,A6,17,18,0
HK,1993,11,A6,17,19,0
HK,1993,11,A6,17,20,0
HK,1993,11,A6,17,21,0
HK,1993,11,A6,17,22,0
HK,1993,11,A6,18,0,0
HK,1993,11,A6,18,1,1
HK,1993,11,A6,18,2,0
HK,1993,11,A6,18,3,0
HK,1993,11,A6,18,4,0
HK,1993,11,A6,18,5,0
HK,1993,11,A6,18,6,1
HK,1993,11,A6,18,7,0
HK,1993,11,A6,18,8,2
HK,1993,11,A6,18,9,0
HK,1993,11,A6,18,10,0
HK,1993,11,A6,18,11,0
HK,1993,11,A6,18,12,0
HK,1993,11,A6,18,13,0
HK,1993,11,A6,18,14,0
HK,1993,11,A6,18,15,0
HK,1993,11,A6,18,16,0
HK,1993,11,A6,18,17,7
HK,1993,11,A6,18,18,11
HK,1993,11,A6,18,19,3
HK,1993,11,A6,18,20,2
HK,1993,11,A6,18,21,2
HK,1993,11,A6,18,22,4
HK,1993,11,A6,19,0,0
HK,1993,11,A6,19,1,0
HK,1993,11,A6,19,2,0
HK,1993,11,A6,19,3,0
HK,1993,11,A6,19,4,0
HK,1993,11,A6,19,5,0
HK,1993,11,A6,19,6,0
HK,1993,11,A6,19,7,0
HK,1993,11,A6,19,8,0
HK,1993,11,A6,19,9,0
HK,1993,11,A6,19,10,0
HK,1993,11,A6,19,11,0
HK,1993,11,A6,19,12,0
HK,1993,11,A6,19,13,0
HK,1993,11,A6,19,14,0
HK,1993,11,A6,19,15,0
HK,1993,11,A6,19,16,0
HK,1993,11,A6,19,17,0
HK,1993,11,A6,19,18,0
HK,1993,11,A6,19,19,0
HK,1993,11,A6,19,20,0
HK,1993,11,A6,19,21,2
HK,1993,11,A6,19,22,0
HK,1993,11,A6,20,0,0
HK,1993,11,A6,20,1,2
HK,1993,11,A6,20,2,5
HK,1993,11,A6,20,3,0
HK,1993,11,A6,20,4,0
HK,1993,11,A6,20,5,1
HK,1993,11,A6,20,6,1
HK,1993,11,A6,20,7,0
HK,1993,11,A6,20,8,5
HK,1993,11,A6,20,9,0
HK,1993,11,A6,20,10,0
HK,1993,11,A6,20,11,0
HK,1993,11,A6,20,12,1
HK,1993,11,A6,20,13,0
HK,1993,11,A6,20,14,1
HK,1993,11,A6,20,15,0
HK,1993,11,A6,20,16,0
HK,1993,11,A6,20,17,2
HK,1993,11,A6,20,18,7
HK,1993,11,A6,20,19,6
HK,1993,11,A6,20,20,14
HK,1993,11,A6,20,21,6
HK,1993,11,A6,20,22,15
HK,1993,11,A6,21,0,0
HK,1993,11,A6,21,1,0
HK,1993,11,A6,21,2,0
HK,1993,11,A6,21,3,0
HK,1993,11,A6,21,4,0
HK,1993,11,A6,21,5,0
HK,1993,11,A6,21,6,0
HK,1993,11,A6,21,7,0
HK,1993,11,A6,21,8,0
HK,1993,11,A6,21,9,0
HK,1993,11,A6,21,10,0
HK,1993,11,A6,21,11,0
HK,1993,11,A6,21,12,0
HK,1993,11,A6,21,13,0
HK,1993,11,A6,21,14,0
HK,1993,11,A6,21,15,0
HK,1993,11,A6,21,16,0
HK,1993,11,A6,21,17,0
HK,1993,11,A6,21,18,0
HK,1993,11,A6,21,19,1
HK,1993,11,A6,21,20,1
HK,1993,11,A6,21,21,0
HK,1993,11,A6,21,22,2
HK,1993,11,A6,22,0,0
HK,1993,11,A6,22,1,0
HK,1993,11,A6,22,2,0
HK,1993,11,A6,22,3,0
HK,1993,11,A6,22,4,0
HK,1993,11,A6,22,5,0
HK,1993,11,A6,22,6,0
HK,1993,11,A6,22,7,0
HK,1993,11,A6,22,8,0
HK,1993,11,A6,22,9,0
HK,1993,11,A6,22,10,0
HK,1993,11,A6,22,11,0
HK,1993,11,A6,22,12,0
HK,1993,11,A6,22,13,0
HK,1993,11,A6,22,14,0
HK,1993,11,A6,22,15,0
HK,1993,11,A6,22,16,0
HK,1993,11,A6,22,17,0
HK,1993,11,A6,22,18,0
HK,1993,11,A6,22,19,0
HK,1993,11,A6,22,20,1
HK,1993,11,A6,22,21,3
HK,1993,11,A6,22,22,17
HK,1993,11,A7,0,0,3
HK,1993,11,A7,0,1,0
HK,1993,11,A7,0,2,0
HK,1993,11,A7,0,3,0
HK,1993,11,A7,0,4,0
HK,1993,11,A7,0,5,0
HK,1993,11,A7,0,6,0
HK,1993,11,A7,0,7,0
HK,1993,11,A7,0,8,0
HK,1993,11,A7,0,9,0
HK,1993,11,A7,0,10,1
HK,1993,11,A7,0,11,1
HK,1993,11,A7,0,12,1
HK,1993,11,A7,0,13,0
HK,1993,11,A7,0,14,0
HK,1993,11,A7,0,15,0
HK,1993,11,A7,0,16,1
HK,1993,11,A7,0,17,0
HK,1993,11,A7,0,18,0
HK,1993,11,A7,0,19,0
HK,1993,11,A7,0,20,0
HK,1993,11,A7,0,21,0
HK,1993,11,A7,0,22,0
HK,1993,11,A7,1,0,0
HK,1993,11,A7,1,1,95
HK,1993,11,A7,1,2,11
HK,1993,11,A7,1,3,0
HK,1993,11,A7,1,4,0
HK,1993,11,A7,1,5,0
HK,1993,11,A7,1,6,3
HK,1993,11,A7,1,7,4
HK,1993,11,A7,1,8,0
HK,1993,11,A7,1,9,0
HK,1993,11,A7,1,10,0
HK,1993,11,A7,1,11,0
HK,1993,11,A7,1,12,0
HK,1993,11,A7,1,13,0
HK,1993,11,A7,1,14,0
HK,1993,11,A7,1,15,0
HK,1993,11,A7,1,16,0
HK,1993,11,A7,1,17,0
HK,1993,11,A7,1,18,0
HK,1993,11,A7,1,19,0
HK,1993,11,A7,1,20,0
HK,1993,11,A7,1,21,0
HK,1993,11,A7,1,22,0
HK,1993,11,A7,2,0,0
HK,1993,11,A7,2,1,0
HK,1993,11,A7,2,2,150
HK,1993,11,A7,2,3,0
HK,1993,11,A7,2,4,0
HK,1993,11,A7,2,5,0
HK,1993,11,A7,2,6,0
HK,1993,11,A7,2,7,32
HK,1993,11,A7,2,8,0
HK,1993,11,A7,2,9,0
HK,1993,11,A7,2,10,0
HK,1993,11,A7,2,11,0
HK,1993,11,A7,2,12,0
HK,1993,11,A7,2,13,0
HK,1993,11,A7,2,14,0
HK,1993,11,A7,2,15,0
HK,1993,11,A7,2,16,0
HK,1993,11,A7,2,17,0
HK,1993,11,A7,2,18,0
HK,1993,11,A7,2,19,0
HK,1993,11,A7,2,20,0
HK,1993,11,A7,2,21,0
HK,1993,11,A7,2,22,0
HK,1993,11,A7,3,0,0
HK,1993,11,A7,3,1,1
HK,1993,11,A7,3,2,1
HK,1993,11,A7,3,3,119
HK,1993,11,A7,3,4,29
HK,1993,11,A7,3,5,0
HK,1993,11,A7,3,6,0
HK,1993,11,A7,3,7,0
HK,1993,11,A7,3,8,1
HK,1993,11,A7,3,9,0
HK,1993,11,A7,3,10,0
HK,1993,11,A7,3,11,0
HK,1993,11,A7,3,12,0
HK,1993,11,A7,3,13,3
HK,1993,11,A7,3,14,0
HK,1993,11,A7,3,15,0
HK,1993,11,A7,3,16,0
HK,1993,11,A7,3,17,3
HK,1993,11,A7,3,18,0
HK,1993,11,A7,3,19,0
HK,1993,11,A7,3,20,0
HK,1993,11,A7,3,21,0
HK,1993,11,A7,3,22,0
HK,1993,11,A7,4,0,0
HK,1993,11,A7,4,1,0
HK,1993,11,A7,4,2,0
HK,1993,11,A7,4,3,36
HK,1993,11,A7,4,4,126
HK,1993,11,A7,4,5,0
HK,1993,11,A7,4,6,0
HK,1993,11,A7,4,7,0
HK,1993,11,A7,4,8,2
HK,1993,11,A7,4,9,0
HK,1993,11,A7,4,10,0
HK,1993,11,A7,4,11,0
HK,1993,11,A7,4,12,0
HK,1993,11,A7,4,13,1
HK,1993,11,A7,4,14,0
HK,1993,11,A7,4,15,0
HK,1993,11,A7,4,16,0
HK,1993,11,A7,4,17,0
HK,1993,11,A7,4,18,0
HK,1993,11,A7,4,19,0
HK,1993,11,A7,4,20,0
HK,1993,11,A7,4,21,0
HK,1993,11,A7,4,22,0
HK,1993,11,A7,5,0,0
HK,1993,11,A7,5,1,0
HK,1993,11,A7,5,2,0
HK,1993,11,A7,5,3,0
HK,1993,11,A7,5,4,0
HK,1993,11,A7,5,5,0
HK,1993,11,A7,5,6,0
HK,1993,11,A7,5,7,0
HK,1993,11,A7,5,8,0
HK,1993,11,A7,5,9,0
HK,1993,11,A7,5,10,0
HK,1993,11,A7,5,11,0
HK,1993,11,A7,5,12,0
HK,1993,11,A7,5,13,0
HK,1993,11,A7,5,14,1
HK,1993,11,A7,5,15,0
HK,1993,11,A7,5,16,0
HK,1993,11,A7,5,17,0
HK,1993,11,A7,5,18,0
HK,1993,11,A7,5,19,0
HK,1993,11,A7,5,20,0
HK,1993,11,A7,5,21,0
HK,1993,11,A7,5,22,0
HK,1993,11,A7,6,0,0
HK,1993,11,A7,6,1,0
HK,1993,11,A7,6,2,0
HK,1993,11,A7,6,3,0
HK,1993,11,A7,6,4,0
HK,1993,11,A7,6,5,0
HK,1993,11,A7,6,6,0
HK,1993,11,A7,6,7,0
HK,1993,11,A7,6,8,0
HK,1993,11,A7,6,9,0
HK,1993,11,A7,6,10,0
HK,1993,11,A7,6,11,0
HK,1993,11,A7,6,12,0
HK,1993,11,A7,6,13,0
HK,1993,11,A7,6,14,0
HK,1993,11,A7,6,15,0
HK,1993,11,A7,6,16,0
HK,1993,11,A7,6,17,0
HK,1993,11,A7,6,18,0
HK,1993,11,A7,6,19,0
HK,1993,11,A7,6,20,1
HK,1993,11,A7,6,21,0
HK,1993,11,A7,6,22,0
HK,1993,11,A7,7,0,0
HK,1993,11,A7,7,1,0
HK,1993,11,A7,7,2,0
HK,1993,11,A7,7,3,0
HK,1993,11,A7,7,4,0
HK,1993,11,A7,7,5,0
HK,1993,11,A7,7,6,0
HK,1993,11,A7,7,7,21
HK,1993,11,A7,7,8,0
HK,1993,11,A7,7,9,0
HK,1993,11,A7,7,10,0
HK,1993,11,A7,7,11,0
HK,1993,11,A7,7,12,0
HK,1993,11,A7,7,13,0
HK,1993,11,A7,7,14,0
HK,1993,11,A7,7,15,0
HK,1993,11,A7,7,16,0
HK,1993,11,A7,7,17,0
HK,1993,11,A7,7,18,0
HK,1993,11,A7,7,19,0
HK,1993,11,A7,7,20,0
HK,1993,11,A7,7,21,0
HK,1993,11,A7,7,22,0
HK,1993,11,A7,8,0,0
HK,1993,11,A7,8,1,0
HK,1993,11,A7,8,2,0
HK,1993,11,A7,8,3,0
HK,1993,11,A7,8,4,0
HK,1993,11,A7,8,5,0
HK,1993,11,A7,8,6,0
HK,1993,11,A7,8,7,0
HK,1993,11,A7,8,8,144
HK,1993,11,A7,8,9,0
HK,1993,11,A7,8,10,0
HK,1993,11,A7,8,11,0
HK,1993,11,A7,8,12,0
HK,1993,11,A7,8,13,0
HK,1993,11,A7,8,14,0
HK,1993,11,A7,8,15,0
HK,1993,11,A7,8,16,0
HK,1993,11,A7,8,17,6
HK,1993,11,A7,8,18,2
HK,1993,11,A7,8,19,1
HK,1993,11,A7,8,20,0
HK,1993,11,A7,8,21,0
HK,1993,11,A7,8,22,0
HK,1993,11,A7,9,0,0
HK,1993,11,A7,9,1,0
HK,1993,11,A7,9,2,0
HK,1993,11,A7,9,3,0
HK,1993,11,A7,9,4,0
HK,1993,11,A7,9,5,0
HK,1993,11,A7,9,6,0
HK,1993,11,A7,9,7,0
HK,1993,11,A7,9,8,0
HK,1993,11,A7,9,9,158
HK,1993,11,A7,9,10,2
HK,1993,11,A7,9,11,2
HK,1993,11,A7,9,12,0
HK,1993,11,A7,9,13,0
HK,1993,11,A7,9,14,0
HK,1993,11,A7,9,15,0
HK,1993,11,A7,9,16,0
HK,1993,11,A7,9,17,1
HK,1993,11,A7,9,18,0
HK,1993,11,A7,9,19,1
HK,1993,11,A7,9,20,0
HK,1993,11,A7,9,21,0
HK,1993,11,A7,9,22,0
HK,1993,11,A7,10,0,11
HK,1993,11,A7,10,1,0
HK,1993,11,A7,10,2,0
HK,1993,11,A7,10,3,0
HK,1993,11,A7,10,4,0
HK,1993,11,A7,10,5,0
HK,1993,11,A7,10,6,0
HK,1993,11,A7,10,7,0
HK,1993,11,A7,10,8,0
HK,1993,11,A7,10,9,0
HK,1993,11,A7,10,10,103
HK,1993,11,A7,10,11,21
HK,1993,11,A7,10,12,3
HK,1993,11,A7,10,13,0
HK,1993,11,A7,10,14,0
HK,1993,11,A7,10,15,0
HK,1993,11,A7,10,16,12
HK,1993,11,A7,10,17,0
HK,1993,11,A7,10,18,0
HK,1993,11,A7,10,19,0
HK,1993,11,A7,10,20,0
HK,1993,11,A7,10,21,0
HK,1993,11,A7,10,22,0
HK,1993,11,A7,11,0,5
HK,1993,11,A7,11,1,0
HK,1993,11,A7,11,2,0
HK,1993,11,A7,11,3,0
HK,1993,11,A7,11,4,0
HK,1993,11,A7,11,5,0
HK,1993,11,A7,11,6,0
HK,1993,11,A7,11,7,0
HK,1993,11,A7,11,8,0
HK,1993,11,A7,11,9,0
HK,1993,11,A7,11,10,11
HK,1993,11,A7,11,11,28
HK,1993,11,A7,11,12,10
HK,1993,11,A7,11,13,0
HK,1993,11,A7,11,14,0
HK,1993,11,A7,11,15,0
HK,1993,11,A7,11,16,7
HK,1993,11,A7,11,17,0
HK,1993,11,A7,11,18,0
HK,1993,11,A7,11,19,0
HK,1993,11,A7,11,20,0
HK,1993,11,A7,11,21,0
HK,1993,11,A7,11,22,0
HK,1993,11,A7,12,0,2
HK,1993,11,A7,12,1,0
HK,1993,11,A7,12,2,0
HK,1993,11,A7,12,3,0
HK,1993,11,A7,12,4,0
HK,1993,11,A7,12,5,0
HK,1993,11,A7,12,6,0
HK,1993,11,A7,12,7,0
HK,1993,11,A7,12,8,0
HK,1993,11,A7,12,9,0
HK,1993,11,A7,12,10,2
HK,1993,11,A7,12,11,7
HK,1993,11,A7,12,12,29
HK,1993,11,A7,12,13,0
HK,1993,11,A7,12,14,0
HK,1993,11,A7,12,15,0
HK,1993,11,A7,12,16,1
HK,1993,11,A7,12,17,0
HK,1993,11,A7,12,18,0
HK,1993,11,A7,12,19,0
HK,1993,11,A7,12,20,0
HK,1993,11,A7,12,21,0
HK,1993,11,A7,12,22,0
HK,1993,11,A7,13,0,0
HK,1993,11,A7,13,1,0
HK,1993,11,A7,13,2,0
HK,1993,11,A7,13,3,0
HK,1993,11,A7,13,4,0
HK,1993,11,A7,13,5,0
HK,1993,11,A7,13,6,0
HK,1993,11,A7,13,7,0
HK,1993,11,A7,13,8,0
HK,1993,11,A7,13,9,3
HK,1993,11,A7,13,10,0
HK,1993,11,A7,13,11,3
HK,1993,11,A7,13,12,0
HK,1993,11,A7,13,13,142
HK,1993,11,A7,13,14,0
HK,1993,11,A7,13,15,0
HK,1993,11,A7,13,16,0
HK,1993,11,A7,13,17,6
HK,1993,11,A7,13,18,2
HK,1993,11,A7,13,19,0
HK,1993,11,A7,13,20,2
HK,1993,11,A7,13,21,1
HK,1993,11,A7,13,22,1
HK,1993,11,A7,14,0,0
HK,1993,11,A7,14,1,0
HK,1993,11,A7,14,2,0
HK,1993,11,A7,14,3,0
HK,1993,11,A7,14,4,0
HK,1993,11,A7,14,5,4
HK,1993,11,A7,14,6,0
HK,1993,11,A7,14,7,0
HK,1993,11,A7,14,8,2
HK,1993,11,A7,14,9,0
HK,1993,11,A7,14,10,0
HK,1993,11,A7,14,11,0
HK,1993,11,A7,14,12,0
HK,1993,11,A7,14,13,0
HK,1993,11,A7,14,14,52
HK,1993,11,A7,14,15,0
HK,1993,11,A7,14,16,0
HK,1993,11,A7,14,17,1
HK,1993,11,A7,14,18,0
HK,1993,11,A7,14,19,0
HK,1993,11,A7,14,20,1
HK,1993,11,A7,14,21,0
HK,1993,11,A7,14,22,0
HK,1993,11,A7,15,0,0
HK,1993,11,A7,15,1,0
HK,1993,11,A7,15,2,0
HK,1993,11,A7,15,3,0
HK,1993,11,A7,15,4,0
HK,1993,11,A7,15,5,0
HK,1993,11,A7,15,6,0
HK,1993,11,A7,15,7,0
HK,1993,11,A7,15,8,0
HK,1993,11,A7,15,9,0
HK,1993,11,A7,15,10,0
HK,1993,11,A7,15,11,0
HK,1993,11,A7,15,12,0
HK,1993,11,A7,15,13,0
HK,1993,11,A7,15,14,1
HK,1993,11,A7,15,15,122
HK,1993,11,A7,15,16,0
HK,1993,11,A7,15,17,0
HK,1993,11,A7,15,18,0
HK,1993,11,A7,15,19,0
HK,1993,11,A7,15,20,0
HK,1993,11,A7,15,21,0
HK,1993,11,A7,15,22,0
HK,1993,11,A7,16,0,2
HK,1993,11,A7,16,1,0
HK,1993,11,A7,16,2,0
HK,1993,11,A7,16,3,0
HK,1993,11,A7,16,4,0
HK,1993,11,A7,16,5,0
HK,1993,11,A7,16,6,0
HK,1993,11,A7,16,7,0
HK,1993,11,A7,16,8,0
HK,1993,11,A7,16,9,0
HK,1993,11,A7,16,10,2
HK,1993,11,A7,16,11,2
HK,1993,11,A7,16,12,0
HK,1993,11,A7,16,13,0
HK,1993,11,A7,16,14,0
HK,1993,11,A7,16,15,0
HK,1993,11,A7,16,16,2
HK,1993,11,A7,16,17,0
HK,1993,11,A7,16,18,0
HK,1993,11,A7,16,19,0
HK,1993,11,A7,16,20,0
HK,1993,11,A7,16,21,0
HK,1993,11,A7,16,22,0
HK,1993,11,A7,17,0,0
HK,1993,11,A7,17,1,0
HK,1993,11,A7,17,2,0
HK,1993,11,A7,17,3,0
HK,1993,11,A7,17,4,0
HK,1993,11,A7,17,5,0
HK,1993,11,A7,17,6,0
HK,1993,11,A7,17,7,0
HK,1993,11,A7,17,8,1
HK,1993,11,A7,17,9,0
HK,1993,11,A7,17,10,0
HK,1993,11,A7,17,11,0
HK,1993,11,A7,17,12,0
HK,1993,11,A7,17,13,0
HK,1993,11,A7,17,14,0
HK,1993,11,A7,17,15,0
HK,1993,11,A7,17,16,0
HK,1993,11,A7,17,17,3
HK,1993,11,A7,17,18,1
HK,1993,11,A7,17,19,0
HK,1993,11,A7,17,20,0
HK,1993,11,A7,17,21,0
HK,1993,11,A7,17,22,0
HK,1993,11,A7,18,0,0
HK,1993,11,A7,18,1,0
HK,1993,11,A7,18,2,0
HK,1993,11,A7,18,3,0
HK,1993,11,A7,18,4,0
HK,1993,11,A7,18,5,0
HK,1993,11,A7,18,6,2
HK,1993,11,A7,18,7,0
HK,1993,11,A7,18,8,3
HK,1993,11,A7,18,9,0
HK,1993,11,A7,18,10,0
HK,1993,11,A7,18,11,0
HK,1993,11,A7,18,12,0
HK,1993,11,A7,18,13,1
HK,1993,11,A7,18,14,0
HK,1993,11,A7,18,15,0
HK,1993,11,A7,18,16,0
HK,1993,11,A7,18,17,5
HK,1993,11,A7,18,18,9
HK,1993,11,A7,18,19,5
HK,1993,11,A7,18,20,6
HK,1993,11,A7,18,21,0
HK,1993,11,A7,18,22,2
HK,1993,11,A7,19,0,0
HK,1993,11,A7,19,1,0
HK,1993,11,A7,19,2,0
HK,1993,11,A7,19,3,0
HK,1993,11,A7,19,4,0
HK,1993,11,A7,19,5,0
HK,1993,11,A7,19,6,0
HK,1993,11,A7,19,7,0
HK,1993,11,A7,19,8,0
HK,1993,11,A7,19,9,0
HK,1993,11,A7,19,10,0
HK,1993,11,A7,19,11,0
HK,1993,11,A7,19,12,0
HK,1993,11,A7,19,13,0
HK,1993,11,A7,19,14,0
HK,1993,11,A7,19,15,0
HK,1993,11,A7,19,16,0
HK,1993,11,A7,19,17,0
HK,1993,11,A7,19,18,0
HK,1993,11,A7,19,19,0
HK,1993,11,A7,19,20,2
HK,1993,11,A7,19,21,0
HK,1993,11,A7,19,22,0
HK,1993,11,A7,20,0,0
HK,1993,11,A7,20,1,2
HK,1993,11,A7,20,2,1
HK,1993,11,A7,20,3,0
HK,1993,11,A7,20,4,0
HK,1993,11,A7,20,5,0
HK,1993,11,A7,20,6,4
HK,1993,11,A7,20,7,0
HK,1993,11,A7,20,8,5
HK,1993,11,A7,20,9,1
HK,1993,11,A7,20,10,0
HK,1993,11,A7,20,11,0
HK,1993,11,A7,20,12,0
HK,1993,11,A7,20,13,1
HK,1993,11,A7,20,14,1
HK,1993,11,A7,20,15,0
HK,1993,11,A7,20,16,0
HK,1993,11,A7,20,17,3
HK,1993,11,A7,20,18,9
HK,1993,11,A7,20,19,2
HK,1993,11,A7,20,20,17
HK,1993,11,A7,20,21,10
HK,1993,11,A7,20,22,10
HK,1993,11,A7,21,0,0
HK,1993,11,A7,21,1,0
HK,1993,11,A7,21,2,0
HK,1993,11,A7,21,3,0
HK,1993,11,A7,21,4,0
HK,1993,11,A7,21,5,0
HK,1993,11,A7,21,6,1
HK,1993,11,A7,21,7,0
HK,1993,11,A7,21,8,0
HK,1993,11,A7,21,9,0
HK,1993,11,A7,21,10,0
HK,1993,11,A7,21,11,0
HK,1993,11,A7,21,12,0
HK,1993,11,A7,21,13,0
HK,1993,11,A7,21,14,0
HK,1993,11,A7,21,15,0
HK,1993,11,A7,21,16,0
HK,1993,11,A7,21,17,0
HK,1993,11,A7,21,18,0
HK,1993,11,A7,21,19,1
HK,1993,11,A7,21,20,1
HK,1993,11,A7,21,21,0
HK,1993,11,A7,21,22,1
HK,1993,11,A7,22,0,0
HK,1993,11,A7,22,1,0
HK,1993,11,A7,22,2,0
HK,1993,11,A7,22,3,0
HK,1993,11,A7,22,4,0
HK,1993,11,A7,22,5,0
HK,1993,11,A7,22,6,1
HK,1993,11,A7,22,7,0
HK,1993,11,A7,22,8,0
HK,1993,11,A7,22,9,0
HK,1993,11,A7,22,10,0
HK,1993,11,A7,22,11,0
HK,1993,11,A7,22,12,0
HK,1993,11,A7,22,13,0
HK,1993,11,A7,22,14,0
HK,1993,11,A7,22,15,0
HK,1993,11,A7,22,16,0
HK,1993,11,A7,22,17,0
HK,1993,11,A7,22,18,0
HK,1993,11,A7,22,19,0
HK,1993,11,A7,22,20,3
HK,1993,11,A7,22,21,4
HK,1993,11,A7,22,22,13
HK,1993,11,A8,0,0,5
HK,1993,11,A8,0,1,0
HK,1993,11,A8,0,2,0
HK,1993,11,A8,0,3,0
HK,1993,11,A8,0,4,0
HK,1993,11,A8,0,5,0
HK,1993,11,A8,0,6,0
HK,1993,11,A8,0,7,0
HK,1993,11,A8,0,8,0
HK,1993,11,A8,0,9,0
HK,1993,11,A8,0,10,1
HK,1993,11,A8,0,11,0
HK,1993,11,A8,0,12,0
HK,1993,11,A8,0,13,0
HK,1993,11,A8,0,14,0
HK,1993,11,A8,0,15,0
HK,1993,11,A8,0,16,1
HK,1993,11,A8,0,17,0
HK,1993,11,A8,0,18,0
HK,1993,11,A8,0,19,0
HK,1993,11,A8,0,20,0
HK,1993,11,A8,0,21,0
HK,1993,11,A8,0,22,0
HK,1993,11,A8,1,0,0
HK,1993,11,A8,1,1,103
HK,1993,11,A8,1,2,10
HK,1993,11,A8,1,3,0
HK,1993,11,A8,1,4,0
HK,1993,11,A8,1,5,0
HK,1993,11,A8,1,6,0
HK,1993,11,A8,1,7,0
HK,1993,11,A8,1,8,0
HK,1993,11,A8,1,9,0
HK,1993,11,A8,1,10,0
HK,1993,11,A8,1,11,0
HK,1993,11,A8,1,12,0
HK,1993,11,A8,1,13,0
HK,1993,11,A8,1,14,0
HK,1993,11,A8,1,15,0
HK,1993,11,A8,1,16,0
HK,1993,11,A8,1,17,0
HK,1993,11,A8,1,18,0
HK,1993,11,A8,1,19,0
HK,1993,11,A8,1,20,0
HK,1993,11,A8,1,21,0
HK,1993,11,A8,1,22,0
HK,1993,11,A8,2,0,0
HK,1993,11,A8,2,1,1
HK,1993,11,A8,2,2,152
HK,1993,11,A8,2,3,0
HK,1993,11,A8,2,4,0
HK,1993,11,A8,2,5,0
HK,1993,11,A8,2,6,0
HK,1993,11,A8,2,7,29
HK,1993,11,A8,2,8,0
HK,1993,11,A8,2,9,0
HK,1993,11,A8,2,10,0
HK,1993,11,A8,2,11,0
HK,1993,11,A8,2,12,0
HK,1993,11,A8,2,13,0
HK,1993,11,A8,2,14,0
HK,1993,11,A8,2,15,0
HK,1993,11,A8,2,16,0
HK,1993,11,A8,2,17,0
HK,1993,11,A8,2,18,0
HK,1993,11,A8,2,19,0
HK,1993,11,A8,2,20,0
HK,1993,11,A8,2,21,0
HK,1993,11,A8,2,22,0
HK,1993,11,A8,3,0,0
HK,1993,11,A8,3,1,0
HK,1993,11,A8,3,2,0
HK,1993,11,A8,3,3,129
HK,1993,11,A8,3,4,27
HK,1993,11,A8,3,5,0
HK,1993,11,A8,3,6,0
HK,1993,11,A8,3,7,0
HK,1993,11,A8,3,8,0
HK,1993,11,A8,3,9,0
HK,1993,11,A8,3,10,0
HK,1993,11,A8,3,11,0
HK,1993,11,A8,3,12,0
HK,1993,11,A8,3,13,0
HK,1993,11,A8,3,14,0
HK,1993,11,A8,3,15,0
HK,1993,11,A8,3,16,0
HK,1993,11,A8,3,17,1
HK,1993,11,A8,3,18,0
HK,1993,11,A8,3,19,0
HK,1993,11,A8,3,20,0
HK,1993,11,A8,3,21,0
HK,1993,11,A8,3,22,0
HK,1993,11,A8,4,0,0
HK,1993,11,A8,4,1,0
HK,1993,11,A8,4,2,0
HK,1993,11,A8,4,3,21
HK,1993,11,A8,4,4,143
HK,1993,11,A8,4,5,0
HK,1993,11,A8,4,6,0
HK,1993,11,A8,4,7,0
HK,1993,11,A8,4,8,1
HK,1993,11,A8,4,9,0
HK,1993,11,A8,4,10,0
HK,1993,11,A8,4,11,0
HK,1993,11,A8,4,12,0
HK,1993,11,A8,4,13,0
HK,1993,11,A8,4,14,0
HK,1993,11,A8,4,15,0
HK,1993,11,A8,4,16,0
HK,1993,11,A8,4,17,0
HK,1993,11,A8,4,18,0
HK,1993,11,A8,4,19,0
HK,1993,11,A8,4,20,0
HK,1993,11,A8,4,21,0
HK,1993,11,A8,4,22,0
HK,1993,11,A8,5,0,0
HK,1993,11,A8,5,1,0
HK,1993,11,A8,5,2,0
HK,1993,11,A8,5,3,0
HK,1993,11,A8,5,4,0
HK,1993,11,A8,5,5,0
HK,1993,11,A8,5,6,0
HK,1993,11,A8,5,7,0
HK,1993,11,A8,5,8,0
HK,1993,11,A8,5,9,0
HK,1993,11,A8,5,10,0
HK,1993,11,A8,5,11,0
HK,1993,11,A8,5,12,0
HK,1993,11,A8,5,13,0
HK,1993,11,A8,5,14,1
HK,1993,11,A8,5,15,0
HK,1993,11,A8,5,16,0
HK,1993,11,A8,5,17,0
HK,1993,11,A8,5,18,0
HK,1993,11,A8,5,19,0
HK,1993,11,A8,5,20,0
HK,1993,11,A8,5,21,0
HK,1993,11,A8,5,22,0
HK,1993,11,A8,6,0,0
HK,1993,11,A8,6,1,0
HK,1993,11,A8,6,2,0
HK,1993,11,A8,6,3,0
HK,1993,11,A8,6,4,0
HK,1993,11,A8,6,5,0
HK,1993,11,A8,6,6,0
HK,1993,11,A8,6,7,0
HK,1993,11,A8,6,8,0
HK,1993,11,A8,6,9,0
HK,1993,11,A8,6,10,0
HK,1993,11,A8,6,11,0
HK,1993,11,A8,6,12,0
HK,1993,11,A8,6,13,0
HK,1993,11,A8,6,14,0
HK,1993,11,A8,6,15,0
HK,1993,11,A8,6,16,0
HK,1993,11,A8,6,17,0
HK,1993,11,A8,6,18,0
HK,1993,11,A8,6,19,0
HK,1993,11,A8,6,20,1
HK,1993,11,A8,6,21,0
HK,1993,11,A8,6,22,0
HK,1993,11,A8,7,0,0
HK,1993,11,A8,7,1,0
HK,1993,11,A8,7,2,0
HK,1993,11,A8,7,3,0
HK,1993,11,A8,7,4,0
HK,1993,11,A8,7,5,0
HK,1993,11,A8,7,6,0
HK,1993,11,A8,7,7,21
HK,1993,11,A8,7,8,0
HK,1993,11,A8,7,9,0
HK,1993,11,A8,7,10,0
HK,1993,11,A8,7,11,0
HK,1993,11,A8,7,12,0
HK,1993,11,A8,7,13,0
HK,1993,11,A8,7,14,0
HK,1993,11,A8,7,15,0
HK,1993,11,A8,7,16,0
HK,1993,11,A8,7,17,0
HK,1993,11,A8,7,18,0
HK,1993,11,A8,7,19,0
HK,1993,11,A8,7,20,0
HK,1993,11,A8,7,21,0
HK,1993,11,A8,7,22,0
HK,1993,11,A8,8,0,0
HK,1993,11,A8,8,1,0
HK,1993,11,A8,8,2,0
HK,1993,11,A8,8,3,0
HK,1993,11,A8,8,4,0
HK,1993,11,A8,8,5,0
HK,1993,11,A8,8,6,0
HK,1993,11,A8,8,7,0
HK,1993,11,A8,8,8,151
HK,1993,11,A8,8,9,0
HK,1993,11,A8,8,10,0
HK,1993,11,A8,8,11,0
HK,1993,11,A8,8,12,0
HK,1993,11,A8,8,13,0
HK,1993,11,A8,8,14,0
HK,1993,11,A8,8,15,0
HK,1993,11,A8,8,16,0
HK,1993,11,A8,8,17,2
HK,1993,11,A8,8,18,0
HK,1993,11,A8,8,19,0
HK,1993,11,A8,8,20,0
HK,1993,11,A8,8,21,0
HK,1993,11,A8,8,22,0
HK,1993,11,A8,9,0,0
HK,1993,11,A8,9,1,0
HK,1993,11,A8,9,2,0
HK,1993,11,A8,9,3,0
HK,1993,11,A8,9,4,0
HK,1993,11,A8,9,5,0
HK,1993,11,A8,9,6,0
HK,1993,11,A8,9,7,0
HK,1993,11,A8,9,8,0
HK,1993,11,A8,9,9,163
HK,1993,11,A8,9,10,0
HK,1993,11,A8,9,11,0
HK,1993,11,A8,9,12,0
HK,1993,11,A8,9,13,0
HK,1993,11,A8,9,14,0
HK,1993,11,A8,9,15,0
HK,1993,11,A8,9,16,0
HK,1993,11,A8,9,17,0
HK,1993,11,A8,9,18,0
HK,1993,11,A8,9,19,1
HK,1993,11,A8,9,20,0
HK,1993,11,A8,9,21,0
HK,1993,11,A8,9,22,0
HK,1993,11,A8,10,0,11
HK,1993,11,A8,10,1,0
HK,1993,11,A8,10,2,0
HK,1993,11,A8,10,3,0
HK,1993,11,A8,10,4,0
HK,1993,11,A8,10,5,0
HK,1993,11,A8,10,6,0
HK,1993,11,A8,10,7,0
HK,1993,11,A8,10,8,0
HK,1993,11,A8,10,9,2
HK,1993,11,A8,10,10,115
HK,1993,11,A8,10,11,9
HK,1993,11,A8,10,12,5
HK,1993,11,A8,10,13,0
HK,1993,11,A8,10,14,0
HK,1993,11,A8,10,15,0
HK,1993,11,A8,10,16,8
HK,1993,11,A8,10,17,0
HK,1993,11,A8,10,18,0
HK,1993,11,A8,10,19,0
HK,1993,11,A8,10,20,0
HK,1993,11,A8,10,21,0
HK,1993,11,A8,10,22,0
HK,1993,11,A8,11,0,5
HK,1993,11,A8,11,1,0
HK,1993,11,A8,11,2,0
HK,1993,11,A8,11,3,0
HK,1993,11,A8,11,4,0
HK,1993,11,A8,11,5,0
HK,1993,11,A8,11,6,0
HK,1993,11,A8,11,7,0
HK,1993,11,A8,11,8,0
HK,1993,11,A8,11,9,2
HK,1993,11,A8,11,10,17
HK,1993,11,A8,11,11,17
HK,1993,11,A8,11,12,12
HK,1993,11,A8,11,13,1
HK,1993,11,A8,11,14,0
HK,1993,11,A8,11,15,1
HK,1993,11,A8,11,16,6
HK,1993,11,A8,11,17,0
HK,1993,11,A8,11,18,0
HK,1993,11,A8,11,19,0
HK,1993,11,A8,11,20,0
HK,1993,11,A8,11,21,0
HK,1993,11,A8,11,22,0
HK,1993,11,A8,12,0,1
HK,1993,11,A8,12,1,0
HK,1993,11,A8,12,2,0
HK,1993,11,A8,12,3,0
HK,1993,11,A8,12,4,0
HK,1993,11,A8,12,5,0
HK,1993,11,A8,12,6,0
HK,1993,11,A8,12,7,0
HK,1993,11,A8,12,8,0
HK,1993,11,A8,12,9,0
HK,1993,11,A8,12,10,2
HK,1993,11,A8,12,11,4
HK,1993,11,A8,12,12,32
HK,1993,11,A8,12,13,0
HK,1993,11,A8,12,14,0
HK,1993,11,A8,12,15,0
HK,1993,11,A8,12,16,2
HK,1993,11,A8,12,17,0
HK,1993,11,A8,12,18,0
HK,1993,11,A8,12,19,0
HK,1993,11,A8,12,20,0
HK,1993,11,A8,12,21,0
HK,1993,11,A8,12,22,0
HK,1993,11,A8,13,0,0
HK,1993,11,A8,13,1,1
HK,1993,11,A8,13,2,0
HK,1993,11,A8,13,3,0
HK,1993,11,A8,13,4,0
HK,1993,11,A8,13,5,0
HK,1993,11,A8,13,6,0
HK,1993,11,A8,13,7,0
HK,1993,11,A8,13,8,0
HK,1993,11,A8,13,9,4
HK,1993,11,A8,13,10,0
HK,1993,11,A8,13,11,0
HK,1993,11,A8,13,12,0
HK,1993,11,A8,13,13,153
HK,1993,11,A8,13,14,0
HK,1993,11,A8,13,15,1
HK,1993,11,A8,13,16,0
HK,1993,11,A8,13,17,0
HK,1993,11,A8,13,18,0
HK,1993,11,A8,13,19,0
HK,1993,11,A8,13,20,0
HK,1993,11,A8,13,21,0
HK,1993,11,A8,13,22,1
HK,1993,11,A8,14,0,0
HK,1993,11,A8,14,1,0
HK,1993,11,A8,14,2,0
HK,1993,11,A8,14,3,0
HK,1993,11,A8,14,4,0
HK,1993,11,A8,14,5,2
HK,1993,11,A8,14,6,0
HK,1993,11,A8,14,7,0
HK,1993,11,A8,14,8,0
HK,1993,11,A8,14,9,0
HK,1993,11,A8,14,10,0
HK,1993,11,A8,14,11,0
HK,1993,11,A8,14,12,0
HK,1993,11,A8,14,13,0
HK,1993,11,A8,14,14,56
HK,1993,11,A8,14,15,0
HK,1993,11,A8,14,16,0
HK,1993,11,A8,14,17,1
HK,1993,11,A8,14,18,1
HK,1993,11,A8,14,19,0
HK,1993,11,A8,14,20,0
HK,1993,11,A8,14,21,0
HK,1993,11,A8,14,22,0
HK,1993,11,A8,15,0,0
HK,1993,11,A8,15,1,0
HK,1993,11,A8,15,2,0
HK,1993,11,A8,15,3,0
HK,1993,11,A8,15,4,0
HK,1993,11,A8,15,5,0
HK,1993,11,A8,15,6,0
HK,1993,11,A8,15,7,0
HK,1993,11,A8,15,8,0
HK,1993,11,A8,15,9,0
HK,1993,11,A8,15,10,0
HK,1993,11,A8,15,11,0
HK,1993,11,A8,15,12,0
HK,1993,11,A8,15,13,0
HK,1993,11,A8,15,14,0
HK,1993,11,A8,15,15,123
HK,1993,11,A8,15,16,0
HK,1993,11,A8,15,17,0
HK,1993,11,A8,15,18,0
HK,1993,11,A8,15,19,0
HK,1993,11,A8,15,20,0
HK,1993,11,A8,15,21,0
HK,1993,11,A8,15,22,0
HK,1993,11,A8,16,0,3
HK,1993,11,A8,16,1,0
HK,1993,11,A8,16,2,0
HK,1993,11,A8,16,3,0
HK,1993,11,A8,16,4,0
HK,1993,11,A8,16,5,0
HK,1993,11,A8,16,6,0
HK,1993,11,A8,16,7,0
HK,1993,11,A8,16,8,0
HK,1993,11,A8,16,9,0
HK,1993,11,A8,16,10,2
HK,1993,11,A8,16,11,1
HK,1993,11,A8,16,12,0
HK,1993,11,A8,16,13,0
HK,1993,11,A8,16,14,0
HK,1993,11,A8,16,15,0
HK,1993,11,A8,16,16,2
HK,1993,11,A8,16,17,0
HK,1993,11,A8,16,18,0
HK,1993,11,A8,16,19,0
HK,1993,11,A8,16,20,0
HK,1993,11,A8,16,21,0
HK,1993,11,A8,16,22,0
HK,1993,11,A8,17,0,0
HK,1993,11,A8,17,1,0
HK,1993,11,A8,17,2,0
HK,1993,11,A8,17,3,0
HK,1993,11,A8,17,4,1
HK,1993,11,A8,17,5,0
HK,1993,11,A8,17,6,0
HK,1993,11,A8,17,7,0
HK,1993,11,A8,17,8,0
HK,1993,11,A8,17,9,0
HK,1993,11,A8,17,10,0
HK,1993,11,A8,17,11,0
HK,1993,11,A8,17,12,0
HK,1993,11,A8,17,13,0
HK,1993,11,A8,17,14,0
HK,1993,11,A8,17,15,0
HK,1993,11,A8,17,16,0
HK,1993,11,A8,17,17,4
HK,1993,11,A8,17,18,0
HK,1993,11,A8,17,19,0
HK,1993,11,A8,17,20,0
HK,1993,11,A8,17,21,0
HK,1993,11,A8,17,22,0
HK,1993,11,A8,18,0,0
HK,1993,11,A8,18,1,1
HK,1993,11,A8,18,2,0
HK,1993,11,A8,18,3,0
HK,1993,11,A8,18,4,0
HK,1993,11,A8,18,5,0
HK,1993,11,A8,18,6,1
HK,1993,11,A8,18,7,0
HK,1993,11,A8,18,8,2
HK,1993,11,A8,18,9,0
HK,1993,11,A8,18,10,0
HK,1993,11,A8,18,11,0
HK,1993,11,A8,18,12,0
HK,1993,11,A8,18,13,0
HK,1993,11,A8,18,14,0
HK,1993,11,A8,18,15,0
HK,1993,11,A8,18,16,0
HK,1993,11,A8,18,17,7
HK,1993,11,A8,18,18,10
HK,1993,11,A8,18,19,3
HK,1993,11,A8,18,20,3
HK,1993,11,A8,18,21,2
HK,1993,11,A8,18,22,4
HK,1993,11,A8,19,0,0
HK,1993,11,A8,19,1,0
HK,1993,11,A8,19,2,0
HK,1993,11,A8,19,3,0
HK,1993,11,A8,19,4,0
HK,1993,11,A8,19,5,0
HK,1993,11,A8,19,6,0
HK,1993,11,A8,19,7,0
HK,1993,11,A8,19,8,0
HK,1993,11,A8,19,9,0
HK,1993,11,A8,19,10,0
HK,1993,11,A8,19,11,0
HK,1993,11,A8,19,12,0
HK,1993,11,A8,19,13,0
HK,1993,11,A8,19,14,0
HK,1993,11,A8,19,15,0
HK,1993,11,A8,19,16,0
HK,1993,11,A8,19,17,0
HK,1993,11,A8,19,18,0
HK,1993,11,A8,19,19,0
HK,1993,11,A8,19,20,0
HK,1993,11,A8,19,21,2
HK,1993,11,A8,19,22,0
HK,1993,11,A8,20,0,0
HK,1993,11,A8,20,1,2
HK,1993,11,A8,20,2,5
HK,1993,11,A8,20,3,0
HK,1993,11,A8,20,4,0
HK,1993,11,A8,20,5,1
HK,1993,11,A8,20,6,1
HK,1993,11,A8,20,7,0
HK,1993,11,A8,20,8,5
HK,1993,11,A8,20,9,0
HK,1993,11,A8,20,10,0
HK,1993,11,A8,20,11,0
HK,1993,11,A8,20,12,1
HK,1993,11,A8,20,13,0
HK,1993,11,A8,20,14,1
HK,1993,11,A8,20,15,0
HK,1993,11,A8,20,16,0
HK,1993,11,A8,20,17,2
HK,1993,11,A8,20,18,7
HK,1993,11,A8,20,19,5
HK,1993,11,A8,20,20,14
HK,1993,11,A8,20,21,7
HK,1993,11,A8,20,22,15
HK,1993,11,A8,21,0,0
HK,1993,11,A8,21,1,0
HK,1993,11,A8,21,2,0
HK,1993,11,A8,21,3,0
HK,1993,11,A8,21,4,0
HK,1993,11,A8,21,5,0
HK,1993,11,A8,21,6,0
HK,1993,11,A8,21,7,0
HK,1993,11,A8,21,8,0
HK,1993,11,A8,21,9,0
HK,1993,11,A8,21,10,0
HK,1993,11,A8,21,11,0
HK,1993,11,A8,21,12,0
HK,1993,11,A8,21,13,0
HK,1993,11,A8,21,14,0
HK,1993,11,A8,21,15,0
HK,1993,11,A8,21,16,0
HK,1993,11,A8,21,17,0
HK,1993,11,A8,21,18,0
HK,1993,11,A8,21,19,1
HK,1993,11,A8,21,20,1
HK,1993,11,A8,21,21,0
HK,1993,11,A8,21,22,2
HK,1993,11,A8,22,0,0
HK,1993,11,A8,22,1,0
HK,1993,11,A8,22,2,0
HK,1993,11,A8,22,3,0
HK,1993,11,A8,22,4,0
HK,1993,11,A8,22,5,0
HK,1993,11,A8,22,6,0
HK,1993,11,A8,22,7,0
HK,1993,11,A8,22,8,0
HK,1993,11,A8,22,9,0
HK,1993,11,A8,22,10,0
HK,1993,11,A8,22,11,0
HK,1993,11,A8,22,12,0
HK,1993,11,A8,22,13,0
HK,1993,11,A8,22,14,0
HK,1993,11,A8,22,15,0
HK,1993,11,A8,22,16,0
HK,1993,11,A8,22,17,0
HK,1993,11,A8,22,18,0
HK,1993,11,A8,22,19,0
HK,1993,11,A8,22,20,1
HK,1993,11,A8,22,21,3
HK,1993,11,A8,22,22,17
HK,1994,11,P,0,0,5
HK,1994,11,P,0,1,0
HK,1994,11,P,0,2,0
HK,1994,11,P,0,3,0
HK,1994,11,P,0,4,0
HK,1994,11,P,0,5,0
HK,1994,11,P,0,6,0
HK,1994,11,P,0,7,0
HK,1994,11,P,0,8,0
HK,1994,11,P,0,9,0
HK,1994,11,P,0,10,1
HK,1994,11,P,0,11,0
HK,1994,11,P,0,12,0
HK,1994,11,P,0,13,0
HK,1994,11,P,0,14,0
HK,1994,11,P,0,15,0
HK,1994,11,P,0,16,1
HK,1994,11,P,0,17,0
HK,1994,11,P,0,18,0
HK,1994,11,P,0,19,0
HK,1994,11,P,0,20,0
HK,1994,11,P,0,21,0
HK,1994,11,P,0,22,0
HK,1994,11,P,1,0,0
HK,1994,11,P,1,1,107
HK,1994,11,P,1,2,6
HK,1994,11,P,1,3,0
HK,1994,11,P,1,4,0
HK,1994,11,P,1,5,0
HK,1994,11,P,1,6,0
HK,1994,11,P,1,7,0
HK,1994,11,P,1,8,0
HK,1994,11,P,1,9,0
HK,1994,11,P,1,10,0
HK,1994,11,P,1,11,0
HK,1994,11,P,1,12,0
HK,1994,11,P,1,13,0
HK,1994,11,P,1,14,0
HK,1994,11,P,1,15,0
HK,1994,11,P,1,16,0
HK,1994,11,P,1,17,0
HK,1994,11,P,1,18,0
HK,1994,11,P,1,19,0
HK,1994,11,P,1,20,0
HK,1994,11,P,1,21,0
HK,1994,11,P,1,22,0
HK,1994,11,P,2,0,0
HK,1994,11,P,2,1,0
HK,1994,11,P,2,2,150
HK,1994,11,P,2,3,0
HK,1994,11,P,2,4,0
HK,1994,11,P,2,5,0
HK,1994,11,P,2,6,0
HK,1994,11,P,2,7,32
HK,1994,11,P,2,8,0
HK,1994,11,P,2,9,0
HK,1994,11,P,2,10,0
HK,1994,11,P,2,11,0
HK,1994,11,P,2,12,0
HK,1994,11,P,2,13,0
HK,1994,11,P,2,14,0
HK,1994,11,P,2,15,0
HK,1994,11,P,2,16,0
HK,1994,11,P,2,17,0
HK,1994,11,P,2,18,0
HK,1994,11,P,2,19,0
HK,1994,11,P,2,20,0
HK,1994,11,P,2,21,0
HK,1994,11,P,2,22,0
HK,1994,11,P,3,0,0
HK,1994,11,P,3,1,0
HK,1994,11,P,3,2,0
HK,1994,11,P,3,3,129
HK,1994,11,P,3,4,26
HK,1994,11,P,3,5,0
HK,1994,11,P,3,6,0
HK,1994,11,P,3,7,0
HK,1994,11,P,3,8,0
HK,1994,11,P,3,9,0
HK,1994,11,P,3,10,0
HK,1994,11,P,3,11,0
HK,1994,11,P,3,12,0
HK,1994,11,P,3,13,1
HK,1994,11,P,3,14,0
HK,1994,11,P,3,15,0
HK,1994,11,P,3,16,0
HK,1994,11,P,3,17,1
HK,1994,11,P,3,18,0
HK,1994,11,P,3,19,0
HK,1994,11,P,3,20,0
HK,1994,11,P,3,21,0
HK,1994,11,P,3,22,0
HK,1994,11,P,4,0,0
HK,1994,11,P,4,1,0
HK,1994,11,P,4,2,0
HK,1994,11,P,4,3,21
HK,1994,11,P,4,4,144
HK,1994,11,P,4,5,0
HK,1994,11,P,4,6,0
HK,1994,11,P,4,7,0
HK,1994,11,P,4,8,0
HK,1994,11,P,4,9,0
HK,1994,11,P,4,10,0
HK,1994,11,P,4,11,0
HK,1994,11,P,4,12,0
HK,1994,11,P,4,13,0
HK,1994,11,P,4,14,0
HK,1994,11,P,4,15,0
HK,1994,11,P,4,16,0
HK,1994,11,P,4,17,0
HK,1994,11,P,4,18,0
HK,1994,11,P,4,19,0
HK,1994,11,P,4,20,0
HK,1994,11,P,4,21,0
HK,1994,11,P,4,22,0
HK,1994,11,P,5,0,0
HK,1994,11,P,5,1,0
HK,1994,11,P,5,2,0
HK,1994,11,P,5,3,0
HK,1994,11,P,5,4,0
HK,1994,11,P,5,5,0
HK,1994,11,P,5,6,0
HK,1994,11,P,5,7,0
HK,1994,11,P,5,8,0
HK,1994,11,P,5,9,0
HK,1994,11,P,5,10,0
HK,1994,11,P,5,11,0
HK,1994,11,P,5,12,0
HK,1994,11,P,5,13,0
HK,1994,11,P,5,14,1
HK,1994,11,P,5,15,0
HK,1994,11,P,5,16,0
HK,1994,11,P,5,17,0
HK,1994,11,P,5,18,0
HK,1994,11,P,5,19,0
HK,1994,11,P,5,20,0
HK,1994,11,P,5,21,0
HK,1994,11,P,5,22,0
HK,1994,11,P,6,0,0
HK,1994,11,P,6,1,0
HK,1994,11,P,6,2,0
HK,1994,11,P,6,3,0
HK,1994,11,P,6,4,0
HK,1994,11,P,6,5,0
HK,1994,11,P,6,6,0
HK,1994,11,P,6,7,0
HK,1994,11,P,6,8,0
HK,1994,11,P,6,9,0
HK,1994,11,P,6,10,0
HK,1994,11,P,6,11,0
HK,1994,11,P,6,12,0
HK,1994,11,P,6,13,0
HK,1994,11,P,6,14,0
HK,1994,11,P,6,15,0
HK,1994,11,P,6,16,0
HK,1994,11,P,6,17,0
HK,1994,11,P,6,18,0
HK,1994,11,P,6,19,0
HK,1994,11,P,6,20,1
HK,1994,11,P,6,21,0
HK,1994,11,P,6,22,0
HK,1994,11,P,7,0,0
HK,1994,11,P,7,1,0
HK,1994,11,P,7,2,0
HK,1994,11,P,7,3,0
HK,1994,11,P,7,4,0
HK,1994,11,P,7,5,0
HK,1994,11,P,7,6,0
HK,1994,11,P,7,7,21
HK,1994,11,P,7,8,0
HK,1994,11,P,7,9,0
HK,1994,11,P,7,10,0
HK,1994,11,P,7,11,0
HK,1994,11,P,7,12,0
HK,1994,11,P,7,13,0
HK,1994,11,P,7,14,0
HK,1994,11,P,7,15,0
HK,1994,11,P,7,16,0
HK,1994,11,P,7,17,0
HK,1994,11,P,7,18,0
HK,1994,11,P,7,19,0
HK,1994,11,P,7,20,0
HK,1994,11,P,7,21,0
HK,1994,11,P,7,22,0
HK,1994,11,P,8,0,0
HK,1994,11,P,8,1,0
HK,1994,11,P,8,2,0
HK,1994,11,P,8,3,0
HK,1994,11,P,8,4,0
HK,1994,11,P,8,5,0
HK,1994,11,P,8,6,0
HK,1994,11,P,8,7,0
HK,1994,11,P,8,8,149
HK,1994,11,P,8,9,0
HK,1994,11,P,8,10,0
HK,1994,11,P,8,11,0
HK,1994,11,P,8,12,0
HK,1994,11,P,8,13,0
HK,1994,11,P,8,14,0
HK,1994,11,P,8,15,0
HK,1994,11,P,8,16,0
HK,1994,11,P,8,17,3
HK,1994,11,P,8,18,0
HK,1994,11,P,8,19,1
HK,1994,11,P,8,20,0
HK,1994,11,P,8,21,0
HK,1994,11,P,8,22,0
HK,1994,11,P,9,0,0
HK,1994,11,P,9,1,0
HK,1994,11,P,9,2,0
HK,1994,11,P,9,3,0
HK,1994,11,P,9,4,0
HK,1994,11,P,9,5,0
HK,1994,11,P,9,6,0
HK,1994,11,P,9,7,0
HK,1994,11,P,9,8,0
HK,1994,11,P,9,9,162
HK,1994,11,P,9,10,0
HK,1994,11,P,9,11,0
HK,1994,11,P,9,12,0
HK,1994,11,P,9,13,0
HK,1994,11,P,9,14,0
HK,1994,11,P,9,15,0
HK,1994,11,P,9,16,0
HK,1994,11,P,9,17,1
HK,1994,11,P,9,18,0
HK,1994,11,P,9,19,1
HK,1994,11,P,9,20,0
HK,1994,11,P,9,21,0
HK,1994,11,P,9,22,0
HK,1994,11,P,10,0,13
HK,1994,11,P,10,1,0
HK,1994,11,P,10,2,0
HK,1994,11,P,10,3,0
HK,1994,11,P,10,4,0
HK,1994,11,P,10,5,0
HK,1994,11,P,10,6,0
HK,1994,11,P,10,7,0
HK,1994,11,P,10,8,0
HK,1994,11,P,10,9,2
HK,1994,11,P,10,10,118
HK,1994,11,P,10,11,8
HK,1994,11,P,10,12,4
HK,1994,11,P,10,13,0
HK,1994,11,P,10,14,0
HK,1994,11,P,10,15,0
HK,1994,11,P,10,16,5
HK,1994,11,P,10,17,0
HK,1994,11,P,10,18,0
HK,1994,11,P,10,19,0
HK,1994,11,P,10,20,0
HK,1994,11,P,10,21,0
HK,1994,11,P,10,22,0
HK,1994,11,P,11,0,4
HK,1994,11,P,11,1,0
HK,1994,11,P,11,2,0
HK,1994,11,P,11,3,0
HK,1994,11,P,11,4,0
HK,1994,11,P,11,5,0
HK,1994,11,P,11,6,0
HK,1994,11,P,11,7,0
HK,1994,11,P,11,8,0
HK,1994,11,P,11,9,2
HK,1994,11,P,11,10,18
HK,1994,11,P,11,11,14
HK,1994,11,P,11,12,16
HK,1994,11,P,11,13,1
HK,1994,11,P,11,14,0
HK,1994,11,P,11,15,1
HK,1994,11,P,11,16,5
HK,1994,11,P,11,17,0
HK,1994,11,P,11,18,0
HK,1994,11,P,11,19,0
HK,1994,11,P,11,20,0
HK,1994,11,P,11,21,0
HK,1994,11,P,11,22,0
HK,1994,11,P,12,0,1
HK,1994,11,P,12,1,0
HK,1994,11,P,12,2,0
HK,1994,11,P,12,3,0
HK,1994,11,P,12,4,0
HK,1994,11,P,12,5,0
HK,1994,11,P,12,6,0
HK,1994,11,P,12,7,0
HK,1994,11,P,12,8,0
HK,1994,11,P,12,9,0
HK,1994,11,P,12,10,2
HK,1994,11,P,12,11,2
HK,1994,11,P,12,12,34
HK,1994,11,P,12,13,0
HK,1994,11,P,12,14,0
HK,1994,11,P,12,15,0
HK,1994,11,P,12,16,2
HK,1994,11,P,12,17,0
HK,1994,11,P,12,18,0
HK,1994,11,P,12,19,0
HK,1994,11,P,12,20,0
HK,1994,11,P,12,21,0
HK,1994,11,P,12,22,0
HK,1994,11,P,13,0,0
HK,1994,11,P,13,1,1
HK,1994,11,P,13,2,0
HK,1994,11,P,13,3,0
HK,1994,11,P,13,4,0
HK,1994,11,P,13,5,0
HK,1994,11,P,13,6,0
HK,1994,11,P,13,7,0
HK,1994,11,P,13,8,0
HK,1994,11,P,13,9,4
HK,1994,11,P,13,10,0
HK,1994,11,P,13,11,0
HK,1994,11,P,13,12,0
HK,1994,11,P,13,13,151
HK,1994,11,P,13,14,0
HK,1994,11,P,13,15,1
HK,1994,11,P,13,16,0
HK,1994,11,P,13,17,2
HK,1994,11,P,13,18,0
HK,1994,11,P,13,19,0
HK,1994,11,P,13,20,0
HK,1994,11,P,13,21,0
HK,1994,11,P,13,22,1
HK,1994,11,P,14,0,0
HK,1994,11,P,14,1,0
HK,1994,11,P,14,2,1
HK,1994,11,P,14,3,0
HK,1994,11,P,14,4,0
HK,1994,11,P,14,5,4
HK,1994,11,P,14,6,0
HK,1994,11,P,14,7,0
HK,1994,11,P,14,8,0
HK,1994,11,P,14,9,0
HK,1994,11,P,14,10,0
HK,1994,11,P,14,11,0
HK,1994,11,P,14,12,0
HK,1994,11,P,14,13,0
HK,1994,11,P,14,14,54
HK,1994,11,P,14,15,0
HK,1994,11,P,14,16,0
HK,1994,11,P,14,17,0
HK,1994,11,P,14,18,1
HK,1994,11,P,14,19,0
HK,1994,11,P,14,20,0
HK,1994,11,P,14,21,0
HK,1994,11,P,14,22,0
HK,1994,11,P,15,0,0
HK,1994,11,P,15,1,0
HK,1994,11,P,15,2,0
HK,1994,11,P,15,3,0
HK,1994,11,P,15,4,0
HK,1994,11,P,15,5,0
HK,1994,11,P,15,6,0
HK,1994,11,P,15,7,0
HK,1994,11,P,15,8,0
HK,1994,11,P,15,9,0
HK,1994,11,P,15,10,0
HK,1994,11,P,15,11,0
HK,1994,11,P,15,12,0
HK,1994,11,P,15,13,0
HK,1994,11,P,15,14,1
HK,1994,11,P,15,15,122
HK,1994,11,P,15,16,0
HK,1994,11,P,15,17,0
HK,1994,11,P,15,18,0
HK,1994,11,P,15,19,0
HK,1994,11,P,15,20,0
HK,1994,11,P,15,21,0
HK,1994,11,P,15,22,0
HK,1994,11,P,16,0,3
HK,1994,11,P,16,1,0
HK,1994,11,P,16,2,0
HK,1994,11,P,16,3,0
HK,1994,11,P,16,4,0
HK,1994,11,P,16,5,0
HK,1994,11,P,16,6,0
HK,1994,11,P,16,7,0
HK,1994,11,P,16,8,0
HK,1994,11,P,16,9,0
HK,1994,11,P,16,10,1
HK,1994,11,P,16,11,1
HK,1994,11,P,16,12,0
HK,1994,11,P,16,13,0
HK,1994,11,P,16,14,0
HK,1994,11,P,16,15,0
HK,1994,11,P,16,16,3
HK,1994,11,P,16,17,0
HK,1994,11,P,16,18,0
HK,1994,11,P,16,19,0
HK,1994,11,P,16,20,0
HK,1994,11,P,16,21,0
HK,1994,11,P,16,22,0
HK,1994,11,P,17,0,0
HK,1994,11,P,17,1,0
HK,1994,11,P,17,2,0
HK,1994,11,P,17,3,0
HK,1994,11,P,17,4,1
HK,1994,11,P,17,5,0
HK,1994,11,P,17,6,0
HK,1994,11,P,17,7,0
HK,1994,11,P,17,8,0
HK,1994,11,P,17,9,0
HK,1994,11,P,17,10,0
HK,1994,11,P,17,11,0
HK,1994,11,P,17,12,0
HK,1994,11,P,17,13,0
HK,1994,11,P,17,14,0
HK,1994,11,P,17,15,0
HK,1994,11,P,17,16,0
HK,1994,11,P,17,17,3
HK,1994,11,P,17,18,1
HK,1994,11,P,17,19,0
HK,1994,11,P,17,20,0
HK,1994,11,P,17,21,0
HK,1994,11,P,17,22,0
HK,1994,11,P,18,0,0
HK,1994,11,P,18,1,0
HK,1994,11,P,18,2,0
HK,1994,11,P,18,3,0
HK,1994,11,P,18,4,0
HK,1994,11,P,18,5,0
HK,1994,11,P,18,6,1
HK,1994,11,P,18,7,1
HK,1994,11,P,18,8,3
HK,1994,11,P,18,9,0
HK,1994,11,P,18,10,0
HK,1994,11,P,18,11,0
HK,1994,11,P,18,12,0
HK,1994,11,P,18,13,1
HK,1994,11,P,18,14,0
HK,1994,11,P,18,15,0
HK,1994,11,P,18,16,0
HK,1994,11,P,18,17,4
HK,1994,11,P,18,18,11
HK,1994,11,P,18,19,3
HK,1994,11,P,18,20,2
HK,1994,11,P,18,21,2
HK,1994,11,P,18,22,5
HK,1994,11,P,19,0,0
HK,1994,11,P,19,1,0
HK,1994,11,P,19,2,0
HK,1994,11,P,19,3,0
HK,1994,11,P,19,4,0
HK,1994,11,P,19,5,0
HK,1994,11,P,19,6,0
HK,1994,11,P,19,7,0
HK,1994,11,P,19,8,0
HK,1994,11,P,19,9,0
HK,1994,11,P,19,10,0
HK,1994,11,P,19,11,0
HK,1994,11,P,19,12,0
HK,1994,11,P,19,13,0
HK,1994,11,P,19,14,0
HK,1994,11,P,19,15,0
HK,1994,11,P,19,16,0
HK,1994,11,P,19,17,0
HK,1994,11,P,19,18,0
HK,1994,11,P,19,19,0
HK,1994,11,P,19,20,1
HK,1994,11,P,19,21,1
HK,1994,11,P,19,22,0
HK,1994,11,P,20,0,0
HK,1994,11,P,20,1,2
HK,1994,11,P,20,2,4
HK,1994,11,P,20,3,0
HK,1994,11,P,20,4,0
HK,1994,11,P,20,5,1
HK,1994,11,P,20,6,2
HK,1994,11,P,20,7,1
HK,1994,11,P,20,8,2
HK,1994,11,P,20,9,0
HK,1994,11,P,20,10,0
HK,1994,11,P,20,11,0
HK,1994,11,P,20,12,1
HK,1994,11,P,20,13,2
HK,1994,11,P,20,14,1
HK,1994,11,P,20,15,0
HK,1994,11,P,20,16,0
HK,1994,11,P,20,17,1
HK,1994,11,P,20,18,10
HK,1994,11,P,20,19,4
HK,1994,11,P,20,20,11
HK,1994,11,P,20,21,9
HK,1994,11,P,20,22,15
HK,1994,11,P,21,0,0
HK,1994,11,P,21,1,0
HK,1994,11,P,21,2,0
HK,1994,11,P,21,3,0
HK,1994,11,P,21,4,0
HK,1994,11,P,21,5,0
HK,1994,11,P,21,6,0
HK,1994,11,P,21,7,0
HK,1994,11,P,21,8,0
HK,1994,11,P,21,9,0
HK,1994,11,P,21,10,0
HK,1994,11,P,21,11,0
HK,1994,11,P,21,12,0
HK,1994,11,P,21,13,0
HK,1994,11,P,21,14,0
HK,1994,11,P,21,15,0
HK,1994,11,P,21,16,0
HK,1994,11,P,21,17,0
HK,1994,11,P,21,18,0
HK,1994,11,P,21,19,0
HK,1994,11,P,21,20,1
HK,1994,11,P,21,21,0
HK,1994,11,P,21,22,3
HK,1994,11,P,22,0,0
HK,1994,11,P,22,1,1
HK,1994,11,P,22,2,0
HK,1994,11,P,22,3,0
HK,1994,11,P,22,4,0
HK,1994,11,P,22,5,0
HK,1994,11,P,22,6,1
HK,1994,11,P,22,7,0
HK,1994,11,P,22,8,0
HK,1994,11,P,22,9,0
HK,1994,11,P,22,10,0
HK,1994,11,P,22,11,0
HK,1994,11,P,22,12,0
HK,1994,11,P,22,13,0
HK,1994,11,P,22,14,0
HK,1994,11,P,22,15,0
HK,1994,11,P,22,16,0
HK,1994,11,P,22,17,0
HK,1994,11,P,22,18,0
HK,1994,11,P,22,19,0
HK,1994,11,P,22,20,1
HK,1994,11,P,22,21,2
HK,1994,11,P,22,22,16
HK,1994,11,A0,0,0,5
HK,1994,11,A0,0,1,0
HK,1994,11,A0,0,2,0
HK,1994,11,A0,0,3,0
HK,1994,11,A0,0,4,0
HK,1994,11,A0,0,5,0
HK,1994,11,A0,0,6,0
HK,1994,11,A0,0,7,0
HK,1994,11,A0,0,8,0
HK,1994,11,A0,0,9,0
HK,1994,11,A0,0,10,1
HK,1994,11,A0,0,11,1
HK,1994,11,A0,0,12,0
HK,1994,11,A0,0,13,0
HK,1994,11,A0,0,14,0
HK,1994,11,A0,0,15,0
HK,1994,11,A0,0,16,0
HK,1994,11,A0,0,17,0
HK,1994,11,A0,0,18,0
HK,1994,11,A0,0,19,0
HK,1994,11,A0,0,20,0
HK,1994,11,A0,0,21,0
HK,1994,11,A0,0,22,0
HK,1994,11,A0,1,0,0
HK,1994,11,A0,1,1,106
HK,1994,11,A0,1,2,7
HK,1994,11,A0,1,3,0
HK,1994,11,A0,1,4,0
HK,1994,11,A0,1,5,0
HK,1994,11,A0,1,6,0
HK,1994,11,A0,1,7,0
HK,1994,11,A0,1,8,0
HK,1994,11,A0,1,9,0
HK,1994,11,A0,1,10,0
HK,1994,11,A0,1,11,0
HK,1994,11,A0,1,12,0
HK,1994,11,A0,1,13,0
HK,1994,11,A0,1,14,0
HK,1994,11,A0,1,15,0
HK,1994,11,A0,1,16,0
HK,1994,11,A0,1,17,0
HK,1994,11,A0,1,18,0
HK,1994,11,A0,1,19,0
HK,1994,11,A0,1,20,0
HK,1994,11,A0,1,21,0
HK,1994,11,A0,1,22,0
HK,1994,11,A0,2,0,0
HK,1994,11,A0,2,1,0
HK,1994,11,A0,2,2,152
HK,1994,11,A0,2,3,0
HK,1994,11,A0,2,4,0
HK,1994,11,A0,2,5,0
HK,1994,11,A0,2,6,0
HK,1994,11,A0,2,7,30
HK,1994,11,A0,2,8,0
HK,1994,11,A0,2,9,0
HK,1994,11,A0,2,10,0
HK,1994,11,A0,2,11,0
HK,1994,11,A0,2,12,0
HK,1994,11,A0,2,13,0
HK,1994,11,A0,2,14,0
HK,1994,11,A0,2,15,0
HK,1994,11,A0,2,16,0
HK,1994,11,A0,2,17,0
HK,1994,11,A0,2,18,0
HK,1994,11,A0,2,19,0
HK,1994,11,A0,2,20,0
HK,1994,11,A0,2,21,0
HK,1994,11,A0,2,22,0
HK,1994,11,A0,3,0,0
HK,1994,11,A0,3,1,0
HK,1994,11,A0,3,2,0
HK,1994,11,A0,3,3,128
HK,1994,11,A0,3,4,26
HK,1994,11,A0,3,5,0
HK,1994,11,A0,3,6,0
HK,1994,11,A0,3,7,0
HK,1994,11,A0,3,8,1
HK,1994,11,A0,3,9,0
HK,1994,11,A0,3,10,0
HK,1994,11,A0,3,11,0
HK,1994,11,A0,3,12,0
HK,1994,11,A0,3,13,1
HK,1994,11,A0,3,14,0
HK,1994,11,A0,3,15,0
HK,1994,11,A0,3,16,0
HK,1994,11,A0,3,17,1
HK,1994,11,A0,3,18,0
HK,1994,11,A0,3,19,0
HK,1994,11,A0,3,20,0
HK,1994,11,A0,3,21,0
HK,1994,11,A0,3,22,0
HK,1994,11,A0,4,0,0
HK,1994,11,A0,4,1,0
HK,1994,11,A0,4,2,0
HK,1994,11,A0,4,3,22
HK,1994,11,A0,4,4,143
HK,1994,11,A0,4,5,0
HK,1994,11,A0,4,6,0
HK,1994,11,A0,4,7,0
HK,1994,11,A0,4,8,0
HK,1994,11,A0,4,9,0
HK,1994,11,A0,4,10,0
HK,1994,11,A0,4,11,0
HK,1994,11,A0,4,12,0
HK,1994,11,A0,4,13,0
HK,1994,11,A0,4,14,0
HK,1994,11,A0,4,15,0
HK,1994,11,A0,4,16,0
HK,1994,11,A0,4,17,0
HK,1994,11,A0,4,18,0
HK,1994,11,A0,4,19,0
HK,1994,11,A0,4,20,0
HK,1994,11,A0,4,21,0
HK,1994,11,A0,4,22,0
HK,1994,11,A0,5,0,0
HK,1994,11,A0,5,1,0
HK,1994,11,A0,5,2,0
HK,1994,11,A0,5,3,0
HK,1994,11,A0,5,4,0
HK,1994,11,A0,5,5,0
HK,1994,11,A0,5,6,0
HK,1994,11,A0,5,7,0
HK,1994,11,A0,5,8,0
HK,1994,11,A0,5,9,0
HK,1994,11,A0,5,10,0
HK,1994,11,A0,5,11,0
HK,1994,11,A0,5,12,0
HK,1994,11,A0,5,13,0
HK,1994,11,A0,5,14,1
HK,1994,11,A0,5,15,0
HK,1994,11,A0,5,16,0
HK,1994,11,A0,5,17,0
HK,1994,11,A0,5,18,0
HK,1994,11,A0,5,19,0
HK,1994,11,A0,5,20,0
HK,1994,11,A0,5,21,0
HK,1994,11,A0,5,22,0
HK,1994,11,A0,6,0,0
HK,1994,11,A0,6,1,0
HK,1994,11,A0,6,2,0
HK,1994,11,A0,6,3,0
HK,1994,11,A0,6,4,0
HK,1994,11,A0,6,5,0
HK,1994,11,A0,6,6,0
HK,1994,11,A0,6,7,0
HK,1994,11,A0,6,8,0
HK,1994,11,A0,6,9,0
HK,1994,11,A0,6,10,0
HK,1994,11,A0,6,11,0
HK,1994,11,A0,6,12,0
HK,1994,11,A0,6,13,0
HK,1994,11,A0,6,14,0
HK,1994,11,A0,6,15,0
HK,1994,11,A0,6,16,0
HK,1994,11,A0,6,17,0
HK,1994,11,A0,6,18,0
HK,1994,11,A0,6,19,0
HK,1994,11,A0,6,20,1
HK,1994,11,A0,6,21,0
HK,1994,11,A0,6,22,0
HK,1994,11,A0,7,0,0
HK,1994,11,A0,7,1,0
HK,1994,11,A0,7,2,0
HK,1994,11,A0,7,3,0
HK,1994,11,A0,7,4,0
HK,1994,11,A0,7,5,0
HK,1994,11,A0,7,6,0
HK,1994,11,A0,7,7,21
HK,1994,11,A0,7,8,0
HK,1994,11,A0,7,9,0
HK,1994,11,A0,7,10,0
HK,1994,11,A0,7,11,0
HK,1994,11,A0,7,12,0
HK,1994,11,A0,7,13,0
HK,1994,11,A0,7,14,0
HK,1994,11,A0,7,15,0
HK,1994,11,A0,7,16,0
HK,1994,11,A0,7,17,0
HK,1994,11,A0,7,18,0
HK,1994,11,A0,7,19,0
HK,1994,11,A0,7,20,0
HK,1994,11,A0,7,21,0
HK,1994,11,A0,7,22,0
HK,1994,11,A0,8,0,0
HK,1994,11,A0,8,1,0
HK,1994,11,A0,8,2,0
HK,1994,11,A0,8,3,0
HK,1994,11,A0,8,4,0
HK,1994,11,A0,8,5,0
HK,1994,11,A0,8,6,0
HK,1994,11,A0,8,7,0
HK,1994,11,A0,8,8,150
HK,1994,11,A0,8,9,0
HK,1994,11,A0,8,10,0
HK,1994,11,A0,8,11,0
HK,1994,11,A0,8,12,0
HK,1994,11,A0,8,13,0
HK,1994,11,A0,8,14,0
HK,1994,11,A0,8,15,0
HK,1994,11,A0,8,16,0
HK,1994,11,A0,8,17,3
HK,1994,11,A0,8,18,0
HK,1994,11,A0,8,19,0
HK,1994,11,A0,8,20,0
HK,1994,11,A0,8,21,0
HK,1994,11,A0,8,22,0
HK,1994,11,A0,9,0,0
HK,1994,11,A0,9,1,0
HK,1994,11,A0,9,2,0
HK,1994,11,A0,9,3,0
HK,1994,11,A0,9,4,0
HK,1994,11,A0,9,5,0
HK,1994,11,A0,9,6,0
HK,1994,11,A0,9,7,0
HK,1994,11,A0,9,8,0
HK,1994,11,A0,9,9,162
HK,1994,11,A0,9,10,0
HK,1994,11,A0,9,11,0
HK,1994,11,A0,9,12,0
HK,1994,11,A0,9,13,0
HK,1994,11,A0,9,14,0
HK,1994,11,A0,9,15,0
HK,1994,11,A0,9,16,0
HK,1994,11,A0,9,17,1
HK,1994,11,A0,9,18,0
HK,1994,11,A0,9,19,1
HK,1994,11,A0,9,20,0
HK,1994,11,A0,9,21,0
HK,1994,11,A0,9,22,0
HK,1994,11,A0,10,0,13
HK,1994,11,A0,10,1,0
HK,1994,11,A0,10,2,0
HK,1994,11,A0,10,3,0
HK,1994,11,A0,10,4,0
HK,1994,11,A0,10,5,0
HK,1994,11,A0,10,6,0
HK,1994,11,A0,10,7,0
HK,1994,11,A0,10,8,0
HK,1994,11,A0,10,9,1
HK,1994,11,A0,10,10,117
HK,1994,11,A0,10,11,9
HK,1994,11,A0,10,12,4
HK,1994,11,A0,10,13,0
HK,1994,11,A0,10,14,0
HK,1994,11,A0,10,15,0
HK,1994,11,A0,10,16,6
HK,1994,11,A0,10,17,0
HK,1994,11,A0,10,18,0
HK,1994,11,A0,10,19,0
HK,1994,11,A0,10,20,0
HK,1994,11,A0,10,21,0
HK,1994,11,A0,10,22,0
HK,1994,11,A0,11,0,4
HK,1994,11,A0,11,1,0
HK,1994,11,A0,11,2,0
HK,1994,11,A0,11,3,0
HK,1994,11,A0,11,4,0
HK,1994,11,A0,11,5,0
HK,1994,11,A0,11,6,0
HK,1994,11,A0,11,7,0
HK,1994,11,A0,11,8,0
HK,1994,11,A0,11,9,2
HK,1994,11,A0,11,10,18
HK,1994,11,A0,11,11,14
HK,1994,11,A0,11,12,15
HK,1994,11,A0,11,13,1
HK,1994,11,A0,11,14,0
HK,1994,11,A0,11,15,1
HK,1994,11,A0,11,16,6
HK,1994,11,A0,11,17,0
HK,1994,11,A0,11,18,0
HK,1994,11,A0,11,19,0
HK,1994,11,A0,11,20,0
HK,1994,11,A0,11,21,0
HK,1994,11,A0,11,22,0
HK,1994,11,A0,12,0,1
HK,1994,11,A0,12,1,0
HK,1994,11,A0,12,2,0
HK,1994,11,A0,12,3,0
HK,1994,11,A0,12,4,0
HK,1994,11,A0,12,5,0
HK,1994,11,A0,12,6,0
HK,1994,11,A0,12,7,0
HK,1994,11,A0,12,8,0
HK,1994,11,A0,12,9,0
HK,1994,11,A0,12,10,2
HK,1994,11,A0,12,11,1
HK,1994,11,A0,12,12,34
HK,1994,11,A0,12,13,0
HK,1994,11,A0,12,14,0
HK,1994,11,A0,12,15,0
HK,1994,11,A0,12,16,3
HK,1994,11,A0,12,17,0
HK,1994,11,A0,12,18,0
HK,1994,11,A0,12,19,0
HK,1994,11,A0,12,20,0
HK,1994,11,A0,12,21,0
HK,1994,11,A0,12,22,0
HK,1994,11,A0,13,0,0
HK,1994,11,A0,13,1,1
HK,1994,11,A0,13,2,0
HK,1994,11,A0,13,3,0
HK,1994,11,A0,13,4,0
HK,1994,11,A0,13,5,0
HK,1994,11,A0,13,6,0
HK,1994,11,A0,13,7,0
HK,1994,11,A0,13,8,0
HK,1994,11,A0,13,9,4
HK,1994,11,A0,13,10,0
HK,1994,11,A0,13,11,0
HK,1994,11,A0,13,12,0
HK,1994,11,A0,13,13,152
HK,1994,11,A0,13,14,1
HK,1994,11,A0,13,15,1
HK,1994,11,A0,13,16,0
HK,1994,11,A0,13,17,1
HK,1994,11,A0,13,18,0
HK,1994,11,A0,13,19,0
HK,1994,11,A0,13,20,0
HK,1994,11,A0,13,21,0
HK,1994,11,A0,13,22,0
HK,1994,11,A0,14,0,0
HK,1994,11,A0,14,1,0
HK,1994,11,A0,14,2,1
HK,1994,11,A0,14,3,0
HK,1994,11,A0,14,4,0
HK,1994,11,A0,14,5,4
HK,1994,11,A0,14,6,0
HK,1994,11,A0,14,7,0
HK,1994,11,A0,14,8,0
HK,1994,11,A0,14,9,0
HK,1994,11,A0,14,10,0
HK,1994,11,A0,14,11,0
HK,1994,11,A0,14,12,0
HK,1994,11,A0,14,13,0
HK,1994,11,A0,14,14,54
HK,1994,11,A0,14,15,0
HK,1994,11,A0,14,16,0
HK,1994,11,A0,14,17,0
HK,1994,11,A0,14,18,1
HK,1994,11,A0,14,19,0
HK,1994,11,A0,14,20,0
HK,1994,11,A0,14,21,0
HK,1994,11,A0,14,22,0
HK,1994,11,A0,15,0,0
HK,1994,11,A0,15,1,0
HK,1994,11,A0,15,2,0
HK,1994,11,A0,15,3,0
HK,1994,11,A0,15,4,0
HK,1994,11,A0,15,5,0
HK,1994,11,A0,15,6,0
HK,1994,11,A0,15,7,0
HK,1994,11,A0,15,8,0
HK,1994,11,A0,15,9,0
HK,1994,11,A0,15,10,0
HK,1994,11,A0,15,11,0
HK,1994,11,A0,15,12,0
HK,1994,11,A0,15,13,0
HK,1994,11,A0,15,14,1
HK,1994,11,A0,15,15,122
HK,1994,11,A0,15,16,0
HK,1994,11,A0,15,17,0
HK,1994,11,A0,15,18,0
HK,1994,11,A0,15,19,0
HK,1994,11,A0,15,20,0
HK,1994,11,A0,15,21,0
HK,1994,11,A0,15,22,0
HK,1994,11,A0,16,0,3
HK,1994,11,A0,16,1,0
HK,1994,11,A0,16,2,0
HK,1994,11,A0,16,3,0
HK,1994,11,A0,16,4,0
HK,1994,11,A0,16,5,0
HK,1994,11,A0,16,6,0
HK,1994,11,A0,16,7,0
HK,1994,11,A0,16,8,0
HK,1994,11,A0,16,9,0
HK,1994,11,A0,16,10,1
HK,1994,11,A0,16,11,1
HK,1994,11,A0,16,12,0
HK,1994,11,A0,16,13,0
HK,1994,11,A0,16,14,0
HK,1994,11,A0,16,15,0
HK,1994,11,A0,16,16,3
HK,1994,11,A0,16,17,0
HK,1994,11,A0,16,18,0
HK,1994,11,A0,16,19,0
HK,1994,11,A0,16,20,0
HK,1994,11,A0,16,21,0
HK,1994,11,A0,16,22,0
HK,1994,11,A0,17,0,0
HK,1994,11,A0,17,1,0
HK,1994,11,A0,17,2,0
HK,1994,11,A0,17,3,0
HK,1994,11,A0,17,4,1
HK,1994,11,A0,17,5,0
HK,1994,11,A0,17,6,0
HK,1994,11,A0,17,7,0
HK,1994,11,A0,17,8,0
HK,1994,11,A0,17,9,0
HK,1994,11,A0,17,10,0
HK,1994,11,A0,17,11,0
HK,1994,11,A0,17,12,0
HK,1994,11,A0,17,13,0
HK,1994,11,A0,17,14,0
HK,1994,11,A0,17,15,0
HK,1994,11,A0,17,16,0
HK,1994,11,A0,17,17,3
HK,1994,11,A0,17,18,1
HK,1994,11,A0,17,19,0
HK,1994,11,A0,17,20,0
HK,1994,11,A0,17,21,0
HK,1994,11,A0,17,22,0
HK,1994,11,A0,18,0,0
HK,1994,11,A0,18,1,0
HK,1994,11,A0,18,2,0
HK,1994,11,A0,18,3,0
HK,1994,11,A0,18,4,0
HK,1994,11,A0,18,5,0
HK,1994,11,A0,18,6,1
HK,1994,11,A0,18,7,0
HK,1994,11,A0,18,8,3
HK,1994,11,A0,18,9,0
HK,1994,11,A0,18,10,0
HK,1994,11,A0,18,11,0
HK,1994,11,A0,18,12,0
HK,1994,11,A0,18,13,1
HK,1994,11,A0,18,14,0
HK,1994,11,A0,18,15,0
HK,1994,11,A0,18,16,1
HK,1994,11,A0,18,17,4
HK,1994,11,A0,18,18,11
HK,1994,11,A0,18,19,3
HK,1994,11,A0,18,20,2
HK,1994,11,A0,18,21,2
HK,1994,11,A0,18,22,5
HK,1994,11,A0,19,0,0
HK,1994,11,A0,19,1,0
HK,1994,11,A0,19,2,0
HK,1994,11,A0,19,3,0
HK,1994,11,A0,19,4,0
HK,1994,11,A0,19,5,0
HK,1994,11,A0,19,6,0
HK,1994,11,A0,19,7,0
HK,1994,11,A0,19,8,0
HK,1994,11,A0,19,9,0
HK,1994,11,A0,19,10,0
HK,1994,11,A0,19,11,0
HK,1994,11,A0,19,12,0
HK,1994,11,A0,19,13,0
HK,1994,11,A0,19,14,0
HK,1994,11,A0,19,15,0
HK,1994,11,A0,19,16,0
HK,1994,11,A0,19,17,0
HK,1994,11,A0,19,18,0
HK,1994,11,A0,19,19,0
HK,1994,11,A0,19,20,1
HK,1994,11,A0,19,21,1
HK,1994,11,A0,19,22,0
HK,1994,11,A0,20,0,0
HK,1994,11,A0,20,1,2
HK,1994,11,A0,20,2,4
HK,1994,11,A0,20,3,0
HK,1994,11,A0,20,4,0
HK,1994,11,A0,20,5,1
HK,1994,11,A0,20,6,2
HK,1994,11,A0,20,7,1
HK,1994,11,A0,20,8,2
HK,1994,11,A0,20,9,0
HK,1994,11,A0,20,10,0
HK,1994,11,A0,20,11,0
HK,1994,11,A0,20,12,1
HK,1994,11,A0,20,13,2
HK,1994,11,A0,20,14,1
HK,1994,11,A0,20,15,0
HK,1994,11,A0,20,16,0
HK,1994,11,A0,20,17,1
HK,1994,11,A0,20,18,10
HK,1994,11,A0,20,19,4
HK,1994,11,A0,20,20,11
HK,1994,11,A0,20,21,10
HK,1994,11,A0,20,22,14
HK,1994,11,A0,21,0,0
HK,1994,11,A0,21,1,0
HK,1994,11,A0,21,2,0
HK,1994,11,A0,21,3,0
HK,1994,11,A0,21,4,0
HK,1994,11,A0,21,5,0
HK,1994,11,A0,21,6,0
HK,1994,11,A0,21,7,0
HK,1994,11,A0,21,8,0
HK,1994,11,A0,21,9,0
HK,1994,11,A0,21,10,0
HK,1994,11,A0,21,11,0
HK,1994,11,A0,21,12,0
HK,1994,11,A0,21,13,0
HK,1994,11,A0,21,14,0
HK,1994,11,A0,21,15,0
HK,1994,11,A0,21,16,0
HK,1994,11,A0,21,17,0
HK,1994,11,A0,21,18,0
HK,1994,11,A0,21,19,0
HK,1994,11,A0,21,20,1
HK,1994,11,A0,21,21,0
HK,1994,11,A0,21,22,3
HK,1994,11,A0,22,0,0
HK,1994,11,A0,22,1,1
HK,1994,11,A0,22,2,0
HK,1994,11,A0,22,3,0
HK,1994,11,A0,22,4,0
HK,1994,11,A0,22,5,0
HK,1994,11,A0,22,6,1
HK,1994,11,A0,22,7,0
HK,1994,11,A0,22,8,0
HK,1994,11,A0,22,9,0
HK,1994,11,A0,22,10,0
HK,1994,11,A0,22,11,0
HK,1994,11,A0,22,12,0
HK,1994,11,A0,22,13,0
HK,1994,11,A0,22,14,0
HK,1994,11,A0,22,15,0
HK,1994,11,A0,22,16,0
HK,1994,11,A0,22,17,0
HK,1994,11,A0,22,18,0
HK,1994,11,A0,22,19,0
HK,1994,11,A0,22,20,1
HK,1994,11,A0,22,21,2
HK,1994,11,A0,22,22,16
HK,1994,11,A1,0,0,3
HK,1994,11,A1,0,1,0
HK,1994,11,A1,0,2,0
HK,1994,11,A1,0,3,0
HK,1994,11,A1,0,4,0
HK,1994,11,A1,0,5,0
HK,1994,11,A1,0,6,0
HK,1994,11,A1,0,7,0
HK,1994,11,A1,0,8,0
HK,1994,11,A1,0,9,1
HK,1994,11,A1,0,10,1
HK,1994,11,A1,0,11,0
HK,1994,11,A1,0,12,1
HK,1994,11,A1,0,13,0
HK,1994,11,A1,0,14,0
HK,1994,11,A1,0,15,0
HK,1994,11,A1,0,16,1
HK,1994,11,A1,0,17,0
HK,1994,11,A1,0,18,0
HK,1994,11,A1,0,19,0
HK,1994,11,A1,0,20,0
HK,1994,11,A1,0,21,0
HK,1994,11,A1,0,22,0
HK,1994,11,A1,1,0,0
HK,1994,11,A1,1,1,96
HK,1994,11,A1,1,2,15
HK,1994,11,A1,1,3,0
HK,1994,11,A1,1,4,0
HK,1994,11,A1,1,5,0
HK,1994,11,A1,1,6,1
HK,1994,11,A1,1,7,1
HK,1994,11,A1,1,8,0
HK,1994,11,A1,1,9,0
HK,1994,11,A1,1,10,0
HK,1994,11,A1,1,11,0
HK,1994,11,A1,1,12,0
HK,1994,11,A1,1,13,0
HK,1994,11,A1,1,14,0
HK,1994,11,A1,1,15,0
HK,1994,11,A1,1,16,0
HK,1994,11,A1,1,17,0
HK,1994,11,A1,1,18,0
HK,1994,11,A1,1,19,0
HK,1994,11,A1,1,20,0
HK,1994,11,A1,1,21,0
HK,1994,11,A1,1,22,0
HK,1994,11,A1,2,0,0
HK,1994,11,A1,2,1,1
HK,1994,11,A1,2,2,148
HK,1994,11,A1,2,3,0
HK,1994,11,A1,2,4,0
HK,1994,11,A1,2,5,0
HK,1994,11,A1,2,6,0
HK,1994,11,A1,2,7,33
HK,1994,11,A1,2,8,0
HK,1994,11,A1,2,9,0
HK,1994,11,A1,2,10,0
HK,1994,11,A1,2,11,0
HK,1994,11,A1,2,12,0
HK,1994,11,A1,2,13,0
HK,1994,11,A1,2,14,0
HK,1994,11,A1,2,15,0
HK,1994,11,A1,2,16,0
HK,1994,11,A1,2,17,0
HK,1994,11,A1,2,18,0
HK,1994,11,A1,2,19,0
HK,1994,11,A1,2,20,0
HK,1994,11,A1,2,21,0
HK,1994,11,A1,2,22,0
HK,1994,11,A1,3,0,0
HK,1994,11,A1,3,1,0
HK,1994,11,A1,3,2,0
HK,1994,11,A1,3,3,120
HK,1994,11,A1,3,4,34
HK,1994,11,A1,3,5,0
HK,1994,11,A1,3,6,0
HK,1994,11,A1,3,7,0
HK,1994,11,A1,3,8,1
HK,1994,11,A1,3,9,0
HK,1994,11,A1,3,10,0
HK,1994,11,A1,3,11,0
HK,1994,11,A1,3,12,0
HK,1994,11,A1,3,13,0
HK,1994,11,A1,3,14,1
HK,1994,11,A1,3,15,0
HK,1994,11,A1,3,16,0
HK,1994,11,A1,3,17,1
HK,1994,11,A1,3,18,0
HK,1994,11,A1,3,19,0
HK,1994,11,A1,3,20,0
HK,1994,11,A1,3,21,0
HK,1994,11,A1,3,22,0
HK,1994,11,A1,4,0,0
HK,1994,11,A1,4,1,0
HK,1994,11,A1,4,2,0
HK,1994,11,A1,4,3,24
HK,1994,11,A1,4,4,139
HK,1994,11,A1,4,5,0
HK,1994,11,A1,4,6,0
HK,1994,11,A1,4,7,0
HK,1994,11,A1,4,8,2
HK,1994,11,A1,4,9,0
HK,1994,11,A1,4,10,0
HK,1994,11,A1,4,11,0
HK,1994,11,A1,4,12,0
HK,1994,11,A1,4,13,0
HK,1994,11,A1,4,14,0
HK,1994,11,A1,4,15,0
HK,1994,11,A1,4,16,0
HK,1994,11,A1,4,17,0
HK,1994,11,A1,4,18,0
HK,1994,11,A1,4,19,0
HK,1994,11,A1,4,20,0
HK,1994,11,A1,4,21,0
HK,1994,11,A1,4,22,0
HK,1994,11,A1,5,0,0
HK,1994,11,A1,5,1,0
HK,1994,11,A1,5,2,0
HK,1994,11,A1,5,3,0
HK,1994,11,A1,5,4,0
HK,1994,11,A1,5,5,0
HK,1994,11,A1,5,6,0
HK,1994,11,A1,5,7,0
HK,1994,11,A1,5,8,0
HK,1994,11,A1,5,9,0
HK,1994,11,A1,5,10,0
HK,1994,11,A1,5,11,0
HK,1994,11,A1,5,12,0
HK,1994,11,A1,5,13,0
HK,1994,11,A1,5,14,1
HK,1994,11,A1,5,15,0
HK,1994,11,A1,5,16,0
HK,1994,11,A1,5,17,0
HK,1994,11,A1,5,18,0
HK,1994,11,A1,5,19,0
HK,1994,11,A1,5,20,0
HK,1994,11,A1,5,21,0
HK,1994,11,A1,5,22,0
HK,1994,11,A1,6,0,0
HK,1994,11,A1,6,1,0
HK,1994,11,A1,6,2,0
HK,1994,11,A1,6,3,0
HK,1994,11,A1,6,4,0
HK,1994,11,A1,6,5,0
HK,1994,11,A1,6,6,0
HK,1994,11,A1,6,7,0
HK,1994,11,A1,6,8,0
HK,1994,11,A1,6,9,0
HK,1994,11,A1,6,10,0
HK,1994,11,A1,6,11,0
HK,1994,11,A1,6,12,0
HK,1994,11,A1,6,13,0
HK,1994,11,A1,6,14,0
HK,1994,11,A1,6,15,0
HK,1994,11,A1,6,16,0
HK,1994,11,A1,6,17,0
HK,1994,11,A1,6,18,0
HK,1994,11,A1,6,19,0
HK,1994,11,A1,6,20,0
HK,1994,11,A1,6,21,0
HK,1994,11,A1,6,22,1
HK,1994,11,A1,7,0,0
HK,1994,11,A1,7,1,0
HK,1994,11,A1,7,2,0
HK,1994,11,A1,7,3,0
HK,1994,11,A1,7,4,0
HK,1994,11,A1,7,5,0
HK,1994,11,A1,7,6,0
HK,1994,11,A1,7,7,21
HK,1994,11,A1,7,8,0
HK,1994,11,A1,7,9,0
HK,1994,11,A1,7,10,0
HK,1994,11,A1,7,11,0
HK,1994,11,A1,7,12,0
HK,1994,11,A1,7,13,0
HK,1994,11,A1,7,14,0
HK,1994,11,A1,7,15,0
HK,1994,11,A1,7,16,0
HK,1994,11,A1,7,17,0
HK,1994,11,A1,7,18,0
HK,1994,11,A1,7,19,0
HK,1994,11,A1,7,20,0
HK,1994,11,A1,7,21,0
HK,1994,11,A1,7,22,0
HK,1994,11,A1,8,0,0
HK,1994,11,A1,8,1,0
HK,1994,11,A1,8,2,0
HK,1994,11,A1,8,3,0
HK,1994,11,A1,8,4,0
HK,1994,11,A1,8,5,0
HK,1994,11,A1,8,6,0
HK,1994,11,A1,8,7,0
HK,1994,11,A1,8,8,148
HK,1994,11,A1,8,9,0
HK,1994,11,A1,8,10,0
HK,1994,11,A1,8,11,0
HK,1994,11,A1,8,12,0
HK,1994,11,A1,8,13,2
HK,1994,11,A1,8,14,0
HK,1994,11,A1,8,15,0
HK,1994,11,A1,8,16,0
HK,1994,11,A1,8,17,3
HK,1994,11,A1,8,18,0
HK,1994,11,A1,8,19,0
HK,1994,11,A1,8,20,0
HK,1994,11,A1,8,21,0
HK,1994,11,A1,8,22,0
HK,1994,11,A1,9,0,0
HK,1994,11,A1,9,1,0
HK,1994,11,A1,9,2,0
HK,1994,11,A1,9,3,0
HK,1994,11,A1,9,4,0
HK,1994,11,A1,9,5,0
HK,1994,11,A1,9,6,0
HK,1994,11,A1,9,7,0
HK,1994,11,A1,9,8,0
HK,1994,11,A1,9,9,161
HK,1994,11,A1,9,10,0
HK,1994,11,A1,9,11,0
HK,1994,11,A1,9,12,0
HK,1994,11,A1,9,13,1
HK,1994,11,A1,9,14,0
HK,1994,11,A1,9,15,1
HK,1994,11,A1,9,16,0
HK,1994,11,A1,9,17,0
HK,1994,11,A1,9,18,0
HK,1994,11,A1,9,19,1
HK,1994,11,A1,9,20,0
HK,1994,11,A1,9,21,0
HK,1994,11,A1,9,22,0
HK,1994,11,A1,10,0,13
HK,1994,11,A1,10,1,0
HK,1994,11,A1,10,2,0
HK,1994,11,A1,10,3,0
HK,1994,11,A1,10,4,0
HK,1994,11,A1,10,5,0
HK,1994,11,A1,10,6,0
HK,1994,11,A1,10,7,0
HK,1994,11,A1,10,8,0
HK,1994,11,A1,10,9,4
HK,1994,11,A1,10,10,118
HK,1994,11,A1,10,11,2
HK,1994,11,A1,10,12,3
HK,1994,11,A1,10,13,0
HK,1994,11,A1,10,14,0
HK,1994,11,A1,10,15,1
HK,1994,11,A1,10,16,9
HK,1994,11,A1,10,17,0
HK,1994,11,A1,10,18,0
HK,1994,11,A1,10,19,0
HK,1994,11,A1,10,20,0
HK,1994,11,A1,10,21,0
HK,1994,11,A1,10,22,0
HK,1994,11,A1,11,0,8
HK,1994,11,A1,11,1,0
HK,1994,11,A1,11,2,0
HK,1994,11,A1,11,3,0
HK,1994,11,A1,11,4,0
HK,1994,11,A1,11,5,0
HK,1994,11,A1,11,6,0
HK,1994,11,A1,11,7,0
HK,1994,11,A1,11,8,0
HK,1994,11,A1,11,9,1
HK,1994,11,A1,11,10,19
HK,1994,11,A1,11,11,10
HK,1994,11,A1,11,12,12
HK,1994,11,A1,11,13,1
HK,1994,11,A1,11,14,0
HK,1994,11,A1,11,15,1
HK,1994,11,A1,11,16,9
HK,1994,11,A1,11,17,0
HK,1994,11,A1,11,18,0
HK,1994,11,A1,11,19,0
HK,1994,11,A1,11,20,0
HK,1994,11,A1,11,21,0
HK,1994,11,A1,11,22,0
HK,1994,11,A1,12,0,2
HK,1994,11,A1,12,1,0
HK,1994,11,A1,12,2,0
HK,1994,11,A1,12,3,0
HK,1994,11,A1,12,4,0
HK,1994,11,A1,12,5,0
HK,1994,11,A1,12,6,0
HK,1994,11,A1,12,7,0
HK,1994,11,A1,12,8,0
HK,1994,11,A1,12,9,0
HK,1994,11,A1,12,10,4
HK,1994,11,A1,12,11,1
HK,1994,11,A1,12,12,31
HK,1994,11,A1,12,13,0
HK,1994,11,A1,12,14,0
HK,1994,11,A1,12,15,1
HK,1994,11,A1,12,16,2
HK,1994,11,A1,12,17,0
HK,1994,11,A1,12,18,0
HK,1994,11,A1,12,19,0
HK,1994,11,A1,12,20,0
HK,1994,11,A1,12,21,0
HK,1994,11,A1,12,22,0
HK,1994,11,A1,13,0,0
HK,1994,11,A1,13,1,0
HK,1994,11,A1,13,2,0
HK,1994,11,A1,13,3,0
HK,1994,11,A1,13,4,0
HK,1994,11,A1,13,5,1
HK,1994,11,A1,13,6,0
HK,1994,11,A1,13,7,0
HK,1994,11,A1,13,8,0
HK,1994,11,A1,13,9,2
HK,1994,11,A1,13,10,0
HK,1994,11,A1,13,11,0
HK,1994,11,A1,13,12,0
HK,1994,11,A1,13,13,153
HK,1994,11,A1,13,14,0
HK,1994,11,A1,13,15,1
HK,1994,11,A1,13,16,0
HK,1994,11,A1,13,17,2
HK,1994,11,A1,13,18,0
HK,1994,11,A1,13,19,0
HK,1994,11,A1,13,20,0
HK,1994,11,A1,13,21,0
HK,1994,11,A1,13,22,1
HK,1994,11,A1,14,0,0
HK,1994,11,A1,14,1,1
HK,1994,11,A1,14,2,0
HK,1994,11,A1,14,3,0
HK,1994,11,A1,14,4,0
HK,1994,11,A1,14,5,5
HK,1994,11,A1,14,6,0
HK,1994,11,A1,14,7,0
HK,1994,11,A1,14,8,0
HK,1994,11,A1,14,9,0
HK,1994,11,A1,14,10,0
HK,1994,11,A1,14,11,0
HK,1994,11,A1,14,12,0
HK,1994,11,A1,14,13,0
HK,1994,11,A1,14,14,49
HK,1994,11,A1,14,15,2
HK,1994,11,A1,14,16,0
HK,1994,11,A1,14,17,3
HK,1994,11,A1,14,18,0
HK,1994,11,A1,14,19,0
HK,1994,11,A1,14,20,0
HK,1994,11,A1,14,21,0
HK,1994,11,A1,14,22,0
HK,1994,11,A1,15,0,0
HK,1994,11,A1,15,1,0
HK,1994,11,A1,15,2,0
HK,1994,11,A1,15,3,0
HK,1994,11,A1,15,4,0
HK,1994,11,A1,15,5,0
HK,1994,11,A1,15,6,0
HK,1994,11,A1,15,7,0
HK,1994,11,A1,15,8,0
HK,1994,11,A1,15,9,0
HK,1994,11,A1,15,10,0
HK,1994,11,A1,15,11,0
HK,1994,11,A1,15,12,0
HK,1994,11,A1,15,13,0
HK,1994,11,A1,15,14,0
HK,1994,11,A1,15,15,123
HK,1994,11,A1,15,16,0
HK,1994,11,A1,15,17,0
HK,1994,11,A1,15,18,0
HK,1994,11,A1,15,19,0
HK,1994,11,A1,15,20,0
HK,1994,11,A1,15,21,0
HK,1994,11,A1,15,22,0
HK,1994,11,A1,16,0,1
HK,1994,11,A1,16,1,0
HK,1994,11,A1,16,2,0
HK,1994,11,A1,16,3,0
HK,1994,11,A1,16,4,0
HK,1994,11,A1,16,5,0
HK,1994,11,A1,16,6,0
HK,1994,11,A1,16,7,0
HK,1994,11,A1,16,8,0
HK,1994,11,A1,16,9,0
HK,1994,11,A1,16,10,2
HK,1994,11,A1,16,11,0
HK,1994,11,A1,16,12,0
HK,1994,11,A1,16,13,0
HK,1994,11,A1,16,14,0
HK,1994,11,A1,16,15,0
HK,1994,11,A1,16,16,5
HK,1994,11,A1,16,17,0
HK,1994,11,A1,16,18,0
HK,1994,11,A1,16,19,0
HK,1994,11,A1,16,20,0
HK,1994,11,A1,16,21,0
HK,1994,11,A1,16,22,0
HK,1994,11,A1,17,0,0
HK,1994,11,A1,17,1,0
HK,1994,11,A1,17,2,0
HK,1994,11,A1,17,3,0
HK,1994,11,A1,17,4,0
HK,1994,11,A1,17,5,0
HK,1994,11,A1,17,6,0
HK,1994,11,A1,17,7,0
HK,1994,11,A1,17,8,1
HK,1994,11,A1,17,9,0
HK,1994,11,A1,17,10,0
HK,1994,11,A1,17,11,0
HK,1994,11,A1,17,12,0
HK,1994,11,A1,17,13,0
HK,1994,11,A1,17,14,0
HK,1994,11,A1,17,15,1
HK,1994,11,A1,17,16,0
HK,1994,11,A1,17,17,3
HK,1994,11,A1,17,18,0
HK,1994,11,A1,17,19,0
HK,1994,11,A1,17,20,0
HK,1994,11,A1,17,21,0
HK,1994,11,A1,17,22,0
HK,1994,11,A1,18,0,0
HK,1994,11,A1,18,1,0
HK,1994,11,A1,18,2,0
HK,1994,11,A1,18,3,0
HK,1994,11,A1,18,4,0
HK,1994,11,A1,18,5,1
HK,1994,11,A1,18,6,2
HK,1994,11,A1,18,7,1
HK,1994,11,A1,18,8,3
HK,1994,11,A1,18,9,1
HK,1994,11,A1,18,10,0
HK,1994,11,A1,18,11,0
HK,1994,11,A1,18,12,0
HK,1994,11,A1,18,13,1
HK,1994,11,A1,18,14,1
HK,1994,11,A1,18,15,1
HK,1994,11,A1,18,16,0
HK,1994,11,A1,18,17,11
HK,1994,11,A1,18,18,5
HK,1994,11,A1,18,19,1
HK,1994,11,A1,18,20,2
HK,1994,11,A1,18,21,1
HK,1994,11,A1,18,22,2
HK,1994,11,A1,19,0,0
HK,1994,11,A1,19,1,0
HK,1994,11,A1,19,2,0
HK,1994,11,A1,19,3,0
HK,1994,11,A1,19,4,0
HK,1994,11,A1,19,5,0
HK,1994,11,A1,19,6,0
HK,1994,11,A1,19,7,0
HK,1994,11,A1,19,8,0
HK,1994,11,A1,19,9,0
HK,1994,11,A1,19,10,0
HK,1994,11,A1,19,11,0
HK,1994,11,A1,19,12,0
HK,1994,11,A1,19,13,0
HK,1994,11,A1,19,14,0
HK,1994,11,A1,19,15,0
HK,1994,11,A1,19,16,0
HK,1994,11,A1,19,17,0
HK,1994,11,A1,19,18,0
HK,1994,11,A1,19,19,0
HK,1994,11,A1,19,20,1
HK,1994,11,A1,19,21,1
HK,1994,11,A1,19,22,0
HK,1994,11,A1,20,0,1
HK,1994,11,A1,20,1,3
HK,1994,11,A1,20,2,1
HK,1994,11,A1,20,3,0
HK,1994,11,A1,20,4,0
HK,1994,11,A1,20,5,1
HK,1994,11,A1,20,6,4
HK,1994,11,A1,20,7,0
HK,1994,11,A1,20,8,7
HK,1994,11,A1,20,9,2
HK,1994,11,A1,20,10,0
HK,1994,11,A1,20,11,0
HK,1994,11,A1,20,12,1
HK,1994,11,A1,20,13,0
HK,1994,11,A1,20,14,4
HK,1994,11,A1,20,15,1
HK,1994,11,A1,20,16,0
HK,1994,11,A1,20,17,8
HK,1994,11,A1,20,18,5
HK,1994,11,A1,20,19,5
HK,1994,11,A1,20,20,5
HK,1994,11,A1,20,21,7
HK,1994,11,A1,20,22,11
HK,1994,11,A1,21,0,0
HK,1994,11,A1,21,1,0
HK,1994,11,A1,21,2,0
HK,1994,11,A1,21,3,0
HK,1994,11,A1,21,4,0
HK,1994,11,A1,21,5,0
HK,1994,11,A1,21,6,0
HK,1994,11,A1,21,7,0
HK,1994,11,A1,21,8,0
HK,1994,11,A1,21,9,0
HK,1994,11,A1,21,10,0
HK,1994,11,A1,21,11,0
HK,1994,11,A1,21,12,0
HK,1994,11,A1,21,13,0
HK,1994,11,A1,21,14,0
HK,1994,11,A1,21,15,0
HK,1994,11,A1,21,16,0
HK,1994,11,A1,21,17,0
HK,1994,11,A1,21,18,0
HK,1994,11,A1,21,19,2
HK,1994,11,A1,21,20,0
HK,1994,11,A1,21,21,0
HK,1994,11,A1,21,22,2
HK,1994,11,A1,22,0,0
HK,1994,11,A1,22,1,1
HK,1994,11,A1,22,2,0
HK,1994,11,A1,22,3,0
HK,1994,11,A1,22,4,0
HK,1994,11,A1,22,5,1
HK,1994,11,A1,22,6,0
HK,1994,11,A1,22,7,0
HK,1994,11,A1,22,8,0
HK,1994,11,A1,22,9,0
HK,1994,11,A1,22,10,0
HK,1994,11,A1,22,11,0
HK,1994,11,A1,22,12,0
HK,1994,11,A1,22,13,0
HK,1994,11,A1,22,14,0
HK,1994,11,A1,22,15,0
HK,1994,11,A1,22,16,0
HK,1994,11,A1,22,17,0
HK,1994,11,A1,22,18,0
HK,1994,11,A1,22,19,1
HK,1994,11,A1,22,20,0
HK,1994,11,A1,22,21,1
HK,1994,11,A1,22,22,17
HK,1994,11,A2,0,0,5
HK,1994,11,A2,0,1,0
HK,1994,11,A2,0,2,0
HK,1994,11,A2,0,3,0
HK,1994,11,A2,0,4,0
HK,1994,11,A2,0,5,0
HK,1994,11,A2,0,6,0
HK,1994,11,A2,0,7,0
HK,1994,11,A2,0,8,0
HK,1994,11,A2,0,9,0
HK,1994,11,A2,0,10,1
HK,1994,11,A2,0,11,0
HK,1994,11,A2,0,12,0
HK,1994,11,A2,0,13,0
HK,1994,11,A2,0,14,0
HK,1994,11,A2,0,15,0
HK,1994,11,A2,0,16,1
HK,1994,11,A2,0,17,0
HK,1994,11,A2,0,18,0
HK,1994,11,A2,0,19,0
HK,1994,11,A2,0,20,0
HK,1994,11,A2,0,21,0
HK,1994,11,A2,0,22,0
HK,1994,11,A2,1,0,0
HK,1994,11,A2,1,1,103
HK,1994,11,A2,1,2,10
HK,1994,11,A2,1,3,0
HK,1994,11,A2,1,4,0
HK,1994,11,A2,1,5,0
HK,1994,11,A2,1,6,0
HK,1994,11,A2,1,7,0
HK,1994,11,A2,1,8,0
HK,1994,11,A2,1,9,0
HK,1994,11,A2,1,10,0
HK,1994,11,A2,1,11,0
HK,1994,11,A2,1,12,0
HK,1994,11,A2,1,13,0
HK,1994,11,A2,1,14,0
HK,1994,11,A2,1,15,0
HK,1994,11,A2,1,16,0
HK,1994,11,A2,1,17,0
HK,1994,11,A2,1,18,0
HK,1994,11,A2,1,19,0
HK,1994,11,A2,1,20,0
HK,1994,11,A2,1,21,0
HK,1994,11,A2,1,22,0
HK,1994,11,A2,2,0,0
HK,1994,11,A2,2,1,1
HK,1994,11,A2,2,2,152
HK,1994,11,A2,2,3,0
HK,1994,11,A2,2,4,0
HK,1994,11,A2,2,5,0
HK,1994,11,A2,2,6,0
HK,1994,11,A2,2,7,29
HK,1994,11,A2,2,8,0
HK,1994,11,A2,2,9,0
HK,1994,11,A2,2,10,0
HK,1994,11,A2,2,11,0
HK,1994,11,A2,2,12,0
HK,1994,11,A2,2,13,0
HK,1994,11,A2,2,14,0
HK,1994,11,A2,2,15,0
HK,1994,11,A2,2,16,0
HK,1994,11,A2,2,17,0
HK,1994,11,A2,2,18,0
HK,1994,11,A2,2,19,0
HK,1994,11,A2,2,20,0
HK,1994,11,A2,2,21,0
HK,1994,11,A2,2,22,0
HK,1994,11,A2,3,0,0
HK,1994,11,A2,3,1,0
HK,1994,11,A2,3,2,0
HK,1994,11,A2,3,3,129
HK,1994,11,A2,3,4,27
HK,1994,11,A2,3,5,0
HK,1994,11,A2,3,6,0
HK,1994,11,A2,3,7,0
HK,1994,11,A2,3,8,0
HK,1994,11,A2,3,9,0
HK,1994,11,A2,3,10,0
HK,1994,11,A2,3,11,0
HK,1994,11,A2,3,12,0
HK,1994,11,A2,3,13,0
HK,1994,11,A2,3,14,0
HK,1994,11,A2,3,15,0
HK,1994,11,A2,3,16,0
HK,1994,11,A2,3,17,1
HK,1994,11,A2,3,18,0
HK,1994,11,A2,3,19,0
HK,1994,11,A2,3,20,0
HK,1994,11,A2,3,21,0
HK,1994,11,A2,3,22,0
HK,1994,11,A2,4,0,0
HK,1994,11,A2,4,1,0
HK,1994,11,A2,4,2,0
HK,1994,11,A2,4,3,20
HK,1994,11,A2,4,4,144
HK,1994,11,A2,4,5,0
HK,1994,11,A2,4,6,0
HK,1994,11,A2,4,7,0
HK,1994,11,A2,4,8,1
HK,1994,11,A2,4,9,0
HK,1994,11,A2,4,10,0
HK,1994,11,A2,4,11,0
HK,1994,11,A2,4,12,0
HK,1994,11,A2,4,13,0
HK,1994,11,A2,4,14,0
HK,1994,11,A2,4,15,0
HK,1994,11,A2,4,16,0
HK,1994,11,A2,4,17,0
HK,1994,11,A2,4,18,0
HK,1994,11,A2,4,19,0
HK,1994,11,A2,4,20,0
HK,1994,11,A2,4,21,0
HK,1994,11,A2,4,22,0
HK,1994,11,A2,5,0,0
HK,1994,11,A2,5,1,0
HK,1994,11,A2,5,2,0
HK,1994,11,A2,5,3,0
HK,1994,11,A2,5,4,0
HK,1994,11,A2,5,5,0
HK,1994,11,A2,5,6,0
HK,1994,11,A2,5,7,0
HK,1994,11,A2,5,8,0
HK,1994,11,A2,5,9,0
HK,1994,11,A2,5,10,0
HK,1994,11,A2,5,11,0
HK,1994,11,A2,5,12,0
HK,1994,11,A2,5,13,0
HK,1994,11,A2,5,14,1
HK,1994,11,A2,5,15,0
HK,1994,11,A2,5,16,0
HK,1994,11,A2,5,17,0
HK,1994,11,A2,5,18,0
HK,1994,11,A2,5,19,0
HK,1994,11,A2,5,20,0
HK,1994,11,A2,5,21,0
HK,1994,11,A2,5,22,0
HK,1994,11,A2,6,0,0
HK,1994,11,A2,6,1,0
HK,1994,11,A2,6,2,0
HK,1994,11,A2,6,3,0
HK,1994,11,A2,6,4,0
HK,1994,11,A2,6,5,0
HK,1994,11,A2,6,6,0
HK,1994,11,A2,6,7,0
HK,1994,11,A2,6,8,0
HK,1994,11,A2,6,9,0
HK,1994,11,A2,6,10,0
HK,1994,11,A2,6,11,0
HK,1994,11,A2,6,12,0
HK,1994,11,A2,6,13,0
HK,1994,11,A2,6,14,0
HK,1994,11,A2,6,15,0
HK,1994,11,A2,6,16,0
HK,1994,11,A2,6,17,0
HK,1994,11,A2,6,18,0
HK,1994,11,A2,6,19,0
HK,1994,11,A2,6,20,1
HK,1994,11,A2,6,21,0
HK,1994,11,A2,6,22,0
HK,1994,11,A2,7,0,0
HK,1994,11,A2,7,1,0
HK,1994,11,A2,7,2,0
HK,1994,11,A2,7,3,0
HK,1994,11,A2,7,4,0
HK,1994,11,A2,7,5,0
HK,1994,11,A2,7,6,0
HK,1994,11,A2,7,7,21
HK,1994,11,A2,7,8,0
HK,1994,11,A2,7,9,0
HK,1994,11,A2,7,10,0
HK,1994,11,A2,7,11,0
HK,1994,11,A2,7,12,0
HK,1994,11,A2,7,13,0
HK,1994,11,A2,7,14,0
HK,1994,11,A2,7,15,0
HK,1994,11,A2,7,16,0
HK,1994,11,A2,7,17,0
HK,1994,11,A2,7,18,0
HK,1994,11,A2,7,19,0
HK,1994,11,A2,7,20,0
HK,1994,11,A2,7,21,0
HK,1994,11,A2,7,22,0
HK,1994,11,A2,8,0,0
HK,1994,11,A2,8,1,0
HK,1994,11,A2,8,2,0
HK,1994,11,A2,8,3,0
HK,1994,11,A2,8,4,0
HK,1994,11,A2,8,5,0
HK,1994,11,A2,8,6,0
HK,1994,11,A2,8,7,0
HK,1994,11,A2,8,8,151
HK,1994,11,A2,8,9,0
HK,1994,11,A2,8,10,0
HK,1994,11,A2,8,11,0
HK,1994,11,A2,8,12,0
HK,1994,11,A2,8,13,0
HK,1994,11,A2,8,14,0
HK,1994,11,A2,8,15,0
HK,1994,11,A2,8,16,0
HK,1994,11,A2,8,17,2
HK,1994,11,A2,8,18,0
HK,1994,11,A2,8,19,0
HK,1994,11,A2,8,20,0
HK,1994,11,A2,8,21,0
HK,1994,11,A2,8,22,0
HK,1994,11,A2,9,0,0
HK,1994,11,A2,9,1,0
HK,1994,11,A2,9,2,0
HK,1994,11,A2,9,3,0
HK,1994,11,A2,9,4,0
HK,1994,11,A2,9,5,0
HK,1994,11,A2,9,6,0
HK,1994,11,A2,9,7,0
HK,1994,11,A2,9,8,0
HK,1994,11,A2,9,9,163
HK,1994,11,A2,9,10,0
HK,1994,11,A2,9,11,0
HK,1994,11,A2,9,12,0
HK,1994,11,A2,9,13,0
HK,1994,11,A2,9,14,0
HK,1994,11,A2,9,15,0
HK,1994,11,A2,9,16,0
HK,1994,11,A2,9,17,0
HK,1994,11,A2,9,18,0
HK,1994,11,A2,9,19,1
HK,1994,11,A2,9,20,0
HK,1994,11,A2,9,21,0
HK,1994,11,A2,9,22,0
HK,1994,11,A2,10,0,12
HK,1994,11,A2,10,1,0
HK,1994,11,A2,10,2,0
HK,1994,11,A2,10,3,0
HK,1994,11,A2,10,4,0
HK,1994,11,A2,10,5,0
HK,1994,11,A2,10,6,0
HK,1994,11,A2,10,7,0
HK,1994,11,A2,10,8,0
HK,1994,11,A2,10,9,2
HK,1994,11,A2,10,10,114
HK,1994,11,A2,10,11,10
HK,1994,11,A2,10,12,5
HK,1994,11,A2,10,13,0
HK,1994,11,A2,10,14,0
HK,1994,11,A2,10,15,0
HK,1994,11,A2,10,16,7
HK,1994,11,A2,10,17,0
HK,1994,11,A2,10,18,0
HK,1994,11,A2,10,19,0
HK,1994,11,A2,10,20,0
HK,1994,11,A2,10,21,0
HK,1994,11,A2,10,22,0
HK,1994,11,A2,11,0,4
HK,1994,11,A2,11,1,0
HK,1994,11,A2,11,2,0
HK,1994,11,A2,11,3,0
HK,1994,11,A2,11,4,0
HK,1994,11,A2,11,5,0
HK,1994,11,A2,11,6,0
HK,1994,11,A2,11,7,0
HK,1994,11,A2,11,8,0
HK,1994,11,A2,11,9,2
HK,1994,11,A2,11,10,17
HK,1994,11,A2,11,11,17
HK,1994,11,A2,11,12,12
HK,1994,11,A2,11,13,1
HK,1994,11,A2,11,14,0
HK,1994,11,A2,11,15,1
HK,1994,11,A2,11,16,7
HK,1994,11,A2,11,17,0
HK,1994,11,A2,11,18,0
HK,1994,11,A2,11,19,0
HK,1994,11,A2,11,20,0
HK,1994,11,A2,11,21,0
HK,1994,11,A2,11,22,0
HK,1994,11,A2,12,0,1
HK,1994,11,A2,12,1,0
HK,1994,11,A2,12,2,0
HK,1994,11,A2,12,3,0
HK,1994,11,A2,12,4,0
HK,1994,11,A2,12,5,0
HK,1994,11,A2,12,6,0
HK,1994,11,A2,12,7,0
HK,1994,11,A2,12,8,0
HK,1994,11,A2,12,9,0
HK,1994,11,A2,12,10,2
HK,1994,11,A2,12,11,4
HK,1994,11,A2,12,12,32
HK,1994,11,A2,12,13,0
HK,1994,11,A2,12,14,0
HK,1994,11,A2,12,15,0
HK,1994,11,A2,12,16,2
HK,1994,11,A2,12,17,0
HK,1994,11,A2,12,18,0
HK,1994,11,A2,12,19,0
HK,1994,11,A2,12,20,0
HK,1994,11,A2,12,21,0
HK,1994,11,A2,12,22,0
HK,1994,11,A2,13,0,0
HK,1994,11,A2,13,1,1
HK,1994,11,A2,13,2,0
HK,1994,11,A2,13,3,0
HK,1994,11,A2,13,4,0
HK,1994,11,A2,13,5,0
HK,1994,11,A2,13,6,0
HK,1994,11,A2,13,7,0
HK,1994,11,A2,13,8,0
HK,1994,11,A2,13,9,4
HK,1994,11,A2,13,10,0
HK,1994,11,A2,13,11,0
HK,1994,11,A2,13,12,0
HK,1994,11,A2,13,13,153
HK,1994,11,A2,13,14,0
HK,1994,11,A2,13,15,1
HK,1994,11,A2,13,16,0
HK,1994,11,A2,13,17,0
HK,1994,11,A2,13,18,0
HK,1994,11,A2,13,19,0
HK,1994,11,A2,13,20,0
HK,1994,11,A2,13,21,0
HK,1994,11,A2,13,22,1
HK,1994,11,A2,14,0,0
HK,1994,11,A2,14,1,0
HK,1994,11,A2,14,2,0
HK,1994,11,A2,14,3,0
HK,1994,11,A2,14,4,0
HK,1994,11,A2,14,5,1
HK,1994,11,A2,14,6,0
HK,1994,11,A2,14,7,0
HK,1994,11,A2,14,8,0
HK,1994,11,A2,14,9,0
HK,1994,11,A2,14,10,0
HK,1994,11,A2,14,11,0
HK,1994,11,A2,14,12,0
HK,1994,11,A2,14,13,0
HK,1994,11,A2,14,14,57
HK,1994,11,A2,14,15,0
HK,1994,11,A2,14,16,0
HK,1994,11,A2,14,17,1
HK,1994,11,A2,14,18,1
HK,1994,11,A2,14,19,0
HK,1994,11,A2,14,20,0
HK,1994,11,A2,14,21,0
HK,1994,11,A2,14,22,0
HK,1994,11,A2,15,0,0
HK,1994,11,A2,15,1,0
HK,1994,11,A2,15,2,0
HK,1994,11,A2,15,3,0
HK,1994,11,A2,15,4,0
HK,1994,11,A2,15,5,0
HK,1994,11,A2,15,6,0
HK,1994,11,A2,15,7,0
HK,1994,11,A2,15,8,0
HK,1994,11,A2,15,9,0
HK,1994,11,A2,15,10,0
HK,1994,11,A2,15,11,0
HK,1994,11,A2,15,12,0
HK,1994,11,A2,15,13,0
HK,1994,11,A2,15,14,1
HK,1994,11,A2,15,15,122
HK,1994,11,A2,15,16,0
HK,1994,11,A2,15,17,0
HK,1994,11,A2,15,18,0
HK,1994,11,A2,15,19,0
HK,1994,11,A2,15,20,0
HK,1994,11,A2,15,21,0
HK,1994,11,A2,15,22,0
HK,1994,11,A2,16,0,3
HK,1994,11,A2,16,1,0
HK,1994,11,A2,16,2,0
HK,1994,11,A2,16,3,0
HK,1994,11,A2,16,4,0
HK,1994,11,A2,16,5,0
HK,1994,11,A2,16,6,0
HK,1994,11,A2,16,7,0
HK,1994,11,A2,16,8,0
HK,1994,11,A2,16,9,0
HK,1994,11,A2,16,10,2
HK,1994,11,A2,16,11,1
HK,1994,11,A2,16,12,0
HK,1994,11,A2,16,13,0
HK,1994,11,A2,16,14,0
HK,1994,11,A2,16,15,0
HK,1994,11,A2,16,16,2
HK,1994,11,A2,16,17,0
HK,1994,11,A2,16,18,0
HK,1994,11,A2,16,19,0
HK,1994,11,A2,16,20,0
HK,1994,11,A2,16,21,0
HK,1994,11,A2,16,22,0
HK,1994,11,A2,17,0,0
HK,1994,11,A2,17,1,0
HK,1994,11,A2,17,2,0
HK,1994,11,A2,17,3,0
HK,1994,11,A2,17,4,1
HK,1994,11,A2,17,5,0
HK,1994,11,A2,17,6,0
HK,1994,11,A2,17,7,0
HK,1994,11,A2,17,8,0
HK,1994,11,A2,17,9,0
HK,1994,11,A2,17,10,0
HK,1994,11,A2,17,11,0
HK,1994,11,A2,17,12,0
HK,1994,11,A2,17,13,0
HK,1994,11,A2,17,14,0
HK,1994,11,A2,17,15,0
HK,1994,11,A2,17,16,0
HK,1994,11,A2,17,17,4
HK,1994,11,A2,17,18,0
HK,1994,11,A2,17,19,0
HK,1994,11,A2,17,20,0
HK,1994,11,A2,17,21,0
HK,1994,11,A2,17,22,0
HK,1994,11,A2,18,0,0
HK,1994,11,A2,18,1,1
HK,1994,11,A2,18,2,0
HK,1994,11,A2,18,3,0
HK,1994,11,A2,18,4,0
HK,1994,11,A2,18,5,0
HK,1994,11,A2,18,6,1
HK,1994,11,A2,18,7,0
HK,1994,11,A2,18,8,2
HK,1994,11,A2,18,9,0
HK,1994,11,A2,18,10,0
HK,1994,11,A2,18,11,0
HK,1994,11,A2,18,12,0
HK,1994,11,A2,18,13,0
HK,1994,11,A2,18,14,0
HK,1994,11,A2,18,15,0
HK,1994,11,A2,18,16,1
HK,1994,11,A2,18,17,7
HK,1994,11,A2,18,18,10
HK,1994,11,A2,18,19,3
HK,1994,11,A2,18,20,2
HK,1994,11,A2,18,21,1
HK,1994,11,A2,18,22,5
HK,1994,11,A2,19,0,0
HK,1994,11,A2,19,1,0
HK,1994,11,A2,19,2,0
HK,1994,11,A2,19,3,0
HK,1994,11,A2,19,4,0
HK,1994,11,A2,19,5,0
HK,1994,11,A2,19,6,0
HK,1994,11,A2,19,7,0
HK,1994,11,A2,19,8,0
HK,1994,11,A2,19,9,0
HK,1994,11,A2,19,10,0
HK,1994,11,A2,19,11,0
HK,1994,11,A2,19,12,0
HK,1994,11,A2,19,13,0
HK,1994,11,A2,19,14,0
HK,1994,11,A2,19,15,0
HK,1994,11,A2,19,16,0
HK,1994,11,A2,19,17,0
HK,1994,11,A2,19,18,0
HK,1994,11,A2,19,19,0
HK,1994,11,A2,19,20,0
HK,1994,11,A2,19,21,2
HK,1994,11,A2,19,22,0
HK,1994,11,A2,20,0,0
HK,1994,11,A2,20,1,3
HK,1994,11,A2,20,2,4
HK,1994,11,A2,20,3,0
HK,1994,11,A2,20,4,0
HK,1994,11,A2,20,5,1
HK,1994,11,A2,20,6,1
HK,1994,11,A2,20,7,0
HK,1994,11,A2,20,8,5
HK,1994,11,A2,20,9,0
HK,1994,11,A2,20,10,0
HK,1994,11,A2,20,11,0
HK,1994,11,A2,20,12,1
HK,1994,11,A2,20,13,0
HK,1994,11,A2,20,14,2
HK,1994,11,A2,20,15,0
HK,1994,11,A2,20,16,0
HK,1994,11,A2,20,17,2
HK,1994,11,A2,20,18,7
HK,1994,11,A2,20,19,6
HK,1994,11,A2,20,20,13
HK,1994,11,A2,20,21,6
HK,1994,11,A2,20,22,15
HK,1994,11,A2,21,0,0
HK,1994,11,A2,21,1,0
HK,1994,11,A2,21,2,0
HK,1994,11,A2,21,3,0
HK,1994,11,A2,21,4,0
HK,1994,11,A2,21,5,0
HK,1994,11,A2,21,6,0
HK,1994,11,A2,21,7,0
HK,1994,11,A2,21,8,0
HK,1994,11,A2,21,9,0
HK,1994,11,A2,21,10,0
HK,1994,11,A2,21,11,0
HK,1994,11,A2,21,12,0
HK,1994,11,A2,21,13,0
HK,1994,11,A2,21,14,0
HK,1994,11,A2,21,15,0
HK,1994,11,A2,21,16,0
HK,1994,11,A2,21,17,0
HK,1994,11,A2,21,18,0
HK,1994,11,A2,21,19,1
HK,1994,11,A2,21,20,1
HK,1994,11,A2,21,21,0
HK,1994,11,A2,21,22,2
HK,1994,11,A2,22,0,0
HK,1994,11,A2,22,1,0
HK,1994,11,A2,22,2,0
HK,1994,11,A2,22,3,0
HK,1994,11,A2,22,4,0
HK,1994,11,A2,22,5,0
HK,1994,11,A2,22,6,0
HK,1994,11,A2,22,7,0
HK,1994,11,A2,22,8,0
HK,1994,11,A2,22,9,0
HK,1994,11,A2,22,10,0
HK,1994,11,A2,22,11,0
HK,1994,11,A2,22,12,0
HK,1994,11,A2,22,13,0
HK,1994,11,A2,22,14,0
HK,1994,11,A2,22,15,0
HK,1994,11,A2,22,16,0
HK,1994,11,A2,22,17,0
HK,1994,11,A2,22,18,0
HK,1994,11,A2,22,19,0
HK,1994,11,A2,22,20,1
HK,1994,11,A2,22,21,3
HK,1994,11,A2,22,22,17
HK,1994,11,A3,0,0,5
HK,1994,11,A3,0,1,0
HK,1994,11,A3,0,2,0
HK,1994,11,A3,0,3,0
HK,1994,11,A3,0,4,0
HK,1994,11,A3,0,5,0
HK,1994,11,A3,0,6,0
HK,1994,11,A3,0,7,0
HK,1994,11,A3,0,8,0
HK,1994,11,A3,0,9,0
HK,1994,11,A3,0,10,1
HK,1994,11,A3,0,11,0
HK,1994,11,A3,0,12,0
HK,1994,11,A3,0,13,0
HK,1994,11,A3,0,14,0
HK,1994,11,A3,0,15,0
HK,1994,11,A3,0,16,1
HK,1994,11,A3,0,17,0
HK,1994,11,A3,0,18,0
HK,1994,11,A3,0,19,0
HK,1994,11,A3,0,20,0
HK,1994,11,A3,0,21,0
HK,1994,11,A3,0,22,0
HK,1994,11,A3,1,0,0
HK,1994,11,A3,1,1,105
HK,1994,11,A3,1,2,8
HK,1994,11,A3,1,3,0
HK,1994,11,A3,1,4,0
HK,1994,11,A3,1,5,0
HK,1994,11,A3,1,6,0
HK,1994,11,A3,1,7,0
HK,1994,11,A3,1,8,0
HK,1994,11,A3,1,9,0
HK,1994,11,A3,1,10,0
HK,1994,11,A3,1,11,0
HK,1994,11,A3,1,12,0
HK,1994,11,A3,1,13,0
HK,1994,11,A3,1,14,0
HK,1994,11,A3,1,15,0
HK,1994,11,A3,1,16,0
HK,1994,11,A3,1,17,0
HK,1994,11,A3,1,18,0
HK,1994,11,A3,1,19,0
HK,1994,11,A3,1,20,0
HK,1994,11,A3,1,21,0
HK,1994,11,A3,1,22,0
HK,1994,11,A3,2,0,0
HK,1994,11,A3,2,1,1
HK,1994,11,A3,2,2,149
HK,1994,11,A3,2,3,0
HK,1994,11,A3,2,4,0
HK,1994,11,A3,2,5,0
HK,1994,11,A3,2,6,0
HK,1994,11,A3,2,7,32
HK,1994,11,A3,2,8,0
HK,1994,11,A3,2,9,0
HK,1994,11,A3,2,10,0
HK,1994,11,A3,2,11,0
HK,1994,11,A3,2,12,0
HK,1994,11,A3,2,13,0
HK,1994,11,A3,2,14,0
HK,1994,11,A3,2,15,0
HK,1994,11,A3,2,16,0
HK,1994,11,A3,2,17,0
HK,1994,11,A3,2,18,0
HK,1994,11,A3,2,19,0
HK,1994,11,A3,2,20,0
HK,1994,11,A3,2,21,0
HK,1994,11,A3,2,22,0
HK,1994,11,A3,3,0,0
HK,1994,11,A3,3,1,0
HK,1994,11,A3,3,2,0
HK,1994,11,A3,3,3,114
HK,1994,11,A3,3,4,39
HK,1994,11,A3,3,5,0
HK,1994,11,A3,3,6,0
HK,1994,11,A3,3,7,0
HK,1994,11,A3,3,8,1
HK,1994,11,A3,3,9,0
HK,1994,11,A3,3,10,0
HK,1994,11,A3,3,11,0
HK,1994,11,A3,3,12,0
HK,1994,11,A3,3,13,1
HK,1994,11,A3,3,14,0
HK,1994,11,A3,3,15,0
HK,1994,11,A3,3,16,0
HK,1994,11,A3,3,17,2
HK,1994,11,A3,3,18,0
HK,1994,11,A3,3,19,0
HK,1994,11,A3,3,20,0
HK,1994,11,A3,3,21,0
HK,1994,11,A3,3,22,0
HK,1994,11,A3,4,0,0
HK,1994,11,A3,4,1,0
HK,1994,11,A3,4,2,0
HK,1994,11,A3,4,3,13
HK,1994,11,A3,4,4,150
HK,1994,11,A3,4,5,0
HK,1994,11,A3,4,6,0
HK,1994,11,A3,4,7,0
HK,1994,11,A3,4,8,2
HK,1994,11,A3,4,9,0
HK,1994,11,A3,4,10,0
HK,1994,11,A3,4,11,0
HK,1994,11,A3,4,12,0
HK,1994,11,A3,4,13,0
HK,1994,11,A3,4,14,0
HK,1994,11,A3,4,15,0
HK,1994,11,A3,4,16,0
HK,1994,11,A3,4,17,0
HK,1994,11,A3,4,18,0
HK,1994,11,A3,4,19,0
HK,1994,11,A3,4,20,0
HK,1994,11,A3,4,21,0
HK,1994,11,A3,4,22,0
HK,1994,11,A3,5,0,0
HK,1994,11,A3,5,1,0
HK,1994,11,A3,5,2,0
HK,1994,11,A3,5,3,0
HK,1994,11,A3,5,4,0
HK,1994,11,A3,5,5,0
HK,1994,11,A3,5,6,0
HK,1994,11,A3,5,7,0
HK,1994,11,A3,5,8,0
HK,1994,11,A3,5,9,0
HK,1994,11,A3,5,10,0
HK,1994,11,A3,5,11,0
HK,1994,11,A3,5,12,0
HK,1994,11,A3,5,13,0
HK,1994,11,A3,5,14,1
HK,1994,11,A3,5,15,0
HK,1994,11,A3,5,16,0
HK,1994,11,A3,5,17,0
HK,1994,11,A3,5,18,0
HK,1994,11,A3,5,19,0
HK,1994,11,A3,5,20,0
HK,1994,11,A3,5,21,0
HK,1994,11,A3,5,22,0
HK,1994,11,A3,6,0,0
HK,1994,11,A3,6,1,0
HK,1994,11,A3,6,2,0
HK,1994,11,A3,6,3,0
HK,1994,11,A3,6,4,0
HK,1994,11,A3,6,5,0
HK,1994,11,A3,6,6,0
HK,1994,11,A3,6,7,0
HK,1994,11,A3,6,8,0
HK,1994,11,A3,6,9,0
HK,1994,11,A3,6,10,0
HK,1994,11,A3,6,11,0
HK,1994,11,A3,6,12,0
HK,1994,11,A3,6,13,0
HK,1994,11,A3,6,14,0
HK,1994,11,A3,6,15,0
HK,1994,11,A3,6,16,0
HK,1994,11,A3,6,17,0
HK,1994,11,A3,6,18,0
HK,1994,11,A3,6,19,0
HK,1994,11,A3,6,20,1
HK,1994,11,A3,6,21,0
HK,1994,11,A3,6,22,0
HK,1994,11,A3,7,0,0
HK,1994,11,A3,7,1,0
HK,1994,11,A3,7,2,0
HK,1994,11,A3,7,3,0
HK,1994,11,A3,7,4,0
HK,1994,11,A3,7,5,0
HK,1994,11,A3,7,6,0
HK,1994,11,A3,7,7,21
HK,1994,11,A3,7,8,0
HK,1994,11,A3,7,9,0
HK,1994,11,A3,7,10,0
HK,1994,11,A3,7,11,0
HK,1994,11,A3,7,12,0
HK,1994,11,A3,7,13,0
HK,1994,11,A3,7,14,0
HK,1994,11,A3,7,15,0
HK,1994,11,A3,7,16,0
HK,1994,11,A3,7,17,0
HK,1994,11,A3,7,18,0
HK,1994,11,A3,7,19,0
HK,1994,11,A3,7,20,0
HK,1994,11,A3,7,21,0
HK,1994,11,A3,7,22,0
HK,1994,11,A3,8,0,0
HK,1994,11,A3,8,1,0
HK,1994,11,A3,8,2,0
HK,1994,11,A3,8,3,0
HK,1994,11,A3,8,4,0
HK,1994,11,A3,8,5,0
HK,1994,11,A3,8,6,0
HK,1994,11,A3,8,7,0
HK,1994,11,A3,8,8,151
HK,1994,11,A3,8,9,0
HK,1994,11,A3,8,10,0
HK,1994,11,A3,8,11,0
HK,1994,11,A3,8,12,0
HK,1994,11,A3,8,13,0
HK,1994,11,A3,8,14,0
HK,1994,11,A3,8,15,0
HK,1994,11,A3,8,16,0
HK,1994,11,A3,8,17,2
HK,1994,11,A3,8,18,0
HK,1994,11,A3,8,19,0
HK,1994,11,A3,8,20,0
HK,1994,11,A3,8,21,0
HK,1994,11,A3,8,22,0
HK,1994,11,A3,9,0,0
HK,1994,11,A3,9,1,0
HK,1994,11,A3,9,2,0
HK,1994,11,A3,9,3,0
HK,1994,11,A3,9,4,0
HK,1994,11,A3,9,5,0
HK,1994,11,A3,9,6,0
HK,1994,11,A3,9,7,0
HK,1994,11,A3,9,8,0
HK,1994,11,A3,9,9,163
HK,1994,11,A3,9,10,0
HK,1994,11,A3,9,11,0
HK,1994,11,A3,9,12,0
HK,1994,11,A3,9,13,0
HK,1994,11,A3,9,14,0
HK,1994,11,A3,9,15,0
HK,1994,11,A3,9,16,0
HK,1994,11,A3,9,17,0
HK,1994,11,A3,9,18,0
HK,1994,11,A3,9,19,1
HK,1994,11,A3,9,20,0
HK,1994,11,A3,9,21,0
HK,1994,11,A3,9,22,0
HK,1994,11,A3,10,0,12
HK,1994,11,A3,10,1,0
HK,1994,11,A3,10,2,0
HK,1994,11,A3,10,3,0
HK,1994,11,A3,10,4,0
HK,1994,11,A3,10,5,0
HK,1994,11,A3,10,6,0
HK,1994,11,A3,10,7,0
HK,1994,11,A3,10,8,0
HK,1994,11,A3,10,9,2
HK,1994,11,A3,10,10,107
HK,1994,11,A3,10,11,17
HK,1994,11,A3,10,12,3
HK,1994,11,A3,10,13,0
HK,1994,11,A3,10,14,0
HK,1994,11,A3,10,15,0
HK,1994,11,A3,10,16,9
HK,1994,11,A3,10,17,0
HK,1994,11,A3,10,18,0
HK,1994,11,A3,10,19,0
HK,1994,11,A3,10,20,0
HK,1994,11,A3,10,21,0
HK,1994,11,A3,10,22,0
HK,1994,11,A3,11,0,2
HK,1994,11,A3,11,1,0
HK,1994,11,A3,11,2,0
HK,1994,11,A3,11,3,0
HK,1994,11,A3,11,4,0
HK,1994,11,A3,11,5,0
HK,1994,11,A3,11,6,0
HK,1994,11,A3,11,7,0
HK,1994,11,A3,11,8,0
HK,1994,11,A3,11,9,2
HK,1994,11,A3,11,10,11
HK,1994,11,A3,11,11,24
HK,1994,11,A3,11,12,12
HK,1994,11,A3,11,13,1
HK,1994,11,A3,11,14,0
HK,1994,11,A3,11,15,1
HK,1994,11,A3,11,16,8
HK,1994,11,A3,11,17,0
HK,1994,11,A3,11,18,0
HK,1994,11,A3,11,19,0
HK,1994,11,A3,11,20,0
HK,1994,11,A3,11,21,0
HK,1994,11,A3,11,22,0
HK,1994,11,A3,12,0,1
HK,1994,11,A3,12,1,0
HK,1994,11,A3,12,2,0
HK,1994,11,A3,12,3,0
HK,1994,11,A3,12,4,0
HK,1994,11,A3,12,5,0
HK,1994,11,A3,12,6,0
HK,1994,11,A3,12,7,0
HK,1994,11,A3,12,8,0
HK,1994,11,A3,12,9,0
HK,1994,11,A3,12,10,2
HK,1994,11,A3,12,11,5
HK,1994,11,A3,12,12,31
HK,1994,11,A3,12,13,0
HK,1994,11,A3,12,14,0
HK,1994,11,A3,12,15,0
HK,1994,11,A3,12,16,2
HK,1994,11,A3,12,17,0
HK,1994,11,A3,12,18,0
HK,1994,11,A3,12,19,0
HK,1994,11,A3,12,20,0
HK,1994,11,A3,12,21,0
HK,1994,11,A3,12,22,0
HK,1994,11,A3,13,0,0
HK,1994,11,A3,13,1,0
HK,1994,11,A3,13,2,0
HK,1994,11,A3,13,3,0
HK,1994,11,A3,13,4,0
HK,1994,11,A3,13,5,0
HK,1994,11,A3,13,6,0
HK,1994,11,A3,13,7,0
HK,1994,11,A3,13,8,0
HK,1994,11,A3,13,9,4
HK,1994,11,A3,13,10,0
HK,1994,11,A3,13,11,0
HK,1994,11,A3,13,12,0
HK,1994,11,A3,13,13,153
HK,1994,11,A3,13,14,0
HK,1994,11,A3,13,15,1
HK,1994,11,A3,13,16,0
HK,1994,11,A3,13,17,0
HK,1994,11,A3,13,18,0
HK,1994,11,A3,13,19,0
HK,1994,11,A3,13,20,1
HK,1994,11,A3,13,21,0
HK,1994,11,A3,13,22,1
HK,1994,11,A3,14,0,0
HK,1994,11,A3,14,1,0
HK,1994,11,A3,14,2,0
HK,1994,11,A3,14,3,0
HK,1994,11,A3,14,4,0
HK,1994,11,A3,14,5,1
HK,1994,11,A3,14,6,0
HK,1994,11,A3,14,7,0
HK,1994,11,A3,14,8,0
HK,1994,11,A3,14,9,0
HK,1994,11,A3,14,10,0
HK,1994,11,A3,14,11,0
HK,1994,11,A3,14,12,0
HK,1994,11,A3,14,13,0
HK,1994,11,A3,14,14,57
HK,1994,11,A3,14,15,0
HK,1994,11,A3,14,16,0
HK,1994,11,A3,14,17,1
HK,1994,11,A3,14,18,1
HK,1994,11,A3,14,19,0
HK,1994,11,A3,14,20,0
HK,1994,11,A3,14,21,0
HK,1994,11,A3,14,22,0
HK,1994,11,A3,15,0,0
HK,1994,11,A3,15,1,0
HK,1994,11,A3,15,2,0
HK,1994,11,A3,15,3,0
HK,1994,11,A3,15,4,0
HK,1994,11,A3,15,5,0
HK,1994,11,A3,15,6,0
HK,1994,11,A3,15,7,0
HK,1994,11,A3,15,8,0
HK,1994,11,A3,15,9,0
HK,1994,11,A3,15,10,0
HK,1994,11,A3,15,11,0
HK,1994,11,A3,15,12,0
HK,1994,11,A3,15,13,0
HK,1994,11,A3,15,14,1
HK,1994,11,A3,15,15,122
HK,1994,11,A3,15,16,0
HK,1994,11,A3,15,17,0
HK,1994,11,A3,15,18,0
HK,1994,11,A3,15,19,0
HK,1994,11,A3,15,20,0
HK,1994,11,A3,15,21,0
HK,1994,11,A3,15,22,0
HK,1994,11,A3,16,0,3
HK,1994,11,A3,16,1,0
HK,1994,11,A3,16,2,0
HK,1994,11,A3,16,3,0
HK,1994,11,A3,16,4,0
HK,1994,11,A3,16,5,0
HK,1994,11,A3,16,6,0
HK,1994,11,A3,16,7,0
HK,1994,11,A3,16,8,0
HK,1994,11,A3,16,9,0
HK,1994,11,A3,16,10,2
HK,1994,11,A3,16,11,1
HK,1994,11,A3,16,12,0
HK,1994,11,A3,16,13,0
HK,1994,11,A3,16,14,0
HK,1994,11,A3,16,15,0
HK,1994,11,A3,16,16,2
HK,1994,11,A3,16,17,0
HK,1994,11,A3,16,18,0
HK,1994,11,A3,16,19,0
HK,1994,11,A3,16,20,0
HK,1994,11,A3,16,21,0
HK,1994,11,A3,16,22,0
HK,1994,11,A3,17,0,0
HK,1994,11,A3,17,1,0
HK,1994,11,A3,17,2,0
HK,1994,11,A3,17,3,0
HK,1994,11,A3,17,4,0
HK,1994,11,A3,17,5,0
HK,1994,11,A3,17,6,0
HK,1994,11,A3,17,7,0
HK,1994,11,A3,17,8,0
HK,1994,11,A3,17,9,0
HK,1994,11,A3,17,10,0
HK,1994,11,A3,17,11,0
HK,1994,11,A3,17,12,0
HK,1994,11,A3,17,13,0
HK,1994,11,A3,17,14,0
HK,1994,11,A3,17,15,0
HK,1994,11,A3,17,16,0
HK,1994,11,A3,17,17,5
HK,1994,11,A3,17,18,0
HK,1994,11,A3,17,19,0
HK,1994,11,A3,17,20,0
HK,1994,11,A3,17,21,0
HK,1994,11,A3,17,22,0
HK,1994,11,A3,18,0,0
HK,1994,11,A3,18,1,0
HK,1994,11,A3,18,2,0
HK,1994,11,A3,18,3,0
HK,1994,11,A3,18,4,0
HK,1994,11,A3,18,5,0
HK,1994,11,A3,18,6,1
HK,1994,11,A3,18,7,1
HK,1994,11,A3,18,8,2
HK,1994,11,A3,18,9,0
HK,1994,11,A3,18,10,0
HK,1994,11,A3,18,11,0
HK,1994,11,A3,18,12,0
HK,1994,11,A3,18,13,0
HK,1994,11,A3,18,14,0
HK,1994,11,A3,18,15,0
HK,1994,11,A3,18,16,0
HK,1994,11,A3,18,17,7
HK,1994,11,A3,18,18,11
HK,1994,11,A3,18,19,4
HK,1994,11,A3,18,20,2
HK,1994,11,A3,18,21,0
HK,1994,11,A3,18,22,5
HK,1994,11,A3,19,0,0
HK,1994,11,A3,19,1,0
HK,1994,11,A3,19,2,0
HK,1994,11,A3,19,3,0
HK,1994,11,A3,19,4,0
HK,1994,11,A3,19,5,0
HK,1994,11,A3,19,6,0
HK,1994,11,A3,19,7,0
HK,1994,11,A3,19,8,0
HK,1994,11,A3,19,9,0
HK,1994,11,A3,19,10,0
HK,1994,11,A3,19,11,0
HK,1994,11,A3,19,12,0
HK,1994,11,A3,19,13,0
HK,1994,11,A3,19,14,0
HK,1994,11,A3,19,15,0
HK,1994,11,A3,19,16,0
HK,1994,11,A3,19,17,0
HK,1994,11,A3,19,18,0
HK,1994,11,A3,19,19,0
HK,1994,11,A3,19,20,0
HK,1994,11,A3,19,21,2
HK,1994,11,A3,19,22,0
HK,1994,11,A3,20,0,0
HK,1994,11,A3,20,1,2
HK,1994,11,A3,20,2,4
HK,1994,11,A3,20,3,0
HK,1994,11,A3,20,4,0
HK,1994,11,A3,20,5,1
HK,1994,11,A3,20,6,1
HK,1994,11,A3,20,7,0
HK,1994,11,A3,20,8,6
HK,1994,11,A3,20,9,0
HK,1994,11,A3,20,10,0
HK,1994,11,A3,20,11,0
HK,1994,11,A3,20,12,1
HK,1994,11,A3,20,13,0
HK,1994,11,A3,20,14,3
HK,1994,11,A3,20,15,0
HK,1994,11,A3,20,16,0
HK,1994,11,A3,20,17,2
HK,1994,11,A3,20,18,7
HK,1994,11,A3,20,19,6
HK,1994,11,A3,20,20,10
HK,1994,11,A3,20,21,8
HK,1994,11,A3,20,22,15
HK,1994,11,A3,21,0,0
HK,1994,11,A3,21,1,0
HK,1994,11,A3,21,2,0
HK,1994,11,A3,21,3,0
HK,1994,11,A3,21,4,0
HK,1994,11,A3,21,5,0
HK,1994,11,A3,21,6,0
HK,1994,11,A3,21,7,0
HK,1994,11,A3,21,8,0
HK,1994,11,A3,21,9,0
HK,1994,11,A3,21,10,0
HK,1994,11,A3,21,11,0
HK,1994,11,A3,21,12,0
HK,1994,11,A3,21,13,0
HK,1994,11,A3,21,14,0
HK,1994,11,A3,21,15,0
HK,1994,11,A3,21,16,0
HK,1994,11,A3,21,17,0
HK,1994,11,A3,21,18,0
HK,1994,11,A3,21,19,1
HK,1994,11,A3,21,20,1
HK,1994,11,A3,21,21,0
HK,1994,11,A3,21,22,2
HK,1994,11,A3,22,0,0
HK,1994,11,A3,22,1,0
HK,1994,11,A3,22,2,0
HK,1994,11,A3,22,3,0
HK,1994,11,A3,22,4,0
HK,1994,11,A3,22,5,0
HK,1994,11,A3,22,6,0
HK,1994,11,A3,22,7,0
HK,1994,11,A3,22,8,0
HK,1994,11,A3,22,9,0
HK,1994,11,A3,22,10,0
HK,1994,11,A3,22,11,0
HK,1994,11,A3,22,12,0
HK,1994,11,A3,22,13,0
HK,1994,11,A3,22,14,0
HK,1994,11,A3,22,15,0
HK,1994,11,A3,22,16,0
HK,1994,11,A3,22,17,0
HK,1994,11,A3,22,18,0
HK,1994,11,A3,22,19,0
HK,1994,11,A3,22,20,1
HK,1994,11,A3,22,21,3
HK,1994,11,A3,22,22,17
HK,1994,11,A3s,0,0,5
HK,1994,11,A3s,0,1,0
HK,1994,11,A3s,0,2,0
HK,1994,11,A3s,0,3,0
HK,1994,11,A3s,0,4,0
HK,1994,11,A3s,0,5,0
HK,1994,11,A3s,0,6,0
HK,1994,11,A3s,0,7,0
HK,1994,11,A3s,0,8,0
HK,1994,11,A3s,0,9,0
HK,1994,11,A3s,0,10,1
HK,1994,11,A3s,0,11,0
HK,1994,11,A3s,0,12,0
HK,1994,11,A3s,0,13,0
HK,1994,11,A3s,0,14,0
HK,1994,11,A3s,0,15,0
HK,1994,11,A3s,0,16,1
HK,1994,11,A3s,0,17,0
HK,1994,11,A3s,0,18,0
HK,1994,11,A3s,0,19,0
HK,1994,11,A3s,0,20,0
HK,1994,11,A3s,0,21,0
HK,1994,11,A3s,0,22,0
HK,1994,11,A3s,1,0,0
HK,1994,11,A3s,1,1,104
HK,1994,11,A3s,1,2,9
HK,1994,11,A3s,1,3,0
HK,1994,11,A3s,1,4,0
HK,1994,11,A3s,1,5,0
HK,1994,11,A3s,1,6,0
HK,1994,11,A3s,1,7,0
HK,1994,11,A3s,1,8,0
HK,1994,11,A3s,1,9,0
HK,1994,11,A3s,1,10,0
HK,1994,11,A3s,1,11,0
HK,1994,11,A3s,1,12,0
HK,1994,11,A3s,1,13,0
HK,1994,11,A3s,1,14,0
HK,1994,11,A3s,1,15,0
HK,1994,11,A3s,1,16,0
HK,1994,11,A3s,1,17,0
HK,1994,11,A3s,1,18,0
HK,1994,11,A3s,1,19,0
HK,1994,11,A3s,1,20,0
HK,1994,11,A3s,1,21,0
HK,1994,11,A3s,1,22,0
HK,1994,11,A3s,2,0,0
HK,1994,11,A3s,2,1,1
HK,1994,11,A3s,2,2,150
HK,1994,11,A3s,2,3,0
HK,1994,11,A3s,2,4,0
HK,1994,11,A3s,2,5,0
HK,1994,11,A3s,2,6,0
HK,1994,11,A3s,2,7,31
HK,1994,11,A3s,2,8,0
HK,1994,11,A3s,2,9,0
HK,1994,11,A3s,2,10,0
HK,1994,11,A3s,2,11,0
HK,1994,11,A3s,2,12,0
HK,1994,11,A3s,2,13,0
HK,1994,11,A3s,2,14,0
HK,1994,11,A3s,2,15,0
HK,1994,11,A3s,2,16,0
HK,1994,11,A3s,2,17,0
HK,1994,11,A3s,2,18,0
HK,1994,11,A3s,2,19,0
HK,1994,11,A3s,2,20,0
HK,1994,11,A3s,2,21,0
HK,1994,11,A3s,2,22,0
HK,1994,11,A3s,3,0,0
HK,1994,11,A3s,3,1,0
HK,1994,11,A3s,3,2,0
HK,1994,11,A3s,3,3,126
HK,1994,11,A3s,3,4,29
HK,1994,11,A3s,3,5,0
HK,1994,11,A3s,3,6,0
HK,1994,11,A3s,3,7,0
HK,1994,11,A3s,3,8,1
HK,1994,11,A3s,3,9,0
HK,1994,11,A3s,3,10,0
HK,1994,11,A3s,3,11,0
HK,1994,11,A3s,3,12,0
HK,1994,11,A3s,3,13,0
HK,1994,11,A3s,3,14,0
HK,1994,11,A3s,3,15,0
HK,1994,11,A3s,3,16,0
HK,1994,11,A3s,3,17,1
HK,1994,11,A3s,3,18,0
HK,1994,11,A3s,3,19,0
HK,1994,11,A3s,3,20,0
HK,1994,11,A3s,3,21,0
HK,1994,11,A3s,3,22,0
HK,1994,11,A3s,4,0,0
HK,1994,11,A3s,4,1,0
HK,1994,11,A3s,4,2,0
HK,1994,11,A3s,4,3,18
HK,1994,11,A3s,4,4,146
HK,1994,11,A3s,4,5,0
HK,1994,11,A3s,4,6,0
HK,1994,11,A3s,4,7,0
HK,1994,11,A3s,4,8,1
HK,1994,11,A3s,4,9,0
HK,1994,11,A3s,4,10,0
HK,1994,11,A3s,4,11,0
HK,1994,11,A3s,4,12,0
HK,1994,11,A3s,4,13,0
HK,1994,11,A3s,4,14,0
HK,1994,11,A3s,4,15,0
HK,1994,11,A3s,4,16,0
HK,1994,11,A3s,4,17,0
HK,1994,11,A3s,4,18,0
HK,1994,11,A3s,4,19,0
HK,1994,11,A3s,4,20,0
HK,1994,11,A3s,4,21,0
HK,1994,11,A3s,4,22,0
HK,1994,11,A3s,5,0,0
HK,1994,11,A3s,5,1,0
HK,1994,11,A3s,5,2,0
HK,1994,11,A3s,5,3,0
HK,1994,11,A3s,5,4,0
HK,1994,11,A3s,5,5,0
HK,1994,11,A3s,5,6,0
HK,1994,11,A3s,5,7,0
HK,1994,11,A3s,5,8,0
HK,1994,11,A3s,5,9,0
HK,1994,11,A3s,5,10,0
HK,1994,11,A3s,5,11,0
HK,1994,11,A3s,5,12,0
HK,1994,11,A3s,5,13,0
HK,1994,11,A3s,5,14,1
HK,1994,11,A3s,5,15,0
HK,1994,11,A3s,5,16,0
HK,1994,11,A3s,5,17,0
HK,1994,11,A3s,5,18,0
HK,1994,11,A3s,5,19,0
HK,1994,11,A3s,5,20,0
HK,1994,11,A3s,5,21,0
HK,1994,11,A3s,5,22,0
HK,1994,11,A3s,6,0,0
HK,1994,11,A3s,6,1,0
HK,1994,11,A3s,6,2,0
HK,1994,11,A3s,6,3,0
HK,1994,11,A3s,6,4,0
HK,1994,11,A3s,6,5,0
HK,1994,11,A3s,6,6,0
HK,1994,11,A3s,6,7,0
HK,1994,11,A3s,6,8,0
HK,1994,11,A3s,6,9,0
HK,1994,11,A3s,6,10,0
HK,1994,11,A3s,6,11,0
HK,1994,11,A3s,6,12,0
HK,1994,11,A3s,6,13,0
HK,1994,11,A3s,6,14,0
HK,1994,11,A3s,6,15,0
HK,1994,11,A3s,6,16,0
HK,1994,11,A3s,6,17,0
HK,1994,11,A3s,6,18,0
HK,1994,11,A3s,6,19,0
HK,1994,11,A3s,6,20,1
HK,1994,11,A3s,6,21,0
HK,1994,11,A3s,6,22,0
HK,1994,11,A3s,7,0,0
HK,1994,11,A3s,7,1,0
HK,1994,11,A3s,7,2,0
HK,1994,11,A3s,7,3,0
HK,1994,11,A3s,7,4,0
HK,1994,11,A3s,7,5,0
HK,1994,11,A3s,7,6,0
HK,1994,11,A3s,7,7,21
HK,1994,11,A3s,7,8,0
HK,1994,11,A3s,7,9,0
HK,1994,11,A3s,7,10,0
HK,1994,11,A3s,7,11,0
HK,1994,11,A3s,7,12,0
HK,1994,11,A3s,7,13,0
HK,1994,11,A3s,7,14,0
HK,1994,11,A3s,7,15,0
HK,1994,11,A3s,7,16,0
HK,1994,11,A3s,7,17,0
HK,1994,11,A3s,7,18,0
HK,1994,11,A3s,7,19,0
HK,1994,11,A3s,7,20,0
HK,1994,11,A3s,7,21,0
HK,1994,11,A3s,7,22,0
HK,1994,11,A3s,8,0,0
HK,1994,11,A3s,8,1,0
HK,1994,11,A3s,8,2,0
HK,1994,11,A3s,8,3,0
HK,1994,11,A3s,8,4,0
HK,1994,11,A3s,8,5,0
HK,1994,11,A3s,8,6,0
HK,1994,11,A3s,8,7,0
HK,1994,11,A3s,8,8,151
HK,1994,11,A3s,8,9,0
HK,1994,11,A3s,8,10,0
HK,1994,11,A3s,8,11,0
HK,1994,11,A3s,8,12,0
HK,1994,11,A3s,8,13,0
HK,1994,11,A3s,8,14,0
HK,1994,11,A3s,8,15,0
HK,1994,11,A3s,8,16,0
HK,1994,11,A3s,8,17,2
HK,1994,11,A3s,8,18,0
HK,1994,11,A3s,8,19,0
HK,1994,11,A3s,8,20,0
HK,1994,11,A3s,8,21,0
HK,1994,11,A3s,8,22,0
HK,1994,11,A3s,9,0,0
HK,1994,11,A3s,9,1,0
HK,1994,11,A3s,9,2,0
HK,1994,11,A3s,9,3,0
HK,1994,11,A3s,9,4,0
HK,1994,11,A3s,9,5,0
HK,1994,11,A3s,9,6,0
HK,1994,11,A3s,9,7,0
HK,1994,11,A3s,9,8,0
HK,1994,11,A3s,9,9,163
HK,1994,11,A3s,9,10,0
HK,1994,11,A3s,9,11,0
HK,1994,11,A3s,9,12,0
HK,1994,11,A3s,9,13,0
HK,1994,11,A3s,9,14,0
HK,1994,11,A3s,9,15,0
HK,1994,11,A3s,9,16,0
HK,1994,11,A3s,9,17,0
HK,1994,11,A3s,9,18,0
HK,1994,11,A3s,9,19,1
HK,1994,11,A3s,9,20,0
HK,1994,11,A3s,9,21,0
HK,1994,11,A3s,9,22,0
HK,1994,11,A3s,10,0,12
HK,1994,11,A3s,10,1,0
HK,1994,11,A3s,10,2,0
HK,1994,11,A3s,10,3,0
HK,1994,11,A3s,10,4,0
HK,1994,11,A3s,10,5,0
HK,1994,11,A3s,10,6,0
HK,1994,11,A3s,10,7,0
HK,1994,11,A3s,10,8,0
HK,1994,11,A3s,10,9,2
HK,1994,11,A3s,10,10,112
HK,1994,11,A3s,10,11,11
HK,1994,11,A3s,10,12,5
HK,1994,11,A3s,10,13,0
HK,1994,11,A3s,10,14,0
HK,1994,11,A3s,10,15,0
HK,1994,11,A3s,10,16,8
HK,1994,11,A3s,10,17,0
HK,1994,11,A3s,10,18,0
HK,1994,11,A3s,10,19,0
HK,1994,11,A3s,10,20,0
HK,1994,11,A3s,10,21,0
HK,1994,11,A3s,10,22,0
HK,1994,11,A3s,11,0,4
HK,1994,11,A3s,11,1,0
HK,1994,11,A3s,11,2,0
HK,1994,11,A3s,11,3,0
HK,1994,11,A3s,11,4,0
HK,1994,11,A3s,11,5,0
HK,1994,11,A3s,11,6,0
HK,1994,11,A3s,11,7,0
HK,1994,11,A3s,11,8,0
HK,1994,11,A3s,11,9,2
HK,1994,11,A3s,11,10,17
HK,1994,11,A3s,11,11,17
HK,1994,11,A3s,11,12,12
HK,1994,11,A3s,11,13,1
HK,1994,11,A3s,11,14,0
HK,1994,11,A3s,11,15,1
HK,1994,11,A3s,11,16,7
HK,1994,11,A3s,11,17,0
HK,1994,11,A3s,11,18,0
HK,1994,11,A3s,11,19,0
HK,1994,11,A3s,11,20,0
HK,1994,11,A3s,11,21,0
HK,1994,11,A3s,11,22,0
HK,1994,11,A3s,12,0,1
HK,1994,11,A3s,12,1,0
HK,1994,11,A3s,12,2,0
HK,1994,11,A3s,12,3,0
HK,1994,11,A3s,12,4,0
HK,1994,11,A3s,12,5,0
HK,1994,11,A3s,12,6,0
HK,1994,11,A3s,12,7,0
HK,1994,11,A3s,12,8,0
HK,1994,11,A3s,12,9,0
HK,1994,11,A3s,12,10,2
HK,1994,11,A3s,12,11,4
HK,1994,11,A3s,12,12,32
HK,1994,11,A3s,12,13,0
HK,1994,11,A3s,12,14,0
HK,1994,11,A3s,12,15,0
HK,1994,11,A3s,12,16,2
HK,1994,11,A3s,12,17,0
HK,1994,11,A3s,12,18,0
HK,1994,11,A3s,12,19,0
HK,1994,11,A3s,12,20,0
HK,1994,11,A3s,12,21,0
HK,1994,11,A3s,12,22,0
HK,1994,11,A3s,13,0,0
HK,1994,11,A3s,13,1,1
HK,1994,11,A3s,13,2,0
HK,1994,11,A3s,13,3,0
HK,1994,11,A3s,13,4,0
HK,1994,11,A3s,13,5,0
HK,1994,11,A3s,13,6,0
HK,1994,11,A3s,13,7,0
HK,1994,11,A3s,13,8,0
HK,1994,11,A3s,13,9,4
HK,1994,11,A3s,13,10,0
HK,1994,11,A3s,13,11,0
HK,1994,11,A3s,13,12,0
HK,1994,11,A3s,13,13,153
HK,1994,11,A3s,13,14,0
HK,1994,11,A3s,13,15,1
HK,1994,11,A3s,13,16,0
HK,1994,11,A3s,13,17,0
HK,1994,11,A3s,13,18,0
HK,1994,11,A3s,13,19,0
HK,1994,11,A3s,13,20,0
HK,1994,11,A3s,13,21,0
HK,1994,11,A3s,13,22,1
HK,1994,11,A3s,14,0,0
HK,1994,11,A3s,14,1,0
HK,1994,11,A3s,14,2,0
HK,1994,11,A3s,14,3,0
HK,1994,11,A3s,14,4,0
HK,1994,11,A3s,14,5,1
HK,1994,11,A3s,14,6,0
HK,1994,11,A3s,14,7,0
HK,1994,11,A3s,14,8,0
HK,1994,11,A3s,14,9,0
HK,1994,11,A3s,14,10,0
HK,1994,11,A3s,14,11,0
HK,1994,11,A3s,14,12,0
HK,1994,11,A3s,14,13,0
HK,1994,11,A3s,14,14,57
HK,1994,11,A3s,14,15,0
HK,1994,11,A3s,14,16,0
HK,1994,11,A3s,14,17,1
HK,1994,11,A3s,14,18,1
HK,1994,11,A3s,14,19,0
HK,1994,11,A3s,14,20,0
HK,1994,11,A3s,14,21,0
HK,1994,11,A3s,14,22,0
HK,1994,11,A3s,15,0,0
HK,1994,11,A3s,15,1,0
HK,1994,11,A3s,15,2,0
HK,1994,11,A3s,15,3,0
HK,1994,11,A3s,15,4,0
HK,1994,11,A3s,15,5,0
HK,1994,11,A3s,15,6,0
HK,1994,11,A3s,15,7,0
HK,1994,11,A3s,15,8,0
HK,1994,11,A3s,15,9,0
HK,1994,11,A3s,15,10,0
HK,1994,11,A3s,15,11,0
HK,1994,11,A3s,15,12,0
HK,1994,11,A3s,15,13,0
HK,1994,11,A3s,15,14,1
HK,1994,11,A3s,15,15,122
HK,1994,11,A3s,15,16,0
HK,1994,11,A3s,15,17,0
HK,1994,11,A3s,15,18,0
HK,1994,11,A3s,15,19,0
HK,1994,11,A3s,15,20,0
HK,1994,11,A3s,15,21,0
HK,1994,11,A3s,15,22,0
HK,1994,11,A3s,16,0,3
HK,1994,11,A3s,16,1,0
HK,1994,11,A3s,16,2,0
HK,1994,11,A3s,16,3,0
HK,1994,11,A3s,16,4,0
HK,1994,11,A3s,16,5,0
HK,1994,11,A3s,16,6,0
HK,1994,11,A3s,16,7,0
HK,1994,11,A3s,16,8,0
HK,1994,11,A3s,16,9,0
HK,1994,11,A3s,16,10,2
HK,1994,11,A3s,16,11,1
HK,1994,11,A3s,16,12,0
HK,1994,11,A3s,16,13,0
HK,1994,11,A3s,16,14,0
HK,1994,11,A3s,16,15,0
HK,1994,11,A3s,16,16,2
HK,1994,11,A3s,16,17,0
HK,1994,11,A3s,16,18,0
HK,1994,11,A3s,16,19,0
HK,1994,11,A3s,16,20,0
HK,1994,11,A3s,16,21,0
HK,1994,11,A3s,16,22,0
HK,1994,11,A3s,17,0,0
HK,1994,11,A3s,17,1,0
HK,1994,11,A3s,17,2,0
HK,1994,11,A3s,17,3,0
HK,1994,11,A3s,17,4,1
HK,1994,11,A3s,17,5,0
HK,1994,11,A3s,17,6,0
HK,1994,11,A3s,17,7,0
HK,1994,11,A3s,17,8,0
HK,1994,11,A3s,17,9,0
HK,1994,11,A3s,17,10,0
HK,1994,11,A3s,17,11,0
HK,1994,11,A3s,17,12,0
HK,1994,11,A3s,17,13,0
HK,1994,11,A3s,17,14,0
HK,1994,11,A3s,17,15,0
HK,1994,11,A3s,17,16,0
HK,1994,11,A3s,17,17,4
HK,1994,11,A3s,17,18,0
HK,1994,11,A3s,17,19,0
HK,1994,11,A3s,17,20,0
HK,1994,11,A3s,17,21,0
HK,1994,11,A3s,17,22,0
HK,1994,11,A3s,18,0,0
HK,1994,11,A3s,18,1,0
HK,1994,11,A3s,18,2,0
HK,1994,11,A3s,18,3,0
HK,1994,11,A3s,18,4,0
HK,1994,11,A3s,18,5,0
HK,1994,11,A3s,18,6,1
HK,1994,11,A3s,18,7,0
HK,1994,11,A3s,18,8,2
HK,1994,11,A3s,18,9,0
HK,1994,11,A3s,18,10,0
HK,1994,11,A3s,18,11,0
HK,1994,11,A3s,18,12,0
HK,1994,11,A3s,18,13,0
HK,1994,11,A3s,18,14,0
HK,1994,11,A3s,18,15,0
HK,1994,11,A3s,18,16,0
HK,1994,11,A3s,18,17,7
HK,1994,11,A3s,18,18,11
HK,1994,11,A3s,18,19,4
HK,1994,11,A3s,18,20,2
HK,1994,11,A3s,18,21,1
HK,1994,11,A3s,18,22,5
HK,1994,11,A3s,19,0,0
HK,1994,11,A3s,19,1,0
HK,1994,11,A3s,19,2,0
HK,1994,11,A3s,19,3,0
HK,1994,11,A3s,19,4,0
HK,1994,11,A3s,19,5,0
HK,1994,11,A3s,19,6,0
HK,1994,11,A3s,19,7,0
HK,1994,11,A3s,19,8,0
HK,1994,11,A3s,19,9,0
HK,1994,11,A3s,19,10,0
HK,1994,11,A3s,19,11,0
HK,1994,11,A3s,19,12,0
HK,1994,11,A3s,19,13,0
HK,1994,11,A3s,19,14,0
HK,1994,11,A3s,19,15,0
HK,1994,11,A3s,19,16,0
HK,1994,11,A3s,19,17,0
HK,1994,11,A3s,19,18,0
HK,1994,11,A3s,19,19,0
HK,1994,11,A3s,19,20,0
HK,1994,11,A3s,19,21,2
HK,1994,11,A3s,19,22,0
HK,1994,11,A3s,20,0,0
HK,1994,11,A3s,20,1,2
HK,1994,11,A3s,20,2,4
HK,1994,11,A3s,20,3,0
HK,1994,11,A3s,20,4,0
HK,1994,11,A3s,20,5,1
HK,1994,11,A3s,20,6,1
HK,1994,11,A3s,20,7,0
HK,1994,11,A3s,20,8,6
HK,1994,11,A3s,20,9,0
HK,1994,11,A3s,20,10,0
HK,1994,11,A3s,20,11,0
HK,1994,11,A3s,20,12,1
HK,1994,11,A3s,20,13,0
HK,1994,11,A3s,20,14,2
HK,1994,11,A3s,20,15,0
HK,1994,11,A3s,20,16,0
HK,1994,11,A3s,20,17,2
HK,1994,11,A3s,20,18,7
HK,1994,11,A3s,20,19,6
HK,1994,11,A3s,20,20,11
HK,1994,11,A3s,20,21,8
HK,1994,11,A3s,20,22,15
HK,1994,11,A3s,21,0,0
HK,1994,11,A3s,21,1,0
HK,1994,11,A3s,21,2,0
HK,1994,11,A3s,21,3,0
HK,1994,11,A3s,21,4,0
HK,1994,11,A3s,21,5,0
HK,1994,11,A3s,21,6,0
HK,1994,11,A3s,21,7,0
HK,1994,11,A3s,21,8,0
HK,1994,11,A3s,21,9,0
HK,1994,11,A3s,21,10,0
HK,1994,11,A3s,21,11,0
HK,1994,11,A3s,21,12,0
HK,1994,11,A3s,21,13,0
HK,1994,11,A3s,21,14,0
HK,1994,11,A3s,21,15,0
HK,1994,11,A3s,21,16,0
HK,1994,11,A3s,21,17,0
HK,1994,11,A3s,21,18,0
HK,1994,11,A3s,21,19,1
HK,1994,11,A3s,21,20,1
HK,1994,11,A3s,21,21,0
HK,1994,11,A3s,21,22,2
HK,1994,11,A3s,22,0,0
HK,1994,11,A3s,22,1,0
HK,1994,11,A3s,22,2,0
HK,1994,11,A3s,22,3,0
HK,1994,11,A3s,22,4,0
HK,1994,11,A3s,22,5,0
HK,1994,11,A3s,22,6,0
HK,1994,11,A3s,22,7,0
HK,1994,11,A3s,22,8,0
HK,1994,11,A3s,22,9,0
HK,1994,11,A3s,22,10,0
HK,1994,11,A3s,22,11,0
HK,1994,11,A3s,22,12,0
HK,1994,11,A3s,22,13,0
HK,1994,11,A3s,22,14,0
HK,1994,11,A3s,22,15,0
HK,1994,11,A3s,22,16,0
HK,1994,11,A3s,22,17,0
HK,1994,11,A3s,22,18,0
HK,1994,11,A3s,22,19,0
HK,1994,11,A3s,22,20,1
HK,1994,11,A3s,22,21,3
HK,1994,11,A3s,22,22,17
HK,1994,11,A4,0,0,5
HK,1994,11,A4,0,1,0
HK,1994,11,A4,0,2,0
HK,1994,11,A4,0,3,0
HK,1994,11,A4,0,4,0
HK,1994,11,A4,0,5,0
HK,1994,11,A4,0,6,0
HK,1994,11,A4,0,7,0
HK,1994,11,A4,0,8,0
HK,1994,11,A4,0,9,0
HK,1994,11,A4,0,10,1
HK,1994,11,A4,0,11,0
HK,1994,11,A4,0,12,0
HK,1994,11,A4,0,13,0
HK,1994,11,A4,0,14,0
HK,1994,11,A4,0,15,0
HK,1994,11,A4,0,16,1
HK,1994,11,A4,0,17,0
HK,1994,11,A4,0,18,0
HK,1994,11,A4,0,19,0
HK,1994,11,A4,0,20,0
HK,1994,11,A4,0,21,0
HK,1994,11,A4,0,22,0
HK,1994,11,A4,1,0,0
HK,1994,11,A4,1,1,103
HK,1994,11,A4,1,2,10
HK,1994,11,A4,1,3,0
HK,1994,11,A4,1,4,0
HK,1994,11,A4,1,5,0
HK,1994,11,A4,1,6,0
HK,1994,11,A4,1,7,0
HK,1994,11,A4,1,8,0
HK,1994,11,A4,1,9,0
HK,1994,11,A4,1,10,0
HK,1994,11,A4,1,11,0
HK,1994,11,A4,1,12,0
HK,1994,11,A4,1,13,0
HK,1994,11,A4,1,14,0
HK,1994,11,A4,1,15,0
HK,1994,11,A4,1,16,0
HK,1994,11,A4,1,17,0
HK,1994,11,A4,1,18,0
HK,1994,11,A4,1,19,0
HK,1994,11,A4,1,20,0
HK,1994,11,A4,1,21,0
HK,1994,11,A4,1,22,0
HK,1994,11,A4,2,0,0
HK,1994,11,A4,2,1,1
HK,1994,11,A4,2,2,152
HK,1994,11,A4,2,3,0
HK,1994,11,A4,2,4,0
HK,1994,11,A4,2,5,0
HK,1994,11,A4,2,6,0
HK,1994,11,A4,2,7,29
HK,1994,11,A4,2,8,0
HK,1994,11,A4,2,9,0
HK,1994,11,A4,2,10,0
HK,1994,11,A4,2,11,0
HK,1994,11,A4,2,12,0
HK,1994,11,A4,2,13,0
HK,1994,11,A4,2,14,0
HK,1994,11,A4,2,15,0
HK,1994,11,A4,2,16,0
HK,1994,11,A4,2,17,0
HK,1994,11,A4,2,18,0
HK,1994,11,A4,2,19,0
HK,1994,11,A4,2,20,0
HK,1994,11,A4,2,21,0
HK,1994,11,A4,2,22,0
HK,1994,11,A4,3,0,0
HK,1994,11,A4,3,1,0
HK,1994,11,A4,3,2,0
HK,1994,11,A4,3,3,129
HK,1994,11,A4,3,4,27
HK,1994,11,A4,3,5,0
HK,1994,11,A4,3,6,0
HK,1994,11,A4,3,7,0
HK,1994,11,A4,3,8,0
HK,1994,11,A4,3,9,0
HK,1994,11,A4,3,10,0
HK,1994,11,A4,3,11,0
HK,1994,11,A4,3,12,0
HK,1994,11,A4,3,13,0
HK,1994,11,A4,3,14,0
HK,1994,11,A4,3,15,0
HK,1994,11,A4,3,16,0
HK,1994,11,A4,3,17,1
HK,1994,11,A4,3,18,0
HK,1994,11,A4,3,19,0
HK,1994,11,A4,3,20,0
HK,1994,11,A4,3,21,0
HK,1994,11,A4,3,22,0
HK,1994,11,A4,4,0,0
HK,1994,11,A4,4,1,0
HK,1994,11,A4,4,2,0
HK,1994,11,A4,4,3,20
HK,1994,11,A4,4,4,144
HK,1994,11,A4,4,5,0
HK,1994,11,A4,4,6,0
HK,1994,11,A4,4,7,0
HK,1994,11,A4,4,8,1
HK,1994,11,A4,4,9,0
HK,1994,11,A4,4,10,0
HK,1994,11,A4,4,11,0
HK,1994,11,A4,4,12,0
HK,1994,11,A4,4,13,0
HK,1994,11,A4,4,14,0
HK,1994,11,A4,4,15,0
HK,1994,11,A4,4,16,0
HK,1994,11,A4,4,17,0
HK,1994,11,A4,4,18,0
HK,1994,11,A4,4,19,0
HK,1994,11,A4,4,20,0
HK,1994,11,A4,4,21,0
HK,1994,11,A4,4,22,0
HK,1994,11,A4,5,0,0
HK,1994,11,A4,5,1,0
HK,1994,11,A4,5,2,0
HK,1994,11,A4,5,3,0
HK,1994,11,A4,5,4,0
HK,1994,11,A4,5,5,0
HK,1994,11,A4,5,6,0
HK,1994,11,A4,5,7,0
HK,1994,11,A4,5,8,0
HK,1994,11,A4,5,9,0
HK,1994,11,A4,5,10,0
HK,1994,11,A4,5,11,0
HK,1994,11,A4,5,12,0
HK,1994,11,A4,5,13,0
HK,1994,11,A4,5,14,1
HK,1994,11,A4,5,15,0
HK,1994,11,A4,5,16,0
HK,1994,11,A4,5,17,0
HK,1994,11,A4,5,18,0
HK,1994,11,A4,5,19,0
HK,1994,11,A4,5,20,0
HK,1994,11,A4,5,21,0
HK,1994,11,A4,5,22,0
HK,1994,11,A4,6,0,0
HK,1994,11,A4,6,1,0
HK,1994,11,A4,6,2,0
HK,1994,11,A4,6,3,0
HK,1994,11,A4,6,4,0
HK,1994,11,A4,6,5,0
HK,1994,11,A4,6,6,0
HK,1994,11,A4,6,7,0
HK,1994,11,A4,6,8,0
HK,1994,11,A4,6,9,0
HK,1994,11,A4,6,10,0
HK,1994,11,A4,6,11,0
HK,1994,11,A4,6,12,0
HK,1994,11,A4,6,13,0
HK,1994,11,A4,6,14,0
HK,1994,11,A4,6,15,0
HK,1994,11,A4,6,16,0
HK,1994,11,A4,6,17,0
HK,1994,11,A4,6,18,0
HK,1994,11,A4,6,19,0
HK,1994,11,A4,6,20,1
HK,1994,11,A4,6,21,0
HK,1994,11,A4,6,22,0
HK,1994,11,A4,7,0,0
HK,1994,11,A4,7,1,0
HK,1994,11,A4,7,2,0
HK,1994,11,A4,7,3,0
HK,1994,11,A4,7,4,0
HK,1994,11,A4,7,5,0
HK,1994,11,A4,7,6,0
HK,1994,11,A4,7,7,21
HK,1994,11,A4,7,8,0
HK,1994,11,A4,7,9,0
HK,1994,11,A4,7,10,0
HK,1994,11,A4,7,11,0
HK,1994,11,A4,7,12,0
HK,1994,11,A4,7,13,0
HK,1994,11,A4,7,14,0
HK,1994,11,A4,7,15,0
HK,1994,11,A4,7,16,0
HK,1994,11,A4,7,17,0
HK,1994,11,A4,7,18,0
HK,1994,11,A4,7,19,0
HK,1994,11,A4,7,20,0
HK,1994,11,A4,7,21,0
HK,1994,11,A4,7,22,0
HK,1994,11,A4,8,0,0
HK,1994,11,A4,8,1,0
HK,1994,11,A4,8,2,0
HK,1994,11,A4,8,3,0
HK,1994,11,A4,8,4,0
HK,1994,11,A4,8,5,0
HK,1994,11,A4,8,6,0
HK,1994,11,A4,8,7,0
HK,1994,11,A4,8,8,151
HK,1994,11,A4,8,9,0
HK,1994,11,A4,8,10,0
HK,1994,11,A4,8,11,0
HK,1994,11,A4,8,12,0
HK,1994,11,A4,8,13,0
HK,1994,11,A4,8,14,0
HK,1994,11,A4,8,15,0
HK,1994,11,A4,8,16,0
HK,1994,11,A4,8,17,2
HK,1994,11,A4,8,18,0
HK,1994,11,A4,8,19,0
HK,1994,11,A4,8,20,0
HK,1994,11,A4,8,21,0
HK,1994,11,A4,8,22,0
HK,1994,11,A4,9,0,0
HK,1994,11,A4,9,1,0
HK,1994,11,A4,9,2,0
HK,1994,11,A4,9,3,0
HK,1994,11,A4,9,4,0
HK,1994,11,A4,9,5,0
HK,1994,11,A4,9,6,0
HK,1994,11,A4,9,7,0
HK,1994,11,A4,9,8,0
HK,1994,11,A4,9,9,163
HK,1994,11,A4,9,10,0
HK,1994,11,A4,9,11,0
HK,1994,11,A4,9,12,0
HK,1994,11,A4,9,13,0
HK,1994,11,A4,9,14,0
HK,1994,11,A4,9,15,0
HK,1994,11,A4,9,16,0
HK,1994,11,A4,9,17,0
HK,1994,11,A4,9,18,0
HK,1994,11,A4,9,19,1
HK,1994,11,A4,9,20,0
HK,1994,11,A4,9,21,0
HK,1994,11,A4,9,22,0
HK,1994,11,A4,10,0,12
HK,1994,11,A4,10,1,0
HK,1994,11,A4,10,2,0
HK,1994,11,A4,10,3,0
HK,1994,11,A4,10,4,0
HK,1994,11,A4,10,5,0
HK,1994,11,A4,10,6,0
HK,1994,11,A4,10,7,0
HK,1994,11,A4,10,8,0
HK,1994,11,A4,10,9,2
HK,1994,11,A4,10,10,114
HK,1994,11,A4,10,11,10
HK,1994,11,A4,10,12,5
HK,1994,11,A4,10,13,0
HK,1994,11,A4,10,14,0
HK,1994,11,A4,10,15,0
HK,1994,11,A4,10,16,7
HK,1994,11,A4,10,17,0
HK,1994,11,A4,10,18,0
HK,1994,11,A4,10,19,0
HK,1994,11,A4,10,20,0
HK,1994,11,A4,10,21,0
HK,1994,11,A4,10,22,0
HK,1994,11,A4,11,0,4
HK,1994,11,A4,11,1,0
HK,1994,11,A4,11,2,0
HK,1994,11,A4,11,3,0
HK,1994,11,A4,11,4,0
HK,1994,11,A4,11,5,0
HK,1994,11,A4,11,6,0
HK,1994,11,A4,11,7,0
HK,1994,11,A4,11,8,0
HK,1994,11,A4,11,9,2
HK,1994,11,A4,11,10,17
HK,1994,11,A4,11,11,17
HK,1994,11,A4,11,12,12
HK,1994,11,A4,11,13,1
HK,1994,11,A4,11,14,0
HK,1994,11,A4,11,15,1
HK,1994,11,A4,11,16,7
HK,1994,11,A4,11,17,0
HK,1994,11,A4,11,18,0
HK,1994,11,A4,11,19,0
HK,1994,11,A4,11,20,0
HK,1994,11,A4,11,21,0
HK,1994,11,A4,11,22,0
HK,1994,11,A4,12,0,1
HK,1994,11,A4,12,1,0
HK,1994,11,A4,12,2,0
HK,1994,11,A4,12,3,0
HK,1994,11,A4,12,4,0
HK,1994,11,A4,12,5,0
HK,1994,11,A4,12,6,0
HK,1994,11,A4,12,7,0
HK,1994,11,A4,12,8,0
HK,1994,11,A4,12,9,0
HK,1994,11,A4,12,10,2
HK,1994,11,A4,12,11,4
HK,1994,11,A4,12,12,32
HK,1994,11,A4,12,13,0
HK,1994,11,A4,12,14,0
HK,1994,11,A4,12,15,0
HK,1994,11,A4,12,16,2
HK,1994,11,A4,12,17,0
HK,1994,11,A4,12,18,0
HK,1994,11,A4,12,19,0
HK,1994,11,A4,12,20,0
HK,1994,11,A4,12,21,0
HK,1994,11,A4,12,22,0
HK,1994,11,A4,13,0,0
HK,1994,11,A4,13,1,1
HK,1994,11,A4,13,2,0
HK,1994,11,A4,13,3,0
HK,1994,11,A4,13,4,0
HK,1994,11,A4,13,5,0
HK,1994,11,A4,13,6,0
HK,1994,11,A4,13,7,0
HK,1994,11,A4,13,8,0
HK,1994,11,A4,13,9,4
HK,1994,11,A4,13,10,0
HK,1994,11,A4,13,11,0
HK,1994,11,A4,13,12,0
HK,1994,11,A4,13,13,153
HK,1994,11,A4,13,14,0
HK,1994,11,A4,13,15,1
HK,1994,11,A4,13,16,0
HK,1994,11,A4,13,17,0
HK,1994,11,A4,13,18,0
HK,1994,11,A4,13,19,0
HK,1994,11,A4,13,20,0
HK,1994,11,A4,13,21,0
HK,1994,11,A4,13,22,1
HK,1994,11,A4,14,0,0
HK,1994,11,A4,14,1,0
HK,1994,11,A4,14,2,0
HK,1994,11,A4,14,3,0
HK,1994,11,A4,14,4,0
HK,1994,11,A4,14,5,1
HK,1994,11,A4,14,6,0
HK,1994,11,A4,14,7,0
HK,1994,11,A4,14,8,0
HK,1994,11,A4,14,9,0
HK,1994,11,A4,14,10,0
HK,1994,11,A4,14,11,0
HK,1994,11,A4,14,12,0
HK,1994,11,A4,14,13,0
HK,1994,11,A4,14,14,57
HK,1994,11,A4,14,15,0
HK,1994,11,A4,14,16,0
HK,1994,11,A4,14,17,1
HK,1994,11,A4,14,18,1
HK,1994,11,A4,14,19,0
HK,1994,11,A4,14,20,0
HK,1994,11,A4,14,21,0
HK,1994,11,A4,14,22,0
HK,1994,11,A4,15,0,0
HK,1994,11,A4,15,1,0
HK,1994,11,A4,15,2,0
HK,1994,11,A4,15,3,0
HK,1994,11,A4,15,4,0
HK,1994,11,A4,15,5,0
HK,1994,11,A4,15,6,0
HK,1994,11,A4,15,7,0
HK,1994,11,A4,15,8,0
HK,1994,11,A4,15,9,0
HK,1994,11,A4,15,10,0
HK,1994,11,A4,15,11,0
HK,1994,11,A4,15,12,0
HK,1994,11,A4,15,13,0
HK,1994,11,A4,15,14,1
HK,1994,11,A4,15,15,122
HK,1994,11,A4,15,16,0
HK,1994,11,A4,15,17,0
HK,1994,11,A4,15,18,0
HK,1994,11,A4,15,19,0
HK,1994,11,A4,15,20,0
HK,1994,11,A4,15,21,0
HK,1994,11,A4,15,22,0
HK,1994,11,A4,16,0,3
HK,1994,11,A4,16,1,0
HK,1994,11,A4,16,2,0
HK,1994,11,A4,16,3,0
HK,1994,11,A4,16,4,0
HK,1994,11,A4,16,5,0
HK,1994,11,A4,16,6,0
HK,1994,11,A4,16,7,0
HK,1994,11,A4,16,8,0
HK,1994,11,A4,16,9,0
HK,1994,11,A4,16,10,2
HK,1994,11,A4,16,11,1
HK,1994,11,A4,16,12,0
HK,1994,11,A4,16,13,0
HK,1994,11,A4,16,14,0
HK,1994,11,A4,16,15,0
HK,1994,11,A4,16,16,2
HK,1994,11,A4,16,17,0
HK,1994,11,A4,16,18,0
HK,1994,11,A4,16,19,0
HK,1994,11,A4,16,20,0
HK,1994,11,A4,16,21,0
HK,1994,11,A4,16,22,0
HK,1994,11,A4,17,0,0
HK,1994,11,A4,17,1,0
HK,1994,11,A4,17,2,0
HK,1994,11,A4,17,3,0
HK,1994,11,A4,17,4,1
HK,1994,11,A4,17,5,0
HK,1994,11,A4,17,6,0
HK,1994,11,A4,17,7,0
HK,1994,11,A4,17,8,0
HK,1994,11,A4,17,9,0
HK,1994,11,A4,17,10,0
HK,1994,11,A4,17,11,0
HK,1994,11,A4,17,12,0
HK,1994,11,A4,17,13,0
HK,1994,11,A4,17,14,0
HK,1994,11,A4,17,15,0
HK,1994,11,A4,17,16,0
HK,1994,11,A4,17,17,4
HK,1994,11,A4,17,18,0
HK,1994,11,A4,17,19,0
HK,1994,11,A4,17,20,0
HK,1994,11,A4,17,21,0
HK,1994,11,A4,17,22,0
HK,1994,11,A4,18,0,0
HK,1994,11,A4,18,1,1
HK,1994,11,A4,18,2,0
HK,1994,11,A4,18,3,0
HK,1994,11,A4,18,4,0
HK,1994,11,A4,18,5,0
HK,1994,11,A4,18,6,1
HK,1994,11,A4,18,7,0
HK,1994,11,A4,18,8,2
HK,1994,11,A4,18,9,0
HK,1994,11,A4,18,10,0
HK,1994,11,A4,18,11,0
HK,1994,11,A4,18,12,0
HK,1994,11,A4,18,13,0
HK,1994,11,A4,18,14,0
HK,1994,11,A4,18,15,0
HK,1994,11,A4,18,16,1
HK,1994,11,A4,18,17,7
HK,1994,11,A4,18,18,10
HK,1994,11,A4,18,19,3
HK,1994,11,A4,18,20,2
HK,1994,11,A4,18,21,1
HK,1994,11,A4,18,22,5
HK,1994,11,A4,19,0,0
HK,1994,11,A4,19,1,0
HK,1994,11,A4,19,2,0
HK,1994,11,A4,19,3,0
HK,1994,11,A4,19,4,0
HK,1994,11,A4,19,5,0
HK,1994,11,A4,19,6,0
HK,1994,11,A4,19,7,0
HK,1994,11,A4,19,8,0
HK,1994,11,A4,19,9,0
HK,1994,11,A4,19,10,0
HK,1994,11,A4,19,11,0
HK,1994,11,A4,19,12,0
HK,1994,11,A4,19,13,0
HK,1994,11,A4,19,14,0
HK,1994,11,A4,19,15,0
HK,1994,11,A4,19,16,0
HK,1994,11,A4,19,17,0
HK,1994,11,A4,19,18,0
HK,1994,11,A4,19,19,0
HK,1994,11,A4,19,20,0
HK,1994,11,A4,19,21,2
HK,1994,11,A4,19,22,0
HK,1994,11,A4,20,0,0
HK,1994,11,A4,20,1,3
HK,1994,11,A4,20,2,4
HK,1994,11,A4,20,3,0
HK,1994,11,A4,20,4,0
HK,1994,11,A4,20,5,1
HK,1994,11,A4,20,6,1
HK,1994,11,A4,20,7,0
HK,1994,11,A4,20,8,5
HK,1994,11,A4,20,9,0
HK,1994,11,A4,20,10,0
HK,1994,11,A4,20,11,0
HK,1994,11,A4,20,12,1
HK,1994,11,A4,20,13,0
HK,1994,11,A4,20,14,2
HK,1994,11,A4,20,15,0
HK,1994,11,A4,20,16,0
HK,1994,11,A4,20,17,2
HK,1994,11,A4,20,18,7
HK,1994,11,A4,20,19,6
HK,1994,11,A4,20,20,13
HK,1994,11,A4,20,21,6
HK,1994,11,A4,20,22,15
HK,1994,11,A4,21,0,0
HK,1994,11,A4,21,1,0
HK,1994,11,A4,21,2,0
HK,1994,11,A4,21,3,0
HK,1994,11,A4,21,4,0
HK,1994,11,A4,21,5,0
HK,1994,11,A4,21,6,0
HK,1994,11,A4,21,7,0
HK,1994,11,A4,21,8,0
HK,1994,11,A4,21,9,0
HK,1994,11,A4,21,10,0
HK,1994,11,A4,21,11,0
HK,1994,11,A4,21,12,0
HK,1994,11,A4,21,13,0
HK,1994,11,A4,21,14,0
HK,1994,11,A4,21,15,0
HK,1994,11,A4,21,16,0
HK,1994,11,A4,21,17,0
HK,1994,11,A4,21,18,0
HK,1994,11,A4,21,19,1
HK,1994,11,A4,21,20,1
HK,1994,11,A4,21,21,0
HK,1994,11,A4,21,22,2
HK,1994,11,A4,22,0,0
HK,1994,11,A4,22,1,0
HK,1994,11,A4,22,2,0
HK,1994,11,A4,22,3,0
HK,1994,11,A4,22,4,0
HK,1994,11,A4,22,5,0
HK,1994,11,A4,22,6,0
HK,1994,11,A4,22,7,0
HK,1994,11,A4,22,8,0
HK,1994,11,A4,22,9,0
HK,1994,11,A4,22,10,0
HK,1994,11,A4,22,11,0
HK,1994,11,A4,22,12,0
HK,1994,11,A4,22,13,0
HK,1994,11,A4,22,14,0
HK,1994,11,A4,22,15,0
HK,1994,11,A4,22,16,0
HK,1994,11,A4,22,17,0
HK,1994,11,A4,22,18,0
HK,1994,11,A4,22,19,0
HK,1994,11,A4,22,20,1
HK,1994,11,A4,22,21,3
HK,1994,11,A4,22,22,17
HK,1994,11,A5,0,0,5
HK,1994,11,A5,0,1,0
HK,1994,11,A5,0,2,0
HK,1994,11,A5,0,3,0
HK,1994,11,A5,0,4,0
HK,1994,11,A5,0,5,0
HK,1994,11,A5,0,6,0
HK,1994,11,A5,0,7,0
HK,1994,11,A5,0,8,0
HK,1994,11,A5,0,9,0
HK,1994,11,A5,0,10,1
HK,1994,11,A5,0,11,0
HK,1994,11,A5,0,12,0
HK,1994,11,A5,0,13,0
HK,1994,11,A5,0,14,0
HK,1994,11,A5,0,15,0
HK,1994,11,A5,0,16,1
HK,1994,11,A5,0,17,0
HK,1994,11,A5,0,18,0
HK,1994,11,A5,0,19,0
HK,1994,11,A5,0,20,0
HK,1994,11,A5,0,21,0
HK,1994,11,A5,0,22,0
HK,1994,11,A5,1,0,0
HK,1994,11,A5,1,1,103
HK,1994,11,A5,1,2,10
HK,1994,11,A5,1,3,0
HK,1994,11,A5,1,4,0
HK,1994,11,A5,1,5,0
HK,1994,11,A5,1,6,0
HK,1994,11,A5,1,7,0
HK,1994,11,A5,1,8,0
HK,1994,11,A5,1,9,0
HK,1994,11,A5,1,10,0
HK,1994,11,A5,1,11,0
HK,1994,11,A5,1,12,0
HK,1994,11,A5,1,13,0
HK,1994,11,A5,1,14,0
HK,1994,11,A5,1,15,0
HK,1994,11,A5,1,16,0
HK,1994,11,A5,1,17,0
HK,1994,11,A5,1,18,0
HK,1994,11,A5,1,19,0
HK,1994,11,A5,1,20,0
HK,1994,11,A5,1,21,0
HK,1994,11,A5,1,22,0
HK,1994,11,A5,2,0,0
HK,1994,11,A5,2,1,1
HK,1994,11,A5,2,2,152
HK,1994,11,A5,2,3,0
HK,1994,11,A5,2,4,0
HK,1994,11,A5,2,5,0
HK,1994,11,A5,2,6,0
HK,1994,11,A5,2,7,29
HK,1994,11,A5,2,8,0
HK,1994,11,A5,2,9,0
HK,1994,11,A5,2,10,0
HK,1994,11,A5,2,11,0
HK,1994,11,A5,2,12,0
HK,1994,11,A5,2,13,0
HK,1994,11,A5,2,14,0
HK,1994,11,A5,2,15,0
HK,1994,11,A5,2,16,0
HK,1994,11,A5,2,17,0
HK,1994,11,A5,2,18,0
HK,1994,11,A5,2,19,0
HK,1994,11,A5,2,20,0
HK,1994,11,A5,2,21,0
HK,1994,11,A5,2,22,0
HK,1994,11,A5,3,0,0
HK,1994,11,A5,3,1,0
HK,1994,11,A5,3,2,0
HK,1994,11,A5,3,3,129
HK,1994,11,A5,3,4,27
HK,1994,11,A5,3,5,0
HK,1994,11,A5,3,6,0
HK,1994,11,A5,3,7,0
HK,1994,11,A5,3,8,0
HK,1994,11,A5,3,9,0
HK,1994,11,A5,3,10,0
HK,1994,11,A5,3,11,0
HK,1994,11,A5,3,12,0
HK,1994,11,A5,3,13,0
HK,1994,11,A5,3,14,0
HK,1994,11,A5,3,15,0
HK,1994,11,A5,3,16,0
HK,1994,11,A5,3,17,1
HK,1994,11,A5,3,18,0
HK,1994,11,A5,3,19,0
HK,1994,11,A5,3,20,0
HK,1994,11,A5,3,21,0
HK,1994,11,A5,3,22,0
HK,1994,11,A5,4,0,0
HK,1994,11,A5,4,1,0
HK,1994,11,A5,4,2,0
HK,1994,11,A5,4,3,20
HK,1994,11,A5,4,4,144
HK,1994,11,A5,4,5,0
HK,1994,11,A5,4,6,0
HK,1994,11,A5,4,7,0
HK,1994,11,A5,4,8,1
HK,1994,11,A5,4,9,0
HK,1994,11,A5,4,10,0
HK,1994,11,A5,4,11,0
HK,1994,11,A5,4,12,0
HK,1994,11,A5,4,13,0
HK,1994,11,A5,4,14,0
HK,1994,11,A5,4,15,0
HK,1994,11,A5,4,16,0
HK,1994,11,A5,4,17,0
HK,1994,11,A5,4,18,0
HK,1994,11,A5,4,19,0
HK,1994,11,A5,4,20,0
HK,1994,11,A5,4,21,0
HK,1994,11,A5,4,22,0
HK,1994,11,A5,5,0,0
HK,1994,11,A5,5,1,0
HK,1994,11,A5,5,2,0
HK,1994,11,A5,5,3,0
HK,1994,11,A5,5,4,0
HK,1994,11,A5,5,5,0
HK,1994,11,A5,5,6,0
HK,1994,11,A5,5,7,0
HK,1994,11,A5,5,8,0
HK,1994,11,A5,5,9,0
HK,1994,11,A5,5,10,0
HK,1994,11,A5,5,11,0
HK,1994,11,A5,5,12,0
HK,1994,11,A5,5,13,0
HK,1994,11,A5,5,14,1
HK,1994,11,A5,5,15,0
HK,1994,11,A5,5,16,0
HK,1994,11,A5,5,17,0
HK,1994,11,A5,5,18,0
HK,1994,11,A5,5,19,0
HK,1994,11,A5,5,20,0
HK,1994,11,A5,5,21,0
HK,1994,11,A5,5,22,0
HK,1994,11,A5,6,0,0
HK,1994,11,A5,6,1,0
HK,1994,11,A5,6,2,0
HK,1994,11,A5,6,3,0
HK,1994,11,A5,6,4,0
HK,1994,11,A5,6,5,0
HK,1994,11,A5,6,6,0
HK,1994,11,A5,6,7,0
HK,1994,11,A5,6,8,0
HK,1994,11,A5,6,9,0
HK,1994,11,A5,6,10,0
HK,1994,11,A5,6,11,0
HK,1994,11,A5,6,12,0
HK,1994,11,A5,6,13,0
HK,1994,11,A5,6,14,0
HK,1994,11,A5,6,15,0
HK,1994,11,A5,6,16,0
HK,1994,11,A5,6,17,0
HK,1994,11,A5,6,18,0
HK,1994,11,A5,6,19,0
HK,1994,11,A5,6,20,1
HK,1994,11,A5,6,21,0
HK,1994,11,A5,6,22,0
HK,1994,11,A5,7,0,0
HK,1994,11,A5,7,1,0
HK,1994,11,A5,7,2,0
HK,1994,11,A5,7,3,0
HK,1994,11,A5,7,4,0
HK,1994,11,A5,7,5,0
HK,1994,11,A5,7,6,0
HK,1994,11,A5,7,7,21
HK,1994,11,A5,7,8,0
HK,1994,11,A5,7,9,0
HK,1994,11,A5,7,10,0
HK,1994,11,A5,7,11,0
HK,1994,11,A5,7,12,0
HK,1994,11,A5,7,13,0
HK,1994,11,A5,7,14,0
HK,1994,11,A5,7,15,0
HK,1994,11,A5,7,16,0
HK,1994,11,A5,7,17,0
HK,1994,11,A5,7,18,0
HK,1994,11,A5,7,19,0
HK,1994,11,A5,7,20,0
HK,1994,11,A5,7,21,0
HK,1994,11,A5,7,22,0
HK,1994,11,A5,8,0,0
HK,1994,11,A5,8,1,0
HK,1994,11,A5,8,2,0
HK,1994,11,A5,8,3,0
HK,1994,11,A5,8,4,0
HK,1994,11,A5,8,5,0
HK,1994,11,A5,8,6,0
HK,1994,11,A5,8,7,0
HK,1994,11,A5,8,8,151
HK,1994,11,A5,8,9,0
HK,1994,11,A5,8,10,0
HK,1994,11,A5,8,11,0
HK,1994,11,A5,8,12,0
HK,1994,11,A5,8,13,0
HK,1994,11,A5,8,14,0
HK,1994,11,A5,8,15,0
HK,1994,11,A5,8,16,0
HK,1994,11,A5,8,17,2
HK,1994,11,A5,8,18,0
HK,1994,11,A5,8,19,0
HK,1994,11,A5,8,20,0
HK,1994,11,A5,8,21,0
HK,1994,11,A5,8,22,0
HK,1994,11,A5,9,0,0
HK,1994,11,A5,9,1,0
HK,1994,11,A5,9,2,0
HK,1994,11,A5,9,3,0
HK,1994,11,A5,9,4,0
HK,1994,11,A5,9,5,0
HK,1994,11,A5,9,6,0
HK,1994,11,A5,9,7,0
HK,1994,11,A5,9,8,0
HK,1994,11,A5,9,9,163
HK,1994,11,A5,9,10,0
HK,1994,11,A5,9,11,0
HK,1994,11,A5,9,12,0
HK,1994,11,A5,9,13,0
HK,1994,11,A5,9,14,0
HK,1994,11,A5,9,15,0
HK,1994,11,A5,9,16,0
HK,1994,11,A5,9,17,0
HK,1994,11,A5,9,18,0
HK,1994,11,A5,9,19,1
HK,1994,11,A5,9,20,0
HK,1994,11,A5,9,21,0
HK,1994,11,A5,9,22,0
HK,1994,11,A5,10,0,11
HK,1994,11,A5,10,1,0
HK,1994,11,A5,10,2,0
HK,1994,11,A5,10,3,0
HK,1994,11,A5,10,4,0
HK,1994,11,A5,10,5,0
HK,1994,11,A5,10,6,0
HK,1994,11,A5,10,7,0
HK,1994,11,A5,10,8,0
HK,1994,11,A5,10,9,2
HK,1994,11,A5,10,10,114
HK,1994,11,A5,10,11,10
HK,1994,11,A5,10,12,5
HK,1994,11,A5,10,13,0
HK,1994,11,A5,10,14,0
HK,1994,11,A5,10,15,0
HK,1994,11,A5,10,16,8
HK,1994,11,A5,10,17,0
HK,1994,11,A5,10,18,0
HK,1994,11,A5,10,19,0
HK,1994,11,A5,10,20,0
HK,1994,11,A5,10,21,0
HK,1994,11,A5,10,22,0
HK,1994,11,A5,11,0,3
HK,1994,11,A5,11,1,0
HK,1994,11,A5,11,2,0
HK,1994,11,A5,11,3,0
HK,1994,11,A5,11,4,0
HK,1994,11,A5,11,5,0
HK,1994,11,A5,11,6,0
HK,1994,11,A5,11,7,0
HK,1994,11,A5,11,8,0
HK,1994,11,A5,11,9,2
HK,1994,11,A5,11,10,17
HK,1994,11,A5,11,11,17
HK,1994,11,A5,11,12,13
HK,1994,11,A5,11,13,1
HK,1994,11,A5,11,14,0
HK,1994,11,A5,11,15,1
HK,1994,11,A5,11,16,7
HK,1994,11,A5,11,17,0
HK,1994,11,A5,11,18,0
HK,1994,11,A5,11,19,0
HK,1994,11,A5,11,20,0
HK,1994,11,A5,11,21,0
HK,1994,11,A5,11,22,0
HK,1994,11,A5,12,0,1
HK,1994,11,A5,12,1,0
HK,1994,11,A5,12,2,0
HK,1994,11,A5,12,3,0
HK,1994,11,A5,12,4,0
HK,1994,11,A5,12,5,0
HK,1994,11,A5,12,6,0
HK,1994,11,A5,12,7,0
HK,1994,11,A5,12,8,0
HK,1994,11,A5,12,9,0
HK,1994,11,A5,12,10,2
HK,1994,11,A5,12,11,4
HK,1994,11,A5,12,12,32
HK,1994,11,A5,12,13,0
HK,1994,11,A5,12,14,0
HK,1994,11,A5,12,15,0
HK,1994,11,A5,12,16,2
HK,1994,11,A5,12,17,0
HK,1994,11,A5,12,18,0
HK,1994,11,A5,12,19,0
HK,1994,11,A5,12,20,0
HK,1994,11,A5,12,21,0
HK,1994,11,A5,12,22,0
HK,1994,11,A5,13,0,0
HK,1994,11,A5,13,1,1
HK,1994,11,A5,13,2,0
HK,1994,11,A5,13,3,0
HK,1994,11,A5,13,4,0
HK,1994,11,A5,13,5,0
HK,1994,11,A5,13,6,0
HK,1994,11,A5,13,7,0
HK,1994,11,A5,13,8,0
HK,1994,11,A5,13,9,4
HK,1994,11,A5,13,10,0
HK,1994,11,A5,13,11,0
HK,1994,11,A5,13,12,0
HK,1994,11,A5,13,13,153
HK,1994,11,A5,13,14,0
HK,1994,11,A5,13,15,1
HK,1994,11,A5,13,16,0
HK,1994,11,A5,13,17,0
HK,1994,11,A5,13,18,0
HK,1994,11,A5,13,19,0
HK,1994,11,A5,13,20,0
HK,1994,11,A5,13,21,0
HK,1994,11,A5,13,22,1
HK,1994,11,A5,14,0,0
HK,1994,11,A5,14,1,0
HK,1994,11,A5,14,2,0
HK,1994,11,A5,14,3,0
HK,1994,11,A5,14,4,0
HK,1994,11,A5,14,5,2
HK,1994,11,A5,14,6,0
HK,1994,11,A5,14,7,0
HK,1994,11,A5,14,8,0
HK,1994,11,A5,14,9,0
HK,1994,11,A5,14,10,0
HK,1994,11,A5,14,11,0
HK,1994,11,A5,14,12,0
HK,1994,11,A5,14,13,0
HK,1994,11,A5,14,14,56
HK,1994,11,A5,14,15,0
HK,1994,11,A5,14,16,0
HK,1994,11,A5,14,17,1
HK,1994,11,A5,14,18,1
HK,1994,11,A5,14,19,0
HK,1994,11,A5,14,20,0
HK,1994,11,A5,14,21,0
HK,1994,11,A5,14,22,0
HK,1994,11,A5,15,0,0
HK,1994,11,A5,15,1,0
HK,1994,11,A5,15,2,0
HK,1994,11,A5,15,3,0
HK,1994,11,A5,15,4,0
HK,1994,11,A5,15,5,0
HK,1994,11,A5,15,6,0
HK,1994,11,A5,15,7,0
HK,1994,11,A5,15,8,0
HK,1994,11,A5,15,9,0
HK,1994,11,A5,15,10,0
HK,1994,11,A5,15,11,0
HK,1994,11,A5,15,12,0
HK,1994,11,A5,15,13,0
HK,1994,11,A5,15,14,1
HK,1994,11,A5,15,15,122
HK,1994,11,A5,15,16,0
HK,1994,11,A5,15,17,0
HK,1994,11,A5,15,18,0
HK,1994,11,A5,15,19,0
HK,1994,11,A5,15,20,0
HK,1994,11,A5,15,21,0
HK,1994,11,A5,15,22,0
HK,1994,11,A5,16,0,3
HK,1994,11,A5,16,1,0
HK,1994,11,A5,16,2,0
HK,1994,11,A5,16,3,0
HK,1994,11,A5,16,4,0
HK,1994,11,A5,16,5,0
HK,1994,11,A5,16,6,0
HK,1994,11,A5,16,7,0
HK,1994,11,A5,16,8,0
HK,1994,11,A5,16,9,0
HK,1994,11,A5,16,10,2
HK,1994,11,A5,16,11,1
HK,1994,11,A5,16,12,0
HK,1994,11,A5,16,13,0
HK,1994,11,A5,16,14,0
HK,1994,11,A5,16,15,0
HK,1994,11,A5,16,16,2
HK,1994,11,A5,16,17,0
HK,1994,11,A5,16,18,0
HK,1994,11,A5,16,19,0
HK,1994,11,A5,16,20,0
HK,1994,11,A5,16,21,0
HK,1994,11,A5,16,22,0
HK,1994,11,A5,17,0,0
HK,1994,11,A5,17,1,0
HK,1994,11,A5,17,2,0
HK,1994,11,A5,17,3,0
HK,1994,11,A5,17,4,1
HK,1994,11,A5,17,5,0
HK,1994,11,A5,17,6,0
HK,1994,11,A5,17,7,0
HK,1994,11,A5,17,8,0
HK,1994,11,A5,17,9,0
HK,1994,11,A5,17,10,0
HK,1994,11,A5,17,11,0
HK,1994,11,A5,17,12,0
HK,1994,11,A5,17,13,0
HK,1994,11,A5,17,14,0
HK,1994,11,A5,17,15,0
HK,1994,11,A5,17,16,0
HK,1994,11,A5,17,17,4
HK,1994,11,A5,17,18,0
HK,1994,11,A5,17,19,0
HK,1994,11,A5,17,20,0
HK,1994,11,A5,17,21,0
HK,1994,11,A5,17,22,0
HK,1994,11,A5,18,0,0
HK,1994,11,A5,18,1,1
HK,1994,11,A5,18,2,0
HK,1994,11,A5,18,3,0
HK,1994,11,A5,18,4,0
HK,1994,11,A5,18,5,0
HK,1994,11,A5,18,6,1
HK,1994,11,A5,18,7,0
HK,1994,11,A5,18,8,2
HK,1994,11,A5,18,9,0
HK,1994,11,A5,18,10,0
HK,1994,11,A5,18,11,0
HK,1994,11,A5,18,12,0
HK,1994,11,A5,18,13,0
HK,1994,11,A5,18,14,0
HK,1994,11,A5,18,15,0
HK,1994,11,A5,18,16,0
HK,1994,11,A5,18,17,7
HK,1994,11,A5,18,18,10
HK,1994,11,A5,18,19,4
HK,1994,11,A5,18,20,2
HK,1994,11,A5,18,21,1
HK,1994,11,A5,18,22,5
HK,1994,11,A5,19,0,0
HK,1994,11,A5,19,1,0
HK,1994,11,A5,19,2,0
HK,1994,11,A5,19,3,0
HK,1994,11,A5,19,4,0
HK,1994,11,A5,19,5,0
HK,1994,11,A5,19,6,0
HK,1994,11,A5,19,7,0
HK,1994,11,A5,19,8,0
HK,1994,11,A5,19,9,0
HK,1994,11,A5,19,10,0
HK,1994,11,A5,19,11,0
HK,1994,11,A5,19,12,0
HK,1994,11,A5,19,13,0
HK,1994,11,A5,19,14,0
HK,1994,11,A5,19,15,0
HK,1994,11,A5,19,16,0
HK,1994,11,A5,19,17,0
HK,1994,11,A5,19,18,0
HK,1994,11,A5,19,19,0
HK,1994,11,A5,19,20,0
HK,1994,11,A5,19,21,2
HK,1994,11,A5,19,22,0
HK,1994,11,A5,20,0,0
HK,1994,11,A5,20,1,3
HK,1994,11,A5,20,2,4
HK,1994,11,A5,20,3,0
HK,1994,11,A5,20,4,0
HK,1994,11,A5,20,5,1
HK,1994,11,A5,20,6,1
HK,1994,11,A5,20,7,0
HK,1994,11,A5,20,8,5
HK,1994,11,A5,20,9,0
HK,1994,11,A5,20,10,0
HK,1994,11,A5,20,11,0
HK,1994,11,A5,20,12,1
HK,1994,11,A5,20,13,0
HK,1994,11,A5,20,14,2
HK,1994,11,A5,20,15,0
HK,1994,11,A5,20,16,0
HK,1994,11,A5,20,17,2
HK,1994,11,A5,20,18,7
HK,1994,11,A5,20,19,6
HK,1994,11,A5,20,20,13
HK,1994,11,A5,20,21,6
HK,1994,11,A5,20,22,15
HK,1994,11,A5,21,0,0
HK,1994,11,A5,21,1,0
HK,1994,11,A5,21,2,0
HK,1994,11,A5,21,3,0
HK,1994,11,A5,21,4,0
HK,1994,11,A5,21,5,0
HK,1994,11,A5,21,6,0
HK,1994,11,A5,21,7,0
HK,1994,11,A5,21,8,0
HK,1994,11,A5,21,9,0
HK,1994,11,A5,21,10,0
HK,1994,11,A5,21,11,0
HK,1994,11,A5,21,12,0
HK,1994,11,A5,21,13,0
HK,1994,11,A5,21,14,0
HK,1994,11,A5,21,15,0
HK,1994,11,A5,21,16,0
HK,1994,11,A5,21,17,0
HK,1994,11,A5,21,18,0
HK,1994,11,A5,21,19,1
HK,1994,11,A5,21,20,1
HK,1994,11,A5,21,21,0
HK,1994,11,A5,21,22,2
HK,1994,11,A5,22,0,0
HK,1994,11,A5,22,1,0
HK,1994,11,A5,22,2,0
HK,1994,11,A5,22,3,0
HK,1994,11,A5,22,4,0
HK,1994,11,A5,22,5,0
HK,1994,11,A5,22,6,0
HK,1994,11,A5,22,7,0
HK,1994,11,A5,22,8,0
HK,1994,11,A5,22,9,0
HK,1994,11,A5,22,10,0
HK,1994,11,A5,22,11,0
HK,1994,11,A5,22,12,0
HK,1994,11,A5,22,13,0
HK,1994,11,A5,22,14,0
HK,1994,11,A5,22,15,0
HK,1994,11,A5,22,16,0
HK,1994,11,A5,22,17,0
HK,1994,11,A5,22,18,0
HK,1994,11,A5,22,19,0
HK,1994,11,A5,22,20,1
HK,1994,11,A5,22,21,3
HK,1994,11,A5,22,22,17
HK,1994,11,A6,0,0,5
HK,1994,11,A6,0,1,0
HK,1994,11,A6,0,2,0
HK,1994,11,A6,0,3,0
HK,1994,11,A6,0,4,0
HK,1994,11,A6,0,5,0
HK,1994,11,A6,0,6,0
HK,1994,11,A6,0,7,0
HK,1994,11,A6,0,8,0
HK,1994,11,A6,0,9,0
HK,1994,11,A6,0,10,1
HK,1994,11,A6,0,11,0
HK,1994,11,A6,0,12,0
HK,1994,11,A6,0,13,0
HK,1994,11,A6,0,14,0
HK,1994,11,A6,0,15,0
HK,1994,11,A6,0,16,1
HK,1994,11,A6,0,17,0
HK,1994,11,A6,0,18,0
HK,1994,11,A6,0,19,0
HK,1994,11,A6,0,20,0
HK,1994,11,A6,0,21,0
HK,1994,11,A6,0,22,0
HK,1994,11,A6,1,0,0
HK,1994,11,A6,1,1,103
HK,1994,11,A6,1,2,10
HK,1994,11,A6,1,3,0
HK,1994,11,A6,1,4,0
HK,1994,11,A6,1,5,0
HK,1994,11,A6,1,6,0
HK,1994,11,A6,1,7,0
HK,1994,11,A6,1,8,0
HK,1994,11,A6,1,9,0
HK,1994,11,A6,1,10,0
HK,1994,11,A6,1,11,0
HK,1994,11,A6,1,12,0
HK,1994,11,A6,1,13,0
HK,1994,11,A6,1,14,0
HK,1994,11,A6,1,15,0
HK,1994,11,A6,1,16,0
HK,1994,11,A6,1,17,0
HK,1994,11,A6,1,18,0
HK,1994,11,A6,1,19,0
HK,1994,11,A6,1,20,0
HK,1994,11,A6,1,21,0
HK,1994,11,A6,1,22,0
HK,1994,11,A6,2,0,0
HK,1994,11,A6,2,1,1
HK,1994,11,A6,2,2,152
HK,1994,11,A6,2,3,0
HK,1994,11,A6,2,4,0
HK,1994,11,A6,2,5,0
HK,1994,11,A6,2,6,0
HK,1994,11,A6,2,7,29
HK,1994,11,A6,2,8,0
HK,1994,11,A6,2,9,0
HK,1994,11,A6,2,10,0
HK,1994,11,A6,2,11,0
HK,1994,11,A6,2,12,0
HK,1994,11,A6,2,13,0
HK,1994,11,A6,2,14,0
HK,1994,11,A6,2,15,0
HK,1994,11,A6,2,16,0
HK,1994,11,A6,2,17,0
HK,1994,11,A6,2,18,0
HK,1994,11,A6,2,19,0
HK,1994,11,A6,2,20,0
HK,1994,11,A6,2,21,0
HK,1994,11,A6,2,22,0
HK,1994,11,A6,3,0,0
HK,1994,11,A6,3,1,0
HK,1994,11,A6,3,2,0
HK,1994,11,A6,3,3,129
HK,1994,11,A6,3,4,27
HK,1994,11,A6,3,5,0
HK,1994,11,A6,3,6,0
HK,1994,11,A6,3,7,0
HK,1994,11,A6,3,8,0
HK,1994,11,A6,3,9,0
HK,1994,11,A6,3,10,0
HK,1994,11,A6,3,11,0
HK,1994,11,A6,3,12,0
HK,1994,11,A6,3,13,0
HK,1994,11,A6,3,14,0
HK,1994,11,A6,3,15,0
HK,1994,11,A6,3,16,0
HK,1994,11,A6,3,17,1
HK,1994,11,A6,3,18,0
HK,1994,11,A6,3,19,0
HK,1994,11,A6,3,20,0
HK,1994,11,A6,3,21,0
HK,1994,11,A6,3,22,0
HK,1994,11,A6,4,0,0
HK,1994,11,A6,4,1,0
HK,1994,11,A6,4,2,0
HK,1994,11,A6,4,3,20
HK,1994,11,A6,4,4,144
HK,1994,11,A6,4,5,0
HK,1994,11,A6,4,6,0
HK,1994,11,A6,4,7,0
HK,1994,11,A6,4,8,1
HK,1994,11,A6,4,9,0
HK,1994,11,A6,4,10,0
HK,1994,11,A6,4,11,0
HK,1994,11,A6,4,12,0
HK,1994,11,A6,4,13,0
HK,1994,11,A6,4,14,0
HK,1994,11,A6,4,15,0
HK,1994,11,A6,4,16,0
HK,1994,11,A6,4,17,0
HK,1994,11,A6,4,18,0
HK,1994,11,A6,4,19,0
HK,1994,11,A6,4,20,0
HK,1994,11,A6,4,21,0
HK,1994,11,A6,4,22,0
HK,1994,11,A6,5,0,0
HK,1994,11,A6,5,1,0
HK,1994,11,A6,5,2,0
HK,1994,11,A6,5,3,0
HK,1994,11,A6,5,4,0
HK,1994,11,A6,5,5,0
HK,1994,11,A6,5,6,0
HK,1994,11,A6,5,7,0
HK,1994,11,A6,5,8,0
HK,1994,11,A6,5,9,0
HK,1994,11,A6,5,10,0
HK,1994,11,A6,5,11,0
HK,1994,11,A6,5,12,0
HK,1994,11,A6,5,13,0
HK,1994,11,A6,5,14,1
HK,1994,11,A6,5,15,0
HK,1994,11,A6,5,16,0
HK,1994,11,A6,5,17,0
HK,1994,11,A6,5,18,0
HK,1994,11,A6,5,19,0
HK,1994,11,A6,5,20,0
HK,1994,11,A6,5,21,0
HK,1994,11,A6,5,22,0
HK,1994,11,A6,6,0,0
HK,1994,11,A6,6,1,0
HK,1994,11,A6,6,2,0
HK,1994,11,A6,6,3,0
HK,1994,11,A6,6,4,0
HK,1994,11,A6,6,5,0
HK,1994,11,A6,6,6,0
HK,1994,11,A6,6,7,0
HK,1994,11,A6,6,8,0
HK,1994,11,A6,6,9,0
HK,1994,11,A6,6,10,0
HK,1994,11,A6,6,11,0
HK,1994,11,A6,6,12,0
HK,1994,11,A6,6,13,0
HK,1994,11,A6,6,14,0
HK,1994,11,A6,6,15,0
HK,1994,11,A6,6,16,0
HK,1994,11,A6,6,17,0
HK,1994,11,A6,6,18,0
HK,1994,11,A6,6,19,0
HK,1994,11,A6,6,20,1
HK,1994,11,A6,6,21,0
HK,1994,11,A6,6,22,0
HK,1994,11,A6,7,0,0
HK,1994,11,A6,7,1,0
HK,1994,11,A6,7,2,0
HK,1994,11,A6,7,3,0
HK,1994,11,A6,7,4,0
HK,1994,11,A6,7,5,0
HK,1994,11,A6,7,6,0
HK,1994,11,A6,7,7,21
HK,1994,11,A6,7,8,0
HK,1994,11,A6,7,9,0
HK,1994,11,A6,7,10,0
HK,1994,11,A6,7,11,0
HK,1994,11,A6,7,12,0
HK,1994,11,A6,7,13,0
HK,1994,11,A6,7,14,0
HK,1994,11,A6,7,15,0
HK,1994,11,A6,7,16,0
HK,1994,11,A6,7,17,0
HK,1994,11,A6,7,18,0
HK,1994,11,A6,7,19,0
HK,1994,11,A6,7,20,0
HK,1994,11,A6,7,21,0
HK,1994,11,A6,7,22,0
HK,1994,11,A6,8,0,0
HK,1994,11,A6,8,1,0
HK,1994,11,A6,8,2,0
HK,1994,11,A6,8,3,0
HK,1994,11,A6,8,4,0
HK,1994,11,A6,8,5,0
HK,1994,11,A6,8,6,0
HK,1994,11,A6,8,7,0
HK,1994,11,A6,8,8,151
HK,1994,11,A6,8,9,0
HK,1994,11,A6,8,10,0
HK,1994,11,A6,8,11,0
HK,1994,11,A6,8,12,0
HK,1994,11,A6,8,13,0
HK,1994,11,A6,8,14,0
HK,1994,11,A6,8,15,0
HK,1994,11,A6,8,16,0
HK,1994,11,A6,8,17,2
HK,1994,11,A6,8,18,0
HK,1994,11,A6,8,19,0
HK,1994,11,A6,8,20,0
HK,1994,11,A6,8,21,0
HK,1994,11,A6,8,22,0
HK,1994,11,A6,9,0,0
HK,1994,11,A6,9,1,0
HK,1994,11,A6,9,2,0
HK,1994,11,A6,9,3,0
HK,1994,11,A6,9,4,0
HK,1994,11,A6,9,5,0
HK,1994,11,A6,9,6,0
HK,1994,11,A6,9,7,0
HK,1994,11,A6,9,8,0
HK,1994,11,A6,9,9,163
HK,1994,11,A6,9,10,0
HK,1994,11,A6,9,11,0
HK,1994,11,A6,9,12,0
HK,1994,11,A6,9,13,0
HK,1994,11,A6,9,14,0
HK,1994,11,A6,9,15,0
HK,1994,11,A6,9,16,0
HK,1994,11,A6,9,17,0
HK,1994,11,A6,9,18,0
HK,1994,11,A6,9,19,1
HK,1994,11,A6,9,20,0
HK,1994,11,A6,9,21,0
HK,1994,11,A6,9,22,0
HK,1994,11,A6,10,0,12
HK,1994,11,A6,10,1,0
HK,1994,11,A6,10,2,0
HK,1994,11,A6,10,3,0
HK,1994,11,A6,10,4,0
HK,1994,11,A6,10,5,0
HK,1994,11,A6,10,6,0
HK,1994,11,A6,10,7,0
HK,1994,11,A6,10,8,0
HK,1994,11,A6,10,9,2
HK,1994,11,A6,10,10,114
HK,1994,11,A6,10,11,10
HK,1994,11,A6,10,12,5
HK,1994,11,A6,10,13,0
HK,1994,11,A6,10,14,0
HK,1994,11,A6,10,15,0
HK,1994,11,A6,10,16,7
HK,1994,11,A6,10,17,0
HK,1994,11,A6,10,18,0
HK,1994,11,A6,10,19,0
HK,1994,11,A6,10,20,0
HK,1994,11,A6,10,21,0
HK,1994,11,A6,10,22,0
HK,1994,11,A6,11,0,4
HK,1994,11,A6,11,1,0
HK,1994,11,A6,11,2,0
HK,1994,11,A6,11,3,0
HK,1994,11,A6,11,4,0
HK,1994,11,A6,11,5,0
HK,1994,11,A6,11,6,0
HK,1994,11,A6,11,7,0
HK,1994,11,A6,11,8,0
HK,1994,11,A6,11,9,2
HK,1994,11,A6,11,10,17
HK,1994,11,A6,11,11,17
HK,1994,11,A6,11,12,12
HK,1994,11,A6,11,13,1
HK,1994,11,A6,11,14,0
HK,1994,11,A6,11,15,1
HK,1994,11,A6,11,16,7
HK,1994,11,A6,11,17,0
HK,1994,11,A6,11,18,0
HK,1994,11,A6,11,19,0
HK,1994,11,A6,11,20,0
HK,1994,11,A6,11,21,0
HK,1994,11,A6,11,22,0
HK,1994,11,A6,12,0,1
HK,1994,11,A6,12,1,0
HK,1994,11,A6,12,2,0
HK,1994,11,A6,12,3,0
HK,1994,11,A6,12,4,0
HK,1994,11,A6,12,5,0
HK,1994,11,A6,12,6,0
HK,1994,11,A6,12,7,0
HK,1994,11,A6,12,8,0
HK,1994,11,A6,12,9,0
HK,1994,11,A6,12,10,2
HK,1994,11,A6,12,11,4
HK,1994,11,A6,12,12,32
HK,1994,11,A6,12,13,0
HK,1994,11,A6,12,14,0
HK,1994,11,A6,12,15,0
HK,1994,11,A6,12,16,2
HK,1994,11,A6,12,17,0
HK,1994,11,A6,12,18,0
HK,1994,11,A6,12,19,0
HK,1994,11,A6,12,20,0
HK,1994,11,A6,12,21,0
HK,1994,11,A6,12,22,0
HK,1994,11,A6,13,0,0
HK,1994,11,A6,13,1,1
HK,1994,11,A6,13,2,0
HK,1994,11,A6,13,3,0
HK,1994,11,A6,13,4,0
HK,1994,11,A6,13,5,0
HK,1994,11,A6,13,6,0
HK,1994,11,A6,13,7,0
HK,1994,11,A6,13,8,0
HK,1994,11,A6,13,9,4
HK,1994,11,A6,13,10,0
HK,1994,11,A6,13,11,0
HK,1994,11,A6,13,12,0
HK,1994,11,A6,13,13,153
HK,1994,11,A6,13,14,0
HK,1994,11,A6,13,15,1
HK,1994,11,A6,13,16,0
HK,1994,11,A6,13,17,0
HK,1994,11,A6,13,18,0
HK,1994,11,A6,13,19,0
HK,1994,11,A6,13,20,0
HK,1994,11,A6,13,21,0
HK,1994,11,A6,13,22,1
HK,1994,11,A6,14,0,0
HK,1994,11,A6,14,1,0
HK,1994,11,A6,14,2,0
HK,1994,11,A6,14,3,0
HK,1994,11,A6,14,4,0
HK,1994,11,A6,14,5,1
HK,1994,11,A6,14,6,0
HK,1994,11,A6,14,7,0
HK,1994,11,A6,14,8,0
HK,1994,11,A6,14,9,0
HK,1994,11,A6,14,10,0
HK,1994,11,A6,14,11,0
HK,1994,11,A6,14,12,0
HK,1994,11,A6,14,13,0
HK,1994,11,A6,14,14,57
HK,1994,11,A6,14,15,0
HK,1994,11,A6,14,16,0
HK,1994,11,A6,14,17,1
HK,1994,11,A6,14,18,1
HK,1994,11,A6,14,19,0
HK,1994,11,A6,14,20,0
HK,1994,11,A6,14,21,0
HK,1994,11,A6,14,22,0
HK,1994,11,A6,15,0,0
HK,1994,11,A6,15,1,0
HK,1994,11,A6,15,2,0
HK,1994,11,A6,15,3,0
HK,1994,11,A6,15,4,0
HK,1994,11,A6,15,5,0
HK,1994,11,A6,15,6,0
HK,1994,11,A6,15,7,0
HK,1994,11,A6,15,8,0
HK,1994,11,A6,15,9,0
HK,1994,11,A6,15,10,0
HK,1994,11,A6,15,11,0
HK,1994,11,A6,15,12,0
HK,1994,11,A6,15,13,0
HK,1994,11,A6,15,14,1
HK,1994,11,A6,15,15,122
HK,1994,11,A6,15,16,0
HK,1994,11,A6,15,17,0
HK,1994,11,A6,15,18,0
HK,1994,11,A6,15,19,0
HK,1994,11,A6,15,20,0
HK,1994,11,A6,15,21,0
HK,1994,11,A6,15,22,0
HK,1994,11,A6,16,0,3
HK,1994,11,A6,16,1,0
HK,1994,11,A6,16,2,0
HK,1994,11,A6,16,3,0
HK,1994,11,A6,16,4,0
HK,1994,11,A6,16,5,0
HK,1994,11,A6,16,6,0
HK,1994,11,A6,16,7,0
HK,1994,11,A6,16,8,0
HK,1994,11,A6,16,9,0
HK,1994,11,A6,16,10,2
HK,1994,11,A6,16,11,1
HK,1994,11,A6,16,12,0
HK,1994,11,A6,16,13,0
HK,1994,11,A6,16,14,0
HK,1994,11,A6,16,15,0
HK,1994,11,A6,16,16,2
HK,1994,11,A6,16,17,0
HK,1994,11,A6,16,18,0
HK,1994,11,A6,16,19,0
HK,1994,11,A6,16,20,0
HK,1994,11,A6,16,21,0
HK,1994,11,A6,16,22,0
HK,1994,11,A6,17,0,0
HK,1994,11,A6,17,1,0
HK,1994,11,A6,17,2,0
HK,1994,11,A6,17,3,0
HK,1994,11,A6,17,4,1
HK,1994,11,A6,17,5,0
HK,1994,11,A6,17,6,0
HK,1994,11,A6,17,7,0
HK,1994,11,A6,17,8,0
HK,1994,11,A6,17,9,0
HK,1994,11,A6,17,10,0
HK,1994,11,A6,17,11,0
HK,1994,11,A6,17,12,0
HK,1994,11,A6,17,13,0
HK,1994,11,A6,17,14,0
HK,1994,11,A6,17,15,0
HK,1994,11,A6,17,16,0
HK,1994,11,A6,17,17,4
HK,1994,11,A6,17,18,0
HK,1994,11,A6,17,19,0
HK,1994,11,A6,17,20,0
HK,1994,11,A6,17,21,0
HK,1994,11,A6,17,22,0
HK,1994,11,A6,18,0,0
HK,1994,11,A6,18,1,1
HK,1994,11,A6,18,2,0
HK,1994,11,A6,18,3,0
HK,1994,11,A6,18,4,0
HK,1994,11,A6,18,5,0
HK,1994,11,A6,18,6,1
HK,1994,11,A6,18,7,0
HK,1994,11,A6,18,8,2
HK,1994,11,A6,18,9,0
HK,1994,11,A6,18,10,0
HK,1994,11,A6,18,11,0
HK,1994,11,A6,18,12,0
HK,1994,11,A6,18,13,0
HK,1994,11,A6,18,14,0
HK,1994,11,A6,18,15,0
HK,1994,11,A6,18,16,1
HK,1994,11,A6,18,17,7
HK,1994,11,A6,18,18,10
HK,1994,11,A6,18,19,3
HK,1994,11,A6,18,20,2
HK,1994,11,A6,18,21,1
HK,1994,11,A6,18,22,5
HK,1994,11,A6,19,0,0
HK,1994,11,A6,19,1,0
HK,1994,11,A6,19,2,0
HK,1994,11,A6,19,3,0
HK,1994,11,A6,19,4,0
HK,1994,11,A6,19,5,0
HK,1994,11,A6,19,6,0
HK,1994,11,A6,19,7,0
HK,1994,11,A6,19,8,0
HK,1994,11,A6,19,9,0
HK,1994,11,A6,19,10,0
HK,1994,11,A6,19,11,0
HK,1994,11,A6,19,12,0
HK,1994,11,A6,19,13,0
HK,1994,11,A6,19,14,0
HK,1994,11,A6,19,15,0
HK,1994,11,A6,19,16,0
HK,1994,11,A6,19,17,0
HK,1994,11,A6,19,18,0
HK,1994,11,A6,19,19,0
HK,1994,11,A6,19,20,0
HK,1994,11,A6,19,21,2
HK,1994,11,A6,19,22,0
HK,1994,11,A6,20,0,0
HK,1994,11,A6,20,1,3
HK,1994,11,A6,20,2,4
HK,1994,11,A6,20,3,0
HK,1994,11,A6,20,4,0
HK,1994,11,A6,20,5,1
HK,1994,11,A6,20,6,1
HK,1994,11,A6,20,7,0
HK,1994,11,A6,20,8,5
HK,1994,11,A6,20,9,0
HK,1994,11,A6,20,10,0
HK,1994,11,A6,20,11,0
HK,1994,11,A6,20,12,1
HK,1994,11,A6,20,13,0
HK,1994,11,A6,20,14,2
HK,1994,11,A6,20,15,0
HK,1994,11,A6,20,16,0
HK,1994,11,A6,20,17,2
HK,1994,11,A6,20,18,7
HK,1994,11,A6,20,19,6
HK,1994,11,A6,20,20,13
HK,1994,11,A6,20,21,6
HK,1994,11,A6,20,22,15
HK,1994,11,A6,21,0,0
HK,1994,11,A6,21,1,0
HK,1994,11,A6,21,2,0
HK,1994,11,A6,21,3,0
HK,1994,11,A6,21,4,0
HK,1994,11,A6,21,5,0
HK,1994,11,A6,21,6,0
HK,1994,11,A6,21,7,0
HK,1994,11,A6,21,8,0
HK,1994,11,A6,21,9,0
HK,1994,11,A6,21,10,0
HK,1994,11,A6,21,11,0
HK,1994,11,A6,21,12,0
HK,1994,11,A6,21,13,0
HK,1994,11,A6,21,14,0
HK,1994,11,A6,21,15,0
HK,1994,11,A6,21,16,0
HK,1994,11,A6,21,17,0
HK,1994,11,A6,21,18,0
HK,1994,11,A6,21,19,1
HK,1994,11,A6,21,20,1
HK,1994,11,A6,21,21,0
HK,1994,11,A6,21,22,2
HK,1994,11,A6,22,0,0
HK,1994,11,A6,22,1,0
HK,1994,11,A6,22,2,0
HK,1994,11,A6,22,3,0
HK,1994,11,A6,22,4,0
HK,1994,11,A6,22,5,0
HK,1994,11,A6,22,6,0
HK,1994,11,A6,22,7,0
HK,1994,11,A6,22,8,0
HK,1994,11,A6,22,9,0
HK,1994,11,A6,22,10,0
HK,1994,11,A6,22,11,0
HK,1994,11,A6,22,12,0
HK,1994,11,A6,22,13,0
HK,1994,11,A6,22,14,0
HK,1994,11,A6,22,15,0
HK,1994,11,A6,22,16,0
HK,1994,11,A6,22,17,0
HK,1994,11,A6,22,18,0
HK,1994,11,A6,22,19,0
HK,1994,11,A6,22,20,1
HK,1994,11,A6,22,21,3
HK,1994,11,A6,22,22,17
HK,1994,11,A7,0,0,3
HK,1994,11,A7,0,1,0
HK,1994,11,A7,0,2,0
HK,1994,11,A7,0,3,0
HK,1994,11,A7,0,4,0
HK,1994,11,A7,0,5,0
HK,1994,11,A7,0,6,0
HK,1994,11,A7,0,7,0
HK,1994,11,A7,0,8,0
HK,1994,11,A7,0,9,0
HK,1994,11,A7,0,10,1
HK,1994,11,A7,0,11,2
HK,1994,11,A7,0,12,1
HK,1994,11,A7,0,13,0
HK,1994,11,A7,0,14,0
HK,1994,11,A7,0,15,0
HK,1994,11,A7,0,16,0
HK,1994,11,A7,0,17,0
HK,1994,11,A7,0,18,0
HK,1994,11,A7,0,19,0
HK,1994,11,A7,0,20,0
HK,1994,11,A7,0,21,0
HK,1994,11,A7,0,22,0
HK,1994,11,A7,1,0,0
HK,1994,11,A7,1,1,95
HK,1994,11,A7,1,2,11
HK,1994,11,A7,1,3,0
HK,1994,11,A7,1,4,0
HK,1994,11,A7,1,5,0
HK,1994,11,A7,1,6,3
HK,1994,11,A7,1,7,4
HK,1994,11,A7,1,8,0
HK,1994,11,A7,1,9,0
HK,1994,11,A7,1,10,0
HK,1994,11,A7,1,11,0
HK,1994,11,A7,1,12,0
HK,1994,11,A7,1,13,0
HK,1994,11,A7,1,14,0
HK,1994,11,A7,1,15,0
HK,1994,11,A7,1,16,0
HK,1994,11,A7,1,17,0
HK,1994,11,A7,1,18,0
HK,1994,11,A7,1,19,0
HK,1994,11,A7,1,20,0
HK,1994,11,A7,1,21,0
HK,1994,11,A7,1,22,0
HK,1994,11,A7,2,0,0
HK,1994,11,A7,2,1,0
HK,1994,11,A7,2,2,149
HK,1994,11,A7,2,3,0
HK,1994,11,A7,2,4,0
HK,1994,11,A7,2,5,0
HK,1994,11,A7,2,6,0
HK,1994,11,A7,2,7,33
HK,1994,11,A7,2,8,0
HK,1994,11,A7,2,9,0
HK,1994,11,A7,2,10,0
HK,1994,11,A7,2,11,0
HK,1994,11,A7,2,12,0
HK,1994,11,A7,2,13,0
HK,1994,11,A7,2,14,0
HK,1994,11,A7,2,15,0
HK,1994,11,A7,2,16,0
HK,1994,11,A7,2,17,0
HK,1994,11,A7,2,18,0
HK,1994,11,A7,2,19,0
HK,1994,11,A7,2,20,0
HK,1994,11,A7,2,21,0
HK,1994,11,A7,2,22,0
HK,1994,11,A7,3,0,0
HK,1994,11,A7,3,1,1
HK,1994,11,A7,3,2,1
HK,1994,11,A7,3,3,119
HK,1994,11,A7,3,4,29
HK,1994,11,A7,3,5,0
HK,1994,11,A7,3,6,0
HK,1994,11,A7,3,7,0
HK,1994,11,A7,3,8,1
HK,1994,11,A7,3,9,0
HK,1994,11,A7,3,10,0
HK,1994,11,A7,3,11,0
HK,1994,11,A7,3,12,0
HK,1994,11,A7,3,13,3
HK,1994,11,A7,3,14,0
HK,1994,11,A7,3,15,0
HK,1994,11,A7,3,16,0
HK,1994,11,A7,3,17,3
HK,1994,11,A7,3,18,0
HK,1994,11,A7,3,19,0
HK,1994,11,A7,3,20,0
HK,1994,11,A7,3,21,0
HK,1994,11,A7,3,22,0
HK,1994,11,A7,4,0,0
HK,1994,11,A7,4,1,0
HK,1994,11,A7,4,2,0
HK,1994,11,A7,4,3,35
HK,1994,11,A7,4,4,127
HK,1994,11,A7,4,5,0
HK,1994,11,A7,4,6,0
HK,1994,11,A7,4,7,0
HK,1994,11,A7,4,8,2
HK,1994,11,A7,4,9,0
HK,1994,11,A7,4,10,0
HK,1994,11,A7,4,11,0
HK,1994,11,A7,4,12,0
HK,1994,11,A7,4,13,1
HK,1994,11,A7,4,14,0
HK,1994,11,A7,4,15,0
HK,1994,11,A7,4,16,0
HK,1994,11,A7,4,17,0
HK,1994,11,A7,4,18,0
HK,1994,11,A7,4,19,0
HK,1994,11,A7,4,20,0
HK,1994,11,A7,4,21,0
HK,1994,11,A7,4,22,0
HK,1994,11,A7,5,0,0
HK,1994,11,A7,5,1,0
HK,1994,11,A7,5,2,0
HK,1994,11,A7,5,3,0
HK,1994,11,A7,5,4,0
HK,1994,11,A7,5,5,0
HK,1994,11,A7,5,6,0
HK,1994,11,A7,5,7,0
HK,1994,11,A7,5,8,0
HK,1994,11,A7,5,9,0
HK,1994,11,A7,5,10,0
HK,1994,11,A7,5,11,0
HK,1994,11,A7,5,12,0
HK,1994,11,A7,5,13,0
HK,1994,11,A7,5,14,1
HK,1994,11,A7,5,15,0
HK,1994,11,A7,5,16,0
HK,1994,11,A7,5,17,0
HK,1994,11,A7,5,18,0
HK,1994,11,A7,5,19,0
HK,1994,11,A7,5,20,0
HK,1994,11,A7,5,21,0
HK,1994,11,A7,5,22,0
HK,1994,11,A7,6,0,0
HK,1994,11,A7,6,1,0
HK,1994,11,A7,6,2,0
HK,1994,11,A7,6,3,0
HK,1994,11,A7,6,4,0
HK,1994,11,A7,6,5,0
HK,1994,11,A7,6,6,0
HK,1994,11,A7,6,7,0
HK,1994,11,A7,6,8,0
HK,1994,11,A7,6,9,0
HK,1994,11,A7,6,10,0
HK,1994,11,A7,6,11,0
HK,1994,11,A7,6,12,0
HK,1994,11,A7,6,13,0
HK,1994,11,A7,6,14,0
HK,1994,11,A7,6,15,0
HK,1994,11,A7,6,16,0
HK,1994,11,A7,6,17,0
HK,1994,11,A7,6,18,0
HK,1994,11,A7,6,19,0
HK,1994,11,A7,6,20,1
HK,1994,11,A7,6,21,0
HK,1994,11,A7,6,22,0
HK,1994,11,A7,7,0,0
HK,1994,11,A7,7,1,0
HK,1994,11,A7,7,2,0
HK,1994,11,A7,7,3,0
HK,1994,11,A7,7,4,0
HK,1994,11,A7,7,5,0
HK,1994,11,A7,7,6,0
HK,1994,11,A7,7,7,21
HK,1994,11,A7,7,8,0
HK,1994,11,A7,7,9,0
HK,1994,11,A7,7,10,0
HK,1994,11,A7,7,11,0
HK,1994,11,A7,7,12,0
HK,1994,11,A7,7,13,0
HK,1994,11,A7,7,14,0
HK,1994,11,A7,7,15,0
HK,1994,11,A7,7,16,0
HK,1994,11,A7,7,17,0
HK,1994,11,A7,7,18,0
HK,1994,11,A7,7,19,0
HK,1994,11,A7,7,20,0
HK,1994,11,A7,7,21,0
HK,1994,11,A7,7,22,0
HK,1994,11,A7,8,0,0
HK,1994,11,A7,8,1,0
HK,1994,11,A7,8,2,0
HK,1994,11,A7,8,3,0
HK,1994,11,A7,8,4,0
HK,1994,11,A7,8,5,0
HK,1994,11,A7,8,6,0
HK,1994,11,A7,8,7,0
HK,1994,11,A7,8,8,144
HK,1994,11,A7,8,9,0
HK,1994,11,A7,8,10,0
HK,1994,11,A7,8,11,0
HK,1994,11,A7,8,12,0
HK,1994,11,A7,8,13,0
HK,1994,11,A7,8,14,0
HK,1994,11,A7,8,15,0
HK,1994,11,A7,8,16,0
HK,1994,11,A7,8,17,6
HK,1994,11,A7,8,18,2
HK,1994,11,A7,8,19,1
HK,1994,11,A7,8,20,0
HK,1994,11,A7,8,21,0
HK,1994,11,A7,8,22,0
HK,1994,11,A7,9,0,0
HK,1994,11,A7,9,1,0
HK,1994,11,A7,9,2,0
HK,1994,11,A7,9,3,0
HK,1994,11,A7,9,4,0
HK,1994,11,A7,9,5,0
HK,1994,11,A7,9,6,0
HK,1994,11,A7,9,7,0
HK,1994,11,A7,9,8,0
HK,1994,11,A7,9,9,158
HK,1994,11,A7,9,10,2
HK,1994,11,A7,9,11,2
HK,1994,11,A7,9,12,0
HK,1994,11,A7,9,13,0
HK,1994,11,A7,9,14,0
HK,1994,11,A7,9,15,0
HK,1994,11,A7,9,16,0
HK,1994,11,A7,9,17,1
HK,1994,11,A7,9,18,0
HK,1994,11,A7,9,19,1
HK,1994,11,A7,9,20,0
HK,1994,11,A7,9,21,0
HK,1994,11,A7,9,22,0
HK,1994,11,A7,10,0,11
HK,1994,11,A7,10,1,0
HK,1994,11,A7,10,2,0
HK,1994,11,A7,10,3,0
HK,1994,11,A7,10,4,0
HK,1994,11,A7,10,5,0
HK,1994,11,A7,10,6,0
HK,1994,11,A7,10,7,0
HK,1994,11,A7,10,8,0
HK,1994,11,A7,10,9,0
HK,1994,11,A7,10,10,103
HK,1994,11,A7,10,11,20
HK,1994,11,A7,10,12,3
HK,1994,11,A7,10,13,0
HK,1994,11,A7,10,14,0
HK,1994,11,A7,10,15,0
HK,1994,11,A7,10,16,13
HK,1994,11,A7,10,17,0
HK,1994,11,A7,10,18,0
HK,1994,11,A7,10,19,0
HK,1994,11,A7,10,20,0
HK,1994,11,A7,10,21,0
HK,1994,11,A7,10,22,0
HK,1994,11,A7,11,0,5
HK,1994,11,A7,11,1,0
HK,1994,11,A7,11,2,0
HK,1994,11,A7,11,3,0
HK,1994,11,A7,11,4,0
HK,1994,11,A7,11,5,0
HK,1994,11,A7,11,6,0
HK,1994,11,A7,11,7,0
HK,1994,11,A7,11,8,0
HK,1994,11,A7,11,9,0
HK,1994,11,A7,11,10,11
HK,1994,11,A7,11,11,27
HK,1994,11,A7,11,12,11
HK,1994,11,A7,11,13,0
HK,1994,11,A7,11,14,0
HK,1994,11,A7,11,15,0
HK,1994,11,A7,11,16,7
HK,1994,11,A7,11,17,0
HK,1994,11,A7,11,18,0
HK,1994,11,A7,11,19,0
HK,1994,11,A7,11,20,0
HK,1994,11,A7,11,21,0
HK,1994,11,A7,11,22,0
HK,1994,11,A7,12,0,2
HK,1994,11,A7,12,1,0
HK,1994,11,A7,12,2,0
HK,1994,11,A7,12,3,0
HK,1994,11,A7,12,4,0
HK,1994,11,A7,12,5,0
HK,1994,11,A7,12,6,0
HK,1994,11,A7,12,7,0
HK,1994,11,A7,12,8,0
HK,1994,11,A7,12,9,0
HK,1994,11,A7,12,10,2
HK,1994,11,A7,12,11,7
HK,1994,11,A7,12,12,29
HK,1994,11,A7,12,13,0
HK,1994,11,A7,12,14,0
HK,1994,11,A7,12,15,0
HK,1994,11,A7,12,16,1
HK,1994,11,A7,12,17,0
HK,1994,11,A7,12,18,0
HK,1994,11,A7,12,19,0
HK,1994,11,A7,12,20,0
HK,1994,11,A7,12,21,0
HK,1994,11,A7,12,22,0
HK,1994,11,A7,13,0,0
HK,1994,11,A7,13,1,0
HK,1994,11,A7,13,2,0
HK,1994,11,A7,13,3,0
HK,1994,11,A7,13,4,0
HK,1994,11,A7,13,5,0
HK,1994,11,A7,13,6,0
HK,1994,11,A7,13,7,0
HK,1994,11,A7,13,8,0
HK,1994,11,A7,13,9,4
HK,1994,11,A7,13,10,0
HK,1994,11,A7,13,11,3
HK,1994,11,A7,13,12,0
HK,1994,11,A7,13,13,141
HK,1994,11,A7,13,14,0
HK,1994,11,A7,13,15,0
HK,1994,11,A7,13,16,0
HK,1994,11,A7,13,17,6
HK,1994,11,A7,13,18,2
HK,1994,11,A7,13,19,0
HK,1994,11,A7,13,20,2
HK,1994,11,A7,13,21,1
HK,1994,11,A7,13,22,1
HK,1994,11,A7,14,0,0
HK,1994,11,A7,14,1,0
HK,1994,11,A7,14,2,0
HK,1994,11,A7,14,3,0
HK,1994,11,A7,14,4,0
HK,1994,11,A7,14,5,4
HK,1994,11,A7,14,6,0
HK,1994,11,A7,14,7,0
HK,1994,11,A7,14,8,2
HK,1994,11,A7,14,9,0
HK,1994,11,A7,14,10,0
HK,1994,11,A7,14,11,0
HK,1994,11,A7,14,12,0
HK,1994,11,A7,14,13,0
HK,1994,11,A7,14,14,52
HK,1994,11,A7,14,15,0
HK,1994,11,A7,14,16,0
HK,1994,11,A7,14,17,2
HK,1994,11,A7,14,18,0
HK,1994,11,A7,14,19,0
HK,1994,11,A7,14,20,0
HK,1994,11,A7,14,21,0
HK,1994,11,A7,14,22,0
HK,1994,11,A7,15,0,0
HK,1994,11,A7,15,1,0
HK,1994,11,A7,15,2,0
HK,1994,11,A7,15,3,0
HK,1994,11,A7,15,4,0
HK,1994,11,A7,15,5,0
HK,1994,11,A7,15,6,0
HK,1994,11,A7,15,7,0
HK,1994,11,A7,15,8,0
HK,1994,11,A7,15,9,0
HK,1994,11,A7,15,10,0
HK,1994,11,A7,15,11,0
HK,1994,11,A7,15,12,0
HK,1994,11,A7,15,13,0
HK,1994,11,A7,15,14,1
HK,1994,11,A7,15,15,122
HK,1994,11,A7,15,16,0
HK,1994,11,A7,15,17,0
HK,1994,11,A7,15,18,0
HK,1994,11,A7,15,19,0
HK,1994,11,A7,15,20,0
HK,1994,11,A7,15,21,0
HK,1994,11,A7,15,22,0
HK,1994,11,A7,16,0,2
HK,1994,11,A7,16,1,0
HK,1994,11,A7,16,2,0
HK,1994,11,A7,16,3,0
HK,1994,11,A7,16,4,0
HK,1994,11,A7,16,5,0
HK,1994,11,A7,16,6,0
HK,1994,11,A7,16,7,0
HK,1994,11,A7,16,8,0
HK,1994,11,A7,16,9,0
HK,1994,11,A7,16,10,2
HK,1994,11,A7,16,11,3
HK,1994,11,A7,16,12,0
HK,1994,11,A7,16,13,0
HK,1994,11,A7,16,14,0
HK,1994,11,A7,16,15,0
HK,1994,11,A7,16,16,1
HK,1994,11,A7,16,17,0
HK,1994,11,A7,16,18,0
HK,1994,11,A7,16,19,0
HK,1994,11,A7,16,20,0
HK,1994,11,A7,16,21,0
HK,1994,11,A7,16,22,0
HK,1994,11,A7,17,0,0
HK,1994,11,A7,17,1,0
HK,1994,11,A7,17,2,0
HK,1994,11,A7,17,3,0
HK,1994,11,A7,17,4,0
HK,1994,11,A7,17,5,0
HK,1994,11,A7,17,6,0
HK,1994,11,A7,17,7,0
HK,1994,11,A7,17,8,1
HK,1994,11,A7,17,9,0
HK,1994,11,A7,17,10,0
HK,1994,11,A7,17,11,0
HK,1994,11,A7,17,12,0
HK,1994,11,A7,17,13,0
HK,1994,11,A7,17,14,0
HK,1994,11,A7,17,15,0
HK,1994,11,A7,17,16,0
HK,1994,11,A7,17,17,3
HK,1994,11,A7,17,18,1
HK,1994,11,A7,17,19,0
HK,1994,11,A7,17,20,0
HK,1994,11,A7,17,21,0
HK,1994,11,A7,17,22,0
HK,1994,11,A7,18,0,0
HK,1994,11,A7,18,1,0
HK,1994,11,A7,18,2,0
HK,1994,11,A7,18,3,0
HK,1994,11,A7,18,4,0
HK,1994,11,A7,18,5,0
HK,1994,11,A7,18,6,2
HK,1994,11,A7,18,7,0
HK,1994,11,A7,18,8,3
HK,1994,11,A7,18,9,0
HK,1994,11,A7,18,10,0
HK,1994,11,A7,18,11,0
HK,1994,11,A7,18,12,0
HK,1994,11,A7,18,13,1
HK,1994,11,A7,18,14,0
HK,1994,11,A7,18,15,0
HK,1994,11,A7,18,16,0
HK,1994,11,A7,18,17,4
HK,1994,11,A7,18,18,10
HK,1994,11,A7,18,19,5
HK,1994,11,A7,18,20,6
HK,1994,11,A7,18,21,0
HK,1994,11,A7,18,22,2
HK,1994,11,A7,19,0,0
HK,1994,11,A7,19,1,0
HK,1994,11,A7,19,2,0
HK,1994,11,A7,19,3,0
HK,1994,11,A7,19,4,0
HK,1994,11,A7,19,5,0
HK,1994,11,A7,19,6,0
HK,1994,11,A7,19,7,0
HK,1994,11,A7,19,8,0
HK,1994,11,A7,19,9,0
HK,1994,11,A7,19,10,0
HK,1994,11,A7,19,11,0
HK,1994,11,A7,19,12,0
HK,1994,11,A7,19,13,0
HK,1994,11,A7,19,14,0
HK,1994,11,A7,19,15,0
HK,1994,11,A7,19,16,0
HK,1994,11,A7,19,17,0
HK,1994,11,A7,19,18,0
HK,1994,11,A7,19,19,0
HK,1994,11,A7,19,20,2
HK,1994,11,A7,19,21,0
HK,1994,11,A7,19,22,0
HK,1994,11,A7,20,0,0
HK,1994,11,A7,20,1,2
HK,1994,11,A7,20,2,0
HK,1994,11,A7,20,3,0
HK,1994,11,A7,20,4,0
HK,1994,11,A7,20,5,0
HK,1994,11,A7,20,6,4
HK,1994,11,A7,20,7,0
HK,1994,11,A7,20,8,5
HK,1994,11,A7,20,9,1
HK,1994,11,A7,20,10,0
HK,1994,11,A7,20,11,0
HK,1994,11,A7,20,12,0
HK,1994,11,A7,20,13,1
HK,1994,11,A7,20,14,1
HK,1994,11,A7,20,15,0
HK,1994,11,A7,20,16,0
HK,1994,11,A7,20,17,3
HK,1994,11,A7,20,18,10
HK,1994,11,A7,20,19,2
HK,1994,11,A7,20,20,17
HK,1994,11,A7,20,21,9
HK,1994,11,A7,20,22,11
HK,1994,11,A7,21,0,0
HK,1994,11,A7,21,1,0
HK,1994,11,A7,21,2,0
HK,1994,11,A7,21,3,0
HK,1994,11,A7,21,4,0
HK,1994,11,A7,21,5,0
HK,1994,11,A7,21,6,1
HK,1994,11,A7,21,7,0
HK,1994,11,A7,21,8,0
HK,1994,11,A7,21,9,0
HK,1994,11,A7,21,10,0
HK,1994,11,A7,21,11,0
HK,1994,11,A7,21,12,0
HK,1994,11,A7,21,13,0
HK,1994,11,A7,21,14,0
HK,1994,11,A7,21,15,0
HK,1994,11,A7,21,16,0
HK,1994,11,A7,21,17,0
HK,1994,11,A7,21,18,0
HK,1994,11,A7,21,19,1
HK,1994,11,A7,21,20,1
HK,1994,11,A7,21,21,0
HK,1994,11,A7,21,22,1
HK,1994,11,A7,22,0,0
HK,1994,11,A7,22,1,0
HK,1994,11,A7,22,2,0
HK,1994,11,A7,22,3,0
HK,1994,11,A7,22,4,0
HK,1994,11,A7,22,5,0
HK,1994,11,A7,22,6,1
HK,1994,11,A7,22,7,0
HK,1994,11,A7,22,8,0
HK,1994,11,A7,22,9,0
HK,1994,11,A7,22,10,0
HK,1994,11,A7,22,11,0
HK,1994,11,A7,22,12,0
HK,1994,11,A7,22,13,0
HK,1994,11,A7,22,14,0
HK,1994,11,A7,22,15,0
HK,1994,11,A7,22,16,0
HK,1994,11,A7,22,17,0
HK,1994,11,A7,22,18,0
HK,1994,11,A7,22,19,1
HK,1994,11,A7,22,20,2
HK,1994,11,A7,22,21,5
HK,1994,11,A7,22,22,12
HK,1994,11,A8,0,0,5
HK,1994,11,A8,0,1,0
HK,1994,11,A8,0,2,0
HK,1994,11,A8,0,3,0
HK,1994,11,A8,0,4,0
HK,1994,11,A8,0,5,0
HK,1994,11,A8,0,6,0
HK,1994,11,A8,0,7,0
HK,1994,11,A8,0,8,0
HK,1994,11,A8,0,9,0
HK,1994,11,A8,0,10,1
HK,1994,11,A8,0,11,0
HK,1994,11,A8,0,12,0
HK,1994,11,A8,0,13,0
HK,1994,11,A8,0,14,0
HK,1994,11,A8,0,15,0
HK,1994,11,A8,0,16,1
HK,1994,11,A8,0,17,0
HK,1994,11,A8,0,18,0
HK,1994,11,A8,0,19,0
HK,1994,11,A8,0,20,0
HK,1994,11,A8,0,21,0
HK,1994,11,A8,0,22,0
HK,1994,11,A8,1,0,0
HK,1994,11,A8,1,1,103
HK,1994,11,A8,1,2,10
HK,1994,11,A8,1,3,0
HK,1994,11,A8,1,4,0
HK,1994,11,A8,1,5,0
HK,1994,11,A8,1,6,0
HK,1994,11,A8,1,7,0
HK,1994,11,A8,1,8,0
HK,1994,11,A8,1,9,0
HK,1994,11,A8,1,10,0
HK,1994,11,A8,1,11,0
HK,1994,11,A8,1,12,0
HK,1994,11,A8,1,13,0
HK,1994,11,A8,1,14,0
HK,1994,11,A8,1,15,0
HK,1994,11,A8,1,16,0
HK,1994,11,A8,1,17,0
HK,1994,11,A8,1,18,0
HK,1994,11,A8,1,19,0
HK,1994,11,A8,1,20,0
HK,1994,11,A8,1,21,0
HK,1994,11,A8,1,22,0
HK,1994,11,A8,2,0,0
HK,1994,11,A8,2,1,1
HK,1994,11,A8,2,2,152
HK,1994,11,A8,2,3,0
HK,1994,11,A8,2,4,0
HK,1994,11,A8,2,5,0
HK,1994,11,A8,2,6,0
HK,1994,11,A8,2,7,29
HK,1994,11,A8,2,8,0
HK,1994,11,A8,2,9,0
HK,1994,11,A8,2,10,0
HK,1994,11,A8,2,11,0
HK,1994,11,A8,2,12,0
HK,1994,11,A8,2,13,0
HK,1994,11,A8,2,14,0
HK,1994,11,A8,2,15,0
HK,1994,11,A8,2,16,0
HK,1994,11,A8,2,17,0
HK,1994,11,A8,2,18,0
HK,1994,11,A8,2,19,0
HK,1994,11,A8,2,20,0
HK,1994,11,A8,2,21,0
HK,1994,11,A8,2,22,0
HK,1994,11,A8,3,0,0
HK,1994,11,A8,3,1,0
HK,1994,11,A8,3,2,0
HK,1994,11,A8,3,3,128
HK,1994,11,A8,3,4,28
HK,1994,11,A8,3,5,0
HK,1994,11,A8,3,6,0
HK,1994,11,A8,3,7,0
HK,1994,11,A8,3,8,0
HK,1994,11,A8,3,9,0
HK,1994,11,A8,3,10,0
HK,1994,11,A8,3,11,0
HK,1994,11,A8,3,12,0
HK,1994,11,A8,3,13,0
HK,1994,11,A8,3,14,0
HK,1994,11,A8,3,15,0
HK,1994,11,A8,3,16,0
HK,1994,11,A8,3,17,1
HK,1994,11,A8,3,18,0
HK,1994,11,A8,3,19,0
HK,1994,11,A8,3,20,0
HK,1994,11,A8,3,21,0
HK,1994,11,A8,3,22,0
HK,1994,11,A8,4,0,0
HK,1994,11,A8,4,1,0
HK,1994,11,A8,4,2,0
HK,1994,11,A8,4,3,20
HK,1994,11,A8,4,4,144
HK,1994,11,A8,4,5,0
HK,1994,11,A8,4,6,0
HK,1994,11,A8,4,7,0
HK,1994,11,A8,4,8,1
HK,1994,11,A8,4,9,0
HK,1994,11,A8,4,10,0
HK,1994,11,A8,4,11,0
HK,1994,11,A8,4,12,0
HK,1994,11,A8,4,13,0
HK,1994,11,A8,4,14,0
HK,1994,11,A8,4,15,0
HK,1994,11,A8,4,16,0
HK,1994,11,A8,4,17,0
HK,1994,11,A8,4,18,0
HK,1994,11,A8,4,19,0
HK,1994,11,A8,4,20,0
HK,1994,11,A8,4,21,0
HK,1994,11,A8,4,22,0
HK,1994,11,A8,5,0,0
HK,1994,11,A8,5,1,0
HK,1994,11,A8,5,2,0
HK,1994,11,A8,5,3,0
HK,1994,11,A8,5,4,0
HK,1994,11,A8,5,5,0
HK,1994,11,A8,5,6,0
HK,1994,11,A8,5,7,0
HK,1994,11,A8,5,8,0
HK,1994,11,A8,5,9,0
HK,1994,11,A8,5,10,0
HK,1994,11,A8,5,11,0
HK,1994,11,A8,5,12,0
HK,1994,11,A8,5,13,0
HK,1994,11,A8,5,14,1
HK,1994,11,A8,5,15,0
HK,1994,11,A8,5,16,0
HK,1994,11,A8,5,17,0
HK,1994,11,A8,5,18,0
HK,1994,11,A8,5,19,0
HK,1994,11,A8,5,20,0
HK,1994,11,A8,5,21,0
HK,1994,11,A8,5,22,0
HK,1994,11,A8,6,0,0
HK,1994,11,A8,6,1,0
HK,1994,11,A8,6,2,0
HK,1994,11,A8,6,3,0
HK,1994,11,A8,6,4,0
HK,1994,11,A8,6,5,0
HK,1994,11,A8,6,6,0
HK,1994,11,A8,6,7,0
HK,1994,11,A8,6,8,0
HK,1994,11,A8,6,9,0
HK,1994,11,A8,6,10,0
HK,1994,11,A8,6,11,0
HK,1994,11,A8,6,12,0
HK,1994,11,A8,6,13,0
HK,1994,11,A8,6,14,0
HK,1994,11,A8,6,15,0
HK,1994,11,A8,6,16,0
HK,1994,11,A8,6,17,0
HK,1994,11,A8,6,18,0
HK,1994,11,A8,6,19,0
HK,1994,11,A8,6,20,1
HK,1994,11,A8,6,21,0
HK,1994,11,A8,6,22,0
HK,1994,11,A8,7,0,0
HK,1994,11,A8,7,1,0
HK,1994,11,A8,7,2,0
HK,1994,11,A8,7,3,0
HK,1994,11,A8,7,4,0
HK,1994,11,A8,7,5,0
HK,1994,11,A8,7,6,0
HK,1994,11,A8,7,7,21
HK,1994,11,A8,7,8,0
HK,1994,11,A8,7,9,0
HK,1994,11,A8,7,10,0
HK,1994,11,A8,7,11,0
HK,1994,11,A8,7,12,0
HK,1994,11,A8,7,13,0
HK,1994,11,A8,7,14,0
HK,1994,11,A8,7,15,0
HK,1994,11,A8,7,16,0
HK,1994,11,A8,7,17,0
HK,1994,11,A8,7,18,0
HK,1994,11,A8,7,19,0
HK,1994,11,A8,7,20,0
HK,1994,11,A8,7,21,0
HK,1994,11,A8,7,22,0
HK,1994,11,A8,8,0,0
HK,1994,11,A8,8,1,0
HK,1994,11,A8,8,2,0
HK,1994,11,A8,8,3,0
HK,1994,11,A8,8,4,0
HK,1994,11,A8,8,5,0
HK,1994,11,A8,8,6,0
HK,1994,11,A8,8,7,0
HK,1994,11,A8,8,8,151
HK,1994,11,A8,8,9,0
HK,1994,11,A8,8,10,0
HK,1994,11,A8,8,11,0
HK,1994,11,A8,8,12,0
HK,1994,11,A8,8,13,0
HK,1994,11,A8,8,14,0
HK,1994,11,A8,8,15,0
HK,1994,11,A8,8,16,0
HK,1994,11,A8,8,17,2
HK,1994,11,A8,8,18,0
HK,1994,11,A8,8,19,0
HK,1994,11,A8,8,20,0
HK,1994,11,A8,8,21,0
HK,1994,11,A8,8,22,0
HK,1994,11,A8,9,0,0
HK,1994,11,A8,9,1,0
HK,1994,11,A8,9,2,0
HK,1994,11,A8,9,3,0
HK,1994,11,A8,9,4,0
HK,1994,11,A8,9,5,0
HK,1994,11,A8,9,6,0
HK,1994,11,A8,9,7,0
HK,1994,11,A8,9,8,0
HK,1994,11,A8,9,9,163
HK,1994,11,A8,9,10,0
HK,1994,11,A8,9,11,0
HK,1994,11,A8,9,12,0
HK,1994,11,A8,9,13,0
HK,1994,11,A8,9,14,0
HK,1994,11,A8,9,15,0
HK,1994,11,A8,9,16,0
HK,1994,11,A8,9,17,0
HK,1994,11,A8,9,18,0
HK,1994,11,A8,9,19,1
HK,1994,11,A8,9,20,0
HK,1994,11,A8,9,21,0
HK,1994,11,A8,9,22,0
HK,1994,11,A8,10,0,12
HK,1994,11,A8,10,1,0
HK,1994,11,A8,10,2,0
HK,1994,11,A8,10,3,0
HK,1994,11,A8,10,4,0
HK,1994,11,A8,10,5,0
HK,1994,11,A8,10,6,0
HK,1994,11,A8,10,7,0
HK,1994,11,A8,10,8,0
HK,1994,11,A8,10,9,2
HK,1994,11,A8,10,10,114
HK,1994,11,A8,10,11,10
HK,1994,11,A8,10,12,5
HK,1994,11,A8,10,13,0
HK,1994,11,A8,10,14,0
HK,1994,11,A8,10,15,0
HK,1994,11,A8,10,16,7
HK,1994,11,A8,10,17,0
HK,1994,11,A8,10,18,0
HK,1994,11,A8,10,19,0
HK,1994,11,A8,10,20,0
HK,1994,11,A8,10,21,0
HK,1994,11,A8,10,22,0
HK,1994,11,A8,11,0,4
HK,1994,11,A8,11,1,0
HK,1994,11,A8,11,2,0
HK,1994,11,A8,11,3,0
HK,1994,11,A8,11,4,0
HK,1994,11,A8,11,5,0
HK,1994,11,A8,11,6,0
HK,1994,11,A8,11,7,0
HK,1994,11,A8,11,8,0
HK,1994,11,A8,11,9,2
HK,1994,11,A8,11,10,17
HK,1994,11,A8,11,11,17
HK,1994,11,A8,11,12,12
HK,1994,11,A8,11,13,1
HK,1994,11,A8,11,14,0
HK,1994,11,A8,11,15,1
HK,1994,11,A8,11,16,7
HK,1994,11,A8,11,17,0
HK,1994,11,A8,11,18,0
HK,1994,11,A8,11,19,0
HK,1994,11,A8,11,20,0
HK,1994,11,A8,11,21,0
HK,1994,11,A8,11,22,0
HK,1994,11,A8,12,0,1
HK,1994,11,A8,12,1,0
HK,1994,11,A8,12,2,0
HK,1994,11,A8,12,3,0
HK,1994,11,A8,12,4,0
HK,1994,11,A8,12,5,0
HK,1994,11,A8,12,6,0
HK,1994,11,A8,12,7,0
HK,1994,11,A8,12,8,0
HK,1994,11,A8,12,9,0
HK,1994,11,A8,12,10,2
HK,1994,11,A8,12,11,4
HK,1994,11,A8,12,12,32
HK,1994,11,A8,12,13,0
HK,1994,11,A8,12,14,0
HK,1994,11,A8,12,15,0
HK,1994,11,A8,12,16,2
HK,1994,11,A8,12,17,0
HK,1994,11,A8,12,18,0
HK,1994,11,A8,12,19,0
HK,1994,11,A8,12,20,0
HK,1994,11,A8,12,21,0
HK,1994,11,A8,12,22,0
HK,1994,11,A8,13,0,0
HK,1994,11,A8,13,1,1
HK,1994,11,A8,13,2,0
HK,1994,11,A8,13,3,0
HK,1994,11,A8,13,4,0
HK,1994,11,A8,13,5,0
HK,1994,11,A8,13,6,0
HK,1994,11,A8,13,7,0
HK,1994,11,A8,13,8,0
HK,1994,11,A8,13,9,4
HK,1994,11,A8,13,10,0
HK,1994,11,A8,13,11,0
HK,1994,11,A8,13,12,0
HK,1994,11,A8,13,13,153
HK,1994,11,A8,13,14,0
HK,1994,11,A8,13,15,1
HK,1994,11,A8,13,16,0
HK,1994,11,A8,13,17,0
HK,1994,11,A8,13,18,0
HK,1994,11,A8,13,19,0
HK,1994,11,A8,13,20,0
HK,1994,11,A8,13,21,0
HK,1994,11,A8,13,22,1
HK,1994,11,A8,14,0,0
HK,1994,11,A8,14,1,0
HK,1994,11,A8,14,2,0
HK,1994,11,A8,14,3,0
HK,1994,11,A8,14,4,0
HK,1994,11,A8,14,5,1
HK,1994,11,A8,14,6,0
HK,1994,11,A8,14,7,0
HK,1994,11,A8,14,8,0
HK,1994,11,A8,14,9,0
HK,1994,11,A8,14,10,0
HK,1994,11,A8,14,11,0
HK,1994,11,A8,14,12,0
HK,1994,11,A8,14,13,0
HK,1994,11,A8,14,14,57
HK,1994,11,A8,14,15,0
HK,1994,11,A8,14,16,0
HK,1994,11,A8,14,17,1
HK,1994,11,A8,14,18,1
HK,1994,11,A8,14,19,0
HK,1994,11,A8,14,20,0
HK,1994,11,A8,14,21,0
HK,1994,11,A8,14,22,0
HK,1994,11,A8,15,0,0
HK,1994,11,A8,15,1,0
HK,1994,11,A8,15,2,0
HK,1994,11,A8,15,3,0
HK,1994,11,A8,15,4,0
HK,1994,11,A8,15,5,0
HK,1994,11,A8,15,6,0
HK,1994,11,A8,15,7,0
HK,1994,11,A8,15,8,0
HK,1994,11,A8,15,9,0
HK,1994,11,A8,15,10,0
HK,1994,11,A8,15,11,0
HK,1994,11,A8,15,12,0
HK,1994,11,A8,15,13,0
HK,1994,11,A8,15,14,1
HK,1994,11,A8,15,15,122
HK,1994,11,A8,15,16,0
HK,1994,11,A8,15,17,0
HK,1994,11,A8,15,18,0
HK,1994,11,A8,15,19,0
HK,1994,11,A8,15,20,0
HK,1994,11,A8,15,21,0
HK,1994,11,A8,15,22,0
HK,1994,11,A8,16,0,3
HK,1994,11,A8,16,1,0
HK,1994,11,A8,16,2,0
HK,1994,11,A8,16,3,0
HK,1994,11,A8,16,4,0
HK,1994,11,A8,16,5,0
HK,1994,11,A8,16,6,0
HK,1994,11,A8,16,7,0
HK,1994,11,A8,16,8,0
HK,1994,11,A8,16,9,0
HK,1994,11,A8,16,10,2
HK,1994,11,A8,16,11,1
HK,1994,11,A8,16,12,0
HK,1994,11,A8,16,13,0
HK,1994,11,A8,16,14,0
HK,1994,11,A8,16,15,0
HK,1994,11,A8,16,16,2
HK,1994,11,A8,16,17,0
HK,1994,11,A8,16,18,0
HK,1994,11,A8,16,19,0
HK,1994,11,A8,16,20,0
HK,1994,11,A8,16,21,0
HK,1994,11,A8,16,22,0
HK,1994,11,A8,17,0,0
HK,1994,11,A8,17,1,0
HK,1994,11,A8,17,2,0
HK,1994,11,A8,17,3,0
HK,1994,11,A8,17,4,1
HK,1994,11,A8,17,5,0
HK,1994,11,A8,17,6,0
HK,1994,11,A8,17,7,0
HK,1994,11,A8,17,8,0
HK,1994,11,A8,17,9,0
HK,1994,11,A8,17,10,0
HK,1994,11,A8,17,11,0
HK,1994,11,A8,17,12,0
HK,1994,11,A8,17,13,0
HK,1994,11,A8,17,14,0
HK,1994,11,A8,17,15,0
HK,1994,11,A8,17,16,0
HK,1994,11,A8,17,17,4
HK,1994,11,A8,17,18,0
HK,1994,11,A8,17,19,0
HK,1994,11,A8,17,20,0
HK,1994,11,A8,17,21,0
HK,1994,11,A8,17,22,0
HK,1994,11,A8,18,0,0
HK,1994,11,A8,18,1,1
HK,1994,11,A8,18,2,0
HK,1994,11,A8,18,3,0
HK,1994,11,A8,18,4,0
HK,1994,11,A8,18,5,0
HK,1994,11,A8,18,6,1
HK,1994,11,A8,18,7,0
HK,1994,11,A8,18,8,2
HK,1994,11,A8,18,9,0
HK,1994,11,A8,18,10,0
HK,1994,11,A8,18,11,0
HK,1994,11,A8,18,12,0
HK,1994,11,A8,18,13,0
HK,1994,11,A8,18,14,0
HK,1994,11,A8,18,15,0
HK,1994,11,A8,18,16,1
HK,1994,11,A8,18,17,7
HK,1994,11,A8,18,18,10
HK,1994,11,A8,18,19,3
HK,1994,11,A8,18,20,2
HK,1994,11,A8,18,21,1
HK,1994,11,A8,18,22,5
HK,1994,11,A8,19,0,0
HK,1994,11,A8,19,1,0
HK,1994,11,A8,19,2,0
HK,1994,11,A8,19,3,0
HK,1994,11,A8,19,4,0
HK,1994,11,A8,19,5,0
HK,1994,11,A8,19,6,0
HK,1994,11,A8,19,7,0
HK,1994,11,A8,19,8,0
HK,1994,11,A8,19,9,0
HK,1994,11,A8,19,10,0
HK,1994,11,A8,19,11,0
HK,1994,11,A8,19,12,0
HK,1994,11,A8,19,13,0
HK,1994,11,A8,19,14,0
HK,1994,11,A8,19,15,0
HK,1994,11,A8,19,16,0
HK,1994,11,A8,19,17,0
HK,1994,11,A8,19,18,0
HK,1994,11,A8,19,19,0
HK,1994,11,A8,19,20,0
HK,1994,11,A8,19,21,2
HK,1994,11,A8,19,22,0
HK,1994,11,A8,20,0,0
HK,1994,11,A8,20,1,3
HK,1994,11,A8,20,2,4
HK,1994,11,A8,20,3,0
HK,1994,11,A8,20,4,0
HK,1994,11,A8,20,5,1
HK,1994,11,A8,20,6,1
HK,1994,11,A8,20,7,0
HK,1994,11,A8,20,8,5
HK,1994,11,A8,20,9,0
HK,1994,11,A8,20,10,0
HK,1994,11,A8,20,11,0
HK,1994,11,A8,20,12,1
HK,1994,11,A8,20,13,0
HK,1994,11,A8,20,14,2
HK,1994,11,A8,20,15,0
HK,1994,11,A8,20,16,0
HK,1994,11,A8,20,17,2
HK,1994,11,A8,20,18,7
HK,1994,11,A8,20,19,6
HK,1994,11,A8,20,20,12
HK,1994,11,A8,20,21,7
HK,1994,11,A8,20,22,15
HK,1994,11,A8,21,0,0
HK,1994,11,A8,21,1,0
HK,1994,11,A8,21,2,0
HK,1994,11,A8,21,3,0
HK,1994,11,A8,21,4,0
HK,1994,11,A8,21,5,0
HK,1994,11,A8,21,6,0
HK,1994,11,A8,21,7,0
HK,1994,11,A8,21,8,0
HK,1994,11,A8,21,9,0
HK,1994,11,A8,21,10,0
HK,1994,11,A8,21,11,0
HK,1994,11,A8,21,12,0
HK,1994,11,A8,21,13,0
HK,1994,11,A8,21,14,0
HK,1994,11,A8,21,15,0
HK,1994,11,A8,21,16,0
HK,1994,11,A8,21,17,0
HK,1994,11,A8,21,18,0
HK,1994,11,A8,21,19,1
HK,1994,11,A8,21,20,1
HK,1994,11,A8,21,21,0
HK,1994,11,A8,21,22,2
HK,1994,11,A8,22,0,0
HK,1994,11,A8,22,1,0
HK,1994,11,A8,22,2,0
HK,1994,11,A8,22,3,0
HK,1994,11,A8,22,4,0
HK,1994,11,A8,22,5,0
HK,1994,11,A8,22,6,0
HK,1994,11,A8,22,7,0
HK,1994,11,A8,22,8,0
HK,1994,11,A8,22,9,0
HK,1994,11,A8,22,10,0
HK,1994,11,A8,22,11,0
HK,1994,11,A8,22,12,0
HK,1994,11,A8,22,13,0
HK,1994,11,A8,22,14,0
HK,1994,11,A8,22,15,0
HK,1994,11,A8,22,16,0
HK,1994,11,A8,22,17,0
HK,1994,11,A8,22,18,0
HK,1994,11,A8,22,19,0
HK,1994,11,A8,22,20,1
HK,1994,11,A8,22,21,3
HK,1994,11,A8,22,22,17
HK,1995,11,P,0,0,5
HK,1995,11,P,0,1,0
HK,1995,11,P,0,2,0
HK,1995,11,P,0,3,0
HK,1995,11,P,0,4,0
HK,1995,11,P,0,5,0
HK,1995,11,P,0,6,0
HK,1995,11,P,0,7,0
HK,1995,11,P,0,8,0
HK,1995,11,P,0,9,0
HK,1995,11,P,0,10,1
HK,1995,11,P,0,11,0
HK,1995,11,P,0,12,0
HK,1995,11,P,0,13,0
HK,1995,11,P,0,14,0
HK,1995,11,P,0,15,0
HK,1995,11,P,0,16,1
HK,1995,11,P,0,17,0
HK,1995,11,P,0,18,0
HK,1995,11,P,0,19,0
HK,1995,11,P,0,20,0
HK,1995,11,P,0,21,0
HK,1995,11,P,0,22,0
HK,1995,11,P,1,0,0
HK,1995,11,P,1,1,107
HK,1995,11,P,1,2,6
HK,1995,11,P,1,3,0
HK,1995,11,P,1,4,0
HK,1995,11,P,1,5,0
HK,1995,11,P,1,6,0
HK,1995,11,P,1,7,0
HK,1995,11,P,1,8,0
HK,1995,11,P,1,9,0
HK,1995,11,P,1,10,0
HK,1995,11,P,1,11,0
HK,1995,11,P,1,12,0
HK,1995,11,P,1,13,0
HK,1995,11,P,1,14,0
HK,1995,11,P,1,15,0
HK,1995,11,P,1,16,0
HK,1995,11,P,1,17,0
HK,1995,11,P,1,18,0
HK,1995,11,P,1,19,0
HK,1995,11,P,1,20,0
HK,1995,11,P,1,21,0
HK,1995,11,P,1,22,0
HK,1995,11,P,2,0,0
HK,1995,11,P,2,1,0
HK,1995,11,P,2,2,150
HK,1995,11,P,2,3,0
HK,1995,11,P,2,4,0
HK,1995,11,P,2,5,0
HK,1995,11,P,2,6,0
HK,1995,11,P,2,7,32
HK,1995,11,P,2,8,0
HK,1995,11,P,2,9,0
HK,1995,11,P,2,10,0
HK,1995,11,P,2,11,0
HK,1995,11,P,2,12,0
HK,1995,11,P,2,13,0
HK,1995,11,P,2,14,0
HK,1995,11,P,2,15,0
HK,1995,11,P,2,16,0
HK,1995,11,P,2,17,0
HK,1995,11,P,2,18,0
HK,1995,11,P,2,19,0
HK,1995,11,P,2,20,0
HK,1995,11,P,2,21,0
HK,1995,11,P,2,22,0
HK,1995,11,P,3,0,0
HK,1995,11,P,3,1,0
HK,1995,11,P,3,2,0
HK,1995,11,P,3,3,129
HK,1995,11,P,3,4,26
HK,1995,11,P,3,5,0
HK,1995,11,P,3,6,0
HK,1995,11,P,3,7,0
HK,1995,11,P,3,8,0
HK,1995,11,P,3,9,0
HK,1995,11,P,3,10,0
HK,1995,11,P,3,11,0
HK,1995,11,P,3,12,0
HK,1995,11,P,3,13,1
HK,1995,11,P,3,14,0
HK,1995,11,P,3,15,0
HK,1995,11,P,3,16,0
HK,1995,11,P,3,17,1
HK,1995,11,P,3,18,0
HK,1995,11,P,3,19,0
HK,1995,11,P,3,20,0
HK,1995,11,P,3,21,0
HK,1995,11,P,3,22,0
HK,1995,11,P,4,0,0
HK,1995,11,P,4,1,0
HK,1995,11,P,4,2,0
HK,1995,11,P,4,3,21
HK,1995,11,P,4,4,144
HK,1995,11,P,4,5,0
HK,1995,11,P,4,6,0
HK,1995,11,P,4,7,0
HK,1995,11,P,4,8,0
HK,1995,11,P,4,9,0
HK,1995,11,P,4,10,0
HK,1995,11,P,4,11,0
HK,1995,11,P,4,12,0
HK,1995,11,P,4,13,0
HK,1995,11,P,4,14,0
HK,1995,11,P,4,15,0
HK,1995,11,P,4,16,0
HK,1995,11,P,4,17,0
HK,1995,11,P,4,18,0
HK,1995,11,P,4,19,0
HK,1995,11,P,4,20,0
HK,1995,11,P,4,21,0
HK,1995,11,P,4,22,0
HK,1995,11,P,5,0,0
HK,1995,11,P,5,1,0
HK,1995,11,P,5,2,0
HK,1995,11,P,5,3,0
HK,1995,11,P,5,4,0
HK,1995,11,P,5,5,0
HK,1995,11,P,5,6,0
HK,1995,11,P,5,7,0
HK,1995,11,P,5,8,0
HK,1995,11,P,5,9,0
HK,1995,11,P,5,10,0
HK,1995,11,P,5,11,0
HK,1995,11,P,5,12,0
HK,1995,11,P,5,13,0
HK,1995,11,P,5,14,1
HK,1995,11,P,5,15,0
HK,1995,11,P,5,16,0
HK,1995,11,P,5,17,0
HK,1995,11,P,5,18,0
HK,1995,11,P,5,19,0
HK,1995,11,P,5,20,0
HK,1995,11,P,5,21,0
HK,1995,11,P,5,22,0
HK,1995,11,P,6,0,0
HK,1995,11,P,6,1,0
HK,1995,11,P,6,2,0
HK,1995,11,P,6,3,0
HK,1995,11,P,6,4,0
HK,1995,11,P,6,5,0
HK,1995,11,P,6,6,0
HK,1995,11,P,6,7,0
HK,1995,11,P,6,8,0
HK,1995,11,P,6,9,0
HK,1995,11,P,6,10,0
HK,1995,11,P,6,11,0
HK,1995,11,P,6,12,0
HK,1995,11,P,6,13,0
HK,1995,11,P,6,14,0
HK,1995,11,P,6,15,0
HK,1995,11,P,6,16,0
HK,1995,11,P,6,17,0
HK,1995,11,P,6,18,0
HK,1995,11,P,6,19,0
HK,1995,11,P,6,20,1
HK,1995,11,P,6,21,0
HK,1995,11,P,6,22,0
HK,1995,11,P,7,0,0
HK,1995,11,P,7,1,0
HK,1995,11,P,7,2,0
HK,1995,11,P,7,3,0
HK,1995,11,P,7,4,0
HK,1995,11,P,7,5,0
HK,1995,11,P,7,6,0
HK,1995,11,P,7,7,21
HK,1995,11,P,7,8,0
HK,1995,11,P,7,9,0
HK,1995,11,P,7,10,0
HK,1995,11,P,7,11,0
HK,1995,11,P,7,12,0
HK,1995,11,P,7,13,0
HK,1995,11,P,7,14,0
HK,1995,11,P,7,15,0
HK,1995,11,P,7,16,0
HK,1995,11,P,7,17,0
HK,1995,11,P,7,18,0
HK,1995,11,P,7,19,0
HK,1995,11,P,7,20,0
HK,1995,11,P,7,21,0
HK,1995,11,P,7,22,0
HK,1995,11,P,8,0,0
HK,1995,11,P,8,1,0
HK,1995,11,P,8,2,0
HK,1995,11,P,8,3,0
HK,1995,11,P,8,4,0
HK,1995,11,P,8,5,0
HK,1995,11,P,8,6,0
HK,1995,11,P,8,7,0
HK,1995,11,P,8,8,149
HK,1995,11,P,8,9,0
HK,1995,11,P,8,10,0
HK,1995,11,P,8,11,0
HK,1995,11,P,8,12,0
HK,1995,11,P,8,13,0
HK,1995,11,P,8,14,0
HK,1995,11,P,8,15,0
HK,1995,11,P,8,16,0
HK,1995,11,P,8,17,3
HK,1995,11,P,8,18,0
HK,1995,11,P,8,19,1
HK,1995,11,P,8,20,0
HK,1995,11,P,8,21,0
HK,1995,11,P,8,22,0
HK,1995,11,P,9,0,0
HK,1995,11,P,9,1,0
HK,1995,11,P,9,2,0
HK,1995,11,P,9,3,0
HK,1995,11,P,9,4,0
HK,1995,11,P,9,5,0
HK,1995,11,P,9,6,0
HK,1995,11,P,9,7,0
HK,1995,11,P,9,8,0
HK,1995,11,P,9,9,162
HK,1995,11,P,9,10,0
HK,1995,11,P,9,11,0
HK,1995,11,P,9,12,0
HK,1995,11,P,9,13,0
HK,1995,11,P,9,14,0
HK,1995,11,P,9,15,0
HK,1995,11,P,9,16,0
HK,1995,11,P,9,17,1
HK,1995,11,P,9,18,0
HK,1995,11,P,9,19,1
HK,1995,11,P,9,20,0
HK,1995,11,P,9,21,0
HK,1995,11,P,9,22,0
HK,1995,11,P,10,0,13
HK,1995,11,P,10,1,0
HK,1995,11,P,10,2,0
HK,1995,11,P,10,3,0
HK,1995,11,P,10,4,0
HK,1995,11,P,10,5,0
HK,1995,11,P,10,6,0
HK,1995,11,P,10,7,0
HK,1995,11,P,10,8,0
HK,1995,11,P,10,9,2
HK,1995,11,P,10,10,118
HK,1995,11,P,10,11,8
HK,1995,11,P,10,12,4
HK,1995,11,P,10,13,0
HK,1995,11,P,10,14,0
HK,1995,11,P,10,15,0
HK,1995,11,P,10,16,5
HK,1995,11,P,10,17,0
HK,1995,11,P,10,18,0
HK,1995,11,P,10,19,0
HK,1995,11,P,10,20,0
HK,1995,11,P,10,21,0
HK,1995,11,P,10,22,0
HK,1995,11,P,11,0,4
HK,1995,11,P,11,1,0
HK,1995,11,P,11,2,0
HK,1995,11,P,11,3,0
HK,1995,11,P,11,4,0
HK,1995,11,P,11,5,0
HK,1995,11,P,11,6,0
HK,1995,11,P,11,7,0
HK,1995,11,P,11,8,0
HK,1995,11,P,11,9,2
HK,1995,11,P,11,10,18
HK,1995,11,P,11,11,14
HK,1995,11,P,11,12,16
HK,1995,11,P,11,13,1
HK,1995,11,P,11,14,0
HK,1995,11,P,11,15,1
HK,1995,11,P,11,16,5
HK,1995,11,P,11,17,0
HK,1995,11,P,11,18,0
HK,1995,11,P,11,19,0
HK,1995,11,P,11,20,0
HK,1995,11,P,11,21,0
HK,1995,11,P,11,22,0
HK,1995,11,P,12,0,1
HK,1995,11,P,12,1,0
HK,1995,11,P,12,2,0
HK,1995,11,P,12,3,0
HK,1995,11,P,12,4,0
HK,1995,11,P,12,5,0
HK,1995,11,P,12,6,0
HK,1995,11,P,12,7,0
HK,1995,11,P,12,8,0
HK,1995,11,P,12,9,0
HK,1995,11,P,12,10,2
HK,1995,11,P,12,11,2
HK,1995,11,P,12,12,34
HK,1995,11,P,12,13,0
HK,1995,11,P,12,14,0
HK,1995,11,P,12,15,0
HK,1995,11,P,12,16,2
HK,1995,11,P,12,17,0
HK,1995,11,P,12,18,0
HK,1995,11,P,12,19,0
HK,1995,11,P,12,20,0
HK,1995,11,P,12,21,0
HK,1995,11,P,12,22,0
HK,1995,11,P,13,0,0
HK,1995,11,P,13,1,1
HK,1995,11,P,13,2,0
HK,1995,11,P,13,3,0
HK,1995,11,P,13,4,0
HK,1995,11,P,13,5,0
HK,1995,11,P,13,6,0
HK,1995,11,P,13,7,0
HK,1995,11,P,13,8,0
HK,1995,11,P,13,9,4
HK,1995,11,P,13,10,0
HK,1995,11,P,13,11,0
HK,1995,11,P,13,12,0
HK,1995,11,P,13,13,151
HK,1995,11,P,13,14,0
HK,1995,11,P,13,15,1
HK,1995,11,P,13,16,0
HK,1995,11,P,13,17,2
HK,1995,11,P,13,18,0
HK,1995,11,P,13,19,0
HK,1995,11,P,13,20,0
HK,1995,11,P,13,21,0
HK,1995,11,P,13,22,1
HK,1995,11,P,14,0,0
HK,1995,11,P,14,1,0
HK,1995,11,P,14,2,1
HK,1995,11,P,14,3,0
HK,1995,11,P,14,4,0
HK,1995,11,P,14,5,4
HK,1995,11,P,14,6,0
HK,1995,11,P,14,7,0
HK,1995,11,P,14,8,0
HK,1995,11,P,14,9,0
HK,1995,11,P,14,10,0
HK,1995,11,P,14,11,0
HK,1995,11,P,14,12,0
HK,1995,11,P,14,13,0
HK,1995,11,P,14,14,54
HK,1995,11,P,14,15,0
HK,1995,11,P,14,16,0
HK,1995,11,P,14,17,0
HK,1995,11,P,14,18,1
HK,1995,11,P,14,19,0
HK,1995,11,P,14,20,0
HK,1995,11,P,14,21,0
HK,1995,11,P,14,22,0
HK,1995,11,P,15,0,0
HK,1995,11,P,15,1,0
HK,1995,11,P,15,2,0
HK,1995,11,P,15,3,0
HK,1995,11,P,15,4,0
HK,1995,11,P,15,5,0
HK,1995,11,P,15,6,0
HK,1995,11,P,15,7,0
HK,1995,11,P,15,8,0
HK,1995,11,P,15,9,0
HK,1995,11,P,15,10,0
HK,1995,11,P,15,11,0
HK,1995,11,P,15,12,0
HK,1995,11,P,15,13,0
HK,1995,11,P,15,14,1
HK,1995,11,P,15,15,122
HK,1995,11,P,15,16,0
HK,1995,11,P,15,17,0
HK,1995,11,P,15,18,0
HK,1995,11,P,15,19,0
HK,1995,11,P,15,20,0
HK,1995,11,P,15,21,0
HK,1995,11,P,15,22,0
HK,1995,11,P,16,0,3
HK,1995,11,P,16,1,0
HK,1995,11,P,16,2,0
HK,1995,11,P,16,3,0
HK,1995,11,P,16,4,0
HK,1995,11,P,16,5,0
HK,1995,11,P,16,6,0
HK,1995,11,P,16,7,0
HK,1995,11,P,16,8,0
HK,1995,11,P,16,9,0
HK,1995,11,P,16,10,1
HK,1995,11,P,16,11,1
HK,1995,11,P,16,12,0
HK,1995,11,P,16,13,0
HK,1995,11,P,16,14,0
HK,1995,11,P,16,15,0
HK,1995,11,P,16,16,3
HK,1995,11,P,16,17,0
HK,1995,11,P,16,18,0
HK,1995,11,P,16,19,0
HK,1995,11,P,16,20,0
HK,1995,11,P,16,21,0
HK,1995,11,P,16,22,0
HK,1995,11,P,17,0,0
HK,1995,11,P,17,1,0
HK,1995,11,P,17,2,0
HK,1995,11,P,17,3,0
HK,1995,11,P,17,4,1
HK,1995,11,P,17,5,0
HK,1995,11,P,17,6,0
HK,1995,11,P,17,7,0
HK,1995,11,P,17,8,0
HK,1995,11,P,17,9,0
HK,1995,11,P,17,10,0
HK,1995,11,P,17,11,0
HK,1995,11,P,17,12,0
HK,1995,11,P,17,13,0
HK,1995,11,P,17,14,0
HK,1995,11,P,17,15,0
HK,1995,11,P,17,16,0
HK,1995,11,P,17,17,3
HK,1995,11,P,17,18,1
HK,1995,11,P,17,19,0
HK,1995,11,P,17,20,0
HK,1995,11,P,17,21,0
HK,1995,11,P,17,22,0
HK,1995,11,P,18,0,0
HK,1995,11,P,18,1,0
HK,1995,11,P,18,2,0
HK,1995,11,P,18,3,0
HK,1995,11,P,18,4,0
HK,1995,11,P,18,5,0
HK,1995,11,P,18,6,1
HK,1995,11,P,18,7,1
HK,1995,11,P,18,8,3
HK,1995,11,P,18,9,0
HK,1995,11,P,18,10,0
HK,1995,11,P,18,11,0
HK,1995,11,P,18,12,0
HK,1995,11,P,18,13,1
HK,1995,11,P,18,14,0
HK,1995,11,P,18,15,0
HK,1995,11,P,18,16,0
HK,1995,11,P,18,17,4
HK,1995,11,P,18,18,11
HK,1995,11,P,18,19,3
HK,1995,11,P,18,20,2
HK,1995,11,P,18,21,2
HK,1995,11,P,18,22,5
HK,1995,11,P,19,0,0
HK,1995,11,P,19,1,0
HK,1995,11,P,19,2,0
HK,1995,11,P,19,3,0
HK,1995,11,P,19,4,0
HK,1995,11,P,19,5,0
HK,1995,11,P,19,6,0
HK,1995,11,P,19,7,0
HK,1995,11,P,19,8,0
HK,1995,11,P,19,9,0
HK,1995,11,P,19,10,0
HK,1995,11,P,19,11,0
HK,1995,11,P,19,12,0
HK,1995,11,P,19,13,0
HK,1995,11,P,19,14,0
HK,1995,11,P,19,15,0
HK,1995,11,P,19,16,0
HK,1995,11,P,19,17,0
HK,1995,11,P,19,18,0
HK,1995,11,P,19,19,0
HK,1995,11,P,19,20,1
HK,1995,11,P,19,21,1
HK,1995,11,P,19,22,0
HK,1995,11,P,20,0,0
HK,1995,11,P,20,1,2
HK,1995,11,P,20,2,4
HK,1995,11,P,20,3,0
HK,1995,11,P,20,4,0
HK,1995,11,P,20,5,1
HK,1995,11,P,20,6,2
HK,1995,11,P,20,7,1
HK,1995,11,P,20,8,2
HK,1995,11,P,20,9,0
HK,1995,11,P,20,10,0
HK,1995,11,P,20,11,0
HK,1995,11,P,20,12,1
HK,1995,11,P,20,13,2
HK,1995,11,P,20,14,1
HK,1995,11,P,20,15,0
HK,1995,11,P,20,16,0
HK,1995,11,P,20,17,1
HK,1995,11,P,20,18,10
HK,1995,11,P,20,19,4
HK,1995,11,P,20,20,11
HK,1995,11,P,20,21,9
HK,1995,11,P,20,22,15
HK,1995,11,P,21,0,0
HK,1995,11,P,21,1,0
HK,1995,11,P,21,2,0
HK,1995,11,P,21,3,0
HK,1995,11,P,21,4,0
HK,1995,11,P,21,5,0
HK,1995,11,P,21,6,0
HK,1995,11,P,21,7,0
HK,1995,11,P,21,8,0
HK,1995,11,P,21,9,0
HK,1995,11,P,21,10,0
HK,1995,11,P,21,11,0
HK,1995,11,P,21,12,0
HK,1995,11,P,21,13,0
HK,1995,11,P,21,14,0
HK,1995,11,P,21,15,0
HK,1995,11,P,21,16,0
HK,1995,11,P,21,17,0
HK,1995,11,P,21,18,0
HK,1995,11,P,21,19,0
HK,1995,11,P,21,20,1
HK,1995,11,P,21,21,0
HK,1995,11,P,21,22,3
HK,1995,11,P,22,0,0
HK,1995,11,P,22,1,1
HK,1995,11,P,22,2,0
HK,1995,11,P,22,3,0
HK,1995,11,P,22,4,0
HK,1995,11,P,22,5,0
HK,1995,11,P,22,6,1
HK,1995,11,P,22,7,0
HK,1995,11,P,22,8,0
HK,1995,11,P,22,9,0
HK,1995,11,P,22,10,0
HK,1995,11,P,22,11,0
HK,1995,11,P,22,12,0
HK,1995,11,P,22,13,0
HK,1995,11,P,22,14,0
HK,1995,11,P,22,15,0
HK,1995,11,P,22,16,0
HK,1995,11,P,22,17,0
HK,1995,11,P,22,18,0
HK,1995,11,P,22,19,0
HK,1995,11,P,22,20,1
HK,1995,11,P,22,21,2
HK,1995,11,P,22,22,16
HK,1995,11,A0,0,0,5
HK,1995,11,A0,0,1,0
HK,1995,11,A0,0,2,0
HK,1995,11,A0,0,3,0
HK,1995,11,A0,0,4,0
HK,1995,11,A0,0,5,0
HK,1995,11,A0,0,6,0
HK,1995,11,A0,0,7,0
HK,1995,11,A0,0,8,0
HK,1995,11,A0,0,9,0
HK,1995,11,A0,0,10,1
HK,1995,11,A0,0,11,0
HK,1995,11,A0,0,12,0
HK,1995,11,A0,0,13,0
HK,1995,11,A0,0,14,0
HK,1995,11,A0,0,15,0
HK,1995,11,A0,0,16,1
HK,1995,11,A0,0,17,0
HK,1995,11,A0,0,18,0
HK,1995,11,A0,0,19,0
HK,1995,11,A0,0,20,0
HK,1995,11,A0,0,21,0
HK,1995,11,A0,0,22,0
HK,1995,11,A0,1,0,0
HK,1995,11,A0,1,1,106
HK,1995,11,A0,1,2,7
HK,1995,11,A0,1,3,0
HK,1995,11,A0,1,4,0
HK,1995,11,A0,1,5,0
HK,1995,11,A0,1,6,0
HK,1995,11,A0,1,7,0
HK,1995,11,A0,1,8,0
HK,1995,11,A0,1,9,0
HK,1995,11,A0,1,10,0
HK,1995,11,A0,1,11,0
HK,1995,11,A0,1,12,0
HK,1995,11,A0,1,13,0
HK,1995,11,A0,1,14,0
HK,1995,11,A0,1,15,0
HK,1995,11,A0,1,16,0
HK,1995,11,A0,1,17,0
HK,1995,11,A0,1,18,0
HK,1995,11,A0,1,19,0
HK,1995,11,A0,1,20,0
HK,1995,11,A0,1,21,0
HK,1995,11,A0,1,22,0
HK,1995,11,A0,2,0,0
HK,1995,11,A0,2,1,1
HK,1995,11,A0,2,2,150
HK,1995,11,A0,2,3,0
HK,1995,11,A0,2,4,0
HK,1995,11,A0,2,5,0
HK,1995,11,A0,2,6,0
HK,1995,11,A0,2,7,31
HK,1995,11,A0,2,8,0
HK,1995,11,A0,2,9,0
HK,1995,11,A0,2,10,0
HK,1995,11,A0,2,11,0
HK,1995,11,A0,2,12,0
HK,1995,11,A0,2,13,0
HK,1995,11,A0,2,14,0
HK,1995,11,A0,2,15,0
HK,1995,11,A0,2,16,0
HK,1995,11,A0,2,17,0
HK,1995,11,A0,2,18,0
HK,1995,11,A0,2,19,0
HK,1995,11,A0,2,20,0
HK,1995,11,A0,2,21,0
HK,1995,11,A0,2,22,0
HK,1995,11,A0,3,0,0
HK,1995,11,A0,3,1,0
HK,1995,11,A0,3,2,0
HK,1995,11,A0,3,3,127
HK,1995,11,A0,3,4,28
HK,1995,11,A0,3,5,0
HK,1995,11,A0,3,6,0
HK,1995,11,A0,3,7,0
HK,1995,11,A0,3,8,0
HK,1995,11,A0,3,9,0
HK,1995,11,A0,3,10,0
HK,1995,11,A0,3,11,0
HK,1995,11,A0,3,12,0
HK,1995,11,A0,3,13,1
HK,1995,11,A0,3,14,0
HK,1995,11,A0,3,15,0
HK,1995,11,A0,3,16,0
HK,1995,11,A0,3,17,1
HK,1995,11,A0,3,18,0
HK,1995,11,A0,3,19,0
HK,1995,11,A0,3,20,0
HK,1995,11,A0,3,21,0
HK,1995,11,A0,3,22,0
HK,1995,11,A0,4,0,0
HK,1995,11,A0,4,1,0
HK,1995,11,A0,4,2,0
HK,1995,11,A0,4,3,21
HK,1995,11,A0,4,4,144
HK,1995,11,A0,4,5,0
HK,1995,11,A0,4,6,0
HK,1995,11,A0,4,7,0
HK,1995,11,A0,4,8,0
HK,1995,11,A0,4,9,0
HK,1995,11,A0,4,10,0
HK,1995,11,A0,4,11,0
HK,1995,11,A0,4,12,0
HK,1995,11,A0,4,13,0
HK,1995,11,A0,4,14,0
HK,1995,11,A0,4,15,0
HK,1995,11,A0,4,16,0
HK,1995,11,A0,4,17,0
HK,1995,11,A0,4,18,0
HK,1995,11,A0,4,19,0
HK,1995,11,A0,4,20,0
HK,1995,11,A0,4,21,0
HK,1995,11,A0,4,22,0
HK,1995,11,A0,5,0,0
HK,1995,11,A0,5,1,0
HK,1995,11,A0,5,2,0
HK,1995,11,A0,5,3,0
HK,1995,11,A0,5,4,0
HK,1995,11,A0,5,5,0
HK,1995,11,A0,5,6,0
HK,1995,11,A0,5,7,0
HK,1995,11,A0,5,8,0
HK,1995,11,A0,5,9,0
HK,1995,11,A0,5,10,0
HK,1995,11,A0,5,11,0
HK,1995,11,A0,5,12,0
HK,1995,11,A0,5,13,0
HK,1995,11,A0,5,14,1
HK,1995,11,A0,5,15,0
HK,1995,11,A0,5,16,0
HK,1995,11,A0,5,17,0
HK,1995,11,A0,5,18,0
HK,1995,11,A0,5,19,0
HK,1995,11,A0,5,20,0
HK,1995,11,A0,5,21,0
HK,1995,11,A0,5,22,0
HK,1995,11,A0,6,0,0
HK,1995,11,A0,6,1,0
HK,1995,11,A0,6,2,0
HK,1995,11,A0,6,3,0
HK,1995,11,A0,6,4,0
HK,1995,11,A0,6,5,0
HK,1995,11,A0,6,6,0
HK,1995,11,A0,6,7,0
HK,1995,11,A0,6,8,0
HK,1995,11,A0,6,9,0
HK,1995,11,A0,6,10,0
HK,1995,11,A0,6,11,0
HK,1995,11,A0,6,12,0
HK,1995,11,A0,6,13,0
HK,1995,11,A0,6,14,0
HK,1995,11,A0,6,15,0
HK,1995,11,A0,6,16,0
HK,1995,11,A0,6,17,0
HK,1995,11,A0,6,18,0
HK,1995,11,A0,6,19,0
HK,1995,11,A0,6,20,1
HK,1995,11,A0,6,21,0
HK,1995,11,A0,6,22,0
HK,1995,11,A0,7,0,0
HK,1995,11,A0,7,1,0
HK,1995,11,A0,7,2,0
HK,1995,11,A0,7,3,0
HK,1995,11,A0,7,4,0
HK,1995,11,A0,7,5,0
HK,1995,11,A0,7,6,0
HK,1995,11,A0,7,7,21
HK,1995,11,A0,7,8,0
HK,1995,11,A0,7,9,0
HK,1995,11,A0,7,10,0
HK,1995,11,A0,7,11,0
HK,1995,11,A0,7,12,0
HK,1995,11,A0,7,13,0
HK,1995,11,A0,7,14,0
HK,1995,11,A0,7,15,0
HK,1995,11,A0,7,16,0
HK,1995,11,A0,7,17,0
HK,1995,11,A0,7,18,0
HK,1995,11,A0,7,19,0
HK,1995,11,A0,7,20,0
HK,1995,11,A0,7,21,0
HK,1995,11,A0,7,22,0
HK,1995,11,A0,8,0,0
HK,1995,11,A0,8,1,0
HK,1995,11,A0,8,2,0
HK,1995,11,A0,8,3,0
HK,1995,11,A0,8,4,0
HK,1995,11,A0,8,5,0
HK,1995,11,A0,8,6,0
HK,1995,11,A0,8,7,0
HK,1995,11,A0,8,8,150
HK,1995,11,A0,8,9,0
HK,1995,11,A0,8,10,0
HK,1995,11,A0,8,11,0
HK,1995,11,A0,8,12,0
HK,1995,11,A0,8,13,0
HK,1995,11,A0,8,14,0
HK,1995,11,A0,8,15,0
HK,1995,11,A0,8,16,0
HK,1995,11,A0,8,17,3
HK,1995,11,A0,8,18,0
HK,1995,11,A0,8,19,0
HK,1995,11,A0,8,20,0
HK,1995,11,A0,8,21,0
HK,1995,11,A0,8,22,0
HK,1995,11,A0,9,0,0
HK,1995,11,A0,9,1,0
HK,1995,11,A0,9,2,0
HK,1995,11,A0,9,3,0
HK,1995,11,A0,9,4,0
HK,1995,11,A0,9,5,0
HK,1995,11,A0,9,6,0
HK,1995,11,A0,9,7,0
HK,1995,11,A0,9,8,0
HK,1995,11,A0,9,9,162
HK,1995,11,A0,9,10,0
HK,1995,11,A0,9,11,0
HK,1995,11,A0,9,12,0
HK,1995,11,A0,9,13,0
HK,1995,11,A0,9,14,0
HK,1995,11,A0,9,15,0
HK,1995,11,A0,9,16,0
HK,1995,11,A0,9,17,1
HK,1995,11,A0,9,18,0
HK,1995,11,A0,9,19,1
HK,1995,11,A0,9,20,0
HK,1995,11,A0,9,21,0
HK,1995,11,A0,9,22,0
HK,1995,11,A0,10,0,13
HK,1995,11,A0,10,1,0
HK,1995,11,A0,10,2,0
HK,1995,11,A0,10,3,0
HK,1995,11,A0,10,4,0
HK,1995,11,A0,10,5,0
HK,1995,11,A0,10,6,0
HK,1995,11,A0,10,7,0
HK,1995,11,A0,10,8,0
HK,1995,11,A0,10,9,2
HK,1995,11,A0,10,10,112
HK,1995,11,A0,10,11,10
HK,1995,11,A0,10,12,4
HK,1995,11,A0,10,13,0
HK,1995,11,A0,10,14,0
HK,1995,11,A0,10,15,0
HK,1995,11,A0,10,16,9
HK,1995,11,A0,10,17,0
HK,1995,11,A0,10,18,0
HK,1995,11,A0,10,19,0
HK,1995,11,A0,10,20,0
HK,1995,11,A0,10,21,0
HK,1995,11,A0,10,22,0
HK,1995,11,A0,11,0,4
HK,1995,11,A0,11,1,0
HK,1995,11,A0,11,2,0
HK,1995,11,A0,11,3,0
HK,1995,11,A0,11,4,0
HK,1995,11,A0,11,5,0
HK,1995,11,A0,11,6,0
HK,1995,11,A0,11,7,0
HK,1995,11,A0,11,8,0
HK,1995,11,A0,11,9,2
HK,1995,11,A0,11,10,16
HK,1995,11,A0,11,11,13
HK,1995,11,A0,11,12,17
HK,1995,11,A0,11,13,1
HK,1995,11,A0,11,14,0
HK,1995,11,A0,11,15,1
HK,1995,11,A0,11,16,7
HK,1995,11,A0,11,17,0
HK,1995,11,A0,11,18,0
HK,1995,11,A0,11,19,0
HK,1995,11,A0,11,20,0
HK,1995,11,A0,11,21,0
HK,1995,11,A0,11,22,0
HK,1995,11,A0,12,0,1
HK,1995,11,A0,12,1,0
HK,1995,11,A0,12,2,0
HK,1995,11,A0,12,3,0
HK,1995,11,A0,12,4,0
HK,1995,11,A0,12,5,0
HK,1995,11,A0,12,6,0
HK,1995,11,A0,12,7,0
HK,1995,11,A0,12,8,0
HK,1995,11,A0,12,9,0
HK,1995,11,A0,12,10,2
HK,1995,11,A0,12,11,2
HK,1995,11,A0,12,12,34
HK,1995,11,A0,12,13,0
HK,1995,11,A0,12,14,0
HK,1995,11,A0,12,15,0
HK,1995,11,A0,12,16,2
HK,1995,11,A0,12,17,0
HK,1995,11,A0,12,18,0
HK,1995,11,A0,12,19,0
HK,1995,11,A0,12,20,0
HK,1995,11,A0,12,21,0
HK,1995,11,A0,12,22,0
HK,1995,11,A0,13,0,0
HK,1995,11,A0,13,1,1
HK,1995,11,A0,13,2,0
HK,1995,11,A0,13,3,0
HK,1995,11,A0,13,4,0
HK,1995,11,A0,13,5,0
HK,1995,11,A0,13,6,0
HK,1995,11,A0,13,7,0
HK,1995,11,A0,13,8,0
HK,1995,11,A0,13,9,4
HK,1995,11,A0,13,10,0
HK,1995,11,A0,13,11,0
HK,1995,11,A0,13,12,0
HK,1995,11,A0,13,13,152
HK,1995,11,A0,13,14,1
HK,1995,11,A0,13,15,1
HK,1995,11,A0,13,16,0
HK,1995,11,A0,13,17,1
HK,1995,11,A0,13,18,0
HK,1995,11,A0,13,19,0
HK,1995,11,A0,13,20,0
HK,1995,11,A0,13,21,0
HK,1995,11,A0,13,22,0
HK,1995,11,A0,14,0,0
HK,1995,11,A0,14,1,0
HK,1995,11,A0,14,2,0
HK,1995,11,A0,14,3,0
HK,1995,11,A0,14,4,0
HK,1995,11,A0,14,5,3
HK,1995,11,A0,14,6,0
HK,1995,11,A0,14,7,0
HK,1995,11,A0,14,8,0
HK,1995,11,A0,14,9,0
HK,1995,11,A0,14,10,0
HK,1995,11,A0,14,11,0
HK,1995,11,A0,14,12,0
HK,1995,11,A0,14,13,0
HK,1995,11,A0,14,14,56
HK,1995,11,A0,14,15,0
HK,1995,11,A0,14,16,0
HK,1995,11,A0,14,17,0
HK,1995,11,A0,14,18,1
HK,1995,11,A0,14,19,0
HK,1995,11,A0,14,20,0
HK,1995,11,A0,14,21,0
HK,1995,11,A0,14,22,0
HK,1995,11,A0,15,0,0
HK,1995,11,A0,15,1,0
HK,1995,11,A0,15,2,0
HK,1995,11,A0,15,3,0
HK,1995,11,A0,15,4,0
HK,1995,11,A0,15,5,0
HK,1995,11,A0,15,6,0
HK,1995,11,A0,15,7,0
HK,1995,11,A0,15,8,0
HK,1995,11,A0,15,9,0
HK,1995,11,A0,15,10,0
HK,1995,11,A0,15,11,0
HK,1995,11,A0,15,12,0
HK,1995,11,A0,15,13,0
HK,1995,11,A0,15,14,1
HK,1995,11,A0,15,15,122
HK,1995,11,A0,15,16,0
HK,1995,11,A0,15,17,0
HK,1995,11,A0,15,18,0
HK,1995,11,A0,15,19,0
HK,1995,11,A0,15,20,0
HK,1995,11,A0,15,21,0
HK,1995,11,A0,15,22,0
HK,1995,11,A0,16,0,3
HK,1995,11,A0,16,1,0
HK,1995,11,A0,16,2,0
HK,1995,11,A0,16,3,0
HK,1995,11,A0,16,4,0
HK,1995,11,A0,16,5,0
HK,1995,11,A0,16,6,0
HK,1995,11,A0,16,7,0
HK,1995,11,A0,16,8,0
HK,1995,11,A0,16,9,0
HK,1995,11,A0,16,10,1
HK,1995,11,A0,16,11,1
HK,1995,11,A0,16,12,0
HK,1995,11,A0,16,13,0
HK,1995,11,A0,16,14,0
HK,1995,11,A0,16,15,0
HK,1995,11,A0,16,16,3
HK,1995,11,A0,16,17,0
HK,1995,11,A0,16,18,0
HK,1995,11,A0,16,19,0
HK,1995,11,A0,16,20,0
HK,1995,11,A0,16,21,0
HK,1995,11,A0,16,22,0
HK,1995,11,A0,17,0,0
HK,1995,11,A0,17,1,0
HK,1995,11,A0,17,2,0
HK,1995,11,A0,17,3,0
HK,1995,11,A0,17,4,1
HK,1995,11,A0,17,5,0
HK,1995,11,A0,17,6,0
HK,1995,11,A0,17,7,0
HK,1995,11,A0,17,8,0
HK,1995,11,A0,17,9,0
HK,1995,11,A0,17,10,0
HK,1995,11,A0,17,11,0
HK,1995,11,A0,17,12,0
HK,1995,11,A0,17,13,0
HK,1995,11,A0,17,14,0
HK,1995,11,A0,17,15,0
HK,1995,11,A0,17,16,0
HK,1995,11,A0,17,17,3
HK,1995,11,A0,17,18,1
HK,1995,11,A0,17,19,0
HK,1995,11,A0,17,20,0
HK,1995,11,A0,17,21,0
HK,1995,11,A0,17,22,0
HK,1995,11,A0,18,0,0
HK,1995,11,A0,18,1,0
HK,1995,11,A0,18,2,0
HK,1995,11,A0,18,3,0
HK,1995,11,A0,18,4,0
HK,1995,11,A0,18,5,0
HK,1995,11,A0,18,6,1
HK,1995,11,A0,18,7,0
HK,1995,11,A0,18,8,2
HK,1995,11,A0,18,9,0
HK,1995,11,A0,18,10,0
HK,1995,11,A0,18,11,0
HK,1995,11,A0,18,12,0
HK,1995,11,A0,18,13,1
HK,1995,11,A0,18,14,0
HK,1995,11,A0,18,15,0
HK,1995,11,A0,18,16,1
HK,1995,11,A0,18,17,4
HK,1995,11,A0,18,18,13
HK,1995,11,A0,18,19,3
HK,1995,11,A0,18,20,2
HK,1995,11,A0,18,21,3
HK,1995,11,A0,18,22,3
HK,1995,11,A0,19,0,0
HK,1995,11,A0,19,1,0
HK,1995,11,A0,19,2,0
HK,1995,11,A0,19,3,0
HK,1995,11,A0,19,4,0
HK,1995,11,A0,19,5,0
HK,1995,11,A0,19,6,0
HK,1995,11,A0,19,7,0
HK,1995,11,A0,19,8,0
HK,1995,11,A0,19,9,0
HK,1995,11,A0,19,10,0
HK,1995,11,A0,19,11,0
HK,1995,11,A0,19,12,0
HK,1995,11,A0,19,13,0
HK,1995,11,A0,19,14,0
HK,1995,11,A0,19,15,0
HK,1995,11,A0,19,16,0
HK,1995,11,A0,19,17,0
HK,1995,11,A0,19,18,0
HK,1995,11,A0,19,19,0
HK,1995,11,A0,19,20,1
HK,1995,11,A0,19,21,1
HK,1995,11,A0,19,22,0
HK,1995,11,A0,20,0,0
HK,1995,11,A0,20,1,1
HK,1995,11,A0,20,2,4
HK,1995,11,A0,20,3,0
HK,1995,11,A0,20,4,0
HK,1995,11,A0,20,5,1
HK,1995,11,A0,20,6,3
HK,1995,11,A0,20,7,1
HK,1995,11,A0,20,8,2
HK,1995,11,A0,20,9,0
HK,1995,11,A0,20,10,0
HK,1995,11,A0,20,11,0
HK,1995,11,A0,20,12,1
HK,1995,11,A0,20,13,2
HK,1995,11,A0,20,14,1
HK,1995,11,A0,20,15,0
HK,1995,11,A0,20,16,0
HK,1995,11,A0,20,17,1
HK,1995,11,A0,20,18,9
HK,1995,11,A0,20,19,4
HK,1995,11,A0,20,20,12
HK,1995,11,A0,20,21,10
HK,1995,11,A0,20,22,14
HK,1995,11,A0,21,0,0
HK,1995,11,A0,21,1,0
HK,1995,11,A0,21,2,0
HK,1995,11,A0,21,3,0
HK,1995,11,A0,21,4,0
HK,1995,11,A0,21,5,0
HK,1995,11,A0,21,6,0
HK,1995,11,A0,21,7,0
HK,1995,11,A0,21,8,0
HK,1995,11,A0,21,9,0
HK,1995,11,A0,21,10,0
HK,1995,11,A0,21,11,0
HK,1995,11,A0,21,12,0
HK,1995,11,A0,21,13,0
HK,1995,11,A0,21,14,0
HK,1995,11,A0,21,15,0
HK,1995,11,A0,21,16,0
HK,1995,11,A0,21,17,0
HK,1995,11,A0,21,18,0
HK,1995,11,A0,21,19,0
HK,1995,11,A0,21,20,1
HK,1995,11,A0,21,21,0
HK,1995,11,A0,21,22,3
HK,1995,11,A0,22,0,0
HK,1995,11,A0,22,1,1
HK,1995,11,A0,22,2,0
HK,1995,11,A0,22,3,0
HK,1995,11,A0,22,4,0
HK,1995,11,A0,22,5,0
HK,1995,11,A0,22,6,1
HK,1995,11,A0,22,7,0
HK,1995,11,A0,22,8,0
HK,1995,11,A0,22,9,0
HK,1995,11,A0,22,10,0
HK,1995,11,A0,22,11,0
HK,1995,11,A0,22,12,0
HK,1995,11,A0,22,13,0
HK,1995,11,A0,22,14,0
HK,1995,11,A0,22,15,0
HK,1995,11,A0,22,16,0
HK,1995,11,A0,22,17,0
HK,1995,11,A0,22,18,0
HK,1995,11,A0,22,19,0
HK,1995,11,A0,22,20,1
HK,1995,11,A0,22,21,2
HK,1995,11,A0,22,22,16
HK,1995,11,A1,0,0,3
HK,1995,11,A1,0,1,0
HK,1995,11,A1,0,2,0
HK,1995,11,A1,0,3,0
HK,1995,11,A1,0,4,0
HK,1995,11,A1,0,5,0
HK,1995,11,A1,0,6,0
HK,1995,11,A1,0,7,0
HK,1995,11,A1,0,8,0
HK,1995,11,A1,0,9,1
HK,1995,11,A1,0,10,1
HK,1995,11,A1,0,11,0
HK,1995,11,A1,0,12,1
HK,1995,11,A1,0,13,0
HK,1995,11,A1,0,14,0
HK,1995,11,A1,0,15,0
HK,1995,11,A1,0,16,1
HK,1995,11,A1,0,17,0
HK,1995,11,A1,0,18,0
HK,1995,11,A1,0,19,0
HK,1995,11,A1,0,20,0
HK,1995,11,A1,0,21,0
HK,1995,11,A1,0,22,0
HK,1995,11,A1,1,0,0
HK,1995,11,A1,1,1,96
HK,1995,11,A1,1,2,15
HK,1995,11,A1,1,3,0
HK,1995,11,A1,1,4,0
HK,1995,11,A1,1,5,0
HK,1995,11,A1,1,6,1
HK,1995,11,A1,1,7,1
HK,1995,11,A1,1,8,0
HK,1995,11,A1,1,9,0
HK,1995,11,A1,1,10,0
HK,1995,11,A1,1,11,0
HK,1995,11,A1,1,12,0
HK,1995,11,A1,1,13,0
HK,1995,11,A1,1,14,0
HK,1995,11,A1,1,15,0
HK,1995,11,A1,1,16,0
HK,1995,11,A1,1,17,0
HK,1995,11,A1,1,18,0
HK,1995,11,A1,1,19,0
HK,1995,11,A1,1,20,0
HK,1995,11,A1,1,21,0
HK,1995,11,A1,1,22,0
HK,1995,11,A1,2,0,0
HK,1995,11,A1,2,1,1
HK,1995,11,A1,2,2,148
HK,1995,11,A1,2,3,0
HK,1995,11,A1,2,4,0
HK,1995,11,A1,2,5,0
HK,1995,11,A1,2,6,0
HK,1995,11,A1,2,7,33
HK,1995,11,A1,2,8,0
HK,1995,11,A1,2,9,0
HK,1995,11,A1,2,10,0
HK,1995,11,A1,2,11,0
HK,1995,11,A1,2,12,0
HK,1995,11,A1,2,13,0
HK,1995,11,A1,2,14,0
HK,1995,11,A1,2,15,0
HK,1995,11,A1,2,16,0
HK,1995,11,A1,2,17,0
HK,1995,11,A1,2,18,0
HK,1995,11,A1,2,19,0
HK,1995,11,A1,2,20,0
HK,1995,11,A1,2,21,0
HK,1995,11,A1,2,22,0
HK,1995,11,A1,3,0,0
HK,1995,11,A1,3,1,0
HK,1995,11,A1,3,2,0
HK,1995,11,A1,3,3,120
HK,1995,11,A1,3,4,34
HK,1995,11,A1,3,5,0
HK,1995,11,A1,3,6,0
HK,1995,11,A1,3,7,0
HK,1995,11,A1,3,8,1
HK,1995,11,A1,3,9,0
HK,1995,11,A1,3,10,0
HK,1995,11,A1,3,11,0
HK,1995,11,A1,3,12,0
HK,1995,11,A1,3,13,0
HK,1995,11,A1,3,14,1
HK,1995,11,A1,3,15,0
HK,1995,11,A1,3,16,0
HK,1995,11,A1,3,17,1
HK,1995,11,A1,3,18,0
HK,1995,11,A1,3,19,0
HK,1995,11,A1,3,20,0
HK,1995,11,A1,3,21,0
HK,1995,11,A1,3,22,0
HK,1995,11,A1,4,0,0
HK,1995,11,A1,4,1,0
HK,1995,11,A1,4,2,0
HK,1995,11,A1,4,3,24
HK,1995,11,A1,4,4,139
HK,1995,11,A1,4,5,0
HK,1995,11,A1,4,6,0
HK,1995,11,A1,4,7,0
HK,1995,11,A1,4,8,2
HK,1995,11,A1,4,9,0
HK,1995,11,A1,4,10,0
HK,1995,11,A1,4,11,0
HK,1995,11,A1,4,12,0
HK,1995,11,A1,4,13,0
HK,1995,11,A1,4,14,0
HK,1995,11,A1,4,15,0
HK,1995,11,A1,4,16,0
HK,1995,11,A1,4,17,0
HK,1995,11,A1,4,18,0
HK,1995,11,A1,4,19,0
HK,1995,11,A1,4,20,0
HK,1995,11,A1,4,21,0
HK,1995,11,A1,4,22,0
HK,1995,11,A1,5,0,0
HK,1995,11,A1,5,1,0
HK,1995,11,A1,5,2,0
HK,1995,11,A1,5,3,0
HK,1995,11,A1,5,4,0
HK,1995,11,A1,5,5,0
HK,1995,11,A1,5,6,0
HK,1995,11,A1,5,7,0
HK,1995,11,A1,5,8,0
HK,1995,11,A1,5,9,0
HK,1995,11,A1,5,10,0
HK,1995,11,A1,5,11,0
HK,1995,11,A1,5,12,0
HK,1995,11,A1,5,13,0
HK,1995,11,A1,5,14,1
HK,1995,11,A1,5,15,0
HK,1995,11,A1,5,16,0
HK,1995,11,A1,5,17,0
HK,1995,11,A1,5,18,0
HK,1995,11,A1,5,19,0
HK,1995,11,A1,5,20,0
HK,1995,11,A1,5,21,0
HK,1995,11,A1,5,22,0
HK,1995,11,A1,6,0,0
HK,1995,11,A1,6,1,0
HK,1995,11,A1,6,2,0
HK,1995,11,A1,6,3,0
HK,1995,11,A1,6,4,0
HK,1995,11,A1,6,5,0
HK,1995,11,A1,6,6,0
HK,1995,11,A1,6,7,0
HK,1995,11,A1,6,8,0
HK,1995,11,A1,6,9,0
HK,1995,11,A1,6,10,0
HK,1995,11,A1,6,11,0
HK,1995,11,A1,6,12,0
HK,1995,11,A1,6,13,0
HK,1995,11,A1,6,14,0
HK,1995,11,A1,6,15,0
HK,1995,11,A1,6,16,0
HK,1995,11,A1,6,17,0
HK,1995,11,A1,6,18,0
HK,1995,11,A1,6,19,0
HK,1995,11,A1,6,20,0
HK,1995,11,A1,6,21,0
HK,1995,11,A1,6,22,1
HK,1995,11,A1,7,0,0
HK,1995,11,A1,7,1,0
HK,1995,11,A1,7,2,0
HK,1995,11,A1,7,3,0
HK,1995,11,A1,7,4,0
HK,1995,11,A1,7,5,0
HK,1995,11,A1,7,6,0
HK,1995,11,A1,7,7,21
HK,1995,11,A1,7,8,0
HK,1995,11,A1,7,9,0
HK,1995,11,A1,7,10,0
HK,1995,11,A1,7,11,0
HK,1995,11,A1,7,12,0
HK,1995,11,A1,7,13,0
HK,1995,11,A1,7,14,0
HK,1995,11,A1,7,15,0
HK,1995,11,A1,7,16,0
HK,1995,11,A1,7,17,0
HK,1995,11,A1,7,18,0
HK,1995,11,A1,7,19,0
HK,1995,11,A1,7,20,0
HK,1995,11,A1,7,21,0
HK,1995,11,A1,7,22,0
HK,1995,11,A1,8,0,0
HK,1995,11,A1,8,1,0
HK,1995,11,A1,8,2,0
HK,1995,11,A1,8,3,0
HK,1995,11,A1,8,4,0
HK,1995,11,A1,8,5,0
HK,1995,11,A1,8,6,0
HK,1995,11,A1,8,7,0
HK,1995,11,A1,8,8,148
HK,1995,11,A1,8,9,0
HK,1995,11,A1,8,10,0
HK,1995,11,A1,8,11,0
HK,1995,11,A1,8,12,0
HK,1995,11,A1,8,13,2
HK,1995,11,A1,8,14,0
HK,1995,11,A1,8,15,0
HK,1995,11,A1,8,16,0
HK,1995,11,A1,8,17,3
HK,1995,11,A1,8,18,0
HK,1995,11,A1,8,19,0
HK,1995,11,A1,8,20,0
HK,1995,11,A1,8,21,0
HK,1995,11,A1,8,22,0
HK,1995,11,A1,9,0,0
HK,1995,11,A1,9,1,0
HK,1995,11,A1,9,2,0
HK,1995,11,A1,9,3,0
HK,1995,11,A1,9,4,0
HK,1995,11,A1,9,5,0
HK,1995,11,A1,9,6,0
HK,1995,11,A1,9,7,0
HK,1995,11,A1,9,8,0
HK,1995,11,A1,9,9,161
HK,1995,11,A1,9,10,0
HK,1995,11,A1,9,11,0
HK,1995,11,A1,9,12,0
HK,1995,11,A1,9,13,1
HK,1995,11,A1,9,14,0
HK,1995,11,A1,9,15,1
HK,1995,11,A1,9,16,0
HK,1995,11,A1,9,17,0
HK,1995,11,A1,9,18,0
HK,1995,11,A1,9,19,1
HK,1995,11,A1,9,20,0
HK,1995,11,A1,9,21,0
HK,1995,11,A1,9,22,0
HK,1995,11,A1,10,0,13
HK,1995,11,A1,10,1,0
HK,1995,11,A1,10,2,0
HK,1995,11,A1,10,3,0
HK,1995,11,A1,10,4,0
HK,1995,11,A1,10,5,0
HK,1995,11,A1,10,6,0
HK,1995,11,A1,10,7,0
HK,1995,11,A1,10,8,0
HK,1995,11,A1,10,9,4
HK,1995,11,A1,10,10,118
HK,1995,11,A1,10,11,2
HK,1995,11,A1,10,12,3
HK,1995,11,A1,10,13,0
HK,1995,11,A1,10,14,0
HK,1995,11,A1,10,15,1
HK,1995,11,A1,10,16,9
HK,1995,11,A1,10,17,0
HK,1995,11,A1,10,18,0
HK,1995,11,A1,10,19,0
HK,1995,11,A1,10,20,0
HK,1995,11,A1,10,21,0
HK,1995,11,A1,10,22,0
HK,1995,11,A1,11,0,8
HK,1995,11,A1,11,1,0
HK,1995,11,A1,11,2,0
HK,1995,11,A1,11,3,0
HK,1995,11,A1,11,4,0
HK,1995,11,A1,11,5,0
HK,1995,11,A1,11,6,0
HK,1995,11,A1,11,7,0
HK,1995,11,A1,11,8,0
HK,1995,11,A1,11,9,1
HK,1995,11,A1,11,10,19
HK,1995,11,A1,11,11,10
HK,1995,11,A1,11,12,12
HK,1995,11,A1,11,13,1
HK,1995,11,A1,11,14,0
HK,1995,11,A1,11,15,1
HK,1995,11,A1,11,16,9
HK,1995,11,A1,11,17,0
HK,1995,11,A1,11,18,0
HK,1995,11,A1,11,19,0
HK,1995,11,A1,11,20,0
HK,1995,11,A1,11,21,0
HK,1995,11,A1,11,22,0
HK,1995,11,A1,12,0,2
HK,1995,11,A1,12,1,0
HK,1995,11,A1,12,2,0
HK,1995,11,A1,12,3,0
HK,1995,11,A1,12,4,0
HK,1995,11,A1,12,5,0
HK,1995,11,A1,12,6,0
HK,1995,11,A1,12,7,0
HK,1995,11,A1,12,8,0
HK,1995,11,A1,12,9,0
HK,1995,11,A1,12,10,4
HK,1995,11,A1,12,11,1
HK,1995,11,A1,12,12,31
HK,1995,11,A1,12,13,0
HK,1995,11,A1,12,14,0
HK,1995,11,A1,12,15,1
HK,1995,11,A1,12,16,2
HK,1995,11,A1,12,17,0
HK,1995,11,A1,12,18,0
HK,1995,11,A1,12,19,0
HK,1995,11,A1,12,20,0
HK,1995,11,A1,12,21,0
HK,1995,11,A1,12,22,0
HK,1995,11,A1,13,0,0
HK,1995,11,A1,13,1,0
HK,1995,11,A1,13,2,0
HK,1995,11,A1,13,3,0
HK,1995,11,A1,13,4,0
HK,1995,11,A1,13,5,1
HK,1995,11,A1,13,6,0
HK,1995,11,A1,13,7,0
HK,1995,11,A1,13,8,0
HK,1995,11,A1,13,9,2
HK,1995,11,A1,13,10,0
HK,1995,11,A1,13,11,0
HK,1995,11,A1,13,12,0
HK,1995,11,A1,13,13,153
HK,1995,11,A1,13,14,0
HK,1995,11,A1,13,15,1
HK,1995,11,A1,13,16,0
HK,1995,11,A1,13,17,2
HK,1995,11,A1,13,18,0
HK,1995,11,A1,13,19,0
HK,1995,11,A1,13,20,0
HK,1995,11,A1,13,21,0
HK,1995,11,A1,13,22,1
HK,1995,11,A1,14,0,0
HK,1995,11,A1,14,1,1
HK,1995,11,A1,14,2,0
HK,1995,11,A1,14,3,0
HK,1995,11,A1,14,4,0
HK,1995,11,A1,14,5,5
HK,1995,11,A1,14,6,0
HK,1995,11,A1,14,7,0
HK,1995,11,A1,14,8,0
HK,1995,11,A1,14,9,0
HK,1995,11,A1,14,10,0
HK,1995,11,A1,14,11,0
HK,1995,11,A1,14,12,0
HK,1995,11,A1,14,13,0
HK,1995,11,A1,14,14,49
HK,1995,11,A1,14,15,2
HK,1995,11,A1,14,16,0
HK,1995,11,A1,14,17,3
HK,1995,11,A1,14,18,0
HK,1995,11,A1,14,19,0
HK,1995,11,A1,14,20,0
HK,1995,11,A1,14,21,0
HK,1995,11,A1,14,22,0
HK,1995,11,A1,15,0,0
HK,1995,11,A1,15,1,0
HK,1995,11,A1,15,2,0
HK,1995,11,A1,15,3,0
HK,1995,11,A1,15,4,0
HK,1995,11,A1,15,5,0
HK,1995,11,A1,15,6,0
HK,1995,11,A1,15,7,0
HK,1995,11,A1,15,8,0
HK,1995,11,A1,15,9,0
HK,1995,11,A1,15,10,0
HK,1995,11,A1,15,11,0
HK,1995,11,A1,15,12,0
HK,1995,11,A1,15,13,0
HK,1995,11,A1,15,14,0
HK,1995,11,A1,15,15,123
HK,1995,11,A1,15,16,0
HK,1995,11,A1,15,17,0
HK,1995,11,A1,15,18,0
HK,1995,11,A1,15,19,0
HK,1995,11,A1,15,20,0
HK,1995,11,A1,15,21,0
HK,1995,11,A1,15,22,0
HK,1995,11,A1,16,0,1
HK,1995,11,A1,16,1,0
HK,1995,11,A1,16,2,0
HK,1995,11,A1,16,3,0
HK,1995,11,A1,16,4,0
HK,1995,11,A1,16,5,0
HK,1995,11,A1,16,6,0
HK,1995,11,A1,16,7,0
HK,1995,11,A1,16,8,0
HK,1995,11,A1,16,9,0
HK,1995,11,A1,16,10,2
HK,1995,11,A1,16,11,0
HK,1995,11,A1,16,12,0
HK,1995,11,A1,16,13,0
HK,1995,11,A1,16,14,0
HK,1995,11,A1,16,15,0
HK,1995,11,A1,16,16,5
HK,1995,11,A1,16,17,0
HK,1995,11,A1,16,18,0
HK,1995,11,A1,16,19,0
HK,1995,11,A1,16,20,0
HK,1995,11,A1,16,21,0
HK,1995,11,A1,16,22,0
HK,1995,11,A1,17,0,0
HK,1995,11,A1,17,1,0
HK,1995,11,A1,17,2,0
HK,1995,11,A1,17,3,0
HK,1995,11,A1,17,4,0
HK,1995,11,A1,17,5,0
HK,1995,11,A1,17,6,0
HK,1995,11,A1,17,7,0
HK,1995,11,A1,17,8,1
HK,1995,11,A1,17,9,0
HK,1995,11,A1,17,10,0
HK,1995,11,A1,17,11,0
HK,1995,11,A1,17,12,0
HK,1995,11,A1,17,13,0
HK,1995,11,A1,17,14,0
HK,1995,11,A1,17,15,1
HK,1995,11,A1,17,16,0
HK,1995,11,A1,17,17,3
HK,1995,11,A1,17,18,0
HK,1995,11,A1,17,19,0
HK,1995,11,A1,17,20,0
HK,1995,11,A1,17,21,0
HK,1995,11,A1,17,22,0
HK,1995,11,A1,18,0,0
HK,1995,11,A1,18,1,0
HK,1995,11,A1,18,2,0
HK,1995,11,A1,18,3,0
HK,1995,11,A1,18,4,0
HK,1995,11,A1,18,5,1
HK,1995,11,A1,18,6,2
HK,1995,11,A1,18,7,1
HK,1995,11,A1,18,8,3
HK,1995,11,A1,18,9,1
HK,1995,11,A1,18,10,0
HK,1995,11,A1,18,11,0
HK,1995,11,A1,18,12,0
HK,1995,11,A1,18,13,1
HK,1995,11,A1,18,14,1
HK,1995,11,A1,18,15,1
HK,1995,11,A1,18,16,0
HK,1995,11,A1,18,17,11
HK,1995,11,A1,18,18,5
HK,1995,11,A1,18,19,1
HK,1995,11,A1,18,20,2
HK,1995,11,A1,18,21,1
HK,1995,11,A1,18,22,2
HK,1995,11,A1,19,0,0
HK,1995,11,A1,19,1,0
HK,1995,11,A1,19,2,0
HK,1995,11,A1,19,3,0
HK,1995,11,A1,19,4,0
HK,1995,11,A1,19,5,0
HK,1995,11,A1,19,6,0
HK,1995,11,A1,19,7,0
HK,1995,11,A1,19,8,0
HK,1995,11,A1,19,9,0
HK,1995,11,A1,19,10,0
HK,1995,11,A1,19,11,0
HK,1995,11,A1,19,12,0
HK,1995,11,A1,19,13,0
HK,1995,11,A1,19,14,0
HK,1995,11,A1,19,15,0
HK,1995,11,A1,19,16,0
HK,1995,11,A1,19,17,0
HK,1995,11,A1,19,18,0
HK,1995,11,A1,19,19,0
HK,1995,11,A1,19,20,1
HK,1995,11,A1,19,21,1
HK,1995,11,A1,19,22,0
HK,1995,11,A1,20,0,1
HK,1995,11,A1,20,1,3
HK,1995,11,A1,20,2,1
HK,1995,11,A1,20,3,0
HK,1995,11,A1,20,4,0
HK,1995,11,A1,20,5,1
HK,1995,11,A1,20,6,4
HK,1995,11,A1,20,7,0
HK,1995,11,A1,20,8,7
HK,1995,11,A1,20,9,2
HK,1995,11,A1,20,10,0
HK,1995,11,A1,20,11,0
HK,1995,11,A1,20,12,1
HK,1995,11,A1,20,13,0
HK,1995,11,A1,20,14,4
HK,1995,11,A1,20,15,1
HK,1995,11,A1,20,16,0
HK,1995,11,A1,20,17,8
HK,1995,11,A1,20,18,5
HK,1995,11,A1,20,19,5
HK,1995,11,A1,20,20,5
HK,1995,11,A1,20,21,7
HK,1995,11,A1,20,22,11
HK,1995,11,A1,21,0,0
HK,1995,11,A1,21,1,0
HK,1995,11,A1,21,2,0
HK,1995,11,A1,21,3,0
HK,1995,11,A1,21,4,0
HK,1995,11,A1,21,5,0
HK,1995,11,A1,21,6,0
HK,1995,11,A1,21,7,0
HK,1995,11,A1,21,8,0
HK,1995,11,A1,21,9,0
HK,1995,11,A1,21,10,0
HK,1995,11,A1,21,11,0
HK,1995,11,A1,21,12,0
HK,1995,11,A1,21,13,0
HK,1995,11,A1,21,14,0
HK,1995,11,A1,21,15,0
HK,1995,11,A1,21,16,0
HK,1995,11,A1,21,17,0
HK,1995,11,A1,21,18,0
HK,1995,11,A1,21,19,2
HK,1995,11,A1,21,20,0
HK,1995,11,A1,21,21,0
HK,1995,11,A1,21,22,2
HK,1995,11,A1,22,0,0
HK,1995,11,A1,22,1,1
HK,1995,11,A1,22,2,0
HK,1995,11,A1,22,3,0
HK,1995,11,A1,22,4,0
HK,1995,11,A1,22,5,1
HK,1995,11,A1,22,6,0
HK,1995,11,A1,22,7,0
HK,1995,11,A1,22,8,0
HK,1995,11,A1,22,9,0
HK,1995,11,A1,22,10,0
HK,1995,11,A1,22,11,0
HK,1995,11,A1,22,12,0
HK,1995,11,A1,22,13,0
HK,1995,11,A1,22,14,0
HK,1995,11,A1,22,15,0
HK,1995,11,A1,22,16,0
HK,1995,11,A1,22,17,0
HK,1995,11,A1,22,18,0
HK,1995,11,A1,22,19,1
HK,1995,11,A1,22,20,0
HK,1995,11,A1,22,21,1
HK,1995,11,A1,22,22,17
HK,1995,11,A2,0,0,5
HK,1995,11,A2,0,1,0
HK,1995,11,A2,0,2,0
HK,1995,11,A2,0,3,0
HK,1995,11,A2,0,4,0
HK,1995,11,A2,0,5,0
HK,1995,11,A2,0,6,0
HK,1995,11,A2,0,7,0
HK,1995,11,A2,0,8,0
HK,1995,11,A2,0,9,0
HK,1995,11,A2,0,10,1
HK,1995,11,A2,0,11,0
HK,1995,11,A2,0,12,0
HK,1995,11,A2,0,13,0
HK,1995,11,A2,0,14,0
HK,1995,11,A2,0,15,0
HK,1995,11,A2,0,16,1
HK,1995,11,A2,0,17,0
HK,1995,11,A2,0,18,0
HK,1995,11,A2,0,19,0
HK,1995,11,A2,0,20,0
HK,1995,11,A2,0,21,0
HK,1995,11,A2,0,22,0
HK,1995,11,A2,1,0,0
HK,1995,11,A2,1,1,104
HK,1995,11,A2,1,2,9
HK,1995,11,A2,1,3,0
HK,1995,11,A2,1,4,0
HK,1995,11,A2,1,5,0
HK,1995,11,A2,1,6,0
HK,1995,11,A2,1,7,0
HK,1995,11,A2,1,8,0
HK,1995,11,A2,1,9,0
HK,1995,11,A2,1,10,0
HK,1995,11,A2,1,11,0
HK,1995,11,A2,1,12,0
HK,1995,11,A2,1,13,0
HK,1995,11,A2,1,14,0
HK,1995,11,A2,1,15,0
HK,1995,11,A2,1,16,0
HK,1995,11,A2,1,17,0
HK,1995,11,A2,1,18,0
HK,1995,11,A2,1,19,0
HK,1995,11,A2,1,20,0
HK,1995,11,A2,1,21,0
HK,1995,11,A2,1,22,0
HK,1995,11,A2,2,0,0
HK,1995,11,A2,2,1,1
HK,1995,11,A2,2,2,152
HK,1995,11,A2,2,3,0
HK,1995,11,A2,2,4,0
HK,1995,11,A2,2,5,0
HK,1995,11,A2,2,6,0
HK,1995,11,A2,2,7,29
HK,1995,11,A2,2,8,0
HK,1995,11,A2,2,9,0
HK,1995,11,A2,2,10,0
HK,1995,11,A2,2,11,0
HK,1995,11,A2,2,12,0
HK,1995,11,A2,2,13,0
HK,1995,11,A2,2,14,0
HK,1995,11,A2,2,15,0
HK,1995,11,A2,2,16,0
HK,1995,11,A2,2,17,0
HK,1995,11,A2,2,18,0
HK,1995,11,A2,2,19,0
HK,1995,11,A2,2,20,0
HK,1995,11,A2,2,21,0
HK,1995,11,A2,2,22,0
HK,1995,11,A2,3,0,0
HK,1995,11,A2,3,1,0
HK,1995,11,A2,3,2,0
HK,1995,11,A2,3,3,126
HK,1995,11,A2,3,4,29
HK,1995,11,A2,3,5,0
HK,1995,11,A2,3,6,0
HK,1995,11,A2,3,7,0
HK,1995,11,A2,3,8,0
HK,1995,11,A2,3,9,0
HK,1995,11,A2,3,10,0
HK,1995,11,A2,3,11,0
HK,1995,11,A2,3,12,0
HK,1995,11,A2,3,13,1
HK,1995,11,A2,3,14,0
HK,1995,11,A2,3,15,0
HK,1995,11,A2,3,16,0
HK,1995,11,A2,3,17,1
HK,1995,11,A2,3,18,0
HK,1995,11,A2,3,19,0
HK,1995,11,A2,3,20,0
HK,1995,11,A2,3,21,0
HK,1995,11,A2,3,22,0
HK,1995,11,A2,4,0,0
HK,1995,11,A2,4,1,0
HK,1995,11,A2,4,2,0
HK,1995,11,A2,4,3,20
HK,1995,11,A2,4,4,144
HK,1995,11,A2,4,5,0
HK,1995,11,A2,4,6,0
HK,1995,11,A2,4,7,0
HK,1995,11,A2,4,8,1
HK,1995,11,A2,4,9,0
HK,1995,11,A2,4,10,0
HK,1995,11,A2,4,11,0
HK,1995,11,A2,4,12,0
HK,1995,11,A2,4,13,0
HK,1995,11,A2,4,14,0
HK,1995,11,A2,4,15,0
HK,1995,11,A2,4,16,0
HK,1995,11,A2,4,17,0
HK,1995,11,A2,4,18,0
HK,1995,11,A2,4,19,0
HK,1995,11,A2,4,20,0
HK,1995,11,A2,4,21,0
HK,1995,11,A2,4,22,0
HK,1995,11,A2,5,0,0
HK,1995,11,A2,5,1,0
HK,1995,11,A2,5,2,0
HK,1995,11,A2,5,3,0
HK,1995,11,A2,5,4,0
HK,1995,11,A2,5,5,0
HK,1995,11,A2,5,6,0
HK,1995,11,A2,5,7,0
HK,1995,11,A2,5,8,0
HK,1995,11,A2,5,9,0
HK,1995,11,A2,5,10,0
HK,1995,11,A2,5,11,0
HK,1995,11,A2,5,12,0
HK,1995,11,A2,5,13,0
HK,1995,11,A2,5,14,1
HK,1995,11,A2,5,15,0
HK,1995,11,A2,5,16,0
HK,1995,11,A2,5,17,0
HK,1995,11,A2,5,18,0
HK,1995,11,A2,5,19,0
HK,1995,11,A2,5,20,0
HK,1995,11,A2,5,21,0
HK,1995,11,A2,5,22,0
HK,1995,11,A2,6,0,0
HK,1995,11,A2,6,1,0
HK,1995,11,A2,6,2,0
HK,1995,11,A2,6,3,0
HK,1995,11,A2,6,4,0
HK,1995,11,A2,6,5,0
HK,1995,11,A2,6,6,0
HK,1995,11,A2,6,7,0
HK,1995,11,A2,6,8,0
HK,1995,11,A2,6,9,0
HK,1995,11,A2,6,10,0
HK,1995,11,A2,6,11,0
HK,1995,11,A2,6,12,0
HK,1995,11,A2,6,13,0
HK,1995,11,A2,6,14,0
HK,1995,11,A2,6,15,0
HK,1995,11,A2,6,16,0
HK,1995,11,A2,6,17,0
HK,1995,11,A2,6,18,0
HK,1995,11,A2,6,19,0
HK,1995,11,A2,6,20,1
HK,1995,11,A2,6,21,0
HK,1995,11,A2,6,22,0
HK,1995,11,A2,7,0,0
HK,1995,11,A2,7,1,0
HK,1995,11,A2,7,2,0
HK,1995,11,A2,7,3,0
HK,1995,11,A2,7,4,0
HK,1995,11,A2,7,5,0
HK,1995,11,A2,7,6,0
HK,1995,11,A2,7,7,21
HK,1995,11,A2,7,8,0
HK,1995,11,A2,7,9,0
HK,1995,11,A2,7,10,0
HK,1995,11,A2,7,11,0
HK,1995,11,A2,7,12,0
HK,1995,11,A2,7,13,0
HK,1995,11,A2,7,14,0
HK,1995,11,A2,7,15,0
HK,1995,11,A2,7,16,0
HK,1995,11,A2,7,17,0
HK,1995,11,A2,7,18,0
HK,1995,11,A2,7,19,0
HK,1995,11,A2,7,20,0
HK,1995,11,A2,7,21,0
HK,1995,11,A2,7,22,0
HK,1995,11,A2,8,0,0
HK,1995,11,A2,8,1,0
HK,1995,11,A2,8,2,0
HK,1995,11,A2,8,3,0
HK,1995,11,A2,8,4,0
HK,1995,11,A2,8,5,0
HK,1995,11,A2,8,6,0
HK,1995,11,A2,8,7,0
HK,1995,11,A2,8,8,151
HK,1995,11,A2,8,9,0
HK,1995,11,A2,8,10,0
HK,1995,11,A2,8,11,0
HK,1995,11,A2,8,12,0
HK,1995,11,A2,8,13,0
HK,1995,11,A2,8,14,0
HK,1995,11,A2,8,15,0
HK,1995,11,A2,8,16,0
HK,1995,11,A2,8,17,2
HK,1995,11,A2,8,18,0
HK,1995,11,A2,8,19,0
HK,1995,11,A2,8,20,0
HK,1995,11,A2,8,21,0
HK,1995,11,A2,8,22,0
HK,1995,11,A2,9,0,0
HK,1995,11,A2,9,1,0
HK,1995,11,A2,9,2,0
HK,1995,11,A2,9,3,0
HK,1995,11,A2,9,4,0
HK,1995,11,A2,9,5,0
HK,1995,11,A2,9,6,0
HK,1995,11,A2,9,7,0
HK,1995,11,A2,9,8,0
HK,1995,11,A2,9,9,163
HK,1995,11,A2,9,10,0
HK,1995,11,A2,9,11,0
HK,1995,11,A2,9,12,0
HK,1995,11,A2,9,13,0
HK,1995,11,A2,9,14,0
HK,1995,11,A2,9,15,0
HK,1995,11,A2,9,16,0
HK,1995,11,A2,9,17,0
HK,1995,11,A2,9,18,0
HK,1995,11,A2,9,19,1
HK,1995,11,A2,9,20,0
HK,1995,11,A2,9,21,0
HK,1995,11,A2,9,22,0
HK,1995,11,A2,10,0,14
HK,1995,11,A2,10,1,0
HK,1995,11,A2,10,2,0
HK,1995,11,A2,10,3,0
HK,1995,11,A2,10,4,0
HK,1995,11,A2,10,5,0
HK,1995,11,A2,10,6,0
HK,1995,11,A2,10,7,0
HK,1995,11,A2,10,8,0
HK,1995,11,A2,10,9,2
HK,1995,11,A2,10,10,113
HK,1995,11,A2,10,11,9
HK,1995,11,A2,10,12,4
HK,1995,11,A2,10,13,0
HK,1995,11,A2,10,14,0
HK,1995,11,A2,10,15,0
HK,1995,11,A2,10,16,8
HK,1995,11,A2,10,17,0
HK,1995,11,A2,10,18,0
HK,1995,11,A2,10,19,0
HK,1995,11,A2,10,20,0
HK,1995,11,A2,10,21,0
HK,1995,11,A2,10,22,0
HK,1995,11,A2,11,0,4
HK,1995,11,A2,11,1,0
HK,1995,11,A2,11,2,0
HK,1995,11,A2,11,3,0
HK,1995,11,A2,11,4,0
HK,1995,11,A2,11,5,0
HK,1995,11,A2,11,6,0
HK,1995,11,A2,11,7,0
HK,1995,11,A2,11,8,0
HK,1995,11,A2,11,9,2
HK,1995,11,A2,11,10,17
HK,1995,11,A2,11,11,17
HK,1995,11,A2,11,12,13
HK,1995,11,A2,11,13,1
HK,1995,11,A2,11,14,0
HK,1995,11,A2,11,15,1
HK,1995,11,A2,11,16,6
HK,1995,11,A2,11,17,0
HK,1995,11,A2,11,18,0
HK,1995,11,A2,11,19,0
HK,1995,11,A2,11,20,0
HK,1995,11,A2,11,21,0
HK,1995,11,A2,11,22,0
HK,1995,11,A2,12,0,1
HK,1995,11,A2,12,1,0
HK,1995,11,A2,12,2,0
HK,1995,11,A2,12,3,0
HK,1995,11,A2,12,4,0
HK,1995,11,A2,12,5,0
HK,1995,11,A2,12,6,0
HK,1995,11,A2,12,7,0
HK,1995,11,A2,12,8,0
HK,1995,11,A2,12,9,0
HK,1995,11,A2,12,10,3
HK,1995,11,A2,12,11,3
HK,1995,11,A2,12,12,32
HK,1995,11,A2,12,13,0
HK,1995,11,A2,12,14,0
HK,1995,11,A2,12,15,0
HK,1995,11,A2,12,16,2
HK,1995,11,A2,12,17,0
HK,1995,11,A2,12,18,0
HK,1995,11,A2,12,19,0
HK,1995,11,A2,12,20,0
HK,1995,11,A2,12,21,0
HK,1995,11,A2,12,22,0
HK,1995,11,A2,13,0,0
HK,1995,11,A2,13,1,1
HK,1995,11,A2,13,2,0
HK,1995,11,A2,13,3,0
HK,1995,11,A2,13,4,0
HK,1995,11,A2,13,5,0
HK,1995,11,A2,13,6,0
HK,1995,11,A2,13,7,0
HK,1995,11,A2,13,8,0
HK,1995,11,A2,13,9,4
HK,1995,11,A2,13,10,0
HK,1995,11,A2,13,11,0
HK,1995,11,A2,13,12,0
HK,1995,11,A2,13,13,153
HK,1995,11,A2,13,14,0
HK,1995,11,A2,13,15,1
HK,1995,11,A2,13,16,0
HK,1995,11,A2,13,17,0
HK,1995,11,A2,13,18,0
HK,1995,11,A2,13,19,0
HK,1995,11,A2,13,20,0
HK,1995,11,A2,13,21,0
HK,1995,11,A2,13,22,1
HK,1995,11,A2,14,0,0
HK,1995,11,A2,14,1,0
HK,1995,11,A2,14,2,0
HK,1995,11,A2,14,3,0
HK,1995,11,A2,14,4,0
HK,1995,11,A2,14,5,1
HK,1995,11,A2,14,6,0
HK,1995,11,A2,14,7,0
HK,1995,11,A2,14,8,0
HK,1995,11,A2,14,9,0
HK,1995,11,A2,14,10,0
HK,1995,11,A2,14,11,0
HK,1995,11,A2,14,12,0
HK,1995,11,A2,14,13,0
HK,1995,11,A2,14,14,58
HK,1995,11,A2,14,15,0
HK,1995,11,A2,14,16,0
HK,1995,11,A2,14,17,1
HK,1995,11,A2,14,18,0
HK,1995,11,A2,14,19,0
HK,1995,11,A2,14,20,0
HK,1995,11,A2,14,21,0
HK,1995,11,A2,14,22,0
HK,1995,11,A2,15,0,0
HK,1995,11,A2,15,1,0
HK,1995,11,A2,15,2,0
HK,1995,11,A2,15,3,0
HK,1995,11,A2,15,4,0
HK,1995,11,A2,15,5,0
HK,1995,11,A2,15,6,0
HK,1995,11,A2,15,7,0
HK,1995,11,A2,15,8,0
HK,1995,11,A2,15,9,0
HK,1995,11,A2,15,10,0
HK,1995,11,A2,15,11,0
HK,1995,11,A2,15,12,0
HK,1995,11,A2,15,13,0
HK,1995,11,A2,15,14,1
HK,1995,11,A2,15,15,122
HK,1995,11,A2,15,16,0
HK,1995,11,A2,15,17,0
HK,1995,11,A2,15,18,0
HK,1995,11,A2,15,19,0
HK,1995,11,A2,15,20,0
HK,1995,11,A2,15,21,0
HK,1995,11,A2,15,22,0
HK,1995,11,A2,16,0,3
HK,1995,11,A2,16,1,0
HK,1995,11,A2,16,2,0
HK,1995,11,A2,16,3,0
HK,1995,11,A2,16,4,0
HK,1995,11,A2,16,5,0
HK,1995,11,A2,16,6,0
HK,1995,11,A2,16,7,0
HK,1995,11,A2,16,8,0
HK,1995,11,A2,16,9,0
HK,1995,11,A2,16,10,2
HK,1995,11,A2,16,11,1
HK,1995,11,A2,16,12,0
HK,1995,11,A2,16,13,0
HK,1995,11,A2,16,14,0
HK,1995,11,A2,16,15,0
HK,1995,11,A2,16,16,2
HK,1995,11,A2,16,17,0
HK,1995,11,A2,16,18,0
HK,1995,11,A2,16,19,0
HK,1995,11,A2,16,20,0
HK,1995,11,A2,16,21,0
HK,1995,11,A2,16,22,0
HK,1995,11,A2,17,0,0
HK,1995,11,A2,17,1,0
HK,1995,11,A2,17,2,0
HK,1995,11,A2,17,3,0
HK,1995,11,A2,17,4,1
HK,1995,11,A2,17,5,0
HK,1995,11,A2,17,6,0
HK,1995,11,A2,17,7,0
HK,1995,11,A2,17,8,0
HK,1995,11,A2,17,9,0
HK,1995,11,A2,17,10,0
HK,1995,11,A2,17,11,0
HK,1995,11,A2,17,12,0
HK,1995,11,A2,17,13,0
HK,1995,11,A2,17,14,0
HK,1995,11,A2,17,15,0
HK,1995,11,A2,17,16,0
HK,1995,11,A2,17,17,4
HK,1995,11,A2,17,18,0
HK,1995,11,A2,17,19,0
HK,1995,11,A2,17,20,0
HK,1995,11,A2,17,21,0
HK,1995,11,A2,17,22,0
HK,1995,11,A2,18,0,0
HK,1995,11,A2,18,1,0
HK,1995,11,A2,18,2,0
HK,1995,11,A2,18,3,0
HK,1995,11,A2,18,4,0
HK,1995,11,A2,18,5,0
HK,1995,11,A2,18,6,1
HK,1995,11,A2,18,7,0
HK,1995,11,A2,18,8,2
HK,1995,11,A2,18,9,0
HK,1995,11,A2,18,10,0
HK,1995,11,A2,18,11,0
HK,1995,11,A2,18,12,0
HK,1995,11,A2,18,13,0
HK,1995,11,A2,18,14,0
HK,1995,11,A2,18,15,0
HK,1995,11,A2,18,16,1
HK,1995,11,A2,18,17,6
HK,1995,11,A2,18,18,12
HK,1995,11,A2,18,19,3
HK,1995,11,A2,18,20,2
HK,1995,11,A2,18,21,2
HK,1995,11,A2,18,22,4
HK,1995,11,A2,19,0,0
HK,1995,11,A2,19,1,0
HK,1995,11,A2,19,2,0
HK,1995,11,A2,19,3,0
HK,1995,11,A2,19,4,0
HK,1995,11,A2,19,5,0
HK,1995,11,A2,19,6,0
HK,1995,11,A2,19,7,0
HK,1995,11,A2,19,8,0
HK,1995,11,A2,19,9,0
HK,1995,11,A2,19,10,0
HK,1995,11,A2,19,11,0
HK,1995,11,A2,19,12,0
HK,1995,11,A2,19,13,0
HK,1995,11,A2,19,14,0
HK,1995,11,A2,19,15,0
HK,1995,11,A2,19,16,0
HK,1995,11,A2,19,17,0
HK,1995,11,A2,19,18,0
HK,1995,11,A2,19,19,0
HK,1995,11,A2,19,20,0
HK,1995,11,A2,19,21,2
HK,1995,11,A2,19,22,0
HK,1995,11,A2,20,0,0
HK,1995,11,A2,20,1,3
HK,1995,11,A2,20,2,4
HK,1995,11,A2,20,3,0
HK,1995,11,A2,20,4,0
HK,1995,11,A2,20,5,1
HK,1995,11,A2,20,6,1
HK,1995,11,A2,20,7,0
HK,1995,11,A2,20,8,4
HK,1995,11,A2,20,9,0
HK,1995,11,A2,20,10,0
HK,1995,11,A2,20,11,0
HK,1995,11,A2,20,12,1
HK,1995,11,A2,20,13,0
HK,1995,11,A2,20,14,0
HK,1995,11,A2,20,15,0
HK,1995,11,A2,20,16,0
HK,1995,11,A2,20,17,2
HK,1995,11,A2,20,18,7
HK,1995,11,A2,20,19,6
HK,1995,11,A2,20,20,13
HK,1995,11,A2,20,21,9
HK,1995,11,A2,20,22,15
HK,1995,11,A2,21,0,0
HK,1995,11,A2,21,1,0
HK,1995,11,A2,21,2,0
HK,1995,11,A2,21,3,0
HK,1995,11,A2,21,4,0
HK,1995,11,A2,21,5,0
HK,1995,11,A2,21,6,0
HK,1995,11,A2,21,7,0
HK,1995,11,A2,21,8,0
HK,1995,11,A2,21,9,0
HK,1995,11,A2,21,10,0
HK,1995,11,A2,21,11,0
HK,1995,11,A2,21,12,0
HK,1995,11,A2,21,13,0
HK,1995,11,A2,21,14,0
HK,1995,11,A2,21,15,0
HK,1995,11,A2,21,16,0
HK,1995,11,A2,21,17,0
HK,1995,11,A2,21,18,0
HK,1995,11,A2,21,19,1
HK,1995,11,A2,21,20,1
HK,1995,11,A2,21,21,0
HK,1995,11,A2,21,22,2
HK,1995,11,A2,22,0,0
HK,1995,11,A2,22,1,0
HK,1995,11,A2,22,2,0
HK,1995,11,A2,22,3,0
HK,1995,11,A2,22,4,0
HK,1995,11,A2,22,5,0
HK,1995,11,A2,22,6,0
HK,1995,11,A2,22,7,0
HK,1995,11,A2,22,8,0
HK,1995,11,A2,22,9,0
HK,1995,11,A2,22,10,0
HK,1995,11,A2,22,11,0
HK,1995,11,A2,22,12,0
HK,1995,11,A2,22,13,0
HK,1995,11,A2,22,14,0
HK,1995,11,A2,22,15,0
HK,1995,11,A2,22,16,0
HK,1995,11,A2,22,17,0
HK,1995,11,A2,22,18,0
HK,1995,11,A2,22,19,1
HK,1995,11,A2,22,20,1
HK,1995,11,A2,22,21,3
HK,1995,11,A2,22,22,16
HK,1995,11,A3,0,0,5
HK,1995,11,A3,0,1,0
HK,1995,11,A3,0,2,0
HK,1995,11,A3,0,3,0
HK,1995,11,A3,0,4,0
HK,1995,11,A3,0,5,0
HK,1995,11,A3,0,6,0
HK,1995,11,A3,0,7,0
HK,1995,11,A3,0,8,0
HK,1995,11,A3,0,9,0
HK,1995,11,A3,0,10,1
HK,1995,11,A3,0,11,0
HK,1995,11,A3,0,12,0
HK,1995,11,A3,0,13,0
HK,1995,11,A3,0,14,0
HK,1995,11,A3,0,15,0
HK,1995,11,A3,0,16,1
HK,1995,11,A3,0,17,0
HK,1995,11,A3,0,18,0
HK,1995,11,A3,0,19,0
HK,1995,11,A3,0,20,0
HK,1995,11,A3,0,21,0
HK,1995,11,A3,0,22,0
HK,1995,11,A3,1,0,0
HK,1995,11,A3,1,1,105
HK,1995,11,A3,1,2,8
HK,1995,11,A3,1,3,0
HK,1995,11,A3,1,4,0
HK,1995,11,A3,1,5,0
HK,1995,11,A3,1,6,0
HK,1995,11,A3,1,7,0
HK,1995,11,A3,1,8,0
HK,1995,11,A3,1,9,0
HK,1995,11,A3,1,10,0
HK,1995,11,A3,1,11,0
HK,1995,11,A3,1,12,0
HK,1995,11,A3,1,13,0
HK,1995,11,A3,1,14,0
HK,1995,11,A3,1,15,0
HK,1995,11,A3,1,16,0
HK,1995,11,A3,1,17,0
HK,1995,11,A3,1,18,0
HK,1995,11,A3,1,19,0
HK,1995,11,A3,1,20,0
HK,1995,11,A3,1,21,0
HK,1995,11,A3,1,22,0
HK,1995,11,A3,2,0,0
HK,1995,11,A3,2,1,1
HK,1995,11,A3,2,2,149
HK,1995,11,A3,2,3,0
HK,1995,11,A3,2,4,0
HK,1995,11,A3,2,5,0
HK,1995,11,A3,2,6,0
HK,1995,11,A3,2,7,32
HK,1995,11,A3,2,8,0
HK,1995,11,A3,2,9,0
HK,1995,11,A3,2,10,0
HK,1995,11,A3,2,11,0
HK,1995,11,A3,2,12,0
HK,1995,11,A3,2,13,0
HK,1995,11,A3,2,14,0
HK,1995,11,A3,2,15,0
HK,1995,11,A3,2,16,0
HK,1995,11,A3,2,17,0
HK,1995,11,A3,2,18,0
HK,1995,11,A3,2,19,0
HK,1995,11,A3,2,20,0
HK,1995,11,A3,2,21,0
HK,1995,11,A3,2,22,0
HK,1995,11,A3,3,0,0
HK,1995,11,A3,3,1,0
HK,1995,11,A3,3,2,0
HK,1995,11,A3,3,3,113
HK,1995,11,A3,3,4,39
HK,1995,11,A3,3,5,0
HK,1995,11,A3,3,6,0
HK,1995,11,A3,3,7,0
HK,1995,11,A3,3,8,1
HK,1995,11,A3,3,9,0
HK,1995,11,A3,3,10,0
HK,1995,11,A3,3,11,0
HK,1995,11,A3,3,12,0
HK,1995,11,A3,3,13,2
HK,1995,11,A3,3,14,0
HK,1995,11,A3,3,15,0
HK,1995,11,A3,3,16,0
HK,1995,11,A3,3,17,2
HK,1995,11,A3,3,18,0
HK,1995,11,A3,3,19,0
HK,1995,11,A3,3,20,0
HK,1995,11,A3,3,21,0
HK,1995,11,A3,3,22,0
HK,1995,11,A3,4,0,0
HK,1995,11,A3,4,1,0
HK,1995,11,A3,4,2,0
HK,1995,11,A3,4,3,14
HK,1995,11,A3,4,4,149
HK,1995,11,A3,4,5,0
HK,1995,11,A3,4,6,0
HK,1995,11,A3,4,7,0
HK,1995,11,A3,4,8,2
HK,1995,11,A3,4,9,0
HK,1995,11,A3,4,10,0
HK,1995,11,A3,4,11,0
HK,1995,11,A3,4,12,0
HK,1995,11,A3,4,13,0
HK,1995,11,A3,4,14,0
HK,1995,11,A3,4,15,0
HK,1995,11,A3,4,16,0
HK,1995,11,A3,4,17,0
HK,1995,11,A3,4,18,0
HK,1995,11,A3,4,19,0
HK,1995,11,A3,4,20,0
HK,1995,11,A3,4,21,0
HK,1995,11,A3,4,22,0
HK,1995,11,A3,5,0,0
HK,1995,11,A3,5,1,0
HK,1995,11,A3,5,2,0
HK,1995,11,A3,5,3,0
HK,1995,11,A3,5,4,0
HK,1995,11,A3,5,5,0
HK,1995,11,A3,5,6,0
HK,1995,11,A3,5,7,0
HK,1995,11,A3,5,8,0
HK,1995,11,A3,5,9,0
HK,1995,11,A3,5,10,0
HK,1995,11,A3,5,11,0
HK,1995,11,A3,5,12,0
HK,1995,11,A3,5,13,0
HK,1995,11,A3,5,14,1
HK,1995,11,A3,5,15,0
HK,1995,11,A3,5,16,0
HK,1995,11,A3,5,17,0
HK,1995,11,A3,5,18,0
HK,1995,11,A3,5,19,0
HK,1995,11,A3,5,20,0
HK,1995,11,A3,5,21,0
HK,1995,11,A3,5,22,0
HK,1995,11,A3,6,0,0
HK,1995,11,A3,6,1,0
HK,1995,11,A3,6,2,0
HK,1995,11,A3,6,3,0
HK,1995,11,A3,6,4,0
HK,1995,11,A3,6,5,0
HK,1995,11,A3,6,6,0
HK,1995,11,A3,6,7,0
HK,1995,11,A3,6,8,0
HK,1995,11,A3,6,9,0
HK,1995,11,A3,6,10,0
HK,1995,11,A3,6,11,0
HK,1995,11,A3,6,12,0
HK,1995,11,A3,6,13,0
HK,1995,11,A3,6,14,0
HK,1995,11,A3,6,15,0
HK,1995,11,A3,6,16,0
HK,1995,11,A3,6,17,0
HK,1995,11,A3,6,18,0
HK,1995,11,A3,6,19,0
HK,1995,11,A3,6,20,1
HK,1995,11,A3,6,21,0
HK,1995,11,A3,6,22,0
HK,1995,11,A3,7,0,0
HK,1995,11,A3,7,1,0
HK,1995,11,A3,7,2,0
HK,1995,11,A3,7,3,0
HK,1995,11,A3,7,4,0
HK,1995,11,A3,7,5,0
HK,1995,11,A3,7,6,0
HK,1995,11,A3,7,7,21
HK,1995,11,A3,7,8,0
HK,1995,11,A3,7,9,0
HK,1995,11,A3,7,10,0
HK,1995,11,A3,7,11,0
HK,1995,11,A3,7,12,0
HK,1995,11,A3,7,13,0
HK,1995,11,A3,7,14,0
HK,1995,11,A3,7,15,0
HK,1995,11,A3,7,16,0
HK,1995,11,A3,7,17,0
HK,1995,11,A3,7,18,0
HK,1995,11,A3,7,19,0
HK,1995,11,A3,7,20,0
HK,1995,11,A3,7,21,0
HK,1995,11,A3,7,22,0
HK,1995,11,A3,8,0,0
HK,1995,11,A3,8,1,0
HK,1995,11,A3,8,2,0
HK,1995,11,A3,8,3,0
HK,1995,11,A3,8,4,0
HK,1995,11,A3,8,5,0
HK,1995,11,A3,8,6,0
HK,1995,11,A3,8,7,0
HK,1995,11,A3,8,8,151
HK,1995,11,A3,8,9,0
HK,1995,11,A3,8,10,0
HK,1995,11,A3,8,11,0
HK,1995,11,A3,8,12,0
HK,1995,11,A3,8,13,0
HK,1995,11,A3,8,14,0
HK,1995,11,A3,8,15,0
HK,1995,11,A3,8,16,0
HK,1995,11,A3,8,17,2
HK,1995,11,A3,8,18,0
HK,1995,11,A3,8,19,0
HK,1995,11,A3,8,20,0
HK,1995,11,A3,8,21,0
HK,1995,11,A3,8,22,0
HK,1995,11,A3,9,0,0
HK,1995,11,A3,9,1,0
HK,1995,11,A3,9,2,0
HK,1995,11,A3,9,3,0
HK,1995,11,A3,9,4,0
HK,1995,11,A3,9,5,0
HK,1995,11,A3,9,6,0
HK,1995,11,A3,9,7,0
HK,1995,11,A3,9,8,0
HK,1995,11,A3,9,9,163
HK,1995,11,A3,9,10,0
HK,1995,11,A3,9,11,0
HK,1995,11,A3,9,12,0
HK,1995,11,A3,9,13,0
HK,1995,11,A3,9,14,0
HK,1995,11,A3,9,15,0
HK,1995,11,A3,9,16,0
HK,1995,11,A3,9,17,0
HK,1995,11,A3,9,18,0
HK,1995,11,A3,9,19,1
HK,1995,11,A3,9,20,0
HK,1995,11,A3,9,21,0
HK,1995,11,A3,9,22,0
HK,1995,11,A3,10,0,14
HK,1995,11,A3,10,1,0
HK,1995,11,A3,10,2,0
HK,1995,11,A3,10,3,0
HK,1995,11,A3,10,4,0
HK,1995,11,A3,10,5,0
HK,1995,11,A3,10,6,0
HK,1995,11,A3,10,7,0
HK,1995,11,A3,10,8,0
HK,1995,11,A3,10,9,2
HK,1995,11,A3,10,10,105
HK,1995,11,A3,10,11,18
HK,1995,11,A3,10,12,3
HK,1995,11,A3,10,13,0
HK,1995,11,A3,10,14,0
HK,1995,11,A3,10,15,0
HK,1995,11,A3,10,16,8
HK,1995,11,A3,10,17,0
HK,1995,11,A3,10,18,0
HK,1995,11,A3,10,19,0
HK,1995,11,A3,10,20,0
HK,1995,11,A3,10,21,0
HK,1995,11,A3,10,22,0
HK,1995,11,A3,11,0,3
HK,1995,11,A3,11,1,0
HK,1995,11,A3,11,2,0
HK,1995,11,A3,11,3,0
HK,1995,11,A3,11,4,0
HK,1995,11,A3,11,5,0
HK,1995,11,A3,11,6,0
HK,1995,11,A3,11,7,0
HK,1995,11,A3,11,8,0
HK,1995,11,A3,11,9,2
HK,1995,11,A3,11,10,12
HK,1995,11,A3,11,11,24
HK,1995,11,A3,11,12,11
HK,1995,11,A3,11,13,1
HK,1995,11,A3,11,14,0
HK,1995,11,A3,11,15,1
HK,1995,11,A3,11,16,7
HK,1995,11,A3,11,17,0
HK,1995,11,A3,11,18,0
HK,1995,11,A3,11,19,0
HK,1995,11,A3,11,20,0
HK,1995,11,A3,11,21,0
HK,1995,11,A3,11,22,0
HK,1995,11,A3,12,0,1
HK,1995,11,A3,12,1,0
HK,1995,11,A3,12,2,0
HK,1995,11,A3,12,3,0
HK,1995,11,A3,12,4,0
HK,1995,11,A3,12,5,0
HK,1995,11,A3,12,6,0
HK,1995,11,A3,12,7,0
HK,1995,11,A3,12,8,0
HK,1995,11,A3,12,9,0
HK,1995,11,A3,12,10,2
HK,1995,11,A3,12,11,5
HK,1995,11,A3,12,12,32
HK,1995,11,A3,12,13,0
HK,1995,11,A3,12,14,0
HK,1995,11,A3,12,15,0
HK,1995,11,A3,12,16,1
HK,1995,11,A3,12,17,0
HK,1995,11,A3,12,18,0
HK,1995,11,A3,12,19,0
HK,1995,11,A3,12,20,0
HK,1995,11,A3,12,21,0
HK,1995,11,A3,12,22,0
HK,1995,11,A3,13,0,0
HK,1995,11,A3,13,1,0
HK,1995,11,A3,13,2,0
HK,1995,11,A3,13,3,0
HK,1995,11,A3,13,4,0
HK,1995,11,A3,13,5,0
HK,1995,11,A3,13,6,0
HK,1995,11,A3,13,7,0
HK,1995,11,A3,13,8,0
HK,1995,11,A3,13,9,4
HK,1995,11,A3,13,10,0
HK,1995,11,A3,13,11,0
HK,1995,11,A3,13,12,0
HK,1995,11,A3,13,13,153
HK,1995,11,A3,13,14,0
HK,1995,11,A3,13,15,1
HK,1995,11,A3,13,16,0
HK,1995,11,A3,13,17,0
HK,1995,11,A3,13,18,0
HK,1995,11,A3,13,19,0
HK,1995,11,A3,13,20,1
HK,1995,11,A3,13,21,0
HK,1995,11,A3,13,22,1
HK,1995,11,A3,14,0,0
HK,1995,11,A3,14,1,0
HK,1995,11,A3,14,2,0
HK,1995,11,A3,14,3,0
HK,1995,11,A3,14,4,0
HK,1995,11,A3,14,5,1
HK,1995,11,A3,14,6,0
HK,1995,11,A3,14,7,0
HK,1995,11,A3,14,8,0
HK,1995,11,A3,14,9,0
HK,1995,11,A3,14,10,0
HK,1995,11,A3,14,11,0
HK,1995,11,A3,14,12,0
HK,1995,11,A3,14,13,0
HK,1995,11,A3,14,14,58
HK,1995,11,A3,14,15,0
HK,1995,11,A3,14,16,0
HK,1995,11,A3,14,17,1
HK,1995,11,A3,14,18,0
HK,1995,11,A3,14,19,0
HK,1995,11,A3,14,20,0
HK,1995,11,A3,14,21,0
HK,1995,11,A3,14,22,0
HK,1995,11,A3,15,0,0
HK,1995,11,A3,15,1,0
HK,1995,11,A3,15,2,0
HK,1995,11,A3,15,3,0
HK,1995,11,A3,15,4,0
HK,1995,11,A3,15,5,0
HK,1995,11,A3,15,6,0
HK,1995,11,A3,15,7,0
HK,1995,11,A3,15,8,0
HK,1995,11,A3,15,9,0
HK,1995,11,A3,15,10,0
HK,1995,11,A3,15,11,0
HK,1995,11,A3,15,12,0
HK,1995,11,A3,15,13,0
HK,1995,11,A3,15,14,1
HK,1995,11,A3,15,15,122
HK,1995,11,A3,15,16,0
HK,1995,11,A3,15,17,0
HK,1995,11,A3,15,18,0
HK,1995,11,A3,15,19,0
HK,1995,11,A3,15,20,0
HK,1995,11,A3,15,21,0
HK,1995,11,A3,15,22,0
HK,1995,11,A3,16,0,3
HK,1995,11,A3,16,1,0
HK,1995,11,A3,16,2,0
HK,1995,11,A3,16,3,0
HK,1995,11,A3,16,4,0
HK,1995,11,A3,16,5,0
HK,1995,11,A3,16,6,0
HK,1995,11,A3,16,7,0
HK,1995,11,A3,16,8,0
HK,1995,11,A3,16,9,0
HK,1995,11,A3,16,10,2
HK,1995,11,A3,16,11,1
HK,1995,11,A3,16,12,0
HK,1995,11,A3,16,13,0
HK,1995,11,A3,16,14,0
HK,1995,11,A3,16,15,0
HK,1995,11,A3,16,16,2
HK,1995,11,A3,16,17,0
HK,1995,11,A3,16,18,0
HK,1995,11,A3,16,19,0
HK,1995,11,A3,16,20,0
HK,1995,11,A3,16,21,0
HK,1995,11,A3,16,22,0
HK,1995,11,A3,17,0,0
HK,1995,11,A3,17,1,0
HK,1995,11,A3,17,2,0
HK,1995,11,A3,17,3,0
HK,1995,11,A3,17,4,0
HK,1995,11,A3,17,5,0
HK,1995,11,A3,17,6,0
HK,1995,11,A3,17,7,0
HK,1995,11,A3,17,8,0
HK,1995,11,A3,17,9,0
HK,1995,11,A3,17,10,0
HK,1995,11,A3,17,11,0
HK,1995,11,A3,17,12,0
HK,1995,11,A3,17,13,0
HK,1995,11,A3,17,14,0
HK,1995,11,A3,17,15,0
HK,1995,11,A3,17,16,0
HK,1995,11,A3,17,17,5
HK,1995,11,A3,17,18,0
HK,1995,11,A3,17,19,0
HK,1995,11,A3,17,20,0
HK,1995,11,A3,17,21,0
HK,1995,11,A3,17,22,0
HK,1995,11,A3,18,0,0
HK,1995,11,A3,18,1,0
HK,1995,11,A3,18,2,0
HK,1995,11,A3,18,3,0
HK,1995,11,A3,18,4,0
HK,1995,11,A3,18,5,0
HK,1995,11,A3,18,6,1
HK,1995,11,A3,18,7,1
HK,1995,11,A3,18,8,2
HK,1995,11,A3,18,9,0
HK,1995,11,A3,18,10,0
HK,1995,11,A3,18,11,0
HK,1995,11,A3,18,12,0
HK,1995,11,A3,18,13,0
HK,1995,11,A3,18,14,0
HK,1995,11,A3,18,15,0
HK,1995,11,A3,18,16,0
HK,1995,11,A3,18,17,8
HK,1995,11,A3,18,18,10
HK,1995,11,A3,18,19,4
HK,1995,11,A3,18,20,2
HK,1995,11,A3,18,21,1
HK,1995,11,A3,18,22,4
HK,1995,11,A3,19,0,0
HK,1995,11,A3,19,1,0
HK,1995,11,A3,19,2,0
HK,1995,11,A3,19,3,0
HK,1995,11,A3,19,4,0
HK,1995,11,A3,19,5,0
HK,1995,11,A3,19,6,0
HK,1995,11,A3,19,7,0
HK,1995,11,A3,19,8,0
HK,1995,11,A3,19,9,0
HK,1995,11,A3,19,10,0
HK,1995,11,A3,19,11,0
HK,1995,11,A3,19,12,0
HK,1995,11,A3,19,13,0
HK,1995,11,A3,19,14,0
HK,1995,11,A3,19,15,0
HK,1995,11,A3,19,16,0
HK,1995,11,A3,19,17,0
HK,1995,11,A3,19,18,0
HK,1995,11,A3,19,19,0
HK,1995,11,A3,19,20,0
HK,1995,11,A3,19,21,2
HK,1995,11,A3,19,22,0
HK,1995,11,A3,20,0,0
HK,1995,11,A3,20,1,2
HK,1995,11,A3,20,2,3
HK,1995,11,A3,20,3,0
HK,1995,11,A3,20,4,0
HK,1995,11,A3,20,5,1
HK,1995,11,A3,20,6,1
HK,1995,11,A3,20,7,0
HK,1995,11,A3,20,8,6
HK,1995,11,A3,20,9,0
HK,1995,11,A3,20,10,0
HK,1995,11,A3,20,11,0
HK,1995,11,A3,20,12,1
HK,1995,11,A3,20,13,0
HK,1995,11,A3,20,14,1
HK,1995,11,A3,20,15,0
HK,1995,11,A3,20,16,0
HK,1995,11,A3,20,17,3
HK,1995,11,A3,20,18,7
HK,1995,11,A3,20,19,6
HK,1995,11,A3,20,20,10
HK,1995,11,A3,20,21,10
HK,1995,11,A3,20,22,15
HK,1995,11,A3,21,0,0
HK,1995,11,A3,21,1,0
HK,1995,11,A3,21,2,0
HK,1995,11,A3,21,3,0
HK,1995,11,A3,21,4,0
HK,1995,11,A3,21,5,0
HK,1995,11,A3,21,6,0
HK,1995,11,A3,21,7,0
HK,1995,11,A3,21,8,0
HK,1995,11,A3,21,9,0
HK,1995,11,A3,21,10,0
HK,1995,11,A3,21,11,0
HK,1995,11,A3,21,12,0
HK,1995,11,A3,21,13,0
HK,1995,11,A3,21,14,0
HK,1995,11,A3,21,15,0
HK,1995,11,A3,21,16,0
HK,1995,11,A3,21,17,0
HK,1995,11,A3,21,18,0
HK,1995,11,A3,21,19,1
HK,1995,11,A3,21,20,1
HK,1995,11,A3,21,21,0
HK,1995,11,A3,21,22,2
HK,1995,11,A3,22,0,0
HK,1995,11,A3,22,1,0
HK,1995,11,A3,22,2,0
HK,1995,11,A3,22,3,0
HK,1995,11,A3,22,4,0
HK,1995,11,A3,22,5,0
HK,1995,11,A3,22,6,0
HK,1995,11,A3,22,7,0
HK,1995,11,A3,22,8,0
HK,1995,11,A3,22,9,0
HK,1995,11,A3,22,10,0
HK,1995,11,A3,22,11,0
HK,1995,11,A3,22,12,0
HK,1995,11,A3,22,13,0
HK,1995,11,A3,22,14,0
HK,1995,11,A3,22,15,0
HK,1995,11,A3,22,16,0
HK,1995,11,A3,22,17,0
HK,1995,11,A3,22,18,0
HK,1995,11,A3,22,19,1
HK,1995,11,A3,22,20,1
HK,1995,11,A3,22,21,3
HK,1995,11,A3,22,22,16
HK,1995,11,A3s,0,0,5
HK,1995,11,A3s,0,1,0
HK,1995,11,A3s,0,2,0
HK,1995,11,A3s,0,3,0
HK,1995,11,A3s,0,4,0
HK,1995,11,A3s,0,5,0
HK,1995,11,A3s,0,6,0
HK,1995,11,A3s,0,7,0
HK,1995,11,A3s,0,8,0
HK,1995,11,A3s,0,9,0
HK,1995,11,A3s,0,10,1
HK,1995,11,A3s,0,11,0
HK,1995,11,A3s,0,12,0
HK,1995,11,A3s,0,13,0
HK,1995,11,A3s,0,14,0
HK,1995,11,A3s,0,15,0
HK,1995,11,A3s,0,16,1
HK,1995,11,A3s,0,17,0
HK,1995,11,A3s,0,18,0
HK,1995,11,A3s,0,19,0
HK,1995,11,A3s,0,20,0
HK,1995,11,A3s,0,21,0
HK,1995,11,A3s,0,22,0
HK,1995,11,A3s,1,0,0
HK,1995,11,A3s,1,1,104
HK,1995,11,A3s,1,2,9
HK,1995,11,A3s,1,3,0
HK,1995,11,A3s,1,4,0
HK,1995,11,A3s,1,5,0
HK,1995,11,A3s,1,6,0
HK,1995,11,A3s,1,7,0
HK,1995,11,A3s,1,8,0
HK,1995,11,A3s,1,9,0
HK,1995,11,A3s,1,10,0
HK,1995,11,A3s,1,11,0
HK,1995,11,A3s,1,12,0
HK,1995,11,A3s,1,13,0
HK,1995,11,A3s,1,14,0
HK,1995,11,A3s,1,15,0
HK,1995,11,A3s,1,16,0
HK,1995,11,A3s,1,17,0
HK,1995,11,A3s,1,18,0
HK,1995,11,A3s,1,19,0
HK,1995,11,A3s,1,20,0
HK,1995,11,A3s,1,21,0
HK,1995,11,A3s,1,22,0
HK,1995,11,A3s,2,0,0
HK,1995,11,A3s,2,1,1
HK,1995,11,A3s,2,2,152
HK,1995,11,A3s,2,3,0
HK,1995,11,A3s,2,4,0
HK,1995,11,A3s,2,5,0
HK,1995,11,A3s,2,6,0
HK,1995,11,A3s,2,7,29
HK,1995,11,A3s,2,8,0
HK,1995,11,A3s,2,9,0
HK,1995,11,A3s,2,10,0
HK,1995,11,A3s,2,11,0
HK,1995,11,A3s,2,12,0
HK,1995,11,A3s,2,13,0
HK,1995,11,A3s,2,14,0
HK,1995,11,A3s,2,15,0
HK,1995,11,A3s,2,16,0
HK,1995,11,A3s,2,17,0
HK,1995,11,A3s,2,18,0
HK,1995,11,A3s,2,19,0
HK,1995,11,A3s,2,20,0
HK,1995,11,A3s,2,21,0
HK,1995,11,A3s,2,22,0
HK,1995,11,A3s,3,0,0
HK,1995,11,A3s,3,1,0
HK,1995,11,A3s,3,2,0
HK,1995,11,A3s,3,3,123
HK,1995,11,A3s,3,4,32
HK,1995,11,A3s,3,5,0
HK,1995,11,A3s,3,6,0
HK,1995,11,A3s,3,7,0
HK,1995,11,A3s,3,8,0
HK,1995,11,A3s,3,9,0
HK,1995,11,A3s,3,10,0
HK,1995,11,A3s,3,11,0
HK,1995,11,A3s,3,12,0
HK,1995,11,A3s,3,13,1
HK,1995,11,A3s,3,14,0
HK,1995,11,A3s,3,15,0
HK,1995,11,A3s,3,16,0
HK,1995,11,A3s,3,17,1
HK,1995,11,A3s,3,18,0
HK,1995,11,A3s,3,19,0
HK,1995,11,A3s,3,20,0
HK,1995,11,A3s,3,21,0
HK,1995,11,A3s,3,22,0
HK,1995,11,A3s,4,0,0
HK,1995,11,A3s,4,1,0
HK,1995,11,A3s,4,2,0
HK,1995,11,A3s,4,3,19
HK,1995,11,A3s,4,4,145
HK,1995,11,A3s,4,5,0
HK,1995,11,A3s,4,6,0
HK,1995,11,A3s,4,7,0
HK,1995,11,A3s,4,8,1
HK,1995,11,A3s,4,9,0
HK,1995,11,A3s,4,10,0
HK,1995,11,A3s,4,11,0
HK,1995,11,A3s,4,12,0
HK,1995,11,A3s,4,13,0
HK,1995,11,A3s,4,14,0
HK,1995,11,A3s,4,15,0
HK,1995,11,A3s,4,16,0
HK,1995,11,A3s,4,17,0
HK,1995,11,A3s,4,18,0
HK,1995,11,A3s,4,19,0
HK,1995,11,A3s,4,20,0
HK,1995,11,A3s,4,21,0
HK,1995,11,A3s,4,22,0
HK,1995,11,A3s,5,0,0
HK,1995,11,A3s,5,1,0
HK,1995,11,A3s,5,2,0
HK,1995,11,A3s,5,3,0
HK,1995,11,A3s,5,4,0
HK,1995,11,A3s,5,5,0
HK,1995,11,A3s,5,6,0
HK,1995,11,A3s,5,7,0
HK,1995,11,A3s,5,8,0
HK,1995,11,A3s,5,9,0
HK,1995,11,A3s,5,10,0
HK,1995,11,A3s,5,11,0
HK,1995,11,A3s,5,12,0
HK,1995,11,A3s,5,13,0
HK,1995,11,A3s,5,14,1
HK,1995,11,A3s,5,15,0
HK,1995,11,A3s,5,16,0
HK,1995,11,A3s,5,17,0
HK,1995,11,A3s,5,18,0
HK,1995,11,A3s,5,19,0
HK,1995,11,A3s,5,20,0
HK,1995,11,A3s,5,21,0
HK,1995,11,A3s,5,22,0
HK,1995,11,A3s,6,0,0
HK,1995,11,A3s,6,1,0
HK,1995,11,A3s,6,2,0
HK,1995,11,A3s,6,3,0
HK,1995,11,A3s,6,4,0
HK,1995,11,A3s,6,5,0
HK,1995,11,A3s,6,6,0
HK,1995,11,A3s,6,7,0
HK,1995,11,A3s,6,8,0
HK,1995,11,A3s,6,9,0
HK,1995,11,A3s,6,10,0
HK,1995,11,A3s,6,11,0
HK,1995,11,A3s,6,12,0
HK,1995,11,A3s,6,13,0
HK,1995,11,A3s,6,14,0
HK,1995,11,A3s,6,15,0
HK,1995,11,A3s,6,16,0
HK,1995,11,A3s,6,17,0
HK,1995,11,A3s,6,18,0
HK,1995,11,A3s,6,19,0
HK,1995,11,A3s,6,20,1
HK,1995,11,A3s,6,21,0
HK,1995,11,A3s,6,22,0
HK,1995,11,A3s,7,0,0
HK,1995,11,A3s,7,1,0
HK,1995,11,A3s,7,2,0
HK,1995,11,A3s,7,3,0
HK,1995,11,A3s,7,4,0
HK,1995,11,A3s,7,5,0
HK,1995,11,A3s,7,6,0
HK,1995,11,A3s,7,7,21
HK,1995,11,A3s,7,8,0
HK,1995,11,A3s,7,9,0
HK,1995,11,A3s,7,10,0
HK,1995,11,A3s,7,11,0
HK,1995,11,A3s,7,12,0
HK,1995,11,A3s,7,13,0
HK,1995,11,A3s,7,14,0
HK,1995,11,A3s,7,15,0
HK,1995,11,A3s,7,16,0
HK,1995,11,A3s,7,17,0
HK,1995,11,A3s,7,18,0
HK,1995,11,A3s,7,19,0
HK,1995,11,A3s,7,20,0
HK,1995,11,A3s,7,21,0
HK,1995,11,A3s,7,22,0
HK,1995,11,A3s,8,0,0
HK,1995,11,A3s,8,1,0
HK,1995,11,A3s,8,2,0
HK,1995,11,A3s,8,3,0
HK,1995,11,A3s,8,4,0
HK,1995,11,A3s,8,5,0
HK,1995,11,A3s,8,6,0
HK,1995,11,A3s,8,7,0
HK,1995,11,A3s,8,8,151
HK,1995,11,A3s,8,9,0
HK,1995,11,A3s,8,10,0
HK,1995,11,A3s,8,11,0
HK,1995,11,A3s,8,12,0
HK,1995,11,A3s,8,13,0
HK,1995,11,A3s,8,14,0
HK,1995,11,A3s,8,15,0
HK,1995,11,A3s,8,16,0
HK,1995,11,A3s,8,17,2
HK,1995,11,A3s,8,18,0
HK,1995,11,A3s,8,19,0
HK,1995,11,A3s,8,20,0
HK,1995,11,A3s,8,21,0
HK,1995,11,A3s,8,22,0
HK,1995,11,A3s,9,0,0
HK,1995,11,A3s,9,1,0
HK,1995,11,A3s,9,2,0
HK,1995,11,A3s,9,3,0
HK,1995,11,A3s,9,4,0
HK,1995,11,A3s,9,5,0
HK,1995,11,A3s,9,6,0
HK,1995,11,A3s,9,7,0
HK,1995,11,A3s,9,8,0
HK,1995,11,A3s,9,9,163
HK,1995,11,A3s,9,10,0
HK,1995,11,A3s,9,11,0
HK,1995,11,A3s,9,12,0
HK,1995,11,A3s,9,13,0
HK,1995,11,A3s,9,14,0
HK,1995,11,A3s,9,15,0
HK,1995,11,A3s,9,16,0
HK,1995,11,A3s,9,17,0
HK,1995,11,A3s,9,18,0
HK,1995,11,A3s,9,19,1
HK,1995,11,A3s,9,20,0
HK,1995,11,A3s,9,21,0
HK,1995,11,A3s,9,22,0
HK,1995,11,A3s,10,0,15
HK,1995,11,A3s,10,1,0
HK,1995,11,A3s,10,2,0
HK,1995,11,A3s,10,3,0
HK,1995,11,A3s,10,4,0
HK,1995,11,A3s,10,5,0
HK,1995,11,A3s,10,6,0
HK,1995,11,A3s,10,7,0
HK,1995,11,A3s,10,8,0
HK,1995,11,A3s,10,9,2
HK,1995,11,A3s,10,10,109
HK,1995,11,A3s,10,11,11
HK,1995,11,A3s,10,12,4
HK,1995,11,A3s,10,13,0
HK,1995,11,A3s,10,14,0
HK,1995,11,A3s,10,15,1
HK,1995,11,A3s,10,16,8
HK,1995,11,A3s,10,17,0
HK,1995,11,A3s,10,18,0
HK,1995,11,A3s,10,19,0
HK,1995,11,A3s,10,20,0
HK,1995,11,A3s,10,21,0
HK,1995,11,A3s,10,22,0
HK,1995,11,A3s,11,0,3
HK,1995,11,A3s,11,1,0
HK,1995,11,A3s,11,2,0
HK,1995,11,A3s,11,3,0
HK,1995,11,A3s,11,4,0
HK,1995,11,A3s,11,5,0
HK,1995,11,A3s,11,6,0
HK,1995,11,A3s,11,7,0
HK,1995,11,A3s,11,8,0
HK,1995,11,A3s,11,9,2
HK,1995,11,A3s,11,10,16
HK,1995,11,A3s,11,11,18
HK,1995,11,A3s,11,12,13
HK,1995,11,A3s,11,13,1
HK,1995,11,A3s,11,14,0
HK,1995,11,A3s,11,15,1
HK,1995,11,A3s,11,16,7
HK,1995,11,A3s,11,17,0
HK,1995,11,A3s,11,18,0
HK,1995,11,A3s,11,19,0
HK,1995,11,A3s,11,20,0
HK,1995,11,A3s,11,21,0
HK,1995,11,A3s,11,22,0
HK,1995,11,A3s,12,0,1
HK,1995,11,A3s,12,1,0
HK,1995,11,A3s,12,2,0
HK,1995,11,A3s,12,3,0
HK,1995,11,A3s,12,4,0
HK,1995,11,A3s,12,5,0
HK,1995,11,A3s,12,6,0
HK,1995,11,A3s,12,7,0
HK,1995,11,A3s,12,8,0
HK,1995,11,A3s,12,9,0
HK,1995,11,A3s,12,10,2
HK,1995,11,A3s,12,11,4
HK,1995,11,A3s,12,12,32
HK,1995,11,A3s,12,13,0
HK,1995,11,A3s,12,14,0
HK,1995,11,A3s,12,15,0
HK,1995,11,A3s,12,16,2
HK,1995,11,A3s,12,17,0
HK,1995,11,A3s,12,18,0
HK,1995,11,A3s,12,19,0
HK,1995,11,A3s,12,20,0
HK,1995,11,A3s,12,21,0
HK,1995,11,A3s,12,22,0
HK,1995,11,A3s,13,0,0
HK,1995,11,A3s,13,1,1
HK,1995,11,A3s,13,2,0
HK,1995,11,A3s,13,3,0
HK,1995,11,A3s,13,4,0
HK,1995,11,A3s,13,5,0
HK,1995,11,A3s,13,6,0
HK,1995,11,A3s,13,7,0
HK,1995,11,A3s,13,8,0
HK,1995,11,A3s,13,9,4
HK,1995,11,A3s,13,10,0
HK,1995,11,A3s,13,11,0
HK,1995,11,A3s,13,12,0
HK,1995,11,A3s,13,13,153
HK,1995,11,A3s,13,14,0
HK,1995,11,A3s,13,15,1
HK,1995,11,A3s,13,16,0
HK,1995,11,A3s,13,17,0
HK,1995,11,A3s,13,18,0
HK,1995,11,A3s,13,19,0
HK,1995,11,A3s,13,20,0
HK,1995,11,A3s,13,21,0
HK,1995,11,A3s,13,22,1
HK,1995,11,A3s,14,0,0
HK,1995,11,A3s,14,1,0
HK,1995,11,A3s,14,2,0
HK,1995,11,A3s,14,3,0
HK,1995,11,A3s,14,4,0
HK,1995,11,A3s,14,5,1
HK,1995,11,A3s,14,6,0
HK,1995,11,A3s,14,7,0
HK,1995,11,A3s,14,8,0
HK,1995,11,A3s,14,9,0
HK,1995,11,A3s,14,10,0
HK,1995,11,A3s,14,11,0
HK,1995,11,A3s,14,12,0
HK,1995,11,A3s,14,13,0
HK,1995,11,A3s,14,14,58
HK,1995,11,A3s,14,15,0
HK,1995,11,A3s,14,16,0
HK,1995,11,A3s,14,17,1
HK,1995,11,A3s,14,18,0
HK,1995,11,A3s,14,19,0
HK,1995,11,A3s,14,20,0
HK,1995,11,A3s,14,21,0
HK,1995,11,A3s,14,22,0
HK,1995,11,A3s,15,0,0
HK,1995,11,A3s,15,1,0
HK,1995,11,A3s,15,2,0
HK,1995,11,A3s,15,3,0
HK,1995,11,A3s,15,4,0
HK,1995,11,A3s,15,5,0
HK,1995,11,A3s,15,6,0
HK,1995,11,A3s,15,7,0
HK,1995,11,A3s,15,8,0
HK,1995,11,A3s,15,9,0
HK,1995,11,A3s,15,10,0
HK,1995,11,A3s,15,11,0
HK,1995,11,A3s,15,12,0
HK,1995,11,A3s,15,13,0
HK,1995,11,A3s,15,14,1
HK,1995,11,A3s,15,15,122
HK,1995,11,A3s,15,16,0
HK,1995,11,A3s,15,17,0
HK,1995,11,A3s,15,18,0
HK,1995,11,A3s,15,19,0
HK,1995,11,A3s,15,20,0
HK,1995,11,A3s,15,21,0
HK,1995,11,A3s,15,22,0
HK,1995,11,A3s,16,0,3
HK,1995,11,A3s,16,1,0
HK,1995,11,A3s,16,2,0
HK,1995,11,A3s,16,3,0
HK,1995,11,A3s,16,4,0
HK,1995,11,A3s,16,5,0
HK,1995,11,A3s,16,6,0
HK,1995,11,A3s,16,7,0
HK,1995,11,A3s,16,8,0
HK,1995,11,A3s,16,9,0
HK,1995,11,A3s,16,10,2
HK,1995,11,A3s,16,11,1
HK,1995,11,A3s,16,12,0
HK,1995,11,A3s,16,13,0
HK,1995,11,A3s,16,14,0
HK,1995,11,A3s,16,15,0
HK,1995,11,A3s,16,16,2
HK,1995,11,A3s,16,17,0
HK,1995,11,A3s,16,18,0
HK,1995,11,A3s,16,19,0
HK,1995,11,A3s,16,20,0
HK,1995,11,A3s,16,21,0
HK,1995,11,A3s,16,22,0
HK,1995,11,A3s,17,0,0
HK,1995,11,A3s,17,1,0
HK,1995,11,A3s,17,2,0
HK,1995,11,A3s,17,3,0
HK,1995,11,A3s,17,4,1
HK,1995,11,A3s,17,5,0
HK,1995,11,A3s,17,6,0
HK,1995,11,A3s,17,7,0
HK,1995,11,A3s,17,8,0
HK,1995,11,A3s,17,9,0
HK,1995,11,A3s,17,10,0
HK,1995,11,A3s,17,11,0
HK,1995,11,A3s,17,12,0
HK,1995,11,A3s,17,13,0
HK,1995,11,A3s,17,14,0
HK,1995,11,A3s,17,15,0
HK,1995,11,A3s,17,16,0
HK,1995,11,A3s,17,17,4
HK,1995,11,A3s,17,18,0
HK,1995,11,A3s,17,19,0
HK,1995,11,A3s,17,20,0
HK,1995,11,A3s,17,21,0
HK,1995,11,A3s,17,22,0
HK,1995,11,A3s,18,0,0
HK,1995,11,A3s,18,1,0
HK,1995,11,A3s,18,2,0
HK,1995,11,A3s,18,3,0
HK,1995,11,A3s,18,4,0
HK,1995,11,A3s,18,5,0
HK,1995,11,A3s,18,6,1
HK,1995,11,A3s,18,7,0
HK,1995,11,A3s,18,8,2
HK,1995,11,A3s,18,9,0
HK,1995,11,A3s,18,10,0
HK,1995,11,A3s,18,11,0
HK,1995,11,A3s,18,12,0
HK,1995,11,A3s,18,13,0
HK,1995,11,A3s,18,14,0
HK,1995,11,A3s,18,15,0
HK,1995,11,A3s,18,16,1
HK,1995,11,A3s,18,17,7
HK,1995,11,A3s,18,18,11
HK,1995,11,A3s,18,19,3
HK,1995,11,A3s,18,20,2
HK,1995,11,A3s,18,21,2
HK,1995,11,A3s,18,22,4
HK,1995,11,A3s,19,0,0
HK,1995,11,A3s,19,1,0
HK,1995,11,A3s,19,2,0
HK,1995,11,A3s,19,3,0
HK,1995,11,A3s,19,4,0
HK,1995,11,A3s,19,5,0
HK,1995,11,A3s,19,6,0
HK,1995,11,A3s,19,7,0
HK,1995,11,A3s,19,8,0
HK,1995,11,A3s,19,9,0
HK,1995,11,A3s,19,10,0
HK,1995,11,A3s,19,11,0
HK,1995,11,A3s,19,12,0
HK,1995,11,A3s,19,13,0
HK,1995,11,A3s,19,14,0
HK,1995,11,A3s,19,15,0
HK,1995,11,A3s,19,16,0
HK,1995,11,A3s,19,17,0
HK,1995,11,A3s,19,18,0
HK,1995,11,A3s,19,19,0
HK,1995,11,A3s,19,20,0
HK,1995,11,A3s,19,21,2
HK,1995,11,A3s,19,22,0
HK,1995,11,A3s,20,0,0
HK,1995,11,A3s,20,1,2
HK,1995,11,A3s,20,2,3
HK,1995,11,A3s,20,3,0
HK,1995,11,A3s,20,4,0
HK,1995,11,A3s,20,5,1
HK,1995,11,A3s,20,6,1
HK,1995,11,A3s,20,7,0
HK,1995,11,A3s,20,8,5
HK,1995,11,A3s,20,9,0
HK,1995,11,A3s,20,10,0
HK,1995,11,A3s,20,11,0
HK,1995,11,A3s,20,12,1
HK,1995,11,A3s,20,13,0
HK,1995,11,A3s,20,14,1
HK,1995,11,A3s,20,15,0
HK,1995,11,A3s,20,16,0
HK,1995,11,A3s,20,17,2
HK,1995,11,A3s,20,18,7
HK,1995,11,A3s,20,19,6
HK,1995,11,A3s,20,20,12
HK,1995,11,A3s,20,21,9
HK,1995,11,A3s,20,22,16
HK,1995,11,A3s,21,0,0
HK,1995,11,A3s,21,1,0
HK,1995,11,A3s,21,2,0
HK,1995,11,A3s,21,3,0
HK,1995,11,A3s,21,4,0
HK,1995,11,A3s,21,5,0
HK,1995,11,A3s,21,6,0
HK,1995,11,A3s,21,7,0
HK,1995,11,A3s,21,8,0
HK,1995,11,A3s,21,9,0
HK,1995,11,A3s,21,10,0
HK,1995,11,A3s,21,11,0
HK,1995,11,A3s,21,12,0
HK,1995,11,A3s,21,13,0
HK,1995,11,A3s,21,14,0
HK,1995,11,A3s,21,15,0
HK,1995,11,A3s,21,16,0
HK,1995,11,A3s,21,17,0
HK,1995,11,A3s,21,18,0
HK,1995,11,A3s,21,19,1
HK,1995,11,A3s,21,20,1
HK,1995,11,A3s,21,21,0
HK,1995,11,A3s,21,22,2
HK,1995,11,A3s,22,0,0
HK,1995,11,A3s,22,1,0
HK,1995,11,A3s,22,2,0
HK,1995,11,A3s,22,3,0
HK,1995,11,A3s,22,4,0
HK,1995,11,A3s,22,5,0
HK,1995,11,A3s,22,6,0
HK,1995,11,A3s,22,7,0
HK,1995,11,A3s,22,8,0
HK,1995,11,A3s,22,9,0
HK,1995,11,A3s,22,10,0
HK,1995,11,A3s,22,11,0
HK,1995,11,A3s,22,12,0
HK,1995,11,A3s,22,13,0
HK,1995,11,A3s,22,14,0
HK,1995,11,A3s,22,15,0
HK,1995,11,A3s,22,16,0
HK,1995,11,A3s,22,17,0
HK,1995,11,A3s,22,18,0
HK,1995,11,A3s,22,19,1
HK,1995,11,A3s,22,20,1
HK,1995,11,A3s,22,21,3
HK,1995,11,A3s,22,22,16
HK,1995,11,A4,0,0,5
HK,1995,11,A4,0,1,0
HK,1995,11,A4,0,2,0
HK,1995,11,A4,0,3,0
HK,1995,11,A4,0,4,0
HK,1995,11,A4,0,5,0
HK,1995,11,A4,0,6,0
HK,1995,11,A4,0,7,0
HK,1995,11,A4,0,8,0
HK,1995,11,A4,0,9,0
HK,1995,11,A4,0,10,1
HK,1995,11,A4,0,11,0
HK,1995,11,A4,0,12,0
HK,1995,11,A4,0,13,0
HK,1995,11,A4,0,14,0
HK,1995,11,A4,0,15,0
HK,1995,11,A4,0,16,1
HK,1995,11,A4,0,17,0
HK,1995,11,A4,0,18,0
HK,1995,11,A4,0,19,0
HK,1995,11,A4,0,20,0
HK,1995,11,A4,0,21,0
HK,1995,11,A4,0,22,0
HK,1995,11,A4,1,0,0
HK,1995,11,A4,1,1,104
HK,1995,11,A4,1,2,9
HK,1995,11,A4,1,3,0
HK,1995,11,A4,1,4,0
HK,1995,11,A4,1,5,0
HK,1995,11,A4,1,6,0
HK,1995,11,A4,1,7,0
HK,1995,11,A4,1,8,0
HK,1995,11,A4,1,9,0
HK,1995,11,A4,1,10,0
HK,1995,11,A4,1,11,0
HK,1995,11,A4,1,12,0
HK,1995,11,A4,1,13,0
HK,1995,11,A4,1,14,0
HK,1995,11,A4,1,15,0
HK,1995,11,A4,1,16,0
HK,1995,11,A4,1,17,0
HK,1995,11,A4,1,18,0
HK,1995,11,A4,1,19,0
HK,1995,11,A4,1,20,0
HK,1995,11,A4,1,21,0
HK,1995,11,A4,1,22,0
HK,1995,11,A4,2,0,0
HK,1995,11,A4,2,1,1
HK,1995,11,A4,2,2,152
HK,1995,11,A4,2,3,0
HK,1995,11,A4,2,4,0
HK,1995,11,A4,2,5,0
HK,1995,11,A4,2,6,0
HK,1995,11,A4,2,7,29
HK,1995,11,A4,2,8,0
HK,1995,11,A4,2,9,0
HK,1995,11,A4,2,10,0
HK,1995,11,A4,2,11,0
HK,1995,11,A4,2,12,0
HK,1995,11,A4,2,13,0
HK,1995,11,A4,2,14,0
HK,1995,11,A4,2,15,0
HK,1995,11,A4,2,16,0
HK,1995,11,A4,2,17,0
HK,1995,11,A4,2,18,0
HK,1995,11,A4,2,19,0
HK,1995,11,A4,2,20,0
HK,1995,11,A4,2,21,0
HK,1995,11,A4,2,22,0
HK,1995,11,A4,3,0,0
HK,1995,11,A4,3,1,0
HK,1995,11,A4,3,2,0
HK,1995,11,A4,3,3,126
HK,1995,11,A4,3,4,29
HK,1995,11,A4,3,5,0
HK,1995,11,A4,3,6,0
HK,1995,11,A4,3,7,0
HK,1995,11,A4,3,8,0
HK,1995,11,A4,3,9,0
HK,1995,11,A4,3,10,0
HK,1995,11,A4,3,11,0
HK,1995,11,A4,3,12,0
HK,1995,11,A4,3,13,1
HK,1995,11,A4,3,14,0
HK,1995,11,A4,3,15,0
HK,1995,11,A4,3,16,0
HK,1995,11,A4,3,17,1
HK,1995,11,A4,3,18,0
HK,1995,11,A4,3,19,0
HK,1995,11,A4,3,20,0
HK,1995,11,A4,3,21,0
HK,1995,11,A4,3,22,0
HK,1995,11,A4,4,0,0
HK,1995,11,A4,4,1,0
HK,1995,11,A4,4,2,0
HK,1995,11,A4,4,3,20
HK,1995,11,A4,4,4,144
HK,1995,11,A4,4,5,0
HK,1995,11,A4,4,6,0
HK,1995,11,A4,4,7,0
HK,1995,11,A4,4,8,1
HK,1995,11,A4,4,9,0
HK,1995,11,A4,4,10,0
HK,1995,11,A4,4,11,0
HK,1995,11,A4,4,12,0
HK,1995,11,A4,4,13,0
HK,1995,11,A4,4,14,0
HK,1995,11,A4,4,15,0
HK,1995,11,A4,4,16,0
HK,1995,11,A4,4,17,0
HK,1995,11,A4,4,18,0
HK,1995,11,A4,4,19,0
HK,1995,11,A4,4,20,0
HK,1995,11,A4,4,21,0
HK,1995,11,A4,4,22,0
HK,1995,11,A4,5,0,0
HK,1995,11,A4,5,1,0
HK,1995,11,A4,5,2,0
HK,1995,11,A4,5,3,0
HK,1995,11,A4,5,4,0
HK,1995,11,A4,5,5,0
HK,1995,11,A4,5,6,0
HK,1995,11,A4,5,7,0
HK,1995,11,A4,5,8,0
HK,1995,11,A4,5,9,0
HK,1995,11,A4,5,10,0
HK,1995,11,A4,5,11,0
HK,1995,11,A4,5,12,0
HK,1995,11,A4,5,13,0
HK,1995,11,A4,5,14,1
HK,1995,11,A4,5,15,0
HK,1995,11,A4,5,16,0
HK,1995,11,A4,5,17,0
HK,1995,11,A4,5,18,0
HK,1995,11,A4,5,19,0
HK,1995,11,A4,5,20,0
HK,1995,11,A4,5,21,0
HK,1995,11,A4,5,22,0
HK,1995,11,A4,6,0,0
HK,1995,11,A4,6,1,0
HK,1995,11,A4,6,2,0
HK,1995,11,A4,6,3,0
HK,1995,11,A4,6,4,0
HK,1995,11,A4,6,5,0
HK,1995,11,A4,6,6,0
HK,1995,11,A4,6,7,0
HK,1995,11,A4,6,8,0
HK,1995,11,A4,6,9,0
HK,1995,11,A4,6,10,0
HK,1995,11,A4,6,11,0
HK,1995,11,A4,6,12,0
HK,1995,11,A4,6,13,0
HK,1995,11,A4,6,14,0
HK,1995,11,A4,6,15,0
HK,1995,11,A4,6,16,0
HK,1995,11,A4,6,17,0
HK,1995,11,A4,6,18,0
HK,1995,11,A4,6,19,0
HK,1995,11,A4,6,20,1
HK,1995,11,A4,6,21,0
HK,1995,11,A4,6,22,0
HK,1995,11,A4,7,0,0
HK,1995,11,A4,7,1,0
HK,1995,11,A4,7,2,0
HK,1995,11,A4,7,3,0
HK,1995,11,A4,7,4,0
HK,1995,11,A4,7,5,0
HK,1995,11,A4,7,6,0
HK,1995,11,A4,7,7,21
HK,1995,11,A4,7,8,0
HK,1995,11,A4,7,9,0
HK,1995,11,A4,7,10,0
HK,1995,11,A4,7,11,0
HK,1995,11,A4,7,12,0
HK,1995,11,A4,7,13,0
HK,1995,11,A4,7,14,0
HK,1995,11,A4,7,15,0
HK,1995,11,A4,7,16,0
HK,1995,11,A4,7,17,0
HK,1995,11,A4,7,18,0
HK,1995,11,A4,7,19,0
HK,1995,11,A4,7,20,0
HK,1995,11,A4,7,21,0
HK,1995,11,A4,7,22,0
HK,1995,11,A4,8,0,0
HK,1995,11,A4,8,1,0
HK,1995,11,A4,8,2,0
HK,1995,11,A4,8,3,0
HK,1995,11,A4,8,4,0
HK,1995,11,A4,8,5,0
HK,1995,11,A4,8,6,0
HK,1995,11,A4,8,7,0
HK,1995,11,A4,8,8,151
HK,1995,11,A4,8,9,0
HK,1995,11,A4,8,10,0
HK,1995,11,A4,8,11,0
HK,1995,11,A4,8,12,0
HK,1995,11,A4,8,13,0
HK,1995,11,A4,8,14,0
HK,1995,11,A4,8,15,0
HK,1995,11,A4,8,16,0
HK,1995,11,A4,8,17,2
HK,1995,11,A4,8,18,0
HK,1995,11,A4,8,19,0
HK,1995,11,A4,8,20,0
HK,1995,11,A4,8,21,0
HK,1995,11,A4,8,22,0
HK,1995,11,A4,9,0,0
HK,1995,11,A4,9,1,0
HK,1995,11,A4,9,2,0
HK,1995,11,A4,9,3,0
HK,1995,11,A4,9,4,0
HK,1995,11,A4,9,5,0
HK,1995,11,A4,9,6,0
HK,1995,11,A4,9,7,0
HK,1995,11,A4,9,8,0
HK,1995,11,A4,9,9,163
HK,1995,11,A4,9,10,0
HK,1995,11,A4,9,11,0
HK,1995,11,A4,9,12,0
HK,1995,11,A4,9,13,0
HK,1995,11,A4,9,14,0
HK,1995,11,A4,9,15,0
HK,1995,11,A4,9,16,0
HK,1995,11,A4,9,17,0
HK,1995,11,A4,9,18,0
HK,1995,11,A4,9,19,1
HK,1995,11,A4,9,20,0
HK,1995,11,A4,9,21,0
HK,1995,11,A4,9,22,0
HK,1995,11,A4,10,0,14
HK,1995,11,A4,10,1,0
HK,1995,11,A4,10,2,0
HK,1995,11,A4,10,3,0
HK,1995,11,A4,10,4,0
HK,1995,11,A4,10,5,0
HK,1995,11,A4,10,6,0
HK,1995,11,A4,10,7,0
HK,1995,11,A4,10,8,0
HK,1995,11,A4,10,9,2
HK,1995,11,A4,10,10,113
HK,1995,11,A4,10,11,9
HK,1995,11,A4,10,12,4
HK,1995,11,A4,10,13,0
HK,1995,11,A4,10,14,0
HK,1995,11,A4,10,15,0
HK,1995,11,A4,10,16,8
HK,1995,11,A4,10,17,0
HK,1995,11,A4,10,18,0
HK,1995,11,A4,10,19,0
HK,1995,11,A4,10,20,0
HK,1995,11,A4,10,21,0
HK,1995,11,A4,10,22,0
HK,1995,11,A4,11,0,4
HK,1995,11,A4,11,1,0
HK,1995,11,A4,11,2,0
HK,1995,11,A4,11,3,0
HK,1995,11,A4,11,4,0
HK,1995,11,A4,11,5,0
HK,1995,11,A4,11,6,0
HK,1995,11,A4,11,7,0
HK,1995,11,A4,11,8,0
HK,1995,11,A4,11,9,2
HK,1995,11,A4,11,10,17
HK,1995,11,A4,11,11,17
HK,1995,11,A4,11,12,13
HK,1995,11,A4,11,13,1
HK,1995,11,A4,11,14,0
HK,1995,11,A4,11,15,1
HK,1995,11,A4,11,16,6
HK,1995,11,A4,11,17,0
HK,1995,11,A4,11,18,0
HK,1995,11,A4,11,19,0
HK,1995,11,A4,11,20,0
HK,1995,11,A4,11,21,0
HK,1995,11,A4,11,22,0
HK,1995,11,A4,12,0,1
HK,1995,11,A4,12,1,0
HK,1995,11,A4,12,2,0
HK,1995,11,A4,12,3,0
HK,1995,11,A4,12,4,0
HK,1995,11,A4,12,5,0
HK,1995,11,A4,12,6,0
HK,1995,11,A4,12,7,0
HK,1995,11,A4,12,8,0
HK,1995,11,A4,12,9,0
HK,1995,11,A4,12,10,3
HK,1995,11,A4,12,11,3
HK,1995,11,A4,12,12,32
HK,1995,11,A4,12,13,0
HK,1995,11,A4,12,14,0
HK,1995,11,A4,12,15,0
HK,1995,11,A4,12,16,2
HK,1995,11,A4,12,17,0
HK,1995,11,A4,12,18,0
HK,1995,11,A4,12,19,0
HK,1995,11,A4,12,20,0
HK,1995,11,A4,12,21,0
HK,1995,11,A4,12,22,0
HK,1995,11,A4,13,0,0
HK,1995,11,A4,13,1,1
HK,1995,11,A4,13,2,0
HK,1995,11,A4,13,3,0
HK,1995,11,A4,13,4,0
HK,1995,11,A4,13,5,0
HK,1995,11,A4,13,6,0
HK,1995,11,A4,13,7,0
HK,1995,11,A4,13,8,0
HK,1995,11,A4,13,9,4
HK,1995,11,A4,13,10,0
HK,1995,11,A4,13,11,0
HK,1995,11,A4,13,12,0
HK,1995,11,A4,13,13,153
HK,1995,11,A4,13,14,0
HK,1995,11,A4,13,15,1
HK,1995,11,A4,13,16,0
HK,1995,11,A4,13,17,0
HK,1995,11,A4,13,18,0
HK,1995,11,A4,13,19,0
HK,1995,11,A4,13,20,0
HK,1995,11,A4,13,21,0
HK,1995,11,A4,13,22,1
HK,1995,11,A4,14,0,0
HK,1995,11,A4,14,1,0
HK,1995,11,A4,14,2,0
HK,1995,11,A4,14,3,0
HK,1995,11,A4,14,4,0
HK,1995,11,A4,14,5,1
HK,1995,11,A4,14,6,0
HK,1995,11,A4,14,7,0
HK,1995,11,A4,14,8,0
HK,1995,11,A4,14,9,0
HK,1995,11,A4,14,10,0
HK,1995,11,A4,14,11,0
HK,1995,11,A4,14,12,0
HK,1995,11,A4,14,13,0
HK,1995,11,A4,14,14,58
HK,1995,11,A4,14,15,0
HK,1995,11,A4,14,16,0
HK,1995,11,A4,14,17,1
HK,1995,11,A4,14,18,0
HK,1995,11,A4,14,19,0
HK,1995,11,A4,14,20,0
HK,1995,11,A4,14,21,0
HK,1995,11,A4,14,22,0
HK,1995,11,A4,15,0,0
HK,1995,11,A4,15,1,0
HK,1995,11,A4,15,2,0
HK,1995,11,A4,15,3,0
HK,1995,11,A4,15,4,0
HK,1995,11,A4,15,5,0
HK,1995,11,A4,15,6,0
HK,1995,11,A4,15,7,0
HK,1995,11,A4,15,8,0
HK,1995,11,A4,15,9,0
HK,1995,11,A4,15,10,0
HK,1995,11,A4,15,11,0
HK,1995,11,A4,15,12,0
HK,1995,11,A4,15,13,0
HK,1995,11,A4,15,14,1
HK,1995,11,A4,15,15,122
HK,1995,11,A4,15,16,0
HK,1995,11,A4,15,17,0
HK,1995,11,A4,15,18,0
HK,1995,11,A4,15,19,0
HK,1995,11,A4,15,20,0
HK,1995,11,A4,15,21,0
HK,1995,11,A4,15,22,0
HK,1995,11,A4,16,0,3
HK,1995,11,A4,16,1,0
HK,1995,11,A4,16,2,0
HK,1995,11,A4,16,3,0
HK,1995,11,A4,16,4,0
HK,1995,11,A4,16,5,0
HK,1995,11,A4,16,6,0
HK,1995,11,A4,16,7,0
HK,1995,11,A4,16,8,0
HK,1995,11,A4,16,9,0
HK,1995,11,A4,16,10,2
HK,1995,11,A4,16,11,1
HK,1995,11,A4,16,12,0
HK,1995,11,A4,16,13,0
HK,1995,11,A4,16,14,0
HK,1995,11,A4,16,15,0
HK,1995,11,A4,16,16,2
HK,1995,11,A4,16,17,0
HK,1995,11,A4,16,18,0
HK,1995,11,A4,16,19,0
HK,1995,11,A4,16,20,0
HK,1995,11,A4,16,21,0
HK,1995,11,A4,16,22,0
HK,1995,11,A4,17,0,0
HK,1995,11,A4,17,1,0
HK,1995,11,A4,17,2,0
HK,1995,11,A4,17,3,0
HK,1995,11,A4,17,4,1
HK,1995,11,A4,17,5,0
HK,1995,11,A4,17,6,0
HK,1995,11,A4,17,7,0
HK,1995,11,A4,17,8,0
HK,1995,11,A4,17,9,0
HK,1995,11,A4,17,10,0
HK,1995,11,A4,17,11,0
HK,1995,11,A4,17,12,0
HK,1995,11,A4,17,13,0
HK,1995,11,A4,17,14,0
HK,1995,11,A4,17,15,0
HK,1995,11,A4,17,16,0
HK,1995,11,A4,17,17,4
HK,1995,11,A4,17,18,0
HK,1995,11,A4,17,19,0
HK,1995,11,A4,17,20,0
HK,1995,11,A4,17,21,0
HK,1995,11,A4,17,22,0
HK,1995,11,A4,18,0,0
HK,1995,11,A4,18,1,0
HK,1995,11,A4,18,2,0
HK,1995,11,A4,18,3,0
HK,1995,11,A4,18,4,0
HK,1995,11,A4,18,5,0
HK,1995,11,A4,18,6,1
HK,1995,11,A4,18,7,0
HK,1995,11,A4,18,8,2
HK,1995,11,A4,18,9,0
HK,1995,11,A4,18,10,0
HK,1995,11,A4,18,11,0
HK,1995,11,A4,18,12,0
HK,1995,11,A4,18,13,0
HK,1995,11,A4,18,14,0
HK,1995,11,A4,18,15,0
HK,1995,11,A4,18,16,1
HK,1995,11,A4,18,17,6
HK,1995,11,A4,18,18,12
HK,1995,11,A4,18,19,3
HK,1995,11,A4,18,20,2
HK,1995,11,A4,18,21,2
HK,1995,11,A4,18,22,4
HK,1995,11,A4,19,0,0
HK,1995,11,A4,19,1,0
HK,1995,11,A4,19,2,0
HK,1995,11,A4,19,3,0
HK,1995,11,A4,19,4,0
HK,1995,11,A4,19,5,0
HK,1995,11,A4,19,6,0
HK,1995,11,A4,19,7,0
HK,1995,11,A4,19,8,0
HK,1995,11,A4,19,9,0
HK,1995,11,A4,19,10,0
HK,1995,11,A4,19,11,0
HK,1995,11,A4,19,12,0
HK,1995,11,A4,19,13,0
HK,1995,11,A4,19,14,0
HK,1995,11,A4,19,15,0
HK,1995,11,A4,19,16,0
HK,1995,11,A4,19,17,0
HK,1995,11,A4,19,18,0
HK,1995,11,A4,19,19,0
HK,1995,11,A4,19,20,0
HK,1995,11,A4,19,21,2
HK,1995,11,A4,19,22,0
HK,1995,11,A4,20,0,0
HK,1995,11,A4,20,1,3
HK,1995,11,A4,20,2,4
HK,1995,11,A4,20,3,0
HK,1995,11,A4,20,4,0
HK,1995,11,A4,20,5,1
HK,1995,11,A4,20,6,1
HK,1995,11,A4,20,7,0
HK,1995,11,A4,20,8,4
HK,1995,11,A4,20,9,0
HK,1995,11,A4,20,10,0
HK,1995,11,A4,20,11,0
HK,1995,11,A4,20,12,1
HK,1995,11,A4,20,13,0
HK,1995,11,A4,20,14,0
HK,1995,11,A4,20,15,0
HK,1995,11,A4,20,16,0
HK,1995,11,A4,20,17,2
HK,1995,11,A4,20,18,7
HK,1995,11,A4,20,19,6
HK,1995,11,A4,20,20,13
HK,1995,11,A4,20,21,9
HK,1995,11,A4,20,22,15
HK,1995,11,A4,21,0,0
HK,1995,11,A4,21,1,0
HK,1995,11,A4,21,2,0
HK,1995,11,A4,21,3,0
HK,1995,11,A4,21,4,0
HK,1995,11,A4,21,5,0
HK,1995,11,A4,21,6,0
HK,1995,11,A4,21,7,0
HK,1995,11,A4,21,8,0
HK,1995,11,A4,21,9,0
HK,1995,11,A4,21,10,0
HK,1995,11,A4,21,11,0
HK,1995,11,A4,21,12,0
HK,1995,11,A4,21,13,0
HK,1995,11,A4,21,14,0
HK,1995,11,A4,21,15,0
HK,1995,11,A4,21,16,0
HK,1995,11,A4,21,17,0
HK,1995,11,A4,21,18,0
HK,1995,11,A4,21,19,1
HK,1995,11,A4,21,20,1
HK,1995,11,A4,21,21,0
HK,1995,11,A4,21,22,2
HK,1995,11,A4,22,0,0
HK,1995,11,A4,22,1,0
HK,1995,11,A4,22,2,0
HK,1995,11,A4,22,3,0
HK,1995,11,A4,22,4,0
HK,1995,11,A4,22,5,0
HK,1995,11,A4,22,6,0
HK,1995,11,A4,22,7,0
HK,1995,11,A4,22,8,0
HK,1995,11,A4,22,9,0
HK,1995,11,A4,22,10,0
HK,1995,11,A4,22,11,0
HK,1995,11,A4,22,12,0
HK,1995,11,A4,22,13,0
HK,1995,11,A4,22,14,0
HK,1995,11,A4,22,15,0
HK,1995,11,A4,22,16,0
HK,1995,11,A4,22,17,0
HK,1995,11,A4,22,18,0
HK,1995,11,A4,22,19,1
HK,1995,11,A4,22,20,1
HK,1995,11,A4,22,21,3
HK,1995,11,A4,22,22,16
HK,1995,11,A5,0,0,5
HK,1995,11,A5,0,1,0
HK,1995,11,A5,0,2,0
HK,1995,11,A5,0,3,0
HK,1995,11,A5,0,4,0
HK,1995,11,A5,0,5,0
HK,1995,11,A5,0,6,0
HK,1995,11,A5,0,7,0
HK,1995,11,A5,0,8,0
HK,1995,11,A5,0,9,0
HK,1995,11,A5,0,10,1
HK,1995,11,A5,0,11,0
HK,1995,11,A5,0,12,0
HK,1995,11,A5,0,13,0
HK,1995,11,A5,0,14,0
HK,1995,11,A5,0,15,0
HK,1995,11,A5,0,16,1
HK,1995,11,A5,0,17,0
HK,1995,11,A5,0,18,0
HK,1995,11,A5,0,19,0
HK,1995,11,A5,0,20,0
HK,1995,11,A5,0,21,0
HK,1995,11,A5,0,22,0
HK,1995,11,A5,1,0,0
HK,1995,11,A5,1,1,104
HK,1995,11,A5,1,2,9
HK,1995,11,A5,1,3,0
HK,1995,11,A5,1,4,0
HK,1995,11,A5,1,5,0
HK,1995,11,A5,1,6,0
HK,1995,11,A5,1,7,0
HK,1995,11,A5,1,8,0
HK,1995,11,A5,1,9,0
HK,1995,11,A5,1,10,0
HK,1995,11,A5,1,11,0
HK,1995,11,A5,1,12,0
HK,1995,11,A5,1,13,0
HK,1995,11,A5,1,14,0
HK,1995,11,A5,1,15,0
HK,1995,11,A5,1,16,0
HK,1995,11,A5,1,17,0
HK,1995,11,A5,1,18,0
HK,1995,11,A5,1,19,0
HK,1995,11,A5,1,20,0
HK,1995,11,A5,1,21,0
HK,1995,11,A5,1,22,0
HK,1995,11,A5,2,0,0
HK,1995,11,A5,2,1,1
HK,1995,11,A5,2,2,151
HK,1995,11,A5,2,3,0
HK,1995,11,A5,2,4,0
HK,1995,11,A5,2,5,0
HK,1995,11,A5,2,6,0
HK,1995,11,A5,2,7,30
HK,1995,11,A5,2,8,0
HK,1995,11,A5,2,9,0
HK,1995,11,A5,2,10,0
HK,1995,11,A5,2,11,0
HK,1995,11,A5,2,12,0
HK,1995,11,A5,2,13,0
HK,1995,11,A5,2,14,0
HK,1995,11,A5,2,15,0
HK,1995,11,A5,2,16,0
HK,1995,11,A5,2,17,0
HK,1995,11,A5,2,18,0
HK,1995,11,A5,2,19,0
HK,1995,11,A5,2,20,0
HK,1995,11,A5,2,21,0
HK,1995,11,A5,2,22,0
HK,1995,11,A5,3,0,0
HK,1995,11,A5,3,1,0
HK,1995,11,A5,3,2,0
HK,1995,11,A5,3,3,126
HK,1995,11,A5,3,4,29
HK,1995,11,A5,3,5,0
HK,1995,11,A5,3,6,0
HK,1995,11,A5,3,7,0
HK,1995,11,A5,3,8,0
HK,1995,11,A5,3,9,0
HK,1995,11,A5,3,10,0
HK,1995,11,A5,3,11,0
HK,1995,11,A5,3,12,0
HK,1995,11,A5,3,13,1
HK,1995,11,A5,3,14,0
HK,1995,11,A5,3,15,0
HK,1995,11,A5,3,16,0
HK,1995,11,A5,3,17,1
HK,1995,11,A5,3,18,0
HK,1995,11,A5,3,19,0
HK,1995,11,A5,3,20,0
HK,1995,11,A5,3,21,0
HK,1995,11,A5,3,22,0
HK,1995,11,A5,4,0,0
HK,1995,11,A5,4,1,0
HK,1995,11,A5,4,2,0
HK,1995,11,A5,4,3,20
HK,1995,11,A5,4,4,144
HK,1995,11,A5,4,5,0
HK,1995,11,A5,4,6,0
HK,1995,11,A5,4,7,0
HK,1995,11,A5,4,8,1
HK,1995,11,A5,4,9,0
HK,1995,11,A5,4,10,0
HK,1995,11,A5,4,11,0
HK,1995,11,A5,4,12,0
HK,1995,11,A5,4,13,0
HK,1995,11,A5,4,14,0
HK,1995,11,A5,4,15,0
HK,1995,11,A5,4,16,0
HK,1995,11,A5,4,17,0
HK,1995,11,A5,4,18,0
HK,1995,11,A5,4,19,0
HK,1995,11,A5,4,20,0
HK,1995,11,A5,4,21,0
HK,1995,11,A5,4,22,0
HK,1995,11,A5,5,0,0
HK,1995,11,A5,5,1,0
HK,1995,11,A5,5,2,0
HK,1995,11,A5,5,3,0
HK,1995,11,A5,5,4,0
HK,1995,11,A5,5,5,0
HK,1995,11,A5,5,6,0
HK,1995,11,A5,5,7,0
HK,1995,11,A5,5,8,0
HK,1995,11,A5,5,9,0
HK,1995,11,A5,5,10,0
HK,1995,11,A5,5,11,0
HK,1995,11,A5,5,12,0
HK,1995,11,A5,5,13,0
HK,1995,11,A5,5,14,1
HK,1995,11,A5,5,15,0
HK,1995,11,A5,5,16,0
HK,1995,11,A5,5,17,0
HK,1995,11,A5,5,18,0
HK,1995,11,A5,5,19,0
HK,1995,11,A5,5,20,0
HK,1995,11,A5,5,21,0
HK,1995,11,A5,5,22,0
HK,1995,11,A5,6,0,0
HK,1995,11,A5,6,1,0
HK,1995,11,A5,6,2,0
HK,1995,11,A5,6,3,0
HK,1995,11,A5,6,4,0
HK,1995,11,A5,6,5,0
HK,1995,11,A5,6,6,0
HK,1995,11,A5,6,7,0
HK,1995,11,A5,6,8,0
HK,1995,11,A5,6,9,0
HK,1995,11,A5,6,10,0
HK,1995,11,A5,6,11,0
HK,1995,11,A5,6,12,0
HK,1995,11,A5,6,13,0
HK,1995,11,A5,6,14,0
HK,1995,11,A5,6,15,0
HK,1995,11,A5,6,16,0
HK,1995,11,A5,6,17,0
HK,1995,11,A5,6,18,0
HK,1995,11,A5,6,19,0
HK,1995,11,A5,6,20,1
HK,1995,11,A5,6,21,0
HK,1995,11,A5,6,22,0
HK,1995,11,A5,7,0,0
HK,1995,11,A5,7,1,0
HK,1995,11,A5,7,2,0
HK,1995,11,A5,7,3,0
HK,1995,11,A5,7,4,0
HK,1995,11,A5,7,5,0
HK,1995,11,A5,7,6,0
HK,1995,11,A5,7,7,21
HK,1995,11,A5,7,8,0
HK,1995,11,A5,7,9,0
HK,1995,11,A5,7,10,0
HK,1995,11,A5,7,11,0
HK,1995,11,A5,7,12,0
HK,1995,11,A5,7,13,0
HK,1995,11,A5,7,14,0
HK,1995,11,A5,7,15,0
HK,1995,11,A5,7,16,0
HK,1995,11,A5,7,17,0
HK,1995,11,A5,7,18,0
HK,1995,11,A5,7,19,0
HK,1995,11,A5,7,20,0
HK,1995,11,A5,7,21,0
HK,1995,11,A5,7,22,0
HK,1995,11,A5,8,0,0
HK,1995,11,A5,8,1,0
HK,1995,11,A5,8,2,0
HK,1995,11,A5,8,3,0
HK,1995,11,A5,8,4,0
HK,1995,11,A5,8,5,0
HK,1995,11,A5,8,6,0
HK,1995,11,A5,8,7,0
HK,1995,11,A5,8,8,151
HK,1995,11,A5,8,9,0
HK,1995,11,A5,8,10,0
HK,1995,11,A5,8,11,0
HK,1995,11,A5,8,12,0
HK,1995,11,A5,8,13,0
HK,1995,11,A5,8,14,0
HK,1995,11,A5,8,15,0
HK,1995,11,A5,8,16,0
HK,1995,11,A5,8,17,2
HK,1995,11,A5,8,18,0
HK,1995,11,A5,8,19,0
HK,1995,11,A5,8,20,0
HK,1995,11,A5,8,21,0
HK,1995,11,A5,8,22,0
HK,1995,11,A5,9,0,0
HK,1995,11,A5,9,1,0
HK,1995,11,A5,9,2,0
HK,1995,11,A5,9,3,0
HK,1995,11,A5,9,4,0
HK,1995,11,A5,9,5,0
HK,1995,11,A5,9,6,0
HK,1995,11,A5,9,7,0
HK,1995,11,A5,9,8,0
HK,1995,11,A5,9,9,163
HK,1995,11,A5,9,10,0
HK,1995,11,A5,9,11,0
HK,1995,11,A5,9,12,0
HK,1995,11,A5,9,13,0
HK,1995,11,A5,9,14,0
HK,1995,11,A5,9,15,0
HK,1995,11,A5,9,16,0
HK,1995,11,A5,9,17,0
HK,1995,11,A5,9,18,0
HK,1995,11,A5,9,19,1
HK,1995,11,A5,9,20,0
HK,1995,11,A5,9,21,0
HK,1995,11,A5,9,22,0
HK,1995,11,A5,10,0,14
HK,1995,11,A5,10,1,0
HK,1995,11,A5,10,2,0
HK,1995,11,A5,10,3,0
HK,1995,11,A5,10,4,0
HK,1995,11,A5,10,5,0
HK,1995,11,A5,10,6,0
HK,1995,11,A5,10,7,0
HK,1995,11,A5,10,8,0
HK,1995,11,A5,10,9,2
HK,1995,11,A5,10,10,113
HK,1995,11,A5,10,11,9
HK,1995,11,A5,10,12,4
HK,1995,11,A5,10,13,0
HK,1995,11,A5,10,14,0
HK,1995,11,A5,10,15,1
HK,1995,11,A5,10,16,7
HK,1995,11,A5,10,17,0
HK,1995,11,A5,10,18,0
HK,1995,11,A5,10,19,0
HK,1995,11,A5,10,20,0
HK,1995,11,A5,10,21,0
HK,1995,11,A5,10,22,0
HK,1995,11,A5,11,0,3
HK,1995,11,A5,11,1,0
HK,1995,11,A5,11,2,0
HK,1995,11,A5,11,3,0
HK,1995,11,A5,11,4,0
HK,1995,11,A5,11,5,0
HK,1995,11,A5,11,6,0
HK,1995,11,A5,11,7,0
HK,1995,11,A5,11,8,0
HK,1995,11,A5,11,9,2
HK,1995,11,A5,11,10,17
HK,1995,11,A5,11,11,17
HK,1995,11,A5,11,12,13
HK,1995,11,A5,11,13,1
HK,1995,11,A5,11,14,0
HK,1995,11,A5,11,15,1
HK,1995,11,A5,11,16,7
HK,1995,11,A5,11,17,0
HK,1995,11,A5,11,18,0
HK,1995,11,A5,11,19,0
HK,1995,11,A5,11,20,0
HK,1995,11,A5,11,21,0
HK,1995,11,A5,11,22,0
HK,1995,11,A5,12,0,1
HK,1995,11,A5,12,1,0
HK,1995,11,A5,12,2,0
HK,1995,11,A5,12,3,0
HK,1995,11,A5,12,4,0
HK,1995,11,A5,12,5,0
HK,1995,11,A5,12,6,0
HK,1995,11,A5,12,7,0
HK,1995,11,A5,12,8,0
HK,1995,11,A5,12,9,0
HK,1995,11,A5,12,10,3
HK,1995,11,A5,12,11,3
HK,1995,11,A5,12,12,32
HK,1995,11,A5,12,13,0
HK,1995,11,A5,12,14,0
HK,1995,11,A5,12,15,0
HK,1995,11,A5,12,16,2
HK,1995,11,A5,12,17,0
HK,1995,11,A5,12,18,0
HK,1995,11,A5,12,19,0
HK,1995,11,A5,12,20,0
HK,1995,11,A5,12,21,0
HK,1995,11,A5,12,22,0
HK,1995,11,A5,13,0,0
HK,1995,11,A5,13,1,1
HK,1995,11,A5,13,2,0
HK,1995,11,A5,13,3,0
HK,1995,11,A5,13,4,0
HK,1995,11,A5,13,5,0
HK,1995,11,A5,13,6,0
HK,1995,11,A5,13,7,0
HK,1995,11,A5,13,8,0
HK,1995,11,A5,13,9,4
HK,1995,11,A5,13,10,0
HK,1995,11,A5,13,11,0
HK,1995,11,A5,13,12,0
HK,1995,11,A5,13,13,153
HK,1995,11,A5,13,14,0
HK,1995,11,A5,13,15,1
HK,1995,11,A5,13,16,0
HK,1995,11,A5,13,17,0
HK,1995,11,A5,13,18,0
HK,1995,11,A5,13,19,0
HK,1995,11,A5,13,20,0
HK,1995,11,A5,13,21,0
HK,1995,11,A5,13,22,1
HK,1995,11,A5,14,0,0
HK,1995,11,A5,14,1,0
HK,1995,11,A5,14,2,0
HK,1995,11,A5,14,3,0
HK,1995,11,A5,14,4,0
HK,1995,11,A5,14,5,2
HK,1995,11,A5,14,6,0
HK,1995,11,A5,14,7,0
HK,1995,11,A5,14,8,0
HK,1995,11,A5,14,9,0
HK,1995,11,A5,14,10,0
HK,1995,11,A5,14,11,0
HK,1995,11,A5,14,12,0
HK,1995,11,A5,14,13,0
HK,1995,11,A5,14,14,57
HK,1995,11,A5,14,15,0
HK,1995,11,A5,14,16,0
HK,1995,11,A5,14,17,1
HK,1995,11,A5,14,18,0
HK,1995,11,A5,14,19,0
HK,1995,11,A5,14,20,0
HK,1995,11,A5,14,21,0
HK,1995,11,A5,14,22,0
HK,1995,11,A5,15,0,0
HK,1995,11,A5,15,1,0
HK,1995,11,A5,15,2,0
HK,1995,11,A5,15,3,0
HK,1995,11,A5,15,4,0
HK,1995,11,A5,15,5,0
HK,1995,11,A5,15,6,0
HK,1995,11,A5,15,7,0
HK,1995,11,A5,15,8,0
HK,1995,11,A5,15,9,0
HK,1995,11,A5,15,10,0
HK,1995,11,A5,15,11,0
HK,1995,11,A5,15,12,0
HK,1995,11,A5,15,13,0
HK,1995,11,A5,15,14,1
HK,1995,11,A5,15,15,122
HK,1995,11,A5,15,16,0
HK,1995,11,A5,15,17,0
HK,1995,11,A5,15,18,0
HK,1995,11,A5,15,19,0
HK,1995,11,A5,15,20,0
HK,1995,11,A5,15,21,0
HK,1995,11,A5,15,22,0
HK,1995,11,A5,16,0,3
HK,1995,11,A5,16,1,0
HK,1995,11,A5,16,2,0
HK,1995,11,A5,16,3,0
HK,1995,11,A5,16,4,0
HK,1995,11,A5,16,5,0
HK,1995,11,A5,16,6,0
HK,1995,11,A5,16,7,0
HK,1995,11,A5,16,8,0
HK,1995,11,A5,16,9,0
HK,1995,11,A5,16,10,2
HK,1995,11,A5,16,11,1
HK,1995,11,A5,16,12,0
HK,1995,11,A5,16,13,0
HK,1995,11,A5,16,14,0
HK,1995,11,A5,16,15,0
HK,1995,11,A5,16,16,2
HK,1995,11,A5,16,17,0
HK,1995,11,A5,16,18,0
HK,1995,11,A5,16,19,0
HK,1995,11,A5,16,20,0
HK,1995,11,A5,16,21,0
HK,1995,11,A5,16,22,0
HK,1995,11,A5,17,0,0
HK,1995,11,A5,17,1,0
HK,1995,11,A5,17,2,0
HK,1995,11,A5,17,3,0
HK,1995,11,A5,17,4,1
HK,1995,11,A5,17,5,0
HK,1995,11,A5,17,6,0
HK,1995,11,A5,17,7,0
HK,1995,11,A5,17,8,0
HK,1995,11,A5,17,9,0
HK,1995,11,A5,17,10,0
HK,1995,11,A5,17,11,0
HK,1995,11,A5,17,12,0
HK,1995,11,A5,17,13,0
HK,1995,11,A5,17,14,0
HK,1995,11,A5,17,15,0
HK,1995,11,A5,17,16,0
HK,1995,11,A5,17,17,4
HK,1995,11,A5,17,18,0
HK,1995,11,A5,17,19,0
HK,1995,11,A5,17,20,0
HK,1995,11,A5,17,21,0
HK,1995,11,A5,17,22,0
HK,1995,11,A5,18,0,0
HK,1995,11,A5,18,1,0
HK,1995,11,A5,18,2,0
HK,1995,11,A5,18,3,0
HK,1995,11,A5,18,4,0
HK,1995,11,A5,18,5,0
HK,1995,11,A5,18,6,1
HK,1995,11,A5,18,7,0
HK,1995,11,A5,18,8,2
HK,1995,11,A5,18,9,0
HK,1995,11,A5,18,10,0
HK,1995,11,A5,18,11,0
HK,1995,11,A5,18,12,0
HK,1995,11,A5,18,13,0
HK,1995,11,A5,18,14,0
HK,1995,11,A5,18,15,0
HK,1995,11,A5,18,16,1
HK,1995,11,A5,18,17,6
HK,1995,11,A5,18,18,12
HK,1995,11,A5,18,19,3
HK,1995,11,A5,18,20,2
HK,1995,11,A5,18,21,2
HK,1995,11,A5,18,22,4
HK,1995,11,A5,19,0,0
HK,1995,11,A5,19,1,0
HK,1995,11,A5,19,2,0
HK,1995,11,A5,19,3,0
HK,1995,11,A5,19,4,0
HK,1995,11,A5,19,5,0
HK,1995,11,A5,19,6,0
HK,1995,11,A5,19,7,0
HK,1995,11,A5,19,8,0
HK,1995,11,A5,19,9,0
HK,1995,11,A5,19,10,0
HK,1995,11,A5,19,11,0
HK,1995,11,A5,19,12,0
HK,1995,11,A5,19,13,0
HK,1995,11,A5,19,14,0
HK,1995,11,A5,19,15,0
HK,1995,11,A5,19,16,0
HK,1995,11,A5,19,17,0
HK,1995,11,A5,19,18,0
HK,1995,11,A5,19,19,0
HK,1995,11,A5,19,20,0
HK,1995,11,A5,19,21,2
HK,1995,11,A5,19,22,0
HK,1995,11,A5,20,0,0
HK,1995,11,A5,20,1,4
HK,1995,11,A5,20,2,4
HK,1995,11,A5,20,3,0
HK,1995,11,A5,20,4,0
HK,1995,11,A5,20,5,1
HK,1995,11,A5,20,6,1
HK,1995,11,A5,20,7,0
HK,1995,11,A5,20,8,4
HK,1995,11,A5,20,9,0
HK,1995,11,A5,20,10,0
HK,1995,11,A5,20,11,0
HK,1995,11,A5,20,12,1
HK,1995,11,A5,20,13,0
HK,1995,11,A5,20,14,0
HK,1995,11,A5,20,15,0
HK,1995,11,A5,20,16,0
HK,1995,11,A5,20,17,2
HK,1995,11,A5,20,18,7
HK,1995,11,A5,20,19,6
HK,1995,11,A5,20,20,14
HK,1995,11,A5,20,21,7
HK,1995,11,A5,20,22,15
HK,1995,11,A5,21,0,0
HK,1995,11,A5,21,1,0
HK,1995,11,A5,21,2,0
HK,1995,11,A5,21,3,0
HK,1995,11,A5,21,4,0
HK,1995,11,A5,21,5,0
HK,1995,11,A5,21,6,0
HK,1995,11,A5,21,7,0
HK,1995,11,A5,21,8,0
HK,1995,11,A5,21,9,0
HK,1995,11,A5,21,10,0
HK,1995,11,A5,21,11,0
HK,1995,11,A5,21,12,0
HK,1995,11,A5,21,13,0
HK,1995,11,A5,21,14,0
HK,1995,11,A5,21,15,0
HK,1995,11,A5,21,16,0
HK,1995,11,A5,21,17,0
HK,1995,11,A5,21,18,0
HK,1995,11,A5,21,19,1
HK,1995,11,A5,21,20,1
HK,1995,11,A5,21,21,0
HK,1995,11,A5,21,22,2
HK,1995,11,A5,22,0,0
HK,1995,11,A5,22,1,0
HK,1995,11,A5,22,2,0
HK,1995,11,A5,22,3,0
HK,1995,11,A5,22,4,0
HK,1995,11,A5,22,5,0
HK,1995,11,A5,22,6,0
HK,1995,11,A5,22,7,0
HK,1995,11,A5,22,8,0
HK,1995,11,A5,22,9,0
HK,1995,11,A5,22,10,0
HK,1995,11,A5,22,11,0
HK,1995,11,A5,22,12,0
HK,1995,11,A5,22,13,0
HK,1995,11,A5,22,14,0
HK,1995,11,A5,22,15,0
HK,1995,11,A5,22,16,0
HK,1995,11,A5,22,17,0
HK,1995,11,A5,22,18,0
HK,1995,11,A5,22,19,1
HK,1995,11,A5,22,20,1
HK,1995,11,A5,22,21,3
HK,1995,11,A5,22,22,16
HK,1995,11,A6,0,0,5
HK,1995,11,A6,0,1,0
HK,1995,11,A6,0,2,0
HK,1995,11,A6,0,3,0
HK,1995,11,A6,0,4,0
HK,1995,11,A6,0,5,0
HK,1995,11,A6,0,6,0
HK,1995,11,A6,0,7,0
HK,1995,11,A6,0,8,0
HK,1995,11,A6,0,9,0
HK,1995,11,A6,0,10,1
HK,1995,11,A6,0,11,0
HK,1995,11,A6,0,12,0
HK,1995,11,A6,0,13,0
HK,1995,11,A6,0,14,0
HK,1995,11,A6,0,15,0
HK,1995,11,A6,0,16,1
HK,1995,11,A6,0,17,0
HK,1995,11,A6,0,18,0
HK,1995,11,A6,0,19,0
HK,1995,11,A6,0,20,0
HK,1995,11,A6,0,21,0
HK,1995,11,A6,0,22,0
HK,1995,11,A6,1,0,0
HK,1995,11,A6,1,1,104
HK,1995,11,A6,1,2,9
HK,1995,11,A6,1,3,0
HK,1995,11,A6,1,4,0
HK,1995,11,A6,1,5,0
HK,1995,11,A6,1,6,0
HK,1995,11,A6,1,7,0
HK,1995,11,A6,1,8,0
HK,1995,11,A6,1,9,0
HK,1995,11,A6,1,10,0
HK,1995,11,A6,1,11,0
HK,1995,11,A6,1,12,0
HK,1995,11,A6,1,13,0
HK,1995,11,A6,1,14,0
HK,1995,11,A6,1,15,0
HK,1995,11,A6,1,16,0
HK,1995,11,A6,1,17,0
HK,1995,11,A6,1,18,0
HK,1995,11,A6,1,19,0
HK,1995,11,A6,1,20,0
HK,1995,11,A6,1,21,0
HK,1995,11,A6,1,22,0
HK,1995,11,A6,2,0,0
HK,1995,11,A6,2,1,1
HK,1995,11,A6,2,2,152
HK,1995,11,A6,2,3,0
HK,1995,11,A6,2,4,0
HK,1995,11,A6,2,5,0
HK,1995,11,A6,2,6,0
HK,1995,11,A6,2,7,29
HK,1995,11,A6,2,8,0
HK,1995,11,A6,2,9,0
HK,1995,11,A6,2,10,0
HK,1995,11,A6,2,11,0
HK,1995,11,A6,2,12,0
HK,1995,11,A6,2,13,0
HK,1995,11,A6,2,14,0
HK,1995,11,A6,2,15,0
HK,1995,11,A6,2,16,0
HK,1995,11,A6,2,17,0
HK,1995,11,A6,2,18,0
HK,1995,11,A6,2,19,0
HK,1995,11,A6,2,20,0
HK,1995,11,A6,2,21,0
HK,1995,11,A6,2,22,0
HK,1995,11,A6,3,0,0
HK,1995,11,A6,3,1,0
HK,1995,11,A6,3,2,0
HK,1995,11,A6,3,3,126
HK,1995,11,A6,3,4,29
HK,1995,11,A6,3,5,0
HK,1995,11,A6,3,6,0
HK,1995,11,A6,3,7,0
HK,1995,11,A6,3,8,0
HK,1995,11,A6,3,9,0
HK,1995,11,A6,3,10,0
HK,1995,11,A6,3,11,0
HK,1995,11,A6,3,12,0
HK,1995,11,A6,3,13,1
HK,1995,11,A6,3,14,0
HK,1995,11,A6,3,15,0
HK,1995,11,A6,3,16,0
HK,1995,11,A6,3,17,1
HK,1995,11,A6,3,18,0
HK,1995,11,A6,3,19,0
HK,1995,11,A6,3,20,0
HK,1995,11,A6,3,21,0
HK,1995,11,A6,3,22,0
HK,1995,11,A6,4,0,0
HK,1995,11,A6,4,1,0
HK,1995,11,A6,4,2,0
HK,1995,11,A6,4,3,20
HK,1995,11,A6,4,4,144
HK,1995,11,A6,4,5,0
HK,1995,11,A6,4,6,0
HK,1995,11,A6,4,7,0
HK,1995,11,A6,4,8,1
HK,1995,11,A6,4,9,0
HK,1995,11,A6,4,10,0
HK,1995,11,A6,4,11,0
HK,1995,11,A6,4,12,0
HK,1995,11,A6,4,13,0
HK,1995,11,A6,4,14,0
HK,1995,11,A6,4,15,0
HK,1995,11,A6,4,16,0
HK,1995,11,A6,4,17,0
HK,1995,11,A6,4,18,0
HK,1995,11,A6,4,19,0
HK,1995,11,A6,4,20,0
HK,1995,11,A6,4,21,0
HK,1995,11,A6,4,22,0
HK,1995,11,A6,5,0,0
HK,1995,11,A6,5,1,0
HK,1995,11,A6,5,2,0
HK,1995,11,A6,5,3,0
HK,1995,11,A6,5,4,0
HK,1995,11,A6,5,5,0
HK,1995,11,A6,5,6,0
HK,1995,11,A6,5,7,0
HK,1995,11,A6,5,8,0
HK,1995,11,A6,5,9,0
HK,1995,11,A6,5,10,0
HK,1995,11,A6,5,11,0
HK,1995,11,A6,5,12,0
HK,1995,11,A6,5,13,0
HK,1995,11,A6,5,14,1
HK,1995,11,A6,5,15,0
HK,1995,11,A6,5,16,0
HK,1995,11,A6,5,17,0
HK,1995,11,A6,5,18,0
HK,1995,11,A6,5,19,0
HK,1995,11,A6,5,20,0
HK,1995,11,A6,5,21,0
HK,1995,11,A6,5,22,0
HK,1995,11,A6,6,0,0
HK,1995,11,A6,6,1,0
HK,1995,11,A6,6,2,0
HK,1995,11,A6,6,3,0
HK,1995,11,A6,6,4,0
HK,1995,11,A6,6,5,0
HK,1995,11,A6,6,6,0
HK,1995,11,A6,6,7,0
HK,1995,11,A6,6,8,0
HK,1995,11,A6,6,9,0
HK,1995,11,A6,6,10,0
HK,1995,11,A6,6,11,0
HK,1995,11,A6,6,12,0
HK,1995,11,A6,6,13,0
HK,1995,11,A6,6,14,0
HK,1995,11,A6,6,15,0
HK,1995,11,A6,6,16,0
HK,1995,11,A6,6,17,0
HK,1995,11,A6,6,18,0
HK,1995,11,A6,6,19,0
HK,1995,11,A6,6,20,1
HK,1995,11,A6,6,21,0
HK,1995,11,A6,6,22,0
HK,1995,11,A6,7,0,0
HK,1995,11,A6,7,1,0
HK,1995,11,A6,7,2,0
HK,1995,11,A6,7,3,0
HK,1995,11,A6,7,4,0
HK,1995,11,A6,7,5,0
HK,1995,11,A6,7,6,0
HK,1995,11,A6,7,7,21
HK,1995,11,A6,7,8,0
HK,1995,11,A6,7,9,0
HK,1995,11,A6,7,10,0
HK,1995,11,A6,7,11,0
HK,1995,11,A6,7,12,0
HK,1995,11,A6,7,13,0
HK,1995,11,A6,7,14,0
HK,1995,11,A6,7,15,0
HK,1995,11,A6,7,16,0
HK,1995,11,A6,7,17,0
HK,1995,11,A6,7,18,0
HK,1995,11,A6,7,19,0
HK,1995,11,A6,7,20,0
HK,1995,11,A6,7,21,0
HK,1995,11,A6,7,22,0
HK,1995,11,A6,8,0,0
HK,1995,11,A6,8,1,0
HK,1995,11,A6,8,2,0
HK,1995,11,A6,8,3,0
HK,1995,11,A6,8,4,0
HK,1995,11,A6,8,5,0
HK,1995,11,A6,8,6,0
HK,1995,11,A6,8,7,0
HK,1995,11,A6,8,8,151
HK,1995,11,A6,8,9,0
HK,1995,11,A6,8,10,0
HK,1995,11,A6,8,11,0
HK,1995,11,A6,8,12,0
HK,1995,11,A6,8,13,0
HK,1995,11,A6,8,14,0
HK,1995,11,A6,8,15,0
HK,1995,11,A6,8,16,0
HK,1995,11,A6,8,17,2
HK,1995,11,A6,8,18,0
HK,1995,11,A6,8,19,0
HK,1995,11,A6,8,20,0
HK,1995,11,A6,8,21,0
HK,1995,11,A6,8,22,0
HK,1995,11,A6,9,0,0
HK,1995,11,A6,9,1,0
HK,1995,11,A6,9,2,0
HK,1995,11,A6,9,3,0
HK,1995,11,A6,9,4,0
HK,1995,11,A6,9,5,0
HK,1995,11,A6,9,6,0
HK,1995,11,A6,9,7,0
HK,1995,11,A6,9,8,0
HK,1995,11,A6,9,9,163
HK,1995,11,A6,9,10,0
HK,1995,11,A6,9,11,0
HK,1995,11,A6,9,12,0
HK,1995,11,A6,9,13,0
HK,1995,11,A6,9,14,0
HK,1995,11,A6,9,15,0
HK,1995,11,A6,9,16,0
HK,1995,11,A6,9,17,0
HK,1995,11,A6,9,18,0
HK,1995,11,A6,9,19,1
HK,1995,11,A6,9,20,0
HK,1995,11,A6,9,21,0
HK,1995,11,A6,9,22,0
HK,1995,11,A6,10,0,14
HK,1995,11,A6,10,1,0
HK,1995,11,A6,10,2,0
HK,1995,11,A6,10,3,0
HK,1995,11,A6,10,4,0
HK,1995,11,A6,10,5,0
HK,1995,11,A6,10,6,0
HK,1995,11,A6,10,7,0
HK,1995,11,A6,10,8,0
HK,1995,11,A6,10,9,2
HK,1995,11,A6,10,10,113
HK,1995,11,A6,10,11,9
HK,1995,11,A6,10,12,4
HK,1995,11,A6,10,13,0
HK,1995,11,A6,10,14,0
HK,1995,11,A6,10,15,0
HK,1995,11,A6,10,16,8
HK,1995,11,A6,10,17,0
HK,1995,11,A6,10,18,0
HK,1995,11,A6,10,19,0
HK,1995,11,A6,10,20,0
HK,1995,11,A6,10,21,0
HK,1995,11,A6,10,22,0
HK,1995,11,A6,11,0,4
HK,1995,11,A6,11,1,0
HK,1995,11,A6,11,2,0
HK,1995,11,A6,11,3,0
HK,1995,11,A6,11,4,0
HK,1995,11,A6,11,5,0
HK,1995,11,A6,11,6,0
HK,1995,11,A6,11,7,0
HK,1995,11,A6,11,8,0
HK,1995,11,A6,11,9,2
HK,1995,11,A6,11,10,17
HK,1995,11,A6,11,11,17
HK,1995,11,A6,11,12,13
HK,1995,11,A6,11,13,1
HK,1995,11,A6,11,14,0
HK,1995,11,A6,11,15,1
HK,1995,11,A6,11,16,6
HK,1995,11,A6,11,17,0
HK,1995,11,A6,11,18,0
HK,1995,11,A6,11,19,0
HK,1995,11,A6,11,20,0
HK,1995,11,A6,11,21,0
HK,1995,11,A6,11,22,0
HK,1995,11,A6,12,0,1
HK,1995,11,A6,12,1,0
HK,1995,11,A6,12,2,0
HK,1995,11,A6,12,3,0
HK,1995,11,A6,12,4,0
HK,1995,11,A6,12,5,0
HK,1995,11,A6,12,6,0
HK,1995,11,A6,12,7,0
HK,1995,11,A6,12,8,0
HK,1995,11,A6,12,9,0
HK,1995,11,A6,12,10,3
HK,1995,11,A6,12,11,3
HK,1995,11,A6,12,12,32
HK,1995,11,A6,12,13,0
HK,1995,11,A6,12,14,0
HK,1995,11,A6,12,15,0
HK,1995,11,A6,12,16,2
HK,1995,11,A6,12,17,0
HK,1995,11,A6,12,18,0
HK,1995,11,A6,12,19,0
HK,1995,11,A6,12,20,0
HK,1995,11,A6,12,21,0
HK,1995,11,A6,12,22,0
HK,1995,11,A6,13,0,0
HK,1995,11,A6,13,1,1
HK,1995,11,A6,13,2,0
HK,1995,11,A6,13,3,0
HK,1995,11,A6,13,4,0
HK,1995,11,A6,13,5,0
HK,1995,11,A6,13,6,0
HK,1995,11,A6,13,7,0
HK,1995,11,A6,13,8,0
HK,1995,11,A6,13,9,4
HK,1995,11,A6,13,10,0
HK,1995,11,A6,13,11,0
HK,1995,11,A6,13,12,0
HK,1995,11,A6,13,13,153
HK,1995,11,A6,13,14,0
HK,1995,11,A6,13,15,1
HK,1995,11,A6,13,16,0
HK,1995,11,A6,13,17,0
HK,1995,11,A6,13,18,0
HK,1995,11,A6,13,19,0
HK,1995,11,A6,13,20,0
HK,1995,11,A6,13,21,0
HK,1995,11,A6,13,22,1
HK,1995,11,A6,14,0,0
HK,1995,11,A6,14,1,0
HK,1995,11,A6,14,2,0
HK,1995,11,A6,14,3,0
HK,1995,11,A6,14,4,0
HK,1995,11,A6,14,5,1
HK,1995,11,A6,14,6,0
HK,1995,11,A6,14,7,0
HK,1995,11,A6,14,8,0
HK,1995,11,A6,14,9,0
HK,1995,11,A6,14,10,0
HK,1995,11,A6,14,11,0
HK,1995,11,A6,14,12,0
HK,1995,11,A6,14,13,0
HK,1995,11,A6,14,14,58
HK,1995,11,A6,14,15,0
HK,1995,11,A6,14,16,0
HK,1995,11,A6,14,17,1
HK,1995,11,A6,14,18,0
HK,1995,11,A6,14,19,0
HK,1995,11,A6,14,20,0
HK,1995,11,A6,14,21,0
HK,1995,11,A6,14,22,0
HK,1995,11,A6,15,0,0
HK,1995,11,A6,15,1,0
HK,1995,11,A6,15,2,0
HK,1995,11,A6,15,3,0
HK,1995,11,A6,15,4,0
HK,1995,11,A6,15,5,0
HK,1995,11,A6,15,6,0
HK,1995,11,A6,15,7,0
HK,1995,11,A6,15,8,0
HK,1995,11,A6,15,9,0
HK,1995,11,A6,15,10,0
HK,1995,11,A6,15,11,0
HK,1995,11,A6,15,12,0
HK,1995,11,A6,15,13,0
HK,1995,11,A6,15,14,1
HK,1995,11,A6,15,15,122
HK,1995,11,A6,15,16,0
HK,1995,11,A6,15,17,0
HK,1995,11,A6,15,18,0
HK,1995,11,A6,15,19,0
HK,1995,11,A6,15,20,0
HK,1995,11,A6,15,21,0
HK,1995,11,A6,15,22,0
HK,1995,11,A6,16,0,3
HK,1995,11,A6,16,1,0
HK,1995,11,A6,16,2,0
HK,1995,11,A6,16,3,0
HK,1995,11,A6,16,4,0
HK,1995,11,A6,16,5,0
HK,1995,11,A6,16,6,0
HK,1995,11,A6,16,7,0
HK,1995,11,A6,16,8,0
HK,1995,11,A6,16,9,0
HK,1995,11,A6,16,10,2
HK,1995,11,A6,16,11,1
HK,1995,11,A6,16,12,0
HK,1995,11,A6,16,13,0
HK,1995,11,A6,16,14,0
HK,1995,11,A6,16,15,0
HK,1995,11,A6,16,16,2
HK,1995,11,A6,16,17,0
HK,1995,11,A6,16,18,0
HK,1995,11,A6,16,19,0
HK,1995,11,A6,16,20,0
HK,1995,11,A6,16,21,0
HK,1995,11,A6,16,22,0
HK,1995,11,A6,17,0,0
HK,1995,11,A6,17,1,0
HK,1995,11,A6,17,2,0
HK,1995,11,A6,17,3,0
HK,1995,11,A6,17,4,1
HK,1995,11,A6,17,5,0
HK,1995,11,A6,17,6,0
HK,1995,11,A6,17,7,0
HK,1995,11,A6,17,8,0
HK,1995,11,A6,17,9,0
HK,1995,11,A6,17,10,0
HK,1995,11,A6,17,11,0
HK,1995,11,A6,17,12,0
HK,1995,11,A6,17,13,0
HK,1995,11,A6,17,14,0
HK,1995,11,A6,17,15,0
HK,1995,11,A6,17,16,0
HK,1995,11,A6,17,17,4
HK,1995,11,A6,17,18,0
HK,1995,11,A6,17,19,0
HK,1995,11,A6,17,20,0
HK,1995,11,A6,17,21,0
HK,1995,11,A6,17,22,0
HK,1995,11,A6,18,0,0
HK,1995,11,A6,18,1,0
HK,1995,11,A6,18,2,0
HK,1995,11,A6,18,3,0
HK,1995,11,A6,18,4,0
HK,1995,11,A6,18,5,0
HK,1995,11,A6,18,6,1
HK,1995,11,A6,18,7,0
HK,1995,11,A6,18,8,2
HK,1995,11,A6,18,9,0
HK,1995,11,A6,18,10,0
HK,1995,11,A6,18,11,0
HK,1995,11,A6,18,12,0
HK,1995,11,A6,18,13,0
HK,1995,11,A6,18,14,0
HK,1995,11,A6,18,15,0
HK,1995,11,A6,18,16,1
HK,1995,11,A6,18,17,6
HK,1995,11,A6,18,18,12
HK,1995,11,A6,18,19,3
HK,1995,11,A6,18,20,2
HK,1995,11,A6,18,21,2
HK,1995,11,A6,18,22,4
HK,1995,11,A6,19,0,0
HK,1995,11,A6,19,1,0
HK,1995,11,A6,19,2,0
HK,1995,11,A6,19,3,0
HK,1995,11,A6,19,4,0
HK,1995,11,A6,19,5,0
HK,1995,11,A6,19,6,0
HK,1995,11,A6,19,7,0
HK,1995,11,A6,19,8,0
HK,1995,11,A6,19,9,0
HK,1995,11,A6,19,10,0
HK,1995,11,A6,19,11,0
HK,1995,11,A6,19,12,0
HK,1995,11,A6,19,13,0
HK,1995,11,A6,19,14,0
HK,1995,11,A6,19,15,0
HK,1995,11,A6,19,16,0
HK,1995,11,A6,19,17,0
HK,1995,11,A6,19,18,0
HK,1995,11,A6,19,19,0
HK,1995,11,A6,19,20,0
HK,1995,11,A6,19,21,2
HK,1995,11,A6,19,22,0
HK,1995,11,A6,20,0,0
HK,1995,11,A6,20,1,3
HK,1995,11,A6,20,2,4
HK,1995,11,A6,20,3,0
HK,1995,11,A6,20,4,0
HK,1995,11,A6,20,5,1
HK,1995,11,A6,20,6,1
HK,1995,11,A6,20,7,0
HK,1995,11,A6,20,8,4
HK,1995,11,A6,20,9,0
HK,1995,11,A6,20,10,0
HK,1995,11,A6,20,11,0
HK,1995,11,A6,20,12,1
HK,1995,11,A6,20,13,0
HK,1995,11,A6,20,14,0
HK,1995,11,A6,20,15,0
HK,1995,11,A6,20,16,0
HK,1995,11,A6,20,17,2
HK,1995,11,A6,20,18,7
HK,1995,11,A6,20,19,6
HK,1995,11,A6,20,20,13
HK,1995,11,A6,20,21,9
HK,1995,11,A6,20,22,15
HK,1995,11,A6,21,0,0
HK,1995,11,A6,21,1,0
HK,1995,11,A6,21,2,0
HK,1995,11,A6,21,3,0
HK,1995,11,A6,21,4,0
HK,1995,11,A6,21,5,0
HK,1995,11,A6,21,6,0
HK,1995,11,A6,21,7,0
HK,1995,11,A6,21,8,0
HK,1995,11,A6,21,9,0
HK,1995,11,A6,21,10,0
HK,1995,11,A6,21,11,0
HK,1995,11,A6,21,12,0
HK,1995,11,A6,21,13,0
HK,1995,11,A6,21,14,0
HK,1995,11,A6,21,15,0
HK,1995,11,A6,21,16,0
HK,1995,11,A6,21,17,0
HK,1995,11,A6,21,18,0
HK,1995,11,A6,21,19,1
HK,1995,11,A6,21,20,1
HK,1995,11,A6,21,21,0
HK,1995,11,A6,21,22,2
HK,1995,11,A6,22,0,0
HK,1995,11,A6,22,1,0
HK,1995,11,A6,22,2,0
HK,1995,11,A6,22,3,0
HK,1995,11,A6,22,4,0
HK,1995,11,A6,22,5,0
HK,1995,11,A6,22,6,0
HK,1995,11,A6,22,7,0
HK,1995,11,A6,22,8,0
HK,1995,11,A6,22,9,0
HK,1995,11,A6,22,10,0
HK,1995,11,A6,22,11,0
HK,1995,11,A6,22,12,0
HK,1995,11,A6,22,13,0
HK,1995,11,A6,22,14,0
HK,1995,11,A6,22,15,0
HK,1995,11,A6,22,16,0
HK,1995,11,A6,22,17,0
HK,1995,11,A6,22,18,0
HK,1995,11,A6,22,19,1
HK,1995,11,A6,22,20,1
HK,1995,11,A6,22,21,3
HK,1995,11,A6,22,22,16
HK,1995,11,A7,0,0,3
HK,1995,11,A7,0,1,0
HK,1995,11,A7,0,2,0
HK,1995,11,A7,0,3,0
HK,1995,11,A7,0,4,0
HK,1995,11,A7,0,5,0
HK,1995,11,A7,0,6,0
HK,1995,11,A7,0,7,0
HK,1995,11,A7,0,8,0
HK,1995,11,A7,0,9,0
HK,1995,11,A7,0,10,1
HK,1995,11,A7,0,11,1
HK,1995,11,A7,0,12,1
HK,1995,11,A7,0,13,0
HK,1995,11,A7,0,14,0
HK,1995,11,A7,0,15,0
HK,1995,11,A7,0,16,1
HK,1995,11,A7,0,17,0
HK,1995,11,A7,0,18,0
HK,1995,11,A7,0,19,0
HK,1995,11,A7,0,20,0
HK,1995,11,A7,0,21,0
HK,1995,11,A7,0,22,0
HK,1995,11,A7,1,0,0
HK,1995,11,A7,1,1,96
HK,1995,11,A7,1,2,11
HK,1995,11,A7,1,3,0
HK,1995,11,A7,1,4,0
HK,1995,11,A7,1,5,0
HK,1995,11,A7,1,6,3
HK,1995,11,A7,1,7,3
HK,1995,11,A7,1,8,0
HK,1995,11,A7,1,9,0
HK,1995,11,A7,1,10,0
HK,1995,11,A7,1,11,0
HK,1995,11,A7,1,12,0
HK,1995,11,A7,1,13,0
HK,1995,11,A7,1,14,0
HK,1995,11,A7,1,15,0
HK,1995,11,A7,1,16,0
HK,1995,11,A7,1,17,0
HK,1995,11,A7,1,18,0
HK,1995,11,A7,1,19,0
HK,1995,11,A7,1,20,0
HK,1995,11,A7,1,21,0
HK,1995,11,A7,1,22,0
HK,1995,11,A7,2,0,0
HK,1995,11,A7,2,1,2
HK,1995,11,A7,2,2,148
HK,1995,11,A7,2,3,0
HK,1995,11,A7,2,4,0
HK,1995,11,A7,2,5,0
HK,1995,11,A7,2,6,0
HK,1995,11,A7,2,7,32
HK,1995,11,A7,2,8,0
HK,1995,11,A7,2,9,0
HK,1995,11,A7,2,10,0
HK,1995,11,A7,2,11,0
HK,1995,11,A7,2,12,0
HK,1995,11,A7,2,13,0
HK,1995,11,A7,2,14,0
HK,1995,11,A7,2,15,0
HK,1995,11,A7,2,16,0
HK,1995,11,A7,2,17,0
HK,1995,11,A7,2,18,0
HK,1995,11,A7,2,19,0
HK,1995,11,A7,2,20,0
HK,1995,11,A7,2,21,0
HK,1995,11,A7,2,22,0
HK,1995,11,A7,3,0,0
HK,1995,11,A7,3,1,0
HK,1995,11,A7,3,2,1
HK,1995,11,A7,3,3,123
HK,1995,11,A7,3,4,28
HK,1995,11,A7,3,5,0
HK,1995,11,A7,3,6,0
HK,1995,11,A7,3,7,0
HK,1995,11,A7,3,8,0
HK,1995,11,A7,3,9,0
HK,1995,11,A7,3,10,0
HK,1995,11,A7,3,11,0
HK,1995,11,A7,3,12,0
HK,1995,11,A7,3,13,3
HK,1995,11,A7,3,14,0
HK,1995,11,A7,3,15,0
HK,1995,11,A7,3,16,0
HK,1995,11,A7,3,17,2
HK,1995,11,A7,3,18,0
HK,1995,11,A7,3,19,0
HK,1995,11,A7,3,20,0
HK,1995,11,A7,3,21,0
HK,1995,11,A7,3,22,0
HK,1995,11,A7,4,0,0
HK,1995,11,A7,4,1,0
HK,1995,11,A7,4,2,0
HK,1995,11,A7,4,3,37
HK,1995,11,A7,4,4,125
HK,1995,11,A7,4,5,0
HK,1995,11,A7,4,6,0
HK,1995,11,A7,4,7,0
HK,1995,11,A7,4,8,2
HK,1995,11,A7,4,9,0
HK,1995,11,A7,4,10,0
HK,1995,11,A7,4,11,0
HK,1995,11,A7,4,12,0
HK,1995,11,A7,4,13,1
HK,1995,11,A7,4,14,0
HK,1995,11,A7,4,15,0
HK,1995,11,A7,4,16,0
HK,1995,11,A7,4,17,0
HK,1995,11,A7,4,18,0
HK,1995,11,A7,4,19,0
HK,1995,11,A7,4,20,0
HK,1995,11,A7,4,21,0
HK,1995,11,A7,4,22,0
HK,1995,11,A7,5,0,0
HK,1995,11,A7,5,1,0
HK,1995,11,A7,5,2,0
HK,1995,11,A7,5,3,0
HK,1995,11,A7,5,4,0
HK,1995,11,A7,5,5,0
HK,1995,11,A7,5,6,0
HK,1995,11,A7,5,7,0
HK,1995,11,A7,5,8,0
HK,1995,11,A7,5,9,0
HK,1995,11,A7,5,10,0
HK,1995,11,A7,5,11,0
HK,1995,11,A7,5,12,0
HK,1995,11,A7,5,13,0
HK,1995,11,A7,5,14,1
HK,1995,11,A7,5,15,0
HK,1995,11,A7,5,16,0
HK,1995,11,A7,5,17,0
HK,1995,11,A7,5,18,0
HK,1995,11,A7,5,19,0
HK,1995,11,A7,5,20,0
HK,1995,11,A7,5,21,0
HK,1995,11,A7,5,22,0
HK,1995,11,A7,6,0,0
HK,1995,11,A7,6,1,0
HK,1995,11,A7,6,2,0
HK,1995,11,A7,6,3,0
HK,1995,11,A7,6,4,0
HK,1995,11,A7,6,5,0
HK,1995,11,A7,6,6,0
HK,1995,11,A7,6,7,0
HK,1995,11,A7,6,8,0
HK,1995,11,A7,6,9,0
HK,1995,11,A7,6,10,0
HK,1995,11,A7,6,11,0
HK,1995,11,A7,6,12,0
HK,1995,11,A7,6,13,0
HK,1995,11,A7,6,14,0
HK,1995,11,A7,6,15,0
HK,1995,11,A7,6,16,0
HK,1995,11,A7,6,17,0
HK,1995,11,A7,6,18,0
HK,1995,11,A7,6,19,0
HK,1995,11,A7,6,20,1
HK,1995,11,A7,6,21,0
HK,1995,11,A7,6,22,0
HK,1995,11,A7,7,0,0
HK,1995,11,A7,7,1,0
HK,1995,11,A7,7,2,0
HK,1995,11,A7,7,3,0
HK,1995,11,A7,7,4,0
HK,1995,11,A7,7,5,0
HK,1995,11,A7,7,6,0
HK,1995,11,A7,7,7,21
HK,1995,11,A7,7,8,0
HK,1995,11,A7,7,9,0
HK,1995,11,A7,7,10,0
HK,1995,11,A7,7,11,0
HK,1995,11,A7,7,12,0
HK,1995,11,A7,7,13,0
HK,1995,11,A7,7,14,0
HK,1995,11,A7,7,15,0
HK,1995,11,A7,7,16,0
HK,1995,11,A7,7,17,0
HK,1995,11,A7,7,18,0
HK,1995,11,A7,7,19,0
HK,1995,11,A7,7,20,0
HK,1995,11,A7,7,21,0
HK,1995,11,A7,7,22,0
HK,1995,11,A7,8,0,0
HK,1995,11,A7,8,1,0
HK,1995,11,A7,8,2,0
HK,1995,11,A7,8,3,0
HK,1995,11,A7,8,4,0
HK,1995,11,A7,8,5,0
HK,1995,11,A7,8,6,0
HK,1995,11,A7,8,7,0
HK,1995,11,A7,8,8,143
HK,1995,11,A7,8,9,0
HK,1995,11,A7,8,10,0
HK,1995,11,A7,8,11,0
HK,1995,11,A7,8,12,0
HK,1995,11,A7,8,13,0
HK,1995,11,A7,8,14,0
HK,1995,11,A7,8,15,0
HK,1995,11,A7,8,16,0
HK,1995,11,A7,8,17,6
HK,1995,11,A7,8,18,3
HK,1995,11,A7,8,19,1
HK,1995,11,A7,8,20,0
HK,1995,11,A7,8,21,0
HK,1995,11,A7,8,22,0
HK,1995,11,A7,9,0,0
HK,1995,11,A7,9,1,0
HK,1995,11,A7,9,2,0
HK,1995,11,A7,9,3,0
HK,1995,11,A7,9,4,0
HK,1995,11,A7,9,5,0
HK,1995,11,A7,9,6,0
HK,1995,11,A7,9,7,0
HK,1995,11,A7,9,8,0
HK,1995,11,A7,9,9,158
HK,1995,11,A7,9,10,2
HK,1995,11,A7,9,11,2
HK,1995,11,A7,9,12,0
HK,1995,11,A7,9,13,0
HK,1995,11,A7,9,14,0
HK,1995,11,A7,9,15,0
HK,1995,11,A7,9,16,0
HK,1995,11,A7,9,17,1
HK,1995,11,A7,9,18,0
HK,1995,11,A7,9,19,1
HK,1995,11,A7,9,20,0
HK,1995,11,A7,9,21,0
HK,1995,11,A7,9,22,0
HK,1995,11,A7,10,0,12
HK,1995,11,A7,10,1,0
HK,1995,11,A7,10,2,0
HK,1995,11,A7,10,3,0
HK,1995,11,A7,10,4,0
HK,1995,11,A7,10,5,0
HK,1995,11,A7,10,6,0
HK,1995,11,A7,10,7,0
HK,1995,11,A7,10,8,0
HK,1995,11,A7,10,9,0
HK,1995,11,A7,10,10,104
HK,1995,11,A7,10,11,19
HK,1995,11,A7,10,12,2
HK,1995,11,A7,10,13,0
HK,1995,11,A7,10,14,0
HK,1995,11,A7,10,15,0
HK,1995,11,A7,10,16,13
HK,1995,11,A7,10,17,0
HK,1995,11,A7,10,18,0
HK,1995,11,A7,10,19,0
HK,1995,11,A7,10,20,0
HK,1995,11,A7,10,21,0
HK,1995,11,A7,10,22,0
HK,1995,11,A7,11,0,5
HK,1995,11,A7,11,1,0
HK,1995,11,A7,11,2,0
HK,1995,11,A7,11,3,0
HK,1995,11,A7,11,4,0
HK,1995,11,A7,11,5,0
HK,1995,11,A7,11,6,0
HK,1995,11,A7,11,7,0
HK,1995,11,A7,11,8,0
HK,1995,11,A7,11,9,0
HK,1995,11,A7,11,10,11
HK,1995,11,A7,11,11,28
HK,1995,11,A7,11,12,9
HK,1995,11,A7,11,13,0
HK,1995,11,A7,11,14,0
HK,1995,11,A7,11,15,0
HK,1995,11,A7,11,16,8
HK,1995,11,A7,11,17,0
HK,1995,11,A7,11,18,0
HK,1995,11,A7,11,19,0
HK,1995,11,A7,11,20,0
HK,1995,11,A7,11,21,0
HK,1995,11,A7,11,22,0
HK,1995,11,A7,12,0,2
HK,1995,11,A7,12,1,0
HK,1995,11,A7,12,2,0
HK,1995,11,A7,12,3,0
HK,1995,11,A7,12,4,0
HK,1995,11,A7,12,5,0
HK,1995,11,A7,12,6,0
HK,1995,11,A7,12,7,0
HK,1995,11,A7,12,8,0
HK,1995,11,A7,12,9,0
HK,1995,11,A7,12,10,2
HK,1995,11,A7,12,11,6
HK,1995,11,A7,12,12,30
HK,1995,11,A7,12,13,0
HK,1995,11,A7,12,14,0
HK,1995,11,A7,12,15,0
HK,1995,11,A7,12,16,1
HK,1995,11,A7,12,17,0
HK,1995,11,A7,12,18,0
HK,1995,11,A7,12,19,0
HK,1995,11,A7,12,20,0
HK,1995,11,A7,12,21,0
HK,1995,11,A7,12,22,0
HK,1995,11,A7,13,0,0
HK,1995,11,A7,13,1,0
HK,1995,11,A7,13,2,0
HK,1995,11,A7,13,3,0
HK,1995,11,A7,13,4,0
HK,1995,11,A7,13,5,0
HK,1995,11,A7,13,6,0
HK,1995,11,A7,13,7,0
HK,1995,11,A7,13,8,0
HK,1995,11,A7,13,9,3
HK,1995,11,A7,13,10,0
HK,1995,11,A7,13,11,2
HK,1995,11,A7,13,12,0
HK,1995,11,A7,13,13,142
HK,1995,11,A7,13,14,0
HK,1995,11,A7,13,15,0
HK,1995,11,A7,13,16,0
HK,1995,11,A7,13,17,7
HK,1995,11,A7,13,18,2
HK,1995,11,A7,13,19,0
HK,1995,11,A7,13,20,2
HK,1995,11,A7,13,21,1
HK,1995,11,A7,13,22,1
HK,1995,11,A7,14,0,0
HK,1995,11,A7,14,1,0
HK,1995,11,A7,14,2,0
HK,1995,11,A7,14,3,0
HK,1995,11,A7,14,4,0
HK,1995,11,A7,14,5,4
HK,1995,11,A7,14,6,0
HK,1995,11,A7,14,7,0
HK,1995,11,A7,14,8,2
HK,1995,11,A7,14,9,0
HK,1995,11,A7,14,10,0
HK,1995,11,A7,14,11,0
HK,1995,11,A7,14,12,0
HK,1995,11,A7,14,13,0
HK,1995,11,A7,14,14,53
HK,1995,11,A7,14,15,0
HK,1995,11,A7,14,16,0
HK,1995,11,A7,14,17,1
HK,1995,11,A7,14,18,0
HK,1995,11,A7,14,19,0
HK,1995,11,A7,14,20,0
HK,1995,11,A7,14,21,0
HK,1995,11,A7,14,22,0
HK,1995,11,A7,15,0,0
HK,1995,11,A7,15,1,0
HK,1995,11,A7,15,2,0
HK,1995,11,A7,15,3,0
HK,1995,11,A7,15,4,0
HK,1995,11,A7,15,5,0
HK,1995,11,A7,15,6,0
HK,1995,11,A7,15,7,0
HK,1995,11,A7,15,8,0
HK,1995,11,A7,15,9,0
HK,1995,11,A7,15,10,0
HK,1995,11,A7,15,11,0
HK,1995,11,A7,15,12,0
HK,1995,11,A7,15,13,0
HK,1995,11,A7,15,14,1
HK,1995,11,A7,15,15,122
HK,1995,11,A7,15,16,0
HK,1995,11,A7,15,17,0
HK,1995,11,A7,15,18,0
HK,1995,11,A7,15,19,0
HK,1995,11,A7,15,20,0
HK,1995,11,A7,15,21,0
HK,1995,11,A7,15,22,0
HK,1995,11,A7,16,0,2
HK,1995,11,A7,16,1,0
HK,1995,11,A7,16,2,0
HK,1995,11,A7,16,3,0
HK,1995,11,A7,16,4,0
HK,1995,11,A7,16,5,0
HK,1995,11,A7,16,6,0
HK,1995,11,A7,16,7,0
HK,1995,11,A7,16,8,0
HK,1995,11,A7,16,9,0
HK,1995,11,A7,16,10,2
HK,1995,11,A7,16,11,3
HK,1995,11,A7,16,12,0
HK,1995,11,A7,16,13,0
HK,1995,11,A7,16,14,0
HK,1995,11,A7,16,15,0
HK,1995,11,A7,16,16,1
HK,1995,11,A7,16,17,0
HK,1995,11,A7,16,18,0
HK,1995,11,A7,16,19,0
HK,1995,11,A7,16,20,0
HK,1995,11,A7,16,21,0
HK,1995,11,A7,16,22,0
HK,1995,11,A7,17,0,0
HK,1995,11,A7,17,1,0
HK,1995,11,A7,17,2,0
HK,1995,11,A7,17,3,0
HK,1995,11,A7,17,4,0
HK,1995,11,A7,17,5,0
HK,1995,11,A7,17,6,0
HK,1995,11,A7,17,7,0
HK,1995,11,A7,17,8,1
HK,1995,11,A7,17,9,0
HK,1995,11,A7,17,10,0
HK,1995,11,A7,17,11,0
HK,1995,11,A7,17,12,0
HK,1995,11,A7,17,13,0
HK,1995,11,A7,17,14,0
HK,1995,11,A7,17,15,0
HK,1995,11,A7,17,16,0
HK,1995,11,A7,17,17,3
HK,1995,11,A7,17,18,1
HK,1995,11,A7,17,19,0
HK,1995,11,A7,17,20,0
HK,1995,11,A7,17,21,0
HK,1995,11,A7,17,22,0
HK,1995,11,A7,18,0,0
HK,1995,11,A7,18,1,0
HK,1995,11,A7,18,2,0
HK,1995,11,A7,18,3,0
HK,1995,11,A7,18,4,0
HK,1995,11,A7,18,5,0
HK,1995,11,A7,18,6,2
HK,1995,11,A7,18,7,0
HK,1995,11,A7,18,8,3
HK,1995,11,A7,18,9,0
HK,1995,11,A7,18,10,0
HK,1995,11,A7,18,11,0
HK,1995,11,A7,18,12,0
HK,1995,11,A7,18,13,1
HK,1995,11,A7,18,14,0
HK,1995,11,A7,18,15,0
HK,1995,11,A7,18,16,0
HK,1995,11,A7,18,17,3
HK,1995,11,A7,18,18,11
HK,1995,11,A7,18,19,5
HK,1995,11,A7,18,20,6
HK,1995,11,A7,18,21,0
HK,1995,11,A7,18,22,2
HK,1995,11,A7,19,0,0
HK,1995,11,A7,19,1,0
HK,1995,11,A7,19,2,0
HK,1995,11,A7,19,3,0
HK,1995,11,A7,19,4,0
HK,1995,11,A7,19,5,0
HK,1995,11,A7,19,6,0
HK,1995,11,A7,19,7,0
HK,1995,11,A7,19,8,0
HK,1995,11,A7,19,9,0
HK,1995,11,A7,19,10,0
HK,1995,11,A7,19,11,0
HK,1995,11,A7,19,12,0
HK,1995,11,A7,19,13,0
HK,1995,11,A7,19,14,0
HK,1995,11,A7,19,15,0
HK,1995,11,A7,19,16,0
HK,1995,11,A7,19,17,0
HK,1995,11,A7,19,18,0
HK,1995,11,A7,19,19,0
HK,1995,11,A7,19,20,2
HK,1995,11,A7,19,21,0
HK,1995,11,A7,19,22,0
HK,1995,11,A7,20,0,0
HK,1995,11,A7,20,1,2
HK,1995,11,A7,20,2,0
HK,1995,11,A7,20,3,0
HK,1995,11,A7,20,4,0
HK,1995,11,A7,20,5,0
HK,1995,11,A7,20,6,4
HK,1995,11,A7,20,7,0
HK,1995,11,A7,20,8,5
HK,1995,11,A7,20,9,1
HK,1995,11,A7,20,10,0
HK,1995,11,A7,20,11,0
HK,1995,11,A7,20,12,0
HK,1995,11,A7,20,13,1
HK,1995,11,A7,20,14,1
HK,1995,11,A7,20,15,0
HK,1995,11,A7,20,16,0
HK,1995,11,A7,20,17,2
HK,1995,11,A7,20,18,10
HK,1995,11,A7,20,19,2
HK,1995,11,A7,20,20,17
HK,1995,11,A7,20,21,9
HK,1995,11,A7,20,22,12
HK,1995,11,A7,21,0,0
HK,1995,11,A7,21,1,0
HK,1995,11,A7,21,2,0
HK,1995,11,A7,21,3,0
HK,1995,11,A7,21,4,0
HK,1995,11,A7,21,5,0
HK,1995,11,A7,21,6,0
HK,1995,11,A7,21,7,0
HK,1995,11,A7,21,8,0
HK,1995,11,A7,21,9,0
HK,1995,11,A7,21,10,0
HK,1995,11,A7,21,11,0
HK,1995,11,A7,21,12,0
HK,1995,11,A7,21,13,0
HK,1995,11,A7,21,14,0
HK,1995,11,A7,21,15,0
HK,1995,11,A7,21,16,0
HK,1995,11,A7,21,17,0
HK,1995,11,A7,21,18,0
HK,1995,11,A7,21,19,1
HK,1995,11,A7,21,20,1
HK,1995,11,A7,21,21,0
HK,1995,11,A7,21,22,2
HK,1995,11,A7,22,0,0
HK,1995,11,A7,22,1,0
HK,1995,11,A7,22,2,0
HK,1995,11,A7,22,3,0
HK,1995,11,A7,22,4,0
HK,1995,11,A7,22,5,0
HK,1995,11,A7,22,6,1
HK,1995,11,A7,22,7,0
HK,1995,11,A7,22,8,0
HK,1995,11,A7,22,9,0
HK,1995,11,A7,22,10,0
HK,1995,11,A7,22,11,0
HK,1995,11,A7,22,12,0
HK,1995,11,A7,22,13,0
HK,1995,11,A7,22,14,0
HK,1995,11,A7,22,15,0
HK,1995,11,A7,22,16,0
HK,1995,11,A7,22,17,0
HK,1995,11,A7,22,18,0
HK,1995,11,A7,22,19,1
HK,1995,11,A7,22,20,2
HK,1995,11,A7,22,21,4
HK,1995,11,A7,22,22,13
HK,1995,11,A8,0,0,5
HK,1995,11,A8,0,1,0
HK,1995,11,A8,0,2,0
HK,1995,11,A8,0,3,0
HK,1995,11,A8,0,4,0
HK,1995,11,A8,0,5,0
HK,1995,11,A8,0,6,0
HK,1995,11,A8,0,7,0
HK,1995,11,A8,0,8,0
HK,1995,11,A8,0,9,0
HK,1995,11,A8,0,10,1
HK,1995,11,A8,0,11,0
HK,1995,11,A8,0,12,0
HK,1995,11,A8,0,13,0
HK,1995,11,A8,0,14,0
HK,1995,11,A8,0,15,0
HK,1995,11,A8,0,16,1
HK,1995,11,A8,0,17,0
HK,1995,11,A8,0,18,0
HK,1995,11,A8,0,19,0
HK,1995,11,A8,0,20,0
HK,1995,11,A8,0,21,0
HK,1995,11,A8,0,22,0
HK,1995,11,A8,1,0,0
HK,1995,11,A8,1,1,104
HK,1995,11,A8,1,2,9
HK,1995,11,A8,1,3,0
HK,1995,11,A8,1,4,0
HK,1995,11,A8,1,5,0
HK,1995,11,A8,1,6,0
HK,1995,11,A8,1,7,0
HK,1995,11,A8,1,8,0
HK,1995,11,A8,1,9,0
HK,1995,11,A8,1,10,0
HK,1995,11,A8,1,11,0
HK,1995,11,A8,1,12,0
HK,1995,11,A8,1,13,0
HK,1995,11,A8,1,14,0
HK,1995,11,A8,1,15,0
HK,1995,11,A8,1,16,0
HK,1995,11,A8,1,17,0
HK,1995,11,A8,1,18,0
HK,1995,11,A8,1,19,0
HK,1995,11,A8,1,20,0
HK,1995,11,A8,1,21,0
HK,1995,11,A8,1,22,0
HK,1995,11,A8,2,0,0
HK,1995,11,A8,2,1,1
HK,1995,11,A8,2,2,152
HK,1995,11,A8,2,3,0
HK,1995,11,A8,2,4,0
HK,1995,11,A8,2,5,0
HK,1995,11,A8,2,6,0
HK,1995,11,A8,2,7,29
HK,1995,11,A8,2,8,0
HK,1995,11,A8,2,9,0
HK,1995,11,A8,2,10,0
HK,1995,11,A8,2,11,0
HK,1995,11,A8,2,12,0
HK,1995,11,A8,2,13,0
HK,1995,11,A8,2,14,0
HK,1995,11,A8,2,15,0
HK,1995,11,A8,2,16,0
HK,1995,11,A8,2,17,0
HK,1995,11,A8,2,18,0
HK,1995,11,A8,2,19,0
HK,1995,11,A8,2,20,0
HK,1995,11,A8,2,21,0
HK,1995,11,A8,2,22,0
HK,1995,11,A8,3,0,0
HK,1995,11,A8,3,1,0
HK,1995,11,A8,3,2,0
HK,1995,11,A8,3,3,126
HK,1995,11,A8,3,4,29
HK,1995,11,A8,3,5,0
HK,1995,11,A8,3,6,0
HK,1995,11,A8,3,7,0
HK,1995,11,A8,3,8,0
HK,1995,11,A8,3,9,0
HK,1995,11,A8,3,10,0
HK,1995,11,A8,3,11,0
HK,1995,11,A8,3,12,0
HK,1995,11,A8,3,13,1
HK,1995,11,A8,3,14,0
HK,1995,11,A8,3,15,0
HK,1995,11,A8,3,16,0
HK,1995,11,A8,3,17,1
HK,1995,11,A8,3,18,0
HK,1995,11,A8,3,19,0
HK,1995,11,A8,3,20,0
HK,1995,11,A8,3,21,0
HK,1995,11,A8,3,22,0
HK,1995,11,A8,4,0,0
HK,1995,11,A8,4,1,0
HK,1995,11,A8,4,2,0
HK,1995,11,A8,4,3,20
HK,1995,11,A8,4,4,144
HK,1995,11,A8,4,5,0
HK,1995,11,A8,4,6,0
HK,1995,11,A8,4,7,0
HK,1995,11,A8,4,8,1
HK,1995,11,A8,4,9,0
HK,1995,11,A8,4,10,0
HK,1995,11,A8,4,11,0
HK,1995,11,A8,4,12,0
HK,1995,11,A8,4,13,0
HK,1995,11,A8,4,14,0
HK,1995,11,A8,4,15,0
HK,1995,11,A8,4,16,0
HK,1995,11,A8,4,17,0
HK,1995,11,A8,4,18,0
HK,1995,11,A8,4,19,0
HK,1995,11,A8,4,20,0
HK,1995,11,A8,4,21,0
HK,1995,11,A8,4,22,0
HK,1995,11,A8,5,0,0
HK,1995,11,A8,5,1,0
HK,1995,11,A8,5,2,0
HK,1995,11,A8,5,3,0
HK,1995,11,A8,5,4,0
HK,1995,11,A8,5,5,0
HK,1995,11,A8,5,6,0
HK,1995,11,A8,5,7,0
HK,1995,11,A8,5,8,0
HK,1995,11,A8,5,9,0
HK,1995,11,A8,5,10,0
HK,1995,11,A8,5,11,0
HK,1995,11,A8,5,12,0
HK,1995,11,A8,5,13,0
HK,1995,11,A8,5,14,1
HK,1995,11,A8,5,15,0
HK,1995,11,A8,5,16,0
HK,1995,11,A8,5,17,0
HK,1995,11,A8,5,18,0
HK,1995,11,A8,5,19,0
HK,1995,11,A8,5,20,0
HK,1995,11,A8,5,21,0
HK,1995,11,A8,5,22,0
HK,1995,11,A8,6,0,0
HK,1995,11,A8,6,1,0
HK,1995,11,A8,6,2,0
HK,1995,11,A8,6,3,0
HK,1995,11,A8,6,4,0
HK,1995,11,A8,6,5,0
HK,1995,11,A8,6,6,0
HK,1995,11,A8,6,7,0
HK,1995,11,A8,6,8,0
HK,1995,11,A8,6,9,0
HK,1995,11,A8,6,10,0
HK,1995,11,A8,6,11,0
HK,1995,11,A8,6,12,0
HK,1995,11,A8,6,13,0
HK,1995,11,A8,6,14,0
HK,1995,11,A8,6,15,0
HK,1995,11,A8,6,16,0
HK,1995,11,A8,6,17,0
HK,1995,11,A8,6,18,0
HK,1995,11,A8,6,19,0
HK,1995,11,A8,6,20,1
HK,1995,11,A8,6,21,0
HK,1995,11,A8,6,22,0
HK,1995,11,A8,7,0,0
HK,1995,11,A8,7,1,0
HK,1995,11,A8,7,2,0
HK,1995,11,A8,7,3,0
HK,1995,11,A8,7,4,0
HK,1995,11,A8,7,5,0
HK,1995,11,A8,7,6,0
HK,1995,11,A8,7,7,21
HK,1995,11,A8,7,8,0
HK,1995,11,A8,7,9,0
HK,1995,11,A8,7,10,0
HK,1995,11,A8,7,11,0
HK,1995,11,A8,7,12,0
HK,1995,11,A8,7,13,0
HK,1995,11,A8,7,14,0
HK,1995,11,A8,7,15,0
HK,1995,11,A8,7,16,0
HK,1995,11,A8,7,17,0
HK,1995,11,A8,7,18,0
HK,1995,11,A8,7,19,0
HK,1995,11,A8,7,20,0
HK,1995,11,A8,7,21,0
HK,1995,11,A8,7,22,0
HK,1995,11,A8,8,0,0
HK,1995,11,A8,8,1,0
HK,1995,11,A8,8,2,0
HK,1995,11,A8,8,3,0
HK,1995,11,A8,8,4,0
HK,1995,11,A8,8,5,0
HK,1995,11,A8,8,6,0
HK,1995,11,A8,8,7,0
HK,1995,11,A8,8,8,151
HK,1995,11,A8,8,9,0
HK,1995,11,A8,8,10,0
HK,1995,11,A8,8,11,0
HK,1995,11,A8,8,12,0
HK,1995,11,A8,8,13,0
HK,1995,11,A8,8,14,0
HK,1995,11,A8,8,15,0
HK,1995,11,A8,8,16,0
HK,1995,11,A8,8,17,2
HK,1995,11,A8,8,18,0
HK,1995,11,A8,8,19,0
HK,1995,11,A8,8,20,0
HK,1995,11,A8,8,21,0
HK,1995,11,A8,8,22,0
HK,1995,11,A8,9,0,0
HK,1995,11,A8,9,1,0
HK,1995,11,A8,9,2,0
HK,1995,11,A8,9,3,0
HK,1995,11,A8,9,4,0
HK,1995,11,A8,9,5,0
HK,1995,11,A8,9,6,0
HK,1995,11,A8,9,7,0
HK,1995,11,A8,9,8,0
HK,1995,11,A8,9,9,163
HK,1995,11,A8,9,10,0
HK,1995,11,A8,9,11,0
HK,1995,11,A8,9,12,0
HK,1995,11,A8,9,13,0
HK,1995,11,A8,9,14,0
HK,1995,11,A8,9,15,0
HK,1995,11,A8,9,16,0
HK,1995,11,A8,9,17,0
HK,1995,11,A8,9,18,0
HK,1995,11,A8,9,19,1
HK,1995,11,A8,9,20,0
HK,1995,11,A8,9,21,0
HK,1995,11,A8,9,22,0
HK,1995,11,A8,10,0,15
HK,1995,11,A8,10,1,0
HK,1995,11,A8,10,2,0
HK,1995,11,A8,10,3,0
HK,1995,11,A8,10,4,0
HK,1995,11,A8,10,5,0
HK,1995,11,A8,10,6,0
HK,1995,11,A8,10,7,0
HK,1995,11,A8,10,8,0
HK,1995,11,A8,10,9,2
HK,1995,11,A8,10,10,111
HK,1995,11,A8,10,11,9
HK,1995,11,A8,10,12,4
HK,1995,11,A8,10,13,0
HK,1995,11,A8,10,14,0
HK,1995,11,A8,10,15,1
HK,1995,11,A8,10,16,8
HK,1995,11,A8,10,17,0
HK,1995,11,A8,10,18,0
HK,1995,11,A8,10,19,0
HK,1995,11,A8,10,20,0
HK,1995,11,A8,10,21,0
HK,1995,11,A8,10,22,0
HK,1995,11,A8,11,0,4
HK,1995,11,A8,11,1,0
HK,1995,11,A8,11,2,0
HK,1995,11,A8,11,3,0
HK,1995,11,A8,11,4,0
HK,1995,11,A8,11,5,0
HK,1995,11,A8,11,6,0
HK,1995,11,A8,11,7,0
HK,1995,11,A8,11,8,0
HK,1995,11,A8,11,9,2
HK,1995,11,A8,11,10,17
HK,1995,11,A8,11,11,17
HK,1995,11,A8,11,12,13
HK,1995,11,A8,11,13,1
HK,1995,11,A8,11,14,0
HK,1995,11,A8,11,15,1
HK,1995,11,A8,11,16,6
HK,1995,11,A8,11,17,0
HK,1995,11,A8,11,18,0
HK,1995,11,A8,11,19,0
HK,1995,11,A8,11,20,0
HK,1995,11,A8,11,21,0
HK,1995,11,A8,11,22,0
HK,1995,11,A8,12,0,1
HK,1995,11,A8,12,1,0
HK,1995,11,A8,12,2,0
HK,1995,11,A8,12,3,0
HK,1995,11,A8,12,4,0
HK,1995,11,A8,12,5,0
HK,1995,11,A8,12,6,0
HK,1995,11,A8,12,7,0
HK,1995,11,A8,12,8,0
HK,1995,11,A8,12,9,0
HK,1995,11,A8,12,10,3
HK,1995,11,A8,12,11,3
HK,1995,11,A8,12,12,32
HK,1995,11,A8,12,13,0
HK,1995,11,A8,12,14,0
HK,1995,11,A8,12,15,0
HK,1995,11,A8,12,16,2
HK,1995,11,A8,12,17,0
HK,1995,11,A8,12,18,0
HK,1995,11,A8,12,19,0
HK,1995,11,A8,12,20,0
HK,1995,11,A8,12,21,0
HK,1995,11,A8,12,22,0
HK,1995,11,A8,13,0,0
HK,1995,11,A8,13,1,1
HK,1995,11,A8,13,2,0
HK,1995,11,A8,13,3,0
HK,1995,11,A8,13,4,0
HK,1995,11,A8,13,5,0
HK,1995,11,A8,13,6,0
HK,1995,11,A8,13,7,0
HK,1995,11,A8,13,8,0
HK,1995,11,A8,13,9,4
HK,1995,11,A8,13,10,0
HK,1995,11,A8,13,11,0
HK,1995,11,A8,13,12,0
HK,1995,11,A8,13,13,153
HK,1995,11,A8,13,14,0
HK,1995,11,A8,13,15,1
HK,1995,11,A8,13,16,0
HK,1995,11,A8,13,17,0
HK,1995,11,A8,13,18,0
HK,1995,11,A8,13,19,0
HK,1995,11,A8,13,20,0
HK,1995,11,A8,13,21,0
HK,1995,11,A8,13,22,1
HK,1995,11,A8,14,0,0
HK,1995,11,A8,14,1,0
HK,1995,11,A8,14,2,0
HK,1995,11,A8,14,3,0
HK,1995,11,A8,14,4,0
HK,1995,11,A8,14,5,1
HK,1995,11,A8,14,6,0
HK,1995,11,A8,14,7,0
HK,1995,11,A8,14,8,0
HK,1995,11,A8,14,9,0
HK,1995,11,A8,14,10,0
HK,1995,11,A8,14,11,0
HK,1995,11,A8,14,12,0
HK,1995,11,A8,14,13,0
HK,1995,11,A8,14,14,58
HK,1995,11,A8,14,15,0
HK,1995,11,A8,14,16,0
HK,1995,11,A8,14,17,1
HK,1995,11,A8,14,18,0
HK,1995,11,A8,14,19,0
HK,1995,11,A8,14,20,0
HK,1995,11,A8,14,21,0
HK,1995,11,A8,14,22,0
HK,1995,11,A8,15,0,0
HK,1995,11,A8,15,1,0
HK,1995,11,A8,15,2,0
HK,1995,11,A8,15,3,0
HK,1995,11,A8,15,4,0
HK,1995,11,A8,15,5,0
HK,1995,11,A8,15,6,0
HK,1995,11,A8,15,7,0
HK,1995,11,A8,15,8,0
HK,1995,11,A8,15,9,0
HK,1995,11,A8,15,10,0
HK,1995,11,A8,15,11,0
HK,1995,11,A8,15,12,0
HK,1995,11,A8,15,13,0
HK,1995,11,A8,15,14,1
HK,1995,11,A8,15,15,122
HK,1995,11,A8,15,16,0
HK,1995,11,A8,15,17,0
HK,1995,11,A8,15,18,0
HK,1995,11,A8,15,19,0
HK,1995,11,A8,15,20,0
HK,1995,11,A8,15,21,0
HK,1995,11,A8,15,22,0
HK,1995,11,A8,16,0,3
HK,1995,11,A8,16,1,0
HK,1995,11,A8,16,2,0
HK,1995,11,A8,16,3,0
HK,1995,11,A8,16,4,0
HK,1995,11,A8,16,5,0
HK,1995,11,A8,16,6,0
HK,1995,11,A8,16,7,0
HK,1995,11,A8,16,8,0
HK,1995,11,A8,16,9,0
HK,1995,11,A8,16,10,2
HK,1995,11,A8,16,11,1
HK,1995,11,A8,16,12,0
HK,1995,11,A8,16,13,0
HK,1995,11,A8,16,14,0
HK,1995,11,A8,16,15,0
HK,1995,11,A8,16,16,2
HK,1995,11,A8,16,17,0
HK,1995,11,A8,16,18,0
HK,1995,11,A8,16,19,0
HK,1995,11,A8,16,20,0
HK,1995,11,A8,16,21,0
HK,1995,11,A8,16,22,0
HK,1995,11,A8,17,0,0
HK,1995,11,A8,17,1,0
HK,1995,11,A8,17,2,0
HK,1995,11,A8,17,3,0
HK,1995,11,A8,17,4,1
HK,1995,11,A8,17,5,0
HK,1995,11,A8,17,6,0
HK,1995,11,A8,17,7,0
HK,1995,11,A8,17,8,0
HK,1995,11,A8,17,9,0
HK,1995,11,A8,17,10,0
HK,1995,11,A8,17,11,0
HK,1995,11,A8,17,12,0
HK,1995,11,A8,17,13,0
HK,1995,11,A8,17,14,0
HK,1995,11,A8,17,15,0
HK,1995,11,A8,17,16,0
HK,1995,11,A8,17,17,4
HK,1995,11,A8,17,18,0
HK,1995,11,A8,17,19,0
HK,1995,11,A8,17,20,0
HK,1995,11,A8,17,21,0
HK,1995,11,A8,17,22,0
HK,1995,11,A8,18,0,0
HK,1995,11,A8,18,1,0
HK,1995,11,A8,18,2,0
HK,1995,11,A8,18,3,0
HK,1995,11,A8,18,4,0
HK,1995,11,A8,18,5,0
HK,1995,11,A8,18,6,1
HK,1995,11,A8,18,7,0
HK,1995,11,A8,18,8,2
HK,1995,11,A8,18,9,0
HK,1995,11,A8,18,10,0
HK,1995,11,A8,18,11,0
HK,1995,11,A8,18,12,0
HK,1995,11,A8,18,13,0
HK,1995,11,A8,18,14,0
HK,1995,11,A8,18,15,0
HK,1995,11,A8,18,16,1
HK,1995,11,A8,18,17,6
HK,1995,11,A8,18,18,12
HK,1995,11,A8,18,19,3
HK,1995,11,A8,18,20,2
HK,1995,11,A8,18,21,2
HK,1995,11,A8,18,22,4
HK,1995,11,A8,19,0,0
HK,1995,11,A8,19,1,0
HK,1995,11,A8,19,2,0
HK,1995,11,A8,19,3,0
HK,1995,11,A8,19,4,0
HK,1995,11,A8,19,5,0
HK,1995,11,A8,19,6,0
HK,1995,11,A8,19,7,0
HK,1995,11,A8,19,8,0
HK,1995,11,A8,19,9,0
HK,1995,11,A8,19,10,0
HK,1995,11,A8,19,11,0
HK,1995,11,A8,19,12,0
HK,1995,11,A8,19,13,0
HK,1995,11,A8,19,14,0
HK,1995,11,A8,19,15,0
HK,1995,11,A8,19,16,0
HK,1995,11,A8,19,17,0
HK,1995,11,A8,19,18,0
HK,1995,11,A8,19,19,0
HK,1995,11,A8,19,20,0
HK,1995,11,A8,19,21,2
HK,1995,11,A8,19,22,0
HK,1995,11,A8,20,0,0
HK,1995,11,A8,20,1,3
HK,1995,11,A8,20,2,4
HK,1995,11,A8,20,3,0
HK,1995,11,A8,20,4,0
HK,1995,11,A8,20,5,1
HK,1995,11,A8,20,6,1
HK,1995,11,A8,20,7,0
HK,1995,11,A8,20,8,4
HK,1995,11,A8,20,9,0
HK,1995,11,A8,20,10,0
HK,1995,11,A8,20,11,0
HK,1995,11,A8,20,12,1
HK,1995,11,A8,20,13,0
HK,1995,11,A8,20,14,0
HK,1995,11,A8,20,15,0
HK,1995,11,A8,20,16,0
HK,1995,11,A8,20,17,2
HK,1995,11,A8,20,18,7
HK,1995,11,A8,20,19,6
HK,1995,11,A8,20,20,12
HK,1995,11,A8,20,21,10
HK,1995,11,A8,20,22,15
HK,1995,11,A8,21,0,0
HK,1995,11,A8,21,1,0
HK,1995,11,A8,21,2,0
HK,1995,11,A8,21,3,0
HK,1995,11,A8,21,4,0
HK,1995,11,A8,21,5,0
HK,1995,11,A8,21,6,0
HK,1995,11,A8,21,7,0
HK,1995,11,A8,21,8,0
HK,1995,11,A8,21,9,0
HK,1995,11,A8,21,10,0
HK,1995,11,A8,21,11,0
HK,1995,11,A8,21,12,0
HK,1995,11,A8,21,13,0
HK,1995,11,A8,21,14,0
HK,1995,11,A8,21,15,0
HK,1995,11,A8,21,16,0
HK,1995,11,A8,21,17,0
HK,1995,11,A8,21,18,0
HK,1995,11,A8,21,19,1
HK,1995,11,A8,21,20,1
HK,1995,11,A8,21,21,0
HK,1995,11,A8,21,22,2
HK,1995,11,A8,22,0,0
HK,1995,11,A8,22,1,0
HK,1995,11,A8,22,2,0
HK,1995,11,A8,22,3,0
HK,1995,11,A8,22,4,0
HK,1995,11,A8,22,5,0
HK,1995,11,A8,22,6,0
HK,1995,11,A8,22,7,0
HK,1995,11,A8,22,8,0
HK,1995,11,A8,22,9,0
HK,1995,11,A8,22,10,0
HK,1995,11,A8,22,11,0
HK,1995,11,A8,22,12,0
HK,1995,11,A8,22,13,0
HK,1995,11,A8,22,14,0
HK,1995,11,A8,22,15,0
HK,1995,11,A8,22,16,0
HK,1995,11,A8,22,17,0
HK,1995,11,A8,22,18,0
HK,1995,11,A8,22,19,1
HK,1995,11,A8,22,20,1
HK,1995,11,A8,22,21,3
HK,1995,11,A8,22,22,16
