dataset,seed,stream,task,epoch,a_min,a_max,a_mean,b_norm,clip_fraction,residual_mean,residual_max,current_class_counts,old_trace,e_mean
HK,1993,U,2,1,0.6018073969505656,1.1016697853998338,0.9755729016894253,0.10008545863369589,0.0,3.5991348980853463e-06,0.0002758064310534044,"{""2"": 167, ""3"": 654}",1.9801722143434488,3.5991348980853463e-06
HK,1993,U,2,2,0.5092200392595614,1.1129651660593993,0.9668595888399354,0.12560311040364391,0.0,5.193828557326576e-06,0.0003098216328419431,"{""2"": 167, ""3"": 654}",1.9727824560431009,5.193828557326578e-06
HK,1993,U,2,3,0.5007212876186249,1.1118799259939929,0.9643082788511951,0.13254932919032253,0.0,5.4980326124879865e-06,0.00029392556862324544,"{""2"": 167, ""3"": 654}",1.970735434898723,5.4980326124879865e-06
HK,1993,U,2,4,0.5037403173285125,1.1096542982951008,0.9634363080339247,0.1354179538507674,0.0,5.521317926090017e-06,0.0002707421225409308,"{""2"": 167, ""3"": 654}",1.9700769957421707,5.521317926090017e-06
HK,1993,U,2,5,0.5082649332703325,1.1076767546047113,0.9632246278355548,0.13674321238552403,0.0,5.513493080044124e-06,0.0002619068827300411,"{""2"": 167, ""3"": 654}",1.9699806258390302,5.513493080044124e-06
HK,1993,U,2,6,0.5081250364007475,1.105334519787644,0.9627185171642516,0.13872124009972703,0.0,5.459908056161263e-06,0.0002331118410996478,"{""2"": 167, ""3"": 654}",1.9699084396248028,5.459908056161264e-06
HK,1993,U,2,7,0.5094276170743859,1.1048745315112627,0.9625638988715636,0.1391903671703384,0.0,5.451069279533555e-06,0.00022960210278816017,"{""2"": 167, ""3"": 654}",1.9698803097425932,5.451069279533553e-06
HK,1993,U,2,8,0.5111587368809691,1.1042437849426512,0.9624548210153199,0.1396292875616782,0.0,5.442715538871878e-06,0.0002272004827508734,"{""2"": 167, ""3"": 654}",1.9697678263825644,5.442715538871878e-06
HK,1993,U,2,9,0.5121522509514781,1.1042062025288355,0.9623338925754578,0.1399800877372729,0.0,5.433624149255412e-06,0.00022366059509493636,"{""2"": 167, ""3"": 654}",1.9697103112323773,5.433624149255412e-06
HK,1993,U,2,10,0.5128008802951187,1.104013227171309,0.9622756102779957,0.14019069905871126,0.0,5.427606895622879e-06,0.00022110337877707348,"{""2"": 167, ""3"": 654}",1.9697093865154596,5.42760689562288e-06
HK,1993,U,3,1,0.6421755375523361,1.1928296919130967,0.9728339201550741,0.15601889628693869,0.0,8.69095866804703e-06,0.00018199904210508671,"{""4"": 736, ""5"": 261}",3.85625466040816,1.114786634964667e-05
HK,1993,U,3,2,0.5728830217487438,1.1953342134625737,0.96348048045214,0.1773348806180795,0.0,1.0782780066482906e-05,0.00019087057538988805,"{""4"": 736, ""5"": 261}",3.8364264056569857,1.3155655852359474e-05
HK,1993,U,3,3,0.5614202900940346,1.1949231302170942,0.9621936953228477,0.18034112836446767,0.0,1.1057330845540221e-05,0.00019056442153162373,"{""4"": 736, ""5"": 261}",3.833573068112643,1.3418448853401468e-05
HK,1993,U,3,4,0.5553340892301769,1.1947922788870067,0.9620335743176275,0.1809107234771764,0.0,1.1089940896598786e-05,0.00018968733185388624,"{""4"": 736, ""5"": 261}",3.8330402024621586,1.3449072982904787e-05
HK,1993,U,3,5,0.5552747601518673,1.194866923316246,0.962067047242277,0.1809118113087598,0.0,1.1077486295776387e-05,0.00018964279747481533,"{""4"": 736, ""5"": 261}",3.833166317803068,1.3436632195219324e-05
HK,1993,U,3,6,0.5553082301917661,1.1949064077634888,0.962117402715073,0.18095133611984437,0.0,1.1077361891952614e-05,0.00018962833600412736,"{""4"": 736, ""5"": 261}",3.833129768499831,1.3436669722628568e-05
HK,1993,U,3,7,0.5553248900444601,1.1948237494627634,0.9620989237868004,0.1810366993549697,0.0,1.1089217924181454e-05,0.00018958075602962702,"{""4"": 736, ""5"": 261}",3.8328083002024123,1.3448684006772123e-05
HK,1993,U,3,8,0.5553534559094059,1.1948406715981748,0.962077348915301,0.1810785987814508,0.0,1.1096480712445055e-05,0.0001895844098372002,"{""4"": 736, ""5"": 261}",3.832627154090864,1.3456027169360303e-05
HK,1993,U,3,9,0.5553776243388769,1.1948577225077894,0.9620497340320203,0.18111798858456485,0.0,1.1102119646017575e-05,0.00018959676255712724,"{""4"": 736, ""5"": 261}",3.8324719671977237,1.3461719870700056e-05
HK,1993,U,3,10,0.5553905834196813,1.1948679725432583,0.9620514486605364,0.18112846437719252,0.0,1.1103737040102073e-05,0.00018959102317014023,"{""4"": 736, ""5"": 261}",3.8324292813202483,1.3463377877059506e-05
HK,1993,U,4,1,0.6490379391525463,1.3105573557408872,0.9544519367058483,0.23065625352019897,0.0,2.615112551443276e-05,0.0006559563458233144,"{""6"": 23, ""7"": 644}",5.507806957067176,3.384897066167014e-05
HK,1993,U,4,2,0.5,1.2576846268977668,0.9174438182616003,0.2940712905556851,0.0013020833333333333,3.972450634476268e-05,0.0011439036551363585,"{""6"": 23, ""7"": 644}",5.3748108558398595,4.63428742587565e-05
HK,1993,U,4,3,0.5,1.223103106527315,0.9102759682136621,0.3067915745261451,0.0013020833333333333,4.18974498675567e-05,0.0011970206522059338,"{""6"": 23, ""7"": 644}",5.355038549778566,4.830338524842301e-05
HK,1993,U,4,4,0.5,1.2080448212902353,0.9090220494615361,0.3090508410605611,0.001953125,4.212614322055918e-05,0.0011987639885332085,"{""6"": 23, ""7"": 644}",5.352469382077648,4.8496433323053415e-05
HK,1993,U,4,5,0.5,1.1964576457415617,0.9080896748220354,0.3112215597932272,0.001953125,4.2212397009814714e-05,0.0011885869596421446,"{""6"": 23, ""7"": 644}",5.351590076793468,4.8551442882306576e-05
HK,1993,U,4,6,0.5,1.188294243721618,0.9074306862227788,0.31294888150930383,0.001953125,4.221346030242712e-05,0.001184121775268014,"{""6"": 23, ""7"": 644}",5.351499953008442,4.85297403901572e-05
HK,1993,U,4,7,0.5,1.1802455159272642,0.9073236435019764,0.31309714276333306,0.001953125,4.2215188018494994e-05,0.0011818364447424119,"{""6"": 23, ""7"": 644}",5.351336688543764,4.852770368626459e-05
HK,1993,U,4,8,0.5,1.1833565655211518,0.9070384787775237,0.31383164393196694,0.001953125,4.221223598927588e-05,0.0011806802464246233,"{""6"": 23, ""7"": 644}",5.351112992331422,4.8517479445667266e-05
HK,1993,U,4,9,0.5,1.183372552138732,0.90705148097536,0.3138300209870363,0.001953125,4.2211949352614865e-05,0.0011805620392317164,"{""6"": 23, ""7"": 644}",5.3511397458992995,4.8517341637361314e-05
HK,1993,U,4,10,0.5,1.1833748086076241,0.9070543256291718,0.31382925930236705,0.001953125,4.2211800791769734e-05,0.001180539520626882,"{""6"": 23, ""7"": 644}",5.351145356790036,4.851722949919437e-05
HK,1993,U,5,1,0.8346554509722643,1.1299501176054083,1.003994670470669,0.08185778148250074,0.0,3.595161355016761e-06,9.836851790954825e-05,"{""8"": 18, ""9"": 34}",7.342138729883512,4.079230466043954e-05
HK,1993,U,5,2,0.6027828698957167,1.2084857221964809,0.9869861411383534,0.16914832391167464,0.0,1.5877969037956296e-05,0.0004614707743523993,"{""8"": 18, ""9"": 34}",7.275913163933535,5.085082896479553e-05
HK,1993,U,5,3,0.5,1.2213258074816231,0.9493625351392995,0.2538718689336322,0.0006510416666666666,3.439362583637142e-05,0.0011368792915919705,"{""8"": 18, ""9"": 34}",7.152715517346579,6.438068081307691e-05
HK,1993,U,5,4,0.5,1.2408894692754584,0.9080194688377489,0.3213628713774575,0.013020833333333334,5.0166423962746915e-05,0.0017701402176008739,"{""8"": 18, ""9"": 34}",7.045054457154288,7.500817342166146e-05
HK,1993,U,5,5,0.5,1.2211151334098813,0.8791222599359663,0.3635460121710055,0.04296875,5.9345851974186175e-05,0.0021346702938761348,"{""8"": 18, ""9"": 34}",6.988386910999049,8.079121684494297e-05
HK,1993,U,5,6,0.5,1.2060596204771348,0.8619093254353896,0.3864486264493425,0.07421875,6.430396588186965e-05,0.002313709987448946,"{""8"": 18, ""9"": 34}",6.961455108133583,8.37878422725221e-05
HK,1993,U,5,7,0.5,1.2051689980086056,0.8527009201168902,0.39910719666228767,0.09765625,6.689219569393916e-05,0.002397447534485684,"{""8"": 18, ""9"": 34}",6.9487549250499665,8.53309136865267e-05
HK,1993,U,5,8,0.5,1.2045512141117347,0.8481538222803588,0.40552290808966335,0.10611979166666667,6.814438398003218e-05,0.002432619588318763,"{""8"": 18, ""9"": 34}",6.9431084660503535,8.6068060137228e-05
HK,1993,U,5,9,0.5,1.204208446689399,0.8461733235220339,0.40833495644923806,0.11263020833333333,6.867989735922401e-05,0.0024464013508667883,"{""8"": 18, ""9"": 34}",6.9407942330135715,8.638018957939737e-05
HK,1993,U,5,10,0.5,1.2040618683964202,0.8454423232028202,0.40936729351903983,0.11328125,6.887738507471379e-05,0.0024512684954726876,"{""8"": 18, ""9"": 34}",6.940048291702605,8.649597360100288e-05
HK,1993,U,6,1,0.5,1.1445183496552278,0.7763698758146823,0.5041417361071411,0.4986979166666667,4.238890164035009e-05,0.0016487143791237195,"{""10"": 85, ""11"": 662}",9.55722898157902,6.152129699075677e-05
HK,1993,U,6,2,0.5,1.1622771123696651,0.7767024761004672,0.5341478486621399,0.5,4.313666733232428e-05,0.0015025855340703674,"{""10"": 85, ""11"": 662}",9.695178979507688,6.226801221906556e-05
HK,1993,U,6,3,0.5,1.1776277277983291,0.7784904570928334,0.533187662666517,0.5,4.537162139200016e-05,0.0015367186778894124,"{""10"": 85, ""11"": 662}",9.667961663054324,6.451852403821756e-05
HK,1993,U,6,4,0.5,1.1820310250313517,0.7808953623177023,0.5283583372319335,0.5,4.595909084592671e-05,0.0015899773195739134,"{""10"": 85, ""11"": 662}",9.647434132999091,6.513129182502389e-05
HK,1993,U,6,5,0.5,1.1800714913608996,0.7788649791391351,0.5341639326056026,0.5,4.603540261080846e-05,0.0016137747166023978,"{""10"": 85, ""11"": 662}",9.659505005760689,6.518526179015597e-05
HK,1993,U,6,6,0.5,1.1911765373796748,0.7814397251055532,0.5303540873200888,0.5,4.696829287037611e-05,0.0016306917509440425,"{""10"": 85, ""11"": 662}",9.643949971599476,6.61464590870118e-05
HK,1993,U,6,7,0.5,1.1885196646128844,0.7802358195516478,0.5331403269244555,0.5,4.6939845652991655e-05,0.0016174064025139274,"{""10"": 85, ""11"": 662}",9.646038649726545,6.610454233720913e-05
HK,1993,U,6,8,0.5,1.1881887989904576,0.7802128197826182,0.5331715865076492,0.5,4.706592131341449e-05,0.0016168443091977506,"{""10"": 85, ""11"": 662}",9.642849854217358,6.623009491828822e-05
HK,1993,U,6,9,0.5,1.1884550482486165,0.7802586321758831,0.5331511509146939,0.5,4.711885479158237e-05,0.0016171630612052974,"{""10"": 85, ""11"": 662}",9.641853063487636,6.628339846848114e-05
HK,1993,U,6,10,0.5,1.1886004155289653,0.7802439867538761,0.5334081114688073,0.5,4.710464323805869e-05,0.001615823489166035,"{""10"": 85, ""11"": 662}",9.642647498408968,6.626901186343332e-05
HK,1993,U,7,1,0.5,1.1294111407903253,0.7297359777282587,0.565378873183974,0.4772135416666667,4.1433896111233294e-05,0.0007805356928947084,"{""12"": 127, ""13"": 252}",11.348194217979234,6.149501699234883e-05
HK,1993,U,7,2,0.5,1.0901462732543612,0.6739312366008902,0.6669877100059525,0.4973958333333333,6.657262595249367e-05,0.0013781606133067355,"{""12"": 127, ""13"": 252}",10.931141961515936,8.463314579653216e-05
HK,1993,U,7,3,0.5,1.0638771711715032,0.6513054591120683,0.7030683496124702,0.5006510416666666,7.38441707351966e-05,0.0015079068921118887,"{""12"": 127, ""13"": 252}",10.808569600623775,9.124221579167827e-05
HK,1993,U,7,4,0.5,1.0518684310267081,0.6419282333853695,0.7166371849060074,0.501953125,7.628642920480301e-05,0.0015378742957058227,"{""12"": 127, ""13"": 252}",10.762223921520281,9.342169093148921e-05
HK,1993,U,7,5,0.5,1.048929712692818,0.6388569141837074,0.7207937714555792,0.5026041666666666,7.690382520415851e-05,0.0015357449112374517,"{""12"": 127, ""13"": 252}",10.753641033681774,9.395488834947076e-05
HK,1993,U,7,6,0.5,1.047237289956549,0.6376786383372351,0.7225662907176513,0.5026041666666666,7.716669404133513e-05,0.0015323990810937691,"{""12"": 127, ""13"": 252}",10.745419418522069,9.418535465398437e-05
HK,1993,U,7,7,0.5,1.0473481344927744,0.6376886103604553,0.7228236702999169,0.5026041666666666,7.713290292323814e-05,0.0015280124531509526,"{""12"": 127, ""13"": 252}",10.74733591422526,9.415183026051862e-05
HK,1993,U,7,8,0.5,1.0473905722419796,0.6377967806067002,0.7228922569082602,0.5026041666666666,7.71126958930415e-05,0.0015254936807845556,"{""12"": 127, ""13"": 252}",10.747862268694181,9.41347150213834e-05
HK,1993,U,7,9,0.5,1.0471872460868112,0.6378030001067194,0.7230277200998045,0.5026041666666666,7.71171592998821e-05,0.0015238525499879838,"{""12"": 127, ""13"": 252}",10.746866217205186,9.413941404435531e-05
HK,1993,U,7,10,0.5,1.0471396612537804,0.6378296594247662,0.7230673956351347,0.5026041666666666,7.711682562613522e-05,0.0015231296982438389,"{""12"": 127, ""13"": 252}",10.746664045759987,9.413981389682159e-05
HK,1993,U,8,1,0.5,1.19633527298954,0.6519400051473258,0.6288632688288551,0.4283854166666667,3.5361932653783036e-05,0.0005921810763322667,"{""14"": 635, ""15"": 6}",12.695208478104128,7.971173210109024e-05
HK,1993,U,8,2,0.5,1.2062609919506064,0.6058134438973598,0.6737492336015595,0.5013020833333334,4.368347005398409e-05,0.000780873364304493,"{""14"": 635, ""15"": 6}",12.685572320705635,8.060286605468384e-05
HK,1993,U,8,3,0.5,1.2065933085685905,0.5971335888377547,0.6831088518926999,0.5182291666666666,4.5149699942920495e-05,0.0008199457834039739,"{""14"": 635, ""15"": 6}",12.689139593697686,8.069384059205997e-05
HK,1993,U,8,4,0.5,1.2094457667708882,0.5960395541718114,0.6853225705102441,0.5201822916666666,4.535097029904903e-05,0.0008270062606772663,"{""14"": 635, ""15"": 6}",12.69252149363597,8.073499173479424e-05
HK,1993,U,8,5,0.5,1.2100360310089517,0.5959097124711863,0.6850735743851231,0.5208333333333334,4.533341473191181e-05,0.0008275087155233434,"{""14"": 635, ""15"": 6}",12.689335132603734,8.069111552723078e-05
HK,1993,U,8,6,0.5,1.210148490953934,0.5959086551894736,0.6849713358777193,0.5201822916666666,4.5322827675040054e-05,0.0008275121802303762,"{""14"": 635, ""15"": 6}",12.688456405514975,8.067869423858755e-05
HK,1993,U,8,7,0.5,1.210183173734676,0.5959175617262303,0.684939910138087,0.5201822916666666,4.531934929997562e-05,0.0008274761665738195,"{""14"": 635, ""15"": 6}",12.6882471564392,8.067620391657624e-05
HK,1993,U,8,8,0.5,1.2102011341121939,0.595926431928628,0.6849252627804248,0.5201822916666666,4.531744871120862e-05,0.0008274341060004683,"{""14"": 635, ""15"": 6}",12.688178315385212,8.067554542823053e-05
HK,1993,U,8,9,0.5,1.210207940911449,0.5959308625911074,0.6849185691601704,0.5201822916666666,4.531657391741849e-05,0.0008274145476648994,"{""14"": 635, ""15"": 6}",12.688149252685943,8.067530744425511e-05
HK,1993,U,8,10,0.5,1.210210935767875,0.5959317331263129,0.684915432383463,0.5201822916666666,4.531631883215862e-05,0.0008274004991185779,"{""14"": 635, ""15"": 6}",12.688134513530759,8.067514551169709e-05
HK,1993,U,9,1,0.5,1.427894983965634,0.6161844275606304,0.6454420609774497,0.466796875,3.681578217717566e-05,0.000948174978728736,"{""16"": 488, ""17"": 6}",14.736066687422067,7.160746502105189e-05
HK,1993,U,9,2,0.5,2.0,0.6791745128859826,0.7024073163998241,0.4700520833333333,7.090924376626158e-05,0.0016808069310634047,"{""16"": 488, ""17"": 6}",14.131621435128363,0.00010208155301196268
HK,1993,U,9,3,0.5,2.0,0.6564699882175771,0.7678554863938104,0.4830729166666667,6.0613467882018154e-05,0.0019325288250895173,"{""16"": 488, ""17"": 6}",14.39398588773199,8.991012365697656e-05
HK,1993,U,9,4,0.5,2.0,0.6413907008451741,0.762636000825059,0.4973958333333333,6.021717782954592e-05,0.00201573228282727,"{""16"": 488, ""17"": 6}",14.40920055584017,8.87916112069438e-05
HK,1993,U,9,5,0.5,2.0,0.6371463611703119,0.7617392501231608,0.5032552083333334,6.0178700804605494e-05,0.0020395706387470493,"{""16"": 488, ""17"": 6}",14.414346938413427,8.854161601091593e-05
HK,1993,U,9,6,0.5,2.0,0.6361543629035807,0.7616104949838889,0.50390625,6.0180634889406784e-05,0.0020464188117111444,"{""16"": 488, ""17"": 6}",14.415310580547413,8.849742293353718e-05
HK,1993,U,9,7,0.5,2.0,0.6359978709766055,0.7615975155003554,0.5052083333333334,6.018441282874392e-05,0.0020490157307743516,"{""16"": 488, ""17"": 6}",14.415185481051399,8.849906839788534e-05
HK,1993,U,9,8,0.5,2.0,0.6360010434534044,0.7616066078897318,0.5045572916666666,6.0186444360603736e-05,0.002049769514033433,"{""16"": 488, ""17"": 6}",14.415021339391483,8.850404461280884e-05
HK,1993,U,9,9,0.5,2.0,0.6360145499641079,0.761610210718334,0.5045572916666666,6.0187310780619424e-05,0.002050064224150326,"{""16"": 488, ""17"": 6}",14.414931687533322,8.850690067523895e-05
HK,1993,U,9,10,0.5,2.0,0.6360219182426792,0.7616122145723235,0.5045572916666666,6.0187605386703215e-05,0.0020500953170156473,"{""16"": 488, ""17"": 6}",14.414895331875561,8.850797381603464e-05
HK,1993,U,10,1,0.5,1.360262406185838,0.6862592184408921,0.495996568735074,0.181640625,2.666726938871532e-05,0.0006760488366160975,"{""18"": 3, ""19"": 288}",16.33350330115561,6.731581944572558e-05
HK,1993,U,10,2,0.5,1.1498553804900973,0.5626163057079007,0.6060554528016804,0.5709635416666666,3.357089885515094e-05,0.0008227203165556802,"{""18"": 3, ""19"": 288}",16.661053091403602,6.028712812654851e-05
HK,1993,U,10,3,0.5,1.0815540316665162,0.5377944945479436,0.6394370512712165,0.7083333333333334,3.5465039191025066e-05,0.0008614629609348135,"{""18"": 3, ""19"": 288}",16.78596749460293,5.942923005691408e-05
HK,1993,U,10,4,0.5,1.0533456949534665,0.5307037974609565,0.6520112636365243,0.74609375,3.613619877457298e-05,0.0008898493901995484,"{""18"": 3, ""19"": 288}",16.82698783564353,5.933731099185788e-05
HK,1993,U,10,5,0.5,1.0406088538791203,0.5285808236624269,0.6566228119475284,0.7604166666666666,3.642465641297993e-05,0.0009098290518051841,"{""18"": 3, ""19"": 288}",16.83492308531771,5.9427002333378715e-05
HK,1993,U,10,6,0.5,1.0353541575054999,0.5280390865371823,0.6581449180532369,0.7643229166666666,3.658021927572294e-05,0.0009199065132610766,"{""18"": 3, ""19"": 288}",16.8334065319437,5.9548977592789366e-05
HK,1993,U,10,7,0.5,1.0339536678282666,0.5280965278086249,0.6584807533458332,0.7623697916666666,3.6649761294969476e-05,0.0009267166656724482,"{""18"": 3, ""19"": 288}",16.828225728469235,5.964806943204933e-05
HK,1993,U,10,8,0.5,1.0331781830471196,0.5282009496630641,0.6584534520894091,0.7623697916666666,3.668676009636706e-05,0.0009301524149218932,"{""18"": 3, ""19"": 288}",16.825397544103666,5.970928627447093e-05
HK,1993,U,10,9,0.5,1.0330934164376897,0.528300595709846,0.6583864153681914,0.7623697916666666,3.670257240007519e-05,0.0009317653781577743,"{""18"": 3, ""19"": 288}",16.82349342823688,5.974371748805108e-05
HK,1993,U,10,10,0.5,1.033090801049347,0.5283460575656277,0.6583484479818583,0.76171875,3.67097894474541e-05,0.0009321926812459639,"{""18"": 3, ""19"": 288}",16.822678428811653,5.975893628655607e-05
HK,1993,U,11,1,0.5,1.4454562812054201,0.5773759087102951,0.6966138146319677,0.6412760416666666,3.0215892097735752e-05,0.0010344681098039053,"{""20"": 595, ""21"": 83, ""22"": 403}",19.000361057873185,5.328393187342018e-05
HK,1993,U,11,2,0.5,1.616668874657365,0.5884569376221498,0.7022796297365521,0.6438802083333334,4.3046560071537326e-05,0.0013690387152756347,"{""20"": 595, ""21"": 83, ""22"": 403}",18.60482422479065,6.783947364544303e-05
HK,1993,U,11,3,0.5,1.6498977179925707,0.5959951290287175,0.7022266836060466,0.634765625,4.61561866553763e-05,0.0012825768831081048,"{""20"": 595, ""21"": 83, ""22"": 403}",18.467614461329624,7.198984181421121e-05
HK,1993,U,11,4,0.5,1.6689163698339873,0.5979874702624834,0.702470084752472,0.6321614583333334,4.848842056291036e-05,0.0013626883718819175,"{""20"": 595, ""21"": 83, ""22"": 403}",18.406298647342584,7.465210054900921e-05
HK,1993,U,11,5,0.5,1.6815741551900032,0.5999148739446841,0.7011276966331393,0.6256510416666666,4.631215242789605e-05,0.0014517258007854567,"{""20"": 595, ""21"": 83, ""22"": 403}",18.447979345383338,7.263226552661367e-05
HK,1993,U,11,6,0.5,1.693707602989187,0.6033540300285808,0.7010246912354234,0.6217447916666666,4.8716236155695286e-05,0.0015087696747039818,"{""20"": 595, ""21"": 83, ""22"": 403}",18.36469918633501,7.559082829218717e-05
HK,1993,U,11,7,0.5,1.6961138736476244,0.6042969001166177,0.700445582999512,0.6197916666666666,4.84531226637142e-05,0.0015264692074795575,"{""20"": 595, ""21"": 83, ""22"": 403}",18.356149578216392,7.545475046458089e-05
HK,1993,U,11,8,0.5,1.697453825796961,0.6047239184259657,0.7003832010461102,0.619140625,4.864480650068975e-05,0.0015333533597167463,"{""20"": 595, ""21"": 83, ""22"": 403}",18.346462299356705,7.571712494361636e-05
HK,1993,U,11,9,0.5,1.707824812529017,0.6058194235121295,0.7006349637427733,0.6165364583333334,5.012826967098322e-05,0.001566850323817394,"{""20"": 595, ""21"": 83, ""22"": 403}",18.302337708215703,7.74036844514146e-05
HK,1993,U,11,10,0.5,1.709810495408331,0.606089399862827,0.7006799551288222,0.615234375,5.045373349429222e-05,0.0015744326569772514,"{""20"": 595, ""21"": 83, ""22"": 403}",18.2912585267998,7.777914552015913e-05
HK,1993,R,2,1,0.5,1.1128373898544266,0.9606803261222058,0.13775147994860687,0.0006510416666666666,8.051458747072498e-06,0.00038704778502524084,"{""2"": 167, ""3"": 654}",1.9660549424811447,8.051458747072498e-06
HK,1993,R,2,2,0.5,1.1523434714695204,0.8867639761937927,0.2527653022691035,0.0006510416666666666,4.788797057332808e-05,0.002247537627949656,"{""2"": 167, ""3"": 654}",1.8382616165497452,4.788797057332807e-05
HK,1993,R,2,3,0.5,1.1625495663330407,0.8551058031079415,0.29495954885801196,0.001953125,6.107315140292648e-05,0.002903621125783337,"{""2"": 167, ""3"": 654}",1.794057075828843,6.107315140292648e-05
HK,1993,R,2,4,0.5,1.1710810116892119,0.8428438925802921,0.31507658969662994,0.004557291666666667,6.377420486080054e-05,0.002926448966871278,"{""2"": 167, ""3"": 654}",1.7841293908271167,6.377420486080054e-05
HK,1993,R,2,5,0.5,1.1783318878303968,0.8369859982030459,0.32605229242068884,0.005208333333333333,6.444283474229955e-05,0.0028529883689248194,"{""2"": 167, ""3"": 654}",1.7818312500657147,6.444283474229954e-05
HK,1993,R,2,6,0.5,1.17762766434677,0.8342795739425387,0.33105880868257054,0.005208333333333333,6.467552726699677e-05,0.0028283274380266933,"{""2"": 167, ""3"": 654}",1.7809182402495876,6.46755272669968e-05
HK,1993,R,2,7,0.5,1.1737442445648272,0.8317583678122157,0.335517975342109,0.006510416666666667,6.493549781315391e-05,0.002798041073116694,"{""2"": 167, ""3"": 654}",1.780081593551727,6.493549781315391e-05
HK,1993,R,2,8,0.5,1.1624916121575621,0.8282293392616432,0.3423005263580988,0.006510416666666667,6.518934477966133e-05,0.002735851371097482,"{""2"": 167, ""3"": 654}",1.7792772119221232,6.518934477966133e-05
HK,1993,R,2,9,0.5,1.162069553394316,0.8271053408693977,0.3441509904248015,0.006510416666666667,6.532516862303702e-05,0.0027241316050886856,"{""2"": 167, ""3"": 654}",1.7787267455317903,6.532516862303702e-05
HK,1993,R,2,10,0.5,1.1623978371725363,0.8269913433307702,0.3443947702541285,0.006510416666666667,6.537492598151608e-05,0.002724514785089011,"{""2"": 167, ""3"": 654}",1.7785553343221285,6.537492598151608e-05
HK,1993,R,3,1,0.5,1.2841124946011977,0.811118935493606,0.3326804006513658,0.016276041666666668,4.5029399316070314e-05,0.001109840511009426,"{""4"": 736, ""5"": 261}",3.446651063065288,6.510676358359526e-05
HK,1993,R,3,2,0.5,1.3911764583401158,0.7281682642490725,0.4347824245377392,0.083984375,6.422725309281623e-05,0.0016128958778202022,"{""4"": 736, ""5"": 261}",3.4081506407426416,8.17680403255119e-05
HK,1993,R,3,3,0.5,1.1967498704523147,0.6457863521066293,0.5892581467109926,0.328125,8.556393079388146e-05,0.0028674160260145115,"{""4"": 736, ""5"": 261}",3.431416237486244,0.00010102206259438123
HK,1993,R,3,4,0.5,1.2322603787438176,0.6121037641699983,0.6529081658269102,0.4466145833333333,9.015276560416572e-05,0.0026523904154418057,"{""4"": 736, ""5"": 261}",3.466046290814769,0.0001040591868875956
HK,1993,R,3,5,0.5,1.3289854940430608,0.5886523368524786,0.6785379157564304,0.5130208333333334,9.564964432481519e-05,0.0024757647797308533,"{""4"": 736, ""5"": 261}",3.4689376818125166,0.00010813316830817861
HK,1993,R,3,6,0.5,1.3574092194187253,0.577684893021267,0.689068143111705,0.5520833333333334,9.742844631026143e-05,0.00254712390984151,"{""4"": 736, ""5"": 261}",3.4778312397116062,0.00010920236273165372
HK,1993,R,3,7,0.5,1.373806710336279,0.5736511891912325,0.6930084344039981,0.5696614583333334,9.777147810709859e-05,0.0025794421559415066,"{""4"": 736, ""5"": 261}",3.4839543576650462,0.00010927346384016828
HK,1993,R,3,8,0.5,1.3817317842773964,0.5726448565078992,0.6943372557225933,0.578125,9.791865468839016e-05,0.0026086604510127988,"{""4"": 736, ""5"": 261}",3.485702654858624,0.0001093524988985664
HK,1993,R,3,9,0.5,1.3838792491083798,0.5719122959775227,0.6951307489458607,0.5807291666666666,9.792829917106622e-05,0.002623767017348176,"{""4"": 736, ""5"": 261}",3.486932990622469,0.00010931019216573844
HK,1993,R,3,10,0.5,1.3852296743361372,0.5717046858889173,0.695411541104406,0.5826822916666666,9.78121416768117e-05,0.0026327718720685614,"{""4"": 736, ""5"": 261}",3.4885606381613705,0.00010917899603398958
HK,1993,R,4,1,0.5,1.1510519768257987,0.6994620018446364,0.5495315200497191,0.404296875,3.362157672534615e-05,0.0014334494079671484,"{""6"": 23, ""7"": 644}",5.680346452905133,7.444018450131387e-05
HK,1993,R,4,2,0.5,1.0505308885885072,0.6580012413710637,0.639773715608055,0.4817708333333333,3.9981189034474654e-05,0.001456401219925923,"{""6"": 23, ""7"": 644}",5.627370105551121,7.526653737950726e-05
HK,1993,R,4,3,0.5,1.105452489620401,0.6429031804680431,0.6619770785007095,0.4954427083333333,4.201296574259472e-05,0.001172729503758704,"{""6"": 23, ""7"": 644}",5.551135968313432,7.549073599425985e-05
HK,1993,R,4,4,0.5,1.1278363415450419,0.6413532664443059,0.6621707702756036,0.4973958333333333,4.361207592585121e-05,0.0010314624595169001,"{""6"": 23, ""7"": 644}",5.479516112052489,7.693517033295857e-05
HK,1993,R,4,5,0.5,1.1226372172752803,0.6320397398981146,0.6720416452228218,0.5,4.381722792798096e-05,0.0008810088421734145,"{""6"": 23, ""7"": 644}",5.487198643370862,7.586745324521886e-05
HK,1993,R,4,6,0.5,1.1217667375863878,0.6298330908963015,0.6756582144045249,0.5006510416666666,4.332651082356059e-05,0.0008088128142172199,"{""6"": 23, ""7"": 644}",5.500108588833572,7.508069773544721e-05
HK,1993,R,4,7,0.5,1.1241839832322618,0.6285391174704026,0.6765307196799448,0.5013020833333334,4.334507010899194e-05,0.0007840823938662985,"{""6"": 23, ""7"": 644}",5.502034490731945,7.494207338906815e-05
HK,1993,R,4,8,0.5,1.1257325683150514,0.6281814525322148,0.6775144280631682,0.5013020833333334,4.305158750185137e-05,0.0007532531311327746,"{""6"": 23, ""7"": 644}",5.508587681589878,7.460588665878691e-05
HK,1993,R,4,9,0.5,1.1268026266361792,0.6274278257916045,0.6778952895611181,0.5013020833333334,4.3145886069092326e-05,0.000752725255837295,"{""6"": 23, ""7"": 644}",5.508312218951687,7.460676285770627e-05
HK,1993,R,4,10,0.5,1.1272502766024644,0.6272611789073914,0.6778978411413825,0.5013020833333334,4.3194819376501084e-05,0.0007519227127176896,"{""6"": 23, ""7"": 644}",5.5076415622794075,7.463463531197412e-05
HK,1993,R,5,1,0.5791811053749788,1.234936672368824,0.9193860424159249,0.16218880842297395,0.0,4.60752738713045e-06,7.436887826909523e-05,"{""8"": 18, ""9"": 34}",7.628506240236501,5.2153625739078676e-05
HK,1993,R,5,2,0.5,1.3056210544736087,0.8651345281144732,0.2430845677983944,0.001953125,1.0010842360219472e-05,0.0001505779849173952,"{""8"": 18, ""9"": 34}",7.661505724439316,5.227280148769194e-05
HK,1993,R,5,3,0.5,1.3888420053426582,0.8510962592449215,0.2807125276725738,0.0078125,1.3217462536456236e-05,0.00019812454365009425,"{""8"": 18, ""9"": 34}",7.641991511799837,5.4277061052847825e-05
HK,1993,R,5,4,0.5,1.421547293313162,0.8332365962422698,0.3220682484776406,0.014973958333333334,1.614951572820828e-05,0.00024299472530187947,"{""8"": 18, ""9"": 34}",7.594024973425414,5.578611041686923e-05
HK,1993,R,5,5,0.5,1.432737180618167,0.8162529415169711,0.3668856844740878,0.029296875,2.031338654612372e-05,0.00032010501050295,"{""8"": 18, ""9"": 34}",7.5403197770841786,5.841913252760357e-05
HK,1993,R,5,6,0.5,1.5483779144342835,0.7930486161066104,0.4155640356244051,0.055989583333333336,2.4512670378990765e-05,0.00041969047841665255,"{""8"": 18, ""9"": 34}",7.493442146923687,6.048834906141593e-05
HK,1993,R,5,7,0.5,1.6085541788673068,0.7699983239068734,0.45356674702927163,0.08854166666666667,2.762632633251397e-05,0.00048542834419775763,"{""8"": 18, ""9"": 34}",7.463236657082418,6.151008803711918e-05
HK,1993,R,5,8,0.5,1.644977711445562,0.7542680726318793,0.47855983270323166,0.11263020833333333,2.952302681503403e-05,0.0005222601191652223,"{""8"": 18, ""9"": 34}",7.446307100312925,6.19906472795944e-05
HK,1993,R,5,9,0.5,1.683108339811831,0.7465424622057714,0.49242188517211166,0.13020833333333334,3.047004666648173e-05,0.000539605231941271,"{""8"": 18, ""9"": 34}",7.43850200772265,6.225343873012077e-05
HK,1993,R,5,10,0.5,1.7025924348424817,0.7433638185553378,0.49852183119932475,0.13671875,3.0850277135661016e-05,0.0005471142831936011,"{""8"": 18, ""9"": 34}",7.435584993755541,6.235977070744505e-05
HK,1993,R,6,1,0.5,0.8852383287623082,0.5213658149329604,0.6682340232750978,0.7434895833333334,2.0991784283913125e-05,0.00048455100788151695,"{""10"": 85, ""11"": 662}",9.631716386818516,3.470117057622067e-05
HK,1993,R,6,2,0.5,1.0552669313656484,0.5130878920282589,0.8124360529186809,0.8229166666666666,2.6115771848444008e-05,0.0005257523243890721,"{""10"": 85, ""11"": 662}",9.534362519148353,3.9263895405827364e-05
HK,1993,R,6,3,0.5,0.6815406582271601,0.5008459261715034,0.9598620706074803,0.990234375,2.3748875731657757e-05,0.0007211226876101176,"{""10"": 85, ""11"": 662}",9.723297074314246,3.625323319957025e-05
HK,1993,R,6,4,0.5,0.5170544018071427,0.5000111031261766,1.0692024457816547,0.9993489583333334,2.3438851213490605e-05,0.0007815946993963672,"{""10"": 85, ""11"": 662}",9.743725190238521,3.591116993872402e-05
HK,1993,R,6,5,0.5,0.6738669735237168,0.5003300515085868,1.1528643003689119,0.9947916666666666,2.699168847914343e-05,0.0007985229971478561,"{""10"": 85, ""11"": 662}",9.723815746072495,3.947953658644292e-05
HK,1993,R,6,6,0.5,0.5398910440949418,0.5000259707318326,1.2073052789824255,0.9993489583333334,2.819055500591476e-05,0.0010445291277336427,"{""10"": 85, ""11"": 662}",9.758144918703511,4.0666715380455205e-05
HK,1993,R,6,7,0.5,0.5941948287753868,0.5000613247583173,1.2403625853366704,0.9993489583333334,2.5511711843047e-05,0.0009299921576396792,"{""10"": 85, ""11"": 662}",9.85236501743672,3.798573097844983e-05
HK,1993,R,6,8,0.5,0.6200125987435303,0.500078133202307,1.2501619486019626,0.9993489583333334,2.59322341348294e-05,0.0012086162127372328,"{""10"": 85, ""11"": 662}",9.857396587635328,3.840688134112825e-05
HK,1993,R,6,9,0.5,0.6494128122041188,0.500105863216238,1.2541184741294598,0.9986979166666666,2.637800764643824e-05,0.0012954615687179065,"{""10"": 85, ""11"": 662}",9.851293028104294,3.885400974314621e-05
HK,1993,R,6,10,0.5,0.6595945239468908,0.500118879524465,1.2554951234142524,0.9986979166666666,2.670359445196577e-05,0.0013250666927455902,"{""10"": 85, ""11"": 662}",9.846452067949677,3.918032534605205e-05
HK,1993,R,7,1,0.5,1.380504954232847,0.5745675925516384,0.5575655922581024,0.4986979166666667,4.942610062074706e-06,0.0006774050105472736,"{""12"": 127, ""13"": 252}",11.753614217498598,1.664519249876862e-05
HK,1993,R,7,2,0.5,1.3709205823978567,0.5236481889316601,0.7158955491530165,0.8274739583333334,5.883719362025026e-06,0.0006484257999845441,"{""12"": 127, ""13"": 252}",11.797448305709867,1.5216644304293703e-05
HK,1993,R,7,3,0.5,1.3181164826665754,0.518238782134854,0.8202670245311253,0.8828125,7.583055611613175e-06,0.0007490890156758196,"{""12"": 127, ""13"": 252}",11.815292373439329,1.6759807995706793e-05
HK,1993,R,7,4,0.5,1.2827684135089086,0.517734068304942,0.8782779353044051,0.8834635416666666,9.135460892192822e-06,0.0010664559748334117,"{""12"": 127, ""13"": 252}",11.795945577931132,1.8311808797794046e-05
HK,1993,R,7,5,0.5,1.479589303991808,0.5228686615729699,0.941999717785364,0.8561197916666666,1.1770923928838314e-05,0.0014072864213639778,"{""12"": 127, ""13"": 252}",11.769061753637923,2.1239655556563784e-05
HK,1993,R,7,6,0.5,1.3402918229097,0.5216854897236641,0.9932038047811389,0.8697916666666666,1.2639786857253615e-05,0.001315375554484759,"{""12"": 127, ""13"": 252}",11.760607940782538,2.204344389878597e-05
HK,1993,R,7,7,0.5,1.4918433335873906,0.5222197702138486,1.0326599198446484,0.869140625,1.2936843336876923e-05,0.0010292881358409248,"{""12"": 127, ""13"": 252}",11.782057915161642,2.2411956768919523e-05
HK,1993,R,7,8,0.5,1.2426682012222607,0.5179772600531733,1.060024514584206,0.8860677083333334,1.3646696577705937e-05,0.001030348650535854,"{""12"": 127, ""13"": 252}",11.77875709344958,2.2845559277783752e-05
HK,1993,R,7,9,0.5,1.1983579134412556,0.5137878095553527,1.0734413607163134,0.9069010416666666,1.3521683336295145e-05,0.0010960117297516049,"{""12"": 127, ""13"": 252}",11.778438708868341,2.244157423413599e-05
HK,1993,R,7,10,0.5,1.1767293769283647,0.5131524943502824,1.0780169643390678,0.91015625,1.3347146452243424e-05,0.0010614713063129228,"{""12"": 127, ""13"": 252}",11.77960491812945,2.2225325511748322e-05
HK,1993,R,8,1,0.5,1.9535163585029611,0.6072757045389152,0.7498760027481479,0.5397135416666666,9.51635327416475e-06,0.00031883390084555763,"{""14"": 635, ""15"": 6}",13.570158924443428,1.689396360375576e-05
HK,1993,R,8,2,0.5,1.6005638064475252,0.5283859707270255,0.9994248312250528,0.8704427083333334,1.2443140822055281e-05,0.0003484503372745831,"{""14"": 635, ""15"": 6}",13.584961928212056,1.821984481583887e-05
HK,1993,R,8,3,0.5,1.4397425174516216,0.5112283568432003,1.0544717261115462,0.9348958333333334,1.3488816858867343e-05,0.0005330456746459026,"{""14"": 635, ""15"": 6}",13.64833997889395,1.8637375530064088e-05
HK,1993,R,8,4,0.5,2.0,0.5735835908783032,1.1456827548256472,0.8072916666666666,2.552795023931504e-05,0.0004832015584073049,"{""14"": 635, ""15"": 6}",13.488731460243871,3.1561719543417624e-05
HK,1993,R,8,5,0.5,2.0,0.5924997441524723,1.2392711258506641,0.8248697916666666,3.3604580393683294e-05,0.0008644770446153135,"{""14"": 635, ""15"": 6}",13.31181469170906,4.008418622007961e-05
HK,1993,R,8,6,0.5,2.0,0.5633822850244968,1.2741869292761705,0.841796875,2.8267756395327363e-05,0.0024717720996678735,"{""14"": 635, ""15"": 6}",13.42964426587248,3.442701536613293e-05
HK,1993,R,8,7,0.5,2.0,0.5465467732162425,1.2519724969436312,0.8763020833333334,2.302126967958573e-05,0.002041392188160074,"{""14"": 635, ""15"": 6}",13.549450188791177,2.878304106624226e-05
HK,1993,R,8,8,0.5,2.0,0.5401868431955094,1.2537821735182877,0.8821614583333334,2.2098682061359476e-05,0.0020207495571836907,"{""14"": 635, ""15"": 6}",13.57268059500578,2.778964222291854e-05
HK,1993,R,8,9,0.5,2.0,0.5378944942502727,1.255932513899758,0.884765625,2.1778486374210903e-05,0.002020979364595893,"{""14"": 635, ""15"": 6}",13.580417891854097,2.7452739179983868e-05
HK,1993,R,8,10,0.5,2.0,0.5377133548824471,1.2579969562810132,0.884765625,2.2115176455295387e-05,0.0021419486120188417,"{""14"": 635, ""15"": 6}",13.572598623969293,2.7827930893640678e-05
HK,1993,R,9,1,0.5,1.3282164683307405,0.5858512401173871,0.5751812066510029,0.5377604166666666,8.162736377931845e-06,0.00022307122997563397,"{""16"": 488, ""17"": 6}",15.799822439795197,1.7363251714882153e-05
HK,1993,R,9,2,0.5,1.3106177617028985,0.5639614099043554,0.669386969240918,0.6419270833333334,1.1283373747050839e-05,0.0004534924686115409,"{""16"": 488, ""17"": 6}",15.767396933913455,1.9462586618574975e-05
HK,1993,R,9,3,0.5,1.7390743954273604,0.5438652574725337,0.8191079030856644,0.8359375,1.7763497613787804e-05,0.0007648239366094519,"{""16"": 488, ""17"": 6}",15.665136274052099,2.5514746947200445e-05
HK,1993,R,9,4,0.5,2.0,0.5783028756859655,0.9041671074864539,0.806640625,3.1975489997801494e-05,0.001153603021450327,"{""16"": 488, ""17"": 6}",15.274271464346427,4.132190493912705e-05
HK,1993,R,9,5,0.5,1.5275320538464685,0.5150954470413421,0.9805475322639029,0.912109375,1.764940500316204e-05,0.0005556499141059495,"{""16"": 488, ""17"": 6}",15.665527962180166,2.4188203862978022e-05
HK,1993,R,9,6,0.5,1.2557468396514064,0.5067952564060848,1.059162957370962,0.953125,1.576054707051824e-05,0.0005970570253854595,"{""16"": 488, ""17"": 6}",15.71653095200269,2.2081942622440455e-05
HK,1993,R,9,7,0.5,1.067173491712197,0.5046415167451994,1.0902692534197915,0.9583333333333334,1.671061053145557e-05,0.0007025997209591826,"{""16"": 488, ""17"": 6}",15.682975623198034,2.2947840807634e-05
HK,1993,R,9,8,0.5,1.2079078533520404,0.5061517793261147,1.127483738142082,0.95703125,1.780457629213675e-05,0.0008561134638753536,"{""16"": 488, ""17"": 6}",15.628290362903563,2.405721706548896e-05
HK,1993,R,9,9,0.5,1.1326217418113935,0.5063156756950274,1.1377956986883635,0.9583333333333334,1.7869541481003483e-05,0.0008332965696083237,"{""16"": 488, ""17"": 6}",15.620569920622403,2.4122310083292102e-05
HK,1993,R,9,10,0.5,1.0991889963622568,0.5079583733741232,1.1436732533356335,0.9518229166666666,1.8888368216362867e-05,0.0008582930543978473,"{""16"": 488, ""17"": 6}",15.59081316600545,2.517522041548438e-05
HK,1993,R,10,1,0.5,1.5389076944508653,0.7658593745800785,0.4859342784309559,0.15690104166666666,6.601955470991582e-06,0.0008083869846334587,"{""18"": 3, ""19"": 288}",17.80840351059114,1.997413113785638e-05
HK,1993,R,10,2,0.5,1.8987520180482995,0.7178840067423587,0.7101721997020629,0.3619791666666667,1.566747801477589e-05,0.0010319173722592543,"{""18"": 3, ""19"": 288}",17.56351777510895,3.041920295934153e-05
HK,1993,R,10,3,0.5,2.0,0.6931179555175387,0.966307708217782,0.5182291666666666,2.3178688668600543e-05,0.0009711153849777827,"{""18"": 3, ""19"": 288}",17.1534629113756,3.657550549334901e-05
HK,1993,R,10,4,0.5,1.9920926009629085,0.6192098758436734,1.0012087010699642,0.642578125,2.2636355061034886e-05,0.000866246643093057,"{""18"": 3, ""19"": 288}",17.273486097476205,3.190811836038312e-05
HK,1993,R,10,5,0.5,2.0,0.6006956932555075,1.0405036607339817,0.69140625,2.266053795144999e-05,0.0007657610608339269,"{""18"": 3, ""19"": 288}",17.230046425977584,3.164263787522706e-05
HK,1993,R,10,6,0.5,2.0,0.5920389605330177,1.0929947767353043,0.7259114583333334,2.1644341123253042e-05,0.000617284866647151,"{""18"": 3, ""19"": 288}",17.192878143205736,3.0305370349898757e-05
HK,1993,R,10,7,0.5,2.0,0.5905629371620603,1.1321355789912912,0.7265625,2.2736830078972796e-05,0.0005820766891613695,"{""18"": 3, ""19"": 288}",17.13688470418429,3.14637392961941e-05
HK,1993,R,10,8,0.5,1.8721120232437891,0.5848182296281712,1.1636346339674277,0.7434895833333334,2.1493959832055567e-05,0.0006515533923638438,"{""18"": 3, ""19"": 288}",17.179196156117918,3.005519419793741e-05
HK,1993,R,10,9,0.5,1.6955339826226263,0.5797513304214411,1.1616315096166199,0.7493489583333334,2.0746986690332907e-05,0.0007106389027908789,"{""18"": 3, ""19"": 288}",17.22482546490896,2.9113542628749318e-05
HK,1993,R,10,10,0.5,1.75192401680662,0.5766514101707757,1.1538821251791707,0.7526041666666666,2.037904768691811e-05,0.000730174248960998,"{""18"": 3, ""19"": 288}",17.257312071522705,2.8580321184778522e-05
HK,1993,R,11,1,0.5,2.0,0.5840907428611115,0.8688881081165395,0.7786458333333334,3.0274873035218244e-05,0.001392105869513927,"{""20"": 595, ""21"": 83, ""22"": 403}",18.35447607806512,4.020366227424084e-05
HK,1993,R,11,2,0.5,2.0,0.5988237025310111,1.0034047599453229,0.7591145833333334,4.314694720174098e-05,0.0048080033836462475,"{""20"": 595, ""21"": 83, ""22"": 403}",17.905689963311282,5.4010290228906696e-05
HK,1993,R,11,3,0.5,2.0,0.6893573985015987,1.0448306749126952,0.748046875,0.00010205563768701718,0.005233615673866371,"{""20"": 595, ""21"": 83, ""22"": 403}",15.659551284317965,0.00011956070566185679
HK,1993,R,11,4,0.5,2.0,0.6499954361109718,1.1346700975788302,0.767578125,8.123514418249948e-05,0.002404897179297436,"{""20"": 595, ""21"": 83, ""22"": 403}",16.45952546857233,9.607469936194852e-05
HK,1993,R,11,5,0.5,2.0,0.669036044380305,1.1697188435722101,0.765625,9.224237848716315e-05,0.0026306332445917434,"{""20"": 595, ""21"": 83, ""22"": 403}",16.020776908102256,0.00010828812066550466
HK,1993,R,11,6,0.5,2.0,0.6736893290318751,1.1762738823543852,0.755859375,9.324769724870992e-05,0.002554004677638809,"{""20"": 595, ""21"": 83, ""22"": 403}",15.996191602589075,0.00010944828507349259
HK,1993,R,11,7,0.5,2.0,0.6741932858678559,1.1781720332031622,0.76171875,9.247862647515543e-05,0.002458457399559289,"{""20"": 595, ""21"": 83, ""22"": 403}",16.022769066690472,0.0001086192843877017
HK,1993,R,11,8,0.5,2.0,0.6746023342706969,1.1797410946987712,0.759765625,9.258772590029991e-05,0.002670959566160352,"{""20"": 595, ""21"": 83, ""22"": 403}",16.007211517893854,0.00010871385072179028
HK,1993,R,11,9,0.5,2.0,0.6750477008294858,1.1799699934134475,0.7623697916666666,9.278102729347094e-05,0.0028201758155857,"{""20"": 595, ""21"": 83, ""22"": 403}",15.990735880683902,0.00010891474494242168
HK,1993,R,11,10,0.5,2.0,0.674932574129469,1.1807473899972705,0.7630208333333334,9.290181002203615e-05,0.002889948334604521,"{""20"": 595, ""21"": 83, ""22"": 403}",15.987677016109258,0.00010901703988773743
HK,1994,U,2,1,0.8876234699050568,1.0988374793682891,0.991156280827381,0.04610850260635761,0.0,3.648463004021813e-06,0.000467917636298354,"{""2"": 167, ""3"": 662}",1.9874702965579447,3.648463004021813e-06
HK,1994,U,2,2,0.8558058924965717,1.11843412268076,0.9881864702670856,0.059785828271613835,0.0,5.198140666305839e-06,0.0005978100768110285,"{""2"": 167, ""3"": 662}",1.9820418855504598,5.198140666305839e-06
HK,1994,U,2,3,0.8481203479743599,1.1263920933277187,0.9867815264744463,0.06866342928193392,0.0,5.962763920882259e-06,0.0006360909481382868,"{""2"": 167, ""3"": 662}",1.9791364009764636,5.962763920882259e-06
HK,1994,U,2,4,0.8320535494112118,1.133880817750963,0.9859849147071804,0.07286372354155175,0.0,6.258873236363899e-06,0.00062202084747969,"{""2"": 167, ""3"": 662}",1.9778742366504691,6.258873236363898e-06
HK,1994,U,2,5,0.8157077609718283,1.1359422894341527,0.9850368512505114,0.0783053959424575,0.0,6.641106203916833e-06,0.0006050515557152202,"{""2"": 167, ""3"": 662}",1.9762271388562562,6.641106203916835e-06
HK,1994,U,2,6,0.7931160099218317,1.1398536077921566,0.9839445957247662,0.08359623605911351,0.0,6.921759466363504e-06,0.0005725509005652148,"{""2"": 167, ""3"": 662}",1.9747487311910812,6.921759466363504e-06
HK,1994,U,2,7,0.7818960187001679,1.1384661207125926,0.9835888774194957,0.08614173025444731,0.0,7.045177618321605e-06,0.0005539597094138773,"{""2"": 167, ""3"": 662}",1.974229254359218,7.045177618321603e-06
HK,1994,U,2,8,0.7734036494855061,1.138487512864592,0.9832701424467151,0.08757277654913523,0.0,7.10476014037775e-06,0.0005436487002979375,"{""2"": 167, ""3"": 662}",1.9739157143630104,7.10476014037775e-06
HK,1994,U,2,9,0.7733715659035818,1.137823592168615,0.9831864657293523,0.08800444987604798,0.0,7.106759539522711e-06,0.000539149283988968,"{""2"": 167, ""3"": 662}",1.9738416882243273,7.106759539522711e-06
HK,1994,U,2,10,0.7708751968256029,1.13760759465417,0.9830877579761857,0.08838065615707648,0.0,7.124329035431203e-06,0.0005351543125039684,"{""2"": 167, ""3"": 662}",1.9737414789987964,7.1243290354312026e-06
HK,1994,U,3,1,0.6345349331551374,1.1547572665846972,0.9633747833660498,0.18381307236961975,0.0,2.7170023808116895e-05,0.0012004029698441888,"{""4"": 18, ""5"": 626}",3.797043003224819,3.0236580596709358e-05
HK,1994,U,3,2,0.567556682540339,1.1631997970265882,0.9453078359457888,0.21836752840140192,0.0,3.656306114040933e-05,0.0012967717637979838,"{""4"": 18, ""5"": 626}",3.733420383146621,3.939173294701561e-05
HK,1994,U,3,3,0.5437514754123302,1.1581026563493224,0.9375730551088169,0.23267956153196634,0.0,3.956185365388775e-05,0.001294684245788682,"{""4"": 18, ""5"": 626}",3.711778133692783,4.226022300429642e-05
HK,1994,U,3,4,0.5424072060748165,1.1507223372779605,0.9348492012547082,0.23824130263375914,0.0,4.028928694041469e-05,0.0012467518277597843,"{""4"": 18, ""5"": 626}",3.7063266181468295,4.293862770426944e-05
HK,1994,U,3,5,0.5436500823335134,1.1426561538577895,0.9285734900663168,0.25046469011854444,0.0,4.098135427917788e-05,0.0010272037111182183,"{""4"": 18, ""5"": 626}",3.7022527587847476,4.3534747433214754e-05
HK,1994,U,3,6,0.5,1.1422547342904832,0.9277472332258986,0.2525645524898669,0.0006510416666666666,4.102151987409719e-05,0.0009587783428995646,"{""4"": 18, ""5"": 626}",3.7013956587450845,4.355788288391146e-05
HK,1994,U,3,7,0.5,1.1406961355971486,0.9268558282636351,0.2548458455512181,0.0006510416666666666,4.105814911726493e-05,0.0009095872428528858,"{""4"": 18, ""5"": 626}",3.700781843492183,4.358284500763847e-05
HK,1994,U,3,8,0.5,1.1406986004172854,0.9266481029734761,0.2556383273251659,0.0006510416666666666,4.1059657018298905e-05,0.0008909199943817934,"{""4"": 18, ""5"": 626}",3.700850266245731,4.358042579172131e-05
HK,1994,U,3,9,0.5,1.139750713841296,0.9263064049704699,0.2561876505208364,0.0006510416666666666,4.1088652865353e-05,0.000870586979831044,"{""4"": 18, ""5"": 626}",3.700497401090331,4.360567682954329e-05
HK,1994,U,3,10,0.5,1.1397509856251646,0.9263084246252294,0.2561839503743914,0.0006510416666666666,4.108763940173417e-05,0.0008705863488964356,"{""4"": 18, ""5"": 626}",3.700508071185408,4.360469160865224e-05
HK,1994,U,4,1,0.9418797859605118,1.0885646300853224,1.005304811335181,0.03682777841887277,0.0,8.679627778690193e-07,2.2795617061463694e-05,"{""6"": 6, ""7"": 23}",5.7100353522714995,3.049940008794097e-05
HK,1994,U,4,2,0.8636300593683477,1.1531869711221754,1.005596191067298,0.07543946988491607,0.0,3.733733552603452e-06,9.769907929578705e-05,"{""6"": 6, ""7"": 23}",5.706917856646523,3.340059912765774e-05
HK,1994,U,4,3,0.7644485723753621,1.2174680572970866,1.0005185190104466,0.11469455412245763,0.0,8.603727428445422e-06,0.00021633883981980764,"{""6"": 6, ""7"": 23}",5.688305039350204,3.775058328989025e-05
HK,1994,U,4,4,0.662323371067105,1.2912165924972685,0.9909500471281806,0.15161571028177553,0.0,1.465768106314866e-05,0.0003517106535112367,"{""6"": 6, ""7"": 23}",5.658648543744412,4.28385320410116e-05
HK,1994,U,4,5,0.5788564370861126,1.3514238739339417,0.9794707269849235,0.18258023065459297,0.0,2.0512112361742085e-05,0.0005518536278170249,"{""6"": 6, ""7"": 23}",5.626416522809289,4.756381770143429e-05
HK,1994,U,4,6,0.5275716390781334,1.3886078646930702,0.9704173370190153,0.20346490543562915,0.0,2.4749062244687113e-05,0.0007028627561835709,"{""6"": 6, ""7"": 23}",5.602564518086975,5.0922194035518e-05
HK,1994,U,4,7,0.5,1.40854719840483,0.9645736103907234,0.21600832623727617,0.0006510416666666666,2.7415685409789927e-05,0.0007972927747749863,"{""6"": 6, ""7"": 23}",5.5868550780267965,5.302102571559195e-05
HK,1994,U,4,8,0.5,1.4184192391398471,0.9613355037345946,0.2228058140870442,0.0006510416666666666,2.8896834053664898e-05,0.0008483762144604117,"{""6"": 6, ""7"": 23}",5.5779965967774725,5.4186824455137515e-05
HK,1994,U,4,9,0.5,1.4227416663220123,0.9598428844256359,0.2259303328334232,0.0006510416666666666,2.958756008547359e-05,0.0008715269897134575,"{""6"": 6, ""7"": 23}",5.573796168406451,5.473184253851593e-05
HK,1994,U,4,10,0.5,1.4243693858423114,0.9592665870510757,0.2271450074779012,0.0006510416666666666,2.9858014409252885e-05,0.0008804164272191126,"{""6"": 6, ""7"": 23}",5.572134164435896,5.4945844332227964e-05
HK,1994,U,5,1,0.5577697180955798,1.3266563089717243,0.968919875623485,0.1755740928073214,0.0,2.7876408444138522e-05,0.0010064283333928487,"{""8"": 6, ""9"": 261}",7.3784080359057835,6.462966692618379e-05
HK,1994,U,5,2,0.5,1.4063960507097728,0.9272210497028811,0.25625380418246285,0.011067708333333334,5.231466340044067e-05,0.001887214183784347,"{""8"": 6, ""9"": 261}",7.121706034530021,8.393038205084084e-05
HK,1994,U,5,3,0.5,1.4347719070392788,0.9040436434510365,0.29319061958203035,0.024739583333333332,6.460959695266746e-05,0.0023745423813162263,"{""8"": 6, ""9"": 261}",6.989068548066502,9.352805736286462e-05
HK,1994,U,5,4,0.5,1.416519700041462,0.8917866825343338,0.3095473801020486,0.035807291666666664,7.074455594589725e-05,0.0026205105641109432,"{""8"": 6, ""9"": 261}",6.9234908136050715,9.828772331978916e-05
HK,1994,U,5,5,0.5,1.388582925470459,0.8847607043190577,0.3180672738762285,0.041015625,7.383912300606545e-05,0.0027067875158483987,"{""8"": 6, ""9"": 261}",6.892360644719899,0.00010060100616415623
HK,1994,U,5,6,0.5,1.3810536973758685,0.8818295623919505,0.3216863778589737,0.046223958333333336,7.50966203509552e-05,0.0027339850669307513,"{""8"": 6, ""9"": 261}",6.880008618177344,0.00010154270794951784
HK,1994,U,5,7,0.5,1.3804375170860912,0.8802299149396043,0.3234879667688426,0.047526041666666664,7.568317484433192e-05,0.0027322192190041283,"{""8"": 6, ""9"": 261}",6.874887349039357,0.000101945487125451
HK,1994,U,5,8,0.5,1.3748517048595421,0.8767005004111089,0.3260018818002466,0.050130208333333336,7.66080602934016e-05,0.0027173936429036494,"{""8"": 6, ""9"": 261}",6.869540758586909,0.00010242866144929425
HK,1994,U,5,9,0.5,1.3749721602357303,0.8766528990163964,0.32607722308390397,0.050130208333333336,7.663434614001349e-05,0.0027164745037981265,"{""8"": 6, ""9"": 261}",6.869212758457627,0.00010245150552889081
HK,1994,U,5,10,0.5,1.376352131345726,0.8757784581058029,0.3266184229026171,0.05078125,7.687368678557028e-05,0.0027061463641703653,"{""8"": 6, ""9"": 261}",6.867927049763747,0.0001025687823105354
HK,1994,U,6,1,0.5,1.2444302159270217,0.7679250059519692,0.4378868569557095,0.10026041666666667,0.00013104807626729143,0.0019269609750560814,"{""10"": 644, ""11"": 488}",7.102397817428866,0.00017308156876378063
HK,1994,U,6,2,0.5,1.2564840303051885,0.714541963877962,0.4942302890528827,0.19596354166666666,0.000146781390136944,0.002091166101468528,"{""10"": 644, ""11"": 488}",7.012839393227068,0.0001799038684825799
HK,1994,U,6,3,0.5,1.269613782587119,0.6985648648693447,0.5127029607010191,0.2740885416666667,0.00014829990744687755,0.002157197098942543,"{""10"": 644, ""11"": 488}",7.073770298950961,0.00017815066144219582
HK,1994,U,6,4,0.5,1.2838661304235952,0.6910904405439421,0.5232080146144933,0.3190104166666667,0.0001489947821168058,0.002093400555393715,"{""10"": 644, ""11"": 488}",7.116945763601781,0.00017746311293980762
HK,1994,U,6,5,0.5,1.2817279409567774,0.6858659089089268,0.5348726740827977,0.3548177083333333,0.00014818298315905152,0.00217372715183458,"{""10"": 644, ""11"": 488}",7.198385850498934,0.00017591604926526892
HK,1994,U,6,6,0.5,1.2818471585544433,0.6850186344060685,0.5368842633407039,0.3561197916666667,0.00014816948646550346,0.0021913682980160202,"{""10"": 644, ""11"": 488}",7.202513621457689,0.00017584564254394272
HK,1994,U,6,7,0.5,1.2815744010454433,0.6837594130747232,0.5411460128605757,0.3658854166666667,0.00014773661714536,0.0022174736113172965,"{""10"": 644, ""11"": 488}",7.2356101665552135,0.00017523698969205148
HK,1994,U,6,8,0.5,1.282066211367046,0.6835394543796691,0.5421709787013929,0.3684895833333333,0.00014757068707012735,0.002216418479561507,"{""10"": 644, ""11"": 488}",7.24663144878769,0.00017502844785361173
HK,1994,U,6,9,0.5,1.2828422127428063,0.6835453972510847,0.5425337062971128,0.3697916666666667,0.00014746186882871523,0.002214824636608572,"{""10"": 644, ""11"": 488}",7.2528172545125145,0.00017490493488011636
HK,1994,U,6,10,0.5,1.2829969709744564,0.6835687797857107,0.5425079878659372,0.3697916666666667,0.00014745689416093588,0.0022148410742063363,"{""10"": 644, ""11"": 488}",7.252936439281854,0.00017490071751849703
HK,1994,U,7,1,0.5,1.0301517920194612,0.5912037130483138,0.6586034698883552,0.4915364583333333,8.519748946540506e-05,0.0011541257281901755,"{""12"": 25, ""13"": 635}",10.331029912317248,0.00013532935589339215
HK,1994,U,7,2,0.5,0.9698079020730954,0.5457116649197671,0.7174873810684979,0.65625,9.310516961259512e-05,0.0013064278761400515,"{""12"": 25, ""13"": 635}",10.539662450367407,0.00013589257961787237
HK,1994,U,7,3,0.5,0.9649562364498432,0.5394969754543119,0.7287578355541088,0.6940104166666666,9.384096053011901e-05,0.001307349339628778,"{""12"": 25, ""13"": 635}",10.606613933073513,0.00013566064720778588
HK,1994,U,7,4,0.5,0.9658398242134167,0.5388610978073282,0.7304217501529232,0.6966145833333334,9.38323430009324e-05,0.0012993608872549644,"{""12"": 25, ""13"": 635}",10.615960957925127,0.00013555140684200966
HK,1994,U,7,5,0.5,0.9671010281878075,0.5390371834294917,0.7305703971306946,0.6946614583333334,9.376243102524017e-05,0.0012958971094282421,"{""12"": 25, ""13"": 635}",10.61726145414887,0.0001355028042574956
HK,1994,U,7,6,0.5,0.9677161916351005,0.5393324934734044,0.730417136303111,0.6920572916666666,9.371706733021865e-05,0.0012922971521093119,"{""12"": 25, ""13"": 635}",10.616589594675453,0.00013549458025008984
HK,1994,U,7,7,0.5,0.9683458672660537,0.5395739079770836,0.7302840586408681,0.6901041666666666,9.366013395120021e-05,0.0012892363525358783,"{""12"": 25, ""13"": 635}",10.616267076215149,0.00013546878097731212
HK,1994,U,7,8,0.5,0.9685900438674715,0.5397347701847696,0.7302166085799603,0.6881510416666666,9.362184281776979e-05,0.0012879523961288454,"{""12"": 25, ""13"": 635}",10.61632450926476,0.00013545223586129742
HK,1994,U,7,9,0.5,0.9686323082709675,0.5397998852584874,0.7301886892258479,0.6868489583333334,9.360590002524924e-05,0.0012874404749467533,"{""12"": 25, ""13"": 635}",10.616351329199603,0.00013544520403576817
HK,1994,U,7,10,0.5,0.968676198970624,0.5398257174370261,0.7301631069712858,0.6868489583333334,9.360091788021264e-05,0.001287330572259694,"{""12"": 25, ""13"": 635}",10.616185056965104,0.0001354436877300072
HK,1994,U,8,1,0.5,1.8370027925337247,0.8772240194926253,0.32470858208964004,0.072265625,7.685988414424769e-06,0.00010736076931473037,"{""14"": 3, ""15"": 83}",12.319379089107734,0.00010808067576046662
HK,1994,U,8,2,0.5,2.0,0.7615179572802792,0.48885834999366423,0.21875,1.980880670687564e-05,0.00036776952559142373,"{""14"": 3, ""15"": 83}",12.183660292712375,9.985331372381665e-05
HK,1994,U,8,3,0.5,2.0,0.7010171276789038,0.554163954073769,0.3307291666666667,2.8255463426192786e-05,0.000555065448009292,"{""14"": 3, ""15"": 83}",12.191195274070978,9.660491353652605e-05
HK,1994,U,8,4,0.5,2.0,0.667585417523485,0.588296870208856,0.416015625,3.3349605691022506e-05,0.0008021419880645871,"{""14"": 3, ""15"": 83}",12.22166085636708,9.503674635182891e-05
HK,1994,U,8,5,0.5,1.9460291281431723,0.6492353867038895,0.6088120104533121,0.4700520833333333,3.651998801478853e-05,0.000987581940701436,"{""14"": 3, ""15"": 83}",12.252247011452203,9.444579358291491e-05
HK,1994,U,8,6,0.5,1.8727264494366014,0.638994275013791,0.6211117608738389,0.4993489583333333,3.845163204330891e-05,0.0011034780069512282,"{""14"": 3, ""15"": 83}",12.274825328000247,9.42189535305312e-05
HK,1994,U,8,7,0.5,1.832626114899172,0.633419985864067,0.6279112070627219,0.5130208333333334,3.954934752411022e-05,0.0011673539055178706,"{""14"": 3, ""15"": 83}",12.289079739055108,9.413021944675606e-05
HK,1994,U,8,8,0.5,1.8359289783786836,0.6306392748269084,0.6313163542590049,0.51953125,4.0113958186399643e-05,0.0011993220033994305,"{""14"": 3, ""15"": 83}",12.296396727235107,9.410722837655338e-05
HK,1994,U,8,9,0.5,1.8380385518967128,0.6294849227972653,0.6327178169653072,0.5227864583333334,4.0368316786486044e-05,0.0012133477161956204,"{""14"": 3, ""15"": 83}",12.29891411082868,9.412097529180827e-05
HK,1994,U,8,10,0.5,1.83856022968347,0.6290717110224023,0.6332158721209041,0.5240885416666666,4.046414255803386e-05,0.0012186000519295596,"{""14"": 3, ""15"": 83}",12.299688336947101,9.413144822255179e-05
HK,1994,U,9,1,0.5,1.5705123113585135,0.5379972249485258,0.6520256409272249,0.6842447916666666,3.950169345285902e-05,0.0018692533207737808,"{""16"": 127, ""17"": 403}",14.30549737101786,6.248974033006435e-05
HK,1994,U,9,2,0.5,1.6027110257588244,0.5274131794641058,0.6770510596620715,0.7565104166666666,4.563303352154237e-05,0.002248536405629396,"{""16"": 127, ""17"": 403}",14.263213627443806,6.794406801946247e-05
HK,1994,U,9,3,0.5,1.5342274620076133,0.5261407225196714,0.684121401219024,0.767578125,4.698100008766502e-05,0.0024280872455828394,"{""16"": 127, ""17"": 403}",14.259555142139131,6.914275278910667e-05
HK,1994,U,9,4,0.5,1.5184958508068163,0.5279752071886896,0.6831269976558056,0.7545572916666666,4.718240993593258e-05,0.0024112330737758995,"{""16"": 127, ""17"": 403}",14.234357869489376,6.948927012324625e-05
HK,1994,U,9,5,0.5,1.4076468802441893,0.5335260018806163,0.6716771044866008,0.7180989583333334,4.9563113618012954e-05,0.0024051766553029024,"{""16"": 127, ""17"": 403}",14.111244719371202,7.244730309431857e-05
HK,1994,U,9,6,0.5,1.3845734681116444,0.5338983470227968,0.6722738424475723,0.7161458333333334,4.8507157338853434e-05,0.002377328341971695,"{""16"": 127, ""17"": 403}",14.128639222599451,7.138500680434173e-05
HK,1994,U,9,7,0.5,1.331487522558219,0.531230917890445,0.6752432974681201,0.7337239583333334,4.749546131199624e-05,0.002284506806966739,"{""16"": 127, ""17"": 403}",14.17551043602594,7.009280419954582e-05
HK,1994,U,9,8,0.5,1.3478576022347257,0.5292022925291086,0.6792098144279141,0.74609375,4.572329417805388e-05,0.0022153549078180374,"{""16"": 127, ""17"": 403}",14.241790061614784,6.803888146278064e-05
HK,1994,U,9,9,0.5,1.335171978040441,0.5292694780918894,0.6784850502922345,0.74609375,4.608398786316634e-05,0.0022010846503220456,"{""16"": 127, ""17"": 403}",14.22782027113833,6.843981517897251e-05
HK,1994,U,9,10,0.5,1.3320124824254198,0.5292151535322703,0.6784040657926513,0.7467447916666666,4.6131405580115895e-05,0.0021875630436830593,"{""16"": 127, ""17"": 403}",14.226603431504351,6.848960122046575e-05
HK,1994,U,10,1,0.5,2.0,0.614029485544049,0.641588636672546,0.67578125,3.1583680811173156e-05,0.0018367314381366037,"{""18"": 595, ""19"": 252}",17.161206843311327,4.950758874597399e-05
HK,1994,U,10,2,0.5,2.0,0.618233510668607,0.6612410161173718,0.6783854166666666,3.462092144837193e-05,0.002103923004791534,"{""18"": 595, ""19"": 252}",17.146412583436817,5.2628270907991994e-05
HK,1994,U,10,3,0.5,2.0,0.6251003877168348,0.6677487331571116,0.6731770833333334,3.61992960633173e-05,0.0021147965002937426,"{""18"": 595, ""19"": 252}",17.08541709993695,5.444359193423918e-05
HK,1994,U,10,4,0.5,2.0,0.6277017728294066,0.66799095030986,0.6692708333333334,3.6842789463963966e-05,0.002167785588955077,"{""18"": 595, ""19"": 252}",17.06760322889315,5.5181854853111976e-05
HK,1994,U,10,5,0.5,2.0,0.6291717341225315,0.668866495210048,0.66796875,3.7172561869413344e-05,0.00216996772672491,"{""18"": 595, ""19"": 252}",17.052091827197017,5.5570428679003704e-05
HK,1994,U,10,6,0.5,2.0,0.6300177789836404,0.6689626682075217,0.6653645833333334,3.740053441398582e-05,0.0021934419882997827,"{""18"": 595, ""19"": 252}",17.04592455823464,5.5832780389159385e-05
HK,1994,U,10,7,0.5,2.0,0.6307766150451969,0.6692535374935827,0.6647135416666666,3.7588783884379004e-05,0.0022003192708255873,"{""18"": 595, ""19"": 252}",17.03816151511365,5.605314072707359e-05
HK,1994,U,10,8,0.5,2.0,0.6312823186055058,0.6695782712597341,0.6640625,3.770150311654437e-05,0.0021992838284767093,"{""18"": 595, ""19"": 252}",17.0324575766517,5.618696241563399e-05
HK,1994,U,10,9,0.5,2.0,0.6314785984192226,0.669646307796236,0.6640625,3.775869025215541e-05,0.002201318795234093,"{""18"": 595, ""19"": 252}",17.03004285417034,5.6253160374110305e-05
HK,1994,U,10,10,0.5,2.0,0.6315861719963146,0.6696812743108412,0.6640625,3.778693427305787e-05,0.0022020571097771426,"{""18"": 595, ""19"": 252}",17.028845849172406,5.628610385843082e-05
HK,1994,U,11,1,0.5,2.0,0.771597634294583,0.938180373332853,0.5162760416666666,9.980578179807415e-05,0.001622948492982458,"{""20"": 288, ""21"": 654, ""22"": 736}",16.274647010042322,0.00012781324906835855
HK,1994,U,11,2,0.5,2.0,0.7667310383751541,0.9489191027903575,0.52734375,0.00010008415649213067,0.0016656424121533164,"{""20"": 288, ""21"": 654, ""22"": 736}",16.322855933377117,0.00012783874501291995
HK,1994,U,11,3,0.5,2.0,0.7661393604587182,0.9551186965764166,0.5240885416666666,0.00010154913147920846,0.0017317546573833566,"{""20"": 288, ""21"": 654, ""22"": 736}",16.266800987691717,0.0001294171448383209
HK,1994,U,11,4,0.5,2.0,0.7656231511521701,0.972246350112705,0.53125,0.00010776088699890557,0.0018128966059049116,"{""20"": 288, ""21"": 654, ""22"": 736}",16.09856969564545,0.00013576170431989313
HK,1994,U,11,5,0.5,2.0,0.7767038338166471,0.98303326055378,0.5345052083333334,0.00011270140003060682,0.0020081694471290436,"{""20"": 288, ""21"": 654, ""22"": 736}",15.89513319620207,0.00014152565845724745
HK,1994,U,11,6,0.5,2.0,0.7862752877982405,0.9897461801173112,0.51953125,0.00011608027170092047,0.002056163858828826,"{""20"": 288, ""21"": 654, ""22"": 736}",15.833690127287632,0.0001457728852210429
HK,1994,U,11,7,0.5,2.0,0.7911805754051997,0.9857880330701907,0.5162760416666666,0.00011820528732116829,0.0020901900965885224,"{""20"": 288, ""21"": 654, ""22"": 736}",15.710207159362948,0.00014837748734508333
HK,1994,U,11,8,0.5,2.0,0.7916548703202899,0.9924128101083127,0.5234375,0.00012210106311592387,0.002189961159717196,"{""20"": 288, ""21"": 654, ""22"": 736}",15.616324912401787,0.00015229558291740382
HK,1994,U,11,9,0.5,2.0,0.7922122399799232,0.9932043831935256,0.5201822916666666,0.00012282417947168114,0.0022032400465999027,"{""20"": 288, ""21"": 654, ""22"": 736}",15.59595991294366,0.00015306903638979554
HK,1994,U,11,10,0.5,2.0,0.7929896647675667,0.9913557553595267,0.5182291666666666,0.0001227855574250354,0.0021963984724345355,"{""20"": 288, ""21"": 654, ""22"": 736}",15.57691614309356,0.00015310445445953876
HK,1994,R,2,1,0.846237276694348,1.104442499694172,0.9854856514556372,0.10153473870672555,0.0,9.228898292682765e-06,0.0005489330904052202,"{""2"": 167, ""3"": 662}",1.956757243334747,9.228898292682765e-06
HK,1994,R,2,2,0.5,1.1463868735512275,0.866572318881398,0.3553941240001885,0.012369791666666666,6.908968807005716e-05,0.004981947043208435,"{""2"": 167, ""3"": 662}",1.7583760697893172,6.908968807005718e-05
HK,1994,R,2,3,0.5,1.129892224108978,0.7991209440002606,0.44864443817347294,0.11458333333333333,9.551616469684501e-05,0.004292380002125858,"{""2"": 167, ""3"": 662}",1.696136475255428,9.551616469684501e-05
HK,1994,R,2,4,0.5,1.1412612899210823,0.7723830762089873,0.4922901164117887,0.19270833333333334,0.00010356006698270907,0.0044855373473888654,"{""2"": 167, ""3"": 662}",1.6824309094220395,0.00010356006698270907
HK,1994,R,2,5,0.5,1.142750143963214,0.7643974559200175,0.5107799924552887,0.22135416666666666,0.00010186851504766231,0.004902666923437438,"{""2"": 167, ""3"": 662}",1.6876490864213376,0.00010186851504766231
HK,1994,R,2,6,0.5,1.1470239886650466,0.7571536680232042,0.5317629170592968,0.2571614583333333,9.854375164890738e-05,0.004843143816731434,"{""2"": 167, ""3"": 662}",1.7007493269161928,9.854375164890738e-05
HK,1994,R,2,7,0.5,1.1464123366312642,0.7544930804520297,0.5427381511385114,0.27734375,9.591783443918345e-05,0.004463778783888852,"{""2"": 167, ""3"": 662}",1.7106952142571703,9.591783443918345e-05
HK,1994,R,2,8,0.5,1.1462782683338308,0.7526029827231712,0.5497899831031481,0.2884114583333333,9.45659395801592e-05,0.004395847181967529,"{""2"": 167, ""3"": 662}",1.7162694998302241,9.45659395801592e-05
HK,1994,R,2,9,0.5,1.1455663569989731,0.7523314908550657,0.5517154768335645,0.2916666666666667,9.407155131026472e-05,0.004405661197568678,"{""2"": 167, ""3"": 662}",1.7174180233734457,9.407155131026472e-05
HK,1994,R,2,10,0.5,1.145197849464556,0.7519044706054444,0.5532290121475896,0.294921875,9.38488615414782e-05,0.0043999270113736855,"{""2"": 167, ""3"": 662}",1.7182247019142172,9.38488615414782e-05
HK,1994,R,3,1,0.5,1.0972451384137178,0.881877350688141,0.23887096206616662,0.007161458333333333,4.429563601839339e-05,0.003031643345215984,"{""4"": 18, ""5"": 626}",3.6698465243779035,7.399886561726133e-05
HK,1994,R,3,2,0.5,1.156726355668463,0.8480335106173911,0.28789232429555267,0.013020833333333334,5.932872877969872e-05,0.0029368691521930662,"{""4"": 18, ""5"": 626}",3.518566303859005,8.670209749455596e-05
HK,1994,R,3,3,0.5,1.173151580707672,0.7927957759477993,0.3592429512903466,0.018880208333333332,8.245749147286321e-05,0.0029711434134861428,"{""4"": 18, ""5"": 626}",3.3606753237590867,0.00010750486060782417
HK,1994,R,3,4,0.5,1.1033030792126624,0.73884092189459,0.42120743854876114,0.034505208333333336,0.00010183085359289082,0.003102137722286418,"{""4"": 18, ""5"": 626}",3.2724356535359966,0.00012498468681413906
HK,1994,R,3,5,0.5,1.0625883631976367,0.7136763324682344,0.45808690720615575,0.055989583333333336,0.00010952053437999338,0.003219967771959492,"{""4"": 18, ""5"": 626}",3.253104942629289,0.00013192226869006805
HK,1994,R,3,6,0.5,1.072001630874097,0.6874921725215115,0.5000897259845648,0.09505208333333333,0.00012078646672280002,0.0034278201430850636,"{""4"": 18, ""5"": 626}",3.225578769865333,0.0001418337774531608
HK,1994,R,3,7,0.5,1.0444699227864669,0.6552396688125125,0.5332447923587672,0.169921875,0.00012675589970959102,0.003164130593881452,"{""4"": 18, ""5"": 626}",3.22341921838927,0.00014516657601692877
HK,1994,R,3,8,0.5,1.0574426759908213,0.6530715045029472,0.5357353603669147,0.17838541666666666,0.00012780690685660864,0.0031272589779663676,"{""4"": 18, ""5"": 626}",3.202720828065406,0.00014636401758348356
HK,1994,R,3,9,0.5,1.0572582216367288,0.6508567244695544,0.5383127190675541,0.18489583333333334,0.00012815557607204819,0.0031126161758394466,"{""4"": 18, ""5"": 626}",3.1984256260901103,0.00014668528355632726
HK,1994,R,3,10,0.5,1.0576695087887935,0.6501302023618375,0.539168975038952,0.1875,0.00012833719172399336,0.003111965026269686,"{""4"": 18, ""5"": 626}",3.1968122743213234,0.00014686450269103075
HK,1994,R,4,1,0.8965605525839904,1.0905586362701316,1.0013418330115498,0.06943661608814695,0.0,1.8541394780201543e-06,7.932255692729117e-05,"{""6"": 6, ""7"": 23}",5.132906874536405,9.951187164109779e-05
HK,1994,R,4,2,0.8354394713695239,1.124503784182671,0.9958481647937768,0.11296879017622719,0.0,4.8036183306307095e-06,0.0001969261482387013,"{""6"": 6, ""7"": 23}",5.093002657747274,0.00010109167029612366
HK,1994,R,4,3,0.7995461775434083,1.1473774561108412,0.9906813218661675,0.1339742019403387,0.0,6.554252720138258e-06,0.0002590927142685789,"{""6"": 6, ""7"": 23}",5.088681926561398,0.00010174375617484167
HK,1994,R,4,4,0.7827210246628766,1.1620441428342037,0.987171034516792,0.1448281889215345,0.0,7.539098410021639e-06,0.0002772503407462483,"{""6"": 6, ""7"": 23}",5.096716482379872,0.00010204764386323858
HK,1994,R,4,5,0.7717525772007727,1.178084530703308,0.9831243663759647,0.15601371649593254,0.0,8.740559915347396e-06,0.0003275803081987349,"{""6"": 6, ""7"": 23}",5.097109272992462,0.0001024879990135878
HK,1994,R,4,6,0.5981659787715441,1.1940910880717737,0.949705986326065,0.17467283365872222,0.0,1.6299964193988093e-05,0.0006830453588307643,"{""6"": 6, ""7"": 23}",5.065720407663948,0.00010337158597619249
HK,1994,R,4,7,0.5986878768071587,1.207960869005948,0.9459122535107857,0.1839632971712373,0.0,1.7440309953846042e-05,0.000693725668290385,"{""6"": 6, ""7"": 23}",5.057544107557338,0.000103851295633397
HK,1994,R,4,8,0.5993497175987852,1.2175171227132862,0.9432656973463024,0.1903894506392949,0.0,1.826566930699558e-05,0.0007019713190560266,"{""6"": 6, ""7"": 23}",5.050749289684232,0.0001042156473817939
HK,1994,R,4,9,0.5998159690961523,1.22293436805845,0.9417251046389188,0.19411090576655146,0.0,1.8750377726449577e-05,0.0007070031070521405,"{""6"": 6, ""7"": 23}",5.046457523307594,0.00010443129928296782
HK,1994,R,4,10,0.6001039519005759,1.2254594051678398,0.9410073091942327,0.1958592504763392,0.0,1.897941343051265e-05,0.0007094560931281877,"{""6"": 6, ""7"": 23}",5.044283798113748,0.00010453451300751479
HK,1994,R,5,1,0.5669132339495574,1.343970238671499,0.9504852401316285,0.2096927492788601,0.0,2.5352174906194726e-05,0.0005743932554529141,"{""8"": 6, ""9"": 261}",7.093175964895078,9.72846492799517e-05
HK,1994,R,5,2,0.5,1.4407569072850201,0.8694420927449845,0.2988652615430736,0.011067708333333334,5.103528187083347e-05,0.0010139348274480712,"{""8"": 6, ""9"": 261}",6.946034645697829,0.00011205084434511647
HK,1994,R,5,3,0.5,1.4938110978761319,0.8228231944234535,0.34518645407679593,0.029947916666666668,6.433369705932317e-05,0.0012286121792963824,"{""8"": 6, ""9"": 261}",6.840526178008446,0.00011955252174299688
HK,1994,R,5,4,0.5,1.5083412134917336,0.7980082541914694,0.370025211962514,0.05078125,7.127122656492813e-05,0.0012926523250391924,"{""8"": 6, ""9"": 261}",6.784748430796247,0.00012352995941526548
HK,1994,R,5,5,0.5,1.50530678283551,0.779809319487538,0.38426771680438465,0.059895833333333336,7.535687810148496e-05,0.0013676722869503904,"{""8"": 6, ""9"": 261}",6.751804772594564,0.00012543069753376065
HK,1994,R,5,6,0.5,1.503388331684686,0.7735638815244944,0.3897095478045646,0.06510416666666667,7.67165587237199e-05,0.0013724093991340312,"{""8"": 6, ""9"": 261}",6.740031993977899,0.00012608819754571574
HK,1994,R,5,7,0.5,1.5032222180901826,0.7713172080493663,0.39148372257917835,0.06770833333333333,7.710607894066259e-05,0.0013631237347795364,"{""8"": 6, ""9"": 261}",6.735699613742661,0.0001262276714717589
HK,1994,R,5,8,0.5,1.5038443294683925,0.7674714155029164,0.39406901304173086,0.0703125,7.81675210596255e-05,0.0014555224958993876,"{""8"": 6, ""9"": 261}",6.73010409746204,0.00012675279034436832
HK,1994,R,5,9,0.5,1.5044985834987263,0.7676634555993632,0.3938926039054119,0.06966145833333333,7.807571205678088e-05,0.001450068971229967,"{""8"": 6, ""9"": 261}",6.729796061625594,0.00012669399314100473
HK,1994,R,5,10,0.5,1.504997472370555,0.7667302449533174,0.3944626204719088,0.06966145833333333,7.833113802480389e-05,0.001449259153053092,"{""8"": 6, ""9"": 261}",6.728682480752722,0.00012681080789595756
HK,1994,R,6,1,0.5,1.098578410490469,0.5712001572037525,0.5993027291818235,0.4895833333333333,9.672337389651031e-05,0.00404007596888956,"{""10"": 644, ""11"": 488}",8.092471553605735,0.00013234324136715474
HK,1994,R,6,2,0.5,1.0118944337425952,0.526931540399049,0.7361823429011702,0.7740885416666666,0.00015703454443596573,0.003904552892903239,"{""10"": 644, ""11"": 488}",7.3445382124652285,0.00018611817840365677
HK,1994,R,6,3,0.5,0.9697849370989702,0.5354932827409843,0.7708795404368841,0.6920572916666666,0.00012229838169465205,0.0035038216657464214,"{""10"": 644, ""11"": 488}",7.656817959554456,0.00015124625794526813
HK,1994,R,6,4,0.5,0.8713580870295032,0.512505788080006,0.9139908098801207,0.865234375,0.00011801625715938534,0.003948224170580029,"{""10"": 644, ""11"": 488}",8.045845338609025,0.00014485099568800982
HK,1994,R,6,5,0.5,0.7760834741965735,0.5029795592189054,1.002135470739313,0.9557291666666666,0.00010605780659162698,0.0031639895168535954,"{""10"": 644, ""11"": 488}",8.47818070326408,0.00013179572563176863
HK,1994,R,6,6,0.5,0.662431560019036,0.5008760266997659,1.0528098746612995,0.9869791666666666,0.00010155859922900898,0.003530157643498893,"{""10"": 644, ""11"": 488}",8.676163306570185,0.00012710814239717195
HK,1994,R,6,7,0.5,0.6576879696090782,0.5006466289388389,1.0722759962517519,0.990234375,9.876485854981504e-05,0.0043507010580781285,"{""10"": 644, ""11"": 488}",8.766032999003466,0.00012423461167478383
HK,1994,R,6,8,0.5,0.6767734899174365,0.5007026255214404,1.0741497705537286,0.9908854166666666,9.839288990750835e-05,0.004434959700246183,"{""10"": 644, ""11"": 488}",8.766370788493397,0.0001238502801027385
HK,1994,R,6,9,0.5,0.6847369378630866,0.5007340743593325,1.0738702452502642,0.9908854166666666,9.818140510878812e-05,0.004380659999575526,"{""10"": 644, ""11"": 488}",8.765506632259598,0.0001236333438691285
HK,1994,R,6,10,0.5,0.6861839102225893,0.5007402288880629,1.0738891674723072,0.9908854166666666,9.821795586306089e-05,0.004381540103108659,"{""10"": 644, ""11"": 488}",8.764160706284457,0.00012367032154749437
HK,1994,R,7,1,0.5,1.1269089691100531,0.6729879872878386,0.48014974823302903,0.21354166666666666,1.6719392196377534e-05,0.0003689109846065702,"{""12"": 25, ""13"": 635}",10.932412660141967,7.342035254977451e-05
HK,1994,R,7,2,0.5,1.664348465053779,0.6521763534697788,0.6922388268251874,0.3678385416666667,3.5585212700218873e-05,0.0009461694034366394,"{""12"": 25, ""13"": 635}",10.632182469621114,7.6646312772669e-05
HK,1994,R,7,3,0.5,1.8048851985272785,0.6645088161255811,0.8389979543221717,0.5169270833333334,4.580349417338935e-05,0.0009878457251252814,"{""12"": 25, ""13"": 635}",10.56473834512489,8.596699616789864e-05
HK,1994,R,7,4,0.5,1.6983718375040264,0.5398569281951446,0.855141472620501,0.7526041666666666,3.129764140603372e-05,0.0008791304285438113,"{""12"": 25, ""13"": 635}",11.152155713174233,5.9753216649089004e-05
HK,1994,R,7,5,0.5,1.2306055744898456,0.5240059634511222,0.9099622974987616,0.828125,3.314965318766019e-05,0.0011621789462029411,"{""12"": 25, ""13"": 635}",11.16670794679299,6.0497320141878e-05
HK,1994,R,7,6,0.5,1.305098440413343,0.5305974737485369,0.9587686557897724,0.798828125,3.873452704323946e-05,0.0007721856549132149,"{""12"": 25, ""13"": 635}",10.999415158764473,6.660237376149771e-05
HK,1994,R,7,7,0.5,1.3274814541540647,0.5350196261117063,0.9829521748796605,0.7884114583333334,4.08114536652895e-05,0.0006716046641747915,"{""12"": 25, ""13"": 635}",10.919065018234058,6.899824735788287e-05
HK,1994,R,7,8,0.5,1.3065974127038174,0.5329633850527898,0.9918317954090289,0.7975260416666666,4.0777734278023204e-05,0.0006325277781873538,"{""12"": 25, ""13"": 635}",10.938638250012316,6.880094503929852e-05
HK,1994,R,7,9,0.5,1.3172718357804536,0.5334249359592588,0.995386964170071,0.8033854166666666,4.0999950999898274e-05,0.0006054418419669462,"{""12"": 25, ""13"": 635}",10.932920227741501,6.905131291797891e-05
HK,1994,R,7,10,0.5,1.322006943032021,0.5340226075730966,0.9966485449247846,0.8046875,4.1036375784744595e-05,0.0006009713992474957,"{""12"": 25, ""13"": 635}",10.929643902242939,6.913235843565624e-05
HK,1994,R,8,1,0.5,1.4601854413636577,0.9520402608675722,0.20400649000955914,0.001953125,1.1651524587282338e-06,5.729902720374171e-05,"{""14"": 3, ""15"": 83}",12.977706693429866,5.624721368379566e-05
HK,1994,R,8,2,0.5,1.7480229029270957,0.9448620054525622,0.29752130183424924,0.022135416666666668,2.636815743849917e-06,0.00011326388698493761,"{""14"": 3, ""15"": 83}",12.931642325602239,5.870841992089201e-05
HK,1994,R,8,3,0.5,1.7889241910483622,0.9372385297440092,0.35576732572718583,0.050130208333333336,3.6224491019408016e-06,0.00012862564142319846,"{""14"": 3, ""15"": 83}",12.89610707167141,5.991679440047272e-05
HK,1994,R,8,4,0.5,1.9450127102748616,0.9145625424493499,0.42784677172393704,0.09635416666666667,5.31533206984832e-06,0.00020836974214833042,"{""14"": 3, ""15"": 83}",12.844718842916809,6.021133039564698e-05
HK,1994,R,8,5,0.5,2.0,0.8963335394866193,0.4985536148616731,0.14583333333333334,7.440898615078558e-06,0.00028508732012409466,"{""14"": 3, ""15"": 83}",12.761663152992433,6.180265058952107e-05
HK,1994,R,8,6,0.5,2.0,0.883772058394578,0.5542736681362682,0.203125,9.510305416224453e-06,0.0003555082737068776,"{""14"": 3, ""15"": 83}",12.699653984111404,6.38071528915233e-05
HK,1994,R,8,7,0.5,2.0,0.8751450541579514,0.5857842298134405,0.23828125,1.0833750542697732e-05,0.0004063053850966626,"{""14"": 3, ""15"": 83}",12.664164442263754,6.486250497356714e-05
HK,1994,R,8,8,0.5,2.0,0.869850027392754,0.601275493650992,0.2532552083333333,1.1515208908131939e-05,0.000433451282844909,"{""14"": 3, ""15"": 83}",12.646304656239368,6.525150646405872e-05
HK,1994,R,8,9,0.5,2.0,0.8673477090800188,0.6079204560408249,0.2610677083333333,1.1811120856684518e-05,0.0004451350994397144,"{""14"": 3, ""15"": 83}",12.638477825297706,6.538317190300028e-05
HK,1994,R,8,10,0.5,2.0,0.866387547187272,0.6103323437643654,0.2630208333333333,1.1917786020247458e-05,0.0004489789905564096,"{""14"": 3, ""15"": 83}",12.63537723892869,6.542180123971948e-05
HK,1994,R,9,1,0.5,1.181579102324768,0.6786383804547601,0.5487198542383477,0.4251302083333333,8.658980499827793e-06,0.00011724431971511796,"{""16"": 127, ""17"": 403}",14.829782140670684,3.9477596969563384e-05
HK,1994,R,9,2,0.5,1.32794525254415,0.6486221633039633,0.6692252049982897,0.5071614583333334,1.582846376562689e-05,0.0002331082693294717,"{""16"": 127, ""17"": 403}",14.561866045731376,4.4118602452990754e-05
HK,1994,R,9,3,0.5,1.4274141696376719,0.6247757169561502,0.7307723551004596,0.5345052083333334,2.2265392044509084e-05,0.0004280625102466395,"{""16"": 127, ""17"": 403}",14.501972240674991,4.830745373149185e-05
HK,1994,R,9,4,0.5,1.3158945229741699,0.59297550958259,0.7642524529028022,0.5716145833333334,2.3107230151858855e-05,0.0004494404019494691,"{""16"": 127, ""17"": 403}",14.596481224425592,4.5847247476835645e-05
HK,1994,R,9,5,0.5,1.1728121613134515,0.5566791958722802,0.8004583215630161,0.6861979166666666,2.322381606252321e-05,0.00043199253092770677,"{""16"": 127, ""17"": 403}",14.743168837570868,4.259192596956691e-05
HK,1994,R,9,6,0.5,1.7104743257426136,0.5720019166069248,0.8528894062015796,0.6588541666666666,3.512968060020456e-05,0.0008593698374508906,"{""16"": 127, ""17"": 403}",14.549085377532414,5.5619282952266276e-05
HK,1994,R,9,7,0.5,1.1573711521633196,0.5352888800490868,0.9085587193578595,0.7734375,2.453424115465853e-05,0.00038487328554083315,"{""16"": 127, ""17"": 403}",14.916656121326358,4.1957703552823596e-05
HK,1994,R,9,8,0.5,1.1924111156891997,0.526458258905916,0.9241897886378483,0.8268229166666666,2.353706027833324e-05,0.00034863820963843337,"{""16"": 127, ""17"": 403}",15.005025015259292,4.02227811535692e-05
HK,1994,R,9,9,0.5,1.1936840315581265,0.5249814704689232,0.9298437331000958,0.8333333333333334,2.331636075109404e-05,0.0003450659947883929,"{""16"": 127, ""17"": 403}",15.017131269595716,3.9854394366717805e-05
HK,1994,R,9,10,0.5,1.1937122337560928,0.5246475618411383,0.9324203782379691,0.833984375,2.3367634696771535e-05,0.0003429618758430135,"{""16"": 127, ""17"": 403}",15.015757786610296,3.9869730670523015e-05
HK,1994,R,10,1,0.5,1.3294708706337008,0.5336971299967471,0.6974344394314979,0.7526041666666666,1.3058934606774362e-05,0.00031355627554919326,"{""18"": 595, ""19"": 252}",17.258850372831038,2.3969377081071216e-05
HK,1994,R,10,2,0.5,1.803387325498414,0.5688544963012324,0.765508097602149,0.6861979166666666,2.86964455165342e-05,0.0009521861353866793,"{""18"": 595, ""19"": 252}",16.58436591297601,4.3011830279388304e-05
HK,1994,R,10,3,0.5,2.0,0.6116472408030519,0.8841454299352262,0.6555989583333334,5.371456862207033e-05,0.001962979364444599,"{""18"": 595, ""19"": 252}",15.903969595005481,7.080324336225806e-05
HK,1994,R,10,4,0.5,2.0,0.5777167306933984,1.0513635347483106,0.791015625,4.064991081701151e-05,0.002742327814926131,"{""18"": 595, ""19"": 252}",16.48559450431646,5.2893006852157307e-05
HK,1994,R,10,5,0.5,2.0,0.5620056245989614,1.134531637288828,0.8092447916666666,4.2156465165883826e-05,0.0012244798794769807,"{""18"": 595, ""19"": 252}",16.422491016006337,5.453880530321655e-05
HK,1994,R,10,6,0.5,2.0,0.5629448714904846,1.164358653448017,0.8040364583333334,4.137895074431488e-05,0.002291984597485459,"{""18"": 595, ""19"": 252}",16.42369280128584,5.310889380472865e-05
HK,1994,R,10,7,0.5,2.0,0.541978255429728,1.205190062616243,0.8450520833333334,3.4302911574521005e-05,0.000928700538079554,"{""18"": 595, ""19"": 252}",16.64470686926119,4.5431378753233596e-05
HK,1994,R,10,8,0.5,2.0,0.5404327056070025,1.221833971169678,0.8430989583333334,3.589722376260451e-05,0.0008981401091570321,"{""18"": 595, ""19"": 252}",16.61736295941174,4.68874678654717e-05
HK,1994,R,10,9,0.5,2.0,0.5423217149397277,1.227468185842726,0.8430989583333334,3.5834158068693906e-05,0.0008947600075963976,"{""18"": 595, ""19"": 252}",16.64514322748282,4.6726433540690896e-05
HK,1994,R,10,10,0.5,2.0,0.5439616722495434,1.2304976386064284,0.841796875,3.540130703458868e-05,0.0009034427282117113,"{""18"": 595, ""19"": 252}",16.67153113555571,4.626784889958624e-05
HK,1994,R,11,1,0.5,2.0,0.7334831485859379,0.6651217762970747,0.3203125,3.097691667020618e-05,0.0008269308810069215,"{""20"": 288, ""21"": 654, ""22"": 736}",18.105436453921982,6.075687013110069e-05
HK,1994,R,11,2,0.5,1.5854271537585964,0.5196887790709835,0.9199294963506892,0.89453125,3.2627850075776783e-05,0.0008434121781038092,"{""20"": 288, ""21"": 654, ""22"": 736}",18.989837494257994,4.396629692072966e-05
HK,1994,R,11,3,0.5,1.917234454333412,0.6695640574539649,1.0085145591301827,0.521484375,5.916358464331092e-05,0.001137776264769991,"{""20"": 288, ""21"": 654, ""22"": 736}",16.323862767067553,8.450919061376151e-05
HK,1994,R,11,4,0.5,2.0,0.596073727930674,1.1380439018970971,0.7291666666666666,8.14200956818405e-05,0.003150518859548589,"{""20"": 288, ""21"": 654, ""22"": 736}",16.550117190541656,9.984945712225479e-05
HK,1994,R,11,5,0.5,2.0,0.5657884137685593,1.1864395024760335,0.7747395833333334,5.020914628974406e-05,0.0026314378394822575,"{""20"": 288, ""21"": 654, ""22"": 736}",17.55111382219007,6.630907833361553e-05
HK,1994,R,11,6,0.5,2.0,0.6342770218579618,1.2655849183338608,0.6516927083333334,0.00010774248927452358,0.01200556208243938,"{""20"": 288, ""21"": 654, ""22"": 736}",15.470006210375878,0.0001280083094035182
HK,1994,R,11,7,0.5,2.0,0.5838555926742085,1.2839032981595895,0.763671875,7.10252957958736e-05,0.003513094919940491,"{""20"": 288, ""21"": 654, ""22"": 736}",16.779077069065195,9.066676231459195e-05
HK,1994,R,11,8,0.5,2.0,0.5841831629436293,1.2800438629100388,0.7701822916666666,7.450538642153503e-05,0.00415682299580777,"{""20"": 288, ""21"": 654, ""22"": 736}",16.79695013937529,9.434958827228081e-05
HK,1994,R,11,9,0.5,2.0,0.5768600798949676,1.2780421774786945,0.7897135416666666,7.414141884591782e-05,0.004171903292660227,"{""20"": 288, ""21"": 654, ""22"": 736}",16.93399148095115,9.321649573151442e-05
HK,1994,R,11,10,0.5,2.0,0.5778541196864823,1.281296234765984,0.7903645833333334,7.598160395223369e-05,0.004121015424612957,"{""20"": 288, ""21"": 654, ""22"": 736}",16.90003182559445,9.530215116020121e-05
HK,1995,U,2,1,0.831857582014057,1.1090083098582313,0.9964721381311432,0.10416156311168169,0.0,8.261736186365132e-06,0.000553529002005729,"{""2"": 34, ""3"": 252}",1.9798846895834175,8.261736186365132e-06
HK,1995,U,2,2,0.7554417685814853,1.1389921383171047,0.9829850694990215,0.156840881131572,0.0,1.8069350551611698e-05,0.0009313936245348467,"{""2"": 34, ""3"": 252}",1.952361782044183,1.8069350551611698e-05
HK,1995,U,2,3,0.7342435932426047,1.152862492649707,0.9752813785320024,0.18014949515048606,0.0,2.3173716060912428e-05,0.0010674458479129126,"{""2"": 34, ""3"": 252}",1.9376444022214678,2.317371606091243e-05
HK,1995,U,2,4,0.6880539464291612,1.1661455360552337,0.969332283951577,0.19371512073330102,0.0,2.6324251534150602e-05,0.001135544160597634,"{""2"": 34, ""3"": 252}",1.928797224698381,2.6324251534150602e-05
HK,1995,U,2,5,0.6668660494975646,1.169679328054272,0.966105736769807,0.19974416157031696,0.0,2.788886287682189e-05,0.0011486673509051885,"{""2"": 34, ""3"": 252}",1.9256291983693357,2.788886287682189e-05
HK,1995,U,2,6,0.6581345778017016,1.1682190839131896,0.9639366962456286,0.20337780318153942,0.0,2.887618240267232e-05,0.0011550792040051412,"{""2"": 34, ""3"": 252}",1.9234217828993296,2.887618240267232e-05
HK,1995,U,2,7,0.65849525163005,1.1681469866335208,0.9634723451621848,0.204175752082071,0.0,2.9153748777939985e-05,0.001158212963901679,"{""2"": 34, ""3"": 252}",1.9229008998181718,2.9153748777939985e-05
HK,1995,U,2,8,0.6496077291847495,1.1685287889998712,0.9625379511365212,0.2052723726589158,0.0,2.936933575257401e-05,0.0011597250122592868,"{""2"": 34, ""3"": 252}",1.9221557942174168,2.936933575257401e-05
HK,1995,U,2,9,0.6496472176075238,1.1685187678412086,0.9624877374509619,0.20535682729248306,0.0,2.939884316022346e-05,0.0011600645008424042,"{""2"": 34, ""3"": 252}",1.9221034642678014,2.9398843160223466e-05
HK,1995,U,2,10,0.6496578800587897,1.1685154336847239,0.9624759756615483,0.20537604327494238,0.0,2.940560538404841e-05,0.0011601490022003819,"{""2"": 34, ""3"": 252}",1.9220932383994802,2.940560538404841e-05
HK,1995,U,3,1,0.5432532811898974,1.3326438101240938,0.9787875283162819,0.16609298674854803,0.0,1.5819064451844647e-05,0.0003716324900321966,"{""4"": 488, ""5"": 3}",3.796153124220858,2.9934686124121428e-05
HK,1995,U,3,2,0.5,1.4250372990481344,0.9591801777110284,0.2243919364054596,0.0032552083333333335,2.7721582698614516e-05,0.0006744076801043806,"{""4"": 488, ""5"": 3}",3.7149053901530715,4.155686868469112e-05
HK,1995,U,3,3,0.5,1.4460979273030505,0.9520545503998297,0.2364817993330003,0.00390625,3.2266994381147626e-05,0.0007951445869818334,"{""4"": 488, ""5"": 3}",3.679786637644481,4.5939624714260806e-05
HK,1995,U,3,4,0.5,1.4771519486081304,0.944784821801718,0.2508594494657503,0.008463541666666666,3.609103215827372e-05,0.0008857831147130532,"{""4"": 488, ""5"": 3}",3.6508358204259492,4.9589413725733545e-05
HK,1995,U,3,5,0.5,1.4936578874691988,0.9392290645625986,0.2596073429932883,0.009765625,3.8853159690242734e-05,0.000951372980606977,"{""4"": 488, ""5"": 3}",3.6294531644323613,5.221921257581997e-05
HK,1995,U,3,6,0.5,1.4962054355490022,0.9381042360070101,0.2614685632129029,0.009765625,3.965804380863343e-05,0.0009784038444401507,"{""4"": 488, ""5"": 3}",3.625042235963924,5.299924709029543e-05
HK,1995,U,3,7,0.5,1.4969441208346983,0.9365349530074862,0.2626243068914078,0.009765625,4.03963646543238e-05,0.000997565784841395,"{""4"": 488, ""5"": 3}",3.6179588104911042,5.3673093114027074e-05
HK,1995,U,3,8,0.5,1.4968108609629587,0.9361645321503507,0.2627338229697024,0.009765625,4.05371330284048e-05,0.0009998966376202764,"{""4"": 488, ""5"": 3}",3.6166828976642194,5.380221223031309e-05
HK,1995,U,3,9,0.5,1.4987194701586972,0.9355241050428114,0.2627944409753369,0.009765625,4.0890982375721104e-05,0.0009989958342636798,"{""4"": 488, ""5"": 3}",3.6136171210094603,5.412555703354434e-05
HK,1995,U,3,10,0.5,1.4993638331588164,0.9352911243297396,0.2630786075172067,0.009765625,4.09959314308101e-05,0.0010009552446836349,"{""4"": 488, ""5"": 3}",3.6127090812400184,5.422413493773033e-05
HK,1995,U,4,1,0.5069836640163066,1.3559471189761432,0.9104179788255292,0.3083337631271123,0.0,2.9922740530612202e-05,0.0005730785537666868,"{""6"": 167, ""7"": 403}",5.054358559095139,6.126026043517327e-05
HK,1995,U,4,2,0.5,1.4012389592704695,0.8517343056000503,0.39453064525360465,0.008463541666666666,4.2096115394567076e-05,0.0008407470213610623,"{""6"": 167, ""7"": 403}",4.903752157245321,7.055765716713149e-05
HK,1995,U,4,3,0.5,1.4126405542155416,0.8315278991422276,0.41703674358166276,0.016276041666666668,4.557177504036786e-05,0.0009052092000079118,"{""6"": 167, ""7"": 403}",4.862550423768907,7.308765522183866e-05
HK,1995,U,4,4,0.5,1.4155930159638814,0.8242789646093355,0.4253793999528916,0.018229166666666668,4.632331462343121e-05,0.0009251903212996346,"{""6"": 167, ""7"": 403}",4.853415677661232,7.35032909953859e-05
HK,1995,U,4,5,0.5,1.416336749152989,0.8210482549485795,0.4294112072064956,0.021484375,4.640339223285273e-05,0.0009245104997543716,"{""6"": 167, ""7"": 403}",4.852456639581549,7.343980857838055e-05
HK,1995,U,4,6,0.5,1.416980134133382,0.8191418860115434,0.43152557753781684,0.022135416666666668,4.6393715134566814e-05,0.0009210373190456382,"{""6"": 167, ""7"": 403}",4.852267646964035,7.334398675098828e-05
HK,1995,U,4,7,0.5,1.4171767879706176,0.8190192679487273,0.43167120165810097,0.022135416666666668,4.6435271702812374e-05,0.0009210464260660969,"{""6"": 167, ""7"": 403}",4.851519062394601,7.3377733725273e-05
HK,1995,U,4,8,0.5,1.4172566708741576,0.8189958364640549,0.4317016615485844,0.022135416666666668,4.6445597666086015e-05,0.0009210141562206388,"{""6"": 167, ""7"": 403}",4.851335654305491,7.338649467676872e-05
HK,1995,U,4,9,0.5,1.4173723563210705,0.8174778650370561,0.43324587203682646,0.024088541666666668,4.63513381950158e-05,0.0009344955297838617,"{""6"": 167, ""7"": 403}",4.8531511322008125,7.322812275964671e-05
HK,1995,U,4,10,0.5,1.4174356891984603,0.8174672554047461,0.43326473105808117,0.024088541666666668,4.6356276955452544e-05,0.0009345039593286867,"{""6"": 167, ""7"": 403}",4.853050591823175,7.323256475342402e-05
HK,1995,U,5,1,0.5,1.1720829158941533,0.7158143086364402,0.5424337889094543,0.072265625,0.00010443854996918547,0.001549346827432324,"{""8"": 654, ""9"": 85}",5.828801107699784,0.000132507466169926
HK,1995,U,5,2,0.5,1.1220240716880931,0.6365538493287847,0.6173670637059192,0.3274739583333333,0.00011666952056219092,0.0017933738423066348,"{""8"": 654, ""9"": 85}",5.866435139294769,0.00013883706798015655
HK,1995,U,5,3,0.5,1.1185289115863257,0.6253362340558684,0.6307712953599622,0.376953125,0.00011808387494438668,0.0018191476369290762,"{""8"": 654, ""9"": 85}",5.888206312450148,0.00013946075552954764
HK,1995,U,5,4,0.5,1.1171966761577636,0.6247693749524438,0.6327806208470516,0.384765625,0.00011709997653080408,0.0018174060876945024,"{""8"": 654, ""9"": 85}",5.911743298594692,0.00013844048324840628
HK,1995,U,5,5,0.5,1.1187209715282742,0.6265697551977074,0.6313615043018095,0.3860677083333333,0.00011619420411972032,0.001799858762576958,"{""8"": 654, ""9"": 85}",5.922156101034802,0.000137660847537771
HK,1995,U,5,6,0.5,1.119330591992263,0.6274949189788882,0.6306106902527348,0.3828125,0.00011586917643872839,0.001793356104823947,"{""8"": 654, ""9"": 85}",5.9245953672996645,0.00013740009746500195
HK,1995,U,5,7,0.5,1.1204754363657585,0.6274629106252639,0.6310024552426056,0.3854166666666667,0.00011571539857363228,0.0017954770541164762,"{""8"": 654, ""9"": 85}",5.928104738356845,0.00013724314543011714
HK,1995,U,5,8,0.5,1.1212656834037447,0.6274210987315828,0.6314932828196914,0.3873697916666667,0.00011557230667544418,0.0017941181423587747,"{""8"": 654, ""9"": 85}",5.932218156735919,0.00013709946659977676
HK,1995,U,5,9,0.5,1.1215574297357649,0.6274579037763918,0.6315224381016117,0.3873697916666667,0.00011558124145447943,0.00179373405002543,"{""8"": 654, ""9"": 85}",5.931966663334729,0.00013711111595581866
HK,1995,U,5,10,0.5,1.121633724153121,0.6274604746000553,0.6315363626932217,0.3873697916666667,0.00011558664309381002,0.0017936433629143162,"{""8"": 654, ""9"": 85}",5.931864226047997,0.00013711671697363913
HK,1995,U,6,1,0.884168130701023,1.1333269968954158,0.9987271328882056,0.07065397965761909,0.0,2.1126102312983426e-06,4.6615745368002115e-05,"{""10"": 6, ""11"": 23}",7.949311699397404,0.00011164630019854652
HK,1995,U,6,2,0.733483448767464,1.249266486218103,0.9803771898566417,0.1423113566413636,0.0,8.379512042222781e-06,0.00019955776761629418,"{""10"": 6, ""11"": 23}",7.958486564842141,0.00011452956428685234
HK,1995,U,6,3,0.5973650613357242,1.3195944321465494,0.9469235243296827,0.2115002229383262,0.0,1.7547365612649385e-05,0.0004186734661742877,"{""10"": 6, ""11"": 23}",7.963389936975412,0.00011754246982294209
HK,1995,U,6,4,0.5,1.3588525790710066,0.9042500996251377,0.27474938339308425,0.0013020833333333333,2.7411157494957992e-05,0.0006441950358900526,"{""10"": 6, ""11"": 23}",7.972510514791945,0.0001197837206438744
HK,1995,U,6,5,0.5,1.368132413707841,0.8666092110290361,0.3225011605126365,0.0078125,3.537319502368669e-05,0.0007966470502350535,"{""10"": 6, ""11"": 23}",7.9798407545935675,0.00012122920308295897
HK,1995,U,6,6,0.5,1.3639741254186624,0.839088585223342,0.35490602936567683,0.020833333333333332,4.091062018777145e-05,0.0008903496447696162,"{""10"": 6, ""11"": 23}",7.984987111871233,0.0001221090893325781
HK,1995,U,6,7,0.5,1.3540583334016791,0.8214146649696789,0.3751808660946517,0.031901041666666664,4.437112972265889e-05,0.0009458032919469671,"{""10"": 6, ""11"": 23}",7.988197039490082,0.000122619611264178
HK,1995,U,6,8,0.5,1.3454360959780838,0.8113722625903582,0.38660389146866764,0.041666666666666664,4.63055896625065e-05,0.0009769353978618107,"{""10"": 6, ""11"": 23}",7.990050804422555,0.0001229000371825863
HK,1995,U,6,9,0.5,1.340474454314016,0.8065169399032291,0.3921031647962577,0.046223958333333336,4.722468367624164e-05,0.0009921900260617426,"{""10"": 6, ""11"": 23}",7.990951727479156,0.00012302814813885049
HK,1995,U,6,10,0.5,1.3383585728170342,0.8045451585932512,0.3943339986935116,0.046875,4.75960640156194e-05,0.0009984153290348318,"{""10"": 6, ""11"": 23}",7.991229568045579,0.00012308057444948477
HK,1995,U,7,1,0.5,1.2427322730743422,0.9051016769080004,0.25169244097679694,0.006510416666666667,2.1502763497601e-05,0.0006303771457695867,"{""12"": 127, ""13"": 6}",9.956792112575805,0.00010903771846039111
HK,1995,U,7,2,0.5,1.354037550707158,0.8051249329496292,0.3767746516382538,0.09309895833333333,4.249782929876821e-05,0.0011456129695116752,"{""12"": 127, ""13"": 6}",9.923605137384826,0.00011467233577412567
HK,1995,U,7,3,0.5,1.4065235429218217,0.7592940502618305,0.4287436114730037,0.16145833333333334,5.3180175819394114e-05,0.0013093109697034184,"{""12"": 127, ""13"": 6}",9.889280158084894,0.00011815455765278187
HK,1995,U,7,4,0.5,1.4280778658857167,0.7362150031013043,0.4538254897031822,0.20833333333333334,5.8913268223319704e-05,0.001512663303857562,"{""12"": 127, ""13"": 6}",9.86269312455591,0.00012032386932931365
HK,1995,U,7,5,0.5,1.4382761598526395,0.7265506720183922,0.4667581734243819,0.22200520833333334,6.134228371945979e-05,0.0016177127162872668,"{""12"": 127, ""13"": 6}",9.872190243017458,0.00012131425889575978
HK,1995,U,7,6,0.5,1.445407638286034,0.7222534621554556,0.47358709969149204,0.22526041666666666,6.244123687135187e-05,0.0016503859925520678,"{""12"": 127, ""13"": 6}",9.88501581970196,0.00012178945167932019
HK,1995,U,7,7,0.5,1.4479310067351634,0.720491796662611,0.4763557278346882,0.23372395833333334,6.297005696850224e-05,0.0016723727586754602,"{""12"": 127, ""13"": 6}",9.884701800436039,0.00012207712111197673
HK,1995,U,7,8,0.5,1.4484438602860579,0.7198952756407948,0.4773281258080076,0.23697916666666666,6.31919901247123e-05,0.001685872775983522,"{""12"": 127, ""13"": 6}",9.881832515784527,0.00012222851877940067
HK,1995,U,7,9,0.5,1.4483233098735344,0.7198390640444495,0.4775439338253555,0.23828125,6.32516665318464e-05,0.0016926755207724298,"{""12"": 127, ""13"": 6}",9.879715572806443,0.00012229274606627937
HK,1995,U,7,10,0.5,1.4481845580022077,0.7199301661544769,0.4775326099116968,0.23893229166666666,6.325211966532337e-05,0.0016952333556266822,"{""12"": 127, ""13"": 6}",9.878723730996903,0.0001223164257901115
HK,1995,U,8,1,0.5,1.1447739112088275,0.7148296723815908,0.5507548601087675,0.359375,4.467716295684119e-05,0.0005891933048903119,"{""14"": 288, ""15"": 25}",11.570339792842928,0.0001040691530766678
HK,1995,U,8,2,0.5,1.129341665956659,0.6543340020649796,0.6406270453545496,0.4583333333333333,6.147955796655741e-05,0.0009022660872507104,"{""14"": 288, ""15"": 25}",11.544094729504355,0.00011034030898603349
HK,1995,U,8,3,0.5,1.1185479371501903,0.6305332058146722,0.669735762407827,0.4915364583333333,6.759168968394672e-05,0.0010750418063902004,"{""14"": 288, ""15"": 25}",11.540534643458386,0.00011250014181080215
HK,1995,U,8,4,0.5,1.1197031677163367,0.6205750771597832,0.6804044590627447,0.498046875,7.029575688523774e-05,0.001155460638514091,"{""14"": 288, ""15"": 25}",11.523505213739352,0.00011358390940486538
HK,1995,U,8,5,0.5,1.1161978075324699,0.6166306155467135,0.6848907799988618,0.5032552083333334,7.110832940804567e-05,0.0011879815667779432,"{""14"": 288, ""15"": 25}",11.533978404071345,0.00011375413491779079
HK,1995,U,8,6,0.5,1.1165558453684203,0.6150711145485129,0.6863910244311628,0.5065104166666666,7.1635173445776e-05,0.0012063193479126795,"{""14"": 288, ""15"": 25}",11.527469879906619,0.00011402775997781605
HK,1995,U,8,7,0.5,1.1165825866907533,0.6145317090028503,0.6869181838515012,0.5065104166666666,7.18188592524394e-05,0.0012127068992967432,"{""14"": 288, ""15"": 25}",11.525415683576705,0.00011412380920833144
HK,1995,U,8,8,0.5,1.116510240469772,0.6144052398227773,0.6870712345335961,0.5065104166666666,7.186351222882267e-05,0.0012143698046559403,"{""14"": 288, ""15"": 25}",11.52530639495902,0.00011414772369969113
HK,1995,U,8,9,0.5,1.1164018902963297,0.6143774023909291,0.6871151607977792,0.5065104166666666,7.186981424841056e-05,0.001214770759761477,"{""14"": 288, ""15"": 25}",11.52562015324252,0.00011414924633599546
HK,1995,U,8,10,0.5,1.1162543711295878,0.6143734766698282,0.6871286454665841,0.5065104166666666,7.186487237204846e-05,0.001214796664175293,"{""14"": 288, ""15"": 25}",11.526100021121813,0.00011414333303004372
HK,1995,U,9,1,0.5,1.2972257102209737,0.5351956789944302,0.6355658899180416,0.6829427083333334,6.0114120736843484e-05,0.0009966838191562395,"{""16"": 644, ""17"": 261}",14.415493346793404,8.96986941714865e-05
HK,1995,U,9,2,0.5,1.3069744363389681,0.5234812406991298,0.6585752284837343,0.7747395833333334,6.311917494991087e-05,0.0010391009561989744,"{""16"": 644, ""17"": 261}",14.510536725009292,9.104138290722279e-05
HK,1995,U,9,3,0.5,1.3173819340827926,0.525206965557344,0.6565275800246594,0.7623697916666666,6.350437531060378e-05,0.0010462414976223006,"{""16"": 644, ""17"": 261}",14.468591283957345,9.172646186492048e-05
HK,1995,U,9,4,0.5,1.326302709970774,0.5275761536828133,0.6531638621706193,0.751953125,6.368914672986603e-05,0.0010482097794289101,"{""16"": 644, ""17"": 261}",14.425215771066792,9.229774379911796e-05
HK,1995,U,9,5,0.5,1.3315658923317641,0.5283327537501353,0.651993125554678,0.75,6.371792148089331e-05,0.001051863678935112,"{""16"": 644, ""17"": 261}",14.412206795042072,9.245258268122837e-05
HK,1995,U,9,6,0.5,1.3309958082252862,0.5286318308421051,0.6515181770648865,0.7473958333333334,6.371872987506032e-05,0.0010523669394464554,"{""16"": 644, ""17"": 261}",14.407196139034689,9.250510155617704e-05
HK,1995,U,9,7,0.5,1.329521355255218,0.5288212057538945,0.6512325483429939,0.7447916666666666,6.371375549796931e-05,0.0010522890730566416,"{""16"": 644, ""17"": 261}",14.403667040856304,9.253471540969132e-05
HK,1995,U,9,8,0.5,1.3295224163668395,0.5289091345100531,0.651096215013657,0.7447916666666666,6.370854081472317e-05,0.0010522561660533671,"{""16"": 644, ""17"": 261}",14.402161450637974,9.25453361917742e-05
HK,1995,U,9,9,0.5,1.329667586048014,0.5289600166873503,0.6510168176691539,0.744140625,6.370675081389104e-05,0.001052240082682125,"{""16"": 644, ""17"": 261}",14.401284892336204,9.255258598381612e-05
HK,1995,U,9,10,0.5,1.3298242155877709,0.5289927899085697,0.6509643883874281,0.744140625,6.370462753665647e-05,0.001052246059362175,"{""16"": 644, ""17"": 261}",14.400766667639278,9.255621536947814e-05
HK,1995,U,10,1,0.5,1.5139472009126203,0.5671487995448109,0.721687363304015,0.7200520833333334,3.1380021859626076e-05,0.0005490714232361764,"{""18"": 736, ""19"": 18}",17.683597384125612,5.4511705393805955e-05
HK,1995,U,10,2,0.5,1.5988530189319403,0.5637637932143055,0.7476845232747081,0.7473958333333334,3.045948207478568e-05,0.00046570247079842446,"{""18"": 736, ""19"": 18}",17.869495073102478,5.337263175377812e-05
HK,1995,U,10,3,0.5,1.64331560357187,0.5638251723111766,0.7495792955523254,0.7526041666666666,3.08934487443124e-05,0.0004843618824493469,"{""18"": 736, ""19"": 18}",17.857342560251666,5.3820270912833883e-05
HK,1995,U,10,4,0.5,1.6725482947736334,0.567510573066808,0.7497221834038095,0.7473958333333334,3.14401671008958e-05,0.0004968375579842689,"{""18"": 736, ""19"": 18}",17.83972460914161,5.45340433119488e-05
HK,1995,U,10,5,0.5,1.6867404842887455,0.568909500741098,0.748937885688195,0.7408854166666666,3.149554342694172e-05,0.00050122198641164,"{""18"": 736, ""19"": 18}",17.844062951840307,5.465285218827501e-05
HK,1995,U,10,6,0.5,1.708450792858838,0.5721255701160889,0.7489088578142667,0.736328125,3.186247159146468e-05,0.0005014371175728606,"{""18"": 736, ""19"": 18}",17.83060048931913,5.516927473245564e-05
HK,1995,U,10,7,0.5,1.7127218364631671,0.5721493222722205,0.7485551158745789,0.7369791666666666,3.185204931779691e-05,0.0005062832679969297,"{""18"": 736, ""19"": 18}",17.833399792043725,5.5155341393442646e-05
HK,1995,U,10,8,0.5,1.71622178106538,0.5730091437134677,0.7484689450035126,0.7376302083333334,3.201377464017072e-05,0.000509569624886755,"{""18"": 736, ""19"": 18}",17.826034870322708,5.535579934458561e-05
HK,1995,U,10,9,0.5,1.7171284121109331,0.5731753030492116,0.7483933057673291,0.736328125,3.208798794497409e-05,0.0005113196838916608,"{""18"": 736, ""19"": 18}",17.824270442811148,5.543926780633146e-05
HK,1995,U,10,10,0.5,1.7189658685350728,0.5731037725535578,0.7486072940262178,0.7350260416666666,3.210929432595561e-05,0.0005123209848675313,"{""18"": 736, ""19"": 18}",17.824790429093127,5.546364703072757e-05
HK,1995,U,11,1,0.5,2.0,0.7758010166844382,0.8378553224922294,0.5625,0.0001007872135618582,0.0031467659697519174,"{""20"": 626, ""21"": 595, ""22"": 83}",16.04921646792376,0.00012616887926904976
HK,1995,U,11,2,0.5,2.0,0.7949726191375136,0.8614365917085904,0.4954427083333333,0.00011182310688849887,0.003467775755478165,"{""20"": 626, ""21"": 595, ""22"": 83}",15.612861693730448,0.0001391866312802857
HK,1995,U,11,3,0.5,2.0,0.806047298969434,0.8613295775053003,0.4609375,0.00011376028786529167,0.0034957943238387054,"{""20"": 626, ""21"": 595, ""22"": 83}",15.521548062925211,0.00014232804503771376
HK,1995,U,11,4,0.5,2.0,0.8141596036727682,0.8600240543332673,0.439453125,0.00011506555349505931,0.0035077554263397395,"{""20"": 626, ""21"": 595, ""22"": 83}",15.46474562436723,0.00014455216052471474
HK,1995,U,11,5,0.5,2.0,0.8197152645869239,0.8596045975210082,0.43359375,0.00011588564482063502,0.0035144018853024766,"{""20"": 626, ""21"": 595, ""22"": 83}",15.423877325739474,0.00014603205219776116
HK,1995,U,11,6,0.5,2.0,0.8244709535969862,0.8589348159801058,0.4303385416666667,0.00011657499377017893,0.00351728251459026,"{""20"": 626, ""21"": 595, ""22"": 83}",15.394611913333126,0.0001473126768108193
HK,1995,U,11,7,0.5,2.0,0.8278247398129945,0.858934335352727,0.4212239583333333,0.00011707727177020151,0.0035192618824430475,"{""20"": 626, ""21"": 595, ""22"": 83}",15.372747381519943,0.00014824092021000358
HK,1995,U,11,8,0.5,2.0,0.8304826294028375,0.8585940308503539,0.419921875,0.00011744015940184638,0.0035200189923303197,"{""20"": 626, ""21"": 595, ""22"": 83}",15.357891307068954,0.0001489459036638061
HK,1995,U,11,9,0.5,2.0,0.8317308061866203,0.8585468322766481,0.4192708333333333,0.00011760996165200772,0.0035206226280068975,"{""20"": 626, ""21"": 595, ""22"": 83}",15.3507402673682,0.0001492785435842679
HK,1995,U,11,10,0.5,2.0,0.8325164040707557,0.8584923438918483,0.41796875,0.00011772546844630672,0.0035210250491672234,"{""20"": 626, ""21"": 595, ""22"": 83}",15.346228070123065,0.00014949664636612763
HK,1995,R,2,1,0.8526952069512427,1.1107158716123857,0.9971376041335978,0.09230602059989688,0.0,7.529826629992471e-06,0.0006177979032314214,"{""2"": 34, ""3"": 252}",1.9790772148175348,7.529826629992471e-06
HK,1995,R,2,2,0.7665566468965445,1.1529918925234128,0.9868213883417672,0.1301047644469158,0.0,1.6559014706676684e-05,0.0009188553354595693,"{""2"": 34, ""3"": 252}",1.9400185004459776,1.6559014706676684e-05
HK,1995,R,2,3,0.6897890464352286,1.170028587933362,0.9769803393147685,0.1591536017165027,0.0,2.46573778720944e-05,0.0010419093432080789,"{""2"": 34, ""3"": 252}",1.9060226684402566,2.46573778720944e-05
HK,1995,R,2,4,0.6277856922985428,1.1853739654582622,0.967001650728732,0.18203560091586163,0.0,3.161832784636176e-05,0.0011209733862217331,"{""2"": 34, ""3"": 252}",1.879539859234626,3.161832784636176e-05
HK,1995,R,2,5,0.5892483367869901,1.1874464368296118,0.9609727398798288,0.1952119440512322,0.0,3.55596563649708e-05,0.0011529118243295109,"{""2"": 34, ""3"": 252}",1.8654821689168946,3.55596563649708e-05
HK,1995,R,2,6,0.5697178274900649,1.1871615207054846,0.9574472893068741,0.2025475535560553,0.0,3.776274816763138e-05,0.0011641304131592457,"{""2"": 34, ""3"": 252}",1.8577795526272332,3.776274816763138e-05
HK,1995,R,2,7,0.5620819315286956,1.1868492897054845,0.9563011103028419,0.20493314249897912,0.0,3.852475322878943e-05,0.0011706564449082656,"{""2"": 34, ""3"": 252}",1.8550882828421758,3.852475322878943e-05
HK,1995,R,2,8,0.558493391274142,1.189063489031929,0.9547558626753041,0.20685320328608475,0.0,3.90156247369869e-05,0.001172767179833067,"{""2"": 34, ""3"": 252}",1.853151636170709,3.90156247369869e-05
HK,1995,R,2,9,0.5576441972977477,1.18901939543361,0.9546235505021011,0.20712664539302988,0.0,3.910161272903519e-05,0.0011735020708353472,"{""2"": 34, ""3"": 252}",1.8528468488848784,3.910161272903519e-05
HK,1995,R,2,10,0.557416680809496,1.1890006269664262,0.9545882130562372,0.20720293959831557,0.0,3.912480041636437e-05,0.0011737130162745276,"{""2"": 34, ""3"": 252}",1.8527630289763344,3.912480041636437e-05
HK,1995,R,3,1,0.8298456419264294,1.1750388655151092,0.983449807889139,0.0675484920413278,0.0,4.947522033992729e-06,8.273573354574159e-05,"{""4"": 488, ""5"": 3}",3.8137313618832254,2.3904580282177747e-05
HK,1995,R,3,2,0.8232439398100552,1.1839248499493742,0.9734419087427336,0.10060315974425006,0.0,8.725885081236609e-06,0.00013273937817861268,"{""4"": 488, ""5"": 3}",3.7767807387226195,2.7164919197889655e-05
HK,1995,R,3,3,0.7386333663304525,1.1846347651863172,0.9596236325928306,0.1416737884013883,0.0,1.5146782443827573e-05,0.0002096137292112875,"{""4"": 488, ""5"": 3}",3.7247211709857835,3.2925897090874487e-05
HK,1995,R,3,4,0.6958012105309801,1.1822853073222712,0.9518122757854889,0.1581587736130065,0.0,1.9201100983833544e-05,0.00023392574758830087,"{""4"": 488, ""5"": 3}",3.6929623655631083,3.66542413090362e-05
HK,1995,R,3,5,0.6849454904693092,1.1850001149949294,0.9432277466427904,0.17215381427193052,0.0,2.21480447209606e-05,0.0002526753650641951,"{""4"": 488, ""5"": 3}",3.6717866401654806,3.9210305372175916e-05
HK,1995,R,3,6,0.672852039037907,1.2030719683856745,0.9385383781912924,0.18276890244602842,0.0,2.3701399389219605e-05,0.0002706742953206057,"{""4"": 488, ""5"": 3}",3.662881476630721,4.0552003186642465e-05
HK,1995,R,3,7,0.6321591905314521,1.2047169293443565,0.9322462905908635,0.19653273423754605,0.0,2.6732037510831993e-05,0.00033232504660259663,"{""4"": 488, ""5"": 3}",3.6406278092876976,4.3368988956902815e-05
HK,1995,R,3,8,0.6207387774954497,1.2061011265887254,0.9303333482716103,0.20038585129486644,0.0,2.7602832268934042e-05,0.0003553998850465201,"{""4"": 488, ""5"": 3}",3.634513686101079,4.417841980843446e-05
HK,1995,R,3,9,0.6176219992690467,1.2076760034942122,0.92863492483697,0.2023597279517477,0.0,2.8296819905601774e-05,0.00036025165286228053,"{""4"": 488, ""5"": 3}",3.6292240643860296,4.4791374030636845e-05
HK,1995,R,3,10,0.6172645342442875,1.2090739858978672,0.9282185337932942,0.20291716831751705,0.0,2.8474562474066278e-05,0.0003622741847679952,"{""4"": 488, ""5"": 3}",3.6277818164433757,4.495242541921119e-05
HK,1995,R,4,1,0.5906055738362679,1.2547150745223286,0.8972797274002685,0.23698311225697513,0.0,3.548806688871514e-05,0.0005903880303201542,"{""6"": 167, ""7"": 403}",5.5349358386470335,6.008245634341675e-05
HK,1995,R,4,2,0.5,1.2410493207072943,0.7763412724191262,0.38735968895930606,0.11393229166666667,7.043317303050807e-05,0.0018158905260660238,"{""6"": 167, ""7"": 403}",5.288794227565736,9.062021792300201e-05
HK,1995,R,4,3,0.5,1.2747927710185862,0.722044947441848,0.49769524692346084,0.3294270833333333,8.39735453075444e-05,0.0022189336542832584,"{""6"": 167, ""7"": 403}",5.265767712674577,0.00010213224132748823
HK,1995,R,4,4,0.5,1.2628652150971944,0.7105916556852011,0.524278423024801,0.3463541666666667,8.699516075309159e-05,0.002098083246152521,"{""6"": 167, ""7"": 403}",5.250094606019509,0.00010452073312485482
HK,1995,R,4,5,0.5,1.2739183709207067,0.7003153219299886,0.5528636003050643,0.3268229166666667,9.22133011984076e-05,0.002109783171584118,"{""6"": 167, ""7"": 403}",5.214085590487605,0.00010905452675245835
HK,1995,R,4,6,0.5,1.263106694833369,0.693070767966435,0.5626072924003959,0.3177083333333333,9.219178281660806e-05,0.0019909435674582117,"{""6"": 167, ""7"": 403}",5.171518928699955,0.00010855540626431198
HK,1995,R,4,7,0.5,1.2525112887962941,0.6908672117650786,0.5632736748594613,0.3098958333333333,9.142823843888079e-05,0.0019347818304286503,"{""6"": 167, ""7"": 403}",5.148614202441879,0.00010762433705126714
HK,1995,R,4,8,0.5,1.2484902917339733,0.6902799905875604,0.5633809383712302,0.3072916666666667,9.113567124489647e-05,0.0019178648868690186,"{""6"": 167, ""7"": 403}",5.141886337441248,0.000107284788834754
HK,1995,R,4,9,0.5,1.2473989319329823,0.6891802397507382,0.5644393231444843,0.3072916666666667,9.104562231058122e-05,0.0019124479058352283,"{""6"": 167, ""7"": 403}",5.138739119955835,0.00010711503692143219
HK,1995,R,4,10,0.5,1.2471063144528411,0.689120651456613,0.5644237739725423,0.306640625,9.100244085364865e-05,0.0019095636103822007,"{""6"": 167, ""7"": 403}",5.1379448133263725,0.00010706672785300426
HK,1995,R,5,1,0.5,1.1094402653782887,0.8619436002298593,0.31484746740120406,0.0006510416666666666,3.3546179803560184e-05,0.0008024484410144992,"{""8"": 654, ""9"": 85}",6.950082536880696,8.993110069406653e-05
HK,1995,R,5,2,0.5,1.168085172239748,0.6526741460849959,0.5395909876500034,0.13411458333333334,7.796516770033478e-05,0.0012784666466462342,"{""8"": 654, ""9"": 85}",6.597420460253998,0.00011152956804453666
HK,1995,R,5,3,0.5,1.106659720496665,0.6128813915537623,0.5979193530481799,0.22135416666666666,8.664914165107802e-05,0.001267479921674108,"{""8"": 654, ""9"": 85}",6.484004692205961,0.0001183979745523188
HK,1995,R,5,4,0.5,1.1199661159057768,0.6494687340985621,0.5788465799018147,0.13541666666666666,8.301288505741668e-05,0.001242007220300111,"{""8"": 654, ""9"": 85}",6.286949181743445,0.00011883347100639919
HK,1995,R,5,5,0.5,1.1188751547271667,0.6467268413217956,0.5820530187298716,0.13606770833333334,8.317322660333172e-05,0.0012476779908072353,"{""8"": 654, ""9"": 85}",6.252531703274561,0.0001185436497072545
HK,1995,R,5,6,0.5,1.1203730800322391,0.6474284134169958,0.5826619421143583,0.13541666666666666,8.296875273256458e-05,0.0012395810132698375,"{""8"": 654, ""9"": 85}",6.249005820963992,0.00011842478761429891
HK,1995,R,5,7,0.5,1.114617896516064,0.6472025848110871,0.5833820011706987,0.13736979166666666,8.291826183158553e-05,0.0012377281547582251,"{""8"": 654, ""9"": 85}",6.249816803898351,0.00011838213345249574
HK,1995,R,5,8,0.5,1.1115380770764836,0.6466008515117243,0.5840342182057708,0.13997395833333334,8.284059106118968e-05,0.0012393709816836008,"{""8"": 654, ""9"": 85}",6.251742910701518,0.00011825568733876925
HK,1995,R,5,9,0.5,1.1116189041287796,0.6470758479417067,0.5838267067916165,0.13932291666666666,8.280814039637802e-05,0.0012389207188528819,"{""8"": 654, ""9"": 85}",6.251482414957874,0.00011829334159470469
HK,1995,R,5,10,0.5,1.1117185735092583,0.6472810950532998,0.5837474138906403,0.13997395833333334,8.279500370209703e-05,0.0012387149865066564,"{""8"": 654, ""9"": 85}",6.2513685851997565,0.00011831022498024689
HK,1995,R,6,1,0.8950303041694406,1.0965131001272075,0.9987155310571767,0.07801465651765062,0.0,1.5660369519288494e-06,2.9800996232212718e-05,"{""10"": 6, ""11"": 23}",8.336543500821827,9.601066250607222e-05
HK,1995,R,6,2,0.805990519357347,1.1590532395404547,0.9921590355546245,0.130538191296747,0.0,4.334820161114489e-06,9.459384412160803e-05,"{""10"": 6, ""11"": 23}",8.374797444324756,9.773762359308493e-05
HK,1995,R,6,3,0.7602838516555459,1.173054283471072,0.9778361656614356,0.1614079346784736,0.0,6.630864926353085e-06,0.00013624366880364596,"{""10"": 6, ""11"": 23}",8.419542553131873,9.753459431165942e-05
HK,1995,R,6,4,0.7226326248492647,1.1853304723978453,0.9617373297835948,0.18308250128507605,0.0,8.410124314402987e-06,0.00015248823460218213,"{""10"": 6, ""11"": 23}",8.451453658805711,9.648398564167e-05
HK,1995,R,6,5,0.7059253907316537,1.1919275649698247,0.9464899023512912,0.19731103984528212,0.0,9.557238611423926e-06,0.00016667867614862238,"{""10"": 6, ""11"": 23}",8.473901454374229,9.495892882302803e-05
HK,1995,R,6,6,0.6714209849890682,1.191262812812387,0.933893069965985,0.20753116580174946,0.0,1.0339713506920595e-05,0.00018506313139776668,"{""10"": 6, ""11"": 23}",8.487378170188215,9.355865729548264e-05
HK,1995,R,6,7,0.6365433425626809,1.187260800525965,0.9243934522343431,0.21509271289330265,0.0,1.0909310931129544e-05,0.00019305063479172312,"{""10"": 6, ""11"": 23}",8.493815239666283,9.250021624918039e-05
HK,1995,R,6,8,0.6145747508726742,1.1830111598998172,0.9182752619600544,0.21995379580406715,0.0,1.1263663746267694e-05,0.00019507317644976323,"{""10"": 6, ""11"": 23}",8.496153564113335,9.181245530415612e-05
HK,1995,R,6,9,0.6027008576204228,1.1829685966755572,0.9150008368770212,0.22262733924350975,0.0,1.1453745669457541e-05,0.00019510576038034687,"{""10"": 6, ""11"": 23}",8.496581848845569,9.144764278418374e-05
HK,1995,R,6,10,0.597206356499184,1.1837191957050666,0.9135065585782213,0.22386629602669356,0.0,1.154251013561125e-05,0.00019495396087195344,"{""10"": 6, ""11"": 23}",8.496554162503518,9.128419153082801e-05
HK,1995,R,7,1,0.7829391488957885,1.1199800201014105,0.9512714293394077,0.13426380969633916,0.0,6.537004361477121e-06,0.00014463412821732693,"{""12"": 127, ""13"": 6}",10.594921274987383,7.547844981432631e-05
HK,1995,R,7,2,0.508577415428065,1.198249496928333,0.8427937252175467,0.29009413615982765,0.0,2.316418539457302e-05,0.0004141912274246776,"{""12"": 127, ""13"": 6}",10.60407394232902,7.75229403771216e-05
HK,1995,R,7,3,0.5,1.2590729805686456,0.6854607899398153,0.4583014825471127,0.13346354166666666,4.182974465140063e-05,0.0006773510441988183,"{""12"": 127, ""13"": 6}",10.652183357903711,7.883616496712055e-05
HK,1995,R,7,4,0.5,1.2814472390416494,0.6011012168452295,0.550286482533583,0.3932291666666667,5.325136007959135e-05,0.001096352328889959,"{""12"": 127, ""13"": 6}",10.742378201615283,8.200591560828542e-05
HK,1995,R,7,5,0.5,1.290431181230186,0.5676263188854341,0.5959419877304032,0.5481770833333334,5.889200762378686e-05,0.0014475131140609498,"{""12"": 127, ""13"": 6}",10.82842304046208,8.446803263287777e-05
HK,1995,R,7,6,0.5,1.294477734574212,0.5515955601248468,0.623649592738151,0.646484375,6.176419854654495e-05,0.001721177095424154,"{""12"": 127, ""13"": 6}",10.900331113066386,8.582110079815222e-05
HK,1995,R,7,7,0.5,1.2976429090898376,0.5427080926693336,0.6434474517390274,0.7076822916666666,6.374803326850128e-05,0.001959420400720861,"{""12"": 127, ""13"": 6}",10.952545514482761,8.697104749394732e-05
HK,1995,R,7,8,0.5,1.2963799098097486,0.5385118894415928,0.655093804460206,0.736328125,6.493015230440856e-05,0.002107391425645073,"{""12"": 127, ""13"": 6}",10.979186889762378,8.775487265263588e-05
HK,1995,R,7,9,0.5,1.2929353636133316,0.536867325103104,0.6607264860247019,0.7486979166666666,6.552017531686662e-05,0.0021711361032022915,"{""12"": 127, ""13"": 6}",10.988391554923524,8.81860885673528e-05
HK,1995,R,7,10,0.5,1.2907305954770283,0.5362474877192739,0.6630879893710734,0.7571614583333334,6.576957053675303e-05,0.0021954366791107046,"{""12"": 127, ""13"": 6}",10.991495178062358,8.837362086979545e-05
HK,1995,R,8,1,0.5,1.4041670309061458,0.6189200569209665,0.5184925268448289,0.24934895833333334,1.9496748191874196e-05,0.0004817528402400437,"{""14"": 288, ""15"": 25}",13.366884675515637,4.930754475670628e-05
HK,1995,R,8,2,0.5,0.7997167993844818,0.5017451868200747,0.7411107458617836,0.9752604166666666,2.3267405959141096e-05,0.0014815474161415283,"{""14"": 288, ""15"": 25}",13.946610755756492,4.234000826075188e-05
HK,1995,R,8,3,0.5,0.5926636532550754,0.5001950490778048,0.8184482842581989,0.9954427083333334,2.4982269511352426e-05,0.0005588026568341961,"{""14"": 288, ""15"": 25}",14.12205849840258,4.39317421795588e-05
HK,1995,R,8,4,0.5,0.6125065610838791,0.5002570015623434,0.8972936468148394,0.9967447916666666,2.760640300964727e-05,0.0006095679139111417,"{""14"": 288, ""15"": 25}",14.107636495990256,4.655748727243281e-05
HK,1995,R,8,5,0.5,0.6499829156973739,0.5005115890735784,0.9261532887715272,0.9934895833333334,2.8079647488161926e-05,0.0006105996862735149,"{""14"": 288, ""15"": 25}",14.074283725904237,4.704297610030429e-05
HK,1995,R,8,6,0.5,0.678314690085313,0.500710354556345,0.9317239257022997,0.9915364583333334,2.9706641603789913e-05,0.0007644907616159869,"{""14"": 288, ""15"": 25}",13.993809209000922,4.868000721852788e-05
HK,1995,R,8,7,0.5,0.6794933857744976,0.5005166822187154,0.9336621217828304,0.9928385416666666,2.9102743740838898e-05,0.0005070436107876907,"{""14"": 288, ""15"": 25}",13.92295181290108,4.806665988862658e-05
HK,1995,R,8,8,0.5,0.639370964692368,0.5004020656167057,0.9442364895915758,0.9947916666666666,2.7815421215942866e-05,0.0004248782005959233,"{""14"": 288, ""15"": 25}",13.912072591955182,4.677284363887799e-05
HK,1995,R,8,9,0.5,0.6344615528694668,0.5003567791297358,0.9494855319008413,0.9954427083333334,2.753518692064842e-05,0.00045467807923798095,"{""14"": 288, ""15"": 25}",13.9105914616323,4.6490290670054964e-05
HK,1995,R,8,10,0.5,0.6325375991963422,0.5003366561858672,0.9524597160770314,0.99609375,2.7473218173861555e-05,0.0004436510270377307,"{""14"": 288, ""15"": 25}",13.909574763850191,4.6427037298128956e-05
HK,1995,R,9,1,0.5,1.864830807475047,0.6317809335998693,0.6330924865046292,0.5162760416666666,6.474592544368829e-06,8.512521701088464e-05,"{""16"": 644, ""17"": 261}",15.71632452040745,2.2709463319100336e-05
HK,1995,R,9,2,0.5,1.502494804487191,0.5899638597166391,0.8192253621194793,0.6438802083333334,1.8676529734688327e-05,0.0003386692571299185,"{""16"": 644, ""17"": 261}",15.228483173257803,3.338635908935309e-05
HK,1995,R,9,3,0.5,1.814941489318876,0.5773222006237688,0.9516347866432205,0.7154947916666666,2.408913696320131e-05,0.0007124550207799666,"{""16"": 644, ""17"": 261}",15.140904701315076,3.802136066653221e-05
HK,1995,R,9,4,0.5,2.0,0.653449602365758,1.1589025148200285,0.7239583333333334,3.990203053755661e-05,0.0007062231324927483,"{""16"": 644, ""17"": 261}",14.8027553153766,5.849724016324622e-05
HK,1995,R,9,5,0.5,2.0,0.6305150056137325,1.2281755203440479,0.7454427083333334,4.077297508623336e-05,0.0016262119812908429,"{""16"": 644, ""17"": 261}",14.785851277647069,5.832254486135369e-05
HK,1995,R,9,6,0.5,2.0,0.6100014391132005,1.2935508358640602,0.7584635416666666,4.428905835018462e-05,0.0013274356046751377,"{""16"": 644, ""17"": 261}",14.74262603751745,6.065728318759121e-05
HK,1995,R,9,7,0.5,2.0,0.5961931023617992,1.3238370235797827,0.76953125,4.004855429512002e-05,0.0012627489359145448,"{""16"": 644, ""17"": 261}",14.881626701763789,5.5628466451859014e-05
HK,1995,R,9,8,0.5,2.0,0.5940583088649463,1.335675153520939,0.7838541666666666,4.0303621694860655e-05,0.001132716451185266,"{""16"": 644, ""17"": 261}",14.893646576699624,5.5793942697855005e-05
HK,1995,R,9,9,0.5,2.0,0.5940802040349288,1.3402282082580148,0.7825520833333334,4.097750611166298e-05,0.0010730164497402732,"{""16"": 644, ""17"": 261}",14.886203221800407,5.647467008777187e-05
HK,1995,R,9,10,0.5,2.0,0.5948955312648819,1.3422662743887777,0.783203125,4.144080625743633e-05,0.0010486782067796207,"{""16"": 644, ""17"": 261}",14.878681039014513,5.700119312718236e-05
HK,1995,R,10,1,0.5,2.0,0.6274750074435752,0.8519374647541226,0.525390625,3.248989957717089e-05,0.0016380551882416174,"{""18"": 736, ""19"": 18}",16.87247579213087,5.648209889381789e-05
HK,1995,R,10,2,0.5,1.4125917852508727,0.5304277141650874,1.0638640127216268,0.8509114583333334,1.9902507784026602e-05,0.0006920902885505232,"{""18"": 736, ""19"": 18}",17.54650423363745,3.539868720316614e-05
HK,1995,R,10,3,0.5,1.2374072612392277,0.5150193037557694,1.1391661793244032,0.919921875,2.1832934462945287e-05,0.0011295586230403221,"{""18"": 736, ""19"": 18}",17.559689987191497,3.594302304562773e-05
HK,1995,R,10,4,0.5,1.571633931512542,0.542469155643118,1.144796185645416,0.8209635416666666,3.826542721293129e-05,0.0017653206562632604,"{""18"": 736, ""19"": 18}",16.92121198991022,5.6126226233701834e-05
HK,1995,R,10,5,0.5,1.2309829319910912,0.5144272736922457,1.1821157440259666,0.91796875,2.6759678969957618e-05,0.001452917047296353,"{""18"": 736, ""19"": 18}",17.338239694126152,4.15583751650034e-05
HK,1995,R,10,6,0.5,1.204568148362861,0.5211058641946377,1.1800001945899519,0.89453125,3.006484457176835e-05,0.0014493388799884407,"{""18"": 736, ""19"": 18}",17.183343280284582,4.527219127755212e-05
HK,1995,R,10,7,0.5,1.4080073642683337,0.5241967162852305,1.182296125865324,0.8893229166666666,3.256934553825275e-05,0.0012509472172115548,"{""18"": 736, ""19"": 18}",17.048104609564604,4.6829689264650965e-05
HK,1995,R,10,8,0.5,1.1808762141538653,0.5176153745900717,1.1840287289594653,0.9016927083333334,2.8014529425499937e-05,0.0009402379808090036,"{""18"": 736, ""19"": 18}",17.162530940625743,4.1957370220326446e-05
HK,1995,R,10,9,0.5,1.1614774154743845,0.5160637216240295,1.1840125256887966,0.9088541666666666,2.6944215608559464e-05,0.0008136163914422625,"{""18"": 736, ""19"": 18}",17.182511566655357,4.076069889544482e-05
HK,1995,R,10,10,0.5,1.242969941325039,0.5156146953768111,1.183928202608765,0.9114583333333334,2.6688187011370524e-05,0.0007746146240293698,"{""18"": 736, ""19"": 18}",17.18830803977779,4.048736256313188e-05
HK,1995,R,11,1,0.5,1.7580887645459546,0.5327375762921148,0.851051772748374,0.8658854166666666,1.5144766885248727e-05,0.00032790073152386937,"{""20"": 626, ""21"": 595, ""22"": 83}",19.612892452868707,2.5761672668091577e-05
HK,1995,R,11,2,0.5,1.4937294505864795,0.5324868581019776,0.9563672193776455,0.853515625,2.1965569482077733e-05,0.0005609144539470172,"{""20"": 626, ""21"": 595, ""22"": 83}",19.16063012317529,3.264002794715181e-05
HK,1995,R,11,3,0.5,2.0,0.6532882985639042,1.2058704529522986,0.6979166666666666,5.4393227694012264e-05,0.0022409225328499224,"{""20"": 626, ""21"": 595, ""22"": 83}",17.757545593257753,7.441854674873754e-05
HK,1995,R,11,4,0.5,2.0,0.6183808223492104,1.2867447386008044,0.7252604166666666,5.0785484522513625e-05,0.001139942938604294,"{""20"": 626, ""21"": 595, ""22"": 83}",17.914550439852317,6.74560822756392e-05
HK,1995,R,11,5,0.5,2.0,0.6801969030407332,1.3375618218775827,0.7421875,9.088144068793472e-05,0.0077591925994468305,"{""20"": 626, ""21"": 595, ""22"": 83}",16.589482690543534,0.00011360593402687208
HK,1995,R,11,6,0.5,2.0,0.6962055139506468,1.3441670451017784,0.6985677083333334,9.781945490414925e-05,0.00454498156330067,"{""20"": 626, ""21"": 595, ""22"": 83}",16.468663043374114,0.00012058799334002188
HK,1995,R,11,7,0.5,2.0,0.7009273234077135,1.341901070693451,0.69140625,0.00010138311672238733,0.004434229031330581,"{""20"": 626, ""21"": 595, ""22"": 83}",16.380250214606498,0.0001247190230936747
HK,1995,R,11,8,0.5,2.0,0.6995517986276726,1.3322319099235567,0.69921875,0.00010100747603039357,0.004470802284036955,"{""20"": 626, ""21"": 595, ""22"": 83}",16.39367723461835,0.0001245606676032184
HK,1995,R,11,9,0.5,2.0,0.6979303651615797,1.329754637005686,0.6985677083333334,0.00010021168737733286,0.004470693317018879,"{""20"": 626, ""21"": 595, ""22"": 83}",16.41893515821419,0.00012367600988236744
HK,1995,R,11,10,0.5,2.0,0.6981556430231485,1.329594315652831,0.69921875,0.00010045439331772168,0.004459818041804001,"{""20"": 626, ""21"": 595, ""22"": 83}",16.41159027180057,0.0001239582557009636
ISIC,1993,U,2,1,0.7412068163547842,1.1584335520231872,0.9535941539631381,0.16033327685482923,0.0,3.0816953183176856e-05,0.0006704102955706693,"{""2"": 1306, ""3"": 27}",1.893486100489429,3.0816953183176856e-05
ISIC,1993,U,2,2,0.7118256953194321,1.1712709623212283,0.9429888997627067,0.1711441001424116,0.0,3.578176721802669e-05,0.0007748615008815768,"{""2"": 1306, ""3"": 27}",1.8739325974292773,3.578176721802669e-05
ISIC,1993,U,2,3,0.7163640011519666,1.1555146480557374,0.9450695599976409,0.16663249499233118,0.0,3.543171094284664e-05,0.0007156761915127095,"{""2"": 1306, ""3"": 27}",1.879033419905196,3.543171094284664e-05
ISIC,1993,U,2,4,0.7158212519449134,1.1497415956651251,0.9459084122631091,0.16588201871856026,0.0,3.5712392630543854e-05,0.0006894454821952289,"{""2"": 1306, ""3"": 27}",1.8794276543106676,3.5712392630543854e-05
ISIC,1993,U,2,5,0.733444228310638,1.1549860404321726,0.9501168992879951,0.16198247569559124,0.0,3.3691027803467475e-05,0.0006485986517335948,"{""2"": 1306, ""3"": 27}",1.8853368751097441,3.3691027803467475e-05
ISIC,1993,U,2,6,0.7396104740979005,1.15668402532855,0.9513006089100801,0.16088303506379226,0.0,3.329367094874331e-05,0.0006467588238796512,"{""2"": 1306, ""3"": 27}",1.88643545877613,3.329367094874331e-05
ISIC,1993,U,2,7,0.7343031182822823,1.1596437761350729,0.9503719450986186,0.16215133871551163,0.0,3.388827598369811e-05,0.0006709949214840057,"{""2"": 1306, ""3"": 27}",1.8844762017052008,3.3888275983698105e-05
ISIC,1993,U,2,8,0.7342068026942845,1.1602087652283588,0.9505112730491008,0.1621364355709372,0.0,3.399679491576139e-05,0.0006756479200081961,"{""2"": 1306, ""3"": 27}",1.8841702336490214,3.399679491576139e-05
ISIC,1993,U,2,9,0.7350177744549066,1.1585585905764326,0.9508489300718059,0.16177513883622782,0.0,3.390236197427687e-05,0.0006767687795180841,"{""2"": 1306, ""3"": 27}",1.884855935365684,3.390236197427686e-05
ISIC,1993,U,2,10,0.7346860505752706,1.158083103954023,0.9508469267649371,0.161782291654212,0.0,3.3933488655980204e-05,0.0006784414818473724,"{""2"": 1306, ""3"": 27}",1.884820790320891,3.3933488655980204e-05
ISIC,1993,U,3,1,0.8806289284468061,1.1323649822383184,1.0045660314579319,0.10906000507009378,0.0,9.818293281255121e-06,0.0002205899837123578,"{""4"": 256, ""5"": 44}",3.8416459741547664,2.7103800908734218e-05
ISIC,1993,U,3,2,0.8533057779073596,1.1960690146916853,0.9990792757485352,0.14472854562174717,0.0,1.736197381776811e-05,0.0007263701294675895,"{""4"": 256, ""5"": 44}",3.796050419032964,3.439545490386231e-05
ISIC,1993,U,3,3,0.834830677894276,1.2576437522495105,0.9954728335279266,0.16006964656485304,0.0,2.124128582265876e-05,0.0011003659446085867,"{""4"": 256, ""5"": 44}",3.769903803745666,3.811672930560467e-05
ISIC,1993,U,3,4,0.8259976143300555,1.2678644418873066,0.9941153371333661,0.1676827389534103,0.0,2.308979063602279e-05,0.001139459424681126,"{""4"": 256, ""5"": 44}",3.760251429592122,3.990110590433419e-05
ISIC,1993,U,3,5,0.8220020130148479,1.273484966491534,0.9935110934867902,0.1710352630090491,0.0,2.3925841938264145e-05,0.0011517261173329247,"{""4"": 256, ""5"": 44}",3.755705381357105,4.0708360639795625e-05
ISIC,1993,U,3,6,0.8206834389757055,1.2782555454775593,0.9932218285805807,0.17237911139980056,0.0,2.4298087118911945e-05,0.001162964598687327,"{""4"": 256, ""5"": 44}",3.7531011533684726,4.106743133031252e-05
ISIC,1993,U,3,7,0.8202621805446405,1.2811185392614015,0.9930444975150438,0.17299406275590548,0.0,2.450482662103985e-05,0.00117310878535207,"{""4"": 256, ""5"": 44}",3.751314611587135,4.126673500916952e-05
ISIC,1993,U,3,8,0.8199412197852947,1.2826857800563778,0.9929441097561326,0.17320598583444885,0.0,2.4594290004607512e-05,0.001182409375452393,"{""4"": 256, ""5"": 44}",3.7504192978842186,4.135214177293092e-05
ISIC,1993,U,3,9,0.8199190993865031,1.2826062693150144,0.9929244954974651,0.17327632988905858,0.0,2.4622633585715257e-05,0.0011819133785065238,"{""4"": 256, ""5"": 44}",3.7501877630164557,4.137986324899426e-05
ISIC,1993,U,3,10,0.8199328663124379,1.2824700242551719,0.9929216618355453,0.17329850596062427,0.0,2.46313277180771e-05,0.0011811327018014387,"{""4"": 256, ""5"": 44}",3.7501239916895686,4.138847454033529e-05
ISIC,1993,U,4,1,0.6312424603926358,1.288728160197923,0.9247129753043891,0.3097438972572224,0.0,8.953791008246157e-05,0.002720813807396762,"{""6"": 2835, ""7"": 3263}",4.963333757738299,0.00011314391119899385
ISIC,1993,U,4,2,0.5877023218447585,1.2178492872564175,0.8970002684691231,0.32757517998180863,0.0,0.00010935609989613962,0.0017957114080931287,"{""6"": 2835, ""7"": 3263}",4.8208272508630134,0.00013244479127330383
ISIC,1993,U,4,3,0.5,1.2179902470272186,0.848320995423466,0.35864527194087537,0.0006510416666666666,0.0001368840392616172,0.0025567982252798663,"{""6"": 2835, ""7"": 3263}",4.5930299043309155,0.00015702972205879878
ISIC,1993,U,4,4,0.5043232470795418,1.2184966276399616,0.869064930956078,0.33405192862085564,0.0,0.0001271943646893752,0.002545524319851004,"{""6"": 2835, ""7"": 3263}",4.668816601839177,0.00014925671157522825
ISIC,1993,U,4,5,0.5156513831757376,1.180059434090567,0.8552150459441247,0.34309894836552024,0.0,0.00013713179910235717,0.002255943891828423,"{""6"": 2835, ""7"": 3263}",4.614507640688823,0.00015848915282878418
ISIC,1993,U,4,6,0.5119178476434206,1.1763353078710774,0.8625730281984968,0.3393831400397983,0.0,0.00013909409468030904,0.00220487296806507,"{""6"": 2835, ""7"": 3263}",4.596327620321071,0.00016073388264311708
ISIC,1993,U,4,7,0.5,1.1804680095491078,0.8248340602295231,0.3689155947520055,0.001953125,0.0001558037484187566,0.002744725601722914,"{""6"": 2835, ""7"": 3263}",4.472309080551994,0.00017554659373174574
ISIC,1993,U,4,8,0.5,1.1935414533930515,0.8222021145302153,0.37397591608162845,0.001953125,0.00015774146351294656,0.0029297365150720966,"{""6"": 2835, ""7"": 3263}",4.4495878843271335,0.00017754095018415104
ISIC,1993,U,4,9,0.5,1.1909540635160853,0.8213287420809466,0.37925174683244145,0.001953125,0.00015969720103642377,0.002942123704054524,"{""6"": 2835, ""7"": 3263}",4.433075212111224,0.00017935838003917975
ISIC,1993,U,4,10,0.5,1.1858583945195098,0.8188861955739668,0.38215275473926036,0.001953125,0.00016138044186655447,0.002891770127865374,"{""6"": 2835, ""7"": 3263}",4.420432879568723,0.00018094625619174685
ISIC,1993,R,2,1,0.5,1.0834063694523313,0.7787901803922734,0.3685727469116272,0.16536458333333334,0.00011078700011063506,0.005182010502613654,"{""2"": 1306, ""3"": 27}",1.6590232640307498,0.00011078700011063506
ISIC,1993,R,2,2,0.5,1.126476220371059,0.6905936504180875,0.7019240972829036,0.4986979166666667,0.00010350232803420227,0.002503443881807348,"{""2"": 1306, ""3"": 27}",1.8900028590982005,0.00010350232803420227
ISIC,1993,R,2,3,0.5,0.865386054480915,0.508950155667592,0.8736113079733973,0.8938802083333334,0.00017482511489403903,0.004173194268923484,"{""2"": 1306, ""3"": 27}",1.6844717126726085,0.00017482511489403903
ISIC,1993,R,2,4,0.5,0.9948513729670155,0.5522403200749181,0.940894214673773,0.6080729166666666,0.0001283120443258574,0.0018427941867615596,"{""2"": 1306, ""3"": 27}",1.7603575167467211,0.0001283120443258574
ISIC,1993,R,2,5,0.5,1.1522422066548645,0.5015311901072274,1.0856245251075862,0.9778645833333334,0.00010407069879659479,0.0021533688577837387,"{""2"": 1306, ""3"": 27}",1.9129100823391165,0.00010407069879659477
ISIC,1993,R,2,6,0.5,0.893707195716717,0.5002563197888781,1.152625909282919,0.9993489583333334,9.119316858672193e-05,0.001486501066067321,"{""2"": 1306, ""3"": 27}",2.0134223077852127,9.119316858672193e-05
ISIC,1993,R,2,7,0.5,0.6475209092351077,0.5000960422586166,1.1741590355183837,0.9993489583333334,9.214108901299192e-05,0.0018642072569297172,"{""2"": 1306, ""3"": 27}",2.0315792047047596,9.214108901299192e-05
ISIC,1993,R,2,8,0.5,0.6900199654343431,0.5001237109149963,1.1714652056746668,0.9993489583333334,9.283190289188098e-05,0.001685186690207441,"{""2"": 1306, ""3"": 27}",2.0299008333329547,9.283190289188098e-05
ISIC,1993,R,2,9,0.5,0.6962620686121221,0.5001277747842526,1.1711918054780863,0.9993489583333334,9.319757510863329e-05,0.0017277166259878332,"{""2"": 1306, ""3"": 27}",2.028215359802879,9.319757510863329e-05
ISIC,1993,R,2,10,0.5,0.6960071110911836,0.5001276087962833,1.1712095921119934,0.9993489583333334,9.327078137719842e-05,0.0017289434972368825,"{""2"": 1306, ""3"": 27}",2.0276120019063835,9.327078137719841e-05
ISIC,1993,R,3,1,0.5,1.4216245888460133,0.8390512074781381,0.37806097799169,0.005859375,1.0362481623901309e-05,0.0005814805249911658,"{""4"": 256, ""5"": 44}",3.9417253190707613,4.4212479961592615e-05
ISIC,1993,R,3,2,0.5,1.5584394293553117,0.6505594648595189,0.6070126609851917,0.244140625,1.748534873256462e-05,0.0007185258555377763,"{""4"": 256, ""5"": 44}",3.896590443070318,3.9064188620923944e-05
ISIC,1993,R,3,3,0.5,1.4246748764403192,0.5645006899904083,0.7318102706698631,0.6569010416666666,1.9443439271728482e-05,0.0008245671734722755,"{""4"": 256, ""5"": 44}",3.8989493152300563,3.4926500278640526e-05
ISIC,1993,R,3,4,0.5,1.297870825632369,0.535499492495203,0.7909395409088387,0.7890625,1.9837210034975862e-05,0.0010012173230889922,"{""4"": 256, ""5"": 44}",3.911247092442782,3.344275449321596e-05
ISIC,1993,R,3,5,0.5,1.2643513582457846,0.5226472264805809,0.8384721351039519,0.8561197916666666,2.0249192498793827e-05,0.0010074768564591293,"{""4"": 256, ""5"": 44}",3.9253600153086348,3.308143133741301e-05
ISIC,1993,R,3,6,0.5,1.3857662233154706,0.5194287328108985,0.8635779797553701,0.8743489583333334,2.1030176291326393e-05,0.0010907169707074832,"{""4"": 256, ""5"": 44}",3.928270996517336,3.369437086955889e-05
ISIC,1993,R,3,7,0.5,1.4304776650571607,0.5181186495990374,0.8848293443666351,0.8821614583333334,2.1224608013943177e-05,0.0010175076658405337,"{""4"": 256, ""5"": 44}",3.933347673135264,3.3824883146521415e-05
ISIC,1993,R,3,8,0.5,1.223211337435327,0.514292102408818,0.8939300068602279,0.888671875,2.0729116560528916e-05,0.000939333067219912,"{""4"": 256, ""5"": 44}",3.9391095704091446,3.307145052454492e-05
ISIC,1993,R,3,9,0.5,1.162023209544191,0.5133271267211622,0.898642307949878,0.8951822916666666,2.1058484821034976e-05,0.0009086208288431486,"{""4"": 256, ""5"": 44}",3.93849664749039,3.333816060743938e-05
ISIC,1993,R,3,10,0.5,1.159244660391487,0.5132790824366538,0.9010142610095022,0.8984375,2.1327679214484387e-05,0.0008890986151870883,"{""4"": 256, ""5"": 44}",3.937643334358677,3.360411078016707e-05
ISIC,1993,R,4,1,0.5,1.7952064944486488,0.7975003448369872,0.6234900752064401,0.17903645833333334,2.8786620744008324e-05,0.0006353247568583537,"{""6"": 2835, ""7"": 3263}",5.746219640725878,4.428327420438538e-05
ISIC,1993,R,4,2,0.5,1.37276439179055,0.554690104700352,0.8890886848239395,0.7317708333333334,2.2161246522859164e-05,0.0009962989877873097,"{""6"": 2835, ""7"": 3263}",5.851574670386968,2.8977223331458938e-05
ISIC,1993,R,4,3,0.5,1.7126240409755231,0.5488914268089551,1.0260865555400343,0.7845052083333334,3.414026990573445e-05,0.0009890953903305074,"{""6"": 2835, ""7"": 3263}",5.713399213774222,4.0980665431675586e-05
ISIC,1993,R,4,4,0.5,1.4757232531810667,0.552625271720337,1.1590108017894878,0.7708333333333334,3.1289277585465395e-05,0.0007641734380073132,"{""6"": 2835, ""7"": 3263}",5.711439100943808,3.8095506198338055e-05
ISIC,1993,R,4,5,0.5,2.0,0.5166156336333655,1.2668663324169556,0.9095052083333334,2.8790119027519436e-05,0.0007537700072689635,"{""6"": 2835, ""7"": 3263}",5.748115999073732,3.508782762928105e-05
ISIC,1993,R,4,6,0.5,2.0,0.5503985690417968,1.20402486397297,0.80859375,9.382173669146791e-05,0.005091130087496017,"{""6"": 2835, ""7"": 3263}",5.129524120670202,0.00010247053179083365
ISIC,1993,R,4,7,0.5,1.7445063235416065,0.5238225222681027,1.0504716207005211,0.8743489583333334,3.9685360798981746e-05,0.0022470956375264715,"{""6"": 2835, ""7"": 3263}",5.713108351618814,4.58915873386311e-05
ISIC,1993,R,4,8,0.5,2.0,0.5386061228942621,0.9090871943039298,0.822265625,4.172557444663958e-05,0.001164785496836547,"{""6"": 2835, ""7"": 3263}",5.706078200839892,4.8448178157462715e-05
ISIC,1993,R,4,9,0.5,2.0,0.542033332011617,0.8961044988791569,0.8313802083333334,3.960368091074803e-05,0.0015222859307341815,"{""6"": 2835, ""7"": 3263}",5.732366740822938,4.6121380422988915e-05
ISIC,1993,R,4,10,0.5,1.9621083390231657,0.538093777968286,0.9031996720770317,0.8385416666666666,3.693373819251913e-05,0.001386673569951206,"{""6"": 2835, ""7"": 3263}",5.7574646716066,4.334606549861429e-05
ISIC,1994,U,2,1,0.720772286537348,1.1319436106583531,0.952656298742447,0.1641811246774196,0.0,2.192373692466608e-05,0.0007130075539974631,"{""2"": 458, ""3"": 256}",1.9291553317313153,2.1923736924666075e-05
ISIC,1994,U,2,2,0.6165510406713206,1.1694062498786233,0.927605642396529,0.2058916627873799,0.0,3.286439391699849e-05,0.0007120032797486452,"{""2"": 458, ""3"": 256}",1.897597818772862,3.286439391699849e-05
ISIC,1994,U,2,3,0.6227803278884849,1.1468096079399108,0.921296523181757,0.21301087619326137,0.0,3.464677775016036e-05,0.0007391811620739085,"{""2"": 458, ""3"": 256}",1.8909811152751752,3.464677775016036e-05
ISIC,1994,U,2,4,0.6046331326222402,1.098084520496154,0.9083716621871992,0.22619076684752998,0.0,3.6759964334671596e-05,0.0011434695078249815,"{""2"": 458, ""3"": 256}",1.8830035010102284,3.6759964334671596e-05
ISIC,1994,U,2,5,0.5948006009166038,1.0983238142719434,0.8967045074827914,0.24100233529057466,0.0,3.960625696472569e-05,0.0011184265061200873,"{""2"": 458, ""3"": 256}",1.8755314404443113,3.960625696472569e-05
ISIC,1994,U,2,6,0.5949303279886282,1.128173926645816,0.8997553248581506,0.23845548651041495,0.0,3.978174438221202e-05,0.0008657262931249456,"{""2"": 458, ""3"": 256}",1.8762097729497023,3.978174438221202e-05
ISIC,1994,U,2,7,0.5835410306958678,1.125716218676326,0.8958303438096662,0.24390233396782224,0.0,4.101828115811391e-05,0.0009135352144710602,"{""2"": 458, ""3"": 256}",1.8718788141272409,4.101828115811391e-05
ISIC,1994,U,2,8,0.568042206236064,1.1247944679387092,0.8934465508716177,0.24772661735967866,0.0,4.1621688675720936e-05,0.0009670745884725006,"{""2"": 458, ""3"": 256}",1.870011402673807,4.1621688675720936e-05
ISIC,1994,U,2,9,0.5607178129291108,1.1247061751106335,0.8918235809058602,0.24980186464737697,0.0,4.237699044903778e-05,0.0009796833422832665,"{""2"": 458, ""3"": 256}",1.8675536206910375,4.237699044903778e-05
ISIC,1994,U,2,10,0.5586252576791769,1.1248401352725348,0.8913930850497415,0.25036903182703424,0.0,4.261535740732289e-05,0.0009884672323629384,"{""2"": 458, ""3"": 256}",1.8668569347362793,4.2615357407322885e-05
ISIC,1994,U,3,1,0.5,1.1470340797278364,0.8651713861346492,0.2810897231775167,0.0013020833333333333,7.775174840201202e-05,0.001361122999690892,"{""4"": 3263, ""5"": 10529}",3.3875646569511746,9.282796710830861e-05
ISIC,1994,U,3,2,0.5,1.0503314976443852,0.8156211021116034,0.3039633892308819,0.0006510416666666666,6.536144388638334e-05,0.0011897403882831124,"{""4"": 3263, ""5"": 10529}",3.4673596823636346,7.826428640918888e-05
ISIC,1994,U,3,3,0.5,1.1342496196688887,0.7924281505516553,0.31823740701089,0.0032552083333333335,9.686157860040745e-05,0.0013348673769230492,"{""4"": 3263, ""5"": 10529}",3.2793108257133428,0.0001097288445304201
ISIC,1994,U,3,4,0.5,1.0817231153779727,0.7861193739895856,0.33421349581337056,0.005208333333333333,9.058988731853433e-05,0.001333588290669204,"{""4"": 3263, ""5"": 10529}",3.3141665298571237,0.00010294627602254788
ISIC,1994,U,3,5,0.5,1.0300557353632025,0.7697975545131656,0.34278617012744633,0.006510416666666667,0.00010448180010376755,0.0014982289997014918,"{""4"": 3263, ""5"": 10529}",3.236887661840236,0.00011606690424752919
ISIC,1994,U,3,6,0.5,1.006912671790376,0.7648261840018424,0.34935605815065324,0.006510416666666667,9.492527670074096e-05,0.0012295732127784792,"{""4"": 3263, ""5"": 10529}",3.3066158464909163,0.00010652659659365057
ISIC,1994,U,3,7,0.5,1.016938195760544,0.7531674989554654,0.3589277532166213,0.007161458333333333,0.00010529610104544664,0.0013967927662195158,"{""4"": 3263, ""5"": 10529}",3.24343280499824,0.0001167876253756862
ISIC,1994,U,3,8,0.5,1.0226541743070356,0.7436717890039451,0.3668949623286216,0.01171875,0.00011149415526103339,0.001504410234392382,"{""4"": 3263, ""5"": 10529}",3.2051923315989956,0.00012240996043211388
ISIC,1994,U,3,9,0.5,1.024483349053911,0.7363980601468829,0.37127862100799314,0.013020833333333334,0.00011331789008877674,0.001480352468405059,"{""4"": 3263, ""5"": 10529}",3.195287704587275,0.000123995679448107
ISIC,1994,U,3,10,0.5,1.0230412410038843,0.7347052968215552,0.3732185214169897,0.015625,0.00011569162746186753,0.0015049875627924328,"{""4"": 3263, ""5"": 10529}",3.1803218222789833,0.00012638052324206387
ISIC,1994,U,4,1,0.5,1.2185233096344128,0.6943728448036075,0.5248905734379594,0.053385416666666664,0.0001245562094627149,0.0026421256605744983,"{""6"": 44, ""7"": 2835}",4.380831637946823,0.00016695619830839106
ISIC,1994,U,4,2,0.5,1.200957017723741,0.7175475037342229,0.5075392407444057,0.036458333333333336,0.00012102997040447563,0.002310821271287012,"{""6"": 44, ""7"": 2835}",4.385320013250077,0.00016609828076158138
ISIC,1994,U,4,3,0.5,1.2088460833924768,0.7250124337859396,0.5021169653350234,0.030598958333333332,0.00012020282368708088,0.0022656672922499368,"{""6"": 44, ""7"": 2835}",4.383787138339477,0.00016609926146960984
ISIC,1994,U,4,4,0.5,1.210490936172218,0.7256800867257557,0.501768155502505,0.030598958333333332,0.00012128123437857221,0.0022630094949021317,"{""6"": 44, ""7"": 2835}",4.372566179068137,0.00016727058171145883
ISIC,1994,U,4,5,0.5,1.210486149688409,0.7275283083768715,0.5007292338441172,0.029296875,0.00012115377712949698,0.0022597807248145737,"{""6"": 44, ""7"": 2835}",4.37225290987021,0.00016731879590765463
ISIC,1994,U,4,6,0.5,1.21085609188928,0.7285226118143323,0.5002779153541475,0.029296875,0.0001214656980428043,0.0022578549420602142,"{""6"": 44, ""7"": 2835}",4.367490577595314,0.0001677417691760131
ISIC,1994,U,4,7,0.5,1.210830466562018,0.7305489448937084,0.49912119391817655,0.028645833333333332,0.00012142706986188882,0.0022568003899250816,"{""6"": 44, ""7"": 2835}",4.366335647104258,0.00016789936265576498
ISIC,1994,U,4,8,0.5,1.2109034358203206,0.7322373699812563,0.4981060526618216,0.026041666666666668,0.00012125807515861091,0.0022561676472849165,"{""6"": 44, ""7"": 2835}",4.366299405317122,0.000167896341693033
ISIC,1994,U,4,9,0.5,1.2110161072716368,0.7330493087974214,0.49770378725347914,0.026041666666666668,0.00012125550705623491,0.0022561518048894954,"{""6"": 44, ""7"": 2835}",4.365561345743083,0.0001679762574869982
ISIC,1994,U,4,10,0.5,1.2109135866118772,0.7330003283499954,0.4978109923671682,0.026041666666666668,0.00012133101334273243,0.002256789581705609,"{""6"": 44, ""7"": 2835}",4.3647542717397805,0.000168044555029406
ISIC,1994,R,2,1,0.6854820867481349,1.0752197211233756,0.9481028696150426,0.20651441918703234,0.0,2.4714703956311582e-05,0.004091393658939696,"{""2"": 458, ""3"": 256}",1.9001783321368881,2.4714703956311582e-05
ISIC,1994,R,2,2,0.5,1.146651043957289,0.8225051304422474,0.41581806552017336,0.046223958333333336,7.908975595396506e-05,0.004742006455463161,"{""2"": 458, ""3"": 256}",1.7150328524534648,7.908975595396506e-05
ISIC,1994,R,2,3,0.5,1.2313185799766637,0.683520015856169,0.5893683538733285,0.3697916666666667,0.00013215533560229022,0.009366267947121292,"{""2"": 458, ""3"": 256}",1.572827629650857,0.00013215533560229022
ISIC,1994,R,2,4,0.5,1.163850271595223,0.6095203725628291,0.6979443985834203,0.4381510416666667,0.00014631532488125644,0.008360908903086182,"{""2"": 458, ""3"": 256}",1.5576381779729584,0.00014631532488125644
ISIC,1994,R,2,5,0.5,1.0655927830033889,0.5417555338579093,0.837234022018373,0.6263020833333334,0.00015278892336619582,0.008090298452366078,"{""2"": 458, ""3"": 256}",1.5966771822932364,0.00015278892336619582
ISIC,1994,R,2,6,0.5,0.9464825878904748,0.5072588381867051,0.9394502298247445,0.8938802083333334,0.0001503552248465962,0.008859602707235178,"{""2"": 458, ""3"": 256}",1.6743744838781536,0.0001503552248465962
ISIC,1994,R,2,7,0.5,0.8023639820268238,0.5014231372851289,1.0020139841690663,0.9811197916666666,0.00014908553340759313,0.0096085658725969,"{""2"": 458, ""3"": 256}",1.744845268963354,0.00014908553340759313
ISIC,1994,R,2,8,0.5,0.7016047085677225,0.5006884020795934,1.035164099830907,0.990234375,0.00014847347783374502,0.009902320668779456,"{""2"": 458, ""3"": 256}",1.7795410108896021,0.00014847347783374502
ISIC,1994,R,2,9,0.5,0.6631107386877417,0.5005220439896256,1.0487463138215363,0.9908854166666666,0.0001485615761370874,0.009970182595727104,"{""2"": 458, ""3"": 256}",1.7911498448704766,0.0001485615761370874
ISIC,1994,R,2,10,0.5,0.649262295104258,0.5004714698761613,1.053446114873437,0.9908854166666666,0.0001496907062357303,0.010032099060887208,"{""2"": 458, ""3"": 256}",1.7918634521262709,0.0001496907062357303
ISIC,1994,R,3,1,0.5,1.7151298011325415,0.6614487274324223,0.6295630123407222,0.5631510416666666,8.709284127334226e-05,0.0020855998282618094,"{""4"": 3263, ""5"": 10529}",3.5164252691197526,0.00011608187218182137
ISIC,1994,R,3,2,0.5,2.0,0.6636393868790456,0.9044041429262384,0.595703125,0.00019353887715905103,0.004008747271045256,"{""4"": 3263, ""5"": 10529}",2.8434273528888463,0.00022297242920444625
ISIC,1994,R,3,3,0.5,0.7569496235986051,0.5016042359857281,1.0479994570340074,0.9772135416666666,7.981996044894111e-05,0.0030671464104275003,"{""4"": 3263, ""5"": 10529}",3.725164325007787,9.859071685889863e-05
ISIC,1994,R,3,4,0.5,1.2182481526396947,0.5030581174710144,1.08391955280884,0.9713541666666666,7.566515241341474e-05,0.0022780540737305337,"{""4"": 3263, ""5"": 10529}",3.691948388250882,9.460765196697811e-05
ISIC,1994,R,3,5,0.5,0.5717872485424456,0.500058769020022,1.1361497724128753,0.998046875,6.089175010309668e-05,0.0037965744952423606,"{""4"": 3263, ""5"": 10529}",3.8859822950017806,7.960644302388794e-05
ISIC,1994,R,3,6,0.5,0.7740509488549164,0.500178418586494,1.1000309985860217,0.9993489583333334,5.2515979112417006e-05,0.002077544613084294,"{""4"": 3263, ""5"": 10529}",3.911934308912212,7.123958849985868e-05
ISIC,1994,R,3,7,0.5,0.9394907826491277,0.5004099415861009,1.076614477326952,0.9973958333333334,5.896060133974389e-05,0.0021672923538773392,"{""4"": 3263, ""5"": 10529}",3.861949700394647,7.769808213923553e-05
ISIC,1994,R,3,8,0.5,1.406687108939865,0.502726260306806,1.0578789360221177,0.974609375,8.604979799913788e-05,0.0032796254524610916,"{""4"": 3263, ""5"": 10529}",3.6780964043707027,0.00010495106194419709
ISIC,1994,R,3,9,0.5,1.0368607047905856,0.5017738408691432,1.0637189495600945,0.982421875,8.083474571456644e-05,0.0040732399063149625,"{""4"": 3263, ""5"": 10529}",3.732171905283881,9.963529601901767e-05
ISIC,1994,R,3,10,0.5,0.8048946559125105,0.5008592383412284,1.071197979476179,0.9921875,6.887381674680165e-05,0.0033448790675040937,"{""4"": 3263, ""5"": 10529}",3.828775974459096,8.76208780821208e-05
ISIC,1994,R,4,1,0.5,1.1239866530340314,0.6411949814327156,0.4936693809457759,0.21419270833333334,7.391590088384094e-06,0.0004098895322441132,"{""6"": 44, ""7"": 2835}",5.867292303281942,3.054188195247425e-05
ISIC,1994,R,4,2,0.5,2.0,0.5836173708113238,0.8088763510635192,0.7239583333333334,1.5004686184431703e-05,0.000824180533950894,"{""6"": 44, ""7"": 2835}",6.027968767726841,3.511542882647706e-05
ISIC,1994,R,4,3,0.5,1.5797554277092234,0.5504699817367792,0.8658696770043992,0.7434895833333334,5.125958303807321e-05,0.0025464480476167103,"{""6"": 44, ""7"": 2835}",5.436684996675777,7.288357993680549e-05
ISIC,1994,R,4,4,0.5,1.0107762319051148,0.5050396495301896,0.9274562468245183,0.9459635416666666,1.9413169379843513e-05,0.0006820877737959251,"{""6"": 44, ""7"": 2835}",5.778452525643946,3.444868371470519e-05
ISIC,1994,R,4,5,0.5,1.7264910760201302,0.520190858360018,1.1501779814213304,0.908203125,1.7153199465250523e-05,0.0008946253331622355,"{""6"": 44, ""7"": 2835}",5.941998708709492,3.3209861759931684e-05
ISIC,1994,R,4,6,0.5,1.7753747085033666,0.520166040186336,1.22939047721588,0.91015625,1.8250664246943592e-05,0.0007778126613323208,"{""6"": 44, ""7"": 2835}",5.953604453943207,3.4861067446546365e-05
ISIC,1994,R,4,7,0.5,1.6700936825502537,0.5042557194610301,1.2388280104770466,0.978515625,1.662094263701064e-05,0.0006786165540002147,"{""6"": 44, ""7"": 2835}",5.943040866612981,3.277668783209605e-05
ISIC,1994,R,4,8,0.5,1.055350413962666,0.5029526758005651,1.2366319581144773,0.9739583333333334,1.8840670836565936e-05,0.000821858664412187,"{""6"": 44, ""7"": 2835}",5.895368073624625,3.372556701425372e-05
ISIC,1994,R,4,9,0.5,1.3146504299229624,0.5126823185392514,1.2390720894106255,0.9251302083333334,2.187534433770725e-05,0.000785955985311883,"{""6"": 44, ""7"": 2835}",5.876141150169738,3.8107140180155244e-05
ISIC,1994,R,4,10,0.5,1.2076817423828698,0.5099627404034827,1.2349205902711458,0.93359375,2.1386134615592644e-05,0.0007430880363151318,"{""6"": 44, ""7"": 2835}",5.880749905818509,3.707919829674383e-05
ISIC,1995,U,2,1,0.6131973964173121,1.2003075414088384,0.991566054683981,0.2093331747797999,0.0,3.394970512238708e-05,0.000761444284954066,"{""2"": 10529, ""3"": 44}",1.9261511547056325,3.394970512238708e-05
ISIC,1995,U,2,2,0.6083586062497196,1.1935542012982687,0.967626711356279,0.23726438068717093,0.0,5.006508883238315e-05,0.0014972736617579062,"{""2"": 10529, ""3"": 44}",1.891564660192906,5.006508883238315e-05
ISIC,1995,U,2,3,0.7395690478019517,1.2482444852281536,1.0042197693853225,0.21002500732384788,0.0,3.7422944915392244e-05,0.0009990584370729984,"{""2"": 10529, ""3"": 44}",1.925879268946276,3.7422944915392244e-05
ISIC,1995,U,2,4,0.6587803023764809,1.2394004951256241,0.991613935353756,0.23645794004741932,0.0,4.986635504455999e-05,0.0012592580403383194,"{""2"": 10529, ""3"": 44}",1.8951499278138697,4.986635504455999e-05
ISIC,1995,U,2,5,0.6952749526569755,1.2354364254866796,0.9932094319894743,0.22831846853731722,0.0,4.63629909239368e-05,0.0011697682631507294,"{""2"": 10529, ""3"": 44}",1.9031512483678168,4.63629909239368e-05
ISIC,1995,U,2,6,0.6995485184244893,1.2399432893760556,0.9939684948971994,0.22723959374422198,0.0,4.6001231254678515e-05,0.0011403486565370936,"{""2"": 10529, ""3"": 44}",1.9031930755909223,4.600123125467851e-05
ISIC,1995,U,2,7,0.6985350427041724,1.2404069876868735,0.9937460001178829,0.2275954067802436,0.0,4.617911002906754e-05,0.0011454439256936139,"{""2"": 10529, ""3"": 44}",1.9027802724751912,4.617911002906754e-05
ISIC,1995,U,2,8,0.6974339730421096,1.2403719351874027,0.9935914520323785,0.22773886136854526,0.0,4.6273798430053215e-05,0.001148866729653602,"{""2"": 10529, ""3"": 44}",1.902660260811331,4.6273798430053215e-05
ISIC,1995,U,2,9,0.6946798524845337,1.2396915398190211,0.9930092986543467,0.2284536197684327,0.0,4.66092084828351e-05,0.0011656257176976897,"{""2"": 10529, ""3"": 44}",1.9019237483860243,4.66092084828351e-05
ISIC,1995,U,2,10,0.6940900761649869,1.2396816811331426,0.9928672060105294,0.22858649561251923,0.0,4.6678481473550844e-05,0.0011686701275694577,"{""2"": 10529, ""3"": 44}",1.9018236590737116,4.6678481473550844e-05
ISIC,1995,U,3,1,0.7298964824755352,1.2993653164044208,0.9768156352504912,0.19612684665522415,0.0,2.9633464890605235e-05,0.0008083693804977264,"{""4"": 458, ""5"": 256}",3.742136689710045,5.1201873157866824e-05
ISIC,1995,U,3,2,0.6917715183151768,1.2600782716369192,0.9665994787996551,0.21630864900444383,0.0,3.501132249747291e-05,0.000790773798754718,"{""4"": 458, ""5"": 256}",3.7096337641065027,5.589031220227064e-05
ISIC,1995,U,3,3,0.6993610776262146,1.2594319081901044,0.9692602503520419,0.21183140580707915,0.0,3.3667156742903096e-05,0.0007585957019077442,"{""4"": 458, ""5"": 256}",3.7203016158703632,5.476808893187682e-05
ISIC,1995,U,3,4,0.6903062646575738,1.2317423816611108,0.9682348539069983,0.2148703215531602,0.0,3.499641399685255e-05,0.0008142859923922509,"{""4"": 458, ""5"": 256}",3.7159990128139375,5.604280829412412e-05
ISIC,1995,U,3,5,0.6957280270855202,1.2051510485858905,0.9683754915294324,0.2169088925986757,0.0,3.594793337950408e-05,0.0007968450985264576,"{""4"": 458, ""5"": 256}",3.7132015290392166,5.700676238123902e-05
ISIC,1995,U,3,6,0.6928139560749478,1.203226722968272,0.9674203062575715,0.21850553295831324,0.0,3.721088532113052e-05,0.0007918277817451863,"{""4"": 458, ""5"": 256}",3.7070671540816336,5.815657509098465e-05
ISIC,1995,U,3,7,0.6899277798334393,1.204816017569304,0.9663311174032302,0.22160839056793677,0.0,3.794334077725618e-05,0.0008003790067883053,"{""4"": 458, ""5"": 256}",3.7033526443494904,5.8805603623327256e-05
ISIC,1995,U,3,8,0.6837277327826474,1.1987931926052757,0.9643137444972155,0.22377790959662705,0.0,3.905456952429542e-05,0.0008569935511195383,"{""4"": 458, ""5"": 256}",3.6978717636241787,5.9770707764462515e-05
ISIC,1995,U,3,9,0.6802857206362399,1.1932512840602616,0.9632768472968394,0.22571415300329858,0.0,3.9679020818163935e-05,0.0008667081842555094,"{""4"": 458, ""5"": 256}",3.6944441284441645,6.031866406829912e-05
ISIC,1995,U,3,10,0.6797057152156257,1.1919784849468686,0.9629012453747582,0.22618339936469892,0.0,3.994402829217556e-05,0.000870143190002989,"{""4"": 458, ""5"": 256}",3.6932276232312864,6.05560361695981e-05
ISIC,1995,U,4,1,0.5,1.203143011856816,0.7397545661053863,0.4820132149048457,0.380859375,0.00012389417175163653,0.002583377857430144,"{""6"": 2835, ""7"": 27}",4.982563354294047,0.0001400824954608885
ISIC,1995,U,4,2,0.5,1.2143508905943992,0.7570018234843635,0.4634360966799036,0.3307291666666667,0.00011695436725431762,0.0026501757939298228,"{""6"": 2835, ""7"": 27}",5.0017937478718455,0.0001338662719125911
ISIC,1995,U,4,3,0.5,1.2217441665417044,0.7826627038544712,0.4319684208327694,0.22330729166666666,0.00011249346086003236,0.00259114473008977,"{""6"": 2835, ""7"": 27}",4.974964500177462,0.00013089638107265848
ISIC,1995,U,4,4,0.5,1.2556171550186042,0.7752195101400418,0.43206262147222885,0.19596354166666666,0.00012020048754986332,0.0027045563910712733,"{""6"": 2835, ""7"": 27}",4.887346637700915,0.00013858617640522344
ISIC,1995,U,4,5,0.5,1.2568468037356868,0.7699873285506625,0.43458423042357663,0.203125,0.00012255785498985642,0.002655018063934483,"{""6"": 2835, ""7"": 27}",4.870573864956413,0.00014074185690902063
ISIC,1995,U,4,6,0.5,1.2639901976966017,0.7714495608271216,0.43297399143793314,0.19856770833333334,0.0001228883692166188,0.0026472009723799866,"{""6"": 2835, ""7"": 27}",4.863702666345403,0.00014117581693486218
ISIC,1995,U,4,7,0.5,1.2647159488404898,0.7713630954845034,0.4331596533486584,0.19986979166666666,0.00012297500250773541,0.0026777626345545697,"{""6"": 2835, ""7"": 27}",4.863361712347883,0.0001412508586232762
ISIC,1995,U,4,8,0.5,1.265610163285183,0.7715603677156834,0.4333512751625045,0.19791666666666666,0.000122912045363828,0.0026901060580078622,"{""6"": 2835, ""7"": 27}",4.864156181965832,0.00014120071061809745
ISIC,1995,U,4,9,0.5,1.265696283062232,0.771605192249026,0.43332599304837405,0.197265625,0.00012291479380762316,0.0026890654249404544,"{""6"": 2835, ""7"": 27}",4.864054988941746,0.00014120622355838117
ISIC,1995,U,4,10,0.5,1.265846798473062,0.7715559317272159,0.4333970565247758,0.19791666666666666,0.00012295310034742896,0.0026931583351981867,"{""6"": 2835, ""7"": 27}",4.863784260068807,0.00014124178856733612
ISIC,1995,R,2,1,0.5,1.0624365351063183,0.6863754378775787,0.5244746635161024,0.064453125,6.975201072401643e-05,0.0009643415165091552,"{""2"": 10529, ""3"": 44}",1.6695534294103767,6.975201072401643e-05
ISIC,1995,R,2,2,0.5,0.810218878189979,0.5019523366268234,1.0177851915887637,0.974609375,9.252359156552855e-05,0.0012765540138919113,"{""2"": 10529, ""3"": 44}",1.904714648428199,9.252359156552855e-05
ISIC,1995,R,2,3,0.5,0.7442370058445195,0.501103281821864,1.1303004309498934,0.98046875,7.665576930375653e-05,0.0011439933140097642,"{""2"": 10529, ""3"": 44}",1.9340482932237826,7.665576930375653e-05
ISIC,1995,R,2,4,0.5,0.5,0.5,1.141621640267365,1.0,6.79574810988786e-05,0.0008743020974060928,"{""2"": 10529, ""3"": 44}",2.1193797355990154,6.795748109887859e-05
ISIC,1995,R,2,5,0.5,0.5,0.5,1.1679320398615975,1.0,6.299701751549216e-05,0.0008141551210115475,"{""2"": 10529, ""3"": 44}",2.087592160030132,6.299701751549216e-05
ISIC,1995,R,2,6,0.5,0.5,0.5,1.1648863801574707,1.0,6.452161332228654e-05,0.0013140830543991579,"{""2"": 10529, ""3"": 44}",2.0711347442927055,6.452161332228653e-05
ISIC,1995,R,2,7,0.5,0.5,0.5,1.155092223451922,1.0,6.609891990337218e-05,0.001548563848986382,"{""2"": 10529, ""3"": 44}",2.056584673800347,6.609891990337218e-05
ISIC,1995,R,2,8,0.5,0.5,0.5,1.1464966115528468,1.0,6.674412967534746e-05,0.0013675766808436932,"{""2"": 10529, ""3"": 44}",2.0503750174399498,6.674412967534747e-05
ISIC,1995,R,2,9,0.5,0.5,0.5,1.140206510616442,1.0,6.794501946495122e-05,0.001327300221946758,"{""2"": 10529, ""3"": 44}",2.045000069767548,6.794501946495122e-05
ISIC,1995,R,2,10,0.5,0.5,0.5,1.1357836892674713,1.0,6.891414768251614e-05,0.0012880057996787447,"{""2"": 10529, ""3"": 44}",2.040460041443399,6.891414768251614e-05
ISIC,1995,R,3,1,0.5,1.8052540291981833,0.5678635765431554,0.5619470229191725,0.6432291666666666,9.801185782883777e-06,0.0005395036247237744,"{""4"": 458, ""5"": 256}",3.9636004744499345,2.1461233486311313e-05
ISIC,1995,R,3,2,0.5,1.7624505231621672,0.5319051188248624,0.6753125972428532,0.8333333333333334,1.4425741042308974e-05,0.00046421599413503414,"{""4"": 458, ""5"": 256}",3.9656787737495867,2.442474506645442e-05
ISIC,1995,R,3,3,0.5,2.0,0.5440136241965504,0.8095793403313992,0.8600260416666666,2.733648054197229e-05,0.0017962667611026966,"{""4"": 458, ""5"": 256}",3.847319289450424,3.8336132474007025e-05
ISIC,1995,R,3,4,0.5,1.784281490341779,0.5256791678045186,0.9164836015207342,0.9036458333333334,1.518746165092263e-05,0.00034111016294109344,"{""4"": 458, ""5"": 256}",3.9124357440914888,2.5142824446410753e-05
ISIC,1995,R,3,5,0.5,1.5346181625807485,0.5146474587237768,0.9837039667357724,0.927734375,1.2905785442724879e-05,0.0005543255965882659,"{""4"": 458, ""5"": 256}",3.924750927636226,2.2177409655734144e-05
ISIC,1995,R,3,6,0.5,1.4398614524228743,0.5135614704924856,1.0186581701373412,0.9361979166666666,1.38321532022015e-05,0.0014199547464139475,"{""4"": 458, ""5"": 256}",3.9228122889065338,2.3028611328044787e-05
ISIC,1995,R,3,7,0.5,1.4942755627232893,0.5120599721923006,1.0428753433767326,0.9453125,1.427724091960707e-05,0.0021064099714564483,"{""4"": 458, ""5"": 256}",3.9189695666747486,2.3408532270557454e-05
ISIC,1995,R,3,8,0.5,1.4280208180745924,0.5098387200939448,1.0632224314954655,0.94921875,1.4422089196958488e-05,0.0022337520553964755,"{""4"": 458, ""5"": 256}",3.915559800950079,2.3457315495069146e-05
ISIC,1995,R,3,9,0.5,1.340042724901361,0.5081588917705289,1.0758962879697094,0.9537760416666666,1.4561370569789603e-05,0.002428263764231711,"{""4"": 458, ""5"": 256}",3.913855057305907,2.3523960268954544e-05
ISIC,1995,R,3,10,0.5,1.3089548096330692,0.5076665603807228,1.0800913629255235,0.955078125,1.4639580013306889e-05,0.0024830825710656103,"{""4"": 458, ""5"": 256}",3.913489978836655,2.358049885722003e-05
ISIC,1995,R,4,1,0.5,1.760538798971613,0.619623257771785,0.7184987521598962,0.630859375,4.401081715536139e-06,0.0007787961486113803,"{""6"": 2835, ""7"": 27}",5.972643516382946,1.0584565021155491e-05
ISIC,1995,R,4,2,0.5,2.0,0.5875754522291811,1.0173936853004746,0.6640625,1.1610208170620048e-05,0.0013033556093746735,"{""6"": 2835, ""7"": 27}",5.930642149087969,1.751515134144898e-05
ISIC,1995,R,4,3,0.5,1.9013287382369999,0.549085618192914,1.2003200421311235,0.8326822916666666,1.6011058602695528e-05,0.0015634479918876505,"{""6"": 2835, ""7"": 27}",5.882739567685462,2.075286183412187e-05
ISIC,1995,R,4,4,0.5,2.0,0.5347960207398607,1.2706032341603704,0.8489583333333334,1.1673099913070425e-05,0.0020421821446003725,"{""6"": 2835, ""7"": 27}",5.933857863689116,1.6942635860980414e-05
ISIC,1995,R,4,5,0.5,1.1098203270674694,0.5093419905707983,1.246491422333526,0.9420572916666666,6.68766774623933e-06,0.0008612615196049065,"{""6"": 2835, ""7"": 27}",5.978384239728809,1.0802122031645945e-05
ISIC,1995,R,4,6,0.5,1.3743865594725047,0.5143812786363767,1.2450755819905746,0.9270833333333334,6.8600298972672345e-06,0.0007637426783720495,"{""6"": 2835, ""7"": 27}",5.992032885372259,1.097069381941054e-05
ISIC,1995,R,4,7,0.5,1.2688429018250431,0.5130710026615816,1.2111297218269332,0.9296875,7.0397568326136746e-06,0.0007760596363174139,"{""6"": 2835, ""7"": 27}",5.998529068827275,1.1132163015312543e-05
ISIC,1995,R,4,8,0.5,1.1328217438998491,0.5106922214211819,1.1901080188466029,0.93359375,7.50928916866519e-06,0.0008772995907252457,"{""6"": 2835, ""7"": 27}",6.001837484591697,1.1620047147309383e-05
ISIC,1995,R,4,9,0.5,1.4435597992943792,0.5163325528332214,1.2126805260033355,0.9095052083333334,8.535986446348278e-06,0.00080997258287458,"{""6"": 2835, ""7"": 27}",5.997065782597986,1.293357605581238e-05
ISIC,1995,R,4,10,0.5,1.5011032875422567,0.5163984914332836,1.2127727273135527,0.9114583333333334,8.315658906192326e-06,0.0008109281111846809,"{""6"": 2835, ""7"": 27}",6.001605482767861,1.2732298097597912e-05
