contrast,order_seed,session,metric,point_pp,lower95,upper95,resamples,seed,unit,parents_resampled,independent_confirmation,interpretation
S-J-CB minus A-CB,1993,0,balanced_accuracy,7.162786400591287,3.116103468899527,11.398148599876956,2000,43001,class-stratified identity_component,False,False,fixed parent pairs; adaptively reused development validation; conditional descriptive interval
S-J-CB minus A-CB,1994,0,balanced_accuracy,0.625,-1.25,2.5320512820512846,2000,43001,class-stratified identity_component,False,False,fixed parent pairs; adaptively reused development validation; conditional descriptive interval
S-J-CB minus A-CB,1995,0,balanced_accuracy,1.193181818181813,-2.272885101010095,4.524222835358903,2000,43001,class-stratified identity_component,False,False,fixed parent pairs; adaptively reused development validation; conditional descriptive interval
S-J-CB minus A-CB,fixed_pair_mean,0,balanced_accuracy,2.9936560729243666,0.9550765817052759,5.086717660401869,2000,43001,class-stratified identity_component,False,False,fixed parent pairs; adaptively reused development validation; conditional descriptive interval
S-J-CB minus A-CB,1993,0,tail_rank2,4.166666666666664,0.0,12.499999999999993,2000,43001,class-stratified identity_component,False,False,fixed parent pairs; adaptively reused development validation; conditional descriptive interval
S-J-CB minus A-CB,1994,0,tail_rank2,0.0,0.0,0.0,2000,43001,class-stratified identity_component,False,False,fixed parent pairs; adaptively reused development validation; conditional descriptive interval
S-J-CB minus A-CB,1995,0,tail_rank2,0.0,0.0,0.0,2000,43001,class-stratified identity_component,False,False,fixed parent pairs; adaptively reused development validation; conditional descriptive interval
S-J-CB minus A-CB,fixed_pair_mean,0,tail_rank2,1.3888888888888882,0.0,4.166666666666664,2000,43001,class-stratified identity_component,False,False,fixed parent pairs; adaptively reused development validation; conditional descriptive interval
S-J-CB minus A-CB,1993,0,current_macro_recall,7.162786400591287,3.116103468899527,11.398148599876956,2000,43001,class-stratified identity_component,False,False,fixed parent pairs; adaptively reused development validation; conditional descriptive interval
S-J-CB minus A-CB,1994,0,current_macro_recall,0.625,-1.25,2.5320512820512846,2000,43001,class-stratified identity_component,False,False,fixed parent pairs; adaptively reused development validation; conditional descriptive interval
S-J-CB minus A-CB,1995,0,current_macro_recall,1.193181818181813,-2.272885101010095,4.524222835358903,2000,43001,class-stratified identity_component,False,False,fixed parent pairs; adaptively reused development validation; conditional descriptive interval
S-J-CB minus A-CB,fixed_pair_mean,0,current_macro_recall,2.9936560729243666,0.9550765817052759,5.086717660401869,2000,43001,class-stratified identity_component,False,False,fixed parent pairs; adaptively reused development validation; conditional descriptive interval
S-J-CB minus A-CB,1995,0,label_6_recall,0.0,0.0,0.0,2000,43001,class-stratified identity_component,False,False,fixed parent pairs; adaptively reused development validation; conditional descriptive interval
S-J-CB minus A-CB,1993,0,label_7_recall,4.166666666666664,0.0,12.499999999999993,2000,43001,class-stratified identity_component,False,False,fixed parent pairs; adaptively reused development validation; conditional descriptive interval
S-J-CB minus A-CB,1994,0,label_7_recall,0.0,0.0,0.0,2000,43001,class-stratified identity_component,False,False,fixed parent pairs; adaptively reused development validation; conditional descriptive interval
S-J-CB minus A-CB,1993,0,base_macro_recall,7.162786400591287,3.116103468899527,11.398148599876956,2000,43001,class-stratified identity_component,False,False,fixed parent pairs; adaptively reused development validation; conditional descriptive interval
S-J-CB minus A-CB,1994,0,base_macro_recall,0.625,-1.25,2.5320512820512846,2000,43001,class-stratified identity_component,False,False,fixed parent pairs; adaptively reused development validation; conditional descriptive interval
S-J-CB minus A-CB,1995,0,base_macro_recall,1.193181818181813,-2.272885101010095,4.524222835358903,2000,43001,class-stratified identity_component,False,False,fixed parent pairs; adaptively reused development validation; conditional descriptive interval
S-J-CB minus A-CB,fixed_pair_mean,0,base_macro_recall,2.9936560729243666,0.9550765817052759,5.086717660401869,2000,43001,class-stratified identity_component,False,False,fixed parent pairs; adaptively reused development validation; conditional descriptive interval
S-J-CB minus A-CB,1993,0,tail_base_macro_recall,4.166666666666664,0.0,12.499999999999993,2000,43001,class-stratified identity_component,False,False,fixed parent pairs; adaptively reused development validation; conditional descriptive interval
S-J-CB minus A-CB,1994,0,tail_base_macro_recall,0.0,0.0,0.0,2000,43001,class-stratified identity_component,False,False,fixed parent pairs; adaptively reused development validation; conditional descriptive interval
S-J-CB minus A-CB,1995,0,tail_base_macro_recall,0.0,0.0,0.0,2000,43001,class-stratified identity_component,False,False,fixed parent pairs; adaptively reused development validation; conditional descriptive interval
S-J-CB minus A-CB,fixed_pair_mean,0,tail_base_macro_recall,1.3888888888888882,0.0,4.166666666666664,2000,43001,class-stratified identity_component,False,False,fixed parent pairs; adaptively reused development validation; conditional descriptive interval
S-J-CB minus A-CB,1993,1,balanced_accuracy,2.88485547631889,0.3787809412809516,5.515368072360119,2000,43001,class-stratified identity_component,False,False,fixed parent pairs; adaptively reused development validation; conditional descriptive interval
S-J-CB minus A-CB,1994,1,balanced_accuracy,3.823976415439823,0.9546650705187301,6.91747427902336,2000,43001,class-stratified identity_component,False,False,fixed parent pairs; adaptively reused development validation; conditional descriptive interval
S-J-CB minus A-CB,1995,1,balanced_accuracy,4.686657278120698,1.2847826200281183,7.89604139768614,2000,43001,class-stratified identity_component,False,False,fixed parent pairs; adaptively reused development validation; conditional descriptive interval
S-J-CB minus A-CB,fixed_pair_mean,1,balanced_accuracy,3.7984963899598037,1.8195418236655816,5.7834810756006405,2000,43001,class-stratified identity_component,False,False,fixed parent pairs; adaptively reused development validation; conditional descriptive interval
S-J-CB minus A-CB,1993,1,tail_rank2,0.0,0.0,0.0,2000,43001,class-stratified identity_component,False,False,fixed parent pairs; adaptively reused development validation; conditional descriptive interval
S-J-CB minus A-CB,1994,1,tail_rank2,4.166666666666664,0.0,13.63636363636364,2000,43001,class-stratified identity_component,False,False,fixed parent pairs; adaptively reused development validation; conditional descriptive interval
S-J-CB minus A-CB,1995,1,tail_rank2,0.0,0.0,0.0,2000,43001,class-stratified identity_component,False,False,fixed parent pairs; adaptively reused development validation; conditional descriptive interval
S-J-CB minus A-CB,fixed_pair_mean,1,tail_rank2,1.3888888888888882,0.0,4.545454545454547,2000,43001,class-stratified identity_component,False,False,fixed parent pairs; adaptively reused development validation; conditional descriptive interval
S-J-CB minus A-CB,1993,1,old_macro_recall,3.651607538802658,0.08289094036044828,7.289335664335663,2000,43001,class-stratified identity_component,False,False,fixed parent pairs; adaptively reused development validation; conditional descriptive interval
S-J-CB minus A-CB,1994,1,old_macro_recall,2.3575862447813662,-0.574368206769528,5.782251082251084,2000,43001,class-stratified identity_component,False,False,fixed parent pairs; adaptively reused development validation; conditional descriptive interval
S-J-CB minus A-CB,1995,1,old_macro_recall,6.964066339066335,2.451567273654885,11.430286092633635,2000,43001,class-stratified identity_component,False,False,fixed parent pairs; adaptively reused development validation; conditional descriptive interval
S-J-CB minus A-CB,fixed_pair_mean,1,old_macro_recall,4.324420040883453,2.0997091635249525,6.529475066160724,2000,43001,class-stratified identity_component,False,False,fixed parent pairs; adaptively reused development validation; conditional descriptive interval
S-J-CB minus A-CB,1993,1,current_macro_recall,1.3513513513513544,0.0,3.94736842105263,2000,43001,class-stratified identity_component,False,False,fixed parent pairs; adaptively reused development validation; conditional descriptive interval
S-J-CB minus A-CB,1994,1,current_macro_recall,6.756756756756758,0.5050505050505052,13.525568181818153,2000,43001,class-stratified identity_component,False,False,fixed parent pairs; adaptively reused development validation; conditional descriptive interval
S-J-CB minus A-CB,1995,1,current_macro_recall,0.1318391562294039,-4.878563777191831,5.1671728864845,2000,43001,class-stratified identity_component,False,False,fixed parent pairs; adaptively reused development validation; conditional descriptive interval
S-J-CB minus A-CB,fixed_pair_mean,1,current_macro_recall,2.7466490881125054,0.10156546669705045,5.549181331434219,2000,43001,class-stratified identity_component,False,False,fixed parent pairs; adaptively reused development validation; conditional descriptive interval
S-J-CB minus A-CB,1993,1,label_6_recall,0.0,0.0,0.0,2000,43001,class-stratified identity_component,False,False,fixed parent pairs; adaptively reused development validation; conditional descriptive interval
S-J-CB minus A-CB,1995,1,label_6_recall,0.0,0.0,0.0,2000,43001,class-stratified identity_component,False,False,fixed parent pairs; adaptively reused development validation; conditional descriptive interval
S-J-CB minus A-CB,1993,1,label_7_recall,0.0,0.0,0.0,2000,43001,class-stratified identity_component,False,False,fixed parent pairs; adaptively reused development validation; conditional descriptive interval
S-J-CB minus A-CB,1994,1,label_7_recall,4.166666666666664,0.0,13.63636363636364,2000,43001,class-stratified identity_component,False,False,fixed parent pairs; adaptively reused development validation; conditional descriptive interval
S-J-CB minus A-CB,1993,1,base_macro_recall,3.651607538802658,0.08289094036044828,7.289335664335663,2000,43001,class-stratified identity_component,False,False,fixed parent pairs; adaptively reused development validation; conditional descriptive interval
S-J-CB minus A-CB,1994,1,base_macro_recall,2.3575862447813662,-0.574368206769528,5.782251082251084,2000,43001,class-stratified identity_component,False,False,fixed parent pairs; adaptively reused development validation; conditional descriptive interval
S-J-CB minus A-CB,1995,1,base_macro_recall,6.964066339066335,2.451567273654885,11.430286092633635,2000,43001,class-stratified identity_component,False,False,fixed parent pairs; adaptively reused development validation; conditional descriptive interval
S-J-CB minus A-CB,fixed_pair_mean,1,base_macro_recall,4.324420040883453,2.0997091635249525,6.529475066160724,2000,43001,class-stratified identity_component,False,False,fixed parent pairs; adaptively reused development validation; conditional descriptive interval
S-J-CB minus A-CB,1993,1,post_base_macro_recall,1.3513513513513544,0.0,3.94736842105263,2000,43001,class-stratified identity_component,False,False,fixed parent pairs; adaptively reused development validation; conditional descriptive interval
S-J-CB minus A-CB,1994,1,post_base_macro_recall,6.756756756756758,0.5050505050505052,13.525568181818153,2000,43001,class-stratified identity_component,False,False,fixed parent pairs; adaptively reused development validation; conditional descriptive interval
S-J-CB minus A-CB,1995,1,post_base_macro_recall,0.1318391562294039,-4.878563777191831,5.1671728864845,2000,43001,class-stratified identity_component,False,False,fixed parent pairs; adaptively reused development validation; conditional descriptive interval
S-J-CB minus A-CB,fixed_pair_mean,1,post_base_macro_recall,2.7466490881125054,0.10156546669705045,5.549181331434219,2000,43001,class-stratified identity_component,False,False,fixed parent pairs; adaptively reused development validation; conditional descriptive interval
S-J-CB minus A-CB,1993,1,tail_base_macro_recall,0.0,0.0,0.0,2000,43001,class-stratified identity_component,False,False,fixed parent pairs; adaptively reused development validation; conditional descriptive interval
S-J-CB minus A-CB,1994,1,tail_base_macro_recall,4.166666666666664,0.0,13.63636363636364,2000,43001,class-stratified identity_component,False,False,fixed parent pairs; adaptively reused development validation; conditional descriptive interval
S-J-CB minus A-CB,1995,1,tail_base_macro_recall,0.0,0.0,0.0,2000,43001,class-stratified identity_component,False,False,fixed parent pairs; adaptively reused development validation; conditional descriptive interval
S-J-CB minus A-CB,fixed_pair_mean,1,tail_base_macro_recall,1.3888888888888882,0.0,4.545454545454547,2000,43001,class-stratified identity_component,False,False,fixed parent pairs; adaptively reused development validation; conditional descriptive interval
S-J-CB minus A-CB,1993,1,tail_post_base_macro_recall,0.0,0.0,0.0,2000,43001,class-stratified identity_component,False,False,fixed parent pairs; adaptively reused development validation; conditional descriptive interval
S-J-CB minus A-CB,1993,2,balanced_accuracy,6.2269025726740495,2.734159723835928,9.61565342063005,2000,43001,class-stratified identity_component,False,False,fixed parent pairs; adaptively reused development validation; conditional descriptive interval
S-J-CB minus A-CB,1994,2,balanced_accuracy,0.7057025671156083,-2.0034965099337407,3.6330889313226318,2000,43001,class-stratified identity_component,False,False,fixed parent pairs; adaptively reused development validation; conditional descriptive interval
S-J-CB minus A-CB,1995,2,balanced_accuracy,5.692178097069409,2.3963371112681116,9.188595718167894,2000,43001,class-stratified identity_component,False,False,fixed parent pairs; adaptively reused development validation; conditional descriptive interval
S-J-CB minus A-CB,fixed_pair_mean,2,balanced_accuracy,4.208261078953022,1.7043408925331143,6.875571431246064,2000,43001,class-stratified identity_component,False,False,fixed parent pairs; adaptively reused development validation; conditional descriptive interval
S-J-CB minus A-CB,1993,2,tail_rank2,2.2435897435897374,-4.0,8.695652173913032,2000,43001,class-stratified identity_component,False,False,fixed parent pairs; adaptively reused development validation; conditional descriptive interval
S-J-CB minus A-CB,1994,2,tail_rank2,-1.923076923076934,-6.0,0.0,2000,43001,class-stratified identity_component,False,False,fixed parent pairs; adaptively reused development validation; conditional descriptive interval
S-J-CB minus A-CB,1995,2,tail_rank2,4.166666666666657,0.0,10.0,2000,43001,class-stratified identity_component,False,False,fixed parent pairs; adaptively reused development validation; conditional descriptive interval
S-J-CB minus A-CB,fixed_pair_mean,2,tail_rank2,1.4957264957264869,-2.6666666666666665,5.797101449275355,2000,43001,class-stratified identity_component,False,False,fixed parent pairs; adaptively reused development validation; conditional descriptive interval
S-J-CB minus A-CB,1993,2,old_macro_recall,5.678173269636687,2.078978351895031,9.544881825536235,2000,43001,class-stratified identity_component,False,False,fixed parent pairs; adaptively reused development validation; conditional descriptive interval
S-J-CB minus A-CB,1994,2,old_macro_recall,2.6689189189189193,-0.43859649122806843,6.1571713759213775,2000,43001,class-stratified identity_component,False,False,fixed parent pairs; adaptively reused development validation; conditional descriptive interval
S-J-CB minus A-CB,1995,2,old_macro_recall,5.47604422604423,1.6559588228972855,9.548605197554172,2000,43001,class-stratified identity_component,False,False,fixed parent pairs; adaptively reused development validation; conditional descriptive interval
S-J-CB minus A-CB,fixed_pair_mean,2,old_macro_recall,4.607712138199946,2.026234704223839,7.476984825944659,2000,43001,class-stratified identity_component,False,False,fixed parent pairs; adaptively reused development validation; conditional descriptive interval
S-J-CB minus A-CB,1993,2,current_macro_recall,7.873090481786136,0.0,16.389603699444127,2000,43001,class-stratified identity_component,False,False,fixed parent pairs; adaptively reused development validation; conditional descriptive interval
S-J-CB minus A-CB,1994,2,current_macro_recall,-5.1839464882943105,-11.570137604070315,0.0,2000,43001,class-stratified identity_component,False,False,fixed parent pairs; adaptively reused development validation; conditional descriptive interval
S-J-CB minus A-CB,1995,2,current_macro_recall,6.3405797101449295,1.0638297872340488,12.638888888888893,2000,43001,class-stratified identity_component,False,False,fixed parent pairs; adaptively reused development validation; conditional descriptive interval
S-J-CB minus A-CB,fixed_pair_mean,2,current_macro_recall,3.0099079012122516,-1.3503407505695855,7.342069784132444,2000,43001,class-stratified identity_component,False,False,fixed parent pairs; adaptively reused development validation; conditional descriptive interval
S-J-CB minus A-CB,1993,2,label_6_recall,-3.846153846153854,-12.0,0.0,2000,43001,class-stratified identity_component,False,False,fixed parent pairs; adaptively reused development validation; conditional descriptive interval
S-J-CB minus A-CB,1994,2,label_6_recall,-3.846153846153854,-12.0,0.0,2000,43001,class-stratified identity_component,False,False,fixed parent pairs; adaptively reused development validation; conditional descriptive interval
S-J-CB minus A-CB,1995,2,label_6_recall,0.0,0.0,0.0,2000,43001,class-stratified identity_component,False,False,fixed parent pairs; adaptively reused development validation; conditional descriptive interval
S-J-CB minus A-CB,fixed_pair_mean,2,label_6_recall,-2.564102564102569,-8.0,0.0,2000,43001,class-stratified identity_component,False,False,fixed parent pairs; adaptively reused development validation; conditional descriptive interval
S-J-CB minus A-CB,1993,2,label_7_recall,8.333333333333336,0.0,20.0,2000,43001,class-stratified identity_component,False,False,fixed parent pairs; adaptively reused development validation; conditional descriptive interval
S-J-CB minus A-CB,1994,2,label_7_recall,0.0,0.0,0.0,2000,43001,class-stratified identity_component,False,False,fixed parent pairs; adaptively reused development validation; conditional descriptive interval
S-J-CB minus A-CB,1995,2,label_7_recall,8.333333333333336,0.0,20.0,2000,43001,class-stratified identity_component,False,False,fixed parent pairs; adaptively reused development validation; conditional descriptive interval
S-J-CB minus A-CB,fixed_pair_mean,2,label_7_recall,5.555555555555557,0.0,13.333333333333334,2000,43001,class-stratified identity_component,False,False,fixed parent pairs; adaptively reused development validation; conditional descriptive interval
S-J-CB minus A-CB,1993,2,base_macro_recall,8.80312269031782,3.6303463704310435,13.850968086791257,2000,43001,class-stratified identity_component,False,False,fixed parent pairs; adaptively reused development validation; conditional descriptive interval
S-J-CB minus A-CB,1994,2,base_macro_recall,2.6520270270270245,-0.6097560975609753,6.3829314397149775,2000,43001,class-stratified identity_component,False,False,fixed parent pairs; adaptively reused development validation; conditional descriptive interval
S-J-CB minus A-CB,1995,2,base_macro_recall,6.1870393120393175,1.6593218624468633,10.981804993959996,2000,43001,class-stratified identity_component,False,False,fixed parent pairs; adaptively reused development validation; conditional descriptive interval
S-J-CB minus A-CB,fixed_pair_mean,2,base_macro_recall,5.880729676461388,2.8429771113433375,9.217657206994494,2000,43001,class-stratified identity_component,False,False,fixed parent pairs; adaptively reused development validation; conditional descriptive interval
S-J-CB minus A-CB,1993,2,post_base_macro_recall,3.650682455030278,-0.8458990480250135,8.366762786814267,2000,43001,class-stratified identity_component,False,False,fixed parent pairs; adaptively reused development validation; conditional descriptive interval
S-J-CB minus A-CB,1994,2,post_base_macro_recall,-1.2406218927958008,-5.603182880557018,2.9287439613526445,2000,43001,class-stratified identity_component,False,False,fixed parent pairs; adaptively reused development validation; conditional descriptive interval
S-J-CB minus A-CB,1995,2,post_base_macro_recall,5.197316882099493,1.1221346306190656,9.833478763492487,2000,43001,class-stratified identity_component,False,False,fixed parent pairs; adaptively reused development validation; conditional descriptive interval
S-J-CB minus A-CB,fixed_pair_mean,2,post_base_macro_recall,2.535792481444657,-0.6221293548070395,5.811449444871701,2000,43001,class-stratified identity_component,False,False,fixed parent pairs; adaptively reused development validation; conditional descriptive interval
S-J-CB minus A-CB,1993,2,tail_base_macro_recall,8.333333333333336,0.0,20.0,2000,43001,class-stratified identity_component,False,False,fixed parent pairs; adaptively reused development validation; conditional descriptive interval
S-J-CB minus A-CB,1994,2,tail_base_macro_recall,0.0,0.0,0.0,2000,43001,class-stratified identity_component,False,False,fixed parent pairs; adaptively reused development validation; conditional descriptive interval
S-J-CB minus A-CB,1995,2,tail_base_macro_recall,0.0,0.0,0.0,2000,43001,class-stratified identity_component,False,False,fixed parent pairs; adaptively reused development validation; conditional descriptive interval
S-J-CB minus A-CB,fixed_pair_mean,2,tail_base_macro_recall,2.7777777777777786,0.0,6.666666666666667,2000,43001,class-stratified identity_component,False,False,fixed parent pairs; adaptively reused development validation; conditional descriptive interval
S-J-CB minus A-CB,1993,2,tail_post_base_macro_recall,-3.846153846153854,-12.0,0.0,2000,43001,class-stratified identity_component,False,False,fixed parent pairs; adaptively reused development validation; conditional descriptive interval
S-J-CB minus A-CB,1994,2,tail_post_base_macro_recall,-3.846153846153854,-12.0,0.0,2000,43001,class-stratified identity_component,False,False,fixed parent pairs; adaptively reused development validation; conditional descriptive interval
S-J-CB minus A-CB,1995,2,tail_post_base_macro_recall,8.333333333333336,0.0,20.0,2000,43001,class-stratified identity_component,False,False,fixed parent pairs; adaptively reused development validation; conditional descriptive interval
S-J-CB minus A-CB,fixed_pair_mean,2,tail_post_base_macro_recall,0.21367521367520936,-6.667948717948718,5.555555555555557,2000,43001,class-stratified identity_component,False,False,fixed parent pairs; adaptively reused development validation; conditional descriptive interval
S-J-CB minus S-J-U,1993,0,balanced_accuracy,38.91444937176645,30.938352525357995,47.181125277161854,2000,43001,class-stratified identity_component,False,False,fixed parent pairs; adaptively reused development validation; conditional descriptive interval
S-J-CB minus S-J-U,1994,0,balanced_accuracy,19.764474840694348,10.873507320768473,27.85646906736514,2000,43001,class-stratified identity_component,False,False,fixed parent pairs; adaptively reused development validation; conditional descriptive interval
S-J-CB minus S-J-U,1995,0,balanced_accuracy,37.66254016254017,32.07049765952205,43.19432577656262,2000,43001,class-stratified identity_component,False,False,fixed parent pairs; adaptively reused development validation; conditional descriptive interval
S-J-CB minus S-J-U,fixed_pair_mean,0,balanced_accuracy,32.11382145833365,26.74978898322695,37.28817086136166,2000,43001,class-stratified identity_component,False,False,fixed parent pairs; adaptively reused development validation; conditional descriptive interval
S-J-CB minus S-J-U,1993,0,tail_rank2,54.166666666666664,29.618055555555557,76.92307692307692,2000,43001,class-stratified identity_component,False,False,fixed parent pairs; adaptively reused development validation; conditional descriptive interval
S-J-CB minus S-J-U,1994,0,tail_rank2,54.166666666666664,29.618055555555557,76.92307692307692,2000,43001,class-stratified identity_component,False,False,fixed parent pairs; adaptively reused development validation; conditional descriptive interval
S-J-CB minus S-J-U,1995,0,tail_rank2,96.15384615384616,87.5,100.0,2000,43001,class-stratified identity_component,False,False,fixed parent pairs; adaptively reused development validation; conditional descriptive interval
S-J-CB minus S-J-U,fixed_pair_mean,0,tail_rank2,68.16239316239317,52.0,83.33787878787876,2000,43001,class-stratified identity_component,False,False,fixed parent pairs; adaptively reused development validation; conditional descriptive interval
S-J-CB minus S-J-U,1993,0,current_macro_recall,38.91444937176645,30.938352525357995,47.181125277161854,2000,43001,class-stratified identity_component,False,False,fixed parent pairs; adaptively reused development validation; conditional descriptive interval
S-J-CB minus S-J-U,1994,0,current_macro_recall,19.764474840694348,10.873507320768473,27.85646906736514,2000,43001,class-stratified identity_component,False,False,fixed parent pairs; adaptively reused development validation; conditional descriptive interval
S-J-CB minus S-J-U,1995,0,current_macro_recall,37.66254016254017,32.07049765952205,43.19432577656262,2000,43001,class-stratified identity_component,False,False,fixed parent pairs; adaptively reused development validation; conditional descriptive interval
S-J-CB minus S-J-U,fixed_pair_mean,0,current_macro_recall,32.11382145833365,26.74978898322695,37.28817086136166,2000,43001,class-stratified identity_component,False,False,fixed parent pairs; adaptively reused development validation; conditional descriptive interval
S-J-CB minus S-J-U,1995,0,label_6_recall,96.15384615384616,87.5,100.0,2000,43001,class-stratified identity_component,False,False,fixed parent pairs; adaptively reused development validation; conditional descriptive interval
S-J-CB minus S-J-U,1993,0,label_7_recall,54.166666666666664,29.618055555555557,76.92307692307692,2000,43001,class-stratified identity_component,False,False,fixed parent pairs; adaptively reused development validation; conditional descriptive interval
S-J-CB minus S-J-U,1994,0,label_7_recall,54.166666666666664,29.618055555555557,76.92307692307692,2000,43001,class-stratified identity_component,False,False,fixed parent pairs; adaptively reused development validation; conditional descriptive interval
S-J-CB minus S-J-U,1993,0,base_macro_recall,38.91444937176645,30.938352525357995,47.181125277161854,2000,43001,class-stratified identity_component,False,False,fixed parent pairs; adaptively reused development validation; conditional descriptive interval
S-J-CB minus S-J-U,1994,0,base_macro_recall,19.764474840694348,10.873507320768473,27.85646906736514,2000,43001,class-stratified identity_component,False,False,fixed parent pairs; adaptively reused development validation; conditional descriptive interval
S-J-CB minus S-J-U,1995,0,base_macro_recall,37.66254016254017,32.07049765952205,43.19432577656262,2000,43001,class-stratified identity_component,False,False,fixed parent pairs; adaptively reused development validation; conditional descriptive interval
S-J-CB minus S-J-U,fixed_pair_mean,0,base_macro_recall,32.11382145833365,26.74978898322695,37.28817086136166,2000,43001,class-stratified identity_component,False,False,fixed parent pairs; adaptively reused development validation; conditional descriptive interval
S-J-CB minus S-J-U,1993,0,tail_base_macro_recall,54.166666666666664,29.618055555555557,76.92307692307692,2000,43001,class-stratified identity_component,False,False,fixed parent pairs; adaptively reused development validation; conditional descriptive interval
S-J-CB minus S-J-U,1994,0,tail_base_macro_recall,54.166666666666664,29.618055555555557,76.92307692307692,2000,43001,class-stratified identity_component,False,False,fixed parent pairs; adaptively reused development validation; conditional descriptive interval
S-J-CB minus S-J-U,1995,0,tail_base_macro_recall,96.15384615384616,87.5,100.0,2000,43001,class-stratified identity_component,False,False,fixed parent pairs; adaptively reused development validation; conditional descriptive interval
S-J-CB minus S-J-U,fixed_pair_mean,0,tail_base_macro_recall,68.16239316239317,52.0,83.33787878787876,2000,43001,class-stratified identity_component,False,False,fixed parent pairs; adaptively reused development validation; conditional descriptive interval
S-J-CB minus S-J-U,1993,1,balanced_accuracy,43.541123419172195,36.79750393340509,49.813976143305936,2000,43001,class-stratified identity_component,False,False,fixed parent pairs; adaptively reused development validation; conditional descriptive interval
S-J-CB minus S-J-U,1994,1,balanced_accuracy,30.31320955101442,23.525877469354686,37.04012524832487,2000,43001,class-stratified identity_component,False,False,fixed parent pairs; adaptively reused development validation; conditional descriptive interval
S-J-CB minus S-J-U,1995,1,balanced_accuracy,35.6676450883768,29.514384957928407,41.62665680648137,2000,43001,class-stratified identity_component,False,False,fixed parent pairs; adaptively reused development validation; conditional descriptive interval
S-J-CB minus S-J-U,fixed_pair_mean,1,balanced_accuracy,36.50732601952114,30.91798036056757,41.79177808092282,2000,43001,class-stratified identity_component,False,False,fixed parent pairs; adaptively reused development validation; conditional descriptive interval
S-J-CB minus S-J-U,1993,1,tail_rank2,71.31410256410255,57.56209886128364,83.93035714285713,2000,43001,class-stratified identity_component,False,False,fixed parent pairs; adaptively reused development validation; conditional descriptive interval
S-J-CB minus S-J-U,1994,1,tail_rank2,54.166666666666664,29.618055555555557,76.92307692307692,2000,43001,class-stratified identity_component,False,False,fixed parent pairs; adaptively reused development validation; conditional descriptive interval
S-J-CB minus S-J-U,1995,1,tail_rank2,92.3076923076923,80.0,100.0,2000,43001,class-stratified identity_component,False,False,fixed parent pairs; adaptively reused development validation; conditional descriptive interval
S-J-CB minus S-J-U,fixed_pair_mean,1,tail_rank2,72.59615384615385,59.29398148148148,84.78279872301611,2000,43001,class-stratified identity_component,False,False,fixed parent pairs; adaptively reused development validation; conditional descriptive interval
S-J-CB minus S-J-U,1993,1,old_macro_recall,30.358462675535847,22.33376093665728,38.746946183363065,2000,43001,class-stratified identity_component,False,False,fixed parent pairs; adaptively reused development validation; conditional descriptive interval
S-J-CB minus S-J-U,1994,1,old_macro_recall,51.044138650845966,41.635233918128655,60.16582825203251,2000,43001,class-stratified identity_component,False,False,fixed parent pairs; adaptively reused development validation; conditional descriptive interval
S-J-CB minus S-J-U,1995,1,old_macro_recall,28.46850784350785,21.602910434846407,34.98478203083465,2000,43001,class-stratified identity_component,False,False,fixed parent pairs; adaptively reused development validation; conditional descriptive interval
S-J-CB minus S-J-U,fixed_pair_mean,1,old_macro_recall,36.623703056629886,30.382473043931377,42.6012061037752,2000,43001,class-stratified identity_component,False,False,fixed parent pairs; adaptively reused development validation; conditional descriptive interval
S-J-CB minus S-J-U,1993,1,current_macro_recall,69.9064449064449,58.82897993511955,80.0,2000,43001,class-stratified identity_component,False,False,fixed parent pairs; adaptively reused development validation; conditional descriptive interval
S-J-CB minus S-J-U,1994,1,current_macro_recall,-11.148648648648646,-21.318250068250062,-1.0094185094185137,2000,43001,class-stratified identity_component,False,False,fixed parent pairs; adaptively reused development validation; conditional descriptive interval
S-J-CB minus S-J-U,1995,1,current_macro_recall,50.0659195781147,38.22798550109951,62.052482715273406,2000,43001,class-stratified identity_component,False,False,fixed parent pairs; adaptively reused development validation; conditional descriptive interval
S-J-CB minus S-J-U,fixed_pair_mean,1,current_macro_recall,36.274571945303656,28.94189571031676,43.385599791849785,2000,43001,class-stratified identity_component,False,False,fixed parent pairs; adaptively reused development validation; conditional descriptive interval
S-J-CB minus S-J-U,1993,1,label_6_recall,88.46153846153845,76.0,100.0,2000,43001,class-stratified identity_component,False,False,fixed parent pairs; adaptively reused development validation; conditional descriptive interval
S-J-CB minus S-J-U,1995,1,label_6_recall,92.3076923076923,80.0,100.0,2000,43001,class-stratified identity_component,False,False,fixed parent pairs; adaptively reused development validation; conditional descriptive interval
S-J-CB minus S-J-U,1993,1,label_7_recall,54.166666666666664,29.618055555555557,76.92307692307692,2000,43001,class-stratified identity_component,False,False,fixed parent pairs; adaptively reused development validation; conditional descriptive interval
S-J-CB minus S-J-U,1994,1,label_7_recall,54.166666666666664,29.618055555555557,76.92307692307692,2000,43001,class-stratified identity_component,False,False,fixed parent pairs; adaptively reused development validation; conditional descriptive interval
S-J-CB minus S-J-U,1993,1,base_macro_recall,30.358462675535847,22.33376093665728,38.746946183363065,2000,43001,class-stratified identity_component,False,False,fixed parent pairs; adaptively reused development validation; conditional descriptive interval
S-J-CB minus S-J-U,1994,1,base_macro_recall,51.044138650845966,41.635233918128655,60.16582825203251,2000,43001,class-stratified identity_component,False,False,fixed parent pairs; adaptively reused development validation; conditional descriptive interval
S-J-CB minus S-J-U,1995,1,base_macro_recall,28.46850784350785,21.602910434846407,34.98478203083465,2000,43001,class-stratified identity_component,False,False,fixed parent pairs; adaptively reused development validation; conditional descriptive interval
S-J-CB minus S-J-U,fixed_pair_mean,1,base_macro_recall,36.623703056629886,30.382473043931377,42.6012061037752,2000,43001,class-stratified identity_component,False,False,fixed parent pairs; adaptively reused development validation; conditional descriptive interval
S-J-CB minus S-J-U,1993,1,post_base_macro_recall,69.9064449064449,58.82897993511955,80.0,2000,43001,class-stratified identity_component,False,False,fixed parent pairs; adaptively reused development validation; conditional descriptive interval
S-J-CB minus S-J-U,1994,1,post_base_macro_recall,-11.148648648648646,-21.318250068250062,-1.0094185094185137,2000,43001,class-stratified identity_component,False,False,fixed parent pairs; adaptively reused development validation; conditional descriptive interval
S-J-CB minus S-J-U,1995,1,post_base_macro_recall,50.0659195781147,38.22798550109951,62.052482715273406,2000,43001,class-stratified identity_component,False,False,fixed parent pairs; adaptively reused development validation; conditional descriptive interval
S-J-CB minus S-J-U,fixed_pair_mean,1,post_base_macro_recall,36.274571945303656,28.94189571031676,43.385599791849785,2000,43001,class-stratified identity_component,False,False,fixed parent pairs; adaptively reused development validation; conditional descriptive interval
S-J-CB minus S-J-U,1993,1,tail_base_macro_recall,54.166666666666664,29.618055555555557,76.92307692307692,2000,43001,class-stratified identity_component,False,False,fixed parent pairs; adaptively reused development validation; conditional descriptive interval
S-J-CB minus S-J-U,1994,1,tail_base_macro_recall,54.166666666666664,29.618055555555557,76.92307692307692,2000,43001,class-stratified identity_component,False,False,fixed parent pairs; adaptively reused development validation; conditional descriptive interval
S-J-CB minus S-J-U,1995,1,tail_base_macro_recall,92.3076923076923,80.0,100.0,2000,43001,class-stratified identity_component,False,False,fixed parent pairs; adaptively reused development validation; conditional descriptive interval
S-J-CB minus S-J-U,fixed_pair_mean,1,tail_base_macro_recall,66.88034188034187,50.617283950617285,82.09986772486772,2000,43001,class-stratified identity_component,False,False,fixed parent pairs; adaptively reused development validation; conditional descriptive interval
S-J-CB minus S-J-U,1993,1,tail_post_base_macro_recall,88.46153846153845,76.0,100.0,2000,43001,class-stratified identity_component,False,False,fixed parent pairs; adaptively reused development validation; conditional descriptive interval
S-J-CB minus S-J-U,1993,2,balanced_accuracy,33.25982608491888,27.419699995136288,38.954656327082915,2000,43001,class-stratified identity_component,False,False,fixed parent pairs; adaptively reused development validation; conditional descriptive interval
S-J-CB minus S-J-U,1994,2,balanced_accuracy,29.1565768858982,23.56220634160928,34.91236889202831,2000,43001,class-stratified identity_component,False,False,fixed parent pairs; adaptively reused development validation; conditional descriptive interval
S-J-CB minus S-J-U,1995,2,balanced_accuracy,32.24271457801416,26.473020050049804,37.988239395483234,2000,43001,class-stratified identity_component,False,False,fixed parent pairs; adaptively reused development validation; conditional descriptive interval
S-J-CB minus S-J-U,fixed_pair_mean,2,balanced_accuracy,31.553039182943746,26.330958563027092,36.76898300382282,2000,43001,class-stratified identity_component,False,False,fixed parent pairs; adaptively reused development validation; conditional descriptive interval
S-J-CB minus S-J-U,1993,2,tail_rank2,73.3974358974359,58.81250000000001,86.33610954263128,2000,43001,class-stratified identity_component,False,False,fixed parent pairs; adaptively reused development validation; conditional descriptive interval
S-J-CB minus S-J-U,1994,2,tail_rank2,69.23076923076923,56.0,82.09283216783216,2000,43001,class-stratified identity_component,False,False,fixed parent pairs; adaptively reused development validation; conditional descriptive interval
S-J-CB minus S-J-U,1995,2,tail_rank2,75.32051282051282,61.58310185185186,87.46179467084639,2000,43001,class-stratified identity_component,False,False,fixed parent pairs; adaptively reused development validation; conditional descriptive interval
S-J-CB minus S-J-U,fixed_pair_mean,2,tail_rank2,72.64957264957265,59.30877926421405,84.81014957264955,2000,43001,class-stratified identity_component,False,False,fixed parent pairs; adaptively reused development validation; conditional descriptive interval
S-J-CB minus S-J-U,1993,2,old_macro_recall,46.25595299375787,39.18719756514744,52.93620565657194,2000,43001,class-stratified identity_component,False,False,fixed parent pairs; adaptively reused development validation; conditional descriptive interval
S-J-CB minus S-J-U,1994,2,old_macro_recall,29.56662871297018,22.67675350964824,36.72663886290608,2000,43001,class-stratified identity_component,False,False,fixed parent pairs; adaptively reused development validation; conditional descriptive interval
S-J-CB minus S-J-U,1995,2,old_macro_recall,36.89125228759376,30.620703261757495,42.91663212043241,2000,43001,class-stratified identity_component,False,False,fixed parent pairs; adaptively reused development validation; conditional descriptive interval
S-J-CB minus S-J-U,fixed_pair_mean,2,old_macro_recall,37.57127799810727,31.72669232826517,43.2587820030171,2000,43001,class-stratified identity_component,False,False,fixed parent pairs; adaptively reused development validation; conditional descriptive interval
S-J-CB minus S-J-U,1993,2,current_macro_recall,-5.728554641598123,-17.022171107277483,5.6741104692232405,2000,43001,class-stratified identity_component,False,False,fixed parent pairs; adaptively reused development validation; conditional descriptive interval
S-J-CB minus S-J-U,1994,2,current_macro_recall,27.926421404682273,17.347463768115936,36.95652173913043,2000,43001,class-stratified identity_component,False,False,fixed parent pairs; adaptively reused development validation; conditional descriptive interval
S-J-CB minus S-J-U,1995,2,current_macro_recall,18.297101449275367,4.604589371980677,31.304841897233203,2000,43001,class-stratified identity_component,False,False,fixed parent pairs; adaptively reused development validation; conditional descriptive interval
S-J-CB minus S-J-U,fixed_pair_mean,2,current_macro_recall,13.498322737453172,5.23227321524423,21.788648717367256,2000,43001,class-stratified identity_component,False,False,fixed parent pairs; adaptively reused development validation; conditional descriptive interval
S-J-CB minus S-J-U,1993,2,label_6_recall,88.46153846153845,75.0,100.0,2000,43001,class-stratified identity_component,False,False,fixed parent pairs; adaptively reused development validation; conditional descriptive interval
S-J-CB minus S-J-U,1994,2,label_6_recall,88.46153846153845,75.0,100.0,2000,43001,class-stratified identity_component,False,False,fixed parent pairs; adaptively reused development validation; conditional descriptive interval
S-J-CB minus S-J-U,1995,2,label_6_recall,92.3076923076923,80.0,100.0,2000,43001,class-stratified identity_component,False,False,fixed parent pairs; adaptively reused development validation; conditional descriptive interval
S-J-CB minus S-J-U,fixed_pair_mean,2,label_6_recall,89.74358974358974,77.33333333333333,100.0,2000,43001,class-stratified identity_component,False,False,fixed parent pairs; adaptively reused development validation; conditional descriptive interval
S-J-CB minus S-J-U,1993,2,label_7_recall,58.333333333333336,33.333333333333336,80.0,2000,43001,class-stratified identity_component,False,False,fixed parent pairs; adaptively reused development validation; conditional descriptive interval
S-J-CB minus S-J-U,1994,2,label_7_recall,50.0,28.0,72.01818181818172,2000,43001,class-stratified identity_component,False,False,fixed parent pairs; adaptively reused development validation; conditional descriptive interval
S-J-CB minus S-J-U,1995,2,label_7_recall,58.333333333333336,33.333333333333336,80.0,2000,43001,class-stratified identity_component,False,False,fixed parent pairs; adaptively reused development validation; conditional descriptive interval
S-J-CB minus S-J-U,fixed_pair_mean,2,label_7_recall,55.555555555555564,33.30128205128206,76.93181818181813,2000,43001,class-stratified identity_component,False,False,fixed parent pairs; adaptively reused development validation; conditional descriptive interval
S-J-CB minus S-J-U,1993,2,base_macro_recall,35.78205838876572,26.733068100435755,44.08151585733108,2000,43001,class-stratified identity_component,False,False,fixed parent pairs; adaptively reused development validation; conditional descriptive interval
S-J-CB minus S-J-U,1994,2,base_macro_recall,48.11222808174028,38.788369478456936,56.94262102474311,2000,43001,class-stratified identity_component,False,False,fixed parent pairs; adaptively reused development validation; conditional descriptive interval
S-J-CB minus S-J-U,1995,2,base_macro_recall,28.47465034965036,21.485811232192816,35.4232206937799,2000,43001,class-stratified identity_component,False,False,fixed parent pairs; adaptively reused development validation; conditional descriptive interval
S-J-CB minus S-J-U,fixed_pair_mean,2,base_macro_recall,37.45631227338545,31.20183347849025,43.48667557841462,2000,43001,class-stratified identity_component,False,False,fixed parent pairs; adaptively reused development validation; conditional descriptive interval
S-J-CB minus S-J-U,1993,2,post_base_macro_recall,30.737593781072036,22.87668729942757,38.36896062558962,2000,43001,class-stratified identity_component,False,False,fixed parent pairs; adaptively reused development validation; conditional descriptive interval
S-J-CB minus S-J-U,1994,2,post_base_macro_recall,10.200925690056131,2.901180726180723,16.904678579270968,2000,43001,class-stratified identity_component,False,False,fixed parent pairs; adaptively reused development validation; conditional descriptive interval
S-J-CB minus S-J-U,1995,2,post_base_macro_recall,36.010778806377964,26.70717032981483,44.814648806852695,2000,43001,class-stratified identity_component,False,False,fixed parent pairs; adaptively reused development validation; conditional descriptive interval
S-J-CB minus S-J-U,fixed_pair_mean,2,post_base_macro_recall,25.649766092502045,19.587949901303663,31.365779720150023,2000,43001,class-stratified identity_component,False,False,fixed parent pairs; adaptively reused development validation; conditional descriptive interval
S-J-CB minus S-J-U,1993,2,tail_base_macro_recall,58.333333333333336,33.333333333333336,80.0,2000,43001,class-stratified identity_component,False,False,fixed parent pairs; adaptively reused development validation; conditional descriptive interval
S-J-CB minus S-J-U,1994,2,tail_base_macro_recall,50.0,28.0,72.01818181818172,2000,43001,class-stratified identity_component,False,False,fixed parent pairs; adaptively reused development validation; conditional descriptive interval
S-J-CB minus S-J-U,1995,2,tail_base_macro_recall,92.3076923076923,80.0,100.0,2000,43001,class-stratified identity_component,False,False,fixed parent pairs; adaptively reused development validation; conditional descriptive interval
S-J-CB minus S-J-U,fixed_pair_mean,2,tail_base_macro_recall,66.88034188034187,51.55923913043478,81.94444444444444,2000,43001,class-stratified identity_component,False,False,fixed parent pairs; adaptively reused development validation; conditional descriptive interval
S-J-CB minus S-J-U,1993,2,tail_post_base_macro_recall,88.46153846153845,75.0,100.0,2000,43001,class-stratified identity_component,False,False,fixed parent pairs; adaptively reused development validation; conditional descriptive interval
S-J-CB minus S-J-U,1994,2,tail_post_base_macro_recall,88.46153846153845,75.0,100.0,2000,43001,class-stratified identity_component,False,False,fixed parent pairs; adaptively reused development validation; conditional descriptive interval
S-J-CB minus S-J-U,1995,2,tail_post_base_macro_recall,58.333333333333336,33.333333333333336,80.0,2000,43001,class-stratified identity_component,False,False,fixed parent pairs; adaptively reused development validation; conditional descriptive interval
S-J-CB minus S-J-U,fixed_pair_mean,2,tail_post_base_macro_recall,78.41880341880342,65.91453301127214,89.33354231974921,2000,43001,class-stratified identity_component,False,False,fixed parent pairs; adaptively reused development validation; conditional descriptive interval
A-CB minus A-U,1993,0,balanced_accuracy,37.92544345898004,29.503854164523496,46.12538612423489,2000,43001,class-stratified identity_component,False,False,fixed parent pairs; adaptively reused development validation; conditional descriptive interval
A-CB minus A-U,1994,0,balanced_accuracy,21.64441880905295,12.986417958656322,29.90500992063492,2000,43001,class-stratified identity_component,False,False,fixed parent pairs; adaptively reused development validation; conditional descriptive interval
A-CB minus A-U,1995,0,balanced_accuracy,39.12752787752788,33.237911899557446,44.82336251190551,2000,43001,class-stratified identity_component,False,False,fixed parent pairs; adaptively reused development validation; conditional descriptive interval
A-CB minus A-U,fixed_pair_mean,0,balanced_accuracy,32.89913004852029,27.354747310025964,38.31662687267307,2000,43001,class-stratified identity_component,False,False,fixed parent pairs; adaptively reused development validation; conditional descriptive interval
A-CB minus A-U,1993,0,tail_rank2,50.0,28.0,72.01818181818172,2000,43001,class-stratified identity_component,False,False,fixed parent pairs; adaptively reused development validation; conditional descriptive interval
A-CB minus A-U,1994,0,tail_rank2,54.166666666666664,29.618055555555557,76.92307692307692,2000,43001,class-stratified identity_component,False,False,fixed parent pairs; adaptively reused development validation; conditional descriptive interval
A-CB minus A-U,1995,0,tail_rank2,96.15384615384616,87.5,100.0,2000,43001,class-stratified identity_component,False,False,fixed parent pairs; adaptively reused development validation; conditional descriptive interval
A-CB minus A-U,fixed_pair_mean,0,tail_rank2,66.77350427350427,51.499893162393164,81.97720797720797,2000,43001,class-stratified identity_component,False,False,fixed parent pairs; adaptively reused development validation; conditional descriptive interval
A-CB minus A-U,1993,0,current_macro_recall,37.92544345898004,29.503854164523496,46.12538612423489,2000,43001,class-stratified identity_component,False,False,fixed parent pairs; adaptively reused development validation; conditional descriptive interval
A-CB minus A-U,1994,0,current_macro_recall,21.64441880905295,12.986417958656322,29.90500992063492,2000,43001,class-stratified identity_component,False,False,fixed parent pairs; adaptively reused development validation; conditional descriptive interval
A-CB minus A-U,1995,0,current_macro_recall,39.12752787752788,33.237911899557446,44.82336251190551,2000,43001,class-stratified identity_component,False,False,fixed parent pairs; adaptively reused development validation; conditional descriptive interval
A-CB minus A-U,fixed_pair_mean,0,current_macro_recall,32.89913004852029,27.354747310025964,38.31662687267307,2000,43001,class-stratified identity_component,False,False,fixed parent pairs; adaptively reused development validation; conditional descriptive interval
A-CB minus A-U,1995,0,label_6_recall,96.15384615384616,87.5,100.0,2000,43001,class-stratified identity_component,False,False,fixed parent pairs; adaptively reused development validation; conditional descriptive interval
A-CB minus A-U,1993,0,label_7_recall,50.0,28.0,72.01818181818172,2000,43001,class-stratified identity_component,False,False,fixed parent pairs; adaptively reused development validation; conditional descriptive interval
A-CB minus A-U,1994,0,label_7_recall,54.166666666666664,29.618055555555557,76.92307692307692,2000,43001,class-stratified identity_component,False,False,fixed parent pairs; adaptively reused development validation; conditional descriptive interval
A-CB minus A-U,1993,0,base_macro_recall,37.92544345898004,29.503854164523496,46.12538612423489,2000,43001,class-stratified identity_component,False,False,fixed parent pairs; adaptively reused development validation; conditional descriptive interval
A-CB minus A-U,1994,0,base_macro_recall,21.64441880905295,12.986417958656322,29.90500992063492,2000,43001,class-stratified identity_component,False,False,fixed parent pairs; adaptively reused development validation; conditional descriptive interval
A-CB minus A-U,1995,0,base_macro_recall,39.12752787752788,33.237911899557446,44.82336251190551,2000,43001,class-stratified identity_component,False,False,fixed parent pairs; adaptively reused development validation; conditional descriptive interval
A-CB minus A-U,fixed_pair_mean,0,base_macro_recall,32.89913004852029,27.354747310025964,38.31662687267307,2000,43001,class-stratified identity_component,False,False,fixed parent pairs; adaptively reused development validation; conditional descriptive interval
A-CB minus A-U,1993,0,tail_base_macro_recall,50.0,28.0,72.01818181818172,2000,43001,class-stratified identity_component,False,False,fixed parent pairs; adaptively reused development validation; conditional descriptive interval
A-CB minus A-U,1994,0,tail_base_macro_recall,54.166666666666664,29.618055555555557,76.92307692307692,2000,43001,class-stratified identity_component,False,False,fixed parent pairs; adaptively reused development validation; conditional descriptive interval
A-CB minus A-U,1995,0,tail_base_macro_recall,96.15384615384616,87.5,100.0,2000,43001,class-stratified identity_component,False,False,fixed parent pairs; adaptively reused development validation; conditional descriptive interval
A-CB minus A-U,fixed_pair_mean,0,tail_base_macro_recall,66.77350427350427,51.499893162393164,81.97720797720797,2000,43001,class-stratified identity_component,False,False,fixed parent pairs; adaptively reused development validation; conditional descriptive interval
A-CB minus A-U,1993,1,balanced_accuracy,44.7721216013899,38.06469442269881,51.310845404595405,2000,43001,class-stratified identity_component,False,False,fixed parent pairs; adaptively reused development validation; conditional descriptive interval
A-CB minus A-U,1994,1,balanced_accuracy,27.762854317732366,20.625187078612942,34.59897875564351,2000,43001,class-stratified identity_component,False,False,fixed parent pairs; adaptively reused development validation; conditional descriptive interval
A-CB minus A-U,1995,1,balanced_accuracy,33.53232517866664,27.541917327495796,39.410554105902946,2000,43001,class-stratified identity_component,False,False,fixed parent pairs; adaptively reused development validation; conditional descriptive interval
A-CB minus A-U,fixed_pair_mean,1,balanced_accuracy,35.3557670325963,29.622354125613,40.83354273869638,2000,43001,class-stratified identity_component,False,False,fixed parent pairs; adaptively reused development validation; conditional descriptive interval
A-CB minus A-U,1993,1,tail_rank2,71.31410256410255,57.56209886128364,83.93035714285713,2000,43001,class-stratified identity_component,False,False,fixed parent pairs; adaptively reused development validation; conditional descriptive interval
A-CB minus A-U,1994,1,tail_rank2,50.0,25.0,72.72727272727273,2000,43001,class-stratified identity_component,False,False,fixed parent pairs; adaptively reused development validation; conditional descriptive interval
A-CB minus A-U,1995,1,tail_rank2,92.3076923076923,80.0,100.0,2000,43001,class-stratified identity_component,False,False,fixed parent pairs; adaptively reused development validation; conditional descriptive interval
A-CB minus A-U,fixed_pair_mean,1,tail_rank2,71.20726495726495,58.148042929292934,83.0168269230769,2000,43001,class-stratified identity_component,False,False,fixed parent pairs; adaptively reused development validation; conditional descriptive interval
A-CB minus A-U,1993,1,old_macro_recall,32.880635624538066,24.15518027813194,41.32853084415585,2000,43001,class-stratified identity_component,False,False,fixed parent pairs; adaptively reused development validation; conditional descriptive interval
A-CB minus A-U,1994,1,old_macro_recall,49.921308503625575,40.42017738359202,58.87572834917187,2000,43001,class-stratified identity_component,False,False,fixed parent pairs; adaptively reused development validation; conditional descriptive interval
A-CB minus A-U,1995,1,old_macro_recall,24.111935361935366,17.720097692353793,30.492558428413698,2000,43001,class-stratified identity_component,False,False,fixed parent pairs; adaptively reused development validation; conditional descriptive interval
A-CB minus A-U,fixed_pair_mean,1,old_macro_recall,35.637959830033004,29.17911907182083,41.64743016974248,2000,43001,class-stratified identity_component,False,False,fixed parent pairs; adaptively reused development validation; conditional descriptive interval
A-CB minus A-U,1993,1,current_macro_recall,68.55509355509355,57.976495726495735,78.18045715249661,2000,43001,class-stratified identity_component,False,False,fixed parent pairs; adaptively reused development validation; conditional descriptive interval
A-CB minus A-U,1994,1,current_macro_recall,-16.554054054054063,-26.934889434889442,-6.5656565656565675,2000,43001,class-stratified identity_component,False,False,fixed parent pairs; adaptively reused development validation; conditional descriptive interval
A-CB minus A-U,1995,1,current_macro_recall,52.3731048121292,40.7245400995401,64.26922425474254,2000,43001,class-stratified identity_component,False,False,fixed parent pairs; adaptively reused development validation; conditional descriptive interval
A-CB minus A-U,fixed_pair_mean,1,current_macro_recall,34.7913814377229,27.343580674721025,41.76729138571244,2000,43001,class-stratified identity_component,False,False,fixed parent pairs; adaptively reused development validation; conditional descriptive interval
A-CB minus A-U,1993,1,label_6_recall,88.46153846153845,76.0,100.0,2000,43001,class-stratified identity_component,False,False,fixed parent pairs; adaptively reused development validation; conditional descriptive interval
A-CB minus A-U,1995,1,label_6_recall,92.3076923076923,80.0,100.0,2000,43001,class-stratified identity_component,False,False,fixed parent pairs; adaptively reused development validation; conditional descriptive interval
A-CB minus A-U,1993,1,label_7_recall,54.166666666666664,29.618055555555557,76.92307692307692,2000,43001,class-stratified identity_component,False,False,fixed parent pairs; adaptively reused development validation; conditional descriptive interval
A-CB minus A-U,1994,1,label_7_recall,50.0,25.0,72.72727272727273,2000,43001,class-stratified identity_component,False,False,fixed parent pairs; adaptively reused development validation; conditional descriptive interval
A-CB minus A-U,1993,1,base_macro_recall,32.880635624538066,24.15518027813194,41.32853084415585,2000,43001,class-stratified identity_component,False,False,fixed parent pairs; adaptively reused development validation; conditional descriptive interval
A-CB minus A-U,1994,1,base_macro_recall,49.921308503625575,40.42017738359202,58.87572834917187,2000,43001,class-stratified identity_component,False,False,fixed parent pairs; adaptively reused development validation; conditional descriptive interval
A-CB minus A-U,1995,1,base_macro_recall,24.111935361935366,17.720097692353793,30.492558428413698,2000,43001,class-stratified identity_component,False,False,fixed parent pairs; adaptively reused development validation; conditional descriptive interval
A-CB minus A-U,fixed_pair_mean,1,base_macro_recall,35.637959830033004,29.17911907182083,41.64743016974248,2000,43001,class-stratified identity_component,False,False,fixed parent pairs; adaptively reused development validation; conditional descriptive interval
A-CB minus A-U,1993,1,post_base_macro_recall,68.55509355509355,57.976495726495735,78.18045715249661,2000,43001,class-stratified identity_component,False,False,fixed parent pairs; adaptively reused development validation; conditional descriptive interval
A-CB minus A-U,1994,1,post_base_macro_recall,-16.554054054054063,-26.934889434889442,-6.5656565656565675,2000,43001,class-stratified identity_component,False,False,fixed parent pairs; adaptively reused development validation; conditional descriptive interval
A-CB minus A-U,1995,1,post_base_macro_recall,52.3731048121292,40.7245400995401,64.26922425474254,2000,43001,class-stratified identity_component,False,False,fixed parent pairs; adaptively reused development validation; conditional descriptive interval
A-CB minus A-U,fixed_pair_mean,1,post_base_macro_recall,34.7913814377229,27.343580674721025,41.76729138571244,2000,43001,class-stratified identity_component,False,False,fixed parent pairs; adaptively reused development validation; conditional descriptive interval
A-CB minus A-U,1993,1,tail_base_macro_recall,54.166666666666664,29.618055555555557,76.92307692307692,2000,43001,class-stratified identity_component,False,False,fixed parent pairs; adaptively reused development validation; conditional descriptive interval
A-CB minus A-U,1994,1,tail_base_macro_recall,50.0,25.0,72.72727272727273,2000,43001,class-stratified identity_component,False,False,fixed parent pairs; adaptively reused development validation; conditional descriptive interval
A-CB minus A-U,1995,1,tail_base_macro_recall,92.3076923076923,80.0,100.0,2000,43001,class-stratified identity_component,False,False,fixed parent pairs; adaptively reused development validation; conditional descriptive interval
A-CB minus A-U,fixed_pair_mean,1,tail_base_macro_recall,65.49145299145299,49.33188405797102,80.61841168091168,2000,43001,class-stratified identity_component,False,False,fixed parent pairs; adaptively reused development validation; conditional descriptive interval
A-CB minus A-U,1993,1,tail_post_base_macro_recall,88.46153846153845,76.0,100.0,2000,43001,class-stratified identity_component,False,False,fixed parent pairs; adaptively reused development validation; conditional descriptive interval
A-CB minus A-U,1993,2,balanced_accuracy,28.50462124752952,22.943485920499683,34.032865974218396,2000,43001,class-stratified identity_component,False,False,fixed parent pairs; adaptively reused development validation; conditional descriptive interval
A-CB minus A-U,1994,2,balanced_accuracy,28.504621247529517,22.94348592049968,34.0328659742184,2000,43001,class-stratified identity_component,False,False,fixed parent pairs; adaptively reused development validation; conditional descriptive interval
A-CB minus A-U,1995,2,balanced_accuracy,28.504621247529517,22.943485920499686,34.032865974218396,2000,43001,class-stratified identity_component,False,False,fixed parent pairs; adaptively reused development validation; conditional descriptive interval
A-CB minus A-U,fixed_pair_mean,2,balanced_accuracy,28.504621247529517,22.943485920499686,34.0328659742184,2000,43001,class-stratified identity_component,False,False,fixed parent pairs; adaptively reused development validation; conditional descriptive interval
A-CB minus A-U,1993,2,tail_rank2,71.15384615384616,58.97321428571429,83.33333333333334,2000,43001,class-stratified identity_component,False,False,fixed parent pairs; adaptively reused development validation; conditional descriptive interval
A-CB minus A-U,1994,2,tail_rank2,71.15384615384616,58.97321428571429,83.33333333333334,2000,43001,class-stratified identity_component,False,False,fixed parent pairs; adaptively reused development validation; conditional descriptive interval
A-CB minus A-U,1995,2,tail_rank2,71.15384615384616,58.97321428571429,83.33333333333334,2000,43001,class-stratified identity_component,False,False,fixed parent pairs; adaptively reused development validation; conditional descriptive interval
A-CB minus A-U,fixed_pair_mean,2,tail_rank2,71.15384615384616,58.97321428571429,83.33333333333334,2000,43001,class-stratified identity_component,False,False,fixed parent pairs; adaptively reused development validation; conditional descriptive interval
A-CB minus A-U,1993,2,old_macro_recall,41.903537299878764,35.29090801956655,48.335617556028325,2000,43001,class-stratified identity_component,False,False,fixed parent pairs; adaptively reused development validation; conditional descriptive interval
A-CB minus A-U,1994,2,old_macro_recall,26.969372365713827,20.220692491100838,34.011267192188235,2000,43001,class-stratified identity_component,False,False,fixed parent pairs; adaptively reused development validation; conditional descriptive interval
A-CB minus A-U,1995,2,old_macro_recall,34.02065441699588,28.05624446153729,39.98059759901865,2000,43001,class-stratified identity_component,False,False,fixed parent pairs; adaptively reused development validation; conditional descriptive interval
A-CB minus A-U,fixed_pair_mean,2,old_macro_recall,34.297854694196154,28.286804940727464,40.432148219937446,2000,43001,class-stratified identity_component,False,False,fixed parent pairs; adaptively reused development validation; conditional descriptive interval
A-CB minus A-U,1993,2,current_macro_recall,-11.692126909518208,-22.343612870324254,-0.584347774197403,2000,43001,class-stratified identity_component,False,False,fixed parent pairs; adaptively reused development validation; conditional descriptive interval
A-CB minus A-U,1994,2,current_macro_recall,33.11036789297658,23.3493961352657,41.71244934143868,2000,43001,class-stratified identity_component,False,False,fixed parent pairs; adaptively reused development validation; conditional descriptive interval
A-CB minus A-U,1995,2,current_macro_recall,11.956521739130437,-1.4200157604412864,25.75117753623187,2000,43001,class-stratified identity_component,False,False,fixed parent pairs; adaptively reused development validation; conditional descriptive interval
A-CB minus A-U,fixed_pair_mean,2,current_macro_recall,11.124920907529605,2.018908812658814,20.162733540485625,2000,43001,class-stratified identity_component,False,False,fixed parent pairs; adaptively reused development validation; conditional descriptive interval
A-CB minus A-U,1993,2,label_6_recall,92.3076923076923,80.0,100.0,2000,43001,class-stratified identity_component,False,False,fixed parent pairs; adaptively reused development validation; conditional descriptive interval
A-CB minus A-U,1994,2,label_6_recall,92.3076923076923,80.0,100.0,2000,43001,class-stratified identity_component,False,False,fixed parent pairs; adaptively reused development validation; conditional descriptive interval
A-CB minus A-U,1995,2,label_6_recall,92.3076923076923,80.0,100.0,2000,43001,class-stratified identity_component,False,False,fixed parent pairs; adaptively reused development validation; conditional descriptive interval
A-CB minus A-U,fixed_pair_mean,2,label_6_recall,92.3076923076923,80.0,100.0,2000,43001,class-stratified identity_component,False,False,fixed parent pairs; adaptively reused development validation; conditional descriptive interval
A-CB minus A-U,1993,2,label_7_recall,50.0,28.0,72.01818181818172,2000,43001,class-stratified identity_component,False,False,fixed parent pairs; adaptively reused development validation; conditional descriptive interval
A-CB minus A-U,1994,2,label_7_recall,50.0,28.0,72.01818181818172,2000,43001,class-stratified identity_component,False,False,fixed parent pairs; adaptively reused development validation; conditional descriptive interval
A-CB minus A-U,1995,2,label_7_recall,50.0,28.0,72.01818181818172,2000,43001,class-stratified identity_component,False,False,fixed parent pairs; adaptively reused development validation; conditional descriptive interval
A-CB minus A-U,fixed_pair_mean,2,label_7_recall,50.0,28.0,72.01818181818172,2000,43001,class-stratified identity_component,False,False,fixed parent pairs; adaptively reused development validation; conditional descriptive interval
A-CB minus A-U,1993,2,base_macro_recall,28.967572062084255,20.669637907823887,37.30298587996672,2000,43001,class-stratified identity_component,False,False,fixed parent pairs; adaptively reused development validation; conditional descriptive interval
A-CB minus A-U,1994,2,base_macro_recall,45.46020105471325,36.46676581787882,54.10251545518314,2000,43001,class-stratified identity_component,False,False,fixed parent pairs; adaptively reused development validation; conditional descriptive interval
A-CB minus A-U,1995,2,base_macro_recall,26.19578057078057,19.37482233213941,32.71385732323233,2000,43001,class-stratified identity_component,False,False,fixed parent pairs; adaptively reused development validation; conditional descriptive interval
A-CB minus A-U,fixed_pair_mean,2,base_macro_recall,33.54118456252603,27.217847429488955,40.019317151335976,2000,43001,class-stratified identity_component,False,False,fixed parent pairs; adaptively reused development validation; conditional descriptive interval
A-CB minus A-U,1993,2,post_base_macro_recall,28.041670432974783,20.746427419982915,35.10542502088554,2000,43001,class-stratified identity_component,False,False,fixed parent pairs; adaptively reused development validation; conditional descriptive interval
A-CB minus A-U,1994,2,post_base_macro_recall,11.549041440345782,4.628756077160332,18.094634368089732,2000,43001,class-stratified identity_component,False,False,fixed parent pairs; adaptively reused development validation; conditional descriptive interval
A-CB minus A-U,1995,2,post_base_macro_recall,30.81346192427847,21.76817366439329,39.3448983629608,2000,43001,class-stratified identity_component,False,False,fixed parent pairs; adaptively reused development validation; conditional descriptive interval
A-CB minus A-U,fixed_pair_mean,2,post_base_macro_recall,23.468057932533014,17.311634181298817,29.585454807634672,2000,43001,class-stratified identity_component,False,False,fixed parent pairs; adaptively reused development validation; conditional descriptive interval
A-CB minus A-U,1993,2,tail_base_macro_recall,50.0,28.0,72.01818181818172,2000,43001,class-stratified identity_component,False,False,fixed parent pairs; adaptively reused development validation; conditional descriptive interval
A-CB minus A-U,1994,2,tail_base_macro_recall,50.0,28.0,72.01818181818172,2000,43001,class-stratified identity_component,False,False,fixed parent pairs; adaptively reused development validation; conditional descriptive interval
A-CB minus A-U,1995,2,tail_base_macro_recall,92.3076923076923,80.0,100.0,2000,43001,class-stratified identity_component,False,False,fixed parent pairs; adaptively reused development validation; conditional descriptive interval
A-CB minus A-U,fixed_pair_mean,2,tail_base_macro_recall,64.1025641025641,49.330158730158736,79.27469135802468,2000,43001,class-stratified identity_component,False,False,fixed parent pairs; adaptively reused development validation; conditional descriptive interval
A-CB minus A-U,1993,2,tail_post_base_macro_recall,92.3076923076923,80.0,100.0,2000,43001,class-stratified identity_component,False,False,fixed parent pairs; adaptively reused development validation; conditional descriptive interval
A-CB minus A-U,1994,2,tail_post_base_macro_recall,92.3076923076923,80.0,100.0,2000,43001,class-stratified identity_component,False,False,fixed parent pairs; adaptively reused development validation; conditional descriptive interval
A-CB minus A-U,1995,2,tail_post_base_macro_recall,50.0,28.0,72.01818181818172,2000,43001,class-stratified identity_component,False,False,fixed parent pairs; adaptively reused development validation; conditional descriptive interval
A-CB minus A-U,fixed_pair_mean,2,tail_post_base_macro_recall,78.2051282051282,67.90123456790124,87.92916666666665,2000,43001,class-stratified identity_component,False,False,fixed parent pairs; adaptively reused development validation; conditional descriptive interval
S-J-U minus A-U,1993,0,balanced_accuracy,6.173780487804876,2.4446965399886533,10.002056154282462,2000,43001,class-stratified identity_component,False,False,fixed parent pairs; adaptively reused development validation; conditional descriptive interval
S-J-U minus A-U,1994,0,balanced_accuracy,2.504943968358603,0.5813953488372121,5.215053980787661,2000,43001,class-stratified identity_component,False,False,fixed parent pairs; adaptively reused development validation; conditional descriptive interval
S-J-U minus A-U,1995,0,balanced_accuracy,2.658169533169527,-0.702208827208828,6.191373113802735,2000,43001,class-stratified identity_component,False,False,fixed parent pairs; adaptively reused development validation; conditional descriptive interval
S-J-U minus A-U,fixed_pair_mean,0,balanced_accuracy,3.7789646631110023,1.8133727962499928,5.775545007071806,2000,43001,class-stratified identity_component,False,False,fixed parent pairs; adaptively reused development validation; conditional descriptive interval
S-J-U minus A-U,1993,0,tail_rank2,0.0,0.0,0.0,2000,43001,class-stratified identity_component,False,False,fixed parent pairs; adaptively reused development validation; conditional descriptive interval
S-J-U minus A-U,1994,0,tail_rank2,0.0,0.0,0.0,2000,43001,class-stratified identity_component,False,False,fixed parent pairs; adaptively reused development validation; conditional descriptive interval
S-J-U minus A-U,1995,0,tail_rank2,0.0,0.0,0.0,2000,43001,class-stratified identity_component,False,False,fixed parent pairs; adaptively reused development validation; conditional descriptive interval
S-J-U minus A-U,fixed_pair_mean,0,tail_rank2,0.0,0.0,0.0,2000,43001,class-stratified identity_component,False,False,fixed parent pairs; adaptively reused development validation; conditional descriptive interval
S-J-U minus A-U,1993,0,current_macro_recall,6.173780487804876,2.4446965399886533,10.002056154282462,2000,43001,class-stratified identity_component,False,False,fixed parent pairs; adaptively reused development validation; conditional descriptive interval
S-J-U minus A-U,1994,0,current_macro_recall,2.504943968358603,0.5813953488372121,5.215053980787661,2000,43001,class-stratified identity_component,False,False,fixed parent pairs; adaptively reused development validation; conditional descriptive interval
S-J-U minus A-U,1995,0,current_macro_recall,2.658169533169527,-0.702208827208828,6.191373113802735,2000,43001,class-stratified identity_component,False,False,fixed parent pairs; adaptively reused development validation; conditional descriptive interval
S-J-U minus A-U,fixed_pair_mean,0,current_macro_recall,3.7789646631110023,1.8133727962499928,5.775545007071806,2000,43001,class-stratified identity_component,False,False,fixed parent pairs; adaptively reused development validation; conditional descriptive interval
S-J-U minus A-U,1995,0,label_6_recall,0.0,0.0,0.0,2000,43001,class-stratified identity_component,False,False,fixed parent pairs; adaptively reused development validation; conditional descriptive interval
S-J-U minus A-U,1993,0,label_7_recall,0.0,0.0,0.0,2000,43001,class-stratified identity_component,False,False,fixed parent pairs; adaptively reused development validation; conditional descriptive interval
S-J-U minus A-U,1994,0,label_7_recall,0.0,0.0,0.0,2000,43001,class-stratified identity_component,False,False,fixed parent pairs; adaptively reused development validation; conditional descriptive interval
S-J-U minus A-U,1993,0,base_macro_recall,6.173780487804876,2.4446965399886533,10.002056154282462,2000,43001,class-stratified identity_component,False,False,fixed parent pairs; adaptively reused development validation; conditional descriptive interval
S-J-U minus A-U,1994,0,base_macro_recall,2.504943968358603,0.5813953488372121,5.215053980787661,2000,43001,class-stratified identity_component,False,False,fixed parent pairs; adaptively reused development validation; conditional descriptive interval
S-J-U minus A-U,1995,0,base_macro_recall,2.658169533169527,-0.702208827208828,6.191373113802735,2000,43001,class-stratified identity_component,False,False,fixed parent pairs; adaptively reused development validation; conditional descriptive interval
S-J-U minus A-U,fixed_pair_mean,0,base_macro_recall,3.7789646631110023,1.8133727962499928,5.775545007071806,2000,43001,class-stratified identity_component,False,False,fixed parent pairs; adaptively reused development validation; conditional descriptive interval
S-J-U minus A-U,1993,0,tail_base_macro_recall,0.0,0.0,0.0,2000,43001,class-stratified identity_component,False,False,fixed parent pairs; adaptively reused development validation; conditional descriptive interval
S-J-U minus A-U,1994,0,tail_base_macro_recall,0.0,0.0,0.0,2000,43001,class-stratified identity_component,False,False,fixed parent pairs; adaptively reused development validation; conditional descriptive interval
S-J-U minus A-U,1995,0,tail_base_macro_recall,0.0,0.0,0.0,2000,43001,class-stratified identity_component,False,False,fixed parent pairs; adaptively reused development validation; conditional descriptive interval
S-J-U minus A-U,fixed_pair_mean,0,tail_base_macro_recall,0.0,0.0,0.0,2000,43001,class-stratified identity_component,False,False,fixed parent pairs; adaptively reused development validation; conditional descriptive interval
S-J-U minus A-U,1993,1,balanced_accuracy,4.115853658536587,1.629797693325769,6.6680374361883095,2000,43001,class-stratified identity_component,False,False,fixed parent pairs; adaptively reused development validation; conditional descriptive interval
S-J-U minus A-U,1994,1,balanced_accuracy,1.2736211821577683,0.0,2.7120753272069043,2000,43001,class-stratified identity_component,False,False,fixed parent pairs; adaptively reused development validation; conditional descriptive interval
S-J-U minus A-U,1995,1,balanced_accuracy,2.551337368410536,0.08607186732186342,5.099756006006007,2000,43001,class-stratified identity_component,False,False,fixed parent pairs; adaptively reused development validation; conditional descriptive interval
S-J-U minus A-U,fixed_pair_mean,1,balanced_accuracy,2.6469374030349635,1.1554211732057231,4.227601082063174,2000,43001,class-stratified identity_component,False,False,fixed parent pairs; adaptively reused development validation; conditional descriptive interval
S-J-U minus A-U,1993,1,tail_rank2,0.0,0.0,0.0,2000,43001,class-stratified identity_component,False,False,fixed parent pairs; adaptively reused development validation; conditional descriptive interval
S-J-U minus A-U,1994,1,tail_rank2,0.0,0.0,0.0,2000,43001,class-stratified identity_component,False,False,fixed parent pairs; adaptively reused development validation; conditional descriptive interval
S-J-U minus A-U,1995,1,tail_rank2,0.0,0.0,0.0,2000,43001,class-stratified identity_component,False,False,fixed parent pairs; adaptively reused development validation; conditional descriptive interval
S-J-U minus A-U,fixed_pair_mean,1,tail_rank2,0.0,0.0,0.0,2000,43001,class-stratified identity_component,False,False,fixed parent pairs; adaptively reused development validation; conditional descriptive interval
S-J-U minus A-U,1993,1,old_macro_recall,6.173780487804876,2.4446965399886533,10.002056154282462,2000,43001,class-stratified identity_component,False,False,fixed parent pairs; adaptively reused development validation; conditional descriptive interval
S-J-U minus A-U,1994,1,old_macro_recall,1.2347560975609757,0.0,3.125,2000,43001,class-stratified identity_component,False,False,fixed parent pairs; adaptively reused development validation; conditional descriptive interval
S-J-U minus A-U,1995,1,old_macro_recall,2.60749385749385,-0.7457637638558682,5.9027777777777715,2000,43001,class-stratified identity_component,False,False,fixed parent pairs; adaptively reused development validation; conditional descriptive interval
S-J-U minus A-U,fixed_pair_mean,1,old_macro_recall,3.338676814286567,1.3413491357570306,5.466600529100528,2000,43001,class-stratified identity_component,False,False,fixed parent pairs; adaptively reused development validation; conditional descriptive interval
S-J-U minus A-U,1993,1,current_macro_recall,0.0,0.0,0.0,2000,43001,class-stratified identity_component,False,False,fixed parent pairs; adaptively reused development validation; conditional descriptive interval
S-J-U minus A-U,1994,1,current_macro_recall,1.3513513513513402,0.0,4.166666666666671,2000,43001,class-stratified identity_component,False,False,fixed parent pairs; adaptively reused development validation; conditional descriptive interval
S-J-U minus A-U,1995,1,current_macro_recall,2.439024390243902,0.0,6.3836606655755554,2000,43001,class-stratified identity_component,False,False,fixed parent pairs; adaptively reused development validation; conditional descriptive interval
S-J-U minus A-U,fixed_pair_mean,1,current_macro_recall,1.2634585805317473,0.0,2.865966576332429,2000,43001,class-stratified identity_component,False,False,fixed parent pairs; adaptively reused development validation; conditional descriptive interval
S-J-U minus A-U,1993,1,label_6_recall,0.0,0.0,0.0,2000,43001,class-stratified identity_component,False,False,fixed parent pairs; adaptively reused development validation; conditional descriptive interval
S-J-U minus A-U,1995,1,label_6_recall,0.0,0.0,0.0,2000,43001,class-stratified identity_component,False,False,fixed parent pairs; adaptively reused development validation; conditional descriptive interval
S-J-U minus A-U,1993,1,label_7_recall,0.0,0.0,0.0,2000,43001,class-stratified identity_component,False,False,fixed parent pairs; adaptively reused development validation; conditional descriptive interval
S-J-U minus A-U,1994,1,label_7_recall,0.0,0.0,0.0,2000,43001,class-stratified identity_component,False,False,fixed parent pairs; adaptively reused development validation; conditional descriptive interval
S-J-U minus A-U,1993,1,base_macro_recall,6.173780487804876,2.4446965399886533,10.002056154282462,2000,43001,class-stratified identity_component,False,False,fixed parent pairs; adaptively reused development validation; conditional descriptive interval
S-J-U minus A-U,1994,1,base_macro_recall,1.2347560975609757,0.0,3.125,2000,43001,class-stratified identity_component,False,False,fixed parent pairs; adaptively reused development validation; conditional descriptive interval
S-J-U minus A-U,1995,1,base_macro_recall,2.60749385749385,-0.7457637638558682,5.9027777777777715,2000,43001,class-stratified identity_component,False,False,fixed parent pairs; adaptively reused development validation; conditional descriptive interval
S-J-U minus A-U,fixed_pair_mean,1,base_macro_recall,3.338676814286567,1.3413491357570306,5.466600529100528,2000,43001,class-stratified identity_component,False,False,fixed parent pairs; adaptively reused development validation; conditional descriptive interval
S-J-U minus A-U,1993,1,post_base_macro_recall,0.0,0.0,0.0,2000,43001,class-stratified identity_component,False,False,fixed parent pairs; adaptively reused development validation; conditional descriptive interval
S-J-U minus A-U,1994,1,post_base_macro_recall,1.3513513513513402,0.0,4.166666666666671,2000,43001,class-stratified identity_component,False,False,fixed parent pairs; adaptively reused development validation; conditional descriptive interval
S-J-U minus A-U,1995,1,post_base_macro_recall,2.439024390243902,0.0,6.3836606655755554,2000,43001,class-stratified identity_component,False,False,fixed parent pairs; adaptively reused development validation; conditional descriptive interval
S-J-U minus A-U,fixed_pair_mean,1,post_base_macro_recall,1.2634585805317473,0.0,2.865966576332429,2000,43001,class-stratified identity_component,False,False,fixed parent pairs; adaptively reused development validation; conditional descriptive interval
S-J-U minus A-U,1993,1,tail_base_macro_recall,0.0,0.0,0.0,2000,43001,class-stratified identity_component,False,False,fixed parent pairs; adaptively reused development validation; conditional descriptive interval
S-J-U minus A-U,1994,1,tail_base_macro_recall,0.0,0.0,0.0,2000,43001,class-stratified identity_component,False,False,fixed parent pairs; adaptively reused development validation; conditional descriptive interval
S-J-U minus A-U,1995,1,tail_base_macro_recall,0.0,0.0,0.0,2000,43001,class-stratified identity_component,False,False,fixed parent pairs; adaptively reused development validation; conditional descriptive interval
S-J-U minus A-U,fixed_pair_mean,1,tail_base_macro_recall,0.0,0.0,0.0,2000,43001,class-stratified identity_component,False,False,fixed parent pairs; adaptively reused development validation; conditional descriptive interval
S-J-U minus A-U,1993,1,tail_post_base_macro_recall,0.0,0.0,0.0,2000,43001,class-stratified identity_component,False,False,fixed parent pairs; adaptively reused development validation; conditional descriptive interval
S-J-U minus A-U,1993,2,balanced_accuracy,1.4716977352846925,-0.9030137862374679,3.7519964450235217,2000,43001,class-stratified identity_component,False,False,fixed parent pairs; adaptively reused development validation; conditional descriptive interval
S-J-U minus A-U,1994,2,balanced_accuracy,0.05374692874692499,-1.1237373737373737,1.2379575436640646,2000,43001,class-stratified identity_component,False,False,fixed parent pairs; adaptively reused development validation; conditional descriptive interval
S-J-U minus A-U,1995,2,balanced_accuracy,1.9540847665847636,-0.17133133566073822,4.082418355855858,2000,43001,class-stratified identity_component,False,False,fixed parent pairs; adaptively reused development validation; conditional descriptive interval
S-J-U minus A-U,fixed_pair_mean,2,balanced_accuracy,1.1598431435387937,-0.35933256333356,2.5993819776714506,2000,43001,class-stratified identity_component,False,False,fixed parent pairs; adaptively reused development validation; conditional descriptive interval
S-J-U minus A-U,1993,2,tail_rank2,0.0,0.0,0.0,2000,43001,class-stratified identity_component,False,False,fixed parent pairs; adaptively reused development validation; conditional descriptive interval
S-J-U minus A-U,1994,2,tail_rank2,0.0,0.0,0.0,2000,43001,class-stratified identity_component,False,False,fixed parent pairs; adaptively reused development validation; conditional descriptive interval
S-J-U minus A-U,1995,2,tail_rank2,0.0,0.0,0.0,2000,43001,class-stratified identity_component,False,False,fixed parent pairs; adaptively reused development validation; conditional descriptive interval
S-J-U minus A-U,fixed_pair_mean,2,tail_rank2,0.0,0.0,0.0,2000,43001,class-stratified identity_component,False,False,fixed parent pairs; adaptively reused development validation; conditional descriptive interval
S-J-U minus A-U,1993,2,old_macro_recall,1.3257575757575744,-0.6439393939393945,3.3075135177189083,2000,43001,class-stratified identity_component,False,False,fixed parent pairs; adaptively reused development validation; conditional descriptive interval
S-J-U minus A-U,1994,2,old_macro_recall,0.07166257166256784,-1.1363636363636367,1.3513513513513509,2000,43001,class-stratified identity_component,False,False,fixed parent pairs; adaptively reused development validation; conditional descriptive interval
S-J-U minus A-U,1995,2,old_macro_recall,2.605446355446354,0.21640210784948155,5.208808008589985,2000,43001,class-stratified identity_component,False,False,fixed parent pairs; adaptively reused development validation; conditional descriptive interval
S-J-U minus A-U,fixed_pair_mean,2,old_macro_recall,1.334288834288832,-0.15934190769717058,2.842630280022059,2000,43001,class-stratified identity_component,False,False,fixed parent pairs; adaptively reused development validation; conditional descriptive interval
S-J-U minus A-U,1993,2,current_macro_recall,1.9095182138660505,-5.64624951037995,8.960985441963702,2000,43001,class-stratified identity_component,False,False,fixed parent pairs; adaptively reused development validation; conditional descriptive interval
S-J-U minus A-U,1994,2,current_macro_recall,0.0,-3.2608695652173907,3.2608695652173907,2000,43001,class-stratified identity_component,False,False,fixed parent pairs; adaptively reused development validation; conditional descriptive interval
S-J-U minus A-U,1995,2,current_macro_recall,0.0,-4.347826086956523,4.347826086956523,2000,43001,class-stratified identity_component,False,False,fixed parent pairs; adaptively reused development validation; conditional descriptive interval
S-J-U minus A-U,fixed_pair_mean,2,current_macro_recall,0.6365060712886835,-2.9635559472516007,4.436107653249433,2000,43001,class-stratified identity_component,False,False,fixed parent pairs; adaptively reused development validation; conditional descriptive interval
S-J-U minus A-U,1993,2,label_6_recall,0.0,0.0,0.0,2000,43001,class-stratified identity_component,False,False,fixed parent pairs; adaptively reused development validation; conditional descriptive interval
S-J-U minus A-U,1994,2,label_6_recall,0.0,0.0,0.0,2000,43001,class-stratified identity_component,False,False,fixed parent pairs; adaptively reused development validation; conditional descriptive interval
S-J-U minus A-U,1995,2,label_6_recall,0.0,0.0,0.0,2000,43001,class-stratified identity_component,False,False,fixed parent pairs; adaptively reused development validation; conditional descriptive interval
S-J-U minus A-U,fixed_pair_mean,2,label_6_recall,0.0,0.0,0.0,2000,43001,class-stratified identity_component,False,False,fixed parent pairs; adaptively reused development validation; conditional descriptive interval
S-J-U minus A-U,1993,2,label_7_recall,0.0,0.0,0.0,2000,43001,class-stratified identity_component,False,False,fixed parent pairs; adaptively reused development validation; conditional descriptive interval
S-J-U minus A-U,1994,2,label_7_recall,0.0,0.0,0.0,2000,43001,class-stratified identity_component,False,False,fixed parent pairs; adaptively reused development validation; conditional descriptive interval
S-J-U minus A-U,1995,2,label_7_recall,0.0,0.0,0.0,2000,43001,class-stratified identity_component,False,False,fixed parent pairs; adaptively reused development validation; conditional descriptive interval
S-J-U minus A-U,fixed_pair_mean,2,label_7_recall,0.0,0.0,0.0,2000,43001,class-stratified identity_component,False,False,fixed parent pairs; adaptively reused development validation; conditional descriptive interval
S-J-U minus A-U,1993,2,base_macro_recall,1.9886363636363598,-0.9659090909090899,4.961270276578364,2000,43001,class-stratified identity_component,False,False,fixed parent pairs; adaptively reused development validation; conditional descriptive interval
S-J-U minus A-U,1994,2,base_macro_recall,0.0,0.0,0.0,2000,43001,class-stratified identity_component,False,False,fixed parent pairs; adaptively reused development validation; conditional descriptive interval
S-J-U minus A-U,1995,2,base_macro_recall,3.908169533169527,0.32460316177421894,7.813212012884974,2000,43001,class-stratified identity_component,False,False,fixed parent pairs; adaptively reused development validation; conditional descriptive interval
S-J-U minus A-U,fixed_pair_mean,2,base_macro_recall,1.9656019656019623,0.03606894231894395,3.961040794120059,2000,43001,class-stratified identity_component,False,False,fixed parent pairs; adaptively reused development validation; conditional descriptive interval
S-J-U minus A-U,1993,2,post_base_macro_recall,0.9547591069330252,-2.823124755189975,4.480492720981851,2000,43001,class-stratified identity_component,False,False,fixed parent pairs; adaptively reused development validation; conditional descriptive interval
S-J-U minus A-U,1994,2,post_base_macro_recall,0.10749385749384999,-2.2474747474747474,2.4759150873281293,2000,43001,class-stratified identity_component,False,False,fixed parent pairs; adaptively reused development validation; conditional descriptive interval
S-J-U minus A-U,1995,2,post_base_macro_recall,0.0,-2.1739130434782616,2.1739130434782616,2000,43001,class-stratified identity_component,False,False,fixed parent pairs; adaptively reused development validation; conditional descriptive interval
S-J-U minus A-U,fixed_pair_mean,2,post_base_macro_recall,0.3540843214756251,-1.5808287832014039,2.3062228483424154,2000,43001,class-stratified identity_component,False,False,fixed parent pairs; adaptively reused development validation; conditional descriptive interval
S-J-U minus A-U,1993,2,tail_base_macro_recall,0.0,0.0,0.0,2000,43001,class-stratified identity_component,False,False,fixed parent pairs; adaptively reused development validation; conditional descriptive interval
S-J-U minus A-U,1994,2,tail_base_macro_recall,0.0,0.0,0.0,2000,43001,class-stratified identity_component,False,False,fixed parent pairs; adaptively reused development validation; conditional descriptive interval
S-J-U minus A-U,1995,2,tail_base_macro_recall,0.0,0.0,0.0,2000,43001,class-stratified identity_component,False,False,fixed parent pairs; adaptively reused development validation; conditional descriptive interval
S-J-U minus A-U,fixed_pair_mean,2,tail_base_macro_recall,0.0,0.0,0.0,2000,43001,class-stratified identity_component,False,False,fixed parent pairs; adaptively reused development validation; conditional descriptive interval
S-J-U minus A-U,1993,2,tail_post_base_macro_recall,0.0,0.0,0.0,2000,43001,class-stratified identity_component,False,False,fixed parent pairs; adaptively reused development validation; conditional descriptive interval
S-J-U minus A-U,1994,2,tail_post_base_macro_recall,0.0,0.0,0.0,2000,43001,class-stratified identity_component,False,False,fixed parent pairs; adaptively reused development validation; conditional descriptive interval
S-J-U minus A-U,1995,2,tail_post_base_macro_recall,0.0,0.0,0.0,2000,43001,class-stratified identity_component,False,False,fixed parent pairs; adaptively reused development validation; conditional descriptive interval
S-J-U minus A-U,fixed_pair_mean,2,tail_post_base_macro_recall,0.0,0.0,0.0,2000,43001,class-stratified identity_component,False,False,fixed parent pairs; adaptively reused development validation; conditional descriptive interval
S-M-CB minus A-CB,1993,0,balanced_accuracy,8.125,3.6784788676235998,12.82862687226961,2000,43001,class-stratified identity_component,False,False,fixed parent pairs; adaptively reused development validation; conditional descriptive interval
S-M-CB minus A-CB,1994,0,balanced_accuracy,2.4847560975609753,0.0,5.400747508305645,2000,43001,class-stratified identity_component,False,False,fixed parent pairs; adaptively reused development validation; conditional descriptive interval
S-M-CB minus A-CB,1995,0,balanced_accuracy,1.374149499149496,-3.3166505643479263,5.790936252055412,2000,43001,class-stratified identity_component,False,False,fixed parent pairs; adaptively reused development validation; conditional descriptive interval
S-M-CB minus A-CB,fixed_pair_mean,0,balanced_accuracy,3.9946351989034903,1.6091293980952444,6.505841283770308,2000,43001,class-stratified identity_component,False,False,fixed parent pairs; adaptively reused development validation; conditional descriptive interval
S-M-CB minus A-CB,1993,0,tail_rank2,12.5,0.0,26.92307692307692,2000,43001,class-stratified identity_component,False,False,fixed parent pairs; adaptively reused development validation; conditional descriptive interval
S-M-CB minus A-CB,1994,0,tail_rank2,0.0,0.0,0.0,2000,43001,class-stratified identity_component,False,False,fixed parent pairs; adaptively reused development validation; conditional descriptive interval
S-M-CB minus A-CB,1995,0,tail_rank2,-3.846153846153854,-12.5,0.0,2000,43001,class-stratified identity_component,False,False,fixed parent pairs; adaptively reused development validation; conditional descriptive interval
S-M-CB minus A-CB,fixed_pair_mean,0,tail_rank2,2.884615384615382,-2.5641025641025643,8.05128205128205,2000,43001,class-stratified identity_component,False,False,fixed parent pairs; adaptively reused development validation; conditional descriptive interval
S-M-CB minus A-CB,1993,0,current_macro_recall,8.125,3.6784788676235998,12.82862687226961,2000,43001,class-stratified identity_component,False,False,fixed parent pairs; adaptively reused development validation; conditional descriptive interval
S-M-CB minus A-CB,1994,0,current_macro_recall,2.4847560975609753,0.0,5.400747508305645,2000,43001,class-stratified identity_component,False,False,fixed parent pairs; adaptively reused development validation; conditional descriptive interval
S-M-CB minus A-CB,1995,0,current_macro_recall,1.374149499149496,-3.3166505643479263,5.790936252055412,2000,43001,class-stratified identity_component,False,False,fixed parent pairs; adaptively reused development validation; conditional descriptive interval
S-M-CB minus A-CB,fixed_pair_mean,0,current_macro_recall,3.9946351989034903,1.6091293980952444,6.505841283770308,2000,43001,class-stratified identity_component,False,False,fixed parent pairs; adaptively reused development validation; conditional descriptive interval
S-M-CB minus A-CB,1995,0,label_6_recall,-3.846153846153854,-12.5,0.0,2000,43001,class-stratified identity_component,False,False,fixed parent pairs; adaptively reused development validation; conditional descriptive interval
S-M-CB minus A-CB,1993,0,label_7_recall,12.5,0.0,26.92307692307692,2000,43001,class-stratified identity_component,False,False,fixed parent pairs; adaptively reused development validation; conditional descriptive interval
S-M-CB minus A-CB,1994,0,label_7_recall,0.0,0.0,0.0,2000,43001,class-stratified identity_component,False,False,fixed parent pairs; adaptively reused development validation; conditional descriptive interval
S-M-CB minus A-CB,1993,0,base_macro_recall,8.125,3.6784788676235998,12.82862687226961,2000,43001,class-stratified identity_component,False,False,fixed parent pairs; adaptively reused development validation; conditional descriptive interval
S-M-CB minus A-CB,1994,0,base_macro_recall,2.4847560975609753,0.0,5.400747508305645,2000,43001,class-stratified identity_component,False,False,fixed parent pairs; adaptively reused development validation; conditional descriptive interval
S-M-CB minus A-CB,1995,0,base_macro_recall,1.374149499149496,-3.3166505643479263,5.790936252055412,2000,43001,class-stratified identity_component,False,False,fixed parent pairs; adaptively reused development validation; conditional descriptive interval
S-M-CB minus A-CB,fixed_pair_mean,0,base_macro_recall,3.9946351989034903,1.6091293980952444,6.505841283770308,2000,43001,class-stratified identity_component,False,False,fixed parent pairs; adaptively reused development validation; conditional descriptive interval
S-M-CB minus A-CB,1993,0,tail_base_macro_recall,12.5,0.0,26.92307692307692,2000,43001,class-stratified identity_component,False,False,fixed parent pairs; adaptively reused development validation; conditional descriptive interval
S-M-CB minus A-CB,1994,0,tail_base_macro_recall,0.0,0.0,0.0,2000,43001,class-stratified identity_component,False,False,fixed parent pairs; adaptively reused development validation; conditional descriptive interval
S-M-CB minus A-CB,1995,0,tail_base_macro_recall,-3.846153846153854,-12.5,0.0,2000,43001,class-stratified identity_component,False,False,fixed parent pairs; adaptively reused development validation; conditional descriptive interval
S-M-CB minus A-CB,fixed_pair_mean,0,tail_base_macro_recall,2.884615384615382,-2.5641025641025643,8.05128205128205,2000,43001,class-stratified identity_component,False,False,fixed parent pairs; adaptively reused development validation; conditional descriptive interval
S-M-CB minus A-CB,1993,1,balanced_accuracy,6.3212124797490645,3.089048841616233,9.616676839237817,2000,43001,class-stratified identity_component,False,False,fixed parent pairs; adaptively reused development validation; conditional descriptive interval
S-M-CB minus A-CB,1994,1,balanced_accuracy,2.956859298322712,0.1432536044217681,5.996974642472019,2000,43001,class-stratified identity_component,False,False,fixed parent pairs; adaptively reused development validation; conditional descriptive interval
S-M-CB minus A-CB,1995,1,balanced_accuracy,5.831210922674337,2.1234662535534703,9.507109067322471,2000,43001,class-stratified identity_component,False,False,fixed parent pairs; adaptively reused development validation; conditional descriptive interval
S-M-CB minus A-CB,fixed_pair_mean,1,balanced_accuracy,5.036427566915371,2.8017047052063937,7.3655469201283,2000,43001,class-stratified identity_component,False,False,fixed parent pairs; adaptively reused development validation; conditional descriptive interval
S-M-CB minus A-CB,1993,1,tail_rank2,4.006410256410263,0.0,9.903874024526191,2000,43001,class-stratified identity_component,False,False,fixed parent pairs; adaptively reused development validation; conditional descriptive interval
S-M-CB minus A-CB,1994,1,tail_rank2,4.166666666666664,0.0,13.63636363636364,2000,43001,class-stratified identity_component,False,False,fixed parent pairs; adaptively reused development validation; conditional descriptive interval
S-M-CB minus A-CB,1995,1,tail_rank2,0.0,0.0,0.0,2000,43001,class-stratified identity_component,False,False,fixed parent pairs; adaptively reused development validation; conditional descriptive interval
S-M-CB minus A-CB,fixed_pair_mean,1,tail_rank2,2.724358974358976,0.0,6.3316197691197695,2000,43001,class-stratified identity_component,False,False,fixed parent pairs; adaptively reused development validation; conditional descriptive interval
S-M-CB minus A-CB,1993,1,old_macro_recall,7.844604582409453,3.780485387768783,12.350647293597875,2000,43001,class-stratified identity_component,False,False,fixed parent pairs; adaptively reused development validation; conditional descriptive interval
S-M-CB minus A-CB,1994,1,old_macro_recall,1.7325862447813662,-0.7681239540478038,4.898343008310876,2000,43001,class-stratified identity_component,False,False,fixed parent pairs; adaptively reused development validation; conditional descriptive interval
S-M-CB minus A-CB,1995,1,old_macro_recall,9.35657248157247,4.551002816627822,14.358842558620717,2000,43001,class-stratified identity_component,False,False,fixed parent pairs; adaptively reused development validation; conditional descriptive interval
S-M-CB minus A-CB,fixed_pair_mean,1,old_macro_recall,6.31125443625443,3.6044894326144354,9.10271665929177,2000,43001,class-stratified identity_component,False,False,fixed parent pairs; adaptively reused development validation; conditional descriptive interval
S-M-CB minus A-CB,1993,1,current_macro_recall,3.274428274428274,0.0,8.333333333333336,2000,43001,class-stratified identity_component,False,False,fixed parent pairs; adaptively reused development validation; conditional descriptive interval
S-M-CB minus A-CB,1994,1,current_macro_recall,5.4054054054054035,-0.8838383838383947,12.658937346437328,2000,43001,class-stratified identity_component,False,False,fixed parent pairs; adaptively reused development validation; conditional descriptive interval
S-M-CB minus A-CB,1995,1,current_macro_recall,-1.2195121951219434,-6.545300361089837,4.104497434290781,2000,43001,class-stratified identity_component,False,False,fixed parent pairs; adaptively reused development validation; conditional descriptive interval
S-M-CB minus A-CB,fixed_pair_mean,1,current_macro_recall,2.486773828237245,-0.6539090267962749,5.7470236311699745,2000,43001,class-stratified identity_component,False,False,fixed parent pairs; adaptively reused development validation; conditional descriptive interval
S-M-CB minus A-CB,1993,1,label_6_recall,3.846153846153854,0.0,11.111111111111114,2000,43001,class-stratified identity_component,False,False,fixed parent pairs; adaptively reused development validation; conditional descriptive interval
S-M-CB minus A-CB,1995,1,label_6_recall,0.0,0.0,0.0,2000,43001,class-stratified identity_component,False,False,fixed parent pairs; adaptively reused development validation; conditional descriptive interval
S-M-CB minus A-CB,1993,1,label_7_recall,4.166666666666671,0.0,13.63636363636364,2000,43001,class-stratified identity_component,False,False,fixed parent pairs; adaptively reused development validation; conditional descriptive interval
S-M-CB minus A-CB,1994,1,label_7_recall,4.166666666666664,0.0,13.63636363636364,2000,43001,class-stratified identity_component,False,False,fixed parent pairs; adaptively reused development validation; conditional descriptive interval
S-M-CB minus A-CB,1993,1,base_macro_recall,7.844604582409453,3.780485387768783,12.350647293597875,2000,43001,class-stratified identity_component,False,False,fixed parent pairs; adaptively reused development validation; conditional descriptive interval
S-M-CB minus A-CB,1994,1,base_macro_recall,1.7325862447813662,-0.7681239540478038,4.898343008310876,2000,43001,class-stratified identity_component,False,False,fixed parent pairs; adaptively reused development validation; conditional descriptive interval
S-M-CB minus A-CB,1995,1,base_macro_recall,9.35657248157247,4.551002816627822,14.358842558620717,2000,43001,class-stratified identity_component,False,False,fixed parent pairs; adaptively reused development validation; conditional descriptive interval
S-M-CB minus A-CB,fixed_pair_mean,1,base_macro_recall,6.31125443625443,3.6044894326144354,9.10271665929177,2000,43001,class-stratified identity_component,False,False,fixed parent pairs; adaptively reused development validation; conditional descriptive interval
S-M-CB minus A-CB,1993,1,post_base_macro_recall,3.274428274428274,0.0,8.333333333333336,2000,43001,class-stratified identity_component,False,False,fixed parent pairs; adaptively reused development validation; conditional descriptive interval
S-M-CB minus A-CB,1994,1,post_base_macro_recall,5.4054054054054035,-0.8838383838383947,12.658937346437328,2000,43001,class-stratified identity_component,False,False,fixed parent pairs; adaptively reused development validation; conditional descriptive interval
S-M-CB minus A-CB,1995,1,post_base_macro_recall,-1.2195121951219434,-6.545300361089837,4.104497434290781,2000,43001,class-stratified identity_component,False,False,fixed parent pairs; adaptively reused development validation; conditional descriptive interval
S-M-CB minus A-CB,fixed_pair_mean,1,post_base_macro_recall,2.486773828237245,-0.6539090267962749,5.7470236311699745,2000,43001,class-stratified identity_component,False,False,fixed parent pairs; adaptively reused development validation; conditional descriptive interval
S-M-CB minus A-CB,1993,1,tail_base_macro_recall,4.166666666666671,0.0,13.63636363636364,2000,43001,class-stratified identity_component,False,False,fixed parent pairs; adaptively reused development validation; conditional descriptive interval
S-M-CB minus A-CB,1994,1,tail_base_macro_recall,4.166666666666664,0.0,13.63636363636364,2000,43001,class-stratified identity_component,False,False,fixed parent pairs; adaptively reused development validation; conditional descriptive interval
S-M-CB minus A-CB,1995,1,tail_base_macro_recall,0.0,0.0,0.0,2000,43001,class-stratified identity_component,False,False,fixed parent pairs; adaptively reused development validation; conditional descriptive interval
S-M-CB minus A-CB,fixed_pair_mean,1,tail_base_macro_recall,2.7777777777777786,0.0,7.246376811594203,2000,43001,class-stratified identity_component,False,False,fixed parent pairs; adaptively reused development validation; conditional descriptive interval
S-M-CB minus A-CB,1993,1,tail_post_base_macro_recall,3.846153846153854,0.0,11.111111111111114,2000,43001,class-stratified identity_component,False,False,fixed parent pairs; adaptively reused development validation; conditional descriptive interval
S-M-CB minus A-CB,1993,2,balanced_accuracy,9.045264234156065,5.5789974203223505,12.421827814951486,2000,43001,class-stratified identity_component,False,False,fixed parent pairs; adaptively reused development validation; conditional descriptive interval
S-M-CB minus A-CB,1994,2,balanced_accuracy,1.8332408291315971,-1.0220112697889567,4.841978599297348,2000,43001,class-stratified identity_component,False,False,fixed parent pairs; adaptively reused development validation; conditional descriptive interval
S-M-CB minus A-CB,1995,2,balanced_accuracy,7.489572775561641,3.9589561152061195,11.181725729074873,2000,43001,class-stratified identity_component,False,False,fixed parent pairs; adaptively reused development validation; conditional descriptive interval
S-M-CB minus A-CB,fixed_pair_mean,2,balanced_accuracy,6.122692612949767,3.4899191582165074,8.897777230130142,2000,43001,class-stratified identity_component,False,False,fixed parent pairs; adaptively reused development validation; conditional descriptive interval
S-M-CB minus A-CB,1993,2,tail_rank2,4.166666666666657,0.0,10.0,2000,43001,class-stratified identity_component,False,False,fixed parent pairs; adaptively reused development validation; conditional descriptive interval
S-M-CB minus A-CB,1994,2,tail_rank2,-1.923076923076934,-6.0,0.0,2000,43001,class-stratified identity_component,False,False,fixed parent pairs; adaptively reused development validation; conditional descriptive interval
S-M-CB minus A-CB,1995,2,tail_rank2,4.166666666666657,0.0,10.0,2000,43001,class-stratified identity_component,False,False,fixed parent pairs; adaptively reused development validation; conditional descriptive interval
S-M-CB minus A-CB,fixed_pair_mean,2,tail_rank2,2.136752136752127,-1.2820512820512846,6.060606060606062,2000,43001,class-stratified identity_component,False,False,fixed parent pairs; adaptively reused development validation; conditional descriptive interval
S-M-CB minus A-CB,1993,2,old_macro_recall,10.522945340018516,6.773880036608862,14.466782270549192,2000,43001,class-stratified identity_component,False,False,fixed parent pairs; adaptively reused development validation; conditional descriptive interval
S-M-CB minus A-CB,1994,2,old_macro_recall,2.723027905954737,-0.7011778524936437,6.479960297033465,2000,43001,class-stratified identity_component,False,False,fixed parent pairs; adaptively reused development validation; conditional descriptive interval
S-M-CB minus A-CB,1995,2,old_macro_recall,7.872570464033878,3.828353334370659,11.760359033706283,2000,43001,class-stratified identity_component,False,False,fixed parent pairs; adaptively reused development validation; conditional descriptive interval
S-M-CB minus A-CB,fixed_pair_mean,2,old_macro_recall,7.039514570002377,4.125591850535691,10.07916516609553,2000,43001,class-stratified identity_component,False,False,fixed parent pairs; adaptively reused development validation; conditional descriptive interval
S-M-CB minus A-CB,1993,2,current_macro_recall,4.612220916568745,-3.0413011695906444,12.455986008161137,2000,43001,class-stratified identity_component,False,False,fixed parent pairs; adaptively reused development validation; conditional descriptive interval
S-M-CB minus A-CB,1994,2,current_macro_recall,-0.8361204013377943,-6.250522575250843,4.3299600199899935,2000,43001,class-stratified identity_component,False,False,fixed parent pairs; adaptively reused development validation; conditional descriptive interval
S-M-CB minus A-CB,1995,2,current_macro_recall,6.3405797101449295,-1.0869565217391255,14.061507936507931,2000,43001,class-stratified identity_component,False,False,fixed parent pairs; adaptively reused development validation; conditional descriptive interval
S-M-CB minus A-CB,fixed_pair_mean,2,current_macro_recall,3.3722267417919602,-1.1830105473722512,8.13602443109499,2000,43001,class-stratified identity_component,False,False,fixed parent pairs; adaptively reused development validation; conditional descriptive interval
S-M-CB minus A-CB,1993,2,label_6_recall,0.0,0.0,0.0,2000,43001,class-stratified identity_component,False,False,fixed parent pairs; adaptively reused development validation; conditional descriptive interval
S-M-CB minus A-CB,1994,2,label_6_recall,-3.846153846153854,-12.0,0.0,2000,43001,class-stratified identity_component,False,False,fixed parent pairs; adaptively reused development validation; conditional descriptive interval
S-M-CB minus A-CB,1995,2,label_6_recall,0.0,0.0,0.0,2000,43001,class-stratified identity_component,False,False,fixed parent pairs; adaptively reused development validation; conditional descriptive interval
S-M-CB minus A-CB,fixed_pair_mean,2,label_6_recall,-1.2820512820512846,-4.0,0.0,2000,43001,class-stratified identity_component,False,False,fixed parent pairs; adaptively reused development validation; conditional descriptive interval
S-M-CB minus A-CB,1993,2,label_7_recall,8.333333333333336,0.0,20.0,2000,43001,class-stratified identity_component,False,False,fixed parent pairs; adaptively reused development validation; conditional descriptive interval
S-M-CB minus A-CB,1994,2,label_7_recall,0.0,0.0,0.0,2000,43001,class-stratified identity_component,False,False,fixed parent pairs; adaptively reused development validation; conditional descriptive interval
S-M-CB minus A-CB,1995,2,label_7_recall,8.333333333333336,0.0,20.0,2000,43001,class-stratified identity_component,False,False,fixed parent pairs; adaptively reused development validation; conditional descriptive interval
S-M-CB minus A-CB,fixed_pair_mean,2,label_7_recall,5.555555555555557,0.0,13.333333333333334,2000,43001,class-stratified identity_component,False,False,fixed parent pairs; adaptively reused development validation; conditional descriptive interval
S-M-CB minus A-CB,1993,2,base_macro_recall,13.75739098300074,8.451761368725029,18.943195676274932,2000,43001,class-stratified identity_component,False,False,fixed parent pairs; adaptively reused development validation; conditional descriptive interval
S-M-CB minus A-CB,1994,2,base_macro_recall,2.057514831905074,-2.3734173314966034,6.707308449970099,2000,43001,class-stratified identity_component,False,False,fixed parent pairs; adaptively reused development validation; conditional descriptive interval
S-M-CB minus A-CB,1995,2,base_macro_recall,10.39158476658477,5.31738053613053,15.677714646464636,2000,43001,class-stratified identity_component,False,False,fixed parent pairs; adaptively reused development validation; conditional descriptive interval
S-M-CB minus A-CB,fixed_pair_mean,2,base_macro_recall,8.73549686049686,5.123405873405871,12.36308530448261,2000,43001,class-stratified identity_component,False,False,fixed parent pairs; adaptively reused development validation; conditional descriptive interval
S-M-CB minus A-CB,1993,2,post_base_macro_recall,4.333137485311397,0.01212169650468395,9.028232559482557,2000,43001,class-stratified identity_component,False,False,fixed parent pairs; adaptively reused development validation; conditional descriptive interval
S-M-CB minus A-CB,1994,2,post_base_macro_recall,1.6089668263581274,-1.9729166666666729,5.25413196734372,2000,43001,class-stratified identity_component,False,False,fixed parent pairs; adaptively reused development validation; conditional descriptive interval
S-M-CB minus A-CB,1995,2,post_base_macro_recall,4.587560784538518,0.12562356057961513,9.507479138131732,2000,43001,class-stratified identity_component,False,False,fixed parent pairs; adaptively reused development validation; conditional descriptive interval
S-M-CB minus A-CB,fixed_pair_mean,2,post_base_macro_recall,3.5098883654026807,0.5904222324328927,6.6483729812432175,2000,43001,class-stratified identity_component,False,False,fixed parent pairs; adaptively reused development validation; conditional descriptive interval
S-M-CB minus A-CB,1993,2,tail_base_macro_recall,8.333333333333336,0.0,20.0,2000,43001,class-stratified identity_component,False,False,fixed parent pairs; adaptively reused development validation; conditional descriptive interval
S-M-CB minus A-CB,1994,2,tail_base_macro_recall,0.0,0.0,0.0,2000,43001,class-stratified identity_component,False,False,fixed parent pairs; adaptively reused development validation; conditional descriptive interval
S-M-CB minus A-CB,1995,2,tail_base_macro_recall,0.0,0.0,0.0,2000,43001,class-stratified identity_component,False,False,fixed parent pairs; adaptively reused development validation; conditional descriptive interval
S-M-CB minus A-CB,fixed_pair_mean,2,tail_base_macro_recall,2.7777777777777786,0.0,6.666666666666667,2000,43001,class-stratified identity_component,False,False,fixed parent pairs; adaptively reused development validation; conditional descriptive interval
S-M-CB minus A-CB,1993,2,tail_post_base_macro_recall,0.0,0.0,0.0,2000,43001,class-stratified identity_component,False,False,fixed parent pairs; adaptively reused development validation; conditional descriptive interval
S-M-CB minus A-CB,1994,2,tail_post_base_macro_recall,-3.846153846153854,-12.0,0.0,2000,43001,class-stratified identity_component,False,False,fixed parent pairs; adaptively reused development validation; conditional descriptive interval
S-M-CB minus A-CB,1995,2,tail_post_base_macro_recall,8.333333333333336,0.0,20.0,2000,43001,class-stratified identity_component,False,False,fixed parent pairs; adaptively reused development validation; conditional descriptive interval
S-M-CB minus A-CB,fixed_pair_mean,2,tail_post_base_macro_recall,1.495726495726494,-2.6666666666666665,5.797101449275362,2000,43001,class-stratified identity_component,False,False,fixed parent pairs; adaptively reused development validation; conditional descriptive interval
S-F-CB minus A-CB,1993,0,balanced_accuracy,-4.007298595713223,-10.071911868084854,1.8491177110079506,2000,43001,class-stratified identity_component,False,False,fixed parent pairs; adaptively reused development validation; conditional descriptive interval
S-F-CB minus A-CB,1994,0,balanced_accuracy,1.2854317732366525,-2.093301435406694,4.595595351386255,2000,43001,class-stratified identity_component,False,False,fixed parent pairs; adaptively reused development validation; conditional descriptive interval
S-F-CB minus A-CB,1995,0,balanced_accuracy,-5.6607919107919145,-11.021989825608255,-0.3925800800800807,2000,43001,class-stratified identity_component,False,False,fixed parent pairs; adaptively reused development validation; conditional descriptive interval
S-F-CB minus A-CB,fixed_pair_mean,0,balanced_accuracy,-2.7942195777561616,-6.05116408001898,0.4402779807493187,2000,43001,class-stratified identity_component,False,False,fixed parent pairs; adaptively reused development validation; conditional descriptive interval
S-F-CB minus A-CB,1993,0,tail_rank2,-4.166666666666671,-18.18181818181818,8.695652173913043,2000,43001,class-stratified identity_component,False,False,fixed parent pairs; adaptively reused development validation; conditional descriptive interval
S-F-CB minus A-CB,1994,0,tail_rank2,0.0,-13.043478260869563,11.53846153846154,2000,43001,class-stratified identity_component,False,False,fixed parent pairs; adaptively reused development validation; conditional descriptive interval
S-F-CB minus A-CB,1995,0,tail_rank2,-7.692307692307708,-18.51851851851852,0.0,2000,43001,class-stratified identity_component,False,False,fixed parent pairs; adaptively reused development validation; conditional descriptive interval
S-F-CB minus A-CB,fixed_pair_mean,0,tail_rank2,-3.95299145299146,-12.937093153759822,4.780078563411887,2000,43001,class-stratified identity_component,False,False,fixed parent pairs; adaptively reused development validation; conditional descriptive interval
S-F-CB minus A-CB,1993,0,current_macro_recall,-4.007298595713223,-10.071911868084854,1.8491177110079506,2000,43001,class-stratified identity_component,False,False,fixed parent pairs; adaptively reused development validation; conditional descriptive interval
S-F-CB minus A-CB,1994,0,current_macro_recall,1.2854317732366525,-2.093301435406694,4.595595351386255,2000,43001,class-stratified identity_component,False,False,fixed parent pairs; adaptively reused development validation; conditional descriptive interval
S-F-CB minus A-CB,1995,0,current_macro_recall,-5.6607919107919145,-11.021989825608255,-0.3925800800800807,2000,43001,class-stratified identity_component,False,False,fixed parent pairs; adaptively reused development validation; conditional descriptive interval
S-F-CB minus A-CB,fixed_pair_mean,0,current_macro_recall,-2.7942195777561616,-6.05116408001898,0.4402779807493187,2000,43001,class-stratified identity_component,False,False,fixed parent pairs; adaptively reused development validation; conditional descriptive interval
S-F-CB minus A-CB,1995,0,label_6_recall,-7.692307692307708,-18.51851851851852,0.0,2000,43001,class-stratified identity_component,False,False,fixed parent pairs; adaptively reused development validation; conditional descriptive interval
S-F-CB minus A-CB,1993,0,label_7_recall,-4.166666666666671,-18.18181818181818,8.695652173913043,2000,43001,class-stratified identity_component,False,False,fixed parent pairs; adaptively reused development validation; conditional descriptive interval
S-F-CB minus A-CB,1994,0,label_7_recall,0.0,-13.043478260869563,11.53846153846154,2000,43001,class-stratified identity_component,False,False,fixed parent pairs; adaptively reused development validation; conditional descriptive interval
S-F-CB minus A-CB,1993,0,base_macro_recall,-4.007298595713223,-10.071911868084854,1.8491177110079506,2000,43001,class-stratified identity_component,False,False,fixed parent pairs; adaptively reused development validation; conditional descriptive interval
S-F-CB minus A-CB,1994,0,base_macro_recall,1.2854317732366525,-2.093301435406694,4.595595351386255,2000,43001,class-stratified identity_component,False,False,fixed parent pairs; adaptively reused development validation; conditional descriptive interval
S-F-CB minus A-CB,1995,0,base_macro_recall,-5.6607919107919145,-11.021989825608255,-0.3925800800800807,2000,43001,class-stratified identity_component,False,False,fixed parent pairs; adaptively reused development validation; conditional descriptive interval
S-F-CB minus A-CB,fixed_pair_mean,0,base_macro_recall,-2.7942195777561616,-6.05116408001898,0.4402779807493187,2000,43001,class-stratified identity_component,False,False,fixed parent pairs; adaptively reused development validation; conditional descriptive interval
S-F-CB minus A-CB,1993,0,tail_base_macro_recall,-4.166666666666671,-18.18181818181818,8.695652173913043,2000,43001,class-stratified identity_component,False,False,fixed parent pairs; adaptively reused development validation; conditional descriptive interval
S-F-CB minus A-CB,1994,0,tail_base_macro_recall,0.0,-13.043478260869563,11.53846153846154,2000,43001,class-stratified identity_component,False,False,fixed parent pairs; adaptively reused development validation; conditional descriptive interval
S-F-CB minus A-CB,1995,0,tail_base_macro_recall,-7.692307692307708,-18.51851851851852,0.0,2000,43001,class-stratified identity_component,False,False,fixed parent pairs; adaptively reused development validation; conditional descriptive interval
S-F-CB minus A-CB,fixed_pair_mean,0,tail_base_macro_recall,-3.95299145299146,-12.937093153759822,4.780078563411887,2000,43001,class-stratified identity_component,False,False,fixed parent pairs; adaptively reused development validation; conditional descriptive interval
S-F-CB minus A-CB,1993,1,balanced_accuracy,-2.856039990186339,-7.192311993740109,1.6199752012252029,2000,43001,class-stratified identity_component,False,False,fixed parent pairs; adaptively reused development validation; conditional descriptive interval
S-F-CB minus A-CB,1994,1,balanced_accuracy,2.4921512421512375,-0.8653186251870357,5.970869190348605,2000,43001,class-stratified identity_component,False,False,fixed parent pairs; adaptively reused development validation; conditional descriptive interval
S-F-CB minus A-CB,1995,1,balanced_accuracy,-4.015781515781512,-9.501144072835256,1.3351656243584957,2000,43001,class-stratified identity_component,False,False,fixed parent pairs; adaptively reused development validation; conditional descriptive interval
S-F-CB minus A-CB,fixed_pair_mean,1,balanced_accuracy,-1.4598900879388712,-4.196475165586206,1.319664871141311,2000,43001,class-stratified identity_component,False,False,fixed parent pairs; adaptively reused development validation; conditional descriptive interval
S-F-CB minus A-CB,1993,1,tail_rank2,-4.006410256410248,-11.706249999999999,3.846153846153854,2000,43001,class-stratified identity_component,False,False,fixed parent pairs; adaptively reused development validation; conditional descriptive interval
S-F-CB minus A-CB,1994,1,tail_rank2,4.166666666666664,0.0,13.63636363636364,2000,43001,class-stratified identity_component,False,False,fixed parent pairs; adaptively reused development validation; conditional descriptive interval
S-F-CB minus A-CB,1995,1,tail_rank2,-15.384615384615373,-32.142857142857146,0.0,2000,43001,class-stratified identity_component,False,False,fixed parent pairs; adaptively reused development validation; conditional descriptive interval
S-F-CB minus A-CB,fixed_pair_mean,1,tail_rank2,-5.074786324786319,-12.424417789001117,1.7482517482517468,2000,43001,class-stratified identity_component,False,False,fixed parent pairs; adaptively reused development validation; conditional descriptive interval
S-F-CB minus A-CB,1993,1,old_macro_recall,-4.673872875092393,-10.071283797503309,0.731931379447383,2000,43001,class-stratified identity_component,False,False,fixed parent pairs; adaptively reused development validation; conditional descriptive interval
S-F-CB minus A-CB,1994,1,old_macro_recall,0.4673423423423415,-3.206323099415204,4.47239655059347,2000,43001,class-stratified identity_component,False,False,fixed parent pairs; adaptively reused development validation; conditional descriptive interval
S-F-CB minus A-CB,1995,1,old_macro_recall,-7.375023625023623,-14.382297239965125,-0.7852727301740478,2000,43001,class-stratified identity_component,False,False,fixed parent pairs; adaptively reused development validation; conditional descriptive interval
S-F-CB minus A-CB,fixed_pair_mean,1,old_macro_recall,-3.8605180525912246,-7.10105865259296,-0.6658277057743492,2000,43001,class-stratified identity_component,False,False,fixed parent pairs; adaptively reused development validation; conditional descriptive interval
S-F-CB minus A-CB,1993,1,current_macro_recall,0.779625779625789,-6.4834656084656075,8.077702702702688,2000,43001,class-stratified identity_component,False,False,fixed parent pairs; adaptively reused development validation; conditional descriptive interval
S-F-CB minus A-CB,1994,1,current_macro_recall,6.541769041769044,0.0,13.387080262080255,2000,43001,class-stratified identity_component,False,False,fixed parent pairs; adaptively reused development validation; conditional descriptive interval
S-F-CB minus A-CB,1995,1,current_macro_recall,2.702702702702709,-5.2521256304150965,10.833555939660599,2000,43001,class-stratified identity_component,False,False,fixed parent pairs; adaptively reused development validation; conditional descriptive interval
S-F-CB minus A-CB,fixed_pair_mean,1,current_macro_recall,3.3413658413658474,-1.1930816881474782,7.8059219836375195,2000,43001,class-stratified identity_component,False,False,fixed parent pairs; adaptively reused development validation; conditional descriptive interval
S-F-CB minus A-CB,1993,1,label_6_recall,-3.8461538461538396,-11.111111111111114,0.0,2000,43001,class-stratified identity_component,False,False,fixed parent pairs; adaptively reused development validation; conditional descriptive interval
S-F-CB minus A-CB,1995,1,label_6_recall,-15.384615384615373,-32.142857142857146,0.0,2000,43001,class-stratified identity_component,False,False,fixed parent pairs; adaptively reused development validation; conditional descriptive interval
S-F-CB minus A-CB,1993,1,label_7_recall,-4.166666666666664,-18.18181818181818,8.695652173913043,2000,43001,class-stratified identity_component,False,False,fixed parent pairs; adaptively reused development validation; conditional descriptive interval
S-F-CB minus A-CB,1994,1,label_7_recall,4.166666666666664,0.0,13.63636363636364,2000,43001,class-stratified identity_component,False,False,fixed parent pairs; adaptively reused development validation; conditional descriptive interval
S-F-CB minus A-CB,1993,1,base_macro_recall,-4.673872875092393,-10.071283797503309,0.731931379447383,2000,43001,class-stratified identity_component,False,False,fixed parent pairs; adaptively reused development validation; conditional descriptive interval
S-F-CB minus A-CB,1994,1,base_macro_recall,0.4673423423423415,-3.206323099415204,4.47239655059347,2000,43001,class-stratified identity_component,False,False,fixed parent pairs; adaptively reused development validation; conditional descriptive interval
S-F-CB minus A-CB,1995,1,base_macro_recall,-7.375023625023623,-14.382297239965125,-0.7852727301740478,2000,43001,class-stratified identity_component,False,False,fixed parent pairs; adaptively reused development validation; conditional descriptive interval
S-F-CB minus A-CB,fixed_pair_mean,1,base_macro_recall,-3.8605180525912246,-7.10105865259296,-0.6658277057743492,2000,43001,class-stratified identity_component,False,False,fixed parent pairs; adaptively reused development validation; conditional descriptive interval
S-F-CB minus A-CB,1993,1,post_base_macro_recall,0.779625779625789,-6.4834656084656075,8.077702702702688,2000,43001,class-stratified identity_component,False,False,fixed parent pairs; adaptively reused development validation; conditional descriptive interval
S-F-CB minus A-CB,1994,1,post_base_macro_recall,6.541769041769044,0.0,13.387080262080255,2000,43001,class-stratified identity_component,False,False,fixed parent pairs; adaptively reused development validation; conditional descriptive interval
S-F-CB minus A-CB,1995,1,post_base_macro_recall,2.702702702702709,-5.2521256304150965,10.833555939660599,2000,43001,class-stratified identity_component,False,False,fixed parent pairs; adaptively reused development validation; conditional descriptive interval
S-F-CB minus A-CB,fixed_pair_mean,1,post_base_macro_recall,3.3413658413658474,-1.1930816881474782,7.8059219836375195,2000,43001,class-stratified identity_component,False,False,fixed parent pairs; adaptively reused development validation; conditional descriptive interval
S-F-CB minus A-CB,1993,1,tail_base_macro_recall,-4.166666666666664,-18.18181818181818,8.695652173913043,2000,43001,class-stratified identity_component,False,False,fixed parent pairs; adaptively reused development validation; conditional descriptive interval
S-F-CB minus A-CB,1994,1,tail_base_macro_recall,4.166666666666664,0.0,13.63636363636364,2000,43001,class-stratified identity_component,False,False,fixed parent pairs; adaptively reused development validation; conditional descriptive interval
S-F-CB minus A-CB,1995,1,tail_base_macro_recall,-15.384615384615373,-32.142857142857146,0.0,2000,43001,class-stratified identity_component,False,False,fixed parent pairs; adaptively reused development validation; conditional descriptive interval
S-F-CB minus A-CB,fixed_pair_mean,1,tail_base_macro_recall,-5.128205128205124,-12.64394423158791,2.3716524216524157,2000,43001,class-stratified identity_component,False,False,fixed parent pairs; adaptively reused development validation; conditional descriptive interval
S-F-CB minus A-CB,1993,1,tail_post_base_macro_recall,-3.8461538461538396,-11.111111111111114,0.0,2000,43001,class-stratified identity_component,False,False,fixed parent pairs; adaptively reused development validation; conditional descriptive interval
S-F-CB minus A-CB,1993,2,balanced_accuracy,-1.2053651150947076,-4.928211077084508,2.4438993835372105,2000,43001,class-stratified identity_component,False,False,fixed parent pairs; adaptively reused development validation; conditional descriptive interval
S-F-CB minus A-CB,1994,2,balanced_accuracy,1.3513513513513544,-1.22818708909956,4.262294937958061,2000,43001,class-stratified identity_component,False,False,fixed parent pairs; adaptively reused development validation; conditional descriptive interval
S-F-CB minus A-CB,1995,2,balanced_accuracy,-3.1204093839963463,-8.273785606348472,1.7991718291832595,2000,43001,class-stratified identity_component,False,False,fixed parent pairs; adaptively reused development validation; conditional descriptive interval
S-F-CB minus A-CB,fixed_pair_mean,2,balanced_accuracy,-0.9914743825798998,-3.9311253619462194,1.9089184530380208,2000,43001,class-stratified identity_component,False,False,fixed parent pairs; adaptively reused development validation; conditional descriptive interval
S-F-CB minus A-CB,1993,2,tail_rank2,-1.923076923076934,-8.842779503105584,4.166666666666657,2000,43001,class-stratified identity_component,False,False,fixed parent pairs; adaptively reused development validation; conditional descriptive interval
S-F-CB minus A-CB,1994,2,tail_rank2,0.0,0.0,0.0,2000,43001,class-stratified identity_component,False,False,fixed parent pairs; adaptively reused development validation; conditional descriptive interval
S-F-CB minus A-CB,1995,2,tail_rank2,0.6410256410256352,-10.236353571951392,11.461538461538453,2000,43001,class-stratified identity_component,False,False,fixed parent pairs; adaptively reused development validation; conditional descriptive interval
S-F-CB minus A-CB,fixed_pair_mean,2,tail_rank2,-0.42735042735043294,-5.7692307692307665,4.545454545454542,2000,43001,class-stratified identity_component,False,False,fixed parent pairs; adaptively reused development validation; conditional descriptive interval
S-F-CB minus A-CB,1993,2,old_macro_recall,-3.056428849111775,-7.0135891760453095,0.8696542437523209,2000,43001,class-stratified identity_component,False,False,fixed parent pairs; adaptively reused development validation; conditional descriptive interval
S-F-CB minus A-CB,1994,2,old_macro_recall,1.8018018018018083,-1.317829879968843,5.235685367264306,2000,43001,class-stratified identity_component,False,False,fixed parent pairs; adaptively reused development validation; conditional descriptive interval
S-F-CB minus A-CB,1995,2,old_macro_recall,-5.85136710136711,-11.705054560941582,0.20320675919198747,2000,43001,class-stratified identity_component,False,False,fixed parent pairs; adaptively reused development validation; conditional descriptive interval
S-F-CB minus A-CB,fixed_pair_mean,2,old_macro_recall,-2.3686647162256924,-5.4207133986405545,0.7322229359875513,2000,43001,class-stratified identity_component,False,False,fixed parent pairs; adaptively reused development validation; conditional descriptive interval
S-F-CB minus A-CB,1993,2,current_macro_recall,4.347826086956516,-4.167483202687575,13.348032672260347,2000,43001,class-stratified identity_component,False,False,fixed parent pairs; adaptively reused development validation; conditional descriptive interval
S-F-CB minus A-CB,1994,2,current_macro_recall,0.0,-4.347826086956516,4.347826086956516,2000,43001,class-stratified identity_component,False,False,fixed parent pairs; adaptively reused development validation; conditional descriptive interval
S-F-CB minus A-CB,1995,2,current_macro_recall,5.072463768115938,-4.168725296442692,14.445652173913036,2000,43001,class-stratified identity_component,False,False,fixed parent pairs; adaptively reused development validation; conditional descriptive interval
S-F-CB minus A-CB,fixed_pair_mean,2,current_macro_recall,3.1400966183574845,-2.3192762921023804,8.766782136636444,2000,43001,class-stratified identity_component,False,False,fixed parent pairs; adaptively reused development validation; conditional descriptive interval
S-F-CB minus A-CB,1993,2,label_6_recall,-3.846153846153854,-11.111111111111114,0.0,2000,43001,class-stratified identity_component,False,False,fixed parent pairs; adaptively reused development validation; conditional descriptive interval
S-F-CB minus A-CB,1994,2,label_6_recall,0.0,0.0,0.0,2000,43001,class-stratified identity_component,False,False,fixed parent pairs; adaptively reused development validation; conditional descriptive interval
S-F-CB minus A-CB,1995,2,label_6_recall,-15.384615384615373,-32.142857142857146,0.0,2000,43001,class-stratified identity_component,False,False,fixed parent pairs; adaptively reused development validation; conditional descriptive interval
S-F-CB minus A-CB,fixed_pair_mean,2,label_6_recall,-6.410256410256409,-14.28571428571429,0.0,2000,43001,class-stratified identity_component,False,False,fixed parent pairs; adaptively reused development validation; conditional descriptive interval
S-F-CB minus A-CB,1993,2,label_7_recall,0.0,-13.04347826086957,11.53846153846154,2000,43001,class-stratified identity_component,False,False,fixed parent pairs; adaptively reused development validation; conditional descriptive interval
S-F-CB minus A-CB,1994,2,label_7_recall,0.0,0.0,0.0,2000,43001,class-stratified identity_component,False,False,fixed parent pairs; adaptively reused development validation; conditional descriptive interval
S-F-CB minus A-CB,1995,2,label_7_recall,16.666666666666657,4.166666666666671,30.795454545454408,2000,43001,class-stratified identity_component,False,False,fixed parent pairs; adaptively reused development validation; conditional descriptive interval
S-F-CB minus A-CB,fixed_pair_mean,2,label_7_recall,5.555555555555553,-1.449275362318841,12.5,2000,43001,class-stratified identity_component,False,False,fixed parent pairs; adaptively reused development validation; conditional descriptive interval
S-F-CB minus A-CB,1993,2,base_macro_recall,-4.298780487804876,-9.806875098485946,0.7277423964923957,2000,43001,class-stratified identity_component,False,False,fixed parent pairs; adaptively reused development validation; conditional descriptive interval
S-F-CB minus A-CB,1994,2,base_macro_recall,2.0270270270270245,-1.937134502923975,6.332376925400182,2000,43001,class-stratified identity_component,False,False,fixed parent pairs; adaptively reused development validation; conditional descriptive interval
S-F-CB minus A-CB,1995,2,base_macro_recall,-8.101374976374977,-15.359935738792364,-0.9214746402246329,2000,43001,class-stratified identity_component,False,False,fixed parent pairs; adaptively reused development validation; conditional descriptive interval
S-F-CB minus A-CB,fixed_pair_mean,2,base_macro_recall,-3.457709479050943,-7.208459931402005,0.17464113984426657,2000,43001,class-stratified identity_component,False,False,fixed parent pairs; adaptively reused development validation; conditional descriptive interval
S-F-CB minus A-CB,1993,2,post_base_macro_recall,1.8880502576154683,-3.399828594474685,7.259201070371284,2000,43001,class-stratified identity_component,False,False,fixed parent pairs; adaptively reused development validation; conditional descriptive interval
S-F-CB minus A-CB,1994,2,post_base_macro_recall,0.6756756756756772,-2.8500579383731477,4.2274097682832235,2000,43001,class-stratified identity_component,False,False,fixed parent pairs; adaptively reused development validation; conditional descriptive interval
S-F-CB minus A-CB,1995,2,post_base_macro_recall,1.8605562083822917,-4.456180743888911,8.597767971325245,2000,43001,class-stratified identity_component,False,False,fixed parent pairs; adaptively reused development validation; conditional descriptive interval
S-F-CB minus A-CB,fixed_pair_mean,2,post_base_macro_recall,1.4747607138911458,-2.2141600707282025,5.2737240843508575,2000,43001,class-stratified identity_component,False,False,fixed parent pairs; adaptively reused development validation; conditional descriptive interval
S-F-CB minus A-CB,1993,2,tail_base_macro_recall,0.0,-13.04347826086957,11.53846153846154,2000,43001,class-stratified identity_component,False,False,fixed parent pairs; adaptively reused development validation; conditional descriptive interval
S-F-CB minus A-CB,1994,2,tail_base_macro_recall,0.0,0.0,0.0,2000,43001,class-stratified identity_component,False,False,fixed parent pairs; adaptively reused development validation; conditional descriptive interval
S-F-CB minus A-CB,1995,2,tail_base_macro_recall,-15.384615384615373,-32.142857142857146,0.0,2000,43001,class-stratified identity_component,False,False,fixed parent pairs; adaptively reused development validation; conditional descriptive interval
S-F-CB minus A-CB,fixed_pair_mean,2,tail_base_macro_recall,-5.128205128205124,-11.904761904761903,1.329629629629631,2000,43001,class-stratified identity_component,False,False,fixed parent pairs; adaptively reused development validation; conditional descriptive interval
S-F-CB minus A-CB,1993,2,tail_post_base_macro_recall,-3.846153846153854,-11.111111111111114,0.0,2000,43001,class-stratified identity_component,False,False,fixed parent pairs; adaptively reused development validation; conditional descriptive interval
S-F-CB minus A-CB,1994,2,tail_post_base_macro_recall,0.0,0.0,0.0,2000,43001,class-stratified identity_component,False,False,fixed parent pairs; adaptively reused development validation; conditional descriptive interval
S-F-CB minus A-CB,1995,2,tail_post_base_macro_recall,16.666666666666657,4.166666666666671,30.795454545454408,2000,43001,class-stratified identity_component,False,False,fixed parent pairs; adaptively reused development validation; conditional descriptive interval
S-F-CB minus A-CB,fixed_pair_mean,2,tail_post_base_macro_recall,4.273504273504268,-1.019860440150294,9.384615384615381,2000,43001,class-stratified identity_component,False,False,fixed parent pairs; adaptively reused development validation; conditional descriptive interval
S-M-CB minus S-M-U,1993,0,balanced_accuracy,36.76690687361419,28.597077924343047,45.00607458571595,2000,43001,class-stratified identity_component,False,False,fixed parent pairs; adaptively reused development validation; conditional descriptive interval
S-M-CB minus S-M-U,1994,0,balanced_accuracy,20.948555262579646,11.803389615154005,29.17570525338896,2000,43001,class-stratified identity_component,False,False,fixed parent pairs; adaptively reused development validation; conditional descriptive interval
S-M-CB minus S-M-U,1995,0,balanced_accuracy,34.099650349650354,27.679320104472552,40.77787319662318,2000,43001,class-stratified identity_component,False,False,fixed parent pairs; adaptively reused development validation; conditional descriptive interval
S-M-CB minus S-M-U,fixed_pair_mean,0,balanced_accuracy,30.605037495281397,25.297750363522393,35.855276574518875,2000,43001,class-stratified identity_component,False,False,fixed parent pairs; adaptively reused development validation; conditional descriptive interval
S-M-CB minus S-M-U,1993,0,tail_rank2,62.5,38.46153846153846,84.62499999999994,2000,43001,class-stratified identity_component,False,False,fixed parent pairs; adaptively reused development validation; conditional descriptive interval
S-M-CB minus S-M-U,1994,0,tail_rank2,54.166666666666664,29.618055555555557,76.92307692307692,2000,43001,class-stratified identity_component,False,False,fixed parent pairs; adaptively reused development validation; conditional descriptive interval
S-M-CB minus S-M-U,1995,0,tail_rank2,92.3076923076923,80.0,100.0,2000,43001,class-stratified identity_component,False,False,fixed parent pairs; adaptively reused development validation; conditional descriptive interval
S-M-CB minus S-M-U,fixed_pair_mean,0,tail_rank2,69.65811965811965,53.61785714285715,84.61538461538463,2000,43001,class-stratified identity_component,False,False,fixed parent pairs; adaptively reused development validation; conditional descriptive interval
S-M-CB minus S-M-U,1993,0,current_macro_recall,36.76690687361419,28.597077924343047,45.00607458571595,2000,43001,class-stratified identity_component,False,False,fixed parent pairs; adaptively reused development validation; conditional descriptive interval
S-M-CB minus S-M-U,1994,0,current_macro_recall,20.948555262579646,11.803389615154005,29.17570525338896,2000,43001,class-stratified identity_component,False,False,fixed parent pairs; adaptively reused development validation; conditional descriptive interval
S-M-CB minus S-M-U,1995,0,current_macro_recall,34.099650349650354,27.679320104472552,40.77787319662318,2000,43001,class-stratified identity_component,False,False,fixed parent pairs; adaptively reused development validation; conditional descriptive interval
S-M-CB minus S-M-U,fixed_pair_mean,0,current_macro_recall,30.605037495281397,25.297750363522393,35.855276574518875,2000,43001,class-stratified identity_component,False,False,fixed parent pairs; adaptively reused development validation; conditional descriptive interval
S-M-CB minus S-M-U,1995,0,label_6_recall,92.3076923076923,80.0,100.0,2000,43001,class-stratified identity_component,False,False,fixed parent pairs; adaptively reused development validation; conditional descriptive interval
S-M-CB minus S-M-U,1993,0,label_7_recall,62.5,38.46153846153846,84.62499999999994,2000,43001,class-stratified identity_component,False,False,fixed parent pairs; adaptively reused development validation; conditional descriptive interval
S-M-CB minus S-M-U,1994,0,label_7_recall,54.166666666666664,29.618055555555557,76.92307692307692,2000,43001,class-stratified identity_component,False,False,fixed parent pairs; adaptively reused development validation; conditional descriptive interval
S-M-CB minus S-M-U,1993,0,base_macro_recall,36.76690687361419,28.597077924343047,45.00607458571595,2000,43001,class-stratified identity_component,False,False,fixed parent pairs; adaptively reused development validation; conditional descriptive interval
S-M-CB minus S-M-U,1994,0,base_macro_recall,20.948555262579646,11.803389615154005,29.17570525338896,2000,43001,class-stratified identity_component,False,False,fixed parent pairs; adaptively reused development validation; conditional descriptive interval
S-M-CB minus S-M-U,1995,0,base_macro_recall,34.099650349650354,27.679320104472552,40.77787319662318,2000,43001,class-stratified identity_component,False,False,fixed parent pairs; adaptively reused development validation; conditional descriptive interval
S-M-CB minus S-M-U,fixed_pair_mean,0,base_macro_recall,30.605037495281397,25.297750363522393,35.855276574518875,2000,43001,class-stratified identity_component,False,False,fixed parent pairs; adaptively reused development validation; conditional descriptive interval
S-M-CB minus S-M-U,1993,0,tail_base_macro_recall,62.5,38.46153846153846,84.62499999999994,2000,43001,class-stratified identity_component,False,False,fixed parent pairs; adaptively reused development validation; conditional descriptive interval
S-M-CB minus S-M-U,1994,0,tail_base_macro_recall,54.166666666666664,29.618055555555557,76.92307692307692,2000,43001,class-stratified identity_component,False,False,fixed parent pairs; adaptively reused development validation; conditional descriptive interval
S-M-CB minus S-M-U,1995,0,tail_base_macro_recall,92.3076923076923,80.0,100.0,2000,43001,class-stratified identity_component,False,False,fixed parent pairs; adaptively reused development validation; conditional descriptive interval
S-M-CB minus S-M-U,fixed_pair_mean,0,tail_base_macro_recall,69.65811965811965,53.61785714285715,84.61538461538463,2000,43001,class-stratified identity_component,False,False,fixed parent pairs; adaptively reused development validation; conditional descriptive interval
S-M-CB minus S-M-U,1993,1,balanced_accuracy,45.32097635756172,38.687841921400825,51.78901027931201,2000,43001,class-stratified identity_component,False,False,fixed parent pairs; adaptively reused development validation; conditional descriptive interval
S-M-CB minus S-M-U,1994,1,balanced_accuracy,28.62292170218999,21.833468936885854,35.51521499539792,2000,43001,class-stratified identity_component,False,False,fixed parent pairs; adaptively reused development validation; conditional descriptive interval
S-M-CB minus S-M-U,1995,1,balanced_accuracy,34.31629373702545,28.322244044941414,40.39254171473102,2000,43001,class-stratified identity_component,False,False,fixed parent pairs; adaptively reused development validation; conditional descriptive interval
S-M-CB minus S-M-U,fixed_pair_mean,1,balanced_accuracy,36.08673059892572,30.53468302119618,41.5048199760771,2000,43001,class-stratified identity_component,False,False,fixed parent pairs; adaptively reused development validation; conditional descriptive interval
S-M-CB minus S-M-U,1993,1,tail_rank2,75.32051282051282,61.58310185185186,87.46179467084639,2000,43001,class-stratified identity_component,False,False,fixed parent pairs; adaptively reused development validation; conditional descriptive interval
S-M-CB minus S-M-U,1994,1,tail_rank2,54.166666666666664,29.618055555555557,76.92307692307692,2000,43001,class-stratified identity_component,False,False,fixed parent pairs; adaptively reused development validation; conditional descriptive interval
S-M-CB minus S-M-U,1995,1,tail_rank2,92.3076923076923,80.0,100.0,2000,43001,class-stratified identity_component,False,False,fixed parent pairs; adaptively reused development validation; conditional descriptive interval
S-M-CB minus S-M-U,fixed_pair_mean,1,tail_rank2,73.93162393162392,60.64482323232324,85.6825599219621,2000,43001,class-stratified identity_component,False,False,fixed parent pairs; adaptively reused development validation; conditional descriptive interval
S-M-CB minus S-M-U,1993,1,old_macro_recall,32.06670362158167,24.048570928268187,40.44916265909771,2000,43001,class-stratified identity_component,False,False,fixed parent pairs; adaptively reused development validation; conditional descriptive interval
S-M-CB minus S-M-U,1994,1,old_macro_recall,49.18438255328499,39.63902867965368,57.97887612707336,2000,43001,class-stratified identity_component,False,False,fixed parent pairs; adaptively reused development validation; conditional descriptive interval
S-M-CB minus S-M-U,1995,1,old_macro_recall,27.11715649215649,20.266157446749546,33.77145245907279,2000,43001,class-stratified identity_component,False,False,fixed parent pairs; adaptively reused development validation; conditional descriptive interval
S-M-CB minus S-M-U,fixed_pair_mean,1,old_macro_recall,36.12274755567438,29.952753633012787,42.02773075695474,2000,43001,class-stratified identity_component,False,False,fixed parent pairs; adaptively reused development validation; conditional descriptive interval
S-M-CB minus S-M-U,1993,1,current_macro_recall,71.82952182952182,61.54875270006849,81.172583938294,2000,43001,class-stratified identity_component,False,False,fixed parent pairs; adaptively reused development validation; conditional descriptive interval
S-M-CB minus S-M-U,1994,1,current_macro_recall,-12.5,-22.454613704613703,-2.691387559808618,2000,43001,class-stratified identity_component,False,False,fixed parent pairs; adaptively reused development validation; conditional descriptive interval
S-M-CB minus S-M-U,1995,1,current_macro_recall,48.714568226763355,37.31879578754579,60.63988095238092,2000,43001,class-stratified identity_component,False,False,fixed parent pairs; adaptively reused development validation; conditional descriptive interval
S-M-CB minus S-M-U,fixed_pair_mean,1,current_macro_recall,36.01469668542839,28.75048844511564,42.81773575523575,2000,43001,class-stratified identity_component,False,False,fixed parent pairs; adaptively reused development validation; conditional descriptive interval
S-M-CB minus S-M-U,1993,1,label_6_recall,92.3076923076923,80.0,100.0,2000,43001,class-stratified identity_component,False,False,fixed parent pairs; adaptively reused development validation; conditional descriptive interval
S-M-CB minus S-M-U,1995,1,label_6_recall,92.3076923076923,80.0,100.0,2000,43001,class-stratified identity_component,False,False,fixed parent pairs; adaptively reused development validation; conditional descriptive interval
S-M-CB minus S-M-U,1993,1,label_7_recall,58.333333333333336,33.333333333333336,80.0,2000,43001,class-stratified identity_component,False,False,fixed parent pairs; adaptively reused development validation; conditional descriptive interval
S-M-CB minus S-M-U,1994,1,label_7_recall,54.166666666666664,29.618055555555557,76.92307692307692,2000,43001,class-stratified identity_component,False,False,fixed parent pairs; adaptively reused development validation; conditional descriptive interval
S-M-CB minus S-M-U,1993,1,base_macro_recall,32.06670362158167,24.048570928268187,40.44916265909771,2000,43001,class-stratified identity_component,False,False,fixed parent pairs; adaptively reused development validation; conditional descriptive interval
S-M-CB minus S-M-U,1994,1,base_macro_recall,49.18438255328499,39.63902867965368,57.97887612707336,2000,43001,class-stratified identity_component,False,False,fixed parent pairs; adaptively reused development validation; conditional descriptive interval
S-M-CB minus S-M-U,1995,1,base_macro_recall,27.11715649215649,20.266157446749546,33.77145245907279,2000,43001,class-stratified identity_component,False,False,fixed parent pairs; adaptively reused development validation; conditional descriptive interval
S-M-CB minus S-M-U,fixed_pair_mean,1,base_macro_recall,36.12274755567438,29.952753633012787,42.02773075695474,2000,43001,class-stratified identity_component,False,False,fixed parent pairs; adaptively reused development validation; conditional descriptive interval
S-M-CB minus S-M-U,1993,1,post_base_macro_recall,71.82952182952182,61.54875270006849,81.172583938294,2000,43001,class-stratified identity_component,False,False,fixed parent pairs; adaptively reused development validation; conditional descriptive interval
S-M-CB minus S-M-U,1994,1,post_base_macro_recall,-12.5,-22.454613704613703,-2.691387559808618,2000,43001,class-stratified identity_component,False,False,fixed parent pairs; adaptively reused development validation; conditional descriptive interval
S-M-CB minus S-M-U,1995,1,post_base_macro_recall,48.714568226763355,37.31879578754579,60.63988095238092,2000,43001,class-stratified identity_component,False,False,fixed parent pairs; adaptively reused development validation; conditional descriptive interval
S-M-CB minus S-M-U,fixed_pair_mean,1,post_base_macro_recall,36.01469668542839,28.75048844511564,42.81773575523575,2000,43001,class-stratified identity_component,False,False,fixed parent pairs; adaptively reused development validation; conditional descriptive interval
S-M-CB minus S-M-U,1993,1,tail_base_macro_recall,58.333333333333336,33.333333333333336,80.0,2000,43001,class-stratified identity_component,False,False,fixed parent pairs; adaptively reused development validation; conditional descriptive interval
S-M-CB minus S-M-U,1994,1,tail_base_macro_recall,54.166666666666664,29.618055555555557,76.92307692307692,2000,43001,class-stratified identity_component,False,False,fixed parent pairs; adaptively reused development validation; conditional descriptive interval
S-M-CB minus S-M-U,1995,1,tail_base_macro_recall,92.3076923076923,80.0,100.0,2000,43001,class-stratified identity_component,False,False,fixed parent pairs; adaptively reused development validation; conditional descriptive interval
S-M-CB minus S-M-U,fixed_pair_mean,1,tail_base_macro_recall,68.26923076923077,51.99960317460317,83.33570750237416,2000,43001,class-stratified identity_component,False,False,fixed parent pairs; adaptively reused development validation; conditional descriptive interval
S-M-CB minus S-M-U,1993,1,tail_post_base_macro_recall,92.3076923076923,80.0,100.0,2000,43001,class-stratified identity_component,False,False,fixed parent pairs; adaptively reused development validation; conditional descriptive interval
S-M-CB minus S-M-U,1993,2,balanced_accuracy,35.47852558423873,29.808119593030924,41.20900577279968,2000,43001,class-stratified identity_component,False,False,fixed parent pairs; adaptively reused development validation; conditional descriptive interval
S-M-CB minus S-M-U,1994,2,balanced_accuracy,29.387376017479404,23.90015951574031,34.93120062204524,2000,43001,class-stratified identity_component,False,False,fixed parent pairs; adaptively reused development validation; conditional descriptive interval
S-M-CB minus S-M-U,1995,2,balanced_accuracy,32.50601834741548,26.95881310691815,37.89843271708259,2000,43001,class-stratified identity_component,False,False,fixed parent pairs; adaptively reused development validation; conditional descriptive interval
S-M-CB minus S-M-U,fixed_pair_mean,2,balanced_accuracy,32.45730664971121,27.477016355866592,37.487659529495325,2000,43001,class-stratified identity_component,False,False,fixed parent pairs; adaptively reused development validation; conditional descriptive interval
S-M-CB minus S-M-U,1993,2,tail_rank2,75.32051282051282,61.58310185185186,87.46179467084639,2000,43001,class-stratified identity_component,False,False,fixed parent pairs; adaptively reused development validation; conditional descriptive interval
S-M-CB minus S-M-U,1994,2,tail_rank2,69.23076923076923,56.0,82.09283216783216,2000,43001,class-stratified identity_component,False,False,fixed parent pairs; adaptively reused development validation; conditional descriptive interval
S-M-CB minus S-M-U,1995,2,tail_rank2,75.32051282051282,61.58310185185186,87.46179467084639,2000,43001,class-stratified identity_component,False,False,fixed parent pairs; adaptively reused development validation; conditional descriptive interval
S-M-CB minus S-M-U,fixed_pair_mean,2,tail_rank2,73.29059829059828,60.178496503496504,85.22340067340066,2000,43001,class-stratified identity_component,False,False,fixed parent pairs; adaptively reused development validation; conditional descriptive interval
S-M-CB minus S-M-U,1993,2,old_macro_recall,49.85072506413971,42.79554525880083,56.211176025505296,2000,43001,class-stratified identity_component,False,False,fixed parent pairs; adaptively reused development validation; conditional descriptive interval
S-M-CB minus S-M-U,1994,2,old_macro_recall,28.787404366672664,22.084181831118105,35.8440638742886,2000,43001,class-stratified identity_component,False,False,fixed parent pairs; adaptively reused development validation; conditional descriptive interval
S-M-CB minus S-M-U,1995,2,old_macro_recall,37.24232398012886,31.2467849750209,43.34284809832409,2000,43001,class-stratified identity_component,False,False,fixed parent pairs; adaptively reused development validation; conditional descriptive interval
S-M-CB minus S-M-U,fixed_pair_mean,2,old_macro_recall,38.62681780364708,33.1229692688026,44.15826675582774,2000,43001,class-stratified identity_component,False,False,fixed parent pairs; adaptively reused development validation; conditional descriptive interval
S-M-CB minus S-M-U,1993,2,current_macro_recall,-7.638072855464159,-18.889091078760735,3.6551880828196652,2000,43001,class-stratified identity_component,False,False,fixed parent pairs; adaptively reused development validation; conditional descriptive interval
S-M-CB minus S-M-U,1994,2,current_macro_recall,31.187290969899657,20.818478260869565,40.42553191489361,2000,43001,class-stratified identity_component,False,False,fixed parent pairs; adaptively reused development validation; conditional descriptive interval
S-M-CB minus S-M-U,1995,2,current_macro_recall,18.297101449275367,3.9889866339334423,31.353864734299513,2000,43001,class-stratified identity_component,False,False,fixed parent pairs; adaptively reused development validation; conditional descriptive interval
S-M-CB minus S-M-U,fixed_pair_mean,2,current_macro_recall,13.94877318790362,4.982688010312895,22.60702473202473,2000,43001,class-stratified identity_component,False,False,fixed parent pairs; adaptively reused development validation; conditional descriptive interval
S-M-CB minus S-M-U,1993,2,label_6_recall,92.3076923076923,80.0,100.0,2000,43001,class-stratified identity_component,False,False,fixed parent pairs; adaptively reused development validation; conditional descriptive interval
S-M-CB minus S-M-U,1994,2,label_6_recall,88.46153846153845,75.0,100.0,2000,43001,class-stratified identity_component,False,False,fixed parent pairs; adaptively reused development validation; conditional descriptive interval
S-M-CB minus S-M-U,1995,2,label_6_recall,92.3076923076923,80.0,100.0,2000,43001,class-stratified identity_component,False,False,fixed parent pairs; adaptively reused development validation; conditional descriptive interval
S-M-CB minus S-M-U,fixed_pair_mean,2,label_6_recall,91.02564102564104,79.16666666666667,100.0,2000,43001,class-stratified identity_component,False,False,fixed parent pairs; adaptively reused development validation; conditional descriptive interval
S-M-CB minus S-M-U,1993,2,label_7_recall,58.333333333333336,33.333333333333336,80.0,2000,43001,class-stratified identity_component,False,False,fixed parent pairs; adaptively reused development validation; conditional descriptive interval
S-M-CB minus S-M-U,1994,2,label_7_recall,50.0,28.0,72.01818181818172,2000,43001,class-stratified identity_component,False,False,fixed parent pairs; adaptively reused development validation; conditional descriptive interval
S-M-CB minus S-M-U,1995,2,label_7_recall,58.333333333333336,33.333333333333336,80.0,2000,43001,class-stratified identity_component,False,False,fixed parent pairs; adaptively reused development validation; conditional descriptive interval
S-M-CB minus S-M-U,fixed_pair_mean,2,label_7_recall,55.555555555555564,33.30128205128206,76.93181818181813,2000,43001,class-stratified identity_component,False,False,fixed parent pairs; adaptively reused development validation; conditional descriptive interval
S-M-CB minus S-M-U,1993,2,base_macro_recall,38.86132668144863,29.74684605607571,47.13482031317394,2000,43001,class-stratified identity_component,False,False,fixed parent pairs; adaptively reused development validation; conditional descriptive interval
S-M-CB minus S-M-U,1994,2,base_macro_recall,46.267715886618326,37.14739746012428,55.315380171341324,2000,43001,class-stratified identity_component,False,False,fixed parent pairs; adaptively reused development validation; conditional descriptive interval
S-M-CB minus S-M-U,1995,2,base_macro_recall,29.611013986013987,23.124595805617144,35.999172098310034,2000,43001,class-stratified identity_component,False,False,fixed parent pairs; adaptively reused development validation; conditional descriptive interval
S-M-CB minus S-M-U,fixed_pair_mean,2,base_macro_recall,38.24668551802698,32.37850321692376,44.068878788091496,2000,43001,class-stratified identity_component,False,False,fixed parent pairs; adaptively reused development validation; conditional descriptive interval
S-M-CB minus S-M-U,1993,2,post_base_macro_recall,32.09572448702883,24.51396233189712,39.4040035775119,2000,43001,class-stratified identity_component,False,False,fixed parent pairs; adaptively reused development validation; conditional descriptive interval
S-M-CB minus S-M-U,1994,2,post_base_macro_recall,12.50703614834049,5.407057873090483,19.358601519539018,2000,43001,class-stratified identity_component,False,False,fixed parent pairs; adaptively reused development validation; conditional descriptive interval
S-M-CB minus S-M-U,1995,2,post_base_macro_recall,35.40102270881699,26.225252164048438,44.111428599779494,2000,43001,class-stratified identity_component,False,False,fixed parent pairs; adaptively reused development validation; conditional descriptive interval
S-M-CB minus S-M-U,fixed_pair_mean,2,post_base_macro_recall,26.667927781395434,20.679572548350283,32.13412004616273,2000,43001,class-stratified identity_component,False,False,fixed parent pairs; adaptively reused development validation; conditional descriptive interval
S-M-CB minus S-M-U,1993,2,tail_base_macro_recall,58.333333333333336,33.333333333333336,80.0,2000,43001,class-stratified identity_component,False,False,fixed parent pairs; adaptively reused development validation; conditional descriptive interval
S-M-CB minus S-M-U,1994,2,tail_base_macro_recall,50.0,28.0,72.01818181818172,2000,43001,class-stratified identity_component,False,False,fixed parent pairs; adaptively reused development validation; conditional descriptive interval
S-M-CB minus S-M-U,1995,2,tail_base_macro_recall,92.3076923076923,80.0,100.0,2000,43001,class-stratified identity_component,False,False,fixed parent pairs; adaptively reused development validation; conditional descriptive interval
S-M-CB minus S-M-U,fixed_pair_mean,2,tail_base_macro_recall,66.88034188034187,51.55923913043478,81.94444444444444,2000,43001,class-stratified identity_component,False,False,fixed parent pairs; adaptively reused development validation; conditional descriptive interval
S-M-CB minus S-M-U,1993,2,tail_post_base_macro_recall,92.3076923076923,80.0,100.0,2000,43001,class-stratified identity_component,False,False,fixed parent pairs; adaptively reused development validation; conditional descriptive interval
S-M-CB minus S-M-U,1994,2,tail_post_base_macro_recall,88.46153846153845,75.0,100.0,2000,43001,class-stratified identity_component,False,False,fixed parent pairs; adaptively reused development validation; conditional descriptive interval
S-M-CB minus S-M-U,1995,2,tail_post_base_macro_recall,58.333333333333336,33.333333333333336,80.0,2000,43001,class-stratified identity_component,False,False,fixed parent pairs; adaptively reused development validation; conditional descriptive interval
S-M-CB minus S-M-U,fixed_pair_mean,2,tail_post_base_macro_recall,79.7008547008547,68.05416666666667,89.75768398268397,2000,43001,class-stratified identity_component,False,False,fixed parent pairs; adaptively reused development validation; conditional descriptive interval
S-F-CB minus S-F-U,1993,0,balanced_accuracy,33.32363266814487,25.264890514890517,41.57642183992398,2000,43001,class-stratified identity_component,False,False,fixed parent pairs; adaptively reused development validation; conditional descriptive interval
S-F-CB minus S-F-U,1994,0,balanced_accuracy,20.424906613931,11.682713103668991,28.33208372680369,2000,43001,class-stratified identity_component,False,False,fixed parent pairs; adaptively reused development validation; conditional descriptive interval
S-F-CB minus S-F-U,1995,0,balanced_accuracy,37.31194481194481,30.439455530918956,44.40593454603804,2000,43001,class-stratified identity_component,False,False,fixed parent pairs; adaptively reused development validation; conditional descriptive interval
S-F-CB minus S-F-U,fixed_pair_mean,0,balanced_accuracy,30.353494698006894,25.018771323791178,35.63570670702009,2000,43001,class-stratified identity_component,False,False,fixed parent pairs; adaptively reused development validation; conditional descriptive interval
S-F-CB minus S-F-U,1993,0,tail_rank2,45.83333333333333,25.0,68.0,2000,43001,class-stratified identity_component,False,False,fixed parent pairs; adaptively reused development validation; conditional descriptive interval
S-F-CB minus S-F-U,1994,0,tail_rank2,54.166666666666664,31.818181818181817,75.0,2000,43001,class-stratified identity_component,False,False,fixed parent pairs; adaptively reused development validation; conditional descriptive interval
S-F-CB minus S-F-U,1995,0,tail_rank2,88.46153846153845,76.0,100.0,2000,43001,class-stratified identity_component,False,False,fixed parent pairs; adaptively reused development validation; conditional descriptive interval
S-F-CB minus S-F-U,fixed_pair_mean,0,tail_rank2,62.82051282051282,48.763580246913584,76.5432098765432,2000,43001,class-stratified identity_component,False,False,fixed parent pairs; adaptively reused development validation; conditional descriptive interval
S-F-CB minus S-F-U,1993,0,current_macro_recall,33.32363266814487,25.264890514890517,41.57642183992398,2000,43001,class-stratified identity_component,False,False,fixed parent pairs; adaptively reused development validation; conditional descriptive interval
S-F-CB minus S-F-U,1994,0,current_macro_recall,20.424906613931,11.682713103668991,28.33208372680369,2000,43001,class-stratified identity_component,False,False,fixed parent pairs; adaptively reused development validation; conditional descriptive interval
S-F-CB minus S-F-U,1995,0,current_macro_recall,37.31194481194481,30.439455530918956,44.40593454603804,2000,43001,class-stratified identity_component,False,False,fixed parent pairs; adaptively reused development validation; conditional descriptive interval
S-F-CB minus S-F-U,fixed_pair_mean,0,current_macro_recall,30.353494698006894,25.018771323791178,35.63570670702009,2000,43001,class-stratified identity_component,False,False,fixed parent pairs; adaptively reused development validation; conditional descriptive interval
S-F-CB minus S-F-U,1995,0,label_6_recall,88.46153846153845,76.0,100.0,2000,43001,class-stratified identity_component,False,False,fixed parent pairs; adaptively reused development validation; conditional descriptive interval
S-F-CB minus S-F-U,1993,0,label_7_recall,45.83333333333333,25.0,68.0,2000,43001,class-stratified identity_component,False,False,fixed parent pairs; adaptively reused development validation; conditional descriptive interval
S-F-CB minus S-F-U,1994,0,label_7_recall,54.166666666666664,31.818181818181817,75.0,2000,43001,class-stratified identity_component,False,False,fixed parent pairs; adaptively reused development validation; conditional descriptive interval
S-F-CB minus S-F-U,1993,0,base_macro_recall,33.32363266814487,25.264890514890517,41.57642183992398,2000,43001,class-stratified identity_component,False,False,fixed parent pairs; adaptively reused development validation; conditional descriptive interval
S-F-CB minus S-F-U,1994,0,base_macro_recall,20.424906613931,11.682713103668991,28.33208372680369,2000,43001,class-stratified identity_component,False,False,fixed parent pairs; adaptively reused development validation; conditional descriptive interval
S-F-CB minus S-F-U,1995,0,base_macro_recall,37.31194481194481,30.439455530918956,44.40593454603804,2000,43001,class-stratified identity_component,False,False,fixed parent pairs; adaptively reused development validation; conditional descriptive interval
S-F-CB minus S-F-U,fixed_pair_mean,0,base_macro_recall,30.353494698006894,25.018771323791178,35.63570670702009,2000,43001,class-stratified identity_component,False,False,fixed parent pairs; adaptively reused development validation; conditional descriptive interval
S-F-CB minus S-F-U,1993,0,tail_base_macro_recall,45.83333333333333,25.0,68.0,2000,43001,class-stratified identity_component,False,False,fixed parent pairs; adaptively reused development validation; conditional descriptive interval
S-F-CB minus S-F-U,1994,0,tail_base_macro_recall,54.166666666666664,31.818181818181817,75.0,2000,43001,class-stratified identity_component,False,False,fixed parent pairs; adaptively reused development validation; conditional descriptive interval
S-F-CB minus S-F-U,1995,0,tail_base_macro_recall,88.46153846153845,76.0,100.0,2000,43001,class-stratified identity_component,False,False,fixed parent pairs; adaptively reused development validation; conditional descriptive interval
S-F-CB minus S-F-U,fixed_pair_mean,0,tail_base_macro_recall,62.82051282051282,48.763580246913584,76.5432098765432,2000,43001,class-stratified identity_component,False,False,fixed parent pairs; adaptively reused development validation; conditional descriptive interval
S-F-CB minus S-F-U,1993,1,balanced_accuracy,41.51974014778892,35.05030866407908,48.23390791386619,2000,43001,class-stratified identity_component,False,False,fixed parent pairs; adaptively reused development validation; conditional descriptive interval
S-F-CB minus S-F-U,1994,1,balanced_accuracy,31.155906460784504,24.087491224468774,38.46466145479303,2000,43001,class-stratified identity_component,False,False,fixed parent pairs; adaptively reused development validation; conditional descriptive interval
S-F-CB minus S-F-U,1995,1,balanced_accuracy,30.850341429609724,24.17372127240548,37.20468396455238,2000,43001,class-stratified identity_component,False,False,fixed parent pairs; adaptively reused development validation; conditional descriptive interval
S-F-CB minus S-F-U,fixed_pair_mean,1,balanced_accuracy,34.508662679394384,29.135342257713972,39.91866776635083,2000,43001,class-stratified identity_component,False,False,fixed parent pairs; adaptively reused development validation; conditional descriptive interval
S-F-CB minus S-F-U,1993,1,tail_rank2,67.3076923076923,54.28409090909091,79.6474358974359,2000,43001,class-stratified identity_component,False,False,fixed parent pairs; adaptively reused development validation; conditional descriptive interval
S-F-CB minus S-F-U,1994,1,tail_rank2,54.166666666666664,29.618055555555557,76.92307692307692,2000,43001,class-stratified identity_component,False,False,fixed parent pairs; adaptively reused development validation; conditional descriptive interval
S-F-CB minus S-F-U,1995,1,tail_rank2,76.92307692307693,58.62068965517241,92.8633004926108,2000,43001,class-stratified identity_component,False,False,fixed parent pairs; adaptively reused development validation; conditional descriptive interval
S-F-CB minus S-F-U,fixed_pair_mean,1,tail_rank2,66.13247863247864,52.485618729096984,79.36546092796091,2000,43001,class-stratified identity_component,False,False,fixed parent pairs; adaptively reused development validation; conditional descriptive interval
S-F-CB minus S-F-U,1993,1,old_macro_recall,27.612250554323722,19.884695285493926,35.29898437683996,2000,43001,class-stratified identity_component,False,False,fixed parent pairs; adaptively reused development validation; conditional descriptive interval
S-F-CB minus S-F-U,1994,1,old_macro_recall,50.388650845967916,41.11051561831408,59.24687292217779,2000,43001,class-stratified identity_component,False,False,fixed parent pairs; adaptively reused development validation; conditional descriptive interval
S-F-CB minus S-F-U,1995,1,old_macro_recall,19.957120582120588,12.137723387723389,27.649532487032488,2000,43001,class-stratified identity_component,False,False,fixed parent pairs; adaptively reused development validation; conditional descriptive interval
S-F-CB minus S-F-U,fixed_pair_mean,1,old_macro_recall,32.65267399413741,26.86579713362064,38.466806064431914,2000,43001,class-stratified identity_component,False,False,fixed parent pairs; adaptively reused development validation; conditional descriptive interval
S-F-CB minus S-F-U,1993,1,current_macro_recall,69.33471933471934,57.13507791327913,81.02008258258257,2000,43001,class-stratified identity_component,False,False,fixed parent pairs; adaptively reused development validation; conditional descriptive interval
S-F-CB minus S-F-U,1994,1,current_macro_recall,-7.309582309582311,-17.94318990042675,3.409090909090907,2000,43001,class-stratified identity_component,False,False,fixed parent pairs; adaptively reused development validation; conditional descriptive interval
S-F-CB minus S-F-U,1995,1,current_macro_recall,52.63678312458801,40.44679054054054,63.63366344222838,2000,43001,class-stratified identity_component,False,False,fixed parent pairs; adaptively reused development validation; conditional descriptive interval
S-F-CB minus S-F-U,fixed_pair_mean,1,current_macro_recall,38.22064004990835,30.44417167370294,45.04872868088812,2000,43001,class-stratified identity_component,False,False,fixed parent pairs; adaptively reused development validation; conditional descriptive interval
S-F-CB minus S-F-U,1993,1,label_6_recall,84.61538461538461,66.66666666666667,100.0,2000,43001,class-stratified identity_component,False,False,fixed parent pairs; adaptively reused development validation; conditional descriptive interval
S-F-CB minus S-F-U,1995,1,label_6_recall,76.92307692307693,58.62068965517241,92.8633004926108,2000,43001,class-stratified identity_component,False,False,fixed parent pairs; adaptively reused development validation; conditional descriptive interval
S-F-CB minus S-F-U,1993,1,label_7_recall,50.0,29.166666666666668,69.56521739130434,2000,43001,class-stratified identity_component,False,False,fixed parent pairs; adaptively reused development validation; conditional descriptive interval
S-F-CB minus S-F-U,1994,1,label_7_recall,54.166666666666664,29.618055555555557,76.92307692307692,2000,43001,class-stratified identity_component,False,False,fixed parent pairs; adaptively reused development validation; conditional descriptive interval
S-F-CB minus S-F-U,1993,1,base_macro_recall,27.612250554323722,19.884695285493926,35.29898437683996,2000,43001,class-stratified identity_component,False,False,fixed parent pairs; adaptively reused development validation; conditional descriptive interval
S-F-CB minus S-F-U,1994,1,base_macro_recall,50.388650845967916,41.11051561831408,59.24687292217779,2000,43001,class-stratified identity_component,False,False,fixed parent pairs; adaptively reused development validation; conditional descriptive interval
S-F-CB minus S-F-U,1995,1,base_macro_recall,19.957120582120588,12.137723387723389,27.649532487032488,2000,43001,class-stratified identity_component,False,False,fixed parent pairs; adaptively reused development validation; conditional descriptive interval
S-F-CB minus S-F-U,fixed_pair_mean,1,base_macro_recall,32.65267399413741,26.86579713362064,38.466806064431914,2000,43001,class-stratified identity_component,False,False,fixed parent pairs; adaptively reused development validation; conditional descriptive interval
S-F-CB minus S-F-U,1993,1,post_base_macro_recall,69.33471933471934,57.13507791327913,81.02008258258257,2000,43001,class-stratified identity_component,False,False,fixed parent pairs; adaptively reused development validation; conditional descriptive interval
S-F-CB minus S-F-U,1994,1,post_base_macro_recall,-7.309582309582311,-17.94318990042675,3.409090909090907,2000,43001,class-stratified identity_component,False,False,fixed parent pairs; adaptively reused development validation; conditional descriptive interval
S-F-CB minus S-F-U,1995,1,post_base_macro_recall,52.63678312458801,40.44679054054054,63.63366344222838,2000,43001,class-stratified identity_component,False,False,fixed parent pairs; adaptively reused development validation; conditional descriptive interval
S-F-CB minus S-F-U,fixed_pair_mean,1,post_base_macro_recall,38.22064004990835,30.44417167370294,45.04872868088812,2000,43001,class-stratified identity_component,False,False,fixed parent pairs; adaptively reused development validation; conditional descriptive interval
S-F-CB minus S-F-U,1993,1,tail_base_macro_recall,50.0,29.166666666666668,69.56521739130434,2000,43001,class-stratified identity_component,False,False,fixed parent pairs; adaptively reused development validation; conditional descriptive interval
S-F-CB minus S-F-U,1994,1,tail_base_macro_recall,54.166666666666664,29.618055555555557,76.92307692307692,2000,43001,class-stratified identity_component,False,False,fixed parent pairs; adaptively reused development validation; conditional descriptive interval
S-F-CB minus S-F-U,1995,1,tail_base_macro_recall,76.92307692307693,58.62068965517241,92.8633004926108,2000,43001,class-stratified identity_component,False,False,fixed parent pairs; adaptively reused development validation; conditional descriptive interval
S-F-CB minus S-F-U,fixed_pair_mean,1,tail_base_macro_recall,60.363247863247864,45.28791172595521,75.36525511525511,2000,43001,class-stratified identity_component,False,False,fixed parent pairs; adaptively reused development validation; conditional descriptive interval
S-F-CB minus S-F-U,1993,1,tail_post_base_macro_recall,84.61538461538461,66.66666666666667,100.0,2000,43001,class-stratified identity_component,False,False,fixed parent pairs; adaptively reused development validation; conditional descriptive interval
S-F-CB minus S-F-U,1993,2,balanced_accuracy,27.88042400979834,22.469455180424696,33.24541622172297,2000,43001,class-stratified identity_component,False,False,fixed parent pairs; adaptively reused development validation; conditional descriptive interval
S-F-CB minus S-F-U,1994,2,balanced_accuracy,30.7496404762444,25.292085470056783,36.23035205250542,2000,43001,class-stratified identity_component,False,False,fixed parent pairs; adaptively reused development validation; conditional descriptive interval
S-F-CB minus S-F-U,1995,2,balanced_accuracy,26.01912666964363,20.086439862218747,31.679981628600814,2000,43001,class-stratified identity_component,False,False,fixed parent pairs; adaptively reused development validation; conditional descriptive interval
S-F-CB minus S-F-U,fixed_pair_mean,2,balanced_accuracy,28.216397051895456,23.435652482443146,32.92848821909996,2000,43001,class-stratified identity_component,False,False,fixed parent pairs; adaptively reused development validation; conditional descriptive interval
S-F-CB minus S-F-U,1993,2,tail_rank2,69.23076923076923,57.52296842650104,80.61645256916995,2000,43001,class-stratified identity_component,False,False,fixed parent pairs; adaptively reused development validation; conditional descriptive interval
S-F-CB minus S-F-U,1994,2,tail_rank2,71.15384615384616,58.97321428571429,83.33333333333334,2000,43001,class-stratified identity_component,False,False,fixed parent pairs; adaptively reused development validation; conditional descriptive interval
S-F-CB minus S-F-U,1995,2,tail_rank2,71.7948717948718,57.33115942028986,85.05648563393127,2000,43001,class-stratified identity_component,False,False,fixed parent pairs; adaptively reused development validation; conditional descriptive interval
S-F-CB minus S-F-U,fixed_pair_mean,2,tail_rank2,70.72649572649573,58.973214285714285,81.78798285048285,2000,43001,class-stratified identity_component,False,False,fixed parent pairs; adaptively reused development validation; conditional descriptive interval
S-F-CB minus S-F-U,1993,2,old_macro_recall,38.8092296628882,32.50683312640392,44.86169144826076,2000,43001,class-stratified identity_component,False,False,fixed parent pairs; adaptively reused development validation; conditional descriptive interval
S-F-CB minus S-F-U,1994,2,old_macro_recall,29.600412496753965,22.49837162337162,36.769058046761145,2000,43001,class-stratified identity_component,False,False,fixed parent pairs; adaptively reused development validation; conditional descriptive interval
S-F-CB minus S-F-U,1995,2,old_macro_recall,28.65352154986301,22.205515244988923,35.19879333272305,2000,43001,class-stratified identity_component,False,False,fixed parent pairs; adaptively reused development validation; conditional descriptive interval
S-F-CB minus S-F-U,fixed_pair_mean,2,old_macro_recall,32.354387903168394,27.109381152280704,37.598636303367144,2000,43001,class-stratified identity_component,False,False,fixed parent pairs; adaptively reused development validation; conditional descriptive interval
S-F-CB minus S-F-U,1993,2,current_macro_recall,-4.905992949471219,-16.666666666666657,6.086165935672517,2000,43001,class-stratified identity_component,False,False,fixed parent pairs; adaptively reused development validation; conditional descriptive interval
S-F-CB minus S-F-U,1994,2,current_macro_recall,34.19732441471571,25.041666666666664,42.391304347826086,2000,43001,class-stratified identity_component,False,False,fixed parent pairs; adaptively reused development validation; conditional descriptive interval
S-F-CB minus S-F-U,1995,2,current_macro_recall,18.1159420289855,4.7199074074074066,30.621964616096196,2000,43001,class-stratified identity_component,False,False,fixed parent pairs; adaptively reused development validation; conditional descriptive interval
S-F-CB minus S-F-U,fixed_pair_mean,2,current_macro_recall,15.802424498076663,7.439953063284488,23.446997612122484,2000,43001,class-stratified identity_component,False,False,fixed parent pairs; adaptively reused development validation; conditional descriptive interval
S-F-CB minus S-F-U,1993,2,label_6_recall,88.46153846153845,76.0,100.0,2000,43001,class-stratified identity_component,False,False,fixed parent pairs; adaptively reused development validation; conditional descriptive interval
S-F-CB minus S-F-U,1994,2,label_6_recall,92.3076923076923,80.0,100.0,2000,43001,class-stratified identity_component,False,False,fixed parent pairs; adaptively reused development validation; conditional descriptive interval
S-F-CB minus S-F-U,1995,2,label_6_recall,76.92307692307693,58.62068965517241,92.8633004926108,2000,43001,class-stratified identity_component,False,False,fixed parent pairs; adaptively reused development validation; conditional descriptive interval
S-F-CB minus S-F-U,fixed_pair_mean,2,label_6_recall,85.89743589743591,74.07407407407408,96.56848659003823,2000,43001,class-stratified identity_component,False,False,fixed parent pairs; adaptively reused development validation; conditional descriptive interval
S-F-CB minus S-F-U,1993,2,label_7_recall,50.0,29.166666666666668,69.56521739130434,2000,43001,class-stratified identity_component,False,False,fixed parent pairs; adaptively reused development validation; conditional descriptive interval
S-F-CB minus S-F-U,1994,2,label_7_recall,50.0,28.0,72.01818181818172,2000,43001,class-stratified identity_component,False,False,fixed parent pairs; adaptively reused development validation; conditional descriptive interval
S-F-CB minus S-F-U,1995,2,label_7_recall,66.66666666666666,45.833333333333336,86.36363636363636,2000,43001,class-stratified identity_component,False,False,fixed parent pairs; adaptively reused development validation; conditional descriptive interval
S-F-CB minus S-F-U,fixed_pair_mean,2,label_7_recall,55.55555555555555,36.111111111111114,74.67499999999995,2000,43001,class-stratified identity_component,False,False,fixed parent pairs; adaptively reused development validation; conditional descriptive interval
S-F-CB minus S-F-U,1993,2,base_macro_recall,24.6119733924612,16.961818112273285,32.17855353487976,2000,43001,class-stratified identity_component,False,False,fixed parent pairs; adaptively reused development validation; conditional descriptive interval
S-F-CB minus S-F-U,1994,2,base_macro_recall,47.48722808174028,38.14959970303621,56.421859390609384,2000,43001,class-stratified identity_component,False,False,fixed parent pairs; adaptively reused development validation; conditional descriptive interval
S-F-CB minus S-F-U,1995,2,base_macro_recall,18.820756945756948,11.127561180914837,26.466670338976524,2000,43001,class-stratified identity_component,False,False,fixed parent pairs; adaptively reused development validation; conditional descriptive interval
S-F-CB minus S-F-U,fixed_pair_mean,2,base_macro_recall,30.306652806652806,24.46724453524037,36.29947501742806,2000,43001,class-stratified identity_component,False,False,fixed parent pairs; adaptively reused development validation; conditional descriptive interval
S-F-CB minus S-F-U,1993,2,post_base_macro_recall,31.148874627135488,23.78709723823972,38.51025774744084,2000,43001,class-stratified identity_component,False,False,fixed parent pairs; adaptively reused development validation; conditional descriptive interval
S-F-CB minus S-F-U,1994,2,post_base_macro_recall,14.01205287074852,6.790816842039657,20.459299446001562,2000,43001,class-stratified identity_component,False,False,fixed parent pairs; adaptively reused development validation; conditional descriptive interval
S-F-CB minus S-F-U,1995,2,post_base_macro_recall,33.217496393530325,24.64642918345364,41.947470315318654,2000,43001,class-stratified identity_component,False,False,fixed parent pairs; adaptively reused development validation; conditional descriptive interval
S-F-CB minus S-F-U,fixed_pair_mean,2,post_base_macro_recall,26.12614129713811,20.535133688417304,31.39010690356377,2000,43001,class-stratified identity_component,False,False,fixed parent pairs; adaptively reused development validation; conditional descriptive interval
S-F-CB minus S-F-U,1993,2,tail_base_macro_recall,50.0,29.166666666666668,69.56521739130434,2000,43001,class-stratified identity_component,False,False,fixed parent pairs; adaptively reused development validation; conditional descriptive interval
S-F-CB minus S-F-U,1994,2,tail_base_macro_recall,50.0,28.0,72.01818181818172,2000,43001,class-stratified identity_component,False,False,fixed parent pairs; adaptively reused development validation; conditional descriptive interval
S-F-CB minus S-F-U,1995,2,tail_base_macro_recall,76.92307692307693,58.62068965517241,92.8633004926108,2000,43001,class-stratified identity_component,False,False,fixed parent pairs; adaptively reused development validation; conditional descriptive interval
S-F-CB minus S-F-U,fixed_pair_mean,2,tail_base_macro_recall,58.97435897435898,44.44358974358975,73.88949275362319,2000,43001,class-stratified identity_component,False,False,fixed parent pairs; adaptively reused development validation; conditional descriptive interval
S-F-CB minus S-F-U,1993,2,tail_post_base_macro_recall,88.46153846153845,76.0,100.0,2000,43001,class-stratified identity_component,False,False,fixed parent pairs; adaptively reused development validation; conditional descriptive interval
S-F-CB minus S-F-U,1994,2,tail_post_base_macro_recall,92.3076923076923,80.0,100.0,2000,43001,class-stratified identity_component,False,False,fixed parent pairs; adaptively reused development validation; conditional descriptive interval
S-F-CB minus S-F-U,1995,2,tail_post_base_macro_recall,66.66666666666666,45.833333333333336,86.36363636363636,2000,43001,class-stratified identity_component,False,False,fixed parent pairs; adaptively reused development validation; conditional descriptive interval
S-F-CB minus S-F-U,fixed_pair_mean,2,tail_post_base_macro_recall,82.47863247863248,71.99905582922824,91.30568974771872,2000,43001,class-stratified identity_component,False,False,fixed parent pairs; adaptively reused development validation; conditional descriptive interval
S-J-CB minus S-M-CB,1993,0,balanced_accuracy,-0.9622135994087131,-4.9593190368309745,2.3918425324675407,2000,43001,class-stratified identity_component,False,False,fixed parent pairs; adaptively reused development validation; conditional descriptive interval
S-J-CB minus S-M-CB,1994,0,balanced_accuracy,-1.8597560975609753,-4.18321043675553,0.0,2000,43001,class-stratified identity_component,False,False,fixed parent pairs; adaptively reused development validation; conditional descriptive interval
S-J-CB minus S-M-CB,1995,0,balanced_accuracy,-0.180967680967683,-3.0596590909090913,3.0805187492687436,2000,43001,class-stratified identity_component,False,False,fixed parent pairs; adaptively reused development validation; conditional descriptive interval
S-J-CB minus S-M-CB,fixed_pair_mean,0,balanced_accuracy,-1.0009791259791239,-2.7996535211447435,0.7874559094899773,2000,43001,class-stratified identity_component,False,False,fixed parent pairs; adaptively reused development validation; conditional descriptive interval
S-J-CB minus S-M-CB,1993,0,tail_rank2,-8.333333333333336,-21.73913043478261,0.0,2000,43001,class-stratified identity_component,False,False,fixed parent pairs; adaptively reused development validation; conditional descriptive interval
S-J-CB minus S-M-CB,1994,0,tail_rank2,0.0,0.0,0.0,2000,43001,class-stratified identity_component,False,False,fixed parent pairs; adaptively reused development validation; conditional descriptive interval
S-J-CB minus S-M-CB,1995,0,tail_rank2,3.846153846153854,0.0,12.5,2000,43001,class-stratified identity_component,False,False,fixed parent pairs; adaptively reused development validation; conditional descriptive interval
S-J-CB minus S-M-CB,fixed_pair_mean,0,tail_rank2,-1.495726495726494,-6.349206349206348,2.7777777777777763,2000,43001,class-stratified identity_component,False,False,fixed parent pairs; adaptively reused development validation; conditional descriptive interval
S-J-CB minus S-M-CB,1993,0,current_macro_recall,-0.9622135994087131,-4.9593190368309745,2.3918425324675407,2000,43001,class-stratified identity_component,False,False,fixed parent pairs; adaptively reused development validation; conditional descriptive interval
S-J-CB minus S-M-CB,1994,0,current_macro_recall,-1.8597560975609753,-4.18321043675553,0.0,2000,43001,class-stratified identity_component,False,False,fixed parent pairs; adaptively reused development validation; conditional descriptive interval
S-J-CB minus S-M-CB,1995,0,current_macro_recall,-0.180967680967683,-3.0596590909090913,3.0805187492687436,2000,43001,class-stratified identity_component,False,False,fixed parent pairs; adaptively reused development validation; conditional descriptive interval
S-J-CB minus S-M-CB,fixed_pair_mean,0,current_macro_recall,-1.0009791259791239,-2.7996535211447435,0.7874559094899773,2000,43001,class-stratified identity_component,False,False,fixed parent pairs; adaptively reused development validation; conditional descriptive interval
S-J-CB minus S-M-CB,1995,0,label_6_recall,3.846153846153854,0.0,12.5,2000,43001,class-stratified identity_component,False,False,fixed parent pairs; adaptively reused development validation; conditional descriptive interval
S-J-CB minus S-M-CB,1993,0,label_7_recall,-8.333333333333336,-21.73913043478261,0.0,2000,43001,class-stratified identity_component,False,False,fixed parent pairs; adaptively reused development validation; conditional descriptive interval
S-J-CB minus S-M-CB,1994,0,label_7_recall,0.0,0.0,0.0,2000,43001,class-stratified identity_component,False,False,fixed parent pairs; adaptively reused development validation; conditional descriptive interval
S-J-CB minus S-M-CB,1993,0,base_macro_recall,-0.9622135994087131,-4.9593190368309745,2.3918425324675407,2000,43001,class-stratified identity_component,False,False,fixed parent pairs; adaptively reused development validation; conditional descriptive interval
S-J-CB minus S-M-CB,1994,0,base_macro_recall,-1.8597560975609753,-4.18321043675553,0.0,2000,43001,class-stratified identity_component,False,False,fixed parent pairs; adaptively reused development validation; conditional descriptive interval
S-J-CB minus S-M-CB,1995,0,base_macro_recall,-0.180967680967683,-3.0596590909090913,3.0805187492687436,2000,43001,class-stratified identity_component,False,False,fixed parent pairs; adaptively reused development validation; conditional descriptive interval
S-J-CB minus S-M-CB,fixed_pair_mean,0,base_macro_recall,-1.0009791259791239,-2.7996535211447435,0.7874559094899773,2000,43001,class-stratified identity_component,False,False,fixed parent pairs; adaptively reused development validation; conditional descriptive interval
S-J-CB minus S-M-CB,1993,0,tail_base_macro_recall,-8.333333333333336,-21.73913043478261,0.0,2000,43001,class-stratified identity_component,False,False,fixed parent pairs; adaptively reused development validation; conditional descriptive interval
S-J-CB minus S-M-CB,1994,0,tail_base_macro_recall,0.0,0.0,0.0,2000,43001,class-stratified identity_component,False,False,fixed parent pairs; adaptively reused development validation; conditional descriptive interval
S-J-CB minus S-M-CB,1995,0,tail_base_macro_recall,3.846153846153854,0.0,12.5,2000,43001,class-stratified identity_component,False,False,fixed parent pairs; adaptively reused development validation; conditional descriptive interval
S-J-CB minus S-M-CB,fixed_pair_mean,0,tail_base_macro_recall,-1.495726495726494,-6.349206349206348,2.7777777777777763,2000,43001,class-stratified identity_component,False,False,fixed parent pairs; adaptively reused development validation; conditional descriptive interval
S-J-CB minus S-M-CB,1993,1,balanced_accuracy,-3.4363570034301745,-6.777472330976035,-0.4284219070403394,2000,43001,class-stratified identity_component,False,False,fixed parent pairs; adaptively reused development validation; conditional descriptive interval
S-J-CB minus S-M-CB,1994,1,balanced_accuracy,0.867117117117111,-0.6734006734006714,2.512048458775038,2000,43001,class-stratified identity_component,False,False,fixed parent pairs; adaptively reused development validation; conditional descriptive interval
S-J-CB minus S-M-CB,1995,1,balanced_accuracy,-1.144553644553639,-4.080198243669045,1.932143626184327,2000,43001,class-stratified identity_component,False,False,fixed parent pairs; adaptively reused development validation; conditional descriptive interval
S-J-CB minus S-M-CB,fixed_pair_mean,1,balanced_accuracy,-1.2379311769555674,-3.015104047267408,0.42923749091734714,2000,43001,class-stratified identity_component,False,False,fixed parent pairs; adaptively reused development validation; conditional descriptive interval
S-J-CB minus S-M-CB,1993,1,tail_rank2,-4.006410256410263,-9.903874024526194,0.0,2000,43001,class-stratified identity_component,False,False,fixed parent pairs; adaptively reused development validation; conditional descriptive interval
S-J-CB minus S-M-CB,1994,1,tail_rank2,0.0,0.0,0.0,2000,43001,class-stratified identity_component,False,False,fixed parent pairs; adaptively reused development validation; conditional descriptive interval
S-J-CB minus S-M-CB,1995,1,tail_rank2,0.0,0.0,0.0,2000,43001,class-stratified identity_component,False,False,fixed parent pairs; adaptively reused development validation; conditional descriptive interval
S-J-CB minus S-M-CB,fixed_pair_mean,1,tail_rank2,-1.3354700854700876,-3.3012913415087315,0.0,2000,43001,class-stratified identity_component,False,False,fixed parent pairs; adaptively reused development validation; conditional descriptive interval
S-J-CB minus S-M-CB,1993,1,old_macro_recall,-4.192997043606795,-8.446905827186756,-0.43686987354752216,2000,43001,class-stratified identity_component,False,False,fixed parent pairs; adaptively reused development validation; conditional descriptive interval
S-J-CB minus S-M-CB,1994,1,old_macro_recall,0.625,0.0,1.973684210526315,2000,43001,class-stratified identity_component,False,False,fixed parent pairs; adaptively reused development validation; conditional descriptive interval
S-J-CB minus S-M-CB,1995,1,old_macro_recall,-2.392506142506136,-6.540271805896807,1.4591750148152527,2000,43001,class-stratified identity_component,False,False,fixed parent pairs; adaptively reused development validation; conditional descriptive interval
S-J-CB minus S-M-CB,fixed_pair_mean,1,old_macro_recall,-1.9868343953709768,-4.339428824021847,0.29314364529784276,2000,43001,class-stratified identity_component,False,False,fixed parent pairs; adaptively reused development validation; conditional descriptive interval
S-J-CB minus S-M-CB,1993,1,current_macro_recall,-1.9230769230769198,-7.7954434697855675,2.702702702702709,2000,43001,class-stratified identity_component,False,False,fixed parent pairs; adaptively reused development validation; conditional descriptive interval
S-J-CB minus S-M-CB,1994,1,current_macro_recall,1.3513513513513544,-2.2727272727272805,5.557176494676487,2000,43001,class-stratified identity_component,False,False,fixed parent pairs; adaptively reused development validation; conditional descriptive interval
S-J-CB minus S-M-CB,1995,1,current_macro_recall,1.3513513513513473,-2.564102564102562,5.483025398863008,2000,43001,class-stratified identity_component,False,False,fixed parent pairs; adaptively reused development validation; conditional descriptive interval
S-J-CB minus S-M-CB,fixed_pair_mean,1,current_macro_recall,0.25987525987526067,-2.352011597438426,2.875207151522943,2000,43001,class-stratified identity_component,False,False,fixed parent pairs; adaptively reused development validation; conditional descriptive interval
S-J-CB minus S-M-CB,1993,1,label_6_recall,-3.846153846153854,-11.111111111111114,0.0,2000,43001,class-stratified identity_component,False,False,fixed parent pairs; adaptively reused development validation; conditional descriptive interval
S-J-CB minus S-M-CB,1995,1,label_6_recall,0.0,0.0,0.0,2000,43001,class-stratified identity_component,False,False,fixed parent pairs; adaptively reused development validation; conditional descriptive interval
S-J-CB minus S-M-CB,1993,1,label_7_recall,-4.166666666666671,-13.63636363636364,0.0,2000,43001,class-stratified identity_component,False,False,fixed parent pairs; adaptively reused development validation; conditional descriptive interval
S-J-CB minus S-M-CB,1994,1,label_7_recall,0.0,0.0,0.0,2000,43001,class-stratified identity_component,False,False,fixed parent pairs; adaptively reused development validation; conditional descriptive interval
S-J-CB minus S-M-CB,1993,1,base_macro_recall,-4.192997043606795,-8.446905827186756,-0.43686987354752216,2000,43001,class-stratified identity_component,False,False,fixed parent pairs; adaptively reused development validation; conditional descriptive interval
S-J-CB minus S-M-CB,1994,1,base_macro_recall,0.625,0.0,1.973684210526315,2000,43001,class-stratified identity_component,False,False,fixed parent pairs; adaptively reused development validation; conditional descriptive interval
S-J-CB minus S-M-CB,1995,1,base_macro_recall,-2.392506142506136,-6.540271805896807,1.4591750148152527,2000,43001,class-stratified identity_component,False,False,fixed parent pairs; adaptively reused development validation; conditional descriptive interval
S-J-CB minus S-M-CB,fixed_pair_mean,1,base_macro_recall,-1.9868343953709768,-4.339428824021847,0.29314364529784276,2000,43001,class-stratified identity_component,False,False,fixed parent pairs; adaptively reused development validation; conditional descriptive interval
S-J-CB minus S-M-CB,1993,1,post_base_macro_recall,-1.9230769230769198,-7.7954434697855675,2.702702702702709,2000,43001,class-stratified identity_component,False,False,fixed parent pairs; adaptively reused development validation; conditional descriptive interval
S-J-CB minus S-M-CB,1994,1,post_base_macro_recall,1.3513513513513544,-2.2727272727272805,5.557176494676487,2000,43001,class-stratified identity_component,False,False,fixed parent pairs; adaptively reused development validation; conditional descriptive interval
S-J-CB minus S-M-CB,1995,1,post_base_macro_recall,1.3513513513513473,-2.564102564102562,5.483025398863008,2000,43001,class-stratified identity_component,False,False,fixed parent pairs; adaptively reused development validation; conditional descriptive interval
S-J-CB minus S-M-CB,fixed_pair_mean,1,post_base_macro_recall,0.25987525987526067,-2.352011597438426,2.875207151522943,2000,43001,class-stratified identity_component,False,False,fixed parent pairs; adaptively reused development validation; conditional descriptive interval
S-J-CB minus S-M-CB,1993,1,tail_base_macro_recall,-4.166666666666671,-13.63636363636364,0.0,2000,43001,class-stratified identity_component,False,False,fixed parent pairs; adaptively reused development validation; conditional descriptive interval
S-J-CB minus S-M-CB,1994,1,tail_base_macro_recall,0.0,0.0,0.0,2000,43001,class-stratified identity_component,False,False,fixed parent pairs; adaptively reused development validation; conditional descriptive interval
S-J-CB minus S-M-CB,1995,1,tail_base_macro_recall,0.0,0.0,0.0,2000,43001,class-stratified identity_component,False,False,fixed parent pairs; adaptively reused development validation; conditional descriptive interval
S-J-CB minus S-M-CB,fixed_pair_mean,1,tail_base_macro_recall,-1.3888888888888904,-4.545454545454547,0.0,2000,43001,class-stratified identity_component,False,False,fixed parent pairs; adaptively reused development validation; conditional descriptive interval
S-J-CB minus S-M-CB,1993,1,tail_post_base_macro_recall,-3.846153846153854,-11.111111111111114,0.0,2000,43001,class-stratified identity_component,False,False,fixed parent pairs; adaptively reused development validation; conditional descriptive interval
S-J-CB minus S-M-CB,1993,2,balanced_accuracy,-2.8183616614820153,-5.843619779191996,-0.11485135767953415,2000,43001,class-stratified identity_component,False,False,fixed parent pairs; adaptively reused development validation; conditional descriptive interval
S-J-CB minus S-M-CB,1994,2,balanced_accuracy,-1.1275382620159888,-3.4168009757820017,1.0012803650379907,2000,43001,class-stratified identity_component,False,False,fixed parent pairs; adaptively reused development validation; conditional descriptive interval
S-J-CB minus S-M-CB,1995,2,balanced_accuracy,-1.797394678492232,-4.354330920689036,0.7188714341531849,2000,43001,class-stratified identity_component,False,False,fixed parent pairs; adaptively reused development validation; conditional descriptive interval
S-J-CB minus S-M-CB,fixed_pair_mean,2,balanced_accuracy,-1.9144315339967453,-3.5972886346417225,-0.4405124208433065,2000,43001,class-stratified identity_component,False,False,fixed parent pairs; adaptively reused development validation; conditional descriptive interval
S-J-CB minus S-M-CB,1993,2,tail_rank2,-1.9230769230769198,-6.0,0.0,2000,43001,class-stratified identity_component,False,False,fixed parent pairs; adaptively reused development validation; conditional descriptive interval
S-J-CB minus S-M-CB,1994,2,tail_rank2,0.0,0.0,0.0,2000,43001,class-stratified identity_component,False,False,fixed parent pairs; adaptively reused development validation; conditional descriptive interval
S-J-CB minus S-M-CB,1995,2,tail_rank2,0.0,0.0,0.0,2000,43001,class-stratified identity_component,False,False,fixed parent pairs; adaptively reused development validation; conditional descriptive interval
S-J-CB minus S-M-CB,fixed_pair_mean,2,tail_rank2,-0.64102564102564,-2.0,0.0,2000,43001,class-stratified identity_component,False,False,fixed parent pairs; adaptively reused development validation; conditional descriptive interval
S-J-CB minus S-M-CB,1993,2,old_macro_recall,-4.844772070381829,-7.906055566156664,-2.150209032093985,2000,43001,class-stratified identity_component,False,False,fixed parent pairs; adaptively reused development validation; conditional descriptive interval
S-J-CB minus S-M-CB,1994,2,old_macro_recall,-0.05410898703581779,-2.6213124048489904,2.430066461316458,2000,43001,class-stratified identity_component,False,False,fixed parent pairs; adaptively reused development validation; conditional descriptive interval
S-J-CB minus S-M-CB,1995,2,old_macro_recall,-2.3965262379896473,-5.652605933855939,0.6482276146910001,2000,43001,class-stratified identity_component,False,False,fixed parent pairs; adaptively reused development validation; conditional descriptive interval
S-J-CB minus S-M-CB,fixed_pair_mean,2,old_macro_recall,-2.4318024318024314,-4.228036096067186,-0.7486210907263535,2000,43001,class-stratified identity_component,False,False,fixed parent pairs; adaptively reused development validation; conditional descriptive interval
S-J-CB minus S-M-CB,1993,2,current_macro_recall,3.2608695652173907,-3.8146223146223095,10.556061496278886,2000,43001,class-stratified identity_component,False,False,fixed parent pairs; adaptively reused development validation; conditional descriptive interval
S-J-CB minus S-M-CB,1994,2,current_macro_recall,-4.347826086956516,-8.888888888888886,-1.0638297872340416,2000,43001,class-stratified identity_component,False,False,fixed parent pairs; adaptively reused development validation; conditional descriptive interval
S-J-CB minus S-M-CB,1995,2,current_macro_recall,0.0,-4.350241545893728,4.347826086956523,2000,43001,class-stratified identity_component,False,False,fixed parent pairs; adaptively reused development validation; conditional descriptive interval
S-J-CB minus S-M-CB,fixed_pair_mean,2,current_macro_recall,-0.3623188405797085,-3.565980167810833,2.637505032206114,2000,43001,class-stratified identity_component,False,False,fixed parent pairs; adaptively reused development validation; conditional descriptive interval
S-J-CB minus S-M-CB,1993,2,label_6_recall,-3.846153846153854,-12.0,0.0,2000,43001,class-stratified identity_component,False,False,fixed parent pairs; adaptively reused development validation; conditional descriptive interval
S-J-CB minus S-M-CB,1994,2,label_6_recall,0.0,0.0,0.0,2000,43001,class-stratified identity_component,False,False,fixed parent pairs; adaptively reused development validation; conditional descriptive interval
S-J-CB minus S-M-CB,1995,2,label_6_recall,0.0,0.0,0.0,2000,43001,class-stratified identity_component,False,False,fixed parent pairs; adaptively reused development validation; conditional descriptive interval
S-J-CB minus S-M-CB,fixed_pair_mean,2,label_6_recall,-1.2820512820512846,-4.0,0.0,2000,43001,class-stratified identity_component,False,False,fixed parent pairs; adaptively reused development validation; conditional descriptive interval
S-J-CB minus S-M-CB,1993,2,label_7_recall,0.0,0.0,0.0,2000,43001,class-stratified identity_component,False,False,fixed parent pairs; adaptively reused development validation; conditional descriptive interval
S-J-CB minus S-M-CB,1994,2,label_7_recall,0.0,0.0,0.0,2000,43001,class-stratified identity_component,False,False,fixed parent pairs; adaptively reused development validation; conditional descriptive interval
S-J-CB minus S-M-CB,1995,2,label_7_recall,0.0,0.0,0.0,2000,43001,class-stratified identity_component,False,False,fixed parent pairs; adaptively reused development validation; conditional descriptive interval
S-J-CB minus S-M-CB,fixed_pair_mean,2,label_7_recall,0.0,0.0,0.0,2000,43001,class-stratified identity_component,False,False,fixed parent pairs; adaptively reused development validation; conditional descriptive interval
S-J-CB minus S-M-CB,1993,2,base_macro_recall,-4.954268292682919,-8.663781712473575,-1.4622994877929116,2000,43001,class-stratified identity_component,False,False,fixed parent pairs; adaptively reused development validation; conditional descriptive interval
S-J-CB minus S-M-CB,1994,2,base_macro_recall,0.5945121951219505,-1.875,3.525641025641029,2000,43001,class-stratified identity_component,False,False,fixed parent pairs; adaptively reused development validation; conditional descriptive interval
S-J-CB minus S-M-CB,1995,2,base_macro_recall,-4.204545454545453,-8.80713810401311,0.2497099372099427,2000,43001,class-stratified identity_component,False,False,fixed parent pairs; adaptively reused development validation; conditional descriptive interval
S-J-CB minus S-M-CB,fixed_pair_mean,2,base_macro_recall,-2.854767184035474,-5.231020387270383,-0.49046077006602673,2000,43001,class-stratified identity_component,False,False,fixed parent pairs; adaptively reused development validation; conditional descriptive interval
S-J-CB minus S-M-CB,1993,2,post_base_macro_recall,-0.682455030281119,-5.280764096696592,3.7925724637681073,2000,43001,class-stratified identity_component,False,False,fixed parent pairs; adaptively reused development validation; conditional descriptive interval
S-J-CB minus S-M-CB,1994,2,post_base_macro_recall,-2.849588719153928,-6.389204545454549,0.3036204435660867,2000,43001,class-stratified identity_component,False,False,fixed parent pairs; adaptively reused development validation; conditional descriptive interval
S-J-CB minus S-M-CB,1995,2,post_base_macro_recall,0.6097560975609753,-1.6666666666666643,2.994966283274871,2000,43001,class-stratified identity_component,False,False,fixed parent pairs; adaptively reused development validation; conditional descriptive interval
S-J-CB minus S-M-CB,fixed_pair_mean,2,post_base_macro_recall,-0.9740958839580239,-3.205917401276306,1.0664280718151795,2000,43001,class-stratified identity_component,False,False,fixed parent pairs; adaptively reused development validation; conditional descriptive interval
S-J-CB minus S-M-CB,1993,2,tail_base_macro_recall,0.0,0.0,0.0,2000,43001,class-stratified identity_component,False,False,fixed parent pairs; adaptively reused development validation; conditional descriptive interval
S-J-CB minus S-M-CB,1994,2,tail_base_macro_recall,0.0,0.0,0.0,2000,43001,class-stratified identity_component,False,False,fixed parent pairs; adaptively reused development validation; conditional descriptive interval
S-J-CB minus S-M-CB,1995,2,tail_base_macro_recall,0.0,0.0,0.0,2000,43001,class-stratified identity_component,False,False,fixed parent pairs; adaptively reused development validation; conditional descriptive interval
S-J-CB minus S-M-CB,fixed_pair_mean,2,tail_base_macro_recall,0.0,0.0,0.0,2000,43001,class-stratified identity_component,False,False,fixed parent pairs; adaptively reused development validation; conditional descriptive interval
S-J-CB minus S-M-CB,1993,2,tail_post_base_macro_recall,-3.846153846153854,-12.0,0.0,2000,43001,class-stratified identity_component,False,False,fixed parent pairs; adaptively reused development validation; conditional descriptive interval
S-J-CB minus S-M-CB,1994,2,tail_post_base_macro_recall,0.0,0.0,0.0,2000,43001,class-stratified identity_component,False,False,fixed parent pairs; adaptively reused development validation; conditional descriptive interval
S-J-CB minus S-M-CB,1995,2,tail_post_base_macro_recall,0.0,0.0,0.0,2000,43001,class-stratified identity_component,False,False,fixed parent pairs; adaptively reused development validation; conditional descriptive interval
S-J-CB minus S-M-CB,fixed_pair_mean,2,tail_post_base_macro_recall,-1.2820512820512846,-4.0,0.0,2000,43001,class-stratified identity_component,False,False,fixed parent pairs; adaptively reused development validation; conditional descriptive interval
S-J-CB minus S-F-CB,1993,0,balanced_accuracy,11.17008499630451,4.3174196230598625,18.353636195969948,2000,43001,class-stratified identity_component,False,False,fixed parent pairs; adaptively reused development validation; conditional descriptive interval
S-J-CB minus S-F-CB,1994,0,balanced_accuracy,-0.6604317732366525,-4.521659119352651,3.2932642538620804,2000,43001,class-stratified identity_component,False,False,fixed parent pairs; adaptively reused development validation; conditional descriptive interval
S-J-CB minus S-F-CB,1995,0,balanced_accuracy,6.8539737289737275,1.6918131210894418,11.970475319817416,2000,43001,class-stratified identity_component,False,False,fixed parent pairs; adaptively reused development validation; conditional descriptive interval
S-J-CB minus S-F-CB,fixed_pair_mean,0,balanced_accuracy,5.787875650680529,2.331262782964896,9.22450796229192,2000,43001,class-stratified identity_component,False,False,fixed parent pairs; adaptively reused development validation; conditional descriptive interval
S-J-CB minus S-F-CB,1993,0,tail_rank2,8.333333333333336,-8.333333333333336,28.57142857142857,2000,43001,class-stratified identity_component,False,False,fixed parent pairs; adaptively reused development validation; conditional descriptive interval
S-J-CB minus S-F-CB,1994,0,tail_rank2,0.0,-11.53846153846154,13.043478260869563,2000,43001,class-stratified identity_component,False,False,fixed parent pairs; adaptively reused development validation; conditional descriptive interval
S-J-CB minus S-F-CB,1995,0,tail_rank2,7.692307692307708,0.0,18.51851851851852,2000,43001,class-stratified identity_component,False,False,fixed parent pairs; adaptively reused development validation; conditional descriptive interval
S-J-CB minus S-F-CB,fixed_pair_mean,0,tail_rank2,5.341880341880348,-4.2735042735042725,15.106038647342995,2000,43001,class-stratified identity_component,False,False,fixed parent pairs; adaptively reused development validation; conditional descriptive interval
S-J-CB minus S-F-CB,1993,0,current_macro_recall,11.17008499630451,4.3174196230598625,18.353636195969948,2000,43001,class-stratified identity_component,False,False,fixed parent pairs; adaptively reused development validation; conditional descriptive interval
S-J-CB minus S-F-CB,1994,0,current_macro_recall,-0.6604317732366525,-4.521659119352651,3.2932642538620804,2000,43001,class-stratified identity_component,False,False,fixed parent pairs; adaptively reused development validation; conditional descriptive interval
S-J-CB minus S-F-CB,1995,0,current_macro_recall,6.8539737289737275,1.6918131210894418,11.970475319817416,2000,43001,class-stratified identity_component,False,False,fixed parent pairs; adaptively reused development validation; conditional descriptive interval
S-J-CB minus S-F-CB,fixed_pair_mean,0,current_macro_recall,5.787875650680529,2.331262782964896,9.22450796229192,2000,43001,class-stratified identity_component,False,False,fixed parent pairs; adaptively reused development validation; conditional descriptive interval
S-J-CB minus S-F-CB,1995,0,label_6_recall,7.692307692307708,0.0,18.51851851851852,2000,43001,class-stratified identity_component,False,False,fixed parent pairs; adaptively reused development validation; conditional descriptive interval
S-J-CB minus S-F-CB,1993,0,label_7_recall,8.333333333333336,-8.333333333333336,28.57142857142857,2000,43001,class-stratified identity_component,False,False,fixed parent pairs; adaptively reused development validation; conditional descriptive interval
S-J-CB minus S-F-CB,1994,0,label_7_recall,0.0,-11.53846153846154,13.043478260869563,2000,43001,class-stratified identity_component,False,False,fixed parent pairs; adaptively reused development validation; conditional descriptive interval
S-J-CB minus S-F-CB,1993,0,base_macro_recall,11.17008499630451,4.3174196230598625,18.353636195969948,2000,43001,class-stratified identity_component,False,False,fixed parent pairs; adaptively reused development validation; conditional descriptive interval
S-J-CB minus S-F-CB,1994,0,base_macro_recall,-0.6604317732366525,-4.521659119352651,3.2932642538620804,2000,43001,class-stratified identity_component,False,False,fixed parent pairs; adaptively reused development validation; conditional descriptive interval
S-J-CB minus S-F-CB,1995,0,base_macro_recall,6.8539737289737275,1.6918131210894418,11.970475319817416,2000,43001,class-stratified identity_component,False,False,fixed parent pairs; adaptively reused development validation; conditional descriptive interval
S-J-CB minus S-F-CB,fixed_pair_mean,0,base_macro_recall,5.787875650680529,2.331262782964896,9.22450796229192,2000,43001,class-stratified identity_component,False,False,fixed parent pairs; adaptively reused development validation; conditional descriptive interval
S-J-CB minus S-F-CB,1993,0,tail_base_macro_recall,8.333333333333336,-8.333333333333336,28.57142857142857,2000,43001,class-stratified identity_component,False,False,fixed parent pairs; adaptively reused development validation; conditional descriptive interval
S-J-CB minus S-F-CB,1994,0,tail_base_macro_recall,0.0,-11.53846153846154,13.043478260869563,2000,43001,class-stratified identity_component,False,False,fixed parent pairs; adaptively reused development validation; conditional descriptive interval
S-J-CB minus S-F-CB,1995,0,tail_base_macro_recall,7.692307692307708,0.0,18.51851851851852,2000,43001,class-stratified identity_component,False,False,fixed parent pairs; adaptively reused development validation; conditional descriptive interval
S-J-CB minus S-F-CB,fixed_pair_mean,0,tail_base_macro_recall,5.341880341880348,-4.2735042735042725,15.106038647342995,2000,43001,class-stratified identity_component,False,False,fixed parent pairs; adaptively reused development validation; conditional descriptive interval
S-J-CB minus S-F-CB,1993,1,balanced_accuracy,5.740895466505229,1.5092567172658762,9.904824852157864,2000,43001,class-stratified identity_component,False,False,fixed parent pairs; adaptively reused development validation; conditional descriptive interval
S-J-CB minus S-F-CB,1994,1,balanced_accuracy,1.3318251732885855,-0.9894275882647998,3.6325465826428642,2000,43001,class-stratified identity_component,False,False,fixed parent pairs; adaptively reused development validation; conditional descriptive interval
S-J-CB minus S-F-CB,1995,1,balanced_accuracy,8.70243879390221,3.5153771653771555,13.77902216700991,2000,43001,class-stratified identity_component,False,False,fixed parent pairs; adaptively reused development validation; conditional descriptive interval
S-J-CB minus S-F-CB,fixed_pair_mean,1,balanced_accuracy,5.258386477898675,2.7290567154168803,7.805648832231517,2000,43001,class-stratified identity_component,False,False,fixed parent pairs; adaptively reused development validation; conditional descriptive interval
S-J-CB minus S-F-CB,1993,1,tail_rank2,4.006410256410248,-3.846153846153854,11.706249999999985,2000,43001,class-stratified identity_component,False,False,fixed parent pairs; adaptively reused development validation; conditional descriptive interval
S-J-CB minus S-F-CB,1994,1,tail_rank2,0.0,0.0,0.0,2000,43001,class-stratified identity_component,False,False,fixed parent pairs; adaptively reused development validation; conditional descriptive interval
S-J-CB minus S-F-CB,1995,1,tail_rank2,15.384615384615373,0.0,32.142857142857146,2000,43001,class-stratified identity_component,False,False,fixed parent pairs; adaptively reused development validation; conditional descriptive interval
S-J-CB minus S-F-CB,fixed_pair_mean,1,tail_rank2,6.463675213675207,0.2891242412981519,13.538912630579297,2000,43001,class-stratified identity_component,False,False,fixed parent pairs; adaptively reused development validation; conditional descriptive interval
S-J-CB minus S-F-CB,1993,1,old_macro_recall,8.32548041389505,2.934943546504862,13.817393226691994,2000,43001,class-stratified identity_component,False,False,fixed parent pairs; adaptively reused development validation; conditional descriptive interval
S-J-CB minus S-F-CB,1994,1,old_macro_recall,1.8902439024390247,-0.6097560975609755,4.487580128205128,2000,43001,class-stratified identity_component,False,False,fixed parent pairs; adaptively reused development validation; conditional descriptive interval
S-J-CB minus S-F-CB,1995,1,old_macro_recall,14.339089964089958,7.718949767248855,20.879647323686168,2000,43001,class-stratified identity_component,False,False,fixed parent pairs; adaptively reused development validation; conditional descriptive interval
S-J-CB minus S-F-CB,fixed_pair_mean,1,old_macro_recall,8.184938093474678,5.202057035390362,11.158850396858114,2000,43001,class-stratified identity_component,False,False,fixed parent pairs; adaptively reused development validation; conditional descriptive interval
S-J-CB minus S-F-CB,1993,1,current_macro_recall,0.5717255717255654,-6.252083333333333,7.549857549857542,2000,43001,class-stratified identity_component,False,False,fixed parent pairs; adaptively reused development validation; conditional descriptive interval
S-J-CB minus S-F-CB,1994,1,current_macro_recall,0.21498771498771418,-4.5454545454545325,4.906084313979052,2000,43001,class-stratified identity_component,False,False,fixed parent pairs; adaptively reused development validation; conditional descriptive interval
S-J-CB minus S-F-CB,1995,1,current_macro_recall,-2.570863546473305,-10.8343058968059,5.066548582995942,2000,43001,class-stratified identity_component,False,False,fixed parent pairs; adaptively reused development validation; conditional descriptive interval
S-J-CB minus S-F-CB,fixed_pair_mean,1,current_macro_recall,-0.5947167532533418,-4.785259315506424,3.446532634032631,2000,43001,class-stratified identity_component,False,False,fixed parent pairs; adaptively reused development validation; conditional descriptive interval
S-J-CB minus S-F-CB,1993,1,label_6_recall,3.8461538461538396,0.0,11.111111111111114,2000,43001,class-stratified identity_component,False,False,fixed parent pairs; adaptively reused development validation; conditional descriptive interval
S-J-CB minus S-F-CB,1995,1,label_6_recall,15.384615384615373,0.0,32.142857142857146,2000,43001,class-stratified identity_component,False,False,fixed parent pairs; adaptively reused development validation; conditional descriptive interval
S-J-CB minus S-F-CB,1993,1,label_7_recall,4.166666666666664,-8.695652173913043,18.18181818181818,2000,43001,class-stratified identity_component,False,False,fixed parent pairs; adaptively reused development validation; conditional descriptive interval
S-J-CB minus S-F-CB,1994,1,label_7_recall,0.0,0.0,0.0,2000,43001,class-stratified identity_component,False,False,fixed parent pairs; adaptively reused development validation; conditional descriptive interval
S-J-CB minus S-F-CB,1993,1,base_macro_recall,8.32548041389505,2.934943546504862,13.817393226691994,2000,43001,class-stratified identity_component,False,False,fixed parent pairs; adaptively reused development validation; conditional descriptive interval
S-J-CB minus S-F-CB,1994,1,base_macro_recall,1.8902439024390247,-0.6097560975609755,4.487580128205128,2000,43001,class-stratified identity_component,False,False,fixed parent pairs; adaptively reused development validation; conditional descriptive interval
S-J-CB minus S-F-CB,1995,1,base_macro_recall,14.339089964089958,7.718949767248855,20.879647323686168,2000,43001,class-stratified identity_component,False,False,fixed parent pairs; adaptively reused development validation; conditional descriptive interval
S-J-CB minus S-F-CB,fixed_pair_mean,1,base_macro_recall,8.184938093474678,5.202057035390362,11.158850396858114,2000,43001,class-stratified identity_component,False,False,fixed parent pairs; adaptively reused development validation; conditional descriptive interval
S-J-CB minus S-F-CB,1993,1,post_base_macro_recall,0.5717255717255654,-6.252083333333333,7.549857549857542,2000,43001,class-stratified identity_component,False,False,fixed parent pairs; adaptively reused development validation; conditional descriptive interval
S-J-CB minus S-F-CB,1994,1,post_base_macro_recall,0.21498771498771418,-4.5454545454545325,4.906084313979052,2000,43001,class-stratified identity_component,False,False,fixed parent pairs; adaptively reused development validation; conditional descriptive interval
S-J-CB minus S-F-CB,1995,1,post_base_macro_recall,-2.570863546473305,-10.8343058968059,5.066548582995942,2000,43001,class-stratified identity_component,False,False,fixed parent pairs; adaptively reused development validation; conditional descriptive interval
S-J-CB minus S-F-CB,fixed_pair_mean,1,post_base_macro_recall,-0.5947167532533418,-4.785259315506424,3.446532634032631,2000,43001,class-stratified identity_component,False,False,fixed parent pairs; adaptively reused development validation; conditional descriptive interval
S-J-CB minus S-F-CB,1993,1,tail_base_macro_recall,4.166666666666664,-8.695652173913043,18.18181818181818,2000,43001,class-stratified identity_component,False,False,fixed parent pairs; adaptively reused development validation; conditional descriptive interval
S-J-CB minus S-F-CB,1994,1,tail_base_macro_recall,0.0,0.0,0.0,2000,43001,class-stratified identity_component,False,False,fixed parent pairs; adaptively reused development validation; conditional descriptive interval
S-J-CB minus S-F-CB,1995,1,tail_base_macro_recall,15.384615384615373,0.0,32.142857142857146,2000,43001,class-stratified identity_component,False,False,fixed parent pairs; adaptively reused development validation; conditional descriptive interval
S-J-CB minus S-F-CB,fixed_pair_mean,1,tail_base_macro_recall,6.517094017094013,-0.1818514818514845,13.442954448701556,2000,43001,class-stratified identity_component,False,False,fixed parent pairs; adaptively reused development validation; conditional descriptive interval
S-J-CB minus S-F-CB,1993,1,tail_post_base_macro_recall,3.8461538461538396,0.0,11.111111111111114,2000,43001,class-stratified identity_component,False,False,fixed parent pairs; adaptively reused development validation; conditional descriptive interval
S-J-CB minus S-F-CB,1993,2,balanced_accuracy,7.432267687768757,3.2999837122209645,11.39669535291841,2000,43001,class-stratified identity_component,False,False,fixed parent pairs; adaptively reused development validation; conditional descriptive interval
S-J-CB minus S-F-CB,1994,2,balanced_accuracy,-0.6456487842357461,-2.7395484949832847,1.372900966475985,2000,43001,class-stratified identity_component,False,False,fixed parent pairs; adaptively reused development validation; conditional descriptive interval
S-J-CB minus S-F-CB,1995,2,balanced_accuracy,8.812587481065755,4.0608351714548085,13.425479399628934,2000,43001,class-stratified identity_component,False,False,fixed parent pairs; adaptively reused development validation; conditional descriptive interval
S-J-CB minus S-F-CB,fixed_pair_mean,2,balanced_accuracy,5.199735461532922,2.518191206451395,7.681905716191468,2000,43001,class-stratified identity_component,False,False,fixed parent pairs; adaptively reused development validation; conditional descriptive interval
S-J-CB minus S-F-CB,1993,2,tail_rank2,4.166666666666671,-5.78574735449736,13.286903314077232,2000,43001,class-stratified identity_component,False,False,fixed parent pairs; adaptively reused development validation; conditional descriptive interval
S-J-CB minus S-F-CB,1994,2,tail_rank2,-1.923076923076934,-6.0,0.0,2000,43001,class-stratified identity_component,False,False,fixed parent pairs; adaptively reused development validation; conditional descriptive interval
S-J-CB minus S-F-CB,1995,2,tail_rank2,3.525641025641022,-6.044780219780233,13.151976495726478,2000,43001,class-stratified identity_component,False,False,fixed parent pairs; adaptively reused development validation; conditional descriptive interval
S-J-CB minus S-F-CB,fixed_pair_mean,2,tail_rank2,1.9230769230769198,-4.166666666666657,7.711412151067316,2000,43001,class-stratified identity_component,False,False,fixed parent pairs; adaptively reused development validation; conditional descriptive interval
S-J-CB minus S-F-CB,1993,2,old_macro_recall,8.734602118748462,3.925108876401719,13.55147226528807,2000,43001,class-stratified identity_component,False,False,fixed parent pairs; adaptively reused development validation; conditional descriptive interval
S-J-CB minus S-F-CB,1994,2,old_macro_recall,0.867117117117111,-1.187530786339076,3.0400073475731237,2000,43001,class-stratified identity_component,False,False,fixed parent pairs; adaptively reused development validation; conditional descriptive interval
S-J-CB minus S-F-CB,1995,2,old_macro_recall,11.32741132741134,5.473620423189798,16.852874690799485,2000,43001,class-stratified identity_component,False,False,fixed parent pairs; adaptively reused development validation; conditional descriptive interval
S-J-CB minus S-F-CB,fixed_pair_mean,2,old_macro_recall,6.976376854425638,4.096869227186496,9.62288462656509,2000,43001,class-stratified identity_component,False,False,fixed parent pairs; adaptively reused development validation; conditional descriptive interval
S-J-CB minus S-F-CB,1993,2,current_macro_recall,3.5252643948296196,-3.4897025171624705,10.72072072072072,2000,43001,class-stratified identity_component,False,False,fixed parent pairs; adaptively reused development validation; conditional descriptive interval
S-J-CB minus S-F-CB,1994,2,current_macro_recall,-5.1839464882943105,-11.09067331835602,-1.0638297872340416,2000,43001,class-stratified identity_component,False,False,fixed parent pairs; adaptively reused development validation; conditional descriptive interval
S-J-CB minus S-F-CB,1995,2,current_macro_recall,1.2681159420289916,-6.917050944224855,9.027777777777786,2000,43001,class-stratified identity_component,False,False,fixed parent pairs; adaptively reused development validation; conditional descriptive interval
S-J-CB minus S-F-CB,fixed_pair_mean,2,current_macro_recall,-0.13018871714523308,-4.526856994839457,4.256495857559684,2000,43001,class-stratified identity_component,False,False,fixed parent pairs; adaptively reused development validation; conditional descriptive interval
S-J-CB minus S-F-CB,1993,2,label_6_recall,0.0,-12.0,10.714285714285722,2000,43001,class-stratified identity_component,False,False,fixed parent pairs; adaptively reused development validation; conditional descriptive interval
S-J-CB minus S-F-CB,1994,2,label_6_recall,-3.846153846153854,-12.0,0.0,2000,43001,class-stratified identity_component,False,False,fixed parent pairs; adaptively reused development validation; conditional descriptive interval
S-J-CB minus S-F-CB,1995,2,label_6_recall,15.384615384615373,0.0,32.142857142857146,2000,43001,class-stratified identity_component,False,False,fixed parent pairs; adaptively reused development validation; conditional descriptive interval
S-J-CB minus S-F-CB,fixed_pair_mean,2,label_6_recall,3.8461538461538396,-5.338888888888889,13.58024691358024,2000,43001,class-stratified identity_component,False,False,fixed parent pairs; adaptively reused development validation; conditional descriptive interval
S-J-CB minus S-F-CB,1993,2,label_7_recall,8.333333333333336,-7.692307692307693,24.0,2000,43001,class-stratified identity_component,False,False,fixed parent pairs; adaptively reused development validation; conditional descriptive interval
S-J-CB minus S-F-CB,1994,2,label_7_recall,0.0,0.0,0.0,2000,43001,class-stratified identity_component,False,False,fixed parent pairs; adaptively reused development validation; conditional descriptive interval
S-J-CB minus S-F-CB,1995,2,label_7_recall,-8.333333333333321,-20.0,0.0,2000,43001,class-stratified identity_component,False,False,fixed parent pairs; adaptively reused development validation; conditional descriptive interval
S-J-CB minus S-F-CB,fixed_pair_mean,2,label_7_recall,4.736951571734001e-15,-8.0,7.246376811594203,2000,43001,class-stratified identity_component,False,False,fixed parent pairs; adaptively reused development validation; conditional descriptive interval
S-J-CB minus S-F-CB,1993,2,base_macro_recall,13.101903178122697,7.090719696969693,19.172702477353003,2000,43001,class-stratified identity_component,False,False,fixed parent pairs; adaptively reused development validation; conditional descriptive interval
S-J-CB minus S-F-CB,1994,2,base_macro_recall,0.625,-1.923076923076927,3.352342003657784,2000,43001,class-stratified identity_component,False,False,fixed parent pairs; adaptively reused development validation; conditional descriptive interval
S-J-CB minus S-F-CB,1995,2,base_macro_recall,14.288414288414295,7.504872070497071,21.05135292635293,2000,43001,class-stratified identity_component,False,False,fixed parent pairs; adaptively reused development validation; conditional descriptive interval
S-J-CB minus S-F-CB,fixed_pair_mean,2,base_macro_recall,9.338439155512331,5.802370525721567,12.792147416156553,2000,43001,class-stratified identity_component,False,False,fixed parent pairs; adaptively reused development validation; conditional descriptive interval
S-J-CB minus S-F-CB,1993,2,post_base_macro_recall,1.7626321974148098,-3.6781970215095905,6.820161424648621,2000,43001,class-stratified identity_component,False,False,fixed parent pairs; adaptively reused development validation; conditional descriptive interval
S-J-CB minus S-F-CB,1994,2,post_base_macro_recall,-1.916297568471478,-5.111271367521364,0.8078730904817775,2000,43001,class-stratified identity_component,False,False,fixed parent pairs; adaptively reused development validation; conditional descriptive interval
S-J-CB minus S-F-CB,1995,2,post_base_macro_recall,3.336760673717201,-2.81588070990245,9.212909424830183,2000,43001,class-stratified identity_component,False,False,fixed parent pairs; adaptively reused development validation; conditional descriptive interval
S-J-CB minus S-F-CB,fixed_pair_mean,2,post_base_macro_recall,1.061031767553511,-2.3531932869472527,4.139969611043166,2000,43001,class-stratified identity_component,False,False,fixed parent pairs; adaptively reused development validation; conditional descriptive interval
S-J-CB minus S-F-CB,1993,2,tail_base_macro_recall,8.333333333333336,-7.692307692307693,24.0,2000,43001,class-stratified identity_component,False,False,fixed parent pairs; adaptively reused development validation; conditional descriptive interval
S-J-CB minus S-F-CB,1994,2,tail_base_macro_recall,0.0,0.0,0.0,2000,43001,class-stratified identity_component,False,False,fixed parent pairs; adaptively reused development validation; conditional descriptive interval
S-J-CB minus S-F-CB,1995,2,tail_base_macro_recall,15.384615384615373,0.0,32.142857142857146,2000,43001,class-stratified identity_component,False,False,fixed parent pairs; adaptively reused development validation; conditional descriptive interval
S-J-CB minus S-F-CB,fixed_pair_mean,2,tail_base_macro_recall,7.905982905982903,0.0,15.27885610766045,2000,43001,class-stratified identity_component,False,False,fixed parent pairs; adaptively reused development validation; conditional descriptive interval
S-J-CB minus S-F-CB,1993,2,tail_post_base_macro_recall,0.0,-12.0,10.714285714285722,2000,43001,class-stratified identity_component,False,False,fixed parent pairs; adaptively reused development validation; conditional descriptive interval
S-J-CB minus S-F-CB,1994,2,tail_post_base_macro_recall,-3.846153846153854,-12.0,0.0,2000,43001,class-stratified identity_component,False,False,fixed parent pairs; adaptively reused development validation; conditional descriptive interval
S-J-CB minus S-F-CB,1995,2,tail_post_base_macro_recall,-8.333333333333321,-20.0,0.0,2000,43001,class-stratified identity_component,False,False,fixed parent pairs; adaptively reused development validation; conditional descriptive interval
S-J-CB minus S-F-CB,fixed_pair_mean,2,tail_post_base_macro_recall,-4.059829059829059,-11.302231718898389,1.3333333333333333,2000,43001,class-stratified identity_component,False,False,fixed parent pairs; adaptively reused development validation; conditional descriptive interval
S-J-U minus S-M-U,1993,0,balanced_accuracy,-3.1097560975609753,-5.616255875804058,-0.6410256410256423,2000,43001,class-stratified identity_component,False,False,fixed parent pairs; adaptively reused development validation; conditional descriptive interval
S-J-U minus S-M-U,1994,0,balanced_accuracy,-0.6756756756756772,-2.142857142857139,0.0,2000,43001,class-stratified identity_component,False,False,fixed parent pairs; adaptively reused development validation; conditional descriptive interval
S-J-U minus S-M-U,1995,0,balanced_accuracy,-3.7438574938574973,-7.403301305740328,-0.5119617224880384,2000,43001,class-stratified identity_component,False,False,fixed parent pairs; adaptively reused development validation; conditional descriptive interval
S-J-U minus S-M-U,fixed_pair_mean,0,balanced_accuracy,-2.509763089031383,-4.216461819358162,-0.8490778227620338,2000,43001,class-stratified identity_component,False,False,fixed parent pairs; adaptively reused development validation; conditional descriptive interval
S-J-U minus S-M-U,1993,0,tail_rank2,0.0,0.0,0.0,2000,43001,class-stratified identity_component,False,False,fixed parent pairs; adaptively reused development validation; conditional descriptive interval
S-J-U minus S-M-U,1994,0,tail_rank2,0.0,0.0,0.0,2000,43001,class-stratified identity_component,False,False,fixed parent pairs; adaptively reused development validation; conditional descriptive interval
S-J-U minus S-M-U,1995,0,tail_rank2,0.0,0.0,0.0,2000,43001,class-stratified identity_component,False,False,fixed parent pairs; adaptively reused development validation; conditional descriptive interval
S-J-U minus S-M-U,fixed_pair_mean,0,tail_rank2,0.0,0.0,0.0,2000,43001,class-stratified identity_component,False,False,fixed parent pairs; adaptively reused development validation; conditional descriptive interval
S-J-U minus S-M-U,1993,0,current_macro_recall,-3.1097560975609753,-5.616255875804058,-0.6410256410256423,2000,43001,class-stratified identity_component,False,False,fixed parent pairs; adaptively reused development validation; conditional descriptive interval
S-J-U minus S-M-U,1994,0,current_macro_recall,-0.6756756756756772,-2.142857142857139,0.0,2000,43001,class-stratified identity_component,False,False,fixed parent pairs; adaptively reused development validation; conditional descriptive interval
S-J-U minus S-M-U,1995,0,current_macro_recall,-3.7438574938574973,-7.403301305740328,-0.5119617224880384,2000,43001,class-stratified identity_component,False,False,fixed parent pairs; adaptively reused development validation; conditional descriptive interval
S-J-U minus S-M-U,fixed_pair_mean,0,current_macro_recall,-2.509763089031383,-4.216461819358162,-0.8490778227620338,2000,43001,class-stratified identity_component,False,False,fixed parent pairs; adaptively reused development validation; conditional descriptive interval
S-J-U minus S-M-U,1995,0,label_6_recall,0.0,0.0,0.0,2000,43001,class-stratified identity_component,False,False,fixed parent pairs; adaptively reused development validation; conditional descriptive interval
S-J-U minus S-M-U,1993,0,label_7_recall,0.0,0.0,0.0,2000,43001,class-stratified identity_component,False,False,fixed parent pairs; adaptively reused development validation; conditional descriptive interval
S-J-U minus S-M-U,1994,0,label_7_recall,0.0,0.0,0.0,2000,43001,class-stratified identity_component,False,False,fixed parent pairs; adaptively reused development validation; conditional descriptive interval
S-J-U minus S-M-U,1993,0,base_macro_recall,-3.1097560975609753,-5.616255875804058,-0.6410256410256423,2000,43001,class-stratified identity_component,False,False,fixed parent pairs; adaptively reused development validation; conditional descriptive interval
S-J-U minus S-M-U,1994,0,base_macro_recall,-0.6756756756756772,-2.142857142857139,0.0,2000,43001,class-stratified identity_component,False,False,fixed parent pairs; adaptively reused development validation; conditional descriptive interval
S-J-U minus S-M-U,1995,0,base_macro_recall,-3.7438574938574973,-7.403301305740328,-0.5119617224880384,2000,43001,class-stratified identity_component,False,False,fixed parent pairs; adaptively reused development validation; conditional descriptive interval
S-J-U minus S-M-U,fixed_pair_mean,0,base_macro_recall,-2.509763089031383,-4.216461819358162,-0.8490778227620338,2000,43001,class-stratified identity_component,False,False,fixed parent pairs; adaptively reused development validation; conditional descriptive interval
S-J-U minus S-M-U,1993,0,tail_base_macro_recall,0.0,0.0,0.0,2000,43001,class-stratified identity_component,False,False,fixed parent pairs; adaptively reused development validation; conditional descriptive interval
S-J-U minus S-M-U,1994,0,tail_base_macro_recall,0.0,0.0,0.0,2000,43001,class-stratified identity_component,False,False,fixed parent pairs; adaptively reused development validation; conditional descriptive interval
S-J-U minus S-M-U,1995,0,tail_base_macro_recall,0.0,0.0,0.0,2000,43001,class-stratified identity_component,False,False,fixed parent pairs; adaptively reused development validation; conditional descriptive interval
S-J-U minus S-M-U,fixed_pair_mean,0,tail_base_macro_recall,0.0,0.0,0.0,2000,43001,class-stratified identity_component,False,False,fixed parent pairs; adaptively reused development validation; conditional descriptive interval
S-J-U minus S-M-U,1993,1,balanced_accuracy,-1.6565040650406502,-3.29954283442655,-0.3875968992248069,2000,43001,class-stratified identity_component,False,False,fixed parent pairs; adaptively reused development validation; conditional descriptive interval
S-J-U minus S-M-U,1994,1,balanced_accuracy,-0.823170731707318,-2.0436507936507944,0.0,2000,43001,class-stratified identity_component,False,False,fixed parent pairs; adaptively reused development validation; conditional descriptive interval
S-J-U minus S-M-U,1995,1,balanced_accuracy,-2.495904995904997,-5.155842946540617,-0.2816627816627779,2000,43001,class-stratified identity_component,False,False,fixed parent pairs; adaptively reused development validation; conditional descriptive interval
S-J-U minus S-M-U,fixed_pair_mean,1,balanced_accuracy,-1.6585265975509884,-2.8587610176987575,-0.5552458967774148,2000,43001,class-stratified identity_component,False,False,fixed parent pairs; adaptively reused development validation; conditional descriptive interval
S-J-U minus S-M-U,1993,1,tail_rank2,0.0,0.0,0.0,2000,43001,class-stratified identity_component,False,False,fixed parent pairs; adaptively reused development validation; conditional descriptive interval
S-J-U minus S-M-U,1994,1,tail_rank2,0.0,0.0,0.0,2000,43001,class-stratified identity_component,False,False,fixed parent pairs; adaptively reused development validation; conditional descriptive interval
S-J-U minus S-M-U,1995,1,tail_rank2,0.0,0.0,0.0,2000,43001,class-stratified identity_component,False,False,fixed parent pairs; adaptively reused development validation; conditional descriptive interval
S-J-U minus S-M-U,fixed_pair_mean,1,tail_rank2,0.0,0.0,0.0,2000,43001,class-stratified identity_component,False,False,fixed parent pairs; adaptively reused development validation; conditional descriptive interval
S-J-U minus S-M-U,1993,1,old_macro_recall,-2.4847560975609753,-4.9493142516398265,-0.5813953488372121,2000,43001,class-stratified identity_component,False,False,fixed parent pairs; adaptively reused development validation; conditional descriptive interval
S-J-U minus S-M-U,1994,1,old_macro_recall,-1.2347560975609753,-3.0654761904761907,0.0,2000,43001,class-stratified identity_component,False,False,fixed parent pairs; adaptively reused development validation; conditional descriptive interval
S-J-U minus S-M-U,1995,1,old_macro_recall,-3.7438574938574973,-7.733764419810922,-0.42249417249416865,2000,43001,class-stratified identity_component,False,False,fixed parent pairs; adaptively reused development validation; conditional descriptive interval
S-J-U minus S-M-U,fixed_pair_mean,1,old_macro_recall,-2.4877898963264826,-4.288141526548135,-0.8328688451661227,2000,43001,class-stratified identity_component,False,False,fixed parent pairs; adaptively reused development validation; conditional descriptive interval
S-J-U minus S-M-U,1993,1,current_macro_recall,0.0,0.0,0.0,2000,43001,class-stratified identity_component,False,False,fixed parent pairs; adaptively reused development validation; conditional descriptive interval
S-J-U minus S-M-U,1994,1,current_macro_recall,0.0,0.0,0.0,2000,43001,class-stratified identity_component,False,False,fixed parent pairs; adaptively reused development validation; conditional descriptive interval
S-J-U minus S-M-U,1995,1,current_macro_recall,0.0,0.0,0.0,2000,43001,class-stratified identity_component,False,False,fixed parent pairs; adaptively reused development validation; conditional descriptive interval
S-J-U minus S-M-U,fixed_pair_mean,1,current_macro_recall,0.0,0.0,0.0,2000,43001,class-stratified identity_component,False,False,fixed parent pairs; adaptively reused development validation; conditional descriptive interval
S-J-U minus S-M-U,1993,1,label_6_recall,0.0,0.0,0.0,2000,43001,class-stratified identity_component,False,False,fixed parent pairs; adaptively reused development validation; conditional descriptive interval
S-J-U minus S-M-U,1995,1,label_6_recall,0.0,0.0,0.0,2000,43001,class-stratified identity_component,False,False,fixed parent pairs; adaptively reused development validation; conditional descriptive interval
S-J-U minus S-M-U,1993,1,label_7_recall,0.0,0.0,0.0,2000,43001,class-stratified identity_component,False,False,fixed parent pairs; adaptively reused development validation; conditional descriptive interval
S-J-U minus S-M-U,1994,1,label_7_recall,0.0,0.0,0.0,2000,43001,class-stratified identity_component,False,False,fixed parent pairs; adaptively reused development validation; conditional descriptive interval
S-J-U minus S-M-U,1993,1,base_macro_recall,-2.4847560975609753,-4.9493142516398265,-0.5813953488372121,2000,43001,class-stratified identity_component,False,False,fixed parent pairs; adaptively reused development validation; conditional descriptive interval
S-J-U minus S-M-U,1994,1,base_macro_recall,-1.2347560975609753,-3.0654761904761907,0.0,2000,43001,class-stratified identity_component,False,False,fixed parent pairs; adaptively reused development validation; conditional descriptive interval
S-J-U minus S-M-U,1995,1,base_macro_recall,-3.7438574938574973,-7.733764419810922,-0.42249417249416865,2000,43001,class-stratified identity_component,False,False,fixed parent pairs; adaptively reused development validation; conditional descriptive interval
S-J-U minus S-M-U,fixed_pair_mean,1,base_macro_recall,-2.4877898963264826,-4.288141526548135,-0.8328688451661227,2000,43001,class-stratified identity_component,False,False,fixed parent pairs; adaptively reused development validation; conditional descriptive interval
S-J-U minus S-M-U,1993,1,post_base_macro_recall,0.0,0.0,0.0,2000,43001,class-stratified identity_component,False,False,fixed parent pairs; adaptively reused development validation; conditional descriptive interval
S-J-U minus S-M-U,1994,1,post_base_macro_recall,0.0,0.0,0.0,2000,43001,class-stratified identity_component,False,False,fixed parent pairs; adaptively reused development validation; conditional descriptive interval
S-J-U minus S-M-U,1995,1,post_base_macro_recall,0.0,0.0,0.0,2000,43001,class-stratified identity_component,False,False,fixed parent pairs; adaptively reused development validation; conditional descriptive interval
S-J-U minus S-M-U,fixed_pair_mean,1,post_base_macro_recall,0.0,0.0,0.0,2000,43001,class-stratified identity_component,False,False,fixed parent pairs; adaptively reused development validation; conditional descriptive interval
S-J-U minus S-M-U,1993,1,tail_base_macro_recall,0.0,0.0,0.0,2000,43001,class-stratified identity_component,False,False,fixed parent pairs; adaptively reused development validation; conditional descriptive interval
S-J-U minus S-M-U,1994,1,tail_base_macro_recall,0.0,0.0,0.0,2000,43001,class-stratified identity_component,False,False,fixed parent pairs; adaptively reused development validation; conditional descriptive interval
S-J-U minus S-M-U,1995,1,tail_base_macro_recall,0.0,0.0,0.0,2000,43001,class-stratified identity_component,False,False,fixed parent pairs; adaptively reused development validation; conditional descriptive interval
S-J-U minus S-M-U,fixed_pair_mean,1,tail_base_macro_recall,0.0,0.0,0.0,2000,43001,class-stratified identity_component,False,False,fixed parent pairs; adaptively reused development validation; conditional descriptive interval
S-J-U minus S-M-U,1993,1,tail_post_base_macro_recall,0.0,0.0,0.0,2000,43001,class-stratified identity_component,False,False,fixed parent pairs; adaptively reused development validation; conditional descriptive interval
S-J-U minus S-M-U,1993,2,balanced_accuracy,-0.5996621621621614,-2.515983678902013,1.225050681657625,2000,43001,class-stratified identity_component,False,False,fixed parent pairs; adaptively reused development validation; conditional descriptive interval
S-J-U minus S-M-U,1994,2,balanced_accuracy,-0.8967391304347849,-2.2512360552442074,0.39208630523020244,2000,43001,class-stratified identity_component,False,False,fixed parent pairs; adaptively reused development validation; conditional descriptive interval
S-J-U minus S-M-U,1995,2,balanced_accuracy,-1.5340909090909136,-3.2918167960088707,0.0,2000,43001,class-stratified identity_component,False,False,fixed parent pairs; adaptively reused development validation; conditional descriptive interval
S-J-U minus S-M-U,fixed_pair_mean,2,balanced_accuracy,-1.0101640672292866,-2.130483402443717,0.044333735909822,2000,43001,class-stratified identity_component,False,False,fixed parent pairs; adaptively reused development validation; conditional descriptive interval
S-J-U minus S-M-U,1993,2,tail_rank2,0.0,0.0,0.0,2000,43001,class-stratified identity_component,False,False,fixed parent pairs; adaptively reused development validation; conditional descriptive interval
S-J-U minus S-M-U,1994,2,tail_rank2,0.0,0.0,0.0,2000,43001,class-stratified identity_component,False,False,fixed parent pairs; adaptively reused development validation; conditional descriptive interval
S-J-U minus S-M-U,1995,2,tail_rank2,0.0,0.0,0.0,2000,43001,class-stratified identity_component,False,False,fixed parent pairs; adaptively reused development validation; conditional descriptive interval
S-J-U minus S-M-U,fixed_pair_mean,2,tail_rank2,0.0,0.0,0.0,2000,43001,class-stratified identity_component,False,False,fixed parent pairs; adaptively reused development validation; conditional descriptive interval
S-J-U minus S-M-U,1993,2,old_macro_recall,-1.25,-3.100775193798448,0.0,2000,43001,class-stratified identity_component,False,False,fixed parent pairs; adaptively reused development validation; conditional descriptive interval
S-J-U minus S-M-U,1994,2,old_macro_recall,-0.8333333333333321,-2.4882024882024893,0.9009009009008971,2000,43001,class-stratified identity_component,False,False,fixed parent pairs; adaptively reused development validation; conditional descriptive interval
S-J-U minus S-M-U,1995,2,old_macro_recall,-2.0454545454545503,-4.389089061345161,0.0,2000,43001,class-stratified identity_component,False,False,fixed parent pairs; adaptively reused development validation; conditional descriptive interval
S-J-U minus S-M-U,fixed_pair_mean,2,old_macro_recall,-1.3762626262626274,-2.710545508510625,-0.1501501501501501,2000,43001,class-stratified identity_component,False,False,fixed parent pairs; adaptively reused development validation; conditional descriptive interval
S-J-U minus S-M-U,1993,2,current_macro_recall,1.3513513513513544,-3.890350877192993,6.7614489489489245,2000,43001,class-stratified identity_component,False,False,fixed parent pairs; adaptively reused development validation; conditional descriptive interval
S-J-U minus S-M-U,1994,2,current_macro_recall,-1.0869565217391326,-3.3333333333333357,0.0,2000,43001,class-stratified identity_component,False,False,fixed parent pairs; adaptively reused development validation; conditional descriptive interval
S-J-U minus S-M-U,1995,2,current_macro_recall,0.0,0.0,0.0,2000,43001,class-stratified identity_component,False,False,fixed parent pairs; adaptively reused development validation; conditional descriptive interval
S-J-U minus S-M-U,fixed_pair_mean,2,current_macro_recall,0.0881316098707406,-2.2119105387582425,2.164120642381512,2000,43001,class-stratified identity_component,False,False,fixed parent pairs; adaptively reused development validation; conditional descriptive interval
S-J-U minus S-M-U,1993,2,label_6_recall,0.0,0.0,0.0,2000,43001,class-stratified identity_component,False,False,fixed parent pairs; adaptively reused development validation; conditional descriptive interval
S-J-U minus S-M-U,1994,2,label_6_recall,0.0,0.0,0.0,2000,43001,class-stratified identity_component,False,False,fixed parent pairs; adaptively reused development validation; conditional descriptive interval
S-J-U minus S-M-U,1995,2,label_6_recall,0.0,0.0,0.0,2000,43001,class-stratified identity_component,False,False,fixed parent pairs; adaptively reused development validation; conditional descriptive interval
S-J-U minus S-M-U,fixed_pair_mean,2,label_6_recall,0.0,0.0,0.0,2000,43001,class-stratified identity_component,False,False,fixed parent pairs; adaptively reused development validation; conditional descriptive interval
S-J-U minus S-M-U,1993,2,label_7_recall,0.0,0.0,0.0,2000,43001,class-stratified identity_component,False,False,fixed parent pairs; adaptively reused development validation; conditional descriptive interval
S-J-U minus S-M-U,1994,2,label_7_recall,0.0,0.0,0.0,2000,43001,class-stratified identity_component,False,False,fixed parent pairs; adaptively reused development validation; conditional descriptive interval
S-J-U minus S-M-U,1995,2,label_7_recall,0.0,0.0,0.0,2000,43001,class-stratified identity_component,False,False,fixed parent pairs; adaptively reused development validation; conditional descriptive interval
S-J-U minus S-M-U,fixed_pair_mean,2,label_7_recall,0.0,0.0,0.0,2000,43001,class-stratified identity_component,False,False,fixed parent pairs; adaptively reused development validation; conditional descriptive interval
S-J-U minus S-M-U,1993,2,base_macro_recall,-1.875,-4.651162790697672,0.0,2000,43001,class-stratified identity_component,False,False,fixed parent pairs; adaptively reused development validation; conditional descriptive interval
S-J-U minus S-M-U,1994,2,base_macro_recall,-1.25,-2.9069767441860463,0.0,2000,43001,class-stratified identity_component,False,False,fixed parent pairs; adaptively reused development validation; conditional descriptive interval
S-J-U minus S-M-U,1995,2,base_macro_recall,-3.0681818181818272,-6.583633592017741,0.0,2000,43001,class-stratified identity_component,False,False,fixed parent pairs; adaptively reused development validation; conditional descriptive interval
S-J-U minus S-M-U,fixed_pair_mean,2,base_macro_recall,-2.0643939393939426,-3.9792547568710366,-0.40869218500797627,2000,43001,class-stratified identity_component,False,False,fixed parent pairs; adaptively reused development validation; conditional descriptive interval
S-J-U minus S-M-U,1993,2,post_base_macro_recall,0.6756756756756772,-1.9451754385964966,3.3807244744744622,2000,43001,class-stratified identity_component,False,False,fixed parent pairs; adaptively reused development validation; conditional descriptive interval
S-J-U minus S-M-U,1994,2,post_base_macro_recall,-0.5434782608695699,-2.850057938373155,1.4714714714714747,2000,43001,class-stratified identity_component,False,False,fixed parent pairs; adaptively reused development validation; conditional descriptive interval
S-J-U minus S-M-U,1995,2,post_base_macro_recall,0.0,0.0,0.0,2000,43001,class-stratified identity_component,False,False,fixed parent pairs; adaptively reused development validation; conditional descriptive interval
S-J-U minus S-M-U,fixed_pair_mean,2,post_base_macro_recall,0.04406580493536912,-1.2555108299789144,1.28053585500394,2000,43001,class-stratified identity_component,False,False,fixed parent pairs; adaptively reused development validation; conditional descriptive interval
S-J-U minus S-M-U,1993,2,tail_base_macro_recall,0.0,0.0,0.0,2000,43001,class-stratified identity_component,False,False,fixed parent pairs; adaptively reused development validation; conditional descriptive interval
S-J-U minus S-M-U,1994,2,tail_base_macro_recall,0.0,0.0,0.0,2000,43001,class-stratified identity_component,False,False,fixed parent pairs; adaptively reused development validation; conditional descriptive interval
S-J-U minus S-M-U,1995,2,tail_base_macro_recall,0.0,0.0,0.0,2000,43001,class-stratified identity_component,False,False,fixed parent pairs; adaptively reused development validation; conditional descriptive interval
S-J-U minus S-M-U,fixed_pair_mean,2,tail_base_macro_recall,0.0,0.0,0.0,2000,43001,class-stratified identity_component,False,False,fixed parent pairs; adaptively reused development validation; conditional descriptive interval
S-J-U minus S-M-U,1993,2,tail_post_base_macro_recall,0.0,0.0,0.0,2000,43001,class-stratified identity_component,False,False,fixed parent pairs; adaptively reused development validation; conditional descriptive interval
S-J-U minus S-M-U,1994,2,tail_post_base_macro_recall,0.0,0.0,0.0,2000,43001,class-stratified identity_component,False,False,fixed parent pairs; adaptively reused development validation; conditional descriptive interval
S-J-U minus S-M-U,1995,2,tail_post_base_macro_recall,0.0,0.0,0.0,2000,43001,class-stratified identity_component,False,False,fixed parent pairs; adaptively reused development validation; conditional descriptive interval
S-J-U minus S-M-U,fixed_pair_mean,2,tail_post_base_macro_recall,0.0,0.0,0.0,2000,43001,class-stratified identity_component,False,False,fixed parent pairs; adaptively reused development validation; conditional descriptive interval
S-J-U minus S-F-U,1993,0,balanced_accuracy,5.579268292682926,2.5353016688061594,8.980422664893945,2000,43001,class-stratified identity_component,False,False,fixed parent pairs; adaptively reused development validation; conditional descriptive interval
S-J-U minus S-F-U,1994,0,balanced_accuracy,0.0,-2.5,2.3809523809523796,2000,43001,class-stratified identity_component,False,False,fixed parent pairs; adaptively reused development validation; conditional descriptive interval
S-J-U minus S-F-U,1995,0,balanced_accuracy,6.503378378378372,2.3517046924600216,10.60410739687055,2000,43001,class-stratified identity_component,False,False,fixed parent pairs; adaptively reused development validation; conditional descriptive interval
S-J-U minus S-F-U,fixed_pair_mean,0,balanced_accuracy,4.027548890353766,1.9574294689426273,5.972311024982721,2000,43001,class-stratified identity_component,False,False,fixed parent pairs; adaptively reused development validation; conditional descriptive interval
S-J-U minus S-F-U,1993,0,tail_rank2,0.0,0.0,0.0,2000,43001,class-stratified identity_component,False,False,fixed parent pairs; adaptively reused development validation; conditional descriptive interval
S-J-U minus S-F-U,1994,0,tail_rank2,0.0,0.0,0.0,2000,43001,class-stratified identity_component,False,False,fixed parent pairs; adaptively reused development validation; conditional descriptive interval
S-J-U minus S-F-U,1995,0,tail_rank2,0.0,0.0,0.0,2000,43001,class-stratified identity_component,False,False,fixed parent pairs; adaptively reused development validation; conditional descriptive interval
S-J-U minus S-F-U,fixed_pair_mean,0,tail_rank2,0.0,0.0,0.0,2000,43001,class-stratified identity_component,False,False,fixed parent pairs; adaptively reused development validation; conditional descriptive interval
S-J-U minus S-F-U,1993,0,current_macro_recall,5.579268292682926,2.5353016688061594,8.980422664893945,2000,43001,class-stratified identity_component,False,False,fixed parent pairs; adaptively reused development validation; conditional descriptive interval
S-J-U minus S-F-U,1994,0,current_macro_recall,0.0,-2.5,2.3809523809523796,2000,43001,class-stratified identity_component,False,False,fixed parent pairs; adaptively reused development validation; conditional descriptive interval
S-J-U minus S-F-U,1995,0,current_macro_recall,6.503378378378372,2.3517046924600216,10.60410739687055,2000,43001,class-stratified identity_component,False,False,fixed parent pairs; adaptively reused development validation; conditional descriptive interval
S-J-U minus S-F-U,fixed_pair_mean,0,current_macro_recall,4.027548890353766,1.9574294689426273,5.972311024982721,2000,43001,class-stratified identity_component,False,False,fixed parent pairs; adaptively reused development validation; conditional descriptive interval
S-J-U minus S-F-U,1995,0,label_6_recall,0.0,0.0,0.0,2000,43001,class-stratified identity_component,False,False,fixed parent pairs; adaptively reused development validation; conditional descriptive interval
S-J-U minus S-F-U,1993,0,label_7_recall,0.0,0.0,0.0,2000,43001,class-stratified identity_component,False,False,fixed parent pairs; adaptively reused development validation; conditional descriptive interval
S-J-U minus S-F-U,1994,0,label_7_recall,0.0,0.0,0.0,2000,43001,class-stratified identity_component,False,False,fixed parent pairs; adaptively reused development validation; conditional descriptive interval
S-J-U minus S-F-U,1993,0,base_macro_recall,5.579268292682926,2.5353016688061594,8.980422664893945,2000,43001,class-stratified identity_component,False,False,fixed parent pairs; adaptively reused development validation; conditional descriptive interval
S-J-U minus S-F-U,1994,0,base_macro_recall,0.0,-2.5,2.3809523809523796,2000,43001,class-stratified identity_component,False,False,fixed parent pairs; adaptively reused development validation; conditional descriptive interval
S-J-U minus S-F-U,1995,0,base_macro_recall,6.503378378378372,2.3517046924600216,10.60410739687055,2000,43001,class-stratified identity_component,False,False,fixed parent pairs; adaptively reused development validation; conditional descriptive interval
S-J-U minus S-F-U,fixed_pair_mean,0,base_macro_recall,4.027548890353766,1.9574294689426273,5.972311024982721,2000,43001,class-stratified identity_component,False,False,fixed parent pairs; adaptively reused development validation; conditional descriptive interval
S-J-U minus S-F-U,1993,0,tail_base_macro_recall,0.0,0.0,0.0,2000,43001,class-stratified identity_component,False,False,fixed parent pairs; adaptively reused development validation; conditional descriptive interval
S-J-U minus S-F-U,1994,0,tail_base_macro_recall,0.0,0.0,0.0,2000,43001,class-stratified identity_component,False,False,fixed parent pairs; adaptively reused development validation; conditional descriptive interval
S-J-U minus S-F-U,1995,0,tail_base_macro_recall,0.0,0.0,0.0,2000,43001,class-stratified identity_component,False,False,fixed parent pairs; adaptively reused development validation; conditional descriptive interval
S-J-U minus S-F-U,fixed_pair_mean,0,tail_base_macro_recall,0.0,0.0,0.0,2000,43001,class-stratified identity_component,False,False,fixed parent pairs; adaptively reused development validation; conditional descriptive interval
S-J-U minus S-F-U,1993,1,balanced_accuracy,3.7195121951219505,1.6902011125374408,5.986948443262631,2000,43001,class-stratified identity_component,False,False,fixed parent pairs; adaptively reused development validation; conditional descriptive interval
S-J-U minus S-F-U,1994,1,balanced_accuracy,2.174522083058669,0.45045045045045384,4.034391534391531,2000,43001,class-stratified identity_component,False,False,fixed parent pairs; adaptively reused development validation; conditional descriptive interval
S-J-U minus S-F-U,1995,1,balanced_accuracy,3.8851351351351298,1.291188708951868,6.48654879575932,2000,43001,class-stratified identity_component,False,False,fixed parent pairs; adaptively reused development validation; conditional descriptive interval
S-J-U minus S-F-U,fixed_pair_mean,1,balanced_accuracy,3.2597231377719162,1.7401792456617011,4.793689887439886,2000,43001,class-stratified identity_component,False,False,fixed parent pairs; adaptively reused development validation; conditional descriptive interval
S-J-U minus S-F-U,1993,1,tail_rank2,0.0,0.0,0.0,2000,43001,class-stratified identity_component,False,False,fixed parent pairs; adaptively reused development validation; conditional descriptive interval
S-J-U minus S-F-U,1994,1,tail_rank2,0.0,0.0,0.0,2000,43001,class-stratified identity_component,False,False,fixed parent pairs; adaptively reused development validation; conditional descriptive interval
S-J-U minus S-F-U,1995,1,tail_rank2,0.0,0.0,0.0,2000,43001,class-stratified identity_component,False,False,fixed parent pairs; adaptively reused development validation; conditional descriptive interval
S-J-U minus S-F-U,fixed_pair_mean,1,tail_rank2,0.0,0.0,0.0,2000,43001,class-stratified identity_component,False,False,fixed parent pairs; adaptively reused development validation; conditional descriptive interval
S-J-U minus S-F-U,1993,1,old_macro_recall,5.579268292682926,2.5353016688061594,8.980422664893945,2000,43001,class-stratified identity_component,False,False,fixed parent pairs; adaptively reused development validation; conditional descriptive interval
S-J-U minus S-F-U,1994,1,old_macro_recall,1.2347560975609757,0.0,3.125,2000,43001,class-stratified identity_component,False,False,fixed parent pairs; adaptively reused development validation; conditional descriptive interval
S-J-U minus S-F-U,1995,1,old_macro_recall,5.827702702702695,1.9367830634277987,9.72982319363898,2000,43001,class-stratified identity_component,False,False,fixed parent pairs; adaptively reused development validation; conditional descriptive interval
S-J-U minus S-F-U,fixed_pair_mean,1,old_macro_recall,4.213909030982198,2.3083079268292694,6.1850829754172745,2000,43001,class-stratified identity_component,False,False,fixed parent pairs; adaptively reused development validation; conditional descriptive interval
S-J-U minus S-F-U,1993,1,current_macro_recall,0.0,0.0,0.0,2000,43001,class-stratified identity_component,False,False,fixed parent pairs; adaptively reused development validation; conditional descriptive interval
S-J-U minus S-F-U,1994,1,current_macro_recall,4.054054054054049,0.0,9.21052631578948,2000,43001,class-stratified identity_component,False,False,fixed parent pairs; adaptively reused development validation; conditional descriptive interval
S-J-U minus S-F-U,1995,1,current_macro_recall,0.0,0.0,0.0,2000,43001,class-stratified identity_component,False,False,fixed parent pairs; adaptively reused development validation; conditional descriptive interval
S-J-U minus S-F-U,fixed_pair_mean,1,current_macro_recall,1.3513513513513498,0.0,3.0701754385964932,2000,43001,class-stratified identity_component,False,False,fixed parent pairs; adaptively reused development validation; conditional descriptive interval
S-J-U minus S-F-U,1993,1,label_6_recall,0.0,0.0,0.0,2000,43001,class-stratified identity_component,False,False,fixed parent pairs; adaptively reused development validation; conditional descriptive interval
S-J-U minus S-F-U,1995,1,label_6_recall,0.0,0.0,0.0,2000,43001,class-stratified identity_component,False,False,fixed parent pairs; adaptively reused development validation; conditional descriptive interval
S-J-U minus S-F-U,1993,1,label_7_recall,0.0,0.0,0.0,2000,43001,class-stratified identity_component,False,False,fixed parent pairs; adaptively reused development validation; conditional descriptive interval
S-J-U minus S-F-U,1994,1,label_7_recall,0.0,0.0,0.0,2000,43001,class-stratified identity_component,False,False,fixed parent pairs; adaptively reused development validation; conditional descriptive interval
S-J-U minus S-F-U,1993,1,base_macro_recall,5.579268292682926,2.5353016688061594,8.980422664893945,2000,43001,class-stratified identity_component,False,False,fixed parent pairs; adaptively reused development validation; conditional descriptive interval
S-J-U minus S-F-U,1994,1,base_macro_recall,1.2347560975609757,0.0,3.125,2000,43001,class-stratified identity_component,False,False,fixed parent pairs; adaptively reused development validation; conditional descriptive interval
S-J-U minus S-F-U,1995,1,base_macro_recall,5.827702702702695,1.9367830634277987,9.72982319363898,2000,43001,class-stratified identity_component,False,False,fixed parent pairs; adaptively reused development validation; conditional descriptive interval
S-J-U minus S-F-U,fixed_pair_mean,1,base_macro_recall,4.213909030982198,2.3083079268292694,6.1850829754172745,2000,43001,class-stratified identity_component,False,False,fixed parent pairs; adaptively reused development validation; conditional descriptive interval
S-J-U minus S-F-U,1993,1,post_base_macro_recall,0.0,0.0,0.0,2000,43001,class-stratified identity_component,False,False,fixed parent pairs; adaptively reused development validation; conditional descriptive interval
S-J-U minus S-F-U,1994,1,post_base_macro_recall,4.054054054054049,0.0,9.21052631578948,2000,43001,class-stratified identity_component,False,False,fixed parent pairs; adaptively reused development validation; conditional descriptive interval
S-J-U minus S-F-U,1995,1,post_base_macro_recall,0.0,0.0,0.0,2000,43001,class-stratified identity_component,False,False,fixed parent pairs; adaptively reused development validation; conditional descriptive interval
S-J-U minus S-F-U,fixed_pair_mean,1,post_base_macro_recall,1.3513513513513498,0.0,3.0701754385964932,2000,43001,class-stratified identity_component,False,False,fixed parent pairs; adaptively reused development validation; conditional descriptive interval
S-J-U minus S-F-U,1993,1,tail_base_macro_recall,0.0,0.0,0.0,2000,43001,class-stratified identity_component,False,False,fixed parent pairs; adaptively reused development validation; conditional descriptive interval
S-J-U minus S-F-U,1994,1,tail_base_macro_recall,0.0,0.0,0.0,2000,43001,class-stratified identity_component,False,False,fixed parent pairs; adaptively reused development validation; conditional descriptive interval
S-J-U minus S-F-U,1995,1,tail_base_macro_recall,0.0,0.0,0.0,2000,43001,class-stratified identity_component,False,False,fixed parent pairs; adaptively reused development validation; conditional descriptive interval
S-J-U minus S-F-U,fixed_pair_mean,1,tail_base_macro_recall,0.0,0.0,0.0,2000,43001,class-stratified identity_component,False,False,fixed parent pairs; adaptively reused development validation; conditional descriptive interval
S-J-U minus S-F-U,1993,1,tail_post_base_macro_recall,0.0,0.0,0.0,2000,43001,class-stratified identity_component,False,False,fixed parent pairs; adaptively reused development validation; conditional descriptive interval
S-J-U minus S-F-U,1993,2,balanced_accuracy,2.052865612648219,-0.018980983824734385,4.266353526712002,2000,43001,class-stratified identity_component,False,False,fixed parent pairs; adaptively reused development validation; conditional descriptive interval
S-J-U minus S-F-U,1994,2,balanced_accuracy,0.947414806110455,0.0,2.200292397660821,2000,43001,class-stratified identity_component,False,False,fixed parent pairs; adaptively reused development validation; conditional descriptive interval
S-J-U minus S-F-U,1995,2,balanced_accuracy,2.588999572695222,0.512312308686737,4.73273433475424,2000,43001,class-stratified identity_component,False,False,fixed parent pairs; adaptively reused development validation; conditional descriptive interval
S-J-U minus S-F-U,fixed_pair_mean,2,balanced_accuracy,1.863093330484632,0.7439507259111121,3.1033054939304923,2000,43001,class-stratified identity_component,False,False,fixed parent pairs; adaptively reused development validation; conditional descriptive interval
S-J-U minus S-F-U,1993,2,tail_rank2,0.0,0.0,0.0,2000,43001,class-stratified identity_component,False,False,fixed parent pairs; adaptively reused development validation; conditional descriptive interval
S-J-U minus S-F-U,1994,2,tail_rank2,0.0,0.0,0.0,2000,43001,class-stratified identity_component,False,False,fixed parent pairs; adaptively reused development validation; conditional descriptive interval
S-J-U minus S-F-U,1995,2,tail_rank2,0.0,0.0,0.0,2000,43001,class-stratified identity_component,False,False,fixed parent pairs; adaptively reused development validation; conditional descriptive interval
S-J-U minus S-F-U,fixed_pair_mean,2,tail_rank2,0.0,0.0,0.0,2000,43001,class-stratified identity_component,False,False,fixed parent pairs; adaptively reused development validation; conditional descriptive interval
S-J-U minus S-F-U,1993,2,old_macro_recall,1.287878787878789,-0.7021433850702152,3.3293460925039913,2000,43001,class-stratified identity_component,False,False,fixed parent pairs; adaptively reused development validation; conditional descriptive interval
S-J-U minus S-F-U,1994,2,old_macro_recall,0.900900900900897,0.0,2.314814814814813,2000,43001,class-stratified identity_component,False,False,fixed parent pairs; adaptively reused development validation; conditional descriptive interval
S-J-U minus S-F-U,1995,2,old_macro_recall,3.08968058968059,0.8920018272152433,5.413359788359787,2000,43001,class-stratified identity_component,False,False,fixed parent pairs; adaptively reused development validation; conditional descriptive interval
S-J-U minus S-F-U,fixed_pair_mean,2,old_macro_recall,1.7594867594867587,0.5070496632996625,3.105455292955294,2000,43001,class-stratified identity_component,False,False,fixed parent pairs; adaptively reused development validation; conditional descriptive interval
S-J-U minus S-F-U,1993,2,current_macro_recall,4.347826086956523,-1.3006252332960109,10.151779439013469,2000,43001,class-stratified identity_component,False,False,fixed parent pairs; adaptively reused development validation; conditional descriptive interval
S-J-U minus S-F-U,1994,2,current_macro_recall,1.0869565217391255,0.0,3.3333333333333357,2000,43001,class-stratified identity_component,False,False,fixed parent pairs; adaptively reused development validation; conditional descriptive interval
S-J-U minus S-F-U,1995,2,current_macro_recall,1.0869565217391255,-3.3333333333333286,5.572916666666574,2000,43001,class-stratified identity_component,False,False,fixed parent pairs; adaptively reused development validation; conditional descriptive interval
S-J-U minus S-F-U,fixed_pair_mean,2,current_macro_recall,2.173913043478258,-0.2167060677698961,4.856941527559008,2000,43001,class-stratified identity_component,False,False,fixed parent pairs; adaptively reused development validation; conditional descriptive interval
S-J-U minus S-F-U,1993,2,label_6_recall,0.0,0.0,0.0,2000,43001,class-stratified identity_component,False,False,fixed parent pairs; adaptively reused development validation; conditional descriptive interval
S-J-U minus S-F-U,1994,2,label_6_recall,0.0,0.0,0.0,2000,43001,class-stratified identity_component,False,False,fixed parent pairs; adaptively reused development validation; conditional descriptive interval
S-J-U minus S-F-U,1995,2,label_6_recall,0.0,0.0,0.0,2000,43001,class-stratified identity_component,False,False,fixed parent pairs; adaptively reused development validation; conditional descriptive interval
S-J-U minus S-F-U,fixed_pair_mean,2,label_6_recall,0.0,0.0,0.0,2000,43001,class-stratified identity_component,False,False,fixed parent pairs; adaptively reused development validation; conditional descriptive interval
S-J-U minus S-F-U,1993,2,label_7_recall,0.0,0.0,0.0,2000,43001,class-stratified identity_component,False,False,fixed parent pairs; adaptively reused development validation; conditional descriptive interval
S-J-U minus S-F-U,1994,2,label_7_recall,0.0,0.0,0.0,2000,43001,class-stratified identity_component,False,False,fixed parent pairs; adaptively reused development validation; conditional descriptive interval
S-J-U minus S-F-U,1995,2,label_7_recall,0.0,0.0,0.0,2000,43001,class-stratified identity_component,False,False,fixed parent pairs; adaptively reused development validation; conditional descriptive interval
S-J-U minus S-F-U,fixed_pair_mean,2,label_7_recall,0.0,0.0,0.0,2000,43001,class-stratified identity_component,False,False,fixed parent pairs; adaptively reused development validation; conditional descriptive interval
S-J-U minus S-F-U,1993,2,base_macro_recall,1.9318181818181799,-1.0532150776053228,4.994019138755984,2000,43001,class-stratified identity_component,False,False,fixed parent pairs; adaptively reused development validation; conditional descriptive interval
S-J-U minus S-F-U,1994,2,base_macro_recall,0.0,0.0,0.0,2000,43001,class-stratified identity_component,False,False,fixed parent pairs; adaptively reused development validation; conditional descriptive interval
S-J-U minus S-F-U,1995,2,base_macro_recall,4.634520884520882,1.3380027408228667,8.12003968253968,2000,43001,class-stratified identity_component,False,False,fixed parent pairs; adaptively reused development validation; conditional descriptive interval
S-J-U minus S-F-U,fixed_pair_mean,2,base_macro_recall,2.1887796887796873,0.4451619858596611,3.955932479480296,2000,43001,class-stratified identity_component,False,False,fixed parent pairs; adaptively reused development validation; conditional descriptive interval
S-J-U minus S-F-U,1993,2,post_base_macro_recall,2.1739130434782616,-0.6503126166480054,5.075889719506734,2000,43001,class-stratified identity_component,False,False,fixed parent pairs; adaptively reused development validation; conditional descriptive interval
S-J-U minus S-F-U,1994,2,post_base_macro_recall,1.89482961222091,0.0,4.400584795321642,2000,43001,class-stratified identity_component,False,False,fixed parent pairs; adaptively reused development validation; conditional descriptive interval
S-J-U minus S-F-U,1995,2,post_base_macro_recall,0.5434782608695627,-1.6666666666666643,2.786458333333287,2000,43001,class-stratified identity_component,False,False,fixed parent pairs; adaptively reused development validation; conditional descriptive interval
S-J-U minus S-F-U,fixed_pair_mean,2,post_base_macro_recall,1.5374069721895782,0.18518518518518454,3.009478228228229,2000,43001,class-stratified identity_component,False,False,fixed parent pairs; adaptively reused development validation; conditional descriptive interval
S-J-U minus S-F-U,1993,2,tail_base_macro_recall,0.0,0.0,0.0,2000,43001,class-stratified identity_component,False,False,fixed parent pairs; adaptively reused development validation; conditional descriptive interval
S-J-U minus S-F-U,1994,2,tail_base_macro_recall,0.0,0.0,0.0,2000,43001,class-stratified identity_component,False,False,fixed parent pairs; adaptively reused development validation; conditional descriptive interval
S-J-U minus S-F-U,1995,2,tail_base_macro_recall,0.0,0.0,0.0,2000,43001,class-stratified identity_component,False,False,fixed parent pairs; adaptively reused development validation; conditional descriptive interval
S-J-U minus S-F-U,fixed_pair_mean,2,tail_base_macro_recall,0.0,0.0,0.0,2000,43001,class-stratified identity_component,False,False,fixed parent pairs; adaptively reused development validation; conditional descriptive interval
S-J-U minus S-F-U,1993,2,tail_post_base_macro_recall,0.0,0.0,0.0,2000,43001,class-stratified identity_component,False,False,fixed parent pairs; adaptively reused development validation; conditional descriptive interval
S-J-U minus S-F-U,1994,2,tail_post_base_macro_recall,0.0,0.0,0.0,2000,43001,class-stratified identity_component,False,False,fixed parent pairs; adaptively reused development validation; conditional descriptive interval
S-J-U minus S-F-U,1995,2,tail_post_base_macro_recall,0.0,0.0,0.0,2000,43001,class-stratified identity_component,False,False,fixed parent pairs; adaptively reused development validation; conditional descriptive interval
S-J-U minus S-F-U,fixed_pair_mean,2,tail_post_base_macro_recall,0.0,0.0,0.0,2000,43001,class-stratified identity_component,False,False,fixed parent pairs; adaptively reused development validation; conditional descriptive interval
interaction,1993,0,balanced_accuracy,0.9890059127864106,-4.706115430622013,6.712576708316604,2000,43001,class-stratified identity_component,False,False,fixed parent pairs; adaptively reused development validation; conditional descriptive interval
interaction,1994,0,balanced_accuracy,-1.879943968358603,-5.178898083623695,1.1908209930313562,2000,43001,class-stratified identity_component,False,False,fixed parent pairs; adaptively reused development validation; conditional descriptive interval
interaction,1995,0,balanced_accuracy,-1.4649877149877142,-5.701000700198378,3.0385603905340774,2000,43001,class-stratified identity_component,False,False,fixed parent pairs; adaptively reused development validation; conditional descriptive interval
interaction,fixed_pair_mean,0,balanced_accuracy,-0.7853085901866356,-3.4529873586474253,1.8507187453927936,2000,43001,class-stratified identity_component,False,False,fixed parent pairs; adaptively reused development validation; conditional descriptive interval
interaction,1993,0,tail_rank2,4.166666666666664,0.0,12.499999999999993,2000,43001,class-stratified identity_component,False,False,fixed parent pairs; adaptively reused development validation; conditional descriptive interval
interaction,1994,0,tail_rank2,0.0,0.0,0.0,2000,43001,class-stratified identity_component,False,False,fixed parent pairs; adaptively reused development validation; conditional descriptive interval
interaction,1995,0,tail_rank2,0.0,0.0,0.0,2000,43001,class-stratified identity_component,False,False,fixed parent pairs; adaptively reused development validation; conditional descriptive interval
interaction,fixed_pair_mean,0,tail_rank2,1.3888888888888882,0.0,4.166666666666664,2000,43001,class-stratified identity_component,False,False,fixed parent pairs; adaptively reused development validation; conditional descriptive interval
interaction,1993,0,current_macro_recall,0.9890059127864106,-4.706115430622013,6.712576708316604,2000,43001,class-stratified identity_component,False,False,fixed parent pairs; adaptively reused development validation; conditional descriptive interval
interaction,1994,0,current_macro_recall,-1.879943968358603,-5.178898083623695,1.1908209930313562,2000,43001,class-stratified identity_component,False,False,fixed parent pairs; adaptively reused development validation; conditional descriptive interval
interaction,1995,0,current_macro_recall,-1.4649877149877142,-5.701000700198378,3.0385603905340774,2000,43001,class-stratified identity_component,False,False,fixed parent pairs; adaptively reused development validation; conditional descriptive interval
interaction,fixed_pair_mean,0,current_macro_recall,-0.7853085901866356,-3.4529873586474253,1.8507187453927936,2000,43001,class-stratified identity_component,False,False,fixed parent pairs; adaptively reused development validation; conditional descriptive interval
interaction,1995,0,label_6_recall,0.0,0.0,0.0,2000,43001,class-stratified identity_component,False,False,fixed parent pairs; adaptively reused development validation; conditional descriptive interval
interaction,1993,0,label_7_recall,4.166666666666664,0.0,12.499999999999993,2000,43001,class-stratified identity_component,False,False,fixed parent pairs; adaptively reused development validation; conditional descriptive interval
interaction,1994,0,label_7_recall,0.0,0.0,0.0,2000,43001,class-stratified identity_component,False,False,fixed parent pairs; adaptively reused development validation; conditional descriptive interval
interaction,1993,0,base_macro_recall,0.9890059127864106,-4.706115430622013,6.712576708316604,2000,43001,class-stratified identity_component,False,False,fixed parent pairs; adaptively reused development validation; conditional descriptive interval
interaction,1994,0,base_macro_recall,-1.879943968358603,-5.178898083623695,1.1908209930313562,2000,43001,class-stratified identity_component,False,False,fixed parent pairs; adaptively reused development validation; conditional descriptive interval
interaction,1995,0,base_macro_recall,-1.4649877149877142,-5.701000700198378,3.0385603905340774,2000,43001,class-stratified identity_component,False,False,fixed parent pairs; adaptively reused development validation; conditional descriptive interval
interaction,fixed_pair_mean,0,base_macro_recall,-0.7853085901866356,-3.4529873586474253,1.8507187453927936,2000,43001,class-stratified identity_component,False,False,fixed parent pairs; adaptively reused development validation; conditional descriptive interval
interaction,1993,0,tail_base_macro_recall,4.166666666666664,0.0,12.499999999999993,2000,43001,class-stratified identity_component,False,False,fixed parent pairs; adaptively reused development validation; conditional descriptive interval
interaction,1994,0,tail_base_macro_recall,0.0,0.0,0.0,2000,43001,class-stratified identity_component,False,False,fixed parent pairs; adaptively reused development validation; conditional descriptive interval
interaction,1995,0,tail_base_macro_recall,0.0,0.0,0.0,2000,43001,class-stratified identity_component,False,False,fixed parent pairs; adaptively reused development validation; conditional descriptive interval
interaction,fixed_pair_mean,0,tail_base_macro_recall,1.3888888888888882,0.0,4.166666666666664,2000,43001,class-stratified identity_component,False,False,fixed parent pairs; adaptively reused development validation; conditional descriptive interval
interaction,1993,1,balanced_accuracy,-1.2309981822176965,-4.83528583223707,2.417405595759244,2000,43001,class-stratified identity_component,False,False,fixed parent pairs; adaptively reused development validation; conditional descriptive interval
interaction,1994,1,balanced_accuracy,2.5503552332820547,-0.294321684124298,5.655630918788804,2000,43001,class-stratified identity_component,False,False,fixed parent pairs; adaptively reused development validation; conditional descriptive interval
interaction,1995,1,balanced_accuracy,2.1353199097101623,-1.6358170058828105,5.91174254328322,2000,43001,class-stratified identity_component,False,False,fixed parent pairs; adaptively reused development validation; conditional descriptive interval
interaction,fixed_pair_mean,1,balanced_accuracy,1.1515589869248402,-0.9960561852009246,3.4418604297036812,2000,43001,class-stratified identity_component,False,False,fixed parent pairs; adaptively reused development validation; conditional descriptive interval
interaction,1993,1,tail_rank2,0.0,0.0,0.0,2000,43001,class-stratified identity_component,False,False,fixed parent pairs; adaptively reused development validation; conditional descriptive interval
interaction,1994,1,tail_rank2,4.166666666666664,0.0,13.63636363636364,2000,43001,class-stratified identity_component,False,False,fixed parent pairs; adaptively reused development validation; conditional descriptive interval
interaction,1995,1,tail_rank2,0.0,0.0,0.0,2000,43001,class-stratified identity_component,False,False,fixed parent pairs; adaptively reused development validation; conditional descriptive interval
interaction,fixed_pair_mean,1,tail_rank2,1.3888888888888882,0.0,4.545454545454547,2000,43001,class-stratified identity_component,False,False,fixed parent pairs; adaptively reused development validation; conditional descriptive interval
interaction,1993,1,old_macro_recall,-2.5221729490022184,-7.700682193822432,2.7295935614728353,2000,43001,class-stratified identity_component,False,False,fixed parent pairs; adaptively reused development validation; conditional descriptive interval
interaction,1994,1,old_macro_recall,1.1228301472203905,-2.407754846779233,4.922838454415517,2000,43001,class-stratified identity_component,False,False,fixed parent pairs; adaptively reused development validation; conditional descriptive interval
interaction,1995,1,old_macro_recall,4.356572481572485,-0.3046245039385363,9.381807944307946,2000,43001,class-stratified identity_component,False,False,fixed parent pairs; adaptively reused development validation; conditional descriptive interval
interaction,fixed_pair_mean,1,old_macro_recall,0.9857432265968856,-1.7247781235666253,3.742085680029047,2000,43001,class-stratified identity_component,False,False,fixed parent pairs; adaptively reused development validation; conditional descriptive interval
interaction,1993,1,current_macro_recall,1.3513513513513544,0.0,3.94736842105263,2000,43001,class-stratified identity_component,False,False,fixed parent pairs; adaptively reused development validation; conditional descriptive interval
interaction,1994,1,current_macro_recall,5.405405405405418,0.0,11.732186732186733,2000,43001,class-stratified identity_component,False,False,fixed parent pairs; adaptively reused development validation; conditional descriptive interval
interaction,1995,1,current_macro_recall,-2.307185234014498,-8.442535679226761,3.751109241126065,2000,43001,class-stratified identity_component,False,False,fixed parent pairs; adaptively reused development validation; conditional descriptive interval
interaction,fixed_pair_mean,1,current_macro_recall,1.483190507580758,-1.351913259807997,4.386464260902652,2000,43001,class-stratified identity_component,False,False,fixed parent pairs; adaptively reused development validation; conditional descriptive interval
interaction,1993,1,label_6_recall,0.0,0.0,0.0,2000,43001,class-stratified identity_component,False,False,fixed parent pairs; adaptively reused development validation; conditional descriptive interval
interaction,1995,1,label_6_recall,0.0,0.0,0.0,2000,43001,class-stratified identity_component,False,False,fixed parent pairs; adaptively reused development validation; conditional descriptive interval
interaction,1993,1,label_7_recall,0.0,0.0,0.0,2000,43001,class-stratified identity_component,False,False,fixed parent pairs; adaptively reused development validation; conditional descriptive interval
interaction,1994,1,label_7_recall,4.166666666666664,0.0,13.63636363636364,2000,43001,class-stratified identity_component,False,False,fixed parent pairs; adaptively reused development validation; conditional descriptive interval
interaction,1993,1,base_macro_recall,-2.5221729490022184,-7.700682193822432,2.7295935614728353,2000,43001,class-stratified identity_component,False,False,fixed parent pairs; adaptively reused development validation; conditional descriptive interval
interaction,1994,1,base_macro_recall,1.1228301472203905,-2.407754846779233,4.922838454415517,2000,43001,class-stratified identity_component,False,False,fixed parent pairs; adaptively reused development validation; conditional descriptive interval
interaction,1995,1,base_macro_recall,4.356572481572485,-0.3046245039385363,9.381807944307946,2000,43001,class-stratified identity_component,False,False,fixed parent pairs; adaptively reused development validation; conditional descriptive interval
interaction,fixed_pair_mean,1,base_macro_recall,0.9857432265968856,-1.7247781235666253,3.742085680029047,2000,43001,class-stratified identity_component,False,False,fixed parent pairs; adaptively reused development validation; conditional descriptive interval
interaction,1993,1,post_base_macro_recall,1.3513513513513544,0.0,3.94736842105263,2000,43001,class-stratified identity_component,False,False,fixed parent pairs; adaptively reused development validation; conditional descriptive interval
interaction,1994,1,post_base_macro_recall,5.405405405405418,0.0,11.732186732186733,2000,43001,class-stratified identity_component,False,False,fixed parent pairs; adaptively reused development validation; conditional descriptive interval
interaction,1995,1,post_base_macro_recall,-2.307185234014498,-8.442535679226761,3.751109241126065,2000,43001,class-stratified identity_component,False,False,fixed parent pairs; adaptively reused development validation; conditional descriptive interval
interaction,fixed_pair_mean,1,post_base_macro_recall,1.483190507580758,-1.351913259807997,4.386464260902652,2000,43001,class-stratified identity_component,False,False,fixed parent pairs; adaptively reused development validation; conditional descriptive interval
interaction,1993,1,tail_base_macro_recall,0.0,0.0,0.0,2000,43001,class-stratified identity_component,False,False,fixed parent pairs; adaptively reused development validation; conditional descriptive interval
interaction,1994,1,tail_base_macro_recall,4.166666666666664,0.0,13.63636363636364,2000,43001,class-stratified identity_component,False,False,fixed parent pairs; adaptively reused development validation; conditional descriptive interval
interaction,1995,1,tail_base_macro_recall,0.0,0.0,0.0,2000,43001,class-stratified identity_component,False,False,fixed parent pairs; adaptively reused development validation; conditional descriptive interval
interaction,fixed_pair_mean,1,tail_base_macro_recall,1.3888888888888882,0.0,4.545454545454547,2000,43001,class-stratified identity_component,False,False,fixed parent pairs; adaptively reused development validation; conditional descriptive interval
interaction,1993,1,tail_post_base_macro_recall,0.0,0.0,0.0,2000,43001,class-stratified identity_component,False,False,fixed parent pairs; adaptively reused development validation; conditional descriptive interval
interaction,1993,2,balanced_accuracy,4.755204837389357,0.5589243232817525,9.003097241406964,2000,43001,class-stratified identity_component,False,False,fixed parent pairs; adaptively reused development validation; conditional descriptive interval
interaction,1994,2,balanced_accuracy,0.6519556383686833,-2.149768591280319,3.639748187784823,2000,43001,class-stratified identity_component,False,False,fixed parent pairs; adaptively reused development validation; conditional descriptive interval
interaction,1995,2,balanced_accuracy,3.738093330484645,-0.17679293485914768,7.808051568154394,2000,43001,class-stratified identity_component,False,False,fixed parent pairs; adaptively reused development validation; conditional descriptive interval
interaction,fixed_pair_mean,2,balanced_accuracy,3.0484179354142285,0.12472548042448121,6.140408860442556,2000,43001,class-stratified identity_component,False,False,fixed parent pairs; adaptively reused development validation; conditional descriptive interval
interaction,1993,2,tail_rank2,2.2435897435897374,-4.0,8.695652173913032,2000,43001,class-stratified identity_component,False,False,fixed parent pairs; adaptively reused development validation; conditional descriptive interval
interaction,1994,2,tail_rank2,-1.923076923076934,-6.0,0.0,2000,43001,class-stratified identity_component,False,False,fixed parent pairs; adaptively reused development validation; conditional descriptive interval
interaction,1995,2,tail_rank2,4.166666666666657,0.0,10.0,2000,43001,class-stratified identity_component,False,False,fixed parent pairs; adaptively reused development validation; conditional descriptive interval
interaction,fixed_pair_mean,2,tail_rank2,1.4957264957264869,-2.6666666666666665,5.797101449275355,2000,43001,class-stratified identity_component,False,False,fixed parent pairs; adaptively reused development validation; conditional descriptive interval
interaction,1993,2,old_macro_recall,4.352415693879113,-0.14547754294608523,8.77676196258514,2000,43001,class-stratified identity_component,False,False,fixed parent pairs; adaptively reused development validation; conditional descriptive interval
interaction,1994,2,old_macro_recall,2.5972563472563515,-0.46878717051774027,6.0876010433937155,2000,43001,class-stratified identity_component,False,False,fixed parent pairs; adaptively reused development validation; conditional descriptive interval
interaction,1995,2,old_macro_recall,2.8705978705978765,-1.812532884901296,7.56594829621146,2000,43001,class-stratified identity_component,False,False,fixed parent pairs; adaptively reused development validation; conditional descriptive interval
interaction,fixed_pair_mean,2,old_macro_recall,3.273423303911114,0.2746713163379841,6.502833952153496,2000,43001,class-stratified identity_component,False,False,fixed parent pairs; adaptively reused development validation; conditional descriptive interval
interaction,1993,2,current_macro_recall,5.963572267920085,-3.8419919254360746,16.540411230628628,2000,43001,class-stratified identity_component,False,False,fixed parent pairs; adaptively reused development validation; conditional descriptive interval
interaction,1994,2,current_macro_recall,-5.1839464882943105,-12.153959810874703,1.0875603864734356,2000,43001,class-stratified identity_component,False,False,fixed parent pairs; adaptively reused development validation; conditional descriptive interval
interaction,1995,2,current_macro_recall,6.3405797101449295,-1.0869565217391255,13.88888888888889,2000,43001,class-stratified identity_component,False,False,fixed parent pairs; adaptively reused development validation; conditional descriptive interval
interaction,fixed_pair_mean,2,current_macro_recall,2.373401829923568,-3.2523415594067817,8.108286474733838,2000,43001,class-stratified identity_component,False,False,fixed parent pairs; adaptively reused development validation; conditional descriptive interval
interaction,1993,2,label_6_recall,-3.846153846153854,-12.0,0.0,2000,43001,class-stratified identity_component,False,False,fixed parent pairs; adaptively reused development validation; conditional descriptive interval
interaction,1994,2,label_6_recall,-3.846153846153854,-12.0,0.0,2000,43001,class-stratified identity_component,False,False,fixed parent pairs; adaptively reused development validation; conditional descriptive interval
interaction,1995,2,label_6_recall,0.0,0.0,0.0,2000,43001,class-stratified identity_component,False,False,fixed parent pairs; adaptively reused development validation; conditional descriptive interval
interaction,fixed_pair_mean,2,label_6_recall,-2.564102564102569,-8.0,0.0,2000,43001,class-stratified identity_component,False,False,fixed parent pairs; adaptively reused development validation; conditional descriptive interval
interaction,1993,2,label_7_recall,8.333333333333336,0.0,20.0,2000,43001,class-stratified identity_component,False,False,fixed parent pairs; adaptively reused development validation; conditional descriptive interval
interaction,1994,2,label_7_recall,0.0,0.0,0.0,2000,43001,class-stratified identity_component,False,False,fixed parent pairs; adaptively reused development validation; conditional descriptive interval
interaction,1995,2,label_7_recall,8.333333333333336,0.0,20.0,2000,43001,class-stratified identity_component,False,False,fixed parent pairs; adaptively reused development validation; conditional descriptive interval
interaction,fixed_pair_mean,2,label_7_recall,5.555555555555557,0.0,13.333333333333334,2000,43001,class-stratified identity_component,False,False,fixed parent pairs; adaptively reused development validation; conditional descriptive interval
interaction,1993,2,base_macro_recall,6.814486326681461,0.42283612705123574,13.034024258262058,2000,43001,class-stratified identity_component,False,False,fixed parent pairs; adaptively reused development validation; conditional descriptive interval
interaction,1994,2,base_macro_recall,2.6520270270270245,-0.6097560975609753,6.3829314397149775,2000,43001,class-stratified identity_component,False,False,fixed parent pairs; adaptively reused development validation; conditional descriptive interval
interaction,1995,2,base_macro_recall,2.2788697788697903,-3.8373059866962334,8.401515151515143,2000,43001,class-stratified identity_component,False,False,fixed parent pairs; adaptively reused development validation; conditional descriptive interval
interaction,fixed_pair_mean,2,base_macro_recall,3.915127710859425,-0.05567335748256877,7.895793623526165,2000,43001,class-stratified identity_component,False,False,fixed parent pairs; adaptively reused development validation; conditional descriptive interval
interaction,1993,2,post_base_macro_recall,2.695923348097253,-2.89424833082922,8.5501283545499,2000,43001,class-stratified identity_component,False,False,fixed parent pairs; adaptively reused development validation; conditional descriptive interval
interaction,1994,2,post_base_macro_recall,-1.3481157502896508,-6.0765154797012,3.2651342671723067,2000,43001,class-stratified identity_component,False,False,fixed parent pairs; adaptively reused development validation; conditional descriptive interval
interaction,1995,2,post_base_macro_recall,5.197316882099493,0.5553444782168201,10.466478736337812,2000,43001,class-stratified identity_component,False,False,fixed parent pairs; adaptively reused development validation; conditional descriptive interval
interaction,fixed_pair_mean,2,post_base_macro_recall,2.181708159969032,-1.504656879941904,5.903820499418945,2000,43001,class-stratified identity_component,False,False,fixed parent pairs; adaptively reused development validation; conditional descriptive interval
interaction,1993,2,tail_base_macro_recall,8.333333333333336,0.0,20.0,2000,43001,class-stratified identity_component,False,False,fixed parent pairs; adaptively reused development validation; conditional descriptive interval
interaction,1994,2,tail_base_macro_recall,0.0,0.0,0.0,2000,43001,class-stratified identity_component,False,False,fixed parent pairs; adaptively reused development validation; conditional descriptive interval
interaction,1995,2,tail_base_macro_recall,0.0,0.0,0.0,2000,43001,class-stratified identity_component,False,False,fixed parent pairs; adaptively reused development validation; conditional descriptive interval
interaction,fixed_pair_mean,2,tail_base_macro_recall,2.7777777777777786,0.0,6.666666666666667,2000,43001,class-stratified identity_component,False,False,fixed parent pairs; adaptively reused development validation; conditional descriptive interval
interaction,1993,2,tail_post_base_macro_recall,-3.846153846153854,-12.0,0.0,2000,43001,class-stratified identity_component,False,False,fixed parent pairs; adaptively reused development validation; conditional descriptive interval
interaction,1994,2,tail_post_base_macro_recall,-3.846153846153854,-12.0,0.0,2000,43001,class-stratified identity_component,False,False,fixed parent pairs; adaptively reused development validation; conditional descriptive interval
interaction,1995,2,tail_post_base_macro_recall,8.333333333333336,0.0,20.0,2000,43001,class-stratified identity_component,False,False,fixed parent pairs; adaptively reused development validation; conditional descriptive interval
interaction,fixed_pair_mean,2,tail_post_base_macro_recall,0.21367521367520936,-6.667948717948718,5.555555555555557,2000,43001,class-stratified identity_component,False,False,fixed parent pairs; adaptively reused development validation; conditional descriptive interval
