candidate,changed,class_id,comparator,corrections,dataset,destructions,n,seed,task,wrong_to_different_wrong
B.J,0,0,G.J,0,ISIC,0,44,1993,1,0
B.J,0,4,G.J,0,ISIC,0,41,1993,1,0
B.J,2,0,G.J,2,ISIC,0,44,1993,2,0
B.J,2,3,G.J,0,ISIC,2,40,1993,2,0
B.J,3,4,G.J,1,ISIC,2,41,1993,2,0
B.J,1,7,G.J,1,ISIC,0,24,1993,2,0
B.J,2,0,G.J,1,ISIC,1,44,1993,3,0
B.J,6,3,G.J,2,ISIC,4,40,1993,3,0
B.J,6,4,G.J,2,ISIC,3,41,1993,3,1
B.J,3,5,G.J,0,ISIC,1,37,1993,3,2
B.J,2,6,G.J,0,ISIC,2,26,1993,3,0
B.J,3,7,G.J,1,ISIC,0,24,1993,3,2
B.J,3,0,G.J,2,ISIC,1,44,1993,4,0
B.J,6,1,G.J,2,ISIC,0,37,1993,4,4
B.J,11,2,G.J,4,ISIC,3,46,1993,4,4
B.J,7,3,G.J,2,ISIC,3,40,1993,4,2
B.J,6,4,G.J,2,ISIC,2,41,1993,4,2
B.J,5,5,G.J,2,ISIC,1,37,1993,4,2
B.J,0,6,G.J,0,ISIC,0,26,1993,4,0
B.J,4,7,G.J,2,ISIC,0,24,1993,4,2
B.J,0,3,G.J,0,ISIC,0,40,1994,1,0
B.J,2,7,G.J,1,ISIC,1,24,1994,1,0
B.J,6,3,G.J,1,ISIC,4,40,1994,2,1
B.J,6,4,G.J,3,ISIC,1,41,1994,2,2
B.J,3,5,G.J,1,ISIC,1,37,1994,2,1
B.J,9,7,G.J,4,ISIC,3,24,1994,2,2
B.J,6,0,G.J,2,ISIC,3,44,1994,3,1
B.J,8,1,G.J,3,ISIC,3,37,1994,3,2
B.J,10,3,G.J,1,ISIC,7,40,1994,3,2
B.J,6,4,G.J,2,ISIC,1,41,1994,3,3
B.J,5,5,G.J,2,ISIC,1,37,1994,3,2
B.J,6,7,G.J,3,ISIC,2,24,1994,3,1
B.J,5,0,G.J,3,ISIC,2,44,1994,4,0
B.J,7,1,G.J,2,ISIC,2,37,1994,4,3
B.J,9,2,G.J,6,ISIC,1,46,1994,4,2
B.J,14,3,G.J,1,ISIC,9,40,1994,4,4
B.J,7,4,G.J,3,ISIC,2,41,1994,4,2
B.J,5,5,G.J,3,ISIC,0,37,1994,4,2
B.J,2,6,G.J,0,ISIC,2,26,1994,4,0
B.J,7,7,G.J,4,ISIC,2,24,1994,4,1
B.J,0,1,G.J,0,ISIC,0,37,1995,1,0
B.J,2,3,G.J,0,ISIC,2,40,1995,1,0
B.J,3,0,G.J,1,ISIC,2,44,1995,2,0
B.J,0,1,G.J,0,ISIC,0,37,1995,2,0
B.J,2,3,G.J,0,ISIC,2,40,1995,2,0
B.J,2,6,G.J,0,ISIC,1,26,1995,2,1
B.J,4,0,G.J,1,ISIC,2,44,1995,3,1
B.J,5,1,G.J,3,ISIC,1,37,1995,3,1
B.J,7,3,G.J,1,ISIC,6,40,1995,3,0
B.J,4,4,G.J,0,ISIC,1,41,1995,3,3
B.J,3,5,G.J,1,ISIC,2,37,1995,3,0
B.J,3,6,G.J,1,ISIC,2,26,1995,3,0
B.J,4,0,G.J,3,ISIC,1,44,1995,4,0
B.J,10,1,G.J,5,ISIC,1,37,1995,4,4
B.J,8,2,G.J,6,ISIC,0,46,1995,4,2
B.J,8,3,G.J,2,ISIC,5,40,1995,4,1
B.J,6,4,G.J,1,ISIC,0,41,1995,4,5
B.J,3,5,G.J,1,ISIC,1,37,1995,4,1
B.J,2,6,G.J,0,ISIC,2,26,1995,4,0
B.J,5,7,G.J,3,ISIC,1,24,1995,4,1
B.J,0,0,F,0,ISIC,0,44,1993,1,0
B.J,0,4,F,0,ISIC,0,41,1993,1,0
B.J,0,0,F,0,ISIC,0,44,1993,2,0
B.J,3,3,F,3,ISIC,0,40,1993,2,0
B.J,2,4,F,0,ISIC,2,41,1993,2,0
B.J,1,7,F,0,ISIC,1,24,1993,2,0
B.J,1,0,F,1,ISIC,0,44,1993,3,0
B.J,4,3,F,2,ISIC,1,40,1993,3,1
B.J,4,4,F,0,ISIC,2,41,1993,3,2
B.J,2,5,F,0,ISIC,1,37,1993,3,1
B.J,2,6,F,0,ISIC,2,26,1993,3,0
B.J,0,7,F,0,ISIC,0,24,1993,3,0
B.J,1,0,F,1,ISIC,0,44,1993,4,0
B.J,2,1,F,2,ISIC,0,37,1993,4,0
B.J,8,2,F,4,ISIC,1,46,1993,4,3
B.J,6,3,F,5,ISIC,0,40,1993,4,1
B.J,3,4,F,0,ISIC,3,41,1993,4,0
B.J,3,5,F,2,ISIC,0,37,1993,4,1
B.J,0,6,F,0,ISIC,0,26,1993,4,0
B.J,2,7,F,1,ISIC,0,24,1993,4,1
B.J,1,3,F,1,ISIC,0,40,1994,1,0
B.J,3,7,F,1,ISIC,2,24,1994,1,0
B.J,2,3,F,1,ISIC,1,40,1994,2,0
B.J,5,4,F,1,ISIC,2,41,1994,2,2
B.J,5,5,F,1,ISIC,3,37,1994,2,1
B.J,5,7,F,1,ISIC,3,24,1994,2,1
B.J,5,0,F,3,ISIC,2,44,1994,3,0
B.J,4,1,F,3,ISIC,0,37,1994,3,1
B.J,7,3,F,3,ISIC,1,40,1994,3,3
B.J,5,4,F,1,ISIC,2,41,1994,3,2
B.J,2,5,F,1,ISIC,0,37,1994,3,1
B.J,3,7,F,1,ISIC,2,24,1994,3,0
B.J,4,0,F,3,ISIC,1,44,1994,4,0
B.J,5,1,F,4,ISIC,1,37,1994,4,0
B.J,10,2,F,8,ISIC,1,46,1994,4,1
B.J,7,3,F,4,ISIC,0,40,1994,4,3
B.J,8,4,F,0,ISIC,5,41,1994,4,3
B.J,2,5,F,1,ISIC,0,37,1994,4,1
B.J,3,6,F,1,ISIC,2,26,1994,4,0
B.J,5,7,F,2,ISIC,3,24,1994,4,0
B.J,0,1,F,0,ISIC,0,37,1995,1,0
B.J,1,3,F,0,ISIC,1,40,1995,1,0
B.J,4,0,F,1,ISIC,2,44,1995,2,1
B.J,0,1,F,0,ISIC,0,37,1995,2,0
B.J,4,3,F,2,ISIC,2,40,1995,2,0
B.J,2,6,F,0,ISIC,2,26,1995,2,0
B.J,3,0,F,1,ISIC,1,44,1995,3,1
B.J,3,1,F,3,ISIC,0,37,1995,3,0
B.J,2,3,F,1,ISIC,0,40,1995,3,1
B.J,5,4,F,0,ISIC,2,41,1995,3,3
B.J,0,5,F,0,ISIC,0,37,1995,3,0
B.J,2,6,F,0,ISIC,2,26,1995,3,0
B.J,5,0,F,4,ISIC,1,44,1995,4,0
B.J,5,1,F,3,ISIC,1,37,1995,4,1
B.J,9,2,F,7,ISIC,1,46,1995,4,1
B.J,4,3,F,3,ISIC,0,40,1995,4,1
B.J,6,4,F,1,ISIC,2,41,1995,4,3
B.J,2,5,F,0,ISIC,1,37,1995,4,1
B.J,3,6,F,0,ISIC,3,26,1995,4,0
B.J,2,7,F,1,ISIC,1,24,1995,4,0
B.V,3,0,G.V,0,ISIC,3,44,1993,1,0
B.V,4,4,G.V,1,ISIC,3,41,1993,1,0
B.V,10,0,G.V,5,ISIC,4,44,1993,2,1
B.V,19,3,G.V,4,ISIC,13,40,1993,2,2
B.V,8,4,G.V,4,ISIC,3,41,1993,2,1
B.V,9,7,G.V,2,ISIC,2,24,1993,2,5
B.V,8,0,G.V,4,ISIC,4,44,1993,3,0
B.V,23,3,G.V,4,ISIC,14,40,1993,3,5
B.V,12,4,G.V,2,ISIC,4,41,1993,3,6
B.V,8,5,G.V,1,ISIC,4,37,1993,3,3
B.V,4,6,G.V,2,ISIC,2,26,1993,3,0
B.V,12,7,G.V,5,ISIC,2,24,1993,3,5
B.V,11,0,G.V,5,ISIC,6,44,1993,4,0
B.V,11,1,G.V,3,ISIC,4,37,1993,4,4
B.V,28,2,G.V,10,ISIC,7,46,1993,4,11
B.V,27,3,G.V,5,ISIC,12,40,1993,4,10
B.V,15,4,G.V,4,ISIC,5,41,1993,4,6
B.V,16,5,G.V,4,ISIC,6,37,1993,4,6
B.V,2,6,G.V,0,ISIC,2,26,1993,4,0
B.V,10,7,G.V,5,ISIC,1,24,1993,4,4
B.V,4,3,G.V,1,ISIC,3,40,1994,1,0
B.V,4,7,G.V,1,ISIC,3,24,1994,1,0
B.V,12,3,G.V,4,ISIC,7,40,1994,2,1
B.V,8,4,G.V,1,ISIC,6,41,1994,2,1
B.V,6,5,G.V,0,ISIC,5,37,1994,2,1
B.V,10,7,G.V,3,ISIC,3,24,1994,2,4
B.V,12,0,G.V,5,ISIC,7,44,1994,3,0
B.V,11,1,G.V,3,ISIC,3,37,1994,3,5
B.V,22,3,G.V,2,ISIC,13,40,1994,3,7
B.V,14,4,G.V,3,ISIC,5,41,1994,3,6
B.V,6,5,G.V,0,ISIC,5,37,1994,3,1
B.V,11,7,G.V,4,ISIC,2,24,1994,3,5
B.V,11,0,G.V,5,ISIC,6,44,1994,4,0
B.V,11,1,G.V,3,ISIC,4,37,1994,4,4
B.V,28,2,G.V,10,ISIC,7,46,1994,4,11
B.V,27,3,G.V,5,ISIC,12,40,1994,4,10
B.V,15,4,G.V,4,ISIC,5,41,1994,4,6
B.V,16,5,G.V,4,ISIC,6,37,1994,4,6
B.V,2,6,G.V,0,ISIC,2,26,1994,4,0
B.V,10,7,G.V,5,ISIC,1,24,1994,4,4
B.V,3,1,G.V,1,ISIC,2,37,1995,1,0
B.V,8,3,G.V,4,ISIC,4,40,1995,1,0
B.V,8,0,G.V,3,ISIC,4,44,1995,2,1
B.V,8,1,G.V,4,ISIC,2,37,1995,2,2
B.V,18,3,G.V,6,ISIC,9,40,1995,2,3
B.V,4,6,G.V,2,ISIC,2,26,1995,2,0
B.V,7,0,G.V,2,ISIC,5,44,1995,3,0
B.V,10,1,G.V,3,ISIC,3,37,1995,3,4
B.V,20,3,G.V,2,ISIC,12,40,1995,3,6
B.V,13,4,G.V,3,ISIC,4,41,1995,3,6
B.V,8,5,G.V,1,ISIC,4,37,1995,3,3
B.V,4,6,G.V,1,ISIC,2,26,1995,3,1
B.V,11,0,G.V,5,ISIC,6,44,1995,4,0
B.V,11,1,G.V,3,ISIC,4,37,1995,4,4
B.V,28,2,G.V,10,ISIC,7,46,1995,4,11
B.V,27,3,G.V,5,ISIC,12,40,1995,4,10
B.V,15,4,G.V,4,ISIC,5,41,1995,4,6
B.V,16,5,G.V,4,ISIC,6,37,1995,4,6
B.V,2,6,G.V,0,ISIC,2,26,1995,4,0
B.V,10,7,G.V,5,ISIC,1,24,1995,4,4
B.Z,10,0,G.Z,7,ISIC,3,44,1993,1,0
B.Z,11,4,G.Z,6,ISIC,5,41,1993,1,0
B.Z,29,0,G.Z,12,ISIC,10,44,1993,2,7
B.Z,29,3,G.Z,2,ISIC,20,40,1993,2,7
B.Z,30,4,G.Z,16,ISIC,0,41,1993,2,14
B.Z,20,7,G.Z,11,ISIC,0,24,1993,2,9
B.Z,31,0,G.Z,13,ISIC,9,44,1993,3,9
B.Z,32,3,G.Z,2,ISIC,19,40,1993,3,11
B.Z,30,4,G.Z,14,ISIC,0,41,1993,3,16
B.Z,33,5,G.Z,8,ISIC,2,37,1993,3,23
B.Z,23,6,G.Z,9,ISIC,2,26,1993,3,12
B.Z,21,7,G.Z,10,ISIC,0,24,1993,3,11
B.Z,29,0,G.Z,11,ISIC,9,44,1993,4,9
B.Z,25,1,G.Z,5,ISIC,6,37,1993,4,14
B.Z,40,2,G.Z,3,ISIC,1,46,1993,4,36
B.Z,32,3,G.Z,2,ISIC,16,40,1993,4,14
B.Z,32,4,G.Z,13,ISIC,0,41,1993,4,19
B.Z,33,5,G.Z,4,ISIC,2,37,1993,4,27
B.Z,22,6,G.Z,5,ISIC,2,26,1993,4,15
B.Z,19,7,G.Z,7,ISIC,0,24,1993,4,12
B.Z,16,3,G.Z,1,ISIC,15,40,1994,1,0
B.Z,16,7,G.Z,16,ISIC,0,24,1994,1,0
B.Z,27,3,G.Z,3,ISIC,17,40,1994,2,7
B.Z,25,4,G.Z,16,ISIC,0,41,1994,2,9
B.Z,28,5,G.Z,7,ISIC,2,37,1994,2,19
B.Z,19,7,G.Z,10,ISIC,0,24,1994,2,9
B.Z,29,0,G.Z,11,ISIC,9,44,1994,3,9
B.Z,24,1,G.Z,6,ISIC,6,37,1994,3,12
B.Z,32,3,G.Z,2,ISIC,16,40,1994,3,14
B.Z,31,4,G.Z,14,ISIC,0,41,1994,3,17
B.Z,30,5,G.Z,7,ISIC,2,37,1994,3,21
B.Z,20,7,G.Z,8,ISIC,0,24,1994,3,12
B.Z,29,0,G.Z,11,ISIC,9,44,1994,4,9
B.Z,25,1,G.Z,5,ISIC,6,37,1994,4,14
B.Z,40,2,G.Z,3,ISIC,1,46,1994,4,36
B.Z,32,3,G.Z,2,ISIC,16,40,1994,4,14
B.Z,32,4,G.Z,13,ISIC,0,41,1994,4,19
B.Z,33,5,G.Z,4,ISIC,2,37,1994,4,27
B.Z,22,6,G.Z,5,ISIC,2,26,1994,4,15
B.Z,19,7,G.Z,7,ISIC,0,24,1994,4,12
B.Z,9,1,G.Z,8,ISIC,1,37,1995,1,0
B.Z,17,3,G.Z,2,ISIC,15,40,1995,1,0
B.Z,22,0,G.Z,12,ISIC,7,44,1995,2,3
B.Z,23,1,G.Z,5,ISIC,7,37,1995,2,11
B.Z,27,3,G.Z,1,ISIC,16,40,1995,2,10
B.Z,18,6,G.Z,17,ISIC,0,26,1995,2,1
B.Z,23,0,G.Z,12,ISIC,7,44,1995,3,4
B.Z,25,1,G.Z,6,ISIC,6,37,1995,3,13
B.Z,32,3,G.Z,2,ISIC,17,40,1995,3,13
B.Z,31,4,G.Z,14,ISIC,0,41,1995,3,17
B.Z,32,5,G.Z,7,ISIC,2,37,1995,3,23
B.Z,20,6,G.Z,17,ISIC,1,26,1995,3,2
B.Z,29,0,G.Z,11,ISIC,9,44,1995,4,9
B.Z,25,1,G.Z,5,ISIC,6,37,1995,4,14
B.Z,40,2,G.Z,3,ISIC,1,46,1995,4,36
B.Z,32,3,G.Z,2,ISIC,16,40,1995,4,14
B.Z,32,4,G.Z,13,ISIC,0,41,1995,4,19
B.Z,33,5,G.Z,4,ISIC,2,37,1995,4,27
B.Z,22,6,G.Z,5,ISIC,2,26,1995,4,15
B.Z,19,7,G.Z,7,ISIC,0,24,1995,4,12
G.L,0,0,G.J,0,ISIC,0,44,1993,1,0
G.L,0,4,G.J,0,ISIC,0,41,1993,1,0
G.L,0,0,G.J,0,ISIC,0,44,1993,2,0
G.L,0,3,G.J,0,ISIC,0,40,1993,2,0
G.L,0,4,G.J,0,ISIC,0,41,1993,2,0
G.L,0,7,G.J,0,ISIC,0,24,1993,2,0
G.L,1,0,G.J,1,ISIC,0,44,1993,3,0
G.L,2,3,G.J,2,ISIC,0,40,1993,3,0
G.L,1,4,G.J,1,ISIC,0,41,1993,3,0
G.L,1,5,G.J,0,ISIC,1,37,1993,3,0
G.L,0,6,G.J,0,ISIC,0,26,1993,3,0
G.L,2,7,G.J,0,ISIC,1,24,1993,3,1
G.L,1,0,G.J,1,ISIC,0,44,1993,4,0
G.L,1,1,G.J,1,ISIC,0,37,1993,4,0
G.L,2,2,G.J,0,ISIC,2,46,1993,4,0
G.L,3,3,G.J,2,ISIC,1,40,1993,4,0
G.L,3,4,G.J,2,ISIC,1,41,1993,4,0
G.L,1,5,G.J,0,ISIC,0,37,1993,4,1
G.L,1,6,G.J,0,ISIC,0,26,1993,4,1
G.L,1,7,G.J,0,ISIC,0,24,1993,4,1
G.L,0,3,G.J,0,ISIC,0,40,1994,1,0
G.L,0,7,G.J,0,ISIC,0,24,1994,1,0
G.L,0,3,G.J,0,ISIC,0,40,1994,2,0
G.L,1,4,G.J,0,ISIC,1,41,1994,2,0
G.L,1,5,G.J,0,ISIC,1,37,1994,2,0
G.L,2,7,G.J,0,ISIC,1,24,1994,2,1
G.L,0,0,G.J,0,ISIC,0,44,1994,3,0
G.L,1,1,G.J,0,ISIC,1,37,1994,3,0
G.L,3,3,G.J,3,ISIC,0,40,1994,3,0
G.L,1,4,G.J,1,ISIC,0,41,1994,3,0
G.L,3,5,G.J,1,ISIC,0,37,1994,3,2
G.L,1,7,G.J,0,ISIC,0,24,1994,3,1
G.L,0,0,G.J,0,ISIC,0,44,1994,4,0
G.L,2,1,G.J,0,ISIC,2,37,1994,4,0
G.L,1,2,G.J,0,ISIC,1,46,1994,4,0
G.L,2,3,G.J,1,ISIC,0,40,1994,4,1
G.L,5,4,G.J,3,ISIC,0,41,1994,4,2
G.L,2,5,G.J,1,ISIC,0,37,1994,4,1
G.L,2,6,G.J,1,ISIC,0,26,1994,4,1
G.L,2,7,G.J,0,ISIC,0,24,1994,4,2
G.L,0,1,G.J,0,ISIC,0,37,1995,1,0
G.L,0,3,G.J,0,ISIC,0,40,1995,1,0
G.L,0,0,G.J,0,ISIC,0,44,1995,2,0
G.L,1,1,G.J,0,ISIC,1,37,1995,2,0
G.L,0,3,G.J,0,ISIC,0,40,1995,2,0
G.L,0,6,G.J,0,ISIC,0,26,1995,2,0
G.L,0,0,G.J,0,ISIC,0,44,1995,3,0
G.L,3,1,G.J,0,ISIC,1,37,1995,3,2
G.L,0,3,G.J,0,ISIC,0,40,1995,3,0
G.L,0,4,G.J,0,ISIC,0,41,1995,3,0
G.L,0,5,G.J,0,ISIC,0,37,1995,3,0
G.L,0,6,G.J,0,ISIC,0,26,1995,3,0
G.L,0,0,G.J,0,ISIC,0,44,1995,4,0
G.L,1,1,G.J,0,ISIC,1,37,1995,4,0
G.L,4,2,G.J,0,ISIC,3,46,1995,4,1
G.L,5,3,G.J,3,ISIC,1,40,1995,4,1
G.L,2,4,G.J,1,ISIC,0,41,1995,4,1
G.L,0,5,G.J,0,ISIC,0,37,1995,4,0
G.L,0,6,G.J,0,ISIC,0,26,1995,4,0
G.L,3,7,G.J,0,ISIC,2,24,1995,4,1
G.R,0,0,G.J,0,ISIC,0,44,1993,1,0
G.R,0,4,G.J,0,ISIC,0,41,1993,1,0
G.R,0,0,G.J,0,ISIC,0,44,1993,2,0
G.R,0,3,G.J,0,ISIC,0,40,1993,2,0
G.R,0,4,G.J,0,ISIC,0,41,1993,2,0
G.R,1,7,G.J,1,ISIC,0,24,1993,2,0
G.R,0,0,G.J,0,ISIC,0,44,1993,3,0
G.R,0,3,G.J,0,ISIC,0,40,1993,3,0
G.R,0,4,G.J,0,ISIC,0,41,1993,3,0
G.R,0,5,G.J,0,ISIC,0,37,1993,3,0
G.R,0,6,G.J,0,ISIC,0,26,1993,3,0
G.R,0,7,G.J,0,ISIC,0,24,1993,3,0
G.R,0,0,G.J,0,ISIC,0,44,1993,4,0
G.R,0,1,G.J,0,ISIC,0,37,1993,4,0
G.R,0,2,G.J,0,ISIC,0,46,1993,4,0
G.R,0,3,G.J,0,ISIC,0,40,1993,4,0
G.R,0,4,G.J,0,ISIC,0,41,1993,4,0
G.R,0,5,G.J,0,ISIC,0,37,1993,4,0
G.R,0,6,G.J,0,ISIC,0,26,1993,4,0
G.R,0,7,G.J,0,ISIC,0,24,1993,4,0
G.R,0,3,G.J,0,ISIC,0,40,1994,1,0
G.R,0,7,G.J,0,ISIC,0,24,1994,1,0
G.R,0,3,G.J,0,ISIC,0,40,1994,2,0
G.R,0,4,G.J,0,ISIC,0,41,1994,2,0
G.R,0,5,G.J,0,ISIC,0,37,1994,2,0
G.R,0,7,G.J,0,ISIC,0,24,1994,2,0
G.R,0,0,G.J,0,ISIC,0,44,1994,3,0
G.R,0,1,G.J,0,ISIC,0,37,1994,3,0
G.R,0,3,G.J,0,ISIC,0,40,1994,3,0
G.R,0,4,G.J,0,ISIC,0,41,1994,3,0
G.R,0,5,G.J,0,ISIC,0,37,1994,3,0
G.R,0,7,G.J,0,ISIC,0,24,1994,3,0
G.R,0,0,G.J,0,ISIC,0,44,1994,4,0
G.R,0,1,G.J,0,ISIC,0,37,1994,4,0
G.R,0,2,G.J,0,ISIC,0,46,1994,4,0
G.R,0,3,G.J,0,ISIC,0,40,1994,4,0
G.R,0,4,G.J,0,ISIC,0,41,1994,4,0
G.R,0,5,G.J,0,ISIC,0,37,1994,4,0
G.R,0,6,G.J,0,ISIC,0,26,1994,4,0
G.R,0,7,G.J,0,ISIC,0,24,1994,4,0
G.R,0,1,G.J,0,ISIC,0,37,1995,1,0
G.R,0,3,G.J,0,ISIC,0,40,1995,1,0
G.R,0,0,G.J,0,ISIC,0,44,1995,2,0
G.R,0,1,G.J,0,ISIC,0,37,1995,2,0
G.R,0,3,G.J,0,ISIC,0,40,1995,2,0
G.R,0,6,G.J,0,ISIC,0,26,1995,2,0
G.R,0,0,G.J,0,ISIC,0,44,1995,3,0
G.R,0,1,G.J,0,ISIC,0,37,1995,3,0
G.R,0,3,G.J,0,ISIC,0,40,1995,3,0
G.R,0,4,G.J,0,ISIC,0,41,1995,3,0
G.R,0,5,G.J,0,ISIC,0,37,1995,3,0
G.R,0,6,G.J,0,ISIC,0,26,1995,3,0
G.R,0,0,G.J,0,ISIC,0,44,1995,4,0
G.R,0,1,G.J,0,ISIC,0,37,1995,4,0
G.R,0,2,G.J,0,ISIC,0,46,1995,4,0
G.R,0,3,G.J,0,ISIC,0,40,1995,4,0
G.R,0,4,G.J,0,ISIC,0,41,1995,4,0
G.R,0,5,G.J,0,ISIC,0,37,1995,4,0
G.R,0,6,G.J,0,ISIC,0,26,1995,4,0
G.R,0,7,G.J,0,ISIC,0,24,1995,4,0
G.J,0,0,F,0,ISIC,0,44,1993,1,0
G.J,0,4,F,0,ISIC,0,41,1993,1,0
G.J,2,0,F,0,ISIC,2,44,1993,2,0
G.J,5,3,F,5,ISIC,0,40,1993,2,0
G.J,1,4,F,0,ISIC,1,41,1993,2,0
G.J,2,7,F,0,ISIC,2,24,1993,2,0
G.J,3,0,F,2,ISIC,1,44,1993,3,0
G.J,6,3,F,4,ISIC,1,40,1993,3,1
G.J,3,4,F,1,ISIC,2,41,1993,3,0
G.J,3,5,F,1,ISIC,1,37,1993,3,1
G.J,0,6,F,0,ISIC,0,26,1993,3,0
G.J,3,7,F,0,ISIC,1,24,1993,3,2
G.J,2,0,F,1,ISIC,1,44,1993,4,0
G.J,6,1,F,1,ISIC,1,37,1993,4,4
G.J,10,2,F,4,ISIC,2,46,1993,4,4
G.J,8,3,F,6,ISIC,0,40,1993,4,2
G.J,5,4,F,0,ISIC,3,41,1993,4,2
G.J,2,5,F,1,ISIC,0,37,1993,4,1
G.J,0,6,F,0,ISIC,0,26,1993,4,0
G.J,3,7,F,0,ISIC,1,24,1993,4,2
G.J,1,3,F,1,ISIC,0,40,1994,1,0
G.J,1,7,F,0,ISIC,1,24,1994,1,0
G.J,6,3,F,4,ISIC,1,40,1994,2,1
G.J,5,4,F,0,ISIC,3,41,1994,2,2
G.J,2,5,F,0,ISIC,2,37,1994,2,0
G.J,6,7,F,1,ISIC,4,24,1994,2,1
G.J,5,0,F,3,ISIC,1,44,1994,3,1
G.J,5,1,F,3,ISIC,0,37,1994,3,2
G.J,12,3,F,9,ISIC,1,40,1994,3,2
G.J,7,4,F,1,ISIC,3,41,1994,3,3
G.J,3,5,F,1,ISIC,1,37,1994,3,1
G.J,5,7,F,1,ISIC,3,24,1994,3,1
G.J,4,0,F,2,ISIC,1,44,1994,4,1
G.J,6,1,F,3,ISIC,0,37,1994,4,3
G.J,8,2,F,4,ISIC,2,46,1994,4,2
G.J,17,3,F,13,ISIC,1,40,1994,4,3
G.J,9,4,F,0,ISIC,6,41,1994,4,3
G.J,3,5,F,0,ISIC,2,37,1994,4,1
G.J,3,6,F,2,ISIC,1,26,1994,4,0
G.J,4,7,F,0,ISIC,3,24,1994,4,1
G.J,0,1,F,0,ISIC,0,37,1995,1,0
G.J,1,3,F,1,ISIC,0,40,1995,1,0
G.J,3,0,F,1,ISIC,1,44,1995,2,1
G.J,0,1,F,0,ISIC,0,37,1995,2,0
G.J,2,3,F,2,ISIC,0,40,1995,2,0
G.J,3,6,F,1,ISIC,2,26,1995,2,0
G.J,2,0,F,1,ISIC,0,44,1995,3,1
G.J,2,1,F,1,ISIC,0,37,1995,3,1
G.J,7,3,F,6,ISIC,0,40,1995,3,1
G.J,5,4,F,1,ISIC,2,41,1995,3,2
G.J,3,5,F,2,ISIC,1,37,1995,3,0
G.J,1,6,F,0,ISIC,1,26,1995,3,0
G.J,3,0,F,2,ISIC,1,44,1995,4,0
G.J,6,1,F,1,ISIC,3,37,1995,4,2
G.J,11,2,F,4,ISIC,4,46,1995,4,3
G.J,8,3,F,6,ISIC,0,40,1995,4,2
G.J,7,4,F,1,ISIC,3,41,1995,4,3
G.J,3,5,F,1,ISIC,2,37,1995,4,0
G.J,1,6,F,0,ISIC,1,26,1995,4,0
G.J,3,7,F,0,ISIC,2,24,1995,4,1
G.J1,0,0,F2,0,ISIC,0,44,1993,1,0
G.J1,0,4,F2,0,ISIC,0,41,1993,1,0
G.J1,1,0,F2,0,ISIC,0,44,1993,2,1
G.J1,3,3,F2,3,ISIC,0,40,1993,2,0
G.J1,1,4,F2,0,ISIC,1,41,1993,2,0
G.J1,1,7,F2,0,ISIC,1,24,1993,2,0
G.J1,2,0,F2,2,ISIC,0,44,1993,3,0
G.J1,4,3,F2,2,ISIC,0,40,1993,3,2
G.J1,6,4,F2,1,ISIC,3,41,1993,3,2
G.J1,2,5,F2,1,ISIC,1,37,1993,3,0
G.J1,0,6,F2,0,ISIC,0,26,1993,3,0
G.J1,3,7,F2,0,ISIC,1,24,1993,3,2
G.J1,1,0,F2,1,ISIC,0,44,1993,4,0
G.J1,4,1,F2,1,ISIC,0,37,1993,4,3
G.J1,8,2,F2,2,ISIC,2,46,1993,4,4
G.J1,11,3,F2,7,ISIC,0,40,1993,4,4
G.J1,6,4,F2,1,ISIC,3,41,1993,4,2
G.J1,1,5,F2,0,ISIC,0,37,1993,4,1
G.J1,0,6,F2,0,ISIC,0,26,1993,4,0
G.J1,2,7,F2,0,ISIC,1,24,1993,4,1
G.J1,2,3,F2,2,ISIC,0,40,1994,1,0
G.J1,3,7,F2,2,ISIC,1,24,1994,1,0
G.J1,7,3,F2,6,ISIC,0,40,1994,2,1
G.J1,8,4,F2,2,ISIC,4,41,1994,2,2
G.J1,3,5,F2,1,ISIC,2,37,1994,2,0
G.J1,6,7,F2,2,ISIC,2,24,1994,2,2
G.J1,2,0,F2,2,ISIC,0,44,1994,3,0
G.J1,5,1,F2,3,ISIC,1,37,1994,3,1
G.J1,11,3,F2,8,ISIC,1,40,1994,3,2
G.J1,7,4,F2,1,ISIC,3,41,1994,3,3
G.J1,5,5,F2,2,ISIC,2,37,1994,3,1
G.J1,3,7,F2,0,ISIC,1,24,1994,3,2
G.J1,2,0,F2,1,ISIC,0,44,1994,4,1
G.J1,4,1,F2,2,ISIC,0,37,1994,4,2
G.J1,6,2,F2,4,ISIC,1,46,1994,4,1
G.J1,15,3,F2,8,ISIC,1,40,1994,4,6
G.J1,8,4,F2,1,ISIC,4,41,1994,4,3
G.J1,4,5,F2,1,ISIC,2,37,1994,4,1
G.J1,1,6,F2,1,ISIC,0,26,1994,4,0
G.J1,5,7,F2,0,ISIC,3,24,1994,4,2
G.J1,1,1,F2,1,ISIC,0,37,1995,1,0
G.J1,2,3,F2,2,ISIC,0,40,1995,1,0
G.J1,3,0,F2,1,ISIC,1,44,1995,2,1
G.J1,1,1,F2,0,ISIC,1,37,1995,2,0
G.J1,3,3,F2,3,ISIC,0,40,1995,2,0
G.J1,1,6,F2,0,ISIC,1,26,1995,2,0
G.J1,4,0,F2,3,ISIC,0,44,1995,3,1
G.J1,1,1,F2,0,ISIC,0,37,1995,3,1
G.J1,9,3,F2,8,ISIC,0,40,1995,3,1
G.J1,5,4,F2,2,ISIC,2,41,1995,3,1
G.J1,2,5,F2,1,ISIC,1,37,1995,3,0
G.J1,0,6,F2,0,ISIC,0,26,1995,3,0
G.J1,5,0,F2,3,ISIC,1,44,1995,4,1
G.J1,6,1,F2,2,ISIC,3,37,1995,4,1
G.J1,7,2,F2,3,ISIC,1,46,1995,4,3
G.J1,7,3,F2,4,ISIC,1,40,1995,4,2
G.J1,10,4,F2,1,ISIC,5,41,1995,4,4
G.J1,1,5,F2,0,ISIC,1,37,1995,4,0
G.J1,1,6,F2,0,ISIC,1,26,1995,4,0
G.J1,4,7,F2,0,ISIC,2,24,1995,4,2
G.R-no-gate,0,0,G.R,0,ISIC,0,44,1993,1,0
G.R-no-gate,0,4,G.R,0,ISIC,0,41,1993,1,0
G.R-no-gate,0,0,G.R,0,ISIC,0,44,1993,2,0
G.R-no-gate,0,3,G.R,0,ISIC,0,40,1993,2,0
G.R-no-gate,0,4,G.R,0,ISIC,0,41,1993,2,0
G.R-no-gate,0,7,G.R,0,ISIC,0,24,1993,2,0
G.R-no-gate,0,0,G.R,0,ISIC,0,44,1993,3,0
G.R-no-gate,0,3,G.R,0,ISIC,0,40,1993,3,0
G.R-no-gate,0,4,G.R,0,ISIC,0,41,1993,3,0
G.R-no-gate,1,5,G.R,1,ISIC,0,37,1993,3,0
G.R-no-gate,0,6,G.R,0,ISIC,0,26,1993,3,0
G.R-no-gate,0,7,G.R,0,ISIC,0,24,1993,3,0
G.R-no-gate,0,0,G.R,0,ISIC,0,44,1993,4,0
G.R-no-gate,0,1,G.R,0,ISIC,0,37,1993,4,0
G.R-no-gate,3,2,G.R,2,ISIC,1,46,1993,4,0
G.R-no-gate,0,3,G.R,0,ISIC,0,40,1993,4,0
G.R-no-gate,0,4,G.R,0,ISIC,0,41,1993,4,0
G.R-no-gate,1,5,G.R,0,ISIC,0,37,1993,4,1
G.R-no-gate,0,6,G.R,0,ISIC,0,26,1993,4,0
G.R-no-gate,0,7,G.R,0,ISIC,0,24,1993,4,0
G.R-no-gate,0,3,G.R,0,ISIC,0,40,1994,1,0
G.R-no-gate,0,7,G.R,0,ISIC,0,24,1994,1,0
G.R-no-gate,0,3,G.R,0,ISIC,0,40,1994,2,0
G.R-no-gate,0,4,G.R,0,ISIC,0,41,1994,2,0
G.R-no-gate,0,5,G.R,0,ISIC,0,37,1994,2,0
G.R-no-gate,2,7,G.R,2,ISIC,0,24,1994,2,0
G.R-no-gate,0,0,G.R,0,ISIC,0,44,1994,3,0
G.R-no-gate,0,1,G.R,0,ISIC,0,37,1994,3,0
G.R-no-gate,0,3,G.R,0,ISIC,0,40,1994,3,0
G.R-no-gate,0,4,G.R,0,ISIC,0,41,1994,3,0
G.R-no-gate,0,5,G.R,0,ISIC,0,37,1994,3,0
G.R-no-gate,0,7,G.R,0,ISIC,0,24,1994,3,0
G.R-no-gate,0,0,G.R,0,ISIC,0,44,1994,4,0
G.R-no-gate,1,1,G.R,0,ISIC,1,37,1994,4,0
G.R-no-gate,0,2,G.R,0,ISIC,0,46,1994,4,0
G.R-no-gate,0,3,G.R,0,ISIC,0,40,1994,4,0
G.R-no-gate,1,4,G.R,0,ISIC,0,41,1994,4,1
G.R-no-gate,1,5,G.R,1,ISIC,0,37,1994,4,0
G.R-no-gate,0,6,G.R,0,ISIC,0,26,1994,4,0
G.R-no-gate,0,7,G.R,0,ISIC,0,24,1994,4,0
G.R-no-gate,0,1,G.R,0,ISIC,0,37,1995,1,0
G.R-no-gate,0,3,G.R,0,ISIC,0,40,1995,1,0
G.R-no-gate,0,0,G.R,0,ISIC,0,44,1995,2,0
G.R-no-gate,0,1,G.R,0,ISIC,0,37,1995,2,0
G.R-no-gate,0,3,G.R,0,ISIC,0,40,1995,2,0
G.R-no-gate,0,6,G.R,0,ISIC,0,26,1995,2,0
G.R-no-gate,0,0,G.R,0,ISIC,0,44,1995,3,0
G.R-no-gate,0,1,G.R,0,ISIC,0,37,1995,3,0
G.R-no-gate,0,3,G.R,0,ISIC,0,40,1995,3,0
G.R-no-gate,0,4,G.R,0,ISIC,0,41,1995,3,0
G.R-no-gate,0,5,G.R,0,ISIC,0,37,1995,3,0
G.R-no-gate,1,6,G.R,1,ISIC,0,26,1995,3,0
G.R-no-gate,0,0,G.R,0,ISIC,0,44,1995,4,0
G.R-no-gate,0,1,G.R,0,ISIC,0,37,1995,4,0
G.R-no-gate,0,2,G.R,0,ISIC,0,46,1995,4,0
G.R-no-gate,0,3,G.R,0,ISIC,0,40,1995,4,0
G.R-no-gate,0,4,G.R,0,ISIC,0,41,1995,4,0
G.R-no-gate,0,5,G.R,0,ISIC,0,37,1995,4,0
G.R-no-gate,0,6,G.R,0,ISIC,0,26,1995,4,0
G.R-no-gate,0,7,G.R,0,ISIC,0,24,1995,4,0
G.R-identity,0,0,G.R,0,ISIC,0,44,1993,1,0
G.R-identity,0,4,G.R,0,ISIC,0,41,1993,1,0
G.R-identity,0,0,G.R,0,ISIC,0,44,1993,2,0
G.R-identity,0,3,G.R,0,ISIC,0,40,1993,2,0
G.R-identity,0,4,G.R,0,ISIC,0,41,1993,2,0
G.R-identity,0,7,G.R,0,ISIC,0,24,1993,2,0
G.R-identity,0,0,G.R,0,ISIC,0,44,1993,3,0
G.R-identity,0,3,G.R,0,ISIC,0,40,1993,3,0
G.R-identity,0,4,G.R,0,ISIC,0,41,1993,3,0
G.R-identity,0,5,G.R,0,ISIC,0,37,1993,3,0
G.R-identity,0,6,G.R,0,ISIC,0,26,1993,3,0
G.R-identity,0,7,G.R,0,ISIC,0,24,1993,3,0
G.R-identity,0,0,G.R,0,ISIC,0,44,1993,4,0
G.R-identity,0,1,G.R,0,ISIC,0,37,1993,4,0
G.R-identity,0,2,G.R,0,ISIC,0,46,1993,4,0
G.R-identity,0,3,G.R,0,ISIC,0,40,1993,4,0
G.R-identity,0,4,G.R,0,ISIC,0,41,1993,4,0
G.R-identity,0,5,G.R,0,ISIC,0,37,1993,4,0
G.R-identity,0,6,G.R,0,ISIC,0,26,1993,4,0
G.R-identity,0,7,G.R,0,ISIC,0,24,1993,4,0
G.R-identity,0,3,G.R,0,ISIC,0,40,1994,1,0
G.R-identity,0,7,G.R,0,ISIC,0,24,1994,1,0
G.R-identity,0,3,G.R,0,ISIC,0,40,1994,2,0
G.R-identity,0,4,G.R,0,ISIC,0,41,1994,2,0
G.R-identity,0,5,G.R,0,ISIC,0,37,1994,2,0
G.R-identity,0,7,G.R,0,ISIC,0,24,1994,2,0
G.R-identity,0,0,G.R,0,ISIC,0,44,1994,3,0
G.R-identity,0,1,G.R,0,ISIC,0,37,1994,3,0
G.R-identity,0,3,G.R,0,ISIC,0,40,1994,3,0
G.R-identity,0,4,G.R,0,ISIC,0,41,1994,3,0
G.R-identity,0,5,G.R,0,ISIC,0,37,1994,3,0
G.R-identity,0,7,G.R,0,ISIC,0,24,1994,3,0
G.R-identity,0,0,G.R,0,ISIC,0,44,1994,4,0
G.R-identity,0,1,G.R,0,ISIC,0,37,1994,4,0
G.R-identity,0,2,G.R,0,ISIC,0,46,1994,4,0
G.R-identity,0,3,G.R,0,ISIC,0,40,1994,4,0
G.R-identity,0,4,G.R,0,ISIC,0,41,1994,4,0
G.R-identity,0,5,G.R,0,ISIC,0,37,1994,4,0
G.R-identity,0,6,G.R,0,ISIC,0,26,1994,4,0
G.R-identity,0,7,G.R,0,ISIC,0,24,1994,4,0
G.R-identity,0,1,G.R,0,ISIC,0,37,1995,1,0
G.R-identity,0,3,G.R,0,ISIC,0,40,1995,1,0
G.R-identity,0,0,G.R,0,ISIC,0,44,1995,2,0
G.R-identity,0,1,G.R,0,ISIC,0,37,1995,2,0
G.R-identity,0,3,G.R,0,ISIC,0,40,1995,2,0
G.R-identity,0,6,G.R,0,ISIC,0,26,1995,2,0
G.R-identity,0,0,G.R,0,ISIC,0,44,1995,3,0
G.R-identity,0,1,G.R,0,ISIC,0,37,1995,3,0
G.R-identity,0,3,G.R,0,ISIC,0,40,1995,3,0
G.R-identity,0,4,G.R,0,ISIC,0,41,1995,3,0
G.R-identity,0,5,G.R,0,ISIC,0,37,1995,3,0
G.R-identity,0,6,G.R,0,ISIC,0,26,1995,3,0
G.R-identity,0,0,G.R,0,ISIC,0,44,1995,4,0
G.R-identity,0,1,G.R,0,ISIC,0,37,1995,4,0
G.R-identity,0,2,G.R,0,ISIC,0,46,1995,4,0
G.R-identity,0,3,G.R,0,ISIC,0,40,1995,4,0
G.R-identity,0,4,G.R,0,ISIC,0,41,1995,4,0
G.R-identity,0,5,G.R,0,ISIC,0,37,1995,4,0
G.R-identity,0,6,G.R,0,ISIC,0,26,1995,4,0
G.R-identity,0,7,G.R,0,ISIC,0,24,1995,4,0
G.R-zero-prior,0,0,G.R,0,ISIC,0,44,1993,1,0
G.R-zero-prior,0,4,G.R,0,ISIC,0,41,1993,1,0
G.R-zero-prior,0,0,G.R,0,ISIC,0,44,1993,2,0
G.R-zero-prior,0,3,G.R,0,ISIC,0,40,1993,2,0
G.R-zero-prior,0,4,G.R,0,ISIC,0,41,1993,2,0
G.R-zero-prior,0,7,G.R,0,ISIC,0,24,1993,2,0
G.R-zero-prior,0,0,G.R,0,ISIC,0,44,1993,3,0
G.R-zero-prior,0,3,G.R,0,ISIC,0,40,1993,3,0
G.R-zero-prior,0,4,G.R,0,ISIC,0,41,1993,3,0
G.R-zero-prior,0,5,G.R,0,ISIC,0,37,1993,3,0
G.R-zero-prior,0,6,G.R,0,ISIC,0,26,1993,3,0
G.R-zero-prior,0,7,G.R,0,ISIC,0,24,1993,3,0
G.R-zero-prior,0,0,G.R,0,ISIC,0,44,1993,4,0
G.R-zero-prior,0,1,G.R,0,ISIC,0,37,1993,4,0
G.R-zero-prior,0,2,G.R,0,ISIC,0,46,1993,4,0
G.R-zero-prior,0,3,G.R,0,ISIC,0,40,1993,4,0
G.R-zero-prior,0,4,G.R,0,ISIC,0,41,1993,4,0
G.R-zero-prior,0,5,G.R,0,ISIC,0,37,1993,4,0
G.R-zero-prior,0,6,G.R,0,ISIC,0,26,1993,4,0
G.R-zero-prior,0,7,G.R,0,ISIC,0,24,1993,4,0
G.R-zero-prior,0,3,G.R,0,ISIC,0,40,1994,1,0
G.R-zero-prior,0,7,G.R,0,ISIC,0,24,1994,1,0
G.R-zero-prior,0,3,G.R,0,ISIC,0,40,1994,2,0
G.R-zero-prior,0,4,G.R,0,ISIC,0,41,1994,2,0
G.R-zero-prior,0,5,G.R,0,ISIC,0,37,1994,2,0
G.R-zero-prior,0,7,G.R,0,ISIC,0,24,1994,2,0
G.R-zero-prior,0,0,G.R,0,ISIC,0,44,1994,3,0
G.R-zero-prior,0,1,G.R,0,ISIC,0,37,1994,3,0
G.R-zero-prior,0,3,G.R,0,ISIC,0,40,1994,3,0
G.R-zero-prior,0,4,G.R,0,ISIC,0,41,1994,3,0
G.R-zero-prior,0,5,G.R,0,ISIC,0,37,1994,3,0
G.R-zero-prior,0,7,G.R,0,ISIC,0,24,1994,3,0
G.R-zero-prior,0,0,G.R,0,ISIC,0,44,1994,4,0
G.R-zero-prior,0,1,G.R,0,ISIC,0,37,1994,4,0
G.R-zero-prior,0,2,G.R,0,ISIC,0,46,1994,4,0
G.R-zero-prior,0,3,G.R,0,ISIC,0,40,1994,4,0
G.R-zero-prior,0,4,G.R,0,ISIC,0,41,1994,4,0
G.R-zero-prior,0,5,G.R,0,ISIC,0,37,1994,4,0
G.R-zero-prior,0,6,G.R,0,ISIC,0,26,1994,4,0
G.R-zero-prior,0,7,G.R,0,ISIC,0,24,1994,4,0
G.R-zero-prior,0,1,G.R,0,ISIC,0,37,1995,1,0
G.R-zero-prior,0,3,G.R,0,ISIC,0,40,1995,1,0
G.R-zero-prior,0,0,G.R,0,ISIC,0,44,1995,2,0
G.R-zero-prior,0,1,G.R,0,ISIC,0,37,1995,2,0
G.R-zero-prior,0,3,G.R,0,ISIC,0,40,1995,2,0
G.R-zero-prior,0,6,G.R,0,ISIC,0,26,1995,2,0
G.R-zero-prior,0,0,G.R,0,ISIC,0,44,1995,3,0
G.R-zero-prior,0,1,G.R,0,ISIC,0,37,1995,3,0
G.R-zero-prior,0,3,G.R,0,ISIC,0,40,1995,3,0
G.R-zero-prior,0,4,G.R,0,ISIC,0,41,1995,3,0
G.R-zero-prior,0,5,G.R,0,ISIC,0,37,1995,3,0
G.R-zero-prior,0,6,G.R,0,ISIC,0,26,1995,3,0
G.R-zero-prior,0,0,G.R,0,ISIC,0,44,1995,4,0
G.R-zero-prior,0,1,G.R,0,ISIC,0,37,1995,4,0
G.R-zero-prior,0,2,G.R,0,ISIC,0,46,1995,4,0
G.R-zero-prior,0,3,G.R,0,ISIC,0,40,1995,4,0
G.R-zero-prior,0,4,G.R,0,ISIC,0,41,1995,4,0
G.R-zero-prior,0,5,G.R,0,ISIC,0,37,1995,4,0
G.R-zero-prior,0,6,G.R,0,ISIC,0,26,1995,4,0
G.R-zero-prior,0,7,G.R,0,ISIC,0,24,1995,4,0
G.L,0,0,G.L-permute,0,ISIC,0,44,1993,1,0
G.L,0,4,G.L-permute,0,ISIC,0,41,1993,1,0
G.L,0,0,G.L-permute,0,ISIC,0,44,1993,2,0
G.L,1,3,G.L-permute,0,ISIC,1,40,1993,2,0
G.L,0,4,G.L-permute,0,ISIC,0,41,1993,2,0
G.L,0,7,G.L-permute,0,ISIC,0,24,1993,2,0
G.L,2,0,G.L-permute,2,ISIC,0,44,1993,3,0
G.L,2,3,G.L-permute,1,ISIC,1,40,1993,3,0
G.L,3,4,G.L-permute,1,ISIC,2,41,1993,3,0
G.L,1,5,G.L-permute,0,ISIC,1,37,1993,3,0
G.L,0,6,G.L-permute,0,ISIC,0,26,1993,3,0
G.L,2,7,G.L-permute,0,ISIC,1,24,1993,3,1
G.L,2,0,G.L-permute,2,ISIC,0,44,1993,4,0
G.L,4,1,G.L-permute,0,ISIC,2,37,1993,4,2
G.L,2,2,G.L-permute,0,ISIC,0,46,1993,4,2
G.L,3,3,G.L-permute,2,ISIC,0,40,1993,4,1
G.L,6,4,G.L-permute,1,ISIC,3,41,1993,4,2
G.L,0,5,G.L-permute,0,ISIC,0,37,1993,4,0
G.L,0,6,G.L-permute,0,ISIC,0,26,1993,4,0
G.L,1,7,G.L-permute,0,ISIC,0,24,1993,4,1
G.L,0,3,G.L-permute,0,ISIC,0,40,1994,1,0
G.L,2,7,G.L-permute,0,ISIC,2,24,1994,1,0
G.L,2,3,G.L-permute,2,ISIC,0,40,1994,2,0
G.L,1,4,G.L-permute,0,ISIC,1,41,1994,2,0
G.L,1,5,G.L-permute,0,ISIC,1,37,1994,2,0
G.L,4,7,G.L-permute,0,ISIC,3,24,1994,2,1
G.L,0,0,G.L-permute,0,ISIC,0,44,1994,3,0
G.L,5,1,G.L-permute,0,ISIC,3,37,1994,3,2
G.L,5,3,G.L-permute,4,ISIC,1,40,1994,3,0
G.L,1,4,G.L-permute,1,ISIC,0,41,1994,3,0
G.L,3,5,G.L-permute,1,ISIC,0,37,1994,3,2
G.L,1,7,G.L-permute,0,ISIC,0,24,1994,3,1
G.L,1,0,G.L-permute,0,ISIC,1,44,1994,4,0
G.L,2,1,G.L-permute,0,ISIC,1,37,1994,4,1
G.L,4,2,G.L-permute,1,ISIC,3,46,1994,4,0
G.L,5,3,G.L-permute,5,ISIC,0,40,1994,4,0
G.L,7,4,G.L-permute,2,ISIC,1,41,1994,4,4
G.L,2,5,G.L-permute,1,ISIC,0,37,1994,4,1
G.L,2,6,G.L-permute,1,ISIC,0,26,1994,4,1
G.L,2,7,G.L-permute,0,ISIC,0,24,1994,4,2
G.L,0,1,G.L-permute,0,ISIC,0,37,1995,1,0
G.L,1,3,G.L-permute,1,ISIC,0,40,1995,1,0
G.L,1,0,G.L-permute,1,ISIC,0,44,1995,2,0
G.L,2,1,G.L-permute,0,ISIC,2,37,1995,2,0
G.L,0,3,G.L-permute,0,ISIC,0,40,1995,2,0
G.L,1,6,G.L-permute,1,ISIC,0,26,1995,2,0
G.L,2,0,G.L-permute,2,ISIC,0,44,1995,3,0
G.L,3,1,G.L-permute,0,ISIC,1,37,1995,3,2
G.L,2,3,G.L-permute,1,ISIC,1,40,1995,3,0
G.L,1,4,G.L-permute,0,ISIC,1,41,1995,3,0
G.L,0,5,G.L-permute,0,ISIC,0,37,1995,3,0
G.L,1,6,G.L-permute,1,ISIC,0,26,1995,3,0
G.L,1,0,G.L-permute,1,ISIC,0,44,1995,4,0
G.L,4,1,G.L-permute,0,ISIC,2,37,1995,4,2
G.L,4,2,G.L-permute,1,ISIC,1,46,1995,4,2
G.L,6,3,G.L-permute,4,ISIC,2,40,1995,4,0
G.L,5,4,G.L-permute,0,ISIC,2,41,1995,4,3
G.L,0,5,G.L-permute,0,ISIC,0,37,1995,4,0
G.L,1,6,G.L-permute,1,ISIC,0,26,1995,4,0
G.L,3,7,G.L-permute,0,ISIC,2,24,1995,4,1
G.template-0,10,0,G.template-1,0,ISIC,10,44,1993,1,0
G.template-0,0,4,G.template-1,0,ISIC,0,41,1993,1,0
G.template-0,23,0,G.template-1,0,ISIC,17,44,1993,2,6
G.template-0,9,3,G.template-1,8,ISIC,0,40,1993,2,1
G.template-0,6,4,G.template-1,0,ISIC,2,41,1993,2,4
G.template-0,5,7,G.template-1,0,ISIC,0,24,1993,2,5
G.template-0,22,0,G.template-1,0,ISIC,16,44,1993,3,6
G.template-0,7,3,G.template-1,5,ISIC,0,40,1993,3,2
G.template-0,4,4,G.template-1,0,ISIC,1,41,1993,3,3
G.template-0,14,5,G.template-1,0,ISIC,2,37,1993,3,12
G.template-0,8,6,G.template-1,1,ISIC,0,26,1993,3,7
G.template-0,4,7,G.template-1,0,ISIC,0,24,1993,3,4
G.template-0,15,0,G.template-1,0,ISIC,8,44,1993,4,7
G.template-0,10,1,G.template-1,4,ISIC,0,37,1993,4,6
G.template-0,20,2,G.template-1,0,ISIC,7,46,1993,4,13
G.template-0,9,3,G.template-1,3,ISIC,1,40,1993,4,5
G.template-0,6,4,G.template-1,0,ISIC,1,41,1993,4,5
G.template-0,14,5,G.template-1,0,ISIC,1,37,1993,4,13
G.template-0,9,6,G.template-1,1,ISIC,0,26,1993,4,8
G.template-0,5,7,G.template-1,0,ISIC,0,24,1993,4,5
G.template-0,3,3,G.template-1,3,ISIC,0,40,1994,1,0
G.template-0,2,7,G.template-1,0,ISIC,2,24,1994,1,0
G.template-0,3,3,G.template-1,3,ISIC,0,40,1994,2,0
G.template-0,4,4,G.template-1,0,ISIC,1,41,1994,2,3
G.template-0,6,5,G.template-1,0,ISIC,2,37,1994,2,4
G.template-0,5,7,G.template-1,0,ISIC,1,24,1994,2,4
G.template-0,14,0,G.template-1,0,ISIC,8,44,1994,3,6
G.template-0,10,1,G.template-1,4,ISIC,0,37,1994,3,6
G.template-0,9,3,G.template-1,3,ISIC,1,40,1994,3,5
G.template-0,4,4,G.template-1,0,ISIC,1,41,1994,3,3
G.template-0,12,5,G.template-1,0,ISIC,2,37,1994,3,10
G.template-0,4,7,G.template-1,0,ISIC,0,24,1994,3,4
G.template-0,15,0,G.template-1,0,ISIC,8,44,1994,4,7
G.template-0,10,1,G.template-1,4,ISIC,0,37,1994,4,6
G.template-0,20,2,G.template-1,0,ISIC,7,46,1994,4,13
G.template-0,9,3,G.template-1,3,ISIC,1,40,1994,4,5
G.template-0,6,4,G.template-1,0,ISIC,1,41,1994,4,5
G.template-0,14,5,G.template-1,0,ISIC,1,37,1994,4,13
G.template-0,9,6,G.template-1,1,ISIC,0,26,1994,4,8
G.template-0,5,7,G.template-1,0,ISIC,0,24,1994,4,5
G.template-0,2,1,G.template-1,0,ISIC,2,37,1995,1,0
G.template-0,5,3,G.template-1,0,ISIC,5,40,1995,1,0
G.template-0,13,0,G.template-1,0,ISIC,9,44,1995,2,4
G.template-0,7,1,G.template-1,3,ISIC,1,37,1995,2,3
G.template-0,10,3,G.template-1,5,ISIC,3,40,1995,2,2
G.template-0,5,6,G.template-1,1,ISIC,1,26,1995,2,3
G.template-0,13,0,G.template-1,0,ISIC,8,44,1995,3,5
G.template-0,8,1,G.template-1,4,ISIC,0,37,1995,3,4
G.template-0,11,3,G.template-1,3,ISIC,2,40,1995,3,6
G.template-0,3,4,G.template-1,0,ISIC,1,41,1995,3,2
G.template-0,14,5,G.template-1,0,ISIC,2,37,1995,3,12
G.template-0,7,6,G.template-1,1,ISIC,0,26,1995,3,6
G.template-0,15,0,G.template-1,0,ISIC,8,44,1995,4,7
G.template-0,10,1,G.template-1,4,ISIC,0,37,1995,4,6
G.template-0,20,2,G.template-1,0,ISIC,7,46,1995,4,13
G.template-0,9,3,G.template-1,3,ISIC,1,40,1995,4,5
G.template-0,6,4,G.template-1,0,ISIC,1,41,1995,4,5
G.template-0,14,5,G.template-1,0,ISIC,1,37,1995,4,13
G.template-0,9,6,G.template-1,1,ISIC,0,26,1995,4,8
G.template-0,5,7,G.template-1,0,ISIC,0,24,1995,4,5
B.L,0,0,B.J,0,ISIC,0,44,1993,1,0
B.L,1,4,B.J,0,ISIC,1,41,1993,1,0
B.L,0,0,B.J,0,ISIC,0,44,1993,2,0
B.L,0,3,B.J,0,ISIC,0,40,1993,2,0
B.L,1,4,B.J,0,ISIC,0,41,1993,2,1
B.L,0,7,B.J,0,ISIC,0,24,1993,2,0
B.L,0,0,B.J,0,ISIC,0,44,1993,3,0
B.L,1,3,B.J,1,ISIC,0,40,1993,3,0
B.L,2,4,B.J,1,ISIC,0,41,1993,3,1
B.L,0,5,B.J,0,ISIC,0,37,1993,3,0
B.L,0,6,B.J,0,ISIC,0,26,1993,3,0
B.L,0,7,B.J,0,ISIC,0,24,1993,3,0
B.L,0,0,B.J,0,ISIC,0,44,1993,4,0
B.L,2,1,B.J,1,ISIC,1,37,1993,4,0
B.L,1,2,B.J,0,ISIC,0,46,1993,4,1
B.L,2,3,B.J,0,ISIC,2,40,1993,4,0
B.L,2,4,B.J,1,ISIC,1,41,1993,4,0
B.L,1,5,B.J,0,ISIC,1,37,1993,4,0
B.L,0,6,B.J,0,ISIC,0,26,1993,4,0
B.L,0,7,B.J,0,ISIC,0,24,1993,4,0
B.L,0,3,B.J,0,ISIC,0,40,1994,1,0
B.L,1,7,B.J,1,ISIC,0,24,1994,1,0
B.L,0,3,B.J,0,ISIC,0,40,1994,2,0
B.L,1,4,B.J,0,ISIC,1,41,1994,2,0
B.L,1,5,B.J,0,ISIC,1,37,1994,2,0
B.L,0,7,B.J,0,ISIC,0,24,1994,2,0
B.L,1,0,B.J,1,ISIC,0,44,1994,3,0
B.L,1,1,B.J,0,ISIC,1,37,1994,3,0
B.L,4,3,B.J,1,ISIC,2,40,1994,3,1
B.L,1,4,B.J,0,ISIC,0,41,1994,3,1
B.L,3,5,B.J,1,ISIC,0,37,1994,3,2
B.L,2,7,B.J,0,ISIC,0,24,1994,3,2
B.L,1,0,B.J,1,ISIC,0,44,1994,4,0
B.L,3,1,B.J,0,ISIC,2,37,1994,4,1
B.L,3,2,B.J,0,ISIC,3,46,1994,4,0
B.L,0,3,B.J,0,ISIC,0,40,1994,4,0
B.L,4,4,B.J,3,ISIC,0,41,1994,4,1
B.L,2,5,B.J,0,ISIC,0,37,1994,4,2
B.L,0,6,B.J,0,ISIC,0,26,1994,4,0
B.L,0,7,B.J,0,ISIC,0,24,1994,4,0
B.L,0,1,B.J,0,ISIC,0,37,1995,1,0
B.L,0,3,B.J,0,ISIC,0,40,1995,1,0
B.L,1,0,B.J,1,ISIC,0,44,1995,2,0
B.L,1,1,B.J,1,ISIC,0,37,1995,2,0
B.L,0,3,B.J,0,ISIC,0,40,1995,2,0
B.L,0,6,B.J,0,ISIC,0,26,1995,2,0
B.L,1,0,B.J,1,ISIC,0,44,1995,3,0
B.L,0,1,B.J,0,ISIC,0,37,1995,3,0
B.L,3,3,B.J,1,ISIC,2,40,1995,3,0
B.L,3,4,B.J,1,ISIC,0,41,1995,3,2
B.L,1,5,B.J,0,ISIC,1,37,1995,3,0
B.L,1,6,B.J,0,ISIC,1,26,1995,3,0
B.L,1,0,B.J,1,ISIC,0,44,1995,4,0
B.L,1,1,B.J,0,ISIC,1,37,1995,4,0
B.L,5,2,B.J,4,ISIC,1,46,1995,4,0
B.L,3,3,B.J,2,ISIC,1,40,1995,4,0
B.L,3,4,B.J,1,ISIC,1,41,1995,4,1
B.L,0,5,B.J,0,ISIC,0,37,1995,4,0
B.L,1,6,B.J,1,ISIC,0,26,1995,4,0
B.L,1,7,B.J,1,ISIC,0,24,1995,4,0
B.R,0,0,B.J,0,ISIC,0,44,1993,1,0
B.R,0,4,B.J,0,ISIC,0,41,1993,1,0
B.R,0,0,B.J,0,ISIC,0,44,1993,2,0
B.R,0,3,B.J,0,ISIC,0,40,1993,2,0
B.R,0,4,B.J,0,ISIC,0,41,1993,2,0
B.R,0,7,B.J,0,ISIC,0,24,1993,2,0
B.R,0,0,B.J,0,ISIC,0,44,1993,3,0
B.R,0,3,B.J,0,ISIC,0,40,1993,3,0
B.R,0,4,B.J,0,ISIC,0,41,1993,3,0
B.R,0,5,B.J,0,ISIC,0,37,1993,3,0
B.R,0,6,B.J,0,ISIC,0,26,1993,3,0
B.R,0,7,B.J,0,ISIC,0,24,1993,3,0
B.R,0,0,B.J,0,ISIC,0,44,1993,4,0
B.R,1,1,B.J,0,ISIC,1,37,1993,4,0
B.R,0,2,B.J,0,ISIC,0,46,1993,4,0
B.R,0,3,B.J,0,ISIC,0,40,1993,4,0
B.R,0,4,B.J,0,ISIC,0,41,1993,4,0
B.R,0,5,B.J,0,ISIC,0,37,1993,4,0
B.R,0,6,B.J,0,ISIC,0,26,1993,4,0
B.R,0,7,B.J,0,ISIC,0,24,1993,4,0
B.R,0,3,B.J,0,ISIC,0,40,1994,1,0
B.R,0,7,B.J,0,ISIC,0,24,1994,1,0
B.R,0,3,B.J,0,ISIC,0,40,1994,2,0
B.R,0,4,B.J,0,ISIC,0,41,1994,2,0
B.R,0,5,B.J,0,ISIC,0,37,1994,2,0
B.R,0,7,B.J,0,ISIC,0,24,1994,2,0
B.R,0,0,B.J,0,ISIC,0,44,1994,3,0
B.R,0,1,B.J,0,ISIC,0,37,1994,3,0
B.R,0,3,B.J,0,ISIC,0,40,1994,3,0
B.R,0,4,B.J,0,ISIC,0,41,1994,3,0
B.R,0,5,B.J,0,ISIC,0,37,1994,3,0
B.R,0,7,B.J,0,ISIC,0,24,1994,3,0
B.R,0,0,B.J,0,ISIC,0,44,1994,4,0
B.R,0,1,B.J,0,ISIC,0,37,1994,4,0
B.R,0,2,B.J,0,ISIC,0,46,1994,4,0
B.R,0,3,B.J,0,ISIC,0,40,1994,4,0
B.R,0,4,B.J,0,ISIC,0,41,1994,4,0
B.R,0,5,B.J,0,ISIC,0,37,1994,4,0
B.R,0,6,B.J,0,ISIC,0,26,1994,4,0
B.R,0,7,B.J,0,ISIC,0,24,1994,4,0
B.R,0,1,B.J,0,ISIC,0,37,1995,1,0
B.R,0,3,B.J,0,ISIC,0,40,1995,1,0
B.R,0,0,B.J,0,ISIC,0,44,1995,2,0
B.R,0,1,B.J,0,ISIC,0,37,1995,2,0
B.R,0,3,B.J,0,ISIC,0,40,1995,2,0
B.R,0,6,B.J,0,ISIC,0,26,1995,2,0
B.R,0,0,B.J,0,ISIC,0,44,1995,3,0
B.R,0,1,B.J,0,ISIC,0,37,1995,3,0
B.R,0,3,B.J,0,ISIC,0,40,1995,3,0
B.R,0,4,B.J,0,ISIC,0,41,1995,3,0
B.R,0,5,B.J,0,ISIC,0,37,1995,3,0
B.R,0,6,B.J,0,ISIC,0,26,1995,3,0
B.R,0,0,B.J,0,ISIC,0,44,1995,4,0
B.R,0,1,B.J,0,ISIC,0,37,1995,4,0
B.R,0,2,B.J,0,ISIC,0,46,1995,4,0
B.R,0,3,B.J,0,ISIC,0,40,1995,4,0
B.R,0,4,B.J,0,ISIC,0,41,1995,4,0
B.R,0,5,B.J,0,ISIC,0,37,1995,4,0
B.R,0,6,B.J,0,ISIC,0,26,1995,4,0
B.R,0,7,B.J,0,ISIC,0,24,1995,4,0
B.J1,0,0,F2,0,ISIC,0,44,1993,1,0
B.J1,0,4,F2,0,ISIC,0,41,1993,1,0
B.J1,2,0,F2,2,ISIC,0,44,1993,2,0
B.J1,4,3,F2,4,ISIC,0,40,1993,2,0
B.J1,1,4,F2,0,ISIC,1,41,1993,2,0
B.J1,1,7,F2,1,ISIC,0,24,1993,2,0
B.J1,3,0,F2,3,ISIC,0,44,1993,3,0
B.J1,5,3,F2,3,ISIC,1,40,1993,3,1
B.J1,5,4,F2,0,ISIC,3,41,1993,3,2
B.J1,2,5,F2,0,ISIC,1,37,1993,3,1
B.J1,2,6,F2,0,ISIC,2,26,1993,3,0
B.J1,0,7,F2,0,ISIC,0,24,1993,3,0
B.J1,2,0,F2,2,ISIC,0,44,1993,4,0
B.J1,4,1,F2,3,ISIC,1,37,1993,4,0
B.J1,9,2,F2,3,ISIC,2,46,1993,4,4
B.J1,9,3,F2,6,ISIC,0,40,1993,4,3
B.J1,4,4,F2,1,ISIC,3,41,1993,4,0
B.J1,2,5,F2,1,ISIC,0,37,1993,4,1
B.J1,2,6,F2,0,ISIC,1,26,1993,4,1
B.J1,2,7,F2,0,ISIC,0,24,1993,4,2
B.J1,1,3,F2,1,ISIC,0,40,1994,1,0
B.J1,3,7,F2,1,ISIC,2,24,1994,1,0
B.J1,7,3,F2,4,ISIC,3,40,1994,2,0
B.J1,5,4,F2,2,ISIC,2,41,1994,2,1
B.J1,4,5,F2,1,ISIC,2,37,1994,2,1
B.J1,4,7,F2,0,ISIC,2,24,1994,2,2
B.J1,5,0,F2,3,ISIC,2,44,1994,3,0
B.J1,6,1,F2,4,ISIC,1,37,1994,3,1
B.J1,7,3,F2,3,ISIC,1,40,1994,3,3
B.J1,5,4,F2,1,ISIC,3,41,1994,3,1
B.J1,2,5,F2,1,ISIC,1,37,1994,3,0
B.J1,4,7,F2,1,ISIC,3,24,1994,3,0
B.J1,5,0,F2,4,ISIC,1,44,1994,4,0
B.J1,7,1,F2,4,ISIC,2,37,1994,4,1
B.J1,8,2,F2,6,ISIC,1,46,1994,4,1
B.J1,8,3,F2,5,ISIC,0,40,1994,4,3
B.J1,7,4,F2,1,ISIC,3,41,1994,4,3
B.J1,5,5,F2,2,ISIC,2,37,1994,4,1
B.J1,4,6,F2,1,ISIC,3,26,1994,4,0
B.J1,5,7,F2,0,ISIC,3,24,1994,4,2
B.J1,2,1,F2,2,ISIC,0,37,1995,1,0
B.J1,0,3,F2,0,ISIC,0,40,1995,1,0
B.J1,2,0,F2,0,ISIC,1,44,1995,2,1
B.J1,1,1,F2,1,ISIC,0,37,1995,2,0
B.J1,3,3,F2,2,ISIC,0,40,1995,2,1
B.J1,2,6,F2,0,ISIC,2,26,1995,2,0
B.J1,2,0,F2,2,ISIC,0,44,1995,3,0
B.J1,3,1,F2,3,ISIC,0,37,1995,3,0
B.J1,5,3,F2,4,ISIC,0,40,1995,3,1
B.J1,4,4,F2,0,ISIC,2,41,1995,3,2
B.J1,1,5,F2,0,ISIC,0,37,1995,3,1
B.J1,2,6,F2,0,ISIC,2,26,1995,3,0
B.J1,4,0,F2,3,ISIC,0,44,1995,4,1
B.J1,5,1,F2,2,ISIC,2,37,1995,4,1
B.J1,8,2,F2,6,ISIC,1,46,1995,4,1
B.J1,4,3,F2,3,ISIC,0,40,1995,4,1
B.J1,9,4,F2,0,ISIC,4,41,1995,4,5
B.J1,1,5,F2,0,ISIC,0,37,1995,4,1
B.J1,2,6,F2,0,ISIC,2,26,1995,4,0
B.J1,1,7,F2,1,ISIC,0,24,1995,4,0
B.R-no-gate,0,0,B.R,0,ISIC,0,44,1993,1,0
B.R-no-gate,0,4,B.R,0,ISIC,0,41,1993,1,0
B.R-no-gate,0,0,B.R,0,ISIC,0,44,1993,2,0
B.R-no-gate,0,3,B.R,0,ISIC,0,40,1993,2,0
B.R-no-gate,0,4,B.R,0,ISIC,0,41,1993,2,0
B.R-no-gate,0,7,B.R,0,ISIC,0,24,1993,2,0
B.R-no-gate,0,0,B.R,0,ISIC,0,44,1993,3,0
B.R-no-gate,1,3,B.R,0,ISIC,0,40,1993,3,1
B.R-no-gate,0,4,B.R,0,ISIC,0,41,1993,3,0
B.R-no-gate,2,5,B.R,1,ISIC,1,37,1993,3,0
B.R-no-gate,0,6,B.R,0,ISIC,0,26,1993,3,0
B.R-no-gate,0,7,B.R,0,ISIC,0,24,1993,3,0
B.R-no-gate,0,0,B.R,0,ISIC,0,44,1993,4,0
B.R-no-gate,0,1,B.R,0,ISIC,0,37,1993,4,0
B.R-no-gate,0,2,B.R,0,ISIC,0,46,1993,4,0
B.R-no-gate,0,3,B.R,0,ISIC,0,40,1993,4,0
B.R-no-gate,0,4,B.R,0,ISIC,0,41,1993,4,0
B.R-no-gate,1,5,B.R,0,ISIC,1,37,1993,4,0
B.R-no-gate,0,6,B.R,0,ISIC,0,26,1993,4,0
B.R-no-gate,0,7,B.R,0,ISIC,0,24,1993,4,0
B.R-no-gate,0,3,B.R,0,ISIC,0,40,1994,1,0
B.R-no-gate,0,7,B.R,0,ISIC,0,24,1994,1,0
B.R-no-gate,0,3,B.R,0,ISIC,0,40,1994,2,0
B.R-no-gate,0,4,B.R,0,ISIC,0,41,1994,2,0
B.R-no-gate,1,5,B.R,0,ISIC,1,37,1994,2,0
B.R-no-gate,0,7,B.R,0,ISIC,0,24,1994,2,0
B.R-no-gate,0,0,B.R,0,ISIC,0,44,1994,3,0
B.R-no-gate,1,1,B.R,0,ISIC,0,37,1994,3,1
B.R-no-gate,0,3,B.R,0,ISIC,0,40,1994,3,0
B.R-no-gate,0,4,B.R,0,ISIC,0,41,1994,3,0
B.R-no-gate,0,5,B.R,0,ISIC,0,37,1994,3,0
B.R-no-gate,0,7,B.R,0,ISIC,0,24,1994,3,0
B.R-no-gate,0,0,B.R,0,ISIC,0,44,1994,4,0
B.R-no-gate,0,1,B.R,0,ISIC,0,37,1994,4,0
B.R-no-gate,0,2,B.R,0,ISIC,0,46,1994,4,0
B.R-no-gate,0,3,B.R,0,ISIC,0,40,1994,4,0
B.R-no-gate,0,4,B.R,0,ISIC,0,41,1994,4,0
B.R-no-gate,0,5,B.R,0,ISIC,0,37,1994,4,0
B.R-no-gate,0,6,B.R,0,ISIC,0,26,1994,4,0
B.R-no-gate,0,7,B.R,0,ISIC,0,24,1994,4,0
B.R-no-gate,0,1,B.R,0,ISIC,0,37,1995,1,0
B.R-no-gate,0,3,B.R,0,ISIC,0,40,1995,1,0
B.R-no-gate,0,0,B.R,0,ISIC,0,44,1995,2,0
B.R-no-gate,0,1,B.R,0,ISIC,0,37,1995,2,0
B.R-no-gate,0,3,B.R,0,ISIC,0,40,1995,2,0
B.R-no-gate,0,6,B.R,0,ISIC,0,26,1995,2,0
B.R-no-gate,0,0,B.R,0,ISIC,0,44,1995,3,0
B.R-no-gate,0,1,B.R,0,ISIC,0,37,1995,3,0
B.R-no-gate,0,3,B.R,0,ISIC,0,40,1995,3,0
B.R-no-gate,0,4,B.R,0,ISIC,0,41,1995,3,0
B.R-no-gate,0,5,B.R,0,ISIC,0,37,1995,3,0
B.R-no-gate,0,6,B.R,0,ISIC,0,26,1995,3,0
B.R-no-gate,0,0,B.R,0,ISIC,0,44,1995,4,0
B.R-no-gate,0,1,B.R,0,ISIC,0,37,1995,4,0
B.R-no-gate,0,2,B.R,0,ISIC,0,46,1995,4,0
B.R-no-gate,0,3,B.R,0,ISIC,0,40,1995,4,0
B.R-no-gate,0,4,B.R,0,ISIC,0,41,1995,4,0
B.R-no-gate,0,5,B.R,0,ISIC,0,37,1995,4,0
B.R-no-gate,1,6,B.R,1,ISIC,0,26,1995,4,0
B.R-no-gate,1,7,B.R,1,ISIC,0,24,1995,4,0
B.R-identity,0,0,B.R,0,ISIC,0,44,1993,1,0
B.R-identity,0,4,B.R,0,ISIC,0,41,1993,1,0
B.R-identity,0,0,B.R,0,ISIC,0,44,1993,2,0
B.R-identity,0,3,B.R,0,ISIC,0,40,1993,2,0
B.R-identity,0,4,B.R,0,ISIC,0,41,1993,2,0
B.R-identity,0,7,B.R,0,ISIC,0,24,1993,2,0
B.R-identity,0,0,B.R,0,ISIC,0,44,1993,3,0
B.R-identity,0,3,B.R,0,ISIC,0,40,1993,3,0
B.R-identity,0,4,B.R,0,ISIC,0,41,1993,3,0
B.R-identity,0,5,B.R,0,ISIC,0,37,1993,3,0
B.R-identity,0,6,B.R,0,ISIC,0,26,1993,3,0
B.R-identity,0,7,B.R,0,ISIC,0,24,1993,3,0
B.R-identity,0,0,B.R,0,ISIC,0,44,1993,4,0
B.R-identity,0,1,B.R,0,ISIC,0,37,1993,4,0
B.R-identity,0,2,B.R,0,ISIC,0,46,1993,4,0
B.R-identity,0,3,B.R,0,ISIC,0,40,1993,4,0
B.R-identity,0,4,B.R,0,ISIC,0,41,1993,4,0
B.R-identity,0,5,B.R,0,ISIC,0,37,1993,4,0
B.R-identity,0,6,B.R,0,ISIC,0,26,1993,4,0
B.R-identity,0,7,B.R,0,ISIC,0,24,1993,4,0
B.R-identity,0,3,B.R,0,ISIC,0,40,1994,1,0
B.R-identity,0,7,B.R,0,ISIC,0,24,1994,1,0
B.R-identity,0,3,B.R,0,ISIC,0,40,1994,2,0
B.R-identity,0,4,B.R,0,ISIC,0,41,1994,2,0
B.R-identity,0,5,B.R,0,ISIC,0,37,1994,2,0
B.R-identity,0,7,B.R,0,ISIC,0,24,1994,2,0
B.R-identity,0,0,B.R,0,ISIC,0,44,1994,3,0
B.R-identity,0,1,B.R,0,ISIC,0,37,1994,3,0
B.R-identity,0,3,B.R,0,ISIC,0,40,1994,3,0
B.R-identity,0,4,B.R,0,ISIC,0,41,1994,3,0
B.R-identity,0,5,B.R,0,ISIC,0,37,1994,3,0
B.R-identity,0,7,B.R,0,ISIC,0,24,1994,3,0
B.R-identity,0,0,B.R,0,ISIC,0,44,1994,4,0
B.R-identity,0,1,B.R,0,ISIC,0,37,1994,4,0
B.R-identity,0,2,B.R,0,ISIC,0,46,1994,4,0
B.R-identity,0,3,B.R,0,ISIC,0,40,1994,4,0
B.R-identity,0,4,B.R,0,ISIC,0,41,1994,4,0
B.R-identity,0,5,B.R,0,ISIC,0,37,1994,4,0
B.R-identity,0,6,B.R,0,ISIC,0,26,1994,4,0
B.R-identity,0,7,B.R,0,ISIC,0,24,1994,4,0
B.R-identity,0,1,B.R,0,ISIC,0,37,1995,1,0
B.R-identity,0,3,B.R,0,ISIC,0,40,1995,1,0
B.R-identity,0,0,B.R,0,ISIC,0,44,1995,2,0
B.R-identity,0,1,B.R,0,ISIC,0,37,1995,2,0
B.R-identity,0,3,B.R,0,ISIC,0,40,1995,2,0
B.R-identity,0,6,B.R,0,ISIC,0,26,1995,2,0
B.R-identity,0,0,B.R,0,ISIC,0,44,1995,3,0
B.R-identity,0,1,B.R,0,ISIC,0,37,1995,3,0
B.R-identity,0,3,B.R,0,ISIC,0,40,1995,3,0
B.R-identity,0,4,B.R,0,ISIC,0,41,1995,3,0
B.R-identity,0,5,B.R,0,ISIC,0,37,1995,3,0
B.R-identity,0,6,B.R,0,ISIC,0,26,1995,3,0
B.R-identity,0,0,B.R,0,ISIC,0,44,1995,4,0
B.R-identity,0,1,B.R,0,ISIC,0,37,1995,4,0
B.R-identity,0,2,B.R,0,ISIC,0,46,1995,4,0
B.R-identity,0,3,B.R,0,ISIC,0,40,1995,4,0
B.R-identity,0,4,B.R,0,ISIC,0,41,1995,4,0
B.R-identity,0,5,B.R,0,ISIC,0,37,1995,4,0
B.R-identity,0,6,B.R,0,ISIC,0,26,1995,4,0
B.R-identity,0,7,B.R,0,ISIC,0,24,1995,4,0
B.R-zero-prior,0,0,B.R,0,ISIC,0,44,1993,1,0
B.R-zero-prior,0,4,B.R,0,ISIC,0,41,1993,1,0
B.R-zero-prior,0,0,B.R,0,ISIC,0,44,1993,2,0
B.R-zero-prior,0,3,B.R,0,ISIC,0,40,1993,2,0
B.R-zero-prior,0,4,B.R,0,ISIC,0,41,1993,2,0
B.R-zero-prior,0,7,B.R,0,ISIC,0,24,1993,2,0
B.R-zero-prior,0,0,B.R,0,ISIC,0,44,1993,3,0
B.R-zero-prior,0,3,B.R,0,ISIC,0,40,1993,3,0
B.R-zero-prior,0,4,B.R,0,ISIC,0,41,1993,3,0
B.R-zero-prior,0,5,B.R,0,ISIC,0,37,1993,3,0
B.R-zero-prior,0,6,B.R,0,ISIC,0,26,1993,3,0
B.R-zero-prior,0,7,B.R,0,ISIC,0,24,1993,3,0
B.R-zero-prior,0,0,B.R,0,ISIC,0,44,1993,4,0
B.R-zero-prior,1,1,B.R,1,ISIC,0,37,1993,4,0
B.R-zero-prior,0,2,B.R,0,ISIC,0,46,1993,4,0
B.R-zero-prior,0,3,B.R,0,ISIC,0,40,1993,4,0
B.R-zero-prior,0,4,B.R,0,ISIC,0,41,1993,4,0
B.R-zero-prior,0,5,B.R,0,ISIC,0,37,1993,4,0
B.R-zero-prior,0,6,B.R,0,ISIC,0,26,1993,4,0
B.R-zero-prior,0,7,B.R,0,ISIC,0,24,1993,4,0
B.R-zero-prior,0,3,B.R,0,ISIC,0,40,1994,1,0
B.R-zero-prior,0,7,B.R,0,ISIC,0,24,1994,1,0
B.R-zero-prior,0,3,B.R,0,ISIC,0,40,1994,2,0
B.R-zero-prior,0,4,B.R,0,ISIC,0,41,1994,2,0
B.R-zero-prior,0,5,B.R,0,ISIC,0,37,1994,2,0
B.R-zero-prior,0,7,B.R,0,ISIC,0,24,1994,2,0
B.R-zero-prior,0,0,B.R,0,ISIC,0,44,1994,3,0
B.R-zero-prior,0,1,B.R,0,ISIC,0,37,1994,3,0
B.R-zero-prior,0,3,B.R,0,ISIC,0,40,1994,3,0
B.R-zero-prior,0,4,B.R,0,ISIC,0,41,1994,3,0
B.R-zero-prior,0,5,B.R,0,ISIC,0,37,1994,3,0
B.R-zero-prior,0,7,B.R,0,ISIC,0,24,1994,3,0
B.R-zero-prior,0,0,B.R,0,ISIC,0,44,1994,4,0
B.R-zero-prior,0,1,B.R,0,ISIC,0,37,1994,4,0
B.R-zero-prior,0,2,B.R,0,ISIC,0,46,1994,4,0
B.R-zero-prior,0,3,B.R,0,ISIC,0,40,1994,4,0
B.R-zero-prior,0,4,B.R,0,ISIC,0,41,1994,4,0
B.R-zero-prior,0,5,B.R,0,ISIC,0,37,1994,4,0
B.R-zero-prior,0,6,B.R,0,ISIC,0,26,1994,4,0
B.R-zero-prior,0,7,B.R,0,ISIC,0,24,1994,4,0
B.R-zero-prior,0,1,B.R,0,ISIC,0,37,1995,1,0
B.R-zero-prior,0,3,B.R,0,ISIC,0,40,1995,1,0
B.R-zero-prior,0,0,B.R,0,ISIC,0,44,1995,2,0
B.R-zero-prior,0,1,B.R,0,ISIC,0,37,1995,2,0
B.R-zero-prior,0,3,B.R,0,ISIC,0,40,1995,2,0
B.R-zero-prior,0,6,B.R,0,ISIC,0,26,1995,2,0
B.R-zero-prior,0,0,B.R,0,ISIC,0,44,1995,3,0
B.R-zero-prior,0,1,B.R,0,ISIC,0,37,1995,3,0
B.R-zero-prior,0,3,B.R,0,ISIC,0,40,1995,3,0
B.R-zero-prior,0,4,B.R,0,ISIC,0,41,1995,3,0
B.R-zero-prior,0,5,B.R,0,ISIC,0,37,1995,3,0
B.R-zero-prior,0,6,B.R,0,ISIC,0,26,1995,3,0
B.R-zero-prior,0,0,B.R,0,ISIC,0,44,1995,4,0
B.R-zero-prior,0,1,B.R,0,ISIC,0,37,1995,4,0
B.R-zero-prior,0,2,B.R,0,ISIC,0,46,1995,4,0
B.R-zero-prior,0,3,B.R,0,ISIC,0,40,1995,4,0
B.R-zero-prior,0,4,B.R,0,ISIC,0,41,1995,4,0
B.R-zero-prior,0,5,B.R,0,ISIC,0,37,1995,4,0
B.R-zero-prior,0,6,B.R,0,ISIC,0,26,1995,4,0
B.R-zero-prior,0,7,B.R,0,ISIC,0,24,1995,4,0
B.L,0,0,B.L-permute,0,ISIC,0,44,1993,1,0
B.L,1,4,B.L-permute,0,ISIC,1,41,1993,1,0
B.L,1,0,B.L-permute,0,ISIC,1,44,1993,2,0
B.L,0,3,B.L-permute,0,ISIC,0,40,1993,2,0
B.L,2,4,B.L-permute,0,ISIC,1,41,1993,2,1
B.L,1,7,B.L-permute,0,ISIC,1,24,1993,2,0
B.L,0,0,B.L-permute,0,ISIC,0,44,1993,3,0
B.L,1,3,B.L-permute,0,ISIC,1,40,1993,3,0
B.L,2,4,B.L-permute,1,ISIC,0,41,1993,3,1
B.L,2,5,B.L-permute,1,ISIC,1,37,1993,3,0
B.L,0,6,B.L-permute,0,ISIC,0,26,1993,3,0
B.L,0,7,B.L-permute,0,ISIC,0,24,1993,3,0
B.L,2,0,B.L-permute,1,ISIC,1,44,1993,4,0
B.L,3,1,B.L-permute,2,ISIC,1,37,1993,4,0
B.L,7,2,B.L-permute,2,ISIC,3,46,1993,4,2
B.L,5,3,B.L-permute,2,ISIC,3,40,1993,4,0
B.L,4,4,B.L-permute,1,ISIC,2,41,1993,4,1
B.L,2,5,B.L-permute,1,ISIC,0,37,1993,4,1
B.L,0,6,B.L-permute,0,ISIC,0,26,1993,4,0
B.L,0,7,B.L-permute,0,ISIC,0,24,1993,4,0
B.L,0,3,B.L-permute,0,ISIC,0,40,1994,1,0
B.L,1,7,B.L-permute,1,ISIC,0,24,1994,1,0
B.L,0,3,B.L-permute,0,ISIC,0,40,1994,2,0
B.L,1,4,B.L-permute,0,ISIC,1,41,1994,2,0
B.L,0,5,B.L-permute,0,ISIC,0,37,1994,2,0
B.L,0,7,B.L-permute,0,ISIC,0,24,1994,2,0
B.L,1,0,B.L-permute,1,ISIC,0,44,1994,3,0
B.L,4,1,B.L-permute,0,ISIC,3,37,1994,3,1
B.L,4,3,B.L-permute,0,ISIC,3,40,1994,3,1
B.L,1,4,B.L-permute,0,ISIC,0,41,1994,3,1
B.L,3,5,B.L-permute,1,ISIC,0,37,1994,3,2
B.L,2,7,B.L-permute,0,ISIC,0,24,1994,3,2
B.L,3,0,B.L-permute,2,ISIC,0,44,1994,4,1
B.L,4,1,B.L-permute,0,ISIC,4,37,1994,4,0
B.L,7,2,B.L-permute,3,ISIC,3,46,1994,4,1
B.L,0,3,B.L-permute,0,ISIC,0,40,1994,4,0
B.L,3,4,B.L-permute,2,ISIC,0,41,1994,4,1
B.L,3,5,B.L-permute,0,ISIC,0,37,1994,4,3
B.L,0,6,B.L-permute,0,ISIC,0,26,1994,4,0
B.L,1,7,B.L-permute,1,ISIC,0,24,1994,4,0
B.L,0,1,B.L-permute,0,ISIC,0,37,1995,1,0
B.L,1,3,B.L-permute,0,ISIC,1,40,1995,1,0
B.L,2,0,B.L-permute,2,ISIC,0,44,1995,2,0
B.L,1,1,B.L-permute,1,ISIC,0,37,1995,2,0
B.L,0,3,B.L-permute,0,ISIC,0,40,1995,2,0
B.L,0,6,B.L-permute,0,ISIC,0,26,1995,2,0
B.L,4,0,B.L-permute,3,ISIC,0,44,1995,3,1
B.L,1,1,B.L-permute,0,ISIC,0,37,1995,3,1
B.L,2,3,B.L-permute,1,ISIC,1,40,1995,3,0
B.L,3,4,B.L-permute,1,ISIC,0,41,1995,3,2
B.L,1,5,B.L-permute,0,ISIC,1,37,1995,3,0
B.L,0,6,B.L-permute,0,ISIC,0,26,1995,3,0
B.L,2,0,B.L-permute,2,ISIC,0,44,1995,4,0
B.L,1,1,B.L-permute,0,ISIC,1,37,1995,4,0
B.L,8,2,B.L-permute,7,ISIC,1,46,1995,4,0
B.L,3,3,B.L-permute,2,ISIC,1,40,1995,4,0
B.L,3,4,B.L-permute,1,ISIC,1,41,1995,4,1
B.L,1,5,B.L-permute,0,ISIC,0,37,1995,4,1
B.L,1,6,B.L-permute,0,ISIC,0,26,1995,4,1
B.L,1,7,B.L-permute,1,ISIC,0,24,1995,4,0
B.template-0,10,0,B.template-1,0,ISIC,10,44,1993,1,0
B.template-0,8,4,B.template-1,8,ISIC,0,41,1993,1,0
B.template-0,25,0,B.template-1,0,ISIC,17,44,1993,2,8
B.template-0,26,3,B.template-1,0,ISIC,6,40,1993,2,20
B.template-0,29,4,B.template-1,9,ISIC,9,41,1993,2,11
B.template-0,18,7,B.template-1,17,ISIC,0,24,1993,2,1
B.template-0,27,0,B.template-1,0,ISIC,18,44,1993,3,9
B.template-0,28,3,B.template-1,0,ISIC,6,40,1993,3,22
B.template-0,28,4,B.template-1,4,ISIC,10,41,1993,3,14
B.template-0,28,5,B.template-1,7,ISIC,0,37,1993,3,21
B.template-0,12,6,B.template-1,10,ISIC,0,26,1993,3,2
B.template-0,21,7,B.template-1,12,ISIC,1,24,1993,3,8
B.template-0,27,0,B.template-1,1,ISIC,16,44,1993,4,10
B.template-0,17,1,B.template-1,9,ISIC,1,37,1993,4,7
B.template-0,28,2,B.template-1,4,ISIC,1,46,1993,4,23
B.template-0,25,3,B.template-1,0,ISIC,5,40,1993,4,20
B.template-0,28,4,B.template-1,4,ISIC,8,41,1993,4,16
B.template-0,26,5,B.template-1,4,ISIC,0,37,1993,4,22
B.template-0,16,6,B.template-1,14,ISIC,0,26,1993,4,2
B.template-0,21,7,B.template-1,12,ISIC,1,24,1993,4,8
B.template-0,34,3,B.template-1,0,ISIC,34,40,1994,1,0
B.template-0,18,7,B.template-1,18,ISIC,0,24,1994,1,0
B.template-0,33,3,B.template-1,0,ISIC,28,40,1994,2,5
B.template-0,32,4,B.template-1,6,ISIC,11,41,1994,2,15
B.template-0,26,5,B.template-1,7,ISIC,0,37,1994,2,19
B.template-0,17,7,B.template-1,14,ISIC,0,24,1994,2,3
B.template-0,26,0,B.template-1,1,ISIC,16,44,1994,3,9
B.template-0,17,1,B.template-1,10,ISIC,1,37,1994,3,6
B.template-0,26,3,B.template-1,0,ISIC,5,40,1994,3,21
B.template-0,28,4,B.template-1,4,ISIC,8,41,1994,3,16
B.template-0,25,5,B.template-1,8,ISIC,0,37,1994,3,17
B.template-0,18,7,B.template-1,14,ISIC,0,24,1994,3,4
B.template-0,27,0,B.template-1,1,ISIC,16,44,1994,4,10
B.template-0,17,1,B.template-1,9,ISIC,1,37,1994,4,7
B.template-0,28,2,B.template-1,4,ISIC,1,46,1994,4,23
B.template-0,25,3,B.template-1,0,ISIC,5,40,1994,4,20
B.template-0,28,4,B.template-1,4,ISIC,8,41,1994,4,16
B.template-0,26,5,B.template-1,4,ISIC,0,37,1994,4,22
B.template-0,16,6,B.template-1,14,ISIC,0,26,1994,4,2
B.template-0,21,7,B.template-1,12,ISIC,1,24,1994,4,8
B.template-0,7,1,B.template-1,7,ISIC,0,37,1995,1,0
B.template-0,13,3,B.template-1,0,ISIC,13,40,1995,1,0
B.template-0,23,0,B.template-1,1,ISIC,15,44,1995,2,7
B.template-0,17,1,B.template-1,11,ISIC,1,37,1995,2,5
B.template-0,22,3,B.template-1,0,ISIC,5,40,1995,2,17
B.template-0,17,6,B.template-1,16,ISIC,0,26,1995,2,1
B.template-0,23,0,B.template-1,1,ISIC,15,44,1995,3,7
B.template-0,17,1,B.template-1,10,ISIC,1,37,1995,3,6
B.template-0,21,3,B.template-1,0,ISIC,5,40,1995,3,16
B.template-0,24,4,B.template-1,7,ISIC,5,41,1995,3,12
B.template-0,23,5,B.template-1,8,ISIC,0,37,1995,3,15
B.template-0,18,6,B.template-1,15,ISIC,0,26,1995,3,3
B.template-0,27,0,B.template-1,1,ISIC,16,44,1995,4,10
B.template-0,17,1,B.template-1,9,ISIC,1,37,1995,4,7
B.template-0,28,2,B.template-1,4,ISIC,1,46,1995,4,23
B.template-0,25,3,B.template-1,0,ISIC,5,40,1995,4,20
B.template-0,28,4,B.template-1,4,ISIC,8,41,1995,4,16
B.template-0,26,5,B.template-1,4,ISIC,0,37,1995,4,22
B.template-0,16,6,B.template-1,14,ISIC,0,26,1995,4,2
B.template-0,21,7,B.template-1,12,ISIC,1,24,1995,4,8
B.J,0,0,G.J,0,HK,0,7,1993,1,0
B.J,0,4,G.J,0,HK,0,165,1993,1,0
B.J,1,0,G.J,1,HK,0,7,1993,2,0
B.J,0,4,G.J,0,HK,0,165,1993,2,0
B.J,0,8,G.J,0,HK,0,153,1993,2,0
B.J,2,12,G.J,2,HK,0,41,1993,2,0
B.J,2,0,G.J,1,HK,0,7,1993,3,1
B.J,0,2,G.J,0,HK,0,182,1993,3,0
B.J,0,4,G.J,0,HK,0,165,1993,3,0
B.J,0,8,G.J,0,HK,0,153,1993,3,0
B.J,10,11,G.J,5,HK,4,61,1993,3,1
B.J,2,12,G.J,1,HK,1,41,1993,3,0
B.J,1,0,G.J,1,HK,0,7,1993,4,0
B.J,0,2,G.J,0,HK,0,182,1993,4,0
B.J,13,3,G.J,9,HK,4,157,1993,4,0
B.J,13,4,G.J,6,HK,6,165,1993,4,1
B.J,0,8,G.J,0,HK,0,153,1993,4,0
B.J,10,11,G.J,3,HK,6,61,1993,4,1
B.J,2,12,G.J,2,HK,0,41,1993,4,0
B.J,0,17,G.J,0,HK,0,5,1993,4,0
B.J,4,0,G.J,1,HK,1,7,1993,5,2
B.J,0,2,G.J,0,HK,0,182,1993,5,0
B.J,12,3,G.J,8,HK,4,157,1993,5,0
B.J,12,4,G.J,5,HK,6,165,1993,5,1
B.J,0,8,G.J,0,HK,0,153,1993,5,0
B.J,18,11,G.J,6,HK,7,61,1993,5,5
B.J,5,12,G.J,4,HK,1,41,1993,5,0
B.J,1,16,G.J,0,HK,1,8,1993,5,0
B.J,0,17,G.J,0,HK,0,5,1993,5,0
B.J,0,21,G.J,0,HK,0,4,1993,5,0
B.J,4,0,G.J,1,HK,1,7,1993,6,2
B.J,0,2,G.J,0,HK,0,182,1993,6,0
B.J,12,3,G.J,7,HK,5,157,1993,6,0
B.J,11,4,G.J,6,HK,4,165,1993,6,1
B.J,0,8,G.J,0,HK,0,153,1993,6,0
B.J,18,11,G.J,6,HK,7,61,1993,6,5
B.J,4,12,G.J,3,HK,0,41,1993,6,1
B.J,1,13,G.J,0,HK,0,160,1993,6,1
B.J,1,16,G.J,0,HK,1,8,1993,6,0
B.J,0,17,G.J,0,HK,0,5,1993,6,0
B.J,0,21,G.J,0,HK,0,4,1993,6,0
B.J,3,22,G.J,0,HK,3,21,1993,6,0
B.J,4,0,G.J,1,HK,1,7,1993,7,2
B.J,0,2,G.J,0,HK,0,182,1993,7,0
B.J,7,3,G.J,3,HK,4,157,1993,7,0
B.J,9,4,G.J,5,HK,4,165,1993,7,0
B.J,0,8,G.J,0,HK,0,153,1993,7,0
B.J,18,11,G.J,5,HK,6,61,1993,7,7
B.J,4,12,G.J,3,HK,0,41,1993,7,1
B.J,2,13,G.J,0,HK,0,160,1993,7,2
B.J,0,14,G.J,0,HK,0,60,1993,7,0
B.J,1,16,G.J,0,HK,1,8,1993,7,0
B.J,1,17,G.J,0,HK,1,5,1993,7,0
B.J,4,18,G.J,1,HK,2,33,1993,7,1
B.J,0,21,G.J,0,HK,0,4,1993,7,0
B.J,2,22,G.J,0,HK,2,21,1993,7,0
B.J,4,0,G.J,1,HK,1,7,1993,8,2
B.J,0,2,G.J,0,HK,0,182,1993,8,0
B.J,8,3,G.J,4,HK,4,157,1993,8,0
B.J,9,4,G.J,5,HK,4,165,1993,8,0
B.J,0,8,G.J,0,HK,0,153,1993,8,0
B.J,1,9,G.J,1,HK,0,164,1993,8,0
B.J,20,11,G.J,6,HK,9,61,1993,8,5
B.J,3,12,G.J,2,HK,1,41,1993,8,0
B.J,2,13,G.J,0,HK,0,160,1993,8,2
B.J,0,14,G.J,0,HK,0,60,1993,8,0
B.J,1,16,G.J,0,HK,1,8,1993,8,0
B.J,1,17,G.J,0,HK,1,5,1993,8,0
B.J,6,18,G.J,2,HK,2,33,1993,8,2
B.J,1,19,G.J,0,HK,0,2,1993,8,1
B.J,1,21,G.J,0,HK,0,4,1993,8,1
B.J,2,22,G.J,0,HK,2,21,1993,8,0
B.J,4,0,G.J,1,HK,1,7,1993,9,2
B.J,0,2,G.J,0,HK,0,182,1993,9,0
B.J,10,3,G.J,4,HK,5,157,1993,9,1
B.J,10,4,G.J,5,HK,5,165,1993,9,0
B.J,1,6,G.J,0,HK,0,1,1993,9,1
B.J,1,8,G.J,0,HK,1,153,1993,9,0
B.J,1,9,G.J,1,HK,0,164,1993,9,0
B.J,19,11,G.J,5,HK,9,61,1993,9,5
B.J,3,12,G.J,2,HK,0,41,1993,9,1
B.J,3,13,G.J,0,HK,0,160,1993,9,3
B.J,0,14,G.J,0,HK,0,60,1993,9,0
B.J,0,15,G.J,0,HK,0,123,1993,9,0
B.J,1,16,G.J,0,HK,1,8,1993,9,0
B.J,0,17,G.J,0,HK,0,5,1993,9,0
B.J,6,18,G.J,1,HK,0,33,1993,9,5
B.J,0,19,G.J,0,HK,0,2,1993,9,0
B.J,1,21,G.J,0,HK,0,4,1993,9,1
B.J,3,22,G.J,0,HK,2,21,1993,9,1
B.J,4,0,G.J,1,HK,1,7,1993,10,2
B.J,0,2,G.J,0,HK,0,182,1993,10,0
B.J,11,3,G.J,4,HK,7,157,1993,10,0
B.J,8,4,G.J,4,HK,4,165,1993,10,0
B.J,0,5,G.J,0,HK,0,1,1993,10,0
B.J,0,6,G.J,0,HK,0,1,1993,10,0
B.J,1,8,G.J,0,HK,1,153,1993,10,0
B.J,1,9,G.J,1,HK,0,164,1993,10,0
B.J,18,11,G.J,5,HK,8,61,1993,10,5
B.J,4,12,G.J,3,HK,0,41,1993,10,1
B.J,3,13,G.J,1,HK,0,160,1993,10,2
B.J,1,14,G.J,1,HK,0,60,1993,10,0
B.J,0,15,G.J,0,HK,0,123,1993,10,0
B.J,1,16,G.J,0,HK,1,8,1993,10,0
B.J,0,17,G.J,0,HK,0,5,1993,10,0
B.J,7,18,G.J,1,HK,2,33,1993,10,4
B.J,1,19,G.J,0,HK,0,2,1993,10,1
B.J,27,20,G.J,2,HK,12,66,1993,10,13
B.J,1,21,G.J,0,HK,0,4,1993,10,1
B.J,3,22,G.J,0,HK,2,21,1993,10,1
B.J,2,0,G.J,0,HK,1,7,1993,11,1
B.J,4,1,G.J,4,HK,0,113,1993,11,0
B.J,10,2,G.J,1,HK,9,182,1993,11,0
B.J,10,3,G.J,3,HK,7,157,1993,11,0
B.J,10,4,G.J,4,HK,5,165,1993,11,1
B.J,0,5,G.J,0,HK,0,1,1993,11,0
B.J,0,6,G.J,0,HK,0,1,1993,11,0
B.J,0,7,G.J,0,HK,0,21,1993,11,0
B.J,1,8,G.J,0,HK,1,153,1993,11,0
B.J,1,9,G.J,1,HK,0,164,1993,11,0
B.J,20,10,G.J,5,HK,6,150,1993,11,9
B.J,19,11,G.J,2,HK,7,61,1993,11,10
B.J,3,12,G.J,2,HK,0,41,1993,11,1
B.J,2,13,G.J,0,HK,0,160,1993,11,2
B.J,3,14,G.J,1,HK,2,60,1993,11,0
B.J,0,15,G.J,0,HK,0,123,1993,11,0
B.J,3,16,G.J,1,HK,1,8,1993,11,1
B.J,0,17,G.J,0,HK,0,5,1993,11,0
B.J,7,18,G.J,1,HK,2,33,1993,11,4
B.J,1,19,G.J,0,HK,0,2,1993,11,1
B.J,24,20,G.J,2,HK,8,66,1993,11,14
B.J,1,21,G.J,0,HK,0,4,1993,11,1
B.J,4,22,G.J,0,HK,2,21,1993,11,2
B.J,0,16,G.J,0,HK,0,8,1994,1,0
B.J,0,22,G.J,0,HK,0,21,1994,1,0
B.J,1,12,G.J,0,HK,1,41,1994,2,0
B.J,2,13,G.J,2,HK,0,160,1994,2,0
B.J,1,16,G.J,0,HK,1,8,1994,2,0
B.J,0,22,G.J,0,HK,0,21,1994,2,0
B.J,0,4,G.J,0,HK,0,165,1994,3,0
B.J,3,12,G.J,2,HK,1,41,1994,3,0
B.J,1,13,G.J,0,HK,0,160,1994,3,1
B.J,1,16,G.J,0,HK,1,8,1994,3,0
B.J,1,21,G.J,0,HK,1,4,1994,3,0
B.J,5,22,G.J,2,HK,3,21,1994,3,0
B.J,0,4,G.J,0,HK,0,165,1994,4,0
B.J,3,12,G.J,2,HK,1,41,1994,4,0
B.J,2,13,G.J,1,HK,0,160,1994,4,1
B.J,1,16,G.J,0,HK,1,8,1994,4,0
B.J,1,17,G.J,0,HK,1,5,1994,4,0
B.J,0,19,G.J,0,HK,0,2,1994,4,0
B.J,1,21,G.J,0,HK,0,4,1994,4,1
B.J,4,22,G.J,1,HK,3,21,1994,4,0
B.J,0,4,G.J,0,HK,0,165,1994,5,0
B.J,1,6,G.J,0,HK,0,1,1994,5,1
B.J,10,11,G.J,3,HK,6,61,1994,5,1
B.J,3,12,G.J,3,HK,0,41,1994,5,0
B.J,3,13,G.J,2,HK,0,160,1994,5,1
B.J,0,16,G.J,0,HK,0,8,1994,5,0
B.J,1,17,G.J,0,HK,1,5,1994,5,0
B.J,0,19,G.J,0,HK,0,2,1994,5,0
B.J,1,21,G.J,0,HK,0,4,1994,5,1
B.J,4,22,G.J,0,HK,3,21,1994,5,1
B.J,13,3,G.J,7,HK,5,157,1994,6,1
B.J,12,4,G.J,6,HK,5,165,1994,6,1
B.J,1,6,G.J,0,HK,0,1,1994,6,1
B.J,10,11,G.J,3,HK,6,61,1994,6,1
B.J,3,12,G.J,3,HK,0,41,1994,6,0
B.J,3,13,G.J,1,HK,1,160,1994,6,1
B.J,0,15,G.J,0,HK,0,123,1994,6,0
B.J,0,16,G.J,0,HK,0,8,1994,6,0
B.J,0,17,G.J,0,HK,0,5,1994,6,0
B.J,0,19,G.J,0,HK,0,2,1994,6,0
B.J,1,21,G.J,0,HK,0,4,1994,6,1
B.J,4,22,G.J,1,HK,2,21,1994,6,1
B.J,4,0,G.J,1,HK,1,7,1994,7,2
B.J,13,3,G.J,7,HK,5,157,1994,7,1
B.J,11,4,G.J,7,HK,4,165,1994,7,0
B.J,1,6,G.J,0,HK,0,1,1994,7,1
B.J,1,9,G.J,1,HK,0,164,1994,7,0
B.J,18,11,G.J,4,HK,8,61,1994,7,6
B.J,2,12,G.J,1,HK,1,41,1994,7,0
B.J,2,13,G.J,1,HK,0,160,1994,7,1
B.J,0,15,G.J,0,HK,0,123,1994,7,0
B.J,1,16,G.J,0,HK,1,8,1994,7,0
B.J,1,17,G.J,0,HK,1,5,1994,7,0
B.J,0,19,G.J,0,HK,0,2,1994,7,0
B.J,1,21,G.J,0,HK,0,4,1994,7,1
B.J,3,22,G.J,0,HK,2,21,1994,7,1
B.J,4,0,G.J,1,HK,1,7,1994,8,2
B.J,10,3,G.J,5,HK,4,157,1994,8,1
B.J,10,4,G.J,5,HK,5,165,1994,8,0
B.J,0,5,G.J,0,HK,0,1,1994,8,0
B.J,1,6,G.J,0,HK,0,1,1994,8,1
B.J,0,7,G.J,0,HK,0,21,1994,8,0
B.J,1,9,G.J,1,HK,0,164,1994,8,0
B.J,18,11,G.J,4,HK,7,61,1994,8,7
B.J,3,12,G.J,2,HK,1,41,1994,8,0
B.J,1,13,G.J,0,HK,0,160,1994,8,1
B.J,0,15,G.J,0,HK,0,123,1994,8,0
B.J,1,16,G.J,0,HK,1,8,1994,8,0
B.J,0,17,G.J,0,HK,0,5,1994,8,0
B.J,0,19,G.J,0,HK,0,2,1994,8,0
B.J,1,21,G.J,0,HK,0,4,1994,8,1
B.J,3,22,G.J,0,HK,2,21,1994,8,1
B.J,4,0,G.J,1,HK,1,7,1994,9,2
B.J,1,1,G.J,0,HK,1,113,1994,9,0
B.J,13,3,G.J,6,HK,7,157,1994,9,0
B.J,12,4,G.J,6,HK,6,165,1994,9,0
B.J,0,5,G.J,0,HK,0,1,1994,9,0
B.J,1,6,G.J,0,HK,0,1,1994,9,1
B.J,0,7,G.J,0,HK,0,21,1994,9,0
B.J,1,9,G.J,1,HK,0,164,1994,9,0
B.J,20,11,G.J,4,HK,9,61,1994,9,7
B.J,4,12,G.J,3,HK,0,41,1994,9,1
B.J,1,13,G.J,0,HK,0,160,1994,9,1
B.J,0,15,G.J,0,HK,0,123,1994,9,0
B.J,1,16,G.J,0,HK,1,8,1994,9,0
B.J,2,17,G.J,0,HK,1,5,1994,9,1
B.J,6,18,G.J,1,HK,2,33,1994,9,3
B.J,1,19,G.J,0,HK,0,2,1994,9,1
B.J,1,21,G.J,0,HK,0,4,1994,9,1
B.J,4,22,G.J,0,HK,3,21,1994,9,1
B.J,3,0,G.J,1,HK,1,7,1994,10,1
B.J,1,1,G.J,0,HK,1,113,1994,10,0
B.J,13,3,G.J,5,HK,7,157,1994,10,1
B.J,11,4,G.J,5,HK,6,165,1994,10,0
B.J,0,5,G.J,0,HK,0,1,1994,10,0
B.J,1,6,G.J,0,HK,0,1,1994,10,1
B.J,0,7,G.J,0,HK,0,21,1994,10,0
B.J,1,9,G.J,1,HK,0,164,1994,10,0
B.J,19,10,G.J,5,HK,5,150,1994,10,9
B.J,15,11,G.J,1,HK,5,61,1994,10,9
B.J,3,12,G.J,1,HK,0,41,1994,10,2
B.J,3,13,G.J,0,HK,0,160,1994,10,3
B.J,2,14,G.J,1,HK,1,60,1994,10,0
B.J,0,15,G.J,0,HK,0,123,1994,10,0
B.J,2,16,G.J,1,HK,1,8,1994,10,0
B.J,1,17,G.J,0,HK,1,5,1994,10,0
B.J,6,18,G.J,1,HK,1,33,1994,10,4
B.J,1,19,G.J,0,HK,0,2,1994,10,1
B.J,1,21,G.J,0,HK,0,4,1994,10,1
B.J,4,22,G.J,0,HK,3,21,1994,10,1
B.J,3,0,G.J,1,HK,1,7,1994,11,1
B.J,3,1,G.J,3,HK,0,113,1994,11,0
B.J,10,2,G.J,1,HK,9,182,1994,11,0
B.J,10,3,G.J,4,HK,6,157,1994,11,0
B.J,11,4,G.J,4,HK,6,165,1994,11,1
B.J,0,5,G.J,0,HK,0,1,1994,11,0
B.J,0,6,G.J,0,HK,0,1,1994,11,0
B.J,0,7,G.J,0,HK,0,21,1994,11,0
B.J,1,8,G.J,0,HK,1,153,1994,11,0
B.J,1,9,G.J,1,HK,0,164,1994,11,0
B.J,16,10,G.J,4,HK,4,150,1994,11,8
B.J,17,11,G.J,1,HK,5,61,1994,11,11
B.J,4,12,G.J,2,HK,0,41,1994,11,2
B.J,2,13,G.J,0,HK,0,160,1994,11,2
B.J,2,14,G.J,1,HK,1,60,1994,11,0
B.J,0,15,G.J,0,HK,0,123,1994,11,0
B.J,3,16,G.J,1,HK,1,8,1994,11,1
B.J,0,17,G.J,0,HK,0,5,1994,11,0
B.J,6,18,G.J,1,HK,2,33,1994,11,3
B.J,1,19,G.J,0,HK,0,2,1994,11,1
B.J,25,20,G.J,2,HK,8,66,1994,11,15
B.J,2,21,G.J,1,HK,0,4,1994,11,1
B.J,5,22,G.J,0,HK,3,21,1994,11,2
B.J,0,9,G.J,0,HK,0,164,1995,1,0
B.J,1,13,G.J,1,HK,0,160,1995,1,0
B.J,0,9,G.J,0,HK,0,164,1995,2,0
B.J,1,13,G.J,1,HK,0,160,1995,2,0
B.J,0,14,G.J,0,HK,0,60,1995,2,0
B.J,0,16,G.J,0,HK,0,8,1995,2,0
B.J,0,5,G.J,0,HK,0,1,1995,3,0
B.J,0,9,G.J,0,HK,0,164,1995,3,0
B.J,1,13,G.J,1,HK,0,160,1995,3,0
B.J,0,14,G.J,0,HK,0,60,1995,3,0
B.J,0,15,G.J,0,HK,0,123,1995,3,0
B.J,0,16,G.J,0,HK,0,8,1995,3,0
B.J,0,1,G.J,0,HK,0,113,1995,4,0
B.J,0,5,G.J,0,HK,0,1,1995,4,0
B.J,0,9,G.J,0,HK,0,164,1995,4,0
B.J,4,12,G.J,3,HK,1,41,1995,4,0
B.J,3,13,G.J,3,HK,0,160,1995,4,0
B.J,1,14,G.J,0,HK,1,60,1995,4,0
B.J,0,15,G.J,0,HK,0,123,1995,4,0
B.J,1,16,G.J,0,HK,1,8,1995,4,0
B.J,0,1,G.J,0,HK,0,113,1995,5,0
B.J,0,5,G.J,0,HK,0,1,1995,5,0
B.J,1,8,G.J,0,HK,1,153,1995,5,0
B.J,0,9,G.J,0,HK,0,164,1995,5,0
B.J,4,12,G.J,3,HK,1,41,1995,5,0
B.J,3,13,G.J,2,HK,0,160,1995,5,1
B.J,2,14,G.J,1,HK,1,60,1995,5,0
B.J,0,15,G.J,0,HK,0,123,1995,5,0
B.J,0,16,G.J,0,HK,0,8,1995,5,0
B.J,0,22,G.J,0,HK,0,21,1995,5,0
B.J,0,1,G.J,0,HK,0,113,1995,6,0
B.J,0,5,G.J,0,HK,0,1,1995,6,0
B.J,2,8,G.J,0,HK,2,153,1995,6,0
B.J,1,9,G.J,1,HK,0,164,1995,6,0
B.J,4,12,G.J,3,HK,1,41,1995,6,0
B.J,5,13,G.J,3,HK,0,160,1995,6,2
B.J,1,14,G.J,0,HK,1,60,1995,6,0
B.J,0,15,G.J,0,HK,0,123,1995,6,0
B.J,1,16,G.J,0,HK,1,8,1995,6,0
B.J,1,17,G.J,0,HK,1,5,1995,6,0
B.J,1,19,G.J,0,HK,0,2,1995,6,1
B.J,0,22,G.J,0,HK,0,21,1995,6,0
B.J,0,1,G.J,0,HK,0,113,1995,7,0
B.J,0,5,G.J,0,HK,0,1,1995,7,0
B.J,0,6,G.J,0,HK,0,1,1995,7,0
B.J,4,8,G.J,0,HK,4,153,1995,7,0
B.J,1,9,G.J,1,HK,0,164,1995,7,0
B.J,4,12,G.J,3,HK,1,41,1995,7,0
B.J,4,13,G.J,3,HK,0,160,1995,7,1
B.J,1,14,G.J,0,HK,1,60,1995,7,0
B.J,0,15,G.J,0,HK,0,123,1995,7,0
B.J,0,16,G.J,0,HK,0,8,1995,7,0
B.J,1,17,G.J,0,HK,1,5,1995,7,0
B.J,7,18,G.J,2,HK,2,33,1995,7,3
B.J,0,19,G.J,0,HK,0,2,1995,7,0
B.J,1,22,G.J,1,HK,0,21,1995,7,0
B.J,2,0,G.J,1,HK,0,7,1995,8,1
B.J,0,1,G.J,0,HK,0,113,1995,8,0
B.J,0,5,G.J,0,HK,0,1,1995,8,0
B.J,0,6,G.J,0,HK,0,1,1995,8,0
B.J,3,8,G.J,0,HK,3,153,1995,8,0
B.J,1,9,G.J,1,HK,0,164,1995,8,0
B.J,4,12,G.J,2,HK,1,41,1995,8,1
B.J,3,13,G.J,2,HK,0,160,1995,8,1
B.J,1,14,G.J,0,HK,1,60,1995,8,0
B.J,0,15,G.J,0,HK,0,123,1995,8,0
B.J,2,16,G.J,0,HK,2,8,1995,8,0
B.J,2,17,G.J,0,HK,2,5,1995,8,0
B.J,6,18,G.J,0,HK,2,33,1995,8,4
B.J,0,19,G.J,0,HK,0,2,1995,8,0
B.J,20,20,G.J,4,HK,11,66,1995,8,5
B.J,1,22,G.J,0,HK,1,21,1995,8,0
B.J,4,0,G.J,1,HK,1,7,1995,9,2
B.J,0,1,G.J,0,HK,0,113,1995,9,0
B.J,0,3,G.J,0,HK,0,157,1995,9,0
B.J,0,5,G.J,0,HK,0,1,1995,9,0
B.J,0,6,G.J,0,HK,0,1,1995,9,0
B.J,3,8,G.J,0,HK,3,153,1995,9,0
B.J,1,9,G.J,1,HK,0,164,1995,9,0
B.J,19,11,G.J,6,HK,8,61,1995,9,5
B.J,4,12,G.J,3,HK,1,41,1995,9,0
B.J,3,13,G.J,2,HK,0,160,1995,9,1
B.J,2,14,G.J,1,HK,1,60,1995,9,0
B.J,0,15,G.J,0,HK,0,123,1995,9,0
B.J,1,16,G.J,0,HK,1,8,1995,9,0
B.J,3,17,G.J,0,HK,2,5,1995,9,1
B.J,5,18,G.J,1,HK,2,33,1995,9,2
B.J,0,19,G.J,0,HK,0,2,1995,9,0
B.J,21,20,G.J,6,HK,11,66,1995,9,4
B.J,1,22,G.J,0,HK,1,21,1995,9,0
B.J,4,0,G.J,1,HK,1,7,1995,10,2
B.J,3,1,G.J,3,HK,0,113,1995,10,0
B.J,1,2,G.J,0,HK,1,182,1995,10,0
B.J,0,3,G.J,0,HK,0,157,1995,10,0
B.J,0,5,G.J,0,HK,0,1,1995,10,0
B.J,0,6,G.J,0,HK,0,1,1995,10,0
B.J,3,8,G.J,0,HK,3,153,1995,10,0
B.J,1,9,G.J,1,HK,0,164,1995,10,0
B.J,21,11,G.J,6,HK,9,61,1995,10,6
B.J,3,12,G.J,3,HK,0,41,1995,10,0
B.J,4,13,G.J,2,HK,0,160,1995,10,2
B.J,2,14,G.J,1,HK,1,60,1995,10,0
B.J,0,15,G.J,0,HK,0,123,1995,10,0
B.J,1,16,G.J,0,HK,1,8,1995,10,0
B.J,2,17,G.J,0,HK,1,5,1995,10,1
B.J,5,18,G.J,0,HK,1,33,1995,10,4
B.J,1,19,G.J,0,HK,0,2,1995,10,1
B.J,22,20,G.J,1,HK,9,66,1995,10,12
B.J,1,21,G.J,0,HK,0,4,1995,10,1
B.J,4,22,G.J,0,HK,2,21,1995,10,2
B.J,2,0,G.J,1,HK,1,7,1995,11,0
B.J,3,1,G.J,3,HK,0,113,1995,11,0
B.J,11,2,G.J,1,HK,10,182,1995,11,0
B.J,13,3,G.J,6,HK,6,157,1995,11,1
B.J,9,4,G.J,4,HK,4,165,1995,11,1
B.J,0,5,G.J,0,HK,0,1,1995,11,0
B.J,0,6,G.J,0,HK,0,1,1995,11,0
B.J,0,7,G.J,0,HK,0,21,1995,11,0
B.J,1,8,G.J,0,HK,1,153,1995,11,0
B.J,1,9,G.J,1,HK,0,164,1995,11,0
B.J,21,10,G.J,7,HK,7,150,1995,11,7
B.J,17,11,G.J,0,HK,7,61,1995,11,10
B.J,2,12,G.J,1,HK,1,41,1995,11,0
B.J,2,13,G.J,0,HK,0,160,1995,11,2
B.J,1,14,G.J,0,HK,1,60,1995,11,0
B.J,0,15,G.J,0,HK,0,123,1995,11,0
B.J,2,16,G.J,1,HK,1,8,1995,11,0
B.J,1,17,G.J,0,HK,1,5,1995,11,0
B.J,4,18,G.J,0,HK,1,33,1995,11,3
B.J,1,19,G.J,0,HK,0,2,1995,11,1
B.J,26,20,G.J,1,HK,9,66,1995,11,16
B.J,1,21,G.J,0,HK,0,4,1995,11,1
B.J,5,22,G.J,1,HK,2,21,1995,11,2
B.J,0,0,F,0,HK,0,7,1993,1,0
B.J,0,4,F,0,HK,0,165,1993,1,0
B.J,0,0,F,0,HK,0,7,1993,2,0
B.J,0,4,F,0,HK,0,165,1993,2,0
B.J,0,8,F,0,HK,0,153,1993,2,0
B.J,2,12,F,2,HK,0,41,1993,2,0
B.J,1,0,F,0,HK,0,7,1993,3,1
B.J,0,2,F,0,HK,0,182,1993,3,0
B.J,0,4,F,0,HK,0,165,1993,3,0
B.J,0,8,F,0,HK,0,153,1993,3,0
B.J,9,11,F,7,HK,0,61,1993,3,2
B.J,1,12,F,1,HK,0,41,1993,3,0
B.J,1,0,F,1,HK,0,7,1993,4,0
B.J,0,2,F,0,HK,0,182,1993,4,0
B.J,11,3,F,8,HK,3,157,1993,4,0
B.J,12,4,F,7,HK,4,165,1993,4,1
B.J,2,8,F,1,HK,1,153,1993,4,0
B.J,7,11,F,4,HK,1,61,1993,4,2
B.J,3,12,F,3,HK,0,41,1993,4,0
B.J,0,17,F,0,HK,0,5,1993,4,0
B.J,1,0,F,0,HK,0,7,1993,5,1
B.J,0,2,F,0,HK,0,182,1993,5,0
B.J,11,3,F,8,HK,3,157,1993,5,0
B.J,11,4,F,6,HK,4,165,1993,5,1
B.J,2,8,F,2,HK,0,153,1993,5,0
B.J,10,11,F,4,HK,2,61,1993,5,4
B.J,5,12,F,3,HK,1,41,1993,5,1
B.J,1,16,F,0,HK,1,8,1993,5,0
B.J,1,17,F,1,HK,0,5,1993,5,0
B.J,0,21,F,0,HK,0,4,1993,5,0
B.J,2,0,F,0,HK,1,7,1993,6,1
B.J,0,2,F,0,HK,0,182,1993,6,0
B.J,8,3,F,5,HK,3,157,1993,6,0
B.J,11,4,F,7,HK,3,165,1993,6,1
B.J,2,8,F,2,HK,0,153,1993,6,0
B.J,12,11,F,4,HK,4,61,1993,6,4
B.J,1,12,F,0,HK,0,41,1993,6,1
B.J,4,13,F,3,HK,0,160,1993,6,1
B.J,1,16,F,0,HK,1,8,1993,6,0
B.J,1,17,F,1,HK,0,5,1993,6,0
B.J,0,21,F,0,HK,0,4,1993,6,0
B.J,2,22,F,0,HK,2,21,1993,6,0
B.J,2,0,F,0,HK,1,7,1993,7,1
B.J,0,2,F,0,HK,0,182,1993,7,0
B.J,5,3,F,3,HK,2,157,1993,7,0
B.J,7,4,F,4,HK,3,165,1993,7,0
B.J,1,8,F,1,HK,0,153,1993,7,0
B.J,12,11,F,3,HK,4,61,1993,7,5
B.J,2,12,F,0,HK,0,41,1993,7,2
B.J,4,13,F,2,HK,0,160,1993,7,2
B.J,0,14,F,0,HK,0,60,1993,7,0
B.J,1,16,F,0,HK,1,8,1993,7,0
B.J,0,17,F,0,HK,0,5,1993,7,0
B.J,3,18,F,1,HK,0,33,1993,7,2
B.J,0,21,F,0,HK,0,4,1993,7,0
B.J,1,22,F,0,HK,1,21,1993,7,0
B.J,2,0,F,0,HK,1,7,1993,8,1
B.J,0,2,F,0,HK,0,182,1993,8,0
B.J,6,3,F,5,HK,1,157,1993,8,0
B.J,6,4,F,4,HK,2,165,1993,8,0
B.J,3,8,F,3,HK,0,153,1993,8,0
B.J,2,9,F,2,HK,0,164,1993,8,0
B.J,12,11,F,4,HK,5,61,1993,8,3
B.J,3,12,F,0,HK,2,41,1993,8,1
B.J,3,13,F,2,HK,0,160,1993,8,1
B.J,0,14,F,0,HK,0,60,1993,8,0
B.J,1,16,F,0,HK,1,8,1993,8,0
B.J,0,17,F,0,HK,0,5,1993,8,0
B.J,7,18,F,2,HK,1,33,1993,8,4
B.J,0,19,F,0,HK,0,2,1993,8,0
B.J,0,21,F,0,HK,0,4,1993,8,0
B.J,1,22,F,0,HK,1,21,1993,8,0
B.J,2,0,F,0,HK,1,7,1993,9,1
B.J,0,2,F,0,HK,0,182,1993,9,0
B.J,7,3,F,6,HK,1,157,1993,9,0
B.J,7,4,F,4,HK,3,165,1993,9,0
B.J,1,6,F,0,HK,0,1,1993,9,1
B.J,1,8,F,1,HK,0,153,1993,9,0
B.J,2,9,F,2,HK,0,164,1993,9,0
B.J,12,11,F,4,HK,3,61,1993,9,5
B.J,1,12,F,0,HK,1,41,1993,9,0
B.J,3,13,F,1,HK,0,160,1993,9,2
B.J,0,14,F,0,HK,0,60,1993,9,0
B.J,0,15,F,0,HK,0,123,1993,9,0
B.J,1,16,F,0,HK,1,8,1993,9,0
B.J,1,17,F,1,HK,0,5,1993,9,0
B.J,8,18,F,2,HK,0,33,1993,9,6
B.J,1,19,F,0,HK,0,2,1993,9,1
B.J,0,21,F,0,HK,0,4,1993,9,0
B.J,1,22,F,0,HK,1,21,1993,9,0
B.J,2,0,F,0,HK,1,7,1993,10,1
B.J,0,2,F,0,HK,0,182,1993,10,0
B.J,8,3,F,5,HK,3,157,1993,10,0
B.J,6,4,F,4,HK,2,165,1993,10,0
B.J,0,5,F,0,HK,0,1,1993,10,0
B.J,0,6,F,0,HK,0,1,1993,10,0
B.J,1,8,F,1,HK,0,153,1993,10,0
B.J,2,9,F,2,HK,0,164,1993,10,0
B.J,13,11,F,6,HK,3,61,1993,10,4
B.J,0,12,F,0,HK,0,41,1993,10,0
B.J,4,13,F,3,HK,0,160,1993,10,1
B.J,2,14,F,2,HK,0,60,1993,10,0
B.J,0,15,F,0,HK,0,123,1993,10,0
B.J,1,16,F,0,HK,1,8,1993,10,0
B.J,0,17,F,0,HK,0,5,1993,10,0
B.J,4,18,F,0,HK,0,33,1993,10,4
B.J,1,19,F,0,HK,0,2,1993,10,1
B.J,21,20,F,3,HK,6,66,1993,10,12
B.J,0,21,F,0,HK,0,4,1993,10,0
B.J,1,22,F,0,HK,1,21,1993,10,0
B.J,2,0,F,0,HK,1,7,1993,11,1
B.J,2,1,F,2,HK,0,113,1993,11,0
B.J,7,2,F,1,HK,6,182,1993,11,0
B.J,6,3,F,4,HK,2,157,1993,11,0
B.J,9,4,F,4,HK,5,165,1993,11,0
B.J,0,5,F,0,HK,0,1,1993,11,0
B.J,0,6,F,0,HK,0,1,1993,11,0
B.J,0,7,F,0,HK,0,21,1993,11,0
B.J,1,8,F,1,HK,0,153,1993,11,0
B.J,2,9,F,2,HK,0,164,1993,11,0
B.J,17,10,F,2,HK,7,150,1993,11,8
B.J,14,11,F,2,HK,2,61,1993,11,10
B.J,1,12,F,0,HK,0,41,1993,11,1
B.J,3,13,F,2,HK,0,160,1993,11,1
B.J,5,14,F,4,HK,1,60,1993,11,0
B.J,0,15,F,0,HK,0,123,1993,11,0
B.J,2,16,F,0,HK,1,8,1993,11,1
B.J,1,17,F,1,HK,0,5,1993,11,0
B.J,7,18,F,2,HK,0,33,1993,11,5
B.J,1,19,F,0,HK,0,2,1993,11,1
B.J,25,20,F,7,HK,5,66,1993,11,13
B.J,0,21,F,0,HK,0,4,1993,11,0
B.J,3,22,F,0,HK,1,21,1993,11,2
B.J,0,16,F,0,HK,0,8,1994,1,0
B.J,0,22,F,0,HK,0,21,1994,1,0
B.J,1,12,F,0,HK,1,41,1994,2,0
B.J,3,13,F,3,HK,0,160,1994,2,0
B.J,1,16,F,0,HK,1,8,1994,2,0
B.J,0,22,F,0,HK,0,21,1994,2,0
B.J,0,4,F,0,HK,0,165,1994,3,0
B.J,2,12,F,1,HK,1,41,1994,3,0
B.J,2,13,F,1,HK,0,160,1994,3,1
B.J,1,16,F,0,HK,1,8,1994,3,0
B.J,1,21,F,0,HK,1,4,1994,3,0
B.J,2,22,F,1,HK,1,21,1994,3,0
B.J,0,4,F,0,HK,0,165,1994,4,0
B.J,1,12,F,1,HK,0,41,1994,4,0
B.J,4,13,F,4,HK,0,160,1994,4,0
B.J,1,16,F,0,HK,1,8,1994,4,0
B.J,0,17,F,0,HK,0,5,1994,4,0
B.J,1,19,F,0,HK,0,2,1994,4,1
B.J,0,21,F,0,HK,0,4,1994,4,0
B.J,2,22,F,1,HK,1,21,1994,4,0
B.J,0,4,F,0,HK,0,165,1994,5,0
B.J,0,6,F,0,HK,0,1,1994,5,0
B.J,6,11,F,2,HK,4,61,1994,5,0
B.J,3,12,F,2,HK,0,41,1994,5,1
B.J,4,13,F,4,HK,0,160,1994,5,0
B.J,0,16,F,0,HK,0,8,1994,5,0
B.J,0,17,F,0,HK,0,5,1994,5,0
B.J,1,19,F,0,HK,0,2,1994,5,1
B.J,0,21,F,0,HK,0,4,1994,5,0
B.J,1,22,F,0,HK,1,21,1994,5,0
B.J,9,3,F,5,HK,4,157,1994,6,0
B.J,9,4,F,5,HK,3,165,1994,6,1
B.J,0,6,F,0,HK,0,1,1994,6,0
B.J,5,11,F,4,HK,1,61,1994,6,0
B.J,3,12,F,1,HK,0,41,1994,6,2
B.J,4,13,F,4,HK,0,160,1994,6,0
B.J,0,15,F,0,HK,0,123,1994,6,0
B.J,0,16,F,0,HK,0,8,1994,6,0
B.J,0,17,F,0,HK,0,5,1994,6,0
B.J,1,19,F,0,HK,0,2,1994,6,1
B.J,0,21,F,0,HK,0,4,1994,6,0
B.J,1,22,F,0,HK,1,21,1994,6,0
B.J,2,0,F,0,HK,1,7,1994,7,1
B.J,8,3,F,4,HK,4,157,1994,7,0
B.J,9,4,F,6,HK,3,165,1994,7,0
B.J,1,6,F,0,HK,0,1,1994,7,1
B.J,2,9,F,2,HK,0,164,1994,7,0
B.J,12,11,F,4,HK,2,61,1994,7,6
B.J,2,12,F,0,HK,1,41,1994,7,1
B.J,5,13,F,4,HK,0,160,1994,7,1
B.J,0,15,F,0,HK,0,123,1994,7,0
B.J,1,16,F,0,HK,1,8,1994,7,0
B.J,0,17,F,0,HK,0,5,1994,7,0
B.J,1,19,F,0,HK,0,2,1994,7,1
B.J,0,21,F,0,HK,0,4,1994,7,0
B.J,1,22,F,0,HK,1,21,1994,7,0
B.J,2,0,F,0,HK,1,7,1994,8,1
B.J,8,3,F,7,HK,1,157,1994,8,0
B.J,8,4,F,5,HK,3,165,1994,8,0
B.J,0,5,F,0,HK,0,1,1994,8,0
B.J,1,6,F,0,HK,0,1,1994,8,1
B.J,0,7,F,0,HK,0,21,1994,8,0
B.J,2,9,F,2,HK,0,164,1994,8,0
B.J,15,11,F,6,HK,2,61,1994,8,7
B.J,3,12,F,0,HK,1,41,1994,8,2
B.J,3,13,F,2,HK,0,160,1994,8,1
B.J,0,15,F,0,HK,0,123,1994,8,0
B.J,1,16,F,0,HK,1,8,1994,8,0
B.J,1,17,F,1,HK,0,5,1994,8,0
B.J,1,19,F,0,HK,0,2,1994,8,1
B.J,0,21,F,0,HK,0,4,1994,8,0
B.J,1,22,F,0,HK,1,21,1994,8,0
B.J,2,0,F,0,HK,1,7,1994,9,1
B.J,0,1,F,0,HK,0,113,1994,9,0
B.J,8,3,F,7,HK,1,157,1994,9,0
B.J,9,4,F,5,HK,4,165,1994,9,0
B.J,0,5,F,0,HK,0,1,1994,9,0
B.J,1,6,F,0,HK,0,1,1994,9,1
B.J,0,7,F,0,HK,0,21,1994,9,0
B.J,2,9,F,2,HK,0,164,1994,9,0
B.J,12,11,F,3,HK,4,61,1994,9,5
B.J,2,12,F,0,HK,1,41,1994,9,1
B.J,2,13,F,1,HK,0,160,1994,9,1
B.J,0,15,F,0,HK,0,123,1994,9,0
B.J,1,16,F,0,HK,1,8,1994,9,0
B.J,0,17,F,0,HK,0,5,1994,9,0
B.J,10,18,F,3,HK,2,33,1994,9,5
B.J,2,19,F,0,HK,0,2,1994,9,2
B.J,0,21,F,0,HK,0,4,1994,9,0
B.J,3,22,F,0,HK,2,21,1994,9,1
B.J,1,0,F,0,HK,1,7,1994,10,0
B.J,0,1,F,0,HK,0,113,1994,10,0
B.J,9,3,F,7,HK,2,157,1994,10,0
B.J,9,4,F,4,HK,5,165,1994,10,0
B.J,0,5,F,0,HK,0,1,1994,10,0
B.J,1,6,F,0,HK,0,1,1994,10,1
B.J,0,7,F,0,HK,0,21,1994,10,0
B.J,2,9,F,2,HK,0,164,1994,10,0
B.J,16,10,F,3,HK,6,150,1994,10,7
B.J,12,11,F,1,HK,1,61,1994,10,10
B.J,3,12,F,0,HK,1,41,1994,10,2
B.J,3,13,F,1,HK,0,160,1994,10,2
B.J,3,14,F,2,HK,1,60,1994,10,0
B.J,0,15,F,0,HK,0,123,1994,10,0
B.J,1,16,F,0,HK,1,8,1994,10,0
B.J,0,17,F,0,HK,0,5,1994,10,0
B.J,9,18,F,3,HK,2,33,1994,10,4
B.J,2,19,F,0,HK,0,2,1994,10,2
B.J,0,21,F,0,HK,0,4,1994,10,0
B.J,2,22,F,0,HK,1,21,1994,10,1
B.J,1,0,F,0,HK,1,7,1994,11,0
B.J,2,1,F,2,HK,0,113,1994,11,0
B.J,8,2,F,1,HK,7,182,1994,11,0
B.J,9,3,F,7,HK,2,157,1994,11,0
B.J,10,4,F,4,HK,6,165,1994,11,0
B.J,0,5,F,0,HK,0,1,1994,11,0
B.J,0,6,F,0,HK,0,1,1994,11,0
B.J,0,7,F,0,HK,0,21,1994,11,0
B.J,1,8,F,1,HK,0,153,1994,11,0
B.J,2,9,F,2,HK,0,164,1994,11,0
B.J,16,10,F,4,HK,6,150,1994,11,6
B.J,12,11,F,1,HK,2,61,1994,11,9
B.J,2,12,F,0,HK,0,41,1994,11,2
B.J,1,13,F,1,HK,0,160,1994,11,0
B.J,6,14,F,5,HK,1,60,1994,11,0
B.J,0,15,F,0,HK,0,123,1994,11,0
B.J,2,16,F,0,HK,1,8,1994,11,1
B.J,1,17,F,1,HK,0,5,1994,11,0
B.J,8,18,F,2,HK,0,33,1994,11,6
B.J,1,19,F,0,HK,0,2,1994,11,1
B.J,26,20,F,7,HK,5,66,1994,11,14
B.J,1,21,F,1,HK,0,4,1994,11,0
B.J,4,22,F,0,HK,2,21,1994,11,2
B.J,0,9,F,0,HK,0,164,1995,1,0
B.J,1,13,F,1,HK,0,160,1995,1,0
B.J,1,9,F,1,HK,0,164,1995,2,0
B.J,1,13,F,1,HK,0,160,1995,2,0
B.J,0,14,F,0,HK,0,60,1995,2,0
B.J,0,16,F,0,HK,0,8,1995,2,0
B.J,0,5,F,0,HK,0,1,1995,3,0
B.J,1,9,F,1,HK,0,164,1995,3,0
B.J,1,13,F,1,HK,0,160,1995,3,0
B.J,0,14,F,0,HK,0,60,1995,3,0
B.J,0,15,F,0,HK,0,123,1995,3,0
B.J,0,16,F,0,HK,0,8,1995,3,0
B.J,0,1,F,0,HK,0,113,1995,4,0
B.J,0,5,F,0,HK,0,1,1995,4,0
B.J,1,9,F,1,HK,0,164,1995,4,0
B.J,2,12,F,2,HK,0,41,1995,4,0
B.J,3,13,F,3,HK,0,160,1995,4,0
B.J,1,14,F,0,HK,1,60,1995,4,0
B.J,0,15,F,0,HK,0,123,1995,4,0
B.J,1,16,F,0,HK,1,8,1995,4,0
B.J,0,1,F,0,HK,0,113,1995,5,0
B.J,0,5,F,0,HK,0,1,1995,5,0
B.J,1,8,F,0,HK,1,153,1995,5,0
B.J,2,9,F,2,HK,0,164,1995,5,0
B.J,3,12,F,2,HK,1,41,1995,5,0
B.J,6,13,F,5,HK,0,160,1995,5,1
B.J,2,14,F,1,HK,1,60,1995,5,0
B.J,0,15,F,0,HK,0,123,1995,5,0
B.J,0,16,F,0,HK,0,8,1995,5,0
B.J,0,22,F,0,HK,0,21,1995,5,0
B.J,0,1,F,0,HK,0,113,1995,6,0
B.J,0,5,F,0,HK,0,1,1995,6,0
B.J,2,8,F,1,HK,1,153,1995,6,0
B.J,4,9,F,4,HK,0,164,1995,6,0
B.J,2,12,F,2,HK,0,41,1995,6,0
B.J,7,13,F,6,HK,0,160,1995,6,1
B.J,2,14,F,1,HK,1,60,1995,6,0
B.J,0,15,F,0,HK,0,123,1995,6,0
B.J,1,16,F,0,HK,1,8,1995,6,0
B.J,2,17,F,1,HK,1,5,1995,6,0
B.J,0,19,F,0,HK,0,2,1995,6,0
B.J,0,22,F,0,HK,0,21,1995,6,0
B.J,0,1,F,0,HK,0,113,1995,7,0
B.J,0,5,F,0,HK,0,1,1995,7,0
B.J,0,6,F,0,HK,0,1,1995,7,0
B.J,3,8,F,0,HK,3,153,1995,7,0
B.J,3,9,F,3,HK,0,164,1995,7,0
B.J,2,12,F,2,HK,0,41,1995,7,0
B.J,5,13,F,5,HK,0,160,1995,7,0
B.J,3,14,F,2,HK,1,60,1995,7,0
B.J,0,15,F,0,HK,0,123,1995,7,0
B.J,0,16,F,0,HK,0,8,1995,7,0
B.J,2,17,F,0,HK,1,5,1995,7,1
B.J,8,18,F,6,HK,0,33,1995,7,2
B.J,0,19,F,0,HK,0,2,1995,7,0
B.J,3,22,F,3,HK,0,21,1995,7,0
B.J,1,0,F,0,HK,0,7,1995,8,1
B.J,0,1,F,0,HK,0,113,1995,8,0
B.J,0,5,F,0,HK,0,1,1995,8,0
B.J,0,6,F,0,HK,0,1,1995,8,0
B.J,2,8,F,0,HK,2,153,1995,8,0
B.J,2,9,F,2,HK,0,164,1995,8,0
B.J,1,12,F,0,HK,0,41,1995,8,1
B.J,4,13,F,4,HK,0,160,1995,8,0
B.J,2,14,F,1,HK,1,60,1995,8,0
B.J,0,15,F,0,HK,0,123,1995,8,0
B.J,2,16,F,0,HK,2,8,1995,8,0
B.J,3,17,F,0,HK,1,5,1995,8,2
B.J,8,18,F,3,HK,2,33,1995,8,3
B.J,1,19,F,0,HK,0,2,1995,8,1
B.J,23,20,F,9,HK,10,66,1995,8,4
B.J,1,22,F,1,HK,0,21,1995,8,0
B.J,2,0,F,0,HK,1,7,1995,9,1
B.J,0,1,F,0,HK,0,113,1995,9,0
B.J,2,3,F,2,HK,0,157,1995,9,0
B.J,0,5,F,0,HK,0,1,1995,9,0
B.J,0,6,F,0,HK,0,1,1995,9,0
B.J,3,8,F,1,HK,2,153,1995,9,0
B.J,2,9,F,2,HK,0,164,1995,9,0
B.J,13,11,F,5,HK,4,61,1995,9,4
B.J,1,12,F,1,HK,0,41,1995,9,0
B.J,4,13,F,3,HK,0,160,1995,9,1
B.J,2,14,F,1,HK,1,60,1995,9,0
B.J,0,15,F,0,HK,0,123,1995,9,0
B.J,1,16,F,0,HK,1,8,1995,9,0
B.J,2,17,F,0,HK,1,5,1995,9,1
B.J,6,18,F,2,HK,1,33,1995,9,3
B.J,1,19,F,0,HK,0,2,1995,9,1
B.J,22,20,F,9,HK,9,66,1995,9,4
B.J,1,22,F,1,HK,0,21,1995,9,0
B.J,3,0,F,0,HK,1,7,1995,10,2
B.J,3,1,F,3,HK,0,113,1995,10,0
B.J,2,2,F,0,HK,2,182,1995,10,0
B.J,2,3,F,2,HK,0,157,1995,10,0
B.J,0,5,F,0,HK,0,1,1995,10,0
B.J,0,6,F,0,HK,0,1,1995,10,0
B.J,3,8,F,1,HK,2,153,1995,10,0
B.J,2,9,F,2,HK,0,164,1995,10,0
B.J,13,11,F,5,HK,4,61,1995,10,4
B.J,2,12,F,1,HK,1,41,1995,10,0
B.J,4,13,F,3,HK,0,160,1995,10,1
B.J,4,14,F,3,HK,1,60,1995,10,0
B.J,0,15,F,0,HK,0,123,1995,10,0
B.J,1,16,F,0,HK,1,8,1995,10,0
B.J,0,17,F,0,HK,0,5,1995,10,0
B.J,5,18,F,1,HK,0,33,1995,10,4
B.J,1,19,F,0,HK,0,2,1995,10,1
B.J,23,20,F,6,HK,3,66,1995,10,14
B.J,0,21,F,0,HK,0,4,1995,10,0
B.J,3,22,F,0,HK,1,21,1995,10,2
B.J,1,0,F,0,HK,1,7,1995,11,0
B.J,3,1,F,3,HK,0,113,1995,11,0
B.J,8,2,F,2,HK,6,182,1995,11,0
B.J,11,3,F,8,HK,3,157,1995,11,0
B.J,10,4,F,4,HK,6,165,1995,11,0
B.J,0,5,F,0,HK,0,1,1995,11,0
B.J,0,6,F,0,HK,0,1,1995,11,0
B.J,0,7,F,0,HK,0,21,1995,11,0
B.J,1,8,F,1,HK,0,153,1995,11,0
B.J,2,9,F,2,HK,0,164,1995,11,0
B.J,20,10,F,8,HK,7,150,1995,11,5
B.J,11,11,F,0,HK,1,61,1995,11,10
B.J,1,12,F,0,HK,1,41,1995,11,0
B.J,2,13,F,1,HK,0,160,1995,11,1
B.J,3,14,F,2,HK,1,60,1995,11,0
B.J,0,15,F,0,HK,0,123,1995,11,0
B.J,1,16,F,0,HK,1,8,1995,11,0
B.J,1,17,F,0,HK,0,5,1995,11,1
B.J,8,18,F,1,HK,1,33,1995,11,6
B.J,1,19,F,0,HK,0,2,1995,11,1
B.J,20,20,F,5,HK,5,66,1995,11,10
B.J,0,21,F,0,HK,0,4,1995,11,0
B.J,3,22,F,0,HK,1,21,1995,11,2
B.V,0,0,G.V,0,HK,0,7,1993,1,0
B.V,0,4,G.V,0,HK,0,165,1993,1,0
B.V,1,0,G.V,1,HK,0,7,1993,2,0
B.V,2,4,G.V,1,HK,1,165,1993,2,0
B.V,0,8,G.V,0,HK,0,153,1993,2,0
B.V,9,12,G.V,6,HK,3,41,1993,2,0
B.V,3,0,G.V,2,HK,0,7,1993,3,1
B.V,3,2,G.V,0,HK,3,182,1993,3,0
B.V,3,4,G.V,2,HK,1,165,1993,3,0
B.V,0,8,G.V,0,HK,0,153,1993,3,0
B.V,18,11,G.V,8,HK,8,61,1993,3,2
B.V,10,12,G.V,5,HK,4,41,1993,3,1
B.V,3,0,G.V,2,HK,0,7,1993,4,1
B.V,1,2,G.V,0,HK,1,182,1993,4,0
B.V,31,3,G.V,15,HK,14,157,1993,4,2
B.V,31,4,G.V,9,HK,17,165,1993,4,5
B.V,1,8,G.V,0,HK,1,153,1993,4,0
B.V,18,11,G.V,7,HK,8,61,1993,4,3
B.V,9,12,G.V,5,HK,4,41,1993,4,0
B.V,0,17,G.V,0,HK,0,5,1993,4,0
B.V,3,0,G.V,2,HK,0,7,1993,5,1
B.V,1,2,G.V,0,HK,1,182,1993,5,0
B.V,29,3,G.V,15,HK,12,157,1993,5,2
B.V,31,4,G.V,9,HK,18,165,1993,5,4
B.V,2,8,G.V,0,HK,2,153,1993,5,0
B.V,26,11,G.V,8,HK,9,61,1993,5,9
B.V,10,12,G.V,5,HK,3,41,1993,5,2
B.V,2,16,G.V,0,HK,1,8,1993,5,1
B.V,0,17,G.V,0,HK,0,5,1993,5,0
B.V,0,21,G.V,0,HK,0,4,1993,5,0
B.V,4,0,G.V,3,HK,0,7,1993,6,1
B.V,0,2,G.V,0,HK,0,182,1993,6,0
B.V,33,3,G.V,17,HK,15,157,1993,6,1
B.V,34,4,G.V,8,HK,24,165,1993,6,2
B.V,7,8,G.V,2,HK,4,153,1993,6,1
B.V,25,11,G.V,8,HK,9,61,1993,6,8
B.V,10,12,G.V,5,HK,3,41,1993,6,2
B.V,6,13,G.V,6,HK,0,160,1993,6,0
B.V,2,16,G.V,0,HK,1,8,1993,6,1
B.V,0,17,G.V,0,HK,0,5,1993,6,0
B.V,2,21,G.V,0,HK,1,4,1993,6,1
B.V,4,22,G.V,0,HK,3,21,1993,6,1
B.V,4,0,G.V,3,HK,0,7,1993,7,1
B.V,0,2,G.V,0,HK,0,182,1993,7,0
B.V,30,3,G.V,13,HK,16,157,1993,7,1
B.V,31,4,G.V,7,HK,22,165,1993,7,2
B.V,9,8,G.V,3,HK,6,153,1993,7,0
B.V,30,11,G.V,6,HK,13,61,1993,7,11
B.V,9,12,G.V,5,HK,3,41,1993,7,1
B.V,9,13,G.V,4,HK,4,160,1993,7,1
B.V,5,14,G.V,2,HK,2,60,1993,7,1
B.V,2,16,G.V,0,HK,1,8,1993,7,1
B.V,2,17,G.V,0,HK,2,5,1993,7,0
B.V,18,18,G.V,4,HK,10,33,1993,7,4
B.V,2,21,G.V,0,HK,2,4,1993,7,0
B.V,5,22,G.V,0,HK,4,21,1993,7,1
B.V,4,0,G.V,3,HK,0,7,1993,8,1
B.V,0,2,G.V,0,HK,0,182,1993,8,0
B.V,29,3,G.V,12,HK,15,157,1993,8,2
B.V,31,4,G.V,7,HK,23,165,1993,8,1
B.V,11,8,G.V,1,HK,7,153,1993,8,3
B.V,4,9,G.V,2,HK,2,164,1993,8,0
B.V,35,11,G.V,4,HK,18,61,1993,8,13
B.V,11,12,G.V,5,HK,4,41,1993,8,2
B.V,13,13,G.V,6,HK,6,160,1993,8,1
B.V,4,14,G.V,1,HK,3,60,1993,8,0
B.V,2,16,G.V,0,HK,1,8,1993,8,1
B.V,3,17,G.V,0,HK,3,5,1993,8,0
B.V,20,18,G.V,3,HK,8,33,1993,8,9
B.V,2,19,G.V,1,HK,1,2,1993,8,0
B.V,2,21,G.V,0,HK,0,4,1993,8,2
B.V,5,22,G.V,0,HK,3,21,1993,8,2
B.V,4,0,G.V,3,HK,0,7,1993,9,1
B.V,0,2,G.V,0,HK,0,182,1993,9,0
B.V,30,3,G.V,13,HK,15,157,1993,9,2
B.V,31,4,G.V,8,HK,21,165,1993,9,2
B.V,1,6,G.V,0,HK,0,1,1993,9,1
B.V,9,8,G.V,1,HK,5,153,1993,9,3
B.V,4,9,G.V,2,HK,2,164,1993,9,0
B.V,37,11,G.V,4,HK,19,61,1993,9,14
B.V,11,12,G.V,5,HK,3,41,1993,9,3
B.V,13,13,G.V,5,HK,7,160,1993,9,1
B.V,6,14,G.V,3,HK,3,60,1993,9,0
B.V,2,15,G.V,0,HK,2,123,1993,9,0
B.V,3,16,G.V,0,HK,2,8,1993,9,1
B.V,3,17,G.V,0,HK,2,5,1993,9,1
B.V,20,18,G.V,1,HK,6,33,1993,9,13
B.V,2,19,G.V,1,HK,1,2,1993,9,0
B.V,2,21,G.V,0,HK,0,4,1993,9,2
B.V,5,22,G.V,0,HK,3,21,1993,9,2
B.V,4,0,G.V,3,HK,0,7,1993,10,1
B.V,0,2,G.V,0,HK,0,182,1993,10,0
B.V,29,3,G.V,12,HK,15,157,1993,10,2
B.V,32,4,G.V,9,HK,22,165,1993,10,1
B.V,0,5,G.V,0,HK,0,1,1993,10,0
B.V,1,6,G.V,0,HK,0,1,1993,10,1
B.V,8,8,G.V,1,HK,4,153,1993,10,3
B.V,6,9,G.V,2,HK,4,164,1993,10,0
B.V,36,11,G.V,4,HK,18,61,1993,10,14
B.V,10,12,G.V,5,HK,3,41,1993,10,2
B.V,14,13,G.V,6,HK,7,160,1993,10,1
B.V,19,14,G.V,5,HK,12,60,1993,10,2
B.V,2,15,G.V,0,HK,2,123,1993,10,0
B.V,4,16,G.V,1,HK,2,8,1993,10,1
B.V,3,17,G.V,0,HK,2,5,1993,10,1
B.V,19,18,G.V,0,HK,5,33,1993,10,14
B.V,2,19,G.V,1,HK,0,2,1993,10,1
B.V,45,20,G.V,2,HK,4,66,1993,10,39
B.V,2,21,G.V,0,HK,0,4,1993,10,2
B.V,6,22,G.V,0,HK,3,21,1993,10,3
B.V,3,0,G.V,1,HK,0,7,1993,11,2
B.V,12,1,G.V,7,HK,4,113,1993,11,1
B.V,10,2,G.V,2,HK,8,182,1993,11,0
B.V,35,3,G.V,16,HK,16,157,1993,11,3
B.V,32,4,G.V,8,HK,22,165,1993,11,2
B.V,1,5,G.V,1,HK,0,1,1993,11,0
B.V,1,6,G.V,0,HK,0,1,1993,11,1
B.V,0,7,G.V,0,HK,0,21,1993,11,0
B.V,12,8,G.V,1,HK,8,153,1993,11,3
B.V,6,9,G.V,2,HK,4,164,1993,11,0
B.V,67,10,G.V,2,HK,44,150,1993,11,21
B.V,34,11,G.V,0,HK,7,61,1993,11,27
B.V,11,12,G.V,5,HK,3,41,1993,11,3
B.V,14,13,G.V,6,HK,7,160,1993,11,1
B.V,17,14,G.V,5,HK,10,60,1993,11,2
B.V,2,15,G.V,0,HK,2,123,1993,11,0
B.V,5,16,G.V,2,HK,3,8,1993,11,0
B.V,3,17,G.V,0,HK,2,5,1993,11,1
B.V,21,18,G.V,1,HK,5,33,1993,11,15
B.V,2,19,G.V,1,HK,0,2,1993,11,1
B.V,46,20,G.V,2,HK,5,66,1993,11,39
B.V,2,21,G.V,0,HK,0,4,1993,11,2
B.V,6,22,G.V,0,HK,3,21,1993,11,3
B.V,0,16,G.V,0,HK,0,8,1994,1,0
B.V,0,22,G.V,0,HK,0,21,1994,1,0
B.V,7,12,G.V,6,HK,1,41,1994,2,0
B.V,4,13,G.V,4,HK,0,160,1994,2,0
B.V,2,16,G.V,0,HK,2,8,1994,2,0
B.V,0,22,G.V,0,HK,0,21,1994,2,0
B.V,1,4,G.V,1,HK,0,165,1994,3,0
B.V,7,12,G.V,6,HK,1,41,1994,3,0
B.V,7,13,G.V,5,HK,2,160,1994,3,0
B.V,2,16,G.V,0,HK,2,8,1994,3,0
B.V,3,21,G.V,0,HK,3,4,1994,3,0
B.V,3,22,G.V,0,HK,3,21,1994,3,0
B.V,0,4,G.V,0,HK,0,165,1994,4,0
B.V,7,12,G.V,5,HK,2,41,1994,4,0
B.V,11,13,G.V,8,HK,2,160,1994,4,1
B.V,2,16,G.V,0,HK,2,8,1994,4,0
B.V,3,17,G.V,0,HK,3,5,1994,4,0
B.V,2,19,G.V,1,HK,1,2,1994,4,0
B.V,3,21,G.V,0,HK,1,4,1994,4,2
B.V,5,22,G.V,0,HK,4,21,1994,4,1
B.V,0,4,G.V,0,HK,0,165,1994,5,0
B.V,1,6,G.V,0,HK,0,1,1994,5,1
B.V,21,11,G.V,6,HK,10,61,1994,5,5
B.V,7,12,G.V,5,HK,1,41,1994,5,1
B.V,11,13,G.V,8,HK,2,160,1994,5,1
B.V,3,16,G.V,0,HK,2,8,1994,5,1
B.V,3,17,G.V,0,HK,3,5,1994,5,0
B.V,2,19,G.V,1,HK,1,2,1994,5,0
B.V,3,21,G.V,0,HK,1,4,1994,5,2
B.V,5,22,G.V,0,HK,3,21,1994,5,2
B.V,31,3,G.V,15,HK,15,157,1994,6,1
B.V,30,4,G.V,11,HK,19,165,1994,6,0
B.V,1,6,G.V,0,HK,0,1,1994,6,1
B.V,30,11,G.V,4,HK,19,61,1994,6,7
B.V,8,12,G.V,6,HK,1,41,1994,6,1
B.V,11,13,G.V,8,HK,2,160,1994,6,1
B.V,2,15,G.V,0,HK,2,123,1994,6,0
B.V,4,16,G.V,1,HK,3,8,1994,6,0
B.V,3,17,G.V,0,HK,3,5,1994,6,0
B.V,2,19,G.V,1,HK,1,2,1994,6,0
B.V,3,21,G.V,0,HK,1,4,1994,6,2
B.V,5,22,G.V,0,HK,3,21,1994,6,2
B.V,3,0,G.V,2,HK,0,7,1994,7,1
B.V,30,3,G.V,14,HK,15,157,1994,7,1
B.V,28,4,G.V,9,HK,19,165,1994,7,0
B.V,1,6,G.V,0,HK,0,1,1994,7,1
B.V,6,9,G.V,1,HK,5,164,1994,7,0
B.V,34,11,G.V,4,HK,18,61,1994,7,12
B.V,13,12,G.V,5,HK,5,41,1994,7,3
B.V,11,13,G.V,7,HK,4,160,1994,7,0
B.V,2,15,G.V,0,HK,2,123,1994,7,0
B.V,4,16,G.V,0,HK,3,8,1994,7,1
B.V,3,17,G.V,0,HK,3,5,1994,7,0
B.V,2,19,G.V,1,HK,1,2,1994,7,0
B.V,3,21,G.V,0,HK,1,4,1994,7,2
B.V,5,22,G.V,0,HK,3,21,1994,7,2
B.V,4,0,G.V,3,HK,0,7,1994,8,1
B.V,32,3,G.V,15,HK,15,157,1994,8,2
B.V,27,4,G.V,6,HK,20,165,1994,8,1
B.V,0,5,G.V,0,HK,0,1,1994,8,0
B.V,1,6,G.V,0,HK,0,1,1994,8,1
B.V,0,7,G.V,0,HK,0,21,1994,8,0
B.V,7,9,G.V,2,HK,5,164,1994,8,0
B.V,38,11,G.V,5,HK,17,61,1994,8,16
B.V,11,12,G.V,5,HK,3,41,1994,8,3
B.V,15,13,G.V,10,HK,4,160,1994,8,1
B.V,2,15,G.V,0,HK,2,123,1994,8,0
B.V,3,16,G.V,0,HK,2,8,1994,8,1
B.V,3,17,G.V,0,HK,3,5,1994,8,0
B.V,2,19,G.V,1,HK,1,2,1994,8,0
B.V,3,21,G.V,0,HK,1,4,1994,8,2
B.V,6,22,G.V,0,HK,3,21,1994,8,3
B.V,4,0,G.V,3,HK,0,7,1994,9,1
B.V,8,1,G.V,0,HK,8,113,1994,9,0
B.V,35,3,G.V,16,HK,17,157,1994,9,2
B.V,32,4,G.V,9,HK,21,165,1994,9,2
B.V,0,5,G.V,0,HK,0,1,1994,9,0
B.V,1,6,G.V,0,HK,0,1,1994,9,1
B.V,0,7,G.V,0,HK,0,21,1994,9,0
B.V,6,9,G.V,2,HK,4,164,1994,9,0
B.V,37,11,G.V,3,HK,17,61,1994,9,17
B.V,13,12,G.V,5,HK,5,41,1994,9,3
B.V,12,13,G.V,6,HK,5,160,1994,9,1
B.V,2,15,G.V,0,HK,2,123,1994,9,0
B.V,4,16,G.V,0,HK,3,8,1994,9,1
B.V,4,17,G.V,0,HK,3,5,1994,9,1
B.V,21,18,G.V,4,HK,6,33,1994,9,11
B.V,2,19,G.V,1,HK,0,2,1994,9,1
B.V,2,21,G.V,0,HK,0,4,1994,9,2
B.V,6,22,G.V,0,HK,3,21,1994,9,3
B.V,4,0,G.V,2,HK,1,7,1994,10,1
B.V,10,1,G.V,1,HK,9,113,1994,10,0
B.V,34,3,G.V,15,HK,17,157,1994,10,2
B.V,29,4,G.V,9,HK,19,165,1994,10,1
B.V,0,5,G.V,0,HK,0,1,1994,10,0
B.V,1,6,G.V,0,HK,0,1,1994,10,1
B.V,0,7,G.V,0,HK,0,21,1994,10,0
B.V,7,9,G.V,2,HK,5,164,1994,10,0
B.V,67,10,G.V,2,HK,44,150,1994,10,21
B.V,32,11,G.V,1,HK,7,61,1994,10,24
B.V,11,12,G.V,5,HK,3,41,1994,10,3
B.V,13,13,G.V,6,HK,6,160,1994,10,1
B.V,17,14,G.V,5,HK,10,60,1994,10,2
B.V,2,15,G.V,0,HK,2,123,1994,10,0
B.V,5,16,G.V,2,HK,3,8,1994,10,0
B.V,4,17,G.V,0,HK,3,5,1994,10,1
B.V,23,18,G.V,3,HK,7,33,1994,10,13
B.V,2,19,G.V,1,HK,0,2,1994,10,1
B.V,2,21,G.V,0,HK,0,4,1994,10,2
B.V,6,22,G.V,0,HK,3,21,1994,10,3
B.V,3,0,G.V,1,HK,0,7,1994,11,2
B.V,12,1,G.V,7,HK,4,113,1994,11,1
B.V,10,2,G.V,2,HK,8,182,1994,11,0
B.V,35,3,G.V,16,HK,16,157,1994,11,3
B.V,32,4,G.V,8,HK,22,165,1994,11,2
B.V,1,5,G.V,1,HK,0,1,1994,11,0
B.V,1,6,G.V,0,HK,0,1,1994,11,1
B.V,0,7,G.V,0,HK,0,21,1994,11,0
B.V,12,8,G.V,1,HK,8,153,1994,11,3
B.V,6,9,G.V,2,HK,4,164,1994,11,0
B.V,67,10,G.V,2,HK,44,150,1994,11,21
B.V,34,11,G.V,0,HK,7,61,1994,11,27
B.V,11,12,G.V,5,HK,3,41,1994,11,3
B.V,14,13,G.V,6,HK,7,160,1994,11,1
B.V,17,14,G.V,5,HK,10,60,1994,11,2
B.V,2,15,G.V,0,HK,2,123,1994,11,0
B.V,5,16,G.V,2,HK,3,8,1994,11,0
B.V,3,17,G.V,0,HK,2,5,1994,11,1
B.V,21,18,G.V,1,HK,5,33,1994,11,15
B.V,2,19,G.V,1,HK,0,2,1994,11,1
B.V,46,20,G.V,2,HK,5,66,1994,11,39
B.V,2,21,G.V,0,HK,0,4,1994,11,2
B.V,6,22,G.V,0,HK,3,21,1994,11,3
B.V,0,9,G.V,0,HK,0,164,1995,1,0
B.V,5,13,G.V,4,HK,1,160,1995,1,0
B.V,1,9,G.V,1,HK,0,164,1995,2,0
B.V,9,13,G.V,4,HK,4,160,1995,2,1
B.V,1,14,G.V,0,HK,1,60,1995,2,0
B.V,0,16,G.V,0,HK,0,8,1995,2,0
B.V,0,5,G.V,0,HK,0,1,1995,3,0
B.V,4,9,G.V,1,HK,3,164,1995,3,0
B.V,8,13,G.V,5,HK,3,160,1995,3,0
B.V,11,14,G.V,1,HK,10,60,1995,3,0
B.V,2,15,G.V,0,HK,1,123,1995,3,1
B.V,0,16,G.V,0,HK,0,8,1995,3,0
B.V,0,1,G.V,0,HK,0,113,1995,4,0
B.V,0,5,G.V,0,HK,0,1,1995,4,0
B.V,5,9,G.V,2,HK,3,164,1995,4,0
B.V,8,12,G.V,7,HK,1,41,1995,4,0
B.V,7,13,G.V,2,HK,4,160,1995,4,1
B.V,12,14,G.V,1,HK,11,60,1995,4,0
B.V,2,15,G.V,0,HK,1,123,1995,4,1
B.V,3,16,G.V,1,HK,2,8,1995,4,0
B.V,2,1,G.V,0,HK,2,113,1995,5,0
B.V,0,5,G.V,0,HK,0,1,1995,5,0
B.V,6,8,G.V,0,HK,6,153,1995,5,0
B.V,4,9,G.V,2,HK,2,164,1995,5,0
B.V,8,12,G.V,7,HK,1,41,1995,5,0
B.V,6,13,G.V,1,HK,4,160,1995,5,1
B.V,13,14,G.V,2,HK,11,60,1995,5,0
B.V,6,15,G.V,0,HK,6,123,1995,5,0
B.V,3,16,G.V,1,HK,2,8,1995,5,0
B.V,2,22,G.V,0,HK,2,21,1995,5,0
B.V,3,1,G.V,0,HK,3,113,1995,6,0
B.V,0,5,G.V,0,HK,0,1,1995,6,0
B.V,9,8,G.V,1,HK,5,153,1995,6,3
B.V,5,9,G.V,3,HK,2,164,1995,6,0
B.V,7,12,G.V,6,HK,1,41,1995,6,0
B.V,12,13,G.V,5,HK,6,160,1995,6,1
B.V,14,14,G.V,3,HK,9,60,1995,6,2
B.V,5,15,G.V,0,HK,5,123,1995,6,0
B.V,3,16,G.V,1,HK,2,8,1995,6,0
B.V,2,17,G.V,0,HK,2,5,1995,6,0
B.V,2,19,G.V,1,HK,1,2,1995,6,0
B.V,4,22,G.V,1,HK,1,21,1995,6,2
B.V,5,1,G.V,0,HK,5,113,1995,7,0
B.V,0,5,G.V,0,HK,0,1,1995,7,0
B.V,1,6,G.V,0,HK,0,1,1995,7,1
B.V,10,8,G.V,2,HK,6,153,1995,7,2
B.V,4,9,G.V,2,HK,2,164,1995,7,0
B.V,6,12,G.V,5,HK,1,41,1995,7,0
B.V,12,13,G.V,5,HK,6,160,1995,7,1
B.V,16,14,G.V,5,HK,9,60,1995,7,2
B.V,5,15,G.V,0,HK,5,123,1995,7,0
B.V,3,16,G.V,1,HK,2,8,1995,7,0
B.V,2,17,G.V,1,HK,1,5,1995,7,0
B.V,22,18,G.V,2,HK,10,33,1995,7,10
B.V,2,19,G.V,1,HK,1,2,1995,7,0
B.V,4,22,G.V,1,HK,1,21,1995,7,2
B.V,3,0,G.V,2,HK,0,7,1995,8,1
B.V,5,1,G.V,0,HK,5,113,1995,8,0
B.V,0,5,G.V,0,HK,0,1,1995,8,0
B.V,1,6,G.V,0,HK,0,1,1995,8,1
B.V,11,8,G.V,2,HK,7,153,1995,8,2
B.V,4,9,G.V,2,HK,2,164,1995,8,0
B.V,12,12,G.V,5,HK,4,41,1995,8,3
B.V,15,13,G.V,5,HK,9,160,1995,8,1
B.V,16,14,G.V,5,HK,9,60,1995,8,2
B.V,3,15,G.V,0,HK,3,123,1995,8,0
B.V,3,16,G.V,0,HK,3,8,1995,8,0
B.V,3,17,G.V,0,HK,2,5,1995,8,1
B.V,22,18,G.V,2,HK,9,33,1995,8,11
B.V,2,19,G.V,1,HK,0,2,1995,8,1
B.V,43,20,G.V,4,HK,6,66,1995,8,33
B.V,5,22,G.V,1,HK,2,21,1995,8,2
B.V,4,0,G.V,3,HK,0,7,1995,9,1
B.V,5,1,G.V,0,HK,5,113,1995,9,0
B.V,1,3,G.V,0,HK,1,157,1995,9,0
B.V,0,5,G.V,0,HK,0,1,1995,9,0
B.V,1,6,G.V,0,HK,0,1,1995,9,1
B.V,11,8,G.V,2,HK,7,153,1995,9,2
B.V,6,9,G.V,2,HK,4,164,1995,9,0
B.V,36,11,G.V,4,HK,16,61,1995,9,16
B.V,10,12,G.V,5,HK,4,41,1995,9,1
B.V,16,13,G.V,6,HK,9,160,1995,9,1
B.V,17,14,G.V,5,HK,10,60,1995,9,2
B.V,2,15,G.V,0,HK,2,123,1995,9,0
B.V,3,16,G.V,0,HK,2,8,1995,9,1
B.V,3,17,G.V,1,HK,2,5,1995,9,0
B.V,21,18,G.V,1,HK,10,33,1995,9,10
B.V,2,19,G.V,1,HK,0,2,1995,9,1
B.V,43,20,G.V,4,HK,6,66,1995,9,33
B.V,4,22,G.V,1,HK,1,21,1995,9,2
B.V,4,0,G.V,3,HK,0,7,1995,10,1
B.V,9,1,G.V,5,HK,4,113,1995,10,0
B.V,3,2,G.V,2,HK,1,182,1995,10,0
B.V,1,3,G.V,0,HK,1,157,1995,10,0
B.V,1,5,G.V,1,HK,0,1,1995,10,0
B.V,1,6,G.V,0,HK,0,1,1995,10,1
B.V,13,8,G.V,1,HK,9,153,1995,10,3
B.V,6,9,G.V,2,HK,4,164,1995,10,0
B.V,37,11,G.V,5,HK,17,61,1995,10,15
B.V,10,12,G.V,5,HK,3,41,1995,10,2
B.V,16,13,G.V,6,HK,9,160,1995,10,1
B.V,18,14,G.V,5,HK,11,60,1995,10,2
B.V,2,15,G.V,0,HK,2,123,1995,10,0
B.V,4,16,G.V,1,HK,2,8,1995,10,1
B.V,3,17,G.V,0,HK,2,5,1995,10,1
B.V,22,18,G.V,1,HK,5,33,1995,10,16
B.V,2,19,G.V,1,HK,0,2,1995,10,1
B.V,47,20,G.V,2,HK,6,66,1995,10,39
B.V,2,21,G.V,0,HK,0,4,1995,10,2
B.V,7,22,G.V,0,HK,4,21,1995,10,3
B.V,3,0,G.V,1,HK,0,7,1995,11,2
B.V,12,1,G.V,7,HK,4,113,1995,11,1
B.V,10,2,G.V,2,HK,8,182,1995,11,0
B.V,35,3,G.V,16,HK,16,157,1995,11,3
B.V,32,4,G.V,8,HK,22,165,1995,11,2
B.V,1,5,G.V,1,HK,0,1,1995,11,0
B.V,1,6,G.V,0,HK,0,1,1995,11,1
B.V,0,7,G.V,0,HK,0,21,1995,11,0
B.V,12,8,G.V,1,HK,8,153,1995,11,3
B.V,6,9,G.V,2,HK,4,164,1995,11,0
B.V,67,10,G.V,2,HK,44,150,1995,11,21
B.V,34,11,G.V,0,HK,7,61,1995,11,27
B.V,11,12,G.V,5,HK,3,41,1995,11,3
B.V,14,13,G.V,6,HK,7,160,1995,11,1
B.V,17,14,G.V,5,HK,10,60,1995,11,2
B.V,2,15,G.V,0,HK,2,123,1995,11,0
B.V,5,16,G.V,2,HK,3,8,1995,11,0
B.V,3,17,G.V,0,HK,2,5,1995,11,1
B.V,21,18,G.V,1,HK,5,33,1995,11,15
B.V,2,19,G.V,1,HK,0,2,1995,11,1
B.V,46,20,G.V,2,HK,5,66,1995,11,39
B.V,2,21,G.V,0,HK,0,4,1995,11,2
B.V,6,22,G.V,0,HK,3,21,1995,11,3
B.Z,1,0,G.Z,1,HK,0,7,1993,1,0
B.Z,76,4,G.Z,76,HK,0,165,1993,1,0
B.Z,5,0,G.Z,3,HK,0,7,1993,2,2
B.Z,109,4,G.Z,107,HK,1,165,1993,2,1
B.Z,86,8,G.Z,80,HK,2,153,1993,2,4
B.Z,38,12,G.Z,27,HK,1,41,1993,2,10
B.Z,4,0,G.Z,3,HK,0,7,1993,3,1
B.Z,96,2,G.Z,10,HK,0,182,1993,3,86
B.Z,117,4,G.Z,112,HK,1,165,1993,3,4
B.Z,109,8,G.Z,100,HK,2,153,1993,3,7
B.Z,33,11,G.Z,8,HK,19,61,1993,3,6
B.Z,26,12,G.Z,7,HK,0,41,1993,3,19
B.Z,4,0,G.Z,3,HK,0,7,1993,4,1
B.Z,117,2,G.Z,2,HK,0,182,1993,4,115
B.Z,128,3,G.Z,71,HK,0,157,1993,4,57
B.Z,124,4,G.Z,101,HK,5,165,1993,4,18
B.Z,133,8,G.Z,120,HK,3,153,1993,4,10
B.Z,33,11,G.Z,8,HK,19,61,1993,4,6
B.Z,26,12,G.Z,7,HK,0,41,1993,4,19
B.Z,5,17,G.Z,1,HK,2,5,1993,4,2
B.Z,7,0,G.Z,2,HK,0,7,1993,5,5
B.Z,161,2,G.Z,2,HK,0,182,1993,5,159
B.Z,140,3,G.Z,71,HK,0,157,1993,5,69
B.Z,150,4,G.Z,127,HK,3,165,1993,5,20
B.Z,140,8,G.Z,127,HK,2,153,1993,5,11
B.Z,40,11,G.Z,11,HK,23,61,1993,5,6
B.Z,32,12,G.Z,4,HK,0,41,1993,5,28
B.Z,7,16,G.Z,5,HK,0,8,1993,5,2
B.Z,5,17,G.Z,1,HK,2,5,1993,5,2
B.Z,4,21,G.Z,2,HK,0,4,1993,5,2
B.Z,7,0,G.Z,2,HK,0,7,1993,6,5
B.Z,161,2,G.Z,2,HK,0,182,1993,6,159
B.Z,140,3,G.Z,60,HK,0,157,1993,6,80
B.Z,150,4,G.Z,127,HK,3,165,1993,6,20
B.Z,142,8,G.Z,112,HK,4,153,1993,6,26
B.Z,41,11,G.Z,11,HK,24,61,1993,6,6
B.Z,32,12,G.Z,4,HK,0,41,1993,6,28
B.Z,158,13,G.Z,118,HK,0,160,1993,6,40
B.Z,7,16,G.Z,5,HK,0,8,1993,6,2
B.Z,5,17,G.Z,1,HK,2,5,1993,6,2
B.Z,4,21,G.Z,1,HK,0,4,1993,6,3
B.Z,17,22,G.Z,4,HK,0,21,1993,6,13
B.Z,7,0,G.Z,2,HK,0,7,1993,7,5
B.Z,163,2,G.Z,2,HK,0,182,1993,7,161
B.Z,140,3,G.Z,60,HK,0,157,1993,7,80
B.Z,150,4,G.Z,126,HK,3,165,1993,7,21
B.Z,145,8,G.Z,113,HK,2,153,1993,7,30
B.Z,43,11,G.Z,12,HK,24,61,1993,7,7
B.Z,33,12,G.Z,4,HK,0,41,1993,7,29
B.Z,158,13,G.Z,117,HK,0,160,1993,7,41
B.Z,44,14,G.Z,39,HK,1,60,1993,7,4
B.Z,7,16,G.Z,5,HK,0,8,1993,7,2
B.Z,5,17,G.Z,1,HK,2,5,1993,7,2
B.Z,32,18,G.Z,0,HK,0,33,1993,7,32
B.Z,4,21,G.Z,1,HK,0,4,1993,7,3
B.Z,17,22,G.Z,2,HK,0,21,1993,7,15
B.Z,7,0,G.Z,2,HK,0,7,1993,8,5
B.Z,164,2,G.Z,2,HK,0,182,1993,8,162
B.Z,141,3,G.Z,60,HK,0,157,1993,8,81
B.Z,151,4,G.Z,127,HK,3,165,1993,8,21
B.Z,145,8,G.Z,113,HK,2,153,1993,8,30
B.Z,159,9,G.Z,118,HK,0,164,1993,8,41
B.Z,44,11,G.Z,11,HK,25,61,1993,8,8
B.Z,33,12,G.Z,4,HK,0,41,1993,8,29
B.Z,158,13,G.Z,117,HK,0,160,1993,8,41
B.Z,44,14,G.Z,39,HK,1,60,1993,8,4
B.Z,7,16,G.Z,5,HK,0,8,1993,8,2
B.Z,5,17,G.Z,1,HK,2,5,1993,8,2
B.Z,32,18,G.Z,0,HK,0,33,1993,8,32
B.Z,2,19,G.Z,0,HK,0,2,1993,8,2
B.Z,4,21,G.Z,1,HK,0,4,1993,8,3
B.Z,17,22,G.Z,2,HK,0,21,1993,8,15
B.Z,7,0,G.Z,2,HK,0,7,1993,9,5
B.Z,168,2,G.Z,1,HK,0,182,1993,9,167
B.Z,143,3,G.Z,60,HK,0,157,1993,9,83
B.Z,151,4,G.Z,127,HK,3,165,1993,9,21
B.Z,1,6,G.Z,0,HK,0,1,1993,9,1
B.Z,150,8,G.Z,98,HK,6,153,1993,9,46
B.Z,162,9,G.Z,103,HK,0,164,1993,9,59
B.Z,48,11,G.Z,10,HK,28,61,1993,9,10
B.Z,34,12,G.Z,4,HK,0,41,1993,9,30
B.Z,158,13,G.Z,111,HK,0,160,1993,9,47
B.Z,48,14,G.Z,21,HK,5,60,1993,9,22
B.Z,121,15,G.Z,117,HK,0,123,1993,9,4
B.Z,7,16,G.Z,5,HK,0,8,1993,9,2
B.Z,5,17,G.Z,0,HK,2,5,1993,9,3
B.Z,33,18,G.Z,0,HK,0,33,1993,9,33
B.Z,2,19,G.Z,0,HK,0,2,1993,9,2
B.Z,4,21,G.Z,1,HK,0,4,1993,9,3
B.Z,19,22,G.Z,2,HK,0,21,1993,9,17
B.Z,7,0,G.Z,2,HK,0,7,1993,10,5
B.Z,168,2,G.Z,1,HK,0,182,1993,10,167
B.Z,143,3,G.Z,60,HK,0,157,1993,10,83
B.Z,151,4,G.Z,127,HK,3,165,1993,10,21
B.Z,0,5,G.Z,0,HK,0,1,1993,10,0
B.Z,1,6,G.Z,0,HK,0,1,1993,10,1
B.Z,150,8,G.Z,98,HK,6,153,1993,10,46
B.Z,162,9,G.Z,103,HK,0,164,1993,10,59
B.Z,48,11,G.Z,10,HK,28,61,1993,10,10
B.Z,34,12,G.Z,4,HK,0,41,1993,10,30
B.Z,158,13,G.Z,109,HK,0,160,1993,10,49
B.Z,48,14,G.Z,20,HK,5,60,1993,10,23
B.Z,121,15,G.Z,117,HK,0,123,1993,10,4
B.Z,7,16,G.Z,5,HK,0,8,1993,10,2
B.Z,5,17,G.Z,0,HK,2,5,1993,10,3
B.Z,33,18,G.Z,0,HK,0,33,1993,10,33
B.Z,2,19,G.Z,0,HK,0,2,1993,10,2
B.Z,61,20,G.Z,6,HK,0,66,1993,10,55
B.Z,4,21,G.Z,1,HK,0,4,1993,10,3
B.Z,19,22,G.Z,1,HK,0,21,1993,10,18
B.Z,7,0,G.Z,2,HK,0,7,1993,11,5
B.Z,108,1,G.Z,0,HK,0,113,1993,11,108
B.Z,178,2,G.Z,0,HK,0,182,1993,11,178
B.Z,145,3,G.Z,58,HK,0,157,1993,11,87
B.Z,152,4,G.Z,125,HK,3,165,1993,11,24
B.Z,0,5,G.Z,0,HK,0,1,1993,11,0
B.Z,1,6,G.Z,0,HK,0,1,1993,11,1
B.Z,18,7,G.Z,2,HK,0,21,1993,11,16
B.Z,150,8,G.Z,75,HK,6,153,1993,11,69
B.Z,162,9,G.Z,101,HK,0,164,1993,11,61
B.Z,119,10,G.Z,9,HK,0,150,1993,11,110
B.Z,48,11,G.Z,10,HK,27,61,1993,11,11
B.Z,34,12,G.Z,4,HK,0,41,1993,11,30
B.Z,158,13,G.Z,108,HK,0,160,1993,11,50
B.Z,50,14,G.Z,20,HK,6,60,1993,11,24
B.Z,122,15,G.Z,118,HK,0,123,1993,11,4
B.Z,8,16,G.Z,5,HK,0,8,1993,11,3
B.Z,5,17,G.Z,0,HK,2,5,1993,11,3
B.Z,33,18,G.Z,0,HK,0,33,1993,11,33
B.Z,2,19,G.Z,0,HK,0,2,1993,11,2
B.Z,61,20,G.Z,6,HK,0,66,1993,11,55
B.Z,4,21,G.Z,1,HK,0,4,1993,11,3
B.Z,19,22,G.Z,1,HK,0,21,1993,11,18
B.Z,1,16,G.Z,1,HK,0,8,1994,1,0
B.Z,14,22,G.Z,14,HK,0,21,1994,1,0
B.Z,26,12,G.Z,13,HK,10,41,1994,2,3
B.Z,155,13,G.Z,143,HK,0,160,1994,2,12
B.Z,7,16,G.Z,6,HK,1,8,1994,2,0
B.Z,18,22,G.Z,16,HK,0,21,1994,2,2
B.Z,142,4,G.Z,133,HK,0,165,1994,3,9
B.Z,28,12,G.Z,13,HK,10,41,1994,3,5
B.Z,157,13,G.Z,143,HK,0,160,1994,3,14
B.Z,7,16,G.Z,6,HK,1,8,1994,3,0
B.Z,4,21,G.Z,2,HK,0,4,1994,3,2
B.Z,17,22,G.Z,11,HK,0,21,1994,3,6
B.Z,144,4,G.Z,135,HK,0,165,1994,4,9
B.Z,29,12,G.Z,13,HK,9,41,1994,4,7
B.Z,155,13,G.Z,143,HK,0,160,1994,4,12
B.Z,7,16,G.Z,5,HK,1,8,1994,4,1
B.Z,5,17,G.Z,1,HK,2,5,1994,4,2
B.Z,2,19,G.Z,0,HK,0,2,1994,4,2
B.Z,4,21,G.Z,1,HK,0,4,1994,4,3
B.Z,17,22,G.Z,6,HK,0,21,1994,4,11
B.Z,145,4,G.Z,136,HK,0,165,1994,5,9
B.Z,1,6,G.Z,1,HK,0,1,1994,5,0
B.Z,33,11,G.Z,4,HK,29,61,1994,5,0
B.Z,29,12,G.Z,4,HK,0,41,1994,5,25
B.Z,157,13,G.Z,126,HK,0,160,1994,5,31
B.Z,6,16,G.Z,5,HK,0,8,1994,5,1
B.Z,5,17,G.Z,0,HK,2,5,1994,5,3
B.Z,2,19,G.Z,0,HK,0,2,1994,5,2
B.Z,4,21,G.Z,1,HK,0,4,1994,5,3
B.Z,19,22,G.Z,4,HK,0,21,1994,5,15
B.Z,142,3,G.Z,61,HK,0,157,1994,6,81
B.Z,149,4,G.Z,125,HK,3,165,1994,6,21
B.Z,1,6,G.Z,1,HK,0,1,1994,6,0
B.Z,39,11,G.Z,4,HK,35,61,1994,6,0
B.Z,30,12,G.Z,4,HK,0,41,1994,6,26
B.Z,157,13,G.Z,118,HK,0,160,1994,6,39
B.Z,120,15,G.Z,118,HK,0,123,1994,6,2
B.Z,6,16,G.Z,5,HK,0,8,1994,6,1
B.Z,5,17,G.Z,0,HK,2,5,1994,6,3
B.Z,2,19,G.Z,0,HK,0,2,1994,6,2
B.Z,4,21,G.Z,1,HK,0,4,1994,6,3
B.Z,19,22,G.Z,4,HK,0,21,1994,6,15
B.Z,7,0,G.Z,2,HK,0,7,1994,7,5
B.Z,143,3,G.Z,61,HK,0,157,1994,7,82
B.Z,151,4,G.Z,127,HK,3,165,1994,7,21
B.Z,1,6,G.Z,1,HK,0,1,1994,7,0
B.Z,162,9,G.Z,107,HK,2,164,1994,7,53
B.Z,41,11,G.Z,3,HK,36,61,1994,7,2
B.Z,31,12,G.Z,4,HK,0,41,1994,7,27
B.Z,157,13,G.Z,117,HK,0,160,1994,7,40
B.Z,120,15,G.Z,118,HK,0,123,1994,7,2
B.Z,6,16,G.Z,5,HK,0,8,1994,7,1
B.Z,5,17,G.Z,0,HK,2,5,1994,7,3
B.Z,2,19,G.Z,0,HK,0,2,1994,7,2
B.Z,4,21,G.Z,1,HK,0,4,1994,7,3
B.Z,19,22,G.Z,2,HK,0,21,1994,7,17
B.Z,7,0,G.Z,2,HK,0,7,1994,8,5
B.Z,145,3,G.Z,62,HK,0,157,1994,8,83
B.Z,152,4,G.Z,128,HK,3,165,1994,8,21
B.Z,0,5,G.Z,0,HK,0,1,1994,8,0
B.Z,1,6,G.Z,1,HK,0,1,1994,8,0
B.Z,18,7,G.Z,2,HK,0,21,1994,8,16
B.Z,162,9,G.Z,107,HK,2,164,1994,8,53
B.Z,42,11,G.Z,4,HK,35,61,1994,8,3
B.Z,33,12,G.Z,4,HK,0,41,1994,8,29
B.Z,157,13,G.Z,114,HK,0,160,1994,8,43
B.Z,121,15,G.Z,119,HK,0,123,1994,8,2
B.Z,7,16,G.Z,5,HK,0,8,1994,8,2
B.Z,5,17,G.Z,0,HK,2,5,1994,8,3
B.Z,2,19,G.Z,0,HK,0,2,1994,8,2
B.Z,4,21,G.Z,1,HK,0,4,1994,8,3
B.Z,19,22,G.Z,1,HK,0,21,1994,8,18
B.Z,7,0,G.Z,2,HK,0,7,1994,9,5
B.Z,106,1,G.Z,0,HK,0,113,1994,9,106
B.Z,145,3,G.Z,62,HK,0,157,1994,9,83
B.Z,152,4,G.Z,128,HK,3,165,1994,9,21
B.Z,0,5,G.Z,0,HK,0,1,1994,9,0
B.Z,1,6,G.Z,0,HK,0,1,1994,9,1
B.Z,18,7,G.Z,2,HK,0,21,1994,9,16
B.Z,162,9,G.Z,106,HK,2,164,1994,9,54
B.Z,42,11,G.Z,4,HK,35,61,1994,9,3
B.Z,33,12,G.Z,4,HK,0,41,1994,9,29
B.Z,158,13,G.Z,114,HK,0,160,1994,9,44
B.Z,121,15,G.Z,119,HK,0,123,1994,9,2
B.Z,7,16,G.Z,5,HK,0,8,1994,9,2
B.Z,5,17,G.Z,0,HK,2,5,1994,9,3
B.Z,33,18,G.Z,0,HK,0,33,1994,9,33
B.Z,2,19,G.Z,0,HK,0,2,1994,9,2
B.Z,4,21,G.Z,1,HK,0,4,1994,9,3
B.Z,19,22,G.Z,1,HK,0,21,1994,9,18
B.Z,7,0,G.Z,2,HK,0,7,1994,10,5
B.Z,108,1,G.Z,0,HK,0,113,1994,10,108
B.Z,145,3,G.Z,59,HK,0,157,1994,10,86
B.Z,152,4,G.Z,125,HK,3,165,1994,10,24
B.Z,0,5,G.Z,0,HK,0,1,1994,10,0
B.Z,1,6,G.Z,0,HK,0,1,1994,10,1
B.Z,18,7,G.Z,2,HK,0,21,1994,10,16
B.Z,161,9,G.Z,103,HK,2,164,1994,10,56
B.Z,116,10,G.Z,9,HK,0,150,1994,10,107
B.Z,46,11,G.Z,8,HK,34,61,1994,10,4
B.Z,33,12,G.Z,4,HK,0,41,1994,10,29
B.Z,158,13,G.Z,114,HK,0,160,1994,10,44
B.Z,51,14,G.Z,21,HK,6,60,1994,10,24
B.Z,122,15,G.Z,118,HK,0,123,1994,10,4
B.Z,7,16,G.Z,5,HK,0,8,1994,10,2
B.Z,5,17,G.Z,0,HK,2,5,1994,10,3
B.Z,33,18,G.Z,0,HK,0,33,1994,10,33
B.Z,2,19,G.Z,0,HK,0,2,1994,10,2
B.Z,4,21,G.Z,1,HK,0,4,1994,10,3
B.Z,19,22,G.Z,1,HK,0,21,1994,10,18
B.Z,7,0,G.Z,2,HK,0,7,1994,11,5
B.Z,108,1,G.Z,0,HK,0,113,1994,11,108
B.Z,178,2,G.Z,0,HK,0,182,1994,11,178
B.Z,145,3,G.Z,58,HK,0,157,1994,11,87
B.Z,152,4,G.Z,125,HK,3,165,1994,11,24
B.Z,0,5,G.Z,0,HK,0,1,1994,11,0
B.Z,1,6,G.Z,0,HK,0,1,1994,11,1
B.Z,18,7,G.Z,2,HK,0,21,1994,11,16
B.Z,150,8,G.Z,75,HK,6,153,1994,11,69
B.Z,162,9,G.Z,101,HK,0,164,1994,11,61
B.Z,119,10,G.Z,9,HK,0,150,1994,11,110
B.Z,48,11,G.Z,10,HK,27,61,1994,11,11
B.Z,34,12,G.Z,4,HK,0,41,1994,11,30
B.Z,158,13,G.Z,108,HK,0,160,1994,11,50
B.Z,50,14,G.Z,20,HK,6,60,1994,11,24
B.Z,122,15,G.Z,118,HK,0,123,1994,11,4
B.Z,8,16,G.Z,5,HK,0,8,1994,11,3
B.Z,5,17,G.Z,0,HK,2,5,1994,11,3
B.Z,33,18,G.Z,0,HK,0,33,1994,11,33
B.Z,2,19,G.Z,0,HK,0,2,1994,11,2
B.Z,61,20,G.Z,6,HK,0,66,1994,11,55
B.Z,4,21,G.Z,1,HK,0,4,1994,11,3
B.Z,19,22,G.Z,1,HK,0,21,1994,11,18
B.Z,65,9,G.Z,54,HK,11,164,1995,1,0
B.Z,108,13,G.Z,104,HK,4,160,1995,1,0
B.Z,149,9,G.Z,126,HK,0,164,1995,2,23
B.Z,145,13,G.Z,133,HK,2,160,1995,2,10
B.Z,36,14,G.Z,33,HK,1,60,1995,2,2
B.Z,8,16,G.Z,7,HK,1,8,1995,2,0
B.Z,0,5,G.Z,0,HK,0,1,1995,3,0
B.Z,153,9,G.Z,113,HK,0,164,1995,3,40
B.Z,147,13,G.Z,130,HK,2,160,1995,3,15
B.Z,44,14,G.Z,17,HK,7,60,1995,3,20
B.Z,112,15,G.Z,109,HK,0,123,1995,3,3
B.Z,8,16,G.Z,7,HK,1,8,1995,3,0
B.Z,112,1,G.Z,26,HK,0,113,1995,4,86
B.Z,0,5,G.Z,0,HK,0,1,1995,4,0
B.Z,160,9,G.Z,113,HK,2,164,1995,4,45
B.Z,35,12,G.Z,17,HK,2,41,1995,4,16
B.Z,159,13,G.Z,136,HK,0,160,1995,4,23
B.Z,49,14,G.Z,21,HK,7,60,1995,4,21
B.Z,116,15,G.Z,113,HK,0,123,1995,4,3
B.Z,8,16,G.Z,6,HK,0,8,1995,4,2
B.Z,113,1,G.Z,5,HK,0,113,1995,5,108
B.Z,0,5,G.Z,0,HK,0,1,1995,5,0
B.Z,132,8,G.Z,101,HK,4,153,1995,5,27
B.Z,157,9,G.Z,104,HK,1,164,1995,5,52
B.Z,38,12,G.Z,18,HK,1,41,1995,5,19
B.Z,156,13,G.Z,118,HK,0,160,1995,5,38
B.Z,48,14,G.Z,19,HK,6,60,1995,5,23
B.Z,117,15,G.Z,114,HK,0,123,1995,5,3
B.Z,8,16,G.Z,6,HK,0,8,1995,5,2
B.Z,18,22,G.Z,9,HK,0,21,1995,5,9
B.Z,112,1,G.Z,5,HK,0,113,1995,6,107
B.Z,0,5,G.Z,0,HK,0,1,1995,6,0
B.Z,141,8,G.Z,110,HK,2,153,1995,6,29
B.Z,157,9,G.Z,104,HK,1,164,1995,6,52
B.Z,38,12,G.Z,18,HK,1,41,1995,6,19
B.Z,156,13,G.Z,118,HK,0,160,1995,6,38
B.Z,47,14,G.Z,19,HK,5,60,1995,6,23
B.Z,117,15,G.Z,114,HK,0,123,1995,6,3
B.Z,8,16,G.Z,6,HK,0,8,1995,6,2
B.Z,5,17,G.Z,0,HK,2,5,1995,6,3
B.Z,2,19,G.Z,0,HK,0,2,1995,6,2
B.Z,17,22,G.Z,6,HK,0,21,1995,6,11
B.Z,111,1,G.Z,0,HK,0,113,1995,7,111
B.Z,0,5,G.Z,0,HK,0,1,1995,7,0
B.Z,1,6,G.Z,0,HK,0,1,1995,7,1
B.Z,147,8,G.Z,96,HK,8,153,1995,7,43
B.Z,161,9,G.Z,103,HK,1,164,1995,7,57
B.Z,38,12,G.Z,18,HK,1,41,1995,7,19
B.Z,157,13,G.Z,113,HK,0,160,1995,7,44
B.Z,47,14,G.Z,19,HK,5,60,1995,7,23
B.Z,117,15,G.Z,114,HK,0,123,1995,7,3
B.Z,8,16,G.Z,6,HK,0,8,1995,7,2
B.Z,5,17,G.Z,0,HK,2,5,1995,7,3
B.Z,32,18,G.Z,0,HK,0,33,1995,7,32
B.Z,2,19,G.Z,0,HK,0,2,1995,7,2
B.Z,19,22,G.Z,4,HK,0,21,1995,7,15
B.Z,7,0,G.Z,3,HK,0,7,1995,8,4
B.Z,111,1,G.Z,0,HK,0,113,1995,8,111
B.Z,0,5,G.Z,0,HK,0,1,1995,8,0
B.Z,1,6,G.Z,0,HK,0,1,1995,8,1
B.Z,147,8,G.Z,96,HK,8,153,1995,8,43
B.Z,161,9,G.Z,103,HK,1,164,1995,8,57
B.Z,38,12,G.Z,18,HK,1,41,1995,8,19
B.Z,157,13,G.Z,113,HK,0,160,1995,8,44
B.Z,47,14,G.Z,19,HK,5,60,1995,8,23
B.Z,117,15,G.Z,114,HK,0,123,1995,8,3
B.Z,8,16,G.Z,6,HK,0,8,1995,8,2
B.Z,5,17,G.Z,0,HK,2,5,1995,8,3
B.Z,32,18,G.Z,0,HK,0,33,1995,8,32
B.Z,2,19,G.Z,0,HK,0,2,1995,8,2
B.Z,61,20,G.Z,8,HK,0,66,1995,8,53
B.Z,19,22,G.Z,1,HK,0,21,1995,8,18
B.Z,7,0,G.Z,2,HK,0,7,1995,9,5
B.Z,111,1,G.Z,0,HK,0,113,1995,9,111
B.Z,156,3,G.Z,105,HK,1,157,1995,9,50
B.Z,0,5,G.Z,0,HK,0,1,1995,9,0
B.Z,1,6,G.Z,0,HK,0,1,1995,9,1
B.Z,150,8,G.Z,99,HK,6,153,1995,9,45
B.Z,162,9,G.Z,103,HK,0,164,1995,9,59
B.Z,48,11,G.Z,10,HK,28,61,1995,9,10
B.Z,34,12,G.Z,4,HK,0,41,1995,9,30
B.Z,158,13,G.Z,109,HK,0,160,1995,9,49
B.Z,48,14,G.Z,20,HK,5,60,1995,9,23
B.Z,121,15,G.Z,117,HK,0,123,1995,9,4
B.Z,7,16,G.Z,5,HK,0,8,1995,9,2
B.Z,5,17,G.Z,0,HK,2,5,1995,9,3
B.Z,33,18,G.Z,0,HK,0,33,1995,9,33
B.Z,2,19,G.Z,0,HK,0,2,1995,9,2
B.Z,61,20,G.Z,8,HK,0,66,1995,9,53
B.Z,19,22,G.Z,1,HK,0,21,1995,9,18
B.Z,7,0,G.Z,2,HK,0,7,1995,10,5
B.Z,111,1,G.Z,0,HK,0,113,1995,10,111
B.Z,168,2,G.Z,0,HK,0,182,1995,10,168
B.Z,156,3,G.Z,105,HK,1,157,1995,10,50
B.Z,0,5,G.Z,0,HK,0,1,1995,10,0
B.Z,1,6,G.Z,0,HK,0,1,1995,10,1
B.Z,150,8,G.Z,99,HK,6,153,1995,10,45
B.Z,162,9,G.Z,103,HK,0,164,1995,10,59
B.Z,48,11,G.Z,10,HK,28,61,1995,10,10
B.Z,34,12,G.Z,4,HK,0,41,1995,10,30
B.Z,158,13,G.Z,109,HK,0,160,1995,10,49
B.Z,48,14,G.Z,20,HK,5,60,1995,10,23
B.Z,121,15,G.Z,117,HK,0,123,1995,10,4
B.Z,7,16,G.Z,5,HK,0,8,1995,10,2
B.Z,5,17,G.Z,0,HK,2,5,1995,10,3
B.Z,33,18,G.Z,0,HK,0,33,1995,10,33
B.Z,2,19,G.Z,0,HK,0,2,1995,10,2
B.Z,61,20,G.Z,6,HK,0,66,1995,10,55
B.Z,4,21,G.Z,1,HK,0,4,1995,10,3
B.Z,19,22,G.Z,1,HK,0,21,1995,10,18
B.Z,7,0,G.Z,2,HK,0,7,1995,11,5
B.Z,108,1,G.Z,0,HK,0,113,1995,11,108
B.Z,178,2,G.Z,0,HK,0,182,1995,11,178
B.Z,145,3,G.Z,58,HK,0,157,1995,11,87
B.Z,152,4,G.Z,125,HK,3,165,1995,11,24
B.Z,0,5,G.Z,0,HK,0,1,1995,11,0
B.Z,1,6,G.Z,0,HK,0,1,1995,11,1
B.Z,18,7,G.Z,2,HK,0,21,1995,11,16
B.Z,150,8,G.Z,75,HK,6,153,1995,11,69
B.Z,162,9,G.Z,101,HK,0,164,1995,11,61
B.Z,119,10,G.Z,9,HK,0,150,1995,11,110
B.Z,48,11,G.Z,10,HK,27,61,1995,11,11
B.Z,34,12,G.Z,4,HK,0,41,1995,11,30
B.Z,158,13,G.Z,108,HK,0,160,1995,11,50
B.Z,50,14,G.Z,20,HK,6,60,1995,11,24
B.Z,122,15,G.Z,118,HK,0,123,1995,11,4
B.Z,8,16,G.Z,5,HK,0,8,1995,11,3
B.Z,5,17,G.Z,0,HK,2,5,1995,11,3
B.Z,33,18,G.Z,0,HK,0,33,1995,11,33
B.Z,2,19,G.Z,0,HK,0,2,1995,11,2
B.Z,61,20,G.Z,6,HK,0,66,1995,11,55
B.Z,4,21,G.Z,1,HK,0,4,1995,11,3
B.Z,19,22,G.Z,1,HK,0,21,1995,11,18
G.L,0,0,G.J,0,HK,0,7,1993,1,0
G.L,0,4,G.J,0,HK,0,165,1993,1,0
G.L,0,0,G.J,0,HK,0,7,1993,2,0
G.L,0,4,G.J,0,HK,0,165,1993,2,0
G.L,0,8,G.J,0,HK,0,153,1993,2,0
G.L,0,12,G.J,0,HK,0,41,1993,2,0
G.L,0,0,G.J,0,HK,0,7,1993,3,0
G.L,0,2,G.J,0,HK,0,182,1993,3,0
G.L,0,4,G.J,0,HK,0,165,1993,3,0
G.L,0,8,G.J,0,HK,0,153,1993,3,0
G.L,0,11,G.J,0,HK,0,61,1993,3,0
G.L,0,12,G.J,0,HK,0,41,1993,3,0
G.L,0,0,G.J,0,HK,0,7,1993,4,0
G.L,0,2,G.J,0,HK,0,182,1993,4,0
G.L,2,3,G.J,0,HK,2,157,1993,4,0
G.L,1,4,G.J,1,HK,0,165,1993,4,0
G.L,1,8,G.J,1,HK,0,153,1993,4,0
G.L,2,11,G.J,2,HK,0,61,1993,4,0
G.L,0,12,G.J,0,HK,0,41,1993,4,0
G.L,0,17,G.J,0,HK,0,5,1993,4,0
G.L,1,0,G.J,0,HK,0,7,1993,5,1
G.L,0,2,G.J,0,HK,0,182,1993,5,0
G.L,4,3,G.J,0,HK,4,157,1993,5,0
G.L,3,4,G.J,3,HK,0,165,1993,5,0
G.L,0,8,G.J,0,HK,0,153,1993,5,0
G.L,6,11,G.J,6,HK,0,61,1993,5,0
G.L,2,12,G.J,0,HK,1,41,1993,5,1
G.L,0,16,G.J,0,HK,0,8,1993,5,0
G.L,0,17,G.J,0,HK,0,5,1993,5,0
G.L,0,21,G.J,0,HK,0,4,1993,5,0
G.L,1,0,G.J,0,HK,0,7,1993,6,1
G.L,0,2,G.J,0,HK,0,182,1993,6,0
G.L,4,3,G.J,0,HK,4,157,1993,6,0
G.L,7,4,G.J,6,HK,0,165,1993,6,1
G.L,0,8,G.J,0,HK,0,153,1993,6,0
G.L,6,11,G.J,6,HK,0,61,1993,6,0
G.L,2,12,G.J,0,HK,0,41,1993,6,2
G.L,0,13,G.J,0,HK,0,160,1993,6,0
G.L,0,16,G.J,0,HK,0,8,1993,6,0
G.L,0,17,G.J,0,HK,0,5,1993,6,0
G.L,0,21,G.J,0,HK,0,4,1993,6,0
G.L,0,22,G.J,0,HK,0,21,1993,6,0
G.L,1,0,G.J,0,HK,0,7,1993,7,1
G.L,0,2,G.J,0,HK,0,182,1993,7,0
G.L,8,3,G.J,0,HK,8,157,1993,7,0
G.L,6,4,G.J,5,HK,0,165,1993,7,1
G.L,0,8,G.J,0,HK,0,153,1993,7,0
G.L,5,11,G.J,4,HK,0,61,1993,7,1
G.L,3,12,G.J,2,HK,0,41,1993,7,1
G.L,0,13,G.J,0,HK,0,160,1993,7,0
G.L,0,14,G.J,0,HK,0,60,1993,7,0
G.L,0,16,G.J,0,HK,0,8,1993,7,0
G.L,1,17,G.J,0,HK,0,5,1993,7,1
G.L,0,18,G.J,0,HK,0,33,1993,7,0
G.L,0,21,G.J,0,HK,0,4,1993,7,0
G.L,0,22,G.J,0,HK,0,21,1993,7,0
G.L,0,0,G.J,0,HK,0,7,1993,8,0
G.L,0,2,G.J,0,HK,0,182,1993,8,0
G.L,4,3,G.J,0,HK,4,157,1993,8,0
G.L,7,4,G.J,6,HK,0,165,1993,8,1
G.L,0,8,G.J,0,HK,0,153,1993,8,0
G.L,0,9,G.J,0,HK,0,164,1993,8,0
G.L,2,11,G.J,2,HK,0,61,1993,8,0
G.L,4,12,G.J,2,HK,1,41,1993,8,1
G.L,0,13,G.J,0,HK,0,160,1993,8,0
G.L,0,14,G.J,0,HK,0,60,1993,8,0
G.L,0,16,G.J,0,HK,0,8,1993,8,0
G.L,0,17,G.J,0,HK,0,5,1993,8,0
G.L,5,18,G.J,1,HK,1,33,1993,8,3
G.L,0,19,G.J,0,HK,0,2,1993,8,0
G.L,0,21,G.J,0,HK,0,4,1993,8,0
G.L,0,22,G.J,0,HK,0,21,1993,8,0
G.L,2,0,G.J,0,HK,0,7,1993,9,2
G.L,0,2,G.J,0,HK,0,182,1993,9,0
G.L,4,3,G.J,0,HK,4,157,1993,9,0
G.L,8,4,G.J,7,HK,1,165,1993,9,0
G.L,0,6,G.J,0,HK,0,1,1993,9,0
G.L,0,8,G.J,0,HK,0,153,1993,9,0
G.L,0,9,G.J,0,HK,0,164,1993,9,0
G.L,3,11,G.J,3,HK,0,61,1993,9,0
G.L,3,12,G.J,1,HK,1,41,1993,9,1
G.L,0,13,G.J,0,HK,0,160,1993,9,0
G.L,0,14,G.J,0,HK,0,60,1993,9,0
G.L,0,15,G.J,0,HK,0,123,1993,9,0
G.L,0,16,G.J,0,HK,0,8,1993,9,0
G.L,0,17,G.J,0,HK,0,5,1993,9,0
G.L,0,18,G.J,0,HK,0,33,1993,9,0
G.L,0,19,G.J,0,HK,0,2,1993,9,0
G.L,0,21,G.J,0,HK,0,4,1993,9,0
G.L,0,22,G.J,0,HK,0,21,1993,9,0
G.L,0,0,G.J,0,HK,0,7,1993,10,0
G.L,0,2,G.J,0,HK,0,182,1993,10,0
G.L,6,3,G.J,0,HK,6,157,1993,10,0
G.L,8,4,G.J,6,HK,1,165,1993,10,1
G.L,0,5,G.J,0,HK,0,1,1993,10,0
G.L,0,6,G.J,0,HK,0,1,1993,10,0
G.L,1,8,G.J,0,HK,1,153,1993,10,0
G.L,0,9,G.J,0,HK,0,164,1993,10,0
G.L,4,11,G.J,3,HK,0,61,1993,10,1
G.L,1,12,G.J,0,HK,0,41,1993,10,1
G.L,0,13,G.J,0,HK,0,160,1993,10,0
G.L,1,14,G.J,1,HK,0,60,1993,10,0
G.L,0,15,G.J,0,HK,0,123,1993,10,0
G.L,0,16,G.J,0,HK,0,8,1993,10,0
G.L,0,17,G.J,0,HK,0,5,1993,10,0
G.L,3,18,G.J,1,HK,0,33,1993,10,2
G.L,0,19,G.J,0,HK,0,2,1993,10,0
G.L,6,20,G.J,0,HK,3,66,1993,10,3
G.L,0,21,G.J,0,HK,0,4,1993,10,0
G.L,0,22,G.J,0,HK,0,21,1993,10,0
G.L,1,0,G.J,0,HK,1,7,1993,11,0
G.L,1,1,G.J,1,HK,0,113,1993,11,0
G.L,2,2,G.J,0,HK,2,182,1993,11,0
G.L,8,3,G.J,0,HK,8,157,1993,11,0
G.L,7,4,G.J,6,HK,0,165,1993,11,1
G.L,0,5,G.J,0,HK,0,1,1993,11,0
G.L,0,6,G.J,0,HK,0,1,1993,11,0
G.L,0,7,G.J,0,HK,0,21,1993,11,0
G.L,1,8,G.J,0,HK,1,153,1993,11,0
G.L,0,9,G.J,0,HK,0,164,1993,11,0
G.L,11,10,G.J,0,HK,7,150,1993,11,4
G.L,7,11,G.J,6,HK,0,61,1993,11,1
G.L,2,12,G.J,1,HK,0,41,1993,11,1
G.L,0,13,G.J,0,HK,0,160,1993,11,0
G.L,1,14,G.J,1,HK,0,60,1993,11,0
G.L,0,15,G.J,0,HK,0,123,1993,11,0
G.L,0,16,G.J,0,HK,0,8,1993,11,0
G.L,0,17,G.J,0,HK,0,5,1993,11,0
G.L,2,18,G.J,1,HK,0,33,1993,11,1
G.L,0,19,G.J,0,HK,0,2,1993,11,0
G.L,0,20,G.J,0,HK,0,66,1993,11,0
G.L,0,21,G.J,0,HK,0,4,1993,11,0
G.L,0,22,G.J,0,HK,0,21,1993,11,0
G.L,0,16,G.J,0,HK,0,8,1994,1,0
G.L,0,22,G.J,0,HK,0,21,1994,1,0
G.L,0,12,G.J,0,HK,0,41,1994,2,0
G.L,1,13,G.J,0,HK,1,160,1994,2,0
G.L,0,16,G.J,0,HK,0,8,1994,2,0
G.L,0,22,G.J,0,HK,0,21,1994,2,0
G.L,0,4,G.J,0,HK,0,165,1994,3,0
G.L,0,12,G.J,0,HK,0,41,1994,3,0
G.L,1,13,G.J,0,HK,1,160,1994,3,0
G.L,0,16,G.J,0,HK,0,8,1994,3,0
G.L,0,21,G.J,0,HK,0,4,1994,3,0
G.L,0,22,G.J,0,HK,0,21,1994,3,0
G.L,0,4,G.J,0,HK,0,165,1994,4,0
G.L,0,12,G.J,0,HK,0,41,1994,4,0
G.L,1,13,G.J,0,HK,1,160,1994,4,0
G.L,0,16,G.J,0,HK,0,8,1994,4,0
G.L,0,17,G.J,0,HK,0,5,1994,4,0
G.L,0,19,G.J,0,HK,0,2,1994,4,0
G.L,0,21,G.J,0,HK,0,4,1994,4,0
G.L,0,22,G.J,0,HK,0,21,1994,4,0
G.L,0,4,G.J,0,HK,0,165,1994,5,0
G.L,0,6,G.J,0,HK,0,1,1994,5,0
G.L,2,11,G.J,2,HK,0,61,1994,5,0
G.L,0,12,G.J,0,HK,0,41,1994,5,0
G.L,0,13,G.J,0,HK,0,160,1994,5,0
G.L,0,16,G.J,0,HK,0,8,1994,5,0
G.L,0,17,G.J,0,HK,0,5,1994,5,0
G.L,0,19,G.J,0,HK,0,2,1994,5,0
G.L,0,21,G.J,0,HK,0,4,1994,5,0
G.L,0,22,G.J,0,HK,0,21,1994,5,0
G.L,3,3,G.J,0,HK,3,157,1994,6,0
G.L,4,4,G.J,3,HK,0,165,1994,6,1
G.L,0,6,G.J,0,HK,0,1,1994,6,0
G.L,3,11,G.J,3,HK,0,61,1994,6,0
G.L,0,12,G.J,0,HK,0,41,1994,6,0
G.L,2,13,G.J,0,HK,1,160,1994,6,1
G.L,0,15,G.J,0,HK,0,123,1994,6,0
G.L,0,16,G.J,0,HK,0,8,1994,6,0
G.L,1,17,G.J,1,HK,0,5,1994,6,0
G.L,0,19,G.J,0,HK,0,2,1994,6,0
G.L,0,21,G.J,0,HK,0,4,1994,6,0
G.L,0,22,G.J,0,HK,0,21,1994,6,0
G.L,2,0,G.J,0,HK,0,7,1994,7,2
G.L,4,3,G.J,0,HK,4,157,1994,7,0
G.L,5,4,G.J,4,HK,0,165,1994,7,1
G.L,0,6,G.J,0,HK,0,1,1994,7,0
G.L,0,9,G.J,0,HK,0,164,1994,7,0
G.L,2,11,G.J,2,HK,0,61,1994,7,0
G.L,2,12,G.J,0,HK,1,41,1994,7,1
G.L,0,13,G.J,0,HK,0,160,1994,7,0
G.L,0,15,G.J,0,HK,0,123,1994,7,0
G.L,0,16,G.J,0,HK,0,8,1994,7,0
G.L,0,17,G.J,0,HK,0,5,1994,7,0
G.L,0,19,G.J,0,HK,0,2,1994,7,0
G.L,0,21,G.J,0,HK,0,4,1994,7,0
G.L,0,22,G.J,0,HK,0,21,1994,7,0
G.L,2,0,G.J,0,HK,0,7,1994,8,2
G.L,7,3,G.J,0,HK,7,157,1994,8,0
G.L,5,4,G.J,4,HK,0,165,1994,8,1
G.L,0,5,G.J,0,HK,0,1,1994,8,0
G.L,0,6,G.J,0,HK,0,1,1994,8,0
G.L,0,7,G.J,0,HK,0,21,1994,8,0
G.L,0,9,G.J,0,HK,0,164,1994,8,0
G.L,2,11,G.J,1,HK,0,61,1994,8,1
G.L,2,12,G.J,1,HK,0,41,1994,8,1
G.L,0,13,G.J,0,HK,0,160,1994,8,0
G.L,0,15,G.J,0,HK,0,123,1994,8,0
G.L,0,16,G.J,0,HK,0,8,1994,8,0
G.L,0,17,G.J,0,HK,0,5,1994,8,0
G.L,0,19,G.J,0,HK,0,2,1994,8,0
G.L,0,21,G.J,0,HK,0,4,1994,8,0
G.L,0,22,G.J,0,HK,0,21,1994,8,0
G.L,2,0,G.J,0,HK,0,7,1994,9,2
G.L,0,1,G.J,0,HK,0,113,1994,9,0
G.L,6,3,G.J,0,HK,6,157,1994,9,0
G.L,5,4,G.J,5,HK,0,165,1994,9,0
G.L,0,5,G.J,0,HK,0,1,1994,9,0
G.L,0,6,G.J,0,HK,0,1,1994,9,0
G.L,0,7,G.J,0,HK,0,21,1994,9,0
G.L,0,9,G.J,0,HK,0,164,1994,9,0
G.L,5,11,G.J,3,HK,0,61,1994,9,2
G.L,1,12,G.J,0,HK,0,41,1994,9,1
G.L,1,13,G.J,0,HK,0,160,1994,9,1
G.L,0,15,G.J,0,HK,0,123,1994,9,0
G.L,0,16,G.J,0,HK,0,8,1994,9,0
G.L,0,17,G.J,0,HK,0,5,1994,9,0
G.L,0,18,G.J,0,HK,0,33,1994,9,0
G.L,0,19,G.J,0,HK,0,2,1994,9,0
G.L,0,21,G.J,0,HK,0,4,1994,9,0
G.L,0,22,G.J,0,HK,0,21,1994,9,0
G.L,1,0,G.J,0,HK,0,7,1994,10,1
G.L,0,1,G.J,0,HK,0,113,1994,10,0
G.L,7,3,G.J,0,HK,7,157,1994,10,0
G.L,6,4,G.J,6,HK,0,165,1994,10,0
G.L,0,5,G.J,0,HK,0,1,1994,10,0
G.L,0,6,G.J,0,HK,0,1,1994,10,0
G.L,0,7,G.J,0,HK,0,21,1994,10,0
G.L,0,9,G.J,0,HK,0,164,1994,10,0
G.L,11,10,G.J,0,HK,8,150,1994,10,3
G.L,8,11,G.J,8,HK,0,61,1994,10,0
G.L,1,12,G.J,1,HK,0,41,1994,10,0
G.L,2,13,G.J,0,HK,0,160,1994,10,2
G.L,1,14,G.J,1,HK,0,60,1994,10,0
G.L,0,15,G.J,0,HK,0,123,1994,10,0
G.L,0,16,G.J,0,HK,0,8,1994,10,0
G.L,1,17,G.J,0,HK,0,5,1994,10,1
G.L,0,18,G.J,0,HK,0,33,1994,10,0
G.L,0,19,G.J,0,HK,0,2,1994,10,0
G.L,0,21,G.J,0,HK,0,4,1994,10,0
G.L,0,22,G.J,0,HK,0,21,1994,10,0
G.L,0,0,G.J,0,HK,0,7,1994,11,0
G.L,2,1,G.J,2,HK,0,113,1994,11,0
G.L,1,2,G.J,0,HK,1,182,1994,11,0
G.L,9,3,G.J,0,HK,8,157,1994,11,1
G.L,6,4,G.J,5,HK,0,165,1994,11,1
G.L,0,5,G.J,0,HK,0,1,1994,11,0
G.L,0,6,G.J,0,HK,0,1,1994,11,0
G.L,0,7,G.J,0,HK,0,21,1994,11,0
G.L,1,8,G.J,0,HK,1,153,1994,11,0
G.L,0,9,G.J,0,HK,0,164,1994,11,0
G.L,11,10,G.J,0,HK,7,150,1994,11,4
G.L,10,11,G.J,8,HK,0,61,1994,11,2
G.L,0,12,G.J,0,HK,0,41,1994,11,0
G.L,0,13,G.J,0,HK,0,160,1994,11,0
G.L,0,14,G.J,0,HK,0,60,1994,11,0
G.L,0,15,G.J,0,HK,0,123,1994,11,0
G.L,0,16,G.J,0,HK,0,8,1994,11,0
G.L,0,17,G.J,0,HK,0,5,1994,11,0
G.L,2,18,G.J,1,HK,1,33,1994,11,0
G.L,0,19,G.J,0,HK,0,2,1994,11,0
G.L,2,20,G.J,0,HK,0,66,1994,11,2
G.L,0,21,G.J,0,HK,0,4,1994,11,0
G.L,0,22,G.J,0,HK,0,21,1994,11,0
G.L,0,9,G.J,0,HK,0,164,1995,1,0
G.L,0,13,G.J,0,HK,0,160,1995,1,0
G.L,0,9,G.J,0,HK,0,164,1995,2,0
G.L,1,13,G.J,0,HK,1,160,1995,2,0
G.L,0,14,G.J,0,HK,0,60,1995,2,0
G.L,0,16,G.J,0,HK,0,8,1995,2,0
G.L,0,5,G.J,0,HK,0,1,1995,3,0
G.L,0,9,G.J,0,HK,0,164,1995,3,0
G.L,0,13,G.J,0,HK,0,160,1995,3,0
G.L,0,14,G.J,0,HK,0,60,1995,3,0
G.L,0,15,G.J,0,HK,0,123,1995,3,0
G.L,0,16,G.J,0,HK,0,8,1995,3,0
G.L,0,1,G.J,0,HK,0,113,1995,4,0
G.L,0,5,G.J,0,HK,0,1,1995,4,0
G.L,0,9,G.J,0,HK,0,164,1995,4,0
G.L,0,12,G.J,0,HK,0,41,1995,4,0
G.L,0,13,G.J,0,HK,0,160,1995,4,0
G.L,0,14,G.J,0,HK,0,60,1995,4,0
G.L,0,15,G.J,0,HK,0,123,1995,4,0
G.L,0,16,G.J,0,HK,0,8,1995,4,0
G.L,0,1,G.J,0,HK,0,113,1995,5,0
G.L,0,5,G.J,0,HK,0,1,1995,5,0
G.L,0,8,G.J,0,HK,0,153,1995,5,0
G.L,0,9,G.J,0,HK,0,164,1995,5,0
G.L,0,12,G.J,0,HK,0,41,1995,5,0
G.L,2,13,G.J,0,HK,2,160,1995,5,0
G.L,0,14,G.J,0,HK,0,60,1995,5,0
G.L,0,15,G.J,0,HK,0,123,1995,5,0
G.L,0,16,G.J,0,HK,0,8,1995,5,0
G.L,0,22,G.J,0,HK,0,21,1995,5,0
G.L,0,1,G.J,0,HK,0,113,1995,6,0
G.L,0,5,G.J,0,HK,0,1,1995,6,0
G.L,0,8,G.J,0,HK,0,153,1995,6,0
G.L,0,9,G.J,0,HK,0,164,1995,6,0
G.L,0,12,G.J,0,HK,0,41,1995,6,0
G.L,3,13,G.J,0,HK,2,160,1995,6,1
G.L,0,14,G.J,0,HK,0,60,1995,6,0
G.L,0,15,G.J,0,HK,0,123,1995,6,0
G.L,0,16,G.J,0,HK,0,8,1995,6,0
G.L,0,17,G.J,0,HK,0,5,1995,6,0
G.L,0,19,G.J,0,HK,0,2,1995,6,0
G.L,0,22,G.J,0,HK,0,21,1995,6,0
G.L,0,1,G.J,0,HK,0,113,1995,7,0
G.L,0,5,G.J,0,HK,0,1,1995,7,0
G.L,0,6,G.J,0,HK,0,1,1995,7,0
G.L,0,8,G.J,0,HK,0,153,1995,7,0
G.L,0,9,G.J,0,HK,0,164,1995,7,0
G.L,0,12,G.J,0,HK,0,41,1995,7,0
G.L,2,13,G.J,0,HK,1,160,1995,7,1
G.L,0,14,G.J,0,HK,0,60,1995,7,0
G.L,0,15,G.J,0,HK,0,123,1995,7,0
G.L,0,16,G.J,0,HK,0,8,1995,7,0
G.L,0,17,G.J,0,HK,0,5,1995,7,0
G.L,1,18,G.J,1,HK,0,33,1995,7,0
G.L,0,19,G.J,0,HK,0,2,1995,7,0
G.L,0,22,G.J,0,HK,0,21,1995,7,0
G.L,0,0,G.J,0,HK,0,7,1995,8,0
G.L,0,1,G.J,0,HK,0,113,1995,8,0
G.L,0,5,G.J,0,HK,0,1,1995,8,0
G.L,0,6,G.J,0,HK,0,1,1995,8,0
G.L,0,8,G.J,0,HK,0,153,1995,8,0
G.L,0,9,G.J,0,HK,0,164,1995,8,0
G.L,0,12,G.J,0,HK,0,41,1995,8,0
G.L,1,13,G.J,0,HK,1,160,1995,8,0
G.L,0,14,G.J,0,HK,0,60,1995,8,0
G.L,0,15,G.J,0,HK,0,123,1995,8,0
G.L,0,16,G.J,0,HK,0,8,1995,8,0
G.L,0,17,G.J,0,HK,0,5,1995,8,0
G.L,2,18,G.J,0,HK,0,33,1995,8,2
G.L,0,19,G.J,0,HK,0,2,1995,8,0
G.L,1,20,G.J,0,HK,1,66,1995,8,0
G.L,1,22,G.J,0,HK,1,21,1995,8,0
G.L,1,0,G.J,0,HK,0,7,1995,9,1
G.L,0,1,G.J,0,HK,0,113,1995,9,0
G.L,2,3,G.J,0,HK,2,157,1995,9,0
G.L,0,5,G.J,0,HK,0,1,1995,9,0
G.L,0,6,G.J,0,HK,0,1,1995,9,0
G.L,0,8,G.J,0,HK,0,153,1995,9,0
G.L,0,9,G.J,0,HK,0,164,1995,9,0
G.L,3,11,G.J,3,HK,0,61,1995,9,0
G.L,1,12,G.J,0,HK,0,41,1995,9,1
G.L,0,13,G.J,0,HK,0,160,1995,9,0
G.L,1,14,G.J,1,HK,0,60,1995,9,0
G.L,0,15,G.J,0,HK,0,123,1995,9,0
G.L,0,16,G.J,0,HK,0,8,1995,9,0
G.L,0,17,G.J,0,HK,0,5,1995,9,0
G.L,3,18,G.J,2,HK,0,33,1995,9,1
G.L,0,19,G.J,0,HK,0,2,1995,9,0
G.L,3,20,G.J,1,HK,2,66,1995,9,0
G.L,1,22,G.J,0,HK,1,21,1995,9,0
G.L,0,0,G.J,0,HK,0,7,1995,10,0
G.L,1,1,G.J,1,HK,0,113,1995,10,0
G.L,0,2,G.J,0,HK,0,182,1995,10,0
G.L,2,3,G.J,0,HK,2,157,1995,10,0
G.L,0,5,G.J,0,HK,0,1,1995,10,0
G.L,0,6,G.J,0,HK,0,1,1995,10,0
G.L,1,8,G.J,0,HK,1,153,1995,10,0
G.L,0,9,G.J,0,HK,0,164,1995,10,0
G.L,3,11,G.J,3,HK,0,61,1995,10,0
G.L,2,12,G.J,1,HK,0,41,1995,10,1
G.L,0,13,G.J,0,HK,0,160,1995,10,0
G.L,0,14,G.J,0,HK,0,60,1995,10,0
G.L,0,15,G.J,0,HK,0,123,1995,10,0
G.L,0,16,G.J,0,HK,0,8,1995,10,0
G.L,0,17,G.J,0,HK,0,5,1995,10,0
G.L,0,18,G.J,0,HK,0,33,1995,10,0
G.L,0,19,G.J,0,HK,0,2,1995,10,0
G.L,10,20,G.J,1,HK,5,66,1995,10,4
G.L,0,21,G.J,0,HK,0,4,1995,10,0
G.L,0,22,G.J,0,HK,0,21,1995,10,0
G.L,0,0,G.J,0,HK,0,7,1995,11,0
G.L,1,1,G.J,1,HK,0,113,1995,11,0
G.L,2,2,G.J,0,HK,2,182,1995,11,0
G.L,9,3,G.J,0,HK,8,157,1995,11,1
G.L,6,4,G.J,5,HK,0,165,1995,11,1
G.L,0,5,G.J,0,HK,0,1,1995,11,0
G.L,0,6,G.J,0,HK,0,1,1995,11,0
G.L,0,7,G.J,0,HK,0,21,1995,11,0
G.L,1,8,G.J,0,HK,1,153,1995,11,0
G.L,0,9,G.J,0,HK,0,164,1995,11,0
G.L,10,10,G.J,0,HK,5,150,1995,11,5
G.L,6,11,G.J,6,HK,0,61,1995,11,0
G.L,0,12,G.J,0,HK,0,41,1995,11,0
G.L,0,13,G.J,0,HK,0,160,1995,11,0
G.L,0,14,G.J,0,HK,0,60,1995,11,0
G.L,0,15,G.J,0,HK,0,123,1995,11,0
G.L,0,16,G.J,0,HK,0,8,1995,11,0
G.L,1,17,G.J,0,HK,0,5,1995,11,1
G.L,1,18,G.J,0,HK,0,33,1995,11,1
G.L,0,19,G.J,0,HK,0,2,1995,11,0
G.L,6,20,G.J,0,HK,2,66,1995,11,4
G.L,0,21,G.J,0,HK,0,4,1995,11,0
G.L,0,22,G.J,0,HK,0,21,1995,11,0
G.R,0,0,G.J,0,HK,0,7,1993,1,0
G.R,0,4,G.J,0,HK,0,165,1993,1,0
G.R,0,0,G.J,0,HK,0,7,1993,2,0
G.R,0,4,G.J,0,HK,0,165,1993,2,0
G.R,0,8,G.J,0,HK,0,153,1993,2,0
G.R,0,12,G.J,0,HK,0,41,1993,2,0
G.R,0,0,G.J,0,HK,0,7,1993,3,0
G.R,0,2,G.J,0,HK,0,182,1993,3,0
G.R,0,4,G.J,0,HK,0,165,1993,3,0
G.R,0,8,G.J,0,HK,0,153,1993,3,0
G.R,0,11,G.J,0,HK,0,61,1993,3,0
G.R,0,12,G.J,0,HK,0,41,1993,3,0
G.R,0,0,G.J,0,HK,0,7,1993,4,0
G.R,0,2,G.J,0,HK,0,182,1993,4,0
G.R,0,3,G.J,0,HK,0,157,1993,4,0
G.R,0,4,G.J,0,HK,0,165,1993,4,0
G.R,0,8,G.J,0,HK,0,153,1993,4,0
G.R,0,11,G.J,0,HK,0,61,1993,4,0
G.R,0,12,G.J,0,HK,0,41,1993,4,0
G.R,0,17,G.J,0,HK,0,5,1993,4,0
G.R,0,0,G.J,0,HK,0,7,1993,5,0
G.R,0,2,G.J,0,HK,0,182,1993,5,0
G.R,0,3,G.J,0,HK,0,157,1993,5,0
G.R,0,4,G.J,0,HK,0,165,1993,5,0
G.R,0,8,G.J,0,HK,0,153,1993,5,0
G.R,0,11,G.J,0,HK,0,61,1993,5,0
G.R,0,12,G.J,0,HK,0,41,1993,5,0
G.R,0,16,G.J,0,HK,0,8,1993,5,0
G.R,0,17,G.J,0,HK,0,5,1993,5,0
G.R,0,21,G.J,0,HK,0,4,1993,5,0
G.R,0,0,G.J,0,HK,0,7,1993,6,0
G.R,0,2,G.J,0,HK,0,182,1993,6,0
G.R,0,3,G.J,0,HK,0,157,1993,6,0
G.R,0,4,G.J,0,HK,0,165,1993,6,0
G.R,0,8,G.J,0,HK,0,153,1993,6,0
G.R,0,11,G.J,0,HK,0,61,1993,6,0
G.R,0,12,G.J,0,HK,0,41,1993,6,0
G.R,0,13,G.J,0,HK,0,160,1993,6,0
G.R,0,16,G.J,0,HK,0,8,1993,6,0
G.R,0,17,G.J,0,HK,0,5,1993,6,0
G.R,0,21,G.J,0,HK,0,4,1993,6,0
G.R,0,22,G.J,0,HK,0,21,1993,6,0
G.R,0,0,G.J,0,HK,0,7,1993,7,0
G.R,0,2,G.J,0,HK,0,182,1993,7,0
G.R,0,3,G.J,0,HK,0,157,1993,7,0
G.R,0,4,G.J,0,HK,0,165,1993,7,0
G.R,0,8,G.J,0,HK,0,153,1993,7,0
G.R,0,11,G.J,0,HK,0,61,1993,7,0
G.R,0,12,G.J,0,HK,0,41,1993,7,0
G.R,0,13,G.J,0,HK,0,160,1993,7,0
G.R,0,14,G.J,0,HK,0,60,1993,7,0
G.R,0,16,G.J,0,HK,0,8,1993,7,0
G.R,0,17,G.J,0,HK,0,5,1993,7,0
G.R,0,18,G.J,0,HK,0,33,1993,7,0
G.R,0,21,G.J,0,HK,0,4,1993,7,0
G.R,0,22,G.J,0,HK,0,21,1993,7,0
G.R,0,0,G.J,0,HK,0,7,1993,8,0
G.R,0,2,G.J,0,HK,0,182,1993,8,0
G.R,0,3,G.J,0,HK,0,157,1993,8,0
G.R,0,4,G.J,0,HK,0,165,1993,8,0
G.R,0,8,G.J,0,HK,0,153,1993,8,0
G.R,0,9,G.J,0,HK,0,164,1993,8,0
G.R,0,11,G.J,0,HK,0,61,1993,8,0
G.R,0,12,G.J,0,HK,0,41,1993,8,0
G.R,0,13,G.J,0,HK,0,160,1993,8,0
G.R,0,14,G.J,0,HK,0,60,1993,8,0
G.R,0,16,G.J,0,HK,0,8,1993,8,0
G.R,0,17,G.J,0,HK,0,5,1993,8,0
G.R,0,18,G.J,0,HK,0,33,1993,8,0
G.R,0,19,G.J,0,HK,0,2,1993,8,0
G.R,0,21,G.J,0,HK,0,4,1993,8,0
G.R,0,22,G.J,0,HK,0,21,1993,8,0
G.R,0,0,G.J,0,HK,0,7,1993,9,0
G.R,0,2,G.J,0,HK,0,182,1993,9,0
G.R,0,3,G.J,0,HK,0,157,1993,9,0
G.R,0,4,G.J,0,HK,0,165,1993,9,0
G.R,0,6,G.J,0,HK,0,1,1993,9,0
G.R,0,8,G.J,0,HK,0,153,1993,9,0
G.R,0,9,G.J,0,HK,0,164,1993,9,0
G.R,0,11,G.J,0,HK,0,61,1993,9,0
G.R,0,12,G.J,0,HK,0,41,1993,9,0
G.R,0,13,G.J,0,HK,0,160,1993,9,0
G.R,0,14,G.J,0,HK,0,60,1993,9,0
G.R,0,15,G.J,0,HK,0,123,1993,9,0
G.R,0,16,G.J,0,HK,0,8,1993,9,0
G.R,0,17,G.J,0,HK,0,5,1993,9,0
G.R,0,18,G.J,0,HK,0,33,1993,9,0
G.R,0,19,G.J,0,HK,0,2,1993,9,0
G.R,0,21,G.J,0,HK,0,4,1993,9,0
G.R,0,22,G.J,0,HK,0,21,1993,9,0
G.R,0,0,G.J,0,HK,0,7,1993,10,0
G.R,0,2,G.J,0,HK,0,182,1993,10,0
G.R,0,3,G.J,0,HK,0,157,1993,10,0
G.R,0,4,G.J,0,HK,0,165,1993,10,0
G.R,0,5,G.J,0,HK,0,1,1993,10,0
G.R,0,6,G.J,0,HK,0,1,1993,10,0
G.R,0,8,G.J,0,HK,0,153,1993,10,0
G.R,0,9,G.J,0,HK,0,164,1993,10,0
G.R,0,11,G.J,0,HK,0,61,1993,10,0
G.R,0,12,G.J,0,HK,0,41,1993,10,0
G.R,0,13,G.J,0,HK,0,160,1993,10,0
G.R,0,14,G.J,0,HK,0,60,1993,10,0
G.R,0,15,G.J,0,HK,0,123,1993,10,0
G.R,0,16,G.J,0,HK,0,8,1993,10,0
G.R,0,17,G.J,0,HK,0,5,1993,10,0
G.R,0,18,G.J,0,HK,0,33,1993,10,0
G.R,0,19,G.J,0,HK,0,2,1993,10,0
G.R,0,20,G.J,0,HK,0,66,1993,10,0
G.R,0,21,G.J,0,HK,0,4,1993,10,0
G.R,0,22,G.J,0,HK,0,21,1993,10,0
G.R,0,0,G.J,0,HK,0,7,1993,11,0
G.R,0,1,G.J,0,HK,0,113,1993,11,0
G.R,0,2,G.J,0,HK,0,182,1993,11,0
G.R,0,3,G.J,0,HK,0,157,1993,11,0
G.R,0,4,G.J,0,HK,0,165,1993,11,0
G.R,0,5,G.J,0,HK,0,1,1993,11,0
G.R,0,6,G.J,0,HK,0,1,1993,11,0
G.R,0,7,G.J,0,HK,0,21,1993,11,0
G.R,0,8,G.J,0,HK,0,153,1993,11,0
G.R,0,9,G.J,0,HK,0,164,1993,11,0
G.R,0,10,G.J,0,HK,0,150,1993,11,0
G.R,0,11,G.J,0,HK,0,61,1993,11,0
G.R,0,12,G.J,0,HK,0,41,1993,11,0
G.R,0,13,G.J,0,HK,0,160,1993,11,0
G.R,0,14,G.J,0,HK,0,60,1993,11,0
G.R,0,15,G.J,0,HK,0,123,1993,11,0
G.R,0,16,G.J,0,HK,0,8,1993,11,0
G.R,0,17,G.J,0,HK,0,5,1993,11,0
G.R,0,18,G.J,0,HK,0,33,1993,11,0
G.R,0,19,G.J,0,HK,0,2,1993,11,0
G.R,0,20,G.J,0,HK,0,66,1993,11,0
G.R,0,21,G.J,0,HK,0,4,1993,11,0
G.R,0,22,G.J,0,HK,0,21,1993,11,0
G.R,0,16,G.J,0,HK,0,8,1994,1,0
G.R,0,22,G.J,0,HK,0,21,1994,1,0
G.R,0,12,G.J,0,HK,0,41,1994,2,0
G.R,0,13,G.J,0,HK,0,160,1994,2,0
G.R,0,16,G.J,0,HK,0,8,1994,2,0
G.R,0,22,G.J,0,HK,0,21,1994,2,0
G.R,0,4,G.J,0,HK,0,165,1994,3,0
G.R,0,12,G.J,0,HK,0,41,1994,3,0
G.R,0,13,G.J,0,HK,0,160,1994,3,0
G.R,0,16,G.J,0,HK,0,8,1994,3,0
G.R,0,21,G.J,0,HK,0,4,1994,3,0
G.R,0,22,G.J,0,HK,0,21,1994,3,0
G.R,0,4,G.J,0,HK,0,165,1994,4,0
G.R,0,12,G.J,0,HK,0,41,1994,4,0
G.R,0,13,G.J,0,HK,0,160,1994,4,0
G.R,0,16,G.J,0,HK,0,8,1994,4,0
G.R,0,17,G.J,0,HK,0,5,1994,4,0
G.R,0,19,G.J,0,HK,0,2,1994,4,0
G.R,0,21,G.J,0,HK,0,4,1994,4,0
G.R,0,22,G.J,0,HK,0,21,1994,4,0
G.R,0,4,G.J,0,HK,0,165,1994,5,0
G.R,0,6,G.J,0,HK,0,1,1994,5,0
G.R,0,11,G.J,0,HK,0,61,1994,5,0
G.R,0,12,G.J,0,HK,0,41,1994,5,0
G.R,0,13,G.J,0,HK,0,160,1994,5,0
G.R,0,16,G.J,0,HK,0,8,1994,5,0
G.R,0,17,G.J,0,HK,0,5,1994,5,0
G.R,0,19,G.J,0,HK,0,2,1994,5,0
G.R,0,21,G.J,0,HK,0,4,1994,5,0
G.R,0,22,G.J,0,HK,0,21,1994,5,0
G.R,0,3,G.J,0,HK,0,157,1994,6,0
G.R,0,4,G.J,0,HK,0,165,1994,6,0
G.R,0,6,G.J,0,HK,0,1,1994,6,0
G.R,0,11,G.J,0,HK,0,61,1994,6,0
G.R,0,12,G.J,0,HK,0,41,1994,6,0
G.R,0,13,G.J,0,HK,0,160,1994,6,0
G.R,0,15,G.J,0,HK,0,123,1994,6,0
G.R,0,16,G.J,0,HK,0,8,1994,6,0
G.R,0,17,G.J,0,HK,0,5,1994,6,0
G.R,0,19,G.J,0,HK,0,2,1994,6,0
G.R,0,21,G.J,0,HK,0,4,1994,6,0
G.R,0,22,G.J,0,HK,0,21,1994,6,0
G.R,0,0,G.J,0,HK,0,7,1994,7,0
G.R,0,3,G.J,0,HK,0,157,1994,7,0
G.R,0,4,G.J,0,HK,0,165,1994,7,0
G.R,0,6,G.J,0,HK,0,1,1994,7,0
G.R,0,9,G.J,0,HK,0,164,1994,7,0
G.R,0,11,G.J,0,HK,0,61,1994,7,0
G.R,0,12,G.J,0,HK,0,41,1994,7,0
G.R,0,13,G.J,0,HK,0,160,1994,7,0
G.R,0,15,G.J,0,HK,0,123,1994,7,0
G.R,0,16,G.J,0,HK,0,8,1994,7,0
G.R,0,17,G.J,0,HK,0,5,1994,7,0
G.R,0,19,G.J,0,HK,0,2,1994,7,0
G.R,0,21,G.J,0,HK,0,4,1994,7,0
G.R,0,22,G.J,0,HK,0,21,1994,7,0
G.R,0,0,G.J,0,HK,0,7,1994,8,0
G.R,0,3,G.J,0,HK,0,157,1994,8,0
G.R,0,4,G.J,0,HK,0,165,1994,8,0
G.R,0,5,G.J,0,HK,0,1,1994,8,0
G.R,0,6,G.J,0,HK,0,1,1994,8,0
G.R,0,7,G.J,0,HK,0,21,1994,8,0
G.R,0,9,G.J,0,HK,0,164,1994,8,0
G.R,0,11,G.J,0,HK,0,61,1994,8,0
G.R,0,12,G.J,0,HK,0,41,1994,8,0
G.R,0,13,G.J,0,HK,0,160,1994,8,0
G.R,0,15,G.J,0,HK,0,123,1994,8,0
G.R,0,16,G.J,0,HK,0,8,1994,8,0
G.R,0,17,G.J,0,HK,0,5,1994,8,0
G.R,0,19,G.J,0,HK,0,2,1994,8,0
G.R,0,21,G.J,0,HK,0,4,1994,8,0
G.R,0,22,G.J,0,HK,0,21,1994,8,0
G.R,0,0,G.J,0,HK,0,7,1994,9,0
G.R,0,1,G.J,0,HK,0,113,1994,9,0
G.R,0,3,G.J,0,HK,0,157,1994,9,0
G.R,0,4,G.J,0,HK,0,165,1994,9,0
G.R,0,5,G.J,0,HK,0,1,1994,9,0
G.R,0,6,G.J,0,HK,0,1,1994,9,0
G.R,0,7,G.J,0,HK,0,21,1994,9,0
G.R,0,9,G.J,0,HK,0,164,1994,9,0
G.R,0,11,G.J,0,HK,0,61,1994,9,0
G.R,0,12,G.J,0,HK,0,41,1994,9,0
G.R,0,13,G.J,0,HK,0,160,1994,9,0
G.R,0,15,G.J,0,HK,0,123,1994,9,0
G.R,0,16,G.J,0,HK,0,8,1994,9,0
G.R,0,17,G.J,0,HK,0,5,1994,9,0
G.R,0,18,G.J,0,HK,0,33,1994,9,0
G.R,0,19,G.J,0,HK,0,2,1994,9,0
G.R,0,21,G.J,0,HK,0,4,1994,9,0
G.R,0,22,G.J,0,HK,0,21,1994,9,0
G.R,0,0,G.J,0,HK,0,7,1994,10,0
G.R,0,1,G.J,0,HK,0,113,1994,10,0
G.R,0,3,G.J,0,HK,0,157,1994,10,0
G.R,0,4,G.J,0,HK,0,165,1994,10,0
G.R,0,5,G.J,0,HK,0,1,1994,10,0
G.R,0,6,G.J,0,HK,0,1,1994,10,0
G.R,0,7,G.J,0,HK,0,21,1994,10,0
G.R,0,9,G.J,0,HK,0,164,1994,10,0
G.R,0,10,G.J,0,HK,0,150,1994,10,0
G.R,0,11,G.J,0,HK,0,61,1994,10,0
G.R,0,12,G.J,0,HK,0,41,1994,10,0
G.R,0,13,G.J,0,HK,0,160,1994,10,0
G.R,0,14,G.J,0,HK,0,60,1994,10,0
G.R,0,15,G.J,0,HK,0,123,1994,10,0
G.R,0,16,G.J,0,HK,0,8,1994,10,0
G.R,0,17,G.J,0,HK,0,5,1994,10,0
G.R,0,18,G.J,0,HK,0,33,1994,10,0
G.R,0,19,G.J,0,HK,0,2,1994,10,0
G.R,0,21,G.J,0,HK,0,4,1994,10,0
G.R,0,22,G.J,0,HK,0,21,1994,10,0
G.R,0,0,G.J,0,HK,0,7,1994,11,0
G.R,0,1,G.J,0,HK,0,113,1994,11,0
G.R,0,2,G.J,0,HK,0,182,1994,11,0
G.R,0,3,G.J,0,HK,0,157,1994,11,0
G.R,0,4,G.J,0,HK,0,165,1994,11,0
G.R,0,5,G.J,0,HK,0,1,1994,11,0
G.R,0,6,G.J,0,HK,0,1,1994,11,0
G.R,0,7,G.J,0,HK,0,21,1994,11,0
G.R,0,8,G.J,0,HK,0,153,1994,11,0
G.R,0,9,G.J,0,HK,0,164,1994,11,0
G.R,0,10,G.J,0,HK,0,150,1994,11,0
G.R,0,11,G.J,0,HK,0,61,1994,11,0
G.R,0,12,G.J,0,HK,0,41,1994,11,0
G.R,0,13,G.J,0,HK,0,160,1994,11,0
G.R,0,14,G.J,0,HK,0,60,1994,11,0
G.R,0,15,G.J,0,HK,0,123,1994,11,0
G.R,0,16,G.J,0,HK,0,8,1994,11,0
G.R,0,17,G.J,0,HK,0,5,1994,11,0
G.R,0,18,G.J,0,HK,0,33,1994,11,0
G.R,0,19,G.J,0,HK,0,2,1994,11,0
G.R,0,20,G.J,0,HK,0,66,1994,11,0
G.R,0,21,G.J,0,HK,0,4,1994,11,0
G.R,0,22,G.J,0,HK,0,21,1994,11,0
G.R,0,9,G.J,0,HK,0,164,1995,1,0
G.R,0,13,G.J,0,HK,0,160,1995,1,0
G.R,0,9,G.J,0,HK,0,164,1995,2,0
G.R,0,13,G.J,0,HK,0,160,1995,2,0
G.R,0,14,G.J,0,HK,0,60,1995,2,0
G.R,0,16,G.J,0,HK,0,8,1995,2,0
G.R,0,5,G.J,0,HK,0,1,1995,3,0
G.R,0,9,G.J,0,HK,0,164,1995,3,0
G.R,0,13,G.J,0,HK,0,160,1995,3,0
G.R,0,14,G.J,0,HK,0,60,1995,3,0
G.R,0,15,G.J,0,HK,0,123,1995,3,0
G.R,0,16,G.J,0,HK,0,8,1995,3,0
G.R,0,1,G.J,0,HK,0,113,1995,4,0
G.R,0,5,G.J,0,HK,0,1,1995,4,0
G.R,0,9,G.J,0,HK,0,164,1995,4,0
G.R,0,12,G.J,0,HK,0,41,1995,4,0
G.R,0,13,G.J,0,HK,0,160,1995,4,0
G.R,0,14,G.J,0,HK,0,60,1995,4,0
G.R,0,15,G.J,0,HK,0,123,1995,4,0
G.R,0,16,G.J,0,HK,0,8,1995,4,0
G.R,0,1,G.J,0,HK,0,113,1995,5,0
G.R,0,5,G.J,0,HK,0,1,1995,5,0
G.R,0,8,G.J,0,HK,0,153,1995,5,0
G.R,0,9,G.J,0,HK,0,164,1995,5,0
G.R,0,12,G.J,0,HK,0,41,1995,5,0
G.R,0,13,G.J,0,HK,0,160,1995,5,0
G.R,0,14,G.J,0,HK,0,60,1995,5,0
G.R,0,15,G.J,0,HK,0,123,1995,5,0
G.R,0,16,G.J,0,HK,0,8,1995,5,0
G.R,0,22,G.J,0,HK,0,21,1995,5,0
G.R,0,1,G.J,0,HK,0,113,1995,6,0
G.R,0,5,G.J,0,HK,0,1,1995,6,0
G.R,0,8,G.J,0,HK,0,153,1995,6,0
G.R,0,9,G.J,0,HK,0,164,1995,6,0
G.R,0,12,G.J,0,HK,0,41,1995,6,0
G.R,0,13,G.J,0,HK,0,160,1995,6,0
G.R,0,14,G.J,0,HK,0,60,1995,6,0
G.R,0,15,G.J,0,HK,0,123,1995,6,0
G.R,0,16,G.J,0,HK,0,8,1995,6,0
G.R,0,17,G.J,0,HK,0,5,1995,6,0
G.R,0,19,G.J,0,HK,0,2,1995,6,0
G.R,0,22,G.J,0,HK,0,21,1995,6,0
G.R,0,1,G.J,0,HK,0,113,1995,7,0
G.R,0,5,G.J,0,HK,0,1,1995,7,0
G.R,0,6,G.J,0,HK,0,1,1995,7,0
G.R,0,8,G.J,0,HK,0,153,1995,7,0
G.R,0,9,G.J,0,HK,0,164,1995,7,0
G.R,0,12,G.J,0,HK,0,41,1995,7,0
G.R,0,13,G.J,0,HK,0,160,1995,7,0
G.R,0,14,G.J,0,HK,0,60,1995,7,0
G.R,0,15,G.J,0,HK,0,123,1995,7,0
G.R,0,16,G.J,0,HK,0,8,1995,7,0
G.R,0,17,G.J,0,HK,0,5,1995,7,0
G.R,0,18,G.J,0,HK,0,33,1995,7,0
G.R,0,19,G.J,0,HK,0,2,1995,7,0
G.R,0,22,G.J,0,HK,0,21,1995,7,0
G.R,0,0,G.J,0,HK,0,7,1995,8,0
G.R,0,1,G.J,0,HK,0,113,1995,8,0
G.R,0,5,G.J,0,HK,0,1,1995,8,0
G.R,0,6,G.J,0,HK,0,1,1995,8,0
G.R,0,8,G.J,0,HK,0,153,1995,8,0
G.R,0,9,G.J,0,HK,0,164,1995,8,0
G.R,0,12,G.J,0,HK,0,41,1995,8,0
G.R,0,13,G.J,0,HK,0,160,1995,8,0
G.R,0,14,G.J,0,HK,0,60,1995,8,0
G.R,0,15,G.J,0,HK,0,123,1995,8,0
G.R,0,16,G.J,0,HK,0,8,1995,8,0
G.R,0,17,G.J,0,HK,0,5,1995,8,0
G.R,0,18,G.J,0,HK,0,33,1995,8,0
G.R,0,19,G.J,0,HK,0,2,1995,8,0
G.R,0,20,G.J,0,HK,0,66,1995,8,0
G.R,0,22,G.J,0,HK,0,21,1995,8,0
G.R,0,0,G.J,0,HK,0,7,1995,9,0
G.R,0,1,G.J,0,HK,0,113,1995,9,0
G.R,0,3,G.J,0,HK,0,157,1995,9,0
G.R,0,5,G.J,0,HK,0,1,1995,9,0
G.R,0,6,G.J,0,HK,0,1,1995,9,0
G.R,0,8,G.J,0,HK,0,153,1995,9,0
G.R,0,9,G.J,0,HK,0,164,1995,9,0
G.R,0,11,G.J,0,HK,0,61,1995,9,0
G.R,0,12,G.J,0,HK,0,41,1995,9,0
G.R,0,13,G.J,0,HK,0,160,1995,9,0
G.R,0,14,G.J,0,HK,0,60,1995,9,0
G.R,0,15,G.J,0,HK,0,123,1995,9,0
G.R,0,16,G.J,0,HK,0,8,1995,9,0
G.R,0,17,G.J,0,HK,0,5,1995,9,0
G.R,0,18,G.J,0,HK,0,33,1995,9,0
G.R,0,19,G.J,0,HK,0,2,1995,9,0
G.R,0,20,G.J,0,HK,0,66,1995,9,0
G.R,0,22,G.J,0,HK,0,21,1995,9,0
G.R,0,0,G.J,0,HK,0,7,1995,10,0
G.R,0,1,G.J,0,HK,0,113,1995,10,0
G.R,0,2,G.J,0,HK,0,182,1995,10,0
G.R,0,3,G.J,0,HK,0,157,1995,10,0
G.R,0,5,G.J,0,HK,0,1,1995,10,0
G.R,0,6,G.J,0,HK,0,1,1995,10,0
G.R,0,8,G.J,0,HK,0,153,1995,10,0
G.R,0,9,G.J,0,HK,0,164,1995,10,0
G.R,0,11,G.J,0,HK,0,61,1995,10,0
G.R,0,12,G.J,0,HK,0,41,1995,10,0
G.R,0,13,G.J,0,HK,0,160,1995,10,0
G.R,0,14,G.J,0,HK,0,60,1995,10,0
G.R,0,15,G.J,0,HK,0,123,1995,10,0
G.R,0,16,G.J,0,HK,0,8,1995,10,0
G.R,0,17,G.J,0,HK,0,5,1995,10,0
G.R,0,18,G.J,0,HK,0,33,1995,10,0
G.R,0,19,G.J,0,HK,0,2,1995,10,0
G.R,0,20,G.J,0,HK,0,66,1995,10,0
G.R,0,21,G.J,0,HK,0,4,1995,10,0
G.R,0,22,G.J,0,HK,0,21,1995,10,0
G.R,0,0,G.J,0,HK,0,7,1995,11,0
G.R,0,1,G.J,0,HK,0,113,1995,11,0
G.R,0,2,G.J,0,HK,0,182,1995,11,0
G.R,0,3,G.J,0,HK,0,157,1995,11,0
G.R,0,4,G.J,0,HK,0,165,1995,11,0
G.R,0,5,G.J,0,HK,0,1,1995,11,0
G.R,0,6,G.J,0,HK,0,1,1995,11,0
G.R,0,7,G.J,0,HK,0,21,1995,11,0
G.R,0,8,G.J,0,HK,0,153,1995,11,0
G.R,0,9,G.J,0,HK,0,164,1995,11,0
G.R,1,10,G.J,1,HK,0,150,1995,11,0
G.R,0,11,G.J,0,HK,0,61,1995,11,0
G.R,0,12,G.J,0,HK,0,41,1995,11,0
G.R,0,13,G.J,0,HK,0,160,1995,11,0
G.R,0,14,G.J,0,HK,0,60,1995,11,0
G.R,0,15,G.J,0,HK,0,123,1995,11,0
G.R,0,16,G.J,0,HK,0,8,1995,11,0
G.R,0,17,G.J,0,HK,0,5,1995,11,0
G.R,0,18,G.J,0,HK,0,33,1995,11,0
G.R,0,19,G.J,0,HK,0,2,1995,11,0
G.R,0,20,G.J,0,HK,0,66,1995,11,0
G.R,0,21,G.J,0,HK,0,4,1995,11,0
G.R,0,22,G.J,0,HK,0,21,1995,11,0
G.J,0,0,F,0,HK,0,7,1993,1,0
G.J,0,4,F,0,HK,0,165,1993,1,0
G.J,1,0,F,0,HK,1,7,1993,2,0
G.J,0,4,F,0,HK,0,165,1993,2,0
G.J,0,8,F,0,HK,0,153,1993,2,0
G.J,2,12,F,1,HK,1,41,1993,2,0
G.J,1,0,F,0,HK,1,7,1993,3,0
G.J,0,2,F,0,HK,0,182,1993,3,0
G.J,0,4,F,0,HK,0,165,1993,3,0
G.J,0,8,F,0,HK,0,153,1993,3,0
G.J,8,11,F,7,HK,1,61,1993,3,0
G.J,1,12,F,1,HK,0,41,1993,3,0
G.J,0,0,F,0,HK,0,7,1993,4,0
G.J,0,2,F,0,HK,0,182,1993,4,0
G.J,7,3,F,3,HK,3,157,1993,4,1
G.J,3,4,F,3,HK,0,165,1993,4,0
G.J,2,8,F,1,HK,1,153,1993,4,0
G.J,10,11,F,8,HK,2,61,1993,4,0
G.J,1,12,F,1,HK,0,41,1993,4,0
G.J,0,17,F,0,HK,0,5,1993,4,0
G.J,3,0,F,1,HK,1,7,1993,5,1
G.J,0,2,F,0,HK,0,182,1993,5,0
G.J,6,3,F,3,HK,2,157,1993,5,1
G.J,3,4,F,3,HK,0,165,1993,5,0
G.J,2,8,F,2,HK,0,153,1993,5,0
G.J,12,11,F,6,HK,3,61,1993,5,3
G.J,5,12,F,1,HK,2,41,1993,5,2
G.J,0,16,F,0,HK,0,8,1993,5,0
G.J,1,17,F,1,HK,0,5,1993,5,0
G.J,0,21,F,0,HK,0,4,1993,5,0
G.J,2,0,F,0,HK,1,7,1993,6,1
G.J,0,2,F,0,HK,0,182,1993,6,0
G.J,6,3,F,3,HK,3,157,1993,6,0
G.J,4,4,F,3,HK,1,165,1993,6,0
G.J,2,8,F,2,HK,0,153,1993,6,0
G.J,10,11,F,4,HK,3,61,1993,6,3
G.J,5,12,F,0,HK,3,41,1993,6,2
G.J,3,13,F,3,HK,0,160,1993,6,0
G.J,0,16,F,0,HK,0,8,1993,6,0
G.J,1,17,F,1,HK,0,5,1993,6,0
G.J,0,21,F,0,HK,0,4,1993,6,0
G.J,1,22,F,1,HK,0,21,1993,6,0
G.J,2,0,F,0,HK,1,7,1993,7,1
G.J,0,2,F,0,HK,0,182,1993,7,0
G.J,4,3,F,3,HK,1,157,1993,7,0
G.J,4,4,F,2,HK,2,165,1993,7,0
G.J,1,8,F,1,HK,0,153,1993,7,0
G.J,12,11,F,4,HK,4,61,1993,7,4
G.J,4,12,F,0,HK,3,41,1993,7,1
G.J,2,13,F,2,HK,0,160,1993,7,0
G.J,0,14,F,0,HK,0,60,1993,7,0
G.J,0,16,F,0,HK,0,8,1993,7,0
G.J,1,17,F,1,HK,0,5,1993,7,0
G.J,5,18,F,2,HK,0,33,1993,7,3
G.J,0,21,F,0,HK,0,4,1993,7,0
G.J,1,22,F,1,HK,0,21,1993,7,0
G.J,2,0,F,0,HK,1,7,1993,8,1
G.J,0,2,F,0,HK,0,182,1993,8,0
G.J,6,3,F,5,HK,1,157,1993,8,0
G.J,5,4,F,3,HK,2,165,1993,8,0
G.J,3,8,F,3,HK,0,153,1993,8,0
G.J,1,9,F,1,HK,0,164,1993,8,0
G.J,12,11,F,5,HK,3,61,1993,8,4
G.J,4,12,F,0,HK,3,41,1993,8,1
G.J,3,13,F,2,HK,0,160,1993,8,1
G.J,0,14,F,0,HK,0,60,1993,8,0
G.J,0,16,F,0,HK,0,8,1993,8,0
G.J,1,17,F,1,HK,0,5,1993,8,0
G.J,7,18,F,3,HK,2,33,1993,8,2
G.J,1,19,F,0,HK,0,2,1993,8,1
G.J,1,21,F,0,HK,0,4,1993,8,1
G.J,1,22,F,1,HK,0,21,1993,8,0
G.J,2,0,F,0,HK,1,7,1993,9,1
G.J,0,2,F,0,HK,0,182,1993,9,0
G.J,9,3,F,7,HK,1,157,1993,9,1
G.J,5,4,F,3,HK,2,165,1993,9,0
G.J,1,6,F,0,HK,0,1,1993,9,1
G.J,2,8,F,2,HK,0,153,1993,9,0
G.J,1,9,F,1,HK,0,164,1993,9,0
G.J,14,11,F,8,HK,3,61,1993,9,3
G.J,4,12,F,0,HK,3,41,1993,9,1
G.J,3,13,F,1,HK,0,160,1993,9,2
G.J,0,14,F,0,HK,0,60,1993,9,0
G.J,0,15,F,0,HK,0,123,1993,9,0
G.J,0,16,F,0,HK,0,8,1993,9,0
G.J,1,17,F,1,HK,0,5,1993,9,0
G.J,5,18,F,2,HK,1,33,1993,9,2
G.J,1,19,F,0,HK,0,2,1993,9,1
G.J,1,21,F,0,HK,0,4,1993,9,1
G.J,2,22,F,1,HK,0,21,1993,9,1
G.J,2,0,F,0,HK,1,7,1993,10,1
G.J,0,2,F,0,HK,0,182,1993,10,0
G.J,7,3,F,6,HK,1,157,1993,10,0
G.J,4,4,F,3,HK,1,165,1993,10,0
G.J,0,5,F,0,HK,0,1,1993,10,0
G.J,0,6,F,0,HK,0,1,1993,10,0
G.J,2,8,F,2,HK,0,153,1993,10,0
G.J,1,9,F,1,HK,0,164,1993,10,0
G.J,16,11,F,9,HK,3,61,1993,10,4
G.J,4,12,F,0,HK,3,41,1993,10,1
G.J,3,13,F,2,HK,0,160,1993,10,1
G.J,3,14,F,2,HK,1,60,1993,10,0
G.J,0,15,F,0,HK,0,123,1993,10,0
G.J,0,16,F,0,HK,0,8,1993,10,0
G.J,0,17,F,0,HK,0,5,1993,10,0
G.J,10,18,F,2,HK,1,33,1993,10,7
G.J,0,19,F,0,HK,0,2,1993,10,0
G.J,25,20,F,10,HK,3,66,1993,10,12
G.J,1,21,F,0,HK,0,4,1993,10,1
G.J,2,22,F,1,HK,0,21,1993,10,1
G.J,0,0,F,0,HK,0,7,1993,11,0
G.J,2,1,F,0,HK,2,113,1993,11,0
G.J,5,2,F,4,HK,1,182,1993,11,0
G.J,8,3,F,7,HK,1,157,1993,11,0
G.J,6,4,F,3,HK,3,165,1993,11,0
G.J,0,5,F,0,HK,0,1,1993,11,0
G.J,0,6,F,0,HK,0,1,1993,11,0
G.J,0,7,F,0,HK,0,21,1993,11,0
G.J,2,8,F,2,HK,0,153,1993,11,0
G.J,1,9,F,1,HK,0,164,1993,11,0
G.J,16,10,F,3,HK,7,150,1993,11,6
G.J,14,11,F,6,HK,1,61,1993,11,7
G.J,2,12,F,0,HK,2,41,1993,11,0
G.J,4,13,F,2,HK,0,160,1993,11,2
G.J,4,14,F,4,HK,0,60,1993,11,0
G.J,0,15,F,0,HK,0,123,1993,11,0
G.J,1,16,F,0,HK,1,8,1993,11,0
G.J,1,17,F,1,HK,0,5,1993,11,0
G.J,9,18,F,3,HK,0,33,1993,11,6
G.J,0,19,F,0,HK,0,2,1993,11,0
G.J,26,20,F,11,HK,3,66,1993,11,12
G.J,1,21,F,0,HK,0,4,1993,11,1
G.J,2,22,F,1,HK,0,21,1993,11,1
G.J,0,16,F,0,HK,0,8,1994,1,0
G.J,0,22,F,0,HK,0,21,1994,1,0
G.J,0,12,F,0,HK,0,41,1994,2,0
G.J,3,13,F,2,HK,1,160,1994,2,0
G.J,0,16,F,0,HK,0,8,1994,2,0
G.J,0,22,F,0,HK,0,21,1994,2,0
G.J,0,4,F,0,HK,0,165,1994,3,0
G.J,1,12,F,0,HK,1,41,1994,3,0
G.J,1,13,F,1,HK,0,160,1994,3,0
G.J,0,16,F,0,HK,0,8,1994,3,0
G.J,0,21,F,0,HK,0,4,1994,3,0
G.J,3,22,F,2,HK,1,21,1994,3,0
G.J,0,4,F,0,HK,0,165,1994,4,0
G.J,2,12,F,1,HK,1,41,1994,4,0
G.J,4,13,F,3,HK,0,160,1994,4,1
G.J,0,16,F,0,HK,0,8,1994,4,0
G.J,1,17,F,1,HK,0,5,1994,4,0
G.J,1,19,F,0,HK,0,2,1994,4,1
G.J,1,21,F,0,HK,0,4,1994,4,1
G.J,2,22,F,2,HK,0,21,1994,4,0
G.J,0,4,F,0,HK,0,165,1994,5,0
G.J,1,6,F,0,HK,0,1,1994,5,1
G.J,8,11,F,4,HK,3,61,1994,5,1
G.J,2,12,F,0,HK,1,41,1994,5,1
G.J,3,13,F,2,HK,0,160,1994,5,1
G.J,0,16,F,0,HK,0,8,1994,5,0
G.J,1,17,F,1,HK,0,5,1994,5,0
G.J,1,19,F,0,HK,0,2,1994,5,1
G.J,1,21,F,0,HK,0,4,1994,5,1
G.J,3,22,F,2,HK,0,21,1994,5,1
G.J,8,3,F,3,HK,4,157,1994,6,1
G.J,5,4,F,3,HK,2,165,1994,6,0
G.J,1,6,F,0,HK,0,1,1994,6,1
G.J,9,11,F,7,HK,1,61,1994,6,1
G.J,4,12,F,0,HK,2,41,1994,6,2
G.J,5,13,F,4,HK,0,160,1994,6,1
G.J,0,15,F,0,HK,0,123,1994,6,0
G.J,0,16,F,0,HK,0,8,1994,6,0
G.J,0,17,F,0,HK,0,5,1994,6,0
G.J,1,19,F,0,HK,0,2,1994,6,1
G.J,1,21,F,0,HK,0,4,1994,6,1
G.J,3,22,F,1,HK,1,21,1994,6,1
G.J,2,0,F,0,HK,1,7,1994,7,1
G.J,7,3,F,2,HK,4,157,1994,7,1
G.J,4,4,F,2,HK,2,165,1994,7,0
G.J,1,6,F,0,HK,0,1,1994,7,1
G.J,1,9,F,1,HK,0,164,1994,7,0
G.J,13,11,F,8,HK,2,61,1994,7,3
G.J,2,12,F,0,HK,1,41,1994,7,1
G.J,3,13,F,3,HK,0,160,1994,7,0
G.J,0,15,F,0,HK,0,123,1994,7,0
G.J,0,16,F,0,HK,0,8,1994,7,0
G.J,1,17,F,1,HK,0,5,1994,7,0
G.J,1,19,F,0,HK,0,2,1994,7,1
G.J,1,21,F,0,HK,0,4,1994,7,1
G.J,2,22,F,1,HK,0,21,1994,7,1
G.J,2,0,F,0,HK,1,7,1994,8,1
G.J,10,3,F,7,HK,2,157,1994,8,1
G.J,4,4,F,3,HK,1,165,1994,8,0
G.J,0,5,F,0,HK,0,1,1994,8,0
G.J,1,6,F,0,HK,0,1,1994,8,1
G.J,0,7,F,0,HK,0,21,1994,8,0
G.J,1,9,F,1,HK,0,164,1994,8,0
G.J,14,11,F,9,HK,2,61,1994,8,3
G.J,4,12,F,0,HK,2,41,1994,8,2
G.J,2,13,F,2,HK,0,160,1994,8,0
G.J,0,15,F,0,HK,0,123,1994,8,0
G.J,0,16,F,0,HK,0,8,1994,8,0
G.J,1,17,F,1,HK,0,5,1994,8,0
G.J,1,19,F,0,HK,0,2,1994,8,1
G.J,1,21,F,0,HK,0,4,1994,8,1
G.J,2,22,F,1,HK,0,21,1994,8,1
G.J,2,0,F,0,HK,1,7,1994,9,1
G.J,1,1,F,1,HK,0,113,1994,9,0
G.J,9,3,F,8,HK,1,157,1994,9,0
G.J,5,4,F,3,HK,2,165,1994,9,0
G.J,0,5,F,0,HK,0,1,1994,9,0
G.J,1,6,F,0,HK,0,1,1994,9,1
G.J,0,7,F,0,HK,0,21,1994,9,0
G.J,1,9,F,1,HK,0,164,1994,9,0
G.J,14,11,F,7,HK,3,61,1994,9,4
G.J,6,12,F,0,HK,4,41,1994,9,2
G.J,1,13,F,1,HK,0,160,1994,9,0
G.J,0,15,F,0,HK,0,123,1994,9,0
G.J,0,16,F,0,HK,0,8,1994,9,0
G.J,2,17,F,1,HK,0,5,1994,9,1
G.J,10,18,F,4,HK,2,33,1994,9,4
G.J,1,19,F,0,HK,0,2,1994,9,1
G.J,1,21,F,0,HK,0,4,1994,9,1
G.J,2,22,F,1,HK,0,21,1994,9,1
G.J,2,0,F,0,HK,1,7,1994,10,1
G.J,1,1,F,1,HK,0,113,1994,10,0
G.J,10,3,F,8,HK,1,157,1994,10,1
G.J,6,4,F,3,HK,3,165,1994,10,0
G.J,0,5,F,0,HK,0,1,1994,10,0
G.J,1,6,F,0,HK,0,1,1994,10,1
G.J,0,7,F,0,HK,0,21,1994,10,0
G.J,1,9,F,1,HK,0,164,1994,10,0
G.J,14,10,F,3,HK,6,150,1994,10,5
G.J,11,11,F,5,HK,1,61,1994,10,5
G.J,4,12,F,0,HK,2,41,1994,10,2
G.J,2,13,F,1,HK,0,160,1994,10,1
G.J,3,14,F,2,HK,1,60,1994,10,0
G.J,0,15,F,0,HK,0,123,1994,10,0
G.J,1,16,F,0,HK,1,8,1994,10,0
G.J,1,17,F,1,HK,0,5,1994,10,0
G.J,8,18,F,3,HK,2,33,1994,10,3
G.J,1,19,F,0,HK,0,2,1994,10,1
G.J,1,21,F,0,HK,0,4,1994,10,1
G.J,3,22,F,2,HK,0,21,1994,10,1
G.J,2,0,F,0,HK,1,7,1994,11,1
G.J,1,1,F,0,HK,1,113,1994,11,0
G.J,6,2,F,4,HK,2,182,1994,11,0
G.J,9,3,F,8,HK,1,157,1994,11,0
G.J,4,4,F,2,HK,2,165,1994,11,0
G.J,0,5,F,0,HK,0,1,1994,11,0
G.J,0,6,F,0,HK,0,1,1994,11,0
G.J,0,7,F,0,HK,0,21,1994,11,0
G.J,2,8,F,2,HK,0,153,1994,11,0
G.J,1,9,F,1,HK,0,164,1994,11,0
G.J,13,10,F,3,HK,5,150,1994,11,5
G.J,13,11,F,4,HK,1,61,1994,11,8
G.J,4,12,F,0,HK,2,41,1994,11,2
G.J,3,13,F,1,HK,0,160,1994,11,2
G.J,4,14,F,4,HK,0,60,1994,11,0
G.J,0,15,F,0,HK,0,123,1994,11,0
G.J,1,16,F,0,HK,1,8,1994,11,0
G.J,1,17,F,1,HK,0,5,1994,11,0
G.J,9,18,F,3,HK,0,33,1994,11,6
G.J,0,19,F,0,HK,0,2,1994,11,0
G.J,27,20,F,11,HK,3,66,1994,11,13
G.J,1,21,F,0,HK,0,4,1994,11,1
G.J,2,22,F,1,HK,0,21,1994,11,1
G.J,0,9,F,0,HK,0,164,1995,1,0
G.J,0,13,F,0,HK,0,160,1995,1,0
G.J,1,9,F,1,HK,0,164,1995,2,0
G.J,0,13,F,0,HK,0,160,1995,2,0
G.J,0,14,F,0,HK,0,60,1995,2,0
G.J,0,16,F,0,HK,0,8,1995,2,0
G.J,0,5,F,0,HK,0,1,1995,3,0
G.J,1,9,F,1,HK,0,164,1995,3,0
G.J,0,13,F,0,HK,0,160,1995,3,0
G.J,0,14,F,0,HK,0,60,1995,3,0
G.J,0,15,F,0,HK,0,123,1995,3,0
G.J,0,16,F,0,HK,0,8,1995,3,0
G.J,0,1,F,0,HK,0,113,1995,4,0
G.J,0,5,F,0,HK,0,1,1995,4,0
G.J,1,9,F,1,HK,0,164,1995,4,0
G.J,2,12,F,1,HK,1,41,1995,4,0
G.J,0,13,F,0,HK,0,160,1995,4,0
G.J,0,14,F,0,HK,0,60,1995,4,0
G.J,0,15,F,0,HK,0,123,1995,4,0
G.J,0,16,F,0,HK,0,8,1995,4,0
G.J,0,1,F,0,HK,0,113,1995,5,0
G.J,0,5,F,0,HK,0,1,1995,5,0
G.J,0,8,F,0,HK,0,153,1995,5,0
G.J,2,9,F,2,HK,0,164,1995,5,0
G.J,1,12,F,0,HK,1,41,1995,5,0
G.J,3,13,F,3,HK,0,160,1995,5,0
G.J,0,14,F,0,HK,0,60,1995,5,0
G.J,0,15,F,0,HK,0,123,1995,5,0
G.J,0,16,F,0,HK,0,8,1995,5,0
G.J,0,22,F,0,HK,0,21,1995,5,0
G.J,0,1,F,0,HK,0,113,1995,6,0
G.J,0,5,F,0,HK,0,1,1995,6,0
G.J,2,8,F,2,HK,0,153,1995,6,0
G.J,3,9,F,3,HK,0,164,1995,6,0
G.J,2,12,F,1,HK,1,41,1995,6,0
G.J,4,13,F,3,HK,0,160,1995,6,1
G.J,1,14,F,1,HK,0,60,1995,6,0
G.J,0,15,F,0,HK,0,123,1995,6,0
G.J,0,16,F,0,HK,0,8,1995,6,0
G.J,1,17,F,1,HK,0,5,1995,6,0
G.J,1,19,F,0,HK,0,2,1995,6,1
G.J,0,22,F,0,HK,0,21,1995,6,0
G.J,0,1,F,0,HK,0,113,1995,7,0
G.J,0,5,F,0,HK,0,1,1995,7,0
G.J,0,6,F,0,HK,0,1,1995,7,0
G.J,1,8,F,1,HK,0,153,1995,7,0
G.J,2,9,F,2,HK,0,164,1995,7,0
G.J,2,12,F,1,HK,1,41,1995,7,0
G.J,3,13,F,2,HK,0,160,1995,7,1
G.J,2,14,F,2,HK,0,60,1995,7,0
G.J,0,15,F,0,HK,0,123,1995,7,0
G.J,0,16,F,0,HK,0,8,1995,7,0
G.J,1,17,F,0,HK,0,5,1995,7,1
G.J,8,18,F,6,HK,0,33,1995,7,2
G.J,0,19,F,0,HK,0,2,1995,7,0
G.J,4,22,F,3,HK,1,21,1995,7,0
G.J,1,0,F,0,HK,1,7,1995,8,0
G.J,0,1,F,0,HK,0,113,1995,8,0
G.J,0,5,F,0,HK,0,1,1995,8,0
G.J,0,6,F,0,HK,0,1,1995,8,0
G.J,1,8,F,1,HK,0,153,1995,8,0
G.J,1,9,F,1,HK,0,164,1995,8,0
G.J,3,12,F,1,HK,2,41,1995,8,0
G.J,3,13,F,2,HK,0,160,1995,8,1
G.J,1,14,F,1,HK,0,60,1995,8,0
G.J,0,15,F,0,HK,0,123,1995,8,0
G.J,0,16,F,0,HK,0,8,1995,8,0
G.J,2,17,F,1,HK,0,5,1995,8,1
G.J,8,18,F,4,HK,1,33,1995,8,3
G.J,1,19,F,0,HK,0,2,1995,8,1
G.J,16,20,F,10,HK,4,66,1995,8,2
G.J,2,22,F,2,HK,0,21,1995,8,0
G.J,2,0,F,0,HK,1,7,1995,9,1
G.J,0,1,F,0,HK,0,113,1995,9,0
G.J,2,3,F,2,HK,0,157,1995,9,0
G.J,0,5,F,0,HK,0,1,1995,9,0
G.J,0,6,F,0,HK,0,1,1995,9,0
G.J,2,8,F,2,HK,0,153,1995,9,0
G.J,1,9,F,1,HK,0,164,1995,9,0
G.J,15,11,F,7,HK,4,61,1995,9,4
G.J,4,12,F,1,HK,2,41,1995,9,1
G.J,1,13,F,1,HK,0,160,1995,9,0
G.J,2,14,F,1,HK,1,60,1995,9,0
G.J,0,15,F,0,HK,0,123,1995,9,0
G.J,0,16,F,0,HK,0,8,1995,9,0
G.J,2,17,F,1,HK,0,5,1995,9,1
G.J,6,18,F,3,HK,1,33,1995,9,2
G.J,1,19,F,0,HK,0,2,1995,9,1
G.J,15,20,F,9,HK,4,66,1995,9,2
G.J,2,22,F,2,HK,0,21,1995,9,0
G.J,1,0,F,0,HK,1,7,1995,10,0
G.J,2,1,F,1,HK,1,113,1995,10,0
G.J,1,2,F,0,HK,1,182,1995,10,0
G.J,2,3,F,2,HK,0,157,1995,10,0
G.J,0,5,F,0,HK,0,1,1995,10,0
G.J,0,6,F,0,HK,0,1,1995,10,0
G.J,2,8,F,2,HK,0,153,1995,10,0
G.J,1,9,F,1,HK,0,164,1995,10,0
G.J,15,11,F,7,HK,3,61,1995,10,5
G.J,4,12,F,0,HK,3,41,1995,10,1
G.J,3,13,F,1,HK,0,160,1995,10,2
G.J,2,14,F,2,HK,0,60,1995,10,0
G.J,0,15,F,0,HK,0,123,1995,10,0
G.J,0,16,F,0,HK,0,8,1995,10,0
G.J,2,17,F,1,HK,0,5,1995,10,1
G.J,7,18,F,2,HK,0,33,1995,10,5
G.J,0,19,F,0,HK,0,2,1995,10,0
G.J,24,20,F,13,HK,2,66,1995,10,9
G.J,1,21,F,0,HK,0,4,1995,10,1
G.J,2,22,F,1,HK,0,21,1995,10,1
G.J,1,0,F,0,HK,1,7,1995,11,0
G.J,0,1,F,0,HK,0,113,1995,11,0
G.J,7,2,F,6,HK,1,182,1995,11,0
G.J,9,3,F,7,HK,2,157,1995,11,0
G.J,4,4,F,1,HK,3,165,1995,11,0
G.J,0,5,F,0,HK,0,1,1995,11,0
G.J,0,6,F,0,HK,0,1,1995,11,0
G.J,0,7,F,0,HK,0,21,1995,11,0
G.J,2,8,F,2,HK,0,153,1995,11,0
G.J,1,9,F,1,HK,0,164,1995,11,0
G.J,12,10,F,5,HK,4,150,1995,11,3
G.J,11,11,F,6,HK,0,61,1995,11,5
G.J,3,12,F,1,HK,2,41,1995,11,0
G.J,3,13,F,1,HK,0,160,1995,11,2
G.J,2,14,F,2,HK,0,60,1995,11,0
G.J,0,15,F,0,HK,0,123,1995,11,0
G.J,1,16,F,0,HK,1,8,1995,11,0
G.J,1,17,F,1,HK,0,5,1995,11,0
G.J,8,18,F,2,HK,1,33,1995,11,5
G.J,0,19,F,0,HK,0,2,1995,11,0
G.J,22,20,F,10,HK,2,66,1995,11,10
G.J,1,21,F,0,HK,0,4,1995,11,1
G.J,3,22,F,1,HK,1,21,1995,11,1
G.J1,0,0,F2,0,HK,0,7,1993,1,0
G.J1,0,4,F2,0,HK,0,165,1993,1,0
G.J1,0,0,F2,0,HK,0,7,1993,2,0
G.J1,0,4,F2,0,HK,0,165,1993,2,0
G.J1,0,8,F2,0,HK,0,153,1993,2,0
G.J1,2,12,F2,1,HK,1,41,1993,2,0
G.J1,0,0,F2,0,HK,0,7,1993,3,0
G.J1,0,2,F2,0,HK,0,182,1993,3,0
G.J1,0,4,F2,0,HK,0,165,1993,3,0
G.J1,0,8,F2,0,HK,0,153,1993,3,0
G.J1,5,11,F2,4,HK,1,61,1993,3,0
G.J1,1,12,F2,1,HK,0,41,1993,3,0
G.J1,0,0,F2,0,HK,0,7,1993,4,0
G.J1,0,2,F2,0,HK,0,182,1993,4,0
G.J1,8,3,F2,4,HK,3,157,1993,4,1
G.J1,5,4,F2,3,HK,1,165,1993,4,1
G.J1,3,8,F2,2,HK,1,153,1993,4,0
G.J1,6,11,F2,4,HK,2,61,1993,4,0
G.J1,0,12,F2,0,HK,0,41,1993,4,0
G.J1,0,17,F2,0,HK,0,5,1993,4,0
G.J1,1,0,F2,0,HK,0,7,1993,5,1
G.J1,0,2,F2,0,HK,0,182,1993,5,0
G.J1,8,3,F2,4,HK,3,157,1993,5,1
G.J1,8,4,F2,4,HK,2,165,1993,5,2
G.J1,2,8,F2,2,HK,0,153,1993,5,0
G.J1,13,11,F2,4,HK,4,61,1993,5,5
G.J1,1,12,F2,0,HK,1,41,1993,5,0
G.J1,0,16,F2,0,HK,0,8,1993,5,0
G.J1,1,17,F2,1,HK,0,5,1993,5,0
G.J1,0,21,F2,0,HK,0,4,1993,5,0
G.J1,1,0,F2,0,HK,0,7,1993,6,1
G.J1,0,2,F2,0,HK,0,182,1993,6,0
G.J1,5,3,F2,4,HK,1,157,1993,6,0
G.J1,9,4,F2,6,HK,3,165,1993,6,0
G.J1,1,8,F2,1,HK,0,153,1993,6,0
G.J1,13,11,F2,4,HK,4,61,1993,6,5
G.J1,3,12,F2,0,HK,2,41,1993,6,1
G.J1,4,13,F2,4,HK,0,160,1993,6,0
G.J1,0,16,F2,0,HK,0,8,1993,6,0
G.J1,1,17,F2,1,HK,0,5,1993,6,0
G.J1,0,21,F2,0,HK,0,4,1993,6,0
G.J1,1,22,F2,1,HK,0,21,1993,6,0
G.J1,1,0,F2,0,HK,0,7,1993,7,1
G.J1,0,2,F2,0,HK,0,182,1993,7,0
G.J1,8,3,F2,7,HK,1,157,1993,7,0
G.J1,6,4,F2,4,HK,2,165,1993,7,0
G.J1,2,8,F2,2,HK,0,153,1993,7,0
G.J1,12,11,F2,4,HK,4,61,1993,7,4
G.J1,2,12,F2,0,HK,1,41,1993,7,1
G.J1,4,13,F2,4,HK,0,160,1993,7,0
G.J1,0,14,F2,0,HK,0,60,1993,7,0
G.J1,0,16,F2,0,HK,0,8,1993,7,0
G.J1,1,17,F2,1,HK,0,5,1993,7,0
G.J1,9,18,F2,4,HK,2,33,1993,7,3
G.J1,0,21,F2,0,HK,0,4,1993,7,0
G.J1,1,22,F2,1,HK,0,21,1993,7,0
G.J1,1,0,F2,0,HK,0,7,1993,8,1
G.J1,0,2,F2,0,HK,0,182,1993,8,0
G.J1,13,3,F2,12,HK,1,157,1993,8,0
G.J1,6,4,F2,4,HK,2,165,1993,8,0
G.J1,3,8,F2,3,HK,0,153,1993,8,0
G.J1,1,9,F2,1,HK,0,164,1993,8,0
G.J1,12,11,F2,4,HK,4,61,1993,8,4
G.J1,3,12,F2,0,HK,2,41,1993,8,1
G.J1,4,13,F2,3,HK,0,160,1993,8,1
G.J1,0,14,F2,0,HK,0,60,1993,8,0
G.J1,0,16,F2,0,HK,0,8,1993,8,0
G.J1,2,17,F2,1,HK,0,5,1993,8,1
G.J1,8,18,F2,3,HK,0,33,1993,8,5
G.J1,1,19,F2,0,HK,0,2,1993,8,1
G.J1,1,21,F2,0,HK,0,4,1993,8,1
G.J1,1,22,F2,1,HK,0,21,1993,8,0
G.J1,1,0,F2,0,HK,0,7,1993,9,1
G.J1,0,2,F2,0,HK,0,182,1993,9,0
G.J1,13,3,F2,11,HK,2,157,1993,9,0
G.J1,5,4,F2,3,HK,1,165,1993,9,1
G.J1,1,6,F2,0,HK,0,1,1993,9,1
G.J1,2,8,F2,2,HK,0,153,1993,9,0
G.J1,1,9,F2,1,HK,0,164,1993,9,0
G.J1,14,11,F2,5,HK,4,61,1993,9,5
G.J1,4,12,F2,0,HK,3,41,1993,9,1
G.J1,4,13,F2,3,HK,0,160,1993,9,1
G.J1,1,14,F2,1,HK,0,60,1993,9,0
G.J1,0,15,F2,0,HK,0,123,1993,9,0
G.J1,0,16,F2,0,HK,0,8,1993,9,0
G.J1,1,17,F2,1,HK,0,5,1993,9,0
G.J1,10,18,F2,3,HK,0,33,1993,9,7
G.J1,1,19,F2,0,HK,0,2,1993,9,1
G.J1,1,21,F2,0,HK,0,4,1993,9,1
G.J1,2,22,F2,1,HK,0,21,1993,9,1
G.J1,1,0,F2,0,HK,0,7,1993,10,1
G.J1,0,2,F2,0,HK,0,182,1993,10,0
G.J1,11,3,F2,8,HK,3,157,1993,10,0
G.J1,7,4,F2,3,HK,3,165,1993,10,1
G.J1,0,5,F2,0,HK,0,1,1993,10,0
G.J1,0,6,F2,0,HK,0,1,1993,10,0
G.J1,3,8,F2,3,HK,0,153,1993,10,0
G.J1,2,9,F2,2,HK,0,164,1993,10,0
G.J1,15,11,F2,6,HK,5,61,1993,10,4
G.J1,6,12,F2,0,HK,3,41,1993,10,3
G.J1,3,13,F2,2,HK,0,160,1993,10,1
G.J1,6,14,F2,5,HK,1,60,1993,10,0
G.J1,0,15,F2,0,HK,0,123,1993,10,0
G.J1,0,16,F2,0,HK,0,8,1993,10,0
G.J1,0,17,F2,0,HK,0,5,1993,10,0
G.J1,10,18,F2,3,HK,1,33,1993,10,6
G.J1,1,19,F2,0,HK,0,2,1993,10,1
G.J1,24,20,F2,11,HK,2,66,1993,10,11
G.J1,1,21,F2,0,HK,0,4,1993,10,1
G.J1,2,22,F2,1,HK,0,21,1993,10,1
G.J1,0,0,F2,0,HK,0,7,1993,11,0
G.J1,3,1,F2,1,HK,2,113,1993,11,0
G.J1,9,2,F2,8,HK,1,182,1993,11,0
G.J1,12,3,F2,9,HK,3,157,1993,11,0
G.J1,7,4,F2,3,HK,3,165,1993,11,1
G.J1,0,5,F2,0,HK,0,1,1993,11,0
G.J1,0,6,F2,0,HK,0,1,1993,11,0
G.J1,0,7,F2,0,HK,0,21,1993,11,0
G.J1,2,8,F2,2,HK,0,153,1993,11,0
G.J1,2,9,F2,2,HK,0,164,1993,11,0
G.J1,17,10,F2,7,HK,5,150,1993,11,5
G.J1,12,11,F2,3,HK,2,61,1993,11,7
G.J1,4,12,F2,0,HK,1,41,1993,11,3
G.J1,2,13,F2,2,HK,0,160,1993,11,0
G.J1,6,14,F2,5,HK,1,60,1993,11,0
G.J1,0,15,F2,0,HK,0,123,1993,11,0
G.J1,0,16,F2,0,HK,0,8,1993,11,0
G.J1,1,17,F2,1,HK,0,5,1993,11,0
G.J1,11,18,F2,4,HK,2,33,1993,11,5
G.J1,1,19,F2,0,HK,0,2,1993,11,1
G.J1,22,20,F2,9,HK,2,66,1993,11,11
G.J1,1,21,F2,0,HK,0,4,1993,11,1
G.J1,2,22,F2,1,HK,0,21,1993,11,1
G.J1,0,16,F2,0,HK,0,8,1994,1,0
G.J1,0,22,F2,0,HK,0,21,1994,1,0
G.J1,2,12,F2,1,HK,1,41,1994,2,0
G.J1,1,13,F2,1,HK,0,160,1994,2,0
G.J1,0,16,F2,0,HK,0,8,1994,2,0
G.J1,0,22,F2,0,HK,0,21,1994,2,0
G.J1,0,4,F2,0,HK,0,165,1994,3,0
G.J1,2,12,F2,1,HK,1,41,1994,3,0
G.J1,2,13,F2,1,HK,1,160,1994,3,0
G.J1,0,16,F2,0,HK,0,8,1994,3,0
G.J1,0,21,F2,0,HK,0,4,1994,3,0
G.J1,2,22,F2,2,HK,0,21,1994,3,0
G.J1,0,4,F2,0,HK,0,165,1994,4,0
G.J1,2,12,F2,1,HK,1,41,1994,4,0
G.J1,7,13,F2,6,HK,0,160,1994,4,1
G.J1,0,16,F2,0,HK,0,8,1994,4,0
G.J1,1,17,F2,1,HK,0,5,1994,4,0
G.J1,1,19,F2,0,HK,0,2,1994,4,1
G.J1,1,21,F2,0,HK,0,4,1994,4,1
G.J1,2,22,F2,2,HK,0,21,1994,4,0
G.J1,0,4,F2,0,HK,0,165,1994,5,0
G.J1,1,6,F2,0,HK,0,1,1994,5,1
G.J1,12,11,F2,7,HK,4,61,1994,5,1
G.J1,4,12,F2,1,HK,2,41,1994,5,1
G.J1,5,13,F2,4,HK,0,160,1994,5,1
G.J1,0,16,F2,0,HK,0,8,1994,5,0
G.J1,1,17,F2,1,HK,0,5,1994,5,0
G.J1,1,19,F2,0,HK,0,2,1994,5,1
G.J1,1,21,F2,0,HK,0,4,1994,5,1
G.J1,3,22,F2,1,HK,1,21,1994,5,1
G.J1,10,3,F2,6,HK,3,157,1994,6,1
G.J1,4,4,F2,3,HK,1,165,1994,6,0
G.J1,1,6,F2,0,HK,0,1,1994,6,1
G.J1,10,11,F2,6,HK,3,61,1994,6,1
G.J1,5,12,F2,0,HK,2,41,1994,6,3
G.J1,4,13,F2,4,HK,0,160,1994,6,0
G.J1,0,15,F2,0,HK,0,123,1994,6,0
G.J1,0,16,F2,0,HK,0,8,1994,6,0
G.J1,1,17,F2,1,HK,0,5,1994,6,0
G.J1,1,19,F2,0,HK,0,2,1994,6,1
G.J1,1,21,F2,0,HK,0,4,1994,6,1
G.J1,3,22,F2,1,HK,1,21,1994,6,1
G.J1,2,0,F2,0,HK,1,7,1994,7,1
G.J1,10,3,F2,7,HK,2,157,1994,7,1
G.J1,5,4,F2,3,HK,2,165,1994,7,0
G.J1,1,6,F2,0,HK,0,1,1994,7,1
G.J1,1,9,F2,1,HK,0,164,1994,7,0
G.J1,13,11,F2,7,HK,3,61,1994,7,3
G.J1,4,12,F2,0,HK,2,41,1994,7,2
G.J1,4,13,F2,4,HK,0,160,1994,7,0
G.J1,0,15,F2,0,HK,0,123,1994,7,0
G.J1,0,16,F2,0,HK,0,8,1994,7,0
G.J1,1,17,F2,1,HK,0,5,1994,7,0
G.J1,1,19,F2,0,HK,0,2,1994,7,1
G.J1,1,21,F2,0,HK,0,4,1994,7,1
G.J1,3,22,F2,1,HK,1,21,1994,7,1
G.J1,1,0,F2,0,HK,0,7,1994,8,1
G.J1,11,3,F2,8,HK,2,157,1994,8,1
G.J1,6,4,F2,4,HK,2,165,1994,8,0
G.J1,0,5,F2,0,HK,0,1,1994,8,0
G.J1,1,6,F2,0,HK,0,1,1994,8,1
G.J1,0,7,F2,0,HK,0,21,1994,8,0
G.J1,1,9,F2,1,HK,0,164,1994,8,0
G.J1,14,11,F2,7,HK,4,61,1994,8,3
G.J1,4,12,F2,0,HK,2,41,1994,8,2
G.J1,3,13,F2,3,HK,0,160,1994,8,0
G.J1,0,15,F2,0,HK,0,123,1994,8,0
G.J1,0,16,F2,0,HK,0,8,1994,8,0
G.J1,1,17,F2,1,HK,0,5,1994,8,0
G.J1,1,19,F2,0,HK,0,2,1994,8,1
G.J1,1,21,F2,0,HK,0,4,1994,8,1
G.J1,3,22,F2,1,HK,1,21,1994,8,1
G.J1,1,0,F2,0,HK,0,7,1994,9,1
G.J1,1,1,F2,1,HK,0,113,1994,9,0
G.J1,9,3,F2,7,HK,2,157,1994,9,0
G.J1,8,4,F2,3,HK,5,165,1994,9,0
G.J1,0,5,F2,0,HK,0,1,1994,9,0
G.J1,1,6,F2,0,HK,0,1,1994,9,1
G.J1,0,7,F2,0,HK,0,21,1994,9,0
G.J1,1,9,F2,1,HK,0,164,1994,9,0
G.J1,13,11,F2,7,HK,4,61,1994,9,2
G.J1,5,12,F2,0,HK,2,41,1994,9,3
G.J1,3,13,F2,3,HK,0,160,1994,9,0
G.J1,0,15,F2,0,HK,0,123,1994,9,0
G.J1,1,16,F2,1,HK,0,8,1994,9,0
G.J1,2,17,F2,2,HK,0,5,1994,9,0
G.J1,10,18,F2,1,HK,2,33,1994,9,7
G.J1,1,19,F2,0,HK,0,2,1994,9,1
G.J1,1,21,F2,0,HK,0,4,1994,9,1
G.J1,3,22,F2,1,HK,1,21,1994,9,1
G.J1,1,0,F2,0,HK,0,7,1994,10,1
G.J1,2,1,F2,2,HK,0,113,1994,10,0
G.J1,7,3,F2,5,HK,2,157,1994,10,0
G.J1,6,4,F2,3,HK,3,165,1994,10,0
G.J1,0,5,F2,0,HK,0,1,1994,10,0
G.J1,1,6,F2,0,HK,0,1,1994,10,1
G.J1,0,7,F2,0,HK,0,21,1994,10,0
G.J1,2,9,F2,2,HK,0,164,1994,10,0
G.J1,19,10,F2,7,HK,6,150,1994,10,6
G.J1,11,11,F2,4,HK,1,61,1994,10,6
G.J1,4,12,F2,0,HK,2,41,1994,10,2
G.J1,4,13,F2,3,HK,0,160,1994,10,1
G.J1,5,14,F2,4,HK,1,60,1994,10,0
G.J1,0,15,F2,0,HK,0,123,1994,10,0
G.J1,0,16,F2,0,HK,0,8,1994,10,0
G.J1,2,17,F2,2,HK,0,5,1994,10,0
G.J1,12,18,F2,2,HK,2,33,1994,10,8
G.J1,1,19,F2,0,HK,0,2,1994,10,1
G.J1,1,21,F2,0,HK,0,4,1994,10,1
G.J1,3,22,F2,1,HK,1,21,1994,10,1
G.J1,0,0,F2,0,HK,0,7,1994,11,0
G.J1,3,1,F2,1,HK,2,113,1994,11,0
G.J1,9,2,F2,8,HK,1,182,1994,11,0
G.J1,11,3,F2,9,HK,2,157,1994,11,0
G.J1,5,4,F2,2,HK,3,165,1994,11,0
G.J1,0,5,F2,0,HK,0,1,1994,11,0
G.J1,0,6,F2,0,HK,0,1,1994,11,0
G.J1,0,7,F2,0,HK,0,21,1994,11,0
G.J1,2,8,F2,2,HK,0,153,1994,11,0
G.J1,2,9,F2,2,HK,0,164,1994,11,0
G.J1,20,10,F2,8,HK,6,150,1994,11,6
G.J1,11,11,F2,3,HK,1,61,1994,11,7
G.J1,4,12,F2,0,HK,1,41,1994,11,3
G.J1,4,13,F2,3,HK,0,160,1994,11,1
G.J1,8,14,F2,7,HK,1,60,1994,11,0
G.J1,0,15,F2,0,HK,0,123,1994,11,0
G.J1,0,16,F2,0,HK,0,8,1994,11,0
G.J1,1,17,F2,1,HK,0,5,1994,11,0
G.J1,12,18,F2,3,HK,3,33,1994,11,6
G.J1,1,19,F2,0,HK,0,2,1994,11,1
G.J1,24,20,F2,8,HK,2,66,1994,11,14
G.J1,2,21,F2,0,HK,1,4,1994,11,1
G.J1,2,22,F2,1,HK,0,21,1994,11,1
G.J1,0,9,F2,0,HK,0,164,1995,1,0
G.J1,1,13,F2,0,HK,1,160,1995,1,0
G.J1,2,9,F2,2,HK,0,164,1995,2,0
G.J1,1,13,F2,0,HK,1,160,1995,2,0
G.J1,0,14,F2,0,HK,0,60,1995,2,0
G.J1,0,16,F2,0,HK,0,8,1995,2,0
G.J1,0,5,F2,0,HK,0,1,1995,3,0
G.J1,2,9,F2,2,HK,0,164,1995,3,0
G.J1,0,13,F2,0,HK,0,160,1995,3,0
G.J1,0,14,F2,0,HK,0,60,1995,3,0
G.J1,0,15,F2,0,HK,0,123,1995,3,0
G.J1,0,16,F2,0,HK,0,8,1995,3,0
G.J1,0,1,F2,0,HK,0,113,1995,4,0
G.J1,0,5,F2,0,HK,0,1,1995,4,0
G.J1,2,9,F2,2,HK,0,164,1995,4,0
G.J1,1,12,F2,0,HK,1,41,1995,4,0
G.J1,0,13,F2,0,HK,0,160,1995,4,0
G.J1,0,14,F2,0,HK,0,60,1995,4,0
G.J1,0,15,F2,0,HK,0,123,1995,4,0
G.J1,0,16,F2,0,HK,0,8,1995,4,0
G.J1,0,1,F2,0,HK,0,113,1995,5,0
G.J1,0,5,F2,0,HK,0,1,1995,5,0
G.J1,0,8,F2,0,HK,0,153,1995,5,0
G.J1,3,9,F2,3,HK,0,164,1995,5,0
G.J1,3,12,F2,2,HK,1,41,1995,5,0
G.J1,1,13,F2,1,HK,0,160,1995,5,0
G.J1,2,14,F2,2,HK,0,60,1995,5,0
G.J1,0,15,F2,0,HK,0,123,1995,5,0
G.J1,0,16,F2,0,HK,0,8,1995,5,0
G.J1,0,22,F2,0,HK,0,21,1995,5,0
G.J1,0,1,F2,0,HK,0,113,1995,6,0
G.J1,0,5,F2,0,HK,0,1,1995,6,0
G.J1,2,8,F2,2,HK,0,153,1995,6,0
G.J1,2,9,F2,2,HK,0,164,1995,6,0
G.J1,2,12,F2,1,HK,1,41,1995,6,0
G.J1,4,13,F2,3,HK,0,160,1995,6,1
G.J1,4,14,F2,2,HK,2,60,1995,6,0
G.J1,0,15,F2,0,HK,0,123,1995,6,0
G.J1,0,16,F2,0,HK,0,8,1995,6,0
G.J1,1,17,F2,1,HK,0,5,1995,6,0
G.J1,0,19,F2,0,HK,0,2,1995,6,0
G.J1,1,22,F2,1,HK,0,21,1995,6,0
G.J1,0,1,F2,0,HK,0,113,1995,7,0
G.J1,0,5,F2,0,HK,0,1,1995,7,0
G.J1,0,6,F2,0,HK,0,1,1995,7,0
G.J1,3,8,F2,3,HK,0,153,1995,7,0
G.J1,2,9,F2,2,HK,0,164,1995,7,0
G.J1,2,12,F2,1,HK,1,41,1995,7,0
G.J1,4,13,F2,3,HK,0,160,1995,7,1
G.J1,6,14,F2,4,HK,2,60,1995,7,0
G.J1,0,15,F2,0,HK,0,123,1995,7,0
G.J1,0,16,F2,0,HK,0,8,1995,7,0
G.J1,1,17,F2,0,HK,0,5,1995,7,1
G.J1,4,18,F2,3,HK,0,33,1995,7,1
G.J1,1,19,F2,0,HK,0,2,1995,7,1
G.J1,4,22,F2,3,HK,1,21,1995,7,0
G.J1,0,0,F2,0,HK,0,7,1995,8,0
G.J1,0,1,F2,0,HK,0,113,1995,8,0
G.J1,0,5,F2,0,HK,0,1,1995,8,0
G.J1,0,6,F2,0,HK,0,1,1995,8,0
G.J1,3,8,F2,3,HK,0,153,1995,8,0
G.J1,1,9,F2,1,HK,0,164,1995,8,0
G.J1,1,12,F2,0,HK,1,41,1995,8,0
G.J1,3,13,F2,2,HK,0,160,1995,8,1
G.J1,4,14,F2,3,HK,1,60,1995,8,0
G.J1,0,15,F2,0,HK,0,123,1995,8,0
G.J1,0,16,F2,0,HK,0,8,1995,8,0
G.J1,1,17,F2,1,HK,0,5,1995,8,0
G.J1,7,18,F2,4,HK,1,33,1995,8,2
G.J1,1,19,F2,0,HK,0,2,1995,8,1
G.J1,16,20,F2,8,HK,5,66,1995,8,3
G.J1,1,22,F2,1,HK,0,21,1995,8,0
G.J1,0,0,F2,0,HK,0,7,1995,9,0
G.J1,0,1,F2,0,HK,0,113,1995,9,0
G.J1,2,3,F2,2,HK,0,157,1995,9,0
G.J1,0,5,F2,0,HK,0,1,1995,9,0
G.J1,0,6,F2,0,HK,0,1,1995,9,0
G.J1,3,8,F2,3,HK,0,153,1995,9,0
G.J1,1,9,F2,1,HK,0,164,1995,9,0
G.J1,17,11,F2,7,HK,5,61,1995,9,5
G.J1,5,12,F2,0,HK,2,41,1995,9,3
G.J1,2,13,F2,2,HK,0,160,1995,9,0
G.J1,5,14,F2,4,HK,1,60,1995,9,0
G.J1,0,15,F2,0,HK,0,123,1995,9,0
G.J1,0,16,F2,0,HK,0,8,1995,9,0
G.J1,2,17,F2,1,HK,0,5,1995,9,1
G.J1,10,18,F2,4,HK,3,33,1995,9,3
G.J1,1,19,F2,0,HK,0,2,1995,9,1
G.J1,16,20,F2,10,HK,3,66,1995,9,3
G.J1,1,22,F2,1,HK,0,21,1995,9,0
G.J1,0,0,F2,0,HK,0,7,1995,10,0
G.J1,4,1,F2,2,HK,2,113,1995,10,0
G.J1,1,2,F2,0,HK,1,182,1995,10,0
G.J1,2,3,F2,2,HK,0,157,1995,10,0
G.J1,0,5,F2,0,HK,0,1,1995,10,0
G.J1,0,6,F2,0,HK,0,1,1995,10,0
G.J1,2,8,F2,2,HK,0,153,1995,10,0
G.J1,1,9,F2,1,HK,0,164,1995,10,0
G.J1,17,11,F2,8,HK,5,61,1995,10,4
G.J1,5,12,F2,0,HK,3,41,1995,10,2
G.J1,3,13,F2,2,HK,0,160,1995,10,1
G.J1,5,14,F2,4,HK,1,60,1995,10,0
G.J1,0,15,F2,0,HK,0,123,1995,10,0
G.J1,0,16,F2,0,HK,0,8,1995,10,0
G.J1,1,17,F2,1,HK,0,5,1995,10,0
G.J1,9,18,F2,2,HK,3,33,1995,10,4
G.J1,1,19,F2,0,HK,0,2,1995,10,1
G.J1,22,20,F2,10,HK,1,66,1995,10,11
G.J1,2,21,F2,0,HK,1,4,1995,10,1
G.J1,2,22,F2,1,HK,0,21,1995,10,1
G.J1,0,0,F2,0,HK,0,7,1995,11,0
G.J1,3,1,F2,2,HK,1,113,1995,11,0
G.J1,9,2,F2,8,HK,1,182,1995,11,0
G.J1,10,3,F2,7,HK,3,157,1995,11,0
G.J1,7,4,F2,2,HK,4,165,1995,11,1
G.J1,0,5,F2,0,HK,0,1,1995,11,0
G.J1,0,6,F2,0,HK,0,1,1995,11,0
G.J1,0,7,F2,0,HK,0,21,1995,11,0
G.J1,1,8,F2,1,HK,0,153,1995,11,0
G.J1,2,9,F2,2,HK,0,164,1995,11,0
G.J1,15,10,F2,7,HK,5,150,1995,11,3
G.J1,10,11,F2,4,HK,1,61,1995,11,5
G.J1,4,12,F2,1,HK,2,41,1995,11,1
G.J1,3,13,F2,2,HK,0,160,1995,11,1
G.J1,7,14,F2,6,HK,1,60,1995,11,0
G.J1,0,15,F2,0,HK,0,123,1995,11,0
G.J1,0,16,F2,0,HK,0,8,1995,11,0
G.J1,1,17,F2,1,HK,0,5,1995,11,0
G.J1,9,18,F2,2,HK,3,33,1995,11,4
G.J1,1,19,F2,0,HK,0,2,1995,11,1
G.J1,23,20,F2,8,HK,2,66,1995,11,13
G.J1,1,21,F2,0,HK,1,4,1995,11,0
G.J1,3,22,F2,1,HK,1,21,1995,11,1
G.R-no-gate,0,0,G.R,0,HK,0,7,1993,1,0
G.R-no-gate,0,4,G.R,0,HK,0,165,1993,1,0
G.R-no-gate,0,0,G.R,0,HK,0,7,1993,2,0
G.R-no-gate,0,4,G.R,0,HK,0,165,1993,2,0
G.R-no-gate,0,8,G.R,0,HK,0,153,1993,2,0
G.R-no-gate,0,12,G.R,0,HK,0,41,1993,2,0
G.R-no-gate,0,0,G.R,0,HK,0,7,1993,3,0
G.R-no-gate,0,2,G.R,0,HK,0,182,1993,3,0
G.R-no-gate,0,4,G.R,0,HK,0,165,1993,3,0
G.R-no-gate,0,8,G.R,0,HK,0,153,1993,3,0
G.R-no-gate,0,11,G.R,0,HK,0,61,1993,3,0
G.R-no-gate,0,12,G.R,0,HK,0,41,1993,3,0
G.R-no-gate,0,0,G.R,0,HK,0,7,1993,4,0
G.R-no-gate,0,2,G.R,0,HK,0,182,1993,4,0
G.R-no-gate,0,3,G.R,0,HK,0,157,1993,4,0
G.R-no-gate,0,4,G.R,0,HK,0,165,1993,4,0
G.R-no-gate,0,8,G.R,0,HK,0,153,1993,4,0
G.R-no-gate,1,11,G.R,0,HK,1,61,1993,4,0
G.R-no-gate,0,12,G.R,0,HK,0,41,1993,4,0
G.R-no-gate,0,17,G.R,0,HK,0,5,1993,4,0
G.R-no-gate,0,0,G.R,0,HK,0,7,1993,5,0
G.R-no-gate,0,2,G.R,0,HK,0,182,1993,5,0
G.R-no-gate,0,3,G.R,0,HK,0,157,1993,5,0
G.R-no-gate,0,4,G.R,0,HK,0,165,1993,5,0
G.R-no-gate,0,8,G.R,0,HK,0,153,1993,5,0
G.R-no-gate,0,11,G.R,0,HK,0,61,1993,5,0
G.R-no-gate,1,12,G.R,1,HK,0,41,1993,5,0
G.R-no-gate,0,16,G.R,0,HK,0,8,1993,5,0
G.R-no-gate,0,17,G.R,0,HK,0,5,1993,5,0
G.R-no-gate,0,21,G.R,0,HK,0,4,1993,5,0
G.R-no-gate,1,0,G.R,1,HK,0,7,1993,6,0
G.R-no-gate,0,2,G.R,0,HK,0,182,1993,6,0
G.R-no-gate,0,3,G.R,0,HK,0,157,1993,6,0
G.R-no-gate,0,4,G.R,0,HK,0,165,1993,6,0
G.R-no-gate,0,8,G.R,0,HK,0,153,1993,6,0
G.R-no-gate,0,11,G.R,0,HK,0,61,1993,6,0
G.R-no-gate,0,12,G.R,0,HK,0,41,1993,6,0
G.R-no-gate,0,13,G.R,0,HK,0,160,1993,6,0
G.R-no-gate,0,16,G.R,0,HK,0,8,1993,6,0
G.R-no-gate,0,17,G.R,0,HK,0,5,1993,6,0
G.R-no-gate,0,21,G.R,0,HK,0,4,1993,6,0
G.R-no-gate,0,22,G.R,0,HK,0,21,1993,6,0
G.R-no-gate,1,0,G.R,1,HK,0,7,1993,7,0
G.R-no-gate,0,2,G.R,0,HK,0,182,1993,7,0
G.R-no-gate,0,3,G.R,0,HK,0,157,1993,7,0
G.R-no-gate,0,4,G.R,0,HK,0,165,1993,7,0
G.R-no-gate,0,8,G.R,0,HK,0,153,1993,7,0
G.R-no-gate,0,11,G.R,0,HK,0,61,1993,7,0
G.R-no-gate,1,12,G.R,1,HK,0,41,1993,7,0
G.R-no-gate,0,13,G.R,0,HK,0,160,1993,7,0
G.R-no-gate,0,14,G.R,0,HK,0,60,1993,7,0
G.R-no-gate,0,16,G.R,0,HK,0,8,1993,7,0
G.R-no-gate,1,17,G.R,0,HK,1,5,1993,7,0
G.R-no-gate,1,18,G.R,0,HK,1,33,1993,7,0
G.R-no-gate,0,21,G.R,0,HK,0,4,1993,7,0
G.R-no-gate,0,22,G.R,0,HK,0,21,1993,7,0
G.R-no-gate,1,0,G.R,1,HK,0,7,1993,8,0
G.R-no-gate,0,2,G.R,0,HK,0,182,1993,8,0
G.R-no-gate,0,3,G.R,0,HK,0,157,1993,8,0
G.R-no-gate,0,4,G.R,0,HK,0,165,1993,8,0
G.R-no-gate,0,8,G.R,0,HK,0,153,1993,8,0
G.R-no-gate,0,9,G.R,0,HK,0,164,1993,8,0
G.R-no-gate,0,11,G.R,0,HK,0,61,1993,8,0
G.R-no-gate,2,12,G.R,1,HK,1,41,1993,8,0
G.R-no-gate,0,13,G.R,0,HK,0,160,1993,8,0
G.R-no-gate,0,14,G.R,0,HK,0,60,1993,8,0
G.R-no-gate,0,16,G.R,0,HK,0,8,1993,8,0
G.R-no-gate,0,17,G.R,0,HK,0,5,1993,8,0
G.R-no-gate,0,18,G.R,0,HK,0,33,1993,8,0
G.R-no-gate,0,19,G.R,0,HK,0,2,1993,8,0
G.R-no-gate,0,21,G.R,0,HK,0,4,1993,8,0
G.R-no-gate,0,22,G.R,0,HK,0,21,1993,8,0
G.R-no-gate,1,0,G.R,1,HK,0,7,1993,9,0
G.R-no-gate,0,2,G.R,0,HK,0,182,1993,9,0
G.R-no-gate,0,3,G.R,0,HK,0,157,1993,9,0
G.R-no-gate,0,4,G.R,0,HK,0,165,1993,9,0
G.R-no-gate,0,6,G.R,0,HK,0,1,1993,9,0
G.R-no-gate,0,8,G.R,0,HK,0,153,1993,9,0
G.R-no-gate,0,9,G.R,0,HK,0,164,1993,9,0
G.R-no-gate,0,11,G.R,0,HK,0,61,1993,9,0
G.R-no-gate,2,12,G.R,1,HK,1,41,1993,9,0
G.R-no-gate,0,13,G.R,0,HK,0,160,1993,9,0
G.R-no-gate,0,14,G.R,0,HK,0,60,1993,9,0
G.R-no-gate,0,15,G.R,0,HK,0,123,1993,9,0
G.R-no-gate,0,16,G.R,0,HK,0,8,1993,9,0
G.R-no-gate,0,17,G.R,0,HK,0,5,1993,9,0
G.R-no-gate,1,18,G.R,0,HK,0,33,1993,9,1
G.R-no-gate,0,19,G.R,0,HK,0,2,1993,9,0
G.R-no-gate,0,21,G.R,0,HK,0,4,1993,9,0
G.R-no-gate,0,22,G.R,0,HK,0,21,1993,9,0
G.R-no-gate,1,0,G.R,1,HK,0,7,1993,10,0
G.R-no-gate,0,2,G.R,0,HK,0,182,1993,10,0
G.R-no-gate,0,3,G.R,0,HK,0,157,1993,10,0
G.R-no-gate,1,4,G.R,0,HK,1,165,1993,10,0
G.R-no-gate,0,5,G.R,0,HK,0,1,1993,10,0
G.R-no-gate,0,6,G.R,0,HK,0,1,1993,10,0
G.R-no-gate,0,8,G.R,0,HK,0,153,1993,10,0
G.R-no-gate,0,9,G.R,0,HK,0,164,1993,10,0
G.R-no-gate,0,11,G.R,0,HK,0,61,1993,10,0
G.R-no-gate,1,12,G.R,1,HK,0,41,1993,10,0
G.R-no-gate,0,13,G.R,0,HK,0,160,1993,10,0
G.R-no-gate,0,14,G.R,0,HK,0,60,1993,10,0
G.R-no-gate,0,15,G.R,0,HK,0,123,1993,10,0
G.R-no-gate,0,16,G.R,0,HK,0,8,1993,10,0
G.R-no-gate,0,17,G.R,0,HK,0,5,1993,10,0
G.R-no-gate,2,18,G.R,0,HK,0,33,1993,10,2
G.R-no-gate,0,19,G.R,0,HK,0,2,1993,10,0
G.R-no-gate,3,20,G.R,0,HK,1,66,1993,10,2
G.R-no-gate,0,21,G.R,0,HK,0,4,1993,10,0
G.R-no-gate,0,22,G.R,0,HK,0,21,1993,10,0
G.R-no-gate,0,0,G.R,0,HK,0,7,1993,11,0
G.R-no-gate,0,1,G.R,0,HK,0,113,1993,11,0
G.R-no-gate,0,2,G.R,0,HK,0,182,1993,11,0
G.R-no-gate,0,3,G.R,0,HK,0,157,1993,11,0
G.R-no-gate,0,4,G.R,0,HK,0,165,1993,11,0
G.R-no-gate,0,5,G.R,0,HK,0,1,1993,11,0
G.R-no-gate,0,6,G.R,0,HK,0,1,1993,11,0
G.R-no-gate,0,7,G.R,0,HK,0,21,1993,11,0
G.R-no-gate,0,8,G.R,0,HK,0,153,1993,11,0
G.R-no-gate,0,9,G.R,0,HK,0,164,1993,11,0
G.R-no-gate,3,10,G.R,1,HK,0,150,1993,11,2
G.R-no-gate,1,11,G.R,0,HK,1,61,1993,11,0
G.R-no-gate,0,12,G.R,0,HK,0,41,1993,11,0
G.R-no-gate,0,13,G.R,0,HK,0,160,1993,11,0
G.R-no-gate,0,14,G.R,0,HK,0,60,1993,11,0
G.R-no-gate,0,15,G.R,0,HK,0,123,1993,11,0
G.R-no-gate,0,16,G.R,0,HK,0,8,1993,11,0
G.R-no-gate,0,17,G.R,0,HK,0,5,1993,11,0
G.R-no-gate,0,18,G.R,0,HK,0,33,1993,11,0
G.R-no-gate,0,19,G.R,0,HK,0,2,1993,11,0
G.R-no-gate,2,20,G.R,1,HK,1,66,1993,11,0
G.R-no-gate,0,21,G.R,0,HK,0,4,1993,11,0
G.R-no-gate,0,22,G.R,0,HK,0,21,1993,11,0
G.R-no-gate,0,16,G.R,0,HK,0,8,1994,1,0
G.R-no-gate,0,22,G.R,0,HK,0,21,1994,1,0
G.R-no-gate,0,12,G.R,0,HK,0,41,1994,2,0
G.R-no-gate,0,13,G.R,0,HK,0,160,1994,2,0
G.R-no-gate,0,16,G.R,0,HK,0,8,1994,2,0
G.R-no-gate,0,22,G.R,0,HK,0,21,1994,2,0
G.R-no-gate,0,4,G.R,0,HK,0,165,1994,3,0
G.R-no-gate,0,12,G.R,0,HK,0,41,1994,3,0
G.R-no-gate,0,13,G.R,0,HK,0,160,1994,3,0
G.R-no-gate,0,16,G.R,0,HK,0,8,1994,3,0
G.R-no-gate,0,21,G.R,0,HK,0,4,1994,3,0
G.R-no-gate,1,22,G.R,1,HK,0,21,1994,3,0
G.R-no-gate,0,4,G.R,0,HK,0,165,1994,4,0
G.R-no-gate,0,12,G.R,0,HK,0,41,1994,4,0
G.R-no-gate,0,13,G.R,0,HK,0,160,1994,4,0
G.R-no-gate,0,16,G.R,0,HK,0,8,1994,4,0
G.R-no-gate,0,17,G.R,0,HK,0,5,1994,4,0
G.R-no-gate,0,19,G.R,0,HK,0,2,1994,4,0
G.R-no-gate,0,21,G.R,0,HK,0,4,1994,4,0
G.R-no-gate,0,22,G.R,0,HK,0,21,1994,4,0
G.R-no-gate,0,4,G.R,0,HK,0,165,1994,5,0
G.R-no-gate,0,6,G.R,0,HK,0,1,1994,5,0
G.R-no-gate,0,11,G.R,0,HK,0,61,1994,5,0
G.R-no-gate,0,12,G.R,0,HK,0,41,1994,5,0
G.R-no-gate,0,13,G.R,0,HK,0,160,1994,5,0
G.R-no-gate,0,16,G.R,0,HK,0,8,1994,5,0
G.R-no-gate,0,17,G.R,0,HK,0,5,1994,5,0
G.R-no-gate,0,19,G.R,0,HK,0,2,1994,5,0
G.R-no-gate,0,21,G.R,0,HK,0,4,1994,5,0
G.R-no-gate,1,22,G.R,0,HK,1,21,1994,5,0
G.R-no-gate,0,3,G.R,0,HK,0,157,1994,6,0
G.R-no-gate,0,4,G.R,0,HK,0,165,1994,6,0
G.R-no-gate,0,6,G.R,0,HK,0,1,1994,6,0
G.R-no-gate,0,11,G.R,0,HK,0,61,1994,6,0
G.R-no-gate,0,12,G.R,0,HK,0,41,1994,6,0
G.R-no-gate,0,13,G.R,0,HK,0,160,1994,6,0
G.R-no-gate,0,15,G.R,0,HK,0,123,1994,6,0
G.R-no-gate,0,16,G.R,0,HK,0,8,1994,6,0
G.R-no-gate,0,17,G.R,0,HK,0,5,1994,6,0
G.R-no-gate,0,19,G.R,0,HK,0,2,1994,6,0
G.R-no-gate,0,21,G.R,0,HK,0,4,1994,6,0
G.R-no-gate,0,22,G.R,0,HK,0,21,1994,6,0
G.R-no-gate,0,0,G.R,0,HK,0,7,1994,7,0
G.R-no-gate,0,3,G.R,0,HK,0,157,1994,7,0
G.R-no-gate,0,4,G.R,0,HK,0,165,1994,7,0
G.R-no-gate,0,6,G.R,0,HK,0,1,1994,7,0
G.R-no-gate,0,9,G.R,0,HK,0,164,1994,7,0
G.R-no-gate,0,11,G.R,0,HK,0,61,1994,7,0
G.R-no-gate,3,12,G.R,1,HK,2,41,1994,7,0
G.R-no-gate,0,13,G.R,0,HK,0,160,1994,7,0
G.R-no-gate,0,15,G.R,0,HK,0,123,1994,7,0
G.R-no-gate,0,16,G.R,0,HK,0,8,1994,7,0
G.R-no-gate,0,17,G.R,0,HK,0,5,1994,7,0
G.R-no-gate,0,19,G.R,0,HK,0,2,1994,7,0
G.R-no-gate,0,21,G.R,0,HK,0,4,1994,7,0
G.R-no-gate,0,22,G.R,0,HK,0,21,1994,7,0
G.R-no-gate,0,0,G.R,0,HK,0,7,1994,8,0
G.R-no-gate,2,3,G.R,0,HK,2,157,1994,8,0
G.R-no-gate,1,4,G.R,0,HK,1,165,1994,8,0
G.R-no-gate,0,5,G.R,0,HK,0,1,1994,8,0
G.R-no-gate,0,6,G.R,0,HK,0,1,1994,8,0
G.R-no-gate,0,7,G.R,0,HK,0,21,1994,8,0
G.R-no-gate,0,9,G.R,0,HK,0,164,1994,8,0
G.R-no-gate,1,11,G.R,0,HK,1,61,1994,8,0
G.R-no-gate,1,12,G.R,1,HK,0,41,1994,8,0
G.R-no-gate,0,13,G.R,0,HK,0,160,1994,8,0
G.R-no-gate,0,15,G.R,0,HK,0,123,1994,8,0
G.R-no-gate,0,16,G.R,0,HK,0,8,1994,8,0
G.R-no-gate,0,17,G.R,0,HK,0,5,1994,8,0
G.R-no-gate,0,19,G.R,0,HK,0,2,1994,8,0
G.R-no-gate,0,21,G.R,0,HK,0,4,1994,8,0
G.R-no-gate,0,22,G.R,0,HK,0,21,1994,8,0
G.R-no-gate,0,0,G.R,0,HK,0,7,1994,9,0
G.R-no-gate,0,1,G.R,0,HK,0,113,1994,9,0
G.R-no-gate,0,3,G.R,0,HK,0,157,1994,9,0
G.R-no-gate,1,4,G.R,0,HK,1,165,1994,9,0
G.R-no-gate,0,5,G.R,0,HK,0,1,1994,9,0
G.R-no-gate,0,6,G.R,0,HK,0,1,1994,9,0
G.R-no-gate,0,7,G.R,0,HK,0,21,1994,9,0
G.R-no-gate,0,9,G.R,0,HK,0,164,1994,9,0
G.R-no-gate,0,11,G.R,0,HK,0,61,1994,9,0
G.R-no-gate,1,12,G.R,1,HK,0,41,1994,9,0
G.R-no-gate,0,13,G.R,0,HK,0,160,1994,9,0
G.R-no-gate,0,15,G.R,0,HK,0,123,1994,9,0
G.R-no-gate,0,16,G.R,0,HK,0,8,1994,9,0
G.R-no-gate,2,17,G.R,1,HK,1,5,1994,9,0
G.R-no-gate,2,18,G.R,0,HK,1,33,1994,9,1
G.R-no-gate,0,19,G.R,0,HK,0,2,1994,9,0
G.R-no-gate,0,21,G.R,0,HK,0,4,1994,9,0
G.R-no-gate,0,22,G.R,0,HK,0,21,1994,9,0
G.R-no-gate,0,0,G.R,0,HK,0,7,1994,10,0
G.R-no-gate,0,1,G.R,0,HK,0,113,1994,10,0
G.R-no-gate,0,3,G.R,0,HK,0,157,1994,10,0
G.R-no-gate,0,4,G.R,0,HK,0,165,1994,10,0
G.R-no-gate,0,5,G.R,0,HK,0,1,1994,10,0
G.R-no-gate,0,6,G.R,0,HK,0,1,1994,10,0
G.R-no-gate,0,7,G.R,0,HK,0,21,1994,10,0
G.R-no-gate,0,9,G.R,0,HK,0,164,1994,10,0
G.R-no-gate,3,10,G.R,2,HK,0,150,1994,10,1
G.R-no-gate,1,11,G.R,1,HK,0,61,1994,10,0
G.R-no-gate,0,12,G.R,0,HK,0,41,1994,10,0
G.R-no-gate,0,13,G.R,0,HK,0,160,1994,10,0
G.R-no-gate,0,14,G.R,0,HK,0,60,1994,10,0
G.R-no-gate,0,15,G.R,0,HK,0,123,1994,10,0
G.R-no-gate,0,16,G.R,0,HK,0,8,1994,10,0
G.R-no-gate,0,17,G.R,0,HK,0,5,1994,10,0
G.R-no-gate,2,18,G.R,0,HK,1,33,1994,10,1
G.R-no-gate,0,19,G.R,0,HK,0,2,1994,10,0
G.R-no-gate,0,21,G.R,0,HK,0,4,1994,10,0
G.R-no-gate,0,22,G.R,0,HK,0,21,1994,10,0
G.R-no-gate,1,0,G.R,1,HK,0,7,1994,11,0
G.R-no-gate,0,1,G.R,0,HK,0,113,1994,11,0
G.R-no-gate,0,2,G.R,0,HK,0,182,1994,11,0
G.R-no-gate,0,3,G.R,0,HK,0,157,1994,11,0
G.R-no-gate,0,4,G.R,0,HK,0,165,1994,11,0
G.R-no-gate,0,5,G.R,0,HK,0,1,1994,11,0
G.R-no-gate,0,6,G.R,0,HK,0,1,1994,11,0
G.R-no-gate,0,7,G.R,0,HK,0,21,1994,11,0
G.R-no-gate,0,8,G.R,0,HK,0,153,1994,11,0
G.R-no-gate,0,9,G.R,0,HK,0,164,1994,11,0
G.R-no-gate,2,10,G.R,0,HK,1,150,1994,11,1
G.R-no-gate,1,11,G.R,0,HK,0,61,1994,11,1
G.R-no-gate,0,12,G.R,0,HK,0,41,1994,11,0
G.R-no-gate,0,13,G.R,0,HK,0,160,1994,11,0
G.R-no-gate,0,14,G.R,0,HK,0,60,1994,11,0
G.R-no-gate,0,15,G.R,0,HK,0,123,1994,11,0
G.R-no-gate,0,16,G.R,0,HK,0,8,1994,11,0
G.R-no-gate,0,17,G.R,0,HK,0,5,1994,11,0
G.R-no-gate,1,18,G.R,0,HK,0,33,1994,11,1
G.R-no-gate,0,19,G.R,0,HK,0,2,1994,11,0
G.R-no-gate,2,20,G.R,0,HK,1,66,1994,11,1
G.R-no-gate,0,21,G.R,0,HK,0,4,1994,11,0
G.R-no-gate,0,22,G.R,0,HK,0,21,1994,11,0
G.R-no-gate,0,9,G.R,0,HK,0,164,1995,1,0
G.R-no-gate,0,13,G.R,0,HK,0,160,1995,1,0
G.R-no-gate,0,9,G.R,0,HK,0,164,1995,2,0
G.R-no-gate,0,13,G.R,0,HK,0,160,1995,2,0
G.R-no-gate,0,14,G.R,0,HK,0,60,1995,2,0
G.R-no-gate,0,16,G.R,0,HK,0,8,1995,2,0
G.R-no-gate,0,5,G.R,0,HK,0,1,1995,3,0
G.R-no-gate,0,9,G.R,0,HK,0,164,1995,3,0
G.R-no-gate,0,13,G.R,0,HK,0,160,1995,3,0
G.R-no-gate,0,14,G.R,0,HK,0,60,1995,3,0
G.R-no-gate,0,15,G.R,0,HK,0,123,1995,3,0
G.R-no-gate,0,16,G.R,0,HK,0,8,1995,3,0
G.R-no-gate,0,1,G.R,0,HK,0,113,1995,4,0
G.R-no-gate,0,5,G.R,0,HK,0,1,1995,4,0
G.R-no-gate,0,9,G.R,0,HK,0,164,1995,4,0
G.R-no-gate,0,12,G.R,0,HK,0,41,1995,4,0
G.R-no-gate,0,13,G.R,0,HK,0,160,1995,4,0
G.R-no-gate,0,14,G.R,0,HK,0,60,1995,4,0
G.R-no-gate,0,15,G.R,0,HK,0,123,1995,4,0
G.R-no-gate,0,16,G.R,0,HK,0,8,1995,4,0
G.R-no-gate,0,1,G.R,0,HK,0,113,1995,5,0
G.R-no-gate,0,5,G.R,0,HK,0,1,1995,5,0
G.R-no-gate,0,8,G.R,0,HK,0,153,1995,5,0
G.R-no-gate,0,9,G.R,0,HK,0,164,1995,5,0
G.R-no-gate,0,12,G.R,0,HK,0,41,1995,5,0
G.R-no-gate,0,13,G.R,0,HK,0,160,1995,5,0
G.R-no-gate,0,14,G.R,0,HK,0,60,1995,5,0
G.R-no-gate,0,15,G.R,0,HK,0,123,1995,5,0
G.R-no-gate,0,16,G.R,0,HK,0,8,1995,5,0
G.R-no-gate,0,22,G.R,0,HK,0,21,1995,5,0
G.R-no-gate,0,1,G.R,0,HK,0,113,1995,6,0
G.R-no-gate,0,5,G.R,0,HK,0,1,1995,6,0
G.R-no-gate,0,8,G.R,0,HK,0,153,1995,6,0
G.R-no-gate,0,9,G.R,0,HK,0,164,1995,6,0
G.R-no-gate,0,12,G.R,0,HK,0,41,1995,6,0
G.R-no-gate,0,13,G.R,0,HK,0,160,1995,6,0
G.R-no-gate,0,14,G.R,0,HK,0,60,1995,6,0
G.R-no-gate,0,15,G.R,0,HK,0,123,1995,6,0
G.R-no-gate,0,16,G.R,0,HK,0,8,1995,6,0
G.R-no-gate,0,17,G.R,0,HK,0,5,1995,6,0
G.R-no-gate,0,19,G.R,0,HK,0,2,1995,6,0
G.R-no-gate,0,22,G.R,0,HK,0,21,1995,6,0
G.R-no-gate,0,1,G.R,0,HK,0,113,1995,7,0
G.R-no-gate,0,5,G.R,0,HK,0,1,1995,7,0
G.R-no-gate,0,6,G.R,0,HK,0,1,1995,7,0
G.R-no-gate,0,8,G.R,0,HK,0,153,1995,7,0
G.R-no-gate,0,9,G.R,0,HK,0,164,1995,7,0
G.R-no-gate,0,12,G.R,0,HK,0,41,1995,7,0
G.R-no-gate,0,13,G.R,0,HK,0,160,1995,7,0
G.R-no-gate,0,14,G.R,0,HK,0,60,1995,7,0
G.R-no-gate,0,15,G.R,0,HK,0,123,1995,7,0
G.R-no-gate,0,16,G.R,0,HK,0,8,1995,7,0
G.R-no-gate,0,17,G.R,0,HK,0,5,1995,7,0
G.R-no-gate,1,18,G.R,0,HK,1,33,1995,7,0
G.R-no-gate,0,19,G.R,0,HK,0,2,1995,7,0
G.R-no-gate,0,22,G.R,0,HK,0,21,1995,7,0
G.R-no-gate,1,0,G.R,1,HK,0,7,1995,8,0
G.R-no-gate,0,1,G.R,0,HK,0,113,1995,8,0
G.R-no-gate,0,5,G.R,0,HK,0,1,1995,8,0
G.R-no-gate,0,6,G.R,0,HK,0,1,1995,8,0
G.R-no-gate,0,8,G.R,0,HK,0,153,1995,8,0
G.R-no-gate,0,9,G.R,0,HK,0,164,1995,8,0
G.R-no-gate,1,12,G.R,0,HK,1,41,1995,8,0
G.R-no-gate,0,13,G.R,0,HK,0,160,1995,8,0
G.R-no-gate,1,14,G.R,0,HK,1,60,1995,8,0
G.R-no-gate,0,15,G.R,0,HK,0,123,1995,8,0
G.R-no-gate,0,16,G.R,0,HK,0,8,1995,8,0
G.R-no-gate,0,17,G.R,0,HK,0,5,1995,8,0
G.R-no-gate,2,18,G.R,0,HK,0,33,1995,8,2
G.R-no-gate,0,19,G.R,0,HK,0,2,1995,8,0
G.R-no-gate,1,20,G.R,0,HK,1,66,1995,8,0
G.R-no-gate,1,22,G.R,0,HK,1,21,1995,8,0
G.R-no-gate,1,0,G.R,1,HK,0,7,1995,9,0
G.R-no-gate,0,1,G.R,0,HK,0,113,1995,9,0
G.R-no-gate,0,3,G.R,0,HK,0,157,1995,9,0
G.R-no-gate,0,5,G.R,0,HK,0,1,1995,9,0
G.R-no-gate,0,6,G.R,0,HK,0,1,1995,9,0
G.R-no-gate,0,8,G.R,0,HK,0,153,1995,9,0
G.R-no-gate,0,9,G.R,0,HK,0,164,1995,9,0
G.R-no-gate,1,11,G.R,0,HK,1,61,1995,9,0
G.R-no-gate,1,12,G.R,0,HK,0,41,1995,9,1
G.R-no-gate,0,13,G.R,0,HK,0,160,1995,9,0
G.R-no-gate,0,14,G.R,0,HK,0,60,1995,9,0
G.R-no-gate,0,15,G.R,0,HK,0,123,1995,9,0
G.R-no-gate,0,16,G.R,0,HK,0,8,1995,9,0
G.R-no-gate,1,17,G.R,0,HK,1,5,1995,9,0
G.R-no-gate,1,18,G.R,0,HK,0,33,1995,9,1
G.R-no-gate,0,19,G.R,0,HK,0,2,1995,9,0
G.R-no-gate,3,20,G.R,1,HK,1,66,1995,9,1
G.R-no-gate,1,22,G.R,0,HK,1,21,1995,9,0
G.R-no-gate,1,0,G.R,1,HK,0,7,1995,10,0
G.R-no-gate,0,1,G.R,0,HK,0,113,1995,10,0
G.R-no-gate,0,2,G.R,0,HK,0,182,1995,10,0
G.R-no-gate,0,3,G.R,0,HK,0,157,1995,10,0
G.R-no-gate,0,5,G.R,0,HK,0,1,1995,10,0
G.R-no-gate,0,6,G.R,0,HK,0,1,1995,10,0
G.R-no-gate,0,8,G.R,0,HK,0,153,1995,10,0
G.R-no-gate,0,9,G.R,0,HK,0,164,1995,10,0
G.R-no-gate,2,11,G.R,0,HK,1,61,1995,10,1
G.R-no-gate,0,12,G.R,0,HK,0,41,1995,10,0
G.R-no-gate,0,13,G.R,0,HK,0,160,1995,10,0
G.R-no-gate,0,14,G.R,0,HK,0,60,1995,10,0
G.R-no-gate,0,15,G.R,0,HK,0,123,1995,10,0
G.R-no-gate,0,16,G.R,0,HK,0,8,1995,10,0
G.R-no-gate,1,17,G.R,0,HK,0,5,1995,10,1
G.R-no-gate,1,18,G.R,0,HK,0,33,1995,10,1
G.R-no-gate,1,19,G.R,0,HK,0,2,1995,10,1
G.R-no-gate,5,20,G.R,0,HK,2,66,1995,10,3
G.R-no-gate,0,21,G.R,0,HK,0,4,1995,10,0
G.R-no-gate,0,22,G.R,0,HK,0,21,1995,10,0
G.R-no-gate,1,0,G.R,1,HK,0,7,1995,11,0
G.R-no-gate,0,1,G.R,0,HK,0,113,1995,11,0
G.R-no-gate,0,2,G.R,0,HK,0,182,1995,11,0
G.R-no-gate,0,3,G.R,0,HK,0,157,1995,11,0
G.R-no-gate,0,4,G.R,0,HK,0,165,1995,11,0
G.R-no-gate,0,5,G.R,0,HK,0,1,1995,11,0
G.R-no-gate,0,6,G.R,0,HK,0,1,1995,11,0
G.R-no-gate,0,7,G.R,0,HK,0,21,1995,11,0
G.R-no-gate,0,8,G.R,0,HK,0,153,1995,11,0
G.R-no-gate,0,9,G.R,0,HK,0,164,1995,11,0
G.R-no-gate,0,10,G.R,0,HK,0,150,1995,11,0
G.R-no-gate,0,11,G.R,0,HK,0,61,1995,11,0
G.R-no-gate,0,12,G.R,0,HK,0,41,1995,11,0
G.R-no-gate,0,13,G.R,0,HK,0,160,1995,11,0
G.R-no-gate,0,14,G.R,0,HK,0,60,1995,11,0
G.R-no-gate,0,15,G.R,0,HK,0,123,1995,11,0
G.R-no-gate,0,16,G.R,0,HK,0,8,1995,11,0
G.R-no-gate,0,17,G.R,0,HK,0,5,1995,11,0
G.R-no-gate,1,18,G.R,0,HK,0,33,1995,11,1
G.R-no-gate,1,19,G.R,0,HK,0,2,1995,11,1
G.R-no-gate,8,20,G.R,1,HK,3,66,1995,11,4
G.R-no-gate,0,21,G.R,0,HK,0,4,1995,11,0
G.R-no-gate,1,22,G.R,1,HK,0,21,1995,11,0
G.R-identity,0,0,G.R,0,HK,0,7,1993,1,0
G.R-identity,0,4,G.R,0,HK,0,165,1993,1,0
G.R-identity,0,0,G.R,0,HK,0,7,1993,2,0
G.R-identity,0,4,G.R,0,HK,0,165,1993,2,0
G.R-identity,0,8,G.R,0,HK,0,153,1993,2,0
G.R-identity,0,12,G.R,0,HK,0,41,1993,2,0
G.R-identity,0,0,G.R,0,HK,0,7,1993,3,0
G.R-identity,0,2,G.R,0,HK,0,182,1993,3,0
G.R-identity,0,4,G.R,0,HK,0,165,1993,3,0
G.R-identity,0,8,G.R,0,HK,0,153,1993,3,0
G.R-identity,0,11,G.R,0,HK,0,61,1993,3,0
G.R-identity,0,12,G.R,0,HK,0,41,1993,3,0
G.R-identity,0,0,G.R,0,HK,0,7,1993,4,0
G.R-identity,0,2,G.R,0,HK,0,182,1993,4,0
G.R-identity,0,3,G.R,0,HK,0,157,1993,4,0
G.R-identity,0,4,G.R,0,HK,0,165,1993,4,0
G.R-identity,0,8,G.R,0,HK,0,153,1993,4,0
G.R-identity,0,11,G.R,0,HK,0,61,1993,4,0
G.R-identity,0,12,G.R,0,HK,0,41,1993,4,0
G.R-identity,0,17,G.R,0,HK,0,5,1993,4,0
G.R-identity,0,0,G.R,0,HK,0,7,1993,5,0
G.R-identity,0,2,G.R,0,HK,0,182,1993,5,0
G.R-identity,0,3,G.R,0,HK,0,157,1993,5,0
G.R-identity,0,4,G.R,0,HK,0,165,1993,5,0
G.R-identity,0,8,G.R,0,HK,0,153,1993,5,0
G.R-identity,0,11,G.R,0,HK,0,61,1993,5,0
G.R-identity,0,12,G.R,0,HK,0,41,1993,5,0
G.R-identity,0,16,G.R,0,HK,0,8,1993,5,0
G.R-identity,0,17,G.R,0,HK,0,5,1993,5,0
G.R-identity,0,21,G.R,0,HK,0,4,1993,5,0
G.R-identity,0,0,G.R,0,HK,0,7,1993,6,0
G.R-identity,0,2,G.R,0,HK,0,182,1993,6,0
G.R-identity,0,3,G.R,0,HK,0,157,1993,6,0
G.R-identity,0,4,G.R,0,HK,0,165,1993,6,0
G.R-identity,0,8,G.R,0,HK,0,153,1993,6,0
G.R-identity,0,11,G.R,0,HK,0,61,1993,6,0
G.R-identity,0,12,G.R,0,HK,0,41,1993,6,0
G.R-identity,0,13,G.R,0,HK,0,160,1993,6,0
G.R-identity,0,16,G.R,0,HK,0,8,1993,6,0
G.R-identity,0,17,G.R,0,HK,0,5,1993,6,0
G.R-identity,0,21,G.R,0,HK,0,4,1993,6,0
G.R-identity,0,22,G.R,0,HK,0,21,1993,6,0
G.R-identity,0,0,G.R,0,HK,0,7,1993,7,0
G.R-identity,0,2,G.R,0,HK,0,182,1993,7,0
G.R-identity,0,3,G.R,0,HK,0,157,1993,7,0
G.R-identity,0,4,G.R,0,HK,0,165,1993,7,0
G.R-identity,0,8,G.R,0,HK,0,153,1993,7,0
G.R-identity,0,11,G.R,0,HK,0,61,1993,7,0
G.R-identity,0,12,G.R,0,HK,0,41,1993,7,0
G.R-identity,0,13,G.R,0,HK,0,160,1993,7,0
G.R-identity,0,14,G.R,0,HK,0,60,1993,7,0
G.R-identity,0,16,G.R,0,HK,0,8,1993,7,0
G.R-identity,0,17,G.R,0,HK,0,5,1993,7,0
G.R-identity,0,18,G.R,0,HK,0,33,1993,7,0
G.R-identity,0,21,G.R,0,HK,0,4,1993,7,0
G.R-identity,0,22,G.R,0,HK,0,21,1993,7,0
G.R-identity,0,0,G.R,0,HK,0,7,1993,8,0
G.R-identity,0,2,G.R,0,HK,0,182,1993,8,0
G.R-identity,0,3,G.R,0,HK,0,157,1993,8,0
G.R-identity,0,4,G.R,0,HK,0,165,1993,8,0
G.R-identity,0,8,G.R,0,HK,0,153,1993,8,0
G.R-identity,0,9,G.R,0,HK,0,164,1993,8,0
G.R-identity,0,11,G.R,0,HK,0,61,1993,8,0
G.R-identity,0,12,G.R,0,HK,0,41,1993,8,0
G.R-identity,0,13,G.R,0,HK,0,160,1993,8,0
G.R-identity,0,14,G.R,0,HK,0,60,1993,8,0
G.R-identity,0,16,G.R,0,HK,0,8,1993,8,0
G.R-identity,0,17,G.R,0,HK,0,5,1993,8,0
G.R-identity,0,18,G.R,0,HK,0,33,1993,8,0
G.R-identity,0,19,G.R,0,HK,0,2,1993,8,0
G.R-identity,0,21,G.R,0,HK,0,4,1993,8,0
G.R-identity,0,22,G.R,0,HK,0,21,1993,8,0
G.R-identity,0,0,G.R,0,HK,0,7,1993,9,0
G.R-identity,0,2,G.R,0,HK,0,182,1993,9,0
G.R-identity,0,3,G.R,0,HK,0,157,1993,9,0
G.R-identity,0,4,G.R,0,HK,0,165,1993,9,0
G.R-identity,0,6,G.R,0,HK,0,1,1993,9,0
G.R-identity,0,8,G.R,0,HK,0,153,1993,9,0
G.R-identity,0,9,G.R,0,HK,0,164,1993,9,0
G.R-identity,0,11,G.R,0,HK,0,61,1993,9,0
G.R-identity,0,12,G.R,0,HK,0,41,1993,9,0
G.R-identity,0,13,G.R,0,HK,0,160,1993,9,0
G.R-identity,0,14,G.R,0,HK,0,60,1993,9,0
G.R-identity,0,15,G.R,0,HK,0,123,1993,9,0
G.R-identity,0,16,G.R,0,HK,0,8,1993,9,0
G.R-identity,0,17,G.R,0,HK,0,5,1993,9,0
G.R-identity,0,18,G.R,0,HK,0,33,1993,9,0
G.R-identity,0,19,G.R,0,HK,0,2,1993,9,0
G.R-identity,0,21,G.R,0,HK,0,4,1993,9,0
G.R-identity,0,22,G.R,0,HK,0,21,1993,9,0
G.R-identity,0,0,G.R,0,HK,0,7,1993,10,0
G.R-identity,0,2,G.R,0,HK,0,182,1993,10,0
G.R-identity,0,3,G.R,0,HK,0,157,1993,10,0
G.R-identity,0,4,G.R,0,HK,0,165,1993,10,0
G.R-identity,0,5,G.R,0,HK,0,1,1993,10,0
G.R-identity,0,6,G.R,0,HK,0,1,1993,10,0
G.R-identity,0,8,G.R,0,HK,0,153,1993,10,0
G.R-identity,0,9,G.R,0,HK,0,164,1993,10,0
G.R-identity,0,11,G.R,0,HK,0,61,1993,10,0
G.R-identity,0,12,G.R,0,HK,0,41,1993,10,0
G.R-identity,0,13,G.R,0,HK,0,160,1993,10,0
G.R-identity,0,14,G.R,0,HK,0,60,1993,10,0
G.R-identity,0,15,G.R,0,HK,0,123,1993,10,0
G.R-identity,0,16,G.R,0,HK,0,8,1993,10,0
G.R-identity,0,17,G.R,0,HK,0,5,1993,10,0
G.R-identity,0,18,G.R,0,HK,0,33,1993,10,0
G.R-identity,0,19,G.R,0,HK,0,2,1993,10,0
G.R-identity,0,20,G.R,0,HK,0,66,1993,10,0
G.R-identity,0,21,G.R,0,HK,0,4,1993,10,0
G.R-identity,0,22,G.R,0,HK,0,21,1993,10,0
G.R-identity,0,0,G.R,0,HK,0,7,1993,11,0
G.R-identity,0,1,G.R,0,HK,0,113,1993,11,0
G.R-identity,0,2,G.R,0,HK,0,182,1993,11,0
G.R-identity,0,3,G.R,0,HK,0,157,1993,11,0
G.R-identity,0,4,G.R,0,HK,0,165,1993,11,0
G.R-identity,0,5,G.R,0,HK,0,1,1993,11,0
G.R-identity,0,6,G.R,0,HK,0,1,1993,11,0
G.R-identity,0,7,G.R,0,HK,0,21,1993,11,0
G.R-identity,0,8,G.R,0,HK,0,153,1993,11,0
G.R-identity,0,9,G.R,0,HK,0,164,1993,11,0
G.R-identity,0,10,G.R,0,HK,0,150,1993,11,0
G.R-identity,0,11,G.R,0,HK,0,61,1993,11,0
G.R-identity,0,12,G.R,0,HK,0,41,1993,11,0
G.R-identity,0,13,G.R,0,HK,0,160,1993,11,0
G.R-identity,0,14,G.R,0,HK,0,60,1993,11,0
G.R-identity,0,15,G.R,0,HK,0,123,1993,11,0
G.R-identity,0,16,G.R,0,HK,0,8,1993,11,0
G.R-identity,0,17,G.R,0,HK,0,5,1993,11,0
G.R-identity,0,18,G.R,0,HK,0,33,1993,11,0
G.R-identity,0,19,G.R,0,HK,0,2,1993,11,0
G.R-identity,0,20,G.R,0,HK,0,66,1993,11,0
G.R-identity,0,21,G.R,0,HK,0,4,1993,11,0
G.R-identity,0,22,G.R,0,HK,0,21,1993,11,0
G.R-identity,0,16,G.R,0,HK,0,8,1994,1,0
G.R-identity,0,22,G.R,0,HK,0,21,1994,1,0
G.R-identity,0,12,G.R,0,HK,0,41,1994,2,0
G.R-identity,0,13,G.R,0,HK,0,160,1994,2,0
G.R-identity,0,16,G.R,0,HK,0,8,1994,2,0
G.R-identity,0,22,G.R,0,HK,0,21,1994,2,0
G.R-identity,0,4,G.R,0,HK,0,165,1994,3,0
G.R-identity,0,12,G.R,0,HK,0,41,1994,3,0
G.R-identity,0,13,G.R,0,HK,0,160,1994,3,0
G.R-identity,0,16,G.R,0,HK,0,8,1994,3,0
G.R-identity,0,21,G.R,0,HK,0,4,1994,3,0
G.R-identity,0,22,G.R,0,HK,0,21,1994,3,0
G.R-identity,0,4,G.R,0,HK,0,165,1994,4,0
G.R-identity,0,12,G.R,0,HK,0,41,1994,4,0
G.R-identity,0,13,G.R,0,HK,0,160,1994,4,0
G.R-identity,0,16,G.R,0,HK,0,8,1994,4,0
G.R-identity,0,17,G.R,0,HK,0,5,1994,4,0
G.R-identity,0,19,G.R,0,HK,0,2,1994,4,0
G.R-identity,0,21,G.R,0,HK,0,4,1994,4,0
G.R-identity,0,22,G.R,0,HK,0,21,1994,4,0
G.R-identity,0,4,G.R,0,HK,0,165,1994,5,0
G.R-identity,0,6,G.R,0,HK,0,1,1994,5,0
G.R-identity,0,11,G.R,0,HK,0,61,1994,5,0
G.R-identity,0,12,G.R,0,HK,0,41,1994,5,0
G.R-identity,0,13,G.R,0,HK,0,160,1994,5,0
G.R-identity,0,16,G.R,0,HK,0,8,1994,5,0
G.R-identity,0,17,G.R,0,HK,0,5,1994,5,0
G.R-identity,0,19,G.R,0,HK,0,2,1994,5,0
G.R-identity,0,21,G.R,0,HK,0,4,1994,5,0
G.R-identity,0,22,G.R,0,HK,0,21,1994,5,0
G.R-identity,0,3,G.R,0,HK,0,157,1994,6,0
G.R-identity,0,4,G.R,0,HK,0,165,1994,6,0
G.R-identity,0,6,G.R,0,HK,0,1,1994,6,0
G.R-identity,0,11,G.R,0,HK,0,61,1994,6,0
G.R-identity,0,12,G.R,0,HK,0,41,1994,6,0
G.R-identity,0,13,G.R,0,HK,0,160,1994,6,0
G.R-identity,0,15,G.R,0,HK,0,123,1994,6,0
G.R-identity,0,16,G.R,0,HK,0,8,1994,6,0
G.R-identity,0,17,G.R,0,HK,0,5,1994,6,0
G.R-identity,0,19,G.R,0,HK,0,2,1994,6,0
G.R-identity,0,21,G.R,0,HK,0,4,1994,6,0
G.R-identity,0,22,G.R,0,HK,0,21,1994,6,0
G.R-identity,0,0,G.R,0,HK,0,7,1994,7,0
G.R-identity,0,3,G.R,0,HK,0,157,1994,7,0
G.R-identity,0,4,G.R,0,HK,0,165,1994,7,0
G.R-identity,0,6,G.R,0,HK,0,1,1994,7,0
G.R-identity,0,9,G.R,0,HK,0,164,1994,7,0
G.R-identity,0,11,G.R,0,HK,0,61,1994,7,0
G.R-identity,0,12,G.R,0,HK,0,41,1994,7,0
G.R-identity,0,13,G.R,0,HK,0,160,1994,7,0
G.R-identity,0,15,G.R,0,HK,0,123,1994,7,0
G.R-identity,0,16,G.R,0,HK,0,8,1994,7,0
G.R-identity,0,17,G.R,0,HK,0,5,1994,7,0
G.R-identity,0,19,G.R,0,HK,0,2,1994,7,0
G.R-identity,0,21,G.R,0,HK,0,4,1994,7,0
G.R-identity,0,22,G.R,0,HK,0,21,1994,7,0
G.R-identity,0,0,G.R,0,HK,0,7,1994,8,0
G.R-identity,0,3,G.R,0,HK,0,157,1994,8,0
G.R-identity,0,4,G.R,0,HK,0,165,1994,8,0
G.R-identity,0,5,G.R,0,HK,0,1,1994,8,0
G.R-identity,0,6,G.R,0,HK,0,1,1994,8,0
G.R-identity,0,7,G.R,0,HK,0,21,1994,8,0
G.R-identity,0,9,G.R,0,HK,0,164,1994,8,0
G.R-identity,0,11,G.R,0,HK,0,61,1994,8,0
G.R-identity,0,12,G.R,0,HK,0,41,1994,8,0
G.R-identity,0,13,G.R,0,HK,0,160,1994,8,0
G.R-identity,0,15,G.R,0,HK,0,123,1994,8,0
G.R-identity,0,16,G.R,0,HK,0,8,1994,8,0
G.R-identity,0,17,G.R,0,HK,0,5,1994,8,0
G.R-identity,0,19,G.R,0,HK,0,2,1994,8,0
G.R-identity,0,21,G.R,0,HK,0,4,1994,8,0
G.R-identity,0,22,G.R,0,HK,0,21,1994,8,0
G.R-identity,0,0,G.R,0,HK,0,7,1994,9,0
G.R-identity,0,1,G.R,0,HK,0,113,1994,9,0
G.R-identity,0,3,G.R,0,HK,0,157,1994,9,0
G.R-identity,0,4,G.R,0,HK,0,165,1994,9,0
G.R-identity,0,5,G.R,0,HK,0,1,1994,9,0
G.R-identity,0,6,G.R,0,HK,0,1,1994,9,0
G.R-identity,0,7,G.R,0,HK,0,21,1994,9,0
G.R-identity,0,9,G.R,0,HK,0,164,1994,9,0
G.R-identity,0,11,G.R,0,HK,0,61,1994,9,0
G.R-identity,0,12,G.R,0,HK,0,41,1994,9,0
G.R-identity,0,13,G.R,0,HK,0,160,1994,9,0
G.R-identity,0,15,G.R,0,HK,0,123,1994,9,0
G.R-identity,0,16,G.R,0,HK,0,8,1994,9,0
G.R-identity,0,17,G.R,0,HK,0,5,1994,9,0
G.R-identity,0,18,G.R,0,HK,0,33,1994,9,0
G.R-identity,0,19,G.R,0,HK,0,2,1994,9,0
G.R-identity,0,21,G.R,0,HK,0,4,1994,9,0
G.R-identity,0,22,G.R,0,HK,0,21,1994,9,0
G.R-identity,0,0,G.R,0,HK,0,7,1994,10,0
G.R-identity,0,1,G.R,0,HK,0,113,1994,10,0
G.R-identity,0,3,G.R,0,HK,0,157,1994,10,0
G.R-identity,0,4,G.R,0,HK,0,165,1994,10,0
G.R-identity,0,5,G.R,0,HK,0,1,1994,10,0
G.R-identity,0,6,G.R,0,HK,0,1,1994,10,0
G.R-identity,0,7,G.R,0,HK,0,21,1994,10,0
G.R-identity,0,9,G.R,0,HK,0,164,1994,10,0
G.R-identity,0,10,G.R,0,HK,0,150,1994,10,0
G.R-identity,0,11,G.R,0,HK,0,61,1994,10,0
G.R-identity,0,12,G.R,0,HK,0,41,1994,10,0
G.R-identity,0,13,G.R,0,HK,0,160,1994,10,0
G.R-identity,0,14,G.R,0,HK,0,60,1994,10,0
G.R-identity,0,15,G.R,0,HK,0,123,1994,10,0
G.R-identity,0,16,G.R,0,HK,0,8,1994,10,0
G.R-identity,0,17,G.R,0,HK,0,5,1994,10,0
G.R-identity,0,18,G.R,0,HK,0,33,1994,10,0
G.R-identity,0,19,G.R,0,HK,0,2,1994,10,0
G.R-identity,0,21,G.R,0,HK,0,4,1994,10,0
G.R-identity,0,22,G.R,0,HK,0,21,1994,10,0
G.R-identity,0,0,G.R,0,HK,0,7,1994,11,0
G.R-identity,0,1,G.R,0,HK,0,113,1994,11,0
G.R-identity,0,2,G.R,0,HK,0,182,1994,11,0
G.R-identity,0,3,G.R,0,HK,0,157,1994,11,0
G.R-identity,0,4,G.R,0,HK,0,165,1994,11,0
G.R-identity,0,5,G.R,0,HK,0,1,1994,11,0
G.R-identity,0,6,G.R,0,HK,0,1,1994,11,0
G.R-identity,0,7,G.R,0,HK,0,21,1994,11,0
G.R-identity,0,8,G.R,0,HK,0,153,1994,11,0
G.R-identity,0,9,G.R,0,HK,0,164,1994,11,0
G.R-identity,0,10,G.R,0,HK,0,150,1994,11,0
G.R-identity,0,11,G.R,0,HK,0,61,1994,11,0
G.R-identity,0,12,G.R,0,HK,0,41,1994,11,0
G.R-identity,0,13,G.R,0,HK,0,160,1994,11,0
G.R-identity,0,14,G.R,0,HK,0,60,1994,11,0
G.R-identity,0,15,G.R,0,HK,0,123,1994,11,0
G.R-identity,0,16,G.R,0,HK,0,8,1994,11,0
G.R-identity,0,17,G.R,0,HK,0,5,1994,11,0
G.R-identity,0,18,G.R,0,HK,0,33,1994,11,0
G.R-identity,0,19,G.R,0,HK,0,2,1994,11,0
G.R-identity,0,20,G.R,0,HK,0,66,1994,11,0
G.R-identity,0,21,G.R,0,HK,0,4,1994,11,0
G.R-identity,0,22,G.R,0,HK,0,21,1994,11,0
G.R-identity,0,9,G.R,0,HK,0,164,1995,1,0
G.R-identity,0,13,G.R,0,HK,0,160,1995,1,0
G.R-identity,0,9,G.R,0,HK,0,164,1995,2,0
G.R-identity,0,13,G.R,0,HK,0,160,1995,2,0
G.R-identity,0,14,G.R,0,HK,0,60,1995,2,0
G.R-identity,0,16,G.R,0,HK,0,8,1995,2,0
G.R-identity,0,5,G.R,0,HK,0,1,1995,3,0
G.R-identity,0,9,G.R,0,HK,0,164,1995,3,0
G.R-identity,0,13,G.R,0,HK,0,160,1995,3,0
G.R-identity,0,14,G.R,0,HK,0,60,1995,3,0
G.R-identity,0,15,G.R,0,HK,0,123,1995,3,0
G.R-identity,0,16,G.R,0,HK,0,8,1995,3,0
G.R-identity,0,1,G.R,0,HK,0,113,1995,4,0
G.R-identity,0,5,G.R,0,HK,0,1,1995,4,0
G.R-identity,0,9,G.R,0,HK,0,164,1995,4,0
G.R-identity,0,12,G.R,0,HK,0,41,1995,4,0
G.R-identity,0,13,G.R,0,HK,0,160,1995,4,0
G.R-identity,0,14,G.R,0,HK,0,60,1995,4,0
G.R-identity,0,15,G.R,0,HK,0,123,1995,4,0
G.R-identity,0,16,G.R,0,HK,0,8,1995,4,0
G.R-identity,0,1,G.R,0,HK,0,113,1995,5,0
G.R-identity,0,5,G.R,0,HK,0,1,1995,5,0
G.R-identity,0,8,G.R,0,HK,0,153,1995,5,0
G.R-identity,0,9,G.R,0,HK,0,164,1995,5,0
G.R-identity,0,12,G.R,0,HK,0,41,1995,5,0
G.R-identity,0,13,G.R,0,HK,0,160,1995,5,0
G.R-identity,0,14,G.R,0,HK,0,60,1995,5,0
G.R-identity,0,15,G.R,0,HK,0,123,1995,5,0
G.R-identity,0,16,G.R,0,HK,0,8,1995,5,0
G.R-identity,0,22,G.R,0,HK,0,21,1995,5,0
G.R-identity,0,1,G.R,0,HK,0,113,1995,6,0
G.R-identity,0,5,G.R,0,HK,0,1,1995,6,0
G.R-identity,0,8,G.R,0,HK,0,153,1995,6,0
G.R-identity,0,9,G.R,0,HK,0,164,1995,6,0
G.R-identity,0,12,G.R,0,HK,0,41,1995,6,0
G.R-identity,0,13,G.R,0,HK,0,160,1995,6,0
G.R-identity,0,14,G.R,0,HK,0,60,1995,6,0
G.R-identity,0,15,G.R,0,HK,0,123,1995,6,0
G.R-identity,0,16,G.R,0,HK,0,8,1995,6,0
G.R-identity,0,17,G.R,0,HK,0,5,1995,6,0
G.R-identity,0,19,G.R,0,HK,0,2,1995,6,0
G.R-identity,0,22,G.R,0,HK,0,21,1995,6,0
G.R-identity,0,1,G.R,0,HK,0,113,1995,7,0
G.R-identity,0,5,G.R,0,HK,0,1,1995,7,0
G.R-identity,0,6,G.R,0,HK,0,1,1995,7,0
G.R-identity,0,8,G.R,0,HK,0,153,1995,7,0
G.R-identity,0,9,G.R,0,HK,0,164,1995,7,0
G.R-identity,0,12,G.R,0,HK,0,41,1995,7,0
G.R-identity,0,13,G.R,0,HK,0,160,1995,7,0
G.R-identity,0,14,G.R,0,HK,0,60,1995,7,0
G.R-identity,0,15,G.R,0,HK,0,123,1995,7,0
G.R-identity,0,16,G.R,0,HK,0,8,1995,7,0
G.R-identity,0,17,G.R,0,HK,0,5,1995,7,0
G.R-identity,0,18,G.R,0,HK,0,33,1995,7,0
G.R-identity,0,19,G.R,0,HK,0,2,1995,7,0
G.R-identity,0,22,G.R,0,HK,0,21,1995,7,0
G.R-identity,0,0,G.R,0,HK,0,7,1995,8,0
G.R-identity,0,1,G.R,0,HK,0,113,1995,8,0
G.R-identity,0,5,G.R,0,HK,0,1,1995,8,0
G.R-identity,0,6,G.R,0,HK,0,1,1995,8,0
G.R-identity,0,8,G.R,0,HK,0,153,1995,8,0
G.R-identity,0,9,G.R,0,HK,0,164,1995,8,0
G.R-identity,0,12,G.R,0,HK,0,41,1995,8,0
G.R-identity,0,13,G.R,0,HK,0,160,1995,8,0
G.R-identity,0,14,G.R,0,HK,0,60,1995,8,0
G.R-identity,0,15,G.R,0,HK,0,123,1995,8,0
G.R-identity,0,16,G.R,0,HK,0,8,1995,8,0
G.R-identity,0,17,G.R,0,HK,0,5,1995,8,0
G.R-identity,0,18,G.R,0,HK,0,33,1995,8,0
G.R-identity,0,19,G.R,0,HK,0,2,1995,8,0
G.R-identity,0,20,G.R,0,HK,0,66,1995,8,0
G.R-identity,0,22,G.R,0,HK,0,21,1995,8,0
G.R-identity,0,0,G.R,0,HK,0,7,1995,9,0
G.R-identity,0,1,G.R,0,HK,0,113,1995,9,0
G.R-identity,0,3,G.R,0,HK,0,157,1995,9,0
G.R-identity,0,5,G.R,0,HK,0,1,1995,9,0
G.R-identity,0,6,G.R,0,HK,0,1,1995,9,0
G.R-identity,0,8,G.R,0,HK,0,153,1995,9,0
G.R-identity,0,9,G.R,0,HK,0,164,1995,9,0
G.R-identity,0,11,G.R,0,HK,0,61,1995,9,0
G.R-identity,0,12,G.R,0,HK,0,41,1995,9,0
G.R-identity,0,13,G.R,0,HK,0,160,1995,9,0
G.R-identity,0,14,G.R,0,HK,0,60,1995,9,0
G.R-identity,0,15,G.R,0,HK,0,123,1995,9,0
G.R-identity,0,16,G.R,0,HK,0,8,1995,9,0
G.R-identity,0,17,G.R,0,HK,0,5,1995,9,0
G.R-identity,0,18,G.R,0,HK,0,33,1995,9,0
G.R-identity,0,19,G.R,0,HK,0,2,1995,9,0
G.R-identity,0,20,G.R,0,HK,0,66,1995,9,0
G.R-identity,0,22,G.R,0,HK,0,21,1995,9,0
G.R-identity,0,0,G.R,0,HK,0,7,1995,10,0
G.R-identity,0,1,G.R,0,HK,0,113,1995,10,0
G.R-identity,0,2,G.R,0,HK,0,182,1995,10,0
G.R-identity,0,3,G.R,0,HK,0,157,1995,10,0
G.R-identity,0,5,G.R,0,HK,0,1,1995,10,0
G.R-identity,0,6,G.R,0,HK,0,1,1995,10,0
G.R-identity,0,8,G.R,0,HK,0,153,1995,10,0
G.R-identity,0,9,G.R,0,HK,0,164,1995,10,0
G.R-identity,0,11,G.R,0,HK,0,61,1995,10,0
G.R-identity,0,12,G.R,0,HK,0,41,1995,10,0
G.R-identity,0,13,G.R,0,HK,0,160,1995,10,0
G.R-identity,0,14,G.R,0,HK,0,60,1995,10,0
G.R-identity,0,15,G.R,0,HK,0,123,1995,10,0
G.R-identity,0,16,G.R,0,HK,0,8,1995,10,0
G.R-identity,0,17,G.R,0,HK,0,5,1995,10,0
G.R-identity,0,18,G.R,0,HK,0,33,1995,10,0
G.R-identity,0,19,G.R,0,HK,0,2,1995,10,0
G.R-identity,0,20,G.R,0,HK,0,66,1995,10,0
G.R-identity,0,21,G.R,0,HK,0,4,1995,10,0
G.R-identity,0,22,G.R,0,HK,0,21,1995,10,0
G.R-identity,0,0,G.R,0,HK,0,7,1995,11,0
G.R-identity,0,1,G.R,0,HK,0,113,1995,11,0
G.R-identity,0,2,G.R,0,HK,0,182,1995,11,0
G.R-identity,0,3,G.R,0,HK,0,157,1995,11,0
G.R-identity,0,4,G.R,0,HK,0,165,1995,11,0
G.R-identity,0,5,G.R,0,HK,0,1,1995,11,0
G.R-identity,0,6,G.R,0,HK,0,1,1995,11,0
G.R-identity,0,7,G.R,0,HK,0,21,1995,11,0
G.R-identity,0,8,G.R,0,HK,0,153,1995,11,0
G.R-identity,0,9,G.R,0,HK,0,164,1995,11,0
G.R-identity,0,10,G.R,0,HK,0,150,1995,11,0
G.R-identity,0,11,G.R,0,HK,0,61,1995,11,0
G.R-identity,0,12,G.R,0,HK,0,41,1995,11,0
G.R-identity,0,13,G.R,0,HK,0,160,1995,11,0
G.R-identity,0,14,G.R,0,HK,0,60,1995,11,0
G.R-identity,0,15,G.R,0,HK,0,123,1995,11,0
G.R-identity,0,16,G.R,0,HK,0,8,1995,11,0
G.R-identity,0,17,G.R,0,HK,0,5,1995,11,0
G.R-identity,0,18,G.R,0,HK,0,33,1995,11,0
G.R-identity,0,19,G.R,0,HK,0,2,1995,11,0
G.R-identity,0,20,G.R,0,HK,0,66,1995,11,0
G.R-identity,0,21,G.R,0,HK,0,4,1995,11,0
G.R-identity,0,22,G.R,0,HK,0,21,1995,11,0
G.R-zero-prior,0,0,G.R,0,HK,0,7,1993,1,0
G.R-zero-prior,0,4,G.R,0,HK,0,165,1993,1,0
G.R-zero-prior,0,0,G.R,0,HK,0,7,1993,2,0
G.R-zero-prior,0,4,G.R,0,HK,0,165,1993,2,0
G.R-zero-prior,0,8,G.R,0,HK,0,153,1993,2,0
G.R-zero-prior,0,12,G.R,0,HK,0,41,1993,2,0
G.R-zero-prior,0,0,G.R,0,HK,0,7,1993,3,0
G.R-zero-prior,0,2,G.R,0,HK,0,182,1993,3,0
G.R-zero-prior,0,4,G.R,0,HK,0,165,1993,3,0
G.R-zero-prior,0,8,G.R,0,HK,0,153,1993,3,0
G.R-zero-prior,0,11,G.R,0,HK,0,61,1993,3,0
G.R-zero-prior,0,12,G.R,0,HK,0,41,1993,3,0
G.R-zero-prior,0,0,G.R,0,HK,0,7,1993,4,0
G.R-zero-prior,0,2,G.R,0,HK,0,182,1993,4,0
G.R-zero-prior,0,3,G.R,0,HK,0,157,1993,4,0
G.R-zero-prior,0,4,G.R,0,HK,0,165,1993,4,0
G.R-zero-prior,0,8,G.R,0,HK,0,153,1993,4,0
G.R-zero-prior,0,11,G.R,0,HK,0,61,1993,4,0
G.R-zero-prior,0,12,G.R,0,HK,0,41,1993,4,0
G.R-zero-prior,0,17,G.R,0,HK,0,5,1993,4,0
G.R-zero-prior,0,0,G.R,0,HK,0,7,1993,5,0
G.R-zero-prior,0,2,G.R,0,HK,0,182,1993,5,0
G.R-zero-prior,0,3,G.R,0,HK,0,157,1993,5,0
G.R-zero-prior,0,4,G.R,0,HK,0,165,1993,5,0
G.R-zero-prior,0,8,G.R,0,HK,0,153,1993,5,0
G.R-zero-prior,0,11,G.R,0,HK,0,61,1993,5,0
G.R-zero-prior,0,12,G.R,0,HK,0,41,1993,5,0
G.R-zero-prior,0,16,G.R,0,HK,0,8,1993,5,0
G.R-zero-prior,0,17,G.R,0,HK,0,5,1993,5,0
G.R-zero-prior,0,21,G.R,0,HK,0,4,1993,5,0
G.R-zero-prior,0,0,G.R,0,HK,0,7,1993,6,0
G.R-zero-prior,0,2,G.R,0,HK,0,182,1993,6,0
G.R-zero-prior,0,3,G.R,0,HK,0,157,1993,6,0
G.R-zero-prior,0,4,G.R,0,HK,0,165,1993,6,0
G.R-zero-prior,0,8,G.R,0,HK,0,153,1993,6,0
G.R-zero-prior,0,11,G.R,0,HK,0,61,1993,6,0
G.R-zero-prior,0,12,G.R,0,HK,0,41,1993,6,0
G.R-zero-prior,0,13,G.R,0,HK,0,160,1993,6,0
G.R-zero-prior,0,16,G.R,0,HK,0,8,1993,6,0
G.R-zero-prior,0,17,G.R,0,HK,0,5,1993,6,0
G.R-zero-prior,0,21,G.R,0,HK,0,4,1993,6,0
G.R-zero-prior,0,22,G.R,0,HK,0,21,1993,6,0
G.R-zero-prior,0,0,G.R,0,HK,0,7,1993,7,0
G.R-zero-prior,0,2,G.R,0,HK,0,182,1993,7,0
G.R-zero-prior,0,3,G.R,0,HK,0,157,1993,7,0
G.R-zero-prior,0,4,G.R,0,HK,0,165,1993,7,0
G.R-zero-prior,0,8,G.R,0,HK,0,153,1993,7,0
G.R-zero-prior,0,11,G.R,0,HK,0,61,1993,7,0
G.R-zero-prior,0,12,G.R,0,HK,0,41,1993,7,0
G.R-zero-prior,0,13,G.R,0,HK,0,160,1993,7,0
G.R-zero-prior,0,14,G.R,0,HK,0,60,1993,7,0
G.R-zero-prior,0,16,G.R,0,HK,0,8,1993,7,0
G.R-zero-prior,0,17,G.R,0,HK,0,5,1993,7,0
G.R-zero-prior,0,18,G.R,0,HK,0,33,1993,7,0
G.R-zero-prior,0,21,G.R,0,HK,0,4,1993,7,0
G.R-zero-prior,0,22,G.R,0,HK,0,21,1993,7,0
G.R-zero-prior,0,0,G.R,0,HK,0,7,1993,8,0
G.R-zero-prior,0,2,G.R,0,HK,0,182,1993,8,0
G.R-zero-prior,0,3,G.R,0,HK,0,157,1993,8,0
G.R-zero-prior,0,4,G.R,0,HK,0,165,1993,8,0
G.R-zero-prior,0,8,G.R,0,HK,0,153,1993,8,0
G.R-zero-prior,0,9,G.R,0,HK,0,164,1993,8,0
G.R-zero-prior,0,11,G.R,0,HK,0,61,1993,8,0
G.R-zero-prior,0,12,G.R,0,HK,0,41,1993,8,0
G.R-zero-prior,0,13,G.R,0,HK,0,160,1993,8,0
G.R-zero-prior,0,14,G.R,0,HK,0,60,1993,8,0
G.R-zero-prior,0,16,G.R,0,HK,0,8,1993,8,0
G.R-zero-prior,0,17,G.R,0,HK,0,5,1993,8,0
G.R-zero-prior,0,18,G.R,0,HK,0,33,1993,8,0
G.R-zero-prior,0,19,G.R,0,HK,0,2,1993,8,0
G.R-zero-prior,0,21,G.R,0,HK,0,4,1993,8,0
G.R-zero-prior,0,22,G.R,0,HK,0,21,1993,8,0
G.R-zero-prior,0,0,G.R,0,HK,0,7,1993,9,0
G.R-zero-prior,0,2,G.R,0,HK,0,182,1993,9,0
G.R-zero-prior,0,3,G.R,0,HK,0,157,1993,9,0
G.R-zero-prior,0,4,G.R,0,HK,0,165,1993,9,0
G.R-zero-prior,0,6,G.R,0,HK,0,1,1993,9,0
G.R-zero-prior,0,8,G.R,0,HK,0,153,1993,9,0
G.R-zero-prior,0,9,G.R,0,HK,0,164,1993,9,0
G.R-zero-prior,0,11,G.R,0,HK,0,61,1993,9,0
G.R-zero-prior,0,12,G.R,0,HK,0,41,1993,9,0
G.R-zero-prior,0,13,G.R,0,HK,0,160,1993,9,0
G.R-zero-prior,0,14,G.R,0,HK,0,60,1993,9,0
G.R-zero-prior,0,15,G.R,0,HK,0,123,1993,9,0
G.R-zero-prior,0,16,G.R,0,HK,0,8,1993,9,0
G.R-zero-prior,0,17,G.R,0,HK,0,5,1993,9,0
G.R-zero-prior,0,18,G.R,0,HK,0,33,1993,9,0
G.R-zero-prior,0,19,G.R,0,HK,0,2,1993,9,0
G.R-zero-prior,0,21,G.R,0,HK,0,4,1993,9,0
G.R-zero-prior,0,22,G.R,0,HK,0,21,1993,9,0
G.R-zero-prior,0,0,G.R,0,HK,0,7,1993,10,0
G.R-zero-prior,0,2,G.R,0,HK,0,182,1993,10,0
G.R-zero-prior,0,3,G.R,0,HK,0,157,1993,10,0
G.R-zero-prior,0,4,G.R,0,HK,0,165,1993,10,0
G.R-zero-prior,0,5,G.R,0,HK,0,1,1993,10,0
G.R-zero-prior,0,6,G.R,0,HK,0,1,1993,10,0
G.R-zero-prior,0,8,G.R,0,HK,0,153,1993,10,0
G.R-zero-prior,0,9,G.R,0,HK,0,164,1993,10,0
G.R-zero-prior,0,11,G.R,0,HK,0,61,1993,10,0
G.R-zero-prior,0,12,G.R,0,HK,0,41,1993,10,0
G.R-zero-prior,0,13,G.R,0,HK,0,160,1993,10,0
G.R-zero-prior,0,14,G.R,0,HK,0,60,1993,10,0
G.R-zero-prior,0,15,G.R,0,HK,0,123,1993,10,0
G.R-zero-prior,0,16,G.R,0,HK,0,8,1993,10,0
G.R-zero-prior,0,17,G.R,0,HK,0,5,1993,10,0
G.R-zero-prior,0,18,G.R,0,HK,0,33,1993,10,0
G.R-zero-prior,0,19,G.R,0,HK,0,2,1993,10,0
G.R-zero-prior,0,20,G.R,0,HK,0,66,1993,10,0
G.R-zero-prior,0,21,G.R,0,HK,0,4,1993,10,0
G.R-zero-prior,0,22,G.R,0,HK,0,21,1993,10,0
G.R-zero-prior,0,0,G.R,0,HK,0,7,1993,11,0
G.R-zero-prior,0,1,G.R,0,HK,0,113,1993,11,0
G.R-zero-prior,0,2,G.R,0,HK,0,182,1993,11,0
G.R-zero-prior,0,3,G.R,0,HK,0,157,1993,11,0
G.R-zero-prior,0,4,G.R,0,HK,0,165,1993,11,0
G.R-zero-prior,0,5,G.R,0,HK,0,1,1993,11,0
G.R-zero-prior,0,6,G.R,0,HK,0,1,1993,11,0
G.R-zero-prior,0,7,G.R,0,HK,0,21,1993,11,0
G.R-zero-prior,0,8,G.R,0,HK,0,153,1993,11,0
G.R-zero-prior,0,9,G.R,0,HK,0,164,1993,11,0
G.R-zero-prior,0,10,G.R,0,HK,0,150,1993,11,0
G.R-zero-prior,0,11,G.R,0,HK,0,61,1993,11,0
G.R-zero-prior,0,12,G.R,0,HK,0,41,1993,11,0
G.R-zero-prior,0,13,G.R,0,HK,0,160,1993,11,0
G.R-zero-prior,0,14,G.R,0,HK,0,60,1993,11,0
G.R-zero-prior,0,15,G.R,0,HK,0,123,1993,11,0
G.R-zero-prior,0,16,G.R,0,HK,0,8,1993,11,0
G.R-zero-prior,0,17,G.R,0,HK,0,5,1993,11,0
G.R-zero-prior,0,18,G.R,0,HK,0,33,1993,11,0
G.R-zero-prior,0,19,G.R,0,HK,0,2,1993,11,0
G.R-zero-prior,0,20,G.R,0,HK,0,66,1993,11,0
G.R-zero-prior,0,21,G.R,0,HK,0,4,1993,11,0
G.R-zero-prior,0,22,G.R,0,HK,0,21,1993,11,0
G.R-zero-prior,0,16,G.R,0,HK,0,8,1994,1,0
G.R-zero-prior,0,22,G.R,0,HK,0,21,1994,1,0
G.R-zero-prior,0,12,G.R,0,HK,0,41,1994,2,0
G.R-zero-prior,0,13,G.R,0,HK,0,160,1994,2,0
G.R-zero-prior,0,16,G.R,0,HK,0,8,1994,2,0
G.R-zero-prior,0,22,G.R,0,HK,0,21,1994,2,0
G.R-zero-prior,0,4,G.R,0,HK,0,165,1994,3,0
G.R-zero-prior,0,12,G.R,0,HK,0,41,1994,3,0
G.R-zero-prior,0,13,G.R,0,HK,0,160,1994,3,0
G.R-zero-prior,0,16,G.R,0,HK,0,8,1994,3,0
G.R-zero-prior,0,21,G.R,0,HK,0,4,1994,3,0
G.R-zero-prior,0,22,G.R,0,HK,0,21,1994,3,0
G.R-zero-prior,0,4,G.R,0,HK,0,165,1994,4,0
G.R-zero-prior,0,12,G.R,0,HK,0,41,1994,4,0
G.R-zero-prior,0,13,G.R,0,HK,0,160,1994,4,0
G.R-zero-prior,0,16,G.R,0,HK,0,8,1994,4,0
G.R-zero-prior,0,17,G.R,0,HK,0,5,1994,4,0
G.R-zero-prior,0,19,G.R,0,HK,0,2,1994,4,0
G.R-zero-prior,0,21,G.R,0,HK,0,4,1994,4,0
G.R-zero-prior,0,22,G.R,0,HK,0,21,1994,4,0
G.R-zero-prior,0,4,G.R,0,HK,0,165,1994,5,0
G.R-zero-prior,0,6,G.R,0,HK,0,1,1994,5,0
G.R-zero-prior,0,11,G.R,0,HK,0,61,1994,5,0
G.R-zero-prior,0,12,G.R,0,HK,0,41,1994,5,0
G.R-zero-prior,0,13,G.R,0,HK,0,160,1994,5,0
G.R-zero-prior,0,16,G.R,0,HK,0,8,1994,5,0
G.R-zero-prior,0,17,G.R,0,HK,0,5,1994,5,0
G.R-zero-prior,0,19,G.R,0,HK,0,2,1994,5,0
G.R-zero-prior,0,21,G.R,0,HK,0,4,1994,5,0
G.R-zero-prior,0,22,G.R,0,HK,0,21,1994,5,0
G.R-zero-prior,0,3,G.R,0,HK,0,157,1994,6,0
G.R-zero-prior,0,4,G.R,0,HK,0,165,1994,6,0
G.R-zero-prior,0,6,G.R,0,HK,0,1,1994,6,0
G.R-zero-prior,0,11,G.R,0,HK,0,61,1994,6,0
G.R-zero-prior,0,12,G.R,0,HK,0,41,1994,6,0
G.R-zero-prior,0,13,G.R,0,HK,0,160,1994,6,0
G.R-zero-prior,0,15,G.R,0,HK,0,123,1994,6,0
G.R-zero-prior,0,16,G.R,0,HK,0,8,1994,6,0
G.R-zero-prior,0,17,G.R,0,HK,0,5,1994,6,0
G.R-zero-prior,0,19,G.R,0,HK,0,2,1994,6,0
G.R-zero-prior,0,21,G.R,0,HK,0,4,1994,6,0
G.R-zero-prior,0,22,G.R,0,HK,0,21,1994,6,0
G.R-zero-prior,0,0,G.R,0,HK,0,7,1994,7,0
G.R-zero-prior,0,3,G.R,0,HK,0,157,1994,7,0
G.R-zero-prior,0,4,G.R,0,HK,0,165,1994,7,0
G.R-zero-prior,0,6,G.R,0,HK,0,1,1994,7,0
G.R-zero-prior,0,9,G.R,0,HK,0,164,1994,7,0
G.R-zero-prior,0,11,G.R,0,HK,0,61,1994,7,0
G.R-zero-prior,0,12,G.R,0,HK,0,41,1994,7,0
G.R-zero-prior,0,13,G.R,0,HK,0,160,1994,7,0
G.R-zero-prior,0,15,G.R,0,HK,0,123,1994,7,0
G.R-zero-prior,0,16,G.R,0,HK,0,8,1994,7,0
G.R-zero-prior,0,17,G.R,0,HK,0,5,1994,7,0
G.R-zero-prior,0,19,G.R,0,HK,0,2,1994,7,0
G.R-zero-prior,0,21,G.R,0,HK,0,4,1994,7,0
G.R-zero-prior,0,22,G.R,0,HK,0,21,1994,7,0
G.R-zero-prior,0,0,G.R,0,HK,0,7,1994,8,0
G.R-zero-prior,0,3,G.R,0,HK,0,157,1994,8,0
G.R-zero-prior,0,4,G.R,0,HK,0,165,1994,8,0
G.R-zero-prior,0,5,G.R,0,HK,0,1,1994,8,0
G.R-zero-prior,0,6,G.R,0,HK,0,1,1994,8,0
G.R-zero-prior,0,7,G.R,0,HK,0,21,1994,8,0
G.R-zero-prior,0,9,G.R,0,HK,0,164,1994,8,0
G.R-zero-prior,0,11,G.R,0,HK,0,61,1994,8,0
G.R-zero-prior,0,12,G.R,0,HK,0,41,1994,8,0
G.R-zero-prior,0,13,G.R,0,HK,0,160,1994,8,0
G.R-zero-prior,0,15,G.R,0,HK,0,123,1994,8,0
G.R-zero-prior,0,16,G.R,0,HK,0,8,1994,8,0
G.R-zero-prior,0,17,G.R,0,HK,0,5,1994,8,0
G.R-zero-prior,0,19,G.R,0,HK,0,2,1994,8,0
G.R-zero-prior,0,21,G.R,0,HK,0,4,1994,8,0
G.R-zero-prior,0,22,G.R,0,HK,0,21,1994,8,0
G.R-zero-prior,0,0,G.R,0,HK,0,7,1994,9,0
G.R-zero-prior,0,1,G.R,0,HK,0,113,1994,9,0
G.R-zero-prior,0,3,G.R,0,HK,0,157,1994,9,0
G.R-zero-prior,0,4,G.R,0,HK,0,165,1994,9,0
G.R-zero-prior,0,5,G.R,0,HK,0,1,1994,9,0
G.R-zero-prior,0,6,G.R,0,HK,0,1,1994,9,0
G.R-zero-prior,0,7,G.R,0,HK,0,21,1994,9,0
G.R-zero-prior,0,9,G.R,0,HK,0,164,1994,9,0
G.R-zero-prior,0,11,G.R,0,HK,0,61,1994,9,0
G.R-zero-prior,0,12,G.R,0,HK,0,41,1994,9,0
G.R-zero-prior,0,13,G.R,0,HK,0,160,1994,9,0
G.R-zero-prior,0,15,G.R,0,HK,0,123,1994,9,0
G.R-zero-prior,0,16,G.R,0,HK,0,8,1994,9,0
G.R-zero-prior,0,17,G.R,0,HK,0,5,1994,9,0
G.R-zero-prior,0,18,G.R,0,HK,0,33,1994,9,0
G.R-zero-prior,0,19,G.R,0,HK,0,2,1994,9,0
G.R-zero-prior,0,21,G.R,0,HK,0,4,1994,9,0
G.R-zero-prior,0,22,G.R,0,HK,0,21,1994,9,0
G.R-zero-prior,0,0,G.R,0,HK,0,7,1994,10,0
G.R-zero-prior,0,1,G.R,0,HK,0,113,1994,10,0
G.R-zero-prior,0,3,G.R,0,HK,0,157,1994,10,0
G.R-zero-prior,0,4,G.R,0,HK,0,165,1994,10,0
G.R-zero-prior,0,5,G.R,0,HK,0,1,1994,10,0
G.R-zero-prior,0,6,G.R,0,HK,0,1,1994,10,0
G.R-zero-prior,0,7,G.R,0,HK,0,21,1994,10,0
G.R-zero-prior,0,9,G.R,0,HK,0,164,1994,10,0
G.R-zero-prior,0,10,G.R,0,HK,0,150,1994,10,0
G.R-zero-prior,0,11,G.R,0,HK,0,61,1994,10,0
G.R-zero-prior,0,12,G.R,0,HK,0,41,1994,10,0
G.R-zero-prior,0,13,G.R,0,HK,0,160,1994,10,0
G.R-zero-prior,0,14,G.R,0,HK,0,60,1994,10,0
G.R-zero-prior,0,15,G.R,0,HK,0,123,1994,10,0
G.R-zero-prior,0,16,G.R,0,HK,0,8,1994,10,0
G.R-zero-prior,0,17,G.R,0,HK,0,5,1994,10,0
G.R-zero-prior,0,18,G.R,0,HK,0,33,1994,10,0
G.R-zero-prior,0,19,G.R,0,HK,0,2,1994,10,0
G.R-zero-prior,0,21,G.R,0,HK,0,4,1994,10,0
G.R-zero-prior,0,22,G.R,0,HK,0,21,1994,10,0
G.R-zero-prior,0,0,G.R,0,HK,0,7,1994,11,0
G.R-zero-prior,0,1,G.R,0,HK,0,113,1994,11,0
G.R-zero-prior,0,2,G.R,0,HK,0,182,1994,11,0
G.R-zero-prior,0,3,G.R,0,HK,0,157,1994,11,0
G.R-zero-prior,0,4,G.R,0,HK,0,165,1994,11,0
G.R-zero-prior,0,5,G.R,0,HK,0,1,1994,11,0
G.R-zero-prior,0,6,G.R,0,HK,0,1,1994,11,0
G.R-zero-prior,0,7,G.R,0,HK,0,21,1994,11,0
G.R-zero-prior,0,8,G.R,0,HK,0,153,1994,11,0
G.R-zero-prior,0,9,G.R,0,HK,0,164,1994,11,0
G.R-zero-prior,0,10,G.R,0,HK,0,150,1994,11,0
G.R-zero-prior,0,11,G.R,0,HK,0,61,1994,11,0
G.R-zero-prior,0,12,G.R,0,HK,0,41,1994,11,0
G.R-zero-prior,0,13,G.R,0,HK,0,160,1994,11,0
G.R-zero-prior,0,14,G.R,0,HK,0,60,1994,11,0
G.R-zero-prior,0,15,G.R,0,HK,0,123,1994,11,0
G.R-zero-prior,0,16,G.R,0,HK,0,8,1994,11,0
G.R-zero-prior,0,17,G.R,0,HK,0,5,1994,11,0
G.R-zero-prior,0,18,G.R,0,HK,0,33,1994,11,0
G.R-zero-prior,0,19,G.R,0,HK,0,2,1994,11,0
G.R-zero-prior,0,20,G.R,0,HK,0,66,1994,11,0
G.R-zero-prior,0,21,G.R,0,HK,0,4,1994,11,0
G.R-zero-prior,0,22,G.R,0,HK,0,21,1994,11,0
G.R-zero-prior,0,9,G.R,0,HK,0,164,1995,1,0
G.R-zero-prior,0,13,G.R,0,HK,0,160,1995,1,0
G.R-zero-prior,0,9,G.R,0,HK,0,164,1995,2,0
G.R-zero-prior,0,13,G.R,0,HK,0,160,1995,2,0
G.R-zero-prior,0,14,G.R,0,HK,0,60,1995,2,0
G.R-zero-prior,0,16,G.R,0,HK,0,8,1995,2,0
G.R-zero-prior,0,5,G.R,0,HK,0,1,1995,3,0
G.R-zero-prior,0,9,G.R,0,HK,0,164,1995,3,0
G.R-zero-prior,0,13,G.R,0,HK,0,160,1995,3,0
G.R-zero-prior,0,14,G.R,0,HK,0,60,1995,3,0
G.R-zero-prior,0,15,G.R,0,HK,0,123,1995,3,0
G.R-zero-prior,0,16,G.R,0,HK,0,8,1995,3,0
G.R-zero-prior,0,1,G.R,0,HK,0,113,1995,4,0
G.R-zero-prior,0,5,G.R,0,HK,0,1,1995,4,0
G.R-zero-prior,0,9,G.R,0,HK,0,164,1995,4,0
G.R-zero-prior,0,12,G.R,0,HK,0,41,1995,4,0
G.R-zero-prior,0,13,G.R,0,HK,0,160,1995,4,0
G.R-zero-prior,0,14,G.R,0,HK,0,60,1995,4,0
G.R-zero-prior,0,15,G.R,0,HK,0,123,1995,4,0
G.R-zero-prior,0,16,G.R,0,HK,0,8,1995,4,0
G.R-zero-prior,0,1,G.R,0,HK,0,113,1995,5,0
G.R-zero-prior,0,5,G.R,0,HK,0,1,1995,5,0
G.R-zero-prior,0,8,G.R,0,HK,0,153,1995,5,0
G.R-zero-prior,0,9,G.R,0,HK,0,164,1995,5,0
G.R-zero-prior,0,12,G.R,0,HK,0,41,1995,5,0
G.R-zero-prior,0,13,G.R,0,HK,0,160,1995,5,0
G.R-zero-prior,0,14,G.R,0,HK,0,60,1995,5,0
G.R-zero-prior,0,15,G.R,0,HK,0,123,1995,5,0
G.R-zero-prior,0,16,G.R,0,HK,0,8,1995,5,0
G.R-zero-prior,0,22,G.R,0,HK,0,21,1995,5,0
G.R-zero-prior,0,1,G.R,0,HK,0,113,1995,6,0
G.R-zero-prior,0,5,G.R,0,HK,0,1,1995,6,0
G.R-zero-prior,0,8,G.R,0,HK,0,153,1995,6,0
G.R-zero-prior,0,9,G.R,0,HK,0,164,1995,6,0
G.R-zero-prior,0,12,G.R,0,HK,0,41,1995,6,0
G.R-zero-prior,0,13,G.R,0,HK,0,160,1995,6,0
G.R-zero-prior,0,14,G.R,0,HK,0,60,1995,6,0
G.R-zero-prior,0,15,G.R,0,HK,0,123,1995,6,0
G.R-zero-prior,0,16,G.R,0,HK,0,8,1995,6,0
G.R-zero-prior,0,17,G.R,0,HK,0,5,1995,6,0
G.R-zero-prior,0,19,G.R,0,HK,0,2,1995,6,0
G.R-zero-prior,0,22,G.R,0,HK,0,21,1995,6,0
G.R-zero-prior,0,1,G.R,0,HK,0,113,1995,7,0
G.R-zero-prior,0,5,G.R,0,HK,0,1,1995,7,0
G.R-zero-prior,0,6,G.R,0,HK,0,1,1995,7,0
G.R-zero-prior,0,8,G.R,0,HK,0,153,1995,7,0
G.R-zero-prior,0,9,G.R,0,HK,0,164,1995,7,0
G.R-zero-prior,0,12,G.R,0,HK,0,41,1995,7,0
G.R-zero-prior,0,13,G.R,0,HK,0,160,1995,7,0
G.R-zero-prior,0,14,G.R,0,HK,0,60,1995,7,0
G.R-zero-prior,0,15,G.R,0,HK,0,123,1995,7,0
G.R-zero-prior,0,16,G.R,0,HK,0,8,1995,7,0
G.R-zero-prior,0,17,G.R,0,HK,0,5,1995,7,0
G.R-zero-prior,0,18,G.R,0,HK,0,33,1995,7,0
G.R-zero-prior,0,19,G.R,0,HK,0,2,1995,7,0
G.R-zero-prior,0,22,G.R,0,HK,0,21,1995,7,0
G.R-zero-prior,0,0,G.R,0,HK,0,7,1995,8,0
G.R-zero-prior,0,1,G.R,0,HK,0,113,1995,8,0
G.R-zero-prior,0,5,G.R,0,HK,0,1,1995,8,0
G.R-zero-prior,0,6,G.R,0,HK,0,1,1995,8,0
G.R-zero-prior,0,8,G.R,0,HK,0,153,1995,8,0
G.R-zero-prior,0,9,G.R,0,HK,0,164,1995,8,0
G.R-zero-prior,0,12,G.R,0,HK,0,41,1995,8,0
G.R-zero-prior,0,13,G.R,0,HK,0,160,1995,8,0
G.R-zero-prior,0,14,G.R,0,HK,0,60,1995,8,0
G.R-zero-prior,0,15,G.R,0,HK,0,123,1995,8,0
G.R-zero-prior,0,16,G.R,0,HK,0,8,1995,8,0
G.R-zero-prior,0,17,G.R,0,HK,0,5,1995,8,0
G.R-zero-prior,0,18,G.R,0,HK,0,33,1995,8,0
G.R-zero-prior,0,19,G.R,0,HK,0,2,1995,8,0
G.R-zero-prior,0,20,G.R,0,HK,0,66,1995,8,0
G.R-zero-prior,0,22,G.R,0,HK,0,21,1995,8,0
G.R-zero-prior,0,0,G.R,0,HK,0,7,1995,9,0
G.R-zero-prior,0,1,G.R,0,HK,0,113,1995,9,0
G.R-zero-prior,0,3,G.R,0,HK,0,157,1995,9,0
G.R-zero-prior,0,5,G.R,0,HK,0,1,1995,9,0
G.R-zero-prior,0,6,G.R,0,HK,0,1,1995,9,0
G.R-zero-prior,0,8,G.R,0,HK,0,153,1995,9,0
G.R-zero-prior,0,9,G.R,0,HK,0,164,1995,9,0
G.R-zero-prior,0,11,G.R,0,HK,0,61,1995,9,0
G.R-zero-prior,0,12,G.R,0,HK,0,41,1995,9,0
G.R-zero-prior,0,13,G.R,0,HK,0,160,1995,9,0
G.R-zero-prior,0,14,G.R,0,HK,0,60,1995,9,0
G.R-zero-prior,0,15,G.R,0,HK,0,123,1995,9,0
G.R-zero-prior,0,16,G.R,0,HK,0,8,1995,9,0
G.R-zero-prior,0,17,G.R,0,HK,0,5,1995,9,0
G.R-zero-prior,0,18,G.R,0,HK,0,33,1995,9,0
G.R-zero-prior,0,19,G.R,0,HK,0,2,1995,9,0
G.R-zero-prior,0,20,G.R,0,HK,0,66,1995,9,0
G.R-zero-prior,0,22,G.R,0,HK,0,21,1995,9,0
G.R-zero-prior,0,0,G.R,0,HK,0,7,1995,10,0
G.R-zero-prior,0,1,G.R,0,HK,0,113,1995,10,0
G.R-zero-prior,0,2,G.R,0,HK,0,182,1995,10,0
G.R-zero-prior,0,3,G.R,0,HK,0,157,1995,10,0
G.R-zero-prior,0,5,G.R,0,HK,0,1,1995,10,0
G.R-zero-prior,0,6,G.R,0,HK,0,1,1995,10,0
G.R-zero-prior,0,8,G.R,0,HK,0,153,1995,10,0
G.R-zero-prior,0,9,G.R,0,HK,0,164,1995,10,0
G.R-zero-prior,0,11,G.R,0,HK,0,61,1995,10,0
G.R-zero-prior,0,12,G.R,0,HK,0,41,1995,10,0
G.R-zero-prior,0,13,G.R,0,HK,0,160,1995,10,0
G.R-zero-prior,0,14,G.R,0,HK,0,60,1995,10,0
G.R-zero-prior,0,15,G.R,0,HK,0,123,1995,10,0
G.R-zero-prior,0,16,G.R,0,HK,0,8,1995,10,0
G.R-zero-prior,0,17,G.R,0,HK,0,5,1995,10,0
G.R-zero-prior,0,18,G.R,0,HK,0,33,1995,10,0
G.R-zero-prior,0,19,G.R,0,HK,0,2,1995,10,0
G.R-zero-prior,0,20,G.R,0,HK,0,66,1995,10,0
G.R-zero-prior,0,21,G.R,0,HK,0,4,1995,10,0
G.R-zero-prior,0,22,G.R,0,HK,0,21,1995,10,0
G.R-zero-prior,0,0,G.R,0,HK,0,7,1995,11,0
G.R-zero-prior,0,1,G.R,0,HK,0,113,1995,11,0
G.R-zero-prior,0,2,G.R,0,HK,0,182,1995,11,0
G.R-zero-prior,0,3,G.R,0,HK,0,157,1995,11,0
G.R-zero-prior,0,4,G.R,0,HK,0,165,1995,11,0
G.R-zero-prior,0,5,G.R,0,HK,0,1,1995,11,0
G.R-zero-prior,0,6,G.R,0,HK,0,1,1995,11,0
G.R-zero-prior,0,7,G.R,0,HK,0,21,1995,11,0
G.R-zero-prior,0,8,G.R,0,HK,0,153,1995,11,0
G.R-zero-prior,0,9,G.R,0,HK,0,164,1995,11,0
G.R-zero-prior,0,10,G.R,0,HK,0,150,1995,11,0
G.R-zero-prior,0,11,G.R,0,HK,0,61,1995,11,0
G.R-zero-prior,0,12,G.R,0,HK,0,41,1995,11,0
G.R-zero-prior,0,13,G.R,0,HK,0,160,1995,11,0
G.R-zero-prior,0,14,G.R,0,HK,0,60,1995,11,0
G.R-zero-prior,0,15,G.R,0,HK,0,123,1995,11,0
G.R-zero-prior,0,16,G.R,0,HK,0,8,1995,11,0
G.R-zero-prior,0,17,G.R,0,HK,0,5,1995,11,0
G.R-zero-prior,0,18,G.R,0,HK,0,33,1995,11,0
G.R-zero-prior,0,19,G.R,0,HK,0,2,1995,11,0
G.R-zero-prior,0,20,G.R,0,HK,0,66,1995,11,0
G.R-zero-prior,0,21,G.R,0,HK,0,4,1995,11,0
G.R-zero-prior,0,22,G.R,0,HK,0,21,1995,11,0
G.L,0,0,G.L-permute,0,HK,0,7,1993,1,0
G.L,0,4,G.L-permute,0,HK,0,165,1993,1,0
G.L,0,0,G.L-permute,0,HK,0,7,1993,2,0
G.L,0,4,G.L-permute,0,HK,0,165,1993,2,0
G.L,0,8,G.L-permute,0,HK,0,153,1993,2,0
G.L,0,12,G.L-permute,0,HK,0,41,1993,2,0
G.L,1,0,G.L-permute,0,HK,0,7,1993,3,1
G.L,0,2,G.L-permute,0,HK,0,182,1993,3,0
G.L,0,4,G.L-permute,0,HK,0,165,1993,3,0
G.L,0,8,G.L-permute,0,HK,0,153,1993,3,0
G.L,0,11,G.L-permute,0,HK,0,61,1993,3,0
G.L,0,12,G.L-permute,0,HK,0,41,1993,3,0
G.L,1,0,G.L-permute,1,HK,0,7,1993,4,0
G.L,0,2,G.L-permute,0,HK,0,182,1993,4,0
G.L,2,3,G.L-permute,0,HK,2,157,1993,4,0
G.L,3,4,G.L-permute,3,HK,0,165,1993,4,0
G.L,1,8,G.L-permute,1,HK,0,153,1993,4,0
G.L,2,11,G.L-permute,2,HK,0,61,1993,4,0
G.L,0,12,G.L-permute,0,HK,0,41,1993,4,0
G.L,0,17,G.L-permute,0,HK,0,5,1993,4,0
G.L,1,0,G.L-permute,0,HK,0,7,1993,5,1
G.L,0,2,G.L-permute,0,HK,0,182,1993,5,0
G.L,4,3,G.L-permute,0,HK,4,157,1993,5,0
G.L,3,4,G.L-permute,3,HK,0,165,1993,5,0
G.L,0,8,G.L-permute,0,HK,0,153,1993,5,0
G.L,5,11,G.L-permute,5,HK,0,61,1993,5,0
G.L,2,12,G.L-permute,0,HK,2,41,1993,5,0
G.L,0,16,G.L-permute,0,HK,0,8,1993,5,0
G.L,0,17,G.L-permute,0,HK,0,5,1993,5,0
G.L,0,21,G.L-permute,0,HK,0,4,1993,5,0
G.L,1,0,G.L-permute,0,HK,0,7,1993,6,1
G.L,0,2,G.L-permute,0,HK,0,182,1993,6,0
G.L,4,3,G.L-permute,0,HK,4,157,1993,6,0
G.L,7,4,G.L-permute,6,HK,0,165,1993,6,1
G.L,0,8,G.L-permute,0,HK,0,153,1993,6,0
G.L,3,11,G.L-permute,3,HK,0,61,1993,6,0
G.L,2,12,G.L-permute,0,HK,1,41,1993,6,1
G.L,0,13,G.L-permute,0,HK,0,160,1993,6,0
G.L,0,16,G.L-permute,0,HK,0,8,1993,6,0
G.L,0,17,G.L-permute,0,HK,0,5,1993,6,0
G.L,0,21,G.L-permute,0,HK,0,4,1993,6,0
G.L,0,22,G.L-permute,0,HK,0,21,1993,6,0
G.L,1,0,G.L-permute,0,HK,0,7,1993,7,1
G.L,0,2,G.L-permute,0,HK,0,182,1993,7,0
G.L,7,3,G.L-permute,0,HK,7,157,1993,7,0
G.L,8,4,G.L-permute,7,HK,0,165,1993,7,1
G.L,0,8,G.L-permute,0,HK,0,153,1993,7,0
G.L,3,11,G.L-permute,3,HK,0,61,1993,7,0
G.L,2,12,G.L-permute,1,HK,0,41,1993,7,1
G.L,0,13,G.L-permute,0,HK,0,160,1993,7,0
G.L,0,14,G.L-permute,0,HK,0,60,1993,7,0
G.L,0,16,G.L-permute,0,HK,0,8,1993,7,0
G.L,0,17,G.L-permute,0,HK,0,5,1993,7,0
G.L,1,18,G.L-permute,0,HK,1,33,1993,7,0
G.L,0,21,G.L-permute,0,HK,0,4,1993,7,0
G.L,0,22,G.L-permute,0,HK,0,21,1993,7,0
G.L,0,0,G.L-permute,0,HK,0,7,1993,8,0
G.L,0,2,G.L-permute,0,HK,0,182,1993,8,0
G.L,4,3,G.L-permute,0,HK,4,157,1993,8,0
G.L,10,4,G.L-permute,9,HK,0,165,1993,8,1
G.L,1,8,G.L-permute,1,HK,0,153,1993,8,0
G.L,0,9,G.L-permute,0,HK,0,164,1993,8,0
G.L,3,11,G.L-permute,2,HK,0,61,1993,8,1
G.L,3,12,G.L-permute,1,HK,1,41,1993,8,1
G.L,0,13,G.L-permute,0,HK,0,160,1993,8,0
G.L,0,14,G.L-permute,0,HK,0,60,1993,8,0
G.L,0,16,G.L-permute,0,HK,0,8,1993,8,0
G.L,1,17,G.L-permute,0,HK,0,5,1993,8,1
G.L,3,18,G.L-permute,0,HK,0,33,1993,8,3
G.L,1,19,G.L-permute,0,HK,0,2,1993,8,1
G.L,0,21,G.L-permute,0,HK,0,4,1993,8,0
G.L,0,22,G.L-permute,0,HK,0,21,1993,8,0
G.L,2,0,G.L-permute,0,HK,0,7,1993,9,2
G.L,0,2,G.L-permute,0,HK,0,182,1993,9,0
G.L,6,3,G.L-permute,0,HK,6,157,1993,9,0
G.L,8,4,G.L-permute,8,HK,0,165,1993,9,0
G.L,0,6,G.L-permute,0,HK,0,1,1993,9,0
G.L,0,8,G.L-permute,0,HK,0,153,1993,9,0
G.L,0,9,G.L-permute,0,HK,0,164,1993,9,0
G.L,2,11,G.L-permute,2,HK,0,61,1993,9,0
G.L,3,12,G.L-permute,0,HK,2,41,1993,9,1
G.L,0,13,G.L-permute,0,HK,0,160,1993,9,0
G.L,0,14,G.L-permute,0,HK,0,60,1993,9,0
G.L,0,15,G.L-permute,0,HK,0,123,1993,9,0
G.L,0,16,G.L-permute,0,HK,0,8,1993,9,0
G.L,1,17,G.L-permute,0,HK,0,5,1993,9,1
G.L,2,18,G.L-permute,0,HK,1,33,1993,9,1
G.L,0,19,G.L-permute,0,HK,0,2,1993,9,0
G.L,0,21,G.L-permute,0,HK,0,4,1993,9,0
G.L,0,22,G.L-permute,0,HK,0,21,1993,9,0
G.L,1,0,G.L-permute,0,HK,0,7,1993,10,1
G.L,0,2,G.L-permute,0,HK,0,182,1993,10,0
G.L,5,3,G.L-permute,0,HK,5,157,1993,10,0
G.L,9,4,G.L-permute,8,HK,0,165,1993,10,1
G.L,0,5,G.L-permute,0,HK,0,1,1993,10,0
G.L,0,6,G.L-permute,0,HK,0,1,1993,10,0
G.L,0,8,G.L-permute,0,HK,0,153,1993,10,0
G.L,0,9,G.L-permute,0,HK,0,164,1993,10,0
G.L,3,11,G.L-permute,3,HK,0,61,1993,10,0
G.L,2,12,G.L-permute,0,HK,1,41,1993,10,1
G.L,0,13,G.L-permute,0,HK,0,160,1993,10,0
G.L,0,14,G.L-permute,0,HK,0,60,1993,10,0
G.L,0,15,G.L-permute,0,HK,0,123,1993,10,0
G.L,0,16,G.L-permute,0,HK,0,8,1993,10,0
G.L,1,17,G.L-permute,0,HK,0,5,1993,10,1
G.L,3,18,G.L-permute,0,HK,0,33,1993,10,3
G.L,0,19,G.L-permute,0,HK,0,2,1993,10,0
G.L,7,20,G.L-permute,0,HK,5,66,1993,10,2
G.L,0,21,G.L-permute,0,HK,0,4,1993,10,0
G.L,0,22,G.L-permute,0,HK,0,21,1993,10,0
G.L,0,0,G.L-permute,0,HK,0,7,1993,11,0
G.L,0,1,G.L-permute,0,HK,0,113,1993,11,0
G.L,0,2,G.L-permute,0,HK,0,182,1993,11,0
G.L,6,3,G.L-permute,0,HK,6,157,1993,11,0
G.L,9,4,G.L-permute,9,HK,0,165,1993,11,0
G.L,0,5,G.L-permute,0,HK,0,1,1993,11,0
G.L,0,6,G.L-permute,0,HK,0,1,1993,11,0
G.L,0,7,G.L-permute,0,HK,0,21,1993,11,0
G.L,1,8,G.L-permute,0,HK,1,153,1993,11,0
G.L,0,9,G.L-permute,0,HK,0,164,1993,11,0
G.L,17,10,G.L-permute,1,HK,11,150,1993,11,5
G.L,11,11,G.L-permute,10,HK,0,61,1993,11,1
G.L,3,12,G.L-permute,0,HK,2,41,1993,11,1
G.L,0,13,G.L-permute,0,HK,0,160,1993,11,0
G.L,0,14,G.L-permute,0,HK,0,60,1993,11,0
G.L,0,15,G.L-permute,0,HK,0,123,1993,11,0
G.L,0,16,G.L-permute,0,HK,0,8,1993,11,0
G.L,1,17,G.L-permute,0,HK,0,5,1993,11,1
G.L,2,18,G.L-permute,0,HK,0,33,1993,11,2
G.L,0,19,G.L-permute,0,HK,0,2,1993,11,0
G.L,7,20,G.L-permute,1,HK,3,66,1993,11,3
G.L,0,21,G.L-permute,0,HK,0,4,1993,11,0
G.L,0,22,G.L-permute,0,HK,0,21,1993,11,0
G.L,0,16,G.L-permute,0,HK,0,8,1994,1,0
G.L,0,22,G.L-permute,0,HK,0,21,1994,1,0
G.L,0,12,G.L-permute,0,HK,0,41,1994,2,0
G.L,1,13,G.L-permute,0,HK,1,160,1994,2,0
G.L,0,16,G.L-permute,0,HK,0,8,1994,2,0
G.L,0,22,G.L-permute,0,HK,0,21,1994,2,0
G.L,0,4,G.L-permute,0,HK,0,165,1994,3,0
G.L,0,12,G.L-permute,0,HK,0,41,1994,3,0
G.L,2,13,G.L-permute,0,HK,2,160,1994,3,0
G.L,0,16,G.L-permute,0,HK,0,8,1994,3,0
G.L,0,21,G.L-permute,0,HK,0,4,1994,3,0
G.L,1,22,G.L-permute,1,HK,0,21,1994,3,0
G.L,0,4,G.L-permute,0,HK,0,165,1994,4,0
G.L,0,12,G.L-permute,0,HK,0,41,1994,4,0
G.L,2,13,G.L-permute,0,HK,2,160,1994,4,0
G.L,0,16,G.L-permute,0,HK,0,8,1994,4,0
G.L,0,17,G.L-permute,0,HK,0,5,1994,4,0
G.L,0,19,G.L-permute,0,HK,0,2,1994,4,0
G.L,0,21,G.L-permute,0,HK,0,4,1994,4,0
G.L,0,22,G.L-permute,0,HK,0,21,1994,4,0
G.L,0,4,G.L-permute,0,HK,0,165,1994,5,0
G.L,0,6,G.L-permute,0,HK,0,1,1994,5,0
G.L,3,11,G.L-permute,3,HK,0,61,1994,5,0
G.L,0,12,G.L-permute,0,HK,0,41,1994,5,0
G.L,1,13,G.L-permute,0,HK,1,160,1994,5,0
G.L,0,16,G.L-permute,0,HK,0,8,1994,5,0
G.L,0,17,G.L-permute,0,HK,0,5,1994,5,0
G.L,0,19,G.L-permute,0,HK,0,2,1994,5,0
G.L,0,21,G.L-permute,0,HK,0,4,1994,5,0
G.L,1,22,G.L-permute,1,HK,0,21,1994,5,0
G.L,5,3,G.L-permute,0,HK,5,157,1994,6,0
G.L,7,4,G.L-permute,6,HK,0,165,1994,6,1
G.L,0,6,G.L-permute,0,HK,0,1,1994,6,0
G.L,3,11,G.L-permute,3,HK,0,61,1994,6,0
G.L,0,12,G.L-permute,0,HK,0,41,1994,6,0
G.L,1,13,G.L-permute,0,HK,1,160,1994,6,0
G.L,0,15,G.L-permute,0,HK,0,123,1994,6,0
G.L,0,16,G.L-permute,0,HK,0,8,1994,6,0
G.L,0,17,G.L-permute,0,HK,0,5,1994,6,0
G.L,0,19,G.L-permute,0,HK,0,2,1994,6,0
G.L,0,21,G.L-permute,0,HK,0,4,1994,6,0
G.L,0,22,G.L-permute,0,HK,0,21,1994,6,0
G.L,2,0,G.L-permute,0,HK,0,7,1994,7,2
G.L,7,3,G.L-permute,0,HK,7,157,1994,7,0
G.L,9,4,G.L-permute,8,HK,0,165,1994,7,1
G.L,0,6,G.L-permute,0,HK,0,1,1994,7,0
G.L,0,9,G.L-permute,0,HK,0,164,1994,7,0
G.L,4,11,G.L-permute,3,HK,0,61,1994,7,1
G.L,2,12,G.L-permute,0,HK,1,41,1994,7,1
G.L,0,13,G.L-permute,0,HK,0,160,1994,7,0
G.L,0,15,G.L-permute,0,HK,0,123,1994,7,0
G.L,0,16,G.L-permute,0,HK,0,8,1994,7,0
G.L,0,17,G.L-permute,0,HK,0,5,1994,7,0
G.L,0,19,G.L-permute,0,HK,0,2,1994,7,0
G.L,0,21,G.L-permute,0,HK,0,4,1994,7,0
G.L,0,22,G.L-permute,0,HK,0,21,1994,7,0
G.L,2,0,G.L-permute,0,HK,0,7,1994,8,2
G.L,8,3,G.L-permute,0,HK,8,157,1994,8,0
G.L,10,4,G.L-permute,9,HK,0,165,1994,8,1
G.L,0,5,G.L-permute,0,HK,0,1,1994,8,0
G.L,0,6,G.L-permute,0,HK,0,1,1994,8,0
G.L,0,7,G.L-permute,0,HK,0,21,1994,8,0
G.L,0,9,G.L-permute,0,HK,0,164,1994,8,0
G.L,2,11,G.L-permute,2,HK,0,61,1994,8,0
G.L,2,12,G.L-permute,0,HK,1,41,1994,8,1
G.L,0,13,G.L-permute,0,HK,0,160,1994,8,0
G.L,0,15,G.L-permute,0,HK,0,123,1994,8,0
G.L,0,16,G.L-permute,0,HK,0,8,1994,8,0
G.L,0,17,G.L-permute,0,HK,0,5,1994,8,0
G.L,0,19,G.L-permute,0,HK,0,2,1994,8,0
G.L,0,21,G.L-permute,0,HK,0,4,1994,8,0
G.L,0,22,G.L-permute,0,HK,0,21,1994,8,0
G.L,2,0,G.L-permute,0,HK,0,7,1994,9,2
G.L,0,1,G.L-permute,0,HK,0,113,1994,9,0
G.L,10,3,G.L-permute,0,HK,10,157,1994,9,0
G.L,10,4,G.L-permute,10,HK,0,165,1994,9,0
G.L,0,5,G.L-permute,0,HK,0,1,1994,9,0
G.L,0,6,G.L-permute,0,HK,0,1,1994,9,0
G.L,0,7,G.L-permute,0,HK,0,21,1994,9,0
G.L,0,9,G.L-permute,0,HK,0,164,1994,9,0
G.L,3,11,G.L-permute,2,HK,0,61,1994,9,1
G.L,2,12,G.L-permute,0,HK,1,41,1994,9,1
G.L,0,13,G.L-permute,0,HK,0,160,1994,9,0
G.L,0,15,G.L-permute,0,HK,0,123,1994,9,0
G.L,0,16,G.L-permute,0,HK,0,8,1994,9,0
G.L,0,17,G.L-permute,0,HK,0,5,1994,9,0
G.L,2,18,G.L-permute,0,HK,1,33,1994,9,1
G.L,0,19,G.L-permute,0,HK,0,2,1994,9,0
G.L,0,21,G.L-permute,0,HK,0,4,1994,9,0
G.L,0,22,G.L-permute,0,HK,0,21,1994,9,0
G.L,1,0,G.L-permute,0,HK,0,7,1994,10,1
G.L,0,1,G.L-permute,0,HK,0,113,1994,10,0
G.L,9,3,G.L-permute,0,HK,9,157,1994,10,0
G.L,10,4,G.L-permute,10,HK,0,165,1994,10,0
G.L,0,5,G.L-permute,0,HK,0,1,1994,10,0
G.L,0,6,G.L-permute,0,HK,0,1,1994,10,0
G.L,0,7,G.L-permute,0,HK,0,21,1994,10,0
G.L,0,9,G.L-permute,0,HK,0,164,1994,10,0
G.L,18,10,G.L-permute,0,HK,12,150,1994,10,6
G.L,10,11,G.L-permute,10,HK,0,61,1994,10,0
G.L,3,12,G.L-permute,0,HK,2,41,1994,10,1
G.L,0,13,G.L-permute,0,HK,0,160,1994,10,0
G.L,0,14,G.L-permute,0,HK,0,60,1994,10,0
G.L,0,15,G.L-permute,0,HK,0,123,1994,10,0
G.L,0,16,G.L-permute,0,HK,0,8,1994,10,0
G.L,0,17,G.L-permute,0,HK,0,5,1994,10,0
G.L,1,18,G.L-permute,0,HK,0,33,1994,10,1
G.L,0,19,G.L-permute,0,HK,0,2,1994,10,0
G.L,0,21,G.L-permute,0,HK,0,4,1994,10,0
G.L,0,22,G.L-permute,0,HK,0,21,1994,10,0
G.L,0,0,G.L-permute,0,HK,0,7,1994,11,0
G.L,3,1,G.L-permute,2,HK,1,113,1994,11,0
G.L,1,2,G.L-permute,1,HK,0,182,1994,11,0
G.L,7,3,G.L-permute,0,HK,7,157,1994,11,0
G.L,9,4,G.L-permute,8,HK,0,165,1994,11,1
G.L,0,5,G.L-permute,0,HK,0,1,1994,11,0
G.L,0,6,G.L-permute,0,HK,0,1,1994,11,0
G.L,0,7,G.L-permute,0,HK,0,21,1994,11,0
G.L,1,8,G.L-permute,0,HK,1,153,1994,11,0
G.L,0,9,G.L-permute,0,HK,0,164,1994,11,0
G.L,17,10,G.L-permute,0,HK,10,150,1994,11,7
G.L,11,11,G.L-permute,10,HK,0,61,1994,11,1
G.L,4,12,G.L-permute,0,HK,3,41,1994,11,1
G.L,0,13,G.L-permute,0,HK,0,160,1994,11,0
G.L,1,14,G.L-permute,0,HK,1,60,1994,11,0
G.L,0,15,G.L-permute,0,HK,0,123,1994,11,0
G.L,0,16,G.L-permute,0,HK,0,8,1994,11,0
G.L,1,17,G.L-permute,0,HK,0,5,1994,11,1
G.L,3,18,G.L-permute,0,HK,1,33,1994,11,2
G.L,0,19,G.L-permute,0,HK,0,2,1994,11,0
G.L,8,20,G.L-permute,0,HK,4,66,1994,11,4
G.L,0,21,G.L-permute,0,HK,0,4,1994,11,0
G.L,0,22,G.L-permute,0,HK,0,21,1994,11,0
G.L,0,9,G.L-permute,0,HK,0,164,1995,1,0
G.L,0,13,G.L-permute,0,HK,0,160,1995,1,0
G.L,0,9,G.L-permute,0,HK,0,164,1995,2,0
G.L,1,13,G.L-permute,0,HK,1,160,1995,2,0
G.L,0,14,G.L-permute,0,HK,0,60,1995,2,0
G.L,0,16,G.L-permute,0,HK,0,8,1995,2,0
G.L,0,5,G.L-permute,0,HK,0,1,1995,3,0
G.L,0,9,G.L-permute,0,HK,0,164,1995,3,0
G.L,0,13,G.L-permute,0,HK,0,160,1995,3,0
G.L,0,14,G.L-permute,0,HK,0,60,1995,3,0
G.L,0,15,G.L-permute,0,HK,0,123,1995,3,0
G.L,0,16,G.L-permute,0,HK,0,8,1995,3,0
G.L,0,1,G.L-permute,0,HK,0,113,1995,4,0
G.L,0,5,G.L-permute,0,HK,0,1,1995,4,0
G.L,0,9,G.L-permute,0,HK,0,164,1995,4,0
G.L,1,12,G.L-permute,0,HK,1,41,1995,4,0
G.L,1,13,G.L-permute,0,HK,1,160,1995,4,0
G.L,0,14,G.L-permute,0,HK,0,60,1995,4,0
G.L,0,15,G.L-permute,0,HK,0,123,1995,4,0
G.L,0,16,G.L-permute,0,HK,0,8,1995,4,0
G.L,0,1,G.L-permute,0,HK,0,113,1995,5,0
G.L,0,5,G.L-permute,0,HK,0,1,1995,5,0
G.L,0,8,G.L-permute,0,HK,0,153,1995,5,0
G.L,0,9,G.L-permute,0,HK,0,164,1995,5,0
G.L,1,12,G.L-permute,0,HK,1,41,1995,5,0
G.L,1,13,G.L-permute,0,HK,1,160,1995,5,0
G.L,0,14,G.L-permute,0,HK,0,60,1995,5,0
G.L,0,15,G.L-permute,0,HK,0,123,1995,5,0
G.L,0,16,G.L-permute,0,HK,0,8,1995,5,0
G.L,0,22,G.L-permute,0,HK,0,21,1995,5,0
G.L,0,1,G.L-permute,0,HK,0,113,1995,6,0
G.L,0,5,G.L-permute,0,HK,0,1,1995,6,0
G.L,1,8,G.L-permute,1,HK,0,153,1995,6,0
G.L,0,9,G.L-permute,0,HK,0,164,1995,6,0
G.L,0,12,G.L-permute,0,HK,0,41,1995,6,0
G.L,3,13,G.L-permute,0,HK,2,160,1995,6,1
G.L,1,14,G.L-permute,1,HK,0,60,1995,6,0
G.L,0,15,G.L-permute,0,HK,0,123,1995,6,0
G.L,0,16,G.L-permute,0,HK,0,8,1995,6,0
G.L,0,17,G.L-permute,0,HK,0,5,1995,6,0
G.L,0,19,G.L-permute,0,HK,0,2,1995,6,0
G.L,0,22,G.L-permute,0,HK,0,21,1995,6,0
G.L,0,1,G.L-permute,0,HK,0,113,1995,7,0
G.L,0,5,G.L-permute,0,HK,0,1,1995,7,0
G.L,0,6,G.L-permute,0,HK,0,1,1995,7,0
G.L,0,8,G.L-permute,0,HK,0,153,1995,7,0
G.L,0,9,G.L-permute,0,HK,0,164,1995,7,0
G.L,0,12,G.L-permute,0,HK,0,41,1995,7,0
G.L,1,13,G.L-permute,0,HK,1,160,1995,7,0
G.L,0,14,G.L-permute,0,HK,0,60,1995,7,0
G.L,0,15,G.L-permute,0,HK,0,123,1995,7,0
G.L,0,16,G.L-permute,0,HK,0,8,1995,7,0
G.L,0,17,G.L-permute,0,HK,0,5,1995,7,0
G.L,2,18,G.L-permute,1,HK,1,33,1995,7,0
G.L,0,19,G.L-permute,0,HK,0,2,1995,7,0
G.L,0,22,G.L-permute,0,HK,0,21,1995,7,0
G.L,0,0,G.L-permute,0,HK,0,7,1995,8,0
G.L,0,1,G.L-permute,0,HK,0,113,1995,8,0
G.L,0,5,G.L-permute,0,HK,0,1,1995,8,0
G.L,0,6,G.L-permute,0,HK,0,1,1995,8,0
G.L,0,8,G.L-permute,0,HK,0,153,1995,8,0
G.L,0,9,G.L-permute,0,HK,0,164,1995,8,0
G.L,1,12,G.L-permute,0,HK,0,41,1995,8,1
G.L,1,13,G.L-permute,0,HK,1,160,1995,8,0
G.L,0,14,G.L-permute,0,HK,0,60,1995,8,0
G.L,0,15,G.L-permute,0,HK,0,123,1995,8,0
G.L,0,16,G.L-permute,0,HK,0,8,1995,8,0
G.L,0,17,G.L-permute,0,HK,0,5,1995,8,0
G.L,1,18,G.L-permute,0,HK,0,33,1995,8,1
G.L,0,19,G.L-permute,0,HK,0,2,1995,8,0
G.L,4,20,G.L-permute,1,HK,2,66,1995,8,1
G.L,2,22,G.L-permute,1,HK,0,21,1995,8,1
G.L,1,0,G.L-permute,0,HK,0,7,1995,9,1
G.L,0,1,G.L-permute,0,HK,0,113,1995,9,0
G.L,2,3,G.L-permute,0,HK,2,157,1995,9,0
G.L,0,5,G.L-permute,0,HK,0,1,1995,9,0
G.L,0,6,G.L-permute,0,HK,0,1,1995,9,0
G.L,0,8,G.L-permute,0,HK,0,153,1995,9,0
G.L,0,9,G.L-permute,0,HK,0,164,1995,9,0
G.L,6,11,G.L-permute,4,HK,0,61,1995,9,2
G.L,0,12,G.L-permute,0,HK,0,41,1995,9,0
G.L,0,13,G.L-permute,0,HK,0,160,1995,9,0
G.L,0,14,G.L-permute,0,HK,0,60,1995,9,0
G.L,0,15,G.L-permute,0,HK,0,123,1995,9,0
G.L,0,16,G.L-permute,0,HK,0,8,1995,9,0
G.L,0,17,G.L-permute,0,HK,0,5,1995,9,0
G.L,2,18,G.L-permute,1,HK,0,33,1995,9,1
G.L,0,19,G.L-permute,0,HK,0,2,1995,9,0
G.L,5,20,G.L-permute,1,HK,4,66,1995,9,0
G.L,1,22,G.L-permute,1,HK,0,21,1995,9,0
G.L,0,0,G.L-permute,0,HK,0,7,1995,10,0
G.L,1,1,G.L-permute,1,HK,0,113,1995,10,0
G.L,0,2,G.L-permute,0,HK,0,182,1995,10,0
G.L,1,3,G.L-permute,0,HK,1,157,1995,10,0
G.L,0,5,G.L-permute,0,HK,0,1,1995,10,0
G.L,0,6,G.L-permute,0,HK,0,1,1995,10,0
G.L,0,8,G.L-permute,0,HK,0,153,1995,10,0
G.L,0,9,G.L-permute,0,HK,0,164,1995,10,0
G.L,4,11,G.L-permute,3,HK,0,61,1995,10,1
G.L,2,12,G.L-permute,0,HK,1,41,1995,10,1
G.L,0,13,G.L-permute,0,HK,0,160,1995,10,0
G.L,1,14,G.L-permute,0,HK,1,60,1995,10,0
G.L,0,15,G.L-permute,0,HK,0,123,1995,10,0
G.L,0,16,G.L-permute,0,HK,0,8,1995,10,0
G.L,0,17,G.L-permute,0,HK,0,5,1995,10,0
G.L,3,18,G.L-permute,0,HK,1,33,1995,10,2
G.L,0,19,G.L-permute,0,HK,0,2,1995,10,0
G.L,10,20,G.L-permute,0,HK,6,66,1995,10,4
G.L,0,21,G.L-permute,0,HK,0,4,1995,10,0
G.L,0,22,G.L-permute,0,HK,0,21,1995,10,0
G.L,0,0,G.L-permute,0,HK,0,7,1995,11,0
G.L,0,1,G.L-permute,0,HK,0,113,1995,11,0
G.L,2,2,G.L-permute,1,HK,1,182,1995,11,0
G.L,9,3,G.L-permute,0,HK,9,157,1995,11,0
G.L,7,4,G.L-permute,6,HK,0,165,1995,11,1
G.L,0,5,G.L-permute,0,HK,0,1,1995,11,0
G.L,0,6,G.L-permute,0,HK,0,1,1995,11,0
G.L,0,7,G.L-permute,0,HK,0,21,1995,11,0
G.L,1,8,G.L-permute,0,HK,1,153,1995,11,0
G.L,0,9,G.L-permute,0,HK,0,164,1995,11,0
G.L,14,10,G.L-permute,0,HK,9,150,1995,11,5
G.L,11,11,G.L-permute,10,HK,0,61,1995,11,1
G.L,2,12,G.L-permute,0,HK,2,41,1995,11,0
G.L,0,13,G.L-permute,0,HK,0,160,1995,11,0
G.L,0,14,G.L-permute,0,HK,0,60,1995,11,0
G.L,0,15,G.L-permute,0,HK,0,123,1995,11,0
G.L,0,16,G.L-permute,0,HK,0,8,1995,11,0
G.L,0,17,G.L-permute,0,HK,0,5,1995,11,0
G.L,3,18,G.L-permute,0,HK,1,33,1995,11,2
G.L,0,19,G.L-permute,0,HK,0,2,1995,11,0
G.L,11,20,G.L-permute,0,HK,6,66,1995,11,5
G.L,0,21,G.L-permute,0,HK,0,4,1995,11,0
G.L,0,22,G.L-permute,0,HK,0,21,1995,11,0
G.template-0,4,0,G.template-1,0,HK,4,7,1993,1,0
G.template-0,35,4,G.template-1,31,HK,4,165,1993,1,0
G.template-0,5,0,G.template-1,0,HK,1,7,1993,2,4
G.template-0,51,4,G.template-1,25,HK,9,165,1993,2,17
G.template-0,39,8,G.template-1,9,HK,22,153,1993,2,8
G.template-0,27,12,G.template-1,0,HK,20,41,1993,2,7
G.template-0,2,0,G.template-1,0,HK,0,7,1993,3,2
G.template-0,95,2,G.template-1,0,HK,0,182,1993,3,95
G.template-0,50,4,G.template-1,22,HK,9,165,1993,3,19
G.template-0,44,8,G.template-1,4,HK,29,153,1993,3,11
G.template-0,14,11,G.template-1,0,HK,14,61,1993,3,0
G.template-0,17,12,G.template-1,0,HK,0,41,1993,3,17
G.template-0,2,0,G.template-1,0,HK,0,7,1993,4,2
G.template-0,103,2,G.template-1,0,HK,0,182,1993,4,103
G.template-0,52,3,G.template-1,0,HK,0,157,1993,4,52
G.template-0,53,4,G.template-1,20,HK,11,165,1993,4,22
G.template-0,36,8,G.template-1,3,HK,15,153,1993,4,18
G.template-0,14,11,G.template-1,0,HK,14,61,1993,4,0
G.template-0,17,12,G.template-1,0,HK,0,41,1993,4,17
G.template-0,2,17,G.template-1,1,HK,0,5,1993,4,1
G.template-0,2,0,G.template-1,0,HK,0,7,1993,5,2
G.template-0,60,2,G.template-1,0,HK,0,182,1993,5,60
G.template-0,72,3,G.template-1,0,HK,0,157,1993,5,72
G.template-0,95,4,G.template-1,45,HK,2,165,1993,5,48
G.template-0,58,8,G.template-1,3,HK,6,153,1993,5,49
G.template-0,14,11,G.template-1,0,HK,14,61,1993,5,0
G.template-0,17,12,G.template-1,0,HK,0,41,1993,5,17
G.template-0,1,16,G.template-1,0,HK,0,8,1993,5,1
G.template-0,2,17,G.template-1,1,HK,0,5,1993,5,1
G.template-0,3,21,G.template-1,0,HK,0,4,1993,5,3
G.template-0,2,0,G.template-1,0,HK,0,7,1993,6,2
G.template-0,60,2,G.template-1,0,HK,0,182,1993,6,60
G.template-0,72,3,G.template-1,0,HK,0,157,1993,6,72
G.template-0,95,4,G.template-1,43,HK,2,165,1993,6,50
G.template-0,58,8,G.template-1,3,HK,6,153,1993,6,49
G.template-0,14,11,G.template-1,0,HK,14,61,1993,6,0
G.template-0,17,12,G.template-1,0,HK,0,41,1993,6,17
G.template-0,45,13,G.template-1,0,HK,0,160,1993,6,45
G.template-0,1,16,G.template-1,0,HK,0,8,1993,6,1
G.template-0,2,17,G.template-1,1,HK,0,5,1993,6,1
G.template-0,3,21,G.template-1,0,HK,0,4,1993,6,3
G.template-0,11,22,G.template-1,0,HK,0,21,1993,6,11
G.template-0,2,0,G.template-1,0,HK,0,7,1993,7,2
G.template-0,61,2,G.template-1,0,HK,0,182,1993,7,61
G.template-0,80,3,G.template-1,0,HK,0,157,1993,7,80
G.template-0,95,4,G.template-1,43,HK,1,165,1993,7,51
G.template-0,67,8,G.template-1,3,HK,4,153,1993,7,60
G.template-0,19,11,G.template-1,2,HK,15,61,1993,7,2
G.template-0,19,12,G.template-1,0,HK,0,41,1993,7,19
G.template-0,50,13,G.template-1,0,HK,0,160,1993,7,50
G.template-0,33,14,G.template-1,0,HK,20,60,1993,7,13
G.template-0,1,16,G.template-1,0,HK,0,8,1993,7,1
G.template-0,3,17,G.template-1,1,HK,0,5,1993,7,2
G.template-0,17,18,G.template-1,0,HK,0,33,1993,7,17
G.template-0,3,21,G.template-1,0,HK,0,4,1993,7,3
G.template-0,12,22,G.template-1,0,HK,0,21,1993,7,12
G.template-0,2,0,G.template-1,0,HK,0,7,1993,8,2
G.template-0,64,2,G.template-1,0,HK,0,182,1993,8,64
G.template-0,88,3,G.template-1,0,HK,0,157,1993,8,88
G.template-0,95,4,G.template-1,42,HK,1,165,1993,8,52
G.template-0,77,8,G.template-1,3,HK,4,153,1993,8,70
G.template-0,30,9,G.template-1,0,HK,0,164,1993,8,30
G.template-0,19,11,G.template-1,2,HK,15,61,1993,8,2
G.template-0,20,12,G.template-1,0,HK,0,41,1993,8,20
G.template-0,54,13,G.template-1,0,HK,0,160,1993,8,54
G.template-0,36,14,G.template-1,0,HK,21,60,1993,8,15
G.template-0,1,16,G.template-1,0,HK,0,8,1993,8,1
G.template-0,3,17,G.template-1,1,HK,0,5,1993,8,2
G.template-0,17,18,G.template-1,0,HK,0,33,1993,8,17
G.template-0,1,19,G.template-1,0,HK,0,2,1993,8,1
G.template-0,3,21,G.template-1,0,HK,0,4,1993,8,3
G.template-0,13,22,G.template-1,0,HK,0,21,1993,8,13
G.template-0,2,0,G.template-1,0,HK,0,7,1993,9,2
G.template-0,69,2,G.template-1,0,HK,0,182,1993,9,69
G.template-0,88,3,G.template-1,0,HK,0,157,1993,9,88
G.template-0,94,4,G.template-1,38,HK,1,165,1993,9,55
G.template-0,1,6,G.template-1,0,HK,0,1,1993,9,1
G.template-0,74,8,G.template-1,3,HK,4,153,1993,9,67
G.template-0,32,9,G.template-1,0,HK,0,164,1993,9,32
G.template-0,18,11,G.template-1,2,HK,14,61,1993,9,2
G.template-0,20,12,G.template-1,0,HK,0,41,1993,9,20
G.template-0,56,13,G.template-1,0,HK,0,160,1993,9,56
G.template-0,37,14,G.template-1,0,HK,22,60,1993,9,15
G.template-0,28,15,G.template-1,5,HK,0,123,1993,9,23
G.template-0,1,16,G.template-1,0,HK,0,8,1993,9,1
G.template-0,3,17,G.template-1,1,HK,0,5,1993,9,2
G.template-0,18,18,G.template-1,0,HK,0,33,1993,9,18
G.template-0,1,19,G.template-1,0,HK,0,2,1993,9,1
G.template-0,3,21,G.template-1,0,HK,0,4,1993,9,3
G.template-0,13,22,G.template-1,0,HK,0,21,1993,9,13
G.template-0,2,0,G.template-1,0,HK,0,7,1993,10,2
G.template-0,69,2,G.template-1,0,HK,0,182,1993,10,69
G.template-0,88,3,G.template-1,0,HK,0,157,1993,10,88
G.template-0,94,4,G.template-1,38,HK,1,165,1993,10,55
G.template-0,1,5,G.template-1,0,HK,0,1,1993,10,1
G.template-0,1,6,G.template-1,0,HK,0,1,1993,10,1
G.template-0,74,8,G.template-1,3,HK,4,153,1993,10,67
G.template-0,32,9,G.template-1,0,HK,0,164,1993,10,32
G.template-0,18,11,G.template-1,2,HK,14,61,1993,10,2
G.template-0,20,12,G.template-1,0,HK,0,41,1993,10,20
G.template-0,57,13,G.template-1,0,HK,0,160,1993,10,57
G.template-0,37,14,G.template-1,0,HK,22,60,1993,10,15
G.template-0,28,15,G.template-1,5,HK,0,123,1993,10,23
G.template-0,1,16,G.template-1,0,HK,0,8,1993,10,1
G.template-0,3,17,G.template-1,1,HK,0,5,1993,10,2
G.template-0,18,18,G.template-1,0,HK,0,33,1993,10,18
G.template-0,1,19,G.template-1,0,HK,0,2,1993,10,1
G.template-0,48,20,G.template-1,0,HK,0,66,1993,10,48
G.template-0,3,21,G.template-1,0,HK,0,4,1993,10,3
G.template-0,13,22,G.template-1,0,HK,0,21,1993,10,13
G.template-0,2,0,G.template-1,0,HK,0,7,1993,11,2
G.template-0,64,1,G.template-1,0,HK,0,113,1993,11,64
G.template-0,69,2,G.template-1,0,HK,0,182,1993,11,69
G.template-0,94,3,G.template-1,0,HK,1,157,1993,11,93
G.template-0,107,4,G.template-1,25,HK,2,165,1993,11,80
G.template-0,1,5,G.template-1,0,HK,0,1,1993,11,1
G.template-0,1,6,G.template-1,0,HK,0,1,1993,11,1
G.template-0,12,7,G.template-1,0,HK,0,21,1993,11,12
G.template-0,75,8,G.template-1,3,HK,4,153,1993,11,68
G.template-0,32,9,G.template-1,0,HK,0,164,1993,11,32
G.template-0,33,10,G.template-1,0,HK,0,150,1993,11,33
G.template-0,21,11,G.template-1,1,HK,17,61,1993,11,3
G.template-0,20,12,G.template-1,0,HK,0,41,1993,11,20
G.template-0,57,13,G.template-1,0,HK,0,160,1993,11,57
G.template-0,35,14,G.template-1,0,HK,21,60,1993,11,14
G.template-0,29,15,G.template-1,5,HK,0,123,1993,11,24
G.template-0,2,16,G.template-1,0,HK,0,8,1993,11,2
G.template-0,3,17,G.template-1,1,HK,0,5,1993,11,2
G.template-0,18,18,G.template-1,0,HK,0,33,1993,11,18
G.template-0,1,19,G.template-1,0,HK,0,2,1993,11,1
G.template-0,46,20,G.template-1,0,HK,0,66,1993,11,46
G.template-0,3,21,G.template-1,0,HK,0,4,1993,11,3
G.template-0,13,22,G.template-1,0,HK,0,21,1993,11,13
G.template-0,3,16,G.template-1,0,HK,3,8,1994,1,0
G.template-0,13,22,G.template-1,13,HK,0,21,1994,1,0
G.template-0,16,12,G.template-1,0,HK,12,41,1994,2,4
G.template-0,50,13,G.template-1,2,HK,1,160,1994,2,47
G.template-0,1,16,G.template-1,0,HK,0,8,1994,2,1
G.template-0,11,22,G.template-1,6,HK,0,21,1994,2,5
G.template-0,75,4,G.template-1,52,HK,2,165,1994,3,21
G.template-0,24,12,G.template-1,0,HK,14,41,1994,3,10
G.template-0,55,13,G.template-1,2,HK,1,160,1994,3,52
G.template-0,2,16,G.template-1,0,HK,1,8,1994,3,1
G.template-0,1,21,G.template-1,0,HK,0,4,1994,3,1
G.template-0,12,22,G.template-1,3,HK,0,21,1994,3,9
G.template-0,87,4,G.template-1,48,HK,2,165,1994,4,37
G.template-0,23,12,G.template-1,0,HK,12,41,1994,4,11
G.template-0,61,13,G.template-1,2,HK,1,160,1994,4,58
G.template-0,2,16,G.template-1,0,HK,1,8,1994,4,1
G.template-0,1,17,G.template-1,1,HK,0,5,1994,4,0
G.template-0,1,19,G.template-1,0,HK,0,2,1994,4,1
G.template-0,1,21,G.template-1,0,HK,0,4,1994,4,1
G.template-0,11,22,G.template-1,0,HK,0,21,1994,4,11
G.template-0,94,4,G.template-1,40,HK,2,165,1994,5,52
G.template-0,1,6,G.template-1,0,HK,0,1,1994,5,1
G.template-0,3,11,G.template-1,1,HK,2,61,1994,5,0
G.template-0,9,12,G.template-1,0,HK,0,41,1994,5,9
G.template-0,43,13,G.template-1,0,HK,0,160,1994,5,43
G.template-0,0,16,G.template-1,0,HK,0,8,1994,5,0
G.template-0,2,17,G.template-1,1,HK,0,5,1994,5,1
G.template-0,1,19,G.template-1,0,HK,0,2,1994,5,1
G.template-0,2,21,G.template-1,0,HK,0,4,1994,5,2
G.template-0,10,22,G.template-1,0,HK,0,21,1994,5,10
G.template-0,73,3,G.template-1,0,HK,0,157,1994,6,73
G.template-0,88,4,G.template-1,40,HK,1,165,1994,6,47
G.template-0,1,6,G.template-1,0,HK,0,1,1994,6,1
G.template-0,4,11,G.template-1,0,HK,3,61,1994,6,1
G.template-0,10,12,G.template-1,0,HK,0,41,1994,6,10
G.template-0,46,13,G.template-1,0,HK,0,160,1994,6,46
G.template-0,21,15,G.template-1,7,HK,0,123,1994,6,14
G.template-0,0,16,G.template-1,0,HK,0,8,1994,6,0
G.template-0,2,17,G.template-1,1,HK,0,5,1994,6,1
G.template-0,1,19,G.template-1,0,HK,0,2,1994,6,1
G.template-0,2,21,G.template-1,0,HK,0,4,1994,6,2
G.template-0,10,22,G.template-1,0,HK,0,21,1994,6,10
G.template-0,1,0,G.template-1,0,HK,0,7,1994,7,1
G.template-0,79,3,G.template-1,0,HK,0,157,1994,7,79
G.template-0,91,4,G.template-1,39,HK,1,165,1994,7,51
G.template-0,1,6,G.template-1,0,HK,0,1,1994,7,1
G.template-0,21,9,G.template-1,0,HK,2,164,1994,7,19
G.template-0,5,11,G.template-1,1,HK,3,61,1994,7,1
G.template-0,11,12,G.template-1,0,HK,0,41,1994,7,11
G.template-0,49,13,G.template-1,0,HK,0,160,1994,7,49
G.template-0,23,15,G.template-1,7,HK,0,123,1994,7,16
G.template-0,0,16,G.template-1,0,HK,0,8,1994,7,0
G.template-0,2,17,G.template-1,1,HK,0,5,1994,7,1
G.template-0,1,19,G.template-1,0,HK,0,2,1994,7,1
G.template-0,3,21,G.template-1,0,HK,0,4,1994,7,3
G.template-0,11,22,G.template-1,0,HK,0,21,1994,7,11
G.template-0,1,0,G.template-1,0,HK,0,7,1994,8,1
G.template-0,85,3,G.template-1,0,HK,1,157,1994,8,84
G.template-0,105,4,G.template-1,25,HK,2,165,1994,8,78
G.template-0,1,5,G.template-1,0,HK,0,1,1994,8,1
G.template-0,1,6,G.template-1,0,HK,0,1,1994,8,1
G.template-0,12,7,G.template-1,0,HK,0,21,1994,8,12
G.template-0,21,9,G.template-1,0,HK,2,164,1994,8,19
G.template-0,9,11,G.template-1,1,HK,7,61,1994,8,1
G.template-0,15,12,G.template-1,0,HK,0,41,1994,8,15
G.template-0,50,13,G.template-1,0,HK,0,160,1994,8,50
G.template-0,25,15,G.template-1,7,HK,0,123,1994,8,18
G.template-0,1,16,G.template-1,0,HK,0,8,1994,8,1
G.template-0,2,17,G.template-1,1,HK,0,5,1994,8,1
G.template-0,1,19,G.template-1,0,HK,0,2,1994,8,1
G.template-0,3,21,G.template-1,0,HK,0,4,1994,8,3
G.template-0,11,22,G.template-1,0,HK,0,21,1994,8,11
G.template-0,1,0,G.template-1,0,HK,0,7,1994,9,1
G.template-0,66,1,G.template-1,0,HK,0,113,1994,9,66
G.template-0,85,3,G.template-1,0,HK,1,157,1994,9,84
G.template-0,105,4,G.template-1,25,HK,2,165,1994,9,78
G.template-0,1,5,G.template-1,0,HK,0,1,1994,9,1
G.template-0,1,6,G.template-1,0,HK,0,1,1994,9,1
G.template-0,12,7,G.template-1,0,HK,0,21,1994,9,12
G.template-0,22,9,G.template-1,0,HK,2,164,1994,9,20
G.template-0,9,11,G.template-1,1,HK,7,61,1994,9,1
G.template-0,15,12,G.template-1,0,HK,0,41,1994,9,15
G.template-0,50,13,G.template-1,0,HK,0,160,1994,9,50
G.template-0,25,15,G.template-1,7,HK,0,123,1994,9,18
G.template-0,1,16,G.template-1,0,HK,0,8,1994,9,1
G.template-0,2,17,G.template-1,1,HK,0,5,1994,9,1
G.template-0,18,18,G.template-1,0,HK,0,33,1994,9,18
G.template-0,1,19,G.template-1,0,HK,0,2,1994,9,1
G.template-0,3,21,G.template-1,0,HK,0,4,1994,9,3
G.template-0,11,22,G.template-1,0,HK,0,21,1994,9,11
G.template-0,0,0,G.template-1,0,HK,0,7,1994,10,0
G.template-0,63,1,G.template-1,0,HK,0,113,1994,10,63
G.template-0,92,3,G.template-1,0,HK,1,157,1994,10,91
G.template-0,106,4,G.template-1,25,HK,2,165,1994,10,79
G.template-0,1,5,G.template-1,0,HK,0,1,1994,10,1
G.template-0,1,6,G.template-1,0,HK,0,1,1994,10,1
G.template-0,12,7,G.template-1,0,HK,0,21,1994,10,12
G.template-0,31,9,G.template-1,0,HK,2,164,1994,10,29
G.template-0,25,10,G.template-1,0,HK,0,150,1994,10,25
G.template-0,11,11,G.template-1,2,HK,7,61,1994,10,2
G.template-0,15,12,G.template-1,0,HK,0,41,1994,10,15
G.template-0,55,13,G.template-1,0,HK,0,160,1994,10,55
G.template-0,32,14,G.template-1,0,HK,19,60,1994,10,13
G.template-0,27,15,G.template-1,5,HK,0,123,1994,10,22
G.template-0,1,16,G.template-1,0,HK,0,8,1994,10,1
G.template-0,3,17,G.template-1,1,HK,0,5,1994,10,2
G.template-0,18,18,G.template-1,0,HK,0,33,1994,10,18
G.template-0,1,19,G.template-1,0,HK,0,2,1994,10,1
G.template-0,3,21,G.template-1,0,HK,0,4,1994,10,3
G.template-0,12,22,G.template-1,0,HK,0,21,1994,10,12
G.template-0,2,0,G.template-1,0,HK,0,7,1994,11,2
G.template-0,64,1,G.template-1,0,HK,0,113,1994,11,64
G.template-0,69,2,G.template-1,0,HK,0,182,1994,11,69
G.template-0,94,3,G.template-1,0,HK,1,157,1994,11,93
G.template-0,107,4,G.template-1,25,HK,2,165,1994,11,80
G.template-0,1,5,G.template-1,0,HK,0,1,1994,11,1
G.template-0,1,6,G.template-1,0,HK,0,1,1994,11,1
G.template-0,12,7,G.template-1,0,HK,0,21,1994,11,12
G.template-0,75,8,G.template-1,3,HK,4,153,1994,11,68
G.template-0,32,9,G.template-1,0,HK,0,164,1994,11,32
G.template-0,33,10,G.template-1,0,HK,0,150,1994,11,33
G.template-0,21,11,G.template-1,1,HK,17,61,1994,11,3
G.template-0,20,12,G.template-1,0,HK,0,41,1994,11,20
G.template-0,57,13,G.template-1,0,HK,0,160,1994,11,57
G.template-0,35,14,G.template-1,0,HK,21,60,1994,11,14
G.template-0,29,15,G.template-1,5,HK,0,123,1994,11,24
G.template-0,2,16,G.template-1,0,HK,0,8,1994,11,2
G.template-0,3,17,G.template-1,1,HK,0,5,1994,11,2
G.template-0,18,18,G.template-1,0,HK,0,33,1994,11,18
G.template-0,1,19,G.template-1,0,HK,0,2,1994,11,1
G.template-0,46,20,G.template-1,0,HK,0,66,1994,11,46
G.template-0,3,21,G.template-1,0,HK,0,4,1994,11,3
G.template-0,13,22,G.template-1,0,HK,0,21,1994,11,13
G.template-0,58,9,G.template-1,1,HK,57,164,1995,1,0
G.template-0,94,13,G.template-1,94,HK,0,160,1995,1,0
G.template-0,24,9,G.template-1,0,HK,7,164,1995,2,17
G.template-0,86,13,G.template-1,70,HK,0,160,1995,2,16
G.template-0,20,14,G.template-1,1,HK,17,60,1995,2,2
G.template-0,1,16,G.template-1,0,HK,1,8,1995,2,0
G.template-0,1,5,G.template-1,0,HK,0,1,1995,3,1
G.template-0,39,9,G.template-1,0,HK,7,164,1995,3,32
G.template-0,105,13,G.template-1,40,HK,0,160,1995,3,65
G.template-0,32,14,G.template-1,0,HK,28,60,1995,3,4
G.template-0,56,15,G.template-1,29,HK,0,123,1995,3,27
G.template-0,2,16,G.template-1,0,HK,1,8,1995,3,1
G.template-0,52,1,G.template-1,0,HK,0,113,1995,4,52
G.template-0,1,5,G.template-1,0,HK,0,1,1995,4,1
G.template-0,58,9,G.template-1,0,HK,2,164,1995,4,56
G.template-0,20,12,G.template-1,2,HK,8,41,1995,4,10
G.template-0,48,13,G.template-1,3,HK,0,160,1995,4,45
G.template-0,24,14,G.template-1,0,HK,20,60,1995,4,4
G.template-0,47,15,G.template-1,19,HK,0,123,1995,4,28
G.template-0,3,16,G.template-1,0,HK,1,8,1995,4,2
G.template-0,63,1,G.template-1,0,HK,0,113,1995,5,63
G.template-0,1,5,G.template-1,0,HK,0,1,1995,5,1
G.template-0,84,8,G.template-1,8,HK,9,153,1995,5,67
G.template-0,64,9,G.template-1,0,HK,0,164,1995,5,64
G.template-0,30,12,G.template-1,0,HK,10,41,1995,5,20
G.template-0,69,13,G.template-1,1,HK,0,160,1995,5,68
G.template-0,31,14,G.template-1,0,HK,21,60,1995,5,10
G.template-0,56,15,G.template-1,13,HK,0,123,1995,5,43
G.template-0,6,16,G.template-1,0,HK,1,8,1995,5,5
G.template-0,13,22,G.template-1,4,HK,0,21,1995,5,9
G.template-0,66,1,G.template-1,0,HK,0,113,1995,6,66
G.template-0,1,5,G.template-1,0,HK,0,1,1995,6,1
G.template-0,87,8,G.template-1,5,HK,7,153,1995,6,75
G.template-0,69,9,G.template-1,0,HK,0,164,1995,6,69
G.template-0,29,12,G.template-1,0,HK,10,41,1995,6,19
G.template-0,74,13,G.template-1,1,HK,0,160,1995,6,73
G.template-0,37,14,G.template-1,0,HK,20,60,1995,6,17
G.template-0,58,15,G.template-1,13,HK,0,123,1995,6,45
G.template-0,6,16,G.template-1,0,HK,1,8,1995,6,5
G.template-0,3,17,G.template-1,1,HK,0,5,1995,6,2
G.template-0,2,19,G.template-1,0,HK,0,2,1995,6,2
G.template-0,12,22,G.template-1,0,HK,0,21,1995,6,12
G.template-0,66,1,G.template-1,0,HK,0,113,1995,7,66
G.template-0,1,5,G.template-1,0,HK,0,1,1995,7,1
G.template-0,1,6,G.template-1,0,HK,0,1,1995,7,1
G.template-0,87,8,G.template-1,5,HK,7,153,1995,7,75
G.template-0,69,9,G.template-1,0,HK,0,164,1995,7,69
G.template-0,31,12,G.template-1,0,HK,9,41,1995,7,22
G.template-0,74,13,G.template-1,1,HK,0,160,1995,7,73
G.template-0,37,14,G.template-1,0,HK,20,60,1995,7,17
G.template-0,59,15,G.template-1,13,HK,0,123,1995,7,46
G.template-0,6,16,G.template-1,0,HK,1,8,1995,7,5
G.template-0,3,17,G.template-1,1,HK,0,5,1995,7,2
G.template-0,18,18,G.template-1,0,HK,0,33,1995,7,18
G.template-0,2,19,G.template-1,0,HK,0,2,1995,7,2
G.template-0,12,22,G.template-1,0,HK,0,21,1995,7,12
G.template-0,4,0,G.template-1,0,HK,0,7,1995,8,4
G.template-0,66,1,G.template-1,0,HK,0,113,1995,8,66
G.template-0,1,5,G.template-1,0,HK,0,1,1995,8,1
G.template-0,1,6,G.template-1,0,HK,0,1,1995,8,1
G.template-0,87,8,G.template-1,5,HK,7,153,1995,8,75
G.template-0,69,9,G.template-1,0,HK,0,164,1995,8,69
G.template-0,31,12,G.template-1,0,HK,9,41,1995,8,22
G.template-0,75,13,G.template-1,1,HK,0,160,1995,8,74
G.template-0,37,14,G.template-1,0,HK,20,60,1995,8,17
G.template-0,59,15,G.template-1,13,HK,0,123,1995,8,46
G.template-0,6,16,G.template-1,0,HK,1,8,1995,8,5
G.template-0,3,17,G.template-1,1,HK,0,5,1995,8,2
G.template-0,18,18,G.template-1,0,HK,0,33,1995,8,18
G.template-0,2,19,G.template-1,0,HK,0,2,1995,8,2
G.template-0,49,20,G.template-1,1,HK,0,66,1995,8,48
G.template-0,12,22,G.template-1,0,HK,0,21,1995,8,12
G.template-0,2,0,G.template-1,0,HK,0,7,1995,9,2
G.template-0,68,1,G.template-1,0,HK,0,113,1995,9,68
G.template-0,92,3,G.template-1,1,HK,0,157,1995,9,91
G.template-0,1,5,G.template-1,0,HK,0,1,1995,9,1
G.template-0,1,6,G.template-1,0,HK,0,1,1995,9,1
G.template-0,74,8,G.template-1,3,HK,4,153,1995,9,67
G.template-0,32,9,G.template-1,0,HK,0,164,1995,9,32
G.template-0,18,11,G.template-1,2,HK,14,61,1995,9,2
G.template-0,19,12,G.template-1,0,HK,0,41,1995,9,19
G.template-0,58,13,G.template-1,0,HK,0,160,1995,9,58
G.template-0,37,14,G.template-1,0,HK,22,60,1995,9,15
G.template-0,29,15,G.template-1,6,HK,0,123,1995,9,23
G.template-0,1,16,G.template-1,0,HK,0,8,1995,9,1
G.template-0,3,17,G.template-1,1,HK,0,5,1995,9,2
G.template-0,18,18,G.template-1,0,HK,0,33,1995,9,18
G.template-0,1,19,G.template-1,0,HK,0,2,1995,9,1
G.template-0,48,20,G.template-1,0,HK,0,66,1995,9,48
G.template-0,13,22,G.template-1,0,HK,0,21,1995,9,13
G.template-0,2,0,G.template-1,0,HK,0,7,1995,10,2
G.template-0,68,1,G.template-1,0,HK,0,113,1995,10,68
G.template-0,61,2,G.template-1,0,HK,0,182,1995,10,61
G.template-0,91,3,G.template-1,1,HK,0,157,1995,10,90
G.template-0,1,5,G.template-1,0,HK,0,1,1995,10,1
G.template-0,1,6,G.template-1,0,HK,0,1,1995,10,1
G.template-0,74,8,G.template-1,3,HK,4,153,1995,10,67
G.template-0,32,9,G.template-1,0,HK,0,164,1995,10,32
G.template-0,18,11,G.template-1,2,HK,14,61,1995,10,2
G.template-0,19,12,G.template-1,0,HK,0,41,1995,10,19
G.template-0,57,13,G.template-1,0,HK,0,160,1995,10,57
G.template-0,37,14,G.template-1,0,HK,22,60,1995,10,15
G.template-0,29,15,G.template-1,6,HK,0,123,1995,10,23
G.template-0,1,16,G.template-1,0,HK,0,8,1995,10,1
G.template-0,3,17,G.template-1,1,HK,0,5,1995,10,2
G.template-0,18,18,G.template-1,0,HK,0,33,1995,10,18
G.template-0,1,19,G.template-1,0,HK,0,2,1995,10,1
G.template-0,49,20,G.template-1,0,HK,0,66,1995,10,49
G.template-0,3,21,G.template-1,0,HK,0,4,1995,10,3
G.template-0,13,22,G.template-1,0,HK,0,21,1995,10,13
G.template-0,2,0,G.template-1,0,HK,0,7,1995,11,2
G.template-0,64,1,G.template-1,0,HK,0,113,1995,11,64
G.template-0,69,2,G.template-1,0,HK,0,182,1995,11,69
G.template-0,94,3,G.template-1,0,HK,1,157,1995,11,93
G.template-0,107,4,G.template-1,25,HK,2,165,1995,11,80
G.template-0,1,5,G.template-1,0,HK,0,1,1995,11,1
G.template-0,1,6,G.template-1,0,HK,0,1,1995,11,1
G.template-0,12,7,G.template-1,0,HK,0,21,1995,11,12
G.template-0,75,8,G.template-1,3,HK,4,153,1995,11,68
G.template-0,32,9,G.template-1,0,HK,0,164,1995,11,32
G.template-0,33,10,G.template-1,0,HK,0,150,1995,11,33
G.template-0,21,11,G.template-1,1,HK,17,61,1995,11,3
G.template-0,20,12,G.template-1,0,HK,0,41,1995,11,20
G.template-0,57,13,G.template-1,0,HK,0,160,1995,11,57
G.template-0,35,14,G.template-1,0,HK,21,60,1995,11,14
G.template-0,29,15,G.template-1,5,HK,0,123,1995,11,24
G.template-0,2,16,G.template-1,0,HK,0,8,1995,11,2
G.template-0,3,17,G.template-1,1,HK,0,5,1995,11,2
G.template-0,18,18,G.template-1,0,HK,0,33,1995,11,18
G.template-0,1,19,G.template-1,0,HK,0,2,1995,11,1
G.template-0,46,20,G.template-1,0,HK,0,66,1995,11,46
G.template-0,3,21,G.template-1,0,HK,0,4,1995,11,3
G.template-0,13,22,G.template-1,0,HK,0,21,1995,11,13
B.L,0,0,B.J,0,HK,0,7,1993,1,0
B.L,0,4,B.J,0,HK,0,165,1993,1,0
B.L,0,0,B.J,0,HK,0,7,1993,2,0
B.L,0,4,B.J,0,HK,0,165,1993,2,0
B.L,0,8,B.J,0,HK,0,153,1993,2,0
B.L,1,12,B.J,0,HK,1,41,1993,2,0
B.L,0,0,B.J,0,HK,0,7,1993,3,0
B.L,0,2,B.J,0,HK,0,182,1993,3,0
B.L,0,4,B.J,0,HK,0,165,1993,3,0
B.L,0,8,B.J,0,HK,0,153,1993,3,0
B.L,1,11,B.J,0,HK,1,61,1993,3,0
B.L,0,12,B.J,0,HK,0,41,1993,3,0
B.L,0,0,B.J,0,HK,0,7,1993,4,0
B.L,0,2,B.J,0,HK,0,182,1993,4,0
B.L,3,3,B.J,1,HK,2,157,1993,4,0
B.L,1,4,B.J,0,HK,1,165,1993,4,0
B.L,1,8,B.J,1,HK,0,153,1993,4,0
B.L,1,11,B.J,1,HK,0,61,1993,4,0
B.L,1,12,B.J,0,HK,1,41,1993,4,0
B.L,0,17,B.J,0,HK,0,5,1993,4,0
B.L,0,0,B.J,0,HK,0,7,1993,5,0
B.L,0,2,B.J,0,HK,0,182,1993,5,0
B.L,3,3,B.J,1,HK,2,157,1993,5,0
B.L,1,4,B.J,1,HK,0,165,1993,5,0
B.L,0,8,B.J,0,HK,0,153,1993,5,0
B.L,1,11,B.J,1,HK,0,61,1993,5,0
B.L,1,12,B.J,1,HK,0,41,1993,5,0
B.L,1,16,B.J,1,HK,0,8,1993,5,0
B.L,0,17,B.J,0,HK,0,5,1993,5,0
B.L,0,21,B.J,0,HK,0,4,1993,5,0
B.L,0,0,B.J,0,HK,0,7,1993,6,0
B.L,0,2,B.J,0,HK,0,182,1993,6,0
B.L,2,3,B.J,1,HK,1,157,1993,6,0
B.L,0,4,B.J,0,HK,0,165,1993,6,0
B.L,0,8,B.J,0,HK,0,153,1993,6,0
B.L,3,11,B.J,3,HK,0,61,1993,6,0
B.L,0,12,B.J,0,HK,0,41,1993,6,0
B.L,3,13,B.J,3,HK,0,160,1993,6,0
B.L,1,16,B.J,1,HK,0,8,1993,6,0
B.L,0,17,B.J,0,HK,0,5,1993,6,0
B.L,0,21,B.J,0,HK,0,4,1993,6,0
B.L,0,22,B.J,0,HK,0,21,1993,6,0
B.L,0,0,B.J,0,HK,0,7,1993,7,0
B.L,0,2,B.J,0,HK,0,182,1993,7,0
B.L,2,3,B.J,0,HK,2,157,1993,7,0
B.L,2,4,B.J,2,HK,0,165,1993,7,0
B.L,0,8,B.J,0,HK,0,153,1993,7,0
B.L,2,11,B.J,2,HK,0,61,1993,7,0
B.L,0,12,B.J,0,HK,0,41,1993,7,0
B.L,2,13,B.J,2,HK,0,160,1993,7,0
B.L,0,14,B.J,0,HK,0,60,1993,7,0
B.L,0,16,B.J,0,HK,0,8,1993,7,0
B.L,0,17,B.J,0,HK,0,5,1993,7,0
B.L,3,18,B.J,0,HK,2,33,1993,7,1
B.L,0,21,B.J,0,HK,0,4,1993,7,0
B.L,1,22,B.J,0,HK,1,21,1993,7,0
B.L,0,0,B.J,0,HK,0,7,1993,8,0
B.L,0,2,B.J,0,HK,0,182,1993,8,0
B.L,3,3,B.J,0,HK,3,157,1993,8,0
B.L,1,4,B.J,1,HK,0,165,1993,8,0
B.L,0,8,B.J,0,HK,0,153,1993,8,0
B.L,0,9,B.J,0,HK,0,164,1993,8,0
B.L,2,11,B.J,1,HK,1,61,1993,8,0
B.L,3,12,B.J,2,HK,0,41,1993,8,1
B.L,1,13,B.J,1,HK,0,160,1993,8,0
B.L,0,14,B.J,0,HK,0,60,1993,8,0
B.L,0,16,B.J,0,HK,0,8,1993,8,0
B.L,2,17,B.J,1,HK,1,5,1993,8,0
B.L,2,18,B.J,0,HK,0,33,1993,8,2
B.L,1,19,B.J,0,HK,0,2,1993,8,1
B.L,0,21,B.J,0,HK,0,4,1993,8,0
B.L,0,22,B.J,0,HK,0,21,1993,8,0
B.L,0,0,B.J,0,HK,0,7,1993,9,0
B.L,0,2,B.J,0,HK,0,182,1993,9,0
B.L,5,3,B.J,0,HK,5,157,1993,9,0
B.L,2,4,B.J,2,HK,0,165,1993,9,0
B.L,0,6,B.J,0,HK,0,1,1993,9,0
B.L,1,8,B.J,1,HK,0,153,1993,9,0
B.L,0,9,B.J,0,HK,0,164,1993,9,0
B.L,2,11,B.J,0,HK,0,61,1993,9,2
B.L,3,12,B.J,1,HK,0,41,1993,9,2
B.L,2,13,B.J,1,HK,0,160,1993,9,1
B.L,0,14,B.J,0,HK,0,60,1993,9,0
B.L,0,15,B.J,0,HK,0,123,1993,9,0
B.L,0,16,B.J,0,HK,0,8,1993,9,0
B.L,1,17,B.J,0,HK,1,5,1993,9,0
B.L,2,18,B.J,0,HK,2,33,1993,9,0
B.L,1,19,B.J,0,HK,0,2,1993,9,1
B.L,0,21,B.J,0,HK,0,4,1993,9,0
B.L,0,22,B.J,0,HK,0,21,1993,9,0
B.L,0,0,B.J,0,HK,0,7,1993,10,0
B.L,0,2,B.J,0,HK,0,182,1993,10,0
B.L,6,3,B.J,1,HK,5,157,1993,10,0
B.L,1,4,B.J,1,HK,0,165,1993,10,0
B.L,0,5,B.J,0,HK,0,1,1993,10,0
B.L,0,6,B.J,0,HK,0,1,1993,10,0
B.L,2,8,B.J,1,HK,1,153,1993,10,0
B.L,0,9,B.J,0,HK,0,164,1993,10,0
B.L,2,11,B.J,0,HK,1,61,1993,10,1
B.L,3,12,B.J,1,HK,0,41,1993,10,2
B.L,2,13,B.J,2,HK,0,160,1993,10,0
B.L,0,14,B.J,0,HK,0,60,1993,10,0
B.L,0,15,B.J,0,HK,0,123,1993,10,0
B.L,0,16,B.J,0,HK,0,8,1993,10,0
B.L,1,17,B.J,0,HK,1,5,1993,10,0
B.L,5,18,B.J,0,HK,2,33,1993,10,3
B.L,1,19,B.J,0,HK,0,2,1993,10,1
B.L,8,20,B.J,2,HK,3,66,1993,10,3
B.L,0,21,B.J,0,HK,0,4,1993,10,0
B.L,1,22,B.J,0,HK,1,21,1993,10,0
B.L,1,0,B.J,0,HK,0,7,1993,11,1
B.L,0,1,B.J,0,HK,0,113,1993,11,0
B.L,5,2,B.J,4,HK,0,182,1993,11,1
B.L,5,3,B.J,1,HK,4,157,1993,11,0
B.L,3,4,B.J,3,HK,0,165,1993,11,0
B.L,0,5,B.J,0,HK,0,1,1993,11,0
B.L,0,6,B.J,0,HK,0,1,1993,11,0
B.L,0,7,B.J,0,HK,0,21,1993,11,0
B.L,1,8,B.J,1,HK,0,153,1993,11,0
B.L,0,9,B.J,0,HK,0,164,1993,11,0
B.L,16,10,B.J,1,HK,11,150,1993,11,4
B.L,9,11,B.J,6,HK,0,61,1993,11,3
B.L,2,12,B.J,2,HK,0,41,1993,11,0
B.L,2,13,B.J,2,HK,0,160,1993,11,0
B.L,1,14,B.J,1,HK,0,60,1993,11,0
B.L,0,15,B.J,0,HK,0,123,1993,11,0
B.L,1,16,B.J,0,HK,0,8,1993,11,1
B.L,1,17,B.J,0,HK,1,5,1993,11,0
B.L,8,18,B.J,0,HK,3,33,1993,11,5
B.L,1,19,B.J,0,HK,0,2,1993,11,1
B.L,5,20,B.J,1,HK,1,66,1993,11,3
B.L,0,21,B.J,0,HK,0,4,1993,11,0
B.L,1,22,B.J,0,HK,0,21,1993,11,1
B.L,0,16,B.J,0,HK,0,8,1994,1,0
B.L,0,22,B.J,0,HK,0,21,1994,1,0
B.L,0,12,B.J,0,HK,0,41,1994,2,0
B.L,0,13,B.J,0,HK,0,160,1994,2,0
B.L,0,16,B.J,0,HK,0,8,1994,2,0
B.L,0,22,B.J,0,HK,0,21,1994,2,0
B.L,0,4,B.J,0,HK,0,165,1994,3,0
B.L,1,12,B.J,1,HK,0,41,1994,3,0
B.L,1,13,B.J,1,HK,0,160,1994,3,0
B.L,0,16,B.J,0,HK,0,8,1994,3,0
B.L,0,21,B.J,0,HK,0,4,1994,3,0
B.L,0,22,B.J,0,HK,0,21,1994,3,0
B.L,0,4,B.J,0,HK,0,165,1994,4,0
B.L,0,12,B.J,0,HK,0,41,1994,4,0
B.L,1,13,B.J,1,HK,0,160,1994,4,0
B.L,0,16,B.J,0,HK,0,8,1994,4,0
B.L,1,17,B.J,1,HK,0,5,1994,4,0
B.L,0,19,B.J,0,HK,0,2,1994,4,0
B.L,0,21,B.J,0,HK,0,4,1994,4,0
B.L,0,22,B.J,0,HK,0,21,1994,4,0
B.L,0,4,B.J,0,HK,0,165,1994,5,0
B.L,0,6,B.J,0,HK,0,1,1994,5,0
B.L,3,11,B.J,2,HK,1,61,1994,5,0
B.L,0,12,B.J,0,HK,0,41,1994,5,0
B.L,1,13,B.J,1,HK,0,160,1994,5,0
B.L,0,16,B.J,0,HK,0,8,1994,5,0
B.L,0,17,B.J,0,HK,0,5,1994,5,0
B.L,0,19,B.J,0,HK,0,2,1994,5,0
B.L,0,21,B.J,0,HK,0,4,1994,5,0
B.L,0,22,B.J,0,HK,0,21,1994,5,0
B.L,2,3,B.J,1,HK,1,157,1994,6,0
B.L,1,4,B.J,1,HK,0,165,1994,6,0
B.L,0,6,B.J,0,HK,0,1,1994,6,0
B.L,0,11,B.J,0,HK,0,61,1994,6,0
B.L,0,12,B.J,0,HK,0,41,1994,6,0
B.L,1,13,B.J,1,HK,0,160,1994,6,0
B.L,0,15,B.J,0,HK,0,123,1994,6,0
B.L,0,16,B.J,0,HK,0,8,1994,6,0
B.L,0,17,B.J,0,HK,0,5,1994,6,0
B.L,0,19,B.J,0,HK,0,2,1994,6,0
B.L,0,21,B.J,0,HK,0,4,1994,6,0
B.L,0,22,B.J,0,HK,0,21,1994,6,0
B.L,0,0,B.J,0,HK,0,7,1994,7,0
B.L,4,3,B.J,1,HK,3,157,1994,7,0
B.L,1,4,B.J,0,HK,1,165,1994,7,0
B.L,0,6,B.J,0,HK,0,1,1994,7,0
B.L,0,9,B.J,0,HK,0,164,1994,7,0
B.L,2,11,B.J,1,HK,0,61,1994,7,1
B.L,1,12,B.J,1,HK,0,41,1994,7,0
B.L,1,13,B.J,0,HK,1,160,1994,7,0
B.L,0,15,B.J,0,HK,0,123,1994,7,0
B.L,1,16,B.J,1,HK,0,8,1994,7,0
B.L,0,17,B.J,0,HK,0,5,1994,7,0
B.L,0,19,B.J,0,HK,0,2,1994,7,0
B.L,0,21,B.J,0,HK,0,4,1994,7,0
B.L,0,22,B.J,0,HK,0,21,1994,7,0
B.L,0,0,B.J,0,HK,0,7,1994,8,0
B.L,4,3,B.J,0,HK,4,157,1994,8,0
B.L,1,4,B.J,1,HK,0,165,1994,8,0
B.L,0,5,B.J,0,HK,0,1,1994,8,0
B.L,0,6,B.J,0,HK,0,1,1994,8,0
B.L,0,7,B.J,0,HK,0,21,1994,8,0
B.L,0,9,B.J,0,HK,0,164,1994,8,0
B.L,1,11,B.J,0,HK,1,61,1994,8,0
B.L,2,12,B.J,2,HK,0,41,1994,8,0
B.L,1,13,B.J,1,HK,0,160,1994,8,0
B.L,0,15,B.J,0,HK,0,123,1994,8,0
B.L,1,16,B.J,1,HK,0,8,1994,8,0
B.L,0,17,B.J,0,HK,0,5,1994,8,0
B.L,0,19,B.J,0,HK,0,2,1994,8,0
B.L,0,21,B.J,0,HK,0,4,1994,8,0
B.L,0,22,B.J,0,HK,0,21,1994,8,0
B.L,0,0,B.J,0,HK,0,7,1994,9,0
B.L,0,1,B.J,0,HK,0,113,1994,9,0
B.L,2,3,B.J,0,HK,2,157,1994,9,0
B.L,2,4,B.J,2,HK,0,165,1994,9,0
B.L,1,5,B.J,0,HK,1,1,1994,9,0
B.L,0,6,B.J,0,HK,0,1,1994,9,0
B.L,0,7,B.J,0,HK,0,21,1994,9,0
B.L,0,9,B.J,0,HK,0,164,1994,9,0
B.L,6,11,B.J,4,HK,1,61,1994,9,1
B.L,2,12,B.J,1,HK,0,41,1994,9,1
B.L,1,13,B.J,1,HK,0,160,1994,9,0
B.L,0,15,B.J,0,HK,0,123,1994,9,0
B.L,1,16,B.J,1,HK,0,8,1994,9,0
B.L,0,17,B.J,0,HK,0,5,1994,9,0
B.L,2,18,B.J,0,HK,1,33,1994,9,1
B.L,0,19,B.J,0,HK,0,2,1994,9,0
B.L,0,21,B.J,0,HK,0,4,1994,9,0
B.L,0,22,B.J,0,HK,0,21,1994,9,0
B.L,1,0,B.J,0,HK,0,7,1994,10,1
B.L,0,1,B.J,0,HK,0,113,1994,10,0
B.L,4,3,B.J,0,HK,4,157,1994,10,0
B.L,4,4,B.J,4,HK,0,165,1994,10,0
B.L,0,5,B.J,0,HK,0,1,1994,10,0
B.L,0,6,B.J,0,HK,0,1,1994,10,0
B.L,0,7,B.J,0,HK,0,21,1994,10,0
B.L,0,9,B.J,0,HK,0,164,1994,10,0
B.L,12,10,B.J,0,HK,9,150,1994,10,3
B.L,9,11,B.J,7,HK,0,61,1994,10,2
B.L,4,12,B.J,3,HK,0,41,1994,10,1
B.L,2,13,B.J,1,HK,0,160,1994,10,1
B.L,0,14,B.J,0,HK,0,60,1994,10,0
B.L,0,15,B.J,0,HK,0,123,1994,10,0
B.L,0,16,B.J,0,HK,0,8,1994,10,0
B.L,1,17,B.J,1,HK,0,5,1994,10,0
B.L,3,18,B.J,0,HK,2,33,1994,10,1
B.L,0,19,B.J,0,HK,0,2,1994,10,0
B.L,0,21,B.J,0,HK,0,4,1994,10,0
B.L,0,22,B.J,0,HK,0,21,1994,10,0
B.L,1,0,B.J,0,HK,0,7,1994,11,1
B.L,1,1,B.J,1,HK,0,113,1994,11,0
B.L,5,2,B.J,5,HK,0,182,1994,11,0
B.L,6,3,B.J,1,HK,5,157,1994,11,0
B.L,4,4,B.J,4,HK,0,165,1994,11,0
B.L,0,5,B.J,0,HK,0,1,1994,11,0
B.L,0,6,B.J,0,HK,0,1,1994,11,0
B.L,0,7,B.J,0,HK,0,21,1994,11,0
B.L,1,8,B.J,1,HK,0,153,1994,11,0
B.L,0,9,B.J,0,HK,0,164,1994,11,0
B.L,13,10,B.J,0,HK,11,150,1994,11,2
B.L,10,11,B.J,7,HK,0,61,1994,11,3
B.L,1,12,B.J,0,HK,0,41,1994,11,1
B.L,3,13,B.J,2,HK,0,160,1994,11,1
B.L,0,14,B.J,0,HK,0,60,1994,11,0
B.L,0,15,B.J,0,HK,0,123,1994,11,0
B.L,1,16,B.J,0,HK,0,8,1994,11,1
B.L,1,17,B.J,0,HK,1,5,1994,11,0
B.L,7,18,B.J,0,HK,3,33,1994,11,4
B.L,1,19,B.J,0,HK,0,2,1994,11,1
B.L,5,20,B.J,1,HK,1,66,1994,11,3
B.L,0,21,B.J,0,HK,0,4,1994,11,0
B.L,1,22,B.J,0,HK,0,21,1994,11,1
B.L,0,9,B.J,0,HK,0,164,1995,1,0
B.L,0,13,B.J,0,HK,0,160,1995,1,0
B.L,0,9,B.J,0,HK,0,164,1995,2,0
B.L,0,13,B.J,0,HK,0,160,1995,2,0
B.L,0,14,B.J,0,HK,0,60,1995,2,0
B.L,0,16,B.J,0,HK,0,8,1995,2,0
B.L,0,5,B.J,0,HK,0,1,1995,3,0
B.L,0,9,B.J,0,HK,0,164,1995,3,0
B.L,1,13,B.J,1,HK,0,160,1995,3,0
B.L,0,14,B.J,0,HK,0,60,1995,3,0
B.L,0,15,B.J,0,HK,0,123,1995,3,0
B.L,0,16,B.J,0,HK,0,8,1995,3,0
B.L,0,1,B.J,0,HK,0,113,1995,4,0
B.L,0,5,B.J,0,HK,0,1,1995,4,0
B.L,0,9,B.J,0,HK,0,164,1995,4,0
B.L,2,12,B.J,1,HK,1,41,1995,4,0
B.L,1,13,B.J,0,HK,1,160,1995,4,0
B.L,0,14,B.J,0,HK,0,60,1995,4,0
B.L,0,15,B.J,0,HK,0,123,1995,4,0
B.L,0,16,B.J,0,HK,0,8,1995,4,0
B.L,0,1,B.J,0,HK,0,113,1995,5,0
B.L,0,5,B.J,0,HK,0,1,1995,5,0
B.L,0,8,B.J,0,HK,0,153,1995,5,0
B.L,0,9,B.J,0,HK,0,164,1995,5,0
B.L,0,12,B.J,0,HK,0,41,1995,5,0
B.L,1,13,B.J,1,HK,0,160,1995,5,0
B.L,1,14,B.J,0,HK,1,60,1995,5,0
B.L,0,15,B.J,0,HK,0,123,1995,5,0
B.L,1,16,B.J,0,HK,1,8,1995,5,0
B.L,0,22,B.J,0,HK,0,21,1995,5,0
B.L,0,1,B.J,0,HK,0,113,1995,6,0
B.L,0,5,B.J,0,HK,0,1,1995,6,0
B.L,2,8,B.J,1,HK,1,153,1995,6,0
B.L,0,9,B.J,0,HK,0,164,1995,6,0
B.L,0,12,B.J,0,HK,0,41,1995,6,0
B.L,0,13,B.J,0,HK,0,160,1995,6,0
B.L,0,14,B.J,0,HK,0,60,1995,6,0
B.L,0,15,B.J,0,HK,0,123,1995,6,0
B.L,0,16,B.J,0,HK,0,8,1995,6,0
B.L,2,17,B.J,1,HK,1,5,1995,6,0
B.L,0,19,B.J,0,HK,0,2,1995,6,0
B.L,0,22,B.J,0,HK,0,21,1995,6,0
B.L,0,1,B.J,0,HK,0,113,1995,7,0
B.L,0,5,B.J,0,HK,0,1,1995,7,0
B.L,0,6,B.J,0,HK,0,1,1995,7,0
B.L,2,8,B.J,2,HK,0,153,1995,7,0
B.L,0,9,B.J,0,HK,0,164,1995,7,0
B.L,0,12,B.J,0,HK,0,41,1995,7,0
B.L,0,13,B.J,0,HK,0,160,1995,7,0
B.L,0,14,B.J,0,HK,0,60,1995,7,0
B.L,0,15,B.J,0,HK,0,123,1995,7,0
B.L,1,16,B.J,0,HK,1,8,1995,7,0
B.L,0,17,B.J,0,HK,0,5,1995,7,0
B.L,3,18,B.J,0,HK,0,33,1995,7,3
B.L,1,19,B.J,0,HK,0,2,1995,7,1
B.L,0,22,B.J,0,HK,0,21,1995,7,0
B.L,1,0,B.J,0,HK,1,7,1995,8,0
B.L,0,1,B.J,0,HK,0,113,1995,8,0
B.L,0,5,B.J,0,HK,0,1,1995,8,0
B.L,0,6,B.J,0,HK,0,1,1995,8,0
B.L,1,8,B.J,1,HK,0,153,1995,8,0
B.L,0,9,B.J,0,HK,0,164,1995,8,0
B.L,0,12,B.J,0,HK,0,41,1995,8,0
B.L,0,13,B.J,0,HK,0,160,1995,8,0
B.L,0,14,B.J,0,HK,0,60,1995,8,0
B.L,0,15,B.J,0,HK,0,123,1995,8,0
B.L,1,16,B.J,0,HK,0,8,1995,8,1
B.L,1,17,B.J,1,HK,0,5,1995,8,0
B.L,2,18,B.J,1,HK,0,33,1995,8,1
B.L,1,19,B.J,0,HK,0,2,1995,8,1
B.L,4,20,B.J,1,HK,0,66,1995,8,3
B.L,0,22,B.J,0,HK,0,21,1995,8,0
B.L,0,0,B.J,0,HK,0,7,1995,9,0
B.L,0,1,B.J,0,HK,0,113,1995,9,0
B.L,1,3,B.J,0,HK,1,157,1995,9,0
B.L,0,5,B.J,0,HK,0,1,1995,9,0
B.L,0,6,B.J,0,HK,0,1,1995,9,0
B.L,1,8,B.J,1,HK,0,153,1995,9,0
B.L,0,9,B.J,0,HK,0,164,1995,9,0
B.L,2,11,B.J,1,HK,0,61,1995,9,1
B.L,1,12,B.J,0,HK,0,41,1995,9,1
B.L,2,13,B.J,2,HK,0,160,1995,9,0
B.L,0,14,B.J,0,HK,0,60,1995,9,0
B.L,0,15,B.J,0,HK,0,123,1995,9,0
B.L,0,16,B.J,0,HK,0,8,1995,9,0
B.L,0,17,B.J,0,HK,0,5,1995,9,0
B.L,3,18,B.J,0,HK,1,33,1995,9,2
B.L,1,19,B.J,0,HK,0,2,1995,9,1
B.L,5,20,B.J,0,HK,0,66,1995,9,5
B.L,0,22,B.J,0,HK,0,21,1995,9,0
B.L,1,0,B.J,0,HK,0,7,1995,10,1
B.L,0,1,B.J,0,HK,0,113,1995,10,0
B.L,0,2,B.J,0,HK,0,182,1995,10,0
B.L,1,3,B.J,0,HK,1,157,1995,10,0
B.L,0,5,B.J,0,HK,0,1,1995,10,0
B.L,0,6,B.J,0,HK,0,1,1995,10,0
B.L,1,8,B.J,1,HK,0,153,1995,10,0
B.L,0,9,B.J,0,HK,0,164,1995,10,0
B.L,3,11,B.J,1,HK,1,61,1995,10,1
B.L,2,12,B.J,1,HK,0,41,1995,10,1
B.L,2,13,B.J,2,HK,0,160,1995,10,0
B.L,0,14,B.J,0,HK,0,60,1995,10,0
B.L,0,15,B.J,0,HK,0,123,1995,10,0
B.L,0,16,B.J,0,HK,0,8,1995,10,0
B.L,2,17,B.J,1,HK,1,5,1995,10,0
B.L,5,18,B.J,0,HK,2,33,1995,10,3
B.L,0,19,B.J,0,HK,0,2,1995,10,0
B.L,6,20,B.J,0,HK,1,66,1995,10,5
B.L,0,21,B.J,0,HK,0,4,1995,10,0
B.L,1,22,B.J,0,HK,1,21,1995,10,0
B.L,1,0,B.J,0,HK,0,7,1995,11,1
B.L,0,1,B.J,0,HK,0,113,1995,11,0
B.L,5,2,B.J,5,HK,0,182,1995,11,0
B.L,8,3,B.J,2,HK,6,157,1995,11,0
B.L,1,4,B.J,1,HK,0,165,1995,11,0
B.L,0,5,B.J,0,HK,0,1,1995,11,0
B.L,0,6,B.J,0,HK,0,1,1995,11,0
B.L,0,7,B.J,0,HK,0,21,1995,11,0
B.L,1,8,B.J,1,HK,0,153,1995,11,0
B.L,0,9,B.J,0,HK,0,164,1995,11,0
B.L,10,10,B.J,0,HK,8,150,1995,11,2
B.L,11,11,B.J,7,HK,0,61,1995,11,4
B.L,4,12,B.J,3,HK,0,41,1995,11,1
B.L,3,13,B.J,3,HK,0,160,1995,11,0
B.L,1,14,B.J,1,HK,0,60,1995,11,0
B.L,0,15,B.J,0,HK,0,123,1995,11,0
B.L,0,16,B.J,0,HK,0,8,1995,11,0
B.L,2,17,B.J,1,HK,1,5,1995,11,0
B.L,8,18,B.J,0,HK,4,33,1995,11,4
B.L,0,19,B.J,0,HK,0,2,1995,11,0
B.L,9,20,B.J,1,HK,0,66,1995,11,8
B.L,0,21,B.J,0,HK,0,4,1995,11,0
B.L,1,22,B.J,0,HK,1,21,1995,11,0
B.R,0,0,B.J,0,HK,0,7,1993,1,0
B.R,0,4,B.J,0,HK,0,165,1993,1,0
B.R,0,0,B.J,0,HK,0,7,1993,2,0
B.R,0,4,B.J,0,HK,0,165,1993,2,0
B.R,0,8,B.J,0,HK,0,153,1993,2,0
B.R,0,12,B.J,0,HK,0,41,1993,2,0
B.R,0,0,B.J,0,HK,0,7,1993,3,0
B.R,0,2,B.J,0,HK,0,182,1993,3,0
B.R,0,4,B.J,0,HK,0,165,1993,3,0
B.R,0,8,B.J,0,HK,0,153,1993,3,0
B.R,0,11,B.J,0,HK,0,61,1993,3,0
B.R,0,12,B.J,0,HK,0,41,1993,3,0
B.R,0,0,B.J,0,HK,0,7,1993,4,0
B.R,0,2,B.J,0,HK,0,182,1993,4,0
B.R,0,3,B.J,0,HK,0,157,1993,4,0
B.R,0,4,B.J,0,HK,0,165,1993,4,0
B.R,0,8,B.J,0,HK,0,153,1993,4,0
B.R,0,11,B.J,0,HK,0,61,1993,4,0
B.R,0,12,B.J,0,HK,0,41,1993,4,0
B.R,0,17,B.J,0,HK,0,5,1993,4,0
B.R,0,0,B.J,0,HK,0,7,1993,5,0
B.R,0,2,B.J,0,HK,0,182,1993,5,0
B.R,0,3,B.J,0,HK,0,157,1993,5,0
B.R,0,4,B.J,0,HK,0,165,1993,5,0
B.R,0,8,B.J,0,HK,0,153,1993,5,0
B.R,0,11,B.J,0,HK,0,61,1993,5,0
B.R,0,12,B.J,0,HK,0,41,1993,5,0
B.R,0,16,B.J,0,HK,0,8,1993,5,0
B.R,0,17,B.J,0,HK,0,5,1993,5,0
B.R,0,21,B.J,0,HK,0,4,1993,5,0
B.R,0,0,B.J,0,HK,0,7,1993,6,0
B.R,0,2,B.J,0,HK,0,182,1993,6,0
B.R,0,3,B.J,0,HK,0,157,1993,6,0
B.R,0,4,B.J,0,HK,0,165,1993,6,0
B.R,0,8,B.J,0,HK,0,153,1993,6,0
B.R,0,11,B.J,0,HK,0,61,1993,6,0
B.R,0,12,B.J,0,HK,0,41,1993,6,0
B.R,0,13,B.J,0,HK,0,160,1993,6,0
B.R,0,16,B.J,0,HK,0,8,1993,6,0
B.R,0,17,B.J,0,HK,0,5,1993,6,0
B.R,0,21,B.J,0,HK,0,4,1993,6,0
B.R,0,22,B.J,0,HK,0,21,1993,6,0
B.R,0,0,B.J,0,HK,0,7,1993,7,0
B.R,0,2,B.J,0,HK,0,182,1993,7,0
B.R,0,3,B.J,0,HK,0,157,1993,7,0
B.R,0,4,B.J,0,HK,0,165,1993,7,0
B.R,0,8,B.J,0,HK,0,153,1993,7,0
B.R,0,11,B.J,0,HK,0,61,1993,7,0
B.R,0,12,B.J,0,HK,0,41,1993,7,0
B.R,0,13,B.J,0,HK,0,160,1993,7,0
B.R,0,14,B.J,0,HK,0,60,1993,7,0
B.R,0,16,B.J,0,HK,0,8,1993,7,0
B.R,0,17,B.J,0,HK,0,5,1993,7,0
B.R,0,18,B.J,0,HK,0,33,1993,7,0
B.R,0,21,B.J,0,HK,0,4,1993,7,0
B.R,0,22,B.J,0,HK,0,21,1993,7,0
B.R,0,0,B.J,0,HK,0,7,1993,8,0
B.R,0,2,B.J,0,HK,0,182,1993,8,0
B.R,0,3,B.J,0,HK,0,157,1993,8,0
B.R,0,4,B.J,0,HK,0,165,1993,8,0
B.R,1,8,B.J,0,HK,1,153,1993,8,0
B.R,0,9,B.J,0,HK,0,164,1993,8,0
B.R,1,11,B.J,0,HK,1,61,1993,8,0
B.R,0,12,B.J,0,HK,0,41,1993,8,0
B.R,0,13,B.J,0,HK,0,160,1993,8,0
B.R,0,14,B.J,0,HK,0,60,1993,8,0
B.R,0,16,B.J,0,HK,0,8,1993,8,0
B.R,0,17,B.J,0,HK,0,5,1993,8,0
B.R,0,18,B.J,0,HK,0,33,1993,8,0
B.R,0,19,B.J,0,HK,0,2,1993,8,0
B.R,0,21,B.J,0,HK,0,4,1993,8,0
B.R,0,22,B.J,0,HK,0,21,1993,8,0
B.R,0,0,B.J,0,HK,0,7,1993,9,0
B.R,0,2,B.J,0,HK,0,182,1993,9,0
B.R,0,3,B.J,0,HK,0,157,1993,9,0
B.R,0,4,B.J,0,HK,0,165,1993,9,0
B.R,0,6,B.J,0,HK,0,1,1993,9,0
B.R,0,8,B.J,0,HK,0,153,1993,9,0
B.R,0,9,B.J,0,HK,0,164,1993,9,0
B.R,0,11,B.J,0,HK,0,61,1993,9,0
B.R,0,12,B.J,0,HK,0,41,1993,9,0
B.R,0,13,B.J,0,HK,0,160,1993,9,0
B.R,0,14,B.J,0,HK,0,60,1993,9,0
B.R,0,15,B.J,0,HK,0,123,1993,9,0
B.R,0,16,B.J,0,HK,0,8,1993,9,0
B.R,0,17,B.J,0,HK,0,5,1993,9,0
B.R,0,18,B.J,0,HK,0,33,1993,9,0
B.R,0,19,B.J,0,HK,0,2,1993,9,0
B.R,0,21,B.J,0,HK,0,4,1993,9,0
B.R,0,22,B.J,0,HK,0,21,1993,9,0
B.R,0,0,B.J,0,HK,0,7,1993,10,0
B.R,0,2,B.J,0,HK,0,182,1993,10,0
B.R,0,3,B.J,0,HK,0,157,1993,10,0
B.R,0,4,B.J,0,HK,0,165,1993,10,0
B.R,0,5,B.J,0,HK,0,1,1993,10,0
B.R,0,6,B.J,0,HK,0,1,1993,10,0
B.R,0,8,B.J,0,HK,0,153,1993,10,0
B.R,0,9,B.J,0,HK,0,164,1993,10,0
B.R,1,11,B.J,0,HK,1,61,1993,10,0
B.R,0,12,B.J,0,HK,0,41,1993,10,0
B.R,0,13,B.J,0,HK,0,160,1993,10,0
B.R,0,14,B.J,0,HK,0,60,1993,10,0
B.R,0,15,B.J,0,HK,0,123,1993,10,0
B.R,0,16,B.J,0,HK,0,8,1993,10,0
B.R,0,17,B.J,0,HK,0,5,1993,10,0
B.R,0,18,B.J,0,HK,0,33,1993,10,0
B.R,0,19,B.J,0,HK,0,2,1993,10,0
B.R,0,20,B.J,0,HK,0,66,1993,10,0
B.R,0,21,B.J,0,HK,0,4,1993,10,0
B.R,0,22,B.J,0,HK,0,21,1993,10,0
B.R,0,0,B.J,0,HK,0,7,1993,11,0
B.R,0,1,B.J,0,HK,0,113,1993,11,0
B.R,0,2,B.J,0,HK,0,182,1993,11,0
B.R,0,3,B.J,0,HK,0,157,1993,11,0
B.R,0,4,B.J,0,HK,0,165,1993,11,0
B.R,0,5,B.J,0,HK,0,1,1993,11,0
B.R,0,6,B.J,0,HK,0,1,1993,11,0
B.R,0,7,B.J,0,HK,0,21,1993,11,0
B.R,0,8,B.J,0,HK,0,153,1993,11,0
B.R,0,9,B.J,0,HK,0,164,1993,11,0
B.R,0,10,B.J,0,HK,0,150,1993,11,0
B.R,1,11,B.J,0,HK,1,61,1993,11,0
B.R,0,12,B.J,0,HK,0,41,1993,11,0
B.R,0,13,B.J,0,HK,0,160,1993,11,0
B.R,0,14,B.J,0,HK,0,60,1993,11,0
B.R,0,15,B.J,0,HK,0,123,1993,11,0
B.R,0,16,B.J,0,HK,0,8,1993,11,0
B.R,0,17,B.J,0,HK,0,5,1993,11,0
B.R,0,18,B.J,0,HK,0,33,1993,11,0
B.R,1,19,B.J,0,HK,0,2,1993,11,1
B.R,0,20,B.J,0,HK,0,66,1993,11,0
B.R,0,21,B.J,0,HK,0,4,1993,11,0
B.R,0,22,B.J,0,HK,0,21,1993,11,0
B.R,0,16,B.J,0,HK,0,8,1994,1,0
B.R,0,22,B.J,0,HK,0,21,1994,1,0
B.R,0,12,B.J,0,HK,0,41,1994,2,0
B.R,0,13,B.J,0,HK,0,160,1994,2,0
B.R,0,16,B.J,0,HK,0,8,1994,2,0
B.R,0,22,B.J,0,HK,0,21,1994,2,0
B.R,0,4,B.J,0,HK,0,165,1994,3,0
B.R,0,12,B.J,0,HK,0,41,1994,3,0
B.R,0,13,B.J,0,HK,0,160,1994,3,0
B.R,0,16,B.J,0,HK,0,8,1994,3,0
B.R,0,21,B.J,0,HK,0,4,1994,3,0
B.R,0,22,B.J,0,HK,0,21,1994,3,0
B.R,0,4,B.J,0,HK,0,165,1994,4,0
B.R,0,12,B.J,0,HK,0,41,1994,4,0
B.R,0,13,B.J,0,HK,0,160,1994,4,0
B.R,0,16,B.J,0,HK,0,8,1994,4,0
B.R,0,17,B.J,0,HK,0,5,1994,4,0
B.R,0,19,B.J,0,HK,0,2,1994,4,0
B.R,0,21,B.J,0,HK,0,4,1994,4,0
B.R,0,22,B.J,0,HK,0,21,1994,4,0
B.R,0,4,B.J,0,HK,0,165,1994,5,0
B.R,0,6,B.J,0,HK,0,1,1994,5,0
B.R,0,11,B.J,0,HK,0,61,1994,5,0
B.R,0,12,B.J,0,HK,0,41,1994,5,0
B.R,0,13,B.J,0,HK,0,160,1994,5,0
B.R,0,16,B.J,0,HK,0,8,1994,5,0
B.R,0,17,B.J,0,HK,0,5,1994,5,0
B.R,0,19,B.J,0,HK,0,2,1994,5,0
B.R,0,21,B.J,0,HK,0,4,1994,5,0
B.R,0,22,B.J,0,HK,0,21,1994,5,0
B.R,0,3,B.J,0,HK,0,157,1994,6,0
B.R,0,4,B.J,0,HK,0,165,1994,6,0
B.R,0,6,B.J,0,HK,0,1,1994,6,0
B.R,0,11,B.J,0,HK,0,61,1994,6,0
B.R,0,12,B.J,0,HK,0,41,1994,6,0
B.R,0,13,B.J,0,HK,0,160,1994,6,0
B.R,0,15,B.J,0,HK,0,123,1994,6,0
B.R,0,16,B.J,0,HK,0,8,1994,6,0
B.R,0,17,B.J,0,HK,0,5,1994,6,0
B.R,0,19,B.J,0,HK,0,2,1994,6,0
B.R,0,21,B.J,0,HK,0,4,1994,6,0
B.R,0,22,B.J,0,HK,0,21,1994,6,0
B.R,0,0,B.J,0,HK,0,7,1994,7,0
B.R,0,3,B.J,0,HK,0,157,1994,7,0
B.R,0,4,B.J,0,HK,0,165,1994,7,0
B.R,0,6,B.J,0,HK,0,1,1994,7,0
B.R,0,9,B.J,0,HK,0,164,1994,7,0
B.R,0,11,B.J,0,HK,0,61,1994,7,0
B.R,0,12,B.J,0,HK,0,41,1994,7,0
B.R,0,13,B.J,0,HK,0,160,1994,7,0
B.R,0,15,B.J,0,HK,0,123,1994,7,0
B.R,0,16,B.J,0,HK,0,8,1994,7,0
B.R,0,17,B.J,0,HK,0,5,1994,7,0
B.R,0,19,B.J,0,HK,0,2,1994,7,0
B.R,0,21,B.J,0,HK,0,4,1994,7,0
B.R,0,22,B.J,0,HK,0,21,1994,7,0
B.R,0,0,B.J,0,HK,0,7,1994,8,0
B.R,0,3,B.J,0,HK,0,157,1994,8,0
B.R,0,4,B.J,0,HK,0,165,1994,8,0
B.R,0,5,B.J,0,HK,0,1,1994,8,0
B.R,0,6,B.J,0,HK,0,1,1994,8,0
B.R,0,7,B.J,0,HK,0,21,1994,8,0
B.R,0,9,B.J,0,HK,0,164,1994,8,0
B.R,1,11,B.J,0,HK,1,61,1994,8,0
B.R,0,12,B.J,0,HK,0,41,1994,8,0
B.R,0,13,B.J,0,HK,0,160,1994,8,0
B.R,0,15,B.J,0,HK,0,123,1994,8,0
B.R,0,16,B.J,0,HK,0,8,1994,8,0
B.R,0,17,B.J,0,HK,0,5,1994,8,0
B.R,0,19,B.J,0,HK,0,2,1994,8,0
B.R,0,21,B.J,0,HK,0,4,1994,8,0
B.R,0,22,B.J,0,HK,0,21,1994,8,0
B.R,0,0,B.J,0,HK,0,7,1994,9,0
B.R,0,1,B.J,0,HK,0,113,1994,9,0
B.R,0,3,B.J,0,HK,0,157,1994,9,0
B.R,0,4,B.J,0,HK,0,165,1994,9,0
B.R,0,5,B.J,0,HK,0,1,1994,9,0
B.R,0,6,B.J,0,HK,0,1,1994,9,0
B.R,0,7,B.J,0,HK,0,21,1994,9,0
B.R,0,9,B.J,0,HK,0,164,1994,9,0
B.R,0,11,B.J,0,HK,0,61,1994,9,0
B.R,0,12,B.J,0,HK,0,41,1994,9,0
B.R,0,13,B.J,0,HK,0,160,1994,9,0
B.R,0,15,B.J,0,HK,0,123,1994,9,0
B.R,0,16,B.J,0,HK,0,8,1994,9,0
B.R,0,17,B.J,0,HK,0,5,1994,9,0
B.R,0,18,B.J,0,HK,0,33,1994,9,0
B.R,0,19,B.J,0,HK,0,2,1994,9,0
B.R,0,21,B.J,0,HK,0,4,1994,9,0
B.R,0,22,B.J,0,HK,0,21,1994,9,0
B.R,0,0,B.J,0,HK,0,7,1994,10,0
B.R,0,1,B.J,0,HK,0,113,1994,10,0
B.R,0,3,B.J,0,HK,0,157,1994,10,0
B.R,0,4,B.J,0,HK,0,165,1994,10,0
B.R,0,5,B.J,0,HK,0,1,1994,10,0
B.R,0,6,B.J,0,HK,0,1,1994,10,0
B.R,0,7,B.J,0,HK,0,21,1994,10,0
B.R,0,9,B.J,0,HK,0,164,1994,10,0
B.R,0,10,B.J,0,HK,0,150,1994,10,0
B.R,0,11,B.J,0,HK,0,61,1994,10,0
B.R,0,12,B.J,0,HK,0,41,1994,10,0
B.R,0,13,B.J,0,HK,0,160,1994,10,0
B.R,0,14,B.J,0,HK,0,60,1994,10,0
B.R,0,15,B.J,0,HK,0,123,1994,10,0
B.R,0,16,B.J,0,HK,0,8,1994,10,0
B.R,0,17,B.J,0,HK,0,5,1994,10,0
B.R,0,18,B.J,0,HK,0,33,1994,10,0
B.R,0,19,B.J,0,HK,0,2,1994,10,0
B.R,0,21,B.J,0,HK,0,4,1994,10,0
B.R,0,22,B.J,0,HK,0,21,1994,10,0
B.R,0,0,B.J,0,HK,0,7,1994,11,0
B.R,0,1,B.J,0,HK,0,113,1994,11,0
B.R,0,2,B.J,0,HK,0,182,1994,11,0
B.R,0,3,B.J,0,HK,0,157,1994,11,0
B.R,0,4,B.J,0,HK,0,165,1994,11,0
B.R,0,5,B.J,0,HK,0,1,1994,11,0
B.R,0,6,B.J,0,HK,0,1,1994,11,0
B.R,0,7,B.J,0,HK,0,21,1994,11,0
B.R,0,8,B.J,0,HK,0,153,1994,11,0
B.R,0,9,B.J,0,HK,0,164,1994,11,0
B.R,0,10,B.J,0,HK,0,150,1994,11,0
B.R,0,11,B.J,0,HK,0,61,1994,11,0
B.R,0,12,B.J,0,HK,0,41,1994,11,0
B.R,0,13,B.J,0,HK,0,160,1994,11,0
B.R,0,14,B.J,0,HK,0,60,1994,11,0
B.R,0,15,B.J,0,HK,0,123,1994,11,0
B.R,0,16,B.J,0,HK,0,8,1994,11,0
B.R,0,17,B.J,0,HK,0,5,1994,11,0
B.R,0,18,B.J,0,HK,0,33,1994,11,0
B.R,0,19,B.J,0,HK,0,2,1994,11,0
B.R,0,20,B.J,0,HK,0,66,1994,11,0
B.R,0,21,B.J,0,HK,0,4,1994,11,0
B.R,0,22,B.J,0,HK,0,21,1994,11,0
B.R,0,9,B.J,0,HK,0,164,1995,1,0
B.R,0,13,B.J,0,HK,0,160,1995,1,0
B.R,0,9,B.J,0,HK,0,164,1995,2,0
B.R,0,13,B.J,0,HK,0,160,1995,2,0
B.R,0,14,B.J,0,HK,0,60,1995,2,0
B.R,0,16,B.J,0,HK,0,8,1995,2,0
B.R,0,5,B.J,0,HK,0,1,1995,3,0
B.R,0,9,B.J,0,HK,0,164,1995,3,0
B.R,0,13,B.J,0,HK,0,160,1995,3,0
B.R,0,14,B.J,0,HK,0,60,1995,3,0
B.R,0,15,B.J,0,HK,0,123,1995,3,0
B.R,0,16,B.J,0,HK,0,8,1995,3,0
B.R,0,1,B.J,0,HK,0,113,1995,4,0
B.R,0,5,B.J,0,HK,0,1,1995,4,0
B.R,0,9,B.J,0,HK,0,164,1995,4,0
B.R,0,12,B.J,0,HK,0,41,1995,4,0
B.R,0,13,B.J,0,HK,0,160,1995,4,0
B.R,0,14,B.J,0,HK,0,60,1995,4,0
B.R,0,15,B.J,0,HK,0,123,1995,4,0
B.R,0,16,B.J,0,HK,0,8,1995,4,0
B.R,0,1,B.J,0,HK,0,113,1995,5,0
B.R,0,5,B.J,0,HK,0,1,1995,5,0
B.R,0,8,B.J,0,HK,0,153,1995,5,0
B.R,0,9,B.J,0,HK,0,164,1995,5,0
B.R,0,12,B.J,0,HK,0,41,1995,5,0
B.R,0,13,B.J,0,HK,0,160,1995,5,0
B.R,0,14,B.J,0,HK,0,60,1995,5,0
B.R,0,15,B.J,0,HK,0,123,1995,5,0
B.R,0,16,B.J,0,HK,0,8,1995,5,0
B.R,0,22,B.J,0,HK,0,21,1995,5,0
B.R,0,1,B.J,0,HK,0,113,1995,6,0
B.R,0,5,B.J,0,HK,0,1,1995,6,0
B.R,0,8,B.J,0,HK,0,153,1995,6,0
B.R,0,9,B.J,0,HK,0,164,1995,6,0
B.R,0,12,B.J,0,HK,0,41,1995,6,0
B.R,0,13,B.J,0,HK,0,160,1995,6,0
B.R,0,14,B.J,0,HK,0,60,1995,6,0
B.R,0,15,B.J,0,HK,0,123,1995,6,0
B.R,0,16,B.J,0,HK,0,8,1995,6,0
B.R,0,17,B.J,0,HK,0,5,1995,6,0
B.R,0,19,B.J,0,HK,0,2,1995,6,0
B.R,0,22,B.J,0,HK,0,21,1995,6,0
B.R,0,1,B.J,0,HK,0,113,1995,7,0
B.R,0,5,B.J,0,HK,0,1,1995,7,0
B.R,0,6,B.J,0,HK,0,1,1995,7,0
B.R,0,8,B.J,0,HK,0,153,1995,7,0
B.R,0,9,B.J,0,HK,0,164,1995,7,0
B.R,0,12,B.J,0,HK,0,41,1995,7,0
B.R,0,13,B.J,0,HK,0,160,1995,7,0
B.R,0,14,B.J,0,HK,0,60,1995,7,0
B.R,0,15,B.J,0,HK,0,123,1995,7,0
B.R,0,16,B.J,0,HK,0,8,1995,7,0
B.R,0,17,B.J,0,HK,0,5,1995,7,0
B.R,0,18,B.J,0,HK,0,33,1995,7,0
B.R,0,19,B.J,0,HK,0,2,1995,7,0
B.R,0,22,B.J,0,HK,0,21,1995,7,0
B.R,0,0,B.J,0,HK,0,7,1995,8,0
B.R,0,1,B.J,0,HK,0,113,1995,8,0
B.R,0,5,B.J,0,HK,0,1,1995,8,0
B.R,0,6,B.J,0,HK,0,1,1995,8,0
B.R,0,8,B.J,0,HK,0,153,1995,8,0
B.R,0,9,B.J,0,HK,0,164,1995,8,0
B.R,0,12,B.J,0,HK,0,41,1995,8,0
B.R,0,13,B.J,0,HK,0,160,1995,8,0
B.R,0,14,B.J,0,HK,0,60,1995,8,0
B.R,0,15,B.J,0,HK,0,123,1995,8,0
B.R,0,16,B.J,0,HK,0,8,1995,8,0
B.R,0,17,B.J,0,HK,0,5,1995,8,0
B.R,0,18,B.J,0,HK,0,33,1995,8,0
B.R,0,19,B.J,0,HK,0,2,1995,8,0
B.R,1,20,B.J,1,HK,0,66,1995,8,0
B.R,0,22,B.J,0,HK,0,21,1995,8,0
B.R,0,0,B.J,0,HK,0,7,1995,9,0
B.R,0,1,B.J,0,HK,0,113,1995,9,0
B.R,0,3,B.J,0,HK,0,157,1995,9,0
B.R,0,5,B.J,0,HK,0,1,1995,9,0
B.R,0,6,B.J,0,HK,0,1,1995,9,0
B.R,0,8,B.J,0,HK,0,153,1995,9,0
B.R,0,9,B.J,0,HK,0,164,1995,9,0
B.R,0,11,B.J,0,HK,0,61,1995,9,0
B.R,0,12,B.J,0,HK,0,41,1995,9,0
B.R,0,13,B.J,0,HK,0,160,1995,9,0
B.R,0,14,B.J,0,HK,0,60,1995,9,0
B.R,0,15,B.J,0,HK,0,123,1995,9,0
B.R,0,16,B.J,0,HK,0,8,1995,9,0
B.R,0,17,B.J,0,HK,0,5,1995,9,0
B.R,0,18,B.J,0,HK,0,33,1995,9,0
B.R,0,19,B.J,0,HK,0,2,1995,9,0
B.R,0,20,B.J,0,HK,0,66,1995,9,0
B.R,0,22,B.J,0,HK,0,21,1995,9,0
B.R,0,0,B.J,0,HK,0,7,1995,10,0
B.R,0,1,B.J,0,HK,0,113,1995,10,0
B.R,0,2,B.J,0,HK,0,182,1995,10,0
B.R,0,3,B.J,0,HK,0,157,1995,10,0
B.R,0,5,B.J,0,HK,0,1,1995,10,0
B.R,0,6,B.J,0,HK,0,1,1995,10,0
B.R,0,8,B.J,0,HK,0,153,1995,10,0
B.R,0,9,B.J,0,HK,0,164,1995,10,0
B.R,0,11,B.J,0,HK,0,61,1995,10,0
B.R,0,12,B.J,0,HK,0,41,1995,10,0
B.R,0,13,B.J,0,HK,0,160,1995,10,0
B.R,0,14,B.J,0,HK,0,60,1995,10,0
B.R,0,15,B.J,0,HK,0,123,1995,10,0
B.R,0,16,B.J,0,HK,0,8,1995,10,0
B.R,0,17,B.J,0,HK,0,5,1995,10,0
B.R,0,18,B.J,0,HK,0,33,1995,10,0
B.R,0,19,B.J,0,HK,0,2,1995,10,0
B.R,0,20,B.J,0,HK,0,66,1995,10,0
B.R,0,21,B.J,0,HK,0,4,1995,10,0
B.R,0,22,B.J,0,HK,0,21,1995,10,0
B.R,0,0,B.J,0,HK,0,7,1995,11,0
B.R,0,1,B.J,0,HK,0,113,1995,11,0
B.R,0,2,B.J,0,HK,0,182,1995,11,0
B.R,0,3,B.J,0,HK,0,157,1995,11,0
B.R,0,4,B.J,0,HK,0,165,1995,11,0
B.R,0,5,B.J,0,HK,0,1,1995,11,0
B.R,0,6,B.J,0,HK,0,1,1995,11,0
B.R,0,7,B.J,0,HK,0,21,1995,11,0
B.R,0,8,B.J,0,HK,0,153,1995,11,0
B.R,0,9,B.J,0,HK,0,164,1995,11,0
B.R,0,10,B.J,0,HK,0,150,1995,11,0
B.R,0,11,B.J,0,HK,0,61,1995,11,0
B.R,0,12,B.J,0,HK,0,41,1995,11,0
B.R,0,13,B.J,0,HK,0,160,1995,11,0
B.R,0,14,B.J,0,HK,0,60,1995,11,0
B.R,0,15,B.J,0,HK,0,123,1995,11,0
B.R,0,16,B.J,0,HK,0,8,1995,11,0
B.R,0,17,B.J,0,HK,0,5,1995,11,0
B.R,0,18,B.J,0,HK,0,33,1995,11,0
B.R,0,19,B.J,0,HK,0,2,1995,11,0
B.R,0,20,B.J,0,HK,0,66,1995,11,0
B.R,0,21,B.J,0,HK,0,4,1995,11,0
B.R,0,22,B.J,0,HK,0,21,1995,11,0
B.J1,0,0,F2,0,HK,0,7,1993,1,0
B.J1,0,4,F2,0,HK,0,165,1993,1,0
B.J1,0,0,F2,0,HK,0,7,1993,2,0
B.J1,0,4,F2,0,HK,0,165,1993,2,0
B.J1,0,8,F2,0,HK,0,153,1993,2,0
B.J1,2,12,F2,2,HK,0,41,1993,2,0
B.J1,1,0,F2,1,HK,0,7,1993,3,0
B.J1,0,2,F2,0,HK,0,182,1993,3,0
B.J1,0,4,F2,0,HK,0,165,1993,3,0
B.J1,0,8,F2,0,HK,0,153,1993,3,0
B.J1,10,11,F2,5,HK,2,61,1993,3,3
B.J1,2,12,F2,2,HK,0,41,1993,3,0
B.J1,1,0,F2,1,HK,0,7,1993,4,0
B.J1,0,2,F2,0,HK,0,182,1993,4,0
B.J1,15,3,F2,11,HK,4,157,1993,4,0
B.J1,14,4,F2,7,HK,5,165,1993,4,2
B.J1,4,8,F2,2,HK,2,153,1993,4,0
B.J1,9,11,F2,4,HK,2,61,1993,4,3
B.J1,3,12,F2,3,HK,0,41,1993,4,0
B.J1,0,17,F2,0,HK,0,5,1993,4,0
B.J1,2,0,F2,0,HK,1,7,1993,5,1
B.J1,0,2,F2,0,HK,0,182,1993,5,0
B.J1,15,3,F2,11,HK,4,157,1993,5,0
B.J1,10,4,F2,5,HK,3,165,1993,5,2
B.J1,3,8,F2,2,HK,1,153,1993,5,0
B.J1,12,11,F2,4,HK,4,61,1993,5,4
B.J1,5,12,F2,3,HK,1,41,1993,5,1
B.J1,1,16,F2,0,HK,1,8,1993,5,0
B.J1,1,17,F2,1,HK,0,5,1993,5,0
B.J1,0,21,F2,0,HK,0,4,1993,5,0
B.J1,2,0,F2,0,HK,1,7,1993,6,1
B.J1,0,2,F2,0,HK,0,182,1993,6,0
B.J1,13,3,F2,10,HK,3,157,1993,6,0
B.J1,9,4,F2,6,HK,2,165,1993,6,1
B.J1,1,8,F2,1,HK,0,153,1993,6,0
B.J1,10,11,F2,3,HK,3,61,1993,6,4
B.J1,5,12,F2,2,HK,1,41,1993,6,2
B.J1,5,13,F2,4,HK,0,160,1993,6,1
B.J1,1,16,F2,0,HK,1,8,1993,6,0
B.J1,1,17,F2,1,HK,0,5,1993,6,0
B.J1,0,21,F2,0,HK,0,4,1993,6,0
B.J1,2,22,F2,0,HK,2,21,1993,6,0
B.J1,2,0,F2,0,HK,1,7,1993,7,1
B.J1,0,2,F2,0,HK,0,182,1993,7,0
B.J1,12,3,F2,9,HK,3,157,1993,7,0
B.J1,9,4,F2,5,HK,3,165,1993,7,1
B.J1,2,8,F2,2,HK,0,153,1993,7,0
B.J1,15,11,F2,3,HK,6,61,1993,7,6
B.J1,3,12,F2,3,HK,0,41,1993,7,0
B.J1,6,13,F2,4,HK,0,160,1993,7,2
B.J1,0,14,F2,0,HK,0,60,1993,7,0
B.J1,1,16,F2,0,HK,1,8,1993,7,0
B.J1,0,17,F2,0,HK,0,5,1993,7,0
B.J1,5,18,F2,2,HK,1,33,1993,7,2
B.J1,0,21,F2,0,HK,0,4,1993,7,0
B.J1,2,22,F2,0,HK,2,21,1993,7,0
B.J1,3,0,F2,0,HK,1,7,1993,8,2
B.J1,0,2,F2,0,HK,0,182,1993,8,0
B.J1,12,3,F2,10,HK,2,157,1993,8,0
B.J1,8,4,F2,4,HK,3,165,1993,8,1
B.J1,2,8,F2,2,HK,0,153,1993,8,0
B.J1,2,9,F2,2,HK,0,164,1993,8,0
B.J1,15,11,F2,3,HK,7,61,1993,8,5
B.J1,4,12,F2,2,HK,1,41,1993,8,1
B.J1,4,13,F2,3,HK,0,160,1993,8,1
B.J1,0,14,F2,0,HK,0,60,1993,8,0
B.J1,1,16,F2,0,HK,1,8,1993,8,0
B.J1,1,17,F2,0,HK,0,5,1993,8,1
B.J1,5,18,F2,2,HK,0,33,1993,8,3
B.J1,2,19,F2,0,HK,0,2,1993,8,2
B.J1,0,21,F2,0,HK,0,4,1993,8,0
B.J1,1,22,F2,0,HK,1,21,1993,8,0
B.J1,2,0,F2,0,HK,1,7,1993,9,1
B.J1,0,2,F2,0,HK,0,182,1993,9,0
B.J1,15,3,F2,10,HK,5,157,1993,9,0
B.J1,9,4,F2,5,HK,3,165,1993,9,1
B.J1,1,6,F2,0,HK,0,1,1993,9,1
B.J1,3,8,F2,2,HK,1,153,1993,9,0
B.J1,2,9,F2,2,HK,0,164,1993,9,0
B.J1,16,11,F2,3,HK,7,61,1993,9,6
B.J1,0,12,F2,0,HK,0,41,1993,9,0
B.J1,5,13,F2,4,HK,0,160,1993,9,1
B.J1,0,14,F2,0,HK,0,60,1993,9,0
B.J1,0,15,F2,0,HK,0,123,1993,9,0
B.J1,1,16,F2,0,HK,1,8,1993,9,0
B.J1,1,17,F2,0,HK,0,5,1993,9,1
B.J1,5,18,F2,2,HK,1,33,1993,9,2
B.J1,2,19,F2,0,HK,0,2,1993,9,2
B.J1,0,21,F2,0,HK,0,4,1993,9,0
B.J1,1,22,F2,0,HK,1,21,1993,9,0
B.J1,1,0,F2,0,HK,0,7,1993,10,1
B.J1,0,2,F2,0,HK,0,182,1993,10,0
B.J1,14,3,F2,9,HK,5,157,1993,10,0
B.J1,9,4,F2,3,HK,5,165,1993,10,1
B.J1,0,5,F2,0,HK,0,1,1993,10,0
B.J1,0,6,F2,0,HK,0,1,1993,10,0
B.J1,4,8,F2,3,HK,1,153,1993,10,0
B.J1,3,9,F2,3,HK,0,164,1993,10,0
B.J1,16,11,F2,2,HK,6,61,1993,10,8
B.J1,2,12,F2,1,HK,0,41,1993,10,1
B.J1,5,13,F2,4,HK,0,160,1993,10,1
B.J1,3,14,F2,3,HK,0,60,1993,10,0
B.J1,0,15,F2,0,HK,0,123,1993,10,0
B.J1,1,16,F2,0,HK,1,8,1993,10,0
B.J1,1,17,F2,0,HK,1,5,1993,10,0
B.J1,8,18,F2,1,HK,1,33,1993,10,6
B.J1,1,19,F2,0,HK,0,2,1993,10,1
B.J1,22,20,F2,3,HK,3,66,1993,10,16
B.J1,1,21,F2,1,HK,0,4,1993,10,0
B.J1,2,22,F2,0,HK,1,21,1993,10,1
B.J1,0,0,F2,0,HK,0,7,1993,11,0
B.J1,0,1,F2,0,HK,0,113,1993,11,0
B.J1,5,2,F2,1,HK,4,182,1993,11,0
B.J1,16,3,F2,11,HK,5,157,1993,11,0
B.J1,8,4,F2,3,HK,5,165,1993,11,0
B.J1,0,5,F2,0,HK,0,1,1993,11,0
B.J1,0,6,F2,0,HK,0,1,1993,11,0
B.J1,0,7,F2,0,HK,0,21,1993,11,0
B.J1,3,8,F2,1,HK,2,153,1993,11,0
B.J1,3,9,F2,3,HK,0,164,1993,11,0
B.J1,19,10,F2,5,HK,6,150,1993,11,8
B.J1,15,11,F2,0,HK,5,61,1993,11,10
B.J1,3,12,F2,2,HK,0,41,1993,11,1
B.J1,3,13,F2,2,HK,0,160,1993,11,1
B.J1,5,14,F2,4,HK,1,60,1993,11,0
B.J1,0,15,F2,0,HK,0,123,1993,11,0
B.J1,3,16,F2,1,HK,1,8,1993,11,1
B.J1,2,17,F2,0,HK,1,5,1993,11,1
B.J1,8,18,F2,2,HK,0,33,1993,11,6
B.J1,1,19,F2,0,HK,0,2,1993,11,1
B.J1,20,20,F2,4,HK,3,66,1993,11,13
B.J1,1,21,F2,1,HK,0,4,1993,11,0
B.J1,3,22,F2,0,HK,1,21,1993,11,2
B.J1,0,16,F2,0,HK,0,8,1994,1,0
B.J1,0,22,F2,0,HK,0,21,1994,1,0
B.J1,0,12,F2,0,HK,0,41,1994,2,0
B.J1,2,13,F2,2,HK,0,160,1994,2,0
B.J1,1,16,F2,0,HK,1,8,1994,2,0
B.J1,0,22,F2,0,HK,0,21,1994,2,0
B.J1,0,4,F2,0,HK,0,165,1994,3,0
B.J1,2,12,F2,2,HK,0,41,1994,3,0
B.J1,3,13,F2,2,HK,0,160,1994,3,1
B.J1,1,16,F2,0,HK,1,8,1994,3,0
B.J1,0,21,F2,0,HK,0,4,1994,3,0
B.J1,2,22,F2,0,HK,2,21,1994,3,0
B.J1,0,4,F2,0,HK,0,165,1994,4,0
B.J1,2,12,F2,2,HK,0,41,1994,4,0
B.J1,7,13,F2,7,HK,0,160,1994,4,0
B.J1,1,16,F2,0,HK,1,8,1994,4,0
B.J1,0,17,F2,0,HK,0,5,1994,4,0
B.J1,1,19,F2,0,HK,0,2,1994,4,1
B.J1,0,21,F2,0,HK,0,4,1994,4,0
B.J1,1,22,F2,0,HK,1,21,1994,4,0
B.J1,0,4,F2,0,HK,0,165,1994,5,0
B.J1,1,6,F2,0,HK,0,1,1994,5,1
B.J1,6,11,F2,3,HK,3,61,1994,5,0
B.J1,4,12,F2,3,HK,0,41,1994,5,1
B.J1,4,13,F2,4,HK,0,160,1994,5,0
B.J1,1,16,F2,0,HK,0,8,1994,5,1
B.J1,0,17,F2,0,HK,0,5,1994,5,0
B.J1,1,19,F2,0,HK,0,2,1994,5,1
B.J1,0,21,F2,0,HK,0,4,1994,5,0
B.J1,1,22,F2,0,HK,1,21,1994,5,0
B.J1,9,3,F2,7,HK,2,157,1994,6,0
B.J1,8,4,F2,5,HK,2,165,1994,6,1
B.J1,1,6,F2,0,HK,0,1,1994,6,1
B.J1,7,11,F2,4,HK,3,61,1994,6,0
B.J1,5,12,F2,2,HK,0,41,1994,6,3
B.J1,6,13,F2,5,HK,0,160,1994,6,1
B.J1,0,15,F2,0,HK,0,123,1994,6,0
B.J1,0,16,F2,0,HK,0,8,1994,6,0
B.J1,0,17,F2,0,HK,0,5,1994,6,0
B.J1,1,19,F2,0,HK,0,2,1994,6,1
B.J1,0,21,F2,0,HK,0,4,1994,6,0
B.J1,1,22,F2,0,HK,1,21,1994,6,0
B.J1,2,0,F2,0,HK,1,7,1994,7,1
B.J1,10,3,F2,8,HK,2,157,1994,7,0
B.J1,9,4,F2,6,HK,3,165,1994,7,0
B.J1,1,6,F2,0,HK,0,1,1994,7,1
B.J1,2,9,F2,2,HK,0,164,1994,7,0
B.J1,13,11,F2,2,HK,3,61,1994,7,8
B.J1,5,12,F2,2,HK,1,41,1994,7,2
B.J1,5,13,F2,4,HK,0,160,1994,7,1
B.J1,0,15,F2,0,HK,0,123,1994,7,0
B.J1,1,16,F2,0,HK,1,8,1994,7,0
B.J1,0,17,F2,0,HK,0,5,1994,7,0
B.J1,1,19,F2,0,HK,0,2,1994,7,1
B.J1,0,21,F2,0,HK,0,4,1994,7,0
B.J1,1,22,F2,0,HK,1,21,1994,7,0
B.J1,2,0,F2,0,HK,1,7,1994,8,1
B.J1,16,3,F2,10,HK,6,157,1994,8,0
B.J1,10,4,F2,5,HK,5,165,1994,8,0
B.J1,0,5,F2,0,HK,0,1,1994,8,0
B.J1,1,6,F2,0,HK,0,1,1994,8,1
B.J1,0,7,F2,0,HK,0,21,1994,8,0
B.J1,2,9,F2,2,HK,0,164,1994,8,0
B.J1,13,11,F2,3,HK,3,61,1994,8,7
B.J1,4,12,F2,1,HK,1,41,1994,8,2
B.J1,5,13,F2,4,HK,0,160,1994,8,1
B.J1,0,15,F2,0,HK,0,123,1994,8,0
B.J1,1,16,F2,0,HK,1,8,1994,8,0
B.J1,1,17,F2,1,HK,0,5,1994,8,0
B.J1,1,19,F2,0,HK,0,2,1994,8,1
B.J1,0,21,F2,0,HK,0,4,1994,8,0
B.J1,1,22,F2,0,HK,1,21,1994,8,0
B.J1,1,0,F2,0,HK,0,7,1994,9,1
B.J1,0,1,F2,0,HK,0,113,1994,9,0
B.J1,13,3,F2,8,HK,5,157,1994,9,0
B.J1,11,4,F2,6,HK,5,165,1994,9,0
B.J1,0,5,F2,0,HK,0,1,1994,9,0
B.J1,1,6,F2,0,HK,0,1,1994,9,1
B.J1,0,7,F2,0,HK,0,21,1994,9,0
B.J1,2,9,F2,2,HK,0,164,1994,9,0
B.J1,13,11,F2,2,HK,3,61,1994,9,8
B.J1,5,12,F2,2,HK,1,41,1994,9,2
B.J1,4,13,F2,3,HK,0,160,1994,9,1
B.J1,0,15,F2,0,HK,0,123,1994,9,0
B.J1,2,16,F2,1,HK,1,8,1994,9,0
B.J1,1,17,F2,0,HK,0,5,1994,9,1
B.J1,6,18,F2,2,HK,1,33,1994,9,3
B.J1,2,19,F2,0,HK,0,2,1994,9,2
B.J1,0,21,F2,0,HK,0,4,1994,9,0
B.J1,2,22,F2,0,HK,1,21,1994,9,1
B.J1,1,0,F2,0,HK,1,7,1994,10,0
B.J1,1,1,F2,1,HK,0,113,1994,10,0
B.J1,14,3,F2,8,HK,6,157,1994,10,0
B.J1,8,4,F2,3,HK,5,165,1994,10,0
B.J1,0,5,F2,0,HK,0,1,1994,10,0
B.J1,1,6,F2,0,HK,0,1,1994,10,1
B.J1,0,7,F2,0,HK,0,21,1994,10,0
B.J1,3,9,F2,3,HK,0,164,1994,10,0
B.J1,20,10,F2,5,HK,6,150,1994,10,9
B.J1,13,11,F2,0,HK,2,61,1994,10,11
B.J1,2,12,F2,1,HK,0,41,1994,10,1
B.J1,4,13,F2,3,HK,0,160,1994,10,1
B.J1,3,14,F2,2,HK,1,60,1994,10,0
B.J1,0,15,F2,0,HK,0,123,1994,10,0
B.J1,3,16,F2,1,HK,1,8,1994,10,1
B.J1,1,17,F2,0,HK,0,5,1994,10,1
B.J1,9,18,F2,3,HK,2,33,1994,10,4
B.J1,2,19,F2,0,HK,0,2,1994,10,2
B.J1,0,21,F2,0,HK,0,4,1994,10,0
B.J1,3,22,F2,0,HK,2,21,1994,10,1
B.J1,0,0,F2,0,HK,0,7,1994,11,0
B.J1,0,1,F2,0,HK,0,113,1994,11,0
B.J1,5,2,F2,1,HK,4,182,1994,11,0
B.J1,16,3,F2,12,HK,4,157,1994,11,0
B.J1,11,4,F2,4,HK,7,165,1994,11,0
B.J1,0,5,F2,0,HK,0,1,1994,11,0
B.J1,0,6,F2,0,HK,0,1,1994,11,0
B.J1,0,7,F2,0,HK,0,21,1994,11,0
B.J1,3,8,F2,2,HK,1,153,1994,11,0
B.J1,3,9,F2,3,HK,0,164,1994,11,0
B.J1,20,10,F2,5,HK,6,150,1994,11,9
B.J1,12,11,F2,0,HK,3,61,1994,11,9
B.J1,3,12,F2,2,HK,0,41,1994,11,1
B.J1,4,13,F2,3,HK,0,160,1994,11,1
B.J1,5,14,F2,4,HK,1,60,1994,11,0
B.J1,0,15,F2,0,HK,0,123,1994,11,0
B.J1,2,16,F2,0,HK,1,8,1994,11,1
B.J1,2,17,F2,0,HK,1,5,1994,11,1
B.J1,7,18,F2,1,HK,0,33,1994,11,6
B.J1,1,19,F2,0,HK,0,2,1994,11,1
B.J1,19,20,F2,4,HK,3,66,1994,11,12
B.J1,0,21,F2,0,HK,0,4,1994,11,0
B.J1,3,22,F2,0,HK,1,21,1994,11,2
B.J1,0,9,F2,0,HK,0,164,1995,1,0
B.J1,1,13,F2,1,HK,0,160,1995,1,0
B.J1,2,9,F2,2,HK,0,164,1995,2,0
B.J1,1,13,F2,1,HK,0,160,1995,2,0
B.J1,0,14,F2,0,HK,0,60,1995,2,0
B.J1,0,16,F2,0,HK,0,8,1995,2,0
B.J1,0,5,F2,0,HK,0,1,1995,3,0
B.J1,2,9,F2,2,HK,0,164,1995,3,0
B.J1,2,13,F2,2,HK,0,160,1995,3,0
B.J1,0,14,F2,0,HK,0,60,1995,3,0
B.J1,0,15,F2,0,HK,0,123,1995,3,0
B.J1,0,16,F2,0,HK,0,8,1995,3,0
B.J1,0,1,F2,0,HK,0,113,1995,4,0
B.J1,0,5,F2,0,HK,0,1,1995,4,0
B.J1,2,9,F2,2,HK,0,164,1995,4,0
B.J1,3,12,F2,2,HK,1,41,1995,4,0
B.J1,4,13,F2,4,HK,0,160,1995,4,0
B.J1,1,14,F2,0,HK,1,60,1995,4,0
B.J1,0,15,F2,0,HK,0,123,1995,4,0
B.J1,1,16,F2,0,HK,1,8,1995,4,0
B.J1,0,1,F2,0,HK,0,113,1995,5,0
B.J1,0,5,F2,0,HK,0,1,1995,5,0
B.J1,1,8,F2,0,HK,1,153,1995,5,0
B.J1,3,9,F2,3,HK,0,164,1995,5,0
B.J1,3,12,F2,3,HK,0,41,1995,5,0
B.J1,6,13,F2,6,HK,0,160,1995,5,0
B.J1,3,14,F2,2,HK,1,60,1995,5,0
B.J1,0,15,F2,0,HK,0,123,1995,5,0
B.J1,0,16,F2,0,HK,0,8,1995,5,0
B.J1,0,22,F2,0,HK,0,21,1995,5,0
B.J1,0,1,F2,0,HK,0,113,1995,6,0
B.J1,0,5,F2,0,HK,0,1,1995,6,0
B.J1,4,8,F2,1,HK,3,153,1995,6,0
B.J1,3,9,F2,3,HK,0,164,1995,6,0
B.J1,3,12,F2,3,HK,0,41,1995,6,0
B.J1,8,13,F2,8,HK,0,160,1995,6,0
B.J1,3,14,F2,2,HK,1,60,1995,6,0
B.J1,0,15,F2,0,HK,0,123,1995,6,0
B.J1,1,16,F2,0,HK,1,8,1995,6,0
B.J1,1,17,F2,0,HK,1,5,1995,6,0
B.J1,0,19,F2,0,HK,0,2,1995,6,0
B.J1,1,22,F2,1,HK,0,21,1995,6,0
B.J1,0,1,F2,0,HK,0,113,1995,7,0
B.J1,0,5,F2,0,HK,0,1,1995,7,0
B.J1,0,6,F2,0,HK,0,1,1995,7,0
B.J1,5,8,F2,2,HK,3,153,1995,7,0
B.J1,3,9,F2,3,HK,0,164,1995,7,0
B.J1,3,12,F2,3,HK,0,41,1995,7,0
B.J1,7,13,F2,7,HK,0,160,1995,7,0
B.J1,5,14,F2,4,HK,1,60,1995,7,0
B.J1,0,15,F2,0,HK,0,123,1995,7,0
B.J1,1,16,F2,0,HK,1,8,1995,7,0
B.J1,3,17,F2,0,HK,1,5,1995,7,2
B.J1,7,18,F2,4,HK,0,33,1995,7,3
B.J1,0,19,F2,0,HK,0,2,1995,7,0
B.J1,3,22,F2,3,HK,0,21,1995,7,0
B.J1,1,0,F2,0,HK,0,7,1995,8,1
B.J1,0,1,F2,0,HK,0,113,1995,8,0
B.J1,0,5,F2,0,HK,0,1,1995,8,0
B.J1,0,6,F2,0,HK,0,1,1995,8,0
B.J1,4,8,F2,2,HK,2,153,1995,8,0
B.J1,2,9,F2,2,HK,0,164,1995,8,0
B.J1,3,12,F2,1,HK,0,41,1995,8,2
B.J1,6,13,F2,5,HK,0,160,1995,8,1
B.J1,3,14,F2,2,HK,1,60,1995,8,0
B.J1,0,15,F2,0,HK,0,123,1995,8,0
B.J1,2,16,F2,0,HK,2,8,1995,8,0
B.J1,3,17,F2,1,HK,1,5,1995,8,1
B.J1,5,18,F2,3,HK,1,33,1995,8,1
B.J1,1,19,F2,0,HK,0,2,1995,8,1
B.J1,25,20,F2,10,HK,10,66,1995,8,5
B.J1,1,22,F2,1,HK,0,21,1995,8,0
B.J1,1,0,F2,0,HK,0,7,1995,9,1
B.J1,0,1,F2,0,HK,0,113,1995,9,0
B.J1,2,3,F2,2,HK,0,157,1995,9,0
B.J1,0,5,F2,0,HK,0,1,1995,9,0
B.J1,0,6,F2,0,HK,0,1,1995,9,0
B.J1,5,8,F2,2,HK,3,153,1995,9,0
B.J1,2,9,F2,2,HK,0,164,1995,9,0
B.J1,16,11,F2,5,HK,7,61,1995,9,4
B.J1,2,12,F2,2,HK,0,41,1995,9,0
B.J1,5,13,F2,4,HK,0,160,1995,9,1
B.J1,4,14,F2,3,HK,1,60,1995,9,0
B.J1,0,15,F2,0,HK,0,123,1995,9,0
B.J1,1,16,F2,0,HK,1,8,1995,9,0
B.J1,2,17,F2,0,HK,1,5,1995,9,1
B.J1,4,18,F2,2,HK,1,33,1995,9,1
B.J1,1,19,F2,0,HK,0,2,1995,9,1
B.J1,21,20,F2,8,HK,8,66,1995,9,5
B.J1,1,22,F2,1,HK,0,21,1995,9,0
B.J1,1,0,F2,0,HK,0,7,1995,10,1
B.J1,1,1,F2,1,HK,0,113,1995,10,0
B.J1,3,2,F2,0,HK,3,182,1995,10,0
B.J1,2,3,F2,2,HK,0,157,1995,10,0
B.J1,0,5,F2,0,HK,0,1,1995,10,0
B.J1,0,6,F2,0,HK,0,1,1995,10,0
B.J1,4,8,F2,2,HK,2,153,1995,10,0
B.J1,2,9,F2,2,HK,0,164,1995,10,0
B.J1,16,11,F2,5,HK,6,61,1995,10,5
B.J1,1,12,F2,1,HK,0,41,1995,10,0
B.J1,6,13,F2,5,HK,0,160,1995,10,1
B.J1,3,14,F2,2,HK,1,60,1995,10,0
B.J1,0,15,F2,0,HK,0,123,1995,10,0
B.J1,1,16,F2,0,HK,1,8,1995,10,0
B.J1,1,17,F2,0,HK,0,5,1995,10,1
B.J1,7,18,F2,1,HK,2,33,1995,10,4
B.J1,1,19,F2,0,HK,0,2,1995,10,1
B.J1,20,20,F2,5,HK,2,66,1995,10,13
B.J1,0,21,F2,0,HK,0,4,1995,10,0
B.J1,3,22,F2,0,HK,1,21,1995,10,2
B.J1,0,0,F2,0,HK,0,7,1995,11,0
B.J1,1,1,F2,1,HK,0,113,1995,11,0
B.J1,7,2,F2,2,HK,5,182,1995,11,0
B.J1,14,3,F2,11,HK,3,157,1995,11,0
B.J1,10,4,F2,2,HK,8,165,1995,11,0
B.J1,0,5,F2,0,HK,0,1,1995,11,0
B.J1,0,6,F2,0,HK,0,1,1995,11,0
B.J1,0,7,F2,0,HK,0,21,1995,11,0
B.J1,3,8,F2,1,HK,2,153,1995,11,0
B.J1,3,9,F2,3,HK,0,164,1995,11,0
B.J1,23,10,F2,9,HK,7,150,1995,11,7
B.J1,13,11,F2,0,HK,3,61,1995,11,10
B.J1,2,12,F2,2,HK,0,41,1995,11,0
B.J1,4,13,F2,3,HK,0,160,1995,11,1
B.J1,6,14,F2,3,HK,3,60,1995,11,0
B.J1,0,15,F2,0,HK,0,123,1995,11,0
B.J1,2,16,F2,0,HK,1,8,1995,11,1
B.J1,1,17,F2,0,HK,0,5,1995,11,1
B.J1,9,18,F2,1,HK,2,33,1995,11,6
B.J1,1,19,F2,0,HK,0,2,1995,11,1
B.J1,18,20,F2,3,HK,3,66,1995,11,12
B.J1,1,21,F2,0,HK,0,4,1995,11,1
B.J1,3,22,F2,0,HK,1,21,1995,11,2
B.R-no-gate,0,0,B.R,0,HK,0,7,1993,1,0
B.R-no-gate,0,4,B.R,0,HK,0,165,1993,1,0
B.R-no-gate,0,0,B.R,0,HK,0,7,1993,2,0
B.R-no-gate,0,4,B.R,0,HK,0,165,1993,2,0
B.R-no-gate,0,8,B.R,0,HK,0,153,1993,2,0
B.R-no-gate,0,12,B.R,0,HK,0,41,1993,2,0
B.R-no-gate,1,0,B.R,1,HK,0,7,1993,3,0
B.R-no-gate,0,2,B.R,0,HK,0,182,1993,3,0
B.R-no-gate,0,4,B.R,0,HK,0,165,1993,3,0
B.R-no-gate,0,8,B.R,0,HK,0,153,1993,3,0
B.R-no-gate,1,11,B.R,0,HK,1,61,1993,3,0
B.R-no-gate,0,12,B.R,0,HK,0,41,1993,3,0
B.R-no-gate,0,0,B.R,0,HK,0,7,1993,4,0
B.R-no-gate,0,2,B.R,0,HK,0,182,1993,4,0
B.R-no-gate,0,3,B.R,0,HK,0,157,1993,4,0
B.R-no-gate,1,4,B.R,0,HK,1,165,1993,4,0
B.R-no-gate,1,8,B.R,0,HK,1,153,1993,4,0
B.R-no-gate,1,11,B.R,0,HK,1,61,1993,4,0
B.R-no-gate,0,12,B.R,0,HK,0,41,1993,4,0
B.R-no-gate,0,17,B.R,0,HK,0,5,1993,4,0
B.R-no-gate,0,0,B.R,0,HK,0,7,1993,5,0
B.R-no-gate,0,2,B.R,0,HK,0,182,1993,5,0
B.R-no-gate,0,3,B.R,0,HK,0,157,1993,5,0
B.R-no-gate,0,4,B.R,0,HK,0,165,1993,5,0
B.R-no-gate,0,8,B.R,0,HK,0,153,1993,5,0
B.R-no-gate,3,11,B.R,2,HK,1,61,1993,5,0
B.R-no-gate,0,12,B.R,0,HK,0,41,1993,5,0
B.R-no-gate,0,16,B.R,0,HK,0,8,1993,5,0
B.R-no-gate,0,17,B.R,0,HK,0,5,1993,5,0
B.R-no-gate,0,21,B.R,0,HK,0,4,1993,5,0
B.R-no-gate,0,0,B.R,0,HK,0,7,1993,6,0
B.R-no-gate,0,2,B.R,0,HK,0,182,1993,6,0
B.R-no-gate,0,3,B.R,0,HK,0,157,1993,6,0
B.R-no-gate,0,4,B.R,0,HK,0,165,1993,6,0
B.R-no-gate,0,8,B.R,0,HK,0,153,1993,6,0
B.R-no-gate,2,11,B.R,1,HK,1,61,1993,6,0
B.R-no-gate,0,12,B.R,0,HK,0,41,1993,6,0
B.R-no-gate,0,13,B.R,0,HK,0,160,1993,6,0
B.R-no-gate,0,16,B.R,0,HK,0,8,1993,6,0
B.R-no-gate,0,17,B.R,0,HK,0,5,1993,6,0
B.R-no-gate,0,21,B.R,0,HK,0,4,1993,6,0
B.R-no-gate,0,22,B.R,0,HK,0,21,1993,6,0
B.R-no-gate,0,0,B.R,0,HK,0,7,1993,7,0
B.R-no-gate,0,2,B.R,0,HK,0,182,1993,7,0
B.R-no-gate,0,3,B.R,0,HK,0,157,1993,7,0
B.R-no-gate,0,4,B.R,0,HK,0,165,1993,7,0
B.R-no-gate,0,8,B.R,0,HK,0,153,1993,7,0
B.R-no-gate,1,11,B.R,0,HK,1,61,1993,7,0
B.R-no-gate,0,12,B.R,0,HK,0,41,1993,7,0
B.R-no-gate,0,13,B.R,0,HK,0,160,1993,7,0
B.R-no-gate,0,14,B.R,0,HK,0,60,1993,7,0
B.R-no-gate,0,16,B.R,0,HK,0,8,1993,7,0
B.R-no-gate,0,17,B.R,0,HK,0,5,1993,7,0
B.R-no-gate,1,18,B.R,0,HK,0,33,1993,7,1
B.R-no-gate,0,21,B.R,0,HK,0,4,1993,7,0
B.R-no-gate,0,22,B.R,0,HK,0,21,1993,7,0
B.R-no-gate,0,0,B.R,0,HK,0,7,1993,8,0
B.R-no-gate,0,2,B.R,0,HK,0,182,1993,8,0
B.R-no-gate,0,3,B.R,0,HK,0,157,1993,8,0
B.R-no-gate,0,4,B.R,0,HK,0,165,1993,8,0
B.R-no-gate,0,8,B.R,0,HK,0,153,1993,8,0
B.R-no-gate,0,9,B.R,0,HK,0,164,1993,8,0
B.R-no-gate,1,11,B.R,1,HK,0,61,1993,8,0
B.R-no-gate,1,12,B.R,1,HK,0,41,1993,8,0
B.R-no-gate,0,13,B.R,0,HK,0,160,1993,8,0
B.R-no-gate,0,14,B.R,0,HK,0,60,1993,8,0
B.R-no-gate,0,16,B.R,0,HK,0,8,1993,8,0
B.R-no-gate,1,17,B.R,0,HK,0,5,1993,8,1
B.R-no-gate,2,18,B.R,0,HK,1,33,1993,8,1
B.R-no-gate,0,19,B.R,0,HK,0,2,1993,8,0
B.R-no-gate,0,21,B.R,0,HK,0,4,1993,8,0
B.R-no-gate,0,22,B.R,0,HK,0,21,1993,8,0
B.R-no-gate,0,0,B.R,0,HK,0,7,1993,9,0
B.R-no-gate,0,2,B.R,0,HK,0,182,1993,9,0
B.R-no-gate,0,3,B.R,0,HK,0,157,1993,9,0
B.R-no-gate,0,4,B.R,0,HK,0,165,1993,9,0
B.R-no-gate,0,6,B.R,0,HK,0,1,1993,9,0
B.R-no-gate,0,8,B.R,0,HK,0,153,1993,9,0
B.R-no-gate,0,9,B.R,0,HK,0,164,1993,9,0
B.R-no-gate,0,11,B.R,0,HK,0,61,1993,9,0
B.R-no-gate,0,12,B.R,0,HK,0,41,1993,9,0
B.R-no-gate,0,13,B.R,0,HK,0,160,1993,9,0
B.R-no-gate,0,14,B.R,0,HK,0,60,1993,9,0
B.R-no-gate,0,15,B.R,0,HK,0,123,1993,9,0
B.R-no-gate,0,16,B.R,0,HK,0,8,1993,9,0
B.R-no-gate,1,17,B.R,0,HK,1,5,1993,9,0
B.R-no-gate,1,18,B.R,0,HK,0,33,1993,9,1
B.R-no-gate,0,19,B.R,0,HK,0,2,1993,9,0
B.R-no-gate,0,21,B.R,0,HK,0,4,1993,9,0
B.R-no-gate,0,22,B.R,0,HK,0,21,1993,9,0
B.R-no-gate,0,0,B.R,0,HK,0,7,1993,10,0
B.R-no-gate,0,2,B.R,0,HK,0,182,1993,10,0
B.R-no-gate,0,3,B.R,0,HK,0,157,1993,10,0
B.R-no-gate,1,4,B.R,0,HK,1,165,1993,10,0
B.R-no-gate,0,5,B.R,0,HK,0,1,1993,10,0
B.R-no-gate,0,6,B.R,0,HK,0,1,1993,10,0
B.R-no-gate,0,8,B.R,0,HK,0,153,1993,10,0
B.R-no-gate,0,9,B.R,0,HK,0,164,1993,10,0
B.R-no-gate,2,11,B.R,1,HK,0,61,1993,10,1
B.R-no-gate,0,12,B.R,0,HK,0,41,1993,10,0
B.R-no-gate,0,13,B.R,0,HK,0,160,1993,10,0
B.R-no-gate,1,14,B.R,0,HK,1,60,1993,10,0
B.R-no-gate,0,15,B.R,0,HK,0,123,1993,10,0
B.R-no-gate,0,16,B.R,0,HK,0,8,1993,10,0
B.R-no-gate,1,17,B.R,0,HK,1,5,1993,10,0
B.R-no-gate,3,18,B.R,0,HK,2,33,1993,10,1
B.R-no-gate,0,19,B.R,0,HK,0,2,1993,10,0
B.R-no-gate,0,20,B.R,0,HK,0,66,1993,10,0
B.R-no-gate,0,21,B.R,0,HK,0,4,1993,10,0
B.R-no-gate,1,22,B.R,0,HK,0,21,1993,10,1
B.R-no-gate,0,0,B.R,0,HK,0,7,1993,11,0
B.R-no-gate,1,1,B.R,0,HK,1,113,1993,11,0
B.R-no-gate,0,2,B.R,0,HK,0,182,1993,11,0
B.R-no-gate,0,3,B.R,0,HK,0,157,1993,11,0
B.R-no-gate,0,4,B.R,0,HK,0,165,1993,11,0
B.R-no-gate,0,5,B.R,0,HK,0,1,1993,11,0
B.R-no-gate,0,6,B.R,0,HK,0,1,1993,11,0
B.R-no-gate,0,7,B.R,0,HK,0,21,1993,11,0
B.R-no-gate,0,8,B.R,0,HK,0,153,1993,11,0
B.R-no-gate,0,9,B.R,0,HK,0,164,1993,11,0
B.R-no-gate,3,10,B.R,2,HK,0,150,1993,11,1
B.R-no-gate,0,11,B.R,0,HK,0,61,1993,11,0
B.R-no-gate,1,12,B.R,1,HK,0,41,1993,11,0
B.R-no-gate,0,13,B.R,0,HK,0,160,1993,11,0
B.R-no-gate,0,14,B.R,0,HK,0,60,1993,11,0
B.R-no-gate,0,15,B.R,0,HK,0,123,1993,11,0
B.R-no-gate,0,16,B.R,0,HK,0,8,1993,11,0
B.R-no-gate,1,17,B.R,0,HK,1,5,1993,11,0
B.R-no-gate,3,18,B.R,0,HK,1,33,1993,11,2
B.R-no-gate,0,19,B.R,0,HK,0,2,1993,11,0
B.R-no-gate,2,20,B.R,0,HK,1,66,1993,11,1
B.R-no-gate,0,21,B.R,0,HK,0,4,1993,11,0
B.R-no-gate,0,22,B.R,0,HK,0,21,1993,11,0
B.R-no-gate,0,16,B.R,0,HK,0,8,1994,1,0
B.R-no-gate,0,22,B.R,0,HK,0,21,1994,1,0
B.R-no-gate,0,12,B.R,0,HK,0,41,1994,2,0
B.R-no-gate,0,13,B.R,0,HK,0,160,1994,2,0
B.R-no-gate,0,16,B.R,0,HK,0,8,1994,2,0
B.R-no-gate,0,22,B.R,0,HK,0,21,1994,2,0
B.R-no-gate,0,4,B.R,0,HK,0,165,1994,3,0
B.R-no-gate,1,12,B.R,1,HK,0,41,1994,3,0
B.R-no-gate,0,13,B.R,0,HK,0,160,1994,3,0
B.R-no-gate,0,16,B.R,0,HK,0,8,1994,3,0
B.R-no-gate,0,21,B.R,0,HK,0,4,1994,3,0
B.R-no-gate,0,22,B.R,0,HK,0,21,1994,3,0
B.R-no-gate,0,4,B.R,0,HK,0,165,1994,4,0
B.R-no-gate,0,12,B.R,0,HK,0,41,1994,4,0
B.R-no-gate,0,13,B.R,0,HK,0,160,1994,4,0
B.R-no-gate,0,16,B.R,0,HK,0,8,1994,4,0
B.R-no-gate,0,17,B.R,0,HK,0,5,1994,4,0
B.R-no-gate,0,19,B.R,0,HK,0,2,1994,4,0
B.R-no-gate,0,21,B.R,0,HK,0,4,1994,4,0
B.R-no-gate,1,22,B.R,0,HK,1,21,1994,4,0
B.R-no-gate,0,4,B.R,0,HK,0,165,1994,5,0
B.R-no-gate,0,6,B.R,0,HK,0,1,1994,5,0
B.R-no-gate,0,11,B.R,0,HK,0,61,1994,5,0
B.R-no-gate,0,12,B.R,0,HK,0,41,1994,5,0
B.R-no-gate,0,13,B.R,0,HK,0,160,1994,5,0
B.R-no-gate,0,16,B.R,0,HK,0,8,1994,5,0
B.R-no-gate,0,17,B.R,0,HK,0,5,1994,5,0
B.R-no-gate,0,19,B.R,0,HK,0,2,1994,5,0
B.R-no-gate,0,21,B.R,0,HK,0,4,1994,5,0
B.R-no-gate,0,22,B.R,0,HK,0,21,1994,5,0
B.R-no-gate,0,3,B.R,0,HK,0,157,1994,6,0
B.R-no-gate,1,4,B.R,0,HK,0,165,1994,6,1
B.R-no-gate,0,6,B.R,0,HK,0,1,1994,6,0
B.R-no-gate,0,11,B.R,0,HK,0,61,1994,6,0
B.R-no-gate,0,12,B.R,0,HK,0,41,1994,6,0
B.R-no-gate,0,13,B.R,0,HK,0,160,1994,6,0
B.R-no-gate,0,15,B.R,0,HK,0,123,1994,6,0
B.R-no-gate,0,16,B.R,0,HK,0,8,1994,6,0
B.R-no-gate,0,17,B.R,0,HK,0,5,1994,6,0
B.R-no-gate,0,19,B.R,0,HK,0,2,1994,6,0
B.R-no-gate,0,21,B.R,0,HK,0,4,1994,6,0
B.R-no-gate,0,22,B.R,0,HK,0,21,1994,6,0
B.R-no-gate,0,0,B.R,0,HK,0,7,1994,7,0
B.R-no-gate,0,3,B.R,0,HK,0,157,1994,7,0
B.R-no-gate,0,4,B.R,0,HK,0,165,1994,7,0
B.R-no-gate,0,6,B.R,0,HK,0,1,1994,7,0
B.R-no-gate,0,9,B.R,0,HK,0,164,1994,7,0
B.R-no-gate,1,11,B.R,1,HK,0,61,1994,7,0
B.R-no-gate,0,12,B.R,0,HK,0,41,1994,7,0
B.R-no-gate,0,13,B.R,0,HK,0,160,1994,7,0
B.R-no-gate,0,15,B.R,0,HK,0,123,1994,7,0
B.R-no-gate,0,16,B.R,0,HK,0,8,1994,7,0
B.R-no-gate,0,17,B.R,0,HK,0,5,1994,7,0
B.R-no-gate,0,19,B.R,0,HK,0,2,1994,7,0
B.R-no-gate,0,21,B.R,0,HK,0,4,1994,7,0
B.R-no-gate,0,22,B.R,0,HK,0,21,1994,7,0
B.R-no-gate,0,0,B.R,0,HK,0,7,1994,8,0
B.R-no-gate,0,3,B.R,0,HK,0,157,1994,8,0
B.R-no-gate,0,4,B.R,0,HK,0,165,1994,8,0
B.R-no-gate,0,5,B.R,0,HK,0,1,1994,8,0
B.R-no-gate,0,6,B.R,0,HK,0,1,1994,8,0
B.R-no-gate,0,7,B.R,0,HK,0,21,1994,8,0
B.R-no-gate,0,9,B.R,0,HK,0,164,1994,8,0
B.R-no-gate,3,11,B.R,0,HK,2,61,1994,8,1
B.R-no-gate,1,12,B.R,0,HK,0,41,1994,8,1
B.R-no-gate,0,13,B.R,0,HK,0,160,1994,8,0
B.R-no-gate,0,15,B.R,0,HK,0,123,1994,8,0
B.R-no-gate,0,16,B.R,0,HK,0,8,1994,8,0
B.R-no-gate,0,17,B.R,0,HK,0,5,1994,8,0
B.R-no-gate,0,19,B.R,0,HK,0,2,1994,8,0
B.R-no-gate,0,21,B.R,0,HK,0,4,1994,8,0
B.R-no-gate,0,22,B.R,0,HK,0,21,1994,8,0
B.R-no-gate,0,0,B.R,0,HK,0,7,1994,9,0
B.R-no-gate,0,1,B.R,0,HK,0,113,1994,9,0
B.R-no-gate,0,3,B.R,0,HK,0,157,1994,9,0
B.R-no-gate,0,4,B.R,0,HK,0,165,1994,9,0
B.R-no-gate,0,5,B.R,0,HK,0,1,1994,9,0
B.R-no-gate,0,6,B.R,0,HK,0,1,1994,9,0
B.R-no-gate,0,7,B.R,0,HK,0,21,1994,9,0
B.R-no-gate,0,9,B.R,0,HK,0,164,1994,9,0
B.R-no-gate,1,11,B.R,0,HK,0,61,1994,9,1
B.R-no-gate,0,12,B.R,0,HK,0,41,1994,9,0
B.R-no-gate,0,13,B.R,0,HK,0,160,1994,9,0
B.R-no-gate,0,15,B.R,0,HK,0,123,1994,9,0
B.R-no-gate,0,16,B.R,0,HK,0,8,1994,9,0
B.R-no-gate,0,17,B.R,0,HK,0,5,1994,9,0
B.R-no-gate,0,18,B.R,0,HK,0,33,1994,9,0
B.R-no-gate,0,19,B.R,0,HK,0,2,1994,9,0
B.R-no-gate,0,21,B.R,0,HK,0,4,1994,9,0
B.R-no-gate,0,22,B.R,0,HK,0,21,1994,9,0
B.R-no-gate,0,0,B.R,0,HK,0,7,1994,10,0
B.R-no-gate,0,1,B.R,0,HK,0,113,1994,10,0
B.R-no-gate,0,3,B.R,0,HK,0,157,1994,10,0
B.R-no-gate,0,4,B.R,0,HK,0,165,1994,10,0
B.R-no-gate,0,5,B.R,0,HK,0,1,1994,10,0
B.R-no-gate,0,6,B.R,0,HK,0,1,1994,10,0
B.R-no-gate,0,7,B.R,0,HK,0,21,1994,10,0
B.R-no-gate,0,9,B.R,0,HK,0,164,1994,10,0
B.R-no-gate,2,10,B.R,0,HK,0,150,1994,10,2
B.R-no-gate,1,11,B.R,0,HK,0,61,1994,10,1
B.R-no-gate,0,12,B.R,0,HK,0,41,1994,10,0
B.R-no-gate,0,13,B.R,0,HK,0,160,1994,10,0
B.R-no-gate,0,14,B.R,0,HK,0,60,1994,10,0
B.R-no-gate,0,15,B.R,0,HK,0,123,1994,10,0
B.R-no-gate,1,16,B.R,0,HK,0,8,1994,10,1
B.R-no-gate,1,17,B.R,0,HK,0,5,1994,10,1
B.R-no-gate,0,18,B.R,0,HK,0,33,1994,10,0
B.R-no-gate,0,19,B.R,0,HK,0,2,1994,10,0
B.R-no-gate,0,21,B.R,0,HK,0,4,1994,10,0
B.R-no-gate,0,22,B.R,0,HK,0,21,1994,10,0
B.R-no-gate,0,0,B.R,0,HK,0,7,1994,11,0
B.R-no-gate,0,1,B.R,0,HK,0,113,1994,11,0
B.R-no-gate,0,2,B.R,0,HK,0,182,1994,11,0
B.R-no-gate,1,3,B.R,0,HK,1,157,1994,11,0
B.R-no-gate,0,4,B.R,0,HK,0,165,1994,11,0
B.R-no-gate,0,5,B.R,0,HK,0,1,1994,11,0
B.R-no-gate,0,6,B.R,0,HK,0,1,1994,11,0
B.R-no-gate,0,7,B.R,0,HK,0,21,1994,11,0
B.R-no-gate,0,8,B.R,0,HK,0,153,1994,11,0
B.R-no-gate,0,9,B.R,0,HK,0,164,1994,11,0
B.R-no-gate,4,10,B.R,1,HK,1,150,1994,11,2
B.R-no-gate,1,11,B.R,0,HK,0,61,1994,11,1
B.R-no-gate,0,12,B.R,0,HK,0,41,1994,11,0
B.R-no-gate,0,13,B.R,0,HK,0,160,1994,11,0
B.R-no-gate,2,14,B.R,0,HK,2,60,1994,11,0
B.R-no-gate,0,15,B.R,0,HK,0,123,1994,11,0
B.R-no-gate,0,16,B.R,0,HK,0,8,1994,11,0
B.R-no-gate,1,17,B.R,0,HK,1,5,1994,11,0
B.R-no-gate,4,18,B.R,0,HK,2,33,1994,11,2
B.R-no-gate,0,19,B.R,0,HK,0,2,1994,11,0
B.R-no-gate,2,20,B.R,0,HK,1,66,1994,11,1
B.R-no-gate,1,21,B.R,0,HK,1,4,1994,11,0
B.R-no-gate,0,22,B.R,0,HK,0,21,1994,11,0
B.R-no-gate,0,9,B.R,0,HK,0,164,1995,1,0
B.R-no-gate,0,13,B.R,0,HK,0,160,1995,1,0
B.R-no-gate,0,9,B.R,0,HK,0,164,1995,2,0
B.R-no-gate,0,13,B.R,0,HK,0,160,1995,2,0
B.R-no-gate,0,14,B.R,0,HK,0,60,1995,2,0
B.R-no-gate,0,16,B.R,0,HK,0,8,1995,2,0
B.R-no-gate,0,5,B.R,0,HK,0,1,1995,3,0
B.R-no-gate,0,9,B.R,0,HK,0,164,1995,3,0
B.R-no-gate,0,13,B.R,0,HK,0,160,1995,3,0
B.R-no-gate,0,14,B.R,0,HK,0,60,1995,3,0
B.R-no-gate,0,15,B.R,0,HK,0,123,1995,3,0
B.R-no-gate,0,16,B.R,0,HK,0,8,1995,3,0
B.R-no-gate,0,1,B.R,0,HK,0,113,1995,4,0
B.R-no-gate,0,5,B.R,0,HK,0,1,1995,4,0
B.R-no-gate,0,9,B.R,0,HK,0,164,1995,4,0
B.R-no-gate,1,12,B.R,0,HK,1,41,1995,4,0
B.R-no-gate,0,13,B.R,0,HK,0,160,1995,4,0
B.R-no-gate,0,14,B.R,0,HK,0,60,1995,4,0
B.R-no-gate,0,15,B.R,0,HK,0,123,1995,4,0
B.R-no-gate,0,16,B.R,0,HK,0,8,1995,4,0
B.R-no-gate,0,1,B.R,0,HK,0,113,1995,5,0
B.R-no-gate,0,5,B.R,0,HK,0,1,1995,5,0
B.R-no-gate,0,8,B.R,0,HK,0,153,1995,5,0
B.R-no-gate,0,9,B.R,0,HK,0,164,1995,5,0
B.R-no-gate,0,12,B.R,0,HK,0,41,1995,5,0
B.R-no-gate,0,13,B.R,0,HK,0,160,1995,5,0
B.R-no-gate,0,14,B.R,0,HK,0,60,1995,5,0
B.R-no-gate,0,15,B.R,0,HK,0,123,1995,5,0
B.R-no-gate,0,16,B.R,0,HK,0,8,1995,5,0
B.R-no-gate,0,22,B.R,0,HK,0,21,1995,5,0
B.R-no-gate,0,1,B.R,0,HK,0,113,1995,6,0
B.R-no-gate,0,5,B.R,0,HK,0,1,1995,6,0
B.R-no-gate,0,8,B.R,0,HK,0,153,1995,6,0
B.R-no-gate,0,9,B.R,0,HK,0,164,1995,6,0
B.R-no-gate,0,12,B.R,0,HK,0,41,1995,6,0
B.R-no-gate,0,13,B.R,0,HK,0,160,1995,6,0
B.R-no-gate,0,14,B.R,0,HK,0,60,1995,6,0
B.R-no-gate,0,15,B.R,0,HK,0,123,1995,6,0
B.R-no-gate,0,16,B.R,0,HK,0,8,1995,6,0
B.R-no-gate,1,17,B.R,0,HK,1,5,1995,6,0
B.R-no-gate,0,19,B.R,0,HK,0,2,1995,6,0
B.R-no-gate,0,22,B.R,0,HK,0,21,1995,6,0
B.R-no-gate,0,1,B.R,0,HK,0,113,1995,7,0
B.R-no-gate,0,5,B.R,0,HK,0,1,1995,7,0
B.R-no-gate,0,6,B.R,0,HK,0,1,1995,7,0
B.R-no-gate,0,8,B.R,0,HK,0,153,1995,7,0
B.R-no-gate,0,9,B.R,0,HK,0,164,1995,7,0
B.R-no-gate,0,12,B.R,0,HK,0,41,1995,7,0
B.R-no-gate,0,13,B.R,0,HK,0,160,1995,7,0
B.R-no-gate,0,14,B.R,0,HK,0,60,1995,7,0
B.R-no-gate,0,15,B.R,0,HK,0,123,1995,7,0
B.R-no-gate,1,16,B.R,0,HK,1,8,1995,7,0
B.R-no-gate,1,17,B.R,0,HK,0,5,1995,7,1
B.R-no-gate,3,18,B.R,0,HK,0,33,1995,7,3
B.R-no-gate,0,19,B.R,0,HK,0,2,1995,7,0
B.R-no-gate,0,22,B.R,0,HK,0,21,1995,7,0
B.R-no-gate,0,0,B.R,0,HK,0,7,1995,8,0
B.R-no-gate,0,1,B.R,0,HK,0,113,1995,8,0
B.R-no-gate,0,5,B.R,0,HK,0,1,1995,8,0
B.R-no-gate,0,6,B.R,0,HK,0,1,1995,8,0
B.R-no-gate,0,8,B.R,0,HK,0,153,1995,8,0
B.R-no-gate,0,9,B.R,0,HK,0,164,1995,8,0
B.R-no-gate,0,12,B.R,0,HK,0,41,1995,8,0
B.R-no-gate,0,13,B.R,0,HK,0,160,1995,8,0
B.R-no-gate,0,14,B.R,0,HK,0,60,1995,8,0
B.R-no-gate,0,15,B.R,0,HK,0,123,1995,8,0
B.R-no-gate,1,16,B.R,0,HK,0,8,1995,8,1
B.R-no-gate,1,17,B.R,1,HK,0,5,1995,8,0
B.R-no-gate,2,18,B.R,1,HK,0,33,1995,8,1
B.R-no-gate,0,19,B.R,0,HK,0,2,1995,8,0
B.R-no-gate,1,20,B.R,0,HK,1,66,1995,8,0
B.R-no-gate,0,22,B.R,0,HK,0,21,1995,8,0
B.R-no-gate,1,0,B.R,1,HK,0,7,1995,9,0
B.R-no-gate,0,1,B.R,0,HK,0,113,1995,9,0
B.R-no-gate,0,3,B.R,0,HK,0,157,1995,9,0
B.R-no-gate,0,5,B.R,0,HK,0,1,1995,9,0
B.R-no-gate,0,6,B.R,0,HK,0,1,1995,9,0
B.R-no-gate,0,8,B.R,0,HK,0,153,1995,9,0
B.R-no-gate,0,9,B.R,0,HK,0,164,1995,9,0
B.R-no-gate,1,11,B.R,0,HK,0,61,1995,9,1
B.R-no-gate,0,12,B.R,0,HK,0,41,1995,9,0
B.R-no-gate,0,13,B.R,0,HK,0,160,1995,9,0
B.R-no-gate,0,14,B.R,0,HK,0,60,1995,9,0
B.R-no-gate,0,15,B.R,0,HK,0,123,1995,9,0
B.R-no-gate,0,16,B.R,0,HK,0,8,1995,9,0
B.R-no-gate,0,17,B.R,0,HK,0,5,1995,9,0
B.R-no-gate,2,18,B.R,0,HK,0,33,1995,9,2
B.R-no-gate,0,19,B.R,0,HK,0,2,1995,9,0
B.R-no-gate,0,20,B.R,0,HK,0,66,1995,9,0
B.R-no-gate,0,22,B.R,0,HK,0,21,1995,9,0
B.R-no-gate,2,0,B.R,1,HK,0,7,1995,10,1
B.R-no-gate,1,1,B.R,0,HK,1,113,1995,10,0
B.R-no-gate,0,2,B.R,0,HK,0,182,1995,10,0
B.R-no-gate,0,3,B.R,0,HK,0,157,1995,10,0
B.R-no-gate,0,5,B.R,0,HK,0,1,1995,10,0
B.R-no-gate,0,6,B.R,0,HK,0,1,1995,10,0
B.R-no-gate,0,8,B.R,0,HK,0,153,1995,10,0
B.R-no-gate,0,9,B.R,0,HK,0,164,1995,10,0
B.R-no-gate,0,11,B.R,0,HK,0,61,1995,10,0
B.R-no-gate,0,12,B.R,0,HK,0,41,1995,10,0
B.R-no-gate,0,13,B.R,0,HK,0,160,1995,10,0
B.R-no-gate,1,14,B.R,0,HK,1,60,1995,10,0
B.R-no-gate,0,15,B.R,0,HK,0,123,1995,10,0
B.R-no-gate,0,16,B.R,0,HK,0,8,1995,10,0
B.R-no-gate,1,17,B.R,0,HK,0,5,1995,10,1
B.R-no-gate,1,18,B.R,0,HK,0,33,1995,10,1
B.R-no-gate,0,19,B.R,0,HK,0,2,1995,10,0
B.R-no-gate,1,20,B.R,0,HK,1,66,1995,10,0
B.R-no-gate,0,21,B.R,0,HK,0,4,1995,10,0
B.R-no-gate,0,22,B.R,0,HK,0,21,1995,10,0
B.R-no-gate,1,0,B.R,1,HK,0,7,1995,11,0
B.R-no-gate,0,1,B.R,0,HK,0,113,1995,11,0
B.R-no-gate,1,2,B.R,0,HK,1,182,1995,11,0
B.R-no-gate,0,3,B.R,0,HK,0,157,1995,11,0
B.R-no-gate,0,4,B.R,0,HK,0,165,1995,11,0
B.R-no-gate,0,5,B.R,0,HK,0,1,1995,11,0
B.R-no-gate,0,6,B.R,0,HK,0,1,1995,11,0
B.R-no-gate,0,7,B.R,0,HK,0,21,1995,11,0
B.R-no-gate,0,8,B.R,0,HK,0,153,1995,11,0
B.R-no-gate,0,9,B.R,0,HK,0,164,1995,11,0
B.R-no-gate,3,10,B.R,2,HK,0,150,1995,11,1
B.R-no-gate,2,11,B.R,1,HK,0,61,1995,11,1
B.R-no-gate,2,12,B.R,2,HK,0,41,1995,11,0
B.R-no-gate,0,13,B.R,0,HK,0,160,1995,11,0
B.R-no-gate,1,14,B.R,0,HK,1,60,1995,11,0
B.R-no-gate,0,15,B.R,0,HK,0,123,1995,11,0
B.R-no-gate,0,16,B.R,0,HK,0,8,1995,11,0
B.R-no-gate,0,17,B.R,0,HK,0,5,1995,11,0
B.R-no-gate,2,18,B.R,0,HK,0,33,1995,11,2
B.R-no-gate,0,19,B.R,0,HK,0,2,1995,11,0
B.R-no-gate,3,20,B.R,0,HK,0,66,1995,11,3
B.R-no-gate,0,21,B.R,0,HK,0,4,1995,11,0
B.R-no-gate,0,22,B.R,0,HK,0,21,1995,11,0
B.R-identity,0,0,B.R,0,HK,0,7,1993,1,0
B.R-identity,0,4,B.R,0,HK,0,165,1993,1,0
B.R-identity,0,0,B.R,0,HK,0,7,1993,2,0
B.R-identity,0,4,B.R,0,HK,0,165,1993,2,0
B.R-identity,0,8,B.R,0,HK,0,153,1993,2,0
B.R-identity,0,12,B.R,0,HK,0,41,1993,2,0
B.R-identity,0,0,B.R,0,HK,0,7,1993,3,0
B.R-identity,0,2,B.R,0,HK,0,182,1993,3,0
B.R-identity,0,4,B.R,0,HK,0,165,1993,3,0
B.R-identity,0,8,B.R,0,HK,0,153,1993,3,0
B.R-identity,0,11,B.R,0,HK,0,61,1993,3,0
B.R-identity,0,12,B.R,0,HK,0,41,1993,3,0
B.R-identity,0,0,B.R,0,HK,0,7,1993,4,0
B.R-identity,0,2,B.R,0,HK,0,182,1993,4,0
B.R-identity,0,3,B.R,0,HK,0,157,1993,4,0
B.R-identity,1,4,B.R,0,HK,1,165,1993,4,0
B.R-identity,0,8,B.R,0,HK,0,153,1993,4,0
B.R-identity,0,11,B.R,0,HK,0,61,1993,4,0
B.R-identity,0,12,B.R,0,HK,0,41,1993,4,0
B.R-identity,0,17,B.R,0,HK,0,5,1993,4,0
B.R-identity,0,0,B.R,0,HK,0,7,1993,5,0
B.R-identity,0,2,B.R,0,HK,0,182,1993,5,0
B.R-identity,0,3,B.R,0,HK,0,157,1993,5,0
B.R-identity,0,4,B.R,0,HK,0,165,1993,5,0
B.R-identity,0,8,B.R,0,HK,0,153,1993,5,0
B.R-identity,0,11,B.R,0,HK,0,61,1993,5,0
B.R-identity,0,12,B.R,0,HK,0,41,1993,5,0
B.R-identity,0,16,B.R,0,HK,0,8,1993,5,0
B.R-identity,0,17,B.R,0,HK,0,5,1993,5,0
B.R-identity,0,21,B.R,0,HK,0,4,1993,5,0
B.R-identity,0,0,B.R,0,HK,0,7,1993,6,0
B.R-identity,0,2,B.R,0,HK,0,182,1993,6,0
B.R-identity,0,3,B.R,0,HK,0,157,1993,6,0
B.R-identity,0,4,B.R,0,HK,0,165,1993,6,0
B.R-identity,0,8,B.R,0,HK,0,153,1993,6,0
B.R-identity,1,11,B.R,0,HK,1,61,1993,6,0
B.R-identity,0,12,B.R,0,HK,0,41,1993,6,0
B.R-identity,0,13,B.R,0,HK,0,160,1993,6,0
B.R-identity,0,16,B.R,0,HK,0,8,1993,6,0
B.R-identity,0,17,B.R,0,HK,0,5,1993,6,0
B.R-identity,0,21,B.R,0,HK,0,4,1993,6,0
B.R-identity,0,22,B.R,0,HK,0,21,1993,6,0
B.R-identity,0,0,B.R,0,HK,0,7,1993,7,0
B.R-identity,0,2,B.R,0,HK,0,182,1993,7,0
B.R-identity,0,3,B.R,0,HK,0,157,1993,7,0
B.R-identity,0,4,B.R,0,HK,0,165,1993,7,0
B.R-identity,0,8,B.R,0,HK,0,153,1993,7,0
B.R-identity,0,11,B.R,0,HK,0,61,1993,7,0
B.R-identity,0,12,B.R,0,HK,0,41,1993,7,0
B.R-identity,0,13,B.R,0,HK,0,160,1993,7,0
B.R-identity,0,14,B.R,0,HK,0,60,1993,7,0
B.R-identity,0,16,B.R,0,HK,0,8,1993,7,0
B.R-identity,0,17,B.R,0,HK,0,5,1993,7,0
B.R-identity,0,18,B.R,0,HK,0,33,1993,7,0
B.R-identity,0,21,B.R,0,HK,0,4,1993,7,0
B.R-identity,0,22,B.R,0,HK,0,21,1993,7,0
B.R-identity,0,0,B.R,0,HK,0,7,1993,8,0
B.R-identity,0,2,B.R,0,HK,0,182,1993,8,0
B.R-identity,0,3,B.R,0,HK,0,157,1993,8,0
B.R-identity,0,4,B.R,0,HK,0,165,1993,8,0
B.R-identity,0,8,B.R,0,HK,0,153,1993,8,0
B.R-identity,0,9,B.R,0,HK,0,164,1993,8,0
B.R-identity,0,11,B.R,0,HK,0,61,1993,8,0
B.R-identity,1,12,B.R,1,HK,0,41,1993,8,0
B.R-identity,0,13,B.R,0,HK,0,160,1993,8,0
B.R-identity,0,14,B.R,0,HK,0,60,1993,8,0
B.R-identity,0,16,B.R,0,HK,0,8,1993,8,0
B.R-identity,0,17,B.R,0,HK,0,5,1993,8,0
B.R-identity,0,18,B.R,0,HK,0,33,1993,8,0
B.R-identity,0,19,B.R,0,HK,0,2,1993,8,0
B.R-identity,0,21,B.R,0,HK,0,4,1993,8,0
B.R-identity,0,22,B.R,0,HK,0,21,1993,8,0
B.R-identity,0,0,B.R,0,HK,0,7,1993,9,0
B.R-identity,0,2,B.R,0,HK,0,182,1993,9,0
B.R-identity,0,3,B.R,0,HK,0,157,1993,9,0
B.R-identity,0,4,B.R,0,HK,0,165,1993,9,0
B.R-identity,0,6,B.R,0,HK,0,1,1993,9,0
B.R-identity,0,8,B.R,0,HK,0,153,1993,9,0
B.R-identity,0,9,B.R,0,HK,0,164,1993,9,0
B.R-identity,0,11,B.R,0,HK,0,61,1993,9,0
B.R-identity,0,12,B.R,0,HK,0,41,1993,9,0
B.R-identity,0,13,B.R,0,HK,0,160,1993,9,0
B.R-identity,0,14,B.R,0,HK,0,60,1993,9,0
B.R-identity,0,15,B.R,0,HK,0,123,1993,9,0
B.R-identity,0,16,B.R,0,HK,0,8,1993,9,0
B.R-identity,0,17,B.R,0,HK,0,5,1993,9,0
B.R-identity,0,18,B.R,0,HK,0,33,1993,9,0
B.R-identity,0,19,B.R,0,HK,0,2,1993,9,0
B.R-identity,0,21,B.R,0,HK,0,4,1993,9,0
B.R-identity,0,22,B.R,0,HK,0,21,1993,9,0
B.R-identity,0,0,B.R,0,HK,0,7,1993,10,0
B.R-identity,0,2,B.R,0,HK,0,182,1993,10,0
B.R-identity,0,3,B.R,0,HK,0,157,1993,10,0
B.R-identity,0,4,B.R,0,HK,0,165,1993,10,0
B.R-identity,0,5,B.R,0,HK,0,1,1993,10,0
B.R-identity,0,6,B.R,0,HK,0,1,1993,10,0
B.R-identity,0,8,B.R,0,HK,0,153,1993,10,0
B.R-identity,0,9,B.R,0,HK,0,164,1993,10,0
B.R-identity,0,11,B.R,0,HK,0,61,1993,10,0
B.R-identity,1,12,B.R,1,HK,0,41,1993,10,0
B.R-identity,0,13,B.R,0,HK,0,160,1993,10,0
B.R-identity,0,14,B.R,0,HK,0,60,1993,10,0
B.R-identity,0,15,B.R,0,HK,0,123,1993,10,0
B.R-identity,0,16,B.R,0,HK,0,8,1993,10,0
B.R-identity,0,17,B.R,0,HK,0,5,1993,10,0
B.R-identity,0,18,B.R,0,HK,0,33,1993,10,0
B.R-identity,0,19,B.R,0,HK,0,2,1993,10,0
B.R-identity,0,20,B.R,0,HK,0,66,1993,10,0
B.R-identity,0,21,B.R,0,HK,0,4,1993,10,0
B.R-identity,0,22,B.R,0,HK,0,21,1993,10,0
B.R-identity,0,0,B.R,0,HK,0,7,1993,11,0
B.R-identity,0,1,B.R,0,HK,0,113,1993,11,0
B.R-identity,0,2,B.R,0,HK,0,182,1993,11,0
B.R-identity,0,3,B.R,0,HK,0,157,1993,11,0
B.R-identity,0,4,B.R,0,HK,0,165,1993,11,0
B.R-identity,0,5,B.R,0,HK,0,1,1993,11,0
B.R-identity,0,6,B.R,0,HK,0,1,1993,11,0
B.R-identity,0,7,B.R,0,HK,0,21,1993,11,0
B.R-identity,0,8,B.R,0,HK,0,153,1993,11,0
B.R-identity,0,9,B.R,0,HK,0,164,1993,11,0
B.R-identity,0,10,B.R,0,HK,0,150,1993,11,0
B.R-identity,0,11,B.R,0,HK,0,61,1993,11,0
B.R-identity,0,12,B.R,0,HK,0,41,1993,11,0
B.R-identity,0,13,B.R,0,HK,0,160,1993,11,0
B.R-identity,0,14,B.R,0,HK,0,60,1993,11,0
B.R-identity,0,15,B.R,0,HK,0,123,1993,11,0
B.R-identity,0,16,B.R,0,HK,0,8,1993,11,0
B.R-identity,0,17,B.R,0,HK,0,5,1993,11,0
B.R-identity,1,18,B.R,0,HK,1,33,1993,11,0
B.R-identity,0,19,B.R,0,HK,0,2,1993,11,0
B.R-identity,0,20,B.R,0,HK,0,66,1993,11,0
B.R-identity,0,21,B.R,0,HK,0,4,1993,11,0
B.R-identity,0,22,B.R,0,HK,0,21,1993,11,0
B.R-identity,0,16,B.R,0,HK,0,8,1994,1,0
B.R-identity,0,22,B.R,0,HK,0,21,1994,1,0
B.R-identity,0,12,B.R,0,HK,0,41,1994,2,0
B.R-identity,0,13,B.R,0,HK,0,160,1994,2,0
B.R-identity,0,16,B.R,0,HK,0,8,1994,2,0
B.R-identity,0,22,B.R,0,HK,0,21,1994,2,0
B.R-identity,0,4,B.R,0,HK,0,165,1994,3,0
B.R-identity,0,12,B.R,0,HK,0,41,1994,3,0
B.R-identity,0,13,B.R,0,HK,0,160,1994,3,0
B.R-identity,0,16,B.R,0,HK,0,8,1994,3,0
B.R-identity,0,21,B.R,0,HK,0,4,1994,3,0
B.R-identity,0,22,B.R,0,HK,0,21,1994,3,0
B.R-identity,0,4,B.R,0,HK,0,165,1994,4,0
B.R-identity,0,12,B.R,0,HK,0,41,1994,4,0
B.R-identity,0,13,B.R,0,HK,0,160,1994,4,0
B.R-identity,0,16,B.R,0,HK,0,8,1994,4,0
B.R-identity,0,17,B.R,0,HK,0,5,1994,4,0
B.R-identity,0,19,B.R,0,HK,0,2,1994,4,0
B.R-identity,0,21,B.R,0,HK,0,4,1994,4,0
B.R-identity,0,22,B.R,0,HK,0,21,1994,4,0
B.R-identity,0,4,B.R,0,HK,0,165,1994,5,0
B.R-identity,0,6,B.R,0,HK,0,1,1994,5,0
B.R-identity,0,11,B.R,0,HK,0,61,1994,5,0
B.R-identity,0,12,B.R,0,HK,0,41,1994,5,0
B.R-identity,0,13,B.R,0,HK,0,160,1994,5,0
B.R-identity,0,16,B.R,0,HK,0,8,1994,5,0
B.R-identity,0,17,B.R,0,HK,0,5,1994,5,0
B.R-identity,0,19,B.R,0,HK,0,2,1994,5,0
B.R-identity,0,21,B.R,0,HK,0,4,1994,5,0
B.R-identity,0,22,B.R,0,HK,0,21,1994,5,0
B.R-identity,0,3,B.R,0,HK,0,157,1994,6,0
B.R-identity,0,4,B.R,0,HK,0,165,1994,6,0
B.R-identity,0,6,B.R,0,HK,0,1,1994,6,0
B.R-identity,0,11,B.R,0,HK,0,61,1994,6,0
B.R-identity,0,12,B.R,0,HK,0,41,1994,6,0
B.R-identity,0,13,B.R,0,HK,0,160,1994,6,0
B.R-identity,0,15,B.R,0,HK,0,123,1994,6,0
B.R-identity,0,16,B.R,0,HK,0,8,1994,6,0
B.R-identity,0,17,B.R,0,HK,0,5,1994,6,0
B.R-identity,0,19,B.R,0,HK,0,2,1994,6,0
B.R-identity,0,21,B.R,0,HK,0,4,1994,6,0
B.R-identity,0,22,B.R,0,HK,0,21,1994,6,0
B.R-identity,0,0,B.R,0,HK,0,7,1994,7,0
B.R-identity,0,3,B.R,0,HK,0,157,1994,7,0
B.R-identity,0,4,B.R,0,HK,0,165,1994,7,0
B.R-identity,0,6,B.R,0,HK,0,1,1994,7,0
B.R-identity,0,9,B.R,0,HK,0,164,1994,7,0
B.R-identity,0,11,B.R,0,HK,0,61,1994,7,0
B.R-identity,0,12,B.R,0,HK,0,41,1994,7,0
B.R-identity,0,13,B.R,0,HK,0,160,1994,7,0
B.R-identity,0,15,B.R,0,HK,0,123,1994,7,0
B.R-identity,0,16,B.R,0,HK,0,8,1994,7,0
B.R-identity,0,17,B.R,0,HK,0,5,1994,7,0
B.R-identity,0,19,B.R,0,HK,0,2,1994,7,0
B.R-identity,0,21,B.R,0,HK,0,4,1994,7,0
B.R-identity,0,22,B.R,0,HK,0,21,1994,7,0
B.R-identity,0,0,B.R,0,HK,0,7,1994,8,0
B.R-identity,0,3,B.R,0,HK,0,157,1994,8,0
B.R-identity,0,4,B.R,0,HK,0,165,1994,8,0
B.R-identity,0,5,B.R,0,HK,0,1,1994,8,0
B.R-identity,0,6,B.R,0,HK,0,1,1994,8,0
B.R-identity,0,7,B.R,0,HK,0,21,1994,8,0
B.R-identity,0,9,B.R,0,HK,0,164,1994,8,0
B.R-identity,0,11,B.R,0,HK,0,61,1994,8,0
B.R-identity,0,12,B.R,0,HK,0,41,1994,8,0
B.R-identity,0,13,B.R,0,HK,0,160,1994,8,0
B.R-identity,0,15,B.R,0,HK,0,123,1994,8,0
B.R-identity,0,16,B.R,0,HK,0,8,1994,8,0
B.R-identity,0,17,B.R,0,HK,0,5,1994,8,0
B.R-identity,0,19,B.R,0,HK,0,2,1994,8,0
B.R-identity,0,21,B.R,0,HK,0,4,1994,8,0
B.R-identity,0,22,B.R,0,HK,0,21,1994,8,0
B.R-identity,0,0,B.R,0,HK,0,7,1994,9,0
B.R-identity,0,1,B.R,0,HK,0,113,1994,9,0
B.R-identity,0,3,B.R,0,HK,0,157,1994,9,0
B.R-identity,0,4,B.R,0,HK,0,165,1994,9,0
B.R-identity,0,5,B.R,0,HK,0,1,1994,9,0
B.R-identity,0,6,B.R,0,HK,0,1,1994,9,0
B.R-identity,0,7,B.R,0,HK,0,21,1994,9,0
B.R-identity,0,9,B.R,0,HK,0,164,1994,9,0
B.R-identity,0,11,B.R,0,HK,0,61,1994,9,0
B.R-identity,0,12,B.R,0,HK,0,41,1994,9,0
B.R-identity,0,13,B.R,0,HK,0,160,1994,9,0
B.R-identity,0,15,B.R,0,HK,0,123,1994,9,0
B.R-identity,0,16,B.R,0,HK,0,8,1994,9,0
B.R-identity,0,17,B.R,0,HK,0,5,1994,9,0
B.R-identity,0,18,B.R,0,HK,0,33,1994,9,0
B.R-identity,0,19,B.R,0,HK,0,2,1994,9,0
B.R-identity,0,21,B.R,0,HK,0,4,1994,9,0
B.R-identity,0,22,B.R,0,HK,0,21,1994,9,0
B.R-identity,0,0,B.R,0,HK,0,7,1994,10,0
B.R-identity,0,1,B.R,0,HK,0,113,1994,10,0
B.R-identity,0,3,B.R,0,HK,0,157,1994,10,0
B.R-identity,0,4,B.R,0,HK,0,165,1994,10,0
B.R-identity,0,5,B.R,0,HK,0,1,1994,10,0
B.R-identity,0,6,B.R,0,HK,0,1,1994,10,0
B.R-identity,0,7,B.R,0,HK,0,21,1994,10,0
B.R-identity,0,9,B.R,0,HK,0,164,1994,10,0
B.R-identity,0,10,B.R,0,HK,0,150,1994,10,0
B.R-identity,0,11,B.R,0,HK,0,61,1994,10,0
B.R-identity,0,12,B.R,0,HK,0,41,1994,10,0
B.R-identity,0,13,B.R,0,HK,0,160,1994,10,0
B.R-identity,0,14,B.R,0,HK,0,60,1994,10,0
B.R-identity,0,15,B.R,0,HK,0,123,1994,10,0
B.R-identity,0,16,B.R,0,HK,0,8,1994,10,0
B.R-identity,0,17,B.R,0,HK,0,5,1994,10,0
B.R-identity,0,18,B.R,0,HK,0,33,1994,10,0
B.R-identity,0,19,B.R,0,HK,0,2,1994,10,0
B.R-identity,0,21,B.R,0,HK,0,4,1994,10,0
B.R-identity,0,22,B.R,0,HK,0,21,1994,10,0
B.R-identity,0,0,B.R,0,HK,0,7,1994,11,0
B.R-identity,0,1,B.R,0,HK,0,113,1994,11,0
B.R-identity,0,2,B.R,0,HK,0,182,1994,11,0
B.R-identity,0,3,B.R,0,HK,0,157,1994,11,0
B.R-identity,0,4,B.R,0,HK,0,165,1994,11,0
B.R-identity,0,5,B.R,0,HK,0,1,1994,11,0
B.R-identity,0,6,B.R,0,HK,0,1,1994,11,0
B.R-identity,0,7,B.R,0,HK,0,21,1994,11,0
B.R-identity,0,8,B.R,0,HK,0,153,1994,11,0
B.R-identity,0,9,B.R,0,HK,0,164,1994,11,0
B.R-identity,0,10,B.R,0,HK,0,150,1994,11,0
B.R-identity,0,11,B.R,0,HK,0,61,1994,11,0
B.R-identity,0,12,B.R,0,HK,0,41,1994,11,0
B.R-identity,0,13,B.R,0,HK,0,160,1994,11,0
B.R-identity,0,14,B.R,0,HK,0,60,1994,11,0
B.R-identity,0,15,B.R,0,HK,0,123,1994,11,0
B.R-identity,0,16,B.R,0,HK,0,8,1994,11,0
B.R-identity,0,17,B.R,0,HK,0,5,1994,11,0
B.R-identity,0,18,B.R,0,HK,0,33,1994,11,0
B.R-identity,0,19,B.R,0,HK,0,2,1994,11,0
B.R-identity,0,20,B.R,0,HK,0,66,1994,11,0
B.R-identity,0,21,B.R,0,HK,0,4,1994,11,0
B.R-identity,0,22,B.R,0,HK,0,21,1994,11,0
B.R-identity,0,9,B.R,0,HK,0,164,1995,1,0
B.R-identity,0,13,B.R,0,HK,0,160,1995,1,0
B.R-identity,0,9,B.R,0,HK,0,164,1995,2,0
B.R-identity,0,13,B.R,0,HK,0,160,1995,2,0
B.R-identity,0,14,B.R,0,HK,0,60,1995,2,0
B.R-identity,0,16,B.R,0,HK,0,8,1995,2,0
B.R-identity,0,5,B.R,0,HK,0,1,1995,3,0
B.R-identity,0,9,B.R,0,HK,0,164,1995,3,0
B.R-identity,0,13,B.R,0,HK,0,160,1995,3,0
B.R-identity,0,14,B.R,0,HK,0,60,1995,3,0
B.R-identity,0,15,B.R,0,HK,0,123,1995,3,0
B.R-identity,0,16,B.R,0,HK,0,8,1995,3,0
B.R-identity,0,1,B.R,0,HK,0,113,1995,4,0
B.R-identity,0,5,B.R,0,HK,0,1,1995,4,0
B.R-identity,0,9,B.R,0,HK,0,164,1995,4,0
B.R-identity,0,12,B.R,0,HK,0,41,1995,4,0
B.R-identity,0,13,B.R,0,HK,0,160,1995,4,0
B.R-identity,0,14,B.R,0,HK,0,60,1995,4,0
B.R-identity,0,15,B.R,0,HK,0,123,1995,4,0
B.R-identity,0,16,B.R,0,HK,0,8,1995,4,0
B.R-identity,0,1,B.R,0,HK,0,113,1995,5,0
B.R-identity,0,5,B.R,0,HK,0,1,1995,5,0
B.R-identity,0,8,B.R,0,HK,0,153,1995,5,0
B.R-identity,0,9,B.R,0,HK,0,164,1995,5,0
B.R-identity,0,12,B.R,0,HK,0,41,1995,5,0
B.R-identity,0,13,B.R,0,HK,0,160,1995,5,0
B.R-identity,0,14,B.R,0,HK,0,60,1995,5,0
B.R-identity,0,15,B.R,0,HK,0,123,1995,5,0
B.R-identity,0,16,B.R,0,HK,0,8,1995,5,0
B.R-identity,0,22,B.R,0,HK,0,21,1995,5,0
B.R-identity,0,1,B.R,0,HK,0,113,1995,6,0
B.R-identity,0,5,B.R,0,HK,0,1,1995,6,0
B.R-identity,0,8,B.R,0,HK,0,153,1995,6,0
B.R-identity,0,9,B.R,0,HK,0,164,1995,6,0
B.R-identity,0,12,B.R,0,HK,0,41,1995,6,0
B.R-identity,0,13,B.R,0,HK,0,160,1995,6,0
B.R-identity,0,14,B.R,0,HK,0,60,1995,6,0
B.R-identity,0,15,B.R,0,HK,0,123,1995,6,0
B.R-identity,0,16,B.R,0,HK,0,8,1995,6,0
B.R-identity,0,17,B.R,0,HK,0,5,1995,6,0
B.R-identity,0,19,B.R,0,HK,0,2,1995,6,0
B.R-identity,0,22,B.R,0,HK,0,21,1995,6,0
B.R-identity,0,1,B.R,0,HK,0,113,1995,7,0
B.R-identity,0,5,B.R,0,HK,0,1,1995,7,0
B.R-identity,0,6,B.R,0,HK,0,1,1995,7,0
B.R-identity,0,8,B.R,0,HK,0,153,1995,7,0
B.R-identity,0,9,B.R,0,HK,0,164,1995,7,0
B.R-identity,0,12,B.R,0,HK,0,41,1995,7,0
B.R-identity,0,13,B.R,0,HK,0,160,1995,7,0
B.R-identity,0,14,B.R,0,HK,0,60,1995,7,0
B.R-identity,0,15,B.R,0,HK,0,123,1995,7,0
B.R-identity,0,16,B.R,0,HK,0,8,1995,7,0
B.R-identity,0,17,B.R,0,HK,0,5,1995,7,0
B.R-identity,0,18,B.R,0,HK,0,33,1995,7,0
B.R-identity,0,19,B.R,0,HK,0,2,1995,7,0
B.R-identity,0,22,B.R,0,HK,0,21,1995,7,0
B.R-identity,0,0,B.R,0,HK,0,7,1995,8,0
B.R-identity,0,1,B.R,0,HK,0,113,1995,8,0
B.R-identity,0,5,B.R,0,HK,0,1,1995,8,0
B.R-identity,0,6,B.R,0,HK,0,1,1995,8,0
B.R-identity,0,8,B.R,0,HK,0,153,1995,8,0
B.R-identity,0,9,B.R,0,HK,0,164,1995,8,0
B.R-identity,0,12,B.R,0,HK,0,41,1995,8,0
B.R-identity,0,13,B.R,0,HK,0,160,1995,8,0
B.R-identity,0,14,B.R,0,HK,0,60,1995,8,0
B.R-identity,0,15,B.R,0,HK,0,123,1995,8,0
B.R-identity,0,16,B.R,0,HK,0,8,1995,8,0
B.R-identity,0,17,B.R,0,HK,0,5,1995,8,0
B.R-identity,0,18,B.R,0,HK,0,33,1995,8,0
B.R-identity,0,19,B.R,0,HK,0,2,1995,8,0
B.R-identity,0,20,B.R,0,HK,0,66,1995,8,0
B.R-identity,0,22,B.R,0,HK,0,21,1995,8,0
B.R-identity,0,0,B.R,0,HK,0,7,1995,9,0
B.R-identity,0,1,B.R,0,HK,0,113,1995,9,0
B.R-identity,0,3,B.R,0,HK,0,157,1995,9,0
B.R-identity,0,5,B.R,0,HK,0,1,1995,9,0
B.R-identity,0,6,B.R,0,HK,0,1,1995,9,0
B.R-identity,0,8,B.R,0,HK,0,153,1995,9,0
B.R-identity,0,9,B.R,0,HK,0,164,1995,9,0
B.R-identity,0,11,B.R,0,HK,0,61,1995,9,0
B.R-identity,0,12,B.R,0,HK,0,41,1995,9,0
B.R-identity,0,13,B.R,0,HK,0,160,1995,9,0
B.R-identity,0,14,B.R,0,HK,0,60,1995,9,0
B.R-identity,0,15,B.R,0,HK,0,123,1995,9,0
B.R-identity,0,16,B.R,0,HK,0,8,1995,9,0
B.R-identity,0,17,B.R,0,HK,0,5,1995,9,0
B.R-identity,0,18,B.R,0,HK,0,33,1995,9,0
B.R-identity,0,19,B.R,0,HK,0,2,1995,9,0
B.R-identity,0,20,B.R,0,HK,0,66,1995,9,0
B.R-identity,0,22,B.R,0,HK,0,21,1995,9,0
B.R-identity,0,0,B.R,0,HK,0,7,1995,10,0
B.R-identity,0,1,B.R,0,HK,0,113,1995,10,0
B.R-identity,0,2,B.R,0,HK,0,182,1995,10,0
B.R-identity,0,3,B.R,0,HK,0,157,1995,10,0
B.R-identity,0,5,B.R,0,HK,0,1,1995,10,0
B.R-identity,0,6,B.R,0,HK,0,1,1995,10,0
B.R-identity,0,8,B.R,0,HK,0,153,1995,10,0
B.R-identity,0,9,B.R,0,HK,0,164,1995,10,0
B.R-identity,0,11,B.R,0,HK,0,61,1995,10,0
B.R-identity,0,12,B.R,0,HK,0,41,1995,10,0
B.R-identity,0,13,B.R,0,HK,0,160,1995,10,0
B.R-identity,0,14,B.R,0,HK,0,60,1995,10,0
B.R-identity,0,15,B.R,0,HK,0,123,1995,10,0
B.R-identity,0,16,B.R,0,HK,0,8,1995,10,0
B.R-identity,0,17,B.R,0,HK,0,5,1995,10,0
B.R-identity,0,18,B.R,0,HK,0,33,1995,10,0
B.R-identity,0,19,B.R,0,HK,0,2,1995,10,0
B.R-identity,0,20,B.R,0,HK,0,66,1995,10,0
B.R-identity,0,21,B.R,0,HK,0,4,1995,10,0
B.R-identity,0,22,B.R,0,HK,0,21,1995,10,0
B.R-identity,0,0,B.R,0,HK,0,7,1995,11,0
B.R-identity,0,1,B.R,0,HK,0,113,1995,11,0
B.R-identity,0,2,B.R,0,HK,0,182,1995,11,0
B.R-identity,0,3,B.R,0,HK,0,157,1995,11,0
B.R-identity,0,4,B.R,0,HK,0,165,1995,11,0
B.R-identity,0,5,B.R,0,HK,0,1,1995,11,0
B.R-identity,0,6,B.R,0,HK,0,1,1995,11,0
B.R-identity,0,7,B.R,0,HK,0,21,1995,11,0
B.R-identity,0,8,B.R,0,HK,0,153,1995,11,0
B.R-identity,0,9,B.R,0,HK,0,164,1995,11,0
B.R-identity,1,10,B.R,1,HK,0,150,1995,11,0
B.R-identity,0,11,B.R,0,HK,0,61,1995,11,0
B.R-identity,1,12,B.R,1,HK,0,41,1995,11,0
B.R-identity,0,13,B.R,0,HK,0,160,1995,11,0
B.R-identity,0,14,B.R,0,HK,0,60,1995,11,0
B.R-identity,0,15,B.R,0,HK,0,123,1995,11,0
B.R-identity,0,16,B.R,0,HK,0,8,1995,11,0
B.R-identity,0,17,B.R,0,HK,0,5,1995,11,0
B.R-identity,0,18,B.R,0,HK,0,33,1995,11,0
B.R-identity,0,19,B.R,0,HK,0,2,1995,11,0
B.R-identity,1,20,B.R,0,HK,0,66,1995,11,1
B.R-identity,0,21,B.R,0,HK,0,4,1995,11,0
B.R-identity,0,22,B.R,0,HK,0,21,1995,11,0
B.R-zero-prior,0,0,B.R,0,HK,0,7,1993,1,0
B.R-zero-prior,0,4,B.R,0,HK,0,165,1993,1,0
B.R-zero-prior,0,0,B.R,0,HK,0,7,1993,2,0
B.R-zero-prior,0,4,B.R,0,HK,0,165,1993,2,0
B.R-zero-prior,0,8,B.R,0,HK,0,153,1993,2,0
B.R-zero-prior,0,12,B.R,0,HK,0,41,1993,2,0
B.R-zero-prior,0,0,B.R,0,HK,0,7,1993,3,0
B.R-zero-prior,0,2,B.R,0,HK,0,182,1993,3,0
B.R-zero-prior,0,4,B.R,0,HK,0,165,1993,3,0
B.R-zero-prior,0,8,B.R,0,HK,0,153,1993,3,0
B.R-zero-prior,0,11,B.R,0,HK,0,61,1993,3,0
B.R-zero-prior,0,12,B.R,0,HK,0,41,1993,3,0
B.R-zero-prior,0,0,B.R,0,HK,0,7,1993,4,0
B.R-zero-prior,0,2,B.R,0,HK,0,182,1993,4,0
B.R-zero-prior,0,3,B.R,0,HK,0,157,1993,4,0
B.R-zero-prior,0,4,B.R,0,HK,0,165,1993,4,0
B.R-zero-prior,0,8,B.R,0,HK,0,153,1993,4,0
B.R-zero-prior,0,11,B.R,0,HK,0,61,1993,4,0
B.R-zero-prior,0,12,B.R,0,HK,0,41,1993,4,0
B.R-zero-prior,0,17,B.R,0,HK,0,5,1993,4,0
B.R-zero-prior,0,0,B.R,0,HK,0,7,1993,5,0
B.R-zero-prior,0,2,B.R,0,HK,0,182,1993,5,0
B.R-zero-prior,0,3,B.R,0,HK,0,157,1993,5,0
B.R-zero-prior,0,4,B.R,0,HK,0,165,1993,5,0
B.R-zero-prior,0,8,B.R,0,HK,0,153,1993,5,0
B.R-zero-prior,0,11,B.R,0,HK,0,61,1993,5,0
B.R-zero-prior,0,12,B.R,0,HK,0,41,1993,5,0
B.R-zero-prior,0,16,B.R,0,HK,0,8,1993,5,0
B.R-zero-prior,0,17,B.R,0,HK,0,5,1993,5,0
B.R-zero-prior,0,21,B.R,0,HK,0,4,1993,5,0
B.R-zero-prior,0,0,B.R,0,HK,0,7,1993,6,0
B.R-zero-prior,0,2,B.R,0,HK,0,182,1993,6,0
B.R-zero-prior,0,3,B.R,0,HK,0,157,1993,6,0
B.R-zero-prior,0,4,B.R,0,HK,0,165,1993,6,0
B.R-zero-prior,0,8,B.R,0,HK,0,153,1993,6,0
B.R-zero-prior,0,11,B.R,0,HK,0,61,1993,6,0
B.R-zero-prior,0,12,B.R,0,HK,0,41,1993,6,0
B.R-zero-prior,0,13,B.R,0,HK,0,160,1993,6,0
B.R-zero-prior,0,16,B.R,0,HK,0,8,1993,6,0
B.R-zero-prior,0,17,B.R,0,HK,0,5,1993,6,0
B.R-zero-prior,0,21,B.R,0,HK,0,4,1993,6,0
B.R-zero-prior,0,22,B.R,0,HK,0,21,1993,6,0
B.R-zero-prior,0,0,B.R,0,HK,0,7,1993,7,0
B.R-zero-prior,0,2,B.R,0,HK,0,182,1993,7,0
B.R-zero-prior,0,3,B.R,0,HK,0,157,1993,7,0
B.R-zero-prior,0,4,B.R,0,HK,0,165,1993,7,0
B.R-zero-prior,0,8,B.R,0,HK,0,153,1993,7,0
B.R-zero-prior,0,11,B.R,0,HK,0,61,1993,7,0
B.R-zero-prior,0,12,B.R,0,HK,0,41,1993,7,0
B.R-zero-prior,0,13,B.R,0,HK,0,160,1993,7,0
B.R-zero-prior,0,14,B.R,0,HK,0,60,1993,7,0
B.R-zero-prior,0,16,B.R,0,HK,0,8,1993,7,0
B.R-zero-prior,0,17,B.R,0,HK,0,5,1993,7,0
B.R-zero-prior,0,18,B.R,0,HK,0,33,1993,7,0
B.R-zero-prior,0,21,B.R,0,HK,0,4,1993,7,0
B.R-zero-prior,0,22,B.R,0,HK,0,21,1993,7,0
B.R-zero-prior,0,0,B.R,0,HK,0,7,1993,8,0
B.R-zero-prior,0,2,B.R,0,HK,0,182,1993,8,0
B.R-zero-prior,0,3,B.R,0,HK,0,157,1993,8,0
B.R-zero-prior,0,4,B.R,0,HK,0,165,1993,8,0
B.R-zero-prior,0,8,B.R,0,HK,0,153,1993,8,0
B.R-zero-prior,0,9,B.R,0,HK,0,164,1993,8,0
B.R-zero-prior,0,11,B.R,0,HK,0,61,1993,8,0
B.R-zero-prior,0,12,B.R,0,HK,0,41,1993,8,0
B.R-zero-prior,0,13,B.R,0,HK,0,160,1993,8,0
B.R-zero-prior,0,14,B.R,0,HK,0,60,1993,8,0
B.R-zero-prior,0,16,B.R,0,HK,0,8,1993,8,0
B.R-zero-prior,0,17,B.R,0,HK,0,5,1993,8,0
B.R-zero-prior,0,18,B.R,0,HK,0,33,1993,8,0
B.R-zero-prior,0,19,B.R,0,HK,0,2,1993,8,0
B.R-zero-prior,0,21,B.R,0,HK,0,4,1993,8,0
B.R-zero-prior,0,22,B.R,0,HK,0,21,1993,8,0
B.R-zero-prior,0,0,B.R,0,HK,0,7,1993,9,0
B.R-zero-prior,0,2,B.R,0,HK,0,182,1993,9,0
B.R-zero-prior,0,3,B.R,0,HK,0,157,1993,9,0
B.R-zero-prior,0,4,B.R,0,HK,0,165,1993,9,0
B.R-zero-prior,0,6,B.R,0,HK,0,1,1993,9,0
B.R-zero-prior,0,8,B.R,0,HK,0,153,1993,9,0
B.R-zero-prior,0,9,B.R,0,HK,0,164,1993,9,0
B.R-zero-prior,0,11,B.R,0,HK,0,61,1993,9,0
B.R-zero-prior,0,12,B.R,0,HK,0,41,1993,9,0
B.R-zero-prior,0,13,B.R,0,HK,0,160,1993,9,0
B.R-zero-prior,0,14,B.R,0,HK,0,60,1993,9,0
B.R-zero-prior,0,15,B.R,0,HK,0,123,1993,9,0
B.R-zero-prior,0,16,B.R,0,HK,0,8,1993,9,0
B.R-zero-prior,0,17,B.R,0,HK,0,5,1993,9,0
B.R-zero-prior,0,18,B.R,0,HK,0,33,1993,9,0
B.R-zero-prior,0,19,B.R,0,HK,0,2,1993,9,0
B.R-zero-prior,0,21,B.R,0,HK,0,4,1993,9,0
B.R-zero-prior,0,22,B.R,0,HK,0,21,1993,9,0
B.R-zero-prior,0,0,B.R,0,HK,0,7,1993,10,0
B.R-zero-prior,0,2,B.R,0,HK,0,182,1993,10,0
B.R-zero-prior,0,3,B.R,0,HK,0,157,1993,10,0
B.R-zero-prior,0,4,B.R,0,HK,0,165,1993,10,0
B.R-zero-prior,0,5,B.R,0,HK,0,1,1993,10,0
B.R-zero-prior,0,6,B.R,0,HK,0,1,1993,10,0
B.R-zero-prior,0,8,B.R,0,HK,0,153,1993,10,0
B.R-zero-prior,0,9,B.R,0,HK,0,164,1993,10,0
B.R-zero-prior,0,11,B.R,0,HK,0,61,1993,10,0
B.R-zero-prior,0,12,B.R,0,HK,0,41,1993,10,0
B.R-zero-prior,0,13,B.R,0,HK,0,160,1993,10,0
B.R-zero-prior,0,14,B.R,0,HK,0,60,1993,10,0
B.R-zero-prior,0,15,B.R,0,HK,0,123,1993,10,0
B.R-zero-prior,0,16,B.R,0,HK,0,8,1993,10,0
B.R-zero-prior,0,17,B.R,0,HK,0,5,1993,10,0
B.R-zero-prior,0,18,B.R,0,HK,0,33,1993,10,0
B.R-zero-prior,0,19,B.R,0,HK,0,2,1993,10,0
B.R-zero-prior,0,20,B.R,0,HK,0,66,1993,10,0
B.R-zero-prior,0,21,B.R,0,HK,0,4,1993,10,0
B.R-zero-prior,0,22,B.R,0,HK,0,21,1993,10,0
B.R-zero-prior,0,0,B.R,0,HK,0,7,1993,11,0
B.R-zero-prior,0,1,B.R,0,HK,0,113,1993,11,0
B.R-zero-prior,0,2,B.R,0,HK,0,182,1993,11,0
B.R-zero-prior,0,3,B.R,0,HK,0,157,1993,11,0
B.R-zero-prior,0,4,B.R,0,HK,0,165,1993,11,0
B.R-zero-prior,0,5,B.R,0,HK,0,1,1993,11,0
B.R-zero-prior,0,6,B.R,0,HK,0,1,1993,11,0
B.R-zero-prior,0,7,B.R,0,HK,0,21,1993,11,0
B.R-zero-prior,0,8,B.R,0,HK,0,153,1993,11,0
B.R-zero-prior,0,9,B.R,0,HK,0,164,1993,11,0
B.R-zero-prior,0,10,B.R,0,HK,0,150,1993,11,0
B.R-zero-prior,0,11,B.R,0,HK,0,61,1993,11,0
B.R-zero-prior,0,12,B.R,0,HK,0,41,1993,11,0
B.R-zero-prior,0,13,B.R,0,HK,0,160,1993,11,0
B.R-zero-prior,0,14,B.R,0,HK,0,60,1993,11,0
B.R-zero-prior,0,15,B.R,0,HK,0,123,1993,11,0
B.R-zero-prior,0,16,B.R,0,HK,0,8,1993,11,0
B.R-zero-prior,0,17,B.R,0,HK,0,5,1993,11,0
B.R-zero-prior,0,18,B.R,0,HK,0,33,1993,11,0
B.R-zero-prior,1,19,B.R,0,HK,0,2,1993,11,1
B.R-zero-prior,0,20,B.R,0,HK,0,66,1993,11,0
B.R-zero-prior,0,21,B.R,0,HK,0,4,1993,11,0
B.R-zero-prior,0,22,B.R,0,HK,0,21,1993,11,0
B.R-zero-prior,0,16,B.R,0,HK,0,8,1994,1,0
B.R-zero-prior,0,22,B.R,0,HK,0,21,1994,1,0
B.R-zero-prior,0,12,B.R,0,HK,0,41,1994,2,0
B.R-zero-prior,0,13,B.R,0,HK,0,160,1994,2,0
B.R-zero-prior,0,16,B.R,0,HK,0,8,1994,2,0
B.R-zero-prior,0,22,B.R,0,HK,0,21,1994,2,0
B.R-zero-prior,0,4,B.R,0,HK,0,165,1994,3,0
B.R-zero-prior,0,12,B.R,0,HK,0,41,1994,3,0
B.R-zero-prior,0,13,B.R,0,HK,0,160,1994,3,0
B.R-zero-prior,0,16,B.R,0,HK,0,8,1994,3,0
B.R-zero-prior,0,21,B.R,0,HK,0,4,1994,3,0
B.R-zero-prior,0,22,B.R,0,HK,0,21,1994,3,0
B.R-zero-prior,0,4,B.R,0,HK,0,165,1994,4,0
B.R-zero-prior,0,12,B.R,0,HK,0,41,1994,4,0
B.R-zero-prior,0,13,B.R,0,HK,0,160,1994,4,0
B.R-zero-prior,0,16,B.R,0,HK,0,8,1994,4,0
B.R-zero-prior,0,17,B.R,0,HK,0,5,1994,4,0
B.R-zero-prior,0,19,B.R,0,HK,0,2,1994,4,0
B.R-zero-prior,0,21,B.R,0,HK,0,4,1994,4,0
B.R-zero-prior,0,22,B.R,0,HK,0,21,1994,4,0
B.R-zero-prior,0,4,B.R,0,HK,0,165,1994,5,0
B.R-zero-prior,0,6,B.R,0,HK,0,1,1994,5,0
B.R-zero-prior,0,11,B.R,0,HK,0,61,1994,5,0
B.R-zero-prior,0,12,B.R,0,HK,0,41,1994,5,0
B.R-zero-prior,0,13,B.R,0,HK,0,160,1994,5,0
B.R-zero-prior,0,16,B.R,0,HK,0,8,1994,5,0
B.R-zero-prior,0,17,B.R,0,HK,0,5,1994,5,0
B.R-zero-prior,0,19,B.R,0,HK,0,2,1994,5,0
B.R-zero-prior,0,21,B.R,0,HK,0,4,1994,5,0
B.R-zero-prior,0,22,B.R,0,HK,0,21,1994,5,0
B.R-zero-prior,0,3,B.R,0,HK,0,157,1994,6,0
B.R-zero-prior,0,4,B.R,0,HK,0,165,1994,6,0
B.R-zero-prior,0,6,B.R,0,HK,0,1,1994,6,0
B.R-zero-prior,0,11,B.R,0,HK,0,61,1994,6,0
B.R-zero-prior,0,12,B.R,0,HK,0,41,1994,6,0
B.R-zero-prior,0,13,B.R,0,HK,0,160,1994,6,0
B.R-zero-prior,0,15,B.R,0,HK,0,123,1994,6,0
B.R-zero-prior,0,16,B.R,0,HK,0,8,1994,6,0
B.R-zero-prior,0,17,B.R,0,HK,0,5,1994,6,0
B.R-zero-prior,0,19,B.R,0,HK,0,2,1994,6,0
B.R-zero-prior,0,21,B.R,0,HK,0,4,1994,6,0
B.R-zero-prior,0,22,B.R,0,HK,0,21,1994,6,0
B.R-zero-prior,0,0,B.R,0,HK,0,7,1994,7,0
B.R-zero-prior,0,3,B.R,0,HK,0,157,1994,7,0
B.R-zero-prior,0,4,B.R,0,HK,0,165,1994,7,0
B.R-zero-prior,0,6,B.R,0,HK,0,1,1994,7,0
B.R-zero-prior,0,9,B.R,0,HK,0,164,1994,7,0
B.R-zero-prior,0,11,B.R,0,HK,0,61,1994,7,0
B.R-zero-prior,0,12,B.R,0,HK,0,41,1994,7,0
B.R-zero-prior,0,13,B.R,0,HK,0,160,1994,7,0
B.R-zero-prior,0,15,B.R,0,HK,0,123,1994,7,0
B.R-zero-prior,0,16,B.R,0,HK,0,8,1994,7,0
B.R-zero-prior,0,17,B.R,0,HK,0,5,1994,7,0
B.R-zero-prior,0,19,B.R,0,HK,0,2,1994,7,0
B.R-zero-prior,0,21,B.R,0,HK,0,4,1994,7,0
B.R-zero-prior,0,22,B.R,0,HK,0,21,1994,7,0
B.R-zero-prior,0,0,B.R,0,HK,0,7,1994,8,0
B.R-zero-prior,0,3,B.R,0,HK,0,157,1994,8,0
B.R-zero-prior,0,4,B.R,0,HK,0,165,1994,8,0
B.R-zero-prior,0,5,B.R,0,HK,0,1,1994,8,0
B.R-zero-prior,0,6,B.R,0,HK,0,1,1994,8,0
B.R-zero-prior,0,7,B.R,0,HK,0,21,1994,8,0
B.R-zero-prior,0,9,B.R,0,HK,0,164,1994,8,0
B.R-zero-prior,0,11,B.R,0,HK,0,61,1994,8,0
B.R-zero-prior,0,12,B.R,0,HK,0,41,1994,8,0
B.R-zero-prior,0,13,B.R,0,HK,0,160,1994,8,0
B.R-zero-prior,0,15,B.R,0,HK,0,123,1994,8,0
B.R-zero-prior,0,16,B.R,0,HK,0,8,1994,8,0
B.R-zero-prior,0,17,B.R,0,HK,0,5,1994,8,0
B.R-zero-prior,0,19,B.R,0,HK,0,2,1994,8,0
B.R-zero-prior,0,21,B.R,0,HK,0,4,1994,8,0
B.R-zero-prior,0,22,B.R,0,HK,0,21,1994,8,0
B.R-zero-prior,0,0,B.R,0,HK,0,7,1994,9,0
B.R-zero-prior,0,1,B.R,0,HK,0,113,1994,9,0
B.R-zero-prior,0,3,B.R,0,HK,0,157,1994,9,0
B.R-zero-prior,0,4,B.R,0,HK,0,165,1994,9,0
B.R-zero-prior,0,5,B.R,0,HK,0,1,1994,9,0
B.R-zero-prior,0,6,B.R,0,HK,0,1,1994,9,0
B.R-zero-prior,0,7,B.R,0,HK,0,21,1994,9,0
B.R-zero-prior,0,9,B.R,0,HK,0,164,1994,9,0
B.R-zero-prior,0,11,B.R,0,HK,0,61,1994,9,0
B.R-zero-prior,0,12,B.R,0,HK,0,41,1994,9,0
B.R-zero-prior,0,13,B.R,0,HK,0,160,1994,9,0
B.R-zero-prior,0,15,B.R,0,HK,0,123,1994,9,0
B.R-zero-prior,0,16,B.R,0,HK,0,8,1994,9,0
B.R-zero-prior,0,17,B.R,0,HK,0,5,1994,9,0
B.R-zero-prior,0,18,B.R,0,HK,0,33,1994,9,0
B.R-zero-prior,0,19,B.R,0,HK,0,2,1994,9,0
B.R-zero-prior,0,21,B.R,0,HK,0,4,1994,9,0
B.R-zero-prior,0,22,B.R,0,HK,0,21,1994,9,0
B.R-zero-prior,0,0,B.R,0,HK,0,7,1994,10,0
B.R-zero-prior,0,1,B.R,0,HK,0,113,1994,10,0
B.R-zero-prior,0,3,B.R,0,HK,0,157,1994,10,0
B.R-zero-prior,0,4,B.R,0,HK,0,165,1994,10,0
B.R-zero-prior,0,5,B.R,0,HK,0,1,1994,10,0
B.R-zero-prior,0,6,B.R,0,HK,0,1,1994,10,0
B.R-zero-prior,0,7,B.R,0,HK,0,21,1994,10,0
B.R-zero-prior,0,9,B.R,0,HK,0,164,1994,10,0
B.R-zero-prior,0,10,B.R,0,HK,0,150,1994,10,0
B.R-zero-prior,0,11,B.R,0,HK,0,61,1994,10,0
B.R-zero-prior,0,12,B.R,0,HK,0,41,1994,10,0
B.R-zero-prior,0,13,B.R,0,HK,0,160,1994,10,0
B.R-zero-prior,0,14,B.R,0,HK,0,60,1994,10,0
B.R-zero-prior,0,15,B.R,0,HK,0,123,1994,10,0
B.R-zero-prior,0,16,B.R,0,HK,0,8,1994,10,0
B.R-zero-prior,0,17,B.R,0,HK,0,5,1994,10,0
B.R-zero-prior,0,18,B.R,0,HK,0,33,1994,10,0
B.R-zero-prior,0,19,B.R,0,HK,0,2,1994,10,0
B.R-zero-prior,0,21,B.R,0,HK,0,4,1994,10,0
B.R-zero-prior,0,22,B.R,0,HK,0,21,1994,10,0
B.R-zero-prior,0,0,B.R,0,HK,0,7,1994,11,0
B.R-zero-prior,0,1,B.R,0,HK,0,113,1994,11,0
B.R-zero-prior,0,2,B.R,0,HK,0,182,1994,11,0
B.R-zero-prior,0,3,B.R,0,HK,0,157,1994,11,0
B.R-zero-prior,0,4,B.R,0,HK,0,165,1994,11,0
B.R-zero-prior,0,5,B.R,0,HK,0,1,1994,11,0
B.R-zero-prior,0,6,B.R,0,HK,0,1,1994,11,0
B.R-zero-prior,0,7,B.R,0,HK,0,21,1994,11,0
B.R-zero-prior,0,8,B.R,0,HK,0,153,1994,11,0
B.R-zero-prior,0,9,B.R,0,HK,0,164,1994,11,0
B.R-zero-prior,0,10,B.R,0,HK,0,150,1994,11,0
B.R-zero-prior,0,11,B.R,0,HK,0,61,1994,11,0
B.R-zero-prior,0,12,B.R,0,HK,0,41,1994,11,0
B.R-zero-prior,0,13,B.R,0,HK,0,160,1994,11,0
B.R-zero-prior,0,14,B.R,0,HK,0,60,1994,11,0
B.R-zero-prior,0,15,B.R,0,HK,0,123,1994,11,0
B.R-zero-prior,0,16,B.R,0,HK,0,8,1994,11,0
B.R-zero-prior,0,17,B.R,0,HK,0,5,1994,11,0
B.R-zero-prior,0,18,B.R,0,HK,0,33,1994,11,0
B.R-zero-prior,0,19,B.R,0,HK,0,2,1994,11,0
B.R-zero-prior,0,20,B.R,0,HK,0,66,1994,11,0
B.R-zero-prior,0,21,B.R,0,HK,0,4,1994,11,0
B.R-zero-prior,0,22,B.R,0,HK,0,21,1994,11,0
B.R-zero-prior,0,9,B.R,0,HK,0,164,1995,1,0
B.R-zero-prior,0,13,B.R,0,HK,0,160,1995,1,0
B.R-zero-prior,0,9,B.R,0,HK,0,164,1995,2,0
B.R-zero-prior,0,13,B.R,0,HK,0,160,1995,2,0
B.R-zero-prior,0,14,B.R,0,HK,0,60,1995,2,0
B.R-zero-prior,0,16,B.R,0,HK,0,8,1995,2,0
B.R-zero-prior,0,5,B.R,0,HK,0,1,1995,3,0
B.R-zero-prior,0,9,B.R,0,HK,0,164,1995,3,0
B.R-zero-prior,0,13,B.R,0,HK,0,160,1995,3,0
B.R-zero-prior,0,14,B.R,0,HK,0,60,1995,3,0
B.R-zero-prior,0,15,B.R,0,HK,0,123,1995,3,0
B.R-zero-prior,0,16,B.R,0,HK,0,8,1995,3,0
B.R-zero-prior,0,1,B.R,0,HK,0,113,1995,4,0
B.R-zero-prior,0,5,B.R,0,HK,0,1,1995,4,0
B.R-zero-prior,0,9,B.R,0,HK,0,164,1995,4,0
B.R-zero-prior,0,12,B.R,0,HK,0,41,1995,4,0
B.R-zero-prior,0,13,B.R,0,HK,0,160,1995,4,0
B.R-zero-prior,0,14,B.R,0,HK,0,60,1995,4,0
B.R-zero-prior,0,15,B.R,0,HK,0,123,1995,4,0
B.R-zero-prior,0,16,B.R,0,HK,0,8,1995,4,0
B.R-zero-prior,0,1,B.R,0,HK,0,113,1995,5,0
B.R-zero-prior,0,5,B.R,0,HK,0,1,1995,5,0
B.R-zero-prior,0,8,B.R,0,HK,0,153,1995,5,0
B.R-zero-prior,0,9,B.R,0,HK,0,164,1995,5,0
B.R-zero-prior,0,12,B.R,0,HK,0,41,1995,5,0
B.R-zero-prior,0,13,B.R,0,HK,0,160,1995,5,0
B.R-zero-prior,0,14,B.R,0,HK,0,60,1995,5,0
B.R-zero-prior,0,15,B.R,0,HK,0,123,1995,5,0
B.R-zero-prior,0,16,B.R,0,HK,0,8,1995,5,0
B.R-zero-prior,0,22,B.R,0,HK,0,21,1995,5,0
B.R-zero-prior,0,1,B.R,0,HK,0,113,1995,6,0
B.R-zero-prior,0,5,B.R,0,HK,0,1,1995,6,0
B.R-zero-prior,0,8,B.R,0,HK,0,153,1995,6,0
B.R-zero-prior,0,9,B.R,0,HK,0,164,1995,6,0
B.R-zero-prior,0,12,B.R,0,HK,0,41,1995,6,0
B.R-zero-prior,0,13,B.R,0,HK,0,160,1995,6,0
B.R-zero-prior,0,14,B.R,0,HK,0,60,1995,6,0
B.R-zero-prior,0,15,B.R,0,HK,0,123,1995,6,0
B.R-zero-prior,0,16,B.R,0,HK,0,8,1995,6,0
B.R-zero-prior,0,17,B.R,0,HK,0,5,1995,6,0
B.R-zero-prior,0,19,B.R,0,HK,0,2,1995,6,0
B.R-zero-prior,0,22,B.R,0,HK,0,21,1995,6,0
B.R-zero-prior,0,1,B.R,0,HK,0,113,1995,7,0
B.R-zero-prior,0,5,B.R,0,HK,0,1,1995,7,0
B.R-zero-prior,0,6,B.R,0,HK,0,1,1995,7,0
B.R-zero-prior,0,8,B.R,0,HK,0,153,1995,7,0
B.R-zero-prior,0,9,B.R,0,HK,0,164,1995,7,0
B.R-zero-prior,0,12,B.R,0,HK,0,41,1995,7,0
B.R-zero-prior,0,13,B.R,0,HK,0,160,1995,7,0
B.R-zero-prior,0,14,B.R,0,HK,0,60,1995,7,0
B.R-zero-prior,0,15,B.R,0,HK,0,123,1995,7,0
B.R-zero-prior,0,16,B.R,0,HK,0,8,1995,7,0
B.R-zero-prior,0,17,B.R,0,HK,0,5,1995,7,0
B.R-zero-prior,0,18,B.R,0,HK,0,33,1995,7,0
B.R-zero-prior,0,19,B.R,0,HK,0,2,1995,7,0
B.R-zero-prior,0,22,B.R,0,HK,0,21,1995,7,0
B.R-zero-prior,0,0,B.R,0,HK,0,7,1995,8,0
B.R-zero-prior,0,1,B.R,0,HK,0,113,1995,8,0
B.R-zero-prior,0,5,B.R,0,HK,0,1,1995,8,0
B.R-zero-prior,0,6,B.R,0,HK,0,1,1995,8,0
B.R-zero-prior,0,8,B.R,0,HK,0,153,1995,8,0
B.R-zero-prior,0,9,B.R,0,HK,0,164,1995,8,0
B.R-zero-prior,0,12,B.R,0,HK,0,41,1995,8,0
B.R-zero-prior,0,13,B.R,0,HK,0,160,1995,8,0
B.R-zero-prior,0,14,B.R,0,HK,0,60,1995,8,0
B.R-zero-prior,0,15,B.R,0,HK,0,123,1995,8,0
B.R-zero-prior,0,16,B.R,0,HK,0,8,1995,8,0
B.R-zero-prior,0,17,B.R,0,HK,0,5,1995,8,0
B.R-zero-prior,0,18,B.R,0,HK,0,33,1995,8,0
B.R-zero-prior,0,19,B.R,0,HK,0,2,1995,8,0
B.R-zero-prior,1,20,B.R,0,HK,1,66,1995,8,0
B.R-zero-prior,0,22,B.R,0,HK,0,21,1995,8,0
B.R-zero-prior,0,0,B.R,0,HK,0,7,1995,9,0
B.R-zero-prior,0,1,B.R,0,HK,0,113,1995,9,0
B.R-zero-prior,0,3,B.R,0,HK,0,157,1995,9,0
B.R-zero-prior,0,5,B.R,0,HK,0,1,1995,9,0
B.R-zero-prior,0,6,B.R,0,HK,0,1,1995,9,0
B.R-zero-prior,0,8,B.R,0,HK,0,153,1995,9,0
B.R-zero-prior,0,9,B.R,0,HK,0,164,1995,9,0
B.R-zero-prior,0,11,B.R,0,HK,0,61,1995,9,0
B.R-zero-prior,0,12,B.R,0,HK,0,41,1995,9,0
B.R-zero-prior,0,13,B.R,0,HK,0,160,1995,9,0
B.R-zero-prior,0,14,B.R,0,HK,0,60,1995,9,0
B.R-zero-prior,0,15,B.R,0,HK,0,123,1995,9,0
B.R-zero-prior,0,16,B.R,0,HK,0,8,1995,9,0
B.R-zero-prior,0,17,B.R,0,HK,0,5,1995,9,0
B.R-zero-prior,0,18,B.R,0,HK,0,33,1995,9,0
B.R-zero-prior,0,19,B.R,0,HK,0,2,1995,9,0
B.R-zero-prior,0,20,B.R,0,HK,0,66,1995,9,0
B.R-zero-prior,0,22,B.R,0,HK,0,21,1995,9,0
B.R-zero-prior,0,0,B.R,0,HK,0,7,1995,10,0
B.R-zero-prior,0,1,B.R,0,HK,0,113,1995,10,0
B.R-zero-prior,0,2,B.R,0,HK,0,182,1995,10,0
B.R-zero-prior,0,3,B.R,0,HK,0,157,1995,10,0
B.R-zero-prior,0,5,B.R,0,HK,0,1,1995,10,0
B.R-zero-prior,0,6,B.R,0,HK,0,1,1995,10,0
B.R-zero-prior,0,8,B.R,0,HK,0,153,1995,10,0
B.R-zero-prior,0,9,B.R,0,HK,0,164,1995,10,0
B.R-zero-prior,0,11,B.R,0,HK,0,61,1995,10,0
B.R-zero-prior,0,12,B.R,0,HK,0,41,1995,10,0
B.R-zero-prior,0,13,B.R,0,HK,0,160,1995,10,0
B.R-zero-prior,0,14,B.R,0,HK,0,60,1995,10,0
B.R-zero-prior,0,15,B.R,0,HK,0,123,1995,10,0
B.R-zero-prior,0,16,B.R,0,HK,0,8,1995,10,0
B.R-zero-prior,0,17,B.R,0,HK,0,5,1995,10,0
B.R-zero-prior,0,18,B.R,0,HK,0,33,1995,10,0
B.R-zero-prior,0,19,B.R,0,HK,0,2,1995,10,0
B.R-zero-prior,0,20,B.R,0,HK,0,66,1995,10,0
B.R-zero-prior,0,21,B.R,0,HK,0,4,1995,10,0
B.R-zero-prior,0,22,B.R,0,HK,0,21,1995,10,0
B.R-zero-prior,0,0,B.R,0,HK,0,7,1995,11,0
B.R-zero-prior,0,1,B.R,0,HK,0,113,1995,11,0
B.R-zero-prior,0,2,B.R,0,HK,0,182,1995,11,0
B.R-zero-prior,0,3,B.R,0,HK,0,157,1995,11,0
B.R-zero-prior,0,4,B.R,0,HK,0,165,1995,11,0
B.R-zero-prior,0,5,B.R,0,HK,0,1,1995,11,0
B.R-zero-prior,0,6,B.R,0,HK,0,1,1995,11,0
B.R-zero-prior,0,7,B.R,0,HK,0,21,1995,11,0
B.R-zero-prior,0,8,B.R,0,HK,0,153,1995,11,0
B.R-zero-prior,0,9,B.R,0,HK,0,164,1995,11,0
B.R-zero-prior,0,10,B.R,0,HK,0,150,1995,11,0
B.R-zero-prior,0,11,B.R,0,HK,0,61,1995,11,0
B.R-zero-prior,0,12,B.R,0,HK,0,41,1995,11,0
B.R-zero-prior,0,13,B.R,0,HK,0,160,1995,11,0
B.R-zero-prior,0,14,B.R,0,HK,0,60,1995,11,0
B.R-zero-prior,0,15,B.R,0,HK,0,123,1995,11,0
B.R-zero-prior,0,16,B.R,0,HK,0,8,1995,11,0
B.R-zero-prior,0,17,B.R,0,HK,0,5,1995,11,0
B.R-zero-prior,0,18,B.R,0,HK,0,33,1995,11,0
B.R-zero-prior,0,19,B.R,0,HK,0,2,1995,11,0
B.R-zero-prior,0,20,B.R,0,HK,0,66,1995,11,0
B.R-zero-prior,0,21,B.R,0,HK,0,4,1995,11,0
B.R-zero-prior,0,22,B.R,0,HK,0,21,1995,11,0
B.L,0,0,B.L-permute,0,HK,0,7,1993,1,0
B.L,0,4,B.L-permute,0,HK,0,165,1993,1,0
B.L,0,0,B.L-permute,0,HK,0,7,1993,2,0
B.L,0,4,B.L-permute,0,HK,0,165,1993,2,0
B.L,0,8,B.L-permute,0,HK,0,153,1993,2,0
B.L,3,12,B.L-permute,3,HK,0,41,1993,2,0
B.L,0,0,B.L-permute,0,HK,0,7,1993,3,0
B.L,0,2,B.L-permute,0,HK,0,182,1993,3,0
B.L,0,4,B.L-permute,0,HK,0,165,1993,3,0
B.L,0,8,B.L-permute,0,HK,0,153,1993,3,0
B.L,12,11,B.L-permute,12,HK,0,61,1993,3,0
B.L,5,12,B.L-permute,0,HK,4,41,1993,3,1
B.L,1,0,B.L-permute,1,HK,0,7,1993,4,0
B.L,0,2,B.L-permute,0,HK,0,182,1993,4,0
B.L,5,3,B.L-permute,3,HK,2,157,1993,4,0
B.L,5,4,B.L-permute,0,HK,5,165,1993,4,0
B.L,0,8,B.L-permute,0,HK,0,153,1993,4,0
B.L,7,11,B.L-permute,7,HK,0,61,1993,4,0
B.L,3,12,B.L-permute,0,HK,3,41,1993,4,0
B.L,0,17,B.L-permute,0,HK,0,5,1993,4,0
B.L,1,0,B.L-permute,0,HK,0,7,1993,5,1
B.L,0,2,B.L-permute,0,HK,0,182,1993,5,0
B.L,5,3,B.L-permute,3,HK,2,157,1993,5,0
B.L,3,4,B.L-permute,0,HK,3,165,1993,5,0
B.L,1,8,B.L-permute,1,HK,0,153,1993,5,0
B.L,15,11,B.L-permute,14,HK,0,61,1993,5,1
B.L,0,12,B.L-permute,0,HK,0,41,1993,5,0
B.L,1,16,B.L-permute,0,HK,0,8,1993,5,1
B.L,0,17,B.L-permute,0,HK,0,5,1993,5,0
B.L,0,21,B.L-permute,0,HK,0,4,1993,5,0
B.L,1,0,B.L-permute,0,HK,1,7,1993,6,0
B.L,0,2,B.L-permute,0,HK,0,182,1993,6,0
B.L,7,3,B.L-permute,5,HK,2,157,1993,6,0
B.L,2,4,B.L-permute,0,HK,2,165,1993,6,0
B.L,1,8,B.L-permute,1,HK,0,153,1993,6,0
B.L,15,11,B.L-permute,13,HK,0,61,1993,6,2
B.L,1,12,B.L-permute,0,HK,1,41,1993,6,0
B.L,4,13,B.L-permute,4,HK,0,160,1993,6,0
B.L,3,16,B.L-permute,2,HK,0,8,1993,6,1
B.L,0,17,B.L-permute,0,HK,0,5,1993,6,0
B.L,0,21,B.L-permute,0,HK,0,4,1993,6,0
B.L,1,22,B.L-permute,0,HK,1,21,1993,6,0
B.L,1,0,B.L-permute,0,HK,0,7,1993,7,1
B.L,0,2,B.L-permute,0,HK,0,182,1993,7,0
B.L,4,3,B.L-permute,3,HK,1,157,1993,7,0
B.L,1,4,B.L-permute,0,HK,1,165,1993,7,0
B.L,1,8,B.L-permute,1,HK,0,153,1993,7,0
B.L,17,11,B.L-permute,16,HK,0,61,1993,7,1
B.L,2,12,B.L-permute,0,HK,1,41,1993,7,1
B.L,3,13,B.L-permute,3,HK,0,160,1993,7,0
B.L,0,14,B.L-permute,0,HK,0,60,1993,7,0
B.L,1,16,B.L-permute,0,HK,0,8,1993,7,1
B.L,2,17,B.L-permute,2,HK,0,5,1993,7,0
B.L,4,18,B.L-permute,0,HK,4,33,1993,7,0
B.L,0,21,B.L-permute,0,HK,0,4,1993,7,0
B.L,1,22,B.L-permute,0,HK,1,21,1993,7,0
B.L,0,0,B.L-permute,0,HK,0,7,1993,8,0
B.L,0,2,B.L-permute,0,HK,0,182,1993,8,0
B.L,5,3,B.L-permute,4,HK,1,157,1993,8,0
B.L,2,4,B.L-permute,0,HK,2,165,1993,8,0
B.L,2,8,B.L-permute,2,HK,0,153,1993,8,0
B.L,0,9,B.L-permute,0,HK,0,164,1993,8,0
B.L,8,11,B.L-permute,4,HK,1,61,1993,8,3
B.L,1,12,B.L-permute,0,HK,1,41,1993,8,0
B.L,1,13,B.L-permute,1,HK,0,160,1993,8,0
B.L,0,14,B.L-permute,0,HK,0,60,1993,8,0
B.L,1,16,B.L-permute,0,HK,0,8,1993,8,1
B.L,3,17,B.L-permute,2,HK,0,5,1993,8,1
B.L,4,18,B.L-permute,0,HK,3,33,1993,8,1
B.L,1,19,B.L-permute,0,HK,0,2,1993,8,1
B.L,0,21,B.L-permute,0,HK,0,4,1993,8,0
B.L,0,22,B.L-permute,0,HK,0,21,1993,8,0
B.L,1,0,B.L-permute,0,HK,0,7,1993,9,1
B.L,0,2,B.L-permute,0,HK,0,182,1993,9,0
B.L,4,3,B.L-permute,3,HK,1,157,1993,9,0
B.L,2,4,B.L-permute,0,HK,2,165,1993,9,0
B.L,0,6,B.L-permute,0,HK,0,1,1993,9,0
B.L,1,8,B.L-permute,0,HK,1,153,1993,9,0
B.L,0,9,B.L-permute,0,HK,0,164,1993,9,0
B.L,10,11,B.L-permute,6,HK,1,61,1993,9,3
B.L,2,12,B.L-permute,0,HK,1,41,1993,9,1
B.L,2,13,B.L-permute,1,HK,0,160,1993,9,1
B.L,0,14,B.L-permute,0,HK,0,60,1993,9,0
B.L,0,15,B.L-permute,0,HK,0,123,1993,9,0
B.L,1,16,B.L-permute,0,HK,0,8,1993,9,1
B.L,2,17,B.L-permute,2,HK,0,5,1993,9,0
B.L,3,18,B.L-permute,0,HK,2,33,1993,9,1
B.L,0,19,B.L-permute,0,HK,0,2,1993,9,0
B.L,0,21,B.L-permute,0,HK,0,4,1993,9,0
B.L,1,22,B.L-permute,0,HK,1,21,1993,9,0
B.L,1,0,B.L-permute,0,HK,0,7,1993,10,1
B.L,0,2,B.L-permute,0,HK,0,182,1993,10,0
B.L,5,3,B.L-permute,3,HK,2,157,1993,10,0
B.L,2,4,B.L-permute,0,HK,2,165,1993,10,0
B.L,0,5,B.L-permute,0,HK,0,1,1993,10,0
B.L,0,6,B.L-permute,0,HK,0,1,1993,10,0
B.L,3,8,B.L-permute,1,HK,2,153,1993,10,0
B.L,0,9,B.L-permute,0,HK,0,164,1993,10,0
B.L,10,11,B.L-permute,6,HK,1,61,1993,10,3
B.L,2,12,B.L-permute,0,HK,1,41,1993,10,1
B.L,3,13,B.L-permute,3,HK,0,160,1993,10,0
B.L,0,14,B.L-permute,0,HK,0,60,1993,10,0
B.L,0,15,B.L-permute,0,HK,0,123,1993,10,0
B.L,1,16,B.L-permute,0,HK,0,8,1993,10,1
B.L,2,17,B.L-permute,2,HK,0,5,1993,10,0
B.L,5,18,B.L-permute,0,HK,3,33,1993,10,2
B.L,0,19,B.L-permute,0,HK,0,2,1993,10,0
B.L,9,20,B.L-permute,2,HK,2,66,1993,10,5
B.L,0,21,B.L-permute,0,HK,0,4,1993,10,0
B.L,2,22,B.L-permute,0,HK,2,21,1993,10,0
B.L,1,0,B.L-permute,0,HK,0,7,1993,11,1
B.L,2,1,B.L-permute,2,HK,0,113,1993,11,0
B.L,9,2,B.L-permute,8,HK,0,182,1993,11,1
B.L,6,3,B.L-permute,4,HK,2,157,1993,11,0
B.L,3,4,B.L-permute,0,HK,3,165,1993,11,0
B.L,0,5,B.L-permute,0,HK,0,1,1993,11,0
B.L,0,6,B.L-permute,0,HK,0,1,1993,11,0
B.L,0,7,B.L-permute,0,HK,0,21,1993,11,0
B.L,1,8,B.L-permute,1,HK,0,153,1993,11,0
B.L,0,9,B.L-permute,0,HK,0,164,1993,11,0
B.L,24,10,B.L-permute,2,HK,13,150,1993,11,9
B.L,19,11,B.L-permute,14,HK,0,61,1993,11,5
B.L,2,12,B.L-permute,0,HK,1,41,1993,11,1
B.L,2,13,B.L-permute,2,HK,0,160,1993,11,0
B.L,2,14,B.L-permute,1,HK,1,60,1993,11,0
B.L,0,15,B.L-permute,0,HK,0,123,1993,11,0
B.L,1,16,B.L-permute,0,HK,0,8,1993,11,1
B.L,3,17,B.L-permute,2,HK,1,5,1993,11,0
B.L,9,18,B.L-permute,0,HK,6,33,1993,11,3
B.L,0,19,B.L-permute,0,HK,0,2,1993,11,0
B.L,9,20,B.L-permute,1,HK,1,66,1993,11,7
B.L,0,21,B.L-permute,0,HK,0,4,1993,11,0
B.L,2,22,B.L-permute,0,HK,1,21,1993,11,1
B.L,0,16,B.L-permute,0,HK,0,8,1994,1,0
B.L,0,22,B.L-permute,0,HK,0,21,1994,1,0
B.L,1,12,B.L-permute,0,HK,1,41,1994,2,0
B.L,0,13,B.L-permute,0,HK,0,160,1994,2,0
B.L,0,16,B.L-permute,0,HK,0,8,1994,2,0
B.L,0,22,B.L-permute,0,HK,0,21,1994,2,0
B.L,0,4,B.L-permute,0,HK,0,165,1994,3,0
B.L,1,12,B.L-permute,1,HK,0,41,1994,3,0
B.L,1,13,B.L-permute,1,HK,0,160,1994,3,0
B.L,0,16,B.L-permute,0,HK,0,8,1994,3,0
B.L,0,21,B.L-permute,0,HK,0,4,1994,3,0
B.L,1,22,B.L-permute,1,HK,0,21,1994,3,0
B.L,0,4,B.L-permute,0,HK,0,165,1994,4,0
B.L,0,12,B.L-permute,0,HK,0,41,1994,4,0
B.L,2,13,B.L-permute,2,HK,0,160,1994,4,0
B.L,0,16,B.L-permute,0,HK,0,8,1994,4,0
B.L,1,17,B.L-permute,1,HK,0,5,1994,4,0
B.L,0,19,B.L-permute,0,HK,0,2,1994,4,0
B.L,0,21,B.L-permute,0,HK,0,4,1994,4,0
B.L,0,22,B.L-permute,0,HK,0,21,1994,4,0
B.L,0,4,B.L-permute,0,HK,0,165,1994,5,0
B.L,0,6,B.L-permute,0,HK,0,1,1994,5,0
B.L,7,11,B.L-permute,4,HK,2,61,1994,5,1
B.L,1,12,B.L-permute,0,HK,1,41,1994,5,0
B.L,3,13,B.L-permute,3,HK,0,160,1994,5,0
B.L,3,16,B.L-permute,2,HK,0,8,1994,5,1
B.L,0,17,B.L-permute,0,HK,0,5,1994,5,0
B.L,0,19,B.L-permute,0,HK,0,2,1994,5,0
B.L,0,21,B.L-permute,0,HK,0,4,1994,5,0
B.L,1,22,B.L-permute,0,HK,1,21,1994,5,0
B.L,13,3,B.L-permute,12,HK,1,157,1994,6,0
B.L,6,4,B.L-permute,0,HK,6,165,1994,6,0
B.L,0,6,B.L-permute,0,HK,0,1,1994,6,0
B.L,9,11,B.L-permute,9,HK,0,61,1994,6,0
B.L,1,12,B.L-permute,0,HK,0,41,1994,6,1
B.L,1,13,B.L-permute,1,HK,0,160,1994,6,0
B.L,0,15,B.L-permute,0,HK,0,123,1994,6,0
B.L,1,16,B.L-permute,0,HK,0,8,1994,6,1
B.L,0,17,B.L-permute,0,HK,0,5,1994,6,0
B.L,0,19,B.L-permute,0,HK,0,2,1994,6,0
B.L,0,21,B.L-permute,0,HK,0,4,1994,6,0
B.L,1,22,B.L-permute,0,HK,1,21,1994,6,0
B.L,0,0,B.L-permute,0,HK,0,7,1994,7,0
B.L,15,3,B.L-permute,14,HK,0,157,1994,7,1
B.L,11,4,B.L-permute,0,HK,11,165,1994,7,0
B.L,0,6,B.L-permute,0,HK,0,1,1994,7,0
B.L,0,9,B.L-permute,0,HK,0,164,1994,7,0
B.L,10,11,B.L-permute,6,HK,0,61,1994,7,4
B.L,2,12,B.L-permute,0,HK,1,41,1994,7,1
B.L,1,13,B.L-permute,1,HK,0,160,1994,7,0
B.L,0,15,B.L-permute,0,HK,0,123,1994,7,0
B.L,2,16,B.L-permute,1,HK,0,8,1994,7,1
B.L,0,17,B.L-permute,0,HK,0,5,1994,7,0
B.L,0,19,B.L-permute,0,HK,0,2,1994,7,0
B.L,0,21,B.L-permute,0,HK,0,4,1994,7,0
B.L,1,22,B.L-permute,0,HK,1,21,1994,7,0
B.L,0,0,B.L-permute,0,HK,0,7,1994,8,0
B.L,17,3,B.L-permute,16,HK,1,157,1994,8,0
B.L,12,4,B.L-permute,1,HK,11,165,1994,8,0
B.L,0,5,B.L-permute,0,HK,0,1,1994,8,0
B.L,0,6,B.L-permute,0,HK,0,1,1994,8,0
B.L,0,7,B.L-permute,0,HK,0,21,1994,8,0
B.L,0,9,B.L-permute,0,HK,0,164,1994,8,0
B.L,10,11,B.L-permute,7,HK,1,61,1994,8,2
B.L,1,12,B.L-permute,0,HK,0,41,1994,8,1
B.L,1,13,B.L-permute,1,HK,0,160,1994,8,0
B.L,0,15,B.L-permute,0,HK,0,123,1994,8,0
B.L,2,16,B.L-permute,1,HK,0,8,1994,8,1
B.L,1,17,B.L-permute,1,HK,0,5,1994,8,0
B.L,0,19,B.L-permute,0,HK,0,2,1994,8,0
B.L,0,21,B.L-permute,0,HK,0,4,1994,8,0
B.L,1,22,B.L-permute,0,HK,1,21,1994,8,0
B.L,0,0,B.L-permute,0,HK,0,7,1994,9,0
B.L,0,1,B.L-permute,0,HK,0,113,1994,9,0
B.L,10,3,B.L-permute,7,HK,3,157,1994,9,0
B.L,2,4,B.L-permute,0,HK,2,165,1994,9,0
B.L,1,5,B.L-permute,0,HK,1,1,1994,9,0
B.L,0,6,B.L-permute,0,HK,0,1,1994,9,0
B.L,0,7,B.L-permute,0,HK,0,21,1994,9,0
B.L,0,9,B.L-permute,0,HK,0,164,1994,9,0
B.L,11,11,B.L-permute,8,HK,1,61,1994,9,2
B.L,1,12,B.L-permute,0,HK,0,41,1994,9,1
B.L,2,13,B.L-permute,2,HK,0,160,1994,9,0
B.L,0,15,B.L-permute,0,HK,0,123,1994,9,0
B.L,2,16,B.L-permute,1,HK,0,8,1994,9,1
B.L,2,17,B.L-permute,2,HK,0,5,1994,9,0
B.L,5,18,B.L-permute,0,HK,2,33,1994,9,3
B.L,1,19,B.L-permute,0,HK,0,2,1994,9,1
B.L,0,21,B.L-permute,0,HK,0,4,1994,9,0
B.L,1,22,B.L-permute,0,HK,1,21,1994,9,0
B.L,1,0,B.L-permute,0,HK,0,7,1994,10,1
B.L,0,1,B.L-permute,0,HK,0,113,1994,10,0
B.L,8,3,B.L-permute,5,HK,3,157,1994,10,0
B.L,2,4,B.L-permute,0,HK,2,165,1994,10,0
B.L,0,5,B.L-permute,0,HK,0,1,1994,10,0
B.L,0,6,B.L-permute,0,HK,0,1,1994,10,0
B.L,0,7,B.L-permute,0,HK,0,21,1994,10,0
B.L,1,9,B.L-permute,1,HK,0,164,1994,10,0
B.L,20,10,B.L-permute,2,HK,10,150,1994,10,8
B.L,17,11,B.L-permute,13,HK,0,61,1994,10,4
B.L,3,12,B.L-permute,0,HK,1,41,1994,10,2
B.L,1,13,B.L-permute,1,HK,0,160,1994,10,0
B.L,1,14,B.L-permute,0,HK,1,60,1994,10,0
B.L,0,15,B.L-permute,0,HK,0,123,1994,10,0
B.L,1,16,B.L-permute,0,HK,0,8,1994,10,1
B.L,3,17,B.L-permute,3,HK,0,5,1994,10,0
B.L,6,18,B.L-permute,0,HK,3,33,1994,10,3
B.L,1,19,B.L-permute,0,HK,0,2,1994,10,1
B.L,0,21,B.L-permute,0,HK,0,4,1994,10,0
B.L,1,22,B.L-permute,0,HK,1,21,1994,10,0
B.L,1,0,B.L-permute,0,HK,0,7,1994,11,1
B.L,2,1,B.L-permute,2,HK,0,113,1994,11,0
B.L,9,2,B.L-permute,9,HK,0,182,1994,11,0
B.L,5,3,B.L-permute,3,HK,2,157,1994,11,0
B.L,3,4,B.L-permute,0,HK,3,165,1994,11,0
B.L,0,5,B.L-permute,0,HK,0,1,1994,11,0
B.L,0,6,B.L-permute,0,HK,0,1,1994,11,0
B.L,0,7,B.L-permute,0,HK,0,21,1994,11,0
B.L,1,8,B.L-permute,1,HK,0,153,1994,11,0
B.L,0,9,B.L-permute,0,HK,0,164,1994,11,0
B.L,21,10,B.L-permute,2,HK,12,150,1994,11,7
B.L,18,11,B.L-permute,13,HK,0,61,1994,11,5
B.L,5,12,B.L-permute,0,HK,3,41,1994,11,2
B.L,3,13,B.L-permute,2,HK,0,160,1994,11,1
B.L,2,14,B.L-permute,1,HK,1,60,1994,11,0
B.L,0,15,B.L-permute,0,HK,0,123,1994,11,0
B.L,1,16,B.L-permute,0,HK,0,8,1994,11,1
B.L,2,17,B.L-permute,2,HK,0,5,1994,11,0
B.L,10,18,B.L-permute,0,HK,6,33,1994,11,4
B.L,0,19,B.L-permute,0,HK,0,2,1994,11,0
B.L,10,20,B.L-permute,1,HK,1,66,1994,11,8
B.L,0,21,B.L-permute,0,HK,0,4,1994,11,0
B.L,2,22,B.L-permute,0,HK,1,21,1994,11,1
B.L,0,9,B.L-permute,0,HK,0,164,1995,1,0
B.L,0,13,B.L-permute,0,HK,0,160,1995,1,0
B.L,0,9,B.L-permute,0,HK,0,164,1995,2,0
B.L,0,13,B.L-permute,0,HK,0,160,1995,2,0
B.L,0,14,B.L-permute,0,HK,0,60,1995,2,0
B.L,0,16,B.L-permute,0,HK,0,8,1995,2,0
B.L,0,5,B.L-permute,0,HK,0,1,1995,3,0
B.L,0,9,B.L-permute,0,HK,0,164,1995,3,0
B.L,0,13,B.L-permute,0,HK,0,160,1995,3,0
B.L,0,14,B.L-permute,0,HK,0,60,1995,3,0
B.L,0,15,B.L-permute,0,HK,0,123,1995,3,0
B.L,0,16,B.L-permute,0,HK,0,8,1995,3,0
B.L,0,1,B.L-permute,0,HK,0,113,1995,4,0
B.L,0,5,B.L-permute,0,HK,0,1,1995,4,0
B.L,0,9,B.L-permute,0,HK,0,164,1995,4,0
B.L,1,12,B.L-permute,1,HK,0,41,1995,4,0
B.L,2,13,B.L-permute,1,HK,1,160,1995,4,0
B.L,0,14,B.L-permute,0,HK,0,60,1995,4,0
B.L,0,15,B.L-permute,0,HK,0,123,1995,4,0
B.L,1,16,B.L-permute,0,HK,1,8,1995,4,0
B.L,0,1,B.L-permute,0,HK,0,113,1995,5,0
B.L,0,5,B.L-permute,0,HK,0,1,1995,5,0
B.L,2,8,B.L-permute,1,HK,1,153,1995,5,0
B.L,0,9,B.L-permute,0,HK,0,164,1995,5,0
B.L,0,12,B.L-permute,0,HK,0,41,1995,5,0
B.L,3,13,B.L-permute,3,HK,0,160,1995,5,0
B.L,1,14,B.L-permute,0,HK,1,60,1995,5,0
B.L,0,15,B.L-permute,0,HK,0,123,1995,5,0
B.L,1,16,B.L-permute,0,HK,1,8,1995,5,0
B.L,0,22,B.L-permute,0,HK,0,21,1995,5,0
B.L,0,1,B.L-permute,0,HK,0,113,1995,6,0
B.L,0,5,B.L-permute,0,HK,0,1,1995,6,0
B.L,4,8,B.L-permute,3,HK,1,153,1995,6,0
B.L,0,9,B.L-permute,0,HK,0,164,1995,6,0
B.L,1,12,B.L-permute,1,HK,0,41,1995,6,0
B.L,3,13,B.L-permute,3,HK,0,160,1995,6,0
B.L,0,14,B.L-permute,0,HK,0,60,1995,6,0
B.L,0,15,B.L-permute,0,HK,0,123,1995,6,0
B.L,0,16,B.L-permute,0,HK,0,8,1995,6,0
B.L,1,17,B.L-permute,1,HK,0,5,1995,6,0
B.L,0,19,B.L-permute,0,HK,0,2,1995,6,0
B.L,0,22,B.L-permute,0,HK,0,21,1995,6,0
B.L,0,1,B.L-permute,0,HK,0,113,1995,7,0
B.L,0,5,B.L-permute,0,HK,0,1,1995,7,0
B.L,0,6,B.L-permute,0,HK,0,1,1995,7,0
B.L,2,8,B.L-permute,0,HK,2,153,1995,7,0
B.L,0,9,B.L-permute,0,HK,0,164,1995,7,0
B.L,1,12,B.L-permute,1,HK,0,41,1995,7,0
B.L,6,13,B.L-permute,5,HK,0,160,1995,7,1
B.L,0,14,B.L-permute,0,HK,0,60,1995,7,0
B.L,0,15,B.L-permute,0,HK,0,123,1995,7,0
B.L,1,16,B.L-permute,0,HK,1,8,1995,7,0
B.L,0,17,B.L-permute,0,HK,0,5,1995,7,0
B.L,3,18,B.L-permute,0,HK,1,33,1995,7,2
B.L,0,19,B.L-permute,0,HK,0,2,1995,7,0
B.L,0,22,B.L-permute,0,HK,0,21,1995,7,0
B.L,1,0,B.L-permute,0,HK,1,7,1995,8,0
B.L,0,1,B.L-permute,0,HK,0,113,1995,8,0
B.L,0,5,B.L-permute,0,HK,0,1,1995,8,0
B.L,0,6,B.L-permute,0,HK,0,1,1995,8,0
B.L,2,8,B.L-permute,0,HK,2,153,1995,8,0
B.L,0,9,B.L-permute,0,HK,0,164,1995,8,0
B.L,2,12,B.L-permute,1,HK,0,41,1995,8,1
B.L,3,13,B.L-permute,3,HK,0,160,1995,8,0
B.L,1,14,B.L-permute,0,HK,1,60,1995,8,0
B.L,0,15,B.L-permute,0,HK,0,123,1995,8,0
B.L,1,16,B.L-permute,0,HK,0,8,1995,8,1
B.L,2,17,B.L-permute,1,HK,0,5,1995,8,1
B.L,4,18,B.L-permute,0,HK,3,33,1995,8,1
B.L,0,19,B.L-permute,0,HK,0,2,1995,8,0
B.L,5,20,B.L-permute,1,HK,1,66,1995,8,3
B.L,1,22,B.L-permute,0,HK,1,21,1995,8,0
B.L,1,0,B.L-permute,0,HK,0,7,1995,9,1
B.L,0,1,B.L-permute,0,HK,0,113,1995,9,0
B.L,2,3,B.L-permute,1,HK,1,157,1995,9,0
B.L,0,5,B.L-permute,0,HK,0,1,1995,9,0
B.L,0,6,B.L-permute,0,HK,0,1,1995,9,0
B.L,3,8,B.L-permute,0,HK,3,153,1995,9,0
B.L,0,9,B.L-permute,0,HK,0,164,1995,9,0
B.L,12,11,B.L-permute,8,HK,1,61,1995,9,3
B.L,3,12,B.L-permute,0,HK,2,41,1995,9,1
B.L,4,13,B.L-permute,4,HK,0,160,1995,9,0
B.L,1,14,B.L-permute,0,HK,1,60,1995,9,0
B.L,0,15,B.L-permute,0,HK,0,123,1995,9,0
B.L,2,16,B.L-permute,1,HK,0,8,1995,9,1
B.L,1,17,B.L-permute,0,HK,0,5,1995,9,1
B.L,6,18,B.L-permute,0,HK,5,33,1995,9,1
B.L,0,19,B.L-permute,0,HK,0,2,1995,9,0
B.L,7,20,B.L-permute,2,HK,1,66,1995,9,4
B.L,1,22,B.L-permute,0,HK,1,21,1995,9,0
B.L,0,0,B.L-permute,0,HK,0,7,1995,10,0
B.L,2,1,B.L-permute,2,HK,0,113,1995,10,0
B.L,2,2,B.L-permute,0,HK,2,182,1995,10,0
B.L,1,3,B.L-permute,0,HK,1,157,1995,10,0
B.L,0,5,B.L-permute,0,HK,0,1,1995,10,0
B.L,0,6,B.L-permute,0,HK,0,1,1995,10,0
B.L,4,8,B.L-permute,1,HK,3,153,1995,10,0
B.L,0,9,B.L-permute,0,HK,0,164,1995,10,0
B.L,13,11,B.L-permute,8,HK,1,61,1995,10,4
B.L,2,12,B.L-permute,0,HK,1,41,1995,10,1
B.L,4,13,B.L-permute,4,HK,0,160,1995,10,0
B.L,1,14,B.L-permute,0,HK,1,60,1995,10,0
B.L,0,15,B.L-permute,0,HK,0,123,1995,10,0
B.L,1,16,B.L-permute,0,HK,0,8,1995,10,1
B.L,2,17,B.L-permute,2,HK,0,5,1995,10,0
B.L,6,18,B.L-permute,0,HK,5,33,1995,10,1
B.L,0,19,B.L-permute,0,HK,0,2,1995,10,0
B.L,8,20,B.L-permute,0,HK,0,66,1995,10,8
B.L,0,21,B.L-permute,0,HK,0,4,1995,10,0
B.L,1,22,B.L-permute,0,HK,0,21,1995,10,1
B.L,0,0,B.L-permute,0,HK,0,7,1995,11,0
B.L,2,1,B.L-permute,1,HK,0,113,1995,11,1
B.L,9,2,B.L-permute,9,HK,0,182,1995,11,0
B.L,5,3,B.L-permute,3,HK,2,157,1995,11,0
B.L,5,4,B.L-permute,0,HK,5,165,1995,11,0
B.L,0,5,B.L-permute,0,HK,0,1,1995,11,0
B.L,0,6,B.L-permute,0,HK,0,1,1995,11,0
B.L,0,7,B.L-permute,0,HK,0,21,1995,11,0
B.L,1,8,B.L-permute,1,HK,0,153,1995,11,0
B.L,0,9,B.L-permute,0,HK,0,164,1995,11,0
B.L,20,10,B.L-permute,2,HK,9,150,1995,11,9
B.L,19,11,B.L-permute,11,HK,0,61,1995,11,8
B.L,1,12,B.L-permute,0,HK,0,41,1995,11,1
B.L,3,13,B.L-permute,3,HK,0,160,1995,11,0
B.L,2,14,B.L-permute,1,HK,1,60,1995,11,0
B.L,0,15,B.L-permute,0,HK,0,123,1995,11,0
B.L,1,16,B.L-permute,0,HK,0,8,1995,11,1
B.L,2,17,B.L-permute,1,HK,1,5,1995,11,0
B.L,11,18,B.L-permute,0,HK,7,33,1995,11,4
B.L,0,19,B.L-permute,0,HK,0,2,1995,11,0
B.L,8,20,B.L-permute,1,HK,0,66,1995,11,7
B.L,0,21,B.L-permute,0,HK,0,4,1995,11,0
B.L,1,22,B.L-permute,0,HK,0,21,1995,11,1
B.template-0,0,0,B.template-1,0,HK,0,7,1993,1,0
B.template-0,0,4,B.template-1,0,HK,0,165,1993,1,0
B.template-0,1,0,B.template-1,1,HK,0,7,1993,2,0
B.template-0,4,4,B.template-1,0,HK,4,165,1993,2,0
B.template-0,7,8,B.template-1,7,HK,0,153,1993,2,0
B.template-0,6,12,B.template-1,3,HK,3,41,1993,2,0
B.template-0,3,0,B.template-1,2,HK,0,7,1993,3,1
B.template-0,27,2,B.template-1,14,HK,4,182,1993,3,9
B.template-0,4,4,B.template-1,0,HK,4,165,1993,3,0
B.template-0,9,8,B.template-1,9,HK,0,153,1993,3,0
B.template-0,24,11,B.template-1,1,HK,23,61,1993,3,0
B.template-0,12,12,B.template-1,8,HK,1,41,1993,3,3
B.template-0,3,0,B.template-1,2,HK,0,7,1993,4,1
B.template-0,29,2,B.template-1,12,HK,0,182,1993,4,17
B.template-0,30,3,B.template-1,27,HK,0,157,1993,4,3
B.template-0,28,4,B.template-1,0,HK,27,165,1993,4,1
B.template-0,6,8,B.template-1,6,HK,0,153,1993,4,0
B.template-0,26,11,B.template-1,1,HK,23,61,1993,4,2
B.template-0,12,12,B.template-1,7,HK,0,41,1993,4,5
B.template-0,0,17,B.template-1,0,HK,0,5,1993,4,0
B.template-0,4,0,B.template-1,3,HK,0,7,1993,5,1
B.template-0,30,2,B.template-1,6,HK,0,182,1993,5,24
B.template-0,30,3,B.template-1,27,HK,0,157,1993,5,3
B.template-0,28,4,B.template-1,0,HK,27,165,1993,5,1
B.template-0,8,8,B.template-1,5,HK,0,153,1993,5,3
B.template-0,30,11,B.template-1,3,HK,20,61,1993,5,7
B.template-0,13,12,B.template-1,5,HK,0,41,1993,5,8
B.template-0,3,16,B.template-1,1,HK,1,8,1993,5,1
B.template-0,0,17,B.template-1,0,HK,0,5,1993,5,0
B.template-0,1,21,B.template-1,0,HK,1,4,1993,5,0
B.template-0,4,0,B.template-1,3,HK,0,7,1993,6,1
B.template-0,37,2,B.template-1,6,HK,0,182,1993,6,31
B.template-0,42,3,B.template-1,25,HK,6,157,1993,6,11
B.template-0,33,4,B.template-1,0,HK,29,165,1993,6,4
B.template-0,16,8,B.template-1,6,HK,2,153,1993,6,8
B.template-0,30,11,B.template-1,3,HK,20,61,1993,6,7
B.template-0,14,12,B.template-1,5,HK,0,41,1993,6,9
B.template-0,22,13,B.template-1,12,HK,2,160,1993,6,8
B.template-0,3,16,B.template-1,1,HK,1,8,1993,6,1
B.template-0,1,17,B.template-1,0,HK,0,5,1993,6,1
B.template-0,2,21,B.template-1,1,HK,0,4,1993,6,1
B.template-0,12,22,B.template-1,2,HK,5,21,1993,6,5
B.template-0,4,0,B.template-1,3,HK,0,7,1993,7,1
B.template-0,43,2,B.template-1,6,HK,0,182,1993,7,37
B.template-0,44,3,B.template-1,24,HK,6,157,1993,7,14
B.template-0,35,4,B.template-1,0,HK,31,165,1993,7,4
B.template-0,18,8,B.template-1,8,HK,2,153,1993,7,8
B.template-0,24,11,B.template-1,3,HK,15,61,1993,7,6
B.template-0,15,12,B.template-1,5,HK,0,41,1993,7,10
B.template-0,19,13,B.template-1,10,HK,2,160,1993,7,7
B.template-0,1,14,B.template-1,0,HK,0,60,1993,7,1
B.template-0,3,16,B.template-1,1,HK,1,8,1993,7,1
B.template-0,1,17,B.template-1,0,HK,0,5,1993,7,1
B.template-0,12,18,B.template-1,0,HK,0,33,1993,7,12
B.template-0,2,21,B.template-1,0,HK,0,4,1993,7,2
B.template-0,11,22,B.template-1,1,HK,5,21,1993,7,5
B.template-0,4,0,B.template-1,3,HK,0,7,1993,8,1
B.template-0,43,2,B.template-1,6,HK,0,182,1993,8,37
B.template-0,44,3,B.template-1,24,HK,6,157,1993,8,14
B.template-0,35,4,B.template-1,0,HK,31,165,1993,8,4
B.template-0,18,8,B.template-1,8,HK,2,153,1993,8,8
B.template-0,18,9,B.template-1,9,HK,1,164,1993,8,8
B.template-0,24,11,B.template-1,3,HK,13,61,1993,8,8
B.template-0,15,12,B.template-1,5,HK,0,41,1993,8,10
B.template-0,20,13,B.template-1,10,HK,1,160,1993,8,9
B.template-0,4,14,B.template-1,0,HK,3,60,1993,8,1
B.template-0,3,16,B.template-1,1,HK,1,8,1993,8,1
B.template-0,1,17,B.template-1,0,HK,0,5,1993,8,1
B.template-0,11,18,B.template-1,0,HK,0,33,1993,8,11
B.template-0,0,19,B.template-1,0,HK,0,2,1993,8,0
B.template-0,2,21,B.template-1,0,HK,0,4,1993,8,2
B.template-0,11,22,B.template-1,1,HK,5,21,1993,8,5
B.template-0,4,0,B.template-1,3,HK,0,7,1993,9,1
B.template-0,36,2,B.template-1,6,HK,0,182,1993,9,30
B.template-0,44,3,B.template-1,24,HK,6,157,1993,9,14
B.template-0,34,4,B.template-1,0,HK,29,165,1993,9,5
B.template-0,0,6,B.template-1,0,HK,0,1,1993,9,0
B.template-0,22,8,B.template-1,8,HK,4,153,1993,9,10
B.template-0,23,9,B.template-1,17,HK,0,164,1993,9,6
B.template-0,18,11,B.template-1,3,HK,8,61,1993,9,7
B.template-0,14,12,B.template-1,5,HK,0,41,1993,9,9
B.template-0,24,13,B.template-1,12,HK,2,160,1993,9,10
B.template-0,11,14,B.template-1,8,HK,1,60,1993,9,2
B.template-0,5,15,B.template-1,1,HK,4,123,1993,9,0
B.template-0,3,16,B.template-1,1,HK,1,8,1993,9,1
B.template-0,2,17,B.template-1,0,HK,1,5,1993,9,1
B.template-0,6,18,B.template-1,0,HK,0,33,1993,9,6
B.template-0,1,19,B.template-1,0,HK,0,2,1993,9,1
B.template-0,0,21,B.template-1,0,HK,0,4,1993,9,0
B.template-0,6,22,B.template-1,1,HK,2,21,1993,9,3
B.template-0,4,0,B.template-1,3,HK,0,7,1993,10,1
B.template-0,36,2,B.template-1,6,HK,0,182,1993,10,30
B.template-0,43,3,B.template-1,24,HK,6,157,1993,10,13
B.template-0,34,4,B.template-1,0,HK,29,165,1993,10,5
B.template-0,0,5,B.template-1,0,HK,0,1,1993,10,0
B.template-0,0,6,B.template-1,0,HK,0,1,1993,10,0
B.template-0,22,8,B.template-1,8,HK,4,153,1993,10,10
B.template-0,23,9,B.template-1,17,HK,0,164,1993,10,6
B.template-0,18,11,B.template-1,3,HK,8,61,1993,10,7
B.template-0,13,12,B.template-1,5,HK,0,41,1993,10,8
B.template-0,27,13,B.template-1,15,HK,2,160,1993,10,10
B.template-0,11,14,B.template-1,8,HK,1,60,1993,10,2
B.template-0,5,15,B.template-1,1,HK,4,123,1993,10,0
B.template-0,3,16,B.template-1,1,HK,1,8,1993,10,1
B.template-0,2,17,B.template-1,0,HK,1,5,1993,10,1
B.template-0,6,18,B.template-1,0,HK,0,33,1993,10,6
B.template-0,1,19,B.template-1,0,HK,0,2,1993,10,1
B.template-0,10,20,B.template-1,2,HK,1,66,1993,10,7
B.template-0,0,21,B.template-1,0,HK,0,4,1993,10,0
B.template-0,7,22,B.template-1,0,HK,0,21,1993,10,7
B.template-0,4,0,B.template-1,3,HK,0,7,1993,11,1
B.template-0,10,1,B.template-1,0,HK,0,113,1993,11,10
B.template-0,24,2,B.template-1,0,HK,0,182,1993,11,24
B.template-0,46,3,B.template-1,22,HK,8,157,1993,11,16
B.template-0,38,4,B.template-1,0,HK,32,165,1993,11,6
B.template-0,0,5,B.template-1,0,HK,0,1,1993,11,0
B.template-0,1,6,B.template-1,0,HK,0,1,1993,11,1
B.template-0,3,7,B.template-1,1,HK,0,21,1993,11,2
B.template-0,37,8,B.template-1,7,HK,15,153,1993,11,15
B.template-0,26,9,B.template-1,18,HK,0,164,1993,11,8
B.template-0,44,10,B.template-1,8,HK,0,150,1993,11,36
B.template-0,19,11,B.template-1,3,HK,8,61,1993,11,8
B.template-0,13,12,B.template-1,5,HK,0,41,1993,11,8
B.template-0,28,13,B.template-1,15,HK,2,160,1993,11,11
B.template-0,13,14,B.template-1,7,HK,1,60,1993,11,5
B.template-0,5,15,B.template-1,1,HK,4,123,1993,11,0
B.template-0,3,16,B.template-1,1,HK,1,8,1993,11,1
B.template-0,2,17,B.template-1,0,HK,1,5,1993,11,1
B.template-0,4,18,B.template-1,0,HK,0,33,1993,11,4
B.template-0,1,19,B.template-1,0,HK,0,2,1993,11,1
B.template-0,12,20,B.template-1,2,HK,1,66,1993,11,9
B.template-0,0,21,B.template-1,0,HK,0,4,1993,11,0
B.template-0,8,22,B.template-1,0,HK,0,21,1993,11,8
B.template-0,1,16,B.template-1,0,HK,1,8,1994,1,0
B.template-0,1,22,B.template-1,0,HK,1,21,1994,1,0
B.template-0,5,12,B.template-1,3,HK,2,41,1994,2,0
B.template-0,5,13,B.template-1,5,HK,0,160,1994,2,0
B.template-0,2,16,B.template-1,0,HK,2,8,1994,2,0
B.template-0,3,22,B.template-1,0,HK,2,21,1994,2,1
B.template-0,17,4,B.template-1,0,HK,17,165,1994,3,0
B.template-0,7,12,B.template-1,3,HK,3,41,1994,3,1
B.template-0,9,13,B.template-1,6,HK,0,160,1994,3,3
B.template-0,2,16,B.template-1,0,HK,2,8,1994,3,0
B.template-0,2,21,B.template-1,2,HK,0,4,1994,3,0
B.template-0,7,22,B.template-1,3,HK,3,21,1994,3,1
B.template-0,17,4,B.template-1,0,HK,17,165,1994,4,0
B.template-0,7,12,B.template-1,3,HK,3,41,1994,4,1
B.template-0,12,13,B.template-1,6,HK,0,160,1994,4,6
B.template-0,2,16,B.template-1,0,HK,2,8,1994,4,0
B.template-0,1,17,B.template-1,0,HK,1,5,1994,4,0
B.template-0,0,19,B.template-1,0,HK,0,2,1994,4,0
B.template-0,2,21,B.template-1,1,HK,0,4,1994,4,1
B.template-0,7,22,B.template-1,3,HK,3,21,1994,4,1
B.template-0,18,4,B.template-1,0,HK,17,165,1994,5,1
B.template-0,0,6,B.template-1,0,HK,0,1,1994,5,0
B.template-0,28,11,B.template-1,4,HK,22,61,1994,5,2
B.template-0,13,12,B.template-1,6,HK,0,41,1994,5,7
B.template-0,16,13,B.template-1,9,HK,3,160,1994,5,4
B.template-0,2,16,B.template-1,0,HK,2,8,1994,5,0
B.template-0,2,17,B.template-1,0,HK,1,5,1994,5,1
B.template-0,0,19,B.template-1,0,HK,0,2,1994,5,0
B.template-0,0,21,B.template-1,0,HK,0,4,1994,5,0
B.template-0,7,22,B.template-1,3,HK,2,21,1994,5,2
B.template-0,43,3,B.template-1,25,HK,6,157,1994,6,12
B.template-0,32,4,B.template-1,0,HK,28,165,1994,6,4
B.template-0,0,6,B.template-1,0,HK,0,1,1994,6,0
B.template-0,18,11,B.template-1,3,HK,10,61,1994,6,5
B.template-0,12,12,B.template-1,5,HK,0,41,1994,6,7
B.template-0,25,13,B.template-1,18,HK,1,160,1994,6,6
B.template-0,1,15,B.template-1,1,HK,0,123,1994,6,0
B.template-0,2,16,B.template-1,0,HK,2,8,1994,6,0
B.template-0,3,17,B.template-1,0,HK,1,5,1994,6,2
B.template-0,0,19,B.template-1,0,HK,0,2,1994,6,0
B.template-0,0,21,B.template-1,0,HK,0,4,1994,6,0
B.template-0,7,22,B.template-1,3,HK,2,21,1994,6,2
B.template-0,3,0,B.template-1,3,HK,0,7,1994,7,0
B.template-0,43,3,B.template-1,25,HK,6,157,1994,7,12
B.template-0,32,4,B.template-1,0,HK,28,165,1994,7,4
B.template-0,1,6,B.template-1,1,HK,0,1,1994,7,0
B.template-0,25,9,B.template-1,18,HK,1,164,1994,7,6
B.template-0,20,11,B.template-1,3,HK,8,61,1994,7,9
B.template-0,14,12,B.template-1,5,HK,0,41,1994,7,9
B.template-0,26,13,B.template-1,17,HK,2,160,1994,7,7
B.template-0,1,15,B.template-1,1,HK,0,123,1994,7,0
B.template-0,3,16,B.template-1,1,HK,1,8,1994,7,1
B.template-0,3,17,B.template-1,0,HK,1,5,1994,7,2
B.template-0,0,19,B.template-1,0,HK,0,2,1994,7,0
B.template-0,0,21,B.template-1,0,HK,0,4,1994,7,0
B.template-0,7,22,B.template-1,2,HK,2,21,1994,7,3
B.template-0,3,0,B.template-1,3,HK,0,7,1994,8,0
B.template-0,42,3,B.template-1,25,HK,6,157,1994,8,11
B.template-0,32,4,B.template-1,0,HK,28,165,1994,8,4
B.template-0,0,5,B.template-1,0,HK,0,1,1994,8,0
B.template-0,1,6,B.template-1,1,HK,0,1,1994,8,0
B.template-0,2,7,B.template-1,1,HK,0,21,1994,8,1
B.template-0,25,9,B.template-1,18,HK,1,164,1994,8,6
B.template-0,20,11,B.template-1,3,HK,8,61,1994,8,9
B.template-0,13,12,B.template-1,5,HK,0,41,1994,8,8
B.template-0,30,13,B.template-1,20,HK,2,160,1994,8,8
B.template-0,1,15,B.template-1,1,HK,0,123,1994,8,0
B.template-0,3,16,B.template-1,1,HK,1,8,1994,8,1
B.template-0,3,17,B.template-1,0,HK,1,5,1994,8,2
B.template-0,0,19,B.template-1,0,HK,0,2,1994,8,0
B.template-0,0,21,B.template-1,0,HK,0,4,1994,8,0
B.template-0,7,22,B.template-1,2,HK,1,21,1994,8,4
B.template-0,4,0,B.template-1,3,HK,0,7,1994,9,1
B.template-0,10,1,B.template-1,0,HK,0,113,1994,9,10
B.template-0,45,3,B.template-1,25,HK,7,157,1994,9,13
B.template-0,34,4,B.template-1,0,HK,30,165,1994,9,4
B.template-0,0,5,B.template-1,0,HK,0,1,1994,9,0
B.template-0,0,6,B.template-1,0,HK,0,1,1994,9,0
B.template-0,2,7,B.template-1,1,HK,0,21,1994,9,1
B.template-0,26,9,B.template-1,18,HK,2,164,1994,9,6
B.template-0,20,11,B.template-1,3,HK,8,61,1994,9,9
B.template-0,13,12,B.template-1,5,HK,0,41,1994,9,8
B.template-0,31,13,B.template-1,20,HK,2,160,1994,9,9
B.template-0,1,15,B.template-1,1,HK,0,123,1994,9,0
B.template-0,3,16,B.template-1,1,HK,1,8,1994,9,1
B.template-0,3,17,B.template-1,0,HK,1,5,1994,9,2
B.template-0,5,18,B.template-1,0,HK,0,33,1994,9,5
B.template-0,0,19,B.template-1,0,HK,0,2,1994,9,0
B.template-0,0,21,B.template-1,0,HK,0,4,1994,9,0
B.template-0,8,22,B.template-1,1,HK,1,21,1994,9,6
B.template-0,4,0,B.template-1,3,HK,0,7,1994,10,1
B.template-0,11,1,B.template-1,0,HK,0,113,1994,10,11
B.template-0,46,3,B.template-1,22,HK,8,157,1994,10,16
B.template-0,37,4,B.template-1,0,HK,32,165,1994,10,5
B.template-0,0,5,B.template-1,0,HK,0,1,1994,10,0
B.template-0,0,6,B.template-1,0,HK,0,1,1994,10,0
B.template-0,2,7,B.template-1,1,HK,0,21,1994,10,1
B.template-0,29,9,B.template-1,20,HK,1,164,1994,10,8
B.template-0,44,10,B.template-1,8,HK,0,150,1994,10,36
B.template-0,19,11,B.template-1,3,HK,8,61,1994,10,8
B.template-0,13,12,B.template-1,5,HK,0,41,1994,10,8
B.template-0,29,13,B.template-1,18,HK,2,160,1994,10,9
B.template-0,14,14,B.template-1,7,HK,1,60,1994,10,6
B.template-0,5,15,B.template-1,1,HK,4,123,1994,10,0
B.template-0,3,16,B.template-1,1,HK,1,8,1994,10,1
B.template-0,3,17,B.template-1,0,HK,1,5,1994,10,2
B.template-0,5,18,B.template-1,0,HK,0,33,1994,10,5
B.template-0,0,19,B.template-1,0,HK,0,2,1994,10,0
B.template-0,0,21,B.template-1,0,HK,0,4,1994,10,0
B.template-0,8,22,B.template-1,1,HK,1,21,1994,10,6
B.template-0,4,0,B.template-1,3,HK,0,7,1994,11,1
B.template-0,10,1,B.template-1,0,HK,0,113,1994,11,10
B.template-0,24,2,B.template-1,0,HK,0,182,1994,11,24
B.template-0,46,3,B.template-1,22,HK,8,157,1994,11,16
B.template-0,38,4,B.template-1,0,HK,32,165,1994,11,6
B.template-0,0,5,B.template-1,0,HK,0,1,1994,11,0
B.template-0,1,6,B.template-1,0,HK,0,1,1994,11,1
B.template-0,3,7,B.template-1,1,HK,0,21,1994,11,2
B.template-0,37,8,B.template-1,7,HK,15,153,1994,11,15
B.template-0,26,9,B.template-1,18,HK,0,164,1994,11,8
B.template-0,44,10,B.template-1,8,HK,0,150,1994,11,36
B.template-0,19,11,B.template-1,3,HK,8,61,1994,11,8
B.template-0,13,12,B.template-1,5,HK,0,41,1994,11,8
B.template-0,28,13,B.template-1,15,HK,2,160,1994,11,11
B.template-0,13,14,B.template-1,7,HK,1,60,1994,11,5
B.template-0,5,15,B.template-1,1,HK,4,123,1994,11,0
B.template-0,3,16,B.template-1,1,HK,1,8,1994,11,1
B.template-0,2,17,B.template-1,0,HK,1,5,1994,11,1
B.template-0,4,18,B.template-1,0,HK,0,33,1994,11,4
B.template-0,1,19,B.template-1,0,HK,0,2,1994,11,1
B.template-0,12,20,B.template-1,2,HK,1,66,1994,11,9
B.template-0,0,21,B.template-1,0,HK,0,4,1994,11,0
B.template-0,8,22,B.template-1,0,HK,0,21,1994,11,8
B.template-0,3,9,B.template-1,2,HK,1,164,1995,1,0
B.template-0,6,13,B.template-1,4,HK,2,160,1995,1,0
B.template-0,13,9,B.template-1,10,HK,1,164,1995,2,2
B.template-0,5,13,B.template-1,3,HK,1,160,1995,2,1
B.template-0,4,14,B.template-1,0,HK,4,60,1995,2,0
B.template-0,0,16,B.template-1,0,HK,0,8,1995,2,0
B.template-0,0,5,B.template-1,0,HK,0,1,1995,3,0
B.template-0,20,9,B.template-1,18,HK,1,164,1995,3,1
B.template-0,13,13,B.template-1,11,HK,1,160,1995,3,1
B.template-0,11,14,B.template-1,8,HK,2,60,1995,3,1
B.template-0,5,15,B.template-1,1,HK,4,123,1995,3,0
B.template-0,0,16,B.template-1,0,HK,0,8,1995,3,0
B.template-0,33,1,B.template-1,14,HK,3,113,1995,4,16
B.template-0,0,5,B.template-1,0,HK,0,1,1995,4,0
B.template-0,21,9,B.template-1,18,HK,1,164,1995,4,2
B.template-0,3,12,B.template-1,2,HK,1,41,1995,4,0
B.template-0,16,13,B.template-1,14,HK,1,160,1995,4,1
B.template-0,11,14,B.template-1,8,HK,2,60,1995,4,1
B.template-0,5,15,B.template-1,1,HK,4,123,1995,4,0
B.template-0,1,16,B.template-1,0,HK,1,8,1995,4,0
B.template-0,22,1,B.template-1,3,HK,0,113,1995,5,19
B.template-0,0,5,B.template-1,0,HK,0,1,1995,5,0
B.template-0,12,8,B.template-1,6,HK,2,153,1995,5,4
B.template-0,21,9,B.template-1,17,HK,1,164,1995,5,3
B.template-0,5,12,B.template-1,2,HK,2,41,1995,5,1
B.template-0,14,13,B.template-1,9,HK,1,160,1995,5,4
B.template-0,11,14,B.template-1,8,HK,1,60,1995,5,2
B.template-0,5,15,B.template-1,1,HK,4,123,1995,5,0
B.template-0,1,16,B.template-1,0,HK,1,8,1995,5,0
B.template-0,5,22,B.template-1,1,HK,2,21,1995,5,2
B.template-0,25,1,B.template-1,3,HK,0,113,1995,6,22
B.template-0,0,5,B.template-1,0,HK,0,1,1995,6,0
B.template-0,12,8,B.template-1,6,HK,2,153,1995,6,4
B.template-0,22,9,B.template-1,17,HK,1,164,1995,6,4
B.template-0,6,12,B.template-1,2,HK,3,41,1995,6,1
B.template-0,17,13,B.template-1,8,HK,1,160,1995,6,8
B.template-0,11,14,B.template-1,8,HK,1,60,1995,6,2
B.template-0,5,15,B.template-1,1,HK,4,123,1995,6,0
B.template-0,2,16,B.template-1,0,HK,1,8,1995,6,1
B.template-0,1,17,B.template-1,0,HK,1,5,1995,6,0
B.template-0,0,19,B.template-1,0,HK,0,2,1995,6,0
B.template-0,8,22,B.template-1,2,HK,4,21,1995,6,2
B.template-0,17,1,B.template-1,0,HK,0,113,1995,7,17
B.template-0,0,5,B.template-1,0,HK,0,1,1995,7,0
B.template-0,0,6,B.template-1,0,HK,0,1,1995,7,0
B.template-0,17,8,B.template-1,6,HK,4,153,1995,7,7
B.template-0,20,9,B.template-1,16,HK,0,164,1995,7,4
B.template-0,6,12,B.template-1,2,HK,3,41,1995,7,1
B.template-0,19,13,B.template-1,7,HK,3,160,1995,7,9
B.template-0,11,14,B.template-1,8,HK,1,60,1995,7,2
B.template-0,5,15,B.template-1,1,HK,4,123,1995,7,0
B.template-0,2,16,B.template-1,0,HK,1,8,1995,7,1
B.template-0,1,17,B.template-1,0,HK,1,5,1995,7,0
B.template-0,6,18,B.template-1,0,HK,1,33,1995,7,5
B.template-0,1,19,B.template-1,0,HK,0,2,1995,7,1
B.template-0,5,22,B.template-1,0,HK,2,21,1995,7,3
B.template-0,3,0,B.template-1,2,HK,0,7,1995,8,1
B.template-0,18,1,B.template-1,0,HK,0,113,1995,8,18
B.template-0,0,5,B.template-1,0,HK,0,1,1995,8,0
B.template-0,0,6,B.template-1,0,HK,0,1,1995,8,0
B.template-0,17,8,B.template-1,6,HK,4,153,1995,8,7
B.template-0,19,9,B.template-1,16,HK,0,164,1995,8,3
B.template-0,9,12,B.template-1,3,HK,3,41,1995,8,3
B.template-0,19,13,B.template-1,7,HK,3,160,1995,8,9
B.template-0,11,14,B.template-1,8,HK,1,60,1995,8,2
B.template-0,5,15,B.template-1,1,HK,4,123,1995,8,0
B.template-0,3,16,B.template-1,1,HK,1,8,1995,8,1
B.template-0,2,17,B.template-1,0,HK,1,5,1995,8,1
B.template-0,6,18,B.template-1,0,HK,0,33,1995,8,6
B.template-0,1,19,B.template-1,0,HK,0,2,1995,8,1
B.template-0,9,20,B.template-1,0,HK,1,66,1995,8,8
B.template-0,6,22,B.template-1,0,HK,1,21,1995,8,5
B.template-0,4,0,B.template-1,3,HK,0,7,1995,9,1
B.template-0,15,1,B.template-1,0,HK,0,113,1995,9,15
B.template-0,31,3,B.template-1,8,HK,20,157,1995,9,3
B.template-0,0,5,B.template-1,0,HK,0,1,1995,9,0
B.template-0,0,6,B.template-1,0,HK,0,1,1995,9,0
B.template-0,19,8,B.template-1,6,HK,4,153,1995,9,9
B.template-0,23,9,B.template-1,17,HK,0,164,1995,9,6
B.template-0,18,11,B.template-1,3,HK,8,61,1995,9,7
B.template-0,13,12,B.template-1,5,HK,0,41,1995,9,8
B.template-0,27,13,B.template-1,15,HK,2,160,1995,9,10
B.template-0,11,14,B.template-1,8,HK,1,60,1995,9,2
B.template-0,5,15,B.template-1,1,HK,4,123,1995,9,0
B.template-0,3,16,B.template-1,1,HK,1,8,1995,9,1
B.template-0,2,17,B.template-1,0,HK,1,5,1995,9,1
B.template-0,6,18,B.template-1,0,HK,0,33,1995,9,6
B.template-0,1,19,B.template-1,0,HK,0,2,1995,9,1
B.template-0,9,20,B.template-1,0,HK,1,66,1995,9,8
B.template-0,6,22,B.template-1,0,HK,1,21,1995,9,5
B.template-0,4,0,B.template-1,3,HK,0,7,1995,10,1
B.template-0,15,1,B.template-1,0,HK,0,113,1995,10,15
B.template-0,49,2,B.template-1,0,HK,0,182,1995,10,49
B.template-0,31,3,B.template-1,8,HK,20,157,1995,10,3
B.template-0,0,5,B.template-1,0,HK,0,1,1995,10,0
B.template-0,1,6,B.template-1,0,HK,0,1,1995,10,1
B.template-0,19,8,B.template-1,6,HK,4,153,1995,10,9
B.template-0,23,9,B.template-1,17,HK,0,164,1995,10,6
B.template-0,18,11,B.template-1,3,HK,8,61,1995,10,7
B.template-0,13,12,B.template-1,5,HK,0,41,1995,10,8
B.template-0,27,13,B.template-1,15,HK,2,160,1995,10,10
B.template-0,11,14,B.template-1,8,HK,1,60,1995,10,2
B.template-0,5,15,B.template-1,1,HK,4,123,1995,10,0
B.template-0,3,16,B.template-1,1,HK,1,8,1995,10,1
B.template-0,2,17,B.template-1,0,HK,1,5,1995,10,1
B.template-0,5,18,B.template-1,0,HK,0,33,1995,10,5
B.template-0,1,19,B.template-1,0,HK,0,2,1995,10,1
B.template-0,11,20,B.template-1,2,HK,1,66,1995,10,8
B.template-0,0,21,B.template-1,0,HK,0,4,1995,10,0
B.template-0,7,22,B.template-1,0,HK,0,21,1995,10,7
B.template-0,4,0,B.template-1,3,HK,0,7,1995,11,1
B.template-0,10,1,B.template-1,0,HK,0,113,1995,11,10
B.template-0,24,2,B.template-1,0,HK,0,182,1995,11,24
B.template-0,46,3,B.template-1,22,HK,8,157,1995,11,16
B.template-0,38,4,B.template-1,0,HK,32,165,1995,11,6
B.template-0,0,5,B.template-1,0,HK,0,1,1995,11,0
B.template-0,1,6,B.template-1,0,HK,0,1,1995,11,1
B.template-0,3,7,B.template-1,1,HK,0,21,1995,11,2
B.template-0,37,8,B.template-1,7,HK,15,153,1995,11,15
B.template-0,26,9,B.template-1,18,HK,0,164,1995,11,8
B.template-0,44,10,B.template-1,8,HK,0,150,1995,11,36
B.template-0,19,11,B.template-1,3,HK,8,61,1995,11,8
B.template-0,13,12,B.template-1,5,HK,0,41,1995,11,8
B.template-0,28,13,B.template-1,15,HK,2,160,1995,11,11
B.template-0,13,14,B.template-1,7,HK,1,60,1995,11,5
B.template-0,5,15,B.template-1,1,HK,4,123,1995,11,0
B.template-0,3,16,B.template-1,1,HK,1,8,1995,11,1
B.template-0,2,17,B.template-1,0,HK,1,5,1995,11,1
B.template-0,4,18,B.template-1,0,HK,0,33,1995,11,4
B.template-0,1,19,B.template-1,0,HK,0,2,1995,11,1
B.template-0,12,20,B.template-1,2,HK,1,66,1995,11,9
B.template-0,0,21,B.template-1,0,HK,0,4,1995,11,0
B.template-0,8,22,B.template-1,0,HK,0,21,1995,11,8
