class_id,dataset,final_recall,first_recall,first_task,maximum_forgetting,method,seed,signed_forgetting
4,ISIC,0.5365853658536586,0.926829268292683,1,0.3902439024390244,G.V,1993,0.3902439024390244
0,ISIC,0.75,0.9545454545454546,1,0.20454545454545459,G.V,1993,0.20454545454545459
4,ISIC,0.5365853658536586,0.9512195121951219,1,0.41463414634146334,G.J,1993,0.41463414634146334
0,ISIC,0.7954545454545454,1.0,1,0.20454545454545459,G.J,1993,0.20454545454545459
4,ISIC,0.5853658536585366,0.9512195121951219,1,0.36585365853658536,G.J1,1993,0.36585365853658536
0,ISIC,0.7954545454545454,1.0,1,0.20454545454545459,G.J1,1993,0.20454545454545459
4,ISIC,0.0,0.7073170731707317,1,0.7073170731707317,G.Z,1993,0.7073170731707317
0,ISIC,0.29545454545454547,0.7272727272727273,1,0.4318181818181818,G.Z,1993,0.4318181818181818
4,ISIC,0.5609756097560976,0.9512195121951219,1,0.3902439024390243,G.L,1993,0.3902439024390243
0,ISIC,0.8181818181818182,1.0,1,0.18181818181818177,G.L,1993,0.18181818181818177
4,ISIC,0.5365853658536586,0.9512195121951219,1,0.41463414634146334,G.R,1993,0.41463414634146334
0,ISIC,0.7954545454545454,1.0,1,0.20454545454545459,G.R,1993,0.20454545454545459
4,ISIC,0.5365853658536586,0.9512195121951219,1,0.41463414634146334,G.R-no-gate,1993,0.41463414634146334
0,ISIC,0.7954545454545454,1.0,1,0.20454545454545459,G.R-no-gate,1993,0.20454545454545459
4,ISIC,0.5365853658536586,0.9512195121951219,1,0.41463414634146334,G.R-identity,1993,0.41463414634146334
0,ISIC,0.7954545454545454,1.0,1,0.20454545454545459,G.R-identity,1993,0.20454545454545459
4,ISIC,0.5365853658536586,0.9512195121951219,1,0.41463414634146334,G.R-zero-prior,1993,0.41463414634146334
0,ISIC,0.7954545454545454,1.0,1,0.20454545454545459,G.R-zero-prior,1993,0.20454545454545459
4,ISIC,0.6097560975609756,0.9512195121951219,1,0.3414634146341463,G.L-permute,1993,0.3414634146341463
0,ISIC,0.7727272727272727,1.0,1,0.2272727272727273,G.L-permute,1993,0.2272727272727273
4,ISIC,0.0,0.7073170731707317,1,0.7073170731707317,G.template-0,1993,0.7073170731707317
0,ISIC,0.25,0.5909090909090909,1,0.34090909090909094,G.template-0,1993,0.34090909090909094
4,ISIC,0.024390243902439025,0.7073170731707317,1,0.6829268292682926,G.template-1,1993,0.6829268292682926
0,ISIC,0.4318181818181818,0.8181818181818182,1,0.3863636363636364,G.template-1,1993,0.3863636363636364
4,ISIC,0.5609756097560976,0.9512195121951219,1,0.3902439024390243,P,1993,0.3902439024390243
0,ISIC,0.75,0.9545454545454546,1,0.20454545454545459,P,1993,0.20454545454545459
4,ISIC,0.6097560975609756,0.9512195121951219,1,0.3414634146341463,F,1993,0.3414634146341463
0,ISIC,0.7954545454545454,1.0,1,0.20454545454545459,F,1993,0.20454545454545459
4,ISIC,0.6341463414634146,0.9512195121951219,1,0.31707317073170727,F2,1993,0.31707317073170727
0,ISIC,0.7727272727272727,1.0,1,0.2272727272727273,F2,1993,0.2272727272727273
3,ISIC,0.4,0.625,2,0.22499999999999998,G.V,1993,0.22499999999999998
7,ISIC,0.375,0.5,2,0.125,G.V,1993,0.125
3,ISIC,0.625,0.775,2,0.15000000000000002,G.J,1993,0.15000000000000002
7,ISIC,0.5,0.5,2,0.04166666666666663,G.J,1993,0.0
3,ISIC,0.575,0.7,2,0.125,G.J1,1993,0.125
7,ISIC,0.5416666666666666,0.5416666666666666,2,0.0,G.J1,1993,0.0
3,ISIC,0.45,0.55,2,0.10000000000000003,G.Z,1993,0.10000000000000003
7,ISIC,0.0,0.0,2,0.0,G.Z,1993,0.0
3,ISIC,0.65,0.775,2,0.125,G.L,1993,0.125
7,ISIC,0.5,0.5,2,0.0,G.L,1993,0.0
3,ISIC,0.625,0.775,2,0.15000000000000002,G.R,1993,0.15000000000000002
7,ISIC,0.5,0.5416666666666666,2,0.04166666666666663,G.R,1993,0.04166666666666663
3,ISIC,0.625,0.775,2,0.15000000000000002,G.R-no-gate,1993,0.15000000000000002
7,ISIC,0.5,0.5416666666666666,2,0.04166666666666663,G.R-no-gate,1993,0.04166666666666663
3,ISIC,0.625,0.775,2,0.15000000000000002,G.R-identity,1993,0.15000000000000002
7,ISIC,0.5,0.5416666666666666,2,0.04166666666666663,G.R-identity,1993,0.04166666666666663
3,ISIC,0.625,0.775,2,0.15000000000000002,G.R-zero-prior,1993,0.15000000000000002
7,ISIC,0.5,0.5416666666666666,2,0.04166666666666663,G.R-zero-prior,1993,0.04166666666666663
3,ISIC,0.6,0.8,2,0.20000000000000007,G.L-permute,1993,0.20000000000000007
7,ISIC,0.5,0.5,2,0.04166666666666663,G.L-permute,1993,0.0
3,ISIC,0.475,0.675,2,0.20000000000000007,G.template-0,1993,0.20000000000000007
7,ISIC,0.0,0.0,2,0.0,G.template-0,1993,0.0
3,ISIC,0.425,0.475,2,0.04999999999999999,G.template-1,1993,0.04999999999999999
7,ISIC,0.0,0.0,2,0.0,G.template-1,1993,0.0
3,ISIC,0.325,0.525,2,0.2,P,1993,0.2
7,ISIC,0.5,0.5,2,0.04166666666666663,P,1993,0.0
3,ISIC,0.475,0.65,2,0.17500000000000004,F,1993,0.17500000000000004
7,ISIC,0.5416666666666666,0.5833333333333334,2,0.04166666666666674,F,1993,0.04166666666666674
3,ISIC,0.4,0.625,2,0.22499999999999998,F2,1993,0.22499999999999998
7,ISIC,0.5833333333333334,0.5833333333333334,2,0.0,F2,1993,0.0
5,ISIC,0.3783783783783784,0.4864864864864865,3,0.10810810810810811,G.V,1993,0.10810810810810811
6,ISIC,0.9230769230769231,0.9230769230769231,3,0.0,G.V,1993,0.0
5,ISIC,0.4864864864864865,0.5135135135135135,3,0.027027027027026973,G.J,1993,0.027027027027026973
6,ISIC,0.8846153846153846,0.9230769230769231,3,0.03846153846153855,G.J,1993,0.03846153846153855
5,ISIC,0.4864864864864865,0.5135135135135135,3,0.027027027027026973,G.J1,1993,0.027027027027026973
6,ISIC,0.8846153846153846,0.9230769230769231,3,0.03846153846153855,G.J1,1993,0.03846153846153855
5,ISIC,0.08108108108108109,0.08108108108108109,3,0.0,G.Z,1993,0.0
6,ISIC,0.11538461538461539,0.11538461538461539,3,0.0,G.Z,1993,0.0
5,ISIC,0.4864864864864865,0.4864864864864865,3,0.0,G.L,1993,0.0
6,ISIC,0.8846153846153846,0.9230769230769231,3,0.03846153846153855,G.L,1993,0.03846153846153855
5,ISIC,0.4864864864864865,0.5135135135135135,3,0.027027027027026973,G.R,1993,0.027027027027026973
6,ISIC,0.8846153846153846,0.9230769230769231,3,0.03846153846153855,G.R,1993,0.03846153846153855
5,ISIC,0.4864864864864865,0.5405405405405406,3,0.05405405405405406,G.R-no-gate,1993,0.05405405405405406
6,ISIC,0.8846153846153846,0.9230769230769231,3,0.03846153846153855,G.R-no-gate,1993,0.03846153846153855
5,ISIC,0.4864864864864865,0.5135135135135135,3,0.027027027027026973,G.R-identity,1993,0.027027027027026973
6,ISIC,0.8846153846153846,0.9230769230769231,3,0.03846153846153855,G.R-identity,1993,0.03846153846153855
5,ISIC,0.4864864864864865,0.5135135135135135,3,0.027027027027026973,G.R-zero-prior,1993,0.027027027027026973
6,ISIC,0.8846153846153846,0.9230769230769231,3,0.03846153846153855,G.R-zero-prior,1993,0.03846153846153855
5,ISIC,0.4864864864864865,0.5135135135135135,3,0.027027027027026973,G.L-permute,1993,0.027027027027026973
6,ISIC,0.8846153846153846,0.9230769230769231,3,0.03846153846153855,G.L-permute,1993,0.03846153846153855
5,ISIC,0.02702702702702703,0.02702702702702703,3,0.0,G.template-0,1993,0.0
6,ISIC,0.11538461538461539,0.11538461538461539,3,0.0,G.template-0,1993,0.0
5,ISIC,0.05405405405405406,0.08108108108108109,3,0.02702702702702703,G.template-1,1993,0.02702702702702703
6,ISIC,0.07692307692307693,0.07692307692307693,3,0.0,G.template-1,1993,0.0
5,ISIC,0.43243243243243246,0.4864864864864865,3,0.05405405405405406,P,1993,0.05405405405405406
6,ISIC,0.9230769230769231,0.8846153846153846,3,0.0,P,1993,-0.03846153846153855
5,ISIC,0.4594594594594595,0.5135135135135135,3,0.054054054054054,F,1993,0.054054054054054
6,ISIC,0.8846153846153846,0.9230769230769231,3,0.03846153846153855,F,1993,0.03846153846153855
5,ISIC,0.4864864864864865,0.5135135135135135,3,0.027027027027026973,F2,1993,0.027027027027026973
6,ISIC,0.8846153846153846,0.9230769230769231,3,0.03846153846153855,F2,1993,0.03846153846153855
2,ISIC,0.30434782608695654,0.30434782608695654,4,0.0,G.V,1993,0.0
1,ISIC,0.5675675675675675,0.5675675675675675,4,0.0,G.V,1993,0.0
2,ISIC,0.45652173913043476,0.45652173913043476,4,0.0,G.J,1993,0.0
1,ISIC,0.5405405405405406,0.5405405405405406,4,0.0,G.J,1993,0.0
2,ISIC,0.41304347826086957,0.41304347826086957,4,0.0,G.J1,1993,0.0
1,ISIC,0.5405405405405406,0.5405405405405406,4,0.0,G.J1,1993,0.0
2,ISIC,0.021739130434782608,0.021739130434782608,4,0.0,G.Z,1993,0.0
1,ISIC,0.40540540540540543,0.40540540540540543,4,0.0,G.Z,1993,0.0
2,ISIC,0.41304347826086957,0.41304347826086957,4,0.0,G.L,1993,0.0
1,ISIC,0.5675675675675675,0.5675675675675675,4,0.0,G.L,1993,0.0
2,ISIC,0.45652173913043476,0.45652173913043476,4,0.0,G.R,1993,0.0
1,ISIC,0.5405405405405406,0.5405405405405406,4,0.0,G.R,1993,0.0
2,ISIC,0.4782608695652174,0.4782608695652174,4,0.0,G.R-no-gate,1993,0.0
1,ISIC,0.5405405405405406,0.5405405405405406,4,0.0,G.R-no-gate,1993,0.0
2,ISIC,0.45652173913043476,0.45652173913043476,4,0.0,G.R-identity,1993,0.0
1,ISIC,0.5405405405405406,0.5405405405405406,4,0.0,G.R-identity,1993,0.0
2,ISIC,0.45652173913043476,0.45652173913043476,4,0.0,G.R-zero-prior,1993,0.0
1,ISIC,0.5405405405405406,0.5405405405405406,4,0.0,G.R-zero-prior,1993,0.0
2,ISIC,0.41304347826086957,0.41304347826086957,4,0.0,G.L-permute,1993,0.0
1,ISIC,0.6216216216216216,0.6216216216216216,4,0.0,G.L-permute,1993,0.0
2,ISIC,0.0,0.0,4,0.0,G.template-0,1993,0.0
1,ISIC,0.43243243243243246,0.43243243243243246,4,0.0,G.template-0,1993,0.0
2,ISIC,0.15217391304347827,0.15217391304347827,4,0.0,G.template-1,1993,0.0
1,ISIC,0.32432432432432434,0.32432432432432434,4,0.0,G.template-1,1993,0.0
2,ISIC,0.43478260869565216,0.43478260869565216,4,0.0,P,1993,0.0
1,ISIC,0.5135135135135135,0.5135135135135135,4,0.0,P,1993,0.0
2,ISIC,0.41304347826086957,0.41304347826086957,4,0.0,F,1993,0.0
1,ISIC,0.5405405405405406,0.5405405405405406,4,0.0,F,1993,0.0
2,ISIC,0.41304347826086957,0.41304347826086957,4,0.0,F2,1993,0.0
1,ISIC,0.5135135135135135,0.5135135135135135,4,0.0,F2,1993,0.0
3,ISIC,0.4,0.95,1,0.5499999999999999,G.V,1994,0.5499999999999999
7,ISIC,0.375,0.5833333333333334,1,0.20833333333333337,G.V,1994,0.20833333333333337
3,ISIC,0.6,1.0,1,0.4,G.J,1994,0.4
7,ISIC,0.4166666666666667,0.4583333333333333,1,0.04166666666666663,G.J,1994,0.04166666666666663
3,ISIC,0.45,0.975,1,0.5249999999999999,G.J1,1994,0.5249999999999999
7,ISIC,0.4583333333333333,0.5833333333333334,1,0.12500000000000006,G.J1,1994,0.12500000000000006
3,ISIC,0.45,0.925,1,0.47500000000000003,G.Z,1994,0.47500000000000003
7,ISIC,0.0,0.08333333333333333,1,0.08333333333333333,G.Z,1994,0.08333333333333333
3,ISIC,0.625,1.0,1,0.375,G.L,1994,0.375
7,ISIC,0.4166666666666667,0.4583333333333333,1,0.04166666666666663,G.L,1994,0.04166666666666663
3,ISIC,0.6,1.0,1,0.4,G.R,1994,0.4
7,ISIC,0.4166666666666667,0.4583333333333333,1,0.04166666666666663,G.R,1994,0.04166666666666663
3,ISIC,0.6,1.0,1,0.4,G.R-no-gate,1994,0.4
7,ISIC,0.4166666666666667,0.4583333333333333,1,0.08333333333333331,G.R-no-gate,1994,0.04166666666666663
3,ISIC,0.6,1.0,1,0.4,G.R-identity,1994,0.4
7,ISIC,0.4166666666666667,0.4583333333333333,1,0.04166666666666663,G.R-identity,1994,0.04166666666666663
3,ISIC,0.6,1.0,1,0.4,G.R-zero-prior,1994,0.4
7,ISIC,0.4166666666666667,0.4583333333333333,1,0.04166666666666663,G.R-zero-prior,1994,0.04166666666666663
3,ISIC,0.5,1.0,1,0.5,G.L-permute,1994,0.5
7,ISIC,0.4166666666666667,0.5416666666666666,1,0.12499999999999994,G.L-permute,1994,0.12499999999999994
3,ISIC,0.475,0.95,1,0.475,G.template-0,1994,0.475
7,ISIC,0.0,0.041666666666666664,1,0.041666666666666664,G.template-0,1994,0.041666666666666664
3,ISIC,0.425,0.875,1,0.45,G.template-1,1994,0.45
7,ISIC,0.0,0.125,1,0.125,G.template-1,1994,0.125
3,ISIC,0.325,0.975,1,0.6499999999999999,P,1994,0.6499999999999999
7,ISIC,0.5,0.5416666666666666,1,0.04166666666666663,P,1994,0.04166666666666663
3,ISIC,0.3,0.975,1,0.675,F,1994,0.675
7,ISIC,0.5416666666666666,0.5,1,0.0,F,1994,-0.04166666666666663
3,ISIC,0.275,0.925,1,0.65,F2,1994,0.65
7,ISIC,0.5833333333333334,0.5416666666666666,1,0.0,F2,1994,-0.04166666666666674
4,ISIC,0.5365853658536586,0.6341463414634146,2,0.09756097560975607,G.V,1994,0.09756097560975607
5,ISIC,0.3783783783783784,0.5135135135135135,2,0.1351351351351351,G.V,1994,0.1351351351351351
4,ISIC,0.4634146341463415,0.4878048780487805,2,0.07317073170731708,G.J,1994,0.02439024390243899
5,ISIC,0.43243243243243246,0.4864864864864865,2,0.05405405405405406,G.J,1994,0.05405405405405406
4,ISIC,0.5365853658536586,0.5121951219512195,2,0.04878048780487798,G.J1,1994,-0.024390243902439046
5,ISIC,0.4864864864864865,0.4864864864864865,2,0.05405405405405406,G.J1,1994,0.0
4,ISIC,0.0,0.0,2,0.0,G.Z,1994,0.0
5,ISIC,0.08108108108108109,0.10810810810810811,2,0.02702702702702703,G.Z,1994,0.02702702702702703
4,ISIC,0.5365853658536586,0.4634146341463415,2,0.024390243902439046,G.L,1994,-0.07317073170731708
5,ISIC,0.4594594594594595,0.4594594594594595,2,0.054054054054054,G.L,1994,0.0
4,ISIC,0.4634146341463415,0.4878048780487805,2,0.07317073170731708,G.R,1994,0.02439024390243899
5,ISIC,0.43243243243243246,0.4864864864864865,2,0.05405405405405406,G.R,1994,0.05405405405405406
4,ISIC,0.4634146341463415,0.4878048780487805,2,0.07317073170731708,G.R-no-gate,1994,0.02439024390243899
5,ISIC,0.4594594594594595,0.4864864864864865,2,0.02702702702702703,G.R-no-gate,1994,0.02702702702702703
4,ISIC,0.4634146341463415,0.4878048780487805,2,0.07317073170731708,G.R-identity,1994,0.02439024390243899
5,ISIC,0.43243243243243246,0.4864864864864865,2,0.05405405405405406,G.R-identity,1994,0.05405405405405406
4,ISIC,0.4634146341463415,0.4878048780487805,2,0.07317073170731708,G.R-zero-prior,1994,0.02439024390243899
5,ISIC,0.43243243243243246,0.4864864864864865,2,0.05405405405405406,G.R-zero-prior,1994,0.05405405405405406
4,ISIC,0.5121951219512195,0.4878048780487805,2,0.024390243902439046,G.L-permute,1994,-0.024390243902439046
5,ISIC,0.43243243243243246,0.4864864864864865,2,0.05405405405405406,G.L-permute,1994,0.05405405405405406
4,ISIC,0.0,0.0,2,0.0,G.template-0,1994,0.0
5,ISIC,0.02702702702702703,0.05405405405405406,2,0.02702702702702703,G.template-0,1994,0.02702702702702703
4,ISIC,0.024390243902439025,0.024390243902439025,2,0.0,G.template-1,1994,0.0
5,ISIC,0.05405405405405406,0.10810810810810811,2,0.05405405405405406,G.template-1,1994,0.05405405405405406
4,ISIC,0.5609756097560976,0.5121951219512195,2,0.04878048780487798,P,1994,-0.04878048780487809
5,ISIC,0.43243243243243246,0.5135135135135135,2,0.08108108108108103,P,1994,0.08108108108108103
4,ISIC,0.6097560975609756,0.5609756097560976,2,0.0,F,1994,-0.04878048780487798
5,ISIC,0.4864864864864865,0.5405405405405406,2,0.05405405405405406,F,1994,0.05405405405405406
4,ISIC,0.6097560975609756,0.5609756097560976,2,0.024390243902439046,F2,1994,-0.04878048780487798
5,ISIC,0.5135135135135135,0.5135135135135135,2,0.027027027027027084,F2,1994,0.0
1,ISIC,0.5675675675675675,0.5135135135135135,3,0.0,G.V,1994,-0.05405405405405406
0,ISIC,0.75,0.7954545454545454,3,0.045454545454545414,G.V,1994,0.045454545454545414
1,ISIC,0.5945945945945946,0.5675675675675675,3,0.0,G.J,1994,-0.027027027027027084
0,ISIC,0.7727272727272727,0.7954545454545454,3,0.022727272727272707,G.J,1994,0.022727272727272707
1,ISIC,0.5405405405405406,0.5405405405405406,3,0.0,G.J1,1994,0.0
0,ISIC,0.7727272727272727,0.7954545454545454,3,0.022727272727272707,G.J1,1994,0.022727272727272707
1,ISIC,0.40540540540540543,0.40540540540540543,3,0.0,G.Z,1994,0.0
0,ISIC,0.29545454545454547,0.29545454545454547,3,0.0,G.Z,1994,0.0
1,ISIC,0.5405405405405406,0.5405405405405406,3,0.0,G.L,1994,0.0
0,ISIC,0.7727272727272727,0.7954545454545454,3,0.022727272727272707,G.L,1994,0.022727272727272707
1,ISIC,0.5945945945945946,0.5675675675675675,3,0.0,G.R,1994,-0.027027027027027084
0,ISIC,0.7727272727272727,0.7954545454545454,3,0.022727272727272707,G.R,1994,0.022727272727272707
1,ISIC,0.5675675675675675,0.5675675675675675,3,0.0,G.R-no-gate,1994,0.0
0,ISIC,0.7727272727272727,0.7954545454545454,3,0.022727272727272707,G.R-no-gate,1994,0.022727272727272707
1,ISIC,0.5945945945945946,0.5675675675675675,3,0.0,G.R-identity,1994,-0.027027027027027084
0,ISIC,0.7727272727272727,0.7954545454545454,3,0.022727272727272707,G.R-identity,1994,0.022727272727272707
1,ISIC,0.5945945945945946,0.5675675675675675,3,0.0,G.R-zero-prior,1994,-0.027027027027027084
0,ISIC,0.7727272727272727,0.7954545454545454,3,0.022727272727272707,G.R-zero-prior,1994,0.022727272727272707
1,ISIC,0.5675675675675675,0.6216216216216216,3,0.05405405405405406,G.L-permute,1994,0.05405405405405406
0,ISIC,0.7954545454545454,0.7954545454545454,3,0.0,G.L-permute,1994,0.0
1,ISIC,0.43243243243243246,0.43243243243243246,3,0.0,G.template-0,1994,0.0
0,ISIC,0.25,0.25,3,0.0,G.template-0,1994,0.0
1,ISIC,0.32432432432432434,0.32432432432432434,3,0.0,G.template-1,1994,0.0
0,ISIC,0.4318181818181818,0.4318181818181818,3,0.0,G.template-1,1994,0.0
1,ISIC,0.5135135135135135,0.4864864864864865,3,0.0,P,1994,-0.027027027027026973
0,ISIC,0.75,0.75,3,0.0,P,1994,0.0
1,ISIC,0.5135135135135135,0.4864864864864865,3,0.0,F,1994,-0.027027027027026973
0,ISIC,0.75,0.75,3,0.0,F,1994,0.0
1,ISIC,0.4864864864864865,0.4864864864864865,3,0.0,F2,1994,0.0
0,ISIC,0.75,0.75,3,0.0,F2,1994,0.0
6,ISIC,0.9230769230769231,0.9230769230769231,4,0.0,G.V,1994,0.0
2,ISIC,0.30434782608695654,0.30434782608695654,4,0.0,G.V,1994,0.0
6,ISIC,0.8846153846153846,0.8846153846153846,4,0.0,G.J,1994,0.0
2,ISIC,0.41304347826086957,0.41304347826086957,4,0.0,G.J,1994,0.0
6,ISIC,0.9230769230769231,0.9230769230769231,4,0.0,G.J1,1994,0.0
2,ISIC,0.43478260869565216,0.43478260869565216,4,0.0,G.J1,1994,0.0
6,ISIC,0.11538461538461539,0.11538461538461539,4,0.0,G.Z,1994,0.0
2,ISIC,0.021739130434782608,0.021739130434782608,4,0.0,G.Z,1994,0.0
6,ISIC,0.9230769230769231,0.9230769230769231,4,0.0,G.L,1994,0.0
2,ISIC,0.391304347826087,0.391304347826087,4,0.0,G.L,1994,0.0
6,ISIC,0.8846153846153846,0.8846153846153846,4,0.0,G.R,1994,0.0
2,ISIC,0.41304347826086957,0.41304347826086957,4,0.0,G.R,1994,0.0
6,ISIC,0.8846153846153846,0.8846153846153846,4,0.0,G.R-no-gate,1994,0.0
2,ISIC,0.41304347826086957,0.41304347826086957,4,0.0,G.R-no-gate,1994,0.0
6,ISIC,0.8846153846153846,0.8846153846153846,4,0.0,G.R-identity,1994,0.0
2,ISIC,0.41304347826086957,0.41304347826086957,4,0.0,G.R-identity,1994,0.0
6,ISIC,0.8846153846153846,0.8846153846153846,4,0.0,G.R-zero-prior,1994,0.0
2,ISIC,0.41304347826086957,0.41304347826086957,4,0.0,G.R-zero-prior,1994,0.0
6,ISIC,0.8846153846153846,0.8846153846153846,4,0.0,G.L-permute,1994,0.0
2,ISIC,0.43478260869565216,0.43478260869565216,4,0.0,G.L-permute,1994,0.0
6,ISIC,0.11538461538461539,0.11538461538461539,4,0.0,G.template-0,1994,0.0
2,ISIC,0.0,0.0,4,0.0,G.template-0,1994,0.0
6,ISIC,0.07692307692307693,0.07692307692307693,4,0.0,G.template-1,1994,0.0
2,ISIC,0.15217391304347827,0.15217391304347827,4,0.0,G.template-1,1994,0.0
6,ISIC,0.9230769230769231,0.9230769230769231,4,0.0,P,1994,0.0
2,ISIC,0.43478260869565216,0.43478260869565216,4,0.0,P,1994,0.0
6,ISIC,0.8461538461538461,0.8461538461538461,4,0.0,F,1994,0.0
2,ISIC,0.3695652173913043,0.3695652173913043,4,0.0,F,1994,0.0
6,ISIC,0.8846153846153846,0.8846153846153846,4,0.0,F2,1994,0.0
2,ISIC,0.3695652173913043,0.3695652173913043,4,0.0,F2,1994,0.0
1,ISIC,0.5675675675675675,0.8378378378378378,1,0.2702702702702703,G.V,1995,0.2702702702702703
3,ISIC,0.4,0.8,1,0.4,G.V,1995,0.4
1,ISIC,0.5135135135135135,0.8648648648648649,1,0.3513513513513514,G.J,1995,0.3513513513513514
3,ISIC,0.6,0.875,1,0.275,G.J,1995,0.275
1,ISIC,0.5405405405405406,0.8378378378378378,1,0.29729729729729726,G.J1,1995,0.29729729729729726
3,ISIC,0.5,0.875,1,0.375,G.J1,1995,0.375
1,ISIC,0.40540540540540543,0.5945945945945946,1,0.1891891891891892,G.Z,1995,0.1891891891891892
3,ISIC,0.45,0.675,1,0.22500000000000003,G.Z,1995,0.22500000000000003
1,ISIC,0.4864864864864865,0.8648648648648649,1,0.3783783783783784,G.L,1995,0.3783783783783784
3,ISIC,0.65,0.875,1,0.22499999999999998,G.L,1995,0.22499999999999998
1,ISIC,0.5135135135135135,0.8648648648648649,1,0.3513513513513514,G.R,1995,0.3513513513513514
3,ISIC,0.6,0.875,1,0.275,G.R,1995,0.275
1,ISIC,0.5135135135135135,0.8648648648648649,1,0.3513513513513514,G.R-no-gate,1995,0.3513513513513514
3,ISIC,0.6,0.875,1,0.275,G.R-no-gate,1995,0.275
1,ISIC,0.5135135135135135,0.8648648648648649,1,0.3513513513513514,G.R-identity,1995,0.3513513513513514
3,ISIC,0.6,0.875,1,0.275,G.R-identity,1995,0.275
1,ISIC,0.5135135135135135,0.8648648648648649,1,0.3513513513513514,G.R-zero-prior,1995,0.3513513513513514
3,ISIC,0.6,0.875,1,0.275,G.R-zero-prior,1995,0.275
1,ISIC,0.5405405405405406,0.8648648648648649,1,0.32432432432432434,G.L-permute,1995,0.32432432432432434
3,ISIC,0.6,0.85,1,0.275,G.L-permute,1995,0.25
1,ISIC,0.43243243243243246,0.5405405405405406,1,0.10810810810810811,G.template-0,1995,0.10810810810810811
3,ISIC,0.475,0.625,1,0.15000000000000002,G.template-0,1995,0.15000000000000002
1,ISIC,0.32432432432432434,0.5945945945945946,1,0.2702702702702703,G.template-1,1995,0.2702702702702703
3,ISIC,0.425,0.75,1,0.325,G.template-1,1995,0.325
1,ISIC,0.5135135135135135,0.7837837837837838,1,0.2702702702702703,P,1995,0.2702702702702703
3,ISIC,0.325,0.875,1,0.55,P,1995,0.55
1,ISIC,0.5675675675675675,0.8648648648648649,1,0.29729729729729737,F,1995,0.29729729729729737
3,ISIC,0.45,0.85,1,0.39999999999999997,F,1995,0.39999999999999997
1,ISIC,0.5675675675675675,0.8108108108108109,1,0.2432432432432433,F2,1995,0.2432432432432433
3,ISIC,0.425,0.825,1,0.39999999999999997,F2,1995,0.39999999999999997
0,ISIC,0.75,0.7954545454545454,2,0.09090909090909094,G.V,1995,0.045454545454545414
6,ISIC,0.9230769230769231,0.9230769230769231,2,0.0,G.V,1995,0.0
0,ISIC,0.7954545454545454,0.7954545454545454,2,0.045454545454545525,G.J,1995,0.0
6,ISIC,0.8846153846153846,0.8461538461538461,2,0.0,G.J,1995,-0.038461538461538436
0,ISIC,0.7954545454545454,0.7954545454545454,2,0.045454545454545525,G.J1,1995,0.0
6,ISIC,0.8846153846153846,0.9230769230769231,2,0.03846153846153855,G.J1,1995,0.03846153846153855
0,ISIC,0.29545454545454547,0.29545454545454547,2,0.0,G.Z,1995,0.0
6,ISIC,0.11538461538461539,0.11538461538461539,2,0.0,G.Z,1995,0.0
0,ISIC,0.7954545454545454,0.7954545454545454,2,0.045454545454545525,G.L,1995,0.0
6,ISIC,0.8846153846153846,0.8461538461538461,2,0.0,G.L,1995,-0.038461538461538436
0,ISIC,0.7954545454545454,0.7954545454545454,2,0.045454545454545525,G.R,1995,0.0
6,ISIC,0.8846153846153846,0.8461538461538461,2,0.0,G.R,1995,-0.038461538461538436
0,ISIC,0.7954545454545454,0.7954545454545454,2,0.045454545454545525,G.R-no-gate,1995,0.0
6,ISIC,0.8846153846153846,0.8461538461538461,2,0.03846153846153855,G.R-no-gate,1995,-0.038461538461538436
0,ISIC,0.7954545454545454,0.7954545454545454,2,0.045454545454545525,G.R-identity,1995,0.0
6,ISIC,0.8846153846153846,0.8461538461538461,2,0.0,G.R-identity,1995,-0.038461538461538436
0,ISIC,0.7954545454545454,0.7954545454545454,2,0.045454545454545525,G.R-zero-prior,1995,0.0
6,ISIC,0.8846153846153846,0.8461538461538461,2,0.0,G.R-zero-prior,1995,-0.038461538461538436
0,ISIC,0.7727272727272727,0.7727272727272727,2,0.022727272727272707,G.L-permute,1995,0.0
6,ISIC,0.8461538461538461,0.8076923076923077,2,0.0,G.L-permute,1995,-0.038461538461538436
0,ISIC,0.25,0.25,2,0.0,G.template-0,1995,0.0
6,ISIC,0.11538461538461539,0.11538461538461539,2,0.0,G.template-0,1995,0.0
0,ISIC,0.4318181818181818,0.45454545454545453,2,0.022727272727272707,G.template-1,1995,0.022727272727272707
6,ISIC,0.07692307692307693,0.11538461538461539,2,0.038461538461538464,G.template-1,1995,0.038461538461538464
0,ISIC,0.75,0.7954545454545454,2,0.045454545454545414,P,1995,0.045454545454545414
6,ISIC,0.9230769230769231,0.9615384615384616,2,0.038461538461538436,P,1995,0.038461538461538436
0,ISIC,0.7727272727272727,0.7954545454545454,2,0.045454545454545525,F,1995,0.022727272727272707
6,ISIC,0.9230769230769231,0.8846153846153846,2,0.0,F,1995,-0.03846153846153855
0,ISIC,0.75,0.7954545454545454,2,0.045454545454545414,F2,1995,0.045454545454545414
6,ISIC,0.9230769230769231,0.9615384615384616,2,0.038461538461538436,F2,1995,0.038461538461538436
4,ISIC,0.5365853658536586,0.5609756097560976,3,0.024390243902439046,G.V,1995,0.024390243902439046
5,ISIC,0.3783783783783784,0.4864864864864865,3,0.10810810810810811,G.V,1995,0.10810810810810811
4,ISIC,0.5121951219512195,0.5609756097560976,3,0.04878048780487809,G.J,1995,0.04878048780487809
5,ISIC,0.4864864864864865,0.5135135135135135,3,0.027027027027026973,G.J,1995,0.027027027027026973
4,ISIC,0.5365853658536586,0.6097560975609756,3,0.07317073170731703,G.J1,1995,0.07317073170731703
5,ISIC,0.4864864864864865,0.5135135135135135,3,0.027027027027026973,G.J1,1995,0.027027027027026973
4,ISIC,0.0,0.0,3,0.0,G.Z,1995,0.0
5,ISIC,0.08108108108108109,0.08108108108108109,3,0.0,G.Z,1995,0.0
4,ISIC,0.5365853658536586,0.5609756097560976,3,0.024390243902439046,G.L,1995,0.024390243902439046
5,ISIC,0.4864864864864865,0.5135135135135135,3,0.027027027027026973,G.L,1995,0.027027027027026973
4,ISIC,0.5121951219512195,0.5609756097560976,3,0.04878048780487809,G.R,1995,0.04878048780487809
5,ISIC,0.4864864864864865,0.5135135135135135,3,0.027027027027026973,G.R,1995,0.027027027027026973
4,ISIC,0.5121951219512195,0.5609756097560976,3,0.04878048780487809,G.R-no-gate,1995,0.04878048780487809
5,ISIC,0.4864864864864865,0.5135135135135135,3,0.027027027027026973,G.R-no-gate,1995,0.027027027027026973
4,ISIC,0.5121951219512195,0.5609756097560976,3,0.04878048780487809,G.R-identity,1995,0.04878048780487809
5,ISIC,0.4864864864864865,0.5135135135135135,3,0.027027027027026973,G.R-identity,1995,0.027027027027026973
4,ISIC,0.5121951219512195,0.5609756097560976,3,0.04878048780487809,G.R-zero-prior,1995,0.04878048780487809
5,ISIC,0.4864864864864865,0.5135135135135135,3,0.027027027027026973,G.R-zero-prior,1995,0.027027027027026973
4,ISIC,0.5853658536585366,0.5853658536585366,3,0.0,G.L-permute,1995,0.0
5,ISIC,0.4864864864864865,0.5135135135135135,3,0.027027027027026973,G.L-permute,1995,0.027027027027026973
4,ISIC,0.0,0.0,3,0.0,G.template-0,1995,0.0
5,ISIC,0.02702702702702703,0.02702702702702703,3,0.0,G.template-0,1995,0.0
4,ISIC,0.024390243902439025,0.024390243902439025,3,0.0,G.template-1,1995,0.0
5,ISIC,0.05405405405405406,0.08108108108108109,3,0.02702702702702703,G.template-1,1995,0.02702702702702703
4,ISIC,0.5609756097560976,0.5853658536585366,3,0.024390243902438935,P,1995,0.024390243902438935
5,ISIC,0.43243243243243246,0.4864864864864865,3,0.05405405405405406,P,1995,0.05405405405405406
4,ISIC,0.5609756097560976,0.5853658536585366,3,0.024390243902438935,F,1995,0.024390243902438935
5,ISIC,0.5135135135135135,0.4864864864864865,3,0.0,F,1995,-0.027027027027026973
4,ISIC,0.6341463414634146,0.6097560975609756,3,0.0,F2,1995,-0.024390243902439046
5,ISIC,0.5135135135135135,0.5135135135135135,3,0.0,F2,1995,0.0
2,ISIC,0.30434782608695654,0.30434782608695654,4,0.0,G.V,1995,0.0
7,ISIC,0.375,0.375,4,0.0,G.V,1995,0.0
2,ISIC,0.4782608695652174,0.4782608695652174,4,0.0,G.J,1995,0.0
7,ISIC,0.5,0.5,4,0.0,G.J,1995,0.0
2,ISIC,0.4782608695652174,0.4782608695652174,4,0.0,G.J1,1995,0.0
7,ISIC,0.5,0.5,4,0.0,G.J1,1995,0.0
2,ISIC,0.021739130434782608,0.021739130434782608,4,0.0,G.Z,1995,0.0
7,ISIC,0.0,0.0,4,0.0,G.Z,1995,0.0
2,ISIC,0.41304347826086957,0.41304347826086957,4,0.0,G.L,1995,0.0
7,ISIC,0.4166666666666667,0.4166666666666667,4,0.0,G.L,1995,0.0
2,ISIC,0.4782608695652174,0.4782608695652174,4,0.0,G.R,1995,0.0
7,ISIC,0.5,0.5,4,0.0,G.R,1995,0.0
2,ISIC,0.4782608695652174,0.4782608695652174,4,0.0,G.R-no-gate,1995,0.0
7,ISIC,0.5,0.5,4,0.0,G.R-no-gate,1995,0.0
2,ISIC,0.4782608695652174,0.4782608695652174,4,0.0,G.R-identity,1995,0.0
7,ISIC,0.5,0.5,4,0.0,G.R-identity,1995,0.0
2,ISIC,0.4782608695652174,0.4782608695652174,4,0.0,G.R-zero-prior,1995,0.0
7,ISIC,0.5,0.5,4,0.0,G.R-zero-prior,1995,0.0
2,ISIC,0.41304347826086957,0.41304347826086957,4,0.0,G.L-permute,1995,0.0
7,ISIC,0.5,0.5,4,0.0,G.L-permute,1995,0.0
2,ISIC,0.0,0.0,4,0.0,G.template-0,1995,0.0
7,ISIC,0.0,0.0,4,0.0,G.template-0,1995,0.0
2,ISIC,0.15217391304347827,0.15217391304347827,4,0.0,G.template-1,1995,0.0
7,ISIC,0.0,0.0,4,0.0,G.template-1,1995,0.0
2,ISIC,0.43478260869565216,0.43478260869565216,4,0.0,P,1995,0.0
7,ISIC,0.5,0.5,4,0.0,P,1995,0.0
2,ISIC,0.4782608695652174,0.4782608695652174,4,0.0,F,1995,0.0
7,ISIC,0.5833333333333334,0.5833333333333334,4,0.0,F,1995,0.0
2,ISIC,0.43478260869565216,0.43478260869565216,4,0.0,F2,1995,0.0
7,ISIC,0.5833333333333334,0.5833333333333334,4,0.0,F2,1995,0.0
0,HK,0.42857142857142855,1.0,1,0.5714285714285714,G.V,1993,0.5714285714285714
4,HK,0.8424242424242424,1.0,1,0.1575757575757576,G.V,1993,0.1575757575757576
0,HK,0.7142857142857143,1.0,1,0.2857142857142857,G.J,1993,0.2857142857142857
4,HK,0.8666666666666667,1.0,1,0.1333333333333333,G.J,1993,0.1333333333333333
0,HK,0.7142857142857143,1.0,1,0.2857142857142857,G.J1,1993,0.2857142857142857
4,HK,0.8727272727272727,1.0,1,0.12727272727272732,G.J1,1993,0.12727272727272732
0,HK,0.0,0.8571428571428571,1,0.8571428571428571,G.Z,1993,0.8571428571428571
4,HK,0.09696969696969697,0.5393939393939394,1,0.44242424242424244,G.Z,1993,0.44242424242424244
0,HK,0.5714285714285714,1.0,1,0.4285714285714286,G.L,1993,0.4285714285714286
4,HK,0.9030303030303031,1.0,1,0.09696969696969693,G.L,1993,0.09696969696969693
0,HK,0.7142857142857143,1.0,1,0.2857142857142857,G.R,1993,0.2857142857142857
4,HK,0.8666666666666667,1.0,1,0.1333333333333333,G.R,1993,0.1333333333333333
0,HK,0.7142857142857143,1.0,1,0.2857142857142857,G.R-no-gate,1993,0.2857142857142857
4,HK,0.8666666666666667,1.0,1,0.1333333333333333,G.R-no-gate,1993,0.1333333333333333
0,HK,0.7142857142857143,1.0,1,0.2857142857142857,G.R-identity,1993,0.2857142857142857
4,HK,0.8666666666666667,1.0,1,0.1333333333333333,G.R-identity,1993,0.1333333333333333
0,HK,0.7142857142857143,1.0,1,0.2857142857142857,G.R-zero-prior,1993,0.2857142857142857
4,HK,0.8666666666666667,1.0,1,0.1333333333333333,G.R-zero-prior,1993,0.1333333333333333
0,HK,0.5714285714285714,1.0,1,0.4285714285714286,G.L-permute,1993,0.4285714285714286
4,HK,0.8484848484848485,1.0,1,0.1515151515151515,G.L-permute,1993,0.1515151515151515
0,HK,0.0,0.2857142857142857,1,0.2857142857142857,G.template-0,1993,0.2857142857142857
4,HK,0.20606060606060606,0.7696969696969697,1,0.5636363636363636,G.template-0,1993,0.5636363636363636
0,HK,0.0,0.8571428571428571,1,0.8571428571428571,G.template-1,1993,0.8571428571428571
4,HK,0.06666666666666667,0.6060606060606061,1,0.5393939393939394,G.template-1,1993,0.5393939393939394
0,HK,0.7142857142857143,1.0,1,0.2857142857142857,P,1993,0.2857142857142857
4,HK,0.8727272727272727,1.0,1,0.12727272727272732,P,1993,0.12727272727272732
0,HK,0.7142857142857143,1.0,1,0.2857142857142857,F,1993,0.2857142857142857
4,HK,0.8666666666666667,1.0,1,0.1333333333333333,F,1993,0.1333333333333333
0,HK,0.7142857142857143,1.0,1,0.2857142857142857,F2,1993,0.2857142857142857
4,HK,0.8727272727272727,1.0,1,0.12727272727272732,F2,1993,0.12727272727272732
12,HK,0.7560975609756098,0.7804878048780488,2,0.024390243902439046,G.V,1993,0.024390243902439046
8,HK,0.9673202614379085,1.0,2,0.0326797385620915,G.V,1993,0.0326797385620915
12,HK,0.7804878048780488,0.8780487804878049,2,0.09756097560975607,G.J,1993,0.09756097560975607
8,HK,0.9934640522875817,1.0,2,0.006535947712418277,G.J,1993,0.006535947712418277
12,HK,0.7804878048780488,0.8780487804878049,2,0.09756097560975607,G.J1,1993,0.09756097560975607
8,HK,0.9869281045751634,1.0,2,0.013071895424836555,G.J1,1993,0.013071895424836555
12,HK,0.0,0.07317073170731707,2,0.07317073170731707,G.Z,1993,0.07317073170731707
8,HK,0.05228758169934641,0.4444444444444444,2,0.39215686274509803,G.Z,1993,0.39215686274509803
12,HK,0.8048780487804879,0.8780487804878049,2,0.07317073170731703,G.L,1993,0.07317073170731703
8,HK,0.9869281045751634,1.0,2,0.013071895424836555,G.L,1993,0.013071895424836555
12,HK,0.7804878048780488,0.8780487804878049,2,0.09756097560975607,G.R,1993,0.09756097560975607
8,HK,0.9934640522875817,1.0,2,0.006535947712418277,G.R,1993,0.006535947712418277
12,HK,0.7804878048780488,0.8780487804878049,2,0.09756097560975607,G.R-no-gate,1993,0.09756097560975607
8,HK,0.9934640522875817,1.0,2,0.006535947712418277,G.R-no-gate,1993,0.006535947712418277
12,HK,0.7804878048780488,0.8780487804878049,2,0.09756097560975607,G.R-identity,1993,0.09756097560975607
8,HK,0.9934640522875817,1.0,2,0.006535947712418277,G.R-identity,1993,0.006535947712418277
12,HK,0.7804878048780488,0.8780487804878049,2,0.09756097560975607,G.R-zero-prior,1993,0.09756097560975607
8,HK,0.9934640522875817,1.0,2,0.006535947712418277,G.R-zero-prior,1993,0.006535947712418277
12,HK,0.8536585365853658,0.8780487804878049,2,0.024390243902439046,G.L-permute,1993,0.024390243902439046
8,HK,0.9934640522875817,1.0,2,0.006535947712418277,G.L-permute,1993,0.006535947712418277
12,HK,0.0,0.0,2,0.0,G.template-0,1993,0.0
8,HK,0.026143790849673203,0.28104575163398693,2,0.2549019607843137,G.template-0,1993,0.2549019607843137
12,HK,0.0,0.4878048780487805,2,0.4878048780487805,G.template-1,1993,0.4878048780487805
8,HK,0.032679738562091505,0.3660130718954248,2,0.3333333333333333,G.template-1,1993,0.3333333333333333
12,HK,0.8292682926829268,0.8780487804878049,2,0.04878048780487809,P,1993,0.04878048780487809
8,HK,0.9738562091503268,1.0,2,0.02614379084967322,P,1993,0.02614379084967322
12,HK,0.8292682926829268,0.8780487804878049,2,0.04878048780487809,F,1993,0.04878048780487809
8,HK,0.9803921568627451,1.0,2,0.019607843137254943,F,1993,0.019607843137254943
12,HK,0.8048780487804879,0.8780487804878049,2,0.07317073170731703,F2,1993,0.07317073170731703
8,HK,0.9738562091503268,1.0,2,0.02614379084967322,F2,1993,0.02614379084967322
2,HK,0.8131868131868132,1.0,3,0.18681318681318682,G.V,1993,0.18681318681318682
11,HK,0.16393442622950818,0.6721311475409836,3,0.5081967213114754,G.V,1993,0.5081967213114754
2,HK,0.8461538461538461,1.0,3,0.15384615384615385,G.J,1993,0.15384615384615385
11,HK,0.3114754098360656,0.7540983606557377,3,0.44262295081967207,G.J,1993,0.44262295081967207
2,HK,0.8351648351648352,1.0,3,0.1648351648351648,G.J1,1993,0.1648351648351648
11,HK,0.2786885245901639,0.7213114754098361,3,0.4426229508196722,G.J1,1993,0.4426229508196722
2,HK,0.0,0.0,3,0.0,G.Z,1993,0.0
11,HK,0.639344262295082,0.7704918032786885,3,0.13114754098360648,G.Z,1993,0.13114754098360648
2,HK,0.8351648351648352,1.0,3,0.1648351648351648,G.L,1993,0.1648351648351648
11,HK,0.4098360655737705,0.7540983606557377,3,0.3770491803278688,G.L,1993,0.34426229508196715
2,HK,0.8461538461538461,1.0,3,0.15384615384615385,G.R,1993,0.15384615384615385
11,HK,0.3114754098360656,0.7540983606557377,3,0.44262295081967207,G.R,1993,0.44262295081967207
2,HK,0.8461538461538461,1.0,3,0.15384615384615385,G.R-no-gate,1993,0.15384615384615385
11,HK,0.29508196721311475,0.7540983606557377,3,0.4590163934426229,G.R-no-gate,1993,0.4590163934426229
2,HK,0.8461538461538461,1.0,3,0.15384615384615385,G.R-identity,1993,0.15384615384615385
11,HK,0.3114754098360656,0.7540983606557377,3,0.44262295081967207,G.R-identity,1993,0.44262295081967207
2,HK,0.8461538461538461,1.0,3,0.15384615384615385,G.R-zero-prior,1993,0.15384615384615385
11,HK,0.3114754098360656,0.7540983606557377,3,0.44262295081967207,G.R-zero-prior,1993,0.44262295081967207
2,HK,0.8351648351648352,1.0,3,0.1648351648351648,G.L-permute,1993,0.1648351648351648
11,HK,0.2459016393442623,0.7540983606557377,3,0.5081967213114753,G.L-permute,1993,0.5081967213114753
2,HK,0.0,0.0,3,0.0,G.template-0,1993,0.0
11,HK,0.5737704918032787,0.7213114754098361,3,0.14754098360655743,G.template-0,1993,0.14754098360655743
2,HK,0.0,0.0,3,0.0,G.template-1,1993,0.0
11,HK,0.8360655737704918,0.9508196721311475,3,0.11475409836065564,G.template-1,1993,0.11475409836065564
2,HK,0.8241758241758241,1.0,3,0.17582417582417587,P,1993,0.17582417582417587
11,HK,0.22950819672131148,0.6557377049180327,3,0.42622950819672123,P,1993,0.42622950819672123
2,HK,0.8296703296703297,1.0,3,0.17032967032967028,F,1993,0.17032967032967028
11,HK,0.22950819672131148,0.6557377049180327,3,0.42622950819672123,F,1993,0.42622950819672123
2,HK,0.7967032967032966,1.0,3,0.20329670329670335,F2,1993,0.20329670329670335
11,HK,0.26229508196721313,0.6721311475409836,3,0.40983606557377045,F2,1993,0.40983606557377045
17,HK,0.6,0.8,4,0.20000000000000007,G.V,1993,0.20000000000000007
3,HK,0.7643312101910829,0.7579617834394905,4,0.006369426751592355,G.V,1993,-0.006369426751592355
17,HK,0.8,1.0,4,0.19999999999999996,G.J,1993,0.19999999999999996
3,HK,0.8662420382165605,0.8471337579617835,4,0.0,G.J,1993,-0.019108280254777066
17,HK,0.8,1.0,4,0.19999999999999996,G.J1,1993,0.19999999999999996
3,HK,0.821656050955414,0.8407643312101911,4,0.03821656050955413,G.J1,1993,0.019108280254777066
17,HK,0.4,0.4,4,0.0,G.Z,1993,0.0
3,HK,0.0,0.006369426751592357,4,0.006369426751592357,G.Z,1993,0.006369426751592357
17,HK,0.8,1.0,4,0.19999999999999996,G.L,1993,0.19999999999999996
3,HK,0.8152866242038217,0.8343949044585988,4,0.019108280254777066,G.L,1993,0.019108280254777066
17,HK,0.8,1.0,4,0.19999999999999996,G.R,1993,0.19999999999999996
3,HK,0.8662420382165605,0.8471337579617835,4,0.0,G.R,1993,-0.019108280254777066
17,HK,0.8,1.0,4,0.19999999999999996,G.R-no-gate,1993,0.19999999999999996
3,HK,0.8662420382165605,0.8471337579617835,4,0.0,G.R-no-gate,1993,-0.019108280254777066
17,HK,0.8,1.0,4,0.19999999999999996,G.R-identity,1993,0.19999999999999996
3,HK,0.8662420382165605,0.8471337579617835,4,0.0,G.R-identity,1993,-0.019108280254777066
17,HK,0.8,1.0,4,0.19999999999999996,G.R-zero-prior,1993,0.19999999999999996
3,HK,0.8662420382165605,0.8471337579617835,4,0.0,G.R-zero-prior,1993,-0.019108280254777066
17,HK,0.8,1.0,4,0.19999999999999996,G.L-permute,1993,0.19999999999999996
3,HK,0.8535031847133758,0.8471337579617835,4,0.019108280254777066,G.L-permute,1993,-0.006369426751592355
17,HK,0.4,0.4,4,0.0,G.template-0,1993,0.0
3,HK,0.0,0.006369426751592357,4,0.006369426751592357,G.template-0,1993,0.006369426751592357
17,HK,0.2,0.2,4,0.0,G.template-1,1993,0.0
3,HK,0.006369426751592357,0.006369426751592357,4,0.0,G.template-1,1993,0.0
17,HK,0.6,1.0,4,0.4,P,1993,0.4
3,HK,0.821656050955414,0.8471337579617835,4,0.04458598726114649,P,1993,0.02547770700636942
17,HK,0.6,1.0,4,0.4,F,1993,0.4
3,HK,0.8280254777070064,0.8471337579617835,4,0.031847133757961776,F,1993,0.019108280254777066
17,HK,0.6,1.0,4,0.4,F2,1993,0.4
3,HK,0.7834394904458599,0.8343949044585988,4,0.0573248407643312,F2,1993,0.05095541401273884
21,HK,0.0,1.0,5,1.0,G.V,1993,1.0
16,HK,0.625,0.5,5,0.125,G.V,1993,-0.125
21,HK,0.0,1.0,5,1.0,G.J,1993,1.0
16,HK,0.25,0.5,5,0.25,G.J,1993,0.25
21,HK,0.0,1.0,5,1.0,G.J1,1993,1.0
16,HK,0.25,0.5,5,0.25,G.J1,1993,0.25
21,HK,0.0,0.0,5,0.0,G.Z,1993,0.0
16,HK,0.0,0.0,5,0.0,G.Z,1993,0.0
21,HK,0.0,1.0,5,1.0,G.L,1993,1.0
16,HK,0.25,0.5,5,0.25,G.L,1993,0.25
21,HK,0.0,1.0,5,1.0,G.R,1993,1.0
16,HK,0.25,0.5,5,0.25,G.R,1993,0.25
21,HK,0.0,1.0,5,1.0,G.R-no-gate,1993,1.0
16,HK,0.25,0.5,5,0.25,G.R-no-gate,1993,0.25
21,HK,0.0,1.0,5,1.0,G.R-identity,1993,1.0
16,HK,0.25,0.5,5,0.25,G.R-identity,1993,0.25
21,HK,0.0,1.0,5,1.0,G.R-zero-prior,1993,1.0
16,HK,0.25,0.5,5,0.25,G.R-zero-prior,1993,0.25
21,HK,0.0,1.0,5,1.0,G.L-permute,1993,1.0
16,HK,0.25,0.5,5,0.25,G.L-permute,1993,0.25
21,HK,0.0,0.0,5,0.0,G.template-0,1993,0.0
16,HK,0.0,0.0,5,0.0,G.template-0,1993,0.0
21,HK,0.0,0.0,5,0.0,G.template-1,1993,0.0
16,HK,0.0,0.0,5,0.0,G.template-1,1993,0.0
21,HK,0.0,1.0,5,1.0,P,1993,1.0
16,HK,0.375,0.5,5,0.125,P,1993,0.125
21,HK,0.0,1.0,5,1.0,F,1993,1.0
16,HK,0.375,0.5,5,0.125,F,1993,0.125
21,HK,0.0,1.0,5,1.0,F2,1993,1.0
16,HK,0.25,0.5,5,0.25,F2,1993,0.25
22,HK,0.8095238095238095,0.8095238095238095,6,0.04761904761904756,G.V,1993,0.0
13,HK,0.95625,0.95,6,0.006249999999999978,G.V,1993,-0.006250000000000089
22,HK,0.8095238095238095,0.8095238095238095,6,0.0,G.J,1993,0.0
13,HK,0.95625,0.96875,6,0.012499999999999956,G.J,1993,0.012499999999999956
22,HK,0.8095238095238095,0.8095238095238095,6,0.0,G.J1,1993,0.0
13,HK,0.95625,0.975,6,0.018749999999999933,G.J1,1993,0.018749999999999933
22,HK,0.0,0.0,6,0.0,G.Z,1993,0.0
13,HK,0.00625,0.00625,6,0.0,G.Z,1993,0.0
22,HK,0.8095238095238095,0.8095238095238095,6,0.0,G.L,1993,0.0
13,HK,0.95625,0.96875,6,0.012499999999999956,G.L,1993,0.012499999999999956
22,HK,0.8095238095238095,0.8095238095238095,6,0.0,G.R,1993,0.0
13,HK,0.95625,0.96875,6,0.012499999999999956,G.R,1993,0.012499999999999956
22,HK,0.8095238095238095,0.8095238095238095,6,0.0,G.R-no-gate,1993,0.0
13,HK,0.95625,0.96875,6,0.012499999999999956,G.R-no-gate,1993,0.012499999999999956
22,HK,0.8095238095238095,0.8095238095238095,6,0.0,G.R-identity,1993,0.0
13,HK,0.95625,0.96875,6,0.012499999999999956,G.R-identity,1993,0.012499999999999956
22,HK,0.8095238095238095,0.8095238095238095,6,0.0,G.R-zero-prior,1993,0.0
13,HK,0.95625,0.96875,6,0.012499999999999956,G.R-zero-prior,1993,0.012499999999999956
22,HK,0.8095238095238095,0.8095238095238095,6,0.0,G.L-permute,1993,0.0
13,HK,0.95625,0.96875,6,0.012499999999999956,G.L-permute,1993,0.012499999999999956
22,HK,0.0,0.0,6,0.0,G.template-0,1993,0.0
13,HK,0.00625,0.00625,6,0.0,G.template-0,1993,0.0
22,HK,0.0,0.0,6,0.0,G.template-1,1993,0.0
13,HK,0.00625,0.00625,6,0.0,G.template-1,1993,0.0
22,HK,0.7619047619047619,0.7619047619047619,6,0.0,P,1993,0.0
13,HK,0.94375,0.95,6,0.012500000000000067,P,1993,0.006249999999999978
22,HK,0.7619047619047619,0.7619047619047619,6,0.0,F,1993,0.0
13,HK,0.94375,0.95,6,0.012500000000000067,F,1993,0.006249999999999978
22,HK,0.7619047619047619,0.7619047619047619,6,0.0,F2,1993,0.0
13,HK,0.94375,0.95,6,0.006249999999999978,F2,1993,0.006249999999999978
18,HK,0.15151515151515152,0.36363636363636365,7,0.21212121212121213,G.V,1993,0.21212121212121213
14,HK,0.8166666666666667,0.95,7,0.16666666666666663,G.V,1993,0.1333333333333333
18,HK,0.42424242424242425,0.5757575757575758,7,0.15151515151515155,G.J,1993,0.15151515151515155
14,HK,0.9666666666666667,0.9833333333333333,7,0.016666666666666607,G.J,1993,0.016666666666666607
18,HK,0.3333333333333333,0.5151515151515151,7,0.18181818181818182,G.J1,1993,0.18181818181818182
14,HK,0.9333333333333333,0.9833333333333333,7,0.06666666666666665,G.J1,1993,0.04999999999999993
18,HK,0.0,0.0,7,0.0,G.Z,1993,0.0
14,HK,0.2,0.25,7,0.04999999999999999,G.Z,1993,0.04999999999999999
18,HK,0.45454545454545453,0.5757575757575758,7,0.12121212121212127,G.L,1993,0.12121212121212127
14,HK,0.9833333333333333,0.9833333333333333,7,0.0,G.L,1993,0.0
18,HK,0.42424242424242425,0.5757575757575758,7,0.15151515151515155,G.R,1993,0.15151515151515155
14,HK,0.9666666666666667,0.9833333333333333,7,0.016666666666666607,G.R,1993,0.016666666666666607
18,HK,0.42424242424242425,0.5454545454545454,7,0.12121212121212116,G.R-no-gate,1993,0.12121212121212116
14,HK,0.9666666666666667,0.9833333333333333,7,0.016666666666666607,G.R-no-gate,1993,0.016666666666666607
18,HK,0.42424242424242425,0.5757575757575758,7,0.15151515151515155,G.R-identity,1993,0.15151515151515155
14,HK,0.9666666666666667,0.9833333333333333,7,0.016666666666666607,G.R-identity,1993,0.016666666666666607
18,HK,0.42424242424242425,0.5757575757575758,7,0.15151515151515155,G.R-zero-prior,1993,0.15151515151515155
14,HK,0.9666666666666667,0.9833333333333333,7,0.016666666666666607,G.R-zero-prior,1993,0.016666666666666607
18,HK,0.45454545454545453,0.6060606060606061,7,0.15151515151515155,G.L-permute,1993,0.15151515151515155
14,HK,0.9833333333333333,0.9833333333333333,7,0.0,G.L-permute,1993,0.0
18,HK,0.0,0.0,7,0.0,G.template-0,1993,0.0
14,HK,0.08333333333333333,0.13333333333333333,7,0.05,G.template-0,1993,0.05
18,HK,0.0,0.0,7,0.0,G.template-1,1993,0.0
14,HK,0.43333333333333335,0.4666666666666667,7,0.033333333333333326,G.template-1,1993,0.033333333333333326
18,HK,0.3333333333333333,0.5151515151515151,7,0.18181818181818182,P,1993,0.18181818181818182
14,HK,0.9,0.9833333333333333,7,0.08333333333333326,P,1993,0.08333333333333326
18,HK,0.3333333333333333,0.5151515151515151,7,0.18181818181818182,F,1993,0.18181818181818182
14,HK,0.9,0.9833333333333333,7,0.08333333333333326,F,1993,0.08333333333333326
18,HK,0.2727272727272727,0.45454545454545453,7,0.18181818181818182,F2,1993,0.18181818181818182
14,HK,0.8666666666666667,0.9833333333333333,7,0.11666666666666659,F2,1993,0.11666666666666659
9,HK,0.9817073170731707,0.9878048780487805,8,0.0060975609756097615,G.V,1993,0.0060975609756097615
19,HK,0.0,0.5,8,0.5,G.V,1993,0.5
9,HK,0.9939024390243902,0.9939024390243902,8,0.0,G.J,1993,0.0
19,HK,0.0,0.0,8,0.0,G.J,1993,0.0
9,HK,0.9939024390243902,0.9939024390243902,8,0.0,G.J1,1993,0.0
19,HK,0.0,0.0,8,0.0,G.J1,1993,0.0
9,HK,0.0,0.0,8,0.0,G.Z,1993,0.0
19,HK,0.0,0.0,8,0.0,G.Z,1993,0.0
9,HK,0.9939024390243902,0.9939024390243902,8,0.0,G.L,1993,0.0
19,HK,0.0,0.0,8,0.0,G.L,1993,0.0
9,HK,0.9939024390243902,0.9939024390243902,8,0.0,G.R,1993,0.0
19,HK,0.0,0.0,8,0.0,G.R,1993,0.0
9,HK,0.9939024390243902,0.9939024390243902,8,0.0,G.R-no-gate,1993,0.0
19,HK,0.0,0.0,8,0.0,G.R-no-gate,1993,0.0
9,HK,0.9939024390243902,0.9939024390243902,8,0.0,G.R-identity,1993,0.0
19,HK,0.0,0.0,8,0.0,G.R-identity,1993,0.0
9,HK,0.9939024390243902,0.9939024390243902,8,0.0,G.R-zero-prior,1993,0.0
19,HK,0.0,0.0,8,0.0,G.R-zero-prior,1993,0.0
9,HK,0.9939024390243902,0.9939024390243902,8,0.0,G.L-permute,1993,0.0
19,HK,0.0,0.0,8,0.0,G.L-permute,1993,0.0
9,HK,0.0,0.0,8,0.0,G.template-0,1993,0.0
19,HK,0.0,0.0,8,0.0,G.template-0,1993,0.0
9,HK,0.0,0.0,8,0.0,G.template-1,1993,0.0
19,HK,0.0,0.0,8,0.0,G.template-1,1993,0.0
9,HK,0.9878048780487805,0.9878048780487805,8,0.0,P,1993,0.0
19,HK,0.0,0.0,8,0.0,P,1993,0.0
9,HK,0.9878048780487805,0.9878048780487805,8,0.0,F,1993,0.0
19,HK,0.0,0.0,8,0.0,F,1993,0.0
9,HK,0.9817073170731707,0.9878048780487805,8,0.0060975609756097615,F2,1993,0.0060975609756097615
19,HK,0.0,0.0,8,0.0,F2,1993,0.0
15,HK,1.0,1.0,9,0.0,G.V,1993,0.0
6,HK,0.0,0.0,9,0.0,G.V,1993,0.0
15,HK,0.991869918699187,0.991869918699187,9,0.0,G.J,1993,0.0
6,HK,0.0,0.0,9,0.0,G.J,1993,0.0
15,HK,0.991869918699187,0.991869918699187,9,0.0,G.J1,1993,0.0
6,HK,0.0,0.0,9,0.0,G.J1,1993,0.0
15,HK,0.008130081300813009,0.016260162601626018,9,0.008130081300813009,G.Z,1993,0.008130081300813009
6,HK,0.0,0.0,9,0.0,G.Z,1993,0.0
15,HK,0.991869918699187,0.991869918699187,9,0.0,G.L,1993,0.0
6,HK,0.0,0.0,9,0.0,G.L,1993,0.0
15,HK,0.991869918699187,0.991869918699187,9,0.0,G.R,1993,0.0
6,HK,0.0,0.0,9,0.0,G.R,1993,0.0
15,HK,0.991869918699187,0.991869918699187,9,0.0,G.R-no-gate,1993,0.0
6,HK,0.0,0.0,9,0.0,G.R-no-gate,1993,0.0
15,HK,0.991869918699187,0.991869918699187,9,0.0,G.R-identity,1993,0.0
6,HK,0.0,0.0,9,0.0,G.R-identity,1993,0.0
15,HK,0.991869918699187,0.991869918699187,9,0.0,G.R-zero-prior,1993,0.0
6,HK,0.0,0.0,9,0.0,G.R-zero-prior,1993,0.0
15,HK,0.991869918699187,0.991869918699187,9,0.0,G.L-permute,1993,0.0
6,HK,0.0,0.0,9,0.0,G.L-permute,1993,0.0
15,HK,0.04878048780487805,0.04878048780487805,9,0.0,G.template-0,1993,0.0
6,HK,0.0,0.0,9,0.0,G.template-0,1993,0.0
15,HK,0.008130081300813009,0.008130081300813009,9,0.0,G.template-1,1993,0.0
6,HK,0.0,0.0,9,0.0,G.template-1,1993,0.0
15,HK,0.991869918699187,0.991869918699187,9,0.0,P,1993,0.0
6,HK,0.0,0.0,9,0.0,P,1993,0.0
15,HK,0.991869918699187,0.991869918699187,9,0.0,F,1993,0.0
6,HK,0.0,0.0,9,0.0,F,1993,0.0
15,HK,0.991869918699187,0.991869918699187,9,0.0,F2,1993,0.0
6,HK,0.0,0.0,9,0.0,F2,1993,0.0
5,HK,0.0,0.0,10,0.0,G.V,1993,0.0
20,HK,0.07575757575757576,0.07575757575757576,10,0.0,G.V,1993,0.0
5,HK,0.0,0.0,10,0.0,G.J,1993,0.0
20,HK,0.2878787878787879,0.3484848484848485,10,0.06060606060606061,G.J,1993,0.06060606060606061
5,HK,0.0,0.0,10,0.0,G.J1,1993,0.0
20,HK,0.21212121212121213,0.24242424242424243,10,0.030303030303030304,G.J1,1993,0.030303030303030304
5,HK,0.0,0.0,10,0.0,G.Z,1993,0.0
20,HK,0.0,0.0,10,0.0,G.Z,1993,0.0
5,HK,0.0,0.0,10,0.0,G.L,1993,0.0
20,HK,0.2878787878787879,0.30303030303030304,10,0.015151515151515138,G.L,1993,0.015151515151515138
5,HK,0.0,0.0,10,0.0,G.R,1993,0.0
20,HK,0.2878787878787879,0.3484848484848485,10,0.06060606060606061,G.R,1993,0.06060606060606061
5,HK,0.0,0.0,10,0.0,G.R-no-gate,1993,0.0
20,HK,0.2878787878787879,0.3333333333333333,10,0.045454545454545414,G.R-no-gate,1993,0.045454545454545414
5,HK,0.0,0.0,10,0.0,G.R-identity,1993,0.0
20,HK,0.2878787878787879,0.3484848484848485,10,0.06060606060606061,G.R-identity,1993,0.06060606060606061
5,HK,0.0,0.0,10,0.0,G.R-zero-prior,1993,0.0
20,HK,0.2878787878787879,0.3484848484848485,10,0.06060606060606061,G.R-zero-prior,1993,0.06060606060606061
5,HK,0.0,0.0,10,0.0,G.L-permute,1993,0.0
20,HK,0.3181818181818182,0.3787878787878788,10,0.06060606060606061,G.L-permute,1993,0.06060606060606061
5,HK,0.0,0.0,10,0.0,G.template-0,1993,0.0
20,HK,0.0,0.0,10,0.0,G.template-0,1993,0.0
5,HK,0.0,0.0,10,0.0,G.template-1,1993,0.0
20,HK,0.0,0.0,10,0.0,G.template-1,1993,0.0
5,HK,0.0,0.0,10,0.0,P,1993,0.0
20,HK,0.16666666666666666,0.22727272727272727,10,0.06060606060606061,P,1993,0.06060606060606061
5,HK,0.0,0.0,10,0.0,F,1993,0.0
20,HK,0.16666666666666666,0.24242424242424243,10,0.07575757575757577,F,1993,0.07575757575757577
5,HK,0.0,0.0,10,0.0,F2,1993,0.0
20,HK,0.10606060606060606,0.10606060606060606,10,0.0,F2,1993,0.0
10,HK,0.7866666666666666,0.7866666666666666,11,0.0,G.V,1993,0.0
7,HK,1.0,1.0,11,0.0,G.V,1993,0.0
1,HK,0.8495575221238938,0.8495575221238938,11,0.0,G.V,1993,0.0
10,HK,0.7666666666666667,0.7666666666666667,11,0.0,G.J,1993,0.0
7,HK,1.0,1.0,11,0.0,G.J,1993,0.0
1,HK,0.9292035398230089,0.9292035398230089,11,0.0,G.J,1993,0.0
10,HK,0.7666666666666667,0.7666666666666667,11,0.0,G.J1,1993,0.0
7,HK,1.0,1.0,11,0.0,G.J1,1993,0.0
1,HK,0.911504424778761,0.911504424778761,11,0.0,G.J1,1993,0.0
10,HK,0.0,0.0,11,0.0,G.Z,1993,0.0
7,HK,0.0,0.0,11,0.0,G.Z,1993,0.0
1,HK,0.0,0.0,11,0.0,G.Z,1993,0.0
10,HK,0.72,0.72,11,0.0,G.L,1993,0.0
7,HK,1.0,1.0,11,0.0,G.L,1993,0.0
1,HK,0.9380530973451328,0.9380530973451328,11,0.0,G.L,1993,0.0
10,HK,0.7666666666666667,0.7666666666666667,11,0.0,G.R,1993,0.0
7,HK,1.0,1.0,11,0.0,G.R,1993,0.0
1,HK,0.9292035398230089,0.9292035398230089,11,0.0,G.R,1993,0.0
10,HK,0.7733333333333333,0.7733333333333333,11,0.0,G.R-no-gate,1993,0.0
7,HK,1.0,1.0,11,0.0,G.R-no-gate,1993,0.0
1,HK,0.9292035398230089,0.9292035398230089,11,0.0,G.R-no-gate,1993,0.0
10,HK,0.7666666666666667,0.7666666666666667,11,0.0,G.R-identity,1993,0.0
7,HK,1.0,1.0,11,0.0,G.R-identity,1993,0.0
1,HK,0.9292035398230089,0.9292035398230089,11,0.0,G.R-identity,1993,0.0
10,HK,0.7666666666666667,0.7666666666666667,11,0.0,G.R-zero-prior,1993,0.0
7,HK,1.0,1.0,11,0.0,G.R-zero-prior,1993,0.0
1,HK,0.9292035398230089,0.9292035398230089,11,0.0,G.R-zero-prior,1993,0.0
10,HK,0.7866666666666666,0.7866666666666666,11,0.0,G.L-permute,1993,0.0
7,HK,1.0,1.0,11,0.0,G.L-permute,1993,0.0
1,HK,0.9380530973451328,0.9380530973451328,11,0.0,G.L-permute,1993,0.0
10,HK,0.0,0.0,11,0.0,G.template-0,1993,0.0
7,HK,0.0,0.0,11,0.0,G.template-0,1993,0.0
1,HK,0.0,0.0,11,0.0,G.template-0,1993,0.0
10,HK,0.0,0.0,11,0.0,G.template-1,1993,0.0
7,HK,0.0,0.0,11,0.0,G.template-1,1993,0.0
1,HK,0.0,0.0,11,0.0,G.template-1,1993,0.0
10,HK,0.7866666666666666,0.7866666666666666,11,0.0,P,1993,0.0
7,HK,1.0,1.0,11,0.0,P,1993,0.0
1,HK,0.9469026548672567,0.9469026548672567,11,0.0,P,1993,0.0
10,HK,0.7933333333333333,0.7933333333333333,11,0.0,F,1993,0.0
7,HK,1.0,1.0,11,0.0,F,1993,0.0
1,HK,0.9469026548672567,0.9469026548672567,11,0.0,F,1993,0.0
10,HK,0.7533333333333333,0.7533333333333333,11,0.0,F2,1993,0.0
7,HK,1.0,1.0,11,0.0,F2,1993,0.0
1,HK,0.9203539823008849,0.9203539823008849,11,0.0,F2,1993,0.0
22,HK,0.8095238095238095,1.0,1,0.19047619047619047,G.V,1994,0.19047619047619047
16,HK,0.625,1.0,1,0.375,G.V,1994,0.375
22,HK,0.8095238095238095,1.0,1,0.19047619047619047,G.J,1994,0.19047619047619047
16,HK,0.25,1.0,1,0.75,G.J,1994,0.75
22,HK,0.8095238095238095,1.0,1,0.19047619047619047,G.J1,1994,0.19047619047619047
16,HK,0.25,1.0,1,0.75,G.J1,1994,0.75
22,HK,0.0,0.14285714285714285,1,0.14285714285714285,G.Z,1994,0.14285714285714285
16,HK,0.0,0.875,1,0.875,G.Z,1994,0.875
22,HK,0.8095238095238095,1.0,1,0.19047619047619047,G.L,1994,0.19047619047619047
16,HK,0.25,1.0,1,0.75,G.L,1994,0.75
22,HK,0.8095238095238095,1.0,1,0.19047619047619047,G.R,1994,0.19047619047619047
16,HK,0.25,1.0,1,0.75,G.R,1994,0.75
22,HK,0.8095238095238095,1.0,1,0.19047619047619047,G.R-no-gate,1994,0.19047619047619047
16,HK,0.25,1.0,1,0.75,G.R-no-gate,1994,0.75
22,HK,0.8095238095238095,1.0,1,0.19047619047619047,G.R-identity,1994,0.19047619047619047
16,HK,0.25,1.0,1,0.75,G.R-identity,1994,0.75
22,HK,0.8095238095238095,1.0,1,0.19047619047619047,G.R-zero-prior,1994,0.19047619047619047
16,HK,0.25,1.0,1,0.75,G.R-zero-prior,1994,0.75
22,HK,0.8095238095238095,1.0,1,0.19047619047619047,G.L-permute,1994,0.19047619047619047
16,HK,0.25,1.0,1,0.75,G.L-permute,1994,0.75
22,HK,0.0,0.6190476190476191,1,0.6190476190476191,G.template-0,1994,0.6190476190476191
16,HK,0.0,0.5,1,0.5,G.template-0,1994,0.5
22,HK,0.0,0.0,1,0.0,G.template-1,1994,0.0
16,HK,0.0,0.875,1,0.875,G.template-1,1994,0.875
22,HK,0.7619047619047619,1.0,1,0.23809523809523814,P,1994,0.23809523809523814
16,HK,0.375,1.0,1,0.625,P,1994,0.625
22,HK,0.7619047619047619,1.0,1,0.23809523809523814,F,1994,0.23809523809523814
16,HK,0.375,1.0,1,0.625,F,1994,0.625
22,HK,0.7619047619047619,1.0,1,0.23809523809523814,F2,1994,0.23809523809523814
16,HK,0.25,1.0,1,0.75,F2,1994,0.75
12,HK,0.7560975609756098,0.7560975609756098,2,0.0,G.V,1994,0.0
13,HK,0.95625,0.9625,2,0.012499999999999956,G.V,1994,0.006249999999999978
12,HK,0.7804878048780488,0.9024390243902439,2,0.12195121951219512,G.J,1994,0.12195121951219512
13,HK,0.95625,0.975,2,0.02499999999999991,G.J,1994,0.018749999999999933
12,HK,0.7804878048780488,0.8780487804878049,2,0.09756097560975607,G.J1,1994,0.09756097560975607
13,HK,0.95625,0.98125,2,0.02499999999999991,G.J1,1994,0.02499999999999991
12,HK,0.0,0.36585365853658536,2,0.36585365853658536,G.Z,1994,0.36585365853658536
13,HK,0.00625,0.0125,2,0.00625,G.Z,1994,0.00625
12,HK,0.7804878048780488,0.9024390243902439,2,0.12195121951219512,G.L,1994,0.12195121951219512
13,HK,0.95625,0.96875,2,0.018749999999999933,G.L,1994,0.012499999999999956
12,HK,0.7804878048780488,0.9024390243902439,2,0.12195121951219512,G.R,1994,0.12195121951219512
13,HK,0.95625,0.975,2,0.02499999999999991,G.R,1994,0.018749999999999933
12,HK,0.7804878048780488,0.9024390243902439,2,0.12195121951219512,G.R-no-gate,1994,0.12195121951219512
13,HK,0.95625,0.975,2,0.02499999999999991,G.R-no-gate,1994,0.018749999999999933
12,HK,0.7804878048780488,0.9024390243902439,2,0.12195121951219512,G.R-identity,1994,0.12195121951219512
13,HK,0.95625,0.975,2,0.02499999999999991,G.R-identity,1994,0.018749999999999933
12,HK,0.7804878048780488,0.9024390243902439,2,0.12195121951219512,G.R-zero-prior,1994,0.12195121951219512
13,HK,0.95625,0.975,2,0.02499999999999991,G.R-zero-prior,1994,0.018749999999999933
12,HK,0.8536585365853658,0.9024390243902439,2,0.04878048780487809,G.L-permute,1994,0.04878048780487809
13,HK,0.95625,0.975,2,0.03125,G.L-permute,1994,0.018749999999999933
12,HK,0.0,0.21951219512195122,2,0.21951219512195122,G.template-0,1994,0.21951219512195122
13,HK,0.00625,0.025,2,0.018750000000000003,G.template-0,1994,0.018750000000000003
12,HK,0.0,0.5121951219512195,2,0.5121951219512195,G.template-1,1994,0.5121951219512195
13,HK,0.00625,0.01875,2,0.012499999999999999,G.template-1,1994,0.012499999999999999
12,HK,0.8292682926829268,0.9024390243902439,2,0.07317073170731714,P,1994,0.07317073170731714
13,HK,0.94375,0.975,2,0.03125,P,1994,0.03125
12,HK,0.8292682926829268,0.9024390243902439,2,0.07317073170731714,F,1994,0.07317073170731714
13,HK,0.95,0.96875,2,0.025000000000000022,F,1994,0.018750000000000044
12,HK,0.8048780487804879,0.8780487804878049,2,0.07317073170731703,F2,1994,0.07317073170731703
13,HK,0.9375,0.975,2,0.03749999999999998,F2,1994,0.03749999999999998
21,HK,0.0,0.75,3,0.75,G.V,1994,0.75
4,HK,0.8424242424242424,0.9939393939393939,3,0.1575757575757576,G.V,1994,0.1515151515151515
21,HK,0.0,0.25,3,0.25,G.J,1994,0.25
4,HK,0.8666666666666667,1.0,3,0.1333333333333333,G.J,1994,0.1333333333333333
21,HK,0.0,0.25,3,0.25,G.J1,1994,0.25
4,HK,0.8727272727272727,1.0,3,0.12727272727272732,G.J1,1994,0.12727272727272732
21,HK,0.0,0.0,3,0.0,G.Z,1994,0.0
4,HK,0.09696969696969697,0.1393939393939394,3,0.042424242424242434,G.Z,1994,0.042424242424242434
21,HK,0.0,0.25,3,0.25,G.L,1994,0.25
4,HK,0.896969696969697,1.0,3,0.10303030303030303,G.L,1994,0.10303030303030303
21,HK,0.0,0.25,3,0.25,G.R,1994,0.25
4,HK,0.8666666666666667,1.0,3,0.1333333333333333,G.R,1994,0.1333333333333333
21,HK,0.0,0.25,3,0.25,G.R-no-gate,1994,0.25
4,HK,0.8666666666666667,1.0,3,0.1333333333333333,G.R-no-gate,1994,0.1333333333333333
21,HK,0.0,0.25,3,0.25,G.R-identity,1994,0.25
4,HK,0.8666666666666667,1.0,3,0.1333333333333333,G.R-identity,1994,0.1333333333333333
21,HK,0.0,0.25,3,0.25,G.R-zero-prior,1994,0.25
4,HK,0.8666666666666667,1.0,3,0.1333333333333333,G.R-zero-prior,1994,0.1333333333333333
21,HK,0.0,0.25,3,0.25,G.L-permute,1994,0.25
4,HK,0.8484848484848485,1.0,3,0.1515151515151515,G.L-permute,1994,0.1515151515151515
21,HK,0.0,0.0,3,0.0,G.template-0,1994,0.0
4,HK,0.20606060606060606,0.4,3,0.19393939393939397,G.template-0,1994,0.19393939393939397
21,HK,0.0,0.0,3,0.0,G.template-1,1994,0.0
4,HK,0.06666666666666667,0.09696969696969697,3,0.030303030303030304,G.template-1,1994,0.030303030303030304
21,HK,0.0,0.25,3,0.25,P,1994,0.25
4,HK,0.8727272727272727,1.0,3,0.12727272727272732,P,1994,0.12727272727272732
21,HK,0.0,0.25,3,0.25,F,1994,0.25
4,HK,0.8666666666666667,1.0,3,0.1333333333333333,F,1994,0.1333333333333333
21,HK,0.25,0.25,3,0.0,F2,1994,0.0
4,HK,0.8787878787878788,1.0,3,0.12121212121212122,F2,1994,0.12121212121212122
19,HK,0.0,0.5,4,0.5,G.V,1994,0.5
17,HK,0.6,1.0,4,0.4,G.V,1994,0.4
19,HK,0.0,0.0,4,0.0,G.J,1994,0.0
17,HK,0.8,1.0,4,0.19999999999999996,G.J,1994,0.19999999999999996
19,HK,0.0,0.0,4,0.0,G.J1,1994,0.0
17,HK,0.8,1.0,4,0.19999999999999996,G.J1,1994,0.19999999999999996
19,HK,0.0,0.0,4,0.0,G.Z,1994,0.0
17,HK,0.4,0.4,4,0.0,G.Z,1994,0.0
19,HK,0.0,0.0,4,0.0,G.L,1994,0.0
17,HK,0.8,1.0,4,0.19999999999999996,G.L,1994,0.19999999999999996
19,HK,0.0,0.0,4,0.0,G.R,1994,0.0
17,HK,0.8,1.0,4,0.19999999999999996,G.R,1994,0.19999999999999996
19,HK,0.0,0.0,4,0.0,G.R-no-gate,1994,0.0
17,HK,0.8,1.0,4,0.19999999999999996,G.R-no-gate,1994,0.19999999999999996
19,HK,0.0,0.0,4,0.0,G.R-identity,1994,0.0
17,HK,0.8,1.0,4,0.19999999999999996,G.R-identity,1994,0.19999999999999996
19,HK,0.0,0.0,4,0.0,G.R-zero-prior,1994,0.0
17,HK,0.8,1.0,4,0.19999999999999996,G.R-zero-prior,1994,0.19999999999999996
19,HK,0.0,0.0,4,0.0,G.L-permute,1994,0.0
17,HK,0.8,1.0,4,0.19999999999999996,G.L-permute,1994,0.19999999999999996
19,HK,0.0,0.0,4,0.0,G.template-0,1994,0.0
17,HK,0.4,0.6,4,0.19999999999999996,G.template-0,1994,0.19999999999999996
19,HK,0.0,0.0,4,0.0,G.template-1,1994,0.0
17,HK,0.2,0.4,4,0.2,G.template-1,1994,0.2
19,HK,0.0,0.0,4,0.0,P,1994,0.0
17,HK,0.6,0.8,4,0.20000000000000007,P,1994,0.20000000000000007
19,HK,0.0,0.0,4,0.0,F,1994,0.0
17,HK,0.6,0.8,4,0.20000000000000007,F,1994,0.20000000000000007
19,HK,0.0,0.0,4,0.0,F2,1994,0.0
17,HK,0.6,0.8,4,0.20000000000000007,F2,1994,0.20000000000000007
6,HK,0.0,0.0,5,0.0,G.V,1994,0.0
11,HK,0.16393442622950818,0.5573770491803278,5,0.39344262295081966,G.V,1994,0.39344262295081966
6,HK,0.0,0.0,5,0.0,G.J,1994,0.0
11,HK,0.2786885245901639,0.639344262295082,5,0.3770491803278688,G.J,1994,0.3606557377049181
6,HK,0.0,0.0,5,0.0,G.J1,1994,0.0
11,HK,0.2786885245901639,0.6229508196721312,5,0.34426229508196726,G.J1,1994,0.34426229508196726
6,HK,0.0,0.0,5,0.0,G.Z,1994,0.0
11,HK,0.639344262295082,0.9344262295081968,5,0.29508196721311475,G.Z,1994,0.29508196721311475
6,HK,0.0,0.0,5,0.0,G.L,1994,0.0
11,HK,0.4098360655737705,0.6721311475409836,5,0.29508196721311475,G.L,1994,0.2622950819672131
6,HK,0.0,0.0,5,0.0,G.R,1994,0.0
11,HK,0.2786885245901639,0.639344262295082,5,0.3770491803278688,G.R,1994,0.3606557377049181
6,HK,0.0,0.0,5,0.0,G.R-no-gate,1994,0.0
11,HK,0.2786885245901639,0.639344262295082,5,0.3770491803278688,G.R-no-gate,1994,0.3606557377049181
6,HK,0.0,0.0,5,0.0,G.R-identity,1994,0.0
11,HK,0.2786885245901639,0.639344262295082,5,0.3770491803278688,G.R-identity,1994,0.3606557377049181
6,HK,0.0,0.0,5,0.0,G.R-zero-prior,1994,0.0
11,HK,0.2786885245901639,0.639344262295082,5,0.3770491803278688,G.R-zero-prior,1994,0.3606557377049181
6,HK,0.0,0.0,5,0.0,G.L-permute,1994,0.0
11,HK,0.2459016393442623,0.6229508196721312,5,0.40983606557377045,G.L-permute,1994,0.3770491803278689
6,HK,0.0,0.0,5,0.0,G.template-0,1994,0.0
11,HK,0.5737704918032787,0.9508196721311475,5,0.3770491803278688,G.template-0,1994,0.3770491803278688
6,HK,0.0,0.0,5,0.0,G.template-1,1994,0.0
11,HK,0.8360655737704918,0.9672131147540983,5,0.13114754098360648,G.template-1,1994,0.13114754098360648
6,HK,0.0,0.0,5,0.0,P,1994,0.0
11,HK,0.22950819672131148,0.6065573770491803,5,0.3770491803278688,P,1994,0.3770491803278688
6,HK,0.0,0.0,5,0.0,F,1994,0.0
11,HK,0.22950819672131148,0.6229508196721312,5,0.39344262295081966,F,1994,0.39344262295081966
6,HK,0.0,0.0,5,0.0,F2,1994,0.0
11,HK,0.2459016393442623,0.5737704918032787,5,0.32786885245901637,F2,1994,0.32786885245901637
3,HK,0.7643312101910829,0.7515923566878981,6,0.0,G.V,1994,-0.01273885350318471
15,HK,1.0,1.0,6,0.0,G.V,1994,0.0
3,HK,0.8598726114649682,0.8535031847133758,6,0.006369426751592355,G.J,1994,-0.006369426751592355
15,HK,0.991869918699187,1.0,6,0.008130081300813052,G.J,1994,0.008130081300813052
3,HK,0.821656050955414,0.8407643312101911,6,0.019108280254777066,G.J1,1994,0.019108280254777066
15,HK,0.991869918699187,1.0,6,0.008130081300813052,G.J1,1994,0.008130081300813052
3,HK,0.0,0.006369426751592357,6,0.006369426751592357,G.Z,1994,0.006369426751592357
15,HK,0.008130081300813009,0.024390243902439025,6,0.016260162601626015,G.Z,1994,0.016260162601626015
3,HK,0.8089171974522293,0.8343949044585988,6,0.02547770700636942,G.L,1994,0.02547770700636942
15,HK,0.991869918699187,1.0,6,0.008130081300813052,G.L,1994,0.008130081300813052
3,HK,0.8598726114649682,0.8535031847133758,6,0.006369426751592355,G.R,1994,-0.006369426751592355
15,HK,0.991869918699187,1.0,6,0.008130081300813052,G.R,1994,0.008130081300813052
3,HK,0.8598726114649682,0.8535031847133758,6,0.006369426751592355,G.R-no-gate,1994,-0.006369426751592355
15,HK,0.991869918699187,1.0,6,0.008130081300813052,G.R-no-gate,1994,0.008130081300813052
3,HK,0.8598726114649682,0.8535031847133758,6,0.006369426751592355,G.R-identity,1994,-0.006369426751592355
15,HK,0.991869918699187,1.0,6,0.008130081300813052,G.R-identity,1994,0.008130081300813052
3,HK,0.8598726114649682,0.8535031847133758,6,0.006369426751592355,G.R-zero-prior,1994,-0.006369426751592355
15,HK,0.991869918699187,1.0,6,0.008130081300813052,G.R-zero-prior,1994,0.008130081300813052
3,HK,0.8535031847133758,0.8662420382165605,6,0.03821656050955413,G.L-permute,1994,0.01273885350318471
15,HK,0.991869918699187,1.0,6,0.008130081300813052,G.L-permute,1994,0.008130081300813052
3,HK,0.0,0.006369426751592357,6,0.006369426751592357,G.template-0,1994,0.006369426751592357
15,HK,0.04878048780487805,0.07317073170731707,6,0.02439024390243902,G.template-0,1994,0.02439024390243902
3,HK,0.006369426751592357,0.006369426751592357,6,0.0,G.template-1,1994,0.0
15,HK,0.008130081300813009,0.016260162601626018,6,0.008130081300813009,G.template-1,1994,0.008130081300813009
3,HK,0.821656050955414,0.8726114649681529,6,0.05095541401273884,P,1994,0.05095541401273884
15,HK,0.991869918699187,1.0,6,0.008130081300813052,P,1994,0.008130081300813052
3,HK,0.8152866242038217,0.8598726114649682,6,0.05095541401273884,F,1994,0.04458598726114649
15,HK,0.991869918699187,1.0,6,0.008130081300813052,F,1994,0.008130081300813052
3,HK,0.7770700636942676,0.821656050955414,6,0.04458598726114649,F2,1994,0.04458598726114649
15,HK,0.991869918699187,1.0,6,0.008130081300813052,F2,1994,0.008130081300813052
0,HK,0.42857142857142855,0.2857142857142857,7,0.0,G.V,1994,-0.14285714285714285
9,HK,0.9817073170731707,0.9878048780487805,7,0.0060975609756097615,G.V,1994,0.0060975609756097615
0,HK,0.5714285714285714,0.5714285714285714,7,0.0,G.J,1994,0.0
9,HK,0.9939024390243902,0.9939024390243902,7,0.0,G.J,1994,0.0
0,HK,0.7142857142857143,0.5714285714285714,7,0.0,G.J1,1994,-0.1428571428571429
9,HK,0.9939024390243902,0.9939024390243902,7,0.0,G.J1,1994,0.0
0,HK,0.0,0.0,7,0.0,G.Z,1994,0.0
9,HK,0.0,0.012195121951219513,7,0.012195121951219513,G.Z,1994,0.012195121951219513
0,HK,0.5714285714285714,0.5714285714285714,7,0.0,G.L,1994,0.0
9,HK,0.9939024390243902,0.9939024390243902,7,0.0,G.L,1994,0.0
0,HK,0.5714285714285714,0.5714285714285714,7,0.0,G.R,1994,0.0
9,HK,0.9939024390243902,0.9939024390243902,7,0.0,G.R,1994,0.0
0,HK,0.7142857142857143,0.5714285714285714,7,0.0,G.R-no-gate,1994,-0.1428571428571429
9,HK,0.9939024390243902,0.9939024390243902,7,0.0,G.R-no-gate,1994,0.0
0,HK,0.5714285714285714,0.5714285714285714,7,0.0,G.R-identity,1994,0.0
9,HK,0.9939024390243902,0.9939024390243902,7,0.0,G.R-identity,1994,0.0
0,HK,0.5714285714285714,0.5714285714285714,7,0.0,G.R-zero-prior,1994,0.0
9,HK,0.9939024390243902,0.9939024390243902,7,0.0,G.R-zero-prior,1994,0.0
0,HK,0.5714285714285714,0.5714285714285714,7,0.0,G.L-permute,1994,0.0
9,HK,0.9939024390243902,0.9939024390243902,7,0.0,G.L-permute,1994,0.0
0,HK,0.0,0.0,7,0.0,G.template-0,1994,0.0
9,HK,0.0,0.0,7,0.0,G.template-0,1994,0.0
0,HK,0.0,0.0,7,0.0,G.template-1,1994,0.0
9,HK,0.0,0.012195121951219513,7,0.012195121951219513,G.template-1,1994,0.012195121951219513
0,HK,0.7142857142857143,0.7142857142857143,7,0.0,P,1994,0.0
9,HK,0.9878048780487805,0.9878048780487805,7,0.0,P,1994,0.0
0,HK,0.7142857142857143,0.7142857142857143,7,0.0,F,1994,0.0
9,HK,0.9878048780487805,0.9878048780487805,7,0.0,F,1994,0.0
0,HK,0.7142857142857143,0.7142857142857143,7,0.0,F2,1994,0.0
9,HK,0.9817073170731707,0.9878048780487805,7,0.0060975609756097615,F2,1994,0.0060975609756097615
5,HK,0.0,1.0,8,1.0,G.V,1994,1.0
7,HK,1.0,1.0,8,0.0,G.V,1994,0.0
5,HK,0.0,1.0,8,1.0,G.J,1994,1.0
7,HK,1.0,1.0,8,0.0,G.J,1994,0.0
5,HK,0.0,1.0,8,1.0,G.J1,1994,1.0
7,HK,1.0,1.0,8,0.0,G.J1,1994,0.0
5,HK,0.0,0.0,8,0.0,G.Z,1994,0.0
7,HK,0.0,0.0,8,0.0,G.Z,1994,0.0
5,HK,0.0,1.0,8,1.0,G.L,1994,1.0
7,HK,1.0,1.0,8,0.0,G.L,1994,0.0
5,HK,0.0,1.0,8,1.0,G.R,1994,1.0
7,HK,1.0,1.0,8,0.0,G.R,1994,0.0
5,HK,0.0,1.0,8,1.0,G.R-no-gate,1994,1.0
7,HK,1.0,1.0,8,0.0,G.R-no-gate,1994,0.0
5,HK,0.0,1.0,8,1.0,G.R-identity,1994,1.0
7,HK,1.0,1.0,8,0.0,G.R-identity,1994,0.0
5,HK,0.0,1.0,8,1.0,G.R-zero-prior,1994,1.0
7,HK,1.0,1.0,8,0.0,G.R-zero-prior,1994,0.0
5,HK,0.0,1.0,8,1.0,G.L-permute,1994,1.0
7,HK,1.0,1.0,8,0.0,G.L-permute,1994,0.0
5,HK,0.0,0.0,8,0.0,G.template-0,1994,0.0
7,HK,0.0,0.0,8,0.0,G.template-0,1994,0.0
5,HK,0.0,0.0,8,0.0,G.template-1,1994,0.0
7,HK,0.0,0.0,8,0.0,G.template-1,1994,0.0
5,HK,0.0,1.0,8,1.0,P,1994,1.0
7,HK,1.0,1.0,8,0.0,P,1994,0.0
5,HK,0.0,1.0,8,1.0,F,1994,1.0
7,HK,1.0,1.0,8,0.0,F,1994,0.0
5,HK,0.0,1.0,8,1.0,F2,1994,1.0
7,HK,1.0,1.0,8,0.0,F2,1994,0.0
18,HK,0.15151515151515152,0.2727272727272727,9,0.12121212121212119,G.V,1994,0.12121212121212119
1,HK,0.8495575221238938,1.0,9,0.1504424778761062,G.V,1994,0.1504424778761062
18,HK,0.42424242424242425,0.5454545454545454,9,0.12121212121212116,G.J,1994,0.12121212121212116
1,HK,0.9292035398230089,1.0,9,0.07079646017699115,G.J,1994,0.07079646017699115
18,HK,0.30303030303030304,0.3939393939393939,9,0.09090909090909088,G.J1,1994,0.09090909090909088
1,HK,0.911504424778761,1.0,9,0.08849557522123896,G.J1,1994,0.08849557522123896
18,HK,0.0,0.0,9,0.0,G.Z,1994,0.0
1,HK,0.0,0.0,9,0.0,G.Z,1994,0.0
18,HK,0.42424242424242425,0.5454545454545454,9,0.12121212121212116,G.L,1994,0.12121212121212116
1,HK,0.9469026548672567,1.0,9,0.053097345132743334,G.L,1994,0.053097345132743334
18,HK,0.42424242424242425,0.5454545454545454,9,0.12121212121212116,G.R,1994,0.12121212121212116
1,HK,0.9292035398230089,1.0,9,0.07079646017699115,G.R,1994,0.07079646017699115
18,HK,0.42424242424242425,0.5151515151515151,9,0.09090909090909088,G.R-no-gate,1994,0.09090909090909088
1,HK,0.9292035398230089,1.0,9,0.07079646017699115,G.R-no-gate,1994,0.07079646017699115
18,HK,0.42424242424242425,0.5454545454545454,9,0.12121212121212116,G.R-identity,1994,0.12121212121212116
1,HK,0.9292035398230089,1.0,9,0.07079646017699115,G.R-identity,1994,0.07079646017699115
18,HK,0.42424242424242425,0.5454545454545454,9,0.12121212121212116,G.R-zero-prior,1994,0.12121212121212116
1,HK,0.9292035398230089,1.0,9,0.07079646017699115,G.R-zero-prior,1994,0.07079646017699115
18,HK,0.45454545454545453,0.5757575757575758,9,0.12121212121212127,G.L-permute,1994,0.12121212121212127
1,HK,0.9380530973451328,1.0,9,0.06194690265486724,G.L-permute,1994,0.06194690265486724
18,HK,0.0,0.0,9,0.0,G.template-0,1994,0.0
1,HK,0.0,0.0,9,0.0,G.template-0,1994,0.0
18,HK,0.0,0.0,9,0.0,G.template-1,1994,0.0
1,HK,0.0,0.0,9,0.0,G.template-1,1994,0.0
18,HK,0.3333333333333333,0.5151515151515151,9,0.18181818181818182,P,1994,0.18181818181818182
1,HK,0.9469026548672567,0.9911504424778761,9,0.04424778761061943,P,1994,0.04424778761061943
18,HK,0.3333333333333333,0.48484848484848486,9,0.15151515151515155,F,1994,0.15151515151515155
1,HK,0.9380530973451328,0.9911504424778761,9,0.053097345132743334,F,1994,0.053097345132743334
18,HK,0.30303030303030304,0.42424242424242425,9,0.12121212121212122,F2,1994,0.12121212121212122
1,HK,0.9203539823008849,0.9911504424778761,9,0.07079646017699115,F2,1994,0.07079646017699115
10,HK,0.7866666666666666,0.7733333333333333,10,0.0,G.V,1994,-0.013333333333333308
14,HK,0.8166666666666667,0.8333333333333334,10,0.01666666666666672,G.V,1994,0.01666666666666672
10,HK,0.7666666666666667,0.7666666666666667,10,0.0,G.J,1994,0.0
14,HK,0.9666666666666667,0.9666666666666667,10,0.0,G.J,1994,0.0
10,HK,0.76,0.76,10,0.0,G.J1,1994,0.0
14,HK,0.95,0.95,10,0.0,G.J1,1994,0.0
10,HK,0.0,0.0,10,0.0,G.Z,1994,0.0
14,HK,0.2,0.2,10,0.0,G.Z,1994,0.0
10,HK,0.72,0.7133333333333334,10,0.0,G.L,1994,-0.006666666666666599
14,HK,0.9666666666666667,0.9833333333333333,10,0.016666666666666607,G.L,1994,0.016666666666666607
10,HK,0.7666666666666667,0.7666666666666667,10,0.0,G.R,1994,0.0
14,HK,0.9666666666666667,0.9666666666666667,10,0.0,G.R,1994,0.0
10,HK,0.76,0.78,10,0.020000000000000018,G.R-no-gate,1994,0.020000000000000018
14,HK,0.9666666666666667,0.9666666666666667,10,0.0,G.R-no-gate,1994,0.0
10,HK,0.7666666666666667,0.7666666666666667,10,0.0,G.R-identity,1994,0.0
14,HK,0.9666666666666667,0.9666666666666667,10,0.0,G.R-identity,1994,0.0
10,HK,0.7666666666666667,0.7666666666666667,10,0.0,G.R-zero-prior,1994,0.0
14,HK,0.9666666666666667,0.9666666666666667,10,0.0,G.R-zero-prior,1994,0.0
10,HK,0.7866666666666666,0.7933333333333333,10,0.00666666666666671,G.L-permute,1994,0.00666666666666671
14,HK,0.9833333333333333,0.9833333333333333,10,0.0,G.L-permute,1994,0.0
10,HK,0.0,0.0,10,0.0,G.template-0,1994,0.0
14,HK,0.08333333333333333,0.11666666666666667,10,0.03333333333333334,G.template-0,1994,0.03333333333333334
10,HK,0.0,0.0,10,0.0,G.template-1,1994,0.0
14,HK,0.43333333333333335,0.43333333333333335,10,0.0,G.template-1,1994,0.0
10,HK,0.7866666666666666,0.7866666666666666,10,0.0,P,1994,0.0
14,HK,0.9,0.95,10,0.04999999999999993,P,1994,0.04999999999999993
10,HK,0.78,0.7866666666666666,10,0.006666666666666599,F,1994,0.006666666666666599
14,HK,0.9,0.95,10,0.04999999999999993,F,1994,0.04999999999999993
10,HK,0.7466666666666667,0.7533333333333333,10,0.006666666666666599,F2,1994,0.006666666666666599
14,HK,0.85,0.9,10,0.050000000000000044,F2,1994,0.050000000000000044
20,HK,0.07575757575757576,0.07575757575757576,11,0.0,G.V,1994,0.0
8,HK,0.9673202614379085,0.9673202614379085,11,0.0,G.V,1994,0.0
2,HK,0.8131868131868132,0.8131868131868132,11,0.0,G.V,1994,0.0
20,HK,0.2878787878787879,0.2878787878787879,11,0.0,G.J,1994,0.0
8,HK,0.9934640522875817,0.9934640522875817,11,0.0,G.J,1994,0.0
2,HK,0.8461538461538461,0.8461538461538461,11,0.0,G.J,1994,0.0
20,HK,0.19696969696969696,0.19696969696969696,11,0.0,G.J1,1994,0.0
8,HK,0.9869281045751634,0.9869281045751634,11,0.0,G.J1,1994,0.0
2,HK,0.8351648351648352,0.8351648351648352,11,0.0,G.J1,1994,0.0
20,HK,0.0,0.0,11,0.0,G.Z,1994,0.0
8,HK,0.05228758169934641,0.05228758169934641,11,0.0,G.Z,1994,0.0
2,HK,0.0,0.0,11,0.0,G.Z,1994,0.0
20,HK,0.2878787878787879,0.2878787878787879,11,0.0,G.L,1994,0.0
8,HK,0.9869281045751634,0.9869281045751634,11,0.0,G.L,1994,0.0
2,HK,0.8406593406593407,0.8406593406593407,11,0.0,G.L,1994,0.0
20,HK,0.2878787878787879,0.2878787878787879,11,0.0,G.R,1994,0.0
8,HK,0.9934640522875817,0.9934640522875817,11,0.0,G.R,1994,0.0
2,HK,0.8461538461538461,0.8461538461538461,11,0.0,G.R,1994,0.0
20,HK,0.2727272727272727,0.2727272727272727,11,0.0,G.R-no-gate,1994,0.0
8,HK,0.9934640522875817,0.9934640522875817,11,0.0,G.R-no-gate,1994,0.0
2,HK,0.8461538461538461,0.8461538461538461,11,0.0,G.R-no-gate,1994,0.0
20,HK,0.2878787878787879,0.2878787878787879,11,0.0,G.R-identity,1994,0.0
8,HK,0.9934640522875817,0.9934640522875817,11,0.0,G.R-identity,1994,0.0
2,HK,0.8461538461538461,0.8461538461538461,11,0.0,G.R-identity,1994,0.0
20,HK,0.2878787878787879,0.2878787878787879,11,0.0,G.R-zero-prior,1994,0.0
8,HK,0.9934640522875817,0.9934640522875817,11,0.0,G.R-zero-prior,1994,0.0
2,HK,0.8461538461538461,0.8461538461538461,11,0.0,G.R-zero-prior,1994,0.0
20,HK,0.3484848484848485,0.3484848484848485,11,0.0,G.L-permute,1994,0.0
8,HK,0.9934640522875817,0.9934640522875817,11,0.0,G.L-permute,1994,0.0
2,HK,0.8351648351648352,0.8351648351648352,11,0.0,G.L-permute,1994,0.0
20,HK,0.0,0.0,11,0.0,G.template-0,1994,0.0
8,HK,0.026143790849673203,0.026143790849673203,11,0.0,G.template-0,1994,0.0
2,HK,0.0,0.0,11,0.0,G.template-0,1994,0.0
20,HK,0.0,0.0,11,0.0,G.template-1,1994,0.0
8,HK,0.032679738562091505,0.032679738562091505,11,0.0,G.template-1,1994,0.0
2,HK,0.0,0.0,11,0.0,G.template-1,1994,0.0
20,HK,0.16666666666666666,0.16666666666666666,11,0.0,P,1994,0.0
8,HK,0.9738562091503268,0.9738562091503268,11,0.0,P,1994,0.0
2,HK,0.8241758241758241,0.8241758241758241,11,0.0,P,1994,0.0
20,HK,0.16666666666666666,0.16666666666666666,11,0.0,F,1994,0.0
8,HK,0.9803921568627451,0.9803921568627451,11,0.0,F,1994,0.0
2,HK,0.8351648351648352,0.8351648351648352,11,0.0,F,1994,0.0
20,HK,0.10606060606060606,0.10606060606060606,11,0.0,F2,1994,0.0
8,HK,0.9738562091503268,0.9738562091503268,11,0.0,F2,1994,0.0
2,HK,0.7967032967032966,0.7967032967032966,11,0.0,F2,1994,0.0
9,HK,0.9817073170731707,1.0,1,0.018292682926829285,G.V,1995,0.018292682926829285
13,HK,0.95625,0.9625,1,0.02499999999999991,G.V,1995,0.006249999999999978
9,HK,0.9939024390243902,1.0,1,0.0060975609756097615,G.J,1995,0.0060975609756097615
13,HK,0.95625,0.96875,1,0.012499999999999956,G.J,1995,0.012499999999999956
9,HK,0.9939024390243902,1.0,1,0.0060975609756097615,G.J1,1995,0.0060975609756097615
13,HK,0.95625,0.9625,1,0.012499999999999956,G.J1,1995,0.006249999999999978
9,HK,0.0,0.6158536585365854,1,0.6158536585365854,G.Z,1995,0.6158536585365854
13,HK,0.00625,0.3125,1,0.30625,G.Z,1995,0.30625
9,HK,0.9939024390243902,1.0,1,0.0060975609756097615,G.L,1995,0.0060975609756097615
13,HK,0.95625,0.96875,1,0.012499999999999956,G.L,1995,0.012499999999999956
9,HK,0.9939024390243902,1.0,1,0.0060975609756097615,G.R,1995,0.0060975609756097615
13,HK,0.95625,0.96875,1,0.012499999999999956,G.R,1995,0.012499999999999956
9,HK,0.9939024390243902,1.0,1,0.0060975609756097615,G.R-no-gate,1995,0.0060975609756097615
13,HK,0.95625,0.96875,1,0.012499999999999956,G.R-no-gate,1995,0.012499999999999956
9,HK,0.9939024390243902,1.0,1,0.0060975609756097615,G.R-identity,1995,0.0060975609756097615
13,HK,0.95625,0.96875,1,0.012499999999999956,G.R-identity,1995,0.012499999999999956
9,HK,0.9939024390243902,1.0,1,0.0060975609756097615,G.R-zero-prior,1995,0.0060975609756097615
13,HK,0.95625,0.96875,1,0.012499999999999956,G.R-zero-prior,1995,0.012499999999999956
9,HK,0.9939024390243902,1.0,1,0.0060975609756097615,G.L-permute,1995,0.0060975609756097615
13,HK,0.95625,0.96875,1,0.012499999999999956,G.L-permute,1995,0.012499999999999956
9,HK,0.0,0.31097560975609756,1,0.31097560975609756,G.template-0,1995,0.31097560975609756
13,HK,0.00625,0.75,1,0.74375,G.template-0,1995,0.74375
9,HK,0.0,0.6524390243902439,1,0.6524390243902439,G.template-1,1995,0.6524390243902439
13,HK,0.00625,0.1625,1,0.15625,G.template-1,1995,0.15625
9,HK,0.9878048780487805,1.0,1,0.012195121951219523,P,1995,0.012195121951219523
13,HK,0.94375,0.96875,1,0.025000000000000022,P,1995,0.025000000000000022
9,HK,0.9878048780487805,1.0,1,0.012195121951219523,F,1995,0.012195121951219523
13,HK,0.95,0.96875,1,0.018750000000000044,F,1995,0.018750000000000044
9,HK,0.9817073170731707,1.0,1,0.018292682926829285,F2,1995,0.018292682926829285
13,HK,0.94375,0.96875,1,0.025000000000000022,F2,1995,0.025000000000000022
16,HK,0.625,1.0,2,0.375,G.V,1995,0.375
14,HK,0.8166666666666667,1.0,2,0.18333333333333335,G.V,1995,0.18333333333333335
16,HK,0.25,1.0,2,0.75,G.J,1995,0.75
14,HK,0.9666666666666667,1.0,2,0.033333333333333326,G.J,1995,0.033333333333333326
16,HK,0.25,1.0,2,0.75,G.J1,1995,0.75
14,HK,0.9666666666666667,1.0,2,0.033333333333333326,G.J1,1995,0.033333333333333326
16,HK,0.0,0.125,2,0.125,G.Z,1995,0.125
14,HK,0.2,0.4,2,0.2,G.Z,1995,0.2
16,HK,0.25,1.0,2,0.75,G.L,1995,0.75
14,HK,0.9666666666666667,1.0,2,0.033333333333333326,G.L,1995,0.033333333333333326
16,HK,0.25,1.0,2,0.75,G.R,1995,0.75
14,HK,0.9666666666666667,1.0,2,0.033333333333333326,G.R,1995,0.033333333333333326
16,HK,0.25,1.0,2,0.75,G.R-no-gate,1995,0.75
14,HK,0.9666666666666667,1.0,2,0.033333333333333326,G.R-no-gate,1995,0.033333333333333326
16,HK,0.25,1.0,2,0.75,G.R-identity,1995,0.75
14,HK,0.9666666666666667,1.0,2,0.033333333333333326,G.R-identity,1995,0.033333333333333326
16,HK,0.25,1.0,2,0.75,G.R-zero-prior,1995,0.75
14,HK,0.9666666666666667,1.0,2,0.033333333333333326,G.R-zero-prior,1995,0.033333333333333326
16,HK,0.25,1.0,2,0.75,G.L-permute,1995,0.75
14,HK,0.9666666666666667,1.0,2,0.033333333333333326,G.L-permute,1995,0.033333333333333326
16,HK,0.0,0.125,2,0.125,G.template-0,1995,0.125
14,HK,0.08333333333333333,0.38333333333333336,2,0.30000000000000004,G.template-0,1995,0.30000000000000004
16,HK,0.0,0.25,2,0.25,G.template-1,1995,0.25
14,HK,0.43333333333333335,0.65,2,0.21666666666666667,G.template-1,1995,0.21666666666666667
16,HK,0.375,1.0,2,0.625,P,1995,0.625
14,HK,0.9,1.0,2,0.09999999999999998,P,1995,0.09999999999999998
16,HK,0.375,1.0,2,0.625,F,1995,0.625
14,HK,0.9333333333333333,1.0,2,0.06666666666666665,F,1995,0.06666666666666665
16,HK,0.25,1.0,2,0.75,F2,1995,0.75
14,HK,0.8833333333333333,1.0,2,0.1166666666666667,F2,1995,0.1166666666666667
15,HK,1.0,0.991869918699187,3,0.0,G.V,1995,-0.008130081300813052
5,HK,0.0,0.0,3,0.0,G.V,1995,0.0
15,HK,0.991869918699187,0.991869918699187,3,0.0,G.J,1995,0.0
5,HK,0.0,0.0,3,0.0,G.J,1995,0.0
15,HK,0.991869918699187,0.991869918699187,3,0.0,G.J1,1995,0.0
5,HK,0.0,0.0,3,0.0,G.J1,1995,0.0
15,HK,0.008130081300813009,0.08943089430894309,3,0.08130081300813008,G.Z,1995,0.08130081300813008
5,HK,0.0,0.0,3,0.0,G.Z,1995,0.0
15,HK,0.991869918699187,0.991869918699187,3,0.0,G.L,1995,0.0
5,HK,0.0,0.0,3,0.0,G.L,1995,0.0
15,HK,0.991869918699187,0.991869918699187,3,0.0,G.R,1995,0.0
5,HK,0.0,0.0,3,0.0,G.R,1995,0.0
15,HK,0.991869918699187,0.991869918699187,3,0.0,G.R-no-gate,1995,0.0
5,HK,0.0,0.0,3,0.0,G.R-no-gate,1995,0.0
15,HK,0.991869918699187,0.991869918699187,3,0.0,G.R-identity,1995,0.0
5,HK,0.0,0.0,3,0.0,G.R-identity,1995,0.0
15,HK,0.991869918699187,0.991869918699187,3,0.0,G.R-zero-prior,1995,0.0
5,HK,0.0,0.0,3,0.0,G.R-zero-prior,1995,0.0
15,HK,0.991869918699187,0.991869918699187,3,0.0,G.L-permute,1995,0.0
5,HK,0.0,0.0,3,0.0,G.L-permute,1995,0.0
15,HK,0.04878048780487805,0.2764227642276423,3,0.22764227642276424,G.template-0,1995,0.22764227642276424
5,HK,0.0,0.0,3,0.0,G.template-0,1995,0.0
15,HK,0.008130081300813009,0.04065040650406504,3,0.03252032520325203,G.template-1,1995,0.03252032520325203
5,HK,0.0,0.0,3,0.0,G.template-1,1995,0.0
15,HK,0.991869918699187,0.991869918699187,3,0.0,P,1995,0.0
5,HK,0.0,0.0,3,0.0,P,1995,0.0
15,HK,0.991869918699187,0.991869918699187,3,0.0,F,1995,0.0
5,HK,0.0,0.0,3,0.0,F,1995,0.0
15,HK,0.991869918699187,0.991869918699187,3,0.0,F2,1995,0.0
5,HK,0.0,0.0,3,0.0,F2,1995,0.0
12,HK,0.7560975609756098,0.7560975609756098,4,0.0,G.V,1995,0.0
1,HK,0.8495575221238938,1.0,4,0.1504424778761062,G.V,1995,0.1504424778761062
12,HK,0.8048780487804879,0.8536585365853658,4,0.04878048780487798,G.J,1995,0.04878048780487798
1,HK,0.9380530973451328,1.0,4,0.06194690265486724,G.J,1995,0.06194690265486724
12,HK,0.7804878048780488,0.8292682926829268,4,0.04878048780487798,G.J1,1995,0.04878048780487798
1,HK,0.9203539823008849,1.0,4,0.07964601769911506,G.J1,1995,0.07964601769911506
12,HK,0.0,0.07317073170731707,4,0.07317073170731707,G.Z,1995,0.07317073170731707
1,HK,0.0,0.0,4,0.0,G.Z,1995,0.0
12,HK,0.8048780487804879,0.8536585365853658,4,0.04878048780487798,G.L,1995,0.04878048780487798
1,HK,0.9469026548672567,1.0,4,0.053097345132743334,G.L,1995,0.053097345132743334
12,HK,0.8048780487804879,0.8536585365853658,4,0.04878048780487798,G.R,1995,0.04878048780487798
1,HK,0.9380530973451328,1.0,4,0.06194690265486724,G.R,1995,0.06194690265486724
12,HK,0.8048780487804879,0.8536585365853658,4,0.04878048780487798,G.R-no-gate,1995,0.04878048780487798
1,HK,0.9380530973451328,1.0,4,0.06194690265486724,G.R-no-gate,1995,0.06194690265486724
12,HK,0.8048780487804879,0.8536585365853658,4,0.04878048780487798,G.R-identity,1995,0.04878048780487798
1,HK,0.9380530973451328,1.0,4,0.06194690265486724,G.R-identity,1995,0.06194690265486724
12,HK,0.8048780487804879,0.8536585365853658,4,0.04878048780487798,G.R-zero-prior,1995,0.04878048780487798
1,HK,0.9380530973451328,1.0,4,0.06194690265486724,G.R-zero-prior,1995,0.06194690265486724
12,HK,0.8536585365853658,0.8780487804878049,4,0.024390243902439046,G.L-permute,1995,0.024390243902439046
1,HK,0.9469026548672567,1.0,4,0.053097345132743334,G.L-permute,1995,0.053097345132743334
12,HK,0.0,0.12195121951219512,4,0.12195121951219512,G.template-0,1995,0.12195121951219512
1,HK,0.0,0.0,4,0.0,G.template-0,1995,0.0
12,HK,0.0,0.2682926829268293,4,0.2682926829268293,G.template-1,1995,0.2682926829268293
1,HK,0.0,0.0,4,0.0,G.template-1,1995,0.0
12,HK,0.8292682926829268,0.8536585365853658,4,0.024390243902439046,P,1995,0.024390243902439046
1,HK,0.9469026548672567,1.0,4,0.053097345132743334,P,1995,0.053097345132743334
12,HK,0.8292682926829268,0.8536585365853658,4,0.024390243902439046,F,1995,0.024390243902439046
1,HK,0.9380530973451328,1.0,4,0.06194690265486724,F,1995,0.06194690265486724
12,HK,0.8048780487804879,0.8536585365853658,4,0.04878048780487798,F2,1995,0.04878048780487798
1,HK,0.911504424778761,1.0,4,0.08849557522123896,F2,1995,0.08849557522123896
8,HK,0.9673202614379085,0.9934640522875817,5,0.02614379084967322,G.V,1995,0.02614379084967322
22,HK,0.8095238095238095,1.0,5,0.19047619047619047,G.V,1995,0.19047619047619047
8,HK,0.9934640522875817,1.0,5,0.006535947712418277,G.J,1995,0.006535947712418277
22,HK,0.7619047619047619,1.0,5,0.23809523809523814,G.J,1995,0.23809523809523814
8,HK,0.9869281045751634,1.0,5,0.013071895424836555,G.J1,1995,0.013071895424836555
22,HK,0.7619047619047619,1.0,5,0.23809523809523814,G.J1,1995,0.23809523809523814
8,HK,0.05228758169934641,0.16339869281045752,5,0.1111111111111111,G.Z,1995,0.1111111111111111
22,HK,0.0,0.047619047619047616,5,0.047619047619047616,G.Z,1995,0.047619047619047616
8,HK,0.9869281045751634,1.0,5,0.013071895424836555,G.L,1995,0.013071895424836555
22,HK,0.7619047619047619,1.0,5,0.23809523809523814,G.L,1995,0.23809523809523814
8,HK,0.9934640522875817,1.0,5,0.006535947712418277,G.R,1995,0.006535947712418277
22,HK,0.7619047619047619,1.0,5,0.23809523809523814,G.R,1995,0.23809523809523814
8,HK,0.9934640522875817,1.0,5,0.006535947712418277,G.R-no-gate,1995,0.006535947712418277
22,HK,0.8095238095238095,1.0,5,0.19047619047619047,G.R-no-gate,1995,0.19047619047619047
8,HK,0.9934640522875817,1.0,5,0.006535947712418277,G.R-identity,1995,0.006535947712418277
22,HK,0.7619047619047619,1.0,5,0.23809523809523814,G.R-identity,1995,0.23809523809523814
8,HK,0.9934640522875817,1.0,5,0.006535947712418277,G.R-zero-prior,1995,0.006535947712418277
22,HK,0.7619047619047619,1.0,5,0.23809523809523814,G.R-zero-prior,1995,0.23809523809523814
8,HK,0.9934640522875817,1.0,5,0.006535947712418277,G.L-permute,1995,0.006535947712418277
22,HK,0.7619047619047619,1.0,5,0.23809523809523814,G.L-permute,1995,0.23809523809523814
8,HK,0.026143790849673203,0.06535947712418301,5,0.0392156862745098,G.template-0,1995,0.0392156862745098
22,HK,0.0,0.19047619047619047,5,0.19047619047619047,G.template-0,1995,0.19047619047619047
8,HK,0.032679738562091505,0.0718954248366013,5,0.039215686274509796,G.template-1,1995,0.039215686274509796
22,HK,0.0,0.0,5,0.0,G.template-1,1995,0.0
8,HK,0.9738562091503268,1.0,5,0.02614379084967322,P,1995,0.02614379084967322
22,HK,0.7619047619047619,1.0,5,0.23809523809523814,P,1995,0.23809523809523814
8,HK,0.9803921568627451,1.0,5,0.019607843137254943,F,1995,0.019607843137254943
22,HK,0.7619047619047619,1.0,5,0.23809523809523814,F,1995,0.23809523809523814
8,HK,0.9803921568627451,1.0,5,0.019607843137254943,F2,1995,0.019607843137254943
22,HK,0.7619047619047619,1.0,5,0.23809523809523814,F2,1995,0.23809523809523814
19,HK,0.0,0.5,6,0.5,G.V,1995,0.5
17,HK,0.6,0.8,6,0.20000000000000007,G.V,1995,0.20000000000000007
19,HK,0.0,0.0,6,0.0,G.J,1995,0.0
17,HK,0.8,1.0,6,0.19999999999999996,G.J,1995,0.19999999999999996
19,HK,0.0,0.0,6,0.0,G.J1,1995,0.0
17,HK,0.8,1.0,6,0.19999999999999996,G.J1,1995,0.19999999999999996
19,HK,0.0,0.0,6,0.0,G.Z,1995,0.0
17,HK,0.4,0.4,6,0.0,G.Z,1995,0.0
19,HK,0.0,0.0,6,0.0,G.L,1995,0.0
17,HK,0.8,1.0,6,0.19999999999999996,G.L,1995,0.19999999999999996
19,HK,0.0,0.0,6,0.0,G.R,1995,0.0
17,HK,0.8,1.0,6,0.19999999999999996,G.R,1995,0.19999999999999996
19,HK,0.0,0.0,6,0.0,G.R-no-gate,1995,0.0
17,HK,0.8,1.0,6,0.19999999999999996,G.R-no-gate,1995,0.19999999999999996
19,HK,0.0,0.0,6,0.0,G.R-identity,1995,0.0
17,HK,0.8,1.0,6,0.19999999999999996,G.R-identity,1995,0.19999999999999996
19,HK,0.0,0.0,6,0.0,G.R-zero-prior,1995,0.0
17,HK,0.8,1.0,6,0.19999999999999996,G.R-zero-prior,1995,0.19999999999999996
19,HK,0.0,0.0,6,0.0,G.L-permute,1995,0.0
17,HK,0.8,1.0,6,0.19999999999999996,G.L-permute,1995,0.19999999999999996
19,HK,0.0,0.0,6,0.0,G.template-0,1995,0.0
17,HK,0.4,0.6,6,0.19999999999999996,G.template-0,1995,0.19999999999999996
19,HK,0.0,0.0,6,0.0,G.template-1,1995,0.0
17,HK,0.2,0.4,6,0.2,G.template-1,1995,0.2
19,HK,0.0,0.0,6,0.0,P,1995,0.0
17,HK,0.6,1.0,6,0.4,P,1995,0.4
19,HK,0.0,0.0,6,0.0,F,1995,0.0
17,HK,0.6,0.8,6,0.20000000000000007,F,1995,0.20000000000000007
19,HK,0.0,0.0,6,0.0,F2,1995,0.0
17,HK,0.6,0.8,6,0.20000000000000007,F2,1995,0.20000000000000007
18,HK,0.15151515151515152,0.3333333333333333,7,0.1818181818181818,G.V,1995,0.1818181818181818
6,HK,0.0,0.0,7,0.0,G.V,1995,0.0
18,HK,0.42424242424242425,0.5151515151515151,7,0.09090909090909088,G.J,1995,0.09090909090909088
6,HK,0.0,0.0,7,0.0,G.J,1995,0.0
18,HK,0.36363636363636365,0.42424242424242425,7,0.06060606060606061,G.J1,1995,0.06060606060606061
6,HK,0.0,0.0,7,0.0,G.J1,1995,0.0
18,HK,0.0,0.0,7,0.0,G.Z,1995,0.0
6,HK,0.0,0.0,7,0.0,G.Z,1995,0.0
18,HK,0.42424242424242425,0.5454545454545454,7,0.12121212121212116,G.L,1995,0.12121212121212116
6,HK,0.0,0.0,7,0.0,G.L,1995,0.0
18,HK,0.42424242424242425,0.5151515151515151,7,0.09090909090909088,G.R,1995,0.09090909090909088
6,HK,0.0,0.0,7,0.0,G.R,1995,0.0
18,HK,0.42424242424242425,0.48484848484848486,7,0.06060606060606061,G.R-no-gate,1995,0.06060606060606061
6,HK,0.0,0.0,7,0.0,G.R-no-gate,1995,0.0
18,HK,0.42424242424242425,0.5151515151515151,7,0.09090909090909088,G.R-identity,1995,0.09090909090909088
6,HK,0.0,0.0,7,0.0,G.R-identity,1995,0.0
18,HK,0.42424242424242425,0.5151515151515151,7,0.09090909090909088,G.R-zero-prior,1995,0.09090909090909088
6,HK,0.0,0.0,7,0.0,G.R-zero-prior,1995,0.0
18,HK,0.45454545454545453,0.5454545454545454,7,0.09090909090909088,G.L-permute,1995,0.09090909090909088
6,HK,0.0,0.0,7,0.0,G.L-permute,1995,0.0
18,HK,0.0,0.0,7,0.0,G.template-0,1995,0.0
6,HK,0.0,0.0,7,0.0,G.template-0,1995,0.0
18,HK,0.0,0.0,7,0.0,G.template-1,1995,0.0
6,HK,0.0,0.0,7,0.0,G.template-1,1995,0.0
18,HK,0.3333333333333333,0.3939393939393939,7,0.06060606060606061,P,1995,0.06060606060606061
6,HK,0.0,0.0,7,0.0,P,1995,0.0
18,HK,0.3939393939393939,0.3333333333333333,7,0.0,F,1995,-0.06060606060606061
6,HK,0.0,0.0,7,0.0,F,1995,0.0
18,HK,0.3939393939393939,0.3333333333333333,7,0.0,F2,1995,-0.06060606060606061
6,HK,0.0,0.0,7,0.0,F2,1995,0.0
20,HK,0.07575757575757576,0.12121212121212122,8,0.045454545454545456,G.V,1995,0.045454545454545456
0,HK,0.42857142857142855,0.42857142857142855,8,0.0,G.V,1995,0.0
20,HK,0.30303030303030304,0.4393939393939394,8,0.13636363636363635,G.J,1995,0.13636363636363635
0,HK,0.5714285714285714,0.5714285714285714,8,0.0,G.J,1995,0.0
20,HK,0.19696969696969696,0.3333333333333333,8,0.15151515151515155,G.J1,1995,0.13636363636363635
0,HK,0.7142857142857143,0.7142857142857143,8,0.0,G.J1,1995,0.0
20,HK,0.0,0.0,8,0.0,G.Z,1995,0.0
0,HK,0.0,0.0,8,0.0,G.Z,1995,0.0
20,HK,0.2727272727272727,0.42424242424242425,8,0.15151515151515155,G.L,1995,0.15151515151515155
0,HK,0.5714285714285714,0.5714285714285714,8,0.0,G.L,1995,0.0
20,HK,0.30303030303030304,0.4393939393939394,8,0.13636363636363635,G.R,1995,0.13636363636363635
0,HK,0.5714285714285714,0.5714285714285714,8,0.0,G.R,1995,0.0
20,HK,0.2727272727272727,0.42424242424242425,8,0.15151515151515155,G.R-no-gate,1995,0.15151515151515155
0,HK,0.7142857142857143,0.7142857142857143,8,0.0,G.R-no-gate,1995,0.0
20,HK,0.30303030303030304,0.4393939393939394,8,0.13636363636363635,G.R-identity,1995,0.13636363636363635
0,HK,0.5714285714285714,0.5714285714285714,8,0.0,G.R-identity,1995,0.0
20,HK,0.30303030303030304,0.4393939393939394,8,0.13636363636363635,G.R-zero-prior,1995,0.13636363636363635
0,HK,0.5714285714285714,0.5714285714285714,8,0.0,G.R-zero-prior,1995,0.0
20,HK,0.36363636363636365,0.4393939393939394,8,0.07575757575757575,G.L-permute,1995,0.07575757575757575
0,HK,0.5714285714285714,0.5714285714285714,8,0.0,G.L-permute,1995,0.0
20,HK,0.0,0.015151515151515152,8,0.015151515151515152,G.template-0,1995,0.015151515151515152
0,HK,0.0,0.0,8,0.0,G.template-0,1995,0.0
20,HK,0.0,0.0,8,0.0,G.template-1,1995,0.0
0,HK,0.0,0.0,8,0.0,G.template-1,1995,0.0
20,HK,0.16666666666666666,0.3181818181818182,8,0.15151515151515152,P,1995,0.15151515151515152
0,HK,0.7142857142857143,0.7142857142857143,8,0.0,P,1995,0.0
20,HK,0.18181818181818182,0.3484848484848485,8,0.16666666666666669,F,1995,0.16666666666666669
0,HK,0.7142857142857143,0.7142857142857143,8,0.0,F,1995,0.0
20,HK,0.10606060606060606,0.2878787878787879,8,0.18181818181818182,F2,1995,0.18181818181818182
0,HK,0.7142857142857143,0.7142857142857143,8,0.0,F2,1995,0.0
3,HK,0.7643312101910829,1.0,9,0.23566878980891715,G.V,1995,0.23566878980891715
11,HK,0.16393442622950818,0.4098360655737705,9,0.24590163934426232,G.V,1995,0.24590163934426232
3,HK,0.8407643312101911,1.0,9,0.15923566878980888,G.J,1995,0.15923566878980888
11,HK,0.3114754098360656,0.5737704918032787,9,0.2622950819672131,G.J,1995,0.2622950819672131
3,HK,0.802547770700637,1.0,9,0.197452229299363,G.J1,1995,0.197452229299363
11,HK,0.2786885245901639,0.5409836065573771,9,0.2622950819672132,G.J1,1995,0.2622950819672132
3,HK,0.0,0.012738853503184714,9,0.012738853503184714,G.Z,1995,0.012738853503184714
11,HK,0.639344262295082,0.6557377049180327,9,0.016393442622950727,G.Z,1995,0.016393442622950727
3,HK,0.7898089171974523,0.9872611464968153,9,0.197452229299363,G.L,1995,0.197452229299363
11,HK,0.4098360655737705,0.6229508196721312,9,0.21311475409836067,G.L,1995,0.21311475409836067
3,HK,0.8407643312101911,1.0,9,0.15923566878980888,G.R,1995,0.15923566878980888
11,HK,0.3114754098360656,0.5737704918032787,9,0.2622950819672131,G.R,1995,0.2622950819672131
3,HK,0.8407643312101911,1.0,9,0.15923566878980888,G.R-no-gate,1995,0.15923566878980888
11,HK,0.3114754098360656,0.5573770491803278,9,0.24590163934426224,G.R-no-gate,1995,0.24590163934426224
3,HK,0.8407643312101911,1.0,9,0.15923566878980888,G.R-identity,1995,0.15923566878980888
11,HK,0.3114754098360656,0.5737704918032787,9,0.2622950819672131,G.R-identity,1995,0.2622950819672131
3,HK,0.8407643312101911,1.0,9,0.15923566878980888,G.R-zero-prior,1995,0.15923566878980888
11,HK,0.3114754098360656,0.5737704918032787,9,0.2622950819672131,G.R-zero-prior,1995,0.2622950819672131
3,HK,0.8471337579617835,1.0,9,0.15286624203821653,G.L-permute,1995,0.15286624203821653
11,HK,0.2459016393442623,0.5573770491803278,9,0.32786885245901637,G.L-permute,1995,0.31147540983606553
3,HK,0.0,0.012738853503184714,9,0.012738853503184714,G.template-0,1995,0.012738853503184714
11,HK,0.5737704918032787,0.639344262295082,9,0.06557377049180335,G.template-0,1995,0.06557377049180335
3,HK,0.006369426751592357,0.006369426751592357,9,0.0,G.template-1,1995,0.0
11,HK,0.8360655737704918,0.8360655737704918,9,0.0,G.template-1,1995,0.0
3,HK,0.821656050955414,0.9936305732484076,9,0.1719745222929936,P,1995,0.1719745222929936
11,HK,0.22950819672131148,0.5081967213114754,9,0.2786885245901639,P,1995,0.2786885245901639
3,HK,0.8089171974522293,0.9872611464968153,9,0.17834394904458595,F,1995,0.17834394904458595
11,HK,0.21311475409836064,0.5245901639344263,9,0.3114754098360656,F,1995,0.3114754098360656
3,HK,0.7770700636942676,0.9872611464968153,9,0.21019108280254772,F2,1995,0.21019108280254772
11,HK,0.22950819672131148,0.5081967213114754,9,0.2786885245901639,F2,1995,0.2786885245901639
2,HK,0.8131868131868132,0.9725274725274725,10,0.15934065934065933,G.V,1995,0.15934065934065933
21,HK,0.0,0.0,10,0.0,G.V,1995,0.0
2,HK,0.8516483516483516,0.9945054945054945,10,0.1428571428571429,G.J,1995,0.1428571428571429
21,HK,0.0,0.0,10,0.0,G.J,1995,0.0
2,HK,0.8351648351648352,0.9945054945054945,10,0.15934065934065933,G.J1,1995,0.15934065934065933
21,HK,0.0,0.0,10,0.0,G.J1,1995,0.0
2,HK,0.0,0.0,10,0.0,G.Z,1995,0.0
21,HK,0.0,0.0,10,0.0,G.Z,1995,0.0
2,HK,0.8406593406593407,0.9945054945054945,10,0.15384615384615385,G.L,1995,0.15384615384615385
21,HK,0.0,0.0,10,0.0,G.L,1995,0.0
2,HK,0.8516483516483516,0.9945054945054945,10,0.1428571428571429,G.R,1995,0.1428571428571429
21,HK,0.0,0.0,10,0.0,G.R,1995,0.0
2,HK,0.8516483516483516,0.9945054945054945,10,0.1428571428571429,G.R-no-gate,1995,0.1428571428571429
21,HK,0.0,0.0,10,0.0,G.R-no-gate,1995,0.0
2,HK,0.8516483516483516,0.9945054945054945,10,0.1428571428571429,G.R-identity,1995,0.1428571428571429
21,HK,0.0,0.0,10,0.0,G.R-identity,1995,0.0
2,HK,0.8516483516483516,0.9945054945054945,10,0.1428571428571429,G.R-zero-prior,1995,0.1428571428571429
21,HK,0.0,0.0,10,0.0,G.R-zero-prior,1995,0.0
2,HK,0.8406593406593407,0.9945054945054945,10,0.15384615384615385,G.L-permute,1995,0.15384615384615385
21,HK,0.0,0.0,10,0.0,G.L-permute,1995,0.0
2,HK,0.0,0.0,10,0.0,G.template-0,1995,0.0
21,HK,0.0,0.0,10,0.0,G.template-0,1995,0.0
2,HK,0.0,0.0,10,0.0,G.template-1,1995,0.0
21,HK,0.0,0.0,10,0.0,G.template-1,1995,0.0
2,HK,0.8241758241758241,1.0,10,0.17582417582417587,P,1995,0.17582417582417587
21,HK,0.0,0.0,10,0.0,P,1995,0.0
2,HK,0.8241758241758241,1.0,10,0.17582417582417587,F,1995,0.17582417582417587
21,HK,0.0,0.0,10,0.0,F,1995,0.0
2,HK,0.7967032967032966,1.0,10,0.20329670329670335,F2,1995,0.20329670329670335
21,HK,0.25,0.25,10,0.0,F2,1995,0.0
4,HK,0.8424242424242424,0.8424242424242424,11,0.0,G.V,1995,0.0
10,HK,0.7866666666666666,0.7866666666666666,11,0.0,G.V,1995,0.0
7,HK,1.0,1.0,11,0.0,G.V,1995,0.0
4,HK,0.8606060606060606,0.8606060606060606,11,0.0,G.J,1995,0.0
10,HK,0.7533333333333333,0.7533333333333333,11,0.0,G.J,1995,0.0
7,HK,1.0,1.0,11,0.0,G.J,1995,0.0
4,HK,0.8727272727272727,0.8727272727272727,11,0.0,G.J1,1995,0.0
10,HK,0.7533333333333333,0.7533333333333333,11,0.0,G.J1,1995,0.0
7,HK,1.0,1.0,11,0.0,G.J1,1995,0.0
4,HK,0.09696969696969697,0.09696969696969697,11,0.0,G.Z,1995,0.0
10,HK,0.0,0.0,11,0.0,G.Z,1995,0.0
7,HK,0.0,0.0,11,0.0,G.Z,1995,0.0
4,HK,0.8909090909090909,0.8909090909090909,11,0.0,G.L,1995,0.0
10,HK,0.72,0.72,11,0.0,G.L,1995,0.0
7,HK,1.0,1.0,11,0.0,G.L,1995,0.0
4,HK,0.8606060606060606,0.8606060606060606,11,0.0,G.R,1995,0.0
10,HK,0.76,0.76,11,0.0,G.R,1995,0.0
7,HK,1.0,1.0,11,0.0,G.R,1995,0.0
4,HK,0.8606060606060606,0.8606060606060606,11,0.0,G.R-no-gate,1995,0.0
10,HK,0.76,0.76,11,0.0,G.R-no-gate,1995,0.0
7,HK,1.0,1.0,11,0.0,G.R-no-gate,1995,0.0
4,HK,0.8606060606060606,0.8606060606060606,11,0.0,G.R-identity,1995,0.0
10,HK,0.76,0.76,11,0.0,G.R-identity,1995,0.0
7,HK,1.0,1.0,11,0.0,G.R-identity,1995,0.0
4,HK,0.8606060606060606,0.8606060606060606,11,0.0,G.R-zero-prior,1995,0.0
10,HK,0.76,0.76,11,0.0,G.R-zero-prior,1995,0.0
7,HK,1.0,1.0,11,0.0,G.R-zero-prior,1995,0.0
4,HK,0.8545454545454545,0.8545454545454545,11,0.0,G.L-permute,1995,0.0
10,HK,0.78,0.78,11,0.0,G.L-permute,1995,0.0
7,HK,1.0,1.0,11,0.0,G.L-permute,1995,0.0
4,HK,0.20606060606060606,0.20606060606060606,11,0.0,G.template-0,1995,0.0
10,HK,0.0,0.0,11,0.0,G.template-0,1995,0.0
7,HK,0.0,0.0,11,0.0,G.template-0,1995,0.0
4,HK,0.06666666666666667,0.06666666666666667,11,0.0,G.template-1,1995,0.0
10,HK,0.0,0.0,11,0.0,G.template-1,1995,0.0
7,HK,0.0,0.0,11,0.0,G.template-1,1995,0.0
4,HK,0.8727272727272727,0.8727272727272727,11,0.0,P,1995,0.0
10,HK,0.7866666666666666,0.7866666666666666,11,0.0,P,1995,0.0
7,HK,1.0,1.0,11,0.0,P,1995,0.0
4,HK,0.8727272727272727,0.8727272727272727,11,0.0,F,1995,0.0
10,HK,0.7466666666666667,0.7466666666666667,11,0.0,F,1995,0.0
7,HK,1.0,1.0,11,0.0,F,1995,0.0
4,HK,0.8848484848484849,0.8848484848484849,11,0.0,F2,1995,0.0
10,HK,0.74,0.74,11,0.0,F2,1995,0.0
7,HK,1.0,1.0,11,0.0,F2,1995,0.0
4,ISIC,0.5121951219512195,0.8780487804878049,1,0.36585365853658536,B.V,1993,0.36585365853658536
0,ISIC,0.7272727272727273,0.8863636363636364,1,0.15909090909090906,B.V,1993,0.15909090909090906
4,ISIC,0.5365853658536586,0.9512195121951219,1,0.41463414634146334,B.J,1993,0.41463414634146334
0,ISIC,0.8181818181818182,1.0,1,0.18181818181818177,B.J,1993,0.18181818181818177
4,ISIC,0.5853658536585366,0.9512195121951219,1,0.36585365853658536,B.J1,1993,0.36585365853658536
0,ISIC,0.8181818181818182,1.0,1,0.18181818181818177,B.J1,1993,0.18181818181818177
4,ISIC,0.3170731707317073,0.7317073170731707,1,0.4146341463414634,B.Z,1993,0.4146341463414634
0,ISIC,0.3409090909090909,0.8181818181818182,1,0.47727272727272735,B.Z,1993,0.47727272727272735
4,ISIC,0.5365853658536586,0.926829268292683,1,0.3902439024390244,B.L,1993,0.3902439024390244
0,ISIC,0.8181818181818182,1.0,1,0.18181818181818177,B.L,1993,0.18181818181818177
4,ISIC,0.5365853658536586,0.9512195121951219,1,0.41463414634146334,B.R,1993,0.41463414634146334
0,ISIC,0.8181818181818182,1.0,1,0.18181818181818177,B.R,1993,0.18181818181818177
4,ISIC,0.5365853658536586,0.9512195121951219,1,0.41463414634146334,B.R-no-gate,1993,0.41463414634146334
0,ISIC,0.8181818181818182,1.0,1,0.18181818181818177,B.R-no-gate,1993,0.18181818181818177
4,ISIC,0.5365853658536586,0.9512195121951219,1,0.41463414634146334,B.R-identity,1993,0.41463414634146334
0,ISIC,0.8181818181818182,1.0,1,0.18181818181818177,B.R-identity,1993,0.18181818181818177
4,ISIC,0.5365853658536586,0.9512195121951219,1,0.41463414634146334,B.R-zero-prior,1993,0.41463414634146334
0,ISIC,0.8181818181818182,1.0,1,0.18181818181818177,B.R-zero-prior,1993,0.18181818181818177
4,ISIC,0.5609756097560976,0.9512195121951219,1,0.3902439024390243,B.L-permute,1993,0.3902439024390243
0,ISIC,0.8181818181818182,1.0,1,0.18181818181818177,B.L-permute,1993,0.18181818181818177
4,ISIC,0.1951219512195122,0.8048780487804879,1,0.6097560975609757,B.template-0,1993,0.6097560975609757
0,ISIC,0.25,0.6818181818181818,1,0.43181818181818177,B.template-0,1993,0.43181818181818177
4,ISIC,0.2926829268292683,0.6097560975609756,1,0.3170731707317073,B.template-1,1993,0.3170731707317073
0,ISIC,0.5909090909090909,0.9090909090909091,1,0.3181818181818181,B.template-1,1993,0.3181818181818181
3,ISIC,0.225,0.4,2,0.17500000000000002,B.V,1993,0.17500000000000002
7,ISIC,0.5416666666666666,0.5,2,0.0,B.V,1993,-0.04166666666666663
3,ISIC,0.6,0.725,2,0.125,B.J,1993,0.125
7,ISIC,0.5833333333333334,0.5416666666666666,2,0.0,B.J,1993,-0.04166666666666674
3,ISIC,0.55,0.725,2,0.17499999999999993,B.J1,1993,0.17499999999999993
7,ISIC,0.5833333333333334,0.625,2,0.04166666666666663,B.J1,1993,0.04166666666666663
3,ISIC,0.1,0.1,2,0.0,B.Z,1993,0.0
7,ISIC,0.2916666666666667,0.4583333333333333,2,0.16666666666666663,B.Z,1993,0.16666666666666663
3,ISIC,0.55,0.725,2,0.17499999999999993,B.L,1993,0.17499999999999993
7,ISIC,0.5833333333333334,0.5416666666666666,2,0.0,B.L,1993,-0.04166666666666674
3,ISIC,0.6,0.725,2,0.125,B.R,1993,0.125
7,ISIC,0.5833333333333334,0.5416666666666666,2,0.0,B.R,1993,-0.04166666666666674
3,ISIC,0.6,0.725,2,0.125,B.R-no-gate,1993,0.125
7,ISIC,0.5833333333333334,0.5416666666666666,2,0.0,B.R-no-gate,1993,-0.04166666666666674
3,ISIC,0.6,0.725,2,0.125,B.R-identity,1993,0.125
7,ISIC,0.5833333333333334,0.5416666666666666,2,0.0,B.R-identity,1993,-0.04166666666666674
3,ISIC,0.6,0.725,2,0.125,B.R-zero-prior,1993,0.125
7,ISIC,0.5833333333333334,0.5416666666666666,2,0.0,B.R-zero-prior,1993,-0.04166666666666674
3,ISIC,0.575,0.725,2,0.15000000000000002,B.L-permute,1993,0.15000000000000002
7,ISIC,0.5833333333333334,0.5833333333333334,2,0.0,B.L-permute,1993,0.0
3,ISIC,0.0,0.0,2,0.0,B.template-0,1993,0.0
7,ISIC,0.5416666666666666,0.8333333333333334,2,0.29166666666666674,B.template-0,1993,0.29166666666666674
3,ISIC,0.125,0.15,2,0.024999999999999994,B.template-1,1993,0.024999999999999994
7,ISIC,0.08333333333333333,0.125,2,0.04166666666666667,B.template-1,1993,0.04166666666666667
5,ISIC,0.32432432432432434,0.40540540540540543,3,0.08108108108108109,B.V,1993,0.08108108108108109
6,ISIC,0.8461538461538461,0.9230769230769231,3,0.07692307692307698,B.V,1993,0.07692307692307698
5,ISIC,0.5135135135135135,0.4864864864864865,3,0.0,B.J,1993,-0.027027027027026973
6,ISIC,0.8846153846153846,0.8461538461538461,3,0.0,B.J,1993,-0.038461538461538436
5,ISIC,0.5135135135135135,0.4864864864864865,3,0.0,B.J1,1993,-0.027027027027026973
6,ISIC,0.8461538461538461,0.8461538461538461,3,0.0,B.J1,1993,0.0
5,ISIC,0.13513513513513514,0.24324324324324326,3,0.10810810810810811,B.Z,1993,0.10810810810810811
6,ISIC,0.23076923076923078,0.38461538461538464,3,0.15384615384615385,B.Z,1993,0.15384615384615385
5,ISIC,0.4864864864864865,0.4864864864864865,3,0.0,B.L,1993,0.0
6,ISIC,0.8846153846153846,0.8461538461538461,3,0.0,B.L,1993,-0.038461538461538436
5,ISIC,0.5135135135135135,0.4864864864864865,3,0.0,B.R,1993,-0.027027027027026973
6,ISIC,0.8846153846153846,0.8461538461538461,3,0.0,B.R,1993,-0.038461538461538436
5,ISIC,0.4864864864864865,0.4864864864864865,3,0.0,B.R-no-gate,1993,0.0
6,ISIC,0.8846153846153846,0.8461538461538461,3,0.0,B.R-no-gate,1993,-0.038461538461538436
5,ISIC,0.5135135135135135,0.4864864864864865,3,0.0,B.R-identity,1993,-0.027027027027026973
6,ISIC,0.8846153846153846,0.8461538461538461,3,0.0,B.R-identity,1993,-0.038461538461538436
5,ISIC,0.5135135135135135,0.4864864864864865,3,0.0,B.R-zero-prior,1993,-0.027027027027026973
6,ISIC,0.8846153846153846,0.8461538461538461,3,0.0,B.R-zero-prior,1993,-0.038461538461538436
5,ISIC,0.4594594594594595,0.4864864864864865,3,0.02702702702702703,B.L-permute,1993,0.02702702702702703
6,ISIC,0.8846153846153846,0.8461538461538461,3,0.0,B.L-permute,1993,-0.038461538461538436
5,ISIC,0.16216216216216217,0.32432432432432434,3,0.16216216216216217,B.template-0,1993,0.16216216216216217
6,ISIC,0.5769230769230769,0.6153846153846154,3,0.03846153846153855,B.template-0,1993,0.03846153846153855
5,ISIC,0.05405405405405406,0.13513513513513514,3,0.08108108108108109,B.template-1,1993,0.08108108108108109
6,ISIC,0.038461538461538464,0.23076923076923078,3,0.19230769230769232,B.template-1,1993,0.19230769230769232
2,ISIC,0.3695652173913043,0.3695652173913043,4,0.0,B.V,1993,0.0
1,ISIC,0.5405405405405406,0.5405405405405406,4,0.0,B.V,1993,0.0
2,ISIC,0.4782608695652174,0.4782608695652174,4,0.0,B.J,1993,0.0
1,ISIC,0.5945945945945946,0.5945945945945946,4,0.0,B.J,1993,0.0
2,ISIC,0.43478260869565216,0.43478260869565216,4,0.0,B.J1,1993,0.0
1,ISIC,0.5675675675675675,0.5675675675675675,4,0.0,B.J1,1993,0.0
2,ISIC,0.06521739130434782,0.06521739130434782,4,0.0,B.Z,1993,0.0
1,ISIC,0.3783783783783784,0.3783783783783784,4,0.0,B.Z,1993,0.0
2,ISIC,0.4782608695652174,0.4782608695652174,4,0.0,B.L,1993,0.0
1,ISIC,0.5945945945945946,0.5945945945945946,4,0.0,B.L,1993,0.0
2,ISIC,0.4782608695652174,0.4782608695652174,4,0.0,B.R,1993,0.0
1,ISIC,0.5675675675675675,0.5675675675675675,4,0.0,B.R,1993,0.0
2,ISIC,0.4782608695652174,0.4782608695652174,4,0.0,B.R-no-gate,1993,0.0
1,ISIC,0.5675675675675675,0.5675675675675675,4,0.0,B.R-no-gate,1993,0.0
2,ISIC,0.4782608695652174,0.4782608695652174,4,0.0,B.R-identity,1993,0.0
1,ISIC,0.5675675675675675,0.5675675675675675,4,0.0,B.R-identity,1993,0.0
2,ISIC,0.4782608695652174,0.4782608695652174,4,0.0,B.R-zero-prior,1993,0.0
1,ISIC,0.5945945945945946,0.5945945945945946,4,0.0,B.R-zero-prior,1993,0.0
2,ISIC,0.5,0.5,4,0.0,B.L-permute,1993,0.0
1,ISIC,0.5675675675675675,0.5675675675675675,4,0.0,B.L-permute,1993,0.0
2,ISIC,0.15217391304347827,0.15217391304347827,4,0.0,B.template-0,1993,0.0
1,ISIC,0.4594594594594595,0.4594594594594595,4,0.0,B.template-0,1993,0.0
2,ISIC,0.08695652173913043,0.08695652173913043,4,0.0,B.template-1,1993,0.0
1,ISIC,0.24324324324324326,0.24324324324324326,4,0.0,B.template-1,1993,0.0
3,ISIC,0.225,0.9,1,0.675,B.V,1994,0.675
7,ISIC,0.5416666666666666,0.5,1,0.0,B.V,1994,-0.04166666666666663
3,ISIC,0.4,1.0,1,0.6,B.J,1994,0.6
7,ISIC,0.5,0.4583333333333333,1,0.0,B.J,1994,-0.041666666666666685
3,ISIC,0.4,0.95,1,0.5499999999999999,B.J1,1994,0.5499999999999999
7,ISIC,0.4583333333333333,0.5,1,0.041666666666666685,B.J1,1994,0.041666666666666685
3,ISIC,0.1,0.575,1,0.475,B.Z,1994,0.475
7,ISIC,0.2916666666666667,0.75,1,0.4583333333333333,B.Z,1994,0.4583333333333333
3,ISIC,0.4,1.0,1,0.6,B.L,1994,0.6
7,ISIC,0.5,0.5,1,0.0,B.L,1994,0.0
3,ISIC,0.4,1.0,1,0.6,B.R,1994,0.6
7,ISIC,0.5,0.4583333333333333,1,0.0,B.R,1994,-0.041666666666666685
3,ISIC,0.4,1.0,1,0.6,B.R-no-gate,1994,0.6
7,ISIC,0.5,0.4583333333333333,1,0.0,B.R-no-gate,1994,-0.041666666666666685
3,ISIC,0.4,1.0,1,0.6,B.R-identity,1994,0.6
7,ISIC,0.5,0.4583333333333333,1,0.0,B.R-identity,1994,-0.041666666666666685
3,ISIC,0.4,1.0,1,0.6,B.R-zero-prior,1994,0.6
7,ISIC,0.5,0.4583333333333333,1,0.0,B.R-zero-prior,1994,-0.041666666666666685
3,ISIC,0.4,1.0,1,0.6,B.L-permute,1994,0.6
7,ISIC,0.4583333333333333,0.4583333333333333,1,0.0,B.L-permute,1994,0.0
3,ISIC,0.0,0.1,1,0.1,B.template-0,1994,0.1
7,ISIC,0.5416666666666666,1.0,1,0.45833333333333337,B.template-0,1994,0.45833333333333337
3,ISIC,0.125,0.95,1,0.825,B.template-1,1994,0.825
7,ISIC,0.08333333333333333,0.25,1,0.16666666666666669,B.template-1,1994,0.16666666666666669
4,ISIC,0.5121951219512195,0.5121951219512195,2,0.024390243902439046,B.V,1994,0.0
5,ISIC,0.32432432432432434,0.3783783783783784,2,0.05405405405405406,B.V,1994,0.05405405405405406
4,ISIC,0.4878048780487805,0.5365853658536586,2,0.07317073170731714,B.J,1994,0.04878048780487809
5,ISIC,0.5135135135135135,0.4864864864864865,2,0.0,B.J,1994,-0.027027027027026973
4,ISIC,0.5609756097560976,0.5609756097560976,2,0.024390243902438935,B.J1,1994,0.0
5,ISIC,0.5135135135135135,0.4864864864864865,2,0.027027027027027084,B.J1,1994,-0.027027027027026973
4,ISIC,0.3170731707317073,0.3902439024390244,2,0.07317073170731708,B.Z,1994,0.07317073170731708
5,ISIC,0.13513513513513514,0.24324324324324326,2,0.10810810810810811,B.Z,1994,0.10810810810810811
4,ISIC,0.5609756097560976,0.5121951219512195,2,0.0,B.L,1994,-0.04878048780487809
5,ISIC,0.5135135135135135,0.4594594594594595,2,0.027027027027027084,B.L,1994,-0.054054054054054
4,ISIC,0.4878048780487805,0.5365853658536586,2,0.07317073170731714,B.R,1994,0.04878048780487809
5,ISIC,0.5135135135135135,0.4864864864864865,2,0.0,B.R,1994,-0.027027027027026973
4,ISIC,0.4878048780487805,0.5365853658536586,2,0.07317073170731714,B.R-no-gate,1994,0.04878048780487809
5,ISIC,0.5135135135135135,0.4594594594594595,2,0.0,B.R-no-gate,1994,-0.054054054054054
4,ISIC,0.4878048780487805,0.5365853658536586,2,0.07317073170731714,B.R-identity,1994,0.04878048780487809
5,ISIC,0.5135135135135135,0.4864864864864865,2,0.0,B.R-identity,1994,-0.027027027027026973
4,ISIC,0.4878048780487805,0.5365853658536586,2,0.07317073170731714,B.R-zero-prior,1994,0.04878048780487809
5,ISIC,0.5135135135135135,0.4864864864864865,2,0.0,B.R-zero-prior,1994,-0.027027027027026973
4,ISIC,0.5121951219512195,0.5365853658536586,2,0.04878048780487809,B.L-permute,1994,0.024390243902439046
5,ISIC,0.5135135135135135,0.4594594594594595,2,0.0,B.L-permute,1994,-0.054054054054054
4,ISIC,0.1951219512195122,0.3170731707317073,2,0.12195121951219512,B.template-0,1994,0.12195121951219512
5,ISIC,0.16216216216216217,0.35135135135135137,2,0.1891891891891892,B.template-0,1994,0.1891891891891892
4,ISIC,0.2926829268292683,0.43902439024390244,2,0.14634146341463417,B.template-1,1994,0.14634146341463417
5,ISIC,0.05405405405405406,0.16216216216216217,2,0.10810810810810811,B.template-1,1994,0.10810810810810811
1,ISIC,0.5405405405405406,0.5135135135135135,3,0.0,B.V,1994,-0.027027027027027084
0,ISIC,0.7272727272727273,0.75,3,0.022727272727272707,B.V,1994,0.022727272727272707
1,ISIC,0.5945945945945946,0.5675675675675675,3,0.0,B.J,1994,-0.027027027027027084
0,ISIC,0.7954545454545454,0.7727272727272727,3,0.0,B.J,1994,-0.022727272727272707
1,ISIC,0.5405405405405406,0.5675675675675675,3,0.027027027027026973,B.J1,1994,0.027027027027026973
0,ISIC,0.8181818181818182,0.7727272727272727,3,0.0,B.J1,1994,-0.045454545454545525
1,ISIC,0.3783783783783784,0.40540540540540543,3,0.02702702702702703,B.Z,1994,0.02702702702702703
0,ISIC,0.3409090909090909,0.3409090909090909,3,0.0,B.Z,1994,0.0
1,ISIC,0.5405405405405406,0.5405405405405406,3,0.0,B.L,1994,0.0
0,ISIC,0.8181818181818182,0.7954545454545454,3,0.0,B.L,1994,-0.022727272727272818
1,ISIC,0.5945945945945946,0.5675675675675675,3,0.0,B.R,1994,-0.027027027027027084
0,ISIC,0.7954545454545454,0.7727272727272727,3,0.0,B.R,1994,-0.022727272727272707
1,ISIC,0.5945945945945946,0.5675675675675675,3,0.0,B.R-no-gate,1994,-0.027027027027027084
0,ISIC,0.7954545454545454,0.7727272727272727,3,0.0,B.R-no-gate,1994,-0.022727272727272707
1,ISIC,0.5945945945945946,0.5675675675675675,3,0.0,B.R-identity,1994,-0.027027027027027084
0,ISIC,0.7954545454545454,0.7727272727272727,3,0.0,B.R-identity,1994,-0.022727272727272707
1,ISIC,0.5945945945945946,0.5675675675675675,3,0.0,B.R-zero-prior,1994,-0.027027027027027084
0,ISIC,0.7954545454545454,0.7727272727272727,3,0.0,B.R-zero-prior,1994,-0.022727272727272707
1,ISIC,0.6486486486486487,0.6216216216216216,3,0.0,B.L-permute,1994,-0.027027027027027084
0,ISIC,0.7727272727272727,0.7727272727272727,3,0.0,B.L-permute,1994,0.0
1,ISIC,0.4594594594594595,0.4864864864864865,3,0.02702702702702703,B.template-0,1994,0.02702702702702703
0,ISIC,0.25,0.25,3,0.0,B.template-0,1994,0.0
1,ISIC,0.24324324324324326,0.24324324324324326,3,0.0,B.template-1,1994,0.0
0,ISIC,0.5909090909090909,0.5909090909090909,3,0.0,B.template-1,1994,0.0
6,ISIC,0.8461538461538461,0.8461538461538461,4,0.0,B.V,1994,0.0
2,ISIC,0.3695652173913043,0.3695652173913043,4,0.0,B.V,1994,0.0
6,ISIC,0.8076923076923077,0.8076923076923077,4,0.0,B.J,1994,0.0
2,ISIC,0.5217391304347826,0.5217391304347826,4,0.0,B.J,1994,0.0
6,ISIC,0.8076923076923077,0.8076923076923077,4,0.0,B.J1,1994,0.0
2,ISIC,0.4782608695652174,0.4782608695652174,4,0.0,B.J1,1994,0.0
6,ISIC,0.23076923076923078,0.23076923076923078,4,0.0,B.Z,1994,0.0
2,ISIC,0.06521739130434782,0.06521739130434782,4,0.0,B.Z,1994,0.0
6,ISIC,0.8076923076923077,0.8076923076923077,4,0.0,B.L,1994,0.0
2,ISIC,0.45652173913043476,0.45652173913043476,4,0.0,B.L,1994,0.0
6,ISIC,0.8076923076923077,0.8076923076923077,4,0.0,B.R,1994,0.0
2,ISIC,0.5217391304347826,0.5217391304347826,4,0.0,B.R,1994,0.0
6,ISIC,0.8076923076923077,0.8076923076923077,4,0.0,B.R-no-gate,1994,0.0
2,ISIC,0.5217391304347826,0.5217391304347826,4,0.0,B.R-no-gate,1994,0.0
6,ISIC,0.8076923076923077,0.8076923076923077,4,0.0,B.R-identity,1994,0.0
2,ISIC,0.5217391304347826,0.5217391304347826,4,0.0,B.R-identity,1994,0.0
6,ISIC,0.8076923076923077,0.8076923076923077,4,0.0,B.R-zero-prior,1994,0.0
2,ISIC,0.5217391304347826,0.5217391304347826,4,0.0,B.R-zero-prior,1994,0.0
6,ISIC,0.8076923076923077,0.8076923076923077,4,0.0,B.L-permute,1994,0.0
2,ISIC,0.45652173913043476,0.45652173913043476,4,0.0,B.L-permute,1994,0.0
6,ISIC,0.5769230769230769,0.5769230769230769,4,0.0,B.template-0,1994,0.0
2,ISIC,0.15217391304347827,0.15217391304347827,4,0.0,B.template-0,1994,0.0
6,ISIC,0.038461538461538464,0.038461538461538464,4,0.0,B.template-1,1994,0.0
2,ISIC,0.08695652173913043,0.08695652173913043,4,0.0,B.template-1,1994,0.0
1,ISIC,0.5405405405405406,0.8108108108108109,1,0.2702702702702703,B.V,1995,0.2702702702702703
3,ISIC,0.225,0.8,1,0.5750000000000001,B.V,1995,0.5750000000000001
1,ISIC,0.6216216216216216,0.8648648648648649,1,0.2432432432432433,B.J,1995,0.2432432432432433
3,ISIC,0.525,0.825,1,0.29999999999999993,B.J,1995,0.29999999999999993
1,ISIC,0.5675675675675675,0.8648648648648649,1,0.29729729729729737,B.J1,1995,0.29729729729729737
3,ISIC,0.5,0.825,1,0.32499999999999996,B.J1,1995,0.32499999999999996
1,ISIC,0.3783783783783784,0.7837837837837838,1,0.4054054054054054,B.Z,1995,0.4054054054054054
3,ISIC,0.1,0.35,1,0.24999999999999997,B.Z,1995,0.24999999999999997
1,ISIC,0.5945945945945946,0.8648648648648649,1,0.2702702702702703,B.L,1995,0.2702702702702703
3,ISIC,0.55,0.825,1,0.2749999999999999,B.L,1995,0.2749999999999999
1,ISIC,0.6216216216216216,0.8648648648648649,1,0.2432432432432433,B.R,1995,0.2432432432432433
3,ISIC,0.525,0.825,1,0.29999999999999993,B.R,1995,0.29999999999999993
1,ISIC,0.6216216216216216,0.8648648648648649,1,0.2432432432432433,B.R-no-gate,1995,0.2432432432432433
3,ISIC,0.525,0.825,1,0.29999999999999993,B.R-no-gate,1995,0.29999999999999993
1,ISIC,0.6216216216216216,0.8648648648648649,1,0.2432432432432433,B.R-identity,1995,0.2432432432432433
3,ISIC,0.525,0.825,1,0.29999999999999993,B.R-identity,1995,0.29999999999999993
1,ISIC,0.6216216216216216,0.8648648648648649,1,0.2432432432432433,B.R-zero-prior,1995,0.2432432432432433
3,ISIC,0.525,0.825,1,0.29999999999999993,B.R-zero-prior,1995,0.29999999999999993
1,ISIC,0.6216216216216216,0.8648648648648649,1,0.2432432432432433,B.L-permute,1995,0.2432432432432433
3,ISIC,0.525,0.85,1,0.32499999999999996,B.L-permute,1995,0.32499999999999996
1,ISIC,0.4594594594594595,0.918918918918919,1,0.4594594594594595,B.template-0,1995,0.4594594594594595
3,ISIC,0.0,0.1,1,0.1,B.template-0,1995,0.1
1,ISIC,0.24324324324324326,0.7297297297297297,1,0.48648648648648646,B.template-1,1995,0.48648648648648646
3,ISIC,0.125,0.425,1,0.3,B.template-1,1995,0.3
0,ISIC,0.7272727272727273,0.7727272727272727,2,0.045454545454545414,B.V,1995,0.045454545454545414
6,ISIC,0.8461538461538461,0.9230769230769231,2,0.07692307692307698,B.V,1995,0.07692307692307698
0,ISIC,0.8409090909090909,0.7727272727272727,2,0.0,B.J,1995,-0.06818181818181823
6,ISIC,0.8076923076923077,0.8076923076923077,2,0.038461538461538436,B.J,1995,0.0
0,ISIC,0.8181818181818182,0.7727272727272727,2,0.0,B.J1,1995,-0.045454545454545525
6,ISIC,0.8461538461538461,0.8846153846153846,2,0.038461538461538436,B.J1,1995,0.038461538461538436
0,ISIC,0.3409090909090909,0.4090909090909091,2,0.06818181818181823,B.Z,1995,0.06818181818181823
6,ISIC,0.23076923076923078,0.7692307692307693,2,0.5384615384615385,B.Z,1995,0.5384615384615385
0,ISIC,0.8636363636363636,0.7954545454545454,2,0.0,B.L,1995,-0.06818181818181823
6,ISIC,0.8461538461538461,0.8076923076923077,2,0.0,B.L,1995,-0.038461538461538436
0,ISIC,0.8409090909090909,0.7727272727272727,2,0.0,B.R,1995,-0.06818181818181823
6,ISIC,0.8076923076923077,0.8076923076923077,2,0.038461538461538436,B.R,1995,0.0
0,ISIC,0.8409090909090909,0.7727272727272727,2,0.0,B.R-no-gate,1995,-0.06818181818181823
6,ISIC,0.8461538461538461,0.8076923076923077,2,0.0,B.R-no-gate,1995,-0.038461538461538436
0,ISIC,0.8409090909090909,0.7727272727272727,2,0.0,B.R-identity,1995,-0.06818181818181823
6,ISIC,0.8076923076923077,0.8076923076923077,2,0.038461538461538436,B.R-identity,1995,0.0
0,ISIC,0.8409090909090909,0.7727272727272727,2,0.0,B.R-zero-prior,1995,-0.06818181818181823
6,ISIC,0.8076923076923077,0.8076923076923077,2,0.038461538461538436,B.R-zero-prior,1995,0.0
0,ISIC,0.8181818181818182,0.75,2,0.0,B.L-permute,1995,-0.06818181818181823
6,ISIC,0.8461538461538461,0.8076923076923077,2,0.0,B.L-permute,1995,-0.038461538461538436
0,ISIC,0.25,0.29545454545454547,2,0.04545454545454547,B.template-0,1995,0.04545454545454547
6,ISIC,0.5769230769230769,0.8846153846153846,2,0.3076923076923077,B.template-0,1995,0.3076923076923077
0,ISIC,0.5909090909090909,0.6136363636363636,2,0.022727272727272707,B.template-1,1995,0.022727272727272707
6,ISIC,0.038461538461538464,0.2692307692307692,2,0.23076923076923075,B.template-1,1995,0.23076923076923075
4,ISIC,0.5121951219512195,0.5365853658536586,3,0.024390243902439046,B.V,1995,0.024390243902439046
5,ISIC,0.32432432432432434,0.40540540540540543,3,0.08108108108108109,B.V,1995,0.08108108108108109
4,ISIC,0.5365853658536586,0.5365853658536586,3,0.0,B.J,1995,0.0
5,ISIC,0.4864864864864865,0.4864864864864865,3,0.0,B.J,1995,0.0
4,ISIC,0.5365853658536586,0.5609756097560976,3,0.024390243902439046,B.J1,1995,0.024390243902439046
5,ISIC,0.5135135135135135,0.5135135135135135,3,0.0,B.J1,1995,0.0
4,ISIC,0.3170731707317073,0.34146341463414637,3,0.024390243902439046,B.Z,1995,0.024390243902439046
5,ISIC,0.13513513513513514,0.21621621621621623,3,0.08108108108108109,B.Z,1995,0.08108108108108109
4,ISIC,0.5365853658536586,0.5609756097560976,3,0.024390243902439046,B.L,1995,0.024390243902439046
5,ISIC,0.4864864864864865,0.4594594594594595,3,0.0,B.L,1995,-0.02702702702702703
4,ISIC,0.5365853658536586,0.5365853658536586,3,0.0,B.R,1995,0.0
5,ISIC,0.4864864864864865,0.4864864864864865,3,0.0,B.R,1995,0.0
4,ISIC,0.5365853658536586,0.5365853658536586,3,0.0,B.R-no-gate,1995,0.0
5,ISIC,0.4864864864864865,0.4864864864864865,3,0.0,B.R-no-gate,1995,0.0
4,ISIC,0.5365853658536586,0.5365853658536586,3,0.0,B.R-identity,1995,0.0
5,ISIC,0.4864864864864865,0.4864864864864865,3,0.0,B.R-identity,1995,0.0
4,ISIC,0.5365853658536586,0.5365853658536586,3,0.0,B.R-zero-prior,1995,0.0
5,ISIC,0.4864864864864865,0.4864864864864865,3,0.0,B.R-zero-prior,1995,0.0
4,ISIC,0.5365853658536586,0.5365853658536586,3,0.0,B.L-permute,1995,0.0
5,ISIC,0.4864864864864865,0.4864864864864865,3,0.0,B.L-permute,1995,0.0
4,ISIC,0.1951219512195122,0.36585365853658536,3,0.17073170731707316,B.template-0,1995,0.17073170731707316
5,ISIC,0.16216216216216217,0.32432432432432434,3,0.16216216216216217,B.template-0,1995,0.16216216216216217
4,ISIC,0.2926829268292683,0.3170731707317073,3,0.024390243902439046,B.template-1,1995,0.024390243902439046
5,ISIC,0.05405405405405406,0.10810810810810811,3,0.05405405405405406,B.template-1,1995,0.05405405405405406
2,ISIC,0.3695652173913043,0.3695652173913043,4,0.0,B.V,1995,0.0
7,ISIC,0.5416666666666666,0.5416666666666666,4,0.0,B.V,1995,0.0
2,ISIC,0.6086956521739131,0.6086956521739131,4,0.0,B.J,1995,0.0
7,ISIC,0.5833333333333334,0.5833333333333334,4,0.0,B.J,1995,0.0
2,ISIC,0.5434782608695652,0.5434782608695652,4,0.0,B.J1,1995,0.0
7,ISIC,0.625,0.625,4,0.0,B.J1,1995,0.0
2,ISIC,0.06521739130434782,0.06521739130434782,4,0.0,B.Z,1995,0.0
7,ISIC,0.2916666666666667,0.2916666666666667,4,0.0,B.Z,1995,0.0
2,ISIC,0.6739130434782609,0.6739130434782609,4,0.0,B.L,1995,0.0
7,ISIC,0.625,0.625,4,0.0,B.L,1995,0.0
2,ISIC,0.6086956521739131,0.6086956521739131,4,0.0,B.R,1995,0.0
7,ISIC,0.5833333333333334,0.5833333333333334,4,0.0,B.R,1995,0.0
2,ISIC,0.6086956521739131,0.6086956521739131,4,0.0,B.R-no-gate,1995,0.0
7,ISIC,0.625,0.625,4,0.0,B.R-no-gate,1995,0.0
2,ISIC,0.6086956521739131,0.6086956521739131,4,0.0,B.R-identity,1995,0.0
7,ISIC,0.5833333333333334,0.5833333333333334,4,0.0,B.R-identity,1995,0.0
2,ISIC,0.6086956521739131,0.6086956521739131,4,0.0,B.R-zero-prior,1995,0.0
7,ISIC,0.5833333333333334,0.5833333333333334,4,0.0,B.R-zero-prior,1995,0.0
2,ISIC,0.5434782608695652,0.5434782608695652,4,0.0,B.L-permute,1995,0.0
7,ISIC,0.5833333333333334,0.5833333333333334,4,0.0,B.L-permute,1995,0.0
2,ISIC,0.15217391304347827,0.15217391304347827,4,0.0,B.template-0,1995,0.0
7,ISIC,0.5416666666666666,0.5416666666666666,4,0.0,B.template-0,1995,0.0
2,ISIC,0.08695652173913043,0.08695652173913043,4,0.0,B.template-1,1995,0.0
7,ISIC,0.08333333333333333,0.08333333333333333,4,0.0,B.template-1,1995,0.0
0,HK,0.5714285714285714,1.0,1,0.4285714285714286,B.V,1993,0.4285714285714286
4,HK,0.7575757575757576,1.0,1,0.24242424242424243,B.V,1993,0.24242424242424243
0,HK,0.5714285714285714,1.0,1,0.4285714285714286,B.J,1993,0.4285714285714286
4,HK,0.8606060606060606,1.0,1,0.1393939393939394,B.J,1993,0.1393939393939394
0,HK,0.7142857142857143,1.0,1,0.2857142857142857,B.J1,1993,0.2857142857142857
4,HK,0.8606060606060606,1.0,1,0.1393939393939394,B.J1,1993,0.1393939393939394
0,HK,0.2857142857142857,1.0,1,0.7142857142857143,B.Z,1993,0.7142857142857143
4,HK,0.8363636363636363,1.0,1,0.1636363636363637,B.Z,1993,0.1636363636363637
0,HK,0.5714285714285714,1.0,1,0.4285714285714286,B.L,1993,0.4285714285714286
4,HK,0.8787878787878788,1.0,1,0.12121212121212122,B.L,1993,0.12121212121212122
0,HK,0.5714285714285714,1.0,1,0.4285714285714286,B.R,1993,0.4285714285714286
4,HK,0.8606060606060606,1.0,1,0.1393939393939394,B.R,1993,0.1393939393939394
0,HK,0.5714285714285714,1.0,1,0.4285714285714286,B.R-no-gate,1993,0.4285714285714286
4,HK,0.8606060606060606,1.0,1,0.1393939393939394,B.R-no-gate,1993,0.1393939393939394
0,HK,0.5714285714285714,1.0,1,0.4285714285714286,B.R-identity,1993,0.4285714285714286
4,HK,0.8606060606060606,1.0,1,0.1393939393939394,B.R-identity,1993,0.1393939393939394
0,HK,0.5714285714285714,1.0,1,0.4285714285714286,B.R-zero-prior,1993,0.4285714285714286
4,HK,0.8606060606060606,1.0,1,0.1393939393939394,B.R-zero-prior,1993,0.1393939393939394
0,HK,0.5714285714285714,1.0,1,0.4285714285714286,B.L-permute,1993,0.4285714285714286
4,HK,0.896969696969697,1.0,1,0.10303030303030303,B.L-permute,1993,0.10303030303030303
0,HK,0.5714285714285714,1.0,1,0.4285714285714286,B.template-0,1993,0.4285714285714286
4,HK,0.7090909090909091,1.0,1,0.2909090909090909,B.template-0,1993,0.2909090909090909
0,HK,0.14285714285714285,1.0,1,0.8571428571428572,B.template-1,1993,0.8571428571428572
4,HK,0.9030303030303031,1.0,1,0.09696969696969693,B.template-1,1993,0.09696969696969693
12,HK,0.8048780487804879,0.8536585365853658,2,0.04878048780487798,B.V,1993,0.04878048780487798
8,HK,0.9215686274509803,1.0,2,0.07843137254901966,B.V,1993,0.07843137254901966
12,HK,0.8292682926829268,0.926829268292683,2,0.09756097560975618,B.J,1993,0.09756097560975618
8,HK,0.9869281045751634,1.0,2,0.013071895424836555,B.J,1993,0.013071895424836555
12,HK,0.8536585365853658,0.926829268292683,2,0.07317073170731714,B.J1,1993,0.07317073170731714
8,HK,0.9673202614379085,1.0,2,0.0326797385620915,B.J1,1993,0.0326797385620915
12,HK,0.0975609756097561,0.7073170731707317,2,0.6097560975609756,B.Z,1993,0.6097560975609756
8,HK,0.5032679738562091,0.954248366013072,2,0.4509803921568628,B.Z,1993,0.4509803921568628
12,HK,0.8780487804878049,0.9024390243902439,2,0.024390243902439046,B.L,1993,0.024390243902439046
8,HK,0.9934640522875817,1.0,2,0.006535947712418277,B.L,1993,0.006535947712418277
12,HK,0.8292682926829268,0.926829268292683,2,0.09756097560975618,B.R,1993,0.09756097560975618
8,HK,0.9869281045751634,1.0,2,0.013071895424836555,B.R,1993,0.013071895424836555
12,HK,0.8536585365853658,0.926829268292683,2,0.07317073170731714,B.R-no-gate,1993,0.07317073170731714
8,HK,0.9869281045751634,1.0,2,0.013071895424836555,B.R-no-gate,1993,0.013071895424836555
12,HK,0.8292682926829268,0.926829268292683,2,0.09756097560975618,B.R-identity,1993,0.09756097560975618
8,HK,0.9869281045751634,1.0,2,0.013071895424836555,B.R-identity,1993,0.013071895424836555
12,HK,0.8292682926829268,0.926829268292683,2,0.09756097560975618,B.R-zero-prior,1993,0.09756097560975618
8,HK,0.9869281045751634,1.0,2,0.013071895424836555,B.R-zero-prior,1993,0.013071895424836555
12,HK,0.9024390243902439,0.8292682926829268,2,0.0,B.L-permute,1993,-0.07317073170731714
8,HK,0.9869281045751634,1.0,2,0.013071895424836555,B.L-permute,1993,0.013071895424836555
12,HK,0.14634146341463414,0.6829268292682927,2,0.5365853658536586,B.template-0,1993,0.5365853658536586
8,HK,0.5294117647058824,0.9803921568627451,2,0.4509803921568627,B.template-0,1993,0.4509803921568627
12,HK,0.024390243902439025,0.6829268292682927,2,0.6585365853658537,B.template-1,1993,0.6585365853658537
8,HK,0.5816993464052288,0.934640522875817,2,0.3529411764705882,B.template-1,1993,0.3529411764705882
2,HK,0.7802197802197802,0.9835164835164835,3,0.21978021978021978,B.V,1993,0.20329670329670324
11,HK,0.04918032786885246,0.6721311475409836,3,0.6229508196721312,B.V,1993,0.6229508196721312
2,HK,0.8021978021978022,1.0,3,0.19780219780219777,B.J,1993,0.19780219780219777
11,HK,0.22950819672131148,0.7704918032786885,3,0.540983606557377,B.J,1993,0.540983606557377
2,HK,0.7802197802197802,1.0,3,0.21978021978021978,B.J1,1993,0.21978021978021978
11,HK,0.18032786885245902,0.7213114754098361,3,0.5409836065573771,B.J1,1993,0.5409836065573771
2,HK,0.0,0.054945054945054944,3,0.054945054945054944,B.Z,1993,0.054945054945054944
11,HK,0.36065573770491804,0.5901639344262295,3,0.22950819672131145,B.Z,1993,0.22950819672131145
2,HK,0.8241758241758241,1.0,3,0.17582417582417587,B.L,1993,0.17582417582417587
11,HK,0.32786885245901637,0.7540983606557377,3,0.4262295081967213,B.L,1993,0.4262295081967213
2,HK,0.8021978021978022,1.0,3,0.19780219780219777,B.R,1993,0.19780219780219777
11,HK,0.21311475409836064,0.7704918032786885,3,0.5573770491803278,B.R,1993,0.5573770491803278
2,HK,0.8021978021978022,1.0,3,0.19780219780219777,B.R-no-gate,1993,0.19780219780219777
11,HK,0.21311475409836064,0.7540983606557377,3,0.540983606557377,B.R-no-gate,1993,0.540983606557377
2,HK,0.8021978021978022,1.0,3,0.19780219780219777,B.R-identity,1993,0.19780219780219777
11,HK,0.21311475409836064,0.7704918032786885,3,0.5573770491803278,B.R-identity,1993,0.5573770491803278
2,HK,0.8021978021978022,1.0,3,0.19780219780219777,B.R-zero-prior,1993,0.19780219780219777
11,HK,0.21311475409836064,0.7704918032786885,3,0.5573770491803278,B.R-zero-prior,1993,0.5573770491803278
2,HK,0.7802197802197802,1.0,3,0.21978021978021978,B.L-permute,1993,0.21978021978021978
11,HK,0.09836065573770492,0.5573770491803278,3,0.5081967213114754,B.L-permute,1993,0.4590163934426229
2,HK,0.0,0.08241758241758242,3,0.08241758241758242,B.template-0,1993,0.08241758241758242
11,HK,0.26229508196721313,0.3770491803278688,3,0.1147540983606557,B.template-0,1993,0.1147540983606557
2,HK,0.0,0.027472527472527472,3,0.027472527472527472,B.template-1,1993,0.027472527472527472
11,HK,0.3442622950819672,0.7377049180327869,3,0.3934426229508197,B.template-1,1993,0.3934426229508197
17,HK,0.2,0.8,4,0.6000000000000001,B.V,1993,0.6000000000000001
3,HK,0.7643312101910829,0.7643312101910829,4,0.01273885350318471,B.V,1993,0.0
17,HK,0.8,1.0,4,0.19999999999999996,B.J,1993,0.19999999999999996
3,HK,0.8407643312101911,0.8789808917197452,4,0.03821656050955413,B.J,1993,0.03821656050955413
17,HK,0.4,1.0,4,0.6,B.J1,1993,0.6
3,HK,0.821656050955414,0.8789808917197452,4,0.06369426751592355,B.J1,1993,0.0573248407643312
17,HK,0.0,0.2,4,0.2,B.Z,1993,0.2
3,HK,0.36942675159235666,0.4585987261146497,4,0.08917197452229303,B.Z,1993,0.08917197452229303
17,HK,0.6,1.0,4,0.4,B.L,1993,0.4
3,HK,0.821656050955414,0.8726114649681529,4,0.05095541401273884,B.L,1993,0.05095541401273884
17,HK,0.8,1.0,4,0.19999999999999996,B.R,1993,0.19999999999999996
3,HK,0.8407643312101911,0.8789808917197452,4,0.03821656050955413,B.R,1993,0.03821656050955413
17,HK,0.6,1.0,4,0.4,B.R-no-gate,1993,0.4
3,HK,0.8407643312101911,0.8789808917197452,4,0.03821656050955413,B.R-no-gate,1993,0.03821656050955413
17,HK,0.8,1.0,4,0.19999999999999996,B.R-identity,1993,0.19999999999999996
3,HK,0.8407643312101911,0.8789808917197452,4,0.03821656050955413,B.R-identity,1993,0.03821656050955413
17,HK,0.8,1.0,4,0.19999999999999996,B.R-zero-prior,1993,0.19999999999999996
3,HK,0.8407643312101911,0.8789808917197452,4,0.03821656050955413,B.R-zero-prior,1993,0.03821656050955413
17,HK,0.4,1.0,4,0.6,B.L-permute,1993,0.6
3,HK,0.8089171974522293,0.8662420382165605,4,0.0573248407643312,B.L-permute,1993,0.0573248407643312
17,HK,0.0,0.2,4,0.2,B.template-0,1993,0.2
3,HK,0.3821656050955414,0.5477707006369427,4,0.16560509554140124,B.template-0,1993,0.16560509554140124
17,HK,0.2,0.2,4,0.0,B.template-1,1993,0.0
3,HK,0.2929936305732484,0.37579617834394907,4,0.08280254777070067,B.template-1,1993,0.08280254777070067
21,HK,0.0,1.0,5,1.0,B.V,1993,1.0
16,HK,0.5,0.375,5,0.0,B.V,1993,-0.125
21,HK,0.0,1.0,5,1.0,B.J,1993,1.0
16,HK,0.25,0.375,5,0.125,B.J,1993,0.125
21,HK,0.25,1.0,5,0.75,B.J1,1993,0.75
16,HK,0.25,0.375,5,0.125,B.J1,1993,0.125
21,HK,0.25,0.5,5,0.25,B.Z,1993,0.25
16,HK,0.625,0.625,5,0.0,B.Z,1993,0.0
21,HK,0.0,1.0,5,1.0,B.L,1993,1.0
16,HK,0.25,0.5,5,0.25,B.L,1993,0.25
21,HK,0.0,1.0,5,1.0,B.R,1993,1.0
16,HK,0.25,0.375,5,0.125,B.R,1993,0.125
21,HK,0.0,1.0,5,1.0,B.R-no-gate,1993,1.0
16,HK,0.25,0.375,5,0.125,B.R-no-gate,1993,0.125
21,HK,0.0,1.0,5,1.0,B.R-identity,1993,1.0
16,HK,0.25,0.375,5,0.125,B.R-identity,1993,0.125
21,HK,0.0,1.0,5,1.0,B.R-zero-prior,1993,1.0
16,HK,0.25,0.375,5,0.125,B.R-zero-prior,1993,0.125
21,HK,0.0,1.0,5,1.0,B.L-permute,1993,1.0
16,HK,0.25,0.5,5,0.25,B.L-permute,1993,0.25
21,HK,0.25,0.5,5,0.25,B.template-0,1993,0.25
16,HK,0.5,0.5,5,0.0,B.template-0,1993,0.0
21,HK,0.25,0.75,5,0.5,B.template-1,1993,0.5
16,HK,0.5,0.5,5,0.0,B.template-1,1993,0.0
22,HK,0.6666666666666666,0.6666666666666666,6,0.0,B.V,1993,0.0
13,HK,0.95,0.9875,6,0.03750000000000009,B.V,1993,0.03750000000000009
22,HK,0.7142857142857143,0.6666666666666666,6,0.0,B.J,1993,-0.04761904761904767
13,HK,0.95625,0.96875,6,0.012499999999999956,B.J,1993,0.012499999999999956
22,HK,0.7142857142857143,0.6666666666666666,6,0.0,B.J1,1993,-0.04761904761904767
13,HK,0.95625,0.975,6,0.018749999999999933,B.J1,1993,0.018749999999999933
22,HK,0.047619047619047616,0.19047619047619047,6,0.14285714285714285,B.Z,1993,0.14285714285714285
13,HK,0.68125,0.74375,6,0.0625,B.Z,1993,0.0625
22,HK,0.7142857142857143,0.6666666666666666,6,0.0,B.L,1993,-0.04761904761904767
13,HK,0.96875,0.9875,6,0.018750000000000044,B.L,1993,0.018750000000000044
22,HK,0.7142857142857143,0.6666666666666666,6,0.0,B.R,1993,-0.04761904761904767
13,HK,0.95625,0.96875,6,0.012499999999999956,B.R,1993,0.012499999999999956
22,HK,0.7142857142857143,0.6666666666666666,6,0.0,B.R-no-gate,1993,-0.04761904761904767
13,HK,0.95625,0.96875,6,0.012499999999999956,B.R-no-gate,1993,0.012499999999999956
22,HK,0.7142857142857143,0.6666666666666666,6,0.0,B.R-identity,1993,-0.04761904761904767
13,HK,0.95625,0.96875,6,0.012499999999999956,B.R-identity,1993,0.012499999999999956
22,HK,0.7142857142857143,0.6666666666666666,6,0.0,B.R-zero-prior,1993,-0.04761904761904767
13,HK,0.95625,0.96875,6,0.012499999999999956,B.R-zero-prior,1993,0.012499999999999956
22,HK,0.7619047619047619,0.7142857142857143,6,0.0,B.L-permute,1993,-0.04761904761904756
13,HK,0.95625,0.9625,6,0.006249999999999978,B.L-permute,1993,0.006249999999999978
22,HK,0.0,0.19047619047619047,6,0.19047619047619047,B.template-0,1993,0.19047619047619047
13,HK,0.69375,0.775,6,0.08125000000000004,B.template-0,1993,0.08125000000000004
22,HK,0.0,0.3333333333333333,6,0.3333333333333333,B.template-1,1993,0.3333333333333333
13,HK,0.6125,0.7125,6,0.09999999999999998,B.template-1,1993,0.09999999999999998
18,HK,0.030303030303030304,0.18181818181818182,7,0.15151515151515152,B.V,1993,0.15151515151515152
14,HK,0.7333333333333333,0.95,7,0.21666666666666667,B.V,1993,0.21666666666666667
18,HK,0.3939393939393939,0.5454545454545454,7,0.1515151515151515,B.J,1993,0.1515151515151515
14,HK,0.95,0.9833333333333333,7,0.033333333333333326,B.J,1993,0.033333333333333326
18,HK,0.3333333333333333,0.48484848484848486,7,0.15151515151515155,B.J1,1993,0.15151515151515155
14,HK,0.9166666666666666,0.9833333333333333,7,0.06666666666666665,B.J1,1993,0.06666666666666665
18,HK,0.0,0.0,7,0.0,B.Z,1993,0.0
14,HK,0.43333333333333335,0.8833333333333333,7,0.44999999999999996,B.Z,1993,0.44999999999999996
18,HK,0.30303030303030304,0.48484848484848486,7,0.18181818181818182,B.L,1993,0.18181818181818182
14,HK,0.9666666666666667,0.9833333333333333,7,0.016666666666666607,B.L,1993,0.016666666666666607
18,HK,0.3939393939393939,0.5454545454545454,7,0.1515151515151515,B.R,1993,0.1515151515151515
14,HK,0.95,0.9833333333333333,7,0.033333333333333326,B.R,1993,0.033333333333333326
18,HK,0.36363636363636365,0.5454545454545454,7,0.18181818181818177,B.R-no-gate,1993,0.18181818181818177
14,HK,0.95,0.9833333333333333,7,0.033333333333333326,B.R-no-gate,1993,0.033333333333333326
18,HK,0.36363636363636365,0.5454545454545454,7,0.18181818181818177,B.R-identity,1993,0.18181818181818177
14,HK,0.95,0.9833333333333333,7,0.033333333333333326,B.R-identity,1993,0.033333333333333326
18,HK,0.3939393939393939,0.5454545454545454,7,0.1515151515151515,B.R-zero-prior,1993,0.1515151515151515
14,HK,0.95,0.9833333333333333,7,0.033333333333333326,B.R-zero-prior,1993,0.033333333333333326
18,HK,0.48484848484848486,0.6060606060606061,7,0.12121212121212122,B.L-permute,1993,0.12121212121212122
14,HK,0.9666666666666667,0.9833333333333333,7,0.016666666666666607,B.L-permute,1993,0.016666666666666607
18,HK,0.0,0.0,7,0.0,B.template-0,1993,0.0
14,HK,0.5,0.8833333333333333,7,0.3833333333333333,B.template-0,1993,0.3833333333333333
18,HK,0.0,0.0,7,0.0,B.template-1,1993,0.0
14,HK,0.4,0.8833333333333333,7,0.4833333333333333,B.template-1,1993,0.4833333333333333
9,HK,0.9695121951219512,0.9878048780487805,8,0.018292682926829285,B.V,1993,0.018292682926829285
19,HK,0.5,0.5,8,0.0,B.V,1993,0.0
9,HK,1.0,1.0,8,0.0,B.J,1993,0.0
19,HK,0.0,0.0,8,0.0,B.J,1993,0.0
9,HK,1.0,1.0,8,0.0,B.J1,1993,0.0
19,HK,0.0,0.0,8,0.0,B.J1,1993,0.0
9,HK,0.6158536585365854,0.7195121951219512,8,0.10365853658536583,B.Z,1993,0.10365853658536583
19,HK,0.0,0.0,8,0.0,B.Z,1993,0.0
9,HK,1.0,1.0,8,0.0,B.L,1993,0.0
19,HK,0.0,0.0,8,0.0,B.L,1993,0.0
9,HK,1.0,1.0,8,0.0,B.R,1993,0.0
19,HK,0.0,0.0,8,0.0,B.R,1993,0.0
9,HK,1.0,1.0,8,0.0,B.R-no-gate,1993,0.0
19,HK,0.0,0.0,8,0.0,B.R-no-gate,1993,0.0
9,HK,1.0,1.0,8,0.0,B.R-identity,1993,0.0
19,HK,0.0,0.0,8,0.0,B.R-identity,1993,0.0
9,HK,1.0,1.0,8,0.0,B.R-zero-prior,1993,0.0
19,HK,0.0,0.0,8,0.0,B.R-zero-prior,1993,0.0
9,HK,1.0,1.0,8,0.0,B.L-permute,1993,0.0
19,HK,0.0,0.0,8,0.0,B.L-permute,1993,0.0
9,HK,0.6890243902439024,0.7560975609756098,8,0.06707317073170738,B.template-0,1993,0.06707317073170738
19,HK,0.0,0.0,8,0.0,B.template-0,1993,0.0
9,HK,0.5792682926829268,0.7073170731707317,8,0.12804878048780488,B.template-1,1993,0.12804878048780488
19,HK,0.0,0.0,8,0.0,B.template-1,1993,0.0
15,HK,0.983739837398374,0.983739837398374,9,0.0,B.V,1993,0.0
6,HK,0.0,0.0,9,0.0,B.V,1993,0.0
15,HK,0.991869918699187,0.991869918699187,9,0.0,B.J,1993,0.0
6,HK,0.0,0.0,9,0.0,B.J,1993,0.0
15,HK,0.991869918699187,0.991869918699187,9,0.0,B.J1,1993,0.0
6,HK,0.0,0.0,9,0.0,B.J1,1993,0.0
15,HK,0.967479674796748,0.967479674796748,9,0.0,B.Z,1993,0.0
6,HK,0.0,0.0,9,0.0,B.Z,1993,0.0
15,HK,0.991869918699187,0.991869918699187,9,0.0,B.L,1993,0.0
6,HK,0.0,0.0,9,0.0,B.L,1993,0.0
15,HK,0.991869918699187,0.991869918699187,9,0.0,B.R,1993,0.0
6,HK,0.0,0.0,9,0.0,B.R,1993,0.0
15,HK,0.991869918699187,0.991869918699187,9,0.0,B.R-no-gate,1993,0.0
6,HK,0.0,0.0,9,0.0,B.R-no-gate,1993,0.0
15,HK,0.991869918699187,0.991869918699187,9,0.0,B.R-identity,1993,0.0
6,HK,0.0,0.0,9,0.0,B.R-identity,1993,0.0
15,HK,0.991869918699187,0.991869918699187,9,0.0,B.R-zero-prior,1993,0.0
6,HK,0.0,0.0,9,0.0,B.R-zero-prior,1993,0.0
15,HK,0.991869918699187,0.991869918699187,9,0.0,B.L-permute,1993,0.0
6,HK,0.0,0.0,9,0.0,B.L-permute,1993,0.0
15,HK,0.943089430894309,0.943089430894309,9,0.0,B.template-0,1993,0.0
6,HK,0.0,0.0,9,0.0,B.template-0,1993,0.0
15,HK,0.967479674796748,0.967479674796748,9,0.0,B.template-1,1993,0.0
6,HK,0.0,0.0,9,0.0,B.template-1,1993,0.0
5,HK,1.0,0.0,10,0.0,B.V,1993,-1.0
20,HK,0.030303030303030304,0.045454545454545456,10,0.015151515151515152,B.V,1993,0.015151515151515152
5,HK,0.0,0.0,10,0.0,B.J,1993,0.0
20,HK,0.19696969696969696,0.19696969696969696,10,0.0,B.J,1993,0.0
5,HK,0.0,0.0,10,0.0,B.J1,1993,0.0
20,HK,0.12121212121212122,0.10606060606060606,10,0.0,B.J1,1993,-0.015151515151515152
5,HK,0.0,0.0,10,0.0,B.Z,1993,0.0
20,HK,0.09090909090909091,0.09090909090909091,10,0.0,B.Z,1993,0.0
5,HK,0.0,0.0,10,0.0,B.L,1993,0.0
20,HK,0.19696969696969696,0.18181818181818182,10,0.0,B.L,1993,-0.015151515151515138
5,HK,0.0,0.0,10,0.0,B.R,1993,0.0
20,HK,0.19696969696969696,0.19696969696969696,10,0.0,B.R,1993,0.0
5,HK,0.0,0.0,10,0.0,B.R-no-gate,1993,0.0
20,HK,0.18181818181818182,0.19696969696969696,10,0.015151515151515138,B.R-no-gate,1993,0.015151515151515138
5,HK,0.0,0.0,10,0.0,B.R-identity,1993,0.0
20,HK,0.19696969696969696,0.19696969696969696,10,0.0,B.R-identity,1993,0.0
5,HK,0.0,0.0,10,0.0,B.R-zero-prior,1993,0.0
20,HK,0.19696969696969696,0.19696969696969696,10,0.0,B.R-zero-prior,1993,0.0
5,HK,0.0,0.0,10,0.0,B.L-permute,1993,0.0
20,HK,0.19696969696969696,0.18181818181818182,10,0.0,B.L-permute,1993,-0.015151515151515138
5,HK,0.0,0.0,10,0.0,B.template-0,1993,0.0
20,HK,0.10606060606060606,0.10606060606060606,10,0.0,B.template-0,1993,0.0
5,HK,0.0,0.0,10,0.0,B.template-1,1993,0.0
20,HK,0.09090909090909091,0.09090909090909091,10,0.0,B.template-1,1993,0.0
10,HK,0.5066666666666667,0.5066666666666667,11,0.0,B.V,1993,0.0
7,HK,1.0,1.0,11,0.0,B.V,1993,0.0
1,HK,0.8761061946902655,0.8761061946902655,11,0.0,B.V,1993,0.0
10,HK,0.76,0.76,11,0.0,B.J,1993,0.0
7,HK,1.0,1.0,11,0.0,B.J,1993,0.0
1,HK,0.9646017699115044,0.9646017699115044,11,0.0,B.J,1993,0.0
10,HK,0.7466666666666667,0.7466666666666667,11,0.0,B.J1,1993,0.0
7,HK,1.0,1.0,11,0.0,B.J1,1993,0.0
1,HK,0.9203539823008849,0.9203539823008849,11,0.0,B.J1,1993,0.0
10,HK,0.06,0.06,11,0.0,B.Z,1993,0.0
7,HK,0.09523809523809523,0.09523809523809523,11,0.0,B.Z,1993,0.0
1,HK,0.0,0.0,11,0.0,B.Z,1993,0.0
10,HK,0.6933333333333334,0.6933333333333334,11,0.0,B.L,1993,0.0
7,HK,1.0,1.0,11,0.0,B.L,1993,0.0
1,HK,0.9646017699115044,0.9646017699115044,11,0.0,B.L,1993,0.0
10,HK,0.76,0.76,11,0.0,B.R,1993,0.0
7,HK,1.0,1.0,11,0.0,B.R,1993,0.0
1,HK,0.9646017699115044,0.9646017699115044,11,0.0,B.R,1993,0.0
10,HK,0.7733333333333333,0.7733333333333333,11,0.0,B.R-no-gate,1993,0.0
7,HK,1.0,1.0,11,0.0,B.R-no-gate,1993,0.0
1,HK,0.9557522123893806,0.9557522123893806,11,0.0,B.R-no-gate,1993,0.0
10,HK,0.76,0.76,11,0.0,B.R-identity,1993,0.0
7,HK,1.0,1.0,11,0.0,B.R-identity,1993,0.0
1,HK,0.9646017699115044,0.9646017699115044,11,0.0,B.R-identity,1993,0.0
10,HK,0.76,0.76,11,0.0,B.R-zero-prior,1993,0.0
7,HK,1.0,1.0,11,0.0,B.R-zero-prior,1993,0.0
1,HK,0.9646017699115044,0.9646017699115044,11,0.0,B.R-zero-prior,1993,0.0
10,HK,0.7666666666666667,0.7666666666666667,11,0.0,B.L-permute,1993,0.0
7,HK,1.0,1.0,11,0.0,B.L-permute,1993,0.0
1,HK,0.9469026548672567,0.9469026548672567,11,0.0,B.L-permute,1993,0.0
10,HK,0.07333333333333333,0.07333333333333333,11,0.0,B.template-0,1993,0.0
7,HK,0.09523809523809523,0.09523809523809523,11,0.0,B.template-0,1993,0.0
1,HK,0.0,0.0,11,0.0,B.template-0,1993,0.0
10,HK,0.02,0.02,11,0.0,B.template-1,1993,0.0
7,HK,0.047619047619047616,0.047619047619047616,11,0.0,B.template-1,1993,0.0
1,HK,0.0,0.0,11,0.0,B.template-1,1993,0.0
22,HK,0.6666666666666666,1.0,1,0.33333333333333337,B.V,1994,0.33333333333333337
16,HK,0.5,1.0,1,0.5,B.V,1994,0.5
22,HK,0.6666666666666666,1.0,1,0.33333333333333337,B.J,1994,0.33333333333333337
16,HK,0.25,1.0,1,0.75,B.J,1994,0.75
22,HK,0.7142857142857143,1.0,1,0.2857142857142857,B.J1,1994,0.2857142857142857
16,HK,0.125,1.0,1,0.875,B.J1,1994,0.875
22,HK,0.047619047619047616,0.8095238095238095,1,0.7619047619047619,B.Z,1994,0.7619047619047619
16,HK,0.625,1.0,1,0.375,B.Z,1994,0.375
22,HK,0.6666666666666666,1.0,1,0.33333333333333337,B.L,1994,0.33333333333333337
16,HK,0.25,1.0,1,0.75,B.L,1994,0.75
22,HK,0.6666666666666666,1.0,1,0.33333333333333337,B.R,1994,0.33333333333333337
16,HK,0.25,1.0,1,0.75,B.R,1994,0.75
22,HK,0.6666666666666666,1.0,1,0.33333333333333337,B.R-no-gate,1994,0.33333333333333337
16,HK,0.25,1.0,1,0.75,B.R-no-gate,1994,0.75
22,HK,0.6666666666666666,1.0,1,0.33333333333333337,B.R-identity,1994,0.33333333333333337
16,HK,0.25,1.0,1,0.75,B.R-identity,1994,0.75
22,HK,0.6666666666666666,1.0,1,0.33333333333333337,B.R-zero-prior,1994,0.33333333333333337
16,HK,0.25,1.0,1,0.75,B.R-zero-prior,1994,0.75
22,HK,0.7142857142857143,1.0,1,0.2857142857142857,B.L-permute,1994,0.2857142857142857
16,HK,0.25,1.0,1,0.75,B.L-permute,1994,0.75
22,HK,0.0,0.8095238095238095,1,0.8095238095238095,B.template-0,1994,0.8095238095238095
16,HK,0.5,0.875,1,0.375,B.template-0,1994,0.375
22,HK,0.0,0.8571428571428571,1,0.8571428571428571,B.template-1,1994,0.8571428571428571
16,HK,0.5,1.0,1,0.5,B.template-1,1994,0.5
12,HK,0.8048780487804879,0.8780487804878049,2,0.07317073170731703,B.V,1994,0.07317073170731703
13,HK,0.95,0.9875,2,0.03750000000000009,B.V,1994,0.03750000000000009
12,HK,0.8292682926829268,0.8780487804878049,2,0.04878048780487809,B.J,1994,0.04878048780487809
13,HK,0.95625,0.9875,2,0.03125,B.J,1994,0.03125
12,HK,0.8536585365853658,0.8780487804878049,2,0.024390243902439046,B.J1,1994,0.024390243902439046
13,HK,0.95625,0.9875,2,0.03125,B.J1,1994,0.03125
12,HK,0.0975609756097561,0.43902439024390244,2,0.3414634146341463,B.Z,1994,0.3414634146341463
13,HK,0.68125,0.90625,2,0.22499999999999998,B.Z,1994,0.22499999999999998
12,HK,0.8292682926829268,0.8780487804878049,2,0.07317073170731714,B.L,1994,0.04878048780487809
13,HK,0.96875,0.9875,2,0.018750000000000044,B.L,1994,0.018750000000000044
12,HK,0.8292682926829268,0.8780487804878049,2,0.04878048780487809,B.R,1994,0.04878048780487809
13,HK,0.95625,0.9875,2,0.03125,B.R,1994,0.03125
12,HK,0.8292682926829268,0.8780487804878049,2,0.07317073170731714,B.R-no-gate,1994,0.04878048780487809
13,HK,0.95625,0.9875,2,0.03125,B.R-no-gate,1994,0.03125
12,HK,0.8292682926829268,0.8780487804878049,2,0.04878048780487809,B.R-identity,1994,0.04878048780487809
13,HK,0.95625,0.9875,2,0.03125,B.R-identity,1994,0.03125
12,HK,0.8292682926829268,0.8780487804878049,2,0.04878048780487809,B.R-zero-prior,1994,0.04878048780487809
13,HK,0.95625,0.9875,2,0.03125,B.R-zero-prior,1994,0.03125
12,HK,0.9024390243902439,0.9024390243902439,2,0.0,B.L-permute,1994,0.0
13,HK,0.95625,0.9875,2,0.03125,B.L-permute,1994,0.03125
12,HK,0.14634146341463414,0.4146341463414634,2,0.2682926829268293,B.template-0,1994,0.2682926829268293
13,HK,0.69375,0.93125,2,0.23750000000000004,B.template-0,1994,0.23750000000000004
12,HK,0.024390243902439025,0.3902439024390244,2,0.36585365853658536,B.template-1,1994,0.36585365853658536
13,HK,0.6125,0.9,2,0.2875,B.template-1,1994,0.2875
21,HK,0.0,0.0,3,0.0,B.V,1994,0.0
4,HK,0.7575757575757576,1.0,3,0.24242424242424243,B.V,1994,0.24242424242424243
21,HK,0.25,0.0,3,0.0,B.J,1994,-0.25
4,HK,0.8545454545454545,1.0,3,0.1454545454545455,B.J,1994,0.1454545454545455
21,HK,0.25,0.25,3,0.0,B.J1,1994,0.0
4,HK,0.8606060606060606,1.0,3,0.1393939393939394,B.J1,1994,0.1393939393939394
21,HK,0.25,0.5,3,0.25,B.Z,1994,0.25
4,HK,0.8363636363636363,0.9454545454545454,3,0.10909090909090913,B.Z,1994,0.10909090909090913
21,HK,0.25,0.0,3,0.0,B.L,1994,-0.25
4,HK,0.8787878787878788,1.0,3,0.12121212121212122,B.L,1994,0.12121212121212122
21,HK,0.25,0.0,3,0.0,B.R,1994,-0.25
4,HK,0.8545454545454545,1.0,3,0.1454545454545455,B.R,1994,0.1454545454545455
21,HK,0.0,0.0,3,0.25,B.R-no-gate,1994,0.0
4,HK,0.8545454545454545,1.0,3,0.1454545454545455,B.R-no-gate,1994,0.1454545454545455
21,HK,0.25,0.0,3,0.0,B.R-identity,1994,-0.25
4,HK,0.8545454545454545,1.0,3,0.1454545454545455,B.R-identity,1994,0.1454545454545455
21,HK,0.25,0.0,3,0.0,B.R-zero-prior,1994,-0.25
4,HK,0.8545454545454545,1.0,3,0.1454545454545455,B.R-zero-prior,1994,0.1454545454545455
21,HK,0.25,0.0,3,0.0,B.L-permute,1994,-0.25
4,HK,0.896969696969697,1.0,3,0.10303030303030303,B.L-permute,1994,0.10303030303030303
21,HK,0.25,1.0,3,0.75,B.template-0,1994,0.75
4,HK,0.7090909090909091,0.8606060606060606,3,0.1515151515151515,B.template-0,1994,0.1515151515151515
21,HK,0.25,0.5,3,0.25,B.template-1,1994,0.25
4,HK,0.9030303030303031,0.9636363636363636,3,0.06060606060606055,B.template-1,1994,0.06060606060606055
19,HK,0.5,0.5,4,0.0,B.V,1994,0.0
17,HK,0.2,0.4,4,0.2,B.V,1994,0.2
19,HK,0.0,0.0,4,0.0,B.J,1994,0.0
17,HK,0.8,0.8,4,0.19999999999999996,B.J,1994,0.0
19,HK,0.0,0.0,4,0.0,B.J1,1994,0.0
17,HK,0.4,0.8,4,0.6,B.J1,1994,0.4
19,HK,0.0,0.0,4,0.0,B.Z,1994,0.0
17,HK,0.0,0.2,4,0.2,B.Z,1994,0.2
19,HK,0.0,0.0,4,0.0,B.L,1994,0.0
17,HK,0.6,1.0,4,0.4,B.L,1994,0.4
19,HK,0.0,0.0,4,0.0,B.R,1994,0.0
17,HK,0.8,0.8,4,0.19999999999999996,B.R,1994,0.0
19,HK,0.0,0.0,4,0.0,B.R-no-gate,1994,0.0
17,HK,0.6,0.8,4,0.4,B.R-no-gate,1994,0.20000000000000007
19,HK,0.0,0.0,4,0.0,B.R-identity,1994,0.0
17,HK,0.8,0.8,4,0.19999999999999996,B.R-identity,1994,0.0
19,HK,0.0,0.0,4,0.0,B.R-zero-prior,1994,0.0
17,HK,0.8,0.8,4,0.19999999999999996,B.R-zero-prior,1994,0.0
19,HK,0.0,0.0,4,0.0,B.L-permute,1994,0.0
17,HK,0.2,0.8,4,0.6000000000000001,B.L-permute,1994,0.6000000000000001
19,HK,0.0,0.0,4,0.0,B.template-0,1994,0.0
17,HK,0.0,0.2,4,0.2,B.template-0,1994,0.2
19,HK,0.0,0.0,4,0.0,B.template-1,1994,0.0
17,HK,0.2,0.4,4,0.2,B.template-1,1994,0.2
6,HK,0.0,0.0,5,0.0,B.V,1994,0.0
11,HK,0.04918032786885246,0.4918032786885246,5,0.4426229508196721,B.V,1994,0.4426229508196721
6,HK,0.0,0.0,5,0.0,B.J,1994,0.0
11,HK,0.21311475409836064,0.5901639344262295,5,0.39344262295081966,B.J,1994,0.3770491803278688
6,HK,0.0,0.0,5,0.0,B.J1,1994,0.0
11,HK,0.19672131147540983,0.5737704918032787,5,0.39344262295081966,B.J1,1994,0.3770491803278688
6,HK,0.0,1.0,5,1.0,B.Z,1994,1.0
11,HK,0.36065573770491804,0.5245901639344263,5,0.1639344262295082,B.Z,1994,0.1639344262295082
6,HK,0.0,0.0,5,0.0,B.L,1994,0.0
11,HK,0.32786885245901637,0.6065573770491803,5,0.27868852459016397,B.L,1994,0.27868852459016397
6,HK,0.0,0.0,5,0.0,B.R,1994,0.0
11,HK,0.21311475409836064,0.5901639344262295,5,0.39344262295081966,B.R,1994,0.3770491803278688
6,HK,0.0,0.0,5,0.0,B.R-no-gate,1994,0.0
11,HK,0.21311475409836064,0.5901639344262295,5,0.39344262295081966,B.R-no-gate,1994,0.3770491803278688
6,HK,0.0,0.0,5,0.0,B.R-identity,1994,0.0
11,HK,0.21311475409836064,0.5901639344262295,5,0.39344262295081966,B.R-identity,1994,0.3770491803278688
6,HK,0.0,0.0,5,0.0,B.R-zero-prior,1994,0.0
11,HK,0.21311475409836064,0.5901639344262295,5,0.39344262295081966,B.R-zero-prior,1994,0.3770491803278688
6,HK,0.0,0.0,5,0.0,B.L-permute,1994,0.0
11,HK,0.11475409836065574,0.5737704918032787,5,0.4590163934426229,B.L-permute,1994,0.4590163934426229
6,HK,0.0,1.0,5,1.0,B.template-0,1994,1.0
11,HK,0.26229508196721313,0.3442622950819672,5,0.08196721311475408,B.template-0,1994,0.08196721311475408
6,HK,0.0,1.0,5,1.0,B.template-1,1994,1.0
11,HK,0.3442622950819672,0.639344262295082,5,0.2950819672131148,B.template-1,1994,0.2950819672131148
3,HK,0.7643312101910829,0.7515923566878981,6,0.0,B.V,1994,-0.01273885350318471
15,HK,0.983739837398374,0.983739837398374,6,0.0,B.V,1994,0.0
3,HK,0.8471337579617835,0.8662420382165605,6,0.02547770700636942,B.J,1994,0.019108280254777066
15,HK,0.991869918699187,1.0,6,0.008130081300813052,B.J,1994,0.008130081300813052
3,HK,0.8280254777070064,0.8535031847133758,6,0.02547770700636942,B.J1,1994,0.02547770700636942
15,HK,0.991869918699187,1.0,6,0.008130081300813052,B.J1,1994,0.008130081300813052
3,HK,0.36942675159235666,0.39490445859872614,6,0.025477707006369477,B.Z,1994,0.025477707006369477
15,HK,0.967479674796748,0.983739837398374,6,0.016260162601625994,B.Z,1994,0.016260162601625994
3,HK,0.821656050955414,0.8662420382165605,6,0.04458598726114649,B.L,1994,0.04458598726114649
15,HK,0.991869918699187,1.0,6,0.008130081300813052,B.L,1994,0.008130081300813052
3,HK,0.8471337579617835,0.8662420382165605,6,0.02547770700636942,B.R,1994,0.019108280254777066
15,HK,0.991869918699187,1.0,6,0.008130081300813052,B.R,1994,0.008130081300813052
3,HK,0.8407643312101911,0.8662420382165605,6,0.031847133757961776,B.R-no-gate,1994,0.02547770700636942
15,HK,0.991869918699187,1.0,6,0.008130081300813052,B.R-no-gate,1994,0.008130081300813052
3,HK,0.8471337579617835,0.8662420382165605,6,0.02547770700636942,B.R-identity,1994,0.019108280254777066
15,HK,0.991869918699187,1.0,6,0.008130081300813052,B.R-identity,1994,0.008130081300813052
3,HK,0.8471337579617835,0.8662420382165605,6,0.02547770700636942,B.R-zero-prior,1994,0.019108280254777066
15,HK,0.991869918699187,1.0,6,0.008130081300813052,B.R-zero-prior,1994,0.008130081300813052
3,HK,0.8152866242038217,0.7961783439490446,6,0.006369426751592355,B.L-permute,1994,-0.019108280254777066
15,HK,0.991869918699187,1.0,6,0.008130081300813052,B.L-permute,1994,0.008130081300813052
3,HK,0.3821656050955414,0.42038216560509556,6,0.03821656050955413,B.template-0,1994,0.03821656050955413
15,HK,0.943089430894309,0.983739837398374,6,0.04065040650406504,B.template-0,1994,0.04065040650406504
3,HK,0.2929936305732484,0.29936305732484075,6,0.006369426751592355,B.template-1,1994,0.006369426751592355
15,HK,0.967479674796748,0.975609756097561,6,0.008130081300812941,B.template-1,1994,0.008130081300812941
0,HK,0.5714285714285714,0.5714285714285714,7,0.1428571428571429,B.V,1994,0.0
9,HK,0.9695121951219512,0.9634146341463414,7,0.0,B.V,1994,-0.0060975609756097615
0,HK,0.5714285714285714,0.5714285714285714,7,0.0,B.J,1994,0.0
9,HK,1.0,1.0,7,0.0,B.J,1994,0.0
0,HK,0.7142857142857143,0.5714285714285714,7,0.0,B.J1,1994,-0.1428571428571429
9,HK,1.0,1.0,7,0.0,B.J1,1994,0.0
0,HK,0.2857142857142857,0.2857142857142857,7,0.0,B.Z,1994,0.0
9,HK,0.6158536585365854,0.6524390243902439,7,0.03658536585365857,B.Z,1994,0.03658536585365857
0,HK,0.5714285714285714,0.5714285714285714,7,0.0,B.L,1994,0.0
9,HK,1.0,1.0,7,0.0,B.L,1994,0.0
0,HK,0.5714285714285714,0.5714285714285714,7,0.0,B.R,1994,0.0
9,HK,1.0,1.0,7,0.0,B.R,1994,0.0
0,HK,0.5714285714285714,0.5714285714285714,7,0.0,B.R-no-gate,1994,0.0
9,HK,1.0,1.0,7,0.0,B.R-no-gate,1994,0.0
0,HK,0.5714285714285714,0.5714285714285714,7,0.0,B.R-identity,1994,0.0
9,HK,1.0,1.0,7,0.0,B.R-identity,1994,0.0
0,HK,0.5714285714285714,0.5714285714285714,7,0.0,B.R-zero-prior,1994,0.0
9,HK,1.0,1.0,7,0.0,B.R-zero-prior,1994,0.0
0,HK,0.5714285714285714,0.5714285714285714,7,0.0,B.L-permute,1994,0.0
9,HK,1.0,1.0,7,0.0,B.L-permute,1994,0.0
0,HK,0.5714285714285714,0.5714285714285714,7,0.0,B.template-0,1994,0.0
9,HK,0.6890243902439024,0.7195121951219512,7,0.030487804878048808,B.template-0,1994,0.030487804878048808
0,HK,0.14285714285714285,0.14285714285714285,7,0.0,B.template-1,1994,0.0
9,HK,0.5792682926829268,0.6158536585365854,7,0.03658536585365857,B.template-1,1994,0.03658536585365857
5,HK,1.0,1.0,8,0.0,B.V,1994,0.0
7,HK,1.0,1.0,8,0.0,B.V,1994,0.0
5,HK,0.0,1.0,8,1.0,B.J,1994,1.0
7,HK,1.0,1.0,8,0.0,B.J,1994,0.0
5,HK,0.0,1.0,8,1.0,B.J1,1994,1.0
7,HK,1.0,1.0,8,0.0,B.J1,1994,0.0
5,HK,0.0,0.0,8,0.0,B.Z,1994,0.0
7,HK,0.09523809523809523,0.09523809523809523,8,0.0,B.Z,1994,0.0
5,HK,0.0,1.0,8,1.0,B.L,1994,1.0
7,HK,1.0,1.0,8,0.0,B.L,1994,0.0
5,HK,0.0,1.0,8,1.0,B.R,1994,1.0
7,HK,1.0,1.0,8,0.0,B.R,1994,0.0
5,HK,0.0,1.0,8,1.0,B.R-no-gate,1994,1.0
7,HK,1.0,1.0,8,0.0,B.R-no-gate,1994,0.0
5,HK,0.0,1.0,8,1.0,B.R-identity,1994,1.0
7,HK,1.0,1.0,8,0.0,B.R-identity,1994,0.0
5,HK,0.0,1.0,8,1.0,B.R-zero-prior,1994,1.0
7,HK,1.0,1.0,8,0.0,B.R-zero-prior,1994,0.0
5,HK,0.0,1.0,8,1.0,B.L-permute,1994,1.0
7,HK,1.0,1.0,8,0.0,B.L-permute,1994,0.0
5,HK,0.0,0.0,8,0.0,B.template-0,1994,0.0
7,HK,0.09523809523809523,0.09523809523809523,8,0.0,B.template-0,1994,0.0
5,HK,0.0,0.0,8,0.0,B.template-1,1994,0.0
7,HK,0.047619047619047616,0.047619047619047616,8,0.0,B.template-1,1994,0.0
18,HK,0.030303030303030304,0.21212121212121213,9,0.18181818181818182,B.V,1994,0.18181818181818182
1,HK,0.8761061946902655,0.9292035398230089,9,0.053097345132743334,B.V,1994,0.053097345132743334
18,HK,0.3939393939393939,0.5151515151515151,9,0.12121212121212122,B.J,1994,0.12121212121212122
1,HK,0.9557522123893806,0.9911504424778761,9,0.03539823008849552,B.J,1994,0.03539823008849552
18,HK,0.3333333333333333,0.45454545454545453,9,0.12121212121212122,B.J1,1994,0.12121212121212122
1,HK,0.9203539823008849,0.9911504424778761,9,0.07079646017699115,B.J1,1994,0.07079646017699115
18,HK,0.0,0.0,9,0.0,B.Z,1994,0.0
1,HK,0.0,0.0,9,0.0,B.Z,1994,0.0
18,HK,0.30303030303030304,0.48484848484848486,9,0.18181818181818182,B.L,1994,0.18181818181818182
1,HK,0.9646017699115044,0.9911504424778761,9,0.026548672566371723,B.L,1994,0.026548672566371723
18,HK,0.3939393939393939,0.5151515151515151,9,0.12121212121212122,B.R,1994,0.12121212121212122
1,HK,0.9557522123893806,0.9911504424778761,9,0.03539823008849552,B.R,1994,0.03539823008849552
18,HK,0.3333333333333333,0.5151515151515151,9,0.18181818181818182,B.R-no-gate,1994,0.18181818181818182
1,HK,0.9557522123893806,0.9911504424778761,9,0.03539823008849552,B.R-no-gate,1994,0.03539823008849552
18,HK,0.3939393939393939,0.5151515151515151,9,0.12121212121212122,B.R-identity,1994,0.12121212121212122
1,HK,0.9557522123893806,0.9911504424778761,9,0.03539823008849552,B.R-identity,1994,0.03539823008849552
18,HK,0.3939393939393939,0.5151515151515151,9,0.12121212121212122,B.R-zero-prior,1994,0.12121212121212122
1,HK,0.9557522123893806,0.9911504424778761,9,0.03539823008849552,B.R-zero-prior,1994,0.03539823008849552
18,HK,0.48484848484848486,0.5454545454545454,9,0.06060606060606055,B.L-permute,1994,0.06060606060606055
1,HK,0.9469026548672567,0.9911504424778761,9,0.04424778761061943,B.L-permute,1994,0.04424778761061943
18,HK,0.0,0.0,9,0.0,B.template-0,1994,0.0
1,HK,0.0,0.0,9,0.0,B.template-0,1994,0.0
18,HK,0.0,0.0,9,0.0,B.template-1,1994,0.0
1,HK,0.0,0.0,9,0.0,B.template-1,1994,0.0
10,HK,0.5066666666666667,0.49333333333333335,10,0.0,B.V,1994,-0.013333333333333364
14,HK,0.7333333333333333,0.75,10,0.01666666666666672,B.V,1994,0.01666666666666672
10,HK,0.7666666666666667,0.7666666666666667,10,0.0,B.J,1994,0.0
14,HK,0.9666666666666667,0.9666666666666667,10,0.0,B.J,1994,0.0
10,HK,0.74,0.7466666666666667,10,0.00666666666666671,B.J1,1994,0.00666666666666671
14,HK,0.9,0.9166666666666666,10,0.016666666666666607,B.J1,1994,0.016666666666666607
10,HK,0.06,0.06,10,0.0,B.Z,1994,0.0
14,HK,0.43333333333333335,0.45,10,0.016666666666666663,B.Z,1994,0.016666666666666663
10,HK,0.6933333333333334,0.7066666666666667,10,0.013333333333333308,B.L,1994,0.013333333333333308
14,HK,0.9666666666666667,0.9666666666666667,10,0.0,B.L,1994,0.0
10,HK,0.7666666666666667,0.7666666666666667,10,0.0,B.R,1994,0.0
14,HK,0.9666666666666667,0.9666666666666667,10,0.0,B.R,1994,0.0
10,HK,0.7666666666666667,0.7666666666666667,10,0.0,B.R-no-gate,1994,0.0
14,HK,0.9333333333333333,0.9666666666666667,10,0.033333333333333326,B.R-no-gate,1994,0.033333333333333326
10,HK,0.7666666666666667,0.7666666666666667,10,0.0,B.R-identity,1994,0.0
14,HK,0.9666666666666667,0.9666666666666667,10,0.0,B.R-identity,1994,0.0
10,HK,0.7666666666666667,0.7666666666666667,10,0.0,B.R-zero-prior,1994,0.0
14,HK,0.9666666666666667,0.9666666666666667,10,0.0,B.R-zero-prior,1994,0.0
10,HK,0.76,0.76,10,0.0,B.L-permute,1994,0.0
14,HK,0.9666666666666667,0.9833333333333333,10,0.016666666666666607,B.L-permute,1994,0.016666666666666607
10,HK,0.07333333333333333,0.07333333333333333,10,0.0,B.template-0,1994,0.0
14,HK,0.5,0.5166666666666667,10,0.01666666666666672,B.template-0,1994,0.01666666666666672
10,HK,0.02,0.02,10,0.0,B.template-1,1994,0.0
14,HK,0.4,0.4166666666666667,10,0.016666666666666663,B.template-1,1994,0.016666666666666663
20,HK,0.030303030303030304,0.030303030303030304,11,0.0,B.V,1994,0.0
8,HK,0.9215686274509803,0.9215686274509803,11,0.0,B.V,1994,0.0
2,HK,0.7802197802197802,0.7802197802197802,11,0.0,B.V,1994,0.0
20,HK,0.19696969696969696,0.19696969696969696,11,0.0,B.J,1994,0.0
8,HK,0.9869281045751634,0.9869281045751634,11,0.0,B.J,1994,0.0
2,HK,0.8021978021978022,0.8021978021978022,11,0.0,B.J,1994,0.0
20,HK,0.12121212121212122,0.12121212121212122,11,0.0,B.J1,1994,0.0
8,HK,0.9803921568627451,0.9803921568627451,11,0.0,B.J1,1994,0.0
2,HK,0.7802197802197802,0.7802197802197802,11,0.0,B.J1,1994,0.0
20,HK,0.09090909090909091,0.09090909090909091,11,0.0,B.Z,1994,0.0
8,HK,0.5032679738562091,0.5032679738562091,11,0.0,B.Z,1994,0.0
2,HK,0.0,0.0,11,0.0,B.Z,1994,0.0
20,HK,0.19696969696969696,0.19696969696969696,11,0.0,B.L,1994,0.0
8,HK,0.9934640522875817,0.9934640522875817,11,0.0,B.L,1994,0.0
2,HK,0.8296703296703297,0.8296703296703297,11,0.0,B.L,1994,0.0
20,HK,0.19696969696969696,0.19696969696969696,11,0.0,B.R,1994,0.0
8,HK,0.9869281045751634,0.9869281045751634,11,0.0,B.R,1994,0.0
2,HK,0.8021978021978022,0.8021978021978022,11,0.0,B.R,1994,0.0
20,HK,0.18181818181818182,0.18181818181818182,11,0.0,B.R-no-gate,1994,0.0
8,HK,0.9869281045751634,0.9869281045751634,11,0.0,B.R-no-gate,1994,0.0
2,HK,0.8021978021978022,0.8021978021978022,11,0.0,B.R-no-gate,1994,0.0
20,HK,0.19696969696969696,0.19696969696969696,11,0.0,B.R-identity,1994,0.0
8,HK,0.9869281045751634,0.9869281045751634,11,0.0,B.R-identity,1994,0.0
2,HK,0.8021978021978022,0.8021978021978022,11,0.0,B.R-identity,1994,0.0
20,HK,0.19696969696969696,0.19696969696969696,11,0.0,B.R-zero-prior,1994,0.0
8,HK,0.9869281045751634,0.9869281045751634,11,0.0,B.R-zero-prior,1994,0.0
2,HK,0.8021978021978022,0.8021978021978022,11,0.0,B.R-zero-prior,1994,0.0
20,HK,0.19696969696969696,0.19696969696969696,11,0.0,B.L-permute,1994,0.0
8,HK,0.9869281045751634,0.9869281045751634,11,0.0,B.L-permute,1994,0.0
2,HK,0.7802197802197802,0.7802197802197802,11,0.0,B.L-permute,1994,0.0
20,HK,0.10606060606060606,0.10606060606060606,11,0.0,B.template-0,1994,0.0
8,HK,0.5294117647058824,0.5294117647058824,11,0.0,B.template-0,1994,0.0
2,HK,0.0,0.0,11,0.0,B.template-0,1994,0.0
20,HK,0.09090909090909091,0.09090909090909091,11,0.0,B.template-1,1994,0.0
8,HK,0.5816993464052288,0.5816993464052288,11,0.0,B.template-1,1994,0.0
2,HK,0.0,0.0,11,0.0,B.template-1,1994,0.0
9,HK,0.9695121951219512,1.0,1,0.030487804878048808,B.V,1995,0.030487804878048808
13,HK,0.95,0.98125,1,0.03125,B.V,1995,0.03125
9,HK,1.0,1.0,1,0.0,B.J,1995,0.0
13,HK,0.95625,0.975,1,0.02499999999999991,B.J,1995,0.018749999999999933
9,HK,1.0,1.0,1,0.0,B.J1,1995,0.0
13,HK,0.9625,0.975,1,0.025000000000000022,B.J1,1995,0.012499999999999956
9,HK,0.6158536585365854,0.8780487804878049,1,0.2621951219512195,B.Z,1995,0.2621951219512195
13,HK,0.68125,0.9375,1,0.25625,B.Z,1995,0.25625
9,HK,1.0,1.0,1,0.0,B.L,1995,0.0
13,HK,0.975,0.975,1,0.006249999999999978,B.L,1995,0.0
9,HK,1.0,1.0,1,0.0,B.R,1995,0.0
13,HK,0.95625,0.975,1,0.02499999999999991,B.R,1995,0.018749999999999933
9,HK,1.0,1.0,1,0.0,B.R-no-gate,1995,0.0
13,HK,0.95625,0.975,1,0.02499999999999991,B.R-no-gate,1995,0.018749999999999933
9,HK,1.0,1.0,1,0.0,B.R-identity,1995,0.0
13,HK,0.95625,0.975,1,0.02499999999999991,B.R-identity,1995,0.018749999999999933
9,HK,1.0,1.0,1,0.0,B.R-zero-prior,1995,0.0
13,HK,0.95625,0.975,1,0.02499999999999991,B.R-zero-prior,1995,0.018749999999999933
9,HK,1.0,1.0,1,0.0,B.L-permute,1995,0.0
13,HK,0.95625,0.975,1,0.02499999999999991,B.L-permute,1995,0.018749999999999933
9,HK,0.6890243902439024,0.8902439024390244,1,0.20121951219512202,B.template-0,1995,0.20121951219512202
13,HK,0.69375,0.9375,1,0.24375000000000002,B.template-0,1995,0.24375000000000002
9,HK,0.5792682926829268,0.8841463414634146,1,0.30487804878048785,B.template-1,1995,0.30487804878048785
13,HK,0.6125,0.925,1,0.3125,B.template-1,1995,0.3125
16,HK,0.5,1.0,2,0.5,B.V,1995,0.5
14,HK,0.7333333333333333,0.9833333333333333,2,0.25,B.V,1995,0.25
16,HK,0.25,1.0,2,0.75,B.J,1995,0.75
14,HK,0.95,1.0,2,0.050000000000000044,B.J,1995,0.050000000000000044
16,HK,0.125,1.0,2,0.875,B.J1,1995,0.875
14,HK,0.8833333333333333,1.0,2,0.1166666666666667,B.J1,1995,0.1166666666666667
16,HK,0.625,0.875,2,0.25,B.Z,1995,0.25
14,HK,0.43333333333333335,0.9333333333333333,2,0.5,B.Z,1995,0.5
16,HK,0.25,1.0,2,0.75,B.L,1995,0.75
14,HK,0.9666666666666667,1.0,2,0.033333333333333326,B.L,1995,0.033333333333333326
16,HK,0.25,1.0,2,0.75,B.R,1995,0.75
14,HK,0.95,1.0,2,0.050000000000000044,B.R,1995,0.050000000000000044
16,HK,0.25,1.0,2,0.75,B.R-no-gate,1995,0.75
14,HK,0.9333333333333333,1.0,2,0.06666666666666665,B.R-no-gate,1995,0.06666666666666665
16,HK,0.25,1.0,2,0.75,B.R-identity,1995,0.75
14,HK,0.95,1.0,2,0.050000000000000044,B.R-identity,1995,0.050000000000000044
16,HK,0.25,1.0,2,0.75,B.R-zero-prior,1995,0.75
14,HK,0.95,1.0,2,0.050000000000000044,B.R-zero-prior,1995,0.050000000000000044
16,HK,0.25,1.0,2,0.75,B.L-permute,1995,0.75
14,HK,0.9666666666666667,1.0,2,0.033333333333333326,B.L-permute,1995,0.033333333333333326
16,HK,0.5,0.875,2,0.375,B.template-0,1995,0.375
14,HK,0.5,0.8666666666666667,2,0.3666666666666667,B.template-0,1995,0.3666666666666667
16,HK,0.5,0.875,2,0.375,B.template-1,1995,0.375
14,HK,0.4,0.9333333333333333,2,0.5333333333333333,B.template-1,1995,0.5333333333333333
15,HK,0.983739837398374,0.983739837398374,3,0.0,B.V,1995,0.0
5,HK,1.0,0.0,3,0.0,B.V,1995,-1.0
15,HK,0.991869918699187,0.991869918699187,3,0.0,B.J,1995,0.0
5,HK,0.0,0.0,3,0.0,B.J,1995,0.0
15,HK,0.991869918699187,0.991869918699187,3,0.0,B.J1,1995,0.0
5,HK,0.0,0.0,3,0.0,B.J1,1995,0.0
15,HK,0.967479674796748,0.975609756097561,3,0.008130081300812941,B.Z,1995,0.008130081300812941
5,HK,0.0,0.0,3,0.0,B.Z,1995,0.0
15,HK,0.991869918699187,0.991869918699187,3,0.0,B.L,1995,0.0
5,HK,0.0,0.0,3,0.0,B.L,1995,0.0
15,HK,0.991869918699187,0.991869918699187,3,0.0,B.R,1995,0.0
5,HK,0.0,0.0,3,0.0,B.R,1995,0.0
15,HK,0.991869918699187,0.991869918699187,3,0.0,B.R-no-gate,1995,0.0
5,HK,0.0,0.0,3,0.0,B.R-no-gate,1995,0.0
15,HK,0.991869918699187,0.991869918699187,3,0.0,B.R-identity,1995,0.0
5,HK,0.0,0.0,3,0.0,B.R-identity,1995,0.0
15,HK,0.991869918699187,0.991869918699187,3,0.0,B.R-zero-prior,1995,0.0
5,HK,0.0,0.0,3,0.0,B.R-zero-prior,1995,0.0
15,HK,0.991869918699187,0.991869918699187,3,0.0,B.L-permute,1995,0.0
5,HK,0.0,0.0,3,0.0,B.L-permute,1995,0.0
15,HK,0.943089430894309,0.9512195121951219,3,0.008130081300812941,B.template-0,1995,0.008130081300812941
5,HK,0.0,0.0,3,0.0,B.template-0,1995,0.0
15,HK,0.967479674796748,0.975609756097561,3,0.008130081300812941,B.template-1,1995,0.008130081300812941
5,HK,0.0,0.0,3,0.0,B.template-1,1995,0.0
12,HK,0.8048780487804879,0.9024390243902439,4,0.09756097560975607,B.V,1995,0.09756097560975607
1,HK,0.8761061946902655,1.0,4,0.12389380530973448,B.V,1995,0.12389380530973448
12,HK,0.8048780487804879,0.9024390243902439,4,0.09756097560975607,B.J,1995,0.09756097560975607
1,HK,0.9646017699115044,1.0,4,0.03539823008849563,B.J,1995,0.03539823008849563
12,HK,0.8536585365853658,0.8780487804878049,4,0.024390243902439046,B.J1,1995,0.024390243902439046
1,HK,0.9203539823008849,1.0,4,0.07964601769911506,B.J1,1995,0.07964601769911506
12,HK,0.0975609756097561,0.43902439024390244,4,0.3414634146341463,B.Z,1995,0.3414634146341463
1,HK,0.0,0.23008849557522124,4,0.23008849557522124,B.Z,1995,0.23008849557522124
12,HK,0.8780487804878049,0.9024390243902439,4,0.024390243902439046,B.L,1995,0.024390243902439046
1,HK,0.9646017699115044,1.0,4,0.03539823008849563,B.L,1995,0.03539823008849563
12,HK,0.8048780487804879,0.9024390243902439,4,0.09756097560975607,B.R,1995,0.09756097560975607
1,HK,0.9646017699115044,1.0,4,0.03539823008849563,B.R,1995,0.03539823008849563
12,HK,0.8536585365853658,0.8780487804878049,4,0.024390243902439046,B.R-no-gate,1995,0.024390243902439046
1,HK,0.9646017699115044,1.0,4,0.03539823008849563,B.R-no-gate,1995,0.03539823008849563
12,HK,0.8292682926829268,0.9024390243902439,4,0.07317073170731714,B.R-identity,1995,0.07317073170731714
1,HK,0.9646017699115044,1.0,4,0.03539823008849563,B.R-identity,1995,0.03539823008849563
12,HK,0.8048780487804879,0.9024390243902439,4,0.09756097560975607,B.R-zero-prior,1995,0.09756097560975607
1,HK,0.9646017699115044,1.0,4,0.03539823008849563,B.R-zero-prior,1995,0.03539823008849563
12,HK,0.8780487804878049,0.8780487804878049,4,0.0,B.L-permute,1995,0.0
1,HK,0.9557522123893806,1.0,4,0.04424778761061943,B.L-permute,1995,0.04424778761061943
12,HK,0.14634146341463414,0.4146341463414634,4,0.2682926829268293,B.template-0,1995,0.2682926829268293
1,HK,0.0,0.17699115044247787,4,0.17699115044247787,B.template-0,1995,0.17699115044247787
12,HK,0.024390243902439025,0.3902439024390244,4,0.36585365853658536,B.template-1,1995,0.36585365853658536
1,HK,0.0,0.07964601769911504,4,0.07964601769911504,B.template-1,1995,0.07964601769911504
8,HK,0.9215686274509803,0.954248366013072,5,0.03267973856209161,B.V,1995,0.03267973856209161
22,HK,0.6666666666666666,0.9047619047619048,5,0.23809523809523814,B.V,1995,0.23809523809523814
8,HK,0.9869281045751634,0.9934640522875817,5,0.006535947712418277,B.J,1995,0.006535947712418277
22,HK,0.7142857142857143,1.0,5,0.2857142857142857,B.J,1995,0.2857142857142857
8,HK,0.9738562091503268,0.9934640522875817,5,0.019607843137254943,B.J1,1995,0.019607843137254943
22,HK,0.7142857142857143,1.0,5,0.2857142857142857,B.J1,1995,0.2857142857142857
8,HK,0.5032679738562091,0.7973856209150327,5,0.2941176470588236,B.Z,1995,0.2941176470588236
22,HK,0.047619047619047616,0.47619047619047616,5,0.42857142857142855,B.Z,1995,0.42857142857142855
8,HK,0.9934640522875817,0.9934640522875817,5,0.0,B.L,1995,0.0
22,HK,0.6666666666666666,1.0,5,0.33333333333333337,B.L,1995,0.33333333333333337
8,HK,0.9869281045751634,0.9934640522875817,5,0.006535947712418277,B.R,1995,0.006535947712418277
22,HK,0.7142857142857143,1.0,5,0.2857142857142857,B.R,1995,0.2857142857142857
8,HK,0.9869281045751634,0.9934640522875817,5,0.006535947712418277,B.R-no-gate,1995,0.006535947712418277
22,HK,0.7142857142857143,1.0,5,0.2857142857142857,B.R-no-gate,1995,0.2857142857142857
8,HK,0.9869281045751634,0.9934640522875817,5,0.006535947712418277,B.R-identity,1995,0.006535947712418277
22,HK,0.7142857142857143,1.0,5,0.2857142857142857,B.R-identity,1995,0.2857142857142857
8,HK,0.9869281045751634,0.9934640522875817,5,0.006535947712418277,B.R-zero-prior,1995,0.006535947712418277
22,HK,0.7142857142857143,1.0,5,0.2857142857142857,B.R-zero-prior,1995,0.2857142857142857
8,HK,0.9869281045751634,0.9934640522875817,5,0.013071895424836555,B.L-permute,1995,0.006535947712418277
22,HK,0.6666666666666666,1.0,5,0.33333333333333337,B.L-permute,1995,0.33333333333333337
8,HK,0.5294117647058824,0.8235294117647058,5,0.2941176470588235,B.template-0,1995,0.2941176470588235
22,HK,0.0,0.5238095238095238,5,0.5238095238095238,B.template-0,1995,0.5238095238095238
8,HK,0.5816993464052288,0.7973856209150327,5,0.21568627450980393,B.template-1,1995,0.21568627450980393
22,HK,0.0,0.5714285714285714,5,0.5714285714285714,B.template-1,1995,0.5714285714285714
19,HK,0.5,0.5,6,0.0,B.V,1995,0.0
17,HK,0.2,0.4,6,0.2,B.V,1995,0.2
19,HK,0.0,0.0,6,0.0,B.J,1995,0.0
17,HK,0.6,0.8,6,0.20000000000000007,B.J,1995,0.20000000000000007
19,HK,0.0,0.0,6,0.0,B.J1,1995,0.0
17,HK,0.6,0.6,6,0.0,B.J1,1995,0.0
19,HK,0.0,0.0,6,0.0,B.Z,1995,0.0
17,HK,0.0,0.0,6,0.0,B.Z,1995,0.0
19,HK,0.0,0.0,6,0.0,B.L,1995,0.0
17,HK,0.6,0.8,6,0.20000000000000007,B.L,1995,0.20000000000000007
19,HK,0.0,0.0,6,0.0,B.R,1995,0.0
17,HK,0.6,0.8,6,0.20000000000000007,B.R,1995,0.20000000000000007
19,HK,0.0,0.0,6,0.0,B.R-no-gate,1995,0.0
17,HK,0.6,0.6,6,0.0,B.R-no-gate,1995,0.0
19,HK,0.0,0.0,6,0.0,B.R-identity,1995,0.0
17,HK,0.6,0.8,6,0.20000000000000007,B.R-identity,1995,0.20000000000000007
19,HK,0.0,0.0,6,0.0,B.R-zero-prior,1995,0.0
17,HK,0.6,0.8,6,0.20000000000000007,B.R-zero-prior,1995,0.20000000000000007
19,HK,0.0,0.0,6,0.0,B.L-permute,1995,0.0
17,HK,0.6,0.6,6,0.0,B.L-permute,1995,0.0
19,HK,0.0,0.0,6,0.0,B.template-0,1995,0.0
17,HK,0.0,0.0,6,0.0,B.template-0,1995,0.0
19,HK,0.0,0.0,6,0.0,B.template-1,1995,0.0
17,HK,0.2,0.2,6,0.0,B.template-1,1995,0.0
18,HK,0.030303030303030304,0.09090909090909091,7,0.06060606060606061,B.V,1995,0.06060606060606061
6,HK,0.0,0.0,7,0.0,B.V,1995,0.0
18,HK,0.3939393939393939,0.5151515151515151,7,0.12121212121212122,B.J,1995,0.12121212121212122
6,HK,0.0,0.0,7,0.0,B.J,1995,0.0
18,HK,0.36363636363636365,0.45454545454545453,7,0.09090909090909088,B.J1,1995,0.09090909090909088
6,HK,0.0,0.0,7,0.0,B.J1,1995,0.0
18,HK,0.0,0.0,7,0.0,B.Z,1995,0.0
6,HK,0.0,0.0,7,0.0,B.Z,1995,0.0
18,HK,0.2727272727272727,0.5151515151515151,7,0.24242424242424243,B.L,1995,0.24242424242424243
6,HK,0.0,0.0,7,0.0,B.L,1995,0.0
18,HK,0.3939393939393939,0.5151515151515151,7,0.12121212121212122,B.R,1995,0.12121212121212122
6,HK,0.0,0.0,7,0.0,B.R,1995,0.0
18,HK,0.3939393939393939,0.5151515151515151,7,0.12121212121212122,B.R-no-gate,1995,0.12121212121212122
6,HK,0.0,0.0,7,0.0,B.R-no-gate,1995,0.0
18,HK,0.3939393939393939,0.5151515151515151,7,0.12121212121212122,B.R-identity,1995,0.12121212121212122
6,HK,0.0,0.0,7,0.0,B.R-identity,1995,0.0
18,HK,0.3939393939393939,0.5151515151515151,7,0.12121212121212122,B.R-zero-prior,1995,0.12121212121212122
6,HK,0.0,0.0,7,0.0,B.R-zero-prior,1995,0.0
18,HK,0.48484848484848486,0.5454545454545454,7,0.06060606060606055,B.L-permute,1995,0.06060606060606055
6,HK,0.0,0.0,7,0.0,B.L-permute,1995,0.0
18,HK,0.0,0.0,7,0.0,B.template-0,1995,0.0
6,HK,0.0,0.0,7,0.0,B.template-0,1995,0.0
18,HK,0.0,0.030303030303030304,7,0.030303030303030304,B.template-1,1995,0.030303030303030304
6,HK,0.0,0.0,7,0.0,B.template-1,1995,0.0
20,HK,0.030303030303030304,0.09090909090909091,8,0.06060606060606061,B.V,1995,0.06060606060606061
0,HK,0.5714285714285714,0.7142857142857143,8,0.1428571428571429,B.V,1995,0.1428571428571429
20,HK,0.18181818181818182,0.3333333333333333,8,0.1515151515151515,B.J,1995,0.1515151515151515
0,HK,0.5714285714285714,0.7142857142857143,8,0.1428571428571429,B.J,1995,0.1428571428571429
20,HK,0.10606060606060606,0.2878787878787879,8,0.18181818181818182,B.J1,1995,0.18181818181818182
0,HK,0.7142857142857143,0.7142857142857143,8,0.0,B.J1,1995,0.0
20,HK,0.09090909090909091,0.12121212121212122,8,0.030303030303030304,B.Z,1995,0.030303030303030304
0,HK,0.2857142857142857,0.42857142857142855,8,0.14285714285714285,B.Z,1995,0.14285714285714285
20,HK,0.19696969696969696,0.3484848484848485,8,0.15151515151515155,B.L,1995,0.15151515151515155
0,HK,0.5714285714285714,0.5714285714285714,8,0.0,B.L,1995,0.0
20,HK,0.18181818181818182,0.3484848484848485,8,0.16666666666666669,B.R,1995,0.16666666666666669
0,HK,0.5714285714285714,0.7142857142857143,8,0.1428571428571429,B.R,1995,0.1428571428571429
20,HK,0.18181818181818182,0.3333333333333333,8,0.1515151515151515,B.R-no-gate,1995,0.1515151515151515
0,HK,0.7142857142857143,0.7142857142857143,8,0.0,B.R-no-gate,1995,0.0
20,HK,0.18181818181818182,0.3484848484848485,8,0.16666666666666669,B.R-identity,1995,0.16666666666666669
0,HK,0.5714285714285714,0.7142857142857143,8,0.1428571428571429,B.R-identity,1995,0.1428571428571429
20,HK,0.18181818181818182,0.3333333333333333,8,0.1515151515151515,B.R-zero-prior,1995,0.1515151515151515
0,HK,0.5714285714285714,0.7142857142857143,8,0.1428571428571429,B.R-zero-prior,1995,0.1428571428571429
20,HK,0.18181818181818182,0.3484848484848485,8,0.16666666666666669,B.L-permute,1995,0.16666666666666669
0,HK,0.5714285714285714,0.7142857142857143,8,0.1428571428571429,B.L-permute,1995,0.1428571428571429
20,HK,0.10606060606060606,0.10606060606060606,8,0.0,B.template-0,1995,0.0
0,HK,0.5714285714285714,0.5714285714285714,8,0.0,B.template-0,1995,0.0
20,HK,0.09090909090909091,0.12121212121212122,8,0.030303030303030304,B.template-1,1995,0.030303030303030304
0,HK,0.14285714285714285,0.2857142857142857,8,0.14285714285714285,B.template-1,1995,0.14285714285714285
3,HK,0.7643312101910829,0.9936305732484076,9,0.2292993630573248,B.V,1995,0.2292993630573248
11,HK,0.04918032786885246,0.21311475409836064,9,0.16393442622950818,B.V,1995,0.16393442622950818
3,HK,0.8407643312101911,1.0,9,0.15923566878980888,B.J,1995,0.15923566878980888
11,HK,0.19672131147540983,0.5409836065573771,9,0.34426229508196726,B.J,1995,0.34426229508196726
3,HK,0.8280254777070064,1.0,9,0.1719745222929936,B.J1,1995,0.1719745222929936
11,HK,0.18032786885245902,0.47540983606557374,9,0.29508196721311475,B.J1,1995,0.29508196721311475
3,HK,0.36942675159235666,0.6751592356687898,9,0.3057324840764331,B.Z,1995,0.3057324840764331
11,HK,0.36065573770491804,0.36065573770491804,9,0.0,B.Z,1995,0.0
3,HK,0.8152866242038217,0.9936305732484076,9,0.17834394904458595,B.L,1995,0.17834394904458595
11,HK,0.3114754098360656,0.5573770491803278,9,0.24590163934426224,B.L,1995,0.24590163934426224
3,HK,0.8407643312101911,1.0,9,0.15923566878980888,B.R,1995,0.15923566878980888
11,HK,0.19672131147540983,0.5409836065573771,9,0.34426229508196726,B.R,1995,0.34426229508196726
3,HK,0.8407643312101911,1.0,9,0.15923566878980888,B.R-no-gate,1995,0.15923566878980888
11,HK,0.21311475409836064,0.5409836065573771,9,0.3278688524590164,B.R-no-gate,1995,0.3278688524590164
3,HK,0.8407643312101911,1.0,9,0.15923566878980888,B.R-identity,1995,0.15923566878980888
11,HK,0.19672131147540983,0.5409836065573771,9,0.34426229508196726,B.R-identity,1995,0.34426229508196726
3,HK,0.8407643312101911,1.0,9,0.15923566878980888,B.R-zero-prior,1995,0.15923566878980888
11,HK,0.19672131147540983,0.5409836065573771,9,0.34426229508196726,B.R-zero-prior,1995,0.34426229508196726
3,HK,0.8089171974522293,0.9936305732484076,9,0.19108280254777066,B.L-permute,1995,0.1847133757961783
11,HK,0.13114754098360656,0.4426229508196721,9,0.3114754098360656,B.L-permute,1995,0.3114754098360656
3,HK,0.3821656050955414,0.6114649681528662,9,0.2292993630573248,B.template-0,1995,0.2292993630573248
11,HK,0.26229508196721313,0.26229508196721313,9,0.0,B.template-0,1995,0.0
3,HK,0.2929936305732484,0.6878980891719745,9,0.3949044585987261,B.template-1,1995,0.3949044585987261
11,HK,0.3442622950819672,0.3442622950819672,9,0.0,B.template-1,1995,0.0
2,HK,0.7802197802197802,0.978021978021978,10,0.19780219780219777,B.V,1995,0.19780219780219777
21,HK,0.0,0.0,10,0.0,B.V,1995,0.0
2,HK,0.8021978021978022,0.989010989010989,10,0.18681318681318682,B.J,1995,0.18681318681318682
21,HK,0.0,0.0,10,0.0,B.J,1995,0.0
2,HK,0.7802197802197802,0.9835164835164835,10,0.20329670329670324,B.J1,1995,0.20329670329670324
21,HK,0.25,0.25,10,0.0,B.J1,1995,0.0
2,HK,0.0,0.0,10,0.0,B.Z,1995,0.0
21,HK,0.25,0.25,10,0.0,B.Z,1995,0.0
2,HK,0.8296703296703297,0.989010989010989,10,0.15934065934065933,B.L,1995,0.15934065934065933
21,HK,0.0,0.0,10,0.0,B.L,1995,0.0
2,HK,0.8021978021978022,0.989010989010989,10,0.18681318681318682,B.R,1995,0.18681318681318682
21,HK,0.0,0.0,10,0.0,B.R,1995,0.0
2,HK,0.7967032967032966,0.989010989010989,10,0.1923076923076924,B.R-no-gate,1995,0.1923076923076924
21,HK,0.0,0.0,10,0.0,B.R-no-gate,1995,0.0
2,HK,0.8021978021978022,0.989010989010989,10,0.18681318681318682,B.R-identity,1995,0.18681318681318682
21,HK,0.0,0.0,10,0.0,B.R-identity,1995,0.0
2,HK,0.8021978021978022,0.989010989010989,10,0.18681318681318682,B.R-zero-prior,1995,0.18681318681318682
21,HK,0.0,0.0,10,0.0,B.R-zero-prior,1995,0.0
2,HK,0.7802197802197802,1.0,10,0.21978021978021978,B.L-permute,1995,0.21978021978021978
21,HK,0.0,0.0,10,0.0,B.L-permute,1995,0.0
2,HK,0.0,0.0,10,0.0,B.template-0,1995,0.0
21,HK,0.25,0.25,10,0.0,B.template-0,1995,0.0
2,HK,0.0,0.0,10,0.0,B.template-1,1995,0.0
21,HK,0.25,0.25,10,0.0,B.template-1,1995,0.0
4,HK,0.7575757575757576,0.7575757575757576,11,0.0,B.V,1995,0.0
10,HK,0.5066666666666667,0.5066666666666667,11,0.0,B.V,1995,0.0
7,HK,1.0,1.0,11,0.0,B.V,1995,0.0
4,HK,0.8606060606060606,0.8606060606060606,11,0.0,B.J,1995,0.0
10,HK,0.7533333333333333,0.7533333333333333,11,0.0,B.J,1995,0.0
7,HK,1.0,1.0,11,0.0,B.J,1995,0.0
4,HK,0.8484848484848485,0.8484848484848485,11,0.0,B.J1,1995,0.0
10,HK,0.7533333333333333,0.7533333333333333,11,0.0,B.J1,1995,0.0
7,HK,1.0,1.0,11,0.0,B.J1,1995,0.0
4,HK,0.8363636363636363,0.8363636363636363,11,0.0,B.Z,1995,0.0
10,HK,0.06,0.06,11,0.0,B.Z,1995,0.0
7,HK,0.09523809523809523,0.09523809523809523,11,0.0,B.Z,1995,0.0
4,HK,0.8666666666666667,0.8666666666666667,11,0.0,B.L,1995,0.0
10,HK,0.7,0.7,11,0.0,B.L,1995,0.0
7,HK,1.0,1.0,11,0.0,B.L,1995,0.0
4,HK,0.8606060606060606,0.8606060606060606,11,0.0,B.R,1995,0.0
10,HK,0.7533333333333333,0.7533333333333333,11,0.0,B.R,1995,0.0
7,HK,1.0,1.0,11,0.0,B.R,1995,0.0
4,HK,0.8606060606060606,0.8606060606060606,11,0.0,B.R-no-gate,1995,0.0
10,HK,0.7666666666666667,0.7666666666666667,11,0.0,B.R-no-gate,1995,0.0
7,HK,1.0,1.0,11,0.0,B.R-no-gate,1995,0.0
4,HK,0.8606060606060606,0.8606060606060606,11,0.0,B.R-identity,1995,0.0
10,HK,0.76,0.76,11,0.0,B.R-identity,1995,0.0
7,HK,1.0,1.0,11,0.0,B.R-identity,1995,0.0
4,HK,0.8606060606060606,0.8606060606060606,11,0.0,B.R-zero-prior,1995,0.0
10,HK,0.7533333333333333,0.7533333333333333,11,0.0,B.R-zero-prior,1995,0.0
7,HK,1.0,1.0,11,0.0,B.R-zero-prior,1995,0.0
4,HK,0.896969696969697,0.896969696969697,11,0.0,B.L-permute,1995,0.0
10,HK,0.7466666666666667,0.7466666666666667,11,0.0,B.L-permute,1995,0.0
7,HK,1.0,1.0,11,0.0,B.L-permute,1995,0.0
4,HK,0.7090909090909091,0.7090909090909091,11,0.0,B.template-0,1995,0.0
10,HK,0.07333333333333333,0.07333333333333333,11,0.0,B.template-0,1995,0.0
7,HK,0.09523809523809523,0.09523809523809523,11,0.0,B.template-0,1995,0.0
4,HK,0.9030303030303031,0.9030303030303031,11,0.0,B.template-1,1995,0.0
10,HK,0.02,0.02,11,0.0,B.template-1,1995,0.0
7,HK,0.047619047619047616,0.047619047619047616,11,0.0,B.template-1,1995,0.0
