accuracy,ba,current_ba,current_to_old,dataset,hm,macro_f1,method,old_ba,old_to_current,seed,seen_classes,tail_ba,task,zero_recall
0.9411764705882353,0.9406873614190687,0.9406873614190687,0,ISIC,nan,0.9410459148286863,G.V,nan,0,1993,2,nan,1,0
0.9764705882352941,0.975609756097561,0.975609756097561,0,ISIC,nan,0.9763888888888889,G.J,nan,0,1993,2,nan,1,0
0.9764705882352941,0.975609756097561,0.975609756097561,0,ISIC,nan,0.9763888888888889,G.J1,nan,0,1993,2,nan,1,0
0.7176470588235294,0.7172949002217295,0.7172949002217295,0,ISIC,nan,0.7172949002217295,G.Z,nan,0,1993,2,nan,1,0
0.9764705882352941,0.975609756097561,0.975609756097561,0,ISIC,nan,0.9763888888888889,G.L,nan,0,1993,2,nan,1,0
0.9764705882352941,0.975609756097561,0.975609756097561,0,ISIC,nan,0.9763888888888889,G.R,nan,0,1993,2,nan,1,0
0.9764705882352941,0.975609756097561,0.975609756097561,0,ISIC,nan,0.9763888888888889,G.R-no-gate,nan,0,1993,2,nan,1,0
0.9764705882352941,0.975609756097561,0.975609756097561,0,ISIC,nan,0.9763888888888889,G.R-identity,nan,0,1993,2,nan,1,0
0.9764705882352941,0.975609756097561,0.975609756097561,0,ISIC,nan,0.9763888888888889,G.R-zero-prior,nan,0,1993,2,nan,1,0
0.9764705882352941,0.975609756097561,0.975609756097561,0,ISIC,nan,0.9763888888888889,G.L-permute,nan,0,1993,2,nan,1,0
0.6470588235294118,0.6491130820399114,0.6491130820399114,0,ISIC,nan,0.6466186252771619,G.template-0,nan,0,1993,2,nan,1,0
0.7647058823529411,0.7627494456762749,0.7627494456762749,0,ISIC,nan,0.7630992196209587,G.template-1,nan,0,1993,2,nan,1,0
0.9529411764705882,0.9528824833702882,0.9528824833702882,0,ISIC,nan,0.9528824833702882,P,nan,0,1993,2,nan,1,0
0.9764705882352941,0.975609756097561,0.975609756097561,0,ISIC,nan,0.9763888888888889,F,nan,0,1993,2,nan,1,0
0.9764705882352941,0.975609756097561,0.975609756097561,0,ISIC,nan,0.9763888888888889,F2,nan,0,1993,2,nan,1,0
0.6778523489932886,0.6565271618625277,0.5625,22,ISIC,0.6430606860158312,0.66195123258158,G.V,0.7505543237250555,19,1993,4,0.5,2,0
0.7583892617449665,0.7293652993348115,0.6375,17,ISIC,0.7177946457411032,0.7445326278659611,G.J,0.8212305986696231,15,1993,4,0.5,2,0
0.7516778523489933,0.7267137841832964,0.6208333333333333,19,ISIC,0.7112872571018122,0.739509645936325,G.J1,0.8325942350332594,13,1993,4,0.5416666666666666,2,0
0.3087248322147651,0.27427937915742795,0.275,30,ISIC,0.2742774858528699,0.21768240172433534,G.Z,0.2735587583148559,48,1993,4,0.0,2,1
0.7583892617449665,0.7293652993348115,0.6375,17,ISIC,0.7177946457411032,0.7445326278659611,G.L,0.8212305986696231,15,1993,4,0.5,2,0
0.7651006711409396,0.7397819660014782,0.6583333333333333,17,ISIC,0.7308146214751355,0.7554767180235344,G.R,0.8212305986696231,15,1993,4,0.5416666666666666,2,0
0.7651006711409396,0.7397819660014782,0.6583333333333333,17,ISIC,0.7308146214751355,0.7554767180235344,G.R-no-gate,0.8212305986696231,15,1993,4,0.5416666666666666,2,0
0.7651006711409396,0.7397819660014782,0.6583333333333333,17,ISIC,0.7308146214751355,0.7554767180235344,G.R-identity,0.8212305986696231,15,1993,4,0.5416666666666666,2,0
0.7651006711409396,0.7397819660014782,0.6583333333333333,17,ISIC,0.7308146214751355,0.7554767180235344,G.R-zero-prior,0.8212305986696231,15,1993,4,0.5416666666666666,2,0
0.7651006711409396,0.7356152993348115,0.65,16,ISIC,0.7256508797709205,0.7505155338488672,G.L-permute,0.8212305986696231,15,1993,4,0.5,2,0
0.28859060402684567,0.2596590909090909,0.3375,23,ISIC,0.23632385120350113,0.18622122762148335,G.template-0,0.18181818181818182,57,1993,4,0.0,2,2
0.3624161073825503,0.31844512195121955,0.2375,36,ISIC,0.29786979415988507,0.25817681606977927,G.template-1,0.39939024390243905,39,1993,4,0.0,2,1
0.7046979865771812,0.6786446784922394,0.5125,23,ISIC,0.6379694104674194,0.6825787558647984,P,0.8447893569844789,11,1993,4,0.5,2,0
0.7583892617449665,0.736409830007391,0.6166666666666667,20,ISIC,0.7169391160345758,0.7485415646692333,F,0.8561529933481153,12,1993,4,0.5833333333333334,2,0
0.7449664429530202,0.7244780118255728,0.6041666666666667,21,ISIC,0.7044983581470973,0.7371055672683235,F2,0.8447893569844789,13,1993,4,0.5833333333333334,2,0
0.6367924528301887,0.6308714330055794,0.7047817047817049,21,ISIC,0.6446169005696256,0.6290714560064404,G.V,0.5939162971175167,18,1993,6,0.6490384615384616,3,0
0.6981132075471698,0.6950735231223036,0.7182952182952183,20,ISIC,0.7004461667469941,0.7093635436122702,G.J,0.6834626755358463,16,1993,6,0.7323717948717949,3,0
0.6886792452830188,0.6869157256352377,0.7182952182952183,20,ISIC,0.6939633769719797,0.6989293125286334,G.J1,0.6712259793052475,14,1993,6,0.7323717948717949,3,0
0.22641509433962265,0.19978973728973734,0.09823284823284824,40,ISIC,0.14113505440580332,0.1581838451403669,G.Z,0.25056818181818186,19,1993,6,0.057692307692307696,3,2
0.7075471698113207,0.6998108269449733,0.7047817047817049,21,ISIC,0.7010337202939263,0.7142067399102036,G.L,0.6973253880266076,13,1993,6,0.7115384615384616,3,0
0.6981132075471698,0.6950735231223036,0.7182952182952183,20,ISIC,0.7004461667469941,0.7093635436122702,G.R,0.6834626755358463,16,1993,6,0.7323717948717949,3,0
0.7028301886792453,0.6995780276268082,0.7318087318087318,19,ISIC,0.70680994645533,0.7137015825393501,G.R-no-gate,0.6834626755358463,16,1993,6,0.7323717948717949,3,0
0.6981132075471698,0.6950735231223036,0.7182952182952183,20,ISIC,0.7004461667469941,0.7093635436122702,G.R-identity,0.6834626755358463,16,1993,6,0.7323717948717949,3,0
0.6981132075471698,0.6950735231223036,0.7182952182952183,20,ISIC,0.7004461667469941,0.7093635436122702,G.R-zero-prior,0.6834626755358463,16,1993,6,0.7323717948717949,3,0
0.7122641509433962,0.7077490589685711,0.7182952182952183,20,ISIC,0.7102975310231536,0.724131754543941,G.L-permute,0.7024759793052475,16,1993,6,0.7323717948717949,3,0
0.19811320754716982,0.17676557676557678,0.07120582120582121,45,ISIC,0.10869428602849916,0.13373087611719234,G.template-0,0.22954545454545455,16,1993,6,0.057692307692307696,3,2
0.25943396226415094,0.22320209728746312,0.079002079002079,42,ISIC,0.12465519355459702,0.175073314145048,G.template-1,0.2953021064301552,16,1993,6,0.038461538461538464,3,1
0.6462264150943396,0.6473147119488583,0.6855509355509355,21,ISIC,0.655621807445972,0.6514766504661487,P,0.6281966001478196,16,1993,6,0.7131410256410255,3,0
0.6886792452830188,0.6897951294292758,0.7182952182952183,20,ISIC,0.6962645622311208,0.7031753625204368,F,0.6755450849963045,13,1993,6,0.7532051282051282,3,0
0.6839622641509434,0.6860811604714044,0.7182952182952183,20,ISIC,0.693293725934439,0.6944991846789024,F2,0.6699741315594975,13,1993,6,0.7532051282051282,3,0
0.5186440677966102,0.5293695076204354,0.43595769682726204,44,ISIC,0.4904484808920892,0.518530239851596,G.V,0.5605067778848266,29,1993,8,0.6490384615384616,4,0
0.5966101694915255,0.6031505077601313,0.4985311398354877,38,ISIC,0.5597172367500634,0.6119566731910092,G.J,0.6380236304016792,24,1993,8,0.6923076923076923,4,0
0.5932203389830508,0.6027716194603787,0.4767920094007051,40,ISIC,0.5481999781558026,0.6082502383437977,G.J1,0.6447648228136033,23,1993,8,0.7131410256410255,4,0
0.17966101694915254,0.17113309722005376,0.213572267920094,64,ISIC,0.18095908783691386,0.13314526001497182,G.Z,0.156986706986707,41,1993,8,0.057692307692307696,4,2
0.6033898305084746,0.6101087931085281,0.4903055229142186,39,ISIC,0.5589865067908839,0.6173693220211399,G.L,0.6500432165066311,20,1993,8,0.6923076923076923,4,0
0.5966101694915255,0.6031505077601313,0.4985311398354877,38,ISIC,0.5597172367500634,0.6119566731910092,G.R,0.6380236304016792,24,1993,8,0.6923076923076923,4,0
0.6,0.6058678990644791,0.509400705052879,37,ISIC,0.5665030401124594,0.6143037104646125,G.R-no-gate,0.6380236304016792,24,1993,8,0.6923076923076923,4,0
0.5966101694915255,0.6031505077601313,0.4985311398354877,38,ISIC,0.5597172367500634,0.6119566731910092,G.R-identity,0.6380236304016792,24,1993,8,0.6923076923076923,4,0
0.5966101694915255,0.6031505077601313,0.4985311398354877,38,ISIC,0.5597172367500634,0.6119566731910092,G.R-zero-prior,0.6380236304016792,24,1993,8,0.6923076923076923,4,0
0.6033898305084746,0.6110312926590763,0.5173325499412456,36,ISIC,0.5730684876978787,0.6168658254926898,G.L-permute,0.6422642068983532,20,1993,8,0.6923076923076923,4,0
0.1694915254237288,0.16248050935550934,0.21621621621621623,63,ISIC,0.17327822672488813,0.11855207135298858,G.template-0,0.14456860706860708,46,1993,8,0.057692307692307696,4,3
0.2033898305084746,0.18608547425819433,0.2382491186839013,62,ISIC,0.19752980757486052,0.1603256429629294,G.template-1,0.16869759278295862,39,1993,8,0.038461538461538464,4,1
0.5423728813559322,0.5549726359343273,0.47414806110458285,42,ISIC,0.5225326034133322,0.5555991004063034,P,0.5819141608775755,26,1993,8,0.7115384615384616,4,0
0.5796610169491525,0.5899420215698052,0.4767920094007051,42,ISIC,0.5419212440306077,0.5954243643615824,F,0.6276586922928387,23,1993,8,0.7131410256410255,4,0
0.5728813559322034,0.5859832263000344,0.4632784958871915,43,ISIC,0.5328050374569948,0.5892542368603717,F2,0.6268848031043153,22,1993,8,0.733974358974359,4,0
0.8125,0.7666666666666666,0.7666666666666666,0,ISIC,nan,0.7818181818181817,G.V,nan,0,1994,2,0.5833333333333334,1,0
0.796875,0.7291666666666666,0.7291666666666666,0,ISIC,nan,0.7443932411674348,G.J,nan,0,1994,2,0.4583333333333333,1,0
0.828125,0.7791666666666667,0.7791666666666667,0,ISIC,nan,0.7971766061653702,G.J1,nan,0,1994,2,0.5833333333333334,1,0
0.609375,0.5041666666666667,0.5041666666666667,0,ISIC,nan,0.44270289097875304,G.Z,nan,0,1994,2,0.08333333333333333,1,0
0.796875,0.7291666666666666,0.7291666666666666,0,ISIC,nan,0.7443932411674348,G.L,nan,0,1994,2,0.4583333333333333,1,0
0.796875,0.7291666666666666,0.7291666666666666,0,ISIC,nan,0.7443932411674348,G.R,nan,0,1994,2,0.4583333333333333,1,0
0.796875,0.7291666666666666,0.7291666666666666,0,ISIC,nan,0.7443932411674348,G.R-no-gate,nan,0,1994,2,0.4583333333333333,1,0
0.796875,0.7291666666666666,0.7291666666666666,0,ISIC,nan,0.7443932411674348,G.R-identity,nan,0,1994,2,0.4583333333333333,1,0
0.796875,0.7291666666666666,0.7291666666666666,0,ISIC,nan,0.7443932411674348,G.R-zero-prior,nan,0,1994,2,0.4583333333333333,1,0
0.828125,0.7708333333333333,0.7708333333333333,0,ISIC,nan,0.7909117909117909,G.L-permute,nan,0,1994,2,0.5416666666666666,1,0
0.609375,0.4958333333333333,0.4958333333333333,0,ISIC,nan,0.4132746607994133,G.template-0,nan,0,1994,2,0.041666666666666664,1,0
0.59375,0.5,0.5,0,ISIC,nan,0.4583333333333333,G.template-1,nan,0,1994,2,0.125,1,0
0.8125,0.7583333333333333,0.7583333333333333,0,ISIC,nan,0.775438596491228,P,nan,0,1994,2,0.5416666666666666,1,0
0.796875,0.7375,0.7375,0,ISIC,nan,0.752895752895753,F,nan,0,1994,2,0.5,1,0
0.78125,0.7333333333333334,0.7333333333333334,0,ISIC,nan,0.7454545454545455,F2,nan,0,1994,2,0.5416666666666666,1,0
0.6197183098591549,0.6098316304108987,0.5738299274884641,11,ISIC,0.6077062526038441,0.620146708908893,G.V,0.6458333333333333,13,1994,4,0.5416666666666666,2,0
0.5774647887323944,0.5602395078004834,0.4871456822676335,13,ISIC,0.5507030376718374,0.5677191166321601,G.J,0.6333333333333333,13,1994,4,0.4166666666666667,2,0
0.6056338028169014,0.5975870687760931,0.499340804218853,13,ISIC,0.5814348978142616,0.606526728030133,G.J1,0.6958333333333333,10,1994,4,0.5416666666666666,2,0
0.2323943661971831,0.21244369369369367,0.05405405405405406,68,ISIC,0.09435462496686987,0.1457142857142857,G.Z,0.3708333333333333,16,1994,4,0.041666666666666664,2,1
0.5563380281690141,0.5369685234014503,0.4614370468029005,14,ISIC,0.5263440571459262,0.5420426065162907,G.L,0.6125,12,1994,4,0.375,2,0
0.5774647887323944,0.5602395078004834,0.4871456822676335,13,ISIC,0.5507030376718374,0.5677191166321601,G.R,0.6333333333333333,13,1994,4,0.4166666666666667,2,0
0.5915492957746479,0.5810728411338167,0.4871456822676335,13,ISIC,0.5658900438179781,0.5908312447786132,G.R-no-gate,0.675,13,1994,4,0.5,2,0
0.5774647887323944,0.5602395078004834,0.4871456822676335,13,ISIC,0.5507030376718374,0.5677191166321601,G.R-identity,0.6333333333333333,13,1994,4,0.4166666666666667,2,0
0.5774647887323944,0.5602395078004834,0.4871456822676335,13,ISIC,0.5507030376718374,0.5677191166321601,G.R-zero-prior,0.6333333333333333,13,1994,4,0.4166666666666667,2,0
0.5774647887323944,0.5685728411338168,0.4871456822676335,13,ISIC,0.5569113938726413,0.5809919884277289,G.L-permute,0.65,15,1994,4,0.5,2,0
0.23943661971830985,0.21768018018018018,0.02702702702702703,72,ISIC,0.05069839627521987,0.1339629120879121,G.template-0,0.4083333333333333,12,1994,4,0.041666666666666664,2,1
0.24647887323943662,0.22895792133597012,0.06624917600527357,66,ISIC,0.11332909463885123,0.17280154486036836,G.template-1,0.39166666666666666,16,1994,4,0.08333333333333333,2,0
0.5915492957746479,0.5855938255328499,0.5128543177323666,14,ISIC,0.5765584912032196,0.5934757659036258,P,0.6583333333333333,13,1994,4,0.5416666666666666,2,0
0.6126760563380281,0.6045457042408262,0.5507580751483191,12,ISIC,0.5997601123110544,0.6157615366080471,F,0.6583333333333333,14,1994,4,0.5416666666666666,2,0
0.5845070422535211,0.5790389474840695,0.5372445616348056,13,ISIC,0.5760222752962886,0.5879212386403121,F2,0.6208333333333333,16,1994,4,0.5416666666666666,2,0
0.5650224215246636,0.549919015467796,0.6544840294840295,17,ISIC,0.5653838058582847,0.5524917807575791,G.V,0.4976365084596792,23,1994,6,0.4166666666666667,3,0
0.5874439461883408,0.5712934386714875,0.6815110565110565,16,ISIC,0.5874372537393848,0.5800621811285276,G.J,0.516184629751703,14,1994,6,0.4166666666666667,3,0
0.5919282511210763,0.5811502466990272,0.667997542997543,17,ISIC,0.5958245908134654,0.5875893854617259,G.J1,0.5377265985497692,19,1994,6,0.5,3,0
0.21973094170403587,0.20532350532350532,0.35042997542997545,25,ISIC,0.19257723050705955,0.16690280184814754,G.Z,0.13277027027027027,41,1994,6,0.0,3,2
0.6053811659192825,0.5878584793218941,0.667997542997543,16,ISIC,0.6019505461943652,0.5959082260467587,G.L,0.5477889474840695,13,1994,6,0.4166666666666667,3,0
0.5874439461883408,0.5712934386714875,0.6815110565110565,16,ISIC,0.5874372537393848,0.5800621811285276,G.R,0.516184629751703,14,1994,6,0.4166666666666667,3,0
0.5874439461883408,0.5712934386714875,0.6815110565110565,16,ISIC,0.5874372537393848,0.5800621811285276,G.R-no-gate,0.516184629751703,14,1994,6,0.4166666666666667,3,0
0.5874439461883408,0.5712934386714875,0.6815110565110565,16,ISIC,0.5874372537393848,0.5800621811285276,G.R-identity,0.516184629751703,14,1994,6,0.4166666666666667,3,0
0.5874439461883408,0.5712934386714875,0.6815110565110565,16,ISIC,0.5874372537393848,0.5800621811285276,G.R-zero-prior,0.516184629751703,14,1994,6,0.4166666666666667,3,0
0.5964125560538116,0.5803024476804964,0.7085380835380835,17,ISIC,0.5972559573646912,0.5911907392642528,G.L-permute,0.516184629751703,12,1994,6,0.4166666666666667,3,0
0.21076233183856502,0.19740990990990992,0.34121621621621623,26,ISIC,0.18351331787813874,0.1501625406351588,G.template-0,0.12550675675675677,40,1994,6,0.0,3,2
0.23318385650224216,0.21443563852100436,0.3780712530712531,24,ISIC,0.1963581802644758,0.18230144078504737,G.template-1,0.13261783124588003,48,1994,6,0.0,3,1
0.5650224215246636,0.5554548450889915,0.6182432432432432,19,ISIC,0.567269281833229,0.5634278510510996,P,0.5240606460118655,17,1994,6,0.5,3,0
0.547085201793722,0.5388898044385849,0.6182432432432432,19,ISIC,0.5523886866119814,0.5460184279191128,F,0.4992130850362557,16,1994,6,0.5,3,0
0.5560538116591929,0.5504733391928515,0.6182432432432432,19,ISIC,0.5628628447529045,0.554061002874909,F2,0.5165883871676555,18,1994,6,0.5416666666666666,3,0
0.5186440677966102,0.5293695076204354,0.6137123745819398,31,ISIC,0.5518125053516868,0.518530239851596,G.V,0.5012552186332674,22,1994,8,0.6490384615384616,4,0
0.5661016949152542,0.5721868079304453,0.6488294314381271,27,ISIC,0.5933666773352746,0.5802779913261766,G.J,0.546639266761218,18,1994,8,0.6506410256410257,4,0
0.5661016949152542,0.5753165663392333,0.6789297658862876,26,ISIC,0.6020304306774292,0.5770033660381297,G.J1,0.5407788331568818,19,1994,8,0.6907051282051282,4,0
0.17966101694915254,0.17113309722005376,0.068561872909699,65,ISIC,0.10279748534350504,0.1331452600149718,G.Z,0.20532350532350532,13,1994,8,0.057692307692307696,4,2
0.576271186440678,0.583170072018826,0.657190635451505,29,ISIC,0.6038374135964526,0.5881968874050436,G.L,0.5584965508745996,15,1994,8,0.6698717948717949,4,0
0.5661016949152542,0.5721868079304453,0.6488294314381271,27,ISIC,0.5933666773352746,0.5802779913261766,G.R,0.546639266761218,18,1994,8,0.6506410256410257,4,0
0.5661016949152542,0.5721868079304453,0.6488294314381271,27,ISIC,0.5933666773352745,0.5791799439488052,G.R-no-gate,0.5466392667612179,17,1994,8,0.6506410256410257,4,0
0.5661016949152542,0.5721868079304453,0.6488294314381271,27,ISIC,0.5933666773352746,0.5802779913261766,G.R-identity,0.546639266761218,18,1994,8,0.6506410256410257,4,0
0.5661016949152542,0.5721868079304453,0.6488294314381271,27,ISIC,0.5933666773352746,0.5802779913261766,G.R-zero-prior,0.546639266761218,18,1994,8,0.6506410256410257,4,0
0.5627118644067797,0.5679642909229335,0.6596989966555183,26,ISIC,0.5922938241633665,0.5774224479890087,G.L-permute,0.5373860556787385,15,1994,8,0.6506410256410257,4,0
0.1694915254237288,0.16248050935550937,0.057692307692307696,67,ISIC,0.0892899589120174,0.11855207135298856,G.template-0,0.19740990990990992,4,1994,8,0.057692307692307696,4,3
0.2033898305084746,0.1860854742581943,0.1145484949832776,59,ISIC,0.14822067891195292,0.1603256429629294,G.template-1,0.20993113401649988,17,1994,8,0.038461538461538464,4,1
0.5423728813559322,0.5549726359343273,0.6789297658862876,26,ISIC,0.5848391408375531,0.5555991004063034,P,0.5136535926170073,14,1994,8,0.7115384615384616,4,0
0.5389830508474577,0.5521427284715991,0.6078595317725752,29,ISIC,0.5682974734310099,0.5534786749587792,F,0.533570460704607,16,1994,8,0.6939102564102564,4,0
0.5423728813559322,0.5590337541126247,0.6270903010033444,28,ISIC,0.5781805688871249,0.5535401927507191,F2,0.5363482384823849,14,1994,8,0.733974358974359,4,0
0.8181818181818182,0.818918918918919,0.818918918918919,0,ISIC,nan,0.8181511470985154,G.V,nan,0,1995,2,nan,1,0
0.8701298701298701,0.8699324324324325,0.8699324324324325,0,ISIC,nan,0.8699324324324325,G.J,nan,0,1995,2,nan,1,0
0.8571428571428571,0.8564189189189189,0.8564189189189189,0,ISIC,nan,0.8567562996786741,G.J1,nan,0,1995,2,nan,1,0
0.6363636363636364,0.6347972972972973,0.6347972972972973,0,ISIC,nan,0.6348238482384825,G.Z,nan,0,1995,2,nan,1,0
0.8701298701298701,0.8699324324324325,0.8699324324324325,0,ISIC,nan,0.8699324324324325,G.L,nan,0,1995,2,nan,1,0
0.8701298701298701,0.8699324324324325,0.8699324324324325,0,ISIC,nan,0.8699324324324325,G.R,nan,0,1995,2,nan,1,0
0.8701298701298701,0.8699324324324325,0.8699324324324325,0,ISIC,nan,0.8699324324324325,G.R-no-gate,nan,0,1995,2,nan,1,0
0.8701298701298701,0.8699324324324325,0.8699324324324325,0,ISIC,nan,0.8699324324324325,G.R-identity,nan,0,1995,2,nan,1,0
0.8701298701298701,0.8699324324324325,0.8699324324324325,0,ISIC,nan,0.8699324324324325,G.R-zero-prior,nan,0,1995,2,nan,1,0
0.8571428571428571,0.8574324324324325,0.8574324324324325,0,ISIC,nan,0.8570464135021097,G.L-permute,nan,0,1995,2,nan,1,0
0.5844155844155844,0.5827702702702703,0.5827702702702703,0,ISIC,nan,0.5826558265582655,G.template-0,nan,0,1995,2,nan,1,0
0.6753246753246753,0.6722972972972974,0.6722972972972974,0,ISIC,nan,0.6717817561807331,G.template-1,nan,0,1995,2,nan,1,0
0.8311688311688312,0.8293918918918919,0.8293918918918919,0,ISIC,nan,0.830137451213304,P,nan,0,1995,2,nan,1,0
0.8571428571428571,0.8574324324324325,0.8574324324324325,0,ISIC,nan,0.8570464135021097,F,nan,0,1995,2,nan,1,0
0.8181818181818182,0.8179054054054054,0.8179054054054054,0,ISIC,nan,0.8179054054054054,F2,nan,0,1995,2,nan,1,0
0.7346938775510204,0.7470315157815157,0.8592657342657343,9,ISIC,0.7301694162145581,0.7473726463290031,G.V,0.6347972972972973,14,1995,4,0.9230769230769231,2,0
0.7891156462585034,0.7913142600642601,0.8208041958041958,11,ISIC,0.7902152576149994,0.7994424729499355,G.J,0.7618243243243243,10,1995,4,0.8461538461538461,2,0
0.782312925170068,0.7907815157815159,0.8592657342657343,10,ISIC,0.7848505625563901,0.7951939282627485,G.J1,0.7222972972972973,11,1995,4,0.9230769230769231,2,0
0.3673469387755102,0.3488246550746551,0.20541958041958042,41,ISIC,0.2898694890975649,0.34003827318974944,G.Z,0.4922297297297298,19,1995,4,0.11538461538461539,2,0
0.782312925170068,0.7845575033075033,0.8208041958041958,11,ISIC,0.782882899838145,0.7923459966999292,G.L,0.7483108108108107,10,1995,4,0.8461538461538461,2,0
0.7891156462585034,0.7913142600642601,0.8208041958041958,11,ISIC,0.7902152576149994,0.7994424729499355,G.R,0.7618243243243243,10,1995,4,0.8461538461538461,2,0
0.7891156462585034,0.7913142600642601,0.8208041958041958,11,ISIC,0.7902152576149994,0.7994424729499355,G.R-no-gate,0.7618243243243243,10,1995,4,0.8461538461538461,2,0
0.7891156462585034,0.7913142600642601,0.8208041958041958,11,ISIC,0.7902152576149994,0.7994424729499355,G.R-identity,0.7618243243243243,10,1995,4,0.8461538461538461,2,0
0.7891156462585034,0.7913142600642601,0.8208041958041958,11,ISIC,0.7902152576149994,0.7994424729499355,G.R-zero-prior,0.7618243243243243,10,1995,4,0.8461538461538461,2,0
0.782312925170068,0.7827738140238141,0.7902097902097902,13,ISIC,0.7827031758128165,0.7922041250472063,G.L-permute,0.7753378378378378,9,1995,4,0.8076923076923077,2,0
0.35374149659863946,0.33746101871101875,0.1826923076923077,48,ISIC,0.2664799199106696,0.32656850112152486,G.template-0,0.4922297297297298,14,1995,4,0.11538461538461539,2,0
0.3877551020408163,0.36258386883386884,0.28496503496503495,32,ISIC,0.34596789694704977,0.36002305630371895,G.template-1,0.4402027027027027,27,1995,4,0.11538461538461539,2,0
0.7959183673469388,0.8081671706671707,0.8784965034965035,8,ISIC,0.8020468836328238,0.8104721365590931,P,0.7378378378378379,12,1995,4,0.9615384615384616,2,0
0.782312925170068,0.7884296446796447,0.840034965034965,10,ISIC,0.7850519062765469,0.7931165509682134,F,0.7368243243243243,12,1995,4,0.8846153846153846,2,0
0.7755102040816326,0.7884036571536572,0.8784965034965035,8,ISIC,0.7781085235777181,0.7902248930254571,F2,0.6983108108108108,14,1995,4,0.9615384615384616,2,0
0.6222222222222222,0.6336647751281898,0.523731048121292,15,ISIC,0.5949667930410826,0.6303178885167586,G.V,0.6886316386316387,15,1995,6,0.9230769230769231,3,0
0.6711111111111111,0.6782680322314468,0.5372445616348056,10,ISIC,0.6256146930421903,0.6864397337967483,G.J,0.7487797675297675,16,1995,6,0.8846153846153846,3,0
0.6577777777777778,0.6667948564290028,0.5616348055372445,9,ISIC,0.6307930000223244,0.6719515824259981,G.J1,0.719374881874882,18,1995,6,0.9230769230769231,3,0
0.23555555555555555,0.22872094122094122,0.04054054054054054,70,ISIC,0.07203455393794114,0.19650358220509223,G.Z,0.32281114156114155,17,1995,6,0.11538461538461539,3,1
0.6666666666666666,0.6737635277269424,0.5372445616348056,10,ISIC,0.623243855693702,0.6819716702470462,G.L,0.7420230107730108,16,1995,6,0.8846153846153846,3,0
0.6711111111111111,0.6782680322314468,0.5372445616348056,10,ISIC,0.6256146930421903,0.6864397337967483,G.R,0.7487797675297675,16,1995,6,0.8846153846153846,3,0
0.6755555555555556,0.6846782886417033,0.5372445616348056,10,ISIC,0.6289459434235609,0.6913879624590665,G.R-no-gate,0.7583951521451522,16,1995,6,0.9230769230769231,3,0
0.6711111111111111,0.6782680322314468,0.5372445616348056,10,ISIC,0.6256146930421903,0.6864397337967483,G.R-identity,0.7487797675297675,16,1995,6,0.8846153846153846,3,0
0.6711111111111111,0.6782680322314468,0.5372445616348056,10,ISIC,0.6256146930421903,0.6864397337967483,G.R-zero-prior,0.7487797675297675,16,1995,6,0.8846153846153846,3,0
0.6622222222222223,0.6683470588958395,0.549439683586025,9,ISIC,0.6261665422784872,0.6777051530858277,G.L-permute,0.7278007465507466,16,1995,6,0.8461538461538461,3,0
0.2222222222222222,0.21664067914067917,0.013513513513513514,74,ISIC,0.02592600042558913,0.18026344639434946,G.template-0,0.318204261954262,12,1995,6,0.11538461538461539,3,1
0.24444444444444444,0.23142281800818387,0.05273566249176005,68,ISIC,0.09057957251814208,0.20236199494846716,G.template-1,0.32076639576639576,21,1995,6,0.07692307692307693,3,0
0.6,0.6131495536983342,0.5359261700725115,10,ISIC,0.5881950141516827,0.6150821271590281,P,0.6517612455112456,23,1995,6,0.9230769230769231,3,0
0.64,0.650946441495222,0.5359261700725115,11,ISIC,0.6102309292140117,0.6546344308105585,F,0.7084565772065772,19,1995,6,0.9230769230769231,3,0
0.6088888888888889,0.6220978867320331,0.5616348055372445,9,ISIC,0.6035942429691387,0.6232083495879736,F2,0.6523294273294273,24,1995,6,0.9230769230769231,3,0
0.5186440677966102,0.5293695076204356,0.33967391304347827,44,ISIC,0.43182787357088315,0.518530239851596,G.V,0.5926013724794212,23,1995,8,0.6490384615384616,4,0
0.5898305084745763,0.5963157401982959,0.4891304347826087,33,ISIC,0.5514788499382645,0.6031218269109605,G.J,0.6320441753368583,20,1995,8,0.6923076923076923,4,0
0.5830508474576271,0.590242899064479,0.4891304347826087,33,ISIC,0.5483742090598702,0.5961425968389857,G.J1,0.6239470538251025,19,1995,8,0.6923076923076923,4,0
0.17966101694915254,0.17113309722005374,0.010869565217391304,68,ISIC,0.020735430485536072,0.13314526001497182,G.Z,0.22455427455427457,6,1995,8,0.057692307692307696,4,2
0.5796610169491525,0.5836673017280122,0.4148550724637681,38,ISIC,0.50338125951966,0.5911070138263121,G.L,0.6399380448160935,16,1995,8,0.6506410256410257,4,0
0.5898305084745763,0.5963157401982959,0.4891304347826087,33,ISIC,0.5514788499382645,0.6031218269109605,G.R,0.6320441753368583,20,1995,8,0.6923076923076923,4,0
0.5898305084745763,0.5963157401982959,0.4891304347826087,33,ISIC,0.5514788499382645,0.6031218269109605,G.R-no-gate,0.6320441753368583,20,1995,8,0.6923076923076923,4,0
0.5898305084745763,0.5963157401982959,0.4891304347826087,33,ISIC,0.5514788499382645,0.6031218269109605,G.R-identity,0.6320441753368583,20,1995,8,0.6923076923076923,4,0
0.5898305084745763,0.5963157401982959,0.4891304347826087,33,ISIC,0.5514788499382645,0.6031218269109605,G.R-zero-prior,0.6320441753368583,20,1995,8,0.6923076923076923,4,0
0.5864406779661017,0.593039684728444,0.4565217391304348,36,ISIC,0.5324055427162206,0.6010019421976788,G.L-permute,0.638545666594447,18,1995,8,0.6730769230769231,4,0
0.1694915254237288,0.16248050935550937,0.0,70,ISIC,0.0,0.11855207135298859,G.template-0,0.21664067914067917,3,1995,8,0.057692307692307696,4,3
0.2033898305084746,0.1860854742581943,0.07608695652173914,61,ISIC,0.11342908631979604,0.1603256429629294,G.template-1,0.22275164683701268,19,1995,8,0.038461538461538464,4,1
0.5423728813559322,0.5549726359343273,0.46739130434782605,35,ISIC,0.5192949416868188,0.5555991004063034,P,0.5841664131298278,18,1995,8,0.7115384615384616,4,0
0.5932203389830508,0.6061818861924907,0.5307971014492754,31,ISIC,0.5767068345504567,0.6127360475934662,F,0.6313101477735624,15,1995,8,0.7532051282051282,4,0
0.5898305084745763,0.6039275359563006,0.5090579710144928,33,ISIC,0.5653148774888821,0.606021742004446,F2,0.6355507242702365,15,1995,8,0.7532051282051282,4,0
1.0,1.0,1.0,0,HK,nan,1.0,G.V,nan,0,1993,2,1.0,1,0
1.0,1.0,1.0,0,HK,nan,1.0,G.J,nan,0,1993,2,1.0,1,0
1.0,1.0,1.0,0,HK,nan,1.0,G.J1,nan,0,1993,2,1.0,1,0
0.5523255813953488,0.6982683982683983,0.6982683982683983,0,HK,nan,0.4164353381802159,G.Z,nan,0,1993,2,0.8571428571428571,1,0
1.0,1.0,1.0,0,HK,nan,1.0,G.L,nan,0,1993,2,1.0,1,0
1.0,1.0,1.0,0,HK,nan,1.0,G.R,nan,0,1993,2,1.0,1,0
1.0,1.0,1.0,0,HK,nan,1.0,G.R-no-gate,nan,0,1993,2,1.0,1,0
1.0,1.0,1.0,0,HK,nan,1.0,G.R-identity,nan,0,1993,2,1.0,1,0
1.0,1.0,1.0,0,HK,nan,1.0,G.R-zero-prior,nan,0,1993,2,1.0,1,0
1.0,1.0,1.0,0,HK,nan,1.0,G.L-permute,nan,0,1993,2,1.0,1,0
0.75,0.5277056277056277,0.5277056277056277,0,HK,nan,0.4701626190987893,G.template-0,nan,0,1993,2,0.2857142857142857,1,0
0.6162790697674418,0.7316017316017316,0.7316017316017316,0,HK,nan,0.45286292654713706,G.template-1,nan,0,1993,2,0.8571428571428571,1,0
1.0,1.0,1.0,0,HK,nan,1.0,P,nan,0,1993,2,1.0,1,0
1.0,1.0,1.0,0,HK,nan,1.0,F,nan,0,1993,2,1.0,1,0
1.0,1.0,1.0,0,HK,nan,1.0,F2,nan,0,1993,2,1.0,1,0
0.9644808743169399,0.8706630767606378,0.8902439024390244,9,HK,0.8702227126927439,0.8292331855136733,G.V,0.8510822510822511,4,1993,4,0.7142857142857143,2,0
0.9836065573770492,0.9337979094076655,0.9390243902439024,5,HK,0.933768656716418,0.8974358974358974,G.J,0.9285714285714286,1,1993,4,0.8571428571428571,2,0
0.9863387978142076,0.9695121951219512,0.9390243902439024,5,HK,0.9685534591194969,0.9179767600820232,G.J1,1.0,0,1993,4,1.0,2,0
0.34972677595628415,0.24996656460071093,0.2588075880758807,20,HK,0.24965386799581354,0.25503535199697247,G.Z,0.24112554112554113,66,1993,4,0.14285714285714285,2,0
0.9836065573770492,0.9337979094076655,0.9390243902439024,5,HK,0.933768656716418,0.8974358974358974,G.L,0.9285714285714286,1,1993,4,0.8571428571428571,2,0
0.9836065573770492,0.9337979094076655,0.9390243902439024,5,HK,0.933768656716418,0.8974358974358974,G.R,0.9285714285714286,1,1993,4,0.8571428571428571,2,0
0.9836065573770492,0.9337979094076655,0.9390243902439024,5,HK,0.933768656716418,0.8974358974358974,G.R-no-gate,0.9285714285714286,1,1993,4,0.8571428571428571,2,0
0.9836065573770492,0.9337979094076655,0.9390243902439024,5,HK,0.933768656716418,0.8974358974358974,G.R-identity,0.9285714285714286,1,1993,4,0.8571428571428571,2,0
0.9836065573770492,0.9337979094076655,0.9390243902439024,5,HK,0.933768656716418,0.8974358974358974,G.R-zero-prior,0.9285714285714286,1,1993,4,0.8571428571428571,2,0
0.9836065573770492,0.9337979094076655,0.9390243902439024,5,HK,0.933768656716418,0.8974358974358974,G.L-permute,0.9285714285714286,1,1993,4,0.8571428571428571,2,0
0.36065573770491804,0.2051099227569816,0.14052287581699346,25,HK,0.18477211278485903,0.24205895172714392,G.template-0,0.2696969696969697,55,1993,4,0.0,2,2
0.4098360655737705,0.35977483380639763,0.4269089749721027,32,HK,0.3472475737354998,0.3288553234205408,G.template-1,0.29264069264069265,55,1993,4,0.14285714285714285,2,0
0.9863387978142076,0.9695121951219512,0.9390243902439024,5,HK,0.9685534591194969,0.9179767600820232,P,1.0,0,1993,4,1.0,2,0
0.9863387978142076,0.9695121951219512,0.9390243902439024,5,HK,0.9685534591194969,0.9179767600820232,F,1.0,0,1993,4,1.0,2,0
0.9863387978142076,0.9695121951219512,0.9390243902439024,5,HK,0.9685534591194969,0.9179767600820232,F2,1.0,0,1993,4,1.0,2,0
0.9408866995073891,0.8074464874944683,0.8360655737704918,20,HK,0.8140356856608851,0.788798698257008,G.V,0.7931369443564565,9,1993,6,0.42857142857142855,3,0
0.9556650246305419,0.8510024561603929,0.8770491803278688,15,HK,0.8570691090757702,0.8368889315987779,G.J,0.837979094076655,11,1993,6,0.5714285714285714,3,0
0.9540229885057471,0.8693474990955998,0.860655737704918,17,HK,0.8671255547413402,0.8393836214422908,G.J1,0.8736933797909407,10,1993,6,0.7142857142857143,3,0
0.2315270935960591,0.22692985788453482,0.38524590163934425,173,HK,0.21360825420495164,0.16071653743812242,G.Z,0.14777183600713012,171,1993,6,0.0,3,3
0.9556650246305419,0.8510024561603929,0.8770491803278688,15,HK,0.8570691090757702,0.8368889315987779,G.L,0.837979094076655,11,1993,6,0.5714285714285714,3,0
0.9556650246305419,0.8510024561603929,0.8770491803278688,15,HK,0.8570691090757702,0.8368889315987779,G.R,0.837979094076655,11,1993,6,0.5714285714285714,3,0
0.9556650246305419,0.8510024561603929,0.8770491803278688,15,HK,0.8570691090757702,0.8368889315987779,G.R-no-gate,0.837979094076655,11,1993,6,0.5714285714285714,3,0
0.9556650246305419,0.8510024561603929,0.8770491803278688,15,HK,0.8570691090757702,0.8368889315987779,G.R-identity,0.837979094076655,11,1993,6,0.5714285714285714,3,0
0.9556650246305419,0.8510024561603929,0.8770491803278688,15,HK,0.8570691090757702,0.8368889315987779,G.R-zero-prior,0.837979094076655,11,1993,6,0.5714285714285714,3,0
0.9556650246305419,0.8510024561603929,0.8770491803278688,15,HK,0.8570691090757702,0.8364696305872776,G.L-permute,0.837979094076655,10,1993,6,0.5714285714285714,3,0
0.2134646962233169,0.20780027858137792,0.36065573770491804,168,HK,0.19259162474684785,0.13384196949852228,G.template-0,0.13137254901960785,208,1993,6,0.0,3,3
0.2561576354679803,0.2601534470386929,0.47540983606557374,125,HK,0.23095382505735604,0.17833808338545099,G.template-1,0.1525252525252525,191,1993,6,0.0,3,3
0.9458128078817734,0.8543534966965595,0.8278688524590163,21,HK,0.8472669081108396,0.8178210678210678,P,0.867595818815331,11,1993,6,0.7142857142857143,3,0
0.9458128078817734,0.8543534966965595,0.8278688524590163,21,HK,0.8472669081108396,0.8178210678210678,F,0.867595818815331,11,1993,6,0.7142857142857143,3,0
0.9474548440065681,0.8570857371337178,0.8360655737704918,20,HK,0.8515389257694629,0.8211995205278071,F2,0.867595818815331,11,1993,6,0.7142857142857143,3,0
0.867704280155642,0.7796378722703359,0.7789808917197453,34,HK,0.7794186326308201,0.7198046579336349,G.V,0.7798568657871995,27,1993,8,0.6142857142857143,4,0
0.9079118028534371,0.8709727784006165,0.9235668789808917,20,HK,0.8871204766503927,0.8050540770251791,G.J,0.8534414115405248,21,1993,8,0.8571428571428572,4,0
0.8988326848249028,0.8594651270701046,0.9203821656050956,21,HK,0.8778961336903937,0.7861083344547427,G.J1,0.839159447558441,23,1993,8,0.8571428571428572,4,0
0.1543450064850843,0.20074698827547255,0.2031847133757962,146,HK,0.2015464599230137,0.10304819578357954,G.Z,0.1999344132420314,116,1993,8,0.2,4,3
0.9105058365758755,0.8750533515900842,0.9171974522292994,22,HK,0.888213534775124,0.8141723659121782,G.L,0.8610053180436791,19,1993,8,0.8571428571428572,4,0
0.9079118028534371,0.8709727784006165,0.9235668789808917,20,HK,0.8871204766503927,0.8050540770251791,G.R,0.8534414115405248,21,1993,8,0.8571428571428572,4,0
0.9066147859922179,0.8689235980727477,0.9235668789808917,20,HK,0.8856421344796332,0.8000912665950364,G.R-no-gate,0.8507091711033663,21,1993,8,0.8571428571428572,4,0
0.9079118028534371,0.8709727784006165,0.9235668789808917,20,HK,0.8871204766503927,0.8050540770251791,G.R-identity,0.8534414115405248,21,1993,8,0.8571428571428572,4,0
0.9079118028534371,0.8709727784006165,0.9235668789808917,20,HK,0.8871204766503927,0.8050540770251791,G.R-zero-prior,0.8534414115405248,21,1993,8,0.8571428571428572,4,0
0.9040207522697795,0.8516004840283222,0.9235668789808917,20,HK,0.872960367367914,0.7920542989600816,G.L-permute,0.827611685710799,23,1993,8,0.7857142857142857,4,0
0.1569390402075227,0.19737722506964378,0.2031847133757962,136,HK,0.1992378474773256,0.09382942458578389,G.template-0,0.19544139563425966,154,1993,8,0.2,4,3
0.17769130998702984,0.20405148941025336,0.10318471337579618,147,HK,0.14389724971535706,0.11020559445482747,G.template-1,0.23767374808840577,96,1993,8,0.1,4,3
0.8949416342412452,0.8534156063793478,0.9235668789808917,21,HK,0.8743048360250303,0.7860915182711464,P,0.8300318488454997,24,1993,8,0.8571428571428572,4,0
0.8949416342412452,0.8533561886728713,0.9235668789808917,21,HK,0.874260883837675,0.781244229706254,F,0.8299526252368645,24,1993,8,0.8571428571428572,4,0
0.8910505836575876,0.852238443091214,0.9171974522292994,23,HK,0.8717454013716883,0.7763316401435226,F2,0.8305854400451854,25,1993,8,0.8571428571428572,4,0
0.8467432950191571,0.7373609621579508,0.75,4,HK,0.7420165150416358,0.6828605757502044,G.V,0.7342012026974385,17,1993,10,0.6464285714285715,5,0
0.89272030651341,0.8184228869144636,0.75,4,HK,0.7904574576154808,0.7575966929627402,G.J,0.8355286086430795,15,1993,10,0.7678571428571428,5,0
0.8876117496807152,0.8275808487883074,0.75,4,HK,0.7955436042630221,0.7592974743467871,G.J1,0.8469760609853842,13,1993,10,0.8035714285714286,5,0
0.10217113665389528,0.1334811026938612,0.0,10,HK,0.0,0.0710580347119711,G.Z,0.1668513783673265,368,1993,10,0.1,5,5
0.8978288633461047,0.8250903392155351,0.75,4,HK,0.7941676583059201,0.7716826393509721,G.L,0.843862924019419,9,1993,10,0.7678571428571428,5,0
0.89272030651341,0.8184228869144636,0.75,4,HK,0.7904574576154808,0.7575966929627402,G.R,0.8355286086430795,15,1993,10,0.7678571428571428,5,0
0.8939974457215837,0.8208619113047074,0.75,4,HK,0.7918192039636855,0.7602055859036929,G.R-no-gate,0.8385773891308844,14,1993,10,0.7678571428571428,5,0
0.89272030651341,0.8184228869144636,0.75,4,HK,0.7904574576154808,0.7575966929627402,G.R-identity,0.8355286086430795,15,1993,10,0.7678571428571428,5,0
0.89272030651341,0.8184228869144636,0.75,4,HK,0.7904574576154808,0.7575966929627402,G.R-zero-prior,0.8355286086430795,15,1993,10,0.7678571428571428,5,0
0.8952745849297573,0.8225012555670027,0.75,4,HK,0.7927315426506382,0.7636215795486023,G.L-permute,0.8406265694587534,13,1993,10,0.7678571428571428,5,0
0.13665389527458494,0.14833611374945085,0.0,12,HK,0.0,0.07727172843584866,G.template-0,0.18542014218681357,211,1993,10,0.1,5,5
0.10217113665389528,0.12718711167470143,0.0,11,HK,0.0,0.06875019445199064,G.template-1,0.15898388959337678,438,1993,10,0.05,5,5
0.8850574712643678,0.7940615104383767,0.75,4,HK,0.7765631020263121,0.739929245733453,P,0.8050768880479708,10,1993,10,0.7178571428571429,5,0
0.8812260536398467,0.7921815644819976,0.75,4,HK,0.7754682360985535,0.738054190034388,F,0.802726955602497,10,1993,10,0.7178571428571429,5,0
0.8812260536398467,0.8068636197487871,0.75,4,HK,0.7839318555660912,0.7421977951780375,F2,0.8210795246859839,10,1993,10,0.7535714285714286,5,0
0.8609958506224067,0.699843755833458,0.8797619047619047,8,HK,0.7567122486337129,0.6449437488427566,G.V,0.6638601260477688,4,1993,12,0.45892857142857146,6,0
0.8983402489626556,0.7658631208896564,0.8891369047619048,7,HK,0.8084615243578874,0.7128708343698316,G.J,0.7412083641152066,3,1993,12,0.5803571428571428,6,0
0.8952282157676349,0.7732581070917534,0.8922619047619047,6,HK,0.8146487160028341,0.7114103447882288,G.J1,0.749457347557723,3,1993,12,0.6160714285714286,6,0
0.08402489626556017,0.11175508557821767,0.003125,180,HK,0.006107025055141423,0.0499905300843106,G.Z,0.1334811026938612,6,1993,12,0.1,6,6
0.9066390041493776,0.774967002980904,0.8891369047619048,7,HK,0.8149168111190499,0.7248693833896035,G.L,0.7521330226247038,3,1993,12,0.5803571428571428,6,0
0.8983402489626556,0.7658631208896564,0.8891369047619048,7,HK,0.8084615243578874,0.7128708343698316,G.R,0.7412083641152066,3,1993,12,0.5803571428571428,6,0
0.8993775933609959,0.7777678827944183,0.8891369047619048,7,HK,0.8168855789686138,0.719953258118922,G.R-no-gate,0.755494078400921,3,1993,12,0.6160714285714286,6,0
0.8983402489626556,0.7658631208896564,0.8891369047619048,7,HK,0.8084615243578874,0.7128708343698316,G.R-identity,0.7412083641152066,3,1993,12,0.5803571428571428,6,0
0.8983402489626556,0.7658631208896564,0.8891369047619048,7,HK,0.8084615243578874,0.7128708343698316,G.R-zero-prior,0.7412083641152066,3,1993,12,0.5803571428571428,6,0
0.9024896265560166,0.7719940018705973,0.8891369047619048,7,HK,0.8128182162423269,0.7180600019389395,G.L-permute,0.7485654212923357,3,1993,12,0.5803571428571428,6,0
0.10995850622406639,0.1231241604477747,0.003125,177,HK,0.006120007447835983,0.05750219349918042,G.template-0,0.14712399253732963,13,1993,12,0.1,6,6
0.08402489626556017,0.10651009306225119,0.003125,180,HK,0.006100119457439567,0.04759593851757122,G.template-1,0.12718711167470143,2,1993,12,0.05,6,6
0.8941908713692946,0.7592383133553738,0.8559523809523809,11,HK,0.793703864089719,0.6979425193809261,P,0.7398954998359726,3,1993,12,0.5660714285714286,6,0
0.8921161825726142,0.7582024772876906,0.8559523809523809,11,HK,0.7929881214346561,0.6968598056629264,F,0.7386524965547527,3,1993,12,0.5660714285714286,6,0
0.8838174273858921,0.7509527232614879,0.8559523809523809,11,HK,0.7879472755666124,0.6924719514175987,F2,0.7299527917233094,4,1993,12,0.5660714285714286,6,0
0.8552507095553453,0.7169629994322809,0.6568181818181817,23,HK,0.6901236216268731,0.6539889146881144,G.V,0.7269871357012976,4,1993,14,0.5214285714285715,7,0
0.8921475875118259,0.752816024563959,0.7795454545454545,14,HK,0.7636350533485986,0.7070754666281444,G.J,0.7483611195670431,2,1993,14,0.5303571428571429,7,0
0.8902554399243141,0.7582055537108812,0.7492424242424243,16,HK,0.7544346829209194,0.709040974705483,G.J1,0.7596994086222907,2,1993,14,0.5660714285714286,7,0
0.08230842005676443,0.10662910842033695,0.125,77,HK,0.11327877637975704,0.05226622051235268,G.Z,0.10356729315705977,82,1993,14,0.1,7,7
0.8949858088930936,0.7595090156058857,0.7795454545454545,14,HK,0.7676796244302796,0.715668073893692,G.L,0.7561696091159575,4,1993,14,0.5303571428571429,7,0
0.8921475875118259,0.752816024563959,0.7795454545454545,14,HK,0.7636350533485986,0.7070754666281444,G.R,0.7483611195670431,2,1993,14,0.5303571428571429,7,0
0.8921475875118259,0.7483120500251411,0.7643939393939394,15,HK,0.7548962762278587,0.7039338858144172,G.R-no-gate,0.7456317351303415,3,1993,14,0.5160714285714285,7,0
0.8921475875118259,0.752816024563959,0.7795454545454545,14,HK,0.7636350533485986,0.7070754666281444,G.R-identity,0.7483611195670431,2,1993,14,0.5303571428571429,7,0
0.8921475875118259,0.752816024563959,0.7795454545454545,14,HK,0.7636350533485986,0.7070754666281444,G.R-zero-prior,0.7483611195670431,2,1993,14,0.5303571428571429,7,0
0.8921475875118259,0.7565728872750743,0.7946969696969697,13,HK,0.7718176598691058,0.713332005828996,G.L-permute,0.7502188735380919,4,1993,14,0.5303571428571429,7,0
0.10406811731315042,0.11037496344391619,0.06666666666666667,83,HK,0.0851096850583916,0.05599709594267965,G.template-0,0.11765967957345778,77,1993,14,0.1,7,7
0.09555345316934721,0.11740629062953459,0.23333333333333334,60,HK,0.13811257189581103,0.05533544505910599,G.template-1,0.09808511684556813,157,1993,14,0.05,7,7
0.8874172185430463,0.7439388205948706,0.7492424242424243,16,HK,0.7461358277021213,0.6979694079786735,P,0.7430548866536117,3,1993,14,0.5160714285714285,7,0
0.8874172185430463,0.7439608792156553,0.7492424242424243,16,HK,0.7461488019340909,0.6979780760400687,F,0.7430806217111939,3,1993,14,0.5160714285714285,7,0
0.8741721854304636,0.7316166585410047,0.7189393939393939,18,HK,0.7262591730935489,0.68454032094868,F2,0.7337295359746064,3,1993,14,0.5160714285714285,7,0
0.8675388389206868,0.681682958082169,0.7439024390243902,2,HK,0.7065638957988806,0.6221888923516463,G.V,0.6727944608047087,10,1993,16,0.41714285714285715,8,1
0.8986099754701553,0.7120778271847565,0.4969512195121951,2,HK,0.5955023747124768,0.6733317829395657,G.J,0.7428101997094082,8,1993,16,0.42428571428571427,8,1
0.8969746524938675,0.7170335700382814,0.4969512195121951,2,HK,0.5973141423056223,0.6727926460132011,G.J1,0.7484739058277222,10,1993,16,0.45285714285714285,8,1
0.07031888798037612,0.09292168198900695,0.0,166,HK,0.0,0.03990689248508988,G.Z,0.10619620798743652,42,1993,16,0.08,8,9
0.902698282910875,0.7163317683413569,0.4969512195121951,2,HK,0.5970585731667395,0.6777515003489201,G.L,0.7476718467455229,8,1993,16,0.42428571428571427,8,1
0.8986099754701553,0.7120778271847565,0.4969512195121951,2,HK,0.5955023747124768,0.6733317829395657,G.R,0.7428101997094082,8,1993,16,0.42428571428571427,8,1
0.8994276369582993,0.7210063986133279,0.4969512195121951,2,HK,0.5987547098976597,0.6787005808083637,G.R-no-gate,0.7530142813420612,8,1993,16,0.45285714285714285,8,1
0.8986099754701553,0.7120778271847565,0.4969512195121951,2,HK,0.5955023747124768,0.6733317829395657,G.R-identity,0.7428101997094082,8,1993,16,0.42428571428571427,8,1
0.8986099754701553,0.7120778271847565,0.4969512195121951,2,HK,0.5955023747124768,0.6733317829395657,G.R-zero-prior,0.7428101997094082,8,1993,16,0.42428571428571427,8,1
0.8961569910057237,0.7120573570602691,0.4969512195121951,2,HK,0.5954948567196204,0.6731886840435846,G.L-permute,0.7427868052814226,9,1993,16,0.42428571428571427,8,1
0.08830744071954211,0.09515763846797212,0.0,166,HK,0.0,0.04403133220971468,G.template-0,0.10875158682053956,35,1993,16,0.08,8,9
0.08258381030253475,0.10273050430084275,0.0,166,HK,0.0,0.042008817885793026,G.template-1,0.11740629062953459,35,1993,16,0.04,8,9
0.8912510220768601,0.7044527919748116,0.49390243902439024,3,HK,0.5906493963621736,0.6645943022661371,P,0.7345314138248717,11,1993,16,0.4128571428571428,8,1
0.8887980376124285,0.7018012768232964,0.49390243902439024,3,HK,0.5896672697314533,0.6610939420092359,F,0.7315011107945687,11,1993,16,0.4128571428571428,8,1
0.8781684382665577,0.691009322461728,0.49390243902439024,3,HK,0.5856192797590168,0.6480701794612787,F2,0.719167448667062,12,1993,16,0.4128571428571428,8,1
0.8730512249443207,0.6562251246789104,0.5,1,HK,0.5747407089804445,0.6023816277013291,G.V,0.6757532652637742,7,1993,18,0.35595238095238096,9,2
0.9064587973273942,0.687289198109734,0.4959349593495935,2,HK,0.5843765317421012,0.6519297657350193,G.J,0.7112084779547515,2,1993,18,0.3535714285714286,9,2
0.9042316258351893,0.6926852695819539,0.4959349593495935,2,HK,0.5864155135989094,0.6517619308972991,G.J1,0.7172790583609989,2,1993,18,0.3773809523809524,9,2
0.06310319227913883,0.08128543296555475,0.008130081300813009,122,HK,0.014918882838229727,0.03419513073945068,G.Z,0.09042985192364747,72,1993,18,0.06666666666666667,9,10
0.9101707498144024,0.6906262124000739,0.4959349593495935,2,HK,0.5856398819128706,0.6582355420843535,G.L,0.714962619031384,2,1993,18,0.3535714285714286,9,2
0.9064587973273942,0.687289198109734,0.4959349593495935,2,HK,0.5843765317421012,0.6519297657350193,G.R,0.7112084779547515,2,1993,18,0.3535714285714286,9,2
0.9072011878247959,0.6952257060462419,0.4959349593495935,2,HK,0.5873684054025334,0.658698182503436,G.R-no-gate,0.7201370493833229,2,1993,18,0.3773809523809524,9,2
0.9064587973273942,0.687289198109734,0.4959349593495935,2,HK,0.5843765317421012,0.6519297657350193,G.R-identity,0.7112084779547515,2,1993,18,0.3535714285714286,9,2
0.9064587973273942,0.687289198109734,0.4959349593495935,2,HK,0.5843765317421012,0.6519297657350193,G.R-zero-prior,0.7112084779547515,2,1993,18,0.3535714285714286,9,2
0.9094283593170007,0.6926277871160024,0.4959349593495935,2,HK,0.5863939005683975,0.6597349300741454,G.L-permute,0.7172143905868035,2,1993,18,0.3535714285714286,9,2
0.07869339272457312,0.08339613288575833,0.024390243902439025,118,HK,0.03844924287401048,0.0383175174392347,G.template-0,0.09077186900867323,110,1993,18,0.06666666666666667,9,10
0.07275426874536006,0.08923119372509196,0.0040650406504065045,123,HK,0.0078121240759863025,0.03485335407285624,G.template-1,0.09987696285942764,62,1993,18,0.03333333333333333,9,10
0.896807720861173,0.6760982632585246,0.4959349593495935,2,HK,0.5800818221651727,0.6386051930193087,P,0.698618676247141,2,1993,18,0.344047619047619,9,2
0.8953229398663697,0.675424862585124,0.4959349593495935,2,HK,0.5798205039302686,0.6374647010261971,F,0.6978611004895653,2,1993,18,0.344047619047619,9,2
0.888641425389755,0.6701417681710412,0.4959349593495935,2,HK,0.5777587935793794,0.6332595163997207,F2,0.6919176192737222,4,1993,18,0.344047619047619,9,2
0.8302687411598303,0.5572468411243566,0.03787878787878788,62,HK,0.07136195803439437,0.5169708001773313,G.V,0.6149544025960865,9,1993,20,0.21581632653061225,10,4
0.879066478076379,0.6220531768351576,0.17424242424242425,44,HK,0.2767152414224241,0.5860589331731731,G.J,0.6718099271232391,9,1993,20,0.2673469387755102,10,4
0.8656294200848657,0.6160282048908108,0.12121212121212122,50,HK,0.20533257508170719,0.5721767101735333,G.J1,0.6710077697439986,7,1993,20,0.28775510204081634,10,4
0.060113154172560114,0.07315688966899928,0.0,67,HK,0.0,0.03002576668836508,G.Z,0.08128543296555475,0,1993,20,0.05714285714285715,10,12
0.879066478076379,0.6238654769084107,0.15151515151515152,47,HK,0.24756988635179486,0.5867492497649103,G.L,0.6763488463965506,7,1993,20,0.2673469387755102,10,4
0.879066478076379,0.6220531768351576,0.17424242424242425,44,HK,0.2767152414224241,0.5860589331731731,G.R,0.6718099271232391,9,1993,20,0.2673469387755102,10,4
0.879066478076379,0.6293549401125307,0.16666666666666666,45,HK,0.2677757500574066,0.5917874888630887,G.R-no-gate,0.6807647482731822,8,1993,20,0.28775510204081634,10,4
0.879066478076379,0.6220531768351576,0.17424242424242425,44,HK,0.2767152414224241,0.5860589331731731,G.R-identity,0.6718099271232391,9,1993,20,0.2673469387755102,10,4
0.879066478076379,0.6220531768351576,0.17424242424242425,44,HK,0.2767152414224241,0.5860589331731731,G.R-zero-prior,0.6718099271232391,9,1993,20,0.2673469387755102,10,4
0.879066478076379,0.6255819657616245,0.1893939393939394,42,HK,0.29570158974238353,0.5889157658839832,G.L-permute,0.6740473020247006,9,1993,20,0.2673469387755102,10,4
0.07496463932107496,0.07505651959718249,0.0,67,HK,0.0,0.03376189901207872,G.template-0,0.08339613288575833,0,1993,20,0.05714285714285715,10,12
0.06930693069306931,0.08030807435258276,0.0,67,HK,0.0,0.03062173963580118,G.template-1,0.08923119372509196,1,1993,20,0.028571428571428574,10,12
0.862093352192362,0.6145686755330437,0.11363636363636363,52,HK,0.194325123877491,0.5701110071309409,P,0.6702278212993416,10,1993,20,0.28775510204081634,10,4
0.862093352192362,0.6141221801300467,0.12121212121212122,51,HK,0.20523315384142918,0.5712718485040482,F,0.6688899644542607,10,1993,20,0.28775510204081634,10,4
0.8472418670438473,0.5994967938399367,0.05303030303030303,59,HK,0.09817492669335263,0.5556723427537769,F2,0.6602152928187849,11,1993,20,0.28775510204081634,10,4
0.797997644287397,0.5821091587975448,0.8787413962635201,48,HK,0.6670978971113157,0.5203282691695976,G.V,0.5376143231776485,66,1993,23,0.33169642857142856,11,4
0.8445229681978799,0.6328252080369314,0.8986234021632251,43,HK,0.7144693137655044,0.5795767336423667,G.J,0.5929554789179874,51,1993,23,0.3455357142857143,11,4
0.8309776207302709,0.6194975410720568,0.8927236971484759,45,HK,0.7020659555195254,0.5632523653044814,G.J1,0.578513617660594,56,1993,23,0.3455357142857143,11,4
0.04652532391048292,0.060999200968040804,0.0,277,HK,0.0,0.021456674659259555,G.Z,0.07014908111324693,38,1993,23,0.05,11,16
0.842756183745583,0.6309525823090021,0.8860176991150442,49,HK,0.7102625146749524,0.5790454793191089,G.L,0.5926928147880958,49,1993,23,0.32767857142857143,11,4
0.8445229681978799,0.6328252080369314,0.8986234021632251,43,HK,0.7144693137655044,0.5795767336423667,G.R,0.5929554789179874,51,1993,23,0.3455357142857143,11,4
0.8445229681978799,0.6324023047344844,0.9008456243854474,42,HK,0.7145741259046046,0.5794783838515238,G.R-no-gate,0.59213580678684,51,1993,23,0.3455357142857143,11,4
0.8445229681978799,0.6328252080369314,0.8986234021632251,43,HK,0.7144693137655044,0.5795767336423667,G.R-identity,0.5929554789179874,51,1993,23,0.3455357142857143,11,4
0.8445229681978799,0.6328252080369314,0.8986234021632251,43,HK,0.7144693137655044,0.5795767336423667,G.R-zero-prior,0.5929554789179874,51,1993,23,0.3455357142857143,11,4
0.8439340400471143,0.6297361828403755,0.9082399213372665,39,HK,0.7138204988482175,0.5782934444568858,G.L-permute,0.5879606220658418,55,1993,23,0.32767857142857143,11,4
0.05123674911660778,0.058449509123989975,0.0,275,HK,0.0,0.022195061252903034,G.template-0,0.06721693549258848,88,1993,23,0.05,11,16
0.05712603062426384,0.06910847045152124,0.0,283,HK,0.0,0.02353311881662492,G.template-1,0.07947474101924942,8,1993,23,0.025,11,15
0.8268551236749117,0.6112772365602366,0.9111897738446411,38,HK,0.6984838184593096,0.5552510872088553,P,0.5662903559675759,60,1993,23,0.33616071428571426,11,4
0.8286219081272085,0.6121035818021747,0.9134119960668633,37,HK,0.6996057417283513,0.5562712802796661,F,0.5669073196624714,59,1993,23,0.33616071428571426,11,4
0.8103651354534747,0.5937634336011328,0.8912291052114062,46,HK,0.67956404344209,0.5388756058732264,F2,0.5491435828595919,66,1993,23,0.32053571428571426,11,4
1.0,1.0,1.0,0,HK,nan,1.0,G.V,nan,0,1994,2,1.0,1,0
1.0,1.0,1.0,0,HK,nan,1.0,G.J,nan,0,1994,2,1.0,1,0
1.0,1.0,1.0,0,HK,nan,1.0,G.J1,nan,0,1994,2,1.0,1,0
0.3448275862068966,0.5089285714285714,0.5089285714285714,0,HK,nan,0.33212121212121215,G.Z,nan,0,1994,2,0.875,1,0
1.0,1.0,1.0,0,HK,nan,1.0,G.L,nan,0,1994,2,1.0,1,0
1.0,1.0,1.0,0,HK,nan,1.0,G.R,nan,0,1994,2,1.0,1,0
1.0,1.0,1.0,0,HK,nan,1.0,G.R-no-gate,nan,0,1994,2,1.0,1,0
1.0,1.0,1.0,0,HK,nan,1.0,G.R-identity,nan,0,1994,2,1.0,1,0
1.0,1.0,1.0,0,HK,nan,1.0,G.R-zero-prior,nan,0,1994,2,1.0,1,0
1.0,1.0,1.0,0,HK,nan,1.0,G.L-permute,nan,0,1994,2,1.0,1,0
0.5862068965517241,0.5595238095238095,0.5595238095238095,0,HK,nan,0.5421052631578948,G.template-0,nan,0,1994,2,0.5,1,0
0.2413793103448276,0.4375,0.4375,0,HK,nan,0.19444444444444445,G.template-1,nan,0,1994,2,0.875,1,1
1.0,1.0,1.0,0,HK,nan,1.0,P,nan,0,1994,2,1.0,1,0
1.0,1.0,1.0,0,HK,nan,1.0,F,nan,0,1994,2,1.0,1,0
1.0,1.0,1.0,0,HK,nan,1.0,F2,nan,0,1994,2,1.0,1,0
0.9304347826086956,0.9296493902439024,0.859298780487805,16,HK,0.9243256538493072,0.8330968615602374,G.V,1.0,0,1994,4,1.0,2,0
0.9652173913043478,0.969359756097561,0.938719512195122,7,HK,0.968391256486869,0.9143459915611815,G.J,1.0,0,1994,4,1.0,2,0
0.9652173913043478,0.9648246951219512,0.9296493902439025,8,HK,0.9635422838408975,0.9052098269763885,G.J1,1.0,0,1994,4,1.0,2,0
0.08695652173913043,0.16899317653890822,0.18917682926829268,64,HK,0.16658254762569533,0.07285256545451421,G.Z,0.1488095238095238,12,1994,4,0.25,2,0
0.9608695652173913,0.967797256097561,0.9355945121951219,8,HK,0.966725733412089,0.9084698307868369,G.L,1.0,0,1994,4,1.0,2,0
0.9652173913043478,0.969359756097561,0.938719512195122,7,HK,0.968391256486869,0.9143459915611815,G.R,1.0,0,1994,4,1.0,2,0
0.9652173913043478,0.969359756097561,0.938719512195122,7,HK,0.968391256486869,0.9143459915611815,G.R-no-gate,1.0,0,1994,4,1.0,2,0
0.9652173913043478,0.969359756097561,0.938719512195122,7,HK,0.968391256486869,0.9143459915611815,G.R-identity,1.0,0,1994,4,1.0,2,0
0.9652173913043478,0.969359756097561,0.938719512195122,7,HK,0.968391256486869,0.9143459915611815,G.R-zero-prior,1.0,0,1994,4,1.0,2,0
0.9652173913043478,0.969359756097561,0.938719512195122,7,HK,0.968391256486869,0.9143459915611815,G.L-permute,1.0,0,1994,4,1.0,2,0
0.09130434782608696,0.19505662020905923,0.12225609756097561,80,HK,0.16788545271854413,0.09996071599371456,G.template-0,0.26785714285714285,16,1994,4,0.25,2,0
0.11304347826086956,0.1952362804878049,0.2654725609756098,60,HK,0.16996876829982432,0.07797912539598043,G.template-1,0.125,11,1994,4,0.25,2,1
0.9652173913043478,0.969359756097561,0.938719512195122,7,HK,0.968391256486869,0.9143459915611815,P,1.0,0,1994,4,1.0,2,0
0.9608695652173913,0.967797256097561,0.9355945121951219,8,HK,0.966725733412089,0.9040184850311432,F,1.0,0,1994,4,1.0,2,0
0.9608695652173913,0.9632621951219512,0.9265243902439024,8,HK,0.9618610539642348,0.9014141976167293,F2,1.0,0,1994,4,1.0,2,0
0.9473684210526315,0.8797184607398023,0.871969696969697,2,HK,0.8777427928100214,0.790861090910728,G.V,0.8835928426248548,5,1994,6,0.875,3,0
0.9598997493734336,0.8157387243515292,0.625,3,HK,0.7414094868374885,0.7727372872483284,G.J,0.9111080865272938,5,1994,6,0.625,3,0
0.9573934837092731,0.818568524970964,0.625,3,HK,0.7428109934542576,0.769156681749298,G.J1,0.915352787456446,5,1994,6,0.625,3,0
0.10526315789473684,0.12795793298842079,0.0696969696969697,144,HK,0.09655460387619795,0.07292712255172733,G.Z,0.15708841463414633,21,1994,6,0.125,3,2
0.9573934837092731,0.8146970576848626,0.625,3,HK,0.7408916314646711,0.7702623677307221,G.L,0.9095455865272939,5,1994,6,0.625,3,0
0.9598997493734336,0.8157387243515292,0.625,3,HK,0.7414094868374885,0.7727372872483284,G.R,0.9111080865272938,5,1994,6,0.625,3,0
0.9624060150375939,0.8236752322880371,0.625,3,HK,0.7453207263161226,0.7810552397523273,G.R-no-gate,0.9230128484320557,4,1994,6,0.625,3,0
0.9598997493734336,0.8157387243515292,0.625,3,HK,0.7414094868374885,0.7727372872483284,G.R-identity,0.9111080865272938,5,1994,6,0.625,3,0
0.9598997493734336,0.8157387243515292,0.625,3,HK,0.7414094868374885,0.7727372872483284,G.R-zero-prior,0.9111080865272938,5,1994,6,0.625,3,0
0.9598997493734336,0.8088438830816879,0.625,3,HK,0.7379620532900073,0.7673903395619673,G.L-permute,0.9007658246225319,6,1994,6,0.625,3,0
0.20300751879699247,0.143931475029036,0.2,101,HK,0.14675306769612576,0.12712696945820515,G.template-0,0.115897212543554,36,1994,6,0.0625,3,1
0.10526315789473684,0.1463191364868194,0.048484848484848485,153,HK,0.07767895642120326,0.07261841875860346,G.template-1,0.1952362804878049,12,1994,6,0.125,3,2
0.9573934837092731,0.810825590398761,0.625,3,HK,0.7389576873584396,0.7666662348662966,P,0.9037383855981417,6,1994,6,0.625,3,0
0.9573934837092731,0.810825590398761,0.625,3,HK,0.7389576873584396,0.7666662348662966,F,0.9037383855981417,6,1994,6,0.625,3,0
0.9523809523809523,0.8026955090979481,0.625,3,HK,0.734848194754905,0.7518418779366766,F2,0.8915432636469222,6,1994,6,0.625,3,0
0.9359605911330049,0.7883738022648084,0.75,1,HK,0.7747386967478362,0.6939290985919454,G.V,0.8011650696864111,7,1994,8,0.6875,4,0
0.9556650246305419,0.7419751742160279,0.5,2,HK,0.6219663457844419,0.7053416115824123,G.J,0.8226335656213705,1,1994,8,0.5625,4,1
0.9556650246305419,0.7397076437282231,0.5,2,HK,0.6211002285610555,0.7014853252907496,G.J1,0.8196101916376306,1,1994,8,0.5625,4,1
0.09852216748768473,0.1406232677383592,0.2,4,HK,0.15064755555875514,0.05943750470857845,G.Z,0.12083102365114562,81,1994,8,0.1625,4,3
0.9532019704433498,0.7411939242160279,0.5,2,HK,0.6216683831101958,0.7034828866224214,G.L,0.8215918989547039,1,1994,8,0.5625,4,1
0.9556650246305419,0.7419751742160279,0.5,2,HK,0.6219663457844419,0.7053416115824123,G.R,0.8226335656213705,1,1994,8,0.5625,4,1
0.9556650246305419,0.7419751742160279,0.5,2,HK,0.6219663457844419,0.7053416115824123,G.R-no-gate,0.8226335656213705,1,1994,8,0.5625,4,1
0.9556650246305419,0.7419751742160279,0.5,2,HK,0.6219663457844419,0.7053416115824123,G.R-identity,0.8226335656213705,1,1994,8,0.5625,4,1
0.9556650246305419,0.7419751742160279,0.5,2,HK,0.6219663457844419,0.7053416115824123,G.R-zero-prior,0.8226335656213705,1,1994,8,0.5625,4,1
0.958128078817734,0.7427564242160278,0.5,2,HK,0.6222638394950356,0.7072361400747451,G.L-permute,0.8236752322880371,1,1994,8,0.5625,4,1
0.18719211822660098,0.1612799103843311,0.3,3,HK,0.16630673713148342,0.08973794639283757,G.template-0,0.11503988051244148,109,1994,8,0.18125,4,3
0.10098522167487685,0.1528605413895048,0.2,5,HK,0.16271505364066915,0.06461255420204928,G.template-1,0.13714738851933972,46,1994,8,0.1625,4,3
0.9384236453201971,0.701945412311266,0.4,3,HK,0.5339085085149535,0.6479323798054916,P,0.802593883081688,2,1994,8,0.5125,4,1
0.9408866995073891,0.702726662311266,0.4,3,HK,0.5341387930367272,0.6574328899449794,F,0.8036355497483546,1,1994,8,0.5125,4,1
0.9334975369458128,0.6981153818234611,0.4,3,HK,0.5327737561818356,0.6348167953842717,F2,0.7974871757646147,3,1994,8,0.5125,4,1
0.8782051282051282,0.6667358175777308,0.2786885245901639,28,HK,0.40836592252330417,0.5760481080951613,G.V,0.7637476408246225,8,1994,10,0.525,5,1
0.9017094017094017,0.6370724924315988,0.319672131147541,23,HK,0.44208378009893695,0.5947060851256946,G.J,0.7164225827526133,10,1994,10,0.425,5,2
0.8952991452991453,0.6240953142552503,0.3114754098360656,24,HK,0.4315441483925602,0.5827327368628448,G.J1,0.7022502903600465,9,1994,10,0.425,5,2
0.17094017094017094,0.1461888350720318,0.4672131147540984,4,HK,0.11555806293108155,0.06936261713808366,G.Z,0.06593276515151515,187,1994,10,0.08,5,6
0.905982905982906,0.6403511809561889,0.3360655737704918,21,HK,0.4575157731565584,0.6005872697137756,G.L,0.7164225827526133,10,1994,10,0.425,5,2
0.9017094017094017,0.6370724924315988,0.319672131147541,23,HK,0.44208378009893695,0.5947060851256946,G.R,0.7164225827526133,10,1994,10,0.425,5,2
0.8995726495726496,0.632310587669694,0.319672131147541,23,HK,0.4409439671824812,0.5904425192342218,G.R-no-gate,0.7104702018002322,10,1994,10,0.425,5,2
0.9017094017094017,0.6370724924315988,0.319672131147541,23,HK,0.44208378009893695,0.5947060851256946,G.R-identity,0.7164225827526133,10,1994,10,0.425,5,2
0.9017094017094017,0.6370724924315988,0.319672131147541,23,HK,0.44208378009893695,0.5947060851256946,G.R-zero-prior,0.7164225827526133,10,1994,10,0.425,5,2
0.8995726495726496,0.631296243407399,0.3114754098360656,24,HK,0.4332287451441891,0.5901350993411463,G.L-permute,0.7112514518002323,9,1994,10,0.425,5,2
0.23931623931623933,0.16661605812220565,0.47540983606557374,4,HK,0.15052389207596484,0.08970466270688246,G.template-0,0.08941761363636364,208,1994,10,0.08,5,6
0.1581196581196581,0.12522509935419773,0.48360655737704916,3,HK,0.06636968050318226,0.06372505280100885,G.template-1,0.03562973484848485,178,1994,10,0.04,5,6
0.8888888888888888,0.605459018773443,0.30327868852459017,25,HK,0.41966400888157296,0.5586096350087442,P,0.6810041013356563,9,1994,10,0.385,5,2
0.8910256410256411,0.6070983630357382,0.3114754098360656,24,HK,0.4274466710413815,0.5621325331422048,F,0.6810041013356563,10,1994,10,0.385,5,2
0.8803418803418803,0.5991163058586089,0.28688524590163933,27,HK,0.40302758649420545,0.543286319234247,F2,0.6771740708478513,10,1994,10,0.385,5,2
0.8328877005347594,0.6860716766787739,0.8757961783439491,39,HK,0.744954923159571,0.5954819538545751,G.V,0.6481267763457388,27,1994,12,0.525,6,1
0.8783422459893048,0.6520300607617909,0.9267515923566879,23,HK,0.7262588423437263,0.611375997230414,G.J,0.5970857544428115,22,1994,12,0.385,6,2
0.8729946524064172,0.6628703955408305,0.9203821656050956,25,HK,0.7347049661529848,0.6115616908146605,G.J1,0.6113680415279775,22,1994,12,0.425,6,2
0.10962566844919786,0.12251616439089937,0.01537983532701569,261,HK,0.02779037004500572,0.0487797689852548,G.Z,0.14394343020367611,26,1994,12,0.08,6,6
0.8823529411764706,0.6721970495781154,0.9171974522292994,26,HK,0.74214066780872,0.620756896915578,G.L,0.6231969690478787,17,1994,12,0.425,6,2
0.8783422459893048,0.6520300607617909,0.9267515923566879,23,HK,0.7262588423437263,0.611375997230414,G.R,0.5970857544428115,22,1994,12,0.385,6,2
0.8783422459893048,0.6520300607617909,0.9267515923566879,23,HK,0.7262588423437263,0.611375997230414,G.R-no-gate,0.5970857544428115,22,1994,12,0.385,6,2
0.8783422459893048,0.6520300607617909,0.9267515923566879,23,HK,0.7262588423437263,0.611375997230414,G.R-identity,0.5970857544428115,22,1994,12,0.385,6,2
0.8783422459893048,0.6520300607617909,0.9267515923566879,23,HK,0.7262588423437263,0.611375997230414,G.R-zero-prior,0.5970857544428115,22,1994,12,0.385,6,2
0.8783422459893048,0.6682431470385716,0.9331210191082803,21,HK,0.7415697938580592,0.6235565844569025,G.L-permute,0.6152675726246298,24,1994,12,0.425,6,2
0.15775401069518716,0.14087165047929232,0.03977007922945471,254,HK,0.06379144684824592,0.06701445980001655,G.template-0,0.16109196472925982,26,1994,12,0.08,6,6
0.09893048128342247,0.10386382734591938,0.011314794676609188,258,HK,0.020714321443253796,0.04370678574022169,G.template-1,0.12237363387978142,25,1994,12,0.04,6,6
0.8729946524064172,0.6489681932807708,0.9363057324840764,20,HK,0.7249943134789443,0.6049521725095667,P,0.5915006854401097,23,1994,12,0.385,6,2
0.8676470588235294,0.6458407818249711,0.9299363057324841,22,HK,0.7212215855307821,0.5996482818358434,F,0.5890216770434684,23,1994,12,0.385,6,2
0.8582887700534759,0.6414846178375002,0.910828025477707,28,HK,0.7143638022600927,0.5891815435730385,F2,0.5876159363094589,24,1994,12,0.385,6,2
0.8520130576713819,0.6657163070589057,0.636759581881533,7,HK,0.653214502594617,0.5910689860146594,G.V,0.670542427921801,15,1994,14,0.46428571428571425,7,1
0.8900979325353645,0.6592216814149595,0.7826655052264808,4,HK,0.7033601427047564,0.6189714945686333,G.J,0.638647710779706,14,1994,14,0.38690476190476186,7,2
0.8813928182807399,0.6479132016438193,0.7826655052264808,4,HK,0.6952840008332856,0.6069966110691247,G.J1,0.6254544843800424,15,1994,14,0.38690476190476186,7,2
0.088139281828074,0.10384817427841778,0.006097560975609756,167,HK,0.011606069591459852,0.03694767046147547,G.Z,0.12013994316221911,35,1994,14,0.06666666666666667,7,7
0.8911860718171926,0.6597332070277823,0.7826655052264808,4,HK,0.7037219144581783,0.6197583097228148,G.L,0.6392444906613324,13,1994,14,0.38690476190476186,7,2
0.8900979325353645,0.6592216814149595,0.7826655052264808,4,HK,0.7033601427047564,0.6189714945686333,G.R,0.638647710779706,14,1994,14,0.38690476190476186,7,2
0.8890097932535365,0.6574795211362139,0.7826655052264808,4,HK,0.7021257333918118,0.6174293763311622,G.R-no-gate,0.6366151904545028,14,1994,14,0.38690476190476186,7,2
0.8900979325353645,0.6592216814149595,0.7826655052264808,4,HK,0.7033601427047564,0.6189714945686333,G.R-identity,0.638647710779706,14,1994,14,0.38690476190476186,7,2
0.8900979325353645,0.6592216814149595,0.7826655052264808,4,HK,0.7033601427047564,0.6189714945686333,G.R-zero-prior,0.638647710779706,14,1994,14,0.38690476190476186,7,2
0.8879216539717084,0.6576839966570597,0.7826655052264808,4,HK,0.702270797814147,0.6178693474078035,G.L-permute,0.6368537452288228,13,1994,14,0.38690476190476186,7,2
0.12731229597388466,0.12031422854935012,0.0,170,HK,0.0,0.05260010648062426,G.template-0,0.1403665999742418,24,1994,14,0.06666666666666667,7,8
0.08161044613710555,0.08872625767709295,0.006097560975609756,168,HK,0.011510372965360725,0.03331326890237539,G.template-1,0.10249770712734015,14,1994,14,0.03333333333333333,7,7
0.8835690968443961,0.6472075684544849,0.8510452961672474,4,HK,0.7128287836042986,0.60577151368981,P,0.6132346138356911,17,1994,14,0.3773809523809524,7,2
0.8813928182807399,0.6455901796957025,0.8510452961672474,4,HK,0.7115523202053742,0.6020342201899819,F,0.6113476602837785,18,1994,14,0.3773809523809524,7,2
0.8672470076169749,0.6377030987421078,0.8510452961672474,4,HK,0.7052802409035408,0.5866482546673949,F2,0.602146065837918,19,1994,14,0.3773809523809524,7,2
0.8490967056323061,0.7032345122093647,1.0,0,HK,0.7957896779237233,0.6144413820609864,G.V,0.6608394425249884,1,1994,16,0.5982142857142857,8,1
0.8947927736450585,0.7014695472169241,1.0,0,HK,0.794325376405255,0.6702639624988826,G.J,0.6588223396764847,0,1994,16,0.5401785714285714,8,2
0.8852284803400637,0.7007066206617347,1.0,0,HK,0.7936913121677603,0.6609145452141222,G.J1,0.6579504236134112,0,1994,16,0.5580357142857143,8,2
0.08076514346439957,0.08753296503368349,0.0,22,HK,0.0,0.029566992179173142,G.Z,0.10003767432420972,30,1994,16,0.05,8,10
0.8937300743889479,0.7027470549360908,1.0,0,HK,0.7953856150980214,0.6678391753670965,G.L,0.6602823484983895,0,1994,16,0.5401785714285714,8,2
0.8947927736450585,0.7014695472169241,1.0,0,HK,0.794325376405255,0.6702639624988826,G.R,0.6588223396764847,0,1994,16,0.5401785714285714,8,2
0.8916046758767269,0.7007943810741551,1.0,0,HK,0.7937642833270999,0.6653981346706309,G.R-no-gate,0.6580507212276059,0,1994,16,0.5401785714285714,8,2
0.8947927736450585,0.7014695472169241,1.0,0,HK,0.794325376405255,0.6702639624988826,G.R-identity,0.6588223396764847,0,1994,16,0.5401785714285714,8,2
0.8947927736450585,0.7014695472169241,1.0,0,HK,0.794325376405255,0.6702639624988826,G.R-zero-prior,0.6588223396764847,0,1994,16,0.5401785714285714,8,2
0.8916046758767269,0.7019978873188296,1.0,0,HK,0.7947640865845591,0.6673544707487352,G.L-permute,0.6594261569358053,0,1994,16,0.5401785714285714,8,2
0.1030818278427205,0.09509668197115094,0.0,21,HK,0.0,0.039022596901529774,G.template-0,0.10868192225274394,81,1994,16,0.05,8,11
0.07970244420828905,0.07763547546745633,0.0,22,HK,0.0,0.028516786354087113,G.template-1,0.08872625767709295,4,1994,16,0.025,8,9
0.8809776833156217,0.6891894756258097,1.0,0,HK,0.7840378006940059,0.6503481295974882,P,0.6447879721437825,0,1994,16,0.5330357142857143,8,2
0.8777895855472901,0.6868882083311448,1.0,0,HK,0.782090360368038,0.6474762143249819,F,0.6421579523784512,0,1994,16,0.5330357142857143,8,2
0.8703506907545164,0.6834825473073378,1.0,0,HK,0.7791968564338573,0.6412672224282558,F2,0.6382657683512433,0,1994,16,0.5330357142857143,8,2
0.8482060717571297,0.6455702537751884,0.6363636363636364,23,HK,0.6415005544583693,0.5839888803673852,G.V,0.6467210809516324,3,1994,18,0.4794642857142857,9,3
0.890524379024839,0.6947627536509101,0.7727272727272727,15,HK,0.7262335450815182,0.6626095041849864,G.J,0.6850171887663649,2,1994,18,0.5151785714285714,9,2
0.8785648574057038,0.6979262923579386,0.696969696969697,20,HK,0.6975073667757468,0.6545216479689459,G.J1,0.6980458667814687,1,1994,18,0.5580357142857143,9,2
0.06991720331186753,0.07780708002994088,0.0,146,HK,0.0,0.024430919129601582,G.Z,0.08753296503368349,0,1994,18,0.05,9,12
0.8923643054277829,0.6970553535210395,0.7727272727272727,15,HK,0.7276804258628427,0.6654530024905276,G.L,0.6875963636202604,1,1994,18,0.5151785714285714,9,2
0.890524379024839,0.6947627536509101,0.7727272727272727,15,HK,0.7262335450815182,0.6626095041849864,G.R,0.6850171887663649,2,1994,18,0.5151785714285714,9,2
0.889604415823367,0.6940975651808436,0.7575757575757576,16,HK,0.7201030917643476,0.6635221073799006,G.R-no-gate,0.6861627911314794,2,1994,18,0.5151785714285714,9,2
0.890524379024839,0.6947627536509101,0.7727272727272727,15,HK,0.7262335450815182,0.6626095041849864,G.R-identity,0.6850171887663649,2,1994,18,0.5151785714285714,9,2
0.890524379024839,0.6947627536509101,0.7727272727272727,15,HK,0.7262335450815182,0.6626095041849864,G.R-zero-prior,0.6850171887663649,2,1994,18,0.5151785714285714,9,2
0.8923643054277829,0.6984439421804524,0.7878787878787878,14,HK,0.73414042154142,0.6687698308503072,G.L-permute,0.6872645864681604,1,1994,18,0.5151785714285714,9,2
0.08923643054277829,0.08453038397435639,0.0,146,HK,0.0,0.03176496826985737,G.template-0,0.09509668197115094,6,1994,18,0.05,9,13
0.06899724011039558,0.06900931152662786,0.0,146,HK,0.0,0.023730351442049394,G.template-1,0.07763547546745633,0,1994,18,0.025,9,11
0.8785648574057038,0.6839205943482114,0.7531509788146956,17,HK,0.7120855781139542,0.6476664931571263,P,0.6752667962899008,3,1994,18,0.5080357142857144,9,2
0.8776448942042319,0.6833613940914935,0.7379994636631805,18,HK,0.7059300207752609,0.6486151344154247,F,0.6765316353950327,4,1994,18,0.5080357142857144,9,2
0.8684452621895125,0.667452967363748,0.7076964333601502,20,HK,0.6843114735272611,0.632606111783469,F2,0.6624225341141978,3,1994,18,0.4924107142857143,9,2
0.825751734772552,0.5990101279339426,0.8033333333333333,44,HK,0.6711414115831648,0.5525721805093596,G.V,0.5763075495562324,26,1994,20,0.3566964285714286,10,4
0.8619892058596762,0.6336938729037296,0.8666666666666667,37,HK,0.7145147336500983,0.5988872520281592,G.J,0.6078080069300699,25,1994,20,0.35892857142857143,10,3
0.8535080956052429,0.6388010350847666,0.855,39,HK,0.7152585648939417,0.5929013589897929,G.J1,0.614778927871963,24,1994,20,0.4017857142857143,10,3
0.06322282189668466,0.07552150730616844,0.1,183,HK,0.08426038101235617,0.026160609760531563,G.Z,0.07280167478463159,86,1994,20,0.05,10,13
0.8627602158828065,0.6392263112698229,0.8483333333333334,44,HK,0.7137302509735657,0.6019518302829627,G.L,0.6159921977072107,19,1994,20,0.35892857142857143,10,3
0.8619892058596762,0.6336938729037296,0.8666666666666667,37,HK,0.7145147336500983,0.5988872520281592,G.R,0.6078080069300699,25,1994,20,0.35892857142857143,10,3
0.8635312259059368,0.6336650601863922,0.8733333333333333,35,HK,0.7162325995873551,0.6014633567233902,G.R-no-gate,0.6070352520589544,25,1994,20,0.35892857142857143,10,3
0.8619892058596762,0.6336938729037296,0.8666666666666667,37,HK,0.7145147336500983,0.5988872520281592,G.R-identity,0.6078080069300699,25,1994,20,0.35892857142857143,10,3
0.8619892058596762,0.6336938729037296,0.8666666666666667,37,HK,0.7145147336500983,0.5988872520281592,G.R-zero-prior,0.6078080069300699,25,1994,20,0.35892857142857143,10,3
0.8650732459521974,0.637304553356505,0.8883333333333333,32,HK,0.7229015870416118,0.6009680021281534,G.L-permute,0.609412466692413,25,1994,20,0.35892857142857143,10,3
0.07478797224363917,0.07741247819054196,0.058333333333333334,187,HK,0.06730301246797998,0.02923242789703403,G.template-0,0.07953238317467626,87,1994,20,0.05,10,14
0.07324595219737856,0.07927018231985337,0.21666666666666667,169,HK,0.09881700729765491,0.03026351687293565,G.template-1,0.06400390628131856,126,1994,20,0.025,10,12
0.8527370855821126,0.6277038521827379,0.8683333333333333,35,HK,0.7103242152477519,0.5877065875464071,P,0.6009672431660051,24,1994,20,0.3674107142857143,10,3
0.8527370855821126,0.6268475210139067,0.8683333333333333,35,HK,0.7096591531248949,0.5869152778484032,F,0.6000157640895261,25,1994,20,0.3674107142857143,10,3
0.8404009252120278,0.6125600838857224,0.8266666666666667,43,HK,0.6877266480540434,0.5740724938969961,F2,0.5887704635767286,26,1994,20,0.3517857142857143,10,3
0.797997644287397,0.5821091587975448,0.6187548834607658,92,HK,0.5969407249193771,0.5203282691695976,G.V,0.5766123000980616,25,1994,23,0.33169642857142856,11,4
0.8421672555948174,0.6249115795649908,0.7091655621067385,71,HK,0.6571673056459673,0.5729839009297318,G.J,0.6122734821837287,18,1994,23,0.32767857142857143,11,4
0.8297997644287397,0.6179560390957721,0.6730208789032318,76,HK,0.63979550765122,0.5600229382808051,G.J1,0.6096963131246531,18,1994,23,0.3455357142857143,11,4
0.04652532391048292,0.060999200968040804,0.017429193899782137,371,HK,0.027707661089635433,0.02145667465925955,G.Z,0.0675347020282796,96,1994,23,0.05,11,16
0.8409893992932862,0.6279331948886672,0.7051554110377639,74,HK,0.6577687570751225,0.5756911138717359,G.L,0.6163498624663026,18,1994,23,0.32767857142857143,11,4
0.8421672555948174,0.6249115795649908,0.7091655621067385,71,HK,0.6571673056459673,0.5729839009297318,G.R,0.6122734821837287,18,1994,23,0.32767857142857143,11,4
0.8415783274440518,0.6301741430884239,0.7041150570562335,72,HK,0.6588668442922005,0.5758980685778671,G.R-no-gate,0.6190830059932524,18,1994,23,0.3455357142857143,11,4
0.8421672555948174,0.6249115795649908,0.7091655621067385,71,HK,0.6571673056459673,0.5729839009297318,G.R-identity,0.6122734821837287,18,1994,23,0.32767857142857143,11,4
0.8421672555948174,0.6249115795649908,0.7091655621067385,71,HK,0.6571673056459673,0.5729839009297318,G.R-zero-prior,0.6122734821837287,18,1994,23,0.32767857142857143,11,4
0.8451118963486455,0.6310537058970289,0.7257045786457552,68,HK,0.6668678644370173,0.5801162715679057,G.L-permute,0.61685607498472,19,1994,23,0.32767857142857143,11,4
0.05123674911660778,0.05844950912398996,0.008714596949891068,380,HK,0.015393820533725873,0.022195061252903037,G.template-0,0.0659097459501048,77,1994,23,0.05,11,16
0.05712603062426384,0.06910847045152126,0.010893246187363835,390,HK,0.019111918657188264,0.023533118816624923,G.template-1,0.07784075409114485,36,1994,23,0.025,11,15
0.8268551236749117,0.6112772365602367,0.6548995666642725,85,HK,0.6288177872802883,0.5552510872088553,P,0.6047338870446313,16,1994,23,0.3361607142857143,11,4
0.8268551236749117,0.6110958757646037,0.660741219564749,82,HK,0.6309061805379209,0.5559491555030193,F,0.6036490741945818,18,1994,23,0.3361607142857143,11,4
0.8091872791519434,0.603938104629644,0.6255400373047432,92,HK,0.6128672880404905,0.543089978402841,F2,0.6006978147283791,18,1994,23,0.3517857142857143,11,3
0.9814814814814815,0.98125,0.98125,0,HK,nan,0.9814638239444677,G.V,nan,0,1995,2,nan,1,0
0.9845679012345679,0.984375,0.984375,0,HK,nan,0.9845559845559846,G.J,nan,0,1995,2,nan,1,0
0.9814814814814815,0.98125,0.98125,0,HK,nan,0.9814638239444677,G.J1,nan,0,1995,2,nan,1,0
0.4660493827160494,0.4641768292682927,0.4641768292682927,0,HK,nan,0.4524835164835165,G.Z,nan,0,1995,2,nan,1,0
0.9845679012345679,0.984375,0.984375,0,HK,nan,0.9845559845559846,G.L,nan,0,1995,2,nan,1,0
0.9845679012345679,0.984375,0.984375,0,HK,nan,0.9845559845559846,G.R,nan,0,1995,2,nan,1,0
0.9845679012345679,0.984375,0.984375,0,HK,nan,0.9845559845559846,G.R-no-gate,nan,0,1995,2,nan,1,0
0.9845679012345679,0.984375,0.984375,0,HK,nan,0.9845559845559846,G.R-identity,nan,0,1995,2,nan,1,0
0.9845679012345679,0.984375,0.984375,0,HK,nan,0.9845559845559846,G.R-zero-prior,nan,0,1995,2,nan,1,0
0.9845679012345679,0.984375,0.984375,0,HK,nan,0.9845559845559846,G.L-permute,nan,0,1995,2,nan,1,0
0.5277777777777778,0.5304878048780488,0.5304878048780488,0,HK,nan,0.5053435114503817,G.template-0,nan,0,1995,2,nan,1,0
0.4104938271604938,0.40746951219512195,0.40746951219512195,0,HK,nan,0.37119341563786007,G.template-1,nan,0,1995,2,nan,1,0
0.9845679012345679,0.984375,0.984375,0,HK,nan,0.9845559845559846,P,nan,0,1995,2,nan,1,0
0.9845679012345679,0.984375,0.984375,0,HK,nan,0.9845559845559846,F,nan,0,1995,2,nan,1,0
0.9845679012345679,0.984375,0.984375,0,HK,nan,0.9845559845559846,F2,nan,0,1995,2,nan,1,0
0.9821428571428571,0.9891006097560976,1.0,0,HK,0.9889805039685597,0.950652826992997,G.V,0.9782012195121952,4,1995,4,1.0,2,0
0.9846938775510204,0.990625,1.0,0,HK,0.9905362776025236,0.988112521087797,G.J,0.98125,2,1995,4,1.0,2,0
0.9821428571428571,0.9890625,1.0,0,HK,0.9889415481832544,0.9865568312774096,G.J1,0.978125,2,1995,4,1.0,2,0
0.11479591836734694,0.16219512195121952,0.2625,5,HK,0.10016447368421053,0.09994092276087727,G.Z,0.061890243902439024,259,1995,4,0.125,2,0
0.9821428571428571,0.9890625,1.0,0,HK,0.9889415481832544,0.9865568312774096,G.L,0.978125,2,1995,4,1.0,2,0
0.9846938775510204,0.990625,1.0,0,HK,0.9905362776025236,0.988112521087797,G.R,0.98125,2,1995,4,1.0,2,0
0.9846938775510204,0.990625,1.0,0,HK,0.9905362776025236,0.988112521087797,G.R-no-gate,0.98125,2,1995,4,1.0,2,0
0.9846938775510204,0.990625,1.0,0,HK,0.9905362776025236,0.988112521087797,G.R-identity,0.98125,2,1995,4,1.0,2,0
0.9846938775510204,0.990625,1.0,0,HK,0.9905362776025236,0.988112521087797,G.R-zero-prior,0.98125,2,1995,4,1.0,2,0
0.9846938775510204,0.990625,1.0,0,HK,0.9905362776025236,0.988112521087797,G.L-permute,0.98125,2,1995,4,1.0,2,0
0.25255102040816324,0.2442327235772358,0.25416666666666665,9,HK,0.24382866951003848,0.1986437316052447,G.template-0,0.2342987804878049,222,1995,4,0.125,2,0
0.13520408163265307,0.24344512195121953,0.45,3,HK,0.06819035691922355,0.1054753384283563,G.template-1,0.03689024390243903,280,1995,4,0.25,2,0
0.9795918367346939,0.9875381097560976,1.0,0,HK,0.9873808513101532,0.9710866303890655,P,0.9750762195121951,3,1995,4,1.0,2,0
0.9821428571428571,0.9891006097560976,1.0,0,HK,0.9889805039685597,0.9726422518823097,F,0.9782012195121952,3,1995,4,1.0,2,0
0.9795918367346939,0.9875762195121951,1.0,0,HK,0.9874199274523423,0.9588013369573356,F2,0.9751524390243902,4,1995,4,1.0,2,0
0.9806201550387597,0.8201981707317074,0.4959349593495935,2,HK,0.6591128989944868,0.8019070442573768,G.V,0.9823297764227643,2,1995,6,0.5,3,1
0.9864341085271318,0.8267699864498645,0.4959349593495935,2,HK,0.6613171710273593,0.8239344858000667,G.J,0.9921875,0,1995,6,0.5,3,1
0.9864341085271318,0.8267699864498645,0.4959349593495935,2,HK,0.6613171710273593,0.8239344858000667,G.J1,0.9921875,0,1995,6,0.5,3,1
0.09302325581395349,0.10780826558265583,0.044715447154471545,113,HK,0.06770579092954492,0.07347998177750935,G.Z,0.13935467479674796,38,1995,6,0.0625,3,1
0.9864341085271318,0.8267699864498645,0.4959349593495935,2,HK,0.6613171710273593,0.8239344858000667,G.L,0.9921875,0,1995,6,0.5,3,1
0.9864341085271318,0.8267699864498645,0.4959349593495935,2,HK,0.6613171710273593,0.8239344858000667,G.R,0.9921875,0,1995,6,0.5,3,1
0.9864341085271318,0.8267699864498645,0.4959349593495935,2,HK,0.6613171710273593,0.8239344858000667,G.R-no-gate,0.9921875,0,1995,6,0.5,3,1
0.9864341085271318,0.8267699864498645,0.4959349593495935,2,HK,0.6613171710273593,0.8239344858000667,G.R-identity,0.9921875,0,1995,6,0.5,3,1
0.9864341085271318,0.8267699864498645,0.4959349593495935,2,HK,0.6613171710273593,0.8239344858000667,G.R-zero-prior,0.9921875,0,1995,6,0.5,3,1
0.9864341085271318,0.8267699864498645,0.4959349593495935,2,HK,0.6613171710273593,0.8239344858000667,G.L-permute,0.9921875,0,1995,6,0.5,3,1
0.17054263565891473,0.13944783197831978,0.13821138211382114,89,HK,0.13913253895617564,0.12080024862884757,G.template-0,0.14006605691056911,110,1995,6,0.0625,3,1
0.1065891472868217,0.16421070460704607,0.02032520325203252,119,HK,0.03742897755872061,0.07032948375902535,G.template-1,0.23615345528455284,35,1995,6,0.125,3,1
0.9844961240310077,0.825753726287263,0.4959349593495935,2,HK,0.6609782149947114,0.8136209729964085,P,0.9906631097560976,0,1995,6,0.5,3,1
0.9844961240310077,0.825753726287263,0.4959349593495935,2,HK,0.6609782149947114,0.8136209729964085,F,0.9906631097560976,0,1995,6,0.5,3,1
0.9825581395348837,0.8247374661246613,0.4959349593495935,2,HK,0.6606385631026234,0.804393696379759,F2,0.9891387195121951,0,1995,6,0.5,3,1
0.9686567164179104,0.8190739329268293,0.8780487804878049,10,HK,0.8368892049390014,0.788131837821391,G.V,0.7994156504065041,2,1995,8,0.4375,4,1
0.9791044776119403,0.8510035569105691,0.9268292682926829,6,HK,0.8733626554017373,0.8230364653658376,G.J,0.8257283197831978,1,1995,8,0.5,4,1
0.9776119402985075,0.8479547764227642,0.9146341463414633,7,HK,0.8679103710580467,0.817285650581842,G.J1,0.8257283197831978,1,1995,8,0.5,4,1
0.04477611940298507,0.052661331300813005,0.036585365853658534,151,HK,0.044874468080460944,0.03653417759243873,G.Z,0.058019986449864495,223,1995,8,0.0,4,3
0.9791044776119403,0.8510035569105691,0.9268292682926829,6,HK,0.8733626554017373,0.8230364653658376,G.L,0.8257283197831978,1,1995,8,0.5,4,1
0.9791044776119403,0.8510035569105691,0.9268292682926829,6,HK,0.8733626554017373,0.8230364653658376,G.R,0.8257283197831978,1,1995,8,0.5,4,1
0.9791044776119403,0.8510035569105691,0.9268292682926829,6,HK,0.8733626554017373,0.8230364653658376,G.R-no-gate,0.8257283197831978,1,1995,8,0.5,4,1
0.9791044776119403,0.8510035569105691,0.9268292682926829,6,HK,0.8733626554017373,0.8230364653658376,G.R-identity,0.8257283197831978,1,1995,8,0.5,4,1
0.9791044776119403,0.8510035569105691,0.9268292682926829,6,HK,0.8733626554017373,0.8230364653658376,G.R-zero-prior,0.8257283197831978,1,1995,8,0.5,4,1
0.982089552238806,0.8548335873983739,0.9390243902439024,5,HK,0.8793290913653004,0.8298945092611009,G.L-permute,0.8267699864498645,1,1995,8,0.5,4,1
0.06417910447761194,0.06333841463414634,0.06097560975609756,149,HK,0.06251114501396841,0.04799828158634027,G.template-0,0.06412601626016261,205,1995,8,0.0,4,3
0.07462686567164178,0.11879446138211383,0.13414634146341464,143,HK,0.12306642117782966,0.053728855361216646,G.template-1,0.11367716802168021,245,1995,8,0.0625,4,2
0.9776119402985075,0.8502413617886179,0.9268292682926829,6,HK,0.872793878841497,0.8187017027696041,P,0.8247120596205962,1,1995,8,0.5,4,1
0.9776119402985075,0.8502413617886179,0.9268292682926829,6,HK,0.872793878841497,0.8187017027696041,F,0.8247120596205962,1,1995,8,0.5,4,1
0.9761194029850746,0.8494791666666666,0.9268292682926829,6,HK,0.8722244418794488,0.8178111369385663,F2,0.8236957994579946,1,1995,8,0.5,4,1
0.9715639810426541,0.8514754702694086,0.9967320261437909,1,HK,0.8968490358918603,0.8231530727543399,G.V,0.815161331300813,3,1995,10,0.4375,5,1
0.981042654028436,0.8766971544715446,1.0,0,HK,0.9165009256264324,0.8475620679804369,G.J,0.8458714430894309,3,1995,10,0.5,5,1
0.9786729857819905,0.8754471544715446,1.0,0,HK,0.9155829843508926,0.8429371622361381,G.J1,0.8443089430894308,5,1995,10,0.5,5,1
0.05924170616113744,0.05465360331124321,0.10550887021475257,127,HK,0.06002115713632234,0.04314591203859184,G.Z,0.04193978658536585,131,1995,10,0.0,5,3
0.9786729857819905,0.8754471544715446,1.0,0,HK,0.9155829843508926,0.8429371622361381,G.L,0.8443089430894308,5,1995,10,0.5,5,1
0.981042654028436,0.8766971544715446,1.0,0,HK,0.9165009256264324,0.8475620679804369,G.R,0.8458714430894309,3,1995,10,0.5,5,1
0.981042654028436,0.8766971544715446,1.0,0,HK,0.9165009256264324,0.8475620679804369,G.R-no-gate,0.8458714430894309,3,1995,10,0.5,5,1
0.981042654028436,0.8766971544715446,1.0,0,HK,0.9165009256264324,0.8475620679804369,G.R-identity,0.8458714430894309,3,1995,10,0.5,5,1
0.981042654028436,0.8766971544715446,1.0,0,HK,0.9165009256264324,0.8475620679804369,G.R-zero-prior,0.8458714430894309,3,1995,10,0.5,5,1
0.981042654028436,0.8785111788617886,1.0,0,HK,0.9178302992394431,0.849808140600625,G.L-permute,0.8481389735772358,4,1995,10,0.5,5,1
0.04976303317535545,0.05459779440231377,0.12791783380018673,125,HK,0.05651282351364599,0.03795351990993313,G.template-0,0.03626778455284553,184,1995,10,0.0,5,4
0.06753554502369669,0.09689990833731868,0.03594771241830065,153,HK,0.05444285119570748,0.04599122829306664,G.template-1,0.11213795731707318,46,1995,10,0.0625,5,3
0.9774881516587678,0.8766514227642276,1.0,0,HK,0.9164673697974913,0.8434144829761865,P,0.8458142784552845,6,1995,10,0.5,5,1
0.976303317535545,0.8760416666666666,1.0,0,HK,0.9160197600564572,0.8397347076689018,F,0.8450520833333333,5,1995,10,0.5,5,1
0.9703791469194313,0.8672205284552845,1.0,0,HK,0.909502716892526,0.8289290615764969,F2,0.8340256605691057,6,1995,10,0.5,5,1
0.9506462984723855,0.7956657951120829,0.65,1,HK,0.727040548387223,0.7373337940730179,G.V,0.8247989541344994,12,1995,12,0.54375,6,1
0.9776733254994124,0.8142503918911738,0.5,1,HK,0.6369182853432744,0.7773187131565198,G.J,0.8771004702694085,2,1995,12,0.5,6,2
0.9717978848413631,0.8083745981454914,0.5,2,HK,0.6350496872462214,0.7682555177517224,G.J1,0.8700495177745896,4,1995,12,0.5,6,2
0.045828437132784956,0.06752957449917636,0.2,4,HK,0.06809866796184728,0.02976478631213707,G.Z,0.04103548939901164,166,1995,12,0.1,6,5
0.9753231492361927,0.8132087252245072,0.5,1,HK,0.6365884150898362,0.7720640554638952,G.L,0.8758504702694087,2,1995,12,0.5,6,2
0.9776733254994124,0.8142503918911738,0.5,1,HK,0.6369182853432744,0.7773187131565198,G.R,0.8771004702694085,2,1995,12,0.5,6,2
0.9776733254994124,0.8142503918911738,0.5,1,HK,0.6369182853432744,0.7773187131565198,G.R-no-gate,0.8771004702694085,2,1995,12,0.5,6,2
0.9776733254994124,0.8142503918911738,0.5,1,HK,0.6369182853432744,0.7773187131565198,G.R-identity,0.8771004702694085,2,1995,12,0.5,6,2
0.9776733254994124,0.8142503918911738,0.5,1,HK,0.6369182853432744,0.7773187131565198,G.R-zero-prior,0.8771004702694085,2,1995,12,0.5,6,2
0.9753231492361927,0.8123168406929168,0.5,1,HK,0.6363055004807081,0.7745760193346237,G.L-permute,0.8747802088315002,3,1995,12,0.5,6,2
0.043478260869565216,0.0774464968914395,0.3,3,HK,0.059355220986291035,0.02780907837959049,G.template-0,0.0329357962697274,237,1995,12,0.15,6,6
0.06462984723854288,0.1110603811307721,0.2,5,HK,0.12721611595924193,0.0418701998626115,G.template-1,0.0932724573569265,91,1995,12,0.13125,6,4
0.9682726204465335,0.8057459975860263,0.5,2,HK,0.6342075083301075,0.7605363072823231,P,0.8668951971032316,7,1995,12,0.5,6,2
0.9659224441833137,0.7920186214729794,0.4,3,HK,0.5481152617740995,0.7526393113299994,F,0.8704223457675753,5,1995,12,0.45,6,2
0.9612220916568742,0.7840715927292327,0.4,2,HK,0.546210186711978,0.7393638943835251,F2,0.8608859112750791,8,1995,12,0.45,6,2
0.9231638418079096,0.6760359834990908,0.16666666666666666,20,HK,0.27344145848329193,0.6341472626913882,G.V,0.7609308696378281,1,1995,14,0.355,7,2
0.9548022598870056,0.7015621788257062,0.25757575757575757,16,HK,0.38671674592063554,0.6713258972980137,G.J,0.7755599157006975,5,1995,14,0.32,7,3
0.9468926553672317,0.6904991311010731,0.21212121212121213,19,HK,0.33263473085956496,0.6545104630977026,G.J1,0.7702287842643832,5,1995,14,0.32,7,3
0.04406779661016949,0.05788249242786546,0.0,34,HK,0.0,0.025214957608299955,G.Z,0.06752957449917636,7,1995,14,0.08,7,7
0.9548022598870056,0.7032802524187797,0.2727272727272727,15,HK,0.4034760119244475,0.6723649314789135,G.L,0.7750390823673642,6,1995,14,0.32,7,3
0.9548022598870056,0.7015621788257062,0.25757575757575757,16,HK,0.38671674592063554,0.6713258972980137,G.R,0.7755599157006975,5,1995,14,0.32,7,3
0.9536723163841808,0.6993976766612039,0.24242424242424243,17,HK,0.3693859546196894,0.6684207414516814,G.R-no-gate,0.7755599157006975,5,1995,14,0.32,7,3
0.9548022598870056,0.7015621788257062,0.25757575757575757,16,HK,0.38671674592063554,0.6713258972980137,G.R-identity,0.7755599157006975,5,1995,14,0.32,7,3
0.9548022598870056,0.7015621788257062,0.25757575757575757,16,HK,0.38671674592063554,0.6713258972980137,G.R-zero-prior,0.7755599157006975,5,1995,14,0.32,7,3
0.9559322033898305,0.7037266809902082,0.2727272727272727,15,HK,0.4035465528541627,0.675844251654068,G.L-permute,0.7755599157006975,6,1995,14,0.32,7,3
0.04180790960451977,0.06638271162123385,0.0,34,HK,0.0,0.023754517332943835,G.template-0,0.0774464968914395,18,1995,14,0.12,7,8
0.061016949152542375,0.09345245211905902,0.0,34,HK,0.0,0.0345919153531701,G.template-1,0.10902786080556885,2,1995,14,0.10500000000000001,7,6
0.9389830508474576,0.6810228526000202,0.19696969696969696,20,HK,0.31299988522826594,0.6421104215237691,P,0.7616983785384073,3,1995,14,0.32,7,3
0.9378531073446328,0.6771607016790456,0.16666666666666666,22,HK,0.2735260613174019,0.6380301126475137,F,0.7622430408477755,4,1995,14,0.32,7,3
0.9299435028248587,0.6712110250604307,0.16666666666666666,22,HK,0.2730757860428581,0.630677650550166,F2,0.7553017514593914,3,1995,14,0.32,7,3
0.8622129436325678,0.6027040369686307,0.27489177489177485,61,HK,0.3862972850816414,0.5561774252933331,G.V,0.6495343601224673,7,1995,16,0.3172619047619048,8,3
0.9102296450939458,0.6574478047408912,0.5054112554112554,40,HK,0.5795458624523938,0.6180992318510637,G.J,0.679167311787982,18,1995,16,0.3327380952380952,8,3
0.8966597077244259,0.6489851704493697,0.5238095238095238,46,HK,0.5867443797100027,0.6070412453783126,G.J1,0.6668674056836335,16,1995,16,0.35654761904761906,8,3
0.0407098121085595,0.050647180874382275,0.0,73,HK,0.0,0.021206445480514303,G.Z,0.05788249242786546,3,1995,16,0.06666666666666667,8,9
0.907098121085595,0.653134019567731,0.49783549783549785,41,HK,0.5731519277342907,0.6141042390372635,G.L,0.6753195226723357,17,1995,16,0.3327380952380952,8,3
0.9102296450939458,0.6574478047408912,0.5054112554112554,40,HK,0.5795458624523938,0.6180992318510637,G.R,0.679167311787982,18,1995,16,0.3327380952380952,8,3
0.907098121085595,0.6598871590857334,0.5692640692640693,40,HK,0.6167307581948533,0.6205968668172576,G.R-no-gate,0.6728333147745426,17,1995,16,0.35654761904761906,8,3
0.9102296450939458,0.6574478047408912,0.5054112554112554,40,HK,0.5795458624523938,0.6180992318510637,G.R-identity,0.679167311787982,18,1995,16,0.3327380952380952,8,3
0.9102296450939458,0.6574478047408912,0.5054112554112554,40,HK,0.5795458624523938,0.6180992318510637,G.R-zero-prior,0.679167311787982,18,1995,16,0.3327380952380952,8,3
0.9081419624217119,0.6514954237885102,0.5054112554112554,40,HK,0.5770548496162035,0.6133218543028841,G.L-permute,0.6723645906995467,17,1995,16,0.3327380952380952,8,3
0.03966597077244259,0.05903184236554933,0.007575757575757576,72,HK,0.0135995062073121,0.02171092065540308,G.template-0,0.06638271162123385,1,1995,16,0.09999999999999999,8,9
0.05636743215031315,0.08177089560417662,0.0,72,HK,0.0,0.028993478932957922,G.template-1,0.09345245211905902,3,1995,16,0.08750000000000001,8,8
0.8903966597077244,0.6321102636130209,0.5162337662337663,47,HK,0.574921303217903,0.5969449035320937,P,0.6486640489529145,16,1995,16,0.32321428571428573,8,3
0.894572025052192,0.6354722381376794,0.5313852813852814,45,HK,0.5848762656671276,0.599026737477708,F,0.6503418033880219,15,1995,16,0.32321428571428573,8,3
0.8810020876826722,0.622039471853967,0.5010822510822511,49,HK,0.5618222881624128,0.5858778965273035,F2,0.639319074821355,14,1995,16,0.32321428571428573,8,3
0.8562925170068028,0.5942580058607423,0.7049180327868853,36,HK,0.6366428774364586,0.5502928347878149,G.V,0.5804255024949744,11,1995,18,0.2517857142857143,9,3
0.8979591836734694,0.6575351195877741,0.7868852459016393,26,HK,0.7067126284020909,0.6148264486561783,G.J,0.6413663537985409,5,1995,18,0.3119047619047619,9,3
0.8894557823129252,0.6519896850439388,0.7704918032786885,28,HK,0.697521492225061,0.6070784613907618,G.J1,0.6371769202645952,7,1995,18,0.3357142857142857,9,3
0.058673469387755105,0.07591538428340416,0.3342382792106087,150,HK,0.07717686454611669,0.026290906469246075,G.Z,0.04362502241750359,377,1995,18,0.06666666666666667,9,11
0.8996598639455783,0.6603653217470979,0.8051059830844732,25,HK,0.7145298146044835,0.6187299317871919,G.L,0.6422727390799261,7,1995,18,0.3119047619047619,9,3
0.8979591836734694,0.6575351195877741,0.7868852459016393,26,HK,0.7067126284020909,0.6148264486561783,G.R,0.6413663537985409,5,1995,18,0.3119047619047619,9,3
0.8962585034013606,0.650804266955282,0.7786885245901639,27,HK,0.699431942324545,0.6123795747497613,G.R-no-gate,0.6348187347509218,6,1995,18,0.3023809523809524,9,3
0.8979591836734694,0.6575351195877741,0.7868852459016393,26,HK,0.7067126284020909,0.6148264486561783,G.R-identity,0.6413663537985409,5,1995,18,0.3119047619047619,9,3
0.8979591836734694,0.6575351195877741,0.7868852459016393,26,HK,0.7067126284020909,0.6148264486561783,G.R-zero-prior,0.6413663537985409,5,1995,18,0.3119047619047619,9,3
0.8988095238095238,0.6556262967773119,0.7786885245901639,27,HK,0.7027119912357008,0.6183076607561172,G.L-permute,0.6402435183007054,6,1995,18,0.3119047619047619,9,3
0.05102040816326531,0.06804004494927579,0.32604155789913336,130,HK,0.0644995426554847,0.019905025500787196,G.template-0,0.0357898558305436,403,1995,18,0.06666666666666667,9,11
0.07397959183673469,0.08552749002138826,0.4212175002610421,152,HK,0.07896516439162211,0.029911299721142877,G.template-1,0.043566238741431534,387,1995,18,0.03333333333333333,9,11
0.8809523809523809,0.6349804576757083,0.7509136472799416,31,HK,0.6794993147617078,0.5904594166688921,P,0.6204888089751791,6,1995,18,0.3023809523809524,9,3
0.8835034013605442,0.6379966205536278,0.7559256552156208,31,HK,0.6832094780082877,0.5945259299252964,F,0.6232554912208786,7,1995,18,0.3023809523809524,9,3
0.8715986394557823,0.6259378328750635,0.7477289339041453,32,HK,0.6723116506526149,0.5817165243926382,F2,0.6107139452464283,6,1995,18,0.3023809523809524,9,3
0.8524229074889867,0.5653495492875873,0.48626373626373626,9,HK,0.5265593702334653,0.5246146518993358,G.V,0.5741368618457929,25,1995,20,0.21581632653061225,10,4
0.8986784140969163,0.6309129687493498,0.49725274725274726,5,HK,0.56186043896239,0.5950263807064011,G.J,0.6457641044711945,17,1995,20,0.2673469387755102,10,4
0.8869309838472834,0.6248380081917299,0.49725274725274726,5,HK,0.5592903252190926,0.5848569941462969,G.J1,0.6390141482960613,26,1995,20,0.28775510204081634,10,4
0.05066079295154185,0.06832384585506375,0.0,186,HK,0.0,0.022447036448793443,G.Z,0.07591538428340416,10,1995,20,0.05714285714285715,10,13
0.8972099853157122,0.6310399321229372,0.49725274725274726,5,HK,0.5619138291514386,0.5936865904566851,G.L,0.6459051748862916,16,1995,20,0.2673469387755102,10,4
0.8986784140969163,0.6309129687493498,0.49725274725274726,5,HK,0.56186043896239,0.5950263807064011,G.R,0.6457641044711945,17,1995,20,0.2673469387755102,10,4
0.8972099853157122,0.6357210022459079,0.49725274725274726,5,HK,0.5638731387441412,0.5988510712923077,G.R-no-gate,0.6511063639118145,20,1995,20,0.28775510204081634,10,4
0.8986784140969163,0.6309129687493498,0.49725274725274726,5,HK,0.56186043896239,0.5950263807064011,G.R-identity,0.6457641044711945,17,1995,20,0.2673469387755102,10,4
0.8986784140969163,0.6309129687493498,0.49725274725274726,5,HK,0.56186043896239,0.5950263807064011,G.R-zero-prior,0.6457641044711945,17,1995,20,0.2673469387755102,10,4
0.9016152716593245,0.6365703607800295,0.49725274725274726,5,HK,0.5642267456369382,0.6015921879045214,G.L-permute,0.6520500956163942,16,1995,20,0.2673469387755102,10,4
0.04405286343612335,0.06123604045434822,0.0,186,HK,0.0,0.017058490270311637,G.template-0,0.06804004494927579,13,1995,20,0.05714285714285715,10,13
0.06387665198237885,0.07697474101924943,0.0,186,HK,0.0,0.02480333423270576,G.template-1,0.08552749002138826,7,1995,20,0.028571428571428574,10,13
0.881791483113069,0.610726327781814,0.5,4,HK,0.5547756226083569,0.5712595219806209,P,0.6230292530909045,23,1995,20,0.2591836734693878,10,4
0.882525697503671,0.6113912283212709,0.5,4,HK,0.5550683183727826,0.573839947055306,F,0.6237680314680788,26,1995,20,0.2591836734693878,10,4
0.8737151248164464,0.6164078554792141,0.625,3,HK,0.6201898490330972,0.5720090088628403,F2,0.6154531727546824,35,1995,20,0.2948979591836735,10,3
0.797997644287397,0.5821091587975447,0.8763636363636363,58,HK,0.6666855250881474,0.5203282691695975,G.V,0.5379709871626309,95,1995,23,0.33169642857142856,11,4
0.8415783274440518,0.6249355552192831,0.8713131313131313,60,HK,0.7021401272606517,0.5762697492668913,G.J,0.5879789188052058,72,1995,23,0.32767857142857143,11,4
0.8292108362779741,0.6185094430198748,0.8753535353535353,58,HK,0.6976944056839075,0.5632368572142418,G.J1,0.5799828291698257,82,1995,23,0.3455357142857143,11,4
0.04652532391048292,0.060999200968040804,0.03232323232323232,306,HK,0.043242031672809746,0.021456674659259555,G.Z,0.06530059626476208,70,1995,23,0.05,11,16
0.8380447585394581,0.6251701859676452,0.8703030303030302,60,HK,0.7021119817289776,0.5730310918772994,G.L,0.5884002593173374,73,1995,23,0.32767857142857143,11,4
0.8421672555948174,0.6252254102917468,0.8735353535353535,59,HK,0.7028605637730749,0.5766508054162055,G.R,0.5879789188052058,72,1995,23,0.32767857142857143,11,4
0.8421672555948174,0.6321894607340581,0.8735353535353535,59,HK,0.7085513371214398,0.5796031176105502,G.R-no-gate,0.5959875768138637,72,1995,23,0.3455357142857143,11,4
0.8421672555948174,0.6252254102917468,0.8735353535353535,59,HK,0.7028605637730749,0.5766508054162055,G.R-identity,0.5879789188052058,72,1995,23,0.32767857142857143,11,4
0.8421672555948174,0.6252254102917468,0.8735353535353535,59,HK,0.7028605637730749,0.5766508054162055,G.R-zero-prior,0.5879789188052058,72,1995,23,0.32767857142857143,11,4
0.8451118963486455,0.629237809224193,0.8781818181818183,57,HK,0.7071631284820147,0.5791168308099796,G.L-permute,0.5918962078805493,71,1995,23,0.32767857142857143,11,4
0.05123674911660778,0.058449509123989975,0.06868686868686869,249,HK,0.06224862811845738,0.022195061252903034,G.template-0,0.05691390518955817,125,1995,23,0.05,11,16
0.05712603062426384,0.06910847045152126,0.022222222222222223,324,HK,0.03440359579022109,0.023533118816624923,G.template-1,0.07614140768591611,37,1995,23,0.025,11,15
0.8268551236749117,0.6112772365602367,0.8864646464646464,53,HK,0.6938505203742845,0.5552510872088553,P,0.5699991250745752,83,1995,23,0.3361607142857143,11,4
0.8250883392226148,0.6131857149582831,0.8731313131313131,59,HK,0.6927906130624136,0.5571741053813829,F,0.5741938752323286,81,1995,23,0.3361607142857143,11,4
0.8121319199057715,0.6087719877254576,0.874949494949495,58,HK,0.6894483099184135,0.5468005774888757,F2,0.568845361641852,93,1995,23,0.3517857142857143,11,3
0.8823529411764706,0.8822062084257206,0.8822062084257206,0,ISIC,nan,0.8822062084257206,B.V,nan,0,1993,2,nan,1,0
0.9764705882352941,0.975609756097561,0.975609756097561,0,ISIC,nan,0.9763888888888889,B.J,nan,0,1993,2,nan,1,0
0.9764705882352941,0.975609756097561,0.975609756097561,0,ISIC,nan,0.9763888888888889,B.J1,nan,0,1993,2,nan,1,0
0.7764705882352941,0.7749445676274944,0.7749445676274944,0,ISIC,nan,0.7753512310474335,B.Z,nan,0,1993,2,nan,1,0
0.9647058823529412,0.9634146341463414,0.9634146341463414,0,ISIC,nan,0.9645291417443316,B.L,nan,0,1993,2,nan,1,0
0.9764705882352941,0.975609756097561,0.975609756097561,0,ISIC,nan,0.9763888888888889,B.R,nan,0,1993,2,nan,1,0
0.9764705882352941,0.975609756097561,0.975609756097561,0,ISIC,nan,0.9763888888888889,B.R-no-gate,nan,0,1993,2,nan,1,0
0.9764705882352941,0.975609756097561,0.975609756097561,0,ISIC,nan,0.9763888888888889,B.R-identity,nan,0,1993,2,nan,1,0
0.9764705882352941,0.975609756097561,0.975609756097561,0,ISIC,nan,0.9763888888888889,B.R-zero-prior,nan,0,1993,2,nan,1,0
0.9764705882352941,0.975609756097561,0.975609756097561,0,ISIC,nan,0.9763888888888889,B.L-permute,nan,0,1993,2,nan,1,0
0.7411764705882353,0.7433481152993349,0.7433481152993349,0,ISIC,nan,0.7408536585365854,B.template-0,nan,0,1993,2,nan,1,0
0.7647058823529411,0.7594235033259423,0.7594235033259423,0,ISIC,nan,0.7571428571428571,B.template-1,nan,0,1993,2,nan,1,0
0.6308724832214765,0.6120565410199557,0.45,29,ISIC,0.5691482135579405,0.6113219924496709,B.V,0.7741130820399114,17,1993,4,0.5,2,0
0.7583892617449665,0.7325480413895048,0.6333333333333333,17,ISIC,0.7191106178507017,0.7456494057724957,B.J,0.8317627494456763,14,1993,4,0.5416666666666666,2,0
0.785234899328859,0.765160753880266,0.675,17,ISIC,0.7545368928170393,0.7769610751912299,B.J1,0.8553215077605322,12,1993,4,0.625,2,0
0.3825503355704698,0.38528732446415376,0.2791666666666667,38,ISIC,0.35605824451185153,0.35943719346303016,B.Z,0.49140798226164084,33,1993,4,0.4583333333333333,2,0
0.7583892617449665,0.7325480413895048,0.6333333333333333,17,ISIC,0.7191106178507017,0.7452423891247167,B.L,0.8317627494456763,13,1993,4,0.5416666666666666,2,0
0.7583892617449665,0.7325480413895048,0.6333333333333333,17,ISIC,0.7191106178507017,0.7456494057724957,B.R,0.8317627494456763,14,1993,4,0.5416666666666666,2,0
0.7583892617449665,0.7325480413895048,0.6333333333333333,17,ISIC,0.7191106178507017,0.7456494057724957,B.R-no-gate,0.8317627494456763,14,1993,4,0.5416666666666666,2,0
0.7583892617449665,0.7325480413895048,0.6333333333333333,17,ISIC,0.7191106178507017,0.7456494057724957,B.R-identity,0.8317627494456763,14,1993,4,0.5416666666666666,2,0
0.7583892617449665,0.7325480413895048,0.6333333333333333,17,ISIC,0.7191106178507017,0.7456494057724957,B.R-zero-prior,0.8317627494456763,14,1993,4,0.5416666666666666,2,0
0.7785234899328859,0.7547440872135994,0.6541666666666667,17,ISIC,0.7413411103698581,0.766868507116734,B.L-permute,0.8553215077605322,12,1993,4,0.5833333333333334,2,0
0.3422818791946309,0.3907058388765706,0.4166666666666667,27,ISIC,0.38898084653582404,0.2984088867107735,B.template-0,0.3647450110864745,45,1993,4,0.8333333333333334,2,1
0.3825503355704698,0.3477134146341463,0.1375,48,ISIC,0.220626918018413,0.3302503061383165,B.template-1,0.5579268292682926,23,1993,4,0.125,2,0
0.5801886792452831,0.5883945048579196,0.6642411642411643,22,ISIC,0.6020283196464863,0.5754185490261835,B.V,0.5504711751662972,19,1993,6,0.7115384615384616,3,0
0.6745283018867925,0.6722945762579909,0.6663201663201663,21,ISIC,0.6707710429352993,0.686639297458011,B.J,0.6752817812269032,15,1993,6,0.7147435897435898,3,0
0.6792452830188679,0.6762579908921372,0.6663201663201663,21,ISIC,0.6736910846408025,0.6908639122112749,B.J1,0.6812269031781227,13,1993,6,0.7147435897435898,3,0
0.33962264150943394,0.3423617545568765,0.31392931392931395,41,ISIC,0.333897277131149,0.33481907820143114,B.Z,0.35657797487065784,12,1993,6,0.40064102564102566,3,0
0.6839622641509434,0.680526283575064,0.6663201663201663,21,ISIC,0.6768070667021189,0.6950513739228644,B.L,0.6876293422025129,15,1993,6,0.7147435897435898,3,0
0.6745283018867925,0.6722945762579909,0.6663201663201663,21,ISIC,0.6707710429352993,0.686639297458011,B.R,0.6752817812269032,15,1993,6,0.7147435897435898,3,0
0.6745283018867925,0.6722945762579909,0.6663201663201663,21,ISIC,0.6707710429352993,0.6849674779229141,B.R-no-gate,0.6752817812269032,14,1993,6,0.7147435897435898,3,0
0.6745283018867925,0.6722945762579909,0.6663201663201663,21,ISIC,0.6707710429352993,0.686639297458011,B.R-identity,0.6752817812269032,15,1993,6,0.7147435897435898,3,0
0.6745283018867925,0.6722945762579909,0.6663201663201663,21,ISIC,0.6707710429352993,0.686639297458011,B.R-zero-prior,0.6752817812269032,15,1993,6,0.7147435897435898,3,0
0.6839622641509434,0.6806279095913242,0.6663201663201663,21,ISIC,0.6768808976152221,0.6952861298566702,B.L-permute,0.6877817812269033,15,1993,6,0.7147435897435898,3,0
0.30660377358490565,0.3431788858618127,0.4698544698544699,27,ISIC,0.3507679521251043,0.2925598729520298,B.template-0,0.2798410938654841,31,1993,6,0.5993589743589745,3,1
0.3160377358490566,0.2887279634230854,0.18295218295218296,52,ISIC,0.23828888455238975,0.2815270146238487,B.template-1,0.3416158536585366,3,1993,6,0.1778846153846154,3,0
0.49491525423728816,0.5108398055375786,0.45505287896592245,44,ISIC,0.48943419273303057,0.4946028317948572,B.V,0.5294354477281307,29,1993,8,0.6939102564102564,4,0
0.6169491525423729,0.62613560995719,0.536427732079906,37,ISIC,0.590234207927348,0.6349655079636796,B.J,0.6560382359162847,19,1993,8,0.733974358974359,4,0
0.6033898305084746,0.6123623176380335,0.5011750881316098,40,ISIC,0.5657492563654021,0.6211160308530084,B.J1,0.649424727473508,19,1993,8,0.7147435897435898,4,0
0.2271186440677966,0.23239363298681964,0.22179788484136312,58,ISIC,0.22864369129139883,0.22127793294632064,B.Z,0.23592554903530513,62,1993,8,0.26121794871794873,4,0
0.6067796610169491,0.6165072315788116,0.536427732079906,37,ISIC,0.5849818633399276,0.6237811295847011,B.L,0.6432003980784469,19,1993,8,0.733974358974359,4,0
0.6135593220338983,0.6227572315788117,0.5229142185663924,38,ISIC,0.5819602311856915,0.6315521544799936,B.R,0.6560382359162847,19,1993,8,0.733974358974359,4,0
0.6101694915254238,0.6193788532004332,0.5229142185663924,38,ISIC,0.5801811004688096,0.6284510500092279,B.R-no-gate,0.6515337314117803,19,1993,8,0.733974358974359,4,0
0.6135593220338983,0.6227572315788117,0.5229142185663924,38,ISIC,0.5819602311856915,0.6315521544799936,B.R-identity,0.6560382359162847,19,1993,8,0.733974358974359,4,0
0.6169491525423729,0.62613560995719,0.536427732079906,37,ISIC,0.590234207927348,0.6349655079636796,B.R-zero-prior,0.6560382359162847,19,1993,8,0.733974358974359,4,0
0.6101694915254238,0.6186416466142075,0.5337837837837838,36,ISIC,0.5849345862501062,0.6291887692565906,B.L-permute,0.6469276008910155,20,1993,8,0.733974358974359,4,0
0.26101694915254237,0.29218840368429444,0.30581668625146885,55,ISIC,0.29645297770077317,0.24470720637595902,B.template-0,0.2876456428285697,53,1993,8,0.5592948717948718,4,1
0.20677966101694914,0.1893300885712073,0.16509988249118684,64,ISIC,0.17981374058236105,0.1664882390718997,B.template-1,0.19740682393121414,60,1993,8,0.060897435897435896,4,0
0.75,0.7,0.7,0,ISIC,nan,0.7090909090909091,B.V,nan,0,1994,2,0.5,1,0
0.796875,0.7291666666666666,0.7291666666666666,0,ISIC,nan,0.7443932411674348,B.J,nan,0,1994,2,0.4583333333333333,1,0
0.78125,0.725,0.725,0,ISIC,nan,0.7380116959064327,B.J1,nan,0,1994,2,0.5,1,0
0.640625,0.6625,0.6625,0,ISIC,nan,0.6384180790960452,B.Z,nan,0,1994,2,0.75,1,0
0.8125,0.75,0.75,0,ISIC,nan,0.7681159420289855,B.L,nan,0,1994,2,0.5,1,0
0.796875,0.7291666666666666,0.7291666666666666,0,ISIC,nan,0.7443932411674348,B.R,nan,0,1994,2,0.4583333333333333,1,0
0.796875,0.7291666666666666,0.7291666666666666,0,ISIC,nan,0.7443932411674348,B.R-no-gate,nan,0,1994,2,0.4583333333333333,1,0
0.796875,0.7291666666666666,0.7291666666666666,0,ISIC,nan,0.7443932411674348,B.R-identity,nan,0,1994,2,0.4583333333333333,1,0
0.796875,0.7291666666666666,0.7291666666666666,0,ISIC,nan,0.7443932411674348,B.R-zero-prior,nan,0,1994,2,0.4583333333333333,1,0
0.796875,0.7291666666666666,0.7291666666666666,0,ISIC,nan,0.7443932411674348,B.L-permute,nan,0,1994,2,0.4583333333333333,1,0
0.4375,0.55,0.55,0,ISIC,nan,0.37662337662337664,B.template-0,nan,0,1994,2,1.0,1,0
0.6875,0.6,0.6,0,ISIC,nan,0.5833333333333333,B.template-1,nan,0,1994,2,0.25,1,0
0.528169014084507,0.5268100417490662,0.44528675016479896,21,ISIC,0.5141943994035484,0.5298295454545454,B.V,0.6083333333333334,17,1994,4,0.5416666666666666,2,0
0.5774647887323944,0.5641012964183696,0.5115359261700725,14,ISIC,0.5592030305095969,0.5743289280847453,B.J,0.6166666666666667,15,1994,4,0.4583333333333333,2,0
0.5704225352112676,0.5576988573939794,0.523731048121292,14,ISIC,0.5556299772958969,0.5673405734470708,B.J1,0.5916666666666667,16,1994,4,0.4583333333333333,2,0
0.352112676056338,0.36045511975390027,0.31674357284113386,33,ISIC,0.3551543229867146,0.35151968284879676,B.Z,0.4041666666666667,22,1994,4,0.4583333333333333,2,0
0.5633802816901409,0.5512469786860031,0.4858272907053395,16,ISIC,0.543483243480254,0.5607561676073474,B.L,0.6166666666666667,15,1994,4,0.4583333333333333,2,0
0.5774647887323944,0.5641012964183696,0.5115359261700725,14,ISIC,0.5592030305095969,0.5743289280847453,B.R,0.6166666666666667,15,1994,4,0.4583333333333333,2,0
0.5704225352112676,0.5573445396616129,0.498022412656559,15,ISIC,0.5510304655082349,0.5669590643274853,B.R-no-gate,0.6166666666666667,15,1994,4,0.4583333333333333,2,0
0.5774647887323944,0.5641012964183696,0.5115359261700725,14,ISIC,0.5592030305095969,0.5743289280847453,B.R-identity,0.6166666666666667,15,1994,4,0.4583333333333333,2,0
0.5774647887323944,0.5641012964183696,0.5115359261700725,14,ISIC,0.5592030305095969,0.5743289280847453,B.R-zero-prior,0.6166666666666667,15,1994,4,0.4583333333333333,2,0
0.5704225352112676,0.5573445396616129,0.498022412656559,15,ISIC,0.5510304655082349,0.5669590643274853,B.L-permute,0.6166666666666667,15,1994,4,0.4583333333333333,2,0
0.30985915492957744,0.3546061305207647,0.33421226104152935,35,ISIC,0.3534332520041827,0.2706383052492892,B.template-0,0.375,24,1994,4,0.75,2,1
0.39436619718309857,0.36696330476818284,0.30059327620303233,37,ISIC,0.35495943235232474,0.3508171446191798,B.template-1,0.4333333333333333,20,1994,4,0.16666666666666666,2,0
0.484304932735426,0.4797462096242584,0.6317567567567568,16,ISIC,0.49264438946378664,0.46774522143579866,B.V,0.4037409360580092,27,1994,6,0.5,3,0
0.5695067264573991,0.5580195494829642,0.6701474201474201,14,ISIC,0.57398411233199,0.5667271201871781,B.J,0.5019556141507361,14,1994,6,0.4583333333333333,3,0
0.5650224215246636,0.5540890946378751,0.6701474201474201,13,ISIC,0.5701100803577606,0.559480058810386,B.J1,0.49605993188310266,18,1994,6,0.4583333333333333,3,0
0.28699551569506726,0.2895545767496987,0.37315724815724816,21,ISIC,0.29779145064655177,0.2830170978007209,B.Z,0.247753241045924,54,1994,6,0.3333333333333333,3,0
0.5695067264573991,0.5576407616041762,0.667997542997543,15,ISIC,0.5735243475278172,0.5642419018889607,B.L,0.5024623709074929,19,1994,6,0.4583333333333333,3,0
0.5695067264573991,0.5580195494829642,0.6701474201474201,14,ISIC,0.57398411233199,0.5667271201871781,B.R,0.5019556141507361,14,1994,6,0.4583333333333333,3,0
0.5695067264573991,0.5580195494829642,0.6701474201474201,14,ISIC,0.57398411233199,0.565549098118745,B.R-no-gate,0.5019556141507361,14,1994,6,0.4583333333333333,3,0
0.5695067264573991,0.5580195494829642,0.6701474201474201,14,ISIC,0.57398411233199,0.5667271201871781,B.R-identity,0.5019556141507361,14,1994,6,0.4583333333333333,3,0
0.5695067264573991,0.5580195494829642,0.6701474201474201,14,ISIC,0.57398411233199,0.5667271201871781,B.R-zero-prior,0.5019556141507361,14,1994,6,0.4583333333333333,3,0
0.5874439461883408,0.5753618918253065,0.6971744471744472,13,ISIC,0.5920376521511046,0.5840669530721233,B.L-permute,0.5144556141507362,13,1994,6,0.4583333333333333,3,0
0.29596412556053814,0.3244982787665714,0.36824324324324326,31,ISIC,0.33222551107914466,0.2702404020114097,B.template-0,0.3026257965282355,31,1994,6,0.6666666666666666,3,1
0.2645739910313901,0.2446111577209138,0.4170761670761671,11,ISIC,0.22957827182425303,0.23167800164926602,B.template-1,0.1583786530432872,66,1994,6,0.08333333333333333,3,0
0.49491525423728816,0.5108398055375786,0.6078595317725752,28,ISIC,0.5354778824936917,0.4946028317948572,B.V,0.4784998967925797,15,1994,8,0.6939102564102564,4,0
0.5728813559322034,0.5775998712173156,0.6647157190635451,24,ISIC,0.6010783967065308,0.5876438107682445,B.J,0.5485612552685724,13,1994,8,0.6538461538461539,4,0
0.5694915254237288,0.5721872490728536,0.6429765886287626,27,ISIC,0.5920454778965321,0.5795858007107066,B.J1,0.5485908025542172,12,1994,8,0.6330128205128205,4,0
0.2271186440677966,0.23239363298681964,0.1479933110367893,53,ISIC,0.18876054017741994,0.22127793294632064,B.Z,0.2605270736368297,17,1994,8,0.26121794871794873,4,0
0.5694915254237288,0.574678191101839,0.6321070234113713,27,ISIC,0.5913526995956249,0.5837583173821894,B.L,0.5555352469986617,11,1994,8,0.6538461538461539,4,0
0.5728813559322034,0.5775998712173156,0.6647157190635451,24,ISIC,0.6010783967065308,0.5876438107682445,B.R,0.5485612552685724,13,1994,8,0.6538461538461539,4,0
0.5728813559322034,0.5775998712173156,0.6647157190635451,24,ISIC,0.6010783967065308,0.5876438107682445,B.R-no-gate,0.5485612552685724,13,1994,8,0.6538461538461539,4,0
0.5728813559322034,0.5775998712173156,0.6647157190635451,24,ISIC,0.6010783967065308,0.5876438107682445,B.R-identity,0.5485612552685724,13,1994,8,0.6538461538461539,4,0
0.5728813559322034,0.5775998712173156,0.6647157190635451,24,ISIC,0.6010783967065308,0.5876438107682445,B.R-zero-prior,0.5485612552685724,13,1994,8,0.6538461538461539,4,0
0.5661016949152542,0.5712039921245913,0.6321070234113713,27,ISIC,0.5887180031357194,0.5787440033702015,B.L-permute,0.5509029816956647,14,1994,8,0.6330128205128205,4,0
0.26101694915254237,0.29218840368429444,0.36454849498327757,36,ISIC,0.3089513635451795,0.244707206375959,B.template-0,0.2680683732513001,35,1994,8,0.5592948717948718,4,1
0.20677966101694914,0.18933008857120737,0.06270903010033445,53,ISIC,0.09868926450132243,0.1664882390718997,B.template-1,0.2315371080614983,10,1994,8,0.060897435897435896,4,0
0.8051948051948052,0.8054054054054054,0.8054054054054054,0,ISIC,nan,0.8050632911392406,B.V,nan,0,1995,2,nan,1,0
0.8441558441558441,0.8449324324324324,0.8449324324324324,0,ISIC,nan,0.8441295546558705,B.J,nan,0,1995,2,nan,1,0
0.8441558441558441,0.8449324324324324,0.8449324324324324,0,ISIC,nan,0.8441295546558705,B.J1,nan,0,1995,2,nan,1,0
0.5584415584415584,0.5668918918918919,0.5668918918918919,0,ISIC,nan,0.541023842917251,B.Z,nan,0,1995,2,nan,1,0
0.8441558441558441,0.8449324324324324,0.8449324324324324,0,ISIC,nan,0.8441295546558705,B.L,nan,0,1995,2,nan,1,0
0.8441558441558441,0.8449324324324324,0.8449324324324324,0,ISIC,nan,0.8441295546558705,B.R,nan,0,1995,2,nan,1,0
0.8441558441558441,0.8449324324324324,0.8449324324324324,0,ISIC,nan,0.8441295546558705,B.R-no-gate,nan,0,1995,2,nan,1,0
0.8441558441558441,0.8449324324324324,0.8449324324324324,0,ISIC,nan,0.8441295546558705,B.R-identity,nan,0,1995,2,nan,1,0
0.8441558441558441,0.8449324324324324,0.8449324324324324,0,ISIC,nan,0.8441295546558705,B.R-zero-prior,nan,0,1995,2,nan,1,0
0.8571428571428571,0.8574324324324325,0.8574324324324325,0,ISIC,nan,0.8570464135021097,B.L-permute,nan,0,1995,2,nan,1,0
0.4935064935064935,0.5094594594594595,0.5094594594594595,0,ISIC,nan,0.4028633923245178,B.template-0,nan,0,1995,2,nan,1,0
0.5714285714285714,0.5773648648648648,0.5773648648648648,0,ISIC,nan,0.564076170869789,B.template-1,nan,0,1995,2,nan,1,0
0.7210884353741497,0.7361132111132112,0.8479020979020979,11,ISIC,0.7191365354866457,0.7388028895768834,B.V,0.6243243243243244,17,1995,4,0.9230769230769231,2,0
0.7619047619047619,0.7635170572670573,0.7902097902097902,12,ISIC,0.7625838731486796,0.773733082502196,B.J,0.7368243243243243,11,1995,4,0.8076923076923077,2,0
0.7755102040816326,0.7827478264978265,0.8286713286713286,12,ISIC,0.7800535129775761,0.7891289849273043,B.J1,0.7368243243243243,11,1995,4,0.8846153846153846,2,0
0.4013605442176871,0.433431770931771,0.5891608391608392,27,ISIC,0.37747938276382703,0.4288506988305285,B.Z,0.2777027027027027,34,1995,4,0.7692307692307693,2,0
0.7755102040816326,0.7759556322056322,0.8015734265734266,11,ISIC,0.7751098732974776,0.7865762983299016,B.L,0.7503378378378378,11,1995,4,0.8076923076923077,2,0
0.7619047619047619,0.7635170572670573,0.7902097902097902,12,ISIC,0.7625838731486796,0.773733082502196,B.R,0.7368243243243243,11,1995,4,0.8076923076923077,2,0
0.7619047619047619,0.7635170572670573,0.7902097902097902,12,ISIC,0.7625838731486796,0.773733082502196,B.R-no-gate,0.7368243243243243,11,1995,4,0.8076923076923077,2,0
0.7619047619047619,0.7635170572670573,0.7902097902097902,12,ISIC,0.7625838731486796,0.773733082502196,B.R-identity,0.7368243243243243,11,1995,4,0.8076923076923077,2,0
0.7619047619047619,0.7635170572670573,0.7902097902097902,12,ISIC,0.7625838731486796,0.773733082502196,B.R-zero-prior,0.7368243243243243,11,1995,4,0.8076923076923077,2,0
0.7551020408163265,0.757835239085239,0.7788461538461539,13,ISIC,0.7572527133377913,0.7680119731826807,B.L-permute,0.7368243243243243,11,1995,4,0.8076923076923077,2,0
0.3877551020408163,0.4358958608958609,0.590034965034965,25,ISIC,0.38139003609638716,0.3605308754932558,B.template-0,0.28175675675675677,34,1995,4,0.8846153846153846,2,0
0.3401360544217687,0.32527759402759404,0.44143356643356646,33,ISIC,0.2837985306881362,0.33196992849127394,B.template-1,0.20912162162162162,47,1995,4,0.2692307692307692,2,0
0.5422222222222223,0.5566456615237103,0.470995385629532,18,ISIC,0.5275233992448429,0.5406576979868433,B.V,0.5994707994707995,21,1995,6,0.8846153846153846,3,0
0.64,0.6476760275540764,0.5115359261700725,13,ISIC,0.5966515140297883,0.6553956237626029,B.J,0.7157460782460783,18,1995,6,0.8461538461538461,3,0
0.6311111111111111,0.6389032303666451,0.5372445616348056,13,ISIC,0.604013003049331,0.6467797857805916,B.J1,0.6897325647325648,22,1995,6,0.8461538461538461,3,0
0.3466666666666667,0.3671575293526514,0.2788398154251813,40,ISIC,0.3323635575610186,0.3634946697125452,B.Z,0.41131638631638634,14,1995,6,0.7307692307692307,3,0
0.6355555555555555,0.640447519410934,0.5102175346077785,14,ISIC,0.592196534806764,0.649263337869126,B.L,0.7055625118125117,19,1995,6,0.8076923076923077,3,0
0.64,0.6476760275540764,0.5115359261700725,13,ISIC,0.5966515140297883,0.6553956237626029,B.R,0.7157460782460783,18,1995,6,0.8461538461538461,3,0
0.64,0.6476760275540764,0.5115359261700725,13,ISIC,0.5966515140297883,0.6553956237626029,B.R-no-gate,0.7157460782460783,18,1995,6,0.8461538461538461,3,0
0.64,0.6476760275540764,0.5115359261700725,13,ISIC,0.5966515140297883,0.6553956237626029,B.R-identity,0.7157460782460783,18,1995,6,0.8461538461538461,3,0
0.64,0.6476760275540764,0.5115359261700725,13,ISIC,0.5966515140297883,0.6553956237626029,B.R-zero-prior,0.7157460782460783,18,1995,6,0.8461538461538461,3,0
0.6222222222222222,0.6295233469013957,0.5115359261700725,13,ISIC,0.586976100945544,0.6393468818623101,B.L-permute,0.6885170572670573,21,1995,6,0.8076923076923077,3,0
0.3511111111111111,0.3799685537490416,0.34508899143045485,32,ISIC,0.3694053476416112,0.32769470237931525,B.template-0,0.39740833490833494,29,1995,6,0.8076923076923077,3,1
0.28444444444444444,0.27297168608144223,0.21259063941990772,50,ISIC,0.24992376907983896,0.2742517680154573,B.template-1,0.30316220941220945,12,1995,6,0.23076923076923078,3,0
0.49491525423728816,0.5108398055375786,0.4556159420289855,34,ISIC,0.48967936629379005,0.49460283179485715,B.V,0.5292477600404429,26,1995,8,0.6939102564102564,4,0
0.6237288135593221,0.6262904822588016,0.5960144927536233,25,ISIC,0.6155373455839331,0.6381064087491541,B.J,0.6363824787605276,13,1995,8,0.6955128205128205,4,0
0.6101694915254238,0.6188100465174962,0.5842391304347826,27,ISIC,0.6064117348712895,0.6268924404573359,B.J1,0.630333685211734,13,1995,8,0.7355769230769231,4,0
0.2271186440677966,0.23239363298681964,0.17844202898550726,58,ISIC,0.20837609374425942,0.22127793294632064,B.Z,0.2503775009872571,45,1995,8,0.26121794871794873,4,0
0.6440677966101694,0.6470462125254013,0.6494565217391304,21,ISIC,0.6478456633752597,0.6589601456870349,B.L,0.6462427761208249,10,1995,8,0.7355769230769231,4,0
0.6237288135593221,0.6262904822588016,0.5960144927536233,25,ISIC,0.6155373455839331,0.6381064087491541,B.R,0.6363824787605276,13,1995,8,0.6955128205128205,4,0
0.6305084745762712,0.6363065078998271,0.6168478260869565,24,ISIC,0.6295530860306366,0.6466647708634099,B.R-no-gate,0.642792735170784,12,1995,8,0.7355769230769231,4,0
0.6237288135593221,0.6262904822588016,0.5960144927536233,25,ISIC,0.6155373455839331,0.6381064087491541,B.R-identity,0.6363824787605276,13,1995,8,0.6955128205128205,4,0
0.6237288135593221,0.6262904822588016,0.5960144927536233,25,ISIC,0.6155373455839331,0.6381064087491541,B.R-zero-prior,0.6363824787605276,13,1995,8,0.6955128205128205,4,0
0.6135593220338983,0.6201050915625412,0.5634057971014492,28,ISIC,0.5988287602390114,0.6317488971253131,B.L-permute,0.6390048563829052,12,1995,8,0.7147435897435898,4,0
0.26101694915254237,0.29218840368429444,0.34692028985507245,43,ISIC,0.306143609950698,0.24470720637595902,B.template-0,0.2739444416273684,80,1995,8,0.5592948717948718,4,1
0.20677966101694914,0.18933008857120734,0.08514492753623187,63,ISIC,0.12339736545547346,0.1664882390718997,B.template-1,0.22405847558286585,29,1995,8,0.060897435897435896,4,0
1.0,1.0,1.0,0,HK,nan,1.0,B.V,nan,0,1993,2,1.0,1,0
1.0,1.0,1.0,0,HK,nan,1.0,B.J,nan,0,1993,2,1.0,1,0
1.0,1.0,1.0,0,HK,nan,1.0,B.J1,nan,0,1993,2,1.0,1,0
1.0,1.0,1.0,0,HK,nan,1.0,B.Z,nan,0,1993,2,1.0,1,0
1.0,1.0,1.0,0,HK,nan,1.0,B.L,nan,0,1993,2,1.0,1,0
1.0,1.0,1.0,0,HK,nan,1.0,B.R,nan,0,1993,2,1.0,1,0
1.0,1.0,1.0,0,HK,nan,1.0,B.R-no-gate,nan,0,1993,2,1.0,1,0
1.0,1.0,1.0,0,HK,nan,1.0,B.R-identity,nan,0,1993,2,1.0,1,0
1.0,1.0,1.0,0,HK,nan,1.0,B.R-zero-prior,nan,0,1993,2,1.0,1,0
1.0,1.0,1.0,0,HK,nan,1.0,B.L-permute,nan,0,1993,2,1.0,1,0
1.0,1.0,1.0,0,HK,nan,1.0,B.template-0,nan,0,1993,2,1.0,1,0
1.0,1.0,1.0,0,HK,nan,1.0,B.template-1,nan,0,1993,2,1.0,1,0
0.9754098360655737,0.9246700454017527,0.9268292682926829,6,HK,0.9246650033399751,0.8820196972475535,B.V,0.9225108225108225,3,1993,4,0.8571428571428571,2,0
0.9918032786885246,0.9817073170731707,0.9634146341463414,3,HK,0.9813664596273292,0.9463886820551005,B.J,1.0,0,1993,4,1.0,2,0
0.9918032786885246,0.9817073170731707,0.9634146341463414,3,HK,0.9813664596273292,0.9463886820551005,B.J1,1.0,0,1993,4,1.0,2,0
0.9316939890710383,0.8037030481076393,0.8307827195919018,19,HK,0.8027906357316724,0.7717844730971405,B.Z,0.7766233766233765,6,1993,4,0.5714285714285714,2,0
0.9890710382513661,0.975609756097561,0.9512195121951219,4,HK,0.975,0.9316239316239316,B.L,1.0,0,1993,4,1.0,2,0
0.9918032786885246,0.9817073170731707,0.9634146341463414,3,HK,0.9813664596273292,0.9463886820551005,B.R,1.0,0,1993,4,1.0,2,0
0.9918032786885246,0.9817073170731707,0.9634146341463414,3,HK,0.9813664596273292,0.9463886820551005,B.R-no-gate,1.0,0,1993,4,1.0,2,0
0.9918032786885246,0.9817073170731707,0.9634146341463414,3,HK,0.9813664596273292,0.9463886820551005,B.R-identity,1.0,0,1993,4,1.0,2,0
0.9918032786885246,0.9817073170731707,0.9634146341463414,3,HK,0.9813664596273292,0.9463886820551005,B.R-zero-prior,1.0,0,1993,4,1.0,2,0
0.9808743169398907,0.9573170731707317,0.9146341463414633,7,HK,0.9554140127388535,0.8933333333333333,B.L-permute,1.0,0,1993,4,1.0,2,0
0.9371584699453552,0.8710245517275647,0.8316594930655189,16,HK,0.8692454883930205,0.8033379160352667,B.template-0,0.9103896103896103,7,1993,4,0.8571428571428571,2,0
0.9262295081967213,0.8299329635771531,0.8087836760720548,23,HK,0.8293940135876919,0.7771240435477309,B.template-1,0.8510822510822511,4,1993,4,0.7142857142857143,2,0
0.9425287356321839,0.8573934240267707,0.8278238155287335,23,HK,0.8494224008537439,0.8143813663178002,B.V,0.8721782282757893,5,1993,6,0.7142857142857143,3,0
0.9589490968801314,0.8775442204070752,0.8852459016393442,14,HK,0.879431702861782,0.8635599966482319,B.J,0.8736933797909407,9,1993,6,0.7142857142857143,3,0
0.9573070607553367,0.8972220635555302,0.860655737704918,17,HK,0.8872335806915848,0.8629636449634067,B.J1,0.9155052264808363,8,1993,6,0.8571428571428571,3,0
0.5894909688013136,0.5247916029720954,0.32255449468564223,167,HK,0.4257198917505054,0.4321722831853383,B.Z,0.625910157115322,37,1993,6,0.42857142857142855,3,0
0.9573070607553367,0.8748119799699167,0.8770491803278688,15,HK,0.8753680638820238,0.855713319810683,B.L,0.8736933797909407,9,1993,6,0.7142857142857143,3,0
0.9589490968801314,0.8775442204070752,0.8852459016393442,14,HK,0.879431702861782,0.8635599966482319,B.R,0.8736933797909407,9,1993,6,0.7142857142857143,3,0
0.9589490968801314,0.8986215037794407,0.8770491803278688,15,HK,0.8929353647423703,0.8702791461412152,B.R-no-gate,0.9094076655052266,9,1993,6,0.8571428571428571,3,0
0.9589490968801314,0.8775442204070752,0.8852459016393442,14,HK,0.879431702861782,0.8635599966482319,B.R-identity,0.8736933797909407,9,1993,6,0.7142857142857143,3,0
0.9589490968801314,0.8775442204070752,0.8852459016393442,14,HK,0.879431702861782,0.8635599966482319,B.R-zero-prior,0.8736933797909407,9,1993,6,0.7142857142857143,3,0
0.9441707717569786,0.8582852573256412,0.7786885245901639,27,HK,0.8341352909615827,0.8139470304418758,B.L-permute,0.8980836236933798,4,1993,6,0.7142857142857143,3,0
0.5944170771756979,0.5633355123994163,0.22973338137272561,189,HK,0.3494988946891722,0.44830702781021575,B.template-0,0.7301365779127615,24,1993,6,0.7142857142857143,3,0
0.5911330049261084,0.5324494431592769,0.3825887227526572,163,HK,0.46946272949934326,0.4192787740159399,B.template-1,0.6073798033625867,37,1993,6,0.42857142857142855,3,0
0.8586251621271076,0.8095835237770352,0.7821656050955414,35,HK,0.8000268147303734,0.7342473976554885,B.V,0.8187228300041998,36,1993,8,0.7571428571428571,4,0
0.914396887159533,0.8927608329695078,0.9394904458598726,18,HK,0.9072689194606768,0.8411092016272643,B.J,0.8771842953393861,21,1993,8,0.9285714285714286,4,0
0.9105058365758755,0.8904286879903041,0.9394904458598726,18,HK,0.9056028286915906,0.8260925095037281,B.J1,0.8740747687004479,24,1993,8,0.9285714285714286,4,0
0.522697795071336,0.45433669347037686,0.3292993630573249,88,HK,0.3958189423670798,0.3658149625651834,B.Z,0.49601580360806086,52,1993,8,0.3142857142857143,4,0
0.9130998702983139,0.8910244721720992,0.9363057324840764,19,HK,0.905112522881512,0.8485216868263734,B.L,0.8759307187347737,21,1993,8,0.9285714285714286,4,0
0.914396887159533,0.8927608329695078,0.9394904458598726,18,HK,0.9072689194606768,0.8411092016272643,B.R,0.8771842953393861,21,1993,8,0.9285714285714286,4,0
0.9105058365758755,0.8891370834200109,0.9394904458598726,18,HK,0.9046776421990185,0.8272745274803399,B.R-no-gate,0.8723526292733904,23,1993,8,0.9285714285714286,4,0
0.9130998702983139,0.8920032572119321,0.9394904458598726,18,HK,0.906728331059614,0.8403361809943775,B.R-identity,0.8761741943292852,22,1993,8,0.9285714285714286,4,0
0.914396887159533,0.8927608329695078,0.9394904458598726,18,HK,0.9072689194606768,0.8411092016272643,B.R-zero-prior,0.8771842953393861,21,1993,8,0.9285714285714286,4,0
0.9118028534370947,0.8709611089272189,0.9331210191082803,21,HK,0.889755201364199,0.8345685797444722,B.L-permute,0.8502411388668651,16,1993,8,0.8571428571428572,4,0
0.5265888456549935,0.48090237334014535,0.37388535031847137,74,HK,0.4337975967780415,0.383533995975347,B.template-0,0.51657471434737,65,1993,8,0.4571428571428572,4,0
0.5201037613488976,0.45474260256618954,0.28789808917197457,101,HK,0.3681300697307629,0.3473196849082332,B.template-1,0.5103574403642612,47,1993,8,0.3142857142857143,4,1
0.8378033205619413,0.7512707377265702,0.6875,5,HK,0.7251726968343123,0.676719562637708,B.V,0.7672134221582128,14,1993,10,0.6866071428571429,5,0
0.8978288633461047,0.8135423259174767,0.6875,5,HK,0.7581779017628285,0.7738745270774379,B.J,0.8450529073968458,8,1993,10,0.7366071428571428,5,0
0.8952745849297573,0.8112802689530383,0.6875,5,HK,0.7570377569520852,0.7653323318327407,B.J1,0.8422253361912979,9,1993,10,0.7366071428571428,5,0
0.5134099616858238,0.4478091902706751,0.5625,5,HK,0.4803494518184499,0.3424254288671323,B.Z,0.41913648783834395,49,1993,10,0.40267857142857144,5,0
0.9016602809706258,0.830089812500917,0.75,4,HK,0.7969243320188087,0.797931949349522,B.L,0.8501122656261462,8,1993,10,0.7678571428571428,5,0
0.8978288633461047,0.8135423259174767,0.6875,5,HK,0.7581779017628285,0.7738745270774379,B.R,0.8450529073968458,8,1993,10,0.7366071428571428,5,0
0.8991060025542784,0.8151816701797717,0.6875,5,HK,0.7590015548254778,0.7768625537090967,B.R-no-gate,0.8471020877247146,8,1993,10,0.7366071428571428,5,0
0.8978288633461047,0.8135423259174767,0.6875,5,HK,0.7581779017628285,0.7738745270774379,B.R-identity,0.8450529073968458,8,1993,10,0.7366071428571428,5,0
0.8978288633461047,0.8135423259174767,0.6875,5,HK,0.7581779017628285,0.7738745270774379,B.R-zero-prior,0.8450529073968458,8,1993,10,0.7366071428571428,5,0
0.8850574712643678,0.8076666372005666,0.75,4,HK,0.7843890635412694,0.7529692864414248,B.L-permute,0.8220832965007083,17,1993,10,0.7678571428571428,5,0
0.5095785440613027,0.4550904444951862,0.5,6,HK,0.47026213493216834,0.34592116725027156,B.template-0,0.44386305561898276,44,1993,10,0.44285714285714284,5,0
0.508301404853129,0.44550853912726474,0.625,5,HK,0.4882772753775576,0.31840107317843197,B.template-1,0.40063567390908095,62,1993,10,0.39821428571428574,5,1
0.8495850622406639,0.6901186385005301,0.8270833333333334,7,HK,0.735838444476719,0.6612451139351099,B.V,0.6627256995339694,17,1993,12,0.47232142857142856,6,1
0.9004149377593361,0.7503448052106246,0.8177083333333333,9,HK,0.7751885250489366,0.7194226170964352,B.J,0.7368720995860829,4,1993,12,0.5491071428571428,6,0
0.8983402489626556,0.7477576703467538,0.8208333333333333,8,HK,0.7745137415164879,0.7108430009383676,B.J1,0.7331425377494379,4,1993,12,0.5491071428571428,6,0
0.5134854771784232,0.41372915376511377,0.46711309523809524,57,HK,0.432724686233012,0.33035583148784875,B.Z,0.4030523654705174,88,1993,12,0.34017857142857144,6,0
0.9076763485477178,0.766422332533029,0.8270833333333334,7,HK,0.7890113379445579,0.7376399265984742,B.L,0.7542901323729682,4,1993,12,0.5803571428571428,6,0
0.9004149377593361,0.7503448052106246,0.8177083333333333,9,HK,0.7751885250489366,0.7194226170964352,B.R,0.7368720995860829,4,1993,12,0.5491071428571428,6,0
0.9004149377593361,0.7503448052106246,0.8177083333333333,9,HK,0.7751885250489366,0.7188035946238657,B.R-no-gate,0.7368720995860829,4,1993,12,0.5491071428571428,6,0
0.8993775933609959,0.7489786849920455,0.8177083333333333,9,HK,0.7742804351809268,0.7170332652627809,B.R-identity,0.7352327553237878,4,1993,12,0.5491071428571428,6,0
0.9004149377593361,0.7503448052106246,0.8177083333333333,9,HK,0.7751885250489366,0.7194226170964352,B.R-zero-prior,0.7368720995860829,4,1993,12,0.5491071428571428,6,0
0.8890041493775933,0.7425247212358861,0.8383928571428572,9,HK,0.7766348510545606,0.6931783793076886,B.L-permute,0.7233510940544919,3,1993,12,0.5535714285714286,6,0
0.5051867219917012,0.4374868063493953,0.48273809523809524,50,HK,0.45396926877400734,0.34375971650955534,B.template-0,0.42843654857165525,113,1993,12,0.44285714285714284,6,0
0.5062240663900415,0.40033269493475343,0.5229166666666667,57,HK,0.4373278663222955,0.3155515314517339,B.template-1,0.3758159005883708,85,1993,12,0.27321428571428574,6,1
0.8192999053926207,0.6337971588194351,0.5659090909090909,29,HK,0.6029204694092082,0.5926023618136167,B.V,0.6451118368044925,11,1993,14,0.3723214285714286,7,1
0.8893093661305582,0.7246679776248344,0.7643939393939394,15,HK,0.7404959673020594,0.6910207695005076,B.J,0.7180469839966502,4,1993,14,0.4491071428571428,7,0
0.8845789971617786,0.7158743631197089,0.7340909090909091,17,HK,0.7233085102051953,0.6817783092521749,B.J1,0.7128382721245089,5,1993,14,0.4491071428571428,7,0
0.5099337748344371,0.40559158956587904,0.44166666666666665,39,HK,0.4195700489923639,0.32437597376082994,B.Z,0.3995790767157477,36,1993,14,0.34017857142857144,7,1
0.8902554399243141,0.7201282730276073,0.7340909090909091,17,HK,0.7258546553330498,0.6906829228486094,B.L,0.7178011670170571,5,1993,14,0.4491071428571428,7,0
0.8893093661305582,0.7246679776248344,0.7643939393939394,15,HK,0.7404959673020594,0.6910207695005076,B.R,0.7180469839966502,4,1993,14,0.4491071428571428,7,0
0.8883632923368022,0.7234970174374806,0.7643939393939394,15,HK,0.73976885918023,0.6901134515865811,B.R-no-gate,0.7166808637780709,4,1993,14,0.4491071428571428,7,0
0.8893093661305582,0.7246679776248344,0.7643939393939394,15,HK,0.7404959673020594,0.6910207695005076,B.R-identity,0.7180469839966502,4,1993,14,0.4491071428571428,7,0
0.8893093661305582,0.7246679776248344,0.7643939393939394,15,HK,0.7404959673020594,0.6910207695005076,B.R-zero-prior,0.7180469839966502,4,1993,14,0.4491071428571428,7,0
0.8741721854304636,0.6843398541427071,0.7946969696969697,13,HK,0.7246475863093512,0.6502459527649341,B.L-permute,0.66594700155033,7,1993,14,0.34910714285714284,7,0
0.4985808893093661,0.4067961800567665,0.44166666666666665,39,HK,0.42034350352991967,0.3226538949167125,B.template-0,0.40098443228844977,44,1993,14,0.38035714285714284,7,1
0.49952696310312206,0.3916334115550922,0.44166666666666665,38,HK,0.4104154703257712,0.31394195790538676,B.template-1,0.38329453570316313,41,1993,14,0.27321428571428574,7,2
0.8274734260016353,0.6201488446164154,0.7439024390243902,3,HK,0.6657575432771099,0.5648458366196739,B.V,0.6024697597009905,17,1993,16,0.3578571428571429,8,1
0.8953393295175798,0.6850234514242382,0.5,2,HK,0.5872732821031659,0.6584924819643483,B.J,0.7114553730562722,9,1993,16,0.35928571428571426,8,1
0.8879803761242846,0.6788205337735973,0.5,2,HK,0.5848439217317505,0.6484617290799446,B.J1,0.7043663243126825,11,1993,16,0.35928571428571426,8,1
0.53556827473426,0.3978129727373973,0.3597560975609756,48,HK,0.3802632526579447,0.3253359355464741,B.Z,0.40324966919117183,43,1993,16,0.27214285714285713,8,2
0.8961569910057237,0.6876473772749073,0.5,2,HK,0.5882924012649037,0.6628610210466127,B.L,0.7144541454570369,7,1993,16,0.35928571428571426,8,1
0.8937040065412919,0.6835903645282776,0.5,2,HK,0.5867145454370766,0.6541721151381649,B.R,0.7098175594608886,9,1993,16,0.35928571428571426,8,1
0.8945216680294358,0.6842454055421751,0.5,2,HK,0.5869701225882915,0.6568530653940146,B.R-no-gate,0.7105661777624857,11,1993,16,0.35928571428571426,8,1
0.8945216680294358,0.6851147547721801,0.5,2,HK,0.5873088285673193,0.6554457342641243,B.R-identity,0.7115597197396343,9,1993,16,0.35928571428571426,8,1
0.8937040065412919,0.6835903645282776,0.5,2,HK,0.5867145454370766,0.6541721151381649,B.R-zero-prior,0.7098175594608886,9,1993,16,0.35928571428571426,8,1
0.8920686835650041,0.6651355049864246,0.5,2,HK,0.5793817268013458,0.6433338208168571,B.L-permute,0.6887262914130565,8,1993,16,0.27928571428571425,8,1
0.5298446443172526,0.40007775511064636,0.3780487804878049,42,HK,0.39023112731475573,0.327807544183775,B.template-0,0.4032247514853379,44,1993,16,0.30428571428571427,8,2
0.5241210139002453,0.38444674685600755,0.35365853658536583,50,HK,0.3704180719122366,0.31590615566753394,B.template-1,0.3888450626089564,45,1993,16,0.21857142857142858,8,3
0.8396436525612472,0.6084833078409875,0.491869918699187,3,HK,0.5497466027000198,0.5604113596645155,B.V,0.6230599814837126,15,1993,18,0.3190476190476191,9,2
0.902746844840386,0.6754260780480456,0.4959349593495935,2,HK,0.5798209758986453,0.6449022031309816,B.J,0.697862467885352,2,1993,18,0.3327380952380952,9,2
0.894580549368968,0.6555280173309217,0.4959349593495935,2,HK,0.5719468497288249,0.6268899031503805,B.J1,0.6754771495785877,4,1993,18,0.2994047619047619,9,2
0.5219005196733482,0.35565203298479353,0.483739837398374,5,HK,0.39908118084310473,0.31306756127102237,B.Z,0.33964105743309597,177,1993,18,0.19345238095238093,9,4
0.9005196733481812,0.6619174230131593,0.4959349593495935,2,HK,0.5745078888523069,0.640721894301959,B.L,0.682665230971105,3,1993,18,0.2994047619047619,9,2
0.902746844840386,0.6754260780480456,0.4959349593495935,2,HK,0.5798209758986453,0.6449022031309816,B.R,0.697862467885352,2,1993,18,0.3327380952380952,9,2
0.9020044543429844,0.6643149669369345,0.4959349593495935,2,HK,0.575460844685067,0.6398872502899419,B.R-no-gate,0.685362467885352,2,1993,18,0.2994047619047619,9,2
0.902746844840386,0.6754260780480456,0.4959349593495935,2,HK,0.5798209758986453,0.6449022031309816,B.R-identity,0.697862467885352,2,1993,18,0.3327380952380952,9,2
0.902746844840386,0.6754260780480456,0.4959349593495935,2,HK,0.5798209758986453,0.6449022031309816,B.R-zero-prior,0.697862467885352,2,1993,18,0.3327380952380952,9,2
0.8982925018559762,0.6424905588655614,0.4959349593495935,2,HK,0.566622365130922,0.6223485490813793,B.L-permute,0.6608100088050574,1,1993,18,0.23273809523809522,9,2
0.5241276911655531,0.3659335932107428,0.4715447154471545,8,HK,0.40357555222452807,0.3250986004936086,B.template-0,0.35273220293119134,163,1993,18,0.22023809523809523,9,4
0.5011135857461024,0.3394128000836757,0.483739837398374,5,HK,0.38618340626259284,0.29880755984949753,B.template-1,0.3213719204193384,185,1993,18,0.18214285714285716,9,4
0.7934936350777935,0.5387114632033689,0.022727272727272728,62,HK,0.043785011816425266,0.485072281616399,B.V,0.5960430399229352,13,1993,20,0.27346938775510204,10,3
0.8684582743988685,0.603318383158021,0.09848484848484848,54,HK,0.17137445080358696,0.5718987637270949,B.J,0.6594109981217069,8,1993,20,0.24948979591836734,10,4
0.8536067892503536,0.5972927187913573,0.05303030303030303,60,HK,0.09814775744478146,0.5530516750813754,B.J1,0.6577663205425855,6,1993,20,0.2770408163265306,10,3
0.4985855728429986,0.320792998517483,0.045454545454545456,59,HK,0.08049626947095441,0.2843322180973179,B.Z,0.3513861599689205,16,1993,20,0.16581632653061223,10,5
0.8642149929278642,0.5872035370058761,0.09090909090909091,55,HK,0.1592763746492355,0.5638213969176495,B.L,0.6423473643499633,5,1993,20,0.22091836734693876,10,4
0.8677510608203678,0.6024987110268735,0.09848484848484848,54,HK,0.17134365655299424,0.5706256062427573,B.R,0.6585002513093207,8,1993,20,0.24948979591836734,10,4
0.864922206506365,0.5891517164913543,0.09848484848484848,54,HK,0.1708315883602623,0.5626819508185056,B.R-no-gate,0.6436702573809661,9,1993,20,0.22091836734693876,10,4
0.8684582743988685,0.6037182232219954,0.09848484848484848,54,HK,0.17138944554844618,0.5716401226029372,B.R-identity,0.6598552648594561,8,1993,20,0.24948979591836734,10,4
0.8677510608203678,0.6024987110268735,0.09848484848484848,54,HK,0.17134365655299424,0.5706256062427573,B.R-zero-prior,0.6585002513093207,8,1993,20,0.24948979591836734,10,4
0.8628005657708628,0.5733089345067215,0.09090909090909091,55,HK,0.15879155747224458,0.547824049872945,B.L-permute,0.6269089171286805,5,1993,20,0.16377551020408163,10,4
0.5021216407355021,0.32904802609746076,0.05303030303030303,58,HK,0.09243379216351799,0.2945488065126995,B.template-0,0.3597166619938116,12,1993,20,0.18877551020408162,10,6
0.4766619519094767,0.3011032841445722,0.045454545454545456,59,HK,0.07988872702020317,0.25682312734110224,B.template-1,0.3295086995545752,14,1993,20,0.15612244897959185,10,6
0.7444051825677267,0.5911223164347319,0.7942576204523109,87,HK,0.657316364721929,0.47599385293007224,B.V,0.5606520208320951,64,1993,23,0.4714285714285714,11,2
0.8303886925795053,0.6129833849229358,0.9082005899705013,40,HK,0.6994297763015208,0.5610383667962232,B.J,0.568700804165801,60,1993,23,0.32767857142857143,11,4
0.8138987043580683,0.5990744641785772,0.8890068829891838,47,HK,0.6838175913970762,0.5411122838578992,B.J1,0.5555846013569863,65,1993,23,0.3267857142857143,11,3
0.4004711425206125,0.27476835918582876,0.05174603174603174,241,HK,0.08861488699227192,0.2363592673596425,B.Z,0.30822170830179835,153,1993,23,0.15699404761904762,11,7
0.8315665488810365,0.6063016266729783,0.8859783677482792,50,HK,0.6895017231623543,0.5605008151439508,B.L,0.564350115511683,46,1993,23,0.3026785714285714,11,4
0.8297997644287397,0.6122706265480248,0.9082005899705013,40,HK,0.6988095190913655,0.5599800963298595,B.R,0.5678811320346534,60,1993,23,0.32767857142857143,11,4
0.8292108362779741,0.6028540819505946,0.9096951819075714,39,HK,0.6908089938707702,0.5554713914692202,B.R-no-gate,0.5568279169570481,59,1993,23,0.3026785714285714,11,4
0.8292108362779741,0.6109531034913714,0.9082005899705013,40,HK,0.6976611676149758,0.5587814475339566,B.R-identity,0.5663659805195019,60,1993,23,0.32767857142857143,11,4
0.8297997644287397,0.6122706265480248,0.9082005899705013,40,HK,0.6988095190913655,0.5599599100851177,B.R-zero-prior,0.5678811320346534,60,1993,23,0.32767857142857143,11,4
0.8268551236749117,0.5985800817998309,0.9045231071779744,41,HK,0.6861317721073196,0.5465580784511601,B.L-permute,0.5526886279931094,59,1993,23,0.27767857142857144,11,4
0.3998822143698469,0.2804882283249129,0.056190476190476187,239,HK,0.09532899242914333,0.2410018863955682,B.template-0,0.3141328911450784,153,1993,23,0.17708333333333331,11,8
0.38810365135453473,0.25900039425470184,0.02253968253968254,252,HK,0.041874175353958175,0.21438872660417904,B.template-1,0.2944695010119548,115,1993,23,0.14255952380952383,11,7
1.0,1.0,1.0,0,HK,nan,1.0,B.V,nan,0,1994,2,1.0,1,0
1.0,1.0,1.0,0,HK,nan,1.0,B.J,nan,0,1994,2,1.0,1,0
1.0,1.0,1.0,0,HK,nan,1.0,B.J1,nan,0,1994,2,1.0,1,0
0.8620689655172413,0.9047619047619048,0.9047619047619048,0,HK,nan,0.8473684210526315,B.Z,nan,0,1994,2,1.0,1,0
1.0,1.0,1.0,0,HK,nan,1.0,B.L,nan,0,1994,2,1.0,1,0
1.0,1.0,1.0,0,HK,nan,1.0,B.R,nan,0,1994,2,1.0,1,0
1.0,1.0,1.0,0,HK,nan,1.0,B.R-no-gate,nan,0,1994,2,1.0,1,0
1.0,1.0,1.0,0,HK,nan,1.0,B.R-identity,nan,0,1994,2,1.0,1,0
1.0,1.0,1.0,0,HK,nan,1.0,B.R-zero-prior,nan,0,1994,2,1.0,1,0
1.0,1.0,1.0,0,HK,nan,1.0,B.L-permute,nan,0,1994,2,1.0,1,0
0.8275862068965517,0.8422619047619048,0.8422619047619048,0,HK,nan,0.8043184885290149,B.template-0,nan,0,1994,2,0.875,1,0
0.896551724137931,0.9285714285714286,0.9285714285714286,0,HK,nan,0.8825910931174089,B.template-1,nan,0,1994,2,1.0,1,0
0.9608695652173913,0.9038871951219511,0.9327743902439025,7,HK,0.9029639935913653,0.8728068747002666,B.V,0.875,2,1994,4,0.75,2,0
0.9652173913043478,0.9351371951219511,0.9327743902439025,7,HK,0.9351312250387155,0.8928332673615693,B.J,0.9375,1,1994,4,0.875,2,0
0.9652173913043478,0.9351371951219511,0.9327743902439025,7,HK,0.9351312250387155,0.8928332673615693,B.J1,0.9375,1,1994,4,0.875,2,0
0.8130434782608695,0.757449549941928,0.6726371951219512,38,HK,0.7479530289780418,0.6307435668459336,B.Z,0.8422619047619048,3,1994,4,0.875,2,0
0.9652173913043478,0.9351371951219511,0.9327743902439025,7,HK,0.9351312250387155,0.8928332673615693,B.L,0.9375,1,1994,4,0.875,2,0
0.9652173913043478,0.9351371951219511,0.9327743902439025,7,HK,0.9351312250387155,0.8928332673615693,B.R,0.9375,1,1994,4,0.875,2,0
0.9652173913043478,0.9351371951219511,0.9327743902439025,7,HK,0.9351312250387155,0.8928332673615693,B.R-no-gate,0.9375,1,1994,4,0.875,2,0
0.9652173913043478,0.9351371951219511,0.9327743902439025,7,HK,0.9351312250387155,0.8928332673615693,B.R-identity,0.9375,1,1994,4,0.875,2,0
0.9652173913043478,0.9351371951219511,0.9327743902439025,7,HK,0.9351312250387155,0.8928332673615693,B.R-zero-prior,0.9375,1,1994,4,0.875,2,0
0.9695652173913043,0.9412347560975609,0.944969512195122,6,HK,0.9412199368369909,0.9054517780980014,B.L-permute,0.9375,1,1994,4,0.875,2,0
0.808695652173913,0.6712924651567944,0.6729420731707317,35,HK,0.6712884114741735,0.5954973115958506,B.template-0,0.6696428571428572,6,1994,4,0.625,2,0
0.8,0.7436919279907085,0.6451219512195122,41,HK,0.7306273242818518,0.6107629073127084,B.template-1,0.8422619047619048,4,1994,4,0.875,2,0
0.949874686716792,0.7137025745257453,0.5,4,HK,0.6213709910152567,0.706113674042602,B.V,0.8205538617886179,8,1994,6,0.375,3,1
0.9548872180451128,0.7493672570654278,0.5,4,HK,0.6361124575220198,0.7243524548629071,B.J,0.8740508855981417,5,1994,6,0.4375,3,1
0.9548872180451128,0.7762025745257453,0.625,3,HK,0.7209859445696492,0.7472423802612482,B.J1,0.8518038617886179,7,1994,6,0.5625,3,0
0.849624060150376,0.6982564099179953,0.7227272727272727,11,HK,0.7038959166735662,0.5953492338357317,B.Z,0.6860209785133565,16,1994,6,0.6875,3,0
0.9598997493734336,0.7544739643825009,0.5,4,HK,0.6381298119987706,0.7352412840596965,B.L,0.8817109465737514,5,1994,6,0.4375,3,1
0.9548872180451128,0.7493672570654278,0.5,4,HK,0.6361124575220198,0.7243524548629071,B.R,0.8740508855981417,5,1994,6,0.4375,3,1
0.9573934837092731,0.7534322977158343,0.5,4,HK,0.6377201298590301,0.7327607382295516,B.R-no-gate,0.8801484465737515,5,1994,6,0.4375,3,1
0.9548872180451128,0.7493672570654278,0.5,4,HK,0.6361124575220198,0.7243524548629071,B.R-identity,0.8740508855981417,5,1994,6,0.4375,3,1
0.9548872180451128,0.7493672570654278,0.5,4,HK,0.6361124575220198,0.7243524548629071,B.R-zero-prior,0.8740508855981417,5,1994,6,0.4375,3,1
0.9523809523809523,0.7414307491289199,0.5,4,HK,0.6329321859799599,0.7193690661585882,B.L-permute,0.8621461236933798,6,1994,6,0.4375,3,1
0.8145363408521303,0.7059452319360856,0.9303030303030303,23,HK,0.724878581043304,0.5778594770000892,B.template-0,0.5937663327526133,15,1994,6,0.8125,3,0
0.8421052631578947,0.6752002824411362,0.7318181818181818,8,HK,0.6867390613697677,0.5700388662438639,B.template-1,0.6468913327526133,20,1994,6,0.6875,3,0
0.9334975369458128,0.6408981199186992,0.45,3,HK,0.549208153924021,0.6402247878278156,B.V,0.7045308265582655,1,1994,8,0.4125,4,1
0.9507389162561576,0.6932754427990708,0.4,3,HK,0.5313258727364518,0.6770459815112347,B.J,0.7910339237320945,0,1994,8,0.48125,4,1
0.9507389162561576,0.6881043118466899,0.4,3,HK,0.5297614741888222,0.6735261033340978,B.J1,0.7841390824622532,0,1994,8,0.48125,4,1
0.8177339901477833,0.4712741526765917,0.1,5,HK,0.1712243549330437,0.4235439193755197,B.Z,0.5950322035687888,15,1994,8,0.3,4,1
0.9556650246305419,0.7190566927990709,0.5,2,HK,0.6130257364852085,0.6931698804340314,B.L,0.7920755903987611,0,1994,8,0.53125,4,1
0.9507389162561576,0.6932754427990708,0.4,3,HK,0.5313258727364518,0.6770459815112347,B.R,0.7910339237320945,0,1994,8,0.48125,4,1
0.9482758620689655,0.6873230618466899,0.4,3,HK,0.5295235407265154,0.6716687368047218,B.R-no-gate,0.7830974157955866,0,1994,8,0.48125,4,1
0.9507389162561576,0.6932754427990708,0.4,3,HK,0.5313258727364518,0.6770459815112347,B.R-identity,0.7910339237320945,0,1994,8,0.48125,4,1
0.9507389162561576,0.6932754427990708,0.4,3,HK,0.5313258727364518,0.6770459815112347,B.R-zero-prior,0.7910339237320945,0,1994,8,0.48125,4,1
0.9482758620689655,0.6924941927990709,0.4,3,HK,0.5310906872712484,0.6744318289057649,B.L-permute,0.7899922570654277,0,1994,8,0.48125,4,1
0.7857142857142857,0.47771041204730225,0.1,5,HK,0.17157531923274721,0.42989496602398236,B.template-0,0.6036138827297365,18,1994,8,0.33125,4,1
0.8177339901477833,0.5109016999260902,0.2,4,HK,0.3017845260419817,0.442989146535694,B.template-1,0.6145355999014536,13,1994,8,0.38125,4,1
0.8717948717948718,0.5493988238038118,0.2459016393442623,32,HK,0.35298471079669774,0.5270077996675243,B.V,0.6252731199186992,6,1994,10,0.305,5,2
0.8974358974358975,0.6064358185297309,0.29508196721311475,26,HK,0.412346378248233,0.5774778002194997,B.J,0.684274281358885,8,1994,10,0.385,5,2
0.8931623931623932,0.6041714742674358,0.28688524590163933,27,HK,0.4041394391618404,0.5638199886890173,B.J1,0.683493031358885,7,1994,10,0.385,5,2
0.7051282051282052,0.4426831875474918,0.7622950819672132,29,HK,0.49160367120105286,0.3242688748728686,B.Z,0.3627802139425615,62,1994,10,0.375,5,2
0.9017094017094017,0.6087001627920261,0.30327868852459017,25,HK,0.4204301317049089,0.580573019419415,B.L,0.6850555313588851,7,1994,10,0.385,5,2
0.8974358974358975,0.6064358185297309,0.29508196721311475,26,HK,0.412346378248233,0.5774778002194997,B.R,0.684274281358885,8,1994,10,0.385,5,2
0.8974358974358975,0.6064358185297309,0.29508196721311475,26,HK,0.412346378248233,0.5774778002194997,B.R-no-gate,0.684274281358885,8,1994,10,0.385,5,2
0.8974358974358975,0.6064358185297309,0.29508196721311475,26,HK,0.412346378248233,0.5774778002194997,B.R-identity,0.684274281358885,8,1994,10,0.385,5,2
0.8974358974358975,0.6064358185297309,0.29508196721311475,26,HK,0.412346378248233,0.5774778002194997,B.R-zero-prior,0.684274281358885,8,1994,10,0.385,5,2
0.8910256410256411,0.5857474034195845,0.28688524590163933,27,HK,0.40001569858638764,0.5606264077305482,B.L-permute,0.6604629427990708,7,1994,10,0.335,5,2
0.6602564102564102,0.4163695301100339,0.6721311475409836,39,HK,0.4624005027197657,0.31744956010105485,B.template-0,0.35242912575229646,52,1994,10,0.35,5,2
0.7136752136752137,0.4780347060310075,0.819672131147541,22,HK,0.5309324852096583,0.3408459124854474,B.template-1,0.39262534975187413,69,1994,10,0.44000000000000006,5,1
0.8021390374331551,0.5699006288641334,0.867666097043136,41,HK,0.6426805129601476,0.5475815979702752,B.V,0.5103475352283329,41,1994,12,0.305,6,2
0.8810160427807486,0.651627628743725,0.9331210191082803,21,HK,0.7268984502448597,0.6158667234941314,B.J,0.595328950670814,20,1994,12,0.385,6,2
0.8783422459893048,0.6497207707332137,0.9267515923566879,23,HK,0.7242051769963135,0.6118629199258477,B.J1,0.5943146064085189,20,1994,12,0.385,6,2
0.6457219251336899,0.4624844151835226,0.6893221479985501,95,HK,0.5197356411427347,0.35744934782105586,B.Z,0.41711686862051717,47,1994,12,0.375,6,2
0.8836898395721925,0.6526535125821088,0.9331210191082803,21,HK,0.7278153740871893,0.630226487344486,B.L,0.5965600112768745,20,1994,12,0.385,6,2
0.8810160427807486,0.651627628743725,0.9331210191082803,21,HK,0.7268984502448597,0.6158667234941314,B.R,0.595328950670814,20,1994,12,0.385,6,2
0.8810160427807486,0.651627628743725,0.9331210191082803,21,HK,0.7268984502448597,0.611049818355683,B.R-no-gate,0.595328950670814,19,1994,12,0.385,6,2
0.8810160427807486,0.651627628743725,0.9331210191082803,21,HK,0.7268984502448597,0.6158667234941314,B.R-identity,0.595328950670814,20,1994,12,0.385,6,2
0.8810160427807486,0.651627628743725,0.9331210191082803,21,HK,0.7268984502448597,0.6158667234941314,B.R-zero-prior,0.595328950670814,20,1994,12,0.385,6,2
0.8649732620320856,0.6409975130911597,0.8980891719745223,32,HK,0.7118450528163915,0.6084036161966792,B.L-permute,0.5895791813144872,14,1994,12,0.385,6,2
0.6243315508021391,0.44345814382287446,0.7020610015017348,91,HK,0.5028780964178435,0.35298682446713653,B.template-0,0.3917375722871025,55,1994,12,0.35,6,2
0.6176470588235294,0.4709149447683174,0.6374864067112008,112,HK,0.5189616321787399,0.34828766131028804,B.template-1,0.4376006523797408,48,1994,12,0.44000000000000006,6,1
0.8128400435255713,0.5656786679356279,0.7674216027874564,9,HK,0.6284229049700153,0.5258127345595116,B.V,0.5320548454603232,24,1994,14,0.3077380952380952,7,2
0.8890097932535365,0.6276114219100105,0.7857142857142857,3,HK,0.6812224231450407,0.6050594845382167,B.J,0.6012609446092979,16,1994,14,0.3327380952380952,7,2
0.8803046789989118,0.6224255352739572,0.7857142857142857,3,HK,0.6773221924434499,0.5969918531611169,B.J1,0.5952107435339024,17,1994,14,0.3327380952380952,7,2
0.6376496191512514,0.45266413351427526,0.4690766550522648,60,HK,0.4593032056277737,0.35252940261004556,B.Z,0.4499287132579437,17,1994,14,0.3601190476190476,7,2
0.8879216539717084,0.6376638666929819,0.7857142857142857,3,HK,0.6886866278832445,0.6158177380598554,B.L,0.612988796856098,13,1994,14,0.3535714285714286,7,2
0.8890097932535365,0.6276114219100105,0.7857142857142857,3,HK,0.6812224231450407,0.6050594845382167,B.R,0.6012609446092979,16,1994,14,0.3327380952380952,7,2
0.8900979325353645,0.628782382097364,0.7857142857142857,3,HK,0.6820983810767113,0.6070089772065712,B.R-no-gate,0.6026270648278772,16,1994,14,0.3327380952380952,7,2
0.8890097932535365,0.6276114219100105,0.7857142857142857,3,HK,0.6812224231450407,0.6050594845382167,B.R-identity,0.6012609446092979,16,1994,14,0.3327380952380952,7,2
0.8890097932535365,0.6276114219100105,0.7857142857142857,3,HK,0.6812224231450407,0.6050594845382167,B.R-zero-prior,0.6012609446092979,16,1994,14,0.3327380952380952,7,2
0.8781284004352558,0.6247991044021358,0.7857142857142857,3,HK,0.6791115525445883,0.5935027417417823,B.L-permute,0.5979799075167774,13,1994,14,0.3327380952380952,7,2
0.6354733405875952,0.46417502837049435,0.6454703832752613,48,HK,0.5189922357949383,0.3682840626914826,B.template-0,0.43395913588636653,21,1994,14,0.38690476190476186,7,2
0.6060935799782372,0.36235958612489927,0.37935540069686413,67,HK,0.36917512001909697,0.3345094462515599,B.template-1,0.35952695036290505,13,1994,14,0.18214285714285713,7,2
0.8182784272051009,0.6379765204385406,1.0,0,HK,0.7391717552635,0.5964062803025847,B.V,0.5862588805011892,1,1994,16,0.5142857142857142,8,2
0.8916046758767269,0.6869344727495924,1.0,0,HK,0.7821295729294093,0.6678639578632513,B.J,0.642210825999534,0,1994,16,0.5245535714285714,8,2
0.8788522848034006,0.6801823372124253,1.0,0,HK,0.7763797982494086,0.65683683288646,B.J1,0.6344940996713432,1,1994,16,0.5245535714285714,8,2
0.620616365568544,0.39788543230118134,0.047619047619047616,20,HK,0.0860862120532625,0.3136000332487362,B.Z,0.44792348725577186,12,1994,16,0.2819940476190476,8,3
0.8916046758767269,0.6959482192643526,1.0,0,HK,0.78972152896987,0.6744598059448128,B.L,0.6525122505878317,0,1994,16,0.5401785714285714,8,2
0.8905419766206164,0.685909882585658,1.0,0,HK,0.7812605643128825,0.6665243235280398,B.R,0.6410398658121805,0,1994,16,0.5245535714285714,8,2
0.8884165781083954,0.6838607022577892,1.0,0,HK,0.7795188212882806,0.6632889509830288,B.R-no-gate,0.6386979454374732,0,1994,16,0.5245535714285714,8,2
0.8905419766206164,0.685909882585658,1.0,0,HK,0.7812605643128825,0.6665243235280398,B.R-identity,0.6410398658121805,0,1994,16,0.5245535714285714,8,2
0.8905419766206164,0.685909882585658,1.0,0,HK,0.7812605643128825,0.6665243235280398,B.R-zero-prior,0.6410398658121805,0,1994,16,0.5245535714285714,8,2
0.8777895855472901,0.6698902849651975,1.0,0,HK,0.767510406592511,0.6513525349538722,B.L-permute,0.6227317542459401,1,1994,16,0.4995535714285714,8,2
0.620616365568544,0.4087387153003731,0.047619047619047616,20,HK,0.08630969570159826,0.3279303154729521,B.template-0,0.46032723925484814,10,1994,16,0.3020833333333333,8,3
0.5866099893730075,0.31252594738309625,0.023809523809523808,21,HK,0.04461628046367623,0.28751802948364424,B.template-1,0.3537711507507496,13,1994,16,0.1425595238095238,8,3
0.8068077276908924,0.6093758973406447,0.5706623759721104,32,HK,0.5916382950972328,0.5468721037368994,B.V,0.6142150875117114,6,1994,18,0.4736607142857143,9,2
0.8822447102115916,0.666091749325037,0.7531509788146956,17,HK,0.7007745836462677,0.644185060995919,B.J,0.6552093456388297,3,1994,18,0.4745535714285714,9,2
0.8767249310027599,0.6700526780431966,0.7228479485116653,19,HK,0.6918782562699578,0.6416363633658729,B.J1,0.663453269234638,2,1994,18,0.4924107142857143,9,2
0.5354185832566697,0.2977816308801829,0.0,143,HK,0.0,0.2660738790842149,B.Z,0.33500433474020574,7,1994,18,0.15699404761904762,9,6
0.8859245630174793,0.6201972993298308,0.7379994636631805,18,HK,0.6651991278109013,0.5974254582086389,B.L,0.6054720287881621,3,1994,18,0.36517857142857146,9,3
0.8822447102115916,0.666091749325037,0.7531509788146956,17,HK,0.7007745836462677,0.644185060995919,B.R,0.6552093456388297,3,1994,18,0.4745535714285714,9,2
0.8822447102115916,0.666091749325037,0.7531509788146956,17,HK,0.7007745836462677,0.6446877064985643,B.R-no-gate,0.6552093456388297,3,1994,18,0.4745535714285714,9,2
0.8822447102115916,0.666091749325037,0.7531509788146956,17,HK,0.7007745836462677,0.644185060995919,B.R-identity,0.6552093456388297,3,1994,18,0.4745535714285714,9,2
0.8822447102115916,0.666091749325037,0.7531509788146956,17,HK,0.7007745836462677,0.644185060995919,B.R-zero-prior,0.6552093456388297,3,1994,18,0.4745535714285714,9,2
0.8767249310027599,0.6447869946064583,0.7683024939662108,16,HK,0.6919175473991297,0.6231500401787662,B.L-permute,0.6293475571864893,5,1994,18,0.4245535714285714,9,2
0.531738730450782,0.3037562331854726,0.0,144,HK,0.0,0.2738215222362952,B.template-0,0.3417257623336567,13,1994,18,0.17708333333333331,9,6
0.5078196872125115,0.2778008421183078,0.0,144,HK,0.0,0.24660017187545735,B.template-1,0.31252594738309625,4,1994,18,0.1425595238095238,9,5
0.7602158828064765,0.552119135819294,0.6216666666666667,89,HK,0.5804686296448532,0.49960482859221333,B.V,0.544391632391808,18,1994,20,0.3464285714285714,10,3
0.8542791056283732,0.613414266625889,0.8666666666666667,37,HK,0.6987035394525641,0.5846383581404291,B.J,0.5852751110658025,24,1994,20,0.33392857142857146,10,3
0.843484965304549,0.6045761355204851,0.8316666666666667,43,HK,0.6829445493015838,0.574625951060972,B.J1,0.5793438542820205,24,1994,20,0.33392857142857146,10,3
0.4680030840400925,0.289911320593912,0.255,169,HK,0.27302426140130326,0.24727287364339134,B.Z,0.2937903562154578,40,1994,20,0.15699404761904762,10,6
0.8550501156515035,0.6270309409607873,0.8366666666666667,46,HK,0.7013688747431045,0.592159503167373,B.L,0.603738082549023,17,1994,20,0.35892857142857143,10,3
0.8542791056283732,0.613414266625889,0.8666666666666667,37,HK,0.6987035394525641,0.5846383581404291,B.R,0.5852751110658025,24,1994,20,0.33392857142857146,10,3
0.8542791056283732,0.613414266625889,0.8666666666666667,37,HK,0.6987035394525641,0.5856240474728618,B.R-no-gate,0.5852751110658025,25,1994,20,0.33392857142857146,10,3
0.8542791056283732,0.613414266625889,0.8666666666666667,37,HK,0.6987035394525641,0.5846383581404291,B.R-identity,0.5852751110658025,24,1994,20,0.33392857142857146,10,3
0.8542791056283732,0.613414266625889,0.8666666666666667,37,HK,0.6987035394525641,0.5846383581404291,B.R-zero-prior,0.5852751110658025,24,1994,20,0.33392857142857146,10,3
0.8519660755589823,0.5973728622595189,0.8716666666666666,37,HK,0.6869971509195705,0.5653947013201454,B.L-permute,0.566895772880947,19,1994,20,0.2839285714285714,10,3
0.4656900539707016,0.2974167638959527,0.29500000000000004,163,HK,0.296336563448248,0.2537507722360238,B.template-0,0.2976852932177252,45,1994,20,0.17708333333333331,10,6
0.4417887432536623,0.2696065733390378,0.21833333333333335,179,HK,0.2435310188862641,0.2294489959625034,B.template-1,0.2753036000063383,26,1994,20,0.1425595238095238,10,5
0.7444051825677267,0.5911223164347319,0.5773638126579302,108,HK,0.5851680177501163,0.47599385293007224,B.V,0.5931860920012519,25,1994,23,0.4714285714285714,11,2
0.8303886925795053,0.6217129547603358,0.6620318679142209,84,HK,0.6380071840187541,0.5624629110343694,B.J,0.615665117787253,14,1994,23,0.35892857142857143,11,3
0.8144876325088339,0.5941832220684055,0.6272746860982155,92,HK,0.6076518604463982,0.5387141126350073,B.J1,0.5892195024639338,18,1994,23,0.3111607142857143,11,3
0.4004711425206125,0.2747683591858288,0.19805902158843336,284,HK,0.23413315780275715,0.2363592673596425,B.Z,0.28627475982543815,54,1994,23,0.15699404761904762,11,7
0.8309776207302709,0.6132187992847424,0.6733680263092028,77,HK,0.6369096296023002,0.5609851348773713,B.L,0.6041964152310733,15,1994,23,0.33392857142857146,11,3
0.8303886925795053,0.6217129547603358,0.6620318679142209,84,HK,0.6380071840187541,0.5624629110343694,B.R,0.615665117787253,14,1994,23,0.35892857142857143,11,3
0.8256772673733804,0.5971277227671836,0.6569813628637159,85,HK,0.6206629887242749,0.5501981517927199,B.R-no-gate,0.5881496767527038,15,1994,23,0.3026785714285714,11,4
0.8303886925795053,0.6217129547603358,0.6620318679142209,84,HK,0.6380071840187541,0.5624629110343694,B.R-identity,0.615665117787253,14,1994,23,0.35892857142857143,11,3
0.8303886925795053,0.6217129547603358,0.6620318679142209,84,HK,0.6380071840187541,0.5624629110343694,B.R-zero-prior,0.615665117787253,14,1994,23,0.35892857142857143,11,3
0.8268551236749117,0.5993834363689104,0.6547058605882136,89,HK,0.621270954659874,0.5443608775489432,B.L-permute,0.591085072736015,16,1994,23,0.2839285714285714,11,3
0.3998822143698469,0.280488228324913,0.2118241235888295,274,HK,0.24510311803450116,0.2410018863955682,B.template-0,0.2907878440353255,57,1994,23,0.17708333333333331,11,8
0.38810365135453473,0.25900039425470184,0.22420281243810658,272,HK,0.24257208647304934,0.214388726604179,B.template-1,0.26422003152719115,55,1994,23,0.1425595238095238,11,7
0.9907407407407407,0.990625,0.990625,0,HK,nan,0.9907364167468811,B.V,nan,0,1995,2,nan,1,0
0.9876543209876543,0.9875,0.9875,0,HK,nan,0.9876467896904072,B.J,nan,0,1995,2,nan,1,0
0.9876543209876543,0.9875,0.9875,0,HK,nan,0.9876467896904072,B.J1,nan,0,1995,2,nan,1,0
0.9074074074074074,0.9077743902439024,0.9077743902439024,0,HK,nan,0.9073756432246998,B.Z,nan,0,1995,2,nan,1,0
0.9876543209876543,0.9875,0.9875,0,HK,nan,0.9876467896904072,B.L,nan,0,1995,2,nan,1,0
0.9876543209876543,0.9875,0.9875,0,HK,nan,0.9876467896904072,B.R,nan,0,1995,2,nan,1,0
0.9876543209876543,0.9875,0.9875,0,HK,nan,0.9876467896904072,B.R-no-gate,nan,0,1995,2,nan,1,0
0.9876543209876543,0.9875,0.9875,0,HK,nan,0.9876467896904072,B.R-identity,nan,0,1995,2,nan,1,0
0.9876543209876543,0.9875,0.9875,0,HK,nan,0.9876467896904072,B.R-zero-prior,nan,0,1995,2,nan,1,0
0.9876543209876543,0.9875,0.9875,0,HK,nan,0.9876467896904072,B.L-permute,nan,0,1995,2,nan,1,0
0.9135802469135802,0.9138719512195121,0.9138719512195121,0,HK,nan,0.9135670731707317,B.template-0,nan,0,1995,2,nan,1,0
0.904320987654321,0.9045731707317073,0.9045731707317073,0,HK,nan,0.9043127840178342,B.template-1,nan,0,1995,2,nan,1,0
0.9821428571428571,0.9864583333333333,0.9916666666666667,1,HK,0.9864308342133051,0.9700266892648762,B.V,0.98125,4,1995,4,1.0,2,0
0.9872448979591837,0.9921875,1.0,0,HK,0.9921259842519685,0.989667524348818,B.J,0.984375,2,1995,4,1.0,2,0
0.9872448979591837,0.9921875,1.0,0,HK,0.9921259842519685,0.989667524348818,B.J1,0.984375,2,1995,4,1.0,2,0
0.8673469387755102,0.8797891260162602,0.9041666666666667,3,HK,0.8791136636007911,0.7947443958222741,B.Z,0.8554115853658537,23,1995,4,0.875,2,0
0.9872448979591837,0.9921875,1.0,0,HK,0.9921259842519685,0.989667524348818,B.L,0.984375,2,1995,4,1.0,2,0
0.9872448979591837,0.9921875,1.0,0,HK,0.9921259842519685,0.989667524348818,B.R,0.984375,2,1995,4,1.0,2,0
0.9872448979591837,0.9921875,1.0,0,HK,0.9921259842519685,0.989667524348818,B.R-no-gate,0.984375,2,1995,4,1.0,2,0
0.9872448979591837,0.9921875,1.0,0,HK,0.9921259842519685,0.989667524348818,B.R-identity,0.984375,2,1995,4,1.0,2,0
0.9872448979591837,0.9921875,1.0,0,HK,0.9921259842519685,0.989667524348818,B.R-zero-prior,0.984375,2,1995,4,1.0,2,0
0.9872448979591837,0.9921875,1.0,0,HK,0.9921259842519685,0.989667524348818,B.L-permute,0.984375,2,1995,4,1.0,2,0
0.8801020408163265,0.8769181910569106,0.8708333333333333,7,HK,0.8768759687676552,0.8325384313630508,B.template-0,0.8830030487804879,14,1995,4,0.875,2,0
0.8622448979591837,0.8767403455284553,0.9041666666666667,3,HK,0.8758823912948984,0.7776639752791069,B.template-1,0.849314024390244,27,1995,4,0.875,2,0
0.9612403100775194,0.7938939701897018,0.491869918699187,3,HK,0.646963567060142,0.8031007661706339,B.V,0.9449059959349593,10,1995,6,0.5,3,1
0.9883720930232558,0.8278116531165312,0.4959349593495935,2,HK,0.6616638810246613,0.8249677419146062,B.J,0.99375,0,1995,6,0.5,3,1
0.9903100775193798,0.8288533197831979,0.4959349593495935,2,HK,0.662009864470019,0.8260006324977361,B.J1,0.9953125,0,1995,6,0.5,3,1
0.8023255813953488,0.6564532520325203,0.4878048780487805,4,HK,0.5882468651598856,0.6117171961732767,B.Z,0.7407774390243902,53,1995,6,0.4375,3,1
0.9903100775193798,0.8288533197831979,0.4959349593495935,2,HK,0.662009864470019,0.8260006324977361,B.L,0.9953125,0,1995,6,0.5,3,1
0.9883720930232558,0.8278116531165312,0.4959349593495935,2,HK,0.6616638810246613,0.8249677419146062,B.R,0.99375,0,1995,6,0.5,3,1
0.9883720930232558,0.8278116531165312,0.4959349593495935,2,HK,0.6616638810246613,0.8249677419146062,B.R-no-gate,0.99375,0,1995,6,0.5,3,1
0.9883720930232558,0.8278116531165312,0.4959349593495935,2,HK,0.6616638810246613,0.8249677419146062,B.R-identity,0.99375,0,1995,6,0.5,3,1
0.9883720930232558,0.8278116531165312,0.4959349593495935,2,HK,0.6616638810246613,0.8249677419146062,B.R-zero-prior,0.99375,0,1995,6,0.5,3,1
0.9903100775193798,0.8288533197831979,0.4959349593495935,2,HK,0.662009864470019,0.8260006324977361,B.L-permute,0.9953125,0,1995,6,0.5,3,1
0.8391472868217055,0.6802083333333333,0.47560975609756095,7,HK,0.5916272451428963,0.6566946189621697,B.template-0,0.7825076219512195,37,1995,6,0.4375,3,1
0.7810077519379846,0.639913617886179,0.4878048780487805,4,HK,0.5802634149430107,0.5900768814046833,B.template-1,0.7159679878048781,65,1995,6,0.4375,3,1
0.9552238805970149,0.7975673272357724,0.9512195121951219,4,HK,0.8364224754450648,0.7968050053357383,B.V,0.7463499322493224,5,1995,8,0.375,4,1
0.9835820895522388,0.8417365345528456,0.9512195121951219,4,HK,0.8721648662560212,0.8270941041652492,B.J,0.8052422086720868,2,1995,8,0.4375,4,1
0.9835820895522388,0.8394690040650405,0.9390243902439024,5,HK,0.867606301229205,0.8215592871225544,B.J1,0.8062838753387535,2,1995,8,0.4375,4,1
0.673134328358209,0.5557618241420246,0.3345564429095618,109,HK,0.4369099514714578,0.5141385542317216,B.Z,0.6294969512195122,12,1995,8,0.375,4,1
0.982089552238806,0.8409552845528455,0.9512195121951219,4,HK,0.8715535013320028,0.8261489605488025,B.L,0.80420054200542,3,1995,8,0.4375,4,1
0.9835820895522388,0.8417365345528456,0.9512195121951219,4,HK,0.8721648662560212,0.8270941041652492,B.R,0.8052422086720868,2,1995,8,0.4375,4,1
0.982089552238806,0.8386877540650406,0.9390243902439024,5,HK,0.8670028703947891,0.8207848487970332,B.R-no-gate,0.8052422086720868,2,1995,8,0.4375,4,1
0.9835820895522388,0.8417365345528456,0.9512195121951219,4,HK,0.8721648662560212,0.8270941041652492,B.R-identity,0.8052422086720868,2,1995,8,0.4375,4,1
0.9835820895522388,0.8417365345528456,0.9512195121951219,4,HK,0.8721648662560212,0.8270941041652492,B.R-zero-prior,0.8052422086720868,2,1995,8,0.4375,4,1
0.982089552238806,0.8535315040650406,0.9390243902439024,5,HK,0.8783461939276137,0.8292467775962824,B.L-permute,0.8250338753387534,1,1995,8,0.5,4,1
0.6940298507462687,0.550572826732139,0.29581264839197063,117,HK,0.40370603785030656,0.5145749888623683,B.template-0,0.6354928861788617,7,1995,8,0.3125,4,1
0.6283582089552239,0.5184161180660479,0.23494496006906973,128,HK,0.33968047521318373,0.46440220451608405,B.template-1,0.6129065040650407,12,1995,8,0.375,4,1
0.9443127962085308,0.8166412781746988,0.9295051353874884,4,HK,0.8531723486584193,0.8123119162138727,B.V,0.7884253138715015,11,1995,10,0.375,5,1
0.9845971563981043,0.8821716084807907,0.9967320261437909,1,HK,0.9195902870422847,0.8607327913525976,B.J,0.8535315040650406,1,1995,10,0.5,5,1
0.9845971563981043,0.8811299418141241,0.9967320261437909,1,HK,0.9188340391853094,0.8587540821442714,B.J1,0.8522294207317074,3,1995,10,0.5,5,1
0.6303317535545023,0.5327021039187673,0.6367880485527544,40,HK,0.564332318546876,0.4778401413299861,B.Z,0.5066806177602705,95,1995,10,0.375,5,1
0.9834123222748815,0.8686299418141241,0.9967320261437909,1,HK,0.9096752762188394,0.8527857798334744,B.L,0.8366044207317074,2,1995,10,0.4375,5,1
0.9845971563981043,0.8821716084807907,0.9967320261437909,1,HK,0.9195902870422847,0.8607327913525976,B.R,0.8535315040650406,1,1995,10,0.5,5,1
0.9845971563981043,0.8821716084807907,0.9967320261437909,1,HK,0.9195902870422847,0.8607327913525976,B.R-no-gate,0.8535315040650406,1,1995,10,0.5,5,1
0.9845971563981043,0.8821716084807907,0.9967320261437909,1,HK,0.9195902870422847,0.8607327913525976,B.R-identity,0.8535315040650406,1,1995,10,0.5,5,1
0.9845971563981043,0.8821716084807907,0.9967320261437909,1,HK,0.9195902870422847,0.8607327913525976,B.R-zero-prior,0.8535315040650406,1,1995,10,0.5,5,1
0.9822274881516587,0.8809216084807907,0.9967320261437909,1,HK,0.9186826617795854,0.8588759501146391,B.L-permute,0.8519690040650406,1,1995,10,0.5,5,1
0.6516587677725119,0.5356001429278813,0.6736694677871149,35,HK,0.5746985078890634,0.4859990521559273,B.template-0,0.5010828117130729,103,1995,10,0.3125,5,1
0.6125592417061612,0.5236090615107831,0.6844070961718021,36,HK,0.5666110833461967,0.45465904824612685,B.template-1,0.48340955284552845,101,1995,10,0.375,5,2
0.9318448883666275,0.7459537876593908,0.45,2,HK,0.5773280005465165,0.7133859839304647,B.V,0.805144545191269,11,1995,12,0.4125,6,1
0.9788484136310224,0.7908245157819226,0.4,2,HK,0.5478308367080583,0.7740304652093695,B.J,0.868989418938307,2,1995,12,0.41875,6,2
0.9753231492361927,0.7730446955204845,0.3,3,HK,0.44584469686691575,0.7509389827680617,B.J1,0.8676536346245814,4,1995,12,0.36875,6,2
0.6204465334900118,0.4280454040592902,0.0,6,HK,0.0,0.38928704421341737,B.Z,0.5136544848711482,11,1995,12,0.1875,6,3
0.9788484136310224,0.7908245157819226,0.4,3,HK,0.5478308367080583,0.7734994819933232,B.L,0.868989418938307,1,1995,12,0.41875,6,2
0.9788484136310224,0.7908245157819226,0.4,2,HK,0.5478308367080583,0.7740304652093695,B.R,0.868989418938307,2,1995,12,0.41875,6,2
0.9776733254994124,0.7741578491152558,0.3,3,HK,0.44602084750820187,0.7626479453784389,B.R-no-gate,0.868989418938307,2,1995,12,0.36875,6,2
0.9788484136310224,0.7908245157819226,0.4,2,HK,0.5478308367080583,0.7740304652093695,B.R-identity,0.868989418938307,2,1995,12,0.41875,6,2
0.9788484136310224,0.7908245157819226,0.4,2,HK,0.5478308367080583,0.7740304652093695,B.R-zero-prior,0.868989418938307,2,1995,12,0.41875,6,2
0.9706227967097533,0.7694735041713162,0.3,3,HK,0.4452768442308111,0.7507523507176307,B.L-permute,0.8633682050055794,4,1995,12,0.36875,6,2
0.6404230317273796,0.43187533687660257,0.0,6,HK,0.0,0.3993556026863432,B.template-0,0.518250404251923,15,1995,12,0.15625,6,3
0.6063454759106933,0.44507104332247804,0.1,5,HK,0.16743123216965933,0.3896818318439193,B.template-1,0.5140852519869736,11,1995,12,0.2375,6,3
0.896045197740113,0.6436201321815543,0.045454545454545456,27,HK,0.08567025455987265,0.604027945783917,B.V,0.7433143966360558,10,1995,14,0.32999999999999996,7,2
0.9559322033898305,0.6928790816030774,0.25757575757575757,16,HK,0.38544492448678325,0.6674908655484486,B.J,0.7654296356076307,4,1995,14,0.27999999999999997,7,3
0.9525423728813559,0.6796215058455016,0.22727272727272727,16,HK,0.34937667776068776,0.6596500889745184,B.J1,0.755012968940964,2,1995,14,0.255,7,3
0.559322033898305,0.34492803218848517,0.0,21,HK,0.0,0.32478367609209097,B.Z,0.4024160375532327,114,1995,14,0.15,7,6
0.9570621468926553,0.6848842169905657,0.25757575757575757,14,HK,0.3842514314091283,0.6694097562550251,B.L,0.7561022935597004,4,1995,14,0.255,7,3
0.9559322033898305,0.6928790816030774,0.25757575757575757,16,HK,0.38544492448678325,0.6674908655484486,B.R,0.7654296356076307,4,1995,14,0.27999999999999997,7,3
0.9548022598870056,0.6839505101745059,0.25757575757575757,14,HK,0.38411061146902725,0.6666663062016125,B.R-no-gate,0.755012968940964,3,1995,14,0.255,7,3
0.9559322033898305,0.6928790816030774,0.25757575757575757,16,HK,0.38544492448678325,0.6674908655484486,B.R-identity,0.7654296356076307,4,1995,14,0.27999999999999997,7,3
0.9559322033898305,0.6928790816030774,0.25757575757575757,16,HK,0.38544492448678325,0.6674908655484486,B.R-zero-prior,0.7654296356076307,4,1995,14,0.27999999999999997,7,3
0.9548022598870056,0.6929366942638104,0.2727272727272727,16,HK,0.4018217436777774,0.670961680459835,B.L-permute,0.7629715978532334,5,1995,14,0.27999999999999997,7,3
0.5740112994350283,0.34091793221353583,0.0,22,HK,0.0,0.3293019717457574,B.template-0,0.3977375875824585,118,1995,14,0.125,7,6
0.5514124293785311,0.3585623661881604,0.015151515151515152,18,HK,0.029237621639643326,0.3394111018026881,B.template-1,0.4157975080276013,113,1995,14,0.19,7,4
0.8288100208768268,0.5747088371456069,0.4025974025974026,60,HK,0.48163815088611767,0.5230685246739453,B.V,0.5992961849382075,10,1995,16,0.319047619047619,8,2
0.8966597077244259,0.6127780999687384,0.5238095238095238,46,HK,0.5701509660416139,0.5873636325513625,B.J,0.6254878965629118,21,1995,16,0.24821428571428572,8,3
0.8914405010438413,0.6184599181505566,0.5010822510822511,49,HK,0.5602369782806316,0.5873596479961427,B.J1,0.6352281563031718,17,1995,16,0.28154761904761905,8,3
0.5250521920668059,0.32724492859782495,0.27489177489177485,59,HK,0.3018716776031965,0.3018751130522195,B.Z,0.3347239505558321,19,1995,16,0.19642857142857142,8,6
0.8997912317327766,0.6195989343631022,0.45995670995670995,46,HK,0.5360826326724414,0.5954362531223681,B.L,0.6424049664211583,18,1995,16,0.2577380952380952,8,3
0.8977035490605428,0.6137250696657082,0.5313852813852814,45,HK,0.5746093318675853,0.588328979086016,B.R,0.6254878965629118,21,1995,16,0.24821428571428572,8,3
0.8987473903966597,0.6271720393626778,0.5238095238095238,46,HK,0.5768886621277295,0.5980746564615389,B.R-no-gate,0.6419381130131284,19,1995,16,0.28154761904761905,8,3
0.8977035490605428,0.6137250696657082,0.5313852813852814,45,HK,0.5746093318675853,0.588328979086016,B.R-identity,0.6254878965629118,21,1995,16,0.24821428571428572,8,3
0.8966597077244259,0.6127780999687384,0.5238095238095238,46,HK,0.5701509660416139,0.5873636325513625,B.R-zero-prior,0.6254878965629118,21,1995,16,0.24821428571428572,8,3
0.9029227557411273,0.6238479093364988,0.5313852813852814,45,HK,0.5794427056296251,0.5981730956956666,B.L-permute,0.6370568561866727,17,1995,16,0.24821428571428572,8,3
0.5375782881002088,0.32874150237515554,0.33874458874458874,59,HK,0.33293043002055095,0.30345772526521403,B.template-0,0.32731249003666507,17,1995,16,0.1994047619047619,8,7
0.511482254697286,0.3130631888287466,0.20346320346320346,57,HK,0.25135122433629936,0.28791421257000255,B.template-1,0.3287203295952527,23,1995,16,0.18511904761904763,8,5
0.8188775510204082,0.582556588480613,0.6033726636733842,49,HK,0.5914318990498738,0.5130209840308443,B.V,0.5799545790815166,4,1995,18,0.33154761904761904,9,2
0.8894557823129252,0.6206631010720894,0.7704918032786885,28,HK,0.6758623075120691,0.5900711062661643,B.J,0.6019345132962646,6,1995,18,0.2244047619047619,9,3
0.8792517006802721,0.6173626685170842,0.7377049180327868,32,HK,0.6631733104239571,0.5784642066901394,B.J1,0.6023198873276214,4,1995,18,0.24821428571428572,9,3
0.5187074829931972,0.31273795511926694,0.5179074866868539,90,HK,0.36940897449536547,0.2907983047262125,B.Z,0.28709176367331857,45,1995,18,0.15178571428571427,9,6
0.891156462585034,0.6205940418099087,0.7755038112143677,28,HK,0.6773368863071231,0.5948413009557276,B.L,0.6012303206343513,7,1995,18,0.2244047619047619,9,3
0.8894557823129252,0.6206631010720894,0.7704918032786885,28,HK,0.6758623075120691,0.5900711062661643,B.R,0.6019345132962646,6,1995,18,0.2244047619047619,9,3
0.8903061224489796,0.6285996090085973,0.7704918032786885,28,HK,0.6814541343336822,0.5959090792094004,B.R-no-gate,0.610863084724836,6,1995,18,0.24821428571428572,9,3
0.8894557823129252,0.6206631010720894,0.7704918032786885,28,HK,0.6758623075120691,0.5900711062661643,B.R-identity,0.6019345132962646,6,1995,18,0.2244047619047619,9,3
0.8894557823129252,0.6206631010720894,0.7704918032786885,28,HK,0.6758623075120691,0.5900711062661643,B.R-zero-prior,0.6019345132962646,6,1995,18,0.2244047619047619,9,3
0.8903061224489796,0.6208320186560659,0.7181267620340399,35,HK,0.6588835563364775,0.593351898657091,B.L-permute,0.6086701757338191,4,1995,18,0.2035714285714286,9,3
0.5221088435374149,0.3204712117611002,0.43688002506003965,106,HK,0.3598555763260245,0.29325468085852835,B.template-0,0.30592011009873277,30,1995,18,0.17857142857142858,9,7
0.5017006802721088,0.29715962254145417,0.5160801921269709,89,HK,0.35434558763705926,0.2748649255373141,B.template-1,0.2697945513432646,61,1995,18,0.14047619047619045,9,5
0.8230543318649045,0.5999404494185557,0.489010989010989,8,HK,0.5437411173517268,0.501687578370096,B.V,0.6122659450193965,29,1995,20,0.41632653061224495,10,2
0.8906020558002937,0.6045270208491218,0.4945054945054945,6,HK,0.5489045948594562,0.5760164398573824,B.J,0.6167516348873026,22,1995,20,0.22091836734693876,10,4
0.8795888399412628,0.6121951530777958,0.6167582417582418,6,HK,0.6142127297232909,0.5713222399409744,B.J1,0.611688143224413,32,1995,20,0.2770408163265306,10,3
0.44713656387665196,0.29244900809218877,0.125,185,HK,0.17833463858980309,0.2562664696791498,B.Z,0.31105445343576527,6,1995,20,0.16581632653061223,10,7
0.8898678414096917,0.6002110279234538,0.4945054945054945,6,HK,0.5469971167878975,0.5766592268550508,B.L,0.611956087192116,22,1995,20,0.22091836734693876,10,4
0.8906020558002937,0.6045270208491218,0.4945054945054945,6,HK,0.5489045948594562,0.5760164398573824,B.R,0.6167516348873026,22,1995,20,0.22091836734693876,10,4
0.8891336270190896,0.6096364910249636,0.4945054945054945,6,HK,0.5511415815608772,0.5799387401783459,B.R-no-gate,0.6224288239715713,23,1995,20,0.2413265306122449,10,4
0.8906020558002937,0.6045270208491218,0.4945054945054945,6,HK,0.5489045948594562,0.5760164398573824,B.R-identity,0.6167516348873026,22,1995,20,0.22091836734693876,10,4
0.8906020558002937,0.6045270208491218,0.4945054945054945,6,HK,0.5489045948594562,0.5760164398573824,B.R-zero-prior,0.6167516348873026,22,1995,20,0.22091836734693876,10,4
0.8876651982378855,0.5834884870156934,0.5,4,HK,0.5424450759301879,0.5631327384182169,B.L-permute,0.5927649855729927,29,1995,20,0.16377551020408163,10,4
0.45154185022026433,0.3009240905849902,0.125,185,HK,0.17984956339499908,0.2661939484156701,B.template-0,0.3204712117611002,2,1995,20,0.18877551020408162,10,8
0.43171806167400884,0.2760475563912049,0.125,185,HK,0.17520892764227572,0.2323881543696456,B.template-1,0.2928306182124498,12,1995,20,0.15612244897959182,10,7
0.7444051825677267,0.5911223164347318,0.7547474747474747,113,HK,0.6472645186685387,0.4759938529300723,B.V,0.5665785426878204,87,1995,23,0.4714285714285714,11,2
0.8268551236749117,0.600853154011348,0.8713131313131313,60,HK,0.6820115509672284,0.5515745106870595,B.J,0.5602841574160804,78,1995,23,0.3026785714285714,11,4
0.8138987043580683,0.6021405081276054,0.8672727272727272,62,HK,0.6823082572964768,0.5422126694890484,B.J1,0.5623706752558372,87,1995,23,0.3361607142857143,11,3
0.4004711425206125,0.27476835918582876,0.3305339105339105,183,HK,0.29502387998516,0.23635926735964247,B.Z,0.26640352648361654,256,1995,23,0.15699404761904762,11,7
0.8297997644287397,0.6021974967922538,0.8555555555555555,67,HK,0.6799779579584332,0.5566330417800008,B.L,0.5641937879777584,70,1995,23,0.3026785714285714,11,4
0.8268551236749117,0.600853154011348,0.8713131313131313,60,HK,0.6820115509672284,0.5515745106870595,B.R,0.5602841574160804,78,1995,23,0.3026785714285714,11,4
0.8292108362779741,0.6095141642051364,0.8757575757575758,58,HK,0.6902370251442904,0.5587312123631998,B.R-no-gate,0.5695776524722704,79,1995,23,0.3205357142857143,11,4
0.8280329799764429,0.6022034544708742,0.8735353535353535,59,HK,0.6835957749354213,0.5524805110944853,B.R-identity,0.5615036696112023,79,1995,23,0.3026785714285714,11,4
0.8268551236749117,0.600853154011348,0.8713131313131313,60,HK,0.6820115509672284,0.5515745106870595,B.R-zero-prior,0.5602841574160804,78,1995,23,0.3026785714285714,11,4
0.8250883392226148,0.6023564552118298,0.8812121212121212,55,HK,0.6852054920763767,0.5508168658770071,B.L-permute,0.5605281053117862,87,1995,23,0.3026785714285714,11,4
0.3998822143698469,0.2804882283249129,0.29255411255411257,199,HK,0.2854477014911688,0.24100188639556813,B.template-0,0.27867834569053296,228,1995,23,0.17708333333333331,11,8
0.38810365135453473,0.25900039425470184,0.3235497835497836,182,HK,0.28162443295862505,0.214388726604179,B.template-1,0.2493179858604396,240,1995,23,0.1425595238095238,11,7
