dataset,seed,task,method,head_index,original_label,n_images,n_correct,recall,margin_mean,n_components
HK,1993,1,C2,0,0,7,7,100.0,0.9965898693601934,7
HK,1993,1,C2,1,4,165,165,100.0,0.9755074601718169,165
HK,1993,1,C3,0,0,7,7,100.0,0.9965898693601934,7
HK,1993,1,C3,1,4,165,165,100.0,0.9755074601718169,165
HK,1993,2,C2,0,0,7,7,100.0,0.45760999451835777,7
HK,1993,2,C2,1,4,165,165,100.0,0.8082613050869437,165
HK,1993,2,C2,2,12,41,36,87.8048780487805,0.4623858693237001,41
HK,1993,2,C2,3,8,153,153,100.0,0.8578045730398205,153
HK,1993,2,C3,0,0,7,7,100.0,0.45699040131879515,7
HK,1993,2,C3,1,4,165,165,100.0,0.8086740474801969,165
HK,1993,2,C3,2,12,41,36,87.8048780487805,0.4624045962706652,41
HK,1993,2,C3,3,8,153,153,100.0,0.8577709622773765,153
HK,1993,3,C2,0,0,7,5,71.42857142857143,0.16018520848143722,7
HK,1993,3,C2,1,4,165,165,100.0,0.7608040949548672,165
HK,1993,3,C2,2,12,41,31,75.60975609756098,0.2843024679605485,41
HK,1993,3,C2,3,8,153,153,100.0,0.7779779706113836,153
HK,1993,3,C2,4,2,182,182,100.0,0.8159482703172657,182
HK,1993,3,C2,5,11,61,40,65.57377049180327,0.11217909158042004,61
HK,1993,3,C3,0,0,7,5,71.42857142857143,0.1591481941066399,7
HK,1993,3,C3,1,4,165,165,100.0,0.7610734697079469,165
HK,1993,3,C3,2,12,41,31,75.60975609756098,0.2843293354339901,41
HK,1993,3,C3,3,8,153,153,100.0,0.7779425768861935,153
HK,1993,3,C3,4,2,182,182,100.0,0.8159308620262598,182
HK,1993,3,C3,5,11,61,40,65.57377049180327,0.11234106019120445,61
HK,1994,1,C2,0,22,21,21,100.0,0.963657293343498,21
HK,1994,1,C2,1,16,8,8,100.0,0.9671022278978711,8
HK,1994,1,C3,0,22,21,21,100.0,0.963657293343498,21
HK,1994,1,C3,1,16,8,8,100.0,0.9671022278978711,8
HK,1994,2,C2,0,22,21,21,100.0,0.6666338737102947,21
HK,1994,2,C2,1,16,8,8,100.0,0.42292808597741843,8
HK,1994,2,C2,2,12,41,37,90.2439024390244,0.4743757091032373,41
HK,1994,2,C2,3,13,160,155,96.875,0.753174517805715,160
HK,1994,2,C3,0,22,21,21,100.0,0.6616772514572334,21
HK,1994,2,C3,1,16,8,8,100.0,0.4201697603905487,8
HK,1994,2,C3,2,12,41,37,90.2439024390244,0.4760444618154324,41
HK,1994,2,C3,3,13,160,155,96.875,0.7538295963799304,160
HK,1994,3,C2,0,22,21,16,76.19047619047619,0.2434843183417762,21
HK,1994,3,C2,1,16,8,8,100.0,0.38646577654131553,8
HK,1994,3,C2,2,12,41,36,87.8048780487805,0.40029294251338976,41
HK,1994,3,C2,3,13,160,156,97.5,0.674565003291985,160
HK,1994,3,C2,4,21,4,1,25.0,-0.2070564366352632,4
HK,1994,3,C2,5,4,165,165,100.0,0.7564749296529741,165
HK,1994,3,C3,0,22,21,16,76.19047619047619,0.24289103894899952,21
HK,1994,3,C3,1,16,8,8,100.0,0.3848944255994044,8
HK,1994,3,C3,2,12,41,36,87.8048780487805,0.401328690484126,41
HK,1994,3,C3,3,13,160,156,97.5,0.673858145934605,160
HK,1994,3,C3,4,21,4,1,25.0,-0.20808201512155172,4
HK,1994,3,C3,5,4,165,165,100.0,0.7568132744493338,165
HK,1995,1,C2,0,9,164,164,100.0,0.9174333934287996,164
HK,1995,1,C2,1,13,160,155,96.875,0.8972202876064376,160
HK,1995,1,C3,0,9,164,164,100.0,0.9174333934287996,164
HK,1995,1,C3,1,13,160,155,96.875,0.8972202876064376,160
HK,1995,2,C2,0,9,164,163,99.39024390243902,0.7593568656578744,164
HK,1995,2,C2,1,13,160,154,96.25,0.7526865952361067,160
HK,1995,2,C2,2,16,8,8,100.0,0.8324480546836648,8
HK,1995,2,C2,3,14,60,60,100.0,0.7621427048328512,60
HK,1995,2,C3,0,9,164,163,99.39024390243902,0.753338722298245,164
HK,1995,2,C3,1,13,160,154,96.25,0.7450004993622912,160
HK,1995,2,C3,2,16,8,8,100.0,0.8337031671790515,8
HK,1995,2,C3,3,14,60,60,100.0,0.7635022912816901,60
HK,1995,3,C2,0,9,164,163,99.39024390243902,0.6862080268395154,164
HK,1995,3,C2,1,13,160,155,96.875,0.6948470687514826,160
HK,1995,3,C2,2,16,8,8,100.0,0.7853354239748156,8
HK,1995,3,C2,3,14,60,60,100.0,0.5472786993210044,60
HK,1995,3,C2,4,15,123,122,99.1869918699187,0.7555412467905693,123
HK,1995,3,C2,5,5,1,0,0.0,-0.3199045885861827,1
HK,1995,3,C3,0,9,164,163,99.39024390243902,0.6789089329672434,164
HK,1995,3,C3,1,13,160,155,96.875,0.6858376389743798,160
HK,1995,3,C3,2,16,8,8,100.0,0.7826685502922512,8
HK,1995,3,C3,3,14,60,60,100.0,0.5446018422298076,60
HK,1995,3,C3,4,15,123,122,99.1869918699187,0.7562543312903364,123
HK,1995,3,C3,5,5,1,0,0.0,-0.31855057233234324,1
ISIC,1993,1,C2,0,4,41,39,95.1219512195122,0.6400010958571355,38
ISIC,1993,1,C2,1,0,44,44,100.0,0.8619492072635871,44
ISIC,1993,1,C3,0,4,41,39,95.1219512195122,0.6400010958571355,38
ISIC,1993,1,C3,1,0,44,44,100.0,0.8619492072635871,44
ISIC,1993,2,C2,0,4,41,31,75.60975609756098,0.2479732087382186,38
ISIC,1993,2,C2,1,0,44,40,90.9090909090909,0.4630053403721229,44
ISIC,1993,2,C2,2,3,40,26,65.0,0.13487265038885338,37
ISIC,1993,2,C2,3,7,24,14,58.333333333333336,0.07142287578775247,20
ISIC,1993,2,C3,0,4,41,31,75.60975609756098,0.2478838545787183,38
ISIC,1993,2,C3,1,0,44,40,90.9090909090909,0.4630955907387019,44
ISIC,1993,2,C3,2,3,40,26,65.0,0.13496620764517947,37
ISIC,1993,2,C3,3,7,24,14,58.333333333333336,0.07137942140026808,20
ISIC,1993,3,C2,0,4,41,25,60.97560975609756,0.08647133791938348,38
ISIC,1993,3,C2,1,0,44,39,88.63636363636364,0.367858701465615,44
ISIC,1993,3,C2,2,3,40,24,60.0,0.03984783917518951,37
ISIC,1993,3,C2,3,7,24,14,58.333333333333336,0.06481917238030628,20
ISIC,1993,3,C2,4,5,37,19,51.351351351351354,0.0810869980684544,34
ISIC,1993,3,C2,5,6,26,24,92.3076923076923,0.4261784001526058,24
ISIC,1993,3,C3,0,4,41,25,60.97560975609756,0.08601489358300099,38
ISIC,1993,3,C3,1,0,44,39,88.63636363636364,0.36996064048054883,44
ISIC,1993,3,C3,2,3,40,24,60.0,0.03859267298975658,37
ISIC,1993,3,C3,3,7,24,14,58.333333333333336,0.06553450687820984,20
ISIC,1993,3,C3,4,5,37,19,51.351351351351354,0.0820929072608697,34
ISIC,1993,3,C3,5,6,26,24,92.3076923076923,0.42622506385459474,24
ISIC,1994,1,C2,0,3,40,39,97.5,0.7556535861755985,37
ISIC,1994,1,C2,1,7,24,12,50.0,0.014006326217364288,20
ISIC,1994,1,C3,0,3,40,39,97.5,0.7556535861755985,37
ISIC,1994,1,C3,1,7,24,12,50.0,0.014006326217364288,20
ISIC,1994,2,C2,0,3,40,32,80.0,0.2703626985554067,37
ISIC,1994,2,C2,1,7,24,13,54.166666666666664,0.07442963439149823,20
ISIC,1994,2,C2,2,4,41,22,53.65853658536585,0.04507642491749194,38
ISIC,1994,2,C2,3,5,37,19,51.351351351351354,0.058239595549920226,34
ISIC,1994,2,C3,0,3,40,32,80.0,0.2699634000287924,37
ISIC,1994,2,C3,1,7,24,13,54.166666666666664,0.06890007118672906,20
ISIC,1994,2,C3,2,4,41,22,53.65853658536585,0.04406965796963191,38
ISIC,1994,2,C3,3,5,37,18,48.648648648648646,0.057378675735223816,34
ISIC,1994,3,C2,0,3,40,17,42.5,-0.023280332022145016,37
ISIC,1994,3,C2,1,7,24,14,58.333333333333336,0.026399707790473115,20
ISIC,1994,3,C2,2,4,41,25,60.97560975609756,0.06462801252870147,38
ISIC,1994,3,C2,3,5,37,19,51.351351351351354,0.0345818923864452,34
ISIC,1994,3,C2,4,1,37,19,51.351351351351354,0.08857247027901252,36
ISIC,1994,3,C2,5,0,44,36,81.81818181818181,0.21902732894487648,44
ISIC,1994,3,C3,0,3,40,17,42.5,-0.02003716701345539,37
ISIC,1994,3,C3,1,7,24,14,58.333333333333336,0.023118488757580657,20
ISIC,1994,3,C3,2,4,41,23,56.09756097560975,0.06262811279033446,38
ISIC,1994,3,C3,3,5,37,19,51.351351351351354,0.033683163606464304,34
ISIC,1994,3,C3,4,1,37,19,51.351351351351354,0.08754631569415819,36
ISIC,1994,3,C3,5,0,44,36,81.81818181818181,0.21608613340949015,44
ISIC,1995,1,C2,0,1,37,32,86.48648648648648,0.4286959922209206,36
ISIC,1995,1,C2,1,3,40,34,85.0,0.49930183804488204,37
ISIC,1995,1,C3,0,1,37,32,86.48648648648648,0.4286959922209206,36
ISIC,1995,1,C3,1,3,40,34,85.0,0.49930183804488204,37
ISIC,1995,2,C2,0,1,37,24,64.86486486486487,0.1873696560655047,36
ISIC,1995,2,C2,1,3,40,33,82.5,0.2508745647516212,37
ISIC,1995,2,C2,2,0,44,35,79.54545454545455,0.2375706260035267,44
ISIC,1995,2,C2,3,6,26,23,88.46153846153847,0.4421860878126029,24
ISIC,1995,2,C3,0,1,37,24,64.86486486486487,0.18744848443365383,36
ISIC,1995,2,C3,1,3,40,33,82.5,0.25072297320806297,37
ISIC,1995,2,C3,2,0,44,35,79.54545454545455,0.23815737416209729,44
ISIC,1995,2,C3,3,6,26,23,88.46153846153847,0.44194791367642444,24
ISIC,1995,3,C2,0,1,37,20,54.054054054054056,0.10143235885940993,36
ISIC,1995,3,C2,1,3,40,22,55.0,0.026748059313835226,37
ISIC,1995,3,C2,2,0,44,36,81.81818181818181,0.2031693755679863,44
ISIC,1995,3,C2,3,6,26,24,92.3076923076923,0.43097867779228416,24
ISIC,1995,3,C2,4,4,41,24,58.53658536585366,0.06423505248352604,38
ISIC,1995,3,C2,5,5,37,18,48.648648648648646,0.04214000321570345,34
ISIC,1995,3,C3,0,1,37,20,54.054054054054056,0.10127956797591953,36
ISIC,1995,3,C3,1,3,40,22,55.0,0.026612876015688118,37
ISIC,1995,3,C3,2,0,44,36,81.81818181818181,0.2037161410053197,44
ISIC,1995,3,C3,3,6,26,24,92.3076923076923,0.432075607365518,24
ISIC,1995,3,C3,4,4,41,24,58.53658536585366,0.06405427583415853,38
ISIC,1995,3,C3,5,5,37,18,48.648648648648646,0.04233433021214632,34
HK,1993,4,C2,0,0,7,5,71.42857142857143,0.1540097947783061,7
HK,1993,4,C2,1,4,165,141,85.45454545454545,0.35129474601046956,165
HK,1993,4,C2,2,12,41,31,75.60975609756098,0.26153926703661184,41
HK,1993,4,C2,3,8,153,152,99.34640522875817,0.5996497055759699,153
HK,1993,4,C2,4,2,182,182,100.0,0.7695563028391805,182
HK,1993,4,C2,5,11,61,40,65.57377049180327,0.09450145714435619,61
HK,1993,4,C2,6,17,5,5,100.0,0.35183859581275934,5
HK,1993,4,C2,7,3,157,133,84.71337579617834,0.30152027071122256,157
HK,1993,4,C3,0,0,7,5,71.42857142857143,0.15300759681210327,7
HK,1993,4,C3,1,4,165,141,85.45454545454545,0.3507772791415352,165
HK,1993,4,C3,2,12,41,31,75.60975609756098,0.2615696719668268,41
HK,1993,4,C3,3,8,153,152,99.34640522875817,0.5990344933713745,153
HK,1993,4,C3,4,2,182,182,100.0,0.7690039180132449,182
HK,1993,4,C3,5,11,61,40,65.57377049180327,0.09466987429791575,61
HK,1993,4,C3,6,17,5,5,100.0,0.35232274241083344,5
HK,1993,4,C3,7,3,157,133,84.71337579617834,0.30179613093379215,157
HK,1993,5,C2,0,0,7,5,71.42857142857143,0.05908015640608414,7
HK,1993,5,C2,1,4,165,141,85.45454545454545,0.3260963877221235,165
HK,1993,5,C2,2,12,41,33,80.48780487804878,0.22435559649816392,41
HK,1993,5,C2,3,8,153,150,98.03921568627452,0.5490342081957618,153
HK,1993,5,C2,4,2,182,182,100.0,0.716131950314115,182
HK,1993,5,C2,5,11,61,33,54.09836065573771,0.02998991416405865,61
HK,1993,5,C2,6,17,5,4,80.0,0.28173375095855324,5
HK,1993,5,C2,7,3,157,137,87.26114649681529,0.27636891492572147,157
HK,1993,5,C2,8,21,4,4,100.0,0.2804513481180402,4
HK,1993,5,C2,9,16,8,4,50.0,-0.024179374249654426,8
HK,1993,5,C3,0,0,7,5,71.42857142857143,0.05879343573916875,7
HK,1993,5,C3,1,4,165,141,85.45454545454545,0.3300631226535146,165
HK,1993,5,C3,2,12,41,33,80.48780487804878,0.22855336585228134,41
HK,1993,5,C3,3,8,153,150,98.03921568627452,0.5547746704578566,153
HK,1993,5,C3,4,2,182,182,100.0,0.7264993014751543,182
HK,1993,5,C3,5,11,61,32,52.459016393442624,0.028927054957251445,61
HK,1993,5,C3,6,17,5,4,80.0,0.28558872765291987,5
HK,1993,5,C3,7,3,157,137,87.26114649681529,0.27710759537724455,157
HK,1993,5,C3,8,21,4,4,100.0,0.2741608011511224,4
HK,1993,5,C3,9,16,8,4,50.0,-0.022426050378078842,8
HK,1993,6,C2,0,0,7,5,71.42857142857143,0.05850740580177766,7
HK,1993,6,C2,1,4,165,142,86.06060606060606,0.3005334011473021,165
HK,1993,6,C2,2,12,41,34,82.92682926829268,0.19637518889523164,41
HK,1993,6,C2,3,8,153,150,98.03921568627452,0.49175044752667985,153
HK,1993,6,C2,4,2,182,182,100.0,0.67732127049239,182
HK,1993,6,C2,5,11,61,35,57.377049180327866,0.02128931242924024,61
HK,1993,6,C2,6,17,5,4,80.0,0.20794626502089192,5
HK,1993,6,C2,7,3,157,136,86.62420382165605,0.2413807022264985,157
HK,1993,6,C2,8,21,4,1,25.0,-0.1437810299111198,4
HK,1993,6,C2,9,16,8,4,50.0,-0.02302108517758847,8
HK,1993,6,C2,10,22,21,17,80.95238095238095,0.1840153170329042,21
HK,1993,6,C2,11,13,160,152,95.0,0.4353773378552896,160
HK,1993,6,C3,0,0,7,5,71.42857142857143,0.05807912549068152,7
HK,1993,6,C3,1,4,165,142,86.06060606060606,0.30332422058999897,165
HK,1993,6,C3,2,12,41,35,85.36585365853658,0.19934012894356695,41
HK,1993,6,C3,3,8,153,150,98.03921568627452,0.4954804575419105,153
HK,1993,6,C3,4,2,182,182,100.0,0.6855689123029979,182
HK,1993,6,C3,5,11,61,34,55.73770491803279,0.020308924719905516,61
HK,1993,6,C3,6,17,5,4,80.0,0.20988584609493266,5
HK,1993,6,C3,7,3,157,136,86.62420382165605,0.2411656597706337,157
HK,1993,6,C3,8,21,4,1,25.0,-0.14439354401710347,4
HK,1993,6,C3,9,16,8,4,50.0,-0.02156898620318868,8
HK,1993,6,C3,10,22,21,16,76.19047619047619,0.18387132347421006,21
HK,1993,6,C3,11,13,160,152,95.0,0.4356757494686754,160
HK,1993,7,C2,0,0,7,5,71.42857142857143,0.055934377969109626,7
HK,1993,7,C2,1,4,165,142,86.06060606060606,0.2823224654030887,165
HK,1993,7,C2,2,12,41,35,85.36585365853658,0.18394399549878693,41
HK,1993,7,C2,3,8,153,151,98.69281045751634,0.43421805688446874,153
HK,1993,7,C2,4,2,182,182,100.0,0.6519802271075488,182
HK,1993,7,C2,5,11,61,34,55.73770491803279,0.017818983168973707,61
HK,1993,7,C2,6,17,5,3,60.0,0.043729136764185585,5
HK,1993,7,C2,7,3,157,136,86.62420382165605,0.22179328506512316,157
HK,1993,7,C2,8,21,4,1,25.0,-0.12207811602808316,4
HK,1993,7,C2,9,16,8,4,50.0,-0.018115191220079433,8
HK,1993,7,C2,10,22,21,16,76.19047619047619,0.16341511086459937,21
HK,1993,7,C2,11,13,160,153,95.625,0.40138326996176676,160
HK,1993,7,C2,12,18,33,17,51.515151515151516,0.017649175271199056,33
HK,1993,7,C2,13,14,60,59,98.33333333333333,0.5225197443472297,60
HK,1993,7,C3,0,0,7,5,71.42857142857143,0.05595312842198374,7
HK,1993,7,C3,1,4,165,142,86.06060606060606,0.28608404301426105,165
HK,1993,7,C3,2,12,41,34,82.92682926829268,0.1869260073227244,41
HK,1993,7,C3,3,8,153,151,98.69281045751634,0.43862796473312043,153
HK,1993,7,C3,4,2,182,182,100.0,0.6639620145418362,182
HK,1993,7,C3,5,11,61,34,55.73770491803279,0.016979848334038077,61
HK,1993,7,C3,6,17,5,3,60.0,0.04207609270466943,5
HK,1993,7,C3,7,3,157,135,85.98726114649682,0.2211246089426873,157
HK,1993,7,C3,8,21,4,1,25.0,-0.12208832320061865,4
HK,1993,7,C3,9,16,8,4,50.0,-0.016759338993380002,8
HK,1993,7,C3,10,22,21,16,76.19047619047619,0.16347906401782283,21
HK,1993,7,C3,11,13,160,153,95.625,0.40369828264674573,160
HK,1993,7,C3,12,18,33,17,51.515151515151516,0.01767964194010735,33
HK,1993,7,C3,13,14,60,59,98.33333333333333,0.5226390880239721,60
HK,1993,8,C2,0,0,7,5,71.42857142857143,0.047229041807844076,7
HK,1993,8,C2,1,4,165,143,86.66666666666667,0.2685753043876724,165
HK,1993,8,C2,2,12,41,34,82.92682926829268,0.173406508245519,41
HK,1993,8,C2,3,8,153,149,97.38562091503267,0.40646146833824764,153
HK,1993,8,C2,4,2,182,182,100.0,0.6329915032645153,182
HK,1993,8,C2,5,11,61,31,50.81967213114754,-0.007377455991117979,61
HK,1993,8,C2,6,17,5,3,60.0,0.0437714087534974,5
HK,1993,8,C2,7,3,157,132,84.07643312101911,0.20526772582081035,157
HK,1993,8,C2,8,21,4,1,25.0,-0.11403983747644184,4
HK,1993,8,C2,9,16,8,4,50.0,-0.010865174295362573,8
HK,1993,8,C2,10,22,21,16,76.19047619047619,0.15661053200307162,21
HK,1993,8,C2,11,13,160,151,94.375,0.37565945272785506,160
HK,1993,8,C2,12,18,33,15,45.45454545454545,-0.015051222115539145,33
HK,1993,8,C2,13,14,60,59,98.33333333333333,0.5131762610352246,60
HK,1993,8,C2,14,9,164,162,98.78048780487805,0.5342409304223626,164
HK,1993,8,C2,15,19,2,0,0.0,-0.18979285357705825,2
HK,1993,8,C3,0,0,7,5,71.42857142857143,0.04692071604593467,7
HK,1993,8,C3,1,4,165,143,86.66666666666667,0.2715643752232835,165
HK,1993,8,C3,2,12,41,34,82.92682926829268,0.1755104340897133,41
HK,1993,8,C3,3,8,153,149,97.38562091503267,0.41009457047862163,153
HK,1993,8,C3,4,2,182,182,100.0,0.6441209120027153,182
HK,1993,8,C3,5,11,61,30,49.18032786885246,-0.008675671456887192,61
HK,1993,8,C3,6,17,5,3,60.0,0.04157075930204317,5
HK,1993,8,C3,7,3,157,131,83.43949044585987,0.2041621386533752,157
HK,1993,8,C3,8,21,4,1,25.0,-0.11376326151912775,4
HK,1993,8,C3,9,16,8,4,50.0,-0.008845483898618809,8
HK,1993,8,C3,10,22,21,16,76.19047619047619,0.15682613984537597,21
HK,1993,8,C3,11,13,160,151,94.375,0.3777922356187883,160
HK,1993,8,C3,12,18,33,15,45.45454545454545,-0.015037303713564511,33
HK,1993,8,C3,13,14,60,59,98.33333333333333,0.513659096000892,60
HK,1993,8,C3,14,9,164,162,98.78048780487805,0.5356875752799785,164
HK,1993,8,C3,15,19,2,0,0.0,-0.19145665968776193,2
HK,1993,9,C2,0,0,7,5,71.42857142857143,0.04856901110129145,7
HK,1993,9,C2,1,4,165,143,86.66666666666667,0.257667312823972,165
HK,1993,9,C2,2,12,41,35,85.36585365853658,0.16468536059697617,41
HK,1993,9,C2,3,8,153,150,98.03921568627452,0.3676414310107364,153
HK,1993,9,C2,4,2,182,182,100.0,0.612352450451141,182
HK,1993,9,C2,5,11,61,31,50.81967213114754,-0.01118979567010757,61
HK,1993,9,C2,6,17,5,3,60.0,0.048430736624461436,5
HK,1993,9,C2,7,3,157,130,82.80254777070064,0.1909930551777384,157
HK,1993,9,C2,8,21,4,1,25.0,-0.10916408883336273,4
HK,1993,9,C2,9,16,8,4,50.0,-0.011354706761630542,8
HK,1993,9,C2,10,22,21,17,80.95238095238095,0.1473669436491826,21
HK,1993,9,C2,11,13,160,152,95.0,0.3575909576535832,160
HK,1993,9,C2,12,18,33,14,42.42424242424242,-0.020943834003734518,33
HK,1993,9,C2,13,14,60,59,98.33333333333333,0.4013821401195186,60
HK,1993,9,C2,14,9,164,162,98.78048780487805,0.49442356018216715,164
HK,1993,9,C2,15,19,2,0,0.0,-0.18711823982912176,2
HK,1993,9,C2,16,15,123,122,99.1869918699187,0.5977164215753474,123
HK,1993,9,C2,17,6,1,0,0.0,-0.19140986051442688,1
HK,1993,9,C3,0,0,7,5,71.42857142857143,0.04840931688588263,7
HK,1993,9,C3,1,4,165,143,86.66666666666667,0.2603857794225563,165
HK,1993,9,C3,2,12,41,35,85.36585365853658,0.16652634263448376,41
HK,1993,9,C3,3,8,153,150,98.03921568627452,0.37020770506558237,153
HK,1993,9,C3,4,2,182,182,100.0,0.6232563471505608,182
HK,1993,9,C3,5,11,61,31,50.81967213114754,-0.012509393677254291,61
HK,1993,9,C3,6,17,5,3,60.0,0.04651684331279448,5
HK,1993,9,C3,7,3,157,130,82.80254777070064,0.1895146971601777,157
HK,1993,9,C3,8,21,4,1,25.0,-0.10869906193957843,4
HK,1993,9,C3,9,16,8,4,50.0,-0.009098020619011528,8
HK,1993,9,C3,10,22,21,17,80.95238095238095,0.147435804115328,21
HK,1993,9,C3,11,13,160,152,95.0,0.35955928910599316,160
HK,1993,9,C3,12,18,33,14,42.42424242424242,-0.02110651411500282,33
HK,1993,9,C3,13,14,60,59,98.33333333333333,0.40364694738343915,60
HK,1993,9,C3,14,9,164,162,98.78048780487805,0.49662140049448916,164
HK,1993,9,C3,15,19,2,0,0.0,-0.18898790900492063,2
HK,1993,9,C3,16,15,123,122,99.1869918699187,0.5987114540513804,123
HK,1993,9,C3,17,6,1,0,0.0,-0.19198297019507324,1
HK,1993,10,C2,0,0,7,5,71.42857142857143,0.04909457617832093,7
HK,1993,10,C2,1,4,165,144,87.27272727272727,0.25028606433766715,165
HK,1993,10,C2,2,12,41,35,85.36585365853658,0.15954444135771834,41
HK,1993,10,C2,3,8,153,150,98.03921568627452,0.351641265250365,153
HK,1993,10,C2,4,2,182,182,100.0,0.6034750848283642,182
HK,1993,10,C2,5,11,61,30,49.18032786885246,-0.011517383846186714,61
HK,1993,10,C2,6,17,5,3,60.0,0.05400248101136251,5
HK,1993,10,C2,7,3,157,130,82.80254777070064,0.1779286424740547,157
HK,1993,10,C2,8,21,4,0,0.0,-0.11638607005411795,4
HK,1993,10,C2,9,16,8,4,50.0,-0.01194601083697932,8
HK,1993,10,C2,10,22,21,17,80.95238095238095,0.11849581728390095,21
HK,1993,10,C2,11,13,160,152,95.0,0.350554650705949,160
HK,1993,10,C2,12,18,33,14,42.42424242424242,-0.03815493348586556,33
HK,1993,10,C2,13,14,60,58,96.66666666666667,0.2661509483166489,60
HK,1993,10,C2,14,9,164,162,98.78048780487805,0.4747564086893035,164
HK,1993,10,C2,15,19,2,0,0.0,-0.17388750606515405,2
HK,1993,10,C2,16,15,123,122,99.1869918699187,0.5784913726760981,123
HK,1993,10,C2,17,6,1,0,0.0,-0.23249157201613474,1
HK,1993,10,C2,18,5,1,0,0.0,-0.09710222676736471,1
HK,1993,10,C2,19,20,66,15,22.727272727272727,-0.06374013441699823,66
HK,1993,10,C3,0,0,7,5,71.42857142857143,0.04884665956825108,7
HK,1993,10,C3,1,4,165,145,87.87878787878788,0.25366177894053027,165
HK,1993,10,C3,2,12,41,34,82.92682926829268,0.16233234699011506,41
HK,1993,10,C3,3,8,153,150,98.03921568627452,0.355475033218977,153
HK,1993,10,C3,4,2,182,182,100.0,0.6180851604062597,182
HK,1993,10,C3,5,11,61,30,49.18032786885246,-0.013214962000091555,61
HK,1993,10,C3,6,17,5,3,60.0,0.052795050548298764,5
HK,1993,10,C3,7,3,157,130,82.80254777070064,0.17587174795326704,157
HK,1993,10,C3,8,21,4,0,0.0,-0.11627850226011627,4
HK,1993,10,C3,9,16,8,4,50.0,-0.009505732048143076,8
HK,1993,10,C3,10,22,21,17,80.95238095238095,0.11795575630278679,21
HK,1993,10,C3,11,13,160,152,95.0,0.35370817183158043,160
HK,1993,10,C3,12,18,33,15,45.45454545454545,-0.04017248070825072,33
HK,1993,10,C3,13,14,60,58,96.66666666666667,0.2707709462543179,60
HK,1993,10,C3,14,9,164,162,98.78048780487805,0.4797005528600489,164
HK,1993,10,C3,15,19,2,0,0.0,-0.17801712162451172,2
HK,1993,10,C3,16,15,123,122,99.1869918699187,0.5849067436607105,123
HK,1993,10,C3,17,6,1,0,0.0,-0.23866473774959435,1
HK,1993,10,C3,18,5,1,0,0.0,-0.10152367745286225,1
HK,1993,10,C3,19,20,66,15,22.727272727272727,-0.06321150562132197,66
HK,1993,11,C2,0,0,7,5,71.42857142857143,0.039905129073062526,7
HK,1993,11,C2,1,4,165,144,87.27272727272727,0.23469260601992847,165
HK,1993,11,C2,2,12,41,34,82.92682926829268,0.15191826862024546,41
HK,1993,11,C2,3,8,153,150,98.03921568627452,0.31482650403683965,153
HK,1993,11,C2,4,2,182,152,83.51648351648352,0.300331537980498,182
HK,1993,11,C2,5,11,61,13,21.311475409836067,-0.075316312940008,61
HK,1993,11,C2,6,17,5,3,60.0,0.051510518834542676,5
HK,1993,11,C2,7,3,157,129,82.1656050955414,0.15602017595100998,157
HK,1993,11,C2,8,21,4,0,0.0,-0.10587257783903484,4
HK,1993,11,C2,9,16,8,3,37.5,-0.043769915596747255,8
HK,1993,11,C2,10,22,21,16,76.19047619047619,0.10555035088722718,21
HK,1993,11,C2,11,13,160,152,95.0,0.32749470111895207,160
HK,1993,11,C2,12,18,33,13,39.39393939393939,-0.03815256600458165,33
HK,1993,11,C2,13,14,60,56,93.33333333333333,0.24062351575781174,60
HK,1993,11,C2,14,9,164,162,98.78048780487805,0.43599383472640824,164
HK,1993,11,C2,15,19,2,0,0.0,-0.16391074595054864,2
HK,1993,11,C2,16,15,123,122,99.1869918699187,0.5623850184834923,123
HK,1993,11,C2,17,6,1,0,0.0,-0.21642674373902723,1
HK,1993,11,C2,18,5,1,0,0.0,-0.09207316219171799,1
HK,1993,11,C2,19,20,66,16,24.242424242424242,-0.0676753052068616,66
HK,1993,11,C2,20,10,150,122,81.33333333333333,0.1283980030949291,150
HK,1993,11,C2,21,7,21,21,100.0,0.4778808877489195,21
HK,1993,11,C2,22,1,113,107,94.69026548672566,0.34426790630089193,113
HK,1993,11,C3,0,0,7,5,71.42857142857143,0.03913563262356382,7
HK,1993,11,C3,1,4,165,144,87.27272727272727,0.23713330234417632,165
HK,1993,11,C3,2,12,41,34,82.92682926829268,0.1542241826883626,41
HK,1993,11,C3,3,8,153,150,98.03921568627452,0.3172671438989844,153
HK,1993,11,C3,4,2,182,150,82.41758241758242,0.2995084013339649,182
HK,1993,11,C3,5,11,61,13,21.311475409836067,-0.07989680193307949,61
HK,1993,11,C3,6,17,5,3,60.0,0.04992926114774366,5
HK,1993,11,C3,7,3,157,128,81.52866242038216,0.15322069759193663,157
HK,1993,11,C3,8,21,4,0,0.0,-0.10612530324959363,4
HK,1993,11,C3,9,16,8,3,37.5,-0.043425115990016624,8
HK,1993,11,C3,10,22,21,16,76.19047619047619,0.1047496252824553,21
HK,1993,11,C3,11,13,160,152,95.0,0.3300342002894601,160
HK,1993,11,C3,12,18,33,13,39.39393939393939,-0.03950406675702803,33
HK,1993,11,C3,13,14,60,56,93.33333333333333,0.24483572310554436,60
HK,1993,11,C3,14,9,164,162,98.78048780487805,0.4400525190620267,164
HK,1993,11,C3,15,19,2,0,0.0,-0.16741197779804542,2
HK,1993,11,C3,16,15,123,122,99.1869918699187,0.5687674685148637,123
HK,1993,11,C3,17,6,1,0,0.0,-0.22209882551554688,1
HK,1993,11,C3,18,5,1,0,0.0,-0.09603565595307079,1
HK,1993,11,C3,19,20,66,16,24.242424242424242,-0.06708450705827274,66
HK,1993,11,C3,20,10,150,122,81.33333333333333,0.1363325853753704,150
HK,1993,11,C3,21,7,21,21,100.0,0.4845971912125797,21
HK,1993,11,C3,22,1,113,107,94.69026548672566,0.3471210031684319,113
HK,1994,4,C2,0,22,21,16,76.19047619047619,0.20757230739986116,21
HK,1994,4,C2,1,16,8,8,100.0,0.3530665119131654,8
HK,1994,4,C2,2,12,41,35,85.36585365853658,0.35372976750614377,41
HK,1994,4,C2,3,13,160,152,95.0,0.5740046740499853,160
HK,1994,4,C2,4,21,4,1,25.0,-0.1696199753251154,4
HK,1994,4,C2,5,4,165,165,100.0,0.715408330022748,165
HK,1994,4,C2,6,19,2,0,0.0,-0.23367648854007544,2
HK,1994,4,C2,7,17,5,4,80.0,0.2460234830875426,5
HK,1994,4,C3,0,22,21,16,76.19047619047619,0.20944189411584269,21
HK,1994,4,C3,1,16,8,8,100.0,0.3507033118489796,8
HK,1994,4,C3,2,12,41,35,85.36585365853658,0.3567165329335827,41
HK,1994,4,C3,3,13,160,152,95.0,0.5761141352430676,160
HK,1994,4,C3,4,21,4,1,25.0,-0.17038987777060388,4
HK,1994,4,C3,5,4,165,165,100.0,0.7198474344708043,165
HK,1994,4,C3,6,19,2,0,0.0,-0.23741676803039774,2
HK,1994,4,C3,7,17,5,4,80.0,0.2453138288365575,5
HK,1994,5,C2,0,22,21,16,76.19047619047619,0.19049556158500613,21
HK,1994,5,C2,1,16,8,7,87.5,0.11659085250129796,8
HK,1994,5,C2,2,12,41,33,80.48780487804878,0.2293570804055863,41
HK,1994,5,C2,3,13,160,153,95.625,0.5292761056900666,160
HK,1994,5,C2,4,21,4,1,25.0,-0.1493811078488414,4
HK,1994,5,C2,5,4,165,165,100.0,0.7026496859245971,165
HK,1994,5,C2,6,19,2,0,0.0,-0.2383692343942977,2
HK,1994,5,C2,7,17,5,4,80.0,0.23528930555266614,5
HK,1994,5,C2,8,6,1,0,0.0,-0.2614978865515006,1
HK,1994,5,C2,9,11,61,39,63.9344262295082,0.07016466944726454,61
HK,1994,5,C3,0,22,21,16,76.19047619047619,0.19201771353191407,21
HK,1994,5,C3,1,16,8,7,87.5,0.11161163370506719,8
HK,1994,5,C3,2,12,41,32,78.04878048780488,0.23003869833992513,41
HK,1994,5,C3,3,13,160,153,95.625,0.5314458395493137,160
HK,1994,5,C3,4,21,4,1,25.0,-0.14986312443860306,4
HK,1994,5,C3,5,4,165,165,100.0,0.7075049042181231,165
HK,1994,5,C3,6,19,2,0,0.0,-0.2426917960446393,2
HK,1994,5,C3,7,17,5,4,80.0,0.23526217855080525,5
HK,1994,5,C3,8,6,1,0,0.0,-0.25977558804102396,1
HK,1994,5,C3,9,11,61,39,63.9344262295082,0.07185231405047907,61
HK,1994,6,C2,0,22,21,16,76.19047619047619,0.17368345491636142,21
HK,1994,6,C2,1,16,8,7,87.5,0.10838404976118511,8
HK,1994,6,C2,2,12,41,33,80.48780487804878,0.21844422930444868,41
HK,1994,6,C2,3,13,160,152,95.0,0.47664079865494957,160
HK,1994,6,C2,4,21,4,1,25.0,-0.1419275483838908,4
HK,1994,6,C2,5,4,165,143,86.66666666666667,0.30497715804055475,165
HK,1994,6,C2,6,19,2,0,0.0,-0.20610580302626105,2
HK,1994,6,C2,7,17,5,4,80.0,0.21664281340089664,5
HK,1994,6,C2,8,6,1,0,0.0,-0.23660559317638602,1
HK,1994,6,C2,9,11,61,37,60.65573770491803,0.042492997766609183,61
HK,1994,6,C2,10,3,157,139,88.53503184713375,0.25356173414586164,157
HK,1994,6,C2,11,15,123,123,100.0,0.7389043759022846,123
HK,1994,6,C3,0,22,21,16,76.19047619047619,0.1752576927826539,21
HK,1994,6,C3,1,16,8,7,87.5,0.10376853535207493,8
HK,1994,6,C3,2,12,41,33,80.48780487804878,0.21858889879935448,41
HK,1994,6,C3,3,13,160,152,95.0,0.47775021392347233,160
HK,1994,6,C3,4,21,4,1,25.0,-0.14302355816218404,4
HK,1994,6,C3,5,4,165,143,86.66666666666667,0.30538321435420435,165
HK,1994,6,C3,6,19,2,0,0.0,-0.20991979724602994,2
HK,1994,6,C3,7,17,5,4,80.0,0.2163435979602383,5
HK,1994,6,C3,8,6,1,0,0.0,-0.2345395059620053,1
HK,1994,6,C3,9,11,61,37,60.65573770491803,0.04414137805390769,61
HK,1994,6,C3,10,3,157,140,89.171974522293,0.25491896476771286,157
HK,1994,6,C3,11,15,123,123,100.0,0.7395746944659981,123
HK,1994,7,C2,0,22,21,16,76.19047619047619,0.15824547858335536,21
HK,1994,7,C2,1,16,8,4,50.0,-0.02108132438518344,8
HK,1994,7,C2,2,12,41,33,80.48780487804878,0.17333168382727676,41
HK,1994,7,C2,3,13,160,151,94.375,0.43013449017348915,160
HK,1994,7,C2,4,21,4,1,25.0,-0.1320744946426415,4
HK,1994,7,C2,5,4,165,143,86.66666666666667,0.2892995252663394,165
HK,1994,7,C2,6,19,2,0,0.0,-0.19795138350255911,2
HK,1994,7,C2,7,17,5,4,80.0,0.20978489107336343,5
HK,1994,7,C2,8,6,1,0,0.0,-0.23026514093552983,1
HK,1994,7,C2,9,11,61,33,54.09836065573771,0.005381294500601312,61
HK,1994,7,C2,10,3,157,135,85.98726114649682,0.23018019578390225,157
HK,1994,7,C2,11,15,123,123,100.0,0.7047068697092472,123
HK,1994,7,C2,12,0,7,5,71.42857142857143,0.05665752241047313,7
HK,1994,7,C2,13,9,164,162,98.78048780487805,0.5298129079439439,164
HK,1994,7,C3,0,22,21,16,76.19047619047619,0.16012242689403497,21
HK,1994,7,C3,1,16,8,4,50.0,-0.022441976854024794,8
HK,1994,7,C3,2,12,41,33,80.48780487804878,0.17416036501140303,41
HK,1994,7,C3,3,13,160,151,94.375,0.4311909201585012,160
HK,1994,7,C3,4,21,4,1,25.0,-0.13365992244036246,4
HK,1994,7,C3,5,4,165,143,86.66666666666667,0.2894560468897126,165
HK,1994,7,C3,6,19,2,0,0.0,-0.20163906543781823,2
HK,1994,7,C3,7,17,5,4,80.0,0.20969090282048022,5
HK,1994,7,C3,8,6,1,0,0.0,-0.23154933829328844,1
HK,1994,7,C3,9,11,61,33,54.09836065573771,0.0061587972015413155,61
HK,1994,7,C3,10,3,157,136,86.62420382165605,0.23168504148411917,157
HK,1994,7,C3,11,15,123,123,100.0,0.7056579175984717,123
HK,1994,7,C3,12,0,7,5,71.42857142857143,0.05717035858174734,7
HK,1994,7,C3,13,9,164,162,98.78048780487805,0.5296391935823256,164
HK,1994,8,C2,0,22,21,16,76.19047619047619,0.1574098236228459,21
HK,1994,8,C2,1,16,8,4,50.0,0.0019574472566022717,8
HK,1994,8,C2,2,12,41,34,82.92682926829268,0.1799949430441808,41
HK,1994,8,C2,3,13,160,151,94.375,0.4085883020036216,160
HK,1994,8,C2,4,21,4,1,25.0,-0.13702937731818227,4
HK,1994,8,C2,5,4,165,142,86.06060606060606,0.28196221511785347,165
HK,1994,8,C2,6,19,2,0,0.0,-0.17410066803150304,2
HK,1994,8,C2,7,17,5,4,80.0,0.1903140930776353,5
HK,1994,8,C2,8,6,1,0,0.0,-0.23504847274128074,1
HK,1994,8,C2,9,11,61,31,50.81967213114754,-0.011985328550206542,61
HK,1994,8,C2,10,3,157,133,84.71337579617834,0.20790068672478687,157
HK,1994,8,C2,11,15,123,123,100.0,0.6737579870338588,123
HK,1994,8,C2,12,0,7,5,71.42857142857143,0.040270026105485024,7
HK,1994,8,C2,13,9,164,162,98.78048780487805,0.5094722935663827,164
HK,1994,8,C2,14,5,1,1,100.0,0.12183325826759916,1
HK,1994,8,C2,15,7,21,21,100.0,0.7394145617639489,21
HK,1994,8,C3,0,22,21,16,76.19047619047619,0.1596546434182131,21
HK,1994,8,C3,1,16,8,4,50.0,0.0006165796366005977,8
HK,1994,8,C3,2,12,41,34,82.92682926829268,0.1798335677655725,41
HK,1994,8,C3,3,13,160,151,94.375,0.4080737345800989,160
HK,1994,8,C3,4,21,4,1,25.0,-0.14029756258179632,4
HK,1994,8,C3,5,4,165,142,86.06060606060606,0.2844847700480058,165
HK,1994,8,C3,6,19,2,0,0.0,-0.17756813962188628,2
HK,1994,8,C3,7,17,5,4,80.0,0.18990712512218244,5
HK,1994,8,C3,8,6,1,0,0.0,-0.23325542708140395,1
HK,1994,8,C3,9,11,61,31,50.81967213114754,-0.010611480779814535,61
HK,1994,8,C3,10,3,157,133,84.71337579617834,0.20750315269915354,157
HK,1994,8,C3,11,15,123,123,100.0,0.6694157471868293,123
HK,1994,8,C3,12,0,7,5,71.42857142857143,0.04016128109696447,7
HK,1994,8,C3,13,9,164,162,98.78048780487805,0.5084668409057165,164
HK,1994,8,C3,14,5,1,1,100.0,0.12613073064060332,1
HK,1994,8,C3,15,7,21,21,100.0,0.7401521784994416,21
HK,1994,9,C2,0,22,21,16,76.19047619047619,0.13885760795859617,21
HK,1994,9,C2,1,16,8,4,50.0,-0.000324753787308632,8
HK,1994,9,C2,2,12,41,35,85.36585365853658,0.16632693761549133,41
HK,1994,9,C2,3,13,160,151,94.375,0.36506193114593216,160
HK,1994,9,C2,4,21,4,1,25.0,-0.12266635586271289,4
HK,1994,9,C2,5,4,165,143,86.66666666666667,0.26311431622743486,165
HK,1994,9,C2,6,19,2,0,0.0,-0.17752616791216283,2
HK,1994,9,C2,7,17,5,3,60.0,0.04801760313423962,5
HK,1994,9,C2,8,6,1,0,0.0,-0.2428489344513134,1
HK,1994,9,C2,9,11,61,30,49.18032786885246,-0.011959380605722892,61
HK,1994,9,C2,10,3,157,130,82.80254777070064,0.19222496386366314,157
HK,1994,9,C2,11,15,123,123,100.0,0.6580279231245525,123
HK,1994,9,C2,12,0,7,5,71.42857142857143,0.041729920515617636,7
HK,1994,9,C2,13,9,164,162,98.78048780487805,0.4915949615119418,164
HK,1994,9,C2,14,5,1,1,100.0,0.11408939029950038,1
HK,1994,9,C2,15,7,21,21,100.0,0.5930682832197194,21
HK,1994,9,C2,16,18,33,20,60.60606060606061,0.020728204941363536,33
HK,1994,9,C2,17,1,113,112,99.11504424778761,0.4228515985094701,113
HK,1994,9,C3,0,22,21,16,76.19047619047619,0.14157440740919625,21
HK,1994,9,C3,1,16,8,4,50.0,-0.0015607264149811277,8
HK,1994,9,C3,2,12,41,35,85.36585365853658,0.16586306919778077,41
HK,1994,9,C3,3,13,160,151,94.375,0.36596567485760484,160
HK,1994,9,C3,4,21,4,1,25.0,-0.1253228691519664,4
HK,1994,9,C3,5,4,165,144,87.27272727272727,0.2654531654538272,165
HK,1994,9,C3,6,19,2,0,0.0,-0.1741884107230055,2
HK,1994,9,C3,7,17,5,2,40.0,0.05203581976942375,5
HK,1994,9,C3,8,6,1,0,0.0,-0.22916482635939006,1
HK,1994,9,C3,9,11,61,31,50.81967213114754,-0.010708406904642668,61
HK,1994,9,C3,10,3,157,130,82.80254777070064,0.19198970723374645,157
HK,1994,9,C3,11,15,123,123,100.0,0.6546319779312564,123
HK,1994,9,C3,12,0,7,5,71.42857142857143,0.04172035620639919,7
HK,1994,9,C3,13,9,164,162,98.78048780487805,0.4926124268612395,164
HK,1994,9,C3,14,5,1,1,100.0,0.11820220926791669,1
HK,1994,9,C3,15,7,21,21,100.0,0.5940654507764301,21
HK,1994,9,C3,16,18,33,20,60.60606060606061,0.016851026857733556,33
HK,1994,9,C3,17,1,113,112,99.11504424778761,0.4231048664738508,113
HK,1994,10,C2,0,22,21,16,76.19047619047619,0.13185517506768055,21
HK,1994,10,C2,1,16,8,2,25.0,-0.04300398293684312,8
HK,1994,10,C2,2,12,41,34,82.92682926829268,0.15860576569674217,41
HK,1994,10,C2,3,13,160,152,95.0,0.347718243684204,160
HK,1994,10,C2,4,21,4,1,25.0,-0.1117177895152476,4
HK,1994,10,C2,5,4,165,143,86.66666666666667,0.25072975115963875,165
HK,1994,10,C2,6,19,2,0,0.0,-0.15623847859383094,2
HK,1994,10,C2,7,17,5,3,60.0,0.04064246028205781,5
HK,1994,10,C2,8,6,1,0,0.0,-0.20939484454365068,1
HK,1994,10,C2,9,11,61,13,21.311475409836067,-0.09187069045706617,61
HK,1994,10,C2,10,3,157,130,82.80254777070064,0.17607554496173303,157
HK,1994,10,C2,11,15,123,122,99.1869918699187,0.5683487632656467,123
HK,1994,10,C2,12,0,7,5,71.42857142857143,0.03187120034450256,7
HK,1994,10,C2,13,9,164,162,98.78048780487805,0.44224476038843347,164
HK,1994,10,C2,14,5,1,0,0.0,-0.10346617940547881,1
HK,1994,10,C2,15,7,21,21,100.0,0.571031034647389,21
HK,1994,10,C2,16,18,33,18,54.54545454545455,0.011109246200151263,33
HK,1994,10,C2,17,1,113,112,99.11504424778761,0.4016575482340096,113
HK,1994,10,C2,18,10,150,129,86.0,0.15062369260965294,150
HK,1994,10,C2,19,14,60,57,95.0,0.2590538135286004,60
HK,1994,10,C3,0,22,21,16,76.19047619047619,0.1339973609879273,21
HK,1994,10,C3,1,16,8,2,25.0,-0.039001374481621935,8
HK,1994,10,C3,2,12,41,34,82.92682926829268,0.15910787812706922,41
HK,1994,10,C3,3,13,160,152,95.0,0.34858500789066044,160
HK,1994,10,C3,4,21,4,1,25.0,-0.11398857847850327,4
HK,1994,10,C3,5,4,165,144,87.27272727272727,0.25262215483978473,165
HK,1994,10,C3,6,19,2,0,0.0,-0.15824271866165457,2
HK,1994,10,C3,7,17,5,2,40.0,0.04414511656012003,5
HK,1994,10,C3,8,6,1,0,0.0,-0.19730955987358742,1
HK,1994,10,C3,9,11,61,13,21.311475409836067,-0.08658709744540678,61
HK,1994,10,C3,10,3,157,130,82.80254777070064,0.17620979702883657,157
HK,1994,10,C3,11,15,123,122,99.1869918699187,0.5667154860600739,123
HK,1994,10,C3,12,0,7,5,71.42857142857143,0.0325500966380833,7
HK,1994,10,C3,13,9,164,162,98.78048780487805,0.4471600036683049,164
HK,1994,10,C3,14,5,1,0,0.0,-0.10188173653125673,1
HK,1994,10,C3,15,7,21,21,100.0,0.5723109111382109,21
HK,1994,10,C3,16,18,33,17,51.515151515151516,0.007637912681240071,33
HK,1994,10,C3,17,1,113,112,99.11504424778761,0.4019711780498205,113
HK,1994,10,C3,18,10,150,126,84.0,0.14306413542355764,150
HK,1994,10,C3,19,14,60,57,95.0,0.25762198915636714,60
HK,1994,11,C2,0,22,21,16,76.19047619047619,0.09734253081883934,21
HK,1994,11,C2,1,16,8,2,25.0,-0.04076908723327158,8
HK,1994,11,C2,2,12,41,34,82.92682926829268,0.15007895985506392,41
HK,1994,11,C2,3,13,160,152,95.0,0.31699010300924585,160
HK,1994,11,C2,4,21,4,0,0.0,-0.12207451752179341,4
HK,1994,11,C2,5,4,165,144,87.27272727272727,0.2348024879091604,165
HK,1994,11,C2,6,19,2,0,0.0,-0.15742160752265005,2
HK,1994,11,C2,7,17,5,3,60.0,0.0354623526880636,5
HK,1994,11,C2,8,6,1,0,0.0,-0.24417152999050304,1
HK,1994,11,C2,9,11,61,14,22.950819672131146,-0.08655050421505445,61
HK,1994,11,C2,10,3,157,130,82.80254777070064,0.1554574234809417,157
HK,1994,11,C2,11,15,123,122,99.1869918699187,0.5473697615493881,123
HK,1994,11,C2,12,0,7,5,71.42857142857143,0.03222440406995098,7
HK,1994,11,C2,13,9,164,162,98.78048780487805,0.4200213573593847,164
HK,1994,11,C2,14,5,1,0,0.0,-0.08029001818398301,1
HK,1994,11,C2,15,7,21,21,100.0,0.4596516734833124,21
HK,1994,11,C2,16,18,33,15,45.45454545454545,-0.03267926759076421,33
HK,1994,11,C2,17,1,113,107,94.69026548672566,0.3295709439202669,113
HK,1994,11,C2,18,10,150,127,84.66666666666667,0.13941791309192467,150
HK,1994,11,C2,19,14,60,54,90.0,0.23007607389906276,60
HK,1994,11,C2,20,20,66,19,28.78787878787879,-0.059037574545164714,66
HK,1994,11,C2,21,8,153,150,98.03921568627452,0.3150474420793061,153
HK,1994,11,C2,22,2,182,152,83.51648351648352,0.30420293680797317,182
HK,1994,11,C3,0,22,21,16,76.19047619047619,0.10016759118151462,21
HK,1994,11,C3,1,16,8,2,25.0,-0.037176209568062474,8
HK,1994,11,C3,2,12,41,34,82.92682926829268,0.15068608549491175,41
HK,1994,11,C3,3,13,160,152,95.0,0.3179578833604246,160
HK,1994,11,C3,4,21,4,0,0.0,-0.12143318774137929,4
HK,1994,11,C3,5,4,165,144,87.27272727272727,0.23619937413523312,165
HK,1994,11,C3,6,19,2,0,0.0,-0.154371816398269,2
HK,1994,11,C3,7,17,5,3,60.0,0.03773230732264537,5
HK,1994,11,C3,8,6,1,0,0.0,-0.2354611599676979,1
HK,1994,11,C3,9,11,61,14,22.950819672131146,-0.08205204327558159,61
HK,1994,11,C3,10,3,157,130,82.80254777070064,0.15568800085098372,157
HK,1994,11,C3,11,15,123,122,99.1869918699187,0.5462713584779355,123
HK,1994,11,C3,12,0,7,5,71.42857142857143,0.03339648286734429,7
HK,1994,11,C3,13,9,164,162,98.78048780487805,0.42453751207671275,164
HK,1994,11,C3,14,5,1,0,0.0,-0.07891308959831556,1
HK,1994,11,C3,15,7,21,21,100.0,0.4606011908593963,21
HK,1994,11,C3,16,18,33,14,42.42424242424242,-0.03419506609239783,33
HK,1994,11,C3,17,1,113,107,94.69026548672566,0.32963617707756515,113
HK,1994,11,C3,18,10,150,124,82.66666666666667,0.13279872696965744,150
HK,1994,11,C3,19,14,60,54,90.0,0.2287074666100797,60
HK,1994,11,C3,20,20,66,17,25.757575757575758,-0.06184144351204102,66
HK,1994,11,C3,21,8,153,150,98.03921568627452,0.3145564563217387,153
HK,1994,11,C3,22,2,182,152,83.51648351648352,0.3039326145907679,182
HK,1995,4,C2,0,9,164,163,99.39024390243902,0.6332953977631863,164
HK,1995,4,C2,1,13,160,154,96.25,0.6076488663950133,160
HK,1995,4,C2,2,16,8,8,100.0,0.33109464292036866,8
HK,1995,4,C2,3,14,60,60,100.0,0.48904767009707356,60
HK,1995,4,C2,4,15,123,122,99.1869918699187,0.6981018046448153,123
HK,1995,4,C2,5,5,1,0,0.0,-0.26585960658688323,1
HK,1995,4,C2,6,12,41,35,85.36585365853658,0.37714030416200633,41
HK,1995,4,C2,7,1,113,113,100.0,0.7686364063776485,113
HK,1995,4,C3,0,9,164,163,99.39024390243902,0.6267021807086738,164
HK,1995,4,C3,1,13,160,154,96.25,0.6019313511714799,160
HK,1995,4,C3,2,16,8,8,100.0,0.33024536025885676,8
HK,1995,4,C3,3,14,60,60,100.0,0.4865455933241154,60
HK,1995,4,C3,4,15,123,122,99.1869918699187,0.6983653445098689,123
HK,1995,4,C3,5,5,1,0,0.0,-0.26566630304964456,1
HK,1995,4,C3,6,12,41,35,85.36585365853658,0.37689082862486717,41
HK,1995,4,C3,7,1,113,113,100.0,0.7688686684645676,113
HK,1995,5,C2,0,9,164,162,98.78048780487805,0.5959880769540602,164
HK,1995,5,C2,1,13,160,150,93.75,0.49039282699709635,160
HK,1995,5,C2,2,16,8,8,100.0,0.30654051143866956,8
HK,1995,5,C2,3,14,60,59,98.33333333333333,0.40312728807373693,60
HK,1995,5,C2,4,15,123,122,99.1869918699187,0.6558577096750757,123
HK,1995,5,C2,5,5,1,0,0.0,-0.16997477453065415,1
HK,1995,5,C2,6,12,41,34,82.92682926829268,0.2964525746613977,41
HK,1995,5,C2,7,1,113,113,100.0,0.6655795396796742,113
HK,1995,5,C2,8,8,153,153,100.0,0.5625738248236118,153
HK,1995,5,C2,9,22,21,21,100.0,0.5121010570747261,21
HK,1995,5,C3,0,9,164,162,98.78048780487805,0.5894889133686457,164
HK,1995,5,C3,1,13,160,150,93.75,0.4860103387811147,160
HK,1995,5,C3,2,16,8,8,100.0,0.3062106173230985,8
HK,1995,5,C3,3,14,60,59,98.33333333333333,0.4004364536196496,60
HK,1995,5,C3,4,15,123,122,99.1869918699187,0.6553050632990732,123
HK,1995,5,C3,5,5,1,0,0.0,-0.17079880079795307,1
HK,1995,5,C3,6,12,41,35,85.36585365853658,0.29538908500018196,41
HK,1995,5,C3,7,1,113,113,100.0,0.6632242436561799,113
HK,1995,5,C3,8,8,153,153,100.0,0.5626818180874495,153
HK,1995,5,C3,9,22,21,21,100.0,0.5119004963223183,21
HK,1995,6,C2,0,9,164,161,98.17073170731707,0.5573722635321783,164
HK,1995,6,C2,1,13,160,150,93.75,0.44390146044211143,160
HK,1995,6,C2,2,16,8,8,100.0,0.29845644673947336,8
HK,1995,6,C2,3,14,60,59,98.33333333333333,0.3445141323220979,60
HK,1995,6,C2,4,15,123,122,99.1869918699187,0.6309374723538135,123
HK,1995,6,C2,5,5,1,0,0.0,-0.21825469837306752,1
HK,1995,6,C2,6,12,41,34,82.92682926829268,0.2583361480512384,41
HK,1995,6,C2,7,1,113,113,100.0,0.6248196524851605,113
HK,1995,6,C2,8,8,153,149,97.38562091503267,0.47119808495315757,153
HK,1995,6,C2,9,22,21,21,100.0,0.3793292256148882,21
HK,1995,6,C2,10,19,2,0,0.0,-0.2625750370340323,2
HK,1995,6,C2,11,17,5,5,100.0,0.1871390442080459,5
HK,1995,6,C3,0,9,164,161,98.17073170731707,0.5616898683441097,164
HK,1995,6,C3,1,13,160,151,94.375,0.44562334881648596,160
HK,1995,6,C3,2,16,8,8,100.0,0.3002594260874609,8
HK,1995,6,C3,3,14,60,59,98.33333333333333,0.34723987766917175,60
HK,1995,6,C3,4,15,123,122,99.1869918699187,0.6453208134227428,123
HK,1995,6,C3,5,5,1,0,0.0,-0.2201582107621453,1
HK,1995,6,C3,6,12,41,34,82.92682926829268,0.2592283092409984,41
HK,1995,6,C3,7,1,113,113,100.0,0.636243426721516,113
HK,1995,6,C3,8,8,153,151,98.69281045751634,0.4783078646069649,153
HK,1995,6,C3,9,22,21,21,100.0,0.3862154888907402,21
HK,1995,6,C3,10,19,2,0,0.0,-0.2719102886884076,2
HK,1995,6,C3,11,17,5,5,100.0,0.18117291440687963,5
HK,1995,7,C2,0,9,164,161,98.17073170731707,0.540675646912686,164
HK,1995,7,C2,1,13,160,152,95.0,0.4130804913669531,160
HK,1995,7,C2,2,16,8,8,100.0,0.293989599151827,8
HK,1995,7,C2,3,14,60,58,96.66666666666667,0.3189460195015517,60
HK,1995,7,C2,4,15,123,122,99.1869918699187,0.6112354870063741,123
HK,1995,7,C2,5,5,1,0,0.0,-0.2268300181185117,1
HK,1995,7,C2,6,12,41,33,80.48780487804878,0.2274233174019967,41
HK,1995,7,C2,7,1,113,113,100.0,0.5896874106179681,113
HK,1995,7,C2,8,8,153,149,97.38562091503267,0.4043239846210197,153
HK,1995,7,C2,9,22,21,17,80.95238095238095,0.2567984626571561,21
HK,1995,7,C2,10,19,2,0,0.0,-0.26150481579617774,2
HK,1995,7,C2,11,17,5,3,60.0,0.07757233690370428,5
HK,1995,7,C2,12,18,33,15,45.45454545454545,0.003299671636279525,33
HK,1995,7,C2,13,6,1,0,0.0,-0.30856521636046647,1
HK,1995,7,C3,0,9,164,161,98.17073170731707,0.5476070812776115,164
HK,1995,7,C3,1,13,160,152,95.0,0.4152001075571836,160
HK,1995,7,C3,2,16,8,8,100.0,0.29627665945392784,8
HK,1995,7,C3,3,14,60,58,96.66666666666667,0.3218326429801687,60
HK,1995,7,C3,4,15,123,122,99.1869918699187,0.6259544652799908,123
HK,1995,7,C3,5,5,1,0,0.0,-0.2279772320139876,1
HK,1995,7,C3,6,12,41,33,80.48780487804878,0.22837607546173114,41
HK,1995,7,C3,7,1,113,113,100.0,0.6018389604435037,113
HK,1995,7,C3,8,8,153,149,97.38562091503267,0.4090147356569279,153
HK,1995,7,C3,9,22,21,17,80.95238095238095,0.25941746392339676,21
HK,1995,7,C3,10,19,2,0,0.0,-0.2658462890114258,2
HK,1995,7,C3,11,17,5,3,60.0,0.07394307505094391,5
HK,1995,7,C3,12,18,33,16,48.484848484848484,0.003729406291321197,33
HK,1995,7,C3,13,6,1,0,0.0,-0.3081464532628014,1
HK,1995,8,C2,0,9,164,162,98.78048780487805,0.5047252703075409,164
HK,1995,8,C2,1,13,160,152,95.0,0.3975197252550078,160
HK,1995,8,C2,2,16,8,3,37.5,-0.06707013063229217,8
HK,1995,8,C2,3,14,60,59,98.33333333333333,0.29819426990175446,60
HK,1995,8,C2,4,15,123,122,99.1869918699187,0.5943958438066805,123
HK,1995,8,C2,5,5,1,0,0.0,-0.2044219313162958,1
HK,1995,8,C2,6,12,41,31,75.60975609756098,0.13709011401968157,41
HK,1995,8,C2,7,1,113,113,100.0,0.5706706168434955,113
HK,1995,8,C2,8,8,153,149,97.38562091503267,0.38112330241400083,153
HK,1995,8,C2,9,22,21,16,76.19047619047619,0.1267148750883354,21
HK,1995,8,C2,10,19,2,0,0.0,-0.25023753435217333,2
HK,1995,8,C2,11,17,5,3,60.0,0.08517133479834402,5
HK,1995,8,C2,12,18,33,13,39.39393939393939,-0.03619056410110531,33
HK,1995,8,C2,13,6,1,0,0.0,-0.35741338768208414,1
HK,1995,8,C2,14,20,66,30,45.45454545454545,-0.03235233263651161,66
HK,1995,8,C2,15,0,7,7,100.0,0.20013909638062297,7
HK,1995,8,C3,0,9,164,162,98.78048780487805,0.5127622237664209,164
HK,1995,8,C3,1,13,160,152,95.0,0.400248648116549,160
HK,1995,8,C3,2,16,8,3,37.5,-0.06159489213265372,8
HK,1995,8,C3,3,14,60,59,98.33333333333333,0.2998099080040461,60
HK,1995,8,C3,4,15,123,122,99.1869918699187,0.6097341904514986,123
HK,1995,8,C3,5,5,1,0,0.0,-0.20405941915844195,1
HK,1995,8,C3,6,12,41,32,78.04878048780488,0.14489280748924704,41
HK,1995,8,C3,7,1,113,113,100.0,0.581788104594933,113
HK,1995,8,C3,8,8,153,150,98.03921568627452,0.3844016467970645,153
HK,1995,8,C3,9,22,21,16,76.19047619047619,0.12515122603946255,21
HK,1995,8,C3,10,19,2,0,0.0,-0.256886635447707,2
HK,1995,8,C3,11,17,5,3,60.0,0.08180311971314883,5
HK,1995,8,C3,12,18,33,12,36.36363636363637,-0.03762423947751193,33
HK,1995,8,C3,13,6,1,0,0.0,-0.3577712378935904,1
HK,1995,8,C3,14,20,66,31,46.96969696969697,-0.030486717308223547,66
HK,1995,8,C3,15,0,7,6,85.71428571428571,0.1954582983261026,7
HK,1995,9,C2,0,9,164,163,99.39024390243902,0.4657854024520824,164
HK,1995,9,C2,1,13,160,152,95.0,0.364479961900825,160
HK,1995,9,C2,2,16,8,2,25.0,-0.07065205343262608,8
HK,1995,9,C2,3,14,60,58,96.66666666666667,0.2768367393764518,60
HK,1995,9,C2,4,15,123,122,99.1869918699187,0.5679232114522164,123
HK,1995,9,C2,5,5,1,0,0.0,-0.17455782677088827,1
HK,1995,9,C2,6,12,41,31,75.60975609756098,0.10223845440847722,41
HK,1995,9,C2,7,1,113,113,100.0,0.5442425459208464,113
HK,1995,9,C2,8,8,153,150,98.03921568627452,0.3479733956300565,153
HK,1995,9,C2,9,22,21,16,76.19047619047619,0.12550664275086273,21
HK,1995,9,C2,10,19,2,0,0.0,-0.22631013181225718,2
HK,1995,9,C2,11,17,5,3,60.0,0.05271563381016958,5
HK,1995,9,C2,12,18,33,13,39.39393939393939,-0.034520949433254684,33
HK,1995,9,C2,13,6,1,0,0.0,-0.3266294649869188,1
HK,1995,9,C2,14,20,66,28,42.42424242424242,-0.034623700331106844,66
HK,1995,9,C2,15,0,7,5,71.42857142857143,0.09064564633344865,7
HK,1995,9,C2,16,3,157,155,98.72611464968153,0.5825951307349769,157
HK,1995,9,C2,17,11,61,39,63.9344262295082,0.03043819780837828,61
HK,1995,9,C3,0,9,164,163,99.39024390243902,0.47275812985368126,164
HK,1995,9,C3,1,13,160,152,95.0,0.366926058785727,160
HK,1995,9,C3,2,16,8,2,25.0,-0.0677251248979053,8
HK,1995,9,C3,3,14,60,58,96.66666666666667,0.2772843465116167,60
HK,1995,9,C3,4,15,123,122,99.1869918699187,0.5825085144545337,123
HK,1995,9,C3,5,5,1,0,0.0,-0.17307111202197015,1
HK,1995,9,C3,6,12,41,31,75.60975609756098,0.10700821168670138,41
HK,1995,9,C3,7,1,113,113,100.0,0.5539774223536268,113
HK,1995,9,C3,8,8,153,150,98.03921568627452,0.3500245827333953,153
HK,1995,9,C3,9,22,21,16,76.19047619047619,0.12376769447308604,21
HK,1995,9,C3,10,19,2,0,0.0,-0.2323734290151475,2
HK,1995,9,C3,11,17,5,3,60.0,0.05136191297283852,5
HK,1995,9,C3,12,18,33,12,36.36363636363637,-0.035524697960082285,33
HK,1995,9,C3,13,6,1,0,0.0,-0.3264855127777029,1
HK,1995,9,C3,14,20,66,28,42.42424242424242,-0.03281605656648055,66
HK,1995,9,C3,15,0,7,5,71.42857142857143,0.08912518694095041,7
HK,1995,9,C3,16,3,157,155,98.72611464968153,0.5823778382304606,157
HK,1995,9,C3,17,11,61,41,67.21311475409836,0.0329061381167786,61
HK,1995,10,C2,0,9,164,163,99.39024390243902,0.45140935827759715,164
HK,1995,10,C2,1,13,160,151,94.375,0.34163693804308914,160
HK,1995,10,C2,2,16,8,2,25.0,-0.06140356861951607,8
HK,1995,10,C2,3,14,60,58,96.66666666666667,0.25561486782440196,60
HK,1995,10,C2,4,15,123,122,99.1869918699187,0.5563396584182108,123
HK,1995,10,C2,5,5,1,0,0.0,-0.14283775357563366,1
HK,1995,10,C2,6,12,41,31,75.60975609756098,0.10568270601583048,41
HK,1995,10,C2,7,1,113,106,93.80530973451327,0.3698092443901725,113
HK,1995,10,C2,8,8,153,150,98.03921568627452,0.3327629344074762,153
HK,1995,10,C2,9,22,21,15,71.42857142857143,0.09105276542877878,21
HK,1995,10,C2,10,19,2,0,0.0,-0.2110096434248678,2
HK,1995,10,C2,11,17,5,3,60.0,0.06051311382399952,5
HK,1995,10,C2,12,18,33,14,42.42424242424242,-0.031772883481663614,33
HK,1995,10,C2,13,6,1,0,0.0,-0.2678281362983021,1
HK,1995,10,C2,14,20,66,16,24.242424242424242,-0.06386079602282341,66
HK,1995,10,C2,15,0,7,5,71.42857142857143,0.08410810455799465,7
HK,1995,10,C2,16,3,157,155,98.72611464968153,0.5686833043083634,157
HK,1995,10,C2,17,11,61,39,63.9344262295082,0.0238752140656563,61
HK,1995,10,C2,18,2,182,182,100.0,0.43770397097021196,182
HK,1995,10,C2,19,21,4,0,0.0,-0.09002045053169089,4
HK,1995,10,C3,0,9,164,163,99.39024390243902,0.4580970366879282,164
HK,1995,10,C3,1,13,160,151,94.375,0.34366656526587847,160
HK,1995,10,C3,2,16,8,2,25.0,-0.05792419664767107,8
HK,1995,10,C3,3,14,60,58,96.66666666666667,0.2556281988141805,60
HK,1995,10,C3,4,15,123,122,99.1869918699187,0.5699761032292328,123
HK,1995,10,C3,5,5,1,0,0.0,-0.14135187570107624,1
HK,1995,10,C3,6,12,41,31,75.60975609756098,0.11034608397931861,41
HK,1995,10,C3,7,1,113,106,93.80530973451327,0.37286338333267643,113
HK,1995,10,C3,8,8,153,150,98.03921568627452,0.33430186592136446,153
HK,1995,10,C3,9,22,21,15,71.42857142857143,0.08919225416424614,21
HK,1995,10,C3,10,19,2,0,0.0,-0.21353533822779336,2
HK,1995,10,C3,11,17,5,3,60.0,0.05976158749534892,5
HK,1995,10,C3,12,18,33,15,45.45454545454545,-0.03222473757003992,33
HK,1995,10,C3,13,6,1,0,0.0,-0.26738696980785404,1
HK,1995,10,C3,14,20,66,16,24.242424242424242,-0.06324801161101783,66
HK,1995,10,C3,15,0,7,5,71.42857142857143,0.08310526393935948,7
HK,1995,10,C3,16,3,157,155,98.72611464968153,0.5683217713716356,157
HK,1995,10,C3,17,11,61,39,63.9344262295082,0.025615367732760772,61
HK,1995,10,C3,18,2,182,182,100.0,0.44066326049377413,182
HK,1995,10,C3,19,21,4,0,0.0,-0.09041856817994498,4
HK,1995,11,C2,0,9,164,162,98.78048780487805,0.41196421661761273,164
HK,1995,11,C2,1,13,160,151,94.375,0.31679393399777156,160
HK,1995,11,C2,2,16,8,1,12.5,-0.08119030227094212,8
HK,1995,11,C2,3,14,60,58,96.66666666666667,0.23363188710186467,60
HK,1995,11,C2,4,15,123,122,99.1869918699187,0.5415172756601915,123
HK,1995,11,C2,5,5,1,0,0.0,-0.1175937107924227,1
HK,1995,11,C2,6,12,41,31,75.60975609756098,0.10813635880872187,41
HK,1995,11,C2,7,1,113,106,93.80530973451327,0.30933863320511634,113
HK,1995,11,C2,8,8,153,150,98.03921568627452,0.30997727235910716,153
HK,1995,11,C2,9,22,21,15,71.42857142857143,0.08536122635531362,21
HK,1995,11,C2,10,19,2,0,0.0,-0.1888551720498451,2
HK,1995,11,C2,11,17,5,3,60.0,0.057275154612540624,5
HK,1995,11,C2,12,18,33,14,42.42424242424242,-0.03146001837774313,33
HK,1995,11,C2,13,6,1,0,0.0,-0.244178125419261,1
HK,1995,11,C2,14,20,66,15,22.727272727272727,-0.0651927706120868,66
HK,1995,11,C2,15,0,7,5,71.42857142857143,0.06667808852287903,7
HK,1995,11,C2,16,3,157,129,82.1656050955414,0.15497604632103024,157
HK,1995,11,C2,17,11,61,21,34.42622950819672,-0.05067323803598612,61
HK,1995,11,C2,18,2,182,150,82.41758241758242,0.303472680103581,182
HK,1995,11,C2,19,21,4,0,0.0,-0.08125223129789146,4
HK,1995,11,C2,20,4,165,144,87.27272727272727,0.22521120188860122,165
HK,1995,11,C2,21,10,150,113,75.33333333333333,0.12417727203114498,150
HK,1995,11,C2,22,7,21,21,100.0,0.46832021319439093,21
HK,1995,11,C3,0,9,164,162,98.78048780487805,0.41718815000390935,164
HK,1995,11,C3,1,13,160,151,94.375,0.31838005735529407,160
HK,1995,11,C3,2,16,8,1,12.5,-0.07845992628413681,8
HK,1995,11,C3,3,14,60,58,96.66666666666667,0.2328558421397286,60
HK,1995,11,C3,4,15,123,122,99.1869918699187,0.5530404382454275,123
HK,1995,11,C3,5,5,1,0,0.0,-0.11533976013101871,1
HK,1995,11,C3,6,12,41,31,75.60975609756098,0.11119512997781957,41
HK,1995,11,C3,7,1,113,106,93.80530973451327,0.31057695329620544,113
HK,1995,11,C3,8,8,153,150,98.03921568627452,0.3109406072930672,153
HK,1995,11,C3,9,22,21,15,71.42857142857143,0.08312254150058551,21
HK,1995,11,C3,10,19,2,0,0.0,-0.19135708463125625,2
HK,1995,11,C3,11,17,5,3,60.0,0.05603222275684368,5
HK,1995,11,C3,12,18,33,14,42.42424242424242,-0.031622153031417265,33
HK,1995,11,C3,13,6,1,0,0.0,-0.2436426595900731,1
HK,1995,11,C3,14,20,66,16,24.242424242424242,-0.064376139489992,66
HK,1995,11,C3,15,0,7,5,71.42857142857143,0.06529859949036548,7
HK,1995,11,C3,16,3,157,128,81.52866242038216,0.1562757160916608,157
HK,1995,11,C3,17,11,61,21,34.42622950819672,-0.05093209187140959,61
HK,1995,11,C3,18,2,182,150,82.41758241758242,0.3051536172207789,182
HK,1995,11,C3,19,21,4,0,0.0,-0.08162816832996361,4
HK,1995,11,C3,20,4,165,144,87.27272727272727,0.22621673254804434,165
HK,1995,11,C3,21,10,150,113,75.33333333333333,0.12451234363195444,150
HK,1995,11,C3,22,7,21,21,100.0,0.4692121662464537,21
ISIC,1993,4,C2,0,4,41,25,60.97560975609756,0.03975385849858842,38
ISIC,1993,4,C2,1,0,44,34,77.27272727272727,0.16410205674178507,44
ISIC,1993,4,C2,2,3,40,19,47.5,0.006603665429457568,37
ISIC,1993,4,C2,3,7,24,13,54.166666666666664,0.07396084097747292,20
ISIC,1993,4,C2,4,5,37,17,45.945945945945944,0.048791679430472454,34
ISIC,1993,4,C2,5,6,26,23,88.46153846153847,0.41288753574306647,24
ISIC,1993,4,C2,6,2,46,19,41.30434782608695,-0.01169198633978419,45
ISIC,1993,4,C2,7,1,37,19,51.351351351351354,0.0791507995948051,36
ISIC,1993,4,C3,0,4,41,25,60.97560975609756,0.03864125162934412,38
ISIC,1993,4,C3,1,0,44,34,77.27272727272727,0.16401192182766489,44
ISIC,1993,4,C3,2,3,40,19,47.5,0.005632463416721718,37
ISIC,1993,4,C3,3,7,24,13,54.166666666666664,0.07507454515354156,20
ISIC,1993,4,C3,4,5,37,17,45.945945945945944,0.04957980464968673,34
ISIC,1993,4,C3,5,6,26,23,88.46153846153847,0.4129360558553375,24
ISIC,1993,4,C3,6,2,46,20,43.47826086956522,-0.01096638034760005,45
ISIC,1993,4,C3,7,1,37,20,54.054054054054056,0.07977348782788013,36
ISIC,1994,4,C2,0,3,40,13,32.5,-0.0424502501830477,37
ISIC,1994,4,C2,1,7,24,13,54.166666666666664,0.02029459775468098,20
ISIC,1994,4,C2,2,4,41,24,58.53658536585366,0.026621600844937896,38
ISIC,1994,4,C2,3,5,37,17,45.945945945945944,0.009168958099146864,34
ISIC,1994,4,C2,4,1,37,19,51.351351351351354,0.07562804514066782,36
ISIC,1994,4,C2,5,0,44,35,79.54545454545455,0.1489147629372574,44
ISIC,1994,4,C2,6,6,26,23,88.46153846153847,0.3751182665795548,24
ISIC,1994,4,C2,7,2,46,22,47.82608695652174,-0.020234780550378896,45
ISIC,1994,4,C3,0,3,40,14,35.0,-0.039698952491978204,37
ISIC,1994,4,C3,1,7,24,13,54.166666666666664,0.018534953003646052,20
ISIC,1994,4,C3,2,4,41,21,51.21951219512195,0.025800615801387657,38
ISIC,1994,4,C3,3,5,37,17,45.945945945945944,0.00899374295903912,34
ISIC,1994,4,C3,4,1,37,19,51.351351351351354,0.0748301480421065,36
ISIC,1994,4,C3,5,0,44,35,79.54545454545455,0.14726234882767836,44
ISIC,1994,4,C3,6,6,26,23,88.46153846153847,0.3731501356365551,24
ISIC,1994,4,C3,7,2,46,20,43.47826086956522,-0.021621836361804696,45
ISIC,1995,4,C2,0,1,37,21,56.75675675675676,0.08396898291293245,36
ISIC,1995,4,C2,1,3,40,18,45.0,0.010188030571679885,37
ISIC,1995,4,C2,2,0,44,36,81.81818181818181,0.14837924616706702,44
ISIC,1995,4,C2,3,6,26,24,92.3076923076923,0.3976155430944298,24
ISIC,1995,4,C2,4,4,41,24,58.53658536585366,0.03195992441884265,38
ISIC,1995,4,C2,5,5,37,19,51.351351351351354,0.013537740092386438,34
ISIC,1995,4,C2,6,2,46,22,47.82608695652174,-0.01075427577906262,45
ISIC,1995,4,C2,7,7,24,14,58.333333333333336,0.030920085157651492,20
ISIC,1995,4,C3,0,1,37,21,56.75675675675676,0.08376163887201868,36
ISIC,1995,4,C3,1,3,40,18,45.0,0.00999492344113395,37
ISIC,1995,4,C3,2,0,44,36,81.81818181818181,0.1489267975032949,44
ISIC,1995,4,C3,3,6,26,24,92.3076923076923,0.3985290190680798,24
ISIC,1995,4,C3,4,4,41,24,58.53658536585366,0.03185686198319479,38
ISIC,1995,4,C3,5,5,37,19,51.351351351351354,0.013736882433431342,34
ISIC,1995,4,C3,6,2,46,22,47.82608695652174,-0.010601081924709915,45
ISIC,1995,4,C3,7,7,24,14,58.333333333333336,0.030866926529270634,20
HK,1993,1,C0,0,0,7,7,100.0,0.9965898693601934,7
HK,1993,1,C0,1,4,165,165,100.0,0.9755074601718169,165
HK,1993,1,P,0,0,7,7,100.0,0.9989658135103044,7
HK,1993,1,P,1,4,165,165,100.0,0.9752099327141357,165
HK,1993,2,C0,0,0,7,6,85.71428571428571,0.3753662776521818,7
HK,1993,2,C0,1,4,165,165,100.0,0.7925758402258125,165
HK,1993,2,C0,2,12,41,36,87.8048780487805,0.48310836220208253,41
HK,1993,2,C0,3,8,153,153,100.0,0.8568622613274457,153
HK,1993,2,P,0,0,7,7,100.0,0.45789602993998246,7
HK,1993,2,P,1,4,165,165,100.0,0.8112444435457606,165
HK,1993,2,P,2,12,41,36,87.8048780487805,0.4627146541666401,41
HK,1993,2,P,3,8,153,153,100.0,0.8575321671724484,153
HK,1993,3,C0,0,0,7,3,42.857142857142854,-0.013978796161355065,7
HK,1993,3,C0,1,4,165,165,100.0,0.7830861544340776,165
HK,1993,3,C0,2,12,41,30,73.17073170731707,0.2024332887902121,41
HK,1993,3,C0,3,8,153,153,100.0,0.7770889918784426,153
HK,1993,3,C0,4,2,182,182,100.0,0.8177843445763241,182
HK,1993,3,C0,5,11,61,51,83.60655737704919,0.25067627723691127,61
HK,1993,3,P,0,0,7,5,71.42857142857143,0.16309461817956067,7
HK,1993,3,P,1,4,165,165,100.0,0.7658626225546005,165
HK,1993,3,P,2,12,41,31,75.60975609756098,0.28403414885412903,41
HK,1993,3,P,3,8,153,153,100.0,0.7797721000999092,153
HK,1993,3,P,4,2,182,182,100.0,0.8154700243152687,182
HK,1993,3,P,5,11,61,40,65.57377049180327,0.11146272402857625,61
HK,1993,4,C0,0,0,7,2,28.571428571428573,-0.09259820038178201,7
HK,1993,4,C0,1,4,165,75,45.45454545454545,-0.027577431955423403,165
HK,1993,4,C0,2,12,41,25,60.97560975609756,0.1073764421414052,41
HK,1993,4,C0,3,8,153,146,95.42483660130719,0.3866604858764777,153
HK,1993,4,C0,4,2,182,182,100.0,0.6281077595003496,182
HK,1993,4,C0,5,11,61,54,88.52459016393442,0.29196862935234497,61
HK,1993,4,C0,6,17,5,5,100.0,0.4070845116562067,5
HK,1993,4,C0,7,3,157,151,96.17834394904459,0.475176964250599,157
HK,1993,4,P,0,0,7,5,71.42857142857143,0.15513839260874265,7
HK,1993,4,P,1,4,165,142,86.06060606060606,0.361885420128462,165
HK,1993,4,P,2,12,41,31,75.60975609756098,0.2610807197608072,41
HK,1993,4,P,3,8,153,152,99.34640522875817,0.6009290968167461,153
HK,1993,4,P,4,2,182,182,100.0,0.7713995311453525,182
HK,1993,4,P,5,11,61,40,65.57377049180327,0.09390783696110377,61
HK,1993,4,P,6,17,5,5,100.0,0.34996437341080666,5
HK,1993,4,P,7,3,157,133,84.71337579617834,0.3018650556823538,157
HK,1993,5,C0,0,0,7,0,0.0,-0.6185092475291069,7
HK,1993,5,C0,1,4,165,98,59.39393939393939,0.03385977308316833,165
HK,1993,5,C0,2,12,41,1,2.4390243902439024,-0.3329045953829519,41
HK,1993,5,C0,3,8,153,147,96.07843137254902,0.3364964335512806,153
HK,1993,5,C0,4,2,182,182,100.0,0.3986784327936101,182
HK,1993,5,C0,5,11,61,0,0.0,-0.5203669392286074,61
HK,1993,5,C0,6,17,5,3,60.0,0.13691171015864229,5
HK,1993,5,C0,7,3,157,153,97.45222929936305,0.41846070747346026,157
HK,1993,5,C0,8,21,4,4,100.0,0.4042477369125869,4
HK,1993,5,C0,9,16,8,8,100.0,0.5656308914739281,8
HK,1993,5,P,0,0,7,4,57.142857142857146,0.0630454297096208,7
HK,1993,5,P,1,4,165,143,86.66666666666667,0.33571243311251514,165
HK,1993,5,P,2,12,41,33,80.48780487804878,0.22413502861286594,41
HK,1993,5,P,3,8,153,150,98.03921568627452,0.5492666101064103,153
HK,1993,5,P,4,2,182,182,100.0,0.7257886869735198,182
HK,1993,5,P,5,11,61,34,55.73770491803279,0.0309709327176421,61
HK,1993,5,P,6,17,5,4,80.0,0.27394342446190684,5
HK,1993,5,P,7,3,157,135,85.98726114649682,0.2725383830256176,157
HK,1993,5,P,8,21,4,4,100.0,0.27746778749000567,4
HK,1993,5,P,9,16,8,4,50.0,-0.022618264884424956,8
HK,1993,6,C0,0,0,7,1,14.285714285714286,-0.15708366305878826,7
HK,1993,6,C0,1,4,165,141,85.45454545454545,0.23121495828084676,165
HK,1993,6,C0,2,12,41,19,46.34146341463415,-0.0334260318375181,41
HK,1993,6,C0,3,8,153,142,92.81045751633987,0.253305580625853,153
HK,1993,6,C0,4,2,182,181,99.45054945054945,0.3298591410605583,182
HK,1993,6,C0,5,11,61,6,9.836065573770492,-0.15190759162608355,61
HK,1993,6,C0,6,17,5,3,60.0,0.024576906804146516,5
HK,1993,6,C0,7,3,157,120,76.43312101910828,0.14266352221132544,157
HK,1993,6,C0,8,21,4,0,0.0,-0.18351471404902983,4
HK,1993,6,C0,9,16,8,8,100.0,0.15560640830359884,8
HK,1993,6,C0,10,22,21,19,90.47619047619048,0.27084728617255543,21
HK,1993,6,C0,11,13,160,157,98.125,0.5081004866207259,160
HK,1993,6,P,0,0,7,5,71.42857142857143,0.06187359955467991,7
HK,1993,6,P,1,4,165,142,86.06060606060606,0.30849548697190743,165
HK,1993,6,P,2,12,41,35,85.36585365853658,0.19488498320298195,41
HK,1993,6,P,3,8,153,150,98.03921568627452,0.48642818205065974,153
HK,1993,6,P,4,2,182,182,100.0,0.6822617141464831,182
HK,1993,6,P,5,11,61,35,57.377049180327866,0.023408557902504134,61
HK,1993,6,P,6,17,5,4,80.0,0.20484474567743244,5
HK,1993,6,P,7,3,157,136,86.62420382165605,0.23832061544024558,157
HK,1993,6,P,8,21,4,1,25.0,-0.14290654354403576,4
HK,1993,6,P,9,16,8,4,50.0,-0.020783259242216044,8
HK,1993,6,P,10,22,21,16,76.19047619047619,0.180450815137246,21
HK,1993,6,P,11,13,160,152,95.0,0.4274828930795305,160
HK,1993,7,C0,0,0,7,5,71.42857142857143,0.03711280212664022,7
HK,1993,7,C0,1,4,165,136,82.42424242424242,0.16900505220274706,165
HK,1993,7,C0,2,12,41,27,65.85365853658537,0.04283726087196947,41
HK,1993,7,C0,3,8,153,115,75.16339869281046,0.08105332710503878,153
HK,1993,7,C0,4,2,182,162,89.01098901098901,0.1881763662746801,182
HK,1993,7,C0,5,11,61,23,37.704918032786885,-0.045859763672628125,61
HK,1993,7,C0,6,17,5,0,0.0,-0.19000918505263148,5
HK,1993,7,C0,7,3,157,131,83.43949044585987,0.14569791134300297,157
HK,1993,7,C0,8,21,4,1,25.0,-0.12465416820384251,4
HK,1993,7,C0,9,16,8,4,50.0,0.004918669960029241,8
HK,1993,7,C0,10,22,21,9,42.857142857142854,-0.0014779097901020481,21
HK,1993,7,C0,11,13,160,147,91.875,0.2916739869394268,160
HK,1993,7,C0,12,18,33,30,90.9090909090909,0.18036296888652226,33
HK,1993,7,C0,13,14,60,59,98.33333333333333,0.5195723551452931,60
HK,1993,7,P,0,0,7,5,71.42857142857143,0.05828879759722404,7
HK,1993,7,P,1,4,165,144,87.27272727272727,0.28911080730734273,165
HK,1993,7,P,2,12,41,35,85.36585365853658,0.18297150047153915,41
HK,1993,7,P,3,8,153,151,98.69281045751634,0.4280841539478975,153
HK,1993,7,P,4,2,182,182,100.0,0.6552205401514228,182
HK,1993,7,P,5,11,61,35,57.377049180327866,0.019270317092058894,61
HK,1993,7,P,6,17,5,3,60.0,0.04728299074770766,5
HK,1993,7,P,7,3,157,133,84.71337579617834,0.21685888450115168,157
HK,1993,7,P,8,21,4,1,25.0,-0.12186751716376976,4
HK,1993,7,P,9,16,8,4,50.0,-0.017093371854833044,8
HK,1993,7,P,10,22,21,16,76.19047619047619,0.16123407680841484,21
HK,1993,7,P,11,13,160,153,95.625,0.3935870459983151,160
HK,1993,7,P,12,18,33,17,51.515151515151516,0.0071332000320732504,33
HK,1993,7,P,13,14,60,59,98.33333333333333,0.5109806041825193,60
HK,1993,8,C0,0,0,7,0,0.0,-0.5113228183755442,7
HK,1993,8,C0,1,4,165,130,78.78787878787878,0.0866031654284278,165
HK,1993,8,C0,2,12,41,0,0.0,-0.42114363399527494,41
HK,1993,8,C0,3,8,153,111,72.54901960784314,0.059987222177200615,153
HK,1993,8,C0,4,2,182,152,83.51648351648352,0.12517837050541095,182
HK,1993,8,C0,5,11,61,0,0.0,-0.5337451804966533,61
HK,1993,8,C0,6,17,5,0,0.0,-0.07702787489295318,5
HK,1993,8,C0,7,3,157,129,82.1656050955414,0.08487022055955176,157
HK,1993,8,C0,8,21,4,1,25.0,-0.12288117314009504,4
HK,1993,8,C0,9,16,8,0,0.0,-0.49356600395004424,8
HK,1993,8,C0,10,22,21,3,14.285714285714286,-0.12370693629121715,21
HK,1993,8,C0,11,13,160,123,76.875,0.06437171895476862,160
HK,1993,8,C0,12,18,33,14,42.42424242424242,-0.06055038344803063,33
HK,1993,8,C0,13,14,60,59,98.33333333333333,0.3353613707660831,60
HK,1993,8,C0,14,9,164,164,100.0,0.6388408290794827,164
HK,1993,8,C0,15,19,2,1,50.0,-0.03227020005351081,2
HK,1993,8,P,0,0,7,5,71.42857142857143,0.05076788330892033,7
HK,1993,8,P,1,4,165,144,87.27272727272727,0.27348409482161445,165
HK,1993,8,P,2,12,41,35,85.36585365853658,0.1714736010293899,41
HK,1993,8,P,3,8,153,149,97.38562091503267,0.3986144750035743,153
HK,1993,8,P,4,2,182,182,100.0,0.6359897400128246,182
HK,1993,8,P,5,11,61,33,54.09836065573771,-0.005896328126678866,61
HK,1993,8,P,6,17,5,3,60.0,0.0454638414577058,5
HK,1993,8,P,7,3,157,131,83.43949044585987,0.19984031261936222,157
HK,1993,8,P,8,21,4,1,25.0,-0.11555684454639198,4
HK,1993,8,P,9,16,8,4,50.0,-0.012397771236029576,8
HK,1993,8,P,10,22,21,16,76.19047619047619,0.15532163344212432,21
HK,1993,8,P,11,13,160,151,94.375,0.36572934707442994,160
HK,1993,8,P,12,18,33,15,45.45454545454545,-0.02450859741746527,33
HK,1993,8,P,13,14,60,59,98.33333333333333,0.4980761428790578,60
HK,1993,8,P,14,9,164,162,98.78048780487805,0.529844582560321,164
HK,1993,8,P,15,19,2,0,0.0,-0.17006711175406847,2
HK,1993,9,C0,0,0,7,0,0.0,-0.2821957638352836,7
HK,1993,9,C0,1,4,165,75,45.45454545454545,-0.00762626767537417,165
HK,1993,9,C0,2,12,41,0,0.0,-0.2920042546556061,41
HK,1993,9,C0,3,8,153,54,35.294117647058826,-0.043880310204139954,153
HK,1993,9,C0,4,2,182,36,19.78021978021978,-0.0367310135447295,182
HK,1993,9,C0,5,11,61,0,0.0,-0.31857805354514845,61
HK,1993,9,C0,6,17,5,0,0.0,-0.050926198590470276,5
HK,1993,9,C0,7,3,157,99,63.05732484076433,0.005440835330303021,157
HK,1993,9,C0,8,21,4,0,0.0,-0.2224361063636956,4
HK,1993,9,C0,9,16,8,0,0.0,-0.25939255322490923,8
HK,1993,9,C0,10,22,21,1,4.761904761904762,-0.1799704187901973,21
HK,1993,9,C0,11,13,160,70,43.75,-0.03303035744671995,160
HK,1993,9,C0,12,18,33,1,3.0303030303030303,-0.1348790194074591,33
HK,1993,9,C0,13,14,60,50,83.33333333333333,0.049840397826753674,60
HK,1993,9,C0,14,9,164,162,98.78048780487805,0.19760869547170817,164
HK,1993,9,C0,15,19,2,0,0.0,-0.11033129517068621,2
HK,1993,9,C0,16,15,123,123,100.0,0.5130666735435557,123
HK,1993,9,C0,17,6,1,1,100.0,0.2202986319608421,1
HK,1993,9,P,0,0,7,5,71.42857142857143,0.05032930926839033,7
HK,1993,9,P,1,4,165,144,87.27272727272727,0.26023881534743054,165
HK,1993,9,P,2,12,41,35,85.36585365853658,0.16179674317545728,41
HK,1993,9,P,3,8,153,150,98.03921568627452,0.35846759758413604,153
HK,1993,9,P,4,2,182,182,100.0,0.6154106349515888,182
HK,1993,9,P,5,11,61,31,50.81967213114754,-0.008929473219035393,61
HK,1993,9,P,6,17,5,3,60.0,0.05071913679866378,5
HK,1993,9,P,7,3,157,129,82.1656050955414,0.1862350991198573,157
HK,1993,9,P,8,21,4,1,25.0,-0.10999768312887448,4
HK,1993,9,P,9,16,8,4,50.0,-0.011594662794653963,8
HK,1993,9,P,10,22,21,16,76.19047619047619,0.1436796663516076,21
HK,1993,9,P,11,13,160,152,95.0,0.3467139282171622,160
HK,1993,9,P,12,18,33,13,39.39393939393939,-0.029585205159760337,33
HK,1993,9,P,13,14,60,59,98.33333333333333,0.38628412104434845,60
HK,1993,9,P,14,9,164,162,98.78048780487805,0.48976562049536543,164
HK,1993,9,P,15,19,2,0,0.0,-0.16646475242821496,2
HK,1993,9,P,16,15,123,122,99.1869918699187,0.5904597240727042,123
HK,1993,9,P,17,6,1,0,0.0,-0.1862013711042124,1
HK,1993,10,C0,0,0,7,0,0.0,-0.1391127084161053,7
HK,1993,10,C0,1,4,165,0,0.0,-0.27149007796336616,165
HK,1993,10,C0,2,12,41,1,2.4390243902439024,-0.14179146024907077,41
HK,1993,10,C0,3,8,153,0,0.0,-0.3567582698321873,153
HK,1993,10,C0,4,2,182,0,0.0,-0.3740626010191292,182
HK,1993,10,C0,5,11,61,0,0.0,-0.1298792693823434,61
HK,1993,10,C0,6,17,5,0,0.0,-0.3682011012733123,5
HK,1993,10,C0,7,3,157,0,0.0,-0.2710481296240067,157
HK,1993,10,C0,8,21,4,0,0.0,-0.36945428615390424,4
HK,1993,10,C0,9,16,8,0,0.0,-0.12543018116149748,8
HK,1993,10,C0,10,22,21,0,0.0,-0.4141882711842264,21
HK,1993,10,C0,11,13,160,0,0.0,-0.25134993277416817,160
HK,1993,10,C0,12,18,33,0,0.0,-0.3923866358616588,33
HK,1993,10,C0,13,14,60,0,0.0,-0.2579317985526861,60
HK,1993,10,C0,14,9,164,20,12.195121951219512,-0.07605852163556753,164
HK,1993,10,C0,15,19,2,0,0.0,-0.4465601163334688,2
HK,1993,10,C0,16,15,123,121,98.3739837398374,0.2716798187969285,123
HK,1993,10,C0,17,6,1,0,0.0,-0.44145736437399685,1
HK,1993,10,C0,18,5,1,0,0.0,-0.10300305079698624,1
HK,1993,10,C0,19,20,66,64,96.96969696969697,0.308212011592345,66
HK,1993,10,P,0,0,7,5,71.42857142857143,0.04910135551542516,7
HK,1993,10,P,1,4,165,143,86.66666666666667,0.2490909205999991,165
HK,1993,10,P,2,12,41,35,85.36585365853658,0.15567056492845907,41
HK,1993,10,P,3,8,153,150,98.03921568627452,0.34069664593584287,153
HK,1993,10,P,4,2,182,182,100.0,0.5986364477086726,182
HK,1993,10,P,5,11,61,30,49.18032786885246,-0.010614986787473805,61
HK,1993,10,P,6,17,5,4,80.0,0.05330402014236132,5
HK,1993,10,P,7,3,157,130,82.80254777070064,0.1741051476099164,157
HK,1993,10,P,8,21,4,0,0.0,-0.11469306036995627,4
HK,1993,10,P,9,16,8,4,50.0,-0.011123806433197533,8
HK,1993,10,P,10,22,21,16,76.19047619047619,0.11519922710511306,21
HK,1993,10,P,11,13,160,151,94.375,0.3363576036090917,160
HK,1993,10,P,12,18,33,13,39.39393939393939,-0.04288850476190906,33
HK,1993,10,P,13,14,60,57,95.0,0.2482853159618517,60
HK,1993,10,P,14,9,164,162,98.78048780487805,0.47305571782410627,164
HK,1993,10,P,15,19,2,0,0.0,-0.15831018828958762,2
HK,1993,10,P,16,15,123,122,99.1869918699187,0.5689791263187317,123
HK,1993,10,P,17,6,1,0,0.0,-0.22831092920388993,1
HK,1993,10,P,18,5,1,0,0.0,-0.07847031794271542,1
HK,1993,10,P,19,20,66,15,22.727272727272727,-0.06882089132381068,66
HK,1993,11,C0,0,0,7,0,0.0,-0.6960247071023936,7
HK,1993,11,C0,1,4,165,0,0.0,-0.20409215052325455,165
HK,1993,11,C0,2,12,41,0,0.0,-0.5809781043149034,41
HK,1993,11,C0,3,8,153,0,0.0,-0.4517117059509573,153
HK,1993,11,C0,4,2,182,0,0.0,-0.46641010330310734,182
HK,1993,11,C0,5,11,61,0,0.0,-0.6096994545192908,61
HK,1993,11,C0,6,17,5,0,0.0,-0.4671958255831365,5
HK,1993,11,C0,7,3,157,0,0.0,-0.2500012617771808,157
HK,1993,11,C0,8,21,4,0,0.0,-0.2709574060439287,4
HK,1993,11,C0,9,16,8,0,0.0,-0.6757747074271038,8
HK,1993,11,C0,10,22,21,0,0.0,-0.3635196280267331,21
HK,1993,11,C0,11,13,160,0,0.0,-0.3273753731070624,160
HK,1993,11,C0,12,18,33,0,0.0,-0.38789970177099176,33
HK,1993,11,C0,13,14,60,0,0.0,-0.22097926447874608,60
HK,1993,11,C0,14,9,164,0,0.0,-0.4967892795800041,164
HK,1993,11,C0,15,19,2,0,0.0,-0.40268375827091696,2
HK,1993,11,C0,16,15,123,2,1.6260162601626016,-0.2674220682554513,123
HK,1993,11,C0,17,6,1,0,0.0,-0.4309486344371709,1
HK,1993,11,C0,18,5,1,0,0.0,-0.2703564017411338,1
HK,1993,11,C0,19,20,66,3,4.545454545454546,-0.2248532733170695,66
HK,1993,11,C0,20,10,150,150,100.0,0.6271293925376333,150
HK,1993,11,C0,21,7,21,21,100.0,0.6290386929272168,21
HK,1993,11,C0,22,1,113,96,84.95575221238938,0.36948673875078425,113
HK,1993,11,P,0,0,7,5,71.42857142857143,0.04233934569108888,7
HK,1993,11,P,1,4,165,144,87.27272727272727,0.2315578318588309,165
HK,1993,11,P,2,12,41,34,82.92682926829268,0.14840943199426126,41
HK,1993,11,P,3,8,153,149,97.38562091503267,0.3026236654059041,153
HK,1993,11,P,4,2,182,150,82.41758241758242,0.29599127893928595,182
HK,1993,11,P,5,11,61,14,22.950819672131146,-0.06683320772617057,61
HK,1993,11,P,6,17,5,3,60.0,0.05075321045001459,5
HK,1993,11,P,7,3,157,129,82.1656050955414,0.15384447918872507,157
HK,1993,11,P,8,21,4,0,0.0,-0.10459107004622689,4
HK,1993,11,P,9,16,8,3,37.5,-0.03700924284639845,8
HK,1993,11,P,10,22,21,16,76.19047619047619,0.10328430704960781,21
HK,1993,11,P,11,13,160,151,94.375,0.3126309251646573,160
HK,1993,11,P,12,18,33,11,33.333333333333336,-0.041708917093532825,33
HK,1993,11,P,13,14,60,54,90.0,0.22358416793848176,60
HK,1993,11,P,14,9,164,162,98.78048780487805,0.4310762617379601,164
HK,1993,11,P,15,19,2,0,0.0,-0.14685972949354736,2
HK,1993,11,P,16,15,123,122,99.1869918699187,0.5515453729057627,123
HK,1993,11,P,17,6,1,0,0.0,-0.20907635750697254,1
HK,1993,11,P,18,5,1,0,0.0,-0.07435016285602503,1
HK,1993,11,P,19,20,66,11,16.666666666666668,-0.07134659628192307,66
HK,1993,11,P,20,10,150,118,78.66666666666667,0.1094622954424091,150
HK,1993,11,P,21,7,21,21,100.0,0.45615793082647715,21
HK,1993,11,P,22,1,113,107,94.69026548672566,0.32141255286536835,113
HK,1994,1,C0,0,22,21,21,100.0,0.963657293343498,21
HK,1994,1,C0,1,16,8,8,100.0,0.9671022278978711,8
HK,1994,1,P,0,22,21,21,100.0,0.9625222421239814,21
HK,1994,1,P,1,16,8,8,100.0,0.9823549974431678,8
HK,1994,2,C0,0,22,21,21,100.0,0.6493361468623523,21
HK,1994,2,C0,1,16,8,7,87.5,0.36552589328273644,8
HK,1994,2,C0,2,12,41,37,90.2439024390244,0.4978656902049312,41
HK,1994,2,C0,3,13,160,155,96.875,0.7487772403750395,160
HK,1994,2,P,0,22,21,21,100.0,0.6699336475749407,21
HK,1994,2,P,1,16,8,8,100.0,0.42880054666294604,8
HK,1994,2,P,2,12,41,37,90.2439024390244,0.47515929613793134,41
HK,1994,2,P,3,13,160,156,97.5,0.7507783882923619,160
HK,1994,3,C0,0,22,21,8,38.095238095238095,-0.024751614840285832,21
HK,1994,3,C0,1,16,8,7,87.5,0.30049596128537787,8
HK,1994,3,C0,2,12,41,36,87.8048780487805,0.43141662771676187,41
HK,1994,3,C0,3,13,160,155,96.875,0.5914705573930081,160
HK,1994,3,C0,4,21,4,3,75.0,0.10419158355585612,4
HK,1994,3,C0,5,4,165,164,99.39393939393939,0.7612812914770095,165
HK,1994,3,P,0,22,21,16,76.19047619047619,0.2572025701965141,21
HK,1994,3,P,1,16,8,8,100.0,0.388472923618332,8
HK,1994,3,P,2,12,41,36,87.8048780487805,0.4011331697759693,41
HK,1994,3,P,3,13,160,156,97.5,0.671686463363175,160
HK,1994,3,P,4,21,4,1,25.0,-0.21711917034146933,4
HK,1994,3,P,5,4,165,165,100.0,0.7557749478590069,165
HK,1994,4,C0,0,22,21,8,38.095238095238095,-0.04924833943388183,21
HK,1994,4,C0,1,16,8,8,100.0,0.3226718923365721,8
HK,1994,4,C0,2,12,41,36,87.8048780487805,0.32017636598138277,41
HK,1994,4,C0,3,13,160,147,91.875,0.40594178572870304,160
HK,1994,4,C0,4,21,4,2,50.0,0.011617744182911428,4
HK,1994,4,C0,5,4,165,164,99.39393939393939,0.6805327274562,165
HK,1994,4,C0,6,19,2,0,0.0,-0.28503960899240144,2
HK,1994,4,C0,7,17,5,4,80.0,0.36664819164263324,5
HK,1994,4,P,0,22,21,16,76.19047619047619,0.22189839809080314,21
HK,1994,4,P,1,16,8,8,100.0,0.3624521201785772,8
HK,1994,4,P,2,12,41,35,85.36585365853658,0.35388226186383936,41
HK,1994,4,P,3,13,160,152,95.0,0.5689549827157296,160
HK,1994,4,P,4,21,4,1,25.0,-0.18148772873255264,4
HK,1994,4,P,5,4,165,165,100.0,0.7186327453676884,165
HK,1994,4,P,6,19,2,0,0.0,-0.22306693091150226,2
HK,1994,4,P,7,17,5,4,80.0,0.23717132330193644,5
HK,1994,5,C0,0,22,21,14,66.66666666666667,0.0491733896388855,21
HK,1994,5,C0,1,16,8,1,12.5,-0.4905032606231726,8
HK,1994,5,C0,2,12,41,2,4.878048780487805,-0.41801554569766697,41
HK,1994,5,C0,3,13,160,140,87.5,0.28819258925279784,160
HK,1994,5,C0,4,21,4,2,50.0,-0.0874152847264624,4
HK,1994,5,C0,5,4,165,164,99.39393939393939,0.584618642020242,165
HK,1994,5,C0,6,19,2,0,0.0,-0.27148521573258055,2
HK,1994,5,C0,7,17,5,5,100.0,0.3064013337071572,5
HK,1994,5,C0,8,6,1,0,0.0,-0.3508074329763454,1
HK,1994,5,C0,9,11,61,61,100.0,0.6077344477465668,61
HK,1994,5,P,0,22,21,16,76.19047619047619,0.19945567811037251,21
HK,1994,5,P,1,16,8,7,87.5,0.12414343297226804,8
HK,1994,5,P,2,12,41,33,80.48780487804878,0.2378149347444475,41
HK,1994,5,P,3,13,160,153,95.625,0.5215318617220703,160
HK,1994,5,P,4,21,4,1,25.0,-0.1576630405777123,4
HK,1994,5,P,5,4,165,165,100.0,0.7062067571101425,165
HK,1994,5,P,6,19,2,0,0.0,-0.22915486776041646,2
HK,1994,5,P,7,17,5,4,80.0,0.22891808855291146,5
HK,1994,5,P,8,6,1,0,0.0,-0.2729562018961755,1
HK,1994,5,P,9,11,61,37,60.65573770491803,0.05249377348496575,61
HK,1994,6,C0,0,22,21,8,38.095238095238095,-0.12135158364805976,21
HK,1994,6,C0,1,16,8,0,0.0,-0.41457719233816503,8
HK,1994,6,C0,2,12,41,1,2.4390243902439024,-0.3009643193089759,41
HK,1994,6,C0,3,13,160,108,67.5,0.05628690054850336,160
HK,1994,6,C0,4,21,4,1,25.0,-0.12783840900285506,4
HK,1994,6,C0,5,4,165,3,1.8181818181818181,-0.44631709203639014,165
HK,1994,6,C0,6,19,2,0,0.0,-0.263432603153038,2
HK,1994,6,C0,7,17,5,3,60.0,0.039056418277298166,5
HK,1994,6,C0,8,6,1,0,0.0,-0.3158617097027134,1
HK,1994,6,C0,9,11,61,61,100.0,0.42372033616674876,61
HK,1994,6,C0,10,3,157,156,99.36305732484077,0.5760122772751034,157
HK,1994,6,C0,11,15,123,123,100.0,0.7247178675063682,123
HK,1994,6,P,0,22,21,16,76.19047619047619,0.18147856042454713,21
HK,1994,6,P,1,16,8,7,87.5,0.11286563494446038,8
HK,1994,6,P,2,12,41,33,80.48780487804878,0.22632494073101103,41
HK,1994,6,P,3,13,160,152,95.0,0.4694772546494958,160
HK,1994,6,P,4,21,4,1,25.0,-0.14866822567209406,4
HK,1994,6,P,5,4,165,143,86.66666666666667,0.3103049911060988,165
HK,1994,6,P,6,19,2,0,0.0,-0.19770573370184752,2
HK,1994,6,P,7,17,5,4,80.0,0.20907067048588726,5
HK,1994,6,P,8,6,1,0,0.0,-0.2506928524527152,1
HK,1994,6,P,9,11,61,37,60.65573770491803,0.02787913552126979,61
HK,1994,6,P,10,3,157,137,87.26114649681529,0.2503575520621056,157
HK,1994,6,P,11,15,123,123,100.0,0.7382223919820338,123
HK,1994,7,C0,0,22,21,3,14.285714285714286,-0.17332498491529288,21
HK,1994,7,C0,1,16,8,0,0.0,-0.5684074112457922,8
HK,1994,7,C0,2,12,41,0,0.0,-0.5157510036329302,41
HK,1994,7,C0,3,13,160,6,3.75,-0.17857584777868565,160
HK,1994,7,C0,4,21,4,0,0.0,-0.21565909328203775,4
HK,1994,7,C0,5,4,165,2,1.2121212121212122,-0.35043762197523504,165
HK,1994,7,C0,6,19,2,0,0.0,-0.25244998058905666,2
HK,1994,7,C0,7,17,5,0,0.0,-0.15369665003276795,5
HK,1994,7,C0,8,6,1,0,0.0,-0.32591162389923584,1
HK,1994,7,C0,9,11,61,0,0.0,-0.47242306490040475,61
HK,1994,7,C0,10,3,157,156,99.36305732484077,0.37412164058967484,157
HK,1994,7,C0,11,15,123,109,88.6178861788618,0.22938639561671342,123
HK,1994,7,C0,12,0,7,7,100.0,0.5627067068348212,7
HK,1994,7,C0,13,9,164,163,99.39024390243902,0.5151626123088827,164
HK,1994,7,P,0,22,21,16,76.19047619047619,0.16492944170121865,21
HK,1994,7,P,1,16,8,4,50.0,-0.01287463600540776,8
HK,1994,7,P,2,12,41,34,82.92682926829268,0.18130234874845083,41
HK,1994,7,P,3,13,160,151,94.375,0.426022824036356,160
HK,1994,7,P,4,21,4,1,25.0,-0.13781043556482442,4
HK,1994,7,P,5,4,165,143,86.66666666666667,0.29194353971129683,165
HK,1994,7,P,6,19,2,0,0.0,-0.18773250484066528,2
HK,1994,7,P,7,17,5,4,80.0,0.20159087354153962,5
HK,1994,7,P,8,6,1,0,0.0,-0.24404404165382548,1
HK,1994,7,P,9,11,61,33,54.09836065573771,-0.0025998402899171202,61
HK,1994,7,P,10,3,157,136,86.62420382165605,0.22813645252093093,157
HK,1994,7,P,11,15,123,123,100.0,0.7060900129759816,123
HK,1994,7,P,12,0,7,5,71.42857142857143,0.05204539476862815,7
HK,1994,7,P,13,9,164,162,98.78048780487805,0.5306723801227403,164
HK,1994,8,C0,0,22,21,0,0.0,-0.3483173014346147,21
HK,1994,8,C0,1,16,8,0,0.0,-0.2789855008495334,8
HK,1994,8,C0,2,12,41,0,0.0,-0.3084391258747802,41
HK,1994,8,C0,3,13,160,0,0.0,-0.25321459752749986,160
HK,1994,8,C0,4,21,4,0,0.0,-0.325670412243968,4
HK,1994,8,C0,5,4,165,1,0.6060606060606061,-0.3213589991905235,165
HK,1994,8,C0,6,19,2,0,0.0,-0.32902698432368715,2
HK,1994,8,C0,7,17,5,0,0.0,-0.4210206025243304,5
HK,1994,8,C0,8,6,1,0,0.0,-0.34768637185247436,1
HK,1994,8,C0,9,11,61,0,0.0,-0.26730850588697186,61
HK,1994,8,C0,10,3,157,1,0.6369426751592356,-0.2675306332941771,157
HK,1994,8,C0,11,15,123,35,28.45528455284553,-0.0724445979627706,123
HK,1994,8,C0,12,0,7,7,100.0,0.30698278410114355,7
HK,1994,8,C0,13,9,164,147,89.63414634146342,0.22560548454907145,164
HK,1994,8,C0,14,5,1,1,100.0,0.1171147902957907,1
HK,1994,8,C0,15,7,21,21,100.0,0.8020935432165119,21
HK,1994,8,P,0,22,21,16,76.19047619047619,0.15122758764437294,21
HK,1994,8,P,1,16,8,4,50.0,-0.012890698078267239,8
HK,1994,8,P,2,12,41,35,85.36585365853658,0.17367533320005213,41
HK,1994,8,P,3,13,160,151,94.375,0.39950960847269174,160
HK,1994,8,P,4,21,4,1,25.0,-0.12452093367597608,4
HK,1994,8,P,5,4,165,143,86.66666666666667,0.2779755880849454,165
HK,1994,8,P,6,19,2,0,0.0,-0.17642722133927619,2
HK,1994,8,P,7,17,5,4,80.0,0.1839415024735651,5
HK,1994,8,P,8,6,1,0,0.0,-0.23443116479902934,1
HK,1994,8,P,9,11,61,31,50.81967213114754,-0.007384243270208183,61
HK,1994,8,P,10,3,157,132,84.07643312101911,0.2061869162164308,157
HK,1994,8,P,11,15,123,123,100.0,0.6731167855822018,123
HK,1994,8,P,12,0,7,5,71.42857142857143,0.05208879189968265,7
HK,1994,8,P,13,9,164,162,98.78048780487805,0.5093633645432976,164
HK,1994,8,P,14,5,1,1,100.0,0.1287119862529325,1
HK,1994,8,P,15,7,21,21,100.0,0.7332724543167475,21
HK,1994,9,C0,0,22,21,0,0.0,-0.47894135077351696,21
HK,1994,9,C0,1,16,8,0,0.0,-0.20244789634770727,8
HK,1994,9,C0,2,12,41,0,0.0,-0.23644197087022095,41
HK,1994,9,C0,3,13,160,0,0.0,-0.3524989358417769,160
HK,1994,9,C0,4,21,4,0,0.0,-0.5834862754694582,4
HK,1994,9,C0,5,4,165,1,0.6060606060606061,-0.2526195416564499,165
HK,1994,9,C0,6,19,2,0,0.0,-0.49679310781246544,2
HK,1994,9,C0,7,17,5,0,0.0,-0.4399500782380013,5
HK,1994,9,C0,8,6,1,0,0.0,-0.5181359040584256,1
HK,1994,9,C0,9,11,61,0,0.0,-0.24839065114013037,61
HK,1994,9,C0,10,3,157,0,0.0,-0.26796083953658156,157
HK,1994,9,C0,11,15,123,3,2.4390243902439024,-0.14671886548831337,123
HK,1994,9,C0,12,0,7,5,71.42857142857143,0.034737296664165966,7
HK,1994,9,C0,13,9,164,0,0.0,-0.21451714463734417,164
HK,1994,9,C0,14,5,1,0,0.0,-0.20374009221338166,1
HK,1994,9,C0,15,7,21,6,28.571428571428573,-0.11117826052018044,21
HK,1994,9,C0,16,18,33,32,96.96969696969697,0.3189965262981597,33
HK,1994,9,C0,17,1,113,111,98.23008849557522,0.36648319988762945,113
HK,1994,9,P,0,22,21,16,76.19047619047619,0.1359457920012614,21
HK,1994,9,P,1,16,8,4,50.0,-0.013370579462977903,8
HK,1994,9,P,2,12,41,35,85.36585365853658,0.16239891330422998,41
HK,1994,9,P,3,13,160,151,94.375,0.3632256385168521,160
HK,1994,9,P,4,21,4,1,25.0,-0.11197885182660416,4
HK,1994,9,P,5,4,165,143,86.66666666666667,0.2604831112254705,165
HK,1994,9,P,6,19,2,0,0.0,-0.17009578623263938,2
HK,1994,9,P,7,17,5,3,60.0,0.07306482261962985,5
HK,1994,9,P,8,6,1,0,0.0,-0.19491452480153482,1
HK,1994,9,P,9,11,61,30,49.18032786885246,-0.009344769799035473,61
HK,1994,9,P,10,3,157,131,83.43949044585987,0.18989363092181694,157
HK,1994,9,P,11,15,123,123,100.0,0.6567597905985384,123
HK,1994,9,P,12,0,7,5,71.42857142857143,0.05213356416548808,7
HK,1994,9,P,13,9,164,162,98.78048780487805,0.49177632614356576,164
HK,1994,9,P,14,5,1,1,100.0,0.12176549092445044,1
HK,1994,9,P,15,7,21,21,100.0,0.5908948121671103,21
HK,1994,9,P,16,18,33,17,51.515151515151516,-0.00582658202671317,33
HK,1994,9,P,17,1,113,112,99.11504424778761,0.4140657797296812,113
HK,1994,10,C0,0,22,21,0,0.0,-0.4863485784774696,21
HK,1994,10,C0,1,16,8,0,0.0,-0.6338611364296978,8
HK,1994,10,C0,2,12,41,0,0.0,-0.5698868264089745,41
HK,1994,10,C0,3,13,160,0,0.0,-0.35511757793648535,160
HK,1994,10,C0,4,21,4,0,0.0,-0.4139173161409732,4
HK,1994,10,C0,5,4,165,0,0.0,-0.3800007676925663,165
HK,1994,10,C0,6,19,2,0,0.0,-0.44682140602885834,2
HK,1994,10,C0,7,17,5,0,0.0,-0.49690469669403,5
HK,1994,10,C0,8,6,1,0,0.0,-0.49759190543743226,1
HK,1994,10,C0,9,11,61,0,0.0,-0.6067057313942091,61
HK,1994,10,C0,10,3,157,0,0.0,-0.4121031767394971,157
HK,1994,10,C0,11,15,123,0,0.0,-0.3001416790093446,123
HK,1994,10,C0,12,0,7,0,0.0,-0.6525770154878553,7
HK,1994,10,C0,13,9,164,0,0.0,-0.4187781876437429,164
HK,1994,10,C0,14,5,1,0,0.0,-0.40949289580133685,1
HK,1994,10,C0,15,7,21,0,0.0,-0.3861496919954434,21
HK,1994,10,C0,16,18,33,0,0.0,-0.28280975971325767,33
HK,1994,10,C0,17,1,113,0,0.0,-0.28917345223414,113
HK,1994,10,C0,18,10,150,150,100.0,0.5443352112490406,150
HK,1994,10,C0,19,14,60,60,100.0,0.36398338356066623,60
HK,1994,10,P,0,22,21,16,76.19047619047619,0.1269156722346693,21
HK,1994,10,P,1,16,8,3,37.5,-0.03978072771037582,8
HK,1994,10,P,2,12,41,34,82.92682926829268,0.15699458397255855,41
HK,1994,10,P,3,13,160,151,94.375,0.34498028403013886,160
HK,1994,10,P,4,21,4,1,25.0,-0.10167861646685103,4
HK,1994,10,P,5,4,165,143,86.66666666666667,0.2474307637104003,165
HK,1994,10,P,6,19,2,0,0.0,-0.15703365421279264,2
HK,1994,10,P,7,17,5,3,60.0,0.0601721786956978,5
HK,1994,10,P,8,6,1,0,0.0,-0.18244440816446617,1
HK,1994,10,P,9,11,61,14,22.950819672131146,-0.07024400292395142,61
HK,1994,10,P,10,3,157,129,82.1656050955414,0.17436382055397323,157
HK,1994,10,P,11,15,123,122,99.1869918699187,0.5723197914887174,123
HK,1994,10,P,12,0,7,5,71.42857142857143,0.04279529517342932,7
HK,1994,10,P,13,9,164,162,98.78048780487805,0.45664971499025364,164
HK,1994,10,P,14,5,1,0,0.0,-0.09792093091560114,1
HK,1994,10,P,15,7,21,21,100.0,0.5676102307760289,21
HK,1994,10,P,16,18,33,15,45.45454545454545,-0.010729772150792457,33
HK,1994,10,P,17,1,113,112,99.11504424778761,0.3921864407823796,113
HK,1994,10,P,18,10,150,118,78.66666666666667,0.11705178472519905,150
HK,1994,10,P,19,14,60,57,95.0,0.25124330630928376,60
HK,1994,11,C0,0,22,21,0,0.0,-0.6894626220332019,21
HK,1994,11,C0,1,16,8,0,0.0,-0.1875293278810793,8
HK,1994,11,C0,2,12,41,0,0.0,-0.2889314573751974,41
HK,1994,11,C0,3,13,160,0,0.0,-0.44118012124319855,160
HK,1994,11,C0,4,21,4,0,0.0,-0.7827211336608547,4
HK,1994,11,C0,5,4,165,0,0.0,-0.3490317458775389,165
HK,1994,11,C0,6,19,2,0,0.0,-0.5656896065621723,2
HK,1994,11,C0,7,17,5,0,0.0,-0.5077696559390825,5
HK,1994,11,C0,8,6,1,0,0.0,-0.598221351358065,1
HK,1994,11,C0,9,11,61,0,0.0,-0.24366532557767479,61
HK,1994,11,C0,10,3,157,0,0.0,-0.38585941329498546,157
HK,1994,11,C0,11,15,123,0,0.0,-0.22179975568507548,123
HK,1994,11,C0,12,0,7,0,0.0,-0.23013034630271206,7
HK,1994,11,C0,13,9,164,0,0.0,-0.22596353976696731,164
HK,1994,11,C0,14,5,1,0,0.0,-0.5750757300063136,1
HK,1994,11,C0,15,7,21,0,0.0,-0.6047167886688841,21
HK,1994,11,C0,16,18,33,0,0.0,-0.5526468251765675,33
HK,1994,11,C0,17,1,113,0,0.0,-0.44199176928221173,113
HK,1994,11,C0,18,10,150,56,37.333333333333336,-0.04848908822130956,150
HK,1994,11,C0,19,14,60,0,0.0,-0.29842267165066966,60
HK,1994,11,C0,20,20,66,58,87.87878787878788,0.3433855420254928,66
HK,1994,11,C0,21,8,153,150,98.03921568627452,0.5759992050257224,153
HK,1994,11,C0,22,2,182,182,100.0,0.6601308358721745,182
HK,1994,11,P,0,22,21,16,76.19047619047619,0.10328430708959316,21
HK,1994,11,P,1,16,8,3,37.5,-0.03700924390769287,8
HK,1994,11,P,2,12,41,34,82.92682926829268,0.14840943171337742,41
HK,1994,11,P,3,13,160,151,94.375,0.31263092520145436,160
HK,1994,11,P,4,21,4,0,0.0,-0.10459107004755534,4
HK,1994,11,P,5,4,165,144,87.27272727272727,0.2315578318621806,165
HK,1994,11,P,6,19,2,0,0.0,-0.1468597295354201,2
HK,1994,11,P,7,17,5,3,60.0,0.05075321049086538,5
HK,1994,11,P,8,6,1,0,0.0,-0.20907635749993791,1
HK,1994,11,P,9,11,61,14,22.950819672131146,-0.06683320760221126,61
HK,1994,11,P,10,3,157,129,82.1656050955414,0.1538444791868957,157
HK,1994,11,P,11,15,123,122,99.1869918699187,0.5515453729215872,123
HK,1994,11,P,12,0,7,5,71.42857142857143,0.042339345952714345,7
HK,1994,11,P,13,9,164,162,98.78048780487805,0.43107626172615005,164
HK,1994,11,P,14,5,1,0,0.0,-0.07435016281458717,1
HK,1994,11,P,15,7,21,21,100.0,0.4561579308495068,21
HK,1994,11,P,16,18,33,11,33.333333333333336,-0.041708917134569146,33
HK,1994,11,P,17,1,113,107,94.69026548672566,0.32141255287334297,113
HK,1994,11,P,18,10,150,118,78.66666666666667,0.10946229549032284,150
HK,1994,11,P,19,14,60,54,90.0,0.22358416792052926,60
HK,1994,11,P,20,20,66,11,16.666666666666668,-0.07134659624932405,66
HK,1994,11,P,21,8,153,149,97.38562091503267,0.30262366540360647,153
HK,1994,11,P,22,2,182,150,82.41758241758242,0.2959912789209049,182
HK,1995,1,C0,0,9,164,164,100.0,0.9174333934287996,164
HK,1995,1,C0,1,13,160,155,96.875,0.8972202876064376,160
HK,1995,1,P,0,9,164,164,100.0,0.9022117553634607,164
HK,1995,1,P,1,13,160,155,96.875,0.8862820157246928,160
HK,1995,2,C0,0,9,164,163,99.39024390243902,0.6839718197234806,164
HK,1995,2,C0,1,13,160,153,95.625,0.6483847110993928,160
HK,1995,2,C0,2,16,8,8,100.0,0.8375585796797749,8
HK,1995,2,C0,3,14,60,60,100.0,0.7900877878044138,60
HK,1995,2,P,0,9,164,163,99.39024390243902,0.7520301161619484,164
HK,1995,2,P,1,13,160,153,95.625,0.7548913298321741,160
HK,1995,2,P,2,16,8,8,100.0,0.8366909768294568,8
HK,1995,2,P,3,14,60,60,100.0,0.7605579190087801,60
HK,1995,3,C0,0,9,164,161,98.17073170731707,0.5548776091513236,164
HK,1995,3,C0,1,13,160,155,96.875,0.5345070283612715,160
HK,1995,3,C0,2,16,8,8,100.0,0.7078729985888756,8
HK,1995,3,C0,3,14,60,60,100.0,0.4994447860433826,60
HK,1995,3,C0,4,15,123,122,99.1869918699187,0.7578775915652816,123
HK,1995,3,C0,5,5,1,0,0.0,-0.29729619406697083,1
HK,1995,3,P,0,9,164,163,99.39024390243902,0.6750135692474232,164
HK,1995,3,P,1,13,160,155,96.875,0.7081503311245643,160
HK,1995,3,P,2,16,8,8,100.0,0.79103193470312,8
HK,1995,3,P,3,14,60,60,100.0,0.5407781884915489,60
HK,1995,3,P,4,15,123,122,99.1869918699187,0.7537719619962063,123
HK,1995,3,P,5,5,1,0,0.0,-0.2776755461144157,1
HK,1995,4,C0,0,9,164,140,85.36585365853658,0.19170149329917965,164
HK,1995,4,C0,1,13,160,141,88.125,0.22558478072640123,160
HK,1995,4,C0,2,16,8,0,0.0,-0.30527940530644937,8
HK,1995,4,C0,3,14,60,60,100.0,0.4217645642439365,60
HK,1995,4,C0,4,15,123,122,99.1869918699187,0.7379855310485063,123
HK,1995,4,C0,5,5,1,0,0.0,-0.25951669868996685,1
HK,1995,4,C0,6,12,41,41,100.0,0.6161803097255996,41
HK,1995,4,C0,7,1,113,113,100.0,0.8166376202021679,113
HK,1995,4,P,0,9,164,163,99.39024390243902,0.6267823536582158,164
HK,1995,4,P,1,13,160,154,96.25,0.6192243141099466,160
HK,1995,4,P,2,16,8,8,100.0,0.33463596708227744,8
HK,1995,4,P,3,14,60,60,100.0,0.4830398249743135,60
HK,1995,4,P,4,15,123,122,99.1869918699187,0.7007855286142881,123
HK,1995,4,P,5,5,1,0,0.0,-0.22685429399054163,1
HK,1995,4,P,6,12,41,35,85.36585365853658,0.379741916616405,41
HK,1995,4,P,7,1,113,113,100.0,0.7612693444340192,113
HK,1995,5,C0,0,9,164,114,69.51219512195122,0.06515907090664326,164
HK,1995,5,C0,1,13,160,35,21.875,-0.11774342224684746,160
HK,1995,5,C0,2,16,8,0,0.0,-0.44290509554946483,8
HK,1995,5,C0,3,14,60,50,83.33333333333333,0.14344375838960652,60
HK,1995,5,C0,4,15,123,118,95.9349593495935,0.47499795379407894,123
HK,1995,5,C0,5,5,1,0,0.0,-0.013993721575917883,1
HK,1995,5,C0,6,12,41,39,95.1219512195122,0.48359025993742333,41
HK,1995,5,C0,7,1,113,110,97.34513274336283,0.3932079054830847,113
HK,1995,5,C0,8,8,153,152,99.34640522875817,0.642438818323932,153
HK,1995,5,C0,9,22,21,20,95.23809523809524,0.5296563157462153,21
HK,1995,5,P,0,9,164,163,99.39024390243902,0.5904999721450591,164
HK,1995,5,P,1,13,160,151,94.375,0.5056924308880856,160
HK,1995,5,P,2,16,8,8,100.0,0.3099674647373702,8
HK,1995,5,P,3,14,60,59,98.33333333333333,0.39877639703254336,60
HK,1995,5,P,4,15,123,122,99.1869918699187,0.6646436427239375,123
HK,1995,5,P,5,5,1,0,0.0,-0.14464533622949927,1
HK,1995,5,P,6,12,41,35,85.36585365853658,0.2974259674204428,41
HK,1995,5,P,7,1,113,113,100.0,0.6618673885736739,113
HK,1995,5,P,8,8,153,153,100.0,0.5566248554547036,153
HK,1995,5,P,9,22,21,21,100.0,0.49533602156000045,21
HK,1995,6,C0,0,9,164,47,28.658536585365855,-0.07550494176670092,164
HK,1995,6,C0,1,13,160,7,4.375,-0.24334720876266475,160
HK,1995,6,C0,2,16,8,0,0.0,-0.3201176275546753,8
HK,1995,6,C0,3,14,60,11,18.333333333333332,-0.16642658363307233,60
HK,1995,6,C0,4,15,123,105,85.36585365853658,0.25150626154274824,123
HK,1995,6,C0,5,5,1,1,100.0,0.02852945677691976,1
HK,1995,6,C0,6,12,41,29,70.73170731707317,0.18949936277271534,41
HK,1995,6,C0,7,1,113,90,79.64601769911505,0.14494290795153525,113
HK,1995,6,C0,8,8,153,144,94.11764705882354,0.4073066424220351,153
HK,1995,6,C0,9,22,21,17,80.95238095238095,0.24449026930241433,21
HK,1995,6,C0,10,19,2,0,0.0,-0.2987612381954213,2
HK,1995,6,C0,11,17,5,5,100.0,0.35481743571638036,5
HK,1995,6,P,0,9,164,161,98.17073170731707,0.5549791552734414,164
HK,1995,6,P,1,13,160,152,95.0,0.4545905800030673,160
HK,1995,6,P,2,16,8,8,100.0,0.28667046945618246,8
HK,1995,6,P,3,14,60,59,98.33333333333333,0.3427194458365263,60
HK,1995,6,P,4,15,123,122,99.1869918699187,0.6413129614982892,123
HK,1995,6,P,5,5,1,0,0.0,-0.17826529630545046,1
HK,1995,6,P,6,12,41,34,82.92682926829268,0.2742065055609695,41
HK,1995,6,P,7,1,113,113,100.0,0.6299279134162485,113
HK,1995,6,P,8,8,153,150,98.03921568627452,0.4652624594977094,153
HK,1995,6,P,9,22,21,20,95.23809523809524,0.3842885550416526,21
HK,1995,6,P,10,19,2,0,0.0,-0.2462004046478119,2
HK,1995,6,P,11,17,5,5,100.0,0.16936377307089145,5
HK,1995,7,C0,0,9,164,8,4.878048780487805,-0.19866251409278915,164
HK,1995,7,C0,1,13,160,1,0.625,-0.2356116710118683,160
HK,1995,7,C0,2,16,8,0,0.0,-0.2225709460160161,8
HK,1995,7,C0,3,14,60,5,8.333333333333334,-0.22944136167921117,60
HK,1995,7,C0,4,15,123,99,80.48780487804878,0.18783427919560503,123
HK,1995,7,C0,5,5,1,0,0.0,-0.1792038506175137,1
HK,1995,7,C0,6,12,41,24,58.53658536585366,0.04434514205628015,41
HK,1995,7,C0,7,1,113,36,31.858407079646017,-0.05446960714333489,113
HK,1995,7,C0,8,8,153,102,66.66666666666667,0.05025529042256637,153
HK,1995,7,C0,9,22,21,4,19.047619047619047,-0.08483492002640518,21
HK,1995,7,C0,10,19,2,0,0.0,-0.38640711351126394,2
HK,1995,7,C0,11,17,5,0,0.0,-0.22735055983787827,5
HK,1995,7,C0,12,18,33,26,78.78787878787878,0.16812674646828657,33
HK,1995,7,C0,13,6,1,0,0.0,-0.6936728623033377,1
HK,1995,7,P,0,9,164,161,98.17073170731707,0.5338664833532661,164
HK,1995,7,P,1,13,160,152,95.0,0.41642069916733854,160
HK,1995,7,P,2,16,8,8,100.0,0.2660091563205335,8
HK,1995,7,P,3,14,60,57,95.0,0.3097885734968198,60
HK,1995,7,P,4,15,123,122,99.1869918699187,0.6197767067952571,123
HK,1995,7,P,5,5,1,0,0.0,-0.17146965590502297,1
HK,1995,7,P,6,12,41,34,82.92682926829268,0.25996713502438945,41
HK,1995,7,P,7,1,113,113,100.0,0.6035403422528945,113
HK,1995,7,P,8,8,153,150,98.03921568627452,0.3986983040844917,153
HK,1995,7,P,9,22,21,18,85.71428571428571,0.28147478261470316,21
HK,1995,7,P,10,19,2,0,0.0,-0.22616770573126543,2
HK,1995,7,P,11,17,5,3,60.0,0.07750019468787336,5
HK,1995,7,P,12,18,33,13,39.39393939393939,-0.021818867743400906,33
HK,1995,7,P,13,6,1,0,0.0,-0.3005328947118398,1
HK,1995,8,C0,0,9,164,0,0.0,-0.375874699013464,164
HK,1995,8,C0,1,13,160,2,1.25,-0.22985323533800434,160
HK,1995,8,C0,2,16,8,0,0.0,-0.805552288971876,8
HK,1995,8,C0,3,14,60,3,5.0,-0.1984782391283611,60
HK,1995,8,C0,4,15,123,82,66.66666666666667,0.09336716558900851,123
HK,1995,8,C0,5,5,1,0,0.0,-0.07274116600132324,1
HK,1995,8,C0,6,12,41,0,0.0,-0.6294660640083203,41
HK,1995,8,C0,7,1,113,18,15.929203539823009,-0.10606485601773284,113
HK,1995,8,C0,8,8,153,67,43.790849673202615,-0.03652336276302229,153
HK,1995,8,C0,9,22,21,0,0.0,-0.45267243229985904,21
HK,1995,8,C0,10,19,2,0,0.0,-0.47879390537431543,2
HK,1995,8,C0,11,17,5,0,0.0,-0.3177664529709996,5
HK,1995,8,C0,12,18,33,0,0.0,-0.34950538254254804,33
HK,1995,8,C0,13,6,1,0,0.0,-0.7447678434043074,1
HK,1995,8,C0,14,20,66,65,98.48484848484848,0.34070110372066686,66
HK,1995,8,C0,15,0,7,7,100.0,0.724670650066269,7
HK,1995,8,P,0,9,164,162,98.78048780487805,0.5161193221265246,164
HK,1995,8,P,1,13,160,153,95.625,0.39951701656686456,160
HK,1995,8,P,2,16,8,5,62.5,0.02126770576051866,8
HK,1995,8,P,3,14,60,57,95.0,0.2868884205462581,60
HK,1995,8,P,4,15,123,122,99.1869918699187,0.6044984509657849,123
HK,1995,8,P,5,5,1,0,0.0,-0.15657859455244846,1
HK,1995,8,P,6,12,41,35,85.36585365853658,0.20159443715259107,41
HK,1995,8,P,7,1,113,113,100.0,0.581223058280536,113
HK,1995,8,P,8,8,153,149,97.38562091503267,0.37616128753839445,153
HK,1995,8,P,9,22,21,17,80.95238095238095,0.16042117660549998,21
HK,1995,8,P,10,19,2,0,0.0,-0.20860275086417462,2
HK,1995,8,P,11,17,5,3,60.0,0.08234026743361259,5
HK,1995,8,P,12,18,33,11,33.333333333333336,-0.049336017715007306,33
HK,1995,8,P,13,6,1,0,0.0,-0.3029831725954546,1
HK,1995,8,P,14,20,66,21,31.818181818181817,-0.05408596856486298,66
HK,1995,8,P,15,0,7,5,71.42857142857143,0.08320031896329318,7
HK,1995,9,C0,0,9,164,0,0.0,-0.267155863602875,164
HK,1995,9,C0,1,13,160,0,0.0,-0.1855109665344107,160
HK,1995,9,C0,2,16,8,0,0.0,-0.48639027351426684,8
HK,1995,9,C0,3,14,60,0,0.0,-0.2289734902089525,60
HK,1995,9,C0,4,15,123,1,0.8130081300813008,-0.2818326798289163,123
HK,1995,9,C0,5,5,1,0,0.0,-0.21049167572447336,1
HK,1995,9,C0,6,12,41,0,0.0,-0.427012929948506,41
HK,1995,9,C0,7,1,113,0,0.0,-0.24932630980731924,113
HK,1995,9,C0,8,8,153,0,0.0,-0.3313081096727849,153
HK,1995,9,C0,9,22,21,0,0.0,-0.19606761935802344,21
HK,1995,9,C0,10,19,2,0,0.0,-0.21815163639359286,2
HK,1995,9,C0,11,17,5,0,0.0,-0.2326687801369795,5
HK,1995,9,C0,12,18,33,0,0.0,-0.18709686264422204,33
HK,1995,9,C0,13,6,1,0,0.0,-0.36734705874605433,1
HK,1995,9,C0,14,20,66,33,50.0,0.0024015504842323215,66
HK,1995,9,C0,15,0,7,1,14.285714285714286,-0.19567726101003466,7
HK,1995,9,C0,16,3,157,157,100.0,0.5448235084610452,157
HK,1995,9,C0,17,11,61,61,100.0,0.320915454659813,61
HK,1995,9,P,0,9,164,162,98.78048780487805,0.49012035220497135,164
HK,1995,9,P,1,13,160,152,95.0,0.3651190147338341,160
HK,1995,9,P,2,16,8,4,50.0,-0.011577020179881336,8
HK,1995,9,P,3,14,60,57,95.0,0.26521294874569695,60
HK,1995,9,P,4,15,123,122,99.1869918699187,0.5864937822774777,123
HK,1995,9,P,5,5,1,0,0.0,-0.12906453477347446,1
HK,1995,9,P,6,12,41,34,82.92682926829268,0.16093989651951018,41
HK,1995,9,P,7,1,113,113,100.0,0.5566995794867621,113
HK,1995,9,P,8,8,153,149,97.38562091503267,0.3423450028676914,153
HK,1995,9,P,9,22,21,17,80.95238095238095,0.15468003791935855,21
HK,1995,9,P,10,19,2,0,0.0,-0.1918462807094341,2
HK,1995,9,P,11,17,5,3,60.0,0.05131891135442117,5
HK,1995,9,P,12,18,33,10,30.303030303030305,-0.04802383029980433,33
HK,1995,9,P,13,6,1,0,0.0,-0.2730393376314759,1
HK,1995,9,P,14,20,66,21,31.818181818181817,-0.05411869156818127,66
HK,1995,9,P,15,0,7,5,71.42857142857143,0.05186365335836461,7
HK,1995,9,P,16,3,157,156,99.36305732484077,0.5707798681958414,157
HK,1995,9,P,17,11,61,31,50.81967213114754,-0.008790576579314889,61
HK,1995,10,C0,0,9,164,0,0.0,-0.22062083708920094,164
HK,1995,10,C0,1,13,160,0,0.0,-0.3693098380745504,160
HK,1995,10,C0,2,16,8,0,0.0,-0.18098341158207365,8
HK,1995,10,C0,3,14,60,0,0.0,-0.3649236270487466,60
HK,1995,10,C0,4,15,123,0,0.0,-0.22008497618155679,123
HK,1995,10,C0,5,5,1,0,0.0,-0.42571110655021727,1
HK,1995,10,C0,6,12,41,0,0.0,-0.22065802776483034,41
HK,1995,10,C0,7,1,113,0,0.0,-0.36401695571267234,113
HK,1995,10,C0,8,8,153,0,0.0,-0.2964759829992268,153
HK,1995,10,C0,9,22,21,0,0.0,-0.5261708036445485,21
HK,1995,10,C0,10,19,2,0,0.0,-0.38858951367400896,2
HK,1995,10,C0,11,17,5,0,0.0,-0.3683348868382157,5
HK,1995,10,C0,12,18,33,0,0.0,-0.4153751871884066,33
HK,1995,10,C0,13,6,1,0,0.0,-0.3882841005266313,1
HK,1995,10,C0,14,20,66,0,0.0,-0.37793702986168354,66
HK,1995,10,C0,15,0,7,0,0.0,-0.1294371988086473,7
HK,1995,10,C0,16,3,157,8,5.095541401273885,-0.13693310544281387,157
HK,1995,10,C0,17,11,61,10,16.39344262295082,-0.06690857684029684,61
HK,1995,10,C0,18,2,182,182,100.0,0.4374996520414836,182
HK,1995,10,C0,19,21,4,4,100.0,0.5264141063175455,4
HK,1995,10,P,0,9,164,162,98.78048780487805,0.47385442875760997,164
HK,1995,10,P,1,13,160,151,94.375,0.3397498922169976,160
HK,1995,10,P,2,16,8,4,50.0,-0.010065025621954847,8
HK,1995,10,P,3,14,60,57,95.0,0.2449626591662044,60
HK,1995,10,P,4,15,123,122,99.1869918699187,0.5709707204920504,123
HK,1995,10,P,5,5,1,0,0.0,-0.09578341220678252,1
HK,1995,10,P,6,12,41,35,85.36585365853658,0.15799652634290334,41
HK,1995,10,P,7,1,113,106,93.80530973451327,0.37568023805869794,113
HK,1995,10,P,8,8,153,149,97.38562091503267,0.3264004830653941,153
HK,1995,10,P,9,22,21,16,76.19047619047619,0.1122193932694642,21
HK,1995,10,P,10,19,2,0,0.0,-0.16565783899215025,2
HK,1995,10,P,11,17,5,3,60.0,0.055099913790725465,5
HK,1995,10,P,12,18,33,11,33.333333333333336,-0.04247818856875953,33
HK,1995,10,P,13,6,1,0,0.0,-0.23165036116738835,1
HK,1995,10,P,14,20,66,13,19.696969696969695,-0.07218372821123738,66
HK,1995,10,P,15,0,7,5,71.42857142857143,0.0499068422847346,7
HK,1995,10,P,16,3,157,156,99.36305732484077,0.5589937014340923,157
HK,1995,10,P,17,11,61,29,47.540983606557376,-0.011583180646996545,61
HK,1995,10,P,18,2,182,182,100.0,0.4458215432188407,182
HK,1995,10,P,19,21,4,0,0.0,-0.11699427096298136,4
HK,1995,11,C0,0,9,164,0,0.0,-0.49993059741800006,164
HK,1995,11,C0,1,13,160,0,0.0,-0.23319004385531575,160
HK,1995,11,C0,2,16,8,0,0.0,-0.7407232873675149,8
HK,1995,11,C0,3,14,60,0,0.0,-0.31417984124913384,60
HK,1995,11,C0,4,15,123,0,0.0,-0.3635995948403583,123
HK,1995,11,C0,5,5,1,0,0.0,-0.22542683011952713,1
HK,1995,11,C0,6,12,41,0,0.0,-0.619579622409841,41
HK,1995,11,C0,7,1,113,0,0.0,-0.3310094529724537,113
HK,1995,11,C0,8,8,153,0,0.0,-0.15259927415378377,153
HK,1995,11,C0,9,22,21,0,0.0,-0.24591992112101682,21
HK,1995,11,C0,10,19,2,0,0.0,-0.22455957906938745,2
HK,1995,11,C0,11,17,5,0,0.0,-0.23048589317238247,5
HK,1995,11,C0,12,18,33,0,0.0,-0.20705408197557904,33
HK,1995,11,C0,13,6,1,0,0.0,-0.29343176297253987,1
HK,1995,11,C0,14,20,66,0,0.0,-0.21397035233320363,66
HK,1995,11,C0,15,0,7,0,0.0,-0.7493742221155955,7
HK,1995,11,C0,16,3,157,0,0.0,-0.5637523801458414,157
HK,1995,11,C0,17,11,61,0,0.0,-0.6900898499118202,61
HK,1995,11,C0,18,2,182,3,1.6483516483516483,-0.2783070847643297,182
HK,1995,11,C0,19,21,4,1,25.0,-0.043118978009571755,4
HK,1995,11,C0,20,4,165,165,100.0,0.604051165026981,165
HK,1995,11,C0,21,10,150,150,100.0,0.6453841597032896,150
HK,1995,11,C0,22,7,21,21,100.0,0.5266419480357031,21
HK,1995,11,P,0,9,164,162,98.78048780487805,0.4310762617268192,164
HK,1995,11,P,1,13,160,151,94.375,0.3126309251471245,160
HK,1995,11,P,2,16,8,3,37.5,-0.037009243909964004,8
HK,1995,11,P,3,14,60,54,90.0,0.2235841679218472,60
HK,1995,11,P,4,15,123,122,99.1869918699187,0.5515453729219022,123
HK,1995,11,P,5,5,1,0,0.0,-0.07435016283091517,1
HK,1995,11,P,6,12,41,34,82.92682926829268,0.14840943171423535,41
HK,1995,11,P,7,1,113,107,94.69026548672566,0.32141255288780807,113
HK,1995,11,P,8,8,153,149,97.38562091503267,0.30262366539864516,153
HK,1995,11,P,9,22,21,16,76.19047619047619,0.10328430708570852,21
HK,1995,11,P,10,19,2,0,0.0,-0.14685972953375614,2
HK,1995,11,P,11,17,5,3,60.0,0.050753210488346814,5
HK,1995,11,P,12,18,33,11,33.333333333333336,-0.041708917132451076,33
HK,1995,11,P,13,6,1,0,0.0,-0.2090763574953963,1
HK,1995,11,P,14,20,66,11,16.666666666666668,-0.07134659624939815,66
HK,1995,11,P,15,0,7,5,71.42857142857143,0.04233934595674064,7
HK,1995,11,P,16,3,157,129,82.1656050955414,0.15384447918816646,157
HK,1995,11,P,17,11,61,14,22.950819672131146,-0.06683320760158801,61
HK,1995,11,P,18,2,182,150,82.41758241758242,0.2959912789340404,182
HK,1995,11,P,19,21,4,0,0.0,-0.10459107004650227,4
HK,1995,11,P,20,4,165,144,87.27272727272727,0.23155783186266618,165
HK,1995,11,P,21,10,150,118,78.66666666666667,0.10946229548818892,150
HK,1995,11,P,22,7,21,21,100.0,0.45615793082719464,21
ISIC,1993,1,C0,0,4,41,39,95.1219512195122,0.6400010958571355,38
ISIC,1993,1,C0,1,0,44,44,100.0,0.8619492072635871,44
ISIC,1993,1,P,0,4,41,39,95.1219512195122,0.6380313170513577,38
ISIC,1993,1,P,1,0,44,42,95.45454545454545,0.7758345195218016,44
ISIC,1993,2,C0,0,4,41,24,58.53658536585366,0.04191063541177764,38
ISIC,1993,2,C0,1,0,44,35,79.54545454545455,0.32299765569086736,44
ISIC,1993,2,C0,2,3,40,34,85.0,0.21962550267697054,37
ISIC,1993,2,C0,3,7,24,13,54.166666666666664,0.06562244248798402,20
ISIC,1993,2,P,0,4,41,32,78.04878048780488,0.22269692286515888,38
ISIC,1993,2,P,1,0,44,40,90.9090909090909,0.395526144260552,44
ISIC,1993,2,P,2,3,40,21,52.5,0.06478606340469355,37
ISIC,1993,2,P,3,7,24,12,50.0,0.021263898578364526,20
ISIC,1993,3,C0,0,4,41,14,34.146341463414636,-0.11069720195101619,38
ISIC,1993,3,C0,1,0,44,34,77.27272727272727,0.21162081791164236,44
ISIC,1993,3,C0,2,3,40,25,62.5,0.060971343506789434,37
ISIC,1993,3,C0,3,7,24,14,58.333333333333336,0.05210777468301029,20
ISIC,1993,3,C0,4,5,37,28,75.67567567567568,0.21439861323770978,34
ISIC,1993,3,C0,5,6,26,22,84.61538461538461,0.4403062659797209,24
ISIC,1993,3,P,0,4,41,25,60.97560975609756,0.0703929887952156,38
ISIC,1993,3,P,1,0,44,39,88.63636363636364,0.30759213244885397,44
ISIC,1993,3,P,2,3,40,19,47.5,-0.0016466406200462912,37
ISIC,1993,3,P,3,7,24,13,54.166666666666664,0.003683007049903708,20
ISIC,1993,3,P,4,5,37,18,48.648648648648646,0.035485294820690266,34
ISIC,1993,3,P,5,6,26,23,88.46153846153847,0.38343299492155725,24
ISIC,1993,4,C0,0,4,41,9,21.951219512195124,-0.1738680359381847,38
ISIC,1993,4,C0,1,0,44,14,31.818181818181817,-0.13352133171734992,44
ISIC,1993,4,C0,2,3,40,17,42.5,-0.06860202129066706,37
ISIC,1993,4,C0,3,7,24,9,37.5,-0.02883891489882863,20
ISIC,1993,4,C0,4,5,37,19,51.351351351351354,-0.027399971585691966,34
ISIC,1993,4,C0,5,6,26,22,84.61538461538461,0.40229559353904604,24
ISIC,1993,4,C0,6,2,46,39,84.78260869565217,0.1822674377165893,45
ISIC,1993,4,C0,7,1,37,29,78.37837837837837,0.2859321155636102,36
ISIC,1993,4,P,0,4,41,23,56.09756097560975,0.025566216840913213,38
ISIC,1993,4,P,1,0,44,33,75.0,0.13338445455796022,44
ISIC,1993,4,P,2,3,40,13,32.5,-0.027263717874695614,37
ISIC,1993,4,P,3,7,24,12,50.0,0.014760648789501778,20
ISIC,1993,4,P,4,5,37,16,43.24324324324324,0.008391148559664125,34
ISIC,1993,4,P,5,6,26,24,92.3076923076923,0.3680886893020588,24
ISIC,1993,4,P,6,2,46,20,43.47826086956522,-0.0324438973538316,45
ISIC,1993,4,P,7,1,37,19,51.351351351351354,0.07382610563599026,36
ISIC,1994,1,C0,0,3,40,39,97.5,0.7556535861755985,37
ISIC,1994,1,C0,1,7,24,12,50.0,0.014006326217364288,20
ISIC,1994,1,P,0,3,40,39,97.5,0.7551811864744356,37
ISIC,1994,1,P,1,7,24,13,54.166666666666664,0.05769121520441922,20
ISIC,1994,2,C0,0,3,40,25,62.5,0.17538059356793517,37
ISIC,1994,2,C0,1,7,24,14,58.333333333333336,0.022852953503138516,20
ISIC,1994,2,C0,2,4,41,22,53.65853658536585,0.060625275755403656,38
ISIC,1994,2,C0,3,5,37,21,56.75675675675676,0.08867175123541902,34
ISIC,1994,2,P,0,3,40,31,77.5,0.27331711183719953,37
ISIC,1994,2,P,1,7,24,13,54.166666666666664,0.07367275527686952,20
ISIC,1994,2,P,2,4,41,21,51.21951219512195,0.04826038049886697,38
ISIC,1994,2,P,3,5,37,19,51.351351351351354,0.05972301777171099,34
ISIC,1994,3,C0,0,3,40,7,17.5,-0.0982133830670214,37
ISIC,1994,3,C0,1,7,24,11,45.833333333333336,-0.018767650211634856,20
ISIC,1994,3,C0,2,4,41,17,41.46341463414634,-0.0031575604300677746,38
ISIC,1994,3,C0,3,5,37,22,59.45945945945946,0.022574191686636904,34
ISIC,1994,3,C0,4,1,37,27,72.97297297297297,0.19469294020310413,36
ISIC,1994,3,C0,5,0,44,38,86.36363636363636,0.2900816513158491,44
ISIC,1994,3,P,0,3,40,20,50.0,-0.007007782137195845,37
ISIC,1994,3,P,1,7,24,12,50.0,0.021479281993408345,20
ISIC,1994,3,P,2,4,41,25,60.97560975609756,0.06276020999019674,38
ISIC,1994,3,P,3,5,37,18,48.648648648648646,0.029218447140954083,34
ISIC,1994,3,P,4,1,37,18,48.648648648648646,0.08691097510823066,36
ISIC,1994,3,P,5,0,44,33,75.0,0.19060523196632334,44
ISIC,1994,4,C0,0,3,40,3,7.5,-0.23005084658915828,37
ISIC,1994,4,C0,1,7,24,5,20.833333333333332,-0.24174084055882075,20
ISIC,1994,4,C0,2,4,41,0,0.0,-0.44119303079489736,38
ISIC,1994,4,C0,3,5,37,0,0.0,-0.4494119275364129,34
ISIC,1994,4,C0,4,1,37,12,32.432432432432435,-0.07129427157415566,36
ISIC,1994,4,C0,5,0,44,33,75.0,0.10315987343712996,44
ISIC,1994,4,C0,6,6,26,21,80.76923076923077,0.3538777754820372,24
ISIC,1994,4,C0,7,2,46,45,97.82608695652173,0.46351567448131015,45
ISIC,1994,4,P,0,3,40,13,32.5,-0.02726371787469562,37
ISIC,1994,4,P,1,7,24,12,50.0,0.014760648789501988,20
ISIC,1994,4,P,2,4,41,23,56.09756097560975,0.02556621684091322,38
ISIC,1994,4,P,3,5,37,16,43.24324324324324,0.008391148559664184,34
ISIC,1994,4,P,4,1,37,19,51.351351351351354,0.07382610563599032,36
ISIC,1994,4,P,5,0,44,33,75.0,0.1333844545579603,44
ISIC,1994,4,P,6,6,26,24,92.3076923076923,0.3680886893020585,24
ISIC,1994,4,P,7,2,46,20,43.47826086956522,-0.0324438973538313,45
ISIC,1995,1,C0,0,1,37,32,86.48648648648648,0.4286959922209206,36
ISIC,1995,1,C0,1,3,40,34,85.0,0.49930183804488204,37
ISIC,1995,1,P,0,1,37,29,78.37837837837837,0.3587916476548051,36
ISIC,1995,1,P,1,3,40,35,87.5,0.40929728658876846,37
ISIC,1995,2,C0,0,1,37,14,37.83783783783784,-0.08666130542231253,36
ISIC,1995,2,C0,1,3,40,22,55.0,0.04003817277786268,37
ISIC,1995,2,C0,2,0,44,41,93.18181818181819,0.4154359915730088,44
ISIC,1995,2,C0,3,6,26,25,96.15384615384616,0.45660231657002115,24
ISIC,1995,2,P,0,1,37,25,67.56756756756756,0.1744795868057585,36
ISIC,1995,2,P,1,3,40,32,80.0,0.1901176488319416,37
ISIC,1995,2,P,2,0,44,35,79.54545454545455,0.21798517580456167,44
ISIC,1995,2,P,3,6,26,25,96.15384615384616,0.41602498865541904,24
ISIC,1995,3,C0,0,1,37,9,24.324324324324323,-0.13691623736369726,36
ISIC,1995,3,C0,1,3,40,7,17.5,-0.1795821634931317,37
ISIC,1995,3,C0,2,0,44,37,84.0909090909091,0.2614487536933888,44
ISIC,1995,3,C0,3,6,26,25,96.15384615384616,0.4471027392766157,24
ISIC,1995,3,C0,4,4,41,25,60.97560975609756,0.1539337770219509,38
ISIC,1995,3,C0,5,5,37,22,59.45945945945946,0.1253716740561338,34
ISIC,1995,3,P,0,1,37,19,51.351351351351354,0.08859855080537826,36
ISIC,1995,3,P,1,3,40,15,37.5,-0.006873670403308357,37
ISIC,1995,3,P,2,0,44,35,79.54545454545455,0.18369779576733405,44
ISIC,1995,3,P,3,6,26,24,92.3076923076923,0.38853461957970836,24
ISIC,1995,3,P,4,4,41,24,58.53658536585366,0.06798673571211311,38
ISIC,1995,3,P,5,5,37,18,48.648648648648646,0.03865743712254018,34
ISIC,1995,4,C0,0,1,37,7,18.91891891891892,-0.13591374338072426,36
ISIC,1995,4,C0,1,3,40,2,5.0,-0.16277005609537745,37
ISIC,1995,4,C0,2,0,44,26,59.09090909090909,0.01700714705488279,44
ISIC,1995,4,C0,3,6,26,19,73.07692307692308,0.23781313708119264,24
ISIC,1995,4,C0,4,4,41,12,29.26829268292683,-0.10284208816301026,38
ISIC,1995,4,C0,5,5,37,10,27.027027027027028,-0.09543194528107915,34
ISIC,1995,4,C0,6,2,46,44,95.65217391304348,0.2597157238186782,45
ISIC,1995,4,C0,7,7,24,14,58.333333333333336,0.054367844939767096,20
ISIC,1995,4,P,0,1,37,19,51.351351351351354,0.07382610563868425,36
ISIC,1995,4,P,1,3,40,13,32.5,-0.027263717873427556,37
ISIC,1995,4,P,2,0,44,33,75.0,0.1333844545560265,44
ISIC,1995,4,P,3,6,26,24,92.3076923076923,0.3680886893019766,24
ISIC,1995,4,P,4,4,41,23,56.09756097560975,0.025566216840732448,38
ISIC,1995,4,P,5,5,37,16,43.24324324324324,0.008391148559345165,34
ISIC,1995,4,P,6,2,46,20,43.47826086956522,-0.03244389735387732,45
ISIC,1995,4,P,7,7,24,12,50.0,0.01476064878893867,20
HK,1993,1,F1,0,0,7,7,100.0,0.9965898693601934,7
HK,1993,1,F1,1,4,165,165,100.0,0.9755074601718169,165
HK,1993,2,F1,0,0,7,7,100.0,0.459650023381597,7
HK,1993,2,F1,1,4,165,165,100.0,0.8116641299197049,165
HK,1993,2,F1,2,12,41,36,87.8048780487805,0.46244193642788317,41
HK,1993,2,F1,3,8,153,153,100.0,0.8573925279487039,153
HK,1993,3,F1,0,0,7,5,71.42857142857143,0.16392574854282557,7
HK,1993,3,F1,1,4,165,165,100.0,0.7674807161554232,165
HK,1993,3,F1,2,12,41,31,75.60975609756098,0.28454940273404267,41
HK,1993,3,F1,3,8,153,153,100.0,0.7781518197333628,153
HK,1993,3,F1,4,2,182,182,100.0,0.8166580681321782,182
HK,1993,3,F1,5,11,61,40,65.57377049180327,0.11172785987157387,61
HK,1993,4,F1,0,0,7,5,71.42857142857143,0.15617220512221236,7
HK,1993,4,F1,1,4,165,143,86.66666666666667,0.35881278152719015,165
HK,1993,4,F1,2,12,41,31,75.60975609756098,0.2614822944232214,41
HK,1993,4,F1,3,8,153,151,98.69281045751634,0.6005940212657722,153
HK,1993,4,F1,4,2,182,182,100.0,0.7735961110525754,182
HK,1993,4,F1,5,11,61,40,65.57377049180327,0.09419046322893111,61
HK,1993,4,F1,6,17,5,5,100.0,0.3498436924568768,5
HK,1993,4,F1,7,3,157,133,84.71337579617834,0.2990297831441756,157
HK,1993,5,F1,0,0,7,4,57.142857142857146,0.06359935157240301,7
HK,1993,5,F1,1,4,165,142,86.06060606060606,0.3329049761827071,165
HK,1993,5,F1,2,12,41,33,80.48780487804878,0.22467520387439838,41
HK,1993,5,F1,3,8,153,150,98.03921568627452,0.5487993320095809,153
HK,1993,5,F1,4,2,182,182,100.0,0.7275031206754916,182
HK,1993,5,F1,5,11,61,34,55.73770491803279,0.031361194799141484,61
HK,1993,5,F1,6,17,5,4,80.0,0.27666322201323296,5
HK,1993,5,F1,7,3,157,133,84.71337579617834,0.269915321223948,157
HK,1993,5,F1,8,21,4,4,100.0,0.27286974851127793,4
HK,1993,5,F1,9,16,8,4,50.0,-0.0217923763890363,8
HK,1993,6,F1,0,0,7,5,71.42857142857143,0.06244021449162287,7
HK,1993,6,F1,1,4,165,141,85.45454545454545,0.3052661027957515,165
HK,1993,6,F1,2,12,41,35,85.36585365853658,0.19527945814050193,41
HK,1993,6,F1,3,8,153,150,98.03921568627452,0.4868560433775158,153
HK,1993,6,F1,4,2,182,182,100.0,0.6835888692741833,182
HK,1993,6,F1,5,11,61,35,57.377049180327866,0.023793917679659174,61
HK,1993,6,F1,6,17,5,4,80.0,0.20535460544048276,5
HK,1993,6,F1,7,3,157,135,85.98726114649682,0.23623734225267395,157
HK,1993,6,F1,8,21,4,1,25.0,-0.1489921677091512,4
HK,1993,6,F1,9,16,8,4,50.0,-0.02012278874896347,8
HK,1993,6,F1,10,22,21,16,76.19047619047619,0.1831944894808005,21
HK,1993,6,F1,11,13,160,152,95.0,0.429006294140435,160
HK,1993,7,F1,0,0,7,5,71.42857142857143,0.05876539101107318,7
HK,1993,7,F1,1,4,165,143,86.66666666666667,0.28581157909907967,165
HK,1993,7,F1,2,12,41,35,85.36585365853658,0.18331379073422202,41
HK,1993,7,F1,3,8,153,151,98.69281045751634,0.429129208365642,153
HK,1993,7,F1,4,2,182,182,100.0,0.6562918194114187,182
HK,1993,7,F1,5,11,61,35,57.377049180327866,0.019629914839745657,61
HK,1993,7,F1,6,17,5,3,60.0,0.04935909157712728,5
HK,1993,7,F1,7,3,157,134,85.35031847133757,0.21495510078939806,157
HK,1993,7,F1,8,21,4,1,25.0,-0.1265303384496213,4
HK,1993,7,F1,9,16,8,4,50.0,-0.016659546496296102,8
HK,1993,7,F1,10,22,21,16,76.19047619047619,0.16334513035248563,21
HK,1993,7,F1,11,13,160,153,95.625,0.39529648266444695,160
HK,1993,7,F1,12,18,33,17,51.515151515151516,0.007597776630268777,33
HK,1993,7,F1,13,14,60,59,98.33333333333333,0.5116030340213601,60
HK,1993,8,F1,0,0,7,5,71.42857142857143,0.05114296141790055,7
HK,1993,8,F1,1,4,165,142,86.06060606060606,0.27021425231982377,165
HK,1993,8,F1,2,12,41,35,85.36585365853658,0.17184641162758463,41
HK,1993,8,F1,3,8,153,149,97.38562091503267,0.3998823360965845,153
HK,1993,8,F1,4,2,182,182,100.0,0.6372820619033831,182
HK,1993,8,F1,5,11,61,33,54.09836065573771,-0.005772102066421574,61
HK,1993,8,F1,6,17,5,3,60.0,0.04762694489914067,5
HK,1993,8,F1,7,3,157,131,83.43949044585987,0.19809640003579826,157
HK,1993,8,F1,8,21,4,1,25.0,-0.11948870643159593,4
HK,1993,8,F1,9,16,8,4,50.0,-0.012002106313831327,8
HK,1993,8,F1,10,22,21,16,76.19047619047619,0.1572025983760225,21
HK,1993,8,F1,11,13,160,151,94.375,0.3671493534657441,160
HK,1993,8,F1,12,18,33,14,42.42424242424242,-0.024378083325797304,33
HK,1993,8,F1,13,14,60,59,98.33333333333333,0.4989396510499054,60
HK,1993,8,F1,14,9,164,162,98.78048780487805,0.5298326530634333,164
HK,1993,8,F1,15,19,2,0,0.0,-0.1695048094949208,2
HK,1993,9,F1,0,0,7,5,71.42857142857143,0.05060546872508821,7
HK,1993,9,F1,1,4,165,142,86.06060606060606,0.25707063760882,165
HK,1993,9,F1,2,12,41,35,85.36585365853658,0.16198471495099065,41
HK,1993,9,F1,3,8,153,150,98.03921568627452,0.35961451474144723,153
HK,1993,9,F1,4,2,182,182,100.0,0.6164369662811233,182
HK,1993,9,F1,5,11,61,31,50.81967213114754,-0.008686345384581311,61
HK,1993,9,F1,6,17,5,3,60.0,0.052992456479476216,5
HK,1993,9,F1,7,3,157,129,82.1656050955414,0.1845872369223848,157
HK,1993,9,F1,8,21,4,1,25.0,-0.11313921797193963,4
HK,1993,9,F1,9,16,8,4,50.0,-0.011162403917759658,8
HK,1993,9,F1,10,22,21,16,76.19047619047619,0.14564069918142852,21
HK,1993,9,F1,11,13,160,152,95.0,0.34799873772884854,160
HK,1993,9,F1,12,18,33,13,39.39393939393939,-0.029636167624300044,33
HK,1993,9,F1,13,14,60,59,98.33333333333333,0.3871001302205661,60
HK,1993,9,F1,14,9,164,162,98.78048780487805,0.4898978296118092,164
HK,1993,9,F1,15,19,2,0,0.0,-0.16555029480159528,2
HK,1993,9,F1,16,15,123,122,99.1869918699187,0.5906204940670556,123
HK,1993,9,F1,17,6,1,0,0.0,-0.18696998879259094,1
HK,1993,10,F1,0,0,7,5,71.42857142857143,0.04912330833002536,7
HK,1993,10,F1,1,4,165,142,86.06060606060606,0.24606898562905832,165
HK,1993,10,F1,2,12,41,34,82.92682926829268,0.15588366467888873,41
HK,1993,10,F1,3,8,153,150,98.03921568627452,0.34195192702481725,153
HK,1993,10,F1,4,2,182,182,100.0,0.5998219823014841,182
HK,1993,10,F1,5,11,61,30,49.18032786885246,-0.010293062202205569,61
HK,1993,10,F1,6,17,5,4,80.0,0.0555737626454094,5
HK,1993,10,F1,7,3,157,131,83.43949044585987,0.17249116030803757,157
HK,1993,10,F1,8,21,4,0,0.0,-0.11707641768110248,4
HK,1993,10,F1,9,16,8,4,50.0,-0.010728912958996233,8
HK,1993,10,F1,10,22,21,16,76.19047619047619,0.11638827392312748,21
HK,1993,10,F1,11,13,160,151,94.375,0.33771435480708434,160
HK,1993,10,F1,12,18,33,13,39.39393939393939,-0.04290094731308128,33
HK,1993,10,F1,13,14,60,57,95.0,0.2484651866535458,60
HK,1993,10,F1,14,9,164,162,98.78048780487805,0.4730040824069715,164
HK,1993,10,F1,15,19,2,0,0.0,-0.1577709128183227,2
HK,1993,10,F1,16,15,123,122,99.1869918699187,0.5692819074196448,123
HK,1993,10,F1,17,6,1,0,0.0,-0.22600060924130608,1
HK,1993,10,F1,18,5,1,0,0.0,-0.07607493210861863,1
HK,1993,10,F1,19,20,66,16,24.242424242424242,-0.06854903554259864,66
HK,1993,11,F1,0,0,7,5,71.42857142857143,0.042056301403014404,7
HK,1993,11,F1,1,4,165,143,86.66666666666667,0.2286808296008276,165
HK,1993,11,F1,2,12,41,34,82.92682926829268,0.1485951149161661,41
HK,1993,11,F1,3,8,153,150,98.03921568627452,0.3047421869162652,153
HK,1993,11,F1,4,2,182,151,82.96703296703296,0.2964142705870946,182
HK,1993,11,F1,5,11,61,14,22.950819672131146,-0.06667177790560892,61
HK,1993,11,F1,6,17,5,3,60.0,0.05285604888780342,5
HK,1993,11,F1,7,3,157,130,82.80254777070064,0.15222007342774593,157
HK,1993,11,F1,8,21,4,0,0.0,-0.10682264326173732,4
HK,1993,11,F1,9,16,8,3,37.5,-0.036389866621383764,8
HK,1993,11,F1,10,22,21,16,76.19047619047619,0.10400683431160858,21
HK,1993,11,F1,11,13,160,151,94.375,0.31408218698982726,160
HK,1993,11,F1,12,18,33,11,33.333333333333336,-0.04175399062601975,33
HK,1993,11,F1,13,14,60,54,90.0,0.22362577249284374,60
HK,1993,11,F1,14,9,164,162,98.78048780487805,0.4310354206777797,164
HK,1993,11,F1,15,19,2,0,0.0,-0.14608278945448644,2
HK,1993,11,F1,16,15,123,122,99.1869918699187,0.5518211119324188,123
HK,1993,11,F1,17,6,1,0,0.0,-0.20687749488631774,1
HK,1993,11,F1,18,5,1,0,0.0,-0.07215706388595614,1
HK,1993,11,F1,19,20,66,11,16.666666666666668,-0.07092503511995822,66
HK,1993,11,F1,20,10,150,119,79.33333333333333,0.10940738917137587,150
HK,1993,11,F1,21,7,21,21,100.0,0.4565058295252423,21
HK,1993,11,F1,22,1,113,107,94.69026548672566,0.3233772274791823,113
HK,1994,1,F1,0,22,21,21,100.0,0.963657293343498,21
HK,1994,1,F1,1,16,8,8,100.0,0.9671022278978711,8
HK,1994,2,F1,0,22,21,21,100.0,0.666368002677007,21
HK,1994,2,F1,1,16,8,8,100.0,0.42676368601206405,8
HK,1994,2,F1,2,12,41,37,90.2439024390244,0.4752988333906872,41
HK,1994,2,F1,3,13,160,155,96.875,0.7528209048405883,160
HK,1994,3,F1,0,22,21,16,76.19047619047619,0.25960370855974946,21
HK,1994,3,F1,1,16,8,8,100.0,0.3857875073198969,8
HK,1994,3,F1,2,12,41,36,87.8048780487805,0.4006212623807945,41
HK,1994,3,F1,3,13,160,156,97.5,0.6736112157409491,160
HK,1994,3,F1,4,21,4,1,25.0,-0.22401936075015397,4
HK,1994,3,F1,5,4,165,165,100.0,0.7559908684745588,165
HK,1994,4,F1,0,22,21,16,76.19047619047619,0.2227755868827307,21
HK,1994,4,F1,1,16,8,8,100.0,0.3577272915746055,8
HK,1994,4,F1,2,12,41,35,85.36585365853658,0.3531859280757701,41
HK,1994,4,F1,3,13,160,153,95.625,0.5727824218552019,160
HK,1994,4,F1,4,21,4,1,25.0,-0.1868224068881542,4
HK,1994,4,F1,5,4,165,165,100.0,0.7174185433264005,165
HK,1994,4,F1,6,19,2,0,0.0,-0.2194531056143868,2
HK,1994,4,F1,7,17,5,4,80.0,0.23908860665079296,5
HK,1994,5,F1,0,22,21,16,76.19047619047619,0.19853659592494793,21
HK,1994,5,F1,1,16,8,7,87.5,0.1178055595688185,8
HK,1994,5,F1,2,12,41,33,80.48780487804878,0.24013892747192722,41
HK,1994,5,F1,3,13,160,153,95.625,0.5255682737321621,160
HK,1994,5,F1,4,21,4,1,25.0,-0.1620368397687737,4
HK,1994,5,F1,5,4,165,165,100.0,0.7047548930419637,165
HK,1994,5,F1,6,19,2,0,0.0,-0.2276698716221171,2
HK,1994,5,F1,7,17,5,4,80.0,0.23169935496485888,5
HK,1994,5,F1,8,6,1,0,0.0,-0.26821720928804665,1
HK,1994,5,F1,9,11,61,38,62.295081967213115,0.0516993191480191,61
HK,1994,6,F1,0,22,21,16,76.19047619047619,0.18138979258544335,21
HK,1994,6,F1,1,16,8,7,87.5,0.10684401812674556,8
HK,1994,6,F1,2,12,41,34,82.92682926829268,0.22662100804079094,41
HK,1994,6,F1,3,13,160,152,95.0,0.47436444798190697,160
HK,1994,6,F1,4,21,4,1,25.0,-0.15307626964493032,4
HK,1994,6,F1,5,4,165,143,86.66666666666667,0.308649013060551,165
HK,1994,6,F1,6,19,2,0,0.0,-0.19554510327831265,2
HK,1994,6,F1,7,17,5,4,80.0,0.2131999760056152,5
HK,1994,6,F1,8,6,1,0,0.0,-0.24588680456806664,1
HK,1994,6,F1,9,11,61,34,55.73770491803279,0.02836326012981339,61
HK,1994,6,F1,10,3,157,135,85.98726114649682,0.24933027120164097,157
HK,1994,6,F1,11,15,123,123,100.0,0.7381228862362734,123
HK,1994,7,F1,0,22,21,16,76.19047619047619,0.16486675720591004,21
HK,1994,7,F1,1,16,8,4,50.0,-0.018477202405034022,8
HK,1994,7,F1,2,12,41,34,82.92682926829268,0.18294235022502583,41
HK,1994,7,F1,3,13,160,150,93.75,0.4314055786866679,160
HK,1994,7,F1,4,21,4,1,25.0,-0.14300757711404566,4
HK,1994,7,F1,5,4,165,143,86.66666666666667,0.2902168558904957,165
HK,1994,7,F1,6,19,2,0,0.0,-0.18537001686995358,2
HK,1994,7,F1,7,17,5,4,80.0,0.20475330600556302,5
HK,1994,7,F1,8,6,1,0,0.0,-0.24224870489937084,1
HK,1994,7,F1,9,11,61,32,52.459016393442624,-0.0035227043103243693,61
HK,1994,7,F1,10,3,157,136,86.62420382165605,0.226989628988239,157
HK,1994,7,F1,11,15,123,123,100.0,0.7056795524067442,123
HK,1994,7,F1,12,0,7,5,71.42857142857143,0.05060149338877425,7
HK,1994,7,F1,13,9,164,162,98.78048780487805,0.5311094793127319,164
HK,1994,8,F1,0,22,21,16,76.19047619047619,0.15037584011621608,21
HK,1994,8,F1,1,16,8,4,50.0,-0.01800978522378104,8
HK,1994,8,F1,2,12,41,34,82.92682926829268,0.17534289819896373,41
HK,1994,8,F1,3,13,160,151,94.375,0.40497887061674226,160
HK,1994,8,F1,4,21,4,1,25.0,-0.12959706690811612,4
HK,1994,8,F1,5,4,165,142,86.06060606060606,0.2765273593948992,165
HK,1994,8,F1,6,19,2,0,0.0,-0.17263232878440696,2
HK,1994,8,F1,7,17,5,4,80.0,0.18844492085896236,5
HK,1994,8,F1,8,6,1,0,0.0,-0.2367573819005861,1
HK,1994,8,F1,9,11,61,31,50.81967213114754,-0.008280004932523384,61
HK,1994,8,F1,10,3,157,131,83.43949044585987,0.2049001116988857,157
HK,1994,8,F1,11,15,123,123,100.0,0.672804769101994,123
HK,1994,8,F1,12,0,7,5,71.42857142857143,0.05090929160675421,7
HK,1994,8,F1,13,9,164,162,98.78048780487805,0.5094983318636227,164
HK,1994,8,F1,14,5,1,1,100.0,0.10794100894820721,1
HK,1994,8,F1,15,7,21,21,100.0,0.7316106748183862,21
HK,1994,9,F1,0,22,21,16,76.19047619047619,0.13500771938707276,21
HK,1994,9,F1,1,16,8,4,50.0,-0.018269634632357236,8
HK,1994,9,F1,2,12,41,35,85.36585365853658,0.1639237598112579,41
HK,1994,9,F1,3,13,160,152,95.0,0.3692775896640982,160
HK,1994,9,F1,4,21,4,1,25.0,-0.116924689622662,4
HK,1994,9,F1,5,4,165,142,86.06060606060606,0.2589472524578995,165
HK,1994,9,F1,6,19,2,0,0.0,-0.16949079570647868,2
HK,1994,9,F1,7,17,5,3,60.0,0.07267374156873346,5
HK,1994,9,F1,8,6,1,0,0.0,-0.19628925416702353,1
HK,1994,9,F1,9,11,61,32,52.459016393442624,-0.010298616565216195,61
HK,1994,9,F1,10,3,157,129,82.1656050955414,0.18867194945611945,157
HK,1994,9,F1,11,15,123,123,100.0,0.6562326701554335,123
HK,1994,9,F1,12,0,7,5,71.42857142857143,0.05115178037257108,7
HK,1994,9,F1,13,9,164,162,98.78048780487805,0.4918499293593961,164
HK,1994,9,F1,14,5,1,1,100.0,0.10074885567719527,1
HK,1994,9,F1,15,7,21,21,100.0,0.5887140400879507,21
HK,1994,9,F1,16,18,33,16,48.484848484848484,-0.0099595166157105,33
HK,1994,9,F1,17,1,113,112,99.11504424778761,0.4165550368054384,113
HK,1994,10,F1,0,22,21,15,71.42857142857143,0.12628082939658838,21
HK,1994,10,F1,1,16,8,3,37.5,-0.04268067207938859,8
HK,1994,10,F1,2,12,41,34,82.92682926829268,0.1576557485575857,41
HK,1994,10,F1,3,13,160,152,95.0,0.3505406799023046,160
HK,1994,10,F1,4,21,4,1,25.0,-0.1062379212119556,4
HK,1994,10,F1,5,4,165,142,86.06060606060606,0.2456814824405743,165
HK,1994,10,F1,6,19,2,0,0.0,-0.1544308140059396,2
HK,1994,10,F1,7,17,5,3,60.0,0.06071938882640732,5
HK,1994,10,F1,8,6,1,0,0.0,-0.1831992701123352,1
HK,1994,10,F1,9,11,61,14,22.950819672131146,-0.07103647083770533,61
HK,1994,10,F1,10,3,157,129,82.1656050955414,0.173126958443332,157
HK,1994,10,F1,11,15,123,122,99.1869918699187,0.5714698538046322,123
HK,1994,10,F1,12,0,7,5,71.42857142857143,0.04096431386612447,7
HK,1994,10,F1,13,9,164,162,98.78048780487805,0.4566118674072866,164
HK,1994,10,F1,14,5,1,0,0.0,-0.12062697716808837,1
HK,1994,10,F1,15,7,21,21,100.0,0.5662503336487296,21
HK,1994,10,F1,16,18,33,16,48.484848484848484,-0.014732406571491424,33
HK,1994,10,F1,17,1,113,112,99.11504424778761,0.39449673211923997,113
HK,1994,10,F1,18,10,150,118,78.66666666666667,0.11642357051091831,150
HK,1994,10,F1,19,14,60,57,95.0,0.2560773101689286,60
HK,1994,11,F1,0,22,21,16,76.19047619047619,0.10363565237531464,21
HK,1994,11,F1,1,16,8,3,37.5,-0.03941283836230987,8
HK,1994,11,F1,2,12,41,34,82.92682926829268,0.14908360904548637,41
HK,1994,11,F1,3,13,160,152,95.0,0.3171980994555411,160
HK,1994,11,F1,4,21,4,0,0.0,-0.10921497178495122,4
HK,1994,11,F1,5,4,165,143,86.66666666666667,0.2302327810257728,165
HK,1994,11,F1,6,19,2,0,0.0,-0.14493839569760703,2
HK,1994,11,F1,7,17,5,3,60.0,0.049410379166987296,5
HK,1994,11,F1,8,6,1,0,0.0,-0.2024447359939574,1
HK,1994,11,F1,9,11,61,14,22.950819672131146,-0.06760702106846037,61
HK,1994,11,F1,10,3,157,128,81.52866242038216,0.15257115999803283,157
HK,1994,11,F1,11,15,123,122,99.1869918699187,0.550493656323444,123
HK,1994,11,F1,12,0,7,5,71.42857142857143,0.040256528258315195,7
HK,1994,11,F1,13,9,164,162,98.78048780487805,0.43096317875318185,164
HK,1994,11,F1,14,5,1,0,0.0,-0.09600242684116425,1
HK,1994,11,F1,15,7,21,21,100.0,0.45667860141631234,21
HK,1994,11,F1,16,18,33,11,33.333333333333336,-0.04234372904786164,33
HK,1994,11,F1,17,1,113,106,93.80530973451327,0.32303677313736284,113
HK,1994,11,F1,18,10,150,117,78.0,0.10883215143873329,150
HK,1994,11,F1,19,14,60,54,90.0,0.2280962340369346,60
HK,1994,11,F1,20,20,66,11,16.666666666666668,-0.07163645093583787,66
HK,1994,11,F1,21,8,153,150,98.03921568627452,0.3032273731530027,153
HK,1994,11,F1,22,2,182,152,83.51648351648352,0.3021800905122804,182
HK,1995,1,F1,0,9,164,164,100.0,0.9174333934287996,164
HK,1995,1,F1,1,13,160,155,96.875,0.8972202876064376,160
HK,1995,2,F1,0,9,164,163,99.39024390243902,0.7581650702987567,164
HK,1995,2,F1,1,13,160,154,96.25,0.7654701015371603,160
HK,1995,2,F1,2,16,8,8,100.0,0.831523215015566,8
HK,1995,2,F1,3,14,60,60,100.0,0.7624749460217899,60
HK,1995,3,F1,0,9,164,163,99.39024390243902,0.6806743354882807,164
HK,1995,3,F1,1,13,160,155,96.875,0.7173256728426018,160
HK,1995,3,F1,2,16,8,8,100.0,0.7901884973365942,8
HK,1995,3,F1,3,14,60,60,100.0,0.5456703326985775,60
HK,1995,3,F1,4,15,123,122,99.1869918699187,0.7557372833166505,123
HK,1995,3,F1,5,5,1,0,0.0,-0.3220315450569202,1
HK,1995,4,F1,0,9,164,163,99.39024390243902,0.6291136715708036,164
HK,1995,4,F1,1,13,160,154,96.25,0.6329599305806661,160
HK,1995,4,F1,2,16,8,8,100.0,0.34263735775090537,8
HK,1995,4,F1,3,14,60,60,100.0,0.4886816788081353,60
HK,1995,4,F1,4,15,123,122,99.1869918699187,0.7041401491606245,123
HK,1995,4,F1,5,5,1,0,0.0,-0.27837266184847964,1
HK,1995,4,F1,6,12,41,35,85.36585365853658,0.3744298583156232,41
HK,1995,4,F1,7,1,113,113,100.0,0.7681673178681744,113
HK,1995,5,F1,0,9,164,162,98.78048780487805,0.5929700687618021,164
HK,1995,5,F1,1,13,160,151,94.375,0.5228166488930405,160
HK,1995,5,F1,2,16,8,8,100.0,0.31784053648911936,8
HK,1995,5,F1,3,14,60,59,98.33333333333333,0.404513093457516,60
HK,1995,5,F1,4,15,123,122,99.1869918699187,0.6697970020813908,123
HK,1995,5,F1,5,5,1,0,0.0,-0.18813441319867974,1
HK,1995,5,F1,6,12,41,35,85.36585365853658,0.2949918727766584,41
HK,1995,5,F1,7,1,113,113,100.0,0.6718821866680355,113
HK,1995,5,F1,8,8,153,153,100.0,0.5640469000377459,153
HK,1995,5,F1,9,22,21,21,100.0,0.5051330516618253,21
HK,1995,6,F1,0,9,164,160,97.5609756097561,0.5571271322122305,164
HK,1995,6,F1,1,13,160,151,94.375,0.47246951833954753,160
HK,1995,6,F1,2,16,8,8,100.0,0.29490472003651585,8
HK,1995,6,F1,3,14,60,59,98.33333333333333,0.3455499502717037,60
HK,1995,6,F1,4,15,123,122,99.1869918699187,0.645886591724209,123
HK,1995,6,F1,5,5,1,0,0.0,-0.22005639575352842,1
HK,1995,6,F1,6,12,41,34,82.92682926829268,0.2714398906203622,41
HK,1995,6,F1,7,1,113,113,100.0,0.6382719342043314,113
HK,1995,6,F1,8,8,153,150,98.03921568627452,0.47301733299818016,153
HK,1995,6,F1,9,22,21,21,100.0,0.38724990322182795,21
HK,1995,6,F1,10,19,2,0,0.0,-0.2372181688947798,2
HK,1995,6,F1,11,17,5,4,80.0,0.16413470310438621,5
HK,1995,7,F1,0,9,164,161,98.17073170731707,0.5351251022501294,164
HK,1995,7,F1,1,13,160,152,95.0,0.4324182298050026,160
HK,1995,7,F1,2,16,8,8,100.0,0.27257492293517993,8
HK,1995,7,F1,3,14,60,57,95.0,0.3154817511588937,60
HK,1995,7,F1,4,15,123,122,99.1869918699187,0.6240938990167471,123
HK,1995,7,F1,5,5,1,0,0.0,-0.2159080839447793,1
HK,1995,7,F1,6,12,41,34,82.92682926829268,0.25735446563461983,41
HK,1995,7,F1,7,1,113,113,100.0,0.6104441408385408,113
HK,1995,7,F1,8,8,153,151,98.69281045751634,0.40754203831389163,153
HK,1995,7,F1,9,22,21,18,85.71428571428571,0.28217497126257746,21
HK,1995,7,F1,10,19,2,0,0.0,-0.22066373009967166,2
HK,1995,7,F1,11,17,5,3,60.0,0.07814656370980118,5
HK,1995,7,F1,12,18,33,11,33.333333333333336,-0.01544110757937719,33
HK,1995,7,F1,13,6,1,0,0.0,-0.30656533205666847,1
HK,1995,8,F1,0,9,164,162,98.78048780487805,0.5181024924015458,164
HK,1995,8,F1,1,13,160,152,95.0,0.4157895789175461,160
HK,1995,8,F1,2,16,8,5,62.5,0.011836140552003417,8
HK,1995,8,F1,3,14,60,58,96.66666666666667,0.2921117162800098,60
HK,1995,8,F1,4,15,123,122,99.1869918699187,0.6074825162107745,123
HK,1995,8,F1,5,5,1,0,0.0,-0.1974908144132374,1
HK,1995,8,F1,6,12,41,35,85.36585365853658,0.20366030235080432,41
HK,1995,8,F1,7,1,113,113,100.0,0.5876160475412624,113
HK,1995,8,F1,8,8,153,151,98.69281045751634,0.38512066593908784,153
HK,1995,8,F1,9,22,21,17,80.95238095238095,0.16176569493067797,21
HK,1995,8,F1,10,19,2,0,0.0,-0.2001495895184825,2
HK,1995,8,F1,11,17,5,3,60.0,0.08228391751121414,5
HK,1995,8,F1,12,18,33,11,33.333333333333336,-0.041861351595810746,33
HK,1995,8,F1,13,6,1,0,0.0,-0.3086761919094289,1
HK,1995,8,F1,14,20,66,23,34.84848484848485,-0.05066476789751812,66
HK,1995,8,F1,15,0,7,5,71.42857142857143,0.08825444283917729,7
HK,1995,9,F1,0,9,164,162,98.78048780487805,0.4922078097475512,164
HK,1995,9,F1,1,13,160,152,95.0,0.38398947600507727,160
HK,1995,9,F1,2,16,8,4,50.0,-0.01684614914480974,8
HK,1995,9,F1,3,14,60,58,96.66666666666667,0.2705097014651069,60
HK,1995,9,F1,4,15,123,122,99.1869918699187,0.5891531384848054,123
HK,1995,9,F1,5,5,1,0,0.0,-0.16773873112505716,1
HK,1995,9,F1,6,12,41,33,80.48780487804878,0.1623923329701988,41
HK,1995,9,F1,7,1,113,113,100.0,0.5631378625773185,113
HK,1995,9,F1,8,8,153,150,98.03921568627452,0.3519243334755119,153
HK,1995,9,F1,9,22,21,17,80.95238095238095,0.15576342033385135,21
HK,1995,9,F1,10,19,2,0,0.0,-0.18293703173590964,2
HK,1995,9,F1,11,17,5,3,60.0,0.051924460347365545,5
HK,1995,9,F1,12,18,33,11,33.333333333333336,-0.04095906328532354,33
HK,1995,9,F1,13,6,1,0,0.0,-0.2799680551029965,1
HK,1995,9,F1,14,20,66,22,33.333333333333336,-0.050963362333415314,66
HK,1995,9,F1,15,0,7,5,71.42857142857143,0.05491626236684886,7
HK,1995,9,F1,16,3,157,155,98.72611464968153,0.5749920797108303,157
HK,1995,9,F1,17,11,61,32,52.459016393442624,-0.009458802391334866,61
HK,1995,10,F1,0,9,164,162,98.78048780487805,0.47503165245589285,164
HK,1995,10,F1,1,13,160,152,95.0,0.35961885861317505,160
HK,1995,10,F1,2,16,8,4,50.0,-0.013236284384393355,8
HK,1995,10,F1,3,14,60,56,93.33333333333333,0.24927620377023849,60
HK,1995,10,F1,4,15,123,122,99.1869918699187,0.574169990977932,123
HK,1995,10,F1,5,5,1,0,0.0,-0.13761337513258315,1
HK,1995,10,F1,6,12,41,34,82.92682926829268,0.1589135791025646,41
HK,1995,10,F1,7,1,113,106,93.80530973451327,0.3814130367475526,113
HK,1995,10,F1,8,8,153,150,98.03921568627452,0.33521112902519734,153
HK,1995,10,F1,9,22,21,16,76.19047619047619,0.10839139522020974,21
HK,1995,10,F1,10,19,2,0,0.0,-0.169578040374759,2
HK,1995,10,F1,11,17,5,3,60.0,0.05646995116318985,5
HK,1995,10,F1,12,18,33,12,36.36363636363637,-0.038604331288286324,33
HK,1995,10,F1,13,6,1,0,0.0,-0.23372144238892612,1
HK,1995,10,F1,14,20,66,12,18.181818181818183,-0.07085097320770661,66
HK,1995,10,F1,15,0,7,5,71.42857142857143,0.05143430865727783,7
HK,1995,10,F1,16,3,157,155,98.72611464968153,0.5632735659210569,157
HK,1995,10,F1,17,11,61,31,50.81967213114754,-0.011750385975080971,61
HK,1995,10,F1,18,2,182,182,100.0,0.4416395206749015,182
HK,1995,10,F1,19,21,4,0,0.0,-0.11728625363805995,4
HK,1995,11,F1,0,9,164,162,98.78048780487805,0.4328174834257161,164
HK,1995,11,F1,1,13,160,152,95.0,0.33245613607390073,160
HK,1995,11,F1,2,16,8,3,37.5,-0.044779100497900834,8
HK,1995,11,F1,3,14,60,56,93.33333333333333,0.22778111149796268,60
HK,1995,11,F1,4,15,123,122,99.1869918699187,0.554389975442091,123
HK,1995,11,F1,5,5,1,0,0.0,-0.11453032134300467,1
HK,1995,11,F1,6,12,41,34,82.92682926829268,0.14874415627659204,41
HK,1995,11,F1,7,1,113,106,93.80530973451327,0.32324727408636356,113
HK,1995,11,F1,8,8,153,150,98.03921568627452,0.3117148954552355,153
HK,1995,11,F1,9,22,21,16,76.19047619047619,0.09936494707975442,21
HK,1995,11,F1,10,19,2,0,0.0,-0.14939710489314179,2
HK,1995,11,F1,11,17,5,3,60.0,0.05608056509317864,5
HK,1995,11,F1,12,18,33,13,39.39393939393939,-0.03696995774884744,33
HK,1995,11,F1,13,6,1,0,0.0,-0.21159517759896637,1
HK,1995,11,F1,14,20,66,12,18.181818181818183,-0.07096790129598204,66
HK,1995,11,F1,15,0,7,5,71.42857142857143,0.0413115528235032,7
HK,1995,11,F1,16,3,157,127,80.89171974522293,0.15118154742747578,157
HK,1995,11,F1,17,11,61,13,21.311475409836067,-0.06637100957955545,61
HK,1995,11,F1,18,2,182,150,82.41758241758242,0.3032241810211836,182
HK,1995,11,F1,19,21,4,0,0.0,-0.10571384040088816,4
HK,1995,11,F1,20,4,165,144,87.27272727272727,0.226884719824157,165
HK,1995,11,F1,21,10,150,112,74.66666666666667,0.11106453399639493,150
HK,1995,11,F1,22,7,21,21,100.0,0.459556619664215,21
ISIC,1993,1,F1,0,4,41,39,95.1219512195122,0.6400010958571355,38
ISIC,1993,1,F1,1,0,44,44,100.0,0.8619492072635871,44
ISIC,1993,2,F1,0,4,41,32,78.04878048780488,0.2573545802119436,38
ISIC,1993,2,F1,1,0,44,41,93.18181818181819,0.4675030694209539,44
ISIC,1993,2,F1,2,3,40,26,65.0,0.12725140629208473,37
ISIC,1993,2,F1,3,7,24,14,58.333333333333336,0.06922933813021113,20
ISIC,1993,3,F1,0,4,41,25,60.97560975609756,0.0976408387450724,38
ISIC,1993,3,F1,1,0,44,40,90.9090909090909,0.37840014718143,44
ISIC,1993,3,F1,2,3,40,24,60.0,0.0386277605266436,37
ISIC,1993,3,F1,3,7,24,14,58.333333333333336,0.0647938417220965,20
ISIC,1993,3,F1,4,5,37,19,51.351351351351354,0.07321677891505586,34
ISIC,1993,3,F1,5,6,26,24,92.3076923076923,0.4167373591810738,24
ISIC,1993,4,F1,0,4,41,25,60.97560975609756,0.04886352423631088,38
ISIC,1993,4,F1,1,0,44,35,79.54545454545455,0.1682931796934798,44
ISIC,1993,4,F1,2,3,40,19,47.5,0.0054415535021630265,37
ISIC,1993,4,F1,3,7,24,13,54.166666666666664,0.06831146789509664,20
ISIC,1993,4,F1,4,5,37,17,45.945945945945944,0.0426815707100433,34
ISIC,1993,4,F1,5,6,26,23,88.46153846153847,0.4022305712594748,24
ISIC,1993,4,F1,6,2,46,19,41.30434782608695,-0.02096303430539057,45
ISIC,1993,4,F1,7,1,37,20,54.054054054054056,0.08024025574537091,36
ISIC,1994,1,F1,0,3,40,39,97.5,0.7556535861755985,37
ISIC,1994,1,F1,1,7,24,12,50.0,0.014006326217364288,20
ISIC,1994,2,F1,0,3,40,31,77.5,0.2663251763061766,37
ISIC,1994,2,F1,1,7,24,13,54.166666666666664,0.049153658493210996,20
ISIC,1994,2,F1,2,4,41,23,56.09756097560975,0.044431693910478964,38
ISIC,1994,2,F1,3,5,37,20,54.054054054054056,0.05510207925609087,34
ISIC,1994,3,F1,0,3,40,17,42.5,-0.015873665872201227,37
ISIC,1994,3,F1,1,7,24,12,50.0,0.015515903616513359,20
ISIC,1994,3,F1,2,4,41,24,58.53658536585366,0.06489927474077134,38
ISIC,1994,3,F1,3,5,37,18,48.648648648648646,0.028963826337398302,34
ISIC,1994,3,F1,4,1,37,18,48.648648648648646,0.08164166608770947,36
ISIC,1994,3,F1,5,0,44,33,75.0,0.19897880117714806,44
ISIC,1994,4,F1,0,3,40,12,30.0,-0.03666453558737304,37
ISIC,1994,4,F1,1,7,24,13,54.166666666666664,0.02331013591342283,20
ISIC,1994,4,F1,2,4,41,25,60.97560975609756,0.028122370654642608,38
ISIC,1994,4,F1,3,5,37,18,48.648648648648646,0.008553642272407208,34
ISIC,1994,4,F1,4,1,37,19,51.351351351351354,0.07150741287986485,36
ISIC,1994,4,F1,5,0,44,33,75.0,0.1376625038382359,44
ISIC,1994,4,F1,6,6,26,22,84.61538461538461,0.37561177534437157,24
ISIC,1994,4,F1,7,2,46,17,36.95652173913044,-0.029549486491843836,45
ISIC,1995,1,F1,0,1,37,32,86.48648648648648,0.4286959922209206,36
ISIC,1995,1,F1,1,3,40,34,85.0,0.49930183804488204,37
ISIC,1995,2,F1,0,1,37,24,64.86486486486487,0.18807743769699745,36
ISIC,1995,2,F1,1,3,40,33,82.5,0.2535243316793556,37
ISIC,1995,2,F1,2,0,44,35,79.54545454545455,0.23416128689069646,44
ISIC,1995,2,F1,3,6,26,23,88.46153846153847,0.4433572934917599,24
ISIC,1995,3,F1,0,1,37,21,56.75675675675676,0.10577885165818472,36
ISIC,1995,3,F1,1,3,40,21,52.5,0.02677835310481035,37
ISIC,1995,3,F1,2,0,44,36,81.81818181818181,0.20451409142659463,44
ISIC,1995,3,F1,3,6,26,24,92.3076923076923,0.425511329001769,24
ISIC,1995,3,F1,4,4,41,24,58.53658536585366,0.06356183572650638,38
ISIC,1995,3,F1,5,5,37,18,48.648648648648646,0.04015479068274795,34
ISIC,1995,4,F1,0,1,37,21,56.75675675675676,0.08843748481115483,36
ISIC,1995,4,F1,1,3,40,18,45.0,0.010977018426704918,37
ISIC,1995,4,F1,2,0,44,34,77.27272727272727,0.1496339475103004,44
ISIC,1995,4,F1,3,6,26,24,92.3076923076923,0.3928859667660586,24
ISIC,1995,4,F1,4,4,41,23,56.09756097560975,0.030946988590018064,38
ISIC,1995,4,F1,5,5,37,19,51.351351351351354,0.012852183214019644,34
ISIC,1995,4,F1,6,2,46,22,47.82608695652174,-0.012497185626912136,45
ISIC,1995,4,F1,7,7,24,14,58.333333333333336,0.03187851000609423,20
