class_id,corrections,dataset,destructions,group,mean_margin,mean_semantic_shift,method,n,outside_topk_winner,seed,shift_over_margin,task,true_class_topk,wrong_to_wrong
4,0,ISIC,0,class,0.6828777364389643,0.33483401816652275,G.LIN.CSE1,41,0,1993,0.24390243902439024,1,41,0
0,0,ISIC,0,class,0.9353518964018128,0.3389785998294046,G.LIN.CSE1,44,0,1993,0.022727272727272728,1,44,0
all,0,ISIC,0,old,,,G.LIN.CSE1,0,0,1993,,1,0,0
all,0,ISIC,0,current,0.8135702427726741,0.3369794486743675,G.LIN.CSE1,85,0,1993,0.12941176470588237,1,85,0
all,0,ISIC,0,tail,,,G.LIN.CSE1,0,0,1993,,1,0,0
4,0,ISIC,0,class,0.6828777364389643,0.08370850454163069,G.LIN.CSE025,41,0,1993,0.024390243902439025,1,41,0
0,0,ISIC,0,class,0.9353518964018128,0.08474464995735116,G.LIN.CSE025,44,0,1993,0.0,1,44,0
all,0,ISIC,0,old,,,G.LIN.CSE025,0,0,1993,,1,0,0
all,0,ISIC,0,current,0.8135702427726741,0.08424486216859188,G.LIN.CSE025,85,0,1993,0.011764705882352941,1,85,0
all,0,ISIC,0,tail,,,G.LIN.CSE025,0,0,1993,,1,0,0
4,0,ISIC,0,class,0.6685784242800275,0.33483401816652275,G.RF1.CSE1,41,0,1993,0.2926829268292683,1,41,0
0,0,ISIC,0,class,0.952202227805945,0.3389785998294046,G.RF1.CSE1,44,0,1993,0.022727272727272728,1,44,0
all,0,ISIC,0,old,,,G.RF1.CSE1,0,0,1993,,1,0,0
all,0,ISIC,0,current,0.8153954519875611,0.33697944867436747,G.RF1.CSE1,85,0,1993,0.15294117647058825,1,85,0
all,0,ISIC,0,tail,,,G.RF1.CSE1,0,0,1993,,1,0,0
4,0,ISIC,0,class,0.6685784242800275,0.08370850454163069,G.RF1.CSE025,41,0,1993,0.04878048780487805,1,41,0
0,0,ISIC,0,class,0.952202227805945,0.08474464995735115,G.RF1.CSE025,44,0,1993,0.0,1,44,0
all,0,ISIC,0,old,,,G.RF1.CSE025,0,0,1993,,1,0,0
all,0,ISIC,0,current,0.8153954519875611,0.08424486216859188,G.RF1.CSE025,85,0,1993,0.023529411764705882,1,85,0
all,0,ISIC,0,tail,,,G.RF1.CSE025,0,0,1993,,1,0,0
4,0,ISIC,0,class,0.6687969882107426,0.41359631287478377,B.LIN.CSE1,41,0,1993,0.2682926829268293,1,41,0
0,0,ISIC,0,class,0.9277213162258782,0.4361258488404037,B.LIN.CSE1,44,0,1993,0.022727272727272728,1,44,0
all,0,ISIC,0,old,,,B.LIN.CSE1,0,0,1993,,1,0,0
all,0,ISIC,0,current,0.8028284050656364,0.42525866090404574,B.LIN.CSE1,85,0,1993,0.1411764705882353,1,85,0
all,0,ISIC,0,tail,,,B.LIN.CSE1,0,0,1993,,1,0,0
4,0,ISIC,0,class,0.6687969882107426,0.10339907821869594,B.LIN.CSE025,41,0,1993,0.07317073170731707,1,41,0
0,0,ISIC,0,class,0.9277213162258782,0.10903146221010095,B.LIN.CSE025,44,0,1993,0.0,1,44,0
all,0,ISIC,0,old,,,B.LIN.CSE025,0,0,1993,,1,0,0
all,0,ISIC,0,current,0.8028284050656364,0.10631466522601143,B.LIN.CSE025,85,0,1993,0.03529411764705882,1,85,0
all,0,ISIC,0,tail,,,B.LIN.CSE025,0,0,1993,,1,0,0
4,1,ISIC,1,class,0.6506029551547967,0.41359631287478377,B.RF1.CSE1,41,0,1993,0.2682926829268293,1,41,0
0,0,ISIC,0,class,0.9303633586667238,0.4361258488404037,B.RF1.CSE1,44,0,1993,0.022727272727272728,1,44,0
all,0,ISIC,0,old,,,B.RF1.CSE1,0,0,1993,,1,0,0
all,1,ISIC,1,current,0.7954201052080293,0.42525866090404585,B.RF1.CSE1,85,0,1993,0.1411764705882353,1,85,0
all,0,ISIC,0,tail,,,B.RF1.CSE1,0,0,1993,,1,0,0
4,0,ISIC,0,class,0.6506029551547967,0.10339907821869594,B.RF1.CSE025,41,0,1993,0.0975609756097561,1,41,0
0,0,ISIC,0,class,0.9303633586667238,0.10903146221010092,B.RF1.CSE025,44,0,1993,0.0,1,44,0
all,0,ISIC,0,old,,,B.RF1.CSE025,0,0,1993,,1,0,0
all,0,ISIC,0,current,0.7954201052080293,0.10631466522601143,B.RF1.CSE025,85,0,1993,0.047058823529411764,1,85,0
all,0,ISIC,0,tail,,,B.RF1.CSE025,0,0,1993,,1,0,0
4,0,ISIC,0,class,0.6964104760958479,0.33483401816652275,G.RF2.CSE1,41,0,1993,0.1951219512195122,1,41,0
0,0,ISIC,0,class,0.9533536955445077,0.33897859982940465,G.RF2.CSE1,44,0,1993,0.022727272727272728,1,44,0
all,0,ISIC,0,old,,,G.RF2.CSE1,0,0,1993,,1,0,0
all,0,ISIC,0,current,0.8294163779280953,0.3369794486743675,G.RF2.CSE1,85,0,1993,0.10588235294117647,1,85,0
all,0,ISIC,0,tail,,,G.RF2.CSE1,0,0,1993,,1,0,0
4,0,ISIC,0,class,0.6964104760958479,0.08370850454163069,G.RF2.CSE025,41,0,1993,0.07317073170731707,1,41,0
0,0,ISIC,0,class,0.9533536955445077,0.08474464995735115,G.RF2.CSE025,44,0,1993,0.0,1,44,0
all,0,ISIC,0,old,,,G.RF2.CSE025,0,0,1993,,1,0,0
all,0,ISIC,0,current,0.8294163779280953,0.08424486216859188,G.RF2.CSE025,85,0,1993,0.03529411764705882,1,85,0
all,0,ISIC,0,tail,,,G.RF2.CSE025,0,0,1993,,1,0,0
4,0,ISIC,0,class,0.6450752806849799,0.41359631287478377,B.RF2.CSE1,41,0,1993,0.3170731707317073,1,41,0
0,0,ISIC,0,class,0.942672266405765,0.4361258488404037,B.RF2.CSE1,44,0,1993,0.022727272727272728,1,44,0
all,0,ISIC,0,old,,,B.RF2.CSE1,0,0,1993,,1,0,0
all,0,ISIC,0,current,0.7991254850580921,0.42525866090404574,B.RF2.CSE1,85,0,1993,0.16470588235294117,1,85,0
all,0,ISIC,0,tail,,,B.RF2.CSE1,0,0,1993,,1,0,0
4,0,ISIC,0,class,0.6450752806849799,0.10339907821869596,B.RF2.CSE025,41,0,1993,0.12195121951219512,1,41,0
0,0,ISIC,0,class,0.942672266405765,0.10903146221010092,B.RF2.CSE025,44,0,1993,0.0,1,44,0
all,0,ISIC,0,old,,,B.RF2.CSE025,0,0,1993,,1,0,0
all,0,ISIC,0,current,0.7991254850580921,0.10631466522601143,B.RF2.CSE025,85,0,1993,0.058823529411764705,1,85,0
all,0,ISIC,0,tail,,,B.RF2.CSE025,0,0,1993,,1,0,0
4,0,ISIC,0,class,0.6685784242800275,0.33483401816652275,G.RF1.CSEperm1,41,0,1993,0.2926829268292683,1,41,0
0,0,ISIC,0,class,0.952202227805945,0.3389785998294046,G.RF1.CSEperm1,44,0,1993,0.022727272727272728,1,44,0
all,0,ISIC,0,old,,,G.RF1.CSEperm1,0,0,1993,,1,0,0
all,0,ISIC,0,current,0.8153954519875611,0.33697944867436747,G.RF1.CSEperm1,85,0,1993,0.15294117647058825,1,85,0
all,0,ISIC,0,tail,,,G.RF1.CSEperm1,0,0,1993,,1,0,0
4,0,ISIC,0,class,0.6506029551547967,0.41359631287478377,B.RF1.CSEperm1,41,0,1993,0.2682926829268293,1,41,0
0,0,ISIC,0,class,0.9303633586667238,0.4361258488404037,B.RF1.CSEperm1,44,0,1993,0.022727272727272728,1,44,0
all,0,ISIC,0,old,,,B.RF1.CSEperm1,0,0,1993,,1,0,0
all,0,ISIC,0,current,0.7954201052080293,0.42525866090404574,B.RF1.CSEperm1,85,0,1993,0.1411764705882353,1,85,0
all,0,ISIC,0,tail,,,B.RF1.CSEperm1,0,0,1993,,1,0,0
4,0,ISIC,0,class,0.47889611236493823,0.34091757290246044,G.LIN.CSE1,41,0,1993,0.43902439024390244,2,41,0
0,0,ISIC,0,class,0.6009578531918396,0.34085141781812267,G.LIN.CSE1,44,0,1993,0.25,2,44,0
3,0,ISIC,0,class,0.411243480951914,0.3505757146588394,G.LIN.CSE1,40,0,1993,0.375,2,40,0
7,0,ISIC,0,class,0.35213866636898056,0.34445069883084867,G.LIN.CSE1,24,0,1993,0.5,2,24,0
all,0,ISIC,0,old,0.5420810134988635,0.3408833279176268,G.LIN.CSE1,85,0,1993,0.3411764705882353,2,85,0
all,0,ISIC,0,current,0.38907917548331405,0.34827883372334284,G.LIN.CSE1,64,0,1993,0.421875,2,64,0
all,0,ISIC,0,tail,0.35213866636898056,0.34445069883084867,G.LIN.CSE1,24,0,1993,0.5,2,24,0
4,0,ISIC,0,class,0.47889611236493823,0.08522939322561511,G.LIN.CSE025,41,0,1993,0.12195121951219512,2,41,0
0,0,ISIC,0,class,0.6009578531918396,0.08521285445453067,G.LIN.CSE025,44,0,1993,0.11363636363636363,2,44,0
3,0,ISIC,0,class,0.411243480951914,0.08764392866470985,G.LIN.CSE025,40,0,1993,0.075,2,40,0
7,0,ISIC,0,class,0.35213866636898056,0.08611267470771218,G.LIN.CSE025,24,0,1993,0.16666666666666666,2,24,0
all,0,ISIC,0,old,0.5420810134988635,0.0852208319794067,G.LIN.CSE025,85,0,1993,0.11764705882352941,2,85,0
all,0,ISIC,0,current,0.38907917548331405,0.08706970843083571,G.LIN.CSE025,64,0,1993,0.109375,2,64,0
all,0,ISIC,0,tail,0.35213866636898056,0.08611267470771218,G.LIN.CSE025,24,0,1993,0.16666666666666666,2,24,0
4,0,ISIC,0,class,0.4777714327499087,0.34091757290246044,G.RF1.CSE1,41,0,1993,0.4146341463414634,2,41,0
0,0,ISIC,0,class,0.618907724467058,0.34085141781812267,G.RF1.CSE1,44,0,1993,0.22727272727272727,2,44,0
3,0,ISIC,0,class,0.392718837593652,0.3505757146588394,G.RF1.CSE1,40,0,1993,0.5,2,40,0
7,0,ISIC,0,class,0.3392475571841651,0.34445069883084867,G.RF1.CSE1,24,0,1993,0.5,2,24,1
all,0,ISIC,0,old,0.5508302190505506,0.3408833279176268,G.RF1.CSE1,85,0,1993,0.3176470588235294,2,85,0
all,0,ISIC,0,current,0.3726671074400944,0.34827883372334284,G.RF1.CSE1,64,0,1993,0.5,2,64,1
all,0,ISIC,0,tail,0.3392475571841651,0.34445069883084867,G.RF1.CSE1,24,0,1993,0.5,2,24,1
4,0,ISIC,0,class,0.4777714327499087,0.08522939322561511,G.RF1.CSE025,41,0,1993,0.14634146341463414,2,41,0
0,0,ISIC,0,class,0.618907724467058,0.08521285445453067,G.RF1.CSE025,44,0,1993,0.045454545454545456,2,44,0
3,0,ISIC,0,class,0.392718837593652,0.08764392866470985,G.RF1.CSE025,40,0,1993,0.075,2,40,0
7,0,ISIC,0,class,0.3392475571841651,0.08611267470771218,G.RF1.CSE025,24,0,1993,0.25,2,24,0
all,0,ISIC,0,old,0.5508302190505506,0.0852208319794067,G.RF1.CSE025,85,0,1993,0.09411764705882353,2,85,0
all,0,ISIC,0,current,0.3726671074400944,0.08706970843083572,G.RF1.CSE025,64,0,1993,0.140625,2,64,0
all,0,ISIC,0,tail,0.3392475571841651,0.08611267470771218,G.RF1.CSE025,24,0,1993,0.25,2,24,0
4,0,ISIC,0,class,0.4259235218404715,0.4199002250705497,B.LIN.CSE1,41,0,1993,0.5121951219512195,2,41,1
0,0,ISIC,0,class,0.59131718729981,0.44283013740717136,B.LIN.CSE1,44,0,1993,0.3181818181818182,2,44,0
3,0,ISIC,0,class,0.37605016247691203,0.4298728768565934,B.LIN.CSE1,40,0,1993,0.625,2,40,0
7,0,ISIC,0,class,0.36524653115832056,0.4288305031623047,B.LIN.CSE1,24,0,1993,0.625,2,24,0
all,0,ISIC,0,old,0.5115390663135408,0.4317698267506834,B.LIN.CSE1,85,0,1993,0.4117647058823529,2,85,1
all,0,ISIC,0,current,0.37199880073244024,0.42948198672123516,B.LIN.CSE1,64,0,1993,0.625,2,64,0
all,0,ISIC,0,tail,0.36524653115832056,0.4288305031623047,B.LIN.CSE1,24,0,1993,0.625,2,24,0
4,0,ISIC,0,class,0.4259235218404715,0.10497505626763742,B.LIN.CSE025,41,0,1993,0.1951219512195122,2,41,1
0,0,ISIC,0,class,0.59131718729981,0.11070753435179284,B.LIN.CSE025,44,0,1993,0.06818181818181818,2,44,0
3,0,ISIC,0,class,0.37605016247691203,0.10746821921414837,B.LIN.CSE025,40,0,1993,0.1,2,40,0
7,0,ISIC,0,class,0.36524653115832056,0.10720762579057617,B.LIN.CSE025,24,0,1993,0.16666666666666666,2,24,0
all,0,ISIC,0,old,0.5115390663135408,0.10794245668767083,B.LIN.CSE025,85,0,1993,0.12941176470588237,2,85,1
all,0,ISIC,0,current,0.37199880073244024,0.10737049668030879,B.LIN.CSE025,64,0,1993,0.125,2,64,0
all,0,ISIC,0,tail,0.36524653115832056,0.10720762579057617,B.LIN.CSE025,24,0,1993,0.16666666666666666,2,24,0
4,0,ISIC,0,class,0.43032761949480175,0.4199002250705497,B.RF1.CSE1,41,0,1993,0.5365853658536586,2,41,0
0,0,ISIC,0,class,0.6045611248501502,0.44283013740717136,B.RF1.CSE1,44,0,1993,0.25,2,44,0
3,0,ISIC,1,class,0.38116225121701364,0.4298728768565935,B.RF1.CSE1,40,0,1993,0.625,2,40,0
7,0,ISIC,0,class,0.3456407790283871,0.4288305031623046,B.RF1.CSE1,24,0,1993,0.5833333333333334,2,24,0
all,0,ISIC,0,old,0.5205190810905115,0.4317698267506833,B.RF1.CSE1,85,0,1993,0.38823529411764707,2,85,0
all,0,ISIC,1,current,0.3678416991462787,0.42948198672123516,B.RF1.CSE1,64,0,1993,0.609375,2,64,0
all,0,ISIC,0,tail,0.3456407790283871,0.4288305031623046,B.RF1.CSE1,24,0,1993,0.5833333333333334,2,24,0
4,0,ISIC,0,class,0.43032761949480175,0.10497505626763742,B.RF1.CSE025,41,0,1993,0.0975609756097561,2,41,0
0,0,ISIC,0,class,0.6045611248501502,0.11070753435179284,B.RF1.CSE025,44,0,1993,0.09090909090909091,2,44,0
3,0,ISIC,0,class,0.38116225121701364,0.10746821921414837,B.RF1.CSE025,40,0,1993,0.15,2,40,0
7,0,ISIC,0,class,0.3456407790283871,0.10720762579057615,B.RF1.CSE025,24,0,1993,0.16666666666666666,2,24,0
all,0,ISIC,0,old,0.5205190810905115,0.10794245668767083,B.RF1.CSE025,85,0,1993,0.09411764705882353,2,85,0
all,0,ISIC,0,current,0.3678416991462787,0.10737049668030879,B.RF1.CSE025,64,0,1993,0.15625,2,64,0
all,0,ISIC,0,tail,0.3456407790283871,0.10720762579057615,B.RF1.CSE025,24,0,1993,0.16666666666666666,2,24,0
4,0,ISIC,1,class,0.46948377926893076,0.3409175729024604,G.RF2.CSE1,41,0,1993,0.36585365853658536,2,41,0
0,0,ISIC,0,class,0.624360328840762,0.34085141781812267,G.RF2.CSE1,44,0,1993,0.22727272727272727,2,44,0
3,0,ISIC,0,class,0.4066085846369922,0.3505757146588394,G.RF2.CSE1,40,0,1993,0.525,2,40,0
7,0,ISIC,0,class,0.2745582864465281,0.3444506988308487,G.RF2.CSE1,24,0,1993,0.6666666666666666,2,24,2
all,0,ISIC,1,old,0.5496551696355259,0.3408833279176268,G.RF2.CSE1,85,0,1993,0.29411764705882354,2,85,0
all,0,ISIC,0,current,0.35708972281556817,0.3482788337233429,G.RF2.CSE1,64,0,1993,0.578125,2,64,2
all,0,ISIC,0,tail,0.2745582864465281,0.3444506988308487,G.RF2.CSE1,24,0,1993,0.6666666666666666,2,24,2
4,0,ISIC,1,class,0.46948377926893076,0.08522939322561511,G.RF2.CSE025,41,0,1993,0.12195121951219512,2,41,0
0,0,ISIC,0,class,0.624360328840762,0.08521285445453065,G.RF2.CSE025,44,0,1993,0.11363636363636363,2,44,0
3,0,ISIC,0,class,0.4066085846369922,0.08764392866470985,G.RF2.CSE025,40,0,1993,0.025,2,40,0
7,0,ISIC,0,class,0.2745582864465281,0.08611267470771215,G.RF2.CSE025,24,0,1993,0.25,2,24,0
all,0,ISIC,1,old,0.5496551696355259,0.0852208319794067,G.RF2.CSE025,85,0,1993,0.11764705882352941,2,85,0
all,0,ISIC,0,current,0.35708972281556817,0.0870697084308357,G.RF2.CSE025,64,0,1993,0.109375,2,64,0
all,0,ISIC,0,tail,0.2745582864465281,0.08611267470771215,G.RF2.CSE025,24,0,1993,0.25,2,24,0
4,1,ISIC,0,class,0.43284404211901273,0.4199002250705497,B.RF2.CSE1,41,0,1993,0.5365853658536586,2,41,0
0,0,ISIC,0,class,0.6017671081487669,0.4428301374071713,B.RF2.CSE1,44,0,1993,0.3409090909090909,2,44,0
3,0,ISIC,1,class,0.35586130354828116,0.4298728768565935,B.RF2.CSE1,40,0,1993,0.675,2,40,0
7,0,ISIC,0,class,0.31110435841380174,0.4288305031623047,B.RF2.CSE1,24,0,1993,0.5833333333333334,2,24,0
all,1,ISIC,0,old,0.5202865704167678,0.4317698267506834,B.RF2.CSE1,85,0,1993,0.43529411764705883,2,85,0
all,0,ISIC,1,current,0.33907744912285137,0.42948198672123516,B.RF2.CSE1,64,0,1993,0.640625,2,64,0
all,0,ISIC,0,tail,0.31110435841380174,0.4288305031623047,B.RF2.CSE1,24,0,1993,0.5833333333333334,2,24,0
4,0,ISIC,0,class,0.43284404211901273,0.10497505626763742,B.RF2.CSE025,41,0,1993,0.14634146341463414,2,41,0
0,0,ISIC,0,class,0.6017671081487669,0.11070753435179284,B.RF2.CSE025,44,0,1993,0.09090909090909091,2,44,0
3,0,ISIC,1,class,0.35586130354828116,0.10746821921414837,B.RF2.CSE025,40,0,1993,0.2,2,40,0
7,0,ISIC,0,class,0.31110435841380174,0.10720762579057617,B.RF2.CSE025,24,0,1993,0.25,2,24,0
all,0,ISIC,0,old,0.5202865704167678,0.10794245668767083,B.RF2.CSE025,85,0,1993,0.11764705882352941,2,85,0
all,0,ISIC,1,current,0.33907744912285137,0.10737049668030879,B.RF2.CSE025,64,0,1993,0.21875,2,64,0
all,0,ISIC,0,tail,0.31110435841380174,0.10720762579057617,B.RF2.CSE025,24,0,1993,0.25,2,24,0
4,2,ISIC,0,class,0.4777714327499087,0.34091757290246044,G.RF1.CSEperm1,41,0,1993,0.4146341463414634,2,41,0
0,0,ISIC,0,class,0.618907724467058,0.34085141781812267,G.RF1.CSEperm1,44,0,1993,0.22727272727272727,2,44,0
3,0,ISIC,0,class,0.392718837593652,0.3505757146588394,G.RF1.CSEperm1,40,0,1993,0.5,2,40,0
7,0,ISIC,1,class,0.3392475571841651,0.3444506988308487,G.RF1.CSEperm1,24,0,1993,0.5,2,24,0
all,2,ISIC,0,old,0.5508302190505506,0.3408833279176268,G.RF1.CSEperm1,85,0,1993,0.3176470588235294,2,85,0
all,0,ISIC,1,current,0.3726671074400944,0.34827883372334284,G.RF1.CSEperm1,64,0,1993,0.5,2,64,0
all,0,ISIC,1,tail,0.3392475571841651,0.3444506988308487,G.RF1.CSEperm1,24,0,1993,0.5,2,24,0
4,0,ISIC,0,class,0.43032761949480175,0.4199002250705497,B.RF1.CSEperm1,41,0,1993,0.5365853658536586,2,41,0
0,0,ISIC,0,class,0.6045611248501502,0.44283013740717136,B.RF1.CSEperm1,44,0,1993,0.25,2,44,0
3,0,ISIC,0,class,0.38116225121701364,0.4298728768565934,B.RF1.CSEperm1,40,0,1993,0.625,2,40,0
7,0,ISIC,0,class,0.3456407790283871,0.4288305031623047,B.RF1.CSEperm1,24,0,1993,0.5833333333333334,2,24,0
all,0,ISIC,0,old,0.5205190810905115,0.4317698267506833,B.RF1.CSEperm1,85,0,1993,0.38823529411764707,2,85,0
all,0,ISIC,0,current,0.3678416991462787,0.42948198672123516,B.RF1.CSEperm1,64,0,1993,0.609375,2,64,0
all,0,ISIC,0,tail,0.3456407790283871,0.4288305031623047,B.RF1.CSEperm1,24,0,1993,0.5833333333333334,2,24,0
4,0,ISIC,0,class,0.33303862839938464,0.3414170784636083,G.LIN.CSE1,41,0,1993,0.6097560975609756,3,40,1
0,0,ISIC,0,class,0.5309054771803816,0.3415371727793665,G.LIN.CSE1,44,0,1993,0.2727272727272727,3,44,0
3,1,ISIC,0,class,0.3066415525255095,0.3511281946720043,G.LIN.CSE1,40,0,1993,0.65,3,40,0
7,1,ISIC,0,class,0.2973182518461723,0.34192614378846714,G.LIN.CSE1,24,0,1993,0.5416666666666666,3,22,0
5,0,ISIC,0,class,0.3246825713175359,0.33408658591720247,G.LIN.CSE1,37,0,1993,0.5135135135135135,3,37,0
6,0,ISIC,0,class,0.4722060075247833,0.34137869389015163,G.LIN.CSE1,26,0,1993,0.38461538461538464,3,26,0
all,2,ISIC,0,old,0.3786290262123495,0.3441415507188151,G.LIN.CSE1,149,0,1993,0.5100671140939598,3,146,1
all,0,ISIC,0,current,0.3855652592760825,0.33709602730286403,G.LIN.CSE1,63,0,1993,0.4603174603174603,3,63,0
all,1,ISIC,0,tail,0.38825988479905016,0.34164146984134314,G.LIN.CSE1,50,0,1993,0.46,3,48,0
4,0,ISIC,0,class,0.33303862839938464,0.08535426961590208,G.LIN.CSE025,41,0,1993,0.21951219512195122,3,40,0
0,0,ISIC,0,class,0.5309054771803816,0.08538429319484163,G.LIN.CSE025,44,0,1993,0.09090909090909091,3,44,0
3,0,ISIC,0,class,0.3066415525255095,0.08778204866800107,G.LIN.CSE025,40,0,1993,0.125,3,40,0
7,1,ISIC,0,class,0.2973182518461723,0.08548153594711679,G.LIN.CSE025,24,0,1993,0.25,3,22,0
5,0,ISIC,0,class,0.3246825713175359,0.08352164647930062,G.LIN.CSE025,37,0,1993,0.21621621621621623,3,37,0
6,0,ISIC,0,class,0.4722060075247833,0.08534467347253791,G.LIN.CSE025,26,0,1993,0.07692307692307693,3,26,0
all,1,ISIC,0,old,0.3786290262123495,0.08603538767970377,G.LIN.CSE025,149,0,1993,0.1610738255033557,3,146,0
all,0,ISIC,0,current,0.3855652592760825,0.08427400682571601,G.LIN.CSE025,63,0,1993,0.15873015873015872,3,63,0
all,1,ISIC,0,tail,0.38825988479905016,0.08541036746033578,G.LIN.CSE025,50,0,1993,0.16,3,48,0
4,1,ISIC,0,class,0.3451004890654615,0.3414306421925293,G.RF1.CSE1,41,0,1993,0.5365853658536586,3,41,1
0,0,ISIC,0,class,0.5350276625778461,0.34161884639754925,G.RF1.CSE1,44,0,1993,0.2727272727272727,3,44,0
3,0,ISIC,0,class,0.2926149974823784,0.3518317449728161,G.RF1.CSE1,40,0,1993,0.65,3,40,0
7,0,ISIC,1,class,0.2875455397077779,0.34186022640432956,G.RF1.CSE1,24,0,1993,0.6666666666666666,3,22,1
5,0,ISIC,1,class,0.32283318174208925,0.33423870381869636,G.RF1.CSE1,37,0,1993,0.5135135135135135,3,37,0
6,1,ISIC,0,class,0.4525430212734094,0.3413569719148762,G.RF1.CSE1,26,0,1993,0.4230769230769231,3,26,0
all,1,ISIC,1,old,0.37782570508316077,0.3443476564027008,G.RF1.CSE1,149,0,1993,0.5100671140939598,3,147,2
all,1,ISIC,1,current,0.3763642266280308,0.3371764017631516,G.RF1.CSE1,63,0,1993,0.47619047619047616,3,63,0
all,1,ISIC,1,tail,0.3733442301219063,0.34159853406981383,G.RF1.CSE1,50,0,1993,0.54,3,48,1
4,0,ISIC,0,class,0.3451004890654615,0.08535766054813232,G.RF1.CSE025,41,0,1993,0.14634146341463414,3,41,0
0,0,ISIC,0,class,0.5350276625778461,0.08540471159938731,G.RF1.CSE025,44,0,1993,0.045454545454545456,3,44,0
3,0,ISIC,0,class,0.2926149974823784,0.08795793624320403,G.RF1.CSE025,40,0,1993,0.2,3,40,0
7,0,ISIC,0,class,0.2875455397077779,0.08546505660108239,G.RF1.CSE025,24,0,1993,0.20833333333333334,3,22,0
5,0,ISIC,0,class,0.32283318174208925,0.08355967595467409,G.RF1.CSE025,37,0,1993,0.13513513513513514,3,37,0
6,0,ISIC,0,class,0.4525430212734094,0.08533924297871905,G.RF1.CSE025,26,0,1993,0.11538461538461539,3,26,0
all,0,ISIC,0,old,0.37782570508316077,0.0860869141006752,G.RF1.CSE025,149,0,1993,0.14093959731543623,3,147,0
all,0,ISIC,0,current,0.3763642266280308,0.0842941004407879,G.RF1.CSE025,63,0,1993,0.12698412698412698,3,63,0
all,0,ISIC,0,tail,0.3733442301219063,0.08539963351745347,G.RF1.CSE025,50,0,1993,0.16,3,48,0
4,1,ISIC,0,class,0.3366598441059577,0.4230485735431156,B.LIN.CSE1,41,0,1993,0.6585365853658537,3,41,0
0,0,ISIC,0,class,0.5182942505334448,0.4410944143530745,B.LIN.CSE1,44,0,1993,0.38636363636363635,3,44,0
3,0,ISIC,0,class,0.2733144523901393,0.4295013732361269,B.LIN.CSE1,40,0,1993,0.825,3,40,0
7,0,ISIC,0,class,0.3052491221605425,0.42737050988863307,B.LIN.CSE1,24,0,1993,0.7083333333333334,3,22,0
5,1,ISIC,0,class,0.30808908764329157,0.418415624537997,B.LIN.CSE1,37,0,1993,0.7297297297297297,3,37,0
6,0,ISIC,0,class,0.4589101402847264,0.435552690412224,B.LIN.CSE1,26,0,1993,0.46153846153846156,3,26,0
all,1,ISIC,0,old,0.3682319305991572,0.43080599270855907,B.LIN.CSE1,149,0,1993,0.6308724832214765,3,147,0
all,1,ISIC,0,current,0.3703326966699155,0.4254880644225986,B.LIN.CSE1,63,0,1993,0.6190476190476191,3,63,0
all,0,ISIC,0,tail,0.38515285158511814,0.43162524376090033,B.LIN.CSE1,50,0,1993,0.58,3,48,0
4,0,ISIC,0,class,0.3366598441059577,0.10576214338577893,B.LIN.CSE025,41,0,1993,0.12195121951219512,3,41,0
0,0,ISIC,0,class,0.5182942505334448,0.11027360358826864,B.LIN.CSE025,44,0,1993,0.06818181818181818,3,44,0
3,0,ISIC,0,class,0.2733144523901393,0.10737534330903173,B.LIN.CSE025,40,0,1993,0.275,3,40,0
7,0,ISIC,0,class,0.3052491221605425,0.10684262747215827,B.LIN.CSE025,24,0,1993,0.25,3,22,0
5,0,ISIC,0,class,0.30808908764329157,0.10460390613449926,B.LIN.CSE025,37,0,1993,0.21621621621621623,3,37,0
6,0,ISIC,0,class,0.4589101402847264,0.108888172603056,B.LIN.CSE025,26,0,1993,0.038461538461538464,3,26,0
all,0,ISIC,0,old,0.3682319305991572,0.10770149817713977,B.LIN.CSE025,149,0,1993,0.16778523489932887,3,147,0
all,0,ISIC,0,current,0.3703326966699155,0.10637201610564966,B.LIN.CSE025,63,0,1993,0.14285714285714285,3,63,0
all,0,ISIC,0,tail,0.38515285158511814,0.10790631094022508,B.LIN.CSE025,50,0,1993,0.14,3,48,0
4,1,ISIC,1,class,0.32206672659096736,0.4230485735431157,B.RF1.CSE1,41,0,1993,0.6829268292682927,3,41,0
0,0,ISIC,1,class,0.5354863743965929,0.44119363064084194,B.RF1.CSE1,44,0,1993,0.4090909090909091,3,44,0
3,0,ISIC,1,class,0.2608365906772697,0.4295013732361269,B.RF1.CSE1,40,0,1993,0.85,3,40,0
7,2,ISIC,0,class,0.28439460111303355,0.4264274375473729,B.RF1.CSE1,24,0,1993,0.75,3,21,0
5,0,ISIC,1,class,0.31538930171410967,0.4181054888594964,B.RF1.CSE1,37,0,1993,0.6486486486486487,3,37,0
6,1,ISIC,0,class,0.46938640346659205,0.43598717215319055,B.RF1.CSE1,26,0,1993,0.46153846153846156,3,26,0
all,3,ISIC,3,old,0.36258436454686804,0.4306833872083679,B.RF1.CSE1,149,0,1993,0.6577181208053692,3,146,0
all,1,ISIC,1,current,0.37894366116751516,0.42548523117117965,B.RF1.CSE1,63,0,1993,0.5714285714285714,3,63,0
all,3,ISIC,0,tail,0.3805903383368839,0.4313984995423981,B.RF1.CSE1,50,0,1993,0.6,3,47,0
4,0,ISIC,0,class,0.32206672659096736,0.10576214338577893,B.RF1.CSE025,41,0,1993,0.17073170731707318,3,41,0
0,0,ISIC,0,class,0.5354863743965929,0.11029840766021048,B.RF1.CSE025,44,0,1993,0.06818181818181818,3,44,0
3,0,ISIC,0,class,0.2608365906772697,0.10737534330903173,B.RF1.CSE025,40,0,1993,0.25,3,40,0
7,1,ISIC,0,class,0.28439460111303355,0.10660685938684322,B.RF1.CSE025,24,0,1993,0.25,3,21,0
5,0,ISIC,0,class,0.31538930171410967,0.1045263722148741,B.RF1.CSE025,37,0,1993,0.2702702702702703,3,37,0
6,1,ISIC,0,class,0.46938640346659205,0.10899679303829765,B.RF1.CSE025,26,0,1993,0.07692307692307693,3,26,0
all,1,ISIC,0,old,0.36258436454686804,0.10767084680209198,B.RF1.CSE025,149,0,1993,0.174496644295302,3,146,0
all,1,ISIC,0,current,0.37894366116751516,0.10637130779279491,B.RF1.CSE025,63,0,1993,0.19047619047619047,3,63,0
all,2,ISIC,0,tail,0.3805903383368839,0.10784962488559952,B.RF1.CSE025,50,0,1993,0.16,3,47,0
4,0,ISIC,0,class,0.32404296389397963,0.34189632921333973,G.RF2.CSE1,41,0,1993,0.6097560975609756,3,41,0
0,1,ISIC,0,class,0.5568182216106189,0.3415550715759028,G.RF2.CSE1,44,0,1993,0.2727272727272727,3,44,0
3,0,ISIC,0,class,0.298657077750459,0.35164834320894156,G.RF2.CSE1,40,0,1993,0.7,3,40,0
7,0,ISIC,1,class,0.25818407561405066,0.3440581694658684,G.RF2.CSE1,24,0,1993,0.6666666666666666,3,21,1
5,0,ISIC,1,class,0.29051726792413735,0.33423870381869636,G.RF2.CSE1,37,0,1993,0.5945945945945946,3,37,0
6,0,ISIC,0,class,0.45795088469093675,0.3416604442794686,G.RF2.CSE1,26,0,1993,0.38461538461538464,3,26,0
all,1,ISIC,1,old,0.37535882010252325,0.3447617613599004,G.RF2.CSE1,149,0,1993,0.5436241610738255,3,146,1
all,0,ISIC,1,current,0.3596168557961498,0.3373016443263167,G.RF2.CSE1,63,0,1993,0.5079365079365079,3,63,0
all,0,ISIC,1,tail,0.3620628163340314,0.3428113523689406,G.RF2.CSE1,50,0,1993,0.52,3,47,1
4,0,ISIC,0,class,0.32404296389397963,0.08547408230333493,G.RF2.CSE025,41,0,1993,0.1951219512195122,3,41,0
0,0,ISIC,0,class,0.5568182216106189,0.08538876789397569,G.RF2.CSE025,44,0,1993,0.09090909090909091,3,44,0
3,0,ISIC,0,class,0.298657077750459,0.08791208580223539,G.RF2.CSE025,40,0,1993,0.125,3,40,0
7,0,ISIC,0,class,0.25818407561405066,0.08601454236646712,G.RF2.CSE025,24,0,1993,0.16666666666666666,3,21,0
5,0,ISIC,0,class,0.29051726792413735,0.08355967595467409,G.RF2.CSE025,37,0,1993,0.16216216216216217,3,37,0
6,0,ISIC,0,class,0.45795088469093675,0.08541511106986716,G.RF2.CSE025,26,0,1993,0.07692307692307693,3,26,0
all,0,ISIC,0,old,0.37535882010252325,0.0861904403399751,G.RF2.CSE025,149,0,1993,0.14093959731543623,3,146,0
all,0,ISIC,0,current,0.3596168557961498,0.08432541108157918,G.RF2.CSE025,63,0,1993,0.12698412698412698,3,63,0
all,0,ISIC,0,tail,0.3620628163340314,0.08570283809223515,G.RF2.CSE025,50,0,1993,0.12,3,47,0
4,1,ISIC,1,class,0.32312421320149587,0.4230485735431156,B.RF2.CSE1,41,0,1993,0.7073170731707317,3,41,0
0,0,ISIC,0,class,0.5266268526518872,0.4413616622622715,B.RF2.CSE1,44,0,1993,0.4090909090909091,3,44,0
3,0,ISIC,1,class,0.25341824159753,0.42905917230507884,B.RF2.CSE1,40,0,1993,0.9,3,40,0
7,1,ISIC,0,class,0.2838663432367241,0.4271836787517924,B.RF2.CSE1,24,0,1993,0.75,3,21,1
5,0,ISIC,0,class,0.30842687472039865,0.41853017723331387,B.RF2.CSE1,37,0,1993,0.7567567567567568,3,37,0
6,0,ISIC,0,class,0.46308637486181986,0.43555269041222383,B.RF2.CSE1,26,0,1993,0.46153846153846156,3,26,0
all,2,ISIC,2,old,0.3581825245605836,0.43073610628895215,B.RF2.CSE1,149,0,1993,0.6778523489932886,3,146,1
all,0,ISIC,0,current,0.37225460493749307,0.4255553414023878,B.RF2.CSE1,63,0,1993,0.6349206349206349,3,63,0
all,1,ISIC,0,tail,0.37706075968177394,0.4315355648152168,B.RF2.CSE1,50,0,1993,0.6,3,47,1
4,0,ISIC,1,class,0.32312421320149587,0.10576214338577893,B.RF2.CSE025,41,0,1993,0.1951219512195122,3,41,0
0,0,ISIC,0,class,0.5266268526518872,0.11034041556556792,B.RF2.CSE025,44,0,1993,0.09090909090909091,3,44,0
3,0,ISIC,1,class,0.25341824159753,0.10726479307626972,B.RF2.CSE025,40,0,1993,0.25,3,40,0
7,0,ISIC,0,class,0.2838663432367241,0.10679591968794809,B.RF2.CSE025,24,0,1993,0.16666666666666666,3,21,0
5,0,ISIC,0,class,0.30842687472039865,0.10463254430832847,B.RF2.CSE025,37,0,1993,0.24324324324324326,3,37,0
6,0,ISIC,0,class,0.46308637486181986,0.108888172603056,B.RF2.CSE025,26,0,1993,0.038461538461538464,3,26,0
all,0,ISIC,2,old,0.3581825245605836,0.10768402657223804,B.RF2.CSE025,149,0,1993,0.174496644295302,3,146,0
all,0,ISIC,0,current,0.37225460493749307,0.10638883535059696,B.RF2.CSE025,63,0,1993,0.15873015873015872,3,63,0
all,0,ISIC,0,tail,0.37706075968177394,0.1078838912038042,B.RF2.CSE025,50,0,1993,0.1,3,47,0
4,0,ISIC,0,class,0.3451004890654615,0.3424236875631555,G.RF1.CSEperm1,41,0,1993,0.5609756097560976,3,41,2
0,0,ISIC,0,class,0.5350276625778461,0.3410462558800976,G.RF1.CSEperm1,44,0,1993,0.2727272727272727,3,44,0
3,0,ISIC,0,class,0.2926149974823784,0.3516711160898487,G.RF1.CSEperm1,40,0,1993,0.65,3,40,0
7,1,ISIC,1,class,0.2875455397077779,0.34291321608476366,G.RF1.CSEperm1,24,0,1993,0.6666666666666666,3,22,1
5,0,ISIC,0,class,0.32283318174208925,0.33330935585494537,G.RF1.CSEperm1,37,0,1993,0.5135135135135135,3,37,0
6,1,ISIC,0,class,0.4525430212734094,0.34211485435190025,G.RF1.CSEperm1,26,0,1993,0.4230769230769231,3,26,0
all,1,ISIC,1,old,0.37782570508316077,0.3445783105935701,G.RF1.CSEperm1,149,0,1993,0.5167785234899329,3,147,3
all,1,ISIC,0,current,0.3763642266280308,0.336943371107657,G.RF1.CSEperm1,63,0,1993,0.47619047619047616,3,63,0
all,2,ISIC,1,tail,0.3733442301219063,0.3424980679836747,G.RF1.CSEperm1,50,0,1993,0.54,3,48,1
4,0,ISIC,0,class,0.32206672659096736,0.4227010074383798,B.RF1.CSEperm1,41,0,1993,0.6829268292682927,3,41,0
0,0,ISIC,0,class,0.5354863743965929,0.4416072730718673,B.RF1.CSEperm1,44,0,1993,0.4318181818181818,3,44,0
3,0,ISIC,0,class,0.2608365906772697,0.4292628158966131,B.RF1.CSEperm1,40,0,1993,0.85,3,40,0
7,2,ISIC,0,class,0.28439460111303355,0.42914745682998373,B.RF1.CSEperm1,24,0,1993,0.75,3,21,0
5,0,ISIC,1,class,0.31538930171410967,0.4180958254517447,B.RF1.CSEperm1,37,0,1993,0.6486486486486487,3,37,0
6,0,ISIC,0,class,0.46938640346659205,0.43083124656130284,B.RF1.CSEperm1,26,0,1993,0.46153846153846156,3,26,1
all,2,ISIC,0,old,0.36258436454686804,0.4310839793283213,B.RF1.CSEperm1,149,0,1993,0.6644295302013423,3,146,0
all,0,ISIC,1,current,0.37894366116751516,0.4233517135287052,B.RF1.CSEperm1,63,0,1993,0.5714285714285714,3,63,1
all,2,ISIC,0,tail,0.3805903383368839,0.43002302749026966,B.RF1.CSEperm1,50,0,1993,0.6,3,47,1
4,1,ISIC,0,class,0.19989613740596868,0.3400124912859337,G.LIN.CSE1,41,0,1993,0.7317073170731707,4,39,0
0,0,ISIC,0,class,0.3050305300307496,0.34993916289527216,G.LIN.CSE1,44,0,1993,0.6818181818181818,4,44,0
3,1,ISIC,0,class,0.20987982150240062,0.35276763412863615,G.LIN.CSE1,40,0,1993,0.875,4,40,0
7,0,ISIC,0,class,0.2378954459657696,0.3412719799096468,G.LIN.CSE1,24,0,1993,0.7083333333333334,4,21,0
5,1,ISIC,0,class,0.2300596166931169,0.33398241095966535,G.LIN.CSE1,37,0,1993,0.7027027027027027,4,36,0
6,0,ISIC,0,class,0.42856240799551326,0.34595991645401536,G.LIN.CSE1,26,0,1993,0.38461538461538464,4,26,1
2,0,ISIC,3,class,0.15948675077910407,0.3359018796879865,G.LIN.CSE1,46,0,1993,0.8913043478260869,4,46,1
1,1,ISIC,0,class,0.23026996827335236,0.35012668625672505,G.LIN.CSE1,37,0,1993,0.7027027027027027,4,36,0
all,3,ISIC,0,old,0.2612103629424569,0.34429893974718984,G.LIN.CSE1,212,0,1993,0.6981132075471698,4,206,1
all,1,ISIC,3,current,0.19104071520425095,0.34224305851983383,G.LIN.CSE1,83,0,1993,0.8072289156626506,4,82,1
all,0,ISIC,0,tail,0.3370422662212363,0.34370970691271835,G.LIN.CSE1,50,0,1993,0.54,4,47,1
4,0,ISIC,0,class,0.19989613740596868,0.08500312282148341,G.LIN.CSE025,41,0,1993,0.3170731707317073,4,39,0
0,0,ISIC,0,class,0.3050305300307496,0.08748479072381804,G.LIN.CSE025,44,0,1993,0.20454545454545456,4,44,0
3,0,ISIC,0,class,0.20987982150240062,0.08819190853215904,G.LIN.CSE025,40,0,1993,0.2,4,40,0
7,0,ISIC,0,class,0.2378954459657696,0.0853179949774117,G.LIN.CSE025,24,0,1993,0.375,4,21,0
5,0,ISIC,0,class,0.2300596166931169,0.08349560273991632,G.LIN.CSE025,37,0,1993,0.32432432432432434,4,36,0
6,0,ISIC,0,class,0.42856240799551326,0.08648997911350387,G.LIN.CSE025,26,0,1993,0.07692307692307693,4,26,0
2,0,ISIC,1,class,0.15948675077910407,0.08397546992199661,G.LIN.CSE025,46,0,1993,0.41304347826086957,4,46,0
1,1,ISIC,0,class,0.23026996827335236,0.08753167156418126,G.LIN.CSE025,37,0,1993,0.32432432432432434,4,36,0
all,0,ISIC,0,old,0.2612103629424569,0.08607473493679745,G.LIN.CSE025,212,0,1993,0.25,4,206,0
all,1,ISIC,1,current,0.19104071520425095,0.08556076462995846,G.LIN.CSE025,83,0,1993,0.37349397590361444,4,82,0
all,0,ISIC,0,tail,0.3370422662212363,0.08592742672817959,G.LIN.CSE025,50,0,1993,0.22,4,47,0
4,2,ISIC,0,class,0.20300926542171685,0.3404027761808766,G.RF1.CSE1,41,0,1993,0.7560975609756098,4,39,0
0,0,ISIC,0,class,0.3073888941784225,0.35071987762683454,G.RF1.CSE1,44,0,1993,0.6818181818181818,4,44,0
3,1,ISIC,0,class,0.20282848737697162,0.35304727625663235,G.RF1.CSE1,40,0,1993,0.825,4,40,0
7,0,ISIC,1,class,0.23485741220189402,0.3411473686564446,G.RF1.CSE1,24,0,1993,0.7083333333333334,4,18,1
5,0,ISIC,1,class,0.23086226904150414,0.3343616662493677,G.RF1.CSE1,37,0,1993,0.7027027027027027,4,36,0
6,0,ISIC,0,class,0.4273715742486462,0.34437544567517275,G.RF1.CSE1,26,0,1993,0.38461538461538464,4,25,0
2,0,ISIC,0,class,0.1682587077663003,0.33539761532873696,G.RF1.CSE1,46,0,1993,0.8695652173913043,4,46,1
1,1,ISIC,0,class,0.22768807041295416,0.35019430576626887,G.RF1.CSE1,37,0,1993,0.7027027027027027,4,36,0
all,3,ISIC,2,old,0.26062157310880074,0.3444469791311213,G.RF1.CSE1,212,0,1993,0.6933962264150944,4,202,1
all,1,ISIC,0,current,0.19475131521119418,0.3419937303430584,G.RF1.CSE1,83,0,1993,0.7951807228915663,4,82,1
all,0,ISIC,1,tail,0.3349647764662052,0.3428259687061832,G.RF1.CSE1,50,0,1993,0.54,4,43,1
4,0,ISIC,0,class,0.20300926542171685,0.08510069404521915,G.RF1.CSE025,41,0,1993,0.36585365853658536,4,39,0
0,0,ISIC,0,class,0.3073888941784225,0.08767996940670864,G.RF1.CSE025,44,0,1993,0.1590909090909091,4,44,0
3,0,ISIC,0,class,0.20282848737697162,0.08826181906415809,G.RF1.CSE025,40,0,1993,0.3,4,40,0
7,0,ISIC,0,class,0.23485741220189402,0.08528684216411116,G.RF1.CSE025,24,0,1993,0.2916666666666667,4,18,0
5,0,ISIC,1,class,0.23086226904150414,0.08359041656234192,G.RF1.CSE025,37,0,1993,0.21621621621621623,4,36,0
6,0,ISIC,0,class,0.4273715742486462,0.08609386141879319,G.RF1.CSE025,26,0,1993,0.11538461538461539,4,25,0
2,0,ISIC,0,class,0.1682587077663003,0.08384940383218424,G.RF1.CSE025,46,0,1993,0.2826086956521739,4,46,0
1,0,ISIC,0,class,0.22768807041295416,0.08754857644156722,G.RF1.CSE025,37,0,1993,0.2972972972972973,4,36,0
all,0,ISIC,1,old,0.26062157310880074,0.08611174478278033,G.RF1.CSE025,212,0,1993,0.24528301886792453,4,202,0
all,0,ISIC,0,current,0.19475131521119418,0.0854984325857646,G.RF1.CSE025,83,0,1993,0.2891566265060241,4,82,0
all,0,ISIC,0,tail,0.3349647764662052,0.0857064921765458,G.RF1.CSE025,50,0,1993,0.2,4,43,0
4,1,ISIC,0,class,0.20409160311533006,0.42406908504903695,B.LIN.CSE1,41,0,1993,0.9024390243902439,4,41,0
0,0,ISIC,0,class,0.29188849339667,0.4437847008927241,B.LIN.CSE1,44,0,1993,0.8409090909090909,4,44,0
3,1,ISIC,1,class,0.1879670780075196,0.4323781327135219,B.LIN.CSE1,40,0,1993,0.95,4,40,0
7,0,ISIC,0,class,0.23303289792747303,0.42767074334928007,B.LIN.CSE1,24,0,1993,0.7916666666666666,4,20,2
5,0,ISIC,0,class,0.20826566305460625,0.42056096581974767,B.LIN.CSE1,37,0,1993,0.8648648648648649,4,36,1
6,0,ISIC,0,class,0.4268337209686841,0.4375169525631778,B.LIN.CSE1,26,0,1993,0.46153846153846156,4,26,0
2,0,ISIC,2,class,0.15843635249160687,0.42586903978944785,B.LIN.CSE1,46,0,1993,0.9782608695652174,4,45,3
1,2,ISIC,0,class,0.22218993669369827,0.4360391858111007,B.LIN.CSE1,37,0,1993,0.8648648648648649,4,36,0
all,2,ISIC,1,old,0.25059353012239793,0.4311734857414493,B.LIN.CSE1,212,0,1993,0.8254716981132075,4,207,3
all,2,ISIC,2,current,0.18685662496723798,0.4304027193412689,B.LIN.CSE1,83,0,1993,0.927710843373494,4,81,3
all,0,ISIC,0,tail,0.33380932590890283,0.4327907721405069,B.LIN.CSE1,50,0,1993,0.62,4,46,2
4,1,ISIC,0,class,0.20409160311533006,0.10601727126225922,B.LIN.CSE025,41,0,1993,0.3902439024390244,4,41,0
0,0,ISIC,0,class,0.29188849339667,0.11094617522318101,B.LIN.CSE025,44,0,1993,0.22727272727272727,4,44,0
3,0,ISIC,0,class,0.1879670780075196,0.10809453317838047,B.LIN.CSE025,40,0,1993,0.375,4,40,0
7,0,ISIC,0,class,0.23303289792747303,0.10691768583732002,B.LIN.CSE025,24,0,1993,0.4583333333333333,4,20,0
5,0,ISIC,0,class,0.20826566305460625,0.10514024145493692,B.LIN.CSE025,37,0,1993,0.3783783783783784,4,36,0
6,0,ISIC,0,class,0.4268337209686841,0.10937923814079445,B.LIN.CSE025,26,0,1993,0.11538461538461539,4,26,0
2,0,ISIC,0,class,0.15843635249160687,0.10646725994736196,B.LIN.CSE025,46,0,1993,0.43478260869565216,4,45,0
1,1,ISIC,0,class,0.22218993669369827,0.1090097964527752,B.LIN.CSE025,37,0,1993,0.40540540540540543,4,36,0
all,1,ISIC,0,old,0.25059353012239793,0.10779337143536231,B.LIN.CSE025,212,0,1993,0.32547169811320753,4,207,0
all,1,ISIC,0,current,0.18685662496723798,0.10760067983531725,B.LIN.CSE025,83,0,1993,0.42168674698795183,4,81,0
all,0,ISIC,0,tail,0.33380932590890283,0.10819769303512672,B.LIN.CSE025,50,0,1993,0.28,4,46,0
4,2,ISIC,1,class,0.1969032655556323,0.4240690850490369,B.RF1.CSE1,41,0,1993,0.926829268292683,4,38,0
0,0,ISIC,0,class,0.30825482242416785,0.44368012330711254,B.RF1.CSE1,44,0,1993,0.7727272727272727,4,44,0
3,0,ISIC,1,class,0.1726849693534417,0.4320329553966844,B.RF1.CSE1,40,0,1993,0.95,4,40,0
7,1,ISIC,0,class,0.2265357811020673,0.428139504433864,B.RF1.CSE1,24,0,1993,0.7916666666666666,4,20,0
5,0,ISIC,1,class,0.22093169449290198,0.4208509859464868,B.RF1.CSE1,37,0,1993,0.8108108108108109,4,37,1
6,0,ISIC,0,class,0.44869962153835485,0.43853866365788935,B.RF1.CSE1,26,0,1993,0.46153846153846156,4,26,0
2,1,ISIC,3,class,0.14696154006009493,0.4255649508506908,B.RF1.CSE1,46,0,1993,1.0,4,45,0
1,2,ISIC,0,class,0.21471742539352173,0.43653689718301214,B.RF1.CSE1,37,0,1993,0.8378378378378378,4,37,2
all,3,ISIC,3,old,0.25387342665691603,0.43131564136758826,B.RF1.CSE1,212,0,1993,0.8066037735849056,4,205,1
all,3,ISIC,3,current,0.17716597087138158,0.43045605945666543,B.RF1.CSE1,83,0,1993,0.927710843373494,4,82,2
all,1,ISIC,0,tail,0.3420609781289369,0.43354706723035713,B.RF1.CSE1,50,0,1993,0.62,4,46,0
4,1,ISIC,0,class,0.1969032655556323,0.10601727126225924,B.RF1.CSE025,41,0,1993,0.43902439024390244,4,38,0
0,0,ISIC,0,class,0.30825482242416785,0.11092003082677813,B.RF1.CSE025,44,0,1993,0.18181818181818182,4,44,0
3,0,ISIC,0,class,0.1726849693534417,0.1080082388491711,B.RF1.CSE025,40,0,1993,0.425,4,40,0
7,0,ISIC,0,class,0.2265357811020673,0.107034876108466,B.RF1.CSE025,24,0,1993,0.4166666666666667,4,20,0
5,0,ISIC,1,class,0.22093169449290198,0.10521274648662168,B.RF1.CSE025,37,0,1993,0.32432432432432434,4,37,0
6,0,ISIC,0,class,0.44869962153835485,0.10963466591447234,B.RF1.CSE025,26,0,1993,0.11538461538461539,4,26,0
2,0,ISIC,1,class,0.14696154006009493,0.10639123771267271,B.RF1.CSE025,46,0,1993,0.4782608695652174,4,45,0
1,0,ISIC,0,class,0.21471742539352173,0.10913422429575304,B.RF1.CSE025,37,0,1993,0.4594594594594595,4,37,0
all,1,ISIC,1,old,0.25387342665691603,0.10782891034189707,B.RF1.CSE025,212,0,1993,0.32075471698113206,4,205,0
all,0,ISIC,1,current,0.17716597087138158,0.10761401486416634,B.RF1.CSE025,83,0,1993,0.46987951807228917,4,82,0
all,0,ISIC,0,tail,0.3420609781289369,0.1083867668075893,B.RF1.CSE025,50,0,1993,0.26,4,46,0
4,0,ISIC,0,class,0.1974454962735562,0.3402040524953192,G.RF2.CSE1,41,0,1993,0.7804878048780488,4,40,0
0,1,ISIC,0,class,0.32208903901740077,0.3506319963220032,G.RF2.CSE1,44,0,1993,0.6363636363636364,4,44,0
3,0,ISIC,0,class,0.21654392042955067,0.352507466356024,G.RF2.CSE1,40,0,1993,0.8,4,39,0
7,0,ISIC,0,class,0.21916154701704618,0.34261529241854133,G.RF2.CSE1,24,0,1993,0.75,4,20,0
5,0,ISIC,0,class,0.2168429067755228,0.33385308575672384,G.RF2.CSE1,37,0,1993,0.7027027027027027,4,36,3
6,0,ISIC,0,class,0.42186886550007413,0.346276412744673,G.RF2.CSE1,26,0,1993,0.38461538461538464,4,26,0
2,0,ISIC,1,class,0.16095924293352915,0.33593537718177313,G.RF2.CSE1,46,0,1993,0.8913043478260869,4,46,1
1,1,ISIC,1,class,0.2321848844252038,0.35033552195588774,G.RF2.CSE1,37,0,1993,0.7297297297297297,4,35,0
all,1,ISIC,0,old,0.26028582577013604,0.3445990121090681,G.RF2.CSE1,212,0,1993,0.6886792452830188,4,205,3
all,1,ISIC,2,current,0.19271043251415523,0.3423547188280652,G.RF2.CSE1,83,0,1993,0.8192771084337349,4,81,1
all,0,ISIC,0,tail,0.32456935262822073,0.3445190749881298,G.RF2.CSE1,50,0,1993,0.56,4,46,0
4,0,ISIC,0,class,0.1974454962735562,0.0850510131238298,G.RF2.CSE025,41,0,1993,0.34146341463414637,4,40,0
0,0,ISIC,0,class,0.32208903901740077,0.0876579990805008,G.RF2.CSE025,44,0,1993,0.11363636363636363,4,44,0
3,0,ISIC,0,class,0.21654392042955067,0.088126866589006,G.RF2.CSE025,40,0,1993,0.3,4,39,0
7,0,ISIC,0,class,0.21916154701704618,0.08565382310463533,G.RF2.CSE025,24,0,1993,0.2916666666666667,4,20,0
5,0,ISIC,0,class,0.2168429067755228,0.08346327143918096,G.RF2.CSE025,37,0,1993,0.32432432432432434,4,36,0
6,0,ISIC,0,class,0.42186886550007413,0.08656910318616826,G.RF2.CSE025,26,0,1993,0.11538461538461539,4,26,0
2,0,ISIC,0,class,0.16095924293352915,0.08398384429544328,G.RF2.CSE025,46,0,1993,0.3695652173913043,4,46,0
1,0,ISIC,1,class,0.2321848844252038,0.08758388048897194,G.RF2.CSE025,37,0,1993,0.32432432432432434,4,35,0
all,0,ISIC,0,old,0.26028582577013604,0.08614975302726703,G.RF2.CSE025,212,0,1993,0.25,4,205,0
all,0,ISIC,1,current,0.19271043251415523,0.0855886797070163,G.RF2.CSE025,83,0,1993,0.3493975903614458,4,81,0
all,0,ISIC,0,tail,0.32456935262822073,0.08612976874703246,G.RF2.CSE025,50,0,1993,0.2,4,46,0
4,4,ISIC,0,class,0.19884812789334783,0.4240690850490369,B.RF2.CSE1,41,0,1993,0.926829268292683,4,40,0
0,0,ISIC,1,class,0.28884997818887354,0.4441476825623926,B.RF2.CSE1,44,0,1993,0.7954545454545454,4,44,0
3,0,ISIC,1,class,0.17781033188862957,0.4323781327135219,B.RF2.CSE1,40,0,1993,0.95,4,40,1
7,1,ISIC,0,class,0.2311301973547307,0.42787832237369,B.RF2.CSE1,24,0,1993,0.8333333333333334,4,20,0
5,0,ISIC,0,class,0.19484506528082687,0.4207563277800953,B.RF2.CSE1,37,0,1993,0.8918918918918919,4,36,1
6,0,ISIC,0,class,0.42148355926966785,0.4384938649866284,B.RF2.CSE1,26,0,1993,0.5384615384615384,4,26,0
2,2,ISIC,3,class,0.16168872345893426,0.42558899345630247,B.RF2.CSE1,46,0,1993,0.9347826086956522,4,45,0
1,2,ISIC,0,class,0.23691656433581806,0.4363064251454851,B.RF2.CSE1,37,0,1993,0.8648648648648649,4,36,0
all,5,ISIC,2,old,0.24381863326603007,0.43142622727726926,B.RF2.CSE1,212,0,1993,0.839622641509434,4,206,2
all,4,ISIC,3,current,0.19522402601850897,0.4303666437273838,B.RF2.CSE1,83,0,1993,0.9036144578313253,4,81,0
all,1,ISIC,0,tail,0.33011394555049806,0.4333984045324179,B.RF2.CSE1,50,0,1993,0.68,4,46,0
4,1,ISIC,0,class,0.19884812789334783,0.10601727126225922,B.RF2.CSE025,41,0,1993,0.43902439024390244,4,40,0
0,0,ISIC,1,class,0.28884997818887354,0.11103692064059816,B.RF2.CSE025,44,0,1993,0.2727272727272727,4,44,0
3,0,ISIC,1,class,0.17781033188862957,0.10809453317838047,B.RF2.CSE025,40,0,1993,0.325,4,40,0
7,0,ISIC,0,class,0.2311301973547307,0.10696958059342249,B.RF2.CSE025,24,0,1993,0.3333333333333333,4,20,0
5,0,ISIC,0,class,0.19484506528082687,0.10518908194502383,B.RF2.CSE025,37,0,1993,0.40540540540540543,4,36,0
6,0,ISIC,0,class,0.42148355926966785,0.1096234662466571,B.RF2.CSE025,26,0,1993,0.15384615384615385,4,26,0
2,0,ISIC,2,class,0.16168872345893426,0.10639724836407562,B.RF2.CSE025,46,0,1993,0.45652173913043476,4,45,0
1,0,ISIC,0,class,0.23691656433581806,0.10907660628637128,B.RF2.CSE025,37,0,1993,0.43243243243243246,4,36,0
all,1,ISIC,2,old,0.24381863326603007,0.10785655681931731,B.RF2.CSE025,212,0,1993,0.330188679245283,4,206,0
all,0,ISIC,2,current,0.19522402601850897,0.10759166093184595,B.RF2.CSE025,83,0,1993,0.4457831325301205,4,81,0
all,0,ISIC,0,tail,0.33011394555049806,0.10834960113310448,B.RF2.CSE025,50,0,1993,0.24,4,46,0
4,2,ISIC,0,class,0.20300926542171685,0.34058268241010153,G.RF1.CSEperm1,41,0,1993,0.7560975609756098,4,39,3
0,0,ISIC,1,class,0.3073888941784225,0.34331605872348236,G.RF1.CSEperm1,44,0,1993,0.6590909090909091,4,44,0
3,0,ISIC,0,class,0.20282848737697162,0.34988774988622484,G.RF1.CSEperm1,40,0,1993,0.825,4,40,0
7,0,ISIC,1,class,0.23485741220189402,0.34136775076134196,G.RF1.CSEperm1,24,0,1993,0.7083333333333334,4,18,0
5,0,ISIC,1,class,0.23086226904150414,0.33283618312031144,G.RF1.CSEperm1,37,0,1993,0.7027027027027027,4,36,0
6,0,ISIC,1,class,0.4273715742486462,0.3425865952932124,G.RF1.CSEperm1,26,0,1993,0.38461538461538464,4,25,0
2,1,ISIC,0,class,0.1682587077663003,0.3366653775385915,G.RF1.CSEperm1,46,0,1993,0.8695652173913043,4,46,2
1,2,ISIC,0,class,0.22768807041295416,0.3457795943952286,G.RF1.CSEperm1,37,0,1993,0.7027027027027027,4,36,0
all,2,ISIC,4,old,0.26062157310880074,0.3418883152332247,G.RF1.CSEperm1,212,0,1993,0.6886792452830188,4,202,3
all,3,ISIC,0,current,0.19475131521119418,0.34072834167950206,G.RF1.CSEperm1,83,0,1993,0.7951807228915663,4,82,2
all,0,ISIC,2,tail,0.3349647764662052,0.3420015499179147,G.RF1.CSEperm1,50,0,1993,0.54,4,43,0
4,3,ISIC,0,class,0.1969032655556323,0.42122387538772244,B.RF1.CSEperm1,41,0,1993,0.9024390243902439,4,38,1
0,0,ISIC,0,class,0.30825482242416785,0.4441577223264556,B.RF1.CSEperm1,44,0,1993,0.7727272727272727,4,44,1
3,1,ISIC,2,class,0.1726849693534417,0.4314917744429512,B.RF1.CSEperm1,40,0,1993,0.95,4,40,0
7,0,ISIC,0,class,0.2265357811020673,0.4307441523827742,B.RF1.CSEperm1,24,0,1993,0.7916666666666666,4,20,1
5,0,ISIC,0,class,0.22093169449290198,0.4190519595847688,B.RF1.CSEperm1,37,0,1993,0.8108108108108109,4,37,1
6,0,ISIC,0,class,0.44869962153835485,0.4336261889702318,B.RF1.CSEperm1,26,0,1993,0.46153846153846156,4,26,0
2,1,ISIC,0,class,0.14696154006009493,0.42465542712662974,B.RF1.CSEperm1,46,0,1993,1.0,4,45,0
1,3,ISIC,0,class,0.21471742539352173,0.4343782760695829,B.RF1.CSEperm1,37,0,1993,0.8108108108108109,4,37,0
all,4,ISIC,2,old,0.25387342665691603,0.430140814745414,B.RF1.CSEperm1,212,0,1993,0.8018867924528302,4,205,4
all,4,ISIC,0,current,0.17716597087138158,0.4289897091855366,B.RF1.CSEperm1,83,0,1993,0.9156626506024096,4,82,0
all,0,ISIC,0,tail,0.3420609781289369,0.43224281140825205,B.RF1.CSEperm1,50,0,1993,0.62,4,46,1
3,1,ISIC,0,class,0.42119106829445396,0.34745669650559885,G.LIN.CSE1,40,0,1994,0.4,1,40,0
7,0,ISIC,0,class,0.3245577155085377,0.33415611779349835,G.LIN.CSE1,24,0,1994,0.5,1,24,0
all,0,ISIC,0,old,,,G.LIN.CSE1,0,0,1994,,1,0,0
all,1,ISIC,0,current,0.3849535609997354,0.34246897948856114,G.LIN.CSE1,64,0,1994,0.4375,1,64,0
all,0,ISIC,0,tail,0.3245577155085377,0.33415611779349835,G.LIN.CSE1,24,0,1994,0.5,1,24,0
3,1,ISIC,0,class,0.42119106829445396,0.08686417412639971,G.LIN.CSE025,40,0,1994,0.175,1,40,0
7,0,ISIC,0,class,0.3245577155085377,0.0835390294483746,G.LIN.CSE025,24,0,1994,0.25,1,24,0
all,0,ISIC,0,old,,,G.LIN.CSE025,0,0,1994,,1,0,0
all,1,ISIC,0,current,0.3849535609997354,0.0856172448721403,G.LIN.CSE025,64,0,1994,0.203125,1,64,0
all,0,ISIC,0,tail,0.3245577155085377,0.0835390294483746,G.LIN.CSE025,24,0,1994,0.25,1,24,0
3,1,ISIC,0,class,0.380752077748686,0.34745669650559885,G.RF1.CSE1,40,0,1994,0.45,1,40,0
7,0,ISIC,2,class,0.29825182485660745,0.3341561177934984,G.RF1.CSE1,24,0,1994,0.5,1,24,0
all,0,ISIC,0,old,,,G.RF1.CSE1,0,0,1994,,1,0,0
all,1,ISIC,2,current,0.3498144829141566,0.34246897948856114,G.RF1.CSE1,64,0,1994,0.46875,1,64,0
all,0,ISIC,2,tail,0.29825182485660745,0.3341561177934984,G.RF1.CSE1,24,0,1994,0.5,1,24,0
3,1,ISIC,0,class,0.380752077748686,0.08686417412639971,G.RF1.CSE025,40,0,1994,0.2,1,40,0
7,0,ISIC,1,class,0.29825182485660745,0.08353902944837459,G.RF1.CSE025,24,0,1994,0.25,1,24,0
all,0,ISIC,0,old,,,G.RF1.CSE025,0,0,1994,,1,0,0
all,1,ISIC,1,current,0.3498144829141566,0.08561724487214029,G.RF1.CSE025,64,0,1994,0.21875,1,64,0
all,0,ISIC,1,tail,0.29825182485660745,0.08353902944837459,G.RF1.CSE025,24,0,1994,0.25,1,24,0
3,0,ISIC,0,class,0.688983874326608,0.4177247792142732,B.LIN.CSE1,40,0,1994,0.15,1,40,0
7,0,ISIC,0,class,0.49635129305005443,0.42599071585052056,B.LIN.CSE1,24,0,1994,0.4166666666666667,1,24,0
all,0,ISIC,0,old,,,B.LIN.CSE1,0,0,1994,,1,0,0
all,0,ISIC,0,current,0.6167466563479003,0.4208245054528659,B.LIN.CSE1,64,0,1994,0.25,1,64,0
all,0,ISIC,0,tail,0.49635129305005443,0.42599071585052056,B.LIN.CSE1,24,0,1994,0.4166666666666667,1,24,0
3,0,ISIC,0,class,0.688983874326608,0.10443119480356829,B.LIN.CSE025,40,0,1994,0.05,1,40,0
7,0,ISIC,0,class,0.49635129305005443,0.10649767896263014,B.LIN.CSE025,24,0,1994,0.125,1,24,0
all,0,ISIC,0,old,,,B.LIN.CSE025,0,0,1994,,1,0,0
all,0,ISIC,0,current,0.6167466563479003,0.10520612636321647,B.LIN.CSE025,64,0,1994,0.078125,1,64,0
all,0,ISIC,0,tail,0.49635129305005443,0.10649767896263014,B.LIN.CSE025,24,0,1994,0.125,1,24,0
3,0,ISIC,0,class,0.6722129830174228,0.4177247792142732,B.RF1.CSE1,40,0,1994,0.175,1,40,0
7,0,ISIC,0,class,0.48964137709304695,0.42599071585052056,B.RF1.CSE1,24,0,1994,0.4166666666666667,1,24,0
all,0,ISIC,0,old,,,B.RF1.CSE1,0,0,1994,,1,0,0
all,0,ISIC,0,current,0.6037486307957818,0.4208245054528659,B.RF1.CSE1,64,0,1994,0.265625,1,64,0
all,0,ISIC,0,tail,0.48964137709304695,0.42599071585052056,B.RF1.CSE1,24,0,1994,0.4166666666666667,1,24,0
3,0,ISIC,0,class,0.6722129830174228,0.10443119480356829,B.RF1.CSE025,40,0,1994,0.05,1,40,0
7,0,ISIC,0,class,0.48964137709304695,0.10649767896263013,B.RF1.CSE025,24,0,1994,0.08333333333333333,1,24,0
all,0,ISIC,0,old,,,B.RF1.CSE025,0,0,1994,,1,0,0
all,0,ISIC,0,current,0.6037486307957818,0.1052061263632165,B.RF1.CSE025,64,0,1994,0.0625,1,64,0
all,0,ISIC,0,tail,0.48964137709304695,0.10649767896263013,B.RF1.CSE025,24,0,1994,0.08333333333333333,1,24,0
3,0,ISIC,0,class,0.6506085130781164,0.3474566965055989,G.RF2.CSE1,40,0,1994,0.25,1,40,0
7,0,ISIC,1,class,0.4473184883130838,0.3341561177934984,G.RF2.CSE1,24,0,1994,0.375,1,24,0
all,0,ISIC,0,old,,,G.RF2.CSE1,0,0,1994,,1,0,0
all,0,ISIC,1,current,0.5743747537912292,0.34246897948856125,G.RF2.CSE1,64,0,1994,0.296875,1,64,0
all,0,ISIC,1,tail,0.4473184883130838,0.3341561177934984,G.RF2.CSE1,24,0,1994,0.375,1,24,0
3,0,ISIC,0,class,0.6506085130781164,0.08686417412639973,G.RF2.CSE025,40,0,1994,0.1,1,40,0
7,0,ISIC,1,class,0.4473184883130838,0.0835390294483746,G.RF2.CSE025,24,0,1994,0.16666666666666666,1,24,0
all,0,ISIC,0,old,,,G.RF2.CSE025,0,0,1994,,1,0,0
all,0,ISIC,1,current,0.5743747537912292,0.08561724487214031,G.RF2.CSE025,64,0,1994,0.125,1,64,0
all,0,ISIC,1,tail,0.4473184883130838,0.0835390294483746,G.RF2.CSE025,24,0,1994,0.16666666666666666,1,24,0
3,0,ISIC,0,class,0.662068856148839,0.41772477921427315,B.RF2.CSE1,40,0,1994,0.15,1,40,0
7,0,ISIC,0,class,0.4802232005119021,0.42599071585052056,B.RF2.CSE1,24,0,1994,0.4166666666666667,1,24,0
all,0,ISIC,0,old,,,B.RF2.CSE1,0,0,1994,,1,0,0
all,0,ISIC,0,current,0.5938767352849876,0.4208245054528659,B.RF2.CSE1,64,0,1994,0.25,1,64,0
all,0,ISIC,0,tail,0.4802232005119021,0.42599071585052056,B.RF2.CSE1,24,0,1994,0.4166666666666667,1,24,0
3,0,ISIC,0,class,0.662068856148839,0.10443119480356829,B.RF2.CSE025,40,0,1994,0.025,1,40,0
7,0,ISIC,0,class,0.4802232005119021,0.10649767896263014,B.RF2.CSE025,24,0,1994,0.16666666666666666,1,24,0
all,0,ISIC,0,old,,,B.RF2.CSE025,0,0,1994,,1,0,0
all,0,ISIC,0,current,0.5938767352849876,0.1052061263632165,B.RF2.CSE025,64,0,1994,0.078125,1,64,0
all,0,ISIC,0,tail,0.4802232005119021,0.10649767896263014,B.RF2.CSE025,24,0,1994,0.16666666666666666,1,24,0
3,0,ISIC,3,class,0.380752077748686,0.3474566965055989,G.RF1.CSEperm1,40,0,1994,0.45,1,40,0
7,0,ISIC,0,class,0.29825182485660745,0.33415611779349835,G.RF1.CSEperm1,24,0,1994,0.5,1,24,0
all,0,ISIC,0,old,,,G.RF1.CSEperm1,0,0,1994,,1,0,0
all,0,ISIC,3,current,0.3498144829141566,0.34246897948856114,G.RF1.CSEperm1,64,0,1994,0.46875,1,64,0
all,0,ISIC,0,tail,0.29825182485660745,0.33415611779349835,G.RF1.CSEperm1,24,0,1994,0.5,1,24,0
3,0,ISIC,0,class,0.6722129830174228,0.4177247792142732,B.RF1.CSEperm1,40,0,1994,0.175,1,40,0
7,0,ISIC,0,class,0.48964137709304695,0.42599071585052056,B.RF1.CSEperm1,24,0,1994,0.4166666666666667,1,24,0
all,0,ISIC,0,old,,,B.RF1.CSEperm1,0,0,1994,,1,0,0
all,0,ISIC,0,current,0.6037486307957818,0.420824505452866,B.RF1.CSEperm1,64,0,1994,0.265625,1,64,0
all,0,ISIC,0,tail,0.48964137709304695,0.42599071585052056,B.RF1.CSEperm1,24,0,1994,0.4166666666666667,1,24,0
3,6,ISIC,0,class,0.13780440368081795,0.35026148454898065,G.LIN.CSE1,40,0,1994,0.925,2,40,0
7,0,ISIC,0,class,0.18220695766213155,0.3352441280167426,G.LIN.CSE1,24,0,1994,0.7916666666666666,2,24,1
4,0,ISIC,0,class,0.14025679623919196,0.3391885708714275,G.LIN.CSE1,41,0,1994,0.9512195121951219,2,41,0
5,1,ISIC,2,class,0.12360421279087191,0.33329282290442597,G.LIN.CSE1,37,0,1994,1.0,2,37,0
all,6,ISIC,0,old,0.15445536142381056,0.34462997584939137,G.LIN.CSE1,64,0,1994,0.875,2,64,1
all,1,ISIC,2,current,0.13235749383421963,0.3363918699127217,G.LIN.CSE1,78,0,1994,0.9743589743589743,2,78,0
all,0,ISIC,0,tail,0.18220695766213155,0.3352441280167426,G.LIN.CSE1,24,0,1994,0.7916666666666666,2,24,1
3,1,ISIC,0,class,0.13780440368081795,0.08756537113724516,G.LIN.CSE025,40,0,1994,0.5,2,40,0
7,0,ISIC,0,class,0.18220695766213155,0.08381103200418565,G.LIN.CSE025,24,0,1994,0.4583333333333333,2,24,0
4,0,ISIC,0,class,0.14025679623919196,0.08479714271785688,G.LIN.CSE025,41,0,1994,0.4146341463414634,2,41,0
5,0,ISIC,0,class,0.12360421279087191,0.08332320572610648,G.LIN.CSE025,37,0,1994,0.32432432432432434,2,37,0
all,1,ISIC,0,old,0.15445536142381056,0.08615749396234783,G.LIN.CSE025,64,0,1994,0.484375,2,64,0
all,0,ISIC,0,current,0.13235749383421963,0.08409796747818041,G.LIN.CSE025,78,0,1994,0.3717948717948718,2,78,0
all,0,ISIC,0,tail,0.18220695766213155,0.08381103200418565,G.LIN.CSE025,24,0,1994,0.4583333333333333,2,24,0
3,5,ISIC,0,class,0.11839611077471393,0.35026148454898065,G.RF1.CSE1,40,0,1994,0.975,2,40,1
7,0,ISIC,1,class,0.1606126823220552,0.33524412801674247,G.RF1.CSE1,24,0,1994,0.875,2,24,1
4,1,ISIC,0,class,0.1277681938446106,0.3391885708714275,G.RF1.CSE1,41,0,1994,0.9512195121951219,2,41,0
5,1,ISIC,2,class,0.11250430701467626,0.3332928229044259,G.RF1.CSE1,37,0,1994,1.0,2,37,1
all,5,ISIC,1,old,0.13422732510496688,0.34462997584939137,G.RF1.CSE1,64,0,1994,0.9375,2,64,2
all,2,ISIC,2,current,0.12052763214323153,0.33639186991272163,G.RF1.CSE1,78,0,1994,0.9743589743589743,2,78,1
all,0,ISIC,1,tail,0.1606126823220552,0.33524412801674247,G.RF1.CSE1,24,0,1994,0.875,2,24,1
3,0,ISIC,0,class,0.11839611077471393,0.08756537113724516,G.RF1.CSE025,40,0,1994,0.525,2,40,0
7,0,ISIC,0,class,0.1606126823220552,0.08381103200418565,G.RF1.CSE025,24,0,1994,0.4583333333333333,2,24,0
4,1,ISIC,0,class,0.1277681938446106,0.08479714271785688,G.RF1.CSE025,41,0,1994,0.5121951219512195,2,41,0
5,0,ISIC,1,class,0.11250430701467626,0.08332320572610649,G.RF1.CSE025,37,0,1994,0.40540540540540543,2,37,0
all,0,ISIC,0,old,0.13422732510496688,0.08615749396234784,G.RF1.CSE025,64,0,1994,0.5,2,64,0
all,1,ISIC,1,current,0.12052763214323153,0.08409796747818041,G.RF1.CSE025,78,0,1994,0.46153846153846156,2,78,0
all,0,ISIC,0,tail,0.1606126823220552,0.08381103200418565,G.RF1.CSE025,24,0,1994,0.4583333333333333,2,24,0
3,0,ISIC,0,class,0.2609044653647594,0.421887079500712,B.LIN.CSE1,40,0,1994,0.8,2,40,0
7,1,ISIC,0,class,0.26014345388776733,0.42852139013527274,B.LIN.CSE1,24,0,1994,0.75,2,24,1
4,1,ISIC,0,class,0.21367363181205906,0.41898122799532533,B.LIN.CSE1,41,0,1994,0.8536585365853658,2,41,0
5,1,ISIC,1,class,0.21203541608865278,0.4173534474799934,B.LIN.CSE1,37,0,1994,0.8918918918918919,2,37,0
all,1,ISIC,0,old,0.26061908606088735,0.42437494598867237,B.LIN.CSE1,64,0,1994,0.78125,2,64,1
all,2,ISIC,1,current,0.21289652948172533,0.41820907569959087,B.LIN.CSE1,78,0,1994,0.8717948717948718,2,78,0
all,1,ISIC,0,tail,0.26014345388776733,0.42852139013527274,B.LIN.CSE1,24,0,1994,0.75,2,24,1
3,0,ISIC,0,class,0.2609044653647594,0.10547176987517803,B.LIN.CSE025,40,0,1994,0.225,2,40,0
7,0,ISIC,0,class,0.26014345388776733,0.10713034753381818,B.LIN.CSE025,24,0,1994,0.4166666666666667,2,24,0
4,0,ISIC,0,class,0.21367363181205906,0.1047453069988313,B.LIN.CSE025,41,0,1994,0.3170731707317073,2,41,0
5,0,ISIC,0,class,0.21203541608865278,0.10433836186999836,B.LIN.CSE025,37,0,1994,0.32432432432432434,2,37,0
all,0,ISIC,0,old,0.26061908606088735,0.10609373649716808,B.LIN.CSE025,64,0,1994,0.296875,2,64,0
all,0,ISIC,0,current,0.21289652948172533,0.10455226892489772,B.LIN.CSE025,78,0,1994,0.32051282051282054,2,78,0
all,0,ISIC,0,tail,0.26014345388776733,0.10713034753381818,B.LIN.CSE025,24,0,1994,0.4166666666666667,2,24,0
3,0,ISIC,0,class,0.2511127393389847,0.421887079500712,B.RF1.CSE1,40,0,1994,0.825,2,40,0
7,0,ISIC,0,class,0.2513536307084709,0.42852139013527274,B.RF1.CSE1,24,0,1994,0.7916666666666666,2,24,0
4,1,ISIC,0,class,0.21170315029083994,0.4189812279953251,B.RF1.CSE1,41,0,1994,0.8292682926829268,2,41,0
5,2,ISIC,1,class,0.2047051704560523,0.4173534474799934,B.RF1.CSE1,37,0,1994,0.918918918918919,2,37,0
all,0,ISIC,0,old,0.251203073602542,0.4243749459886723,B.RF1.CSE1,64,0,1994,0.8125,2,64,0
all,3,ISIC,1,current,0.20838359575382534,0.41820907569959087,B.RF1.CSE1,78,0,1994,0.8717948717948718,2,78,0
all,0,ISIC,0,tail,0.2513536307084709,0.42852139013527274,B.RF1.CSE1,24,0,1994,0.7916666666666666,2,24,0
3,0,ISIC,0,class,0.2511127393389847,0.10547176987517803,B.RF1.CSE025,40,0,1994,0.225,2,40,0
7,0,ISIC,0,class,0.2513536307084709,0.10713034753381818,B.RF1.CSE025,24,0,1994,0.375,2,24,0
4,0,ISIC,0,class,0.21170315029083994,0.1047453069988313,B.RF1.CSE025,41,0,1994,0.2926829268292683,2,41,0
5,0,ISIC,0,class,0.2047051704560523,0.10433836186999837,B.RF1.CSE025,37,0,1994,0.2972972972972973,2,37,0
all,0,ISIC,0,old,0.251203073602542,0.10609373649716809,B.RF1.CSE025,64,0,1994,0.28125,2,64,0
all,0,ISIC,0,current,0.20838359575382534,0.10455226892489772,B.RF1.CSE025,78,0,1994,0.2948717948717949,2,78,0
all,0,ISIC,0,tail,0.2513536307084709,0.10713034753381818,B.RF1.CSE025,24,0,1994,0.375,2,24,0
3,2,ISIC,0,class,0.2620836605987538,0.35026148454898065,G.RF2.CSE1,40,0,1994,0.7,2,40,0
7,0,ISIC,0,class,0.23743717245174104,0.3352441280167426,G.RF2.CSE1,24,0,1994,0.6666666666666666,2,24,0
4,0,ISIC,0,class,0.20885542305036764,0.3391885708714275,G.RF2.CSE1,41,0,1994,0.7804878048780488,2,41,0
5,0,ISIC,3,class,0.20210900217644104,0.33329282290442597,G.RF2.CSE1,37,0,1994,0.8648648648648649,2,37,1
all,2,ISIC,0,old,0.25284122754362404,0.34462997584939137,G.RF2.CSE1,64,0,1994,0.6875,2,64,0
all,0,ISIC,3,current,0.20565519776401786,0.33639186991272163,G.RF2.CSE1,78,0,1994,0.8205128205128205,2,78,1
all,0,ISIC,0,tail,0.23743717245174104,0.3352441280167426,G.RF2.CSE1,24,0,1994,0.6666666666666666,2,24,0
3,0,ISIC,0,class,0.2620836605987538,0.08756537113724516,G.RF2.CSE025,40,0,1994,0.3,2,40,0
7,0,ISIC,0,class,0.23743717245174104,0.08381103200418562,G.RF2.CSE025,24,0,1994,0.375,2,24,0
4,0,ISIC,0,class,0.20885542305036764,0.08479714271785688,G.RF2.CSE025,41,0,1994,0.14634146341463414,2,41,0
5,0,ISIC,2,class,0.20210900217644104,0.08332320572610649,G.RF2.CSE025,37,0,1994,0.13513513513513514,2,37,0
all,0,ISIC,0,old,0.25284122754362404,0.08615749396234784,G.RF2.CSE025,64,0,1994,0.328125,2,64,0
all,0,ISIC,2,current,0.20565519776401786,0.08409796747818041,G.RF2.CSE025,78,0,1994,0.14102564102564102,2,78,0
all,0,ISIC,0,tail,0.23743717245174104,0.08381103200418562,G.RF2.CSE025,24,0,1994,0.375,2,24,0
3,0,ISIC,0,class,0.23471775951712548,0.421887079500712,B.RF2.CSE1,40,0,1994,0.825,2,40,0
7,0,ISIC,0,class,0.24479972584681767,0.42852139013527274,B.RF2.CSE1,24,0,1994,0.75,2,24,0
4,1,ISIC,0,class,0.20224890936404913,0.4189812279953252,B.RF2.CSE1,41,0,1994,0.8536585365853658,2,41,0
5,1,ISIC,1,class,0.19865608901759266,0.4173534474799934,B.RF2.CSE1,37,0,1994,0.918918918918919,2,37,0
all,0,ISIC,0,old,0.23849849689076005,0.4243749459886723,B.RF2.CSE1,64,0,1994,0.796875,2,64,0
all,2,ISIC,1,current,0.20054462278944798,0.41820907569959087,B.RF2.CSE1,78,0,1994,0.8846153846153846,2,78,0
all,0,ISIC,0,tail,0.24479972584681767,0.42852139013527274,B.RF2.CSE1,24,0,1994,0.75,2,24,0
3,0,ISIC,0,class,0.23471775951712548,0.105471769875178,B.RF2.CSE025,40,0,1994,0.325,2,40,0
7,0,ISIC,0,class,0.24479972584681767,0.10713034753381817,B.RF2.CSE025,24,0,1994,0.375,2,24,0
4,0,ISIC,0,class,0.20224890936404913,0.10474530699883133,B.RF2.CSE025,41,0,1994,0.4146341463414634,2,41,0
5,0,ISIC,0,class,0.19865608901759266,0.10433836186999836,B.RF2.CSE025,37,0,1994,0.40540540540540543,2,37,0
all,0,ISIC,0,old,0.23849849689076005,0.10609373649716808,B.RF2.CSE025,64,0,1994,0.34375,2,64,0
all,0,ISIC,0,current,0.20054462278944798,0.10455226892489772,B.RF2.CSE025,78,0,1994,0.41025641025641024,2,78,0
all,0,ISIC,0,tail,0.24479972584681767,0.10713034753381817,B.RF2.CSE025,24,0,1994,0.375,2,24,0
3,0,ISIC,4,class,0.11839611077471393,0.35026148454898065,G.RF1.CSEperm1,40,0,1994,0.975,2,40,0
7,1,ISIC,1,class,0.1606126823220552,0.3352441280167426,G.RF1.CSEperm1,24,0,1994,0.875,2,24,0
4,3,ISIC,0,class,0.1277681938446106,0.3391885708714275,G.RF1.CSEperm1,41,0,1994,0.9512195121951219,2,41,0
5,2,ISIC,0,class,0.11250430701467626,0.33329282290442597,G.RF1.CSEperm1,37,0,1994,1.0,2,37,1
all,1,ISIC,5,old,0.13422732510496688,0.34462997584939137,G.RF1.CSEperm1,64,0,1994,0.9375,2,64,0
all,5,ISIC,0,current,0.12052763214323153,0.33639186991272163,G.RF1.CSEperm1,78,0,1994,0.9743589743589743,2,78,1
all,1,ISIC,1,tail,0.1606126823220552,0.3352441280167426,G.RF1.CSEperm1,24,0,1994,0.875,2,24,0
3,0,ISIC,0,class,0.2511127393389847,0.421887079500712,B.RF1.CSEperm1,40,0,1994,0.825,2,40,0
7,0,ISIC,0,class,0.2513536307084709,0.42852139013527274,B.RF1.CSEperm1,24,0,1994,0.7916666666666666,2,24,0
4,0,ISIC,0,class,0.21170315029083994,0.4189812279953252,B.RF1.CSEperm1,41,0,1994,0.8292682926829268,2,41,0
5,0,ISIC,0,class,0.2047051704560523,0.4173534474799934,B.RF1.CSEperm1,37,0,1994,0.918918918918919,2,37,0
all,0,ISIC,0,old,0.251203073602542,0.4243749459886723,B.RF1.CSEperm1,64,0,1994,0.8125,2,64,0
all,0,ISIC,0,current,0.20838359575382534,0.41820907569959087,B.RF1.CSEperm1,78,0,1994,0.8717948717948718,2,78,0
all,0,ISIC,0,tail,0.2513536307084709,0.42852139013527274,B.RF1.CSEperm1,24,0,1994,0.7916666666666666,2,24,0
3,5,ISIC,2,class,0.04455126917182524,0.3536076448857774,G.LIN.CSE1,40,0,1994,1.0,3,40,3
7,0,ISIC,1,class,0.12233341531604502,0.34593687974194137,G.LIN.CSE1,24,0,1994,1.0,3,20,1
4,1,ISIC,0,class,0.09528051509305153,0.34124577174545095,G.LIN.CSE1,41,0,1994,1.0,3,40,3
5,1,ISIC,3,class,0.08825961803311233,0.3346102089746257,G.LIN.CSE1,37,0,1994,1.0,3,37,0
1,0,ISIC,0,class,0.09953710621911123,0.3495979061501936,G.LIN.CSE1,37,0,1994,1.0,3,37,1
0,0,ISIC,2,class,0.11757062561855357,0.3504253905226683,G.LIN.CSE1,44,0,1994,1.0,3,44,0
all,7,ISIC,6,old,0.08373351915843914,0.34379186818917135,G.LIN.CSE1,142,0,1994,1.0,3,137,7
all,0,ISIC,2,current,0.10933309206572185,0.35004740383400706,G.LIN.CSE1,81,0,1994,1.0,3,81,1
all,0,ISIC,1,tail,0.12233341531604502,0.34593687974194137,G.LIN.CSE1,24,0,1994,1.0,3,20,1
3,0,ISIC,0,class,0.04455126917182524,0.08840191122144433,G.LIN.CSE025,40,0,1994,0.875,3,40,0
7,0,ISIC,0,class,0.12233341531604502,0.08648421993548534,G.LIN.CSE025,24,0,1994,0.625,3,20,0
4,0,ISIC,0,class,0.09528051509305153,0.08531144293636272,G.LIN.CSE025,41,0,1994,0.5853658536585366,3,40,1
5,0,ISIC,0,class,0.08825961803311233,0.08365255224365642,G.LIN.CSE025,37,0,1994,0.4864864864864865,3,37,0
1,0,ISIC,0,class,0.09953710621911123,0.0873994765375484,G.LIN.CSE025,37,0,1994,0.5405405405405406,3,37,1
0,0,ISIC,0,class,0.11757062561855357,0.08760634763066708,G.LIN.CSE025,44,0,1994,0.36363636363636365,3,44,0
all,0,ISIC,0,old,0.08373351915843914,0.08594796704729284,G.LIN.CSE025,142,0,1994,0.647887323943662,3,137,1
all,0,ISIC,0,current,0.10933309206572185,0.08751185095850177,G.LIN.CSE025,81,0,1994,0.4444444444444444,3,81,1
all,0,ISIC,0,tail,0.12233341531604502,0.08648421993548534,G.LIN.CSE025,24,0,1994,0.625,3,20,0
3,4,ISIC,3,class,0.04471386191992124,0.3536076448857774,G.RF1.CSE1,40,0,1994,1.0,3,40,6
7,0,ISIC,3,class,0.10555037516176667,0.3458709623578038,G.RF1.CSE1,24,0,1994,1.0,3,20,1
4,2,ISIC,0,class,0.08689963125745212,0.34124577174545095,G.RF1.CSE1,41,0,1994,1.0,3,40,1
5,0,ISIC,2,class,0.08210702357877721,0.3346102089746257,G.RF1.CSE1,37,0,1994,1.0,3,37,0
1,0,ISIC,1,class,0.08707316440728102,0.34959790615019365,G.RF1.CSE1,37,0,1994,1.0,3,37,2
0,1,ISIC,1,class,0.10274897181142718,0.3504253905226683,G.RF1.CSE1,44,0,1994,1.0,3,44,1
all,6,ISIC,8,old,0.07691977630034891,0.34378072722283826,G.RF1.CSE1,142,0,1994,1.0,3,137,8
all,1,ISIC,2,current,0.0955884178120024,0.35004740383400706,G.RF1.CSE1,81,0,1994,1.0,3,81,3
all,0,ISIC,3,tail,0.10555037516176667,0.3458709623578038,G.RF1.CSE1,24,0,1994,1.0,3,20,1
3,0,ISIC,0,class,0.04471386191992124,0.08840191122144435,G.RF1.CSE025,40,0,1994,0.85,3,40,1
7,0,ISIC,1,class,0.10555037516176667,0.08646774058945095,G.RF1.CSE025,24,0,1994,0.5833333333333334,3,20,0
4,2,ISIC,0,class,0.08689963125745212,0.08531144293636272,G.RF1.CSE025,41,0,1994,0.6341463414634146,3,40,0
5,0,ISIC,0,class,0.08210702357877721,0.08365255224365642,G.RF1.CSE025,37,0,1994,0.5945945945945946,3,37,0
1,0,ISIC,0,class,0.08707316440728102,0.08739947653754841,G.RF1.CSE025,37,0,1994,0.5405405405405406,3,37,1
0,0,ISIC,0,class,0.10274897181142718,0.08760634763066708,G.RF1.CSE025,44,0,1994,0.5,3,44,1
all,2,ISIC,1,old,0.07691977630034891,0.08594518180570955,G.RF1.CSE025,142,0,1994,0.676056338028169,3,137,1
all,0,ISIC,0,current,0.0955884178120024,0.08751185095850177,G.RF1.CSE025,81,0,1994,0.5185185185185185,3,81,2
all,0,ISIC,1,tail,0.10555037516176667,0.08646774058945095,G.RF1.CSE025,24,0,1994,0.5833333333333334,3,20,0
3,1,ISIC,2,class,0.07156209079821949,0.43381120535656637,B.LIN.CSE1,40,0,1994,1.0,3,40,1
7,1,ISIC,0,class,0.1946066633835486,0.42830845488257835,B.LIN.CSE1,24,0,1994,0.9166666666666666,3,22,0
4,0,ISIC,0,class,0.14969976310160873,0.42359652295038397,B.LIN.CSE1,41,0,1994,0.926829268292683,3,40,0
5,1,ISIC,0,class,0.14290857589994965,0.4210827785627609,B.LIN.CSE1,37,0,1994,1.0,3,37,2
1,0,ISIC,1,class,0.16635402353542092,0.43776565097004677,B.LIN.CSE1,37,0,1994,0.9459459459459459,3,37,0
0,2,ISIC,0,class,0.19830981930589608,0.4458011069501699,B.LIN.CSE1,44,0,1994,0.9090909090909091,3,44,0
all,3,ISIC,2,old,0.13350951513097212,0.42661529140304527,B.LIN.CSE1,142,0,1994,0.9647887323943662,3,139,3
all,2,ISIC,1,current,0.1837127274107408,0.44213059002097777,B.LIN.CSE1,81,0,1994,0.9259259259259259,3,81,0
all,1,ISIC,0,tail,0.1946066633835486,0.42830845488257835,B.LIN.CSE1,24,0,1994,0.9166666666666666,3,22,0
3,1,ISIC,0,class,0.07156209079821949,0.10845280133914159,B.LIN.CSE025,40,0,1994,0.85,3,40,0
7,0,ISIC,0,class,0.1946066633835486,0.10707711372064459,B.LIN.CSE025,24,0,1994,0.3333333333333333,3,22,0
4,0,ISIC,0,class,0.14969976310160873,0.10589913073759599,B.LIN.CSE025,41,0,1994,0.4878048780487805,3,40,0
5,1,ISIC,0,class,0.14290857589994965,0.10527069464069023,B.LIN.CSE025,37,0,1994,0.5135135135135135,3,37,1
1,0,ISIC,0,class,0.16635402353542092,0.10944141274251169,B.LIN.CSE025,37,0,1994,0.43243243243243246,3,37,0
0,0,ISIC,0,class,0.19830981930589608,0.11145027673754244,B.LIN.CSE025,44,0,1994,0.2727272727272727,3,44,0
all,2,ISIC,0,old,0.13350951513097212,0.10665382285076133,B.LIN.CSE025,142,0,1994,0.5704225352112676,3,139,1
all,0,ISIC,0,current,0.1837127274107408,0.11053264750524444,B.LIN.CSE025,81,0,1994,0.345679012345679,3,81,0
all,0,ISIC,0,tail,0.1946066633835486,0.10707711372064459,B.LIN.CSE025,24,0,1994,0.3333333333333333,3,22,0
3,1,ISIC,2,class,0.06683755577049402,0.4338112053565665,B.RF1.CSE1,40,0,1994,1.0,3,40,1
7,1,ISIC,0,class,0.18245088293481246,0.4289547602899931,B.RF1.CSE1,24,0,1994,0.9583333333333334,3,21,1
4,0,ISIC,0,class,0.14093112017843828,0.4235965229503839,B.RF1.CSE1,41,0,1994,0.926829268292683,3,40,1
5,2,ISIC,2,class,0.1427175393280167,0.42108277856276094,B.RF1.CSE1,37,0,1994,1.0,3,37,1
1,0,ISIC,0,class,0.1588304259892876,0.4375200183972185,B.RF1.CSE1,37,0,1994,0.972972972972973,3,36,0
0,0,ISIC,1,class,0.1867346558796269,0.4450305326063216,B.RF1.CSE1,44,0,1994,0.9545454545454546,3,44,0
all,4,ISIC,4,old,0.12754259368808343,0.4267245261197914,B.RF1.CSE1,142,0,1994,0.971830985915493,3,138,4
all,0,ISIC,1,current,0.1739882792630522,0.44159980389352144,B.RF1.CSE1,81,0,1994,0.9629629629629629,3,80,0
all,1,ISIC,0,tail,0.18245088293481246,0.4289547602899931,B.RF1.CSE1,24,0,1994,0.9583333333333334,3,21,1
3,0,ISIC,1,class,0.06683755577049402,0.10845280133914156,B.RF1.CSE025,40,0,1994,0.825,3,40,0
7,0,ISIC,0,class,0.18245088293481246,0.10723869007249827,B.RF1.CSE025,24,0,1994,0.3333333333333333,3,21,0
4,0,ISIC,0,class,0.14093112017843828,0.10589913073759598,B.RF1.CSE025,41,0,1994,0.5121951219512195,3,40,0
5,1,ISIC,0,class,0.1427175393280167,0.10527069464069023,B.RF1.CSE025,37,0,1994,0.43243243243243246,3,37,1
1,0,ISIC,0,class,0.1588304259892876,0.10938000459930462,B.RF1.CSE025,37,0,1994,0.3783783783783784,3,36,0
0,0,ISIC,1,class,0.1867346558796269,0.1112576331515804,B.RF1.CSE025,44,0,1994,0.3181818181818182,3,44,0
all,1,ISIC,1,old,0.12754259368808343,0.10668113152994785,B.RF1.CSE025,142,0,1994,0.5492957746478874,3,138,1
all,0,ISIC,1,current,0.1739882792630522,0.11039995097338036,B.RF1.CSE025,81,0,1994,0.345679012345679,3,80,0
all,0,ISIC,0,tail,0.18245088293481246,0.10723869007249827,B.RF1.CSE025,24,0,1994,0.3333333333333333,3,21,0
3,3,ISIC,0,class,0.06013718025239252,0.3538714764034415,G.RF2.CSE1,40,0,1994,1.0,3,40,3
7,0,ISIC,1,class,0.1802044168151327,0.34593687974194137,G.RF2.CSE1,24,0,1994,0.7916666666666666,3,19,1
4,2,ISIC,0,class,0.14415629450120185,0.34091057835865424,G.RF2.CSE1,41,0,1994,0.926829268292683,3,41,0
5,0,ISIC,2,class,0.1425010495432495,0.3346102089746257,G.RF2.CSE1,37,0,1994,0.972972972972973,3,37,1
1,1,ISIC,1,class,0.1560101550806654,0.34943794589864546,G.RF2.CSE1,37,0,1994,0.8108108108108109,3,37,0
0,1,ISIC,0,class,0.1972593764117778,0.3504253905226683,G.RF2.CSE1,44,0,1994,0.8409090909090909,3,44,0
all,5,ISIC,3,old,0.12615028254442534,0.343769405737396,G.RF2.CSE1,142,0,1994,0.9366197183098591,3,137,5
all,2,ISIC,1,current,0.17841713950744245,0.34997433557095414,G.RF2.CSE1,81,0,1994,0.8271604938271605,3,81,0
all,0,ISIC,1,tail,0.1802044168151327,0.34593687974194137,G.RF2.CSE1,24,0,1994,0.7916666666666666,3,19,1
3,2,ISIC,0,class,0.06013718025239252,0.08846786910086038,G.RF2.CSE025,40,0,1994,0.75,3,40,2
7,0,ISIC,0,class,0.1802044168151327,0.08648421993548533,G.RF2.CSE025,24,0,1994,0.375,3,19,0
4,0,ISIC,0,class,0.14415629450120185,0.08522764458966356,G.RF2.CSE025,41,0,1994,0.3902439024390244,3,41,0
5,0,ISIC,1,class,0.1425010495432495,0.08365255224365642,G.RF2.CSE025,37,0,1994,0.24324324324324326,3,37,1
1,1,ISIC,0,class,0.1560101550806654,0.08735948647466138,G.RF2.CSE025,37,0,1994,0.43243243243243246,3,37,0
0,1,ISIC,0,class,0.1972593764117778,0.08760634763066708,G.RF2.CSE025,44,0,1994,0.29545454545454547,3,44,0
all,2,ISIC,1,old,0.12615028254442534,0.08594235143434902,G.RF2.CSE025,142,0,1994,0.4507042253521127,3,137,3
all,2,ISIC,0,current,0.17841713950744245,0.08749358389273854,G.RF2.CSE025,81,0,1994,0.35802469135802467,3,81,0
all,0,ISIC,0,tail,0.1802044168151327,0.08648421993548533,G.RF2.CSE025,24,0,1994,0.375,3,19,0
3,1,ISIC,2,class,0.06029933001402125,0.43381120535656637,B.RF2.CSE1,40,0,1994,1.0,3,40,1
7,0,ISIC,0,class,0.17906208393815123,0.4290485414372934,B.RF2.CSE1,24,0,1994,0.9583333333333334,3,21,1
4,1,ISIC,0,class,0.13604953029617015,0.4233565982611114,B.RF2.CSE1,41,0,1994,0.926829268292683,3,41,2
5,2,ISIC,0,class,0.1374090840708538,0.42108277856276094,B.RF2.CSE1,37,0,1994,1.0,3,37,0
1,0,ISIC,1,class,0.16344148674811185,0.43776565097004677,B.RF2.CSE1,37,0,1994,0.9459459459459459,3,37,0
0,0,ISIC,1,class,0.1956469913016938,0.44603659252527056,B.RF2.CSE1,44,0,1994,0.9090909090909091,3,44,0
all,4,ISIC,2,old,0.12233542301296511,0.4266711024245452,B.RF2.CSE1,142,0,1994,0.971830985915493,3,139,4
all,0,ISIC,2,current,0.1809358349006749,0.442258508111156,B.RF2.CSE1,81,0,1994,0.9259259259259259,3,81,0
all,0,ISIC,0,tail,0.17906208393815123,0.4290485414372934,B.RF2.CSE1,24,0,1994,0.9583333333333334,3,21,1
3,1,ISIC,1,class,0.06029933001402125,0.10845280133914156,B.RF2.CSE025,40,0,1994,0.8,3,40,0
7,0,ISIC,0,class,0.17906208393815123,0.10726213535932334,B.RF2.CSE025,24,0,1994,0.2916666666666667,3,21,0
4,0,ISIC,0,class,0.13604953029617015,0.10583914956527787,B.RF2.CSE025,41,0,1994,0.5853658536585366,3,41,0
5,0,ISIC,0,class,0.1374090840708538,0.10527069464069023,B.RF2.CSE025,37,0,1994,0.5675675675675675,3,37,0
1,0,ISIC,0,class,0.16344148674811185,0.10944141274251167,B.RF2.CSE025,37,0,1994,0.4864864864864865,3,37,0
0,0,ISIC,0,class,0.1956469913016938,0.11150914813131764,B.RF2.CSE025,44,0,1994,0.3409090909090909,3,44,0
all,1,ISIC,1,old,0.12233542301296511,0.1066677756061363,B.RF2.CSE025,142,0,1994,0.5915492957746479,3,139,0
all,0,ISIC,0,current,0.1809358349006749,0.110564627027789,B.RF2.CSE025,81,0,1994,0.4074074074074074,3,81,0
all,0,ISIC,0,tail,0.17906208393815123,0.10726213535932334,B.RF2.CSE025,24,0,1994,0.2916666666666667,3,21,0
3,2,ISIC,2,class,0.04471386191992124,0.353059120954412,G.RF1.CSEperm1,40,0,1994,1.0,3,40,4
7,0,ISIC,2,class,0.10555037516176667,0.3420394803722186,G.RF1.CSEperm1,24,0,1994,1.0,3,20,1
4,2,ISIC,0,class,0.08689963125745212,0.3417467397879903,G.RF1.CSEperm1,41,0,1994,1.0,3,40,1
5,0,ISIC,1,class,0.08210702357877721,0.3338947434525526,G.RF1.CSEperm1,37,0,1994,1.0,3,37,0
1,0,ISIC,1,class,0.08707316440728102,0.3503912094495562,G.RF1.CSEperm1,37,0,1994,1.0,3,37,1
0,0,ISIC,4,class,0.10274897181142718,0.35005240646497976,G.RF1.CSEperm1,44,0,1994,1.0,3,44,0
all,4,ISIC,5,old,0.07691977630034891,0.3429368606067731,G.RF1.CSEperm1,142,0,1994,1.0,3,137,6
all,0,ISIC,5,current,0.0955884178120024,0.35020716832213195,G.RF1.CSEperm1,81,0,1994,1.0,3,81,1
all,0,ISIC,2,tail,0.10555037516176667,0.3420394803722186,G.RF1.CSEperm1,24,0,1994,1.0,3,20,1
3,0,ISIC,1,class,0.06683755577049402,0.43329371556375024,B.RF1.CSEperm1,40,0,1994,1.0,3,40,0
7,0,ISIC,0,class,0.18245088293481246,0.43033192446061647,B.RF1.CSEperm1,24,0,1994,0.9583333333333334,3,21,2
4,0,ISIC,0,class,0.14093112017843828,0.42301151016976013,B.RF1.CSEperm1,41,0,1994,0.926829268292683,3,40,0
5,0,ISIC,0,class,0.1427175393280167,0.4204028080183868,B.RF1.CSEperm1,37,0,1994,1.0,3,37,0
1,2,ISIC,1,class,0.1588304259892876,0.4365548693207374,B.RF1.CSEperm1,37,0,1994,0.972972972972973,3,36,0
0,0,ISIC,2,class,0.1867346558796269,0.44616069209661524,B.RF1.CSEperm1,44,0,1994,0.9545454545454546,3,44,0
all,0,ISIC,1,old,0.12754259368808343,0.4264654269242625,B.RF1.CSEperm1,142,0,1994,0.971830985915493,3,138,2
all,2,ISIC,3,current,0.1739882792630522,0.44177284712491793,B.RF1.CSEperm1,81,0,1994,0.9629629629629629,3,80,0
all,0,ISIC,0,tail,0.18245088293481246,0.43033192446061647,B.RF1.CSEperm1,24,0,1994,0.9583333333333334,3,21,2
3,5,ISIC,1,class,0.037139342701104736,0.35329240331985784,G.LIN.CSE1,40,0,1994,1.0,4,39,7
7,0,ISIC,1,class,0.08352529909937116,0.345438855565729,G.LIN.CSE1,24,0,1994,1.0,4,18,1
4,4,ISIC,0,class,0.054506120033303566,0.33975294925713484,G.LIN.CSE1,41,0,1994,1.0,4,37,3
5,0,ISIC,4,class,0.054019737144530636,0.3344282952411904,G.LIN.CSE1,37,0,1994,1.0,4,37,2
1,1,ISIC,1,class,0.0796203924323383,0.34964543142088916,G.LIN.CSE1,37,0,1994,1.0,4,36,1
0,0,ISIC,1,class,0.07093441250139813,0.35041065399964677,G.LIN.CSE1,44,0,1994,1.0,4,43,3
6,0,ISIC,0,class,0.244716347724893,0.34345857506039923,G.LIN.CSE1,26,0,1994,0.7692307692307693,4,26,0
2,1,ISIC,6,class,0.03960495522155228,0.33677852663983804,G.LIN.CSE1,46,0,1994,1.0,4,44,5
all,10,ISIC,8,old,0.06184184193811755,0.3456542432663486,G.LIN.CSE1,223,0,1994,1.0,4,210,17
all,1,ISIC,6,current,0.1136729580699809,0.3391907663472629,G.LIN.CSE1,72,0,1994,0.9166666666666666,4,70,5
all,0,ISIC,1,tail,0.1673446443846425,0.34440910970295746,G.LIN.CSE1,50,0,1994,0.88,4,44,1
3,2,ISIC,0,class,0.037139342701104736,0.08832310082996446,G.LIN.CSE025,40,0,1994,0.925,4,39,2
7,0,ISIC,0,class,0.08352529909937116,0.08635971389143225,G.LIN.CSE025,24,0,1994,0.6666666666666666,4,18,0
4,0,ISIC,0,class,0.054506120033303566,0.08493823731428371,G.LIN.CSE025,41,0,1994,0.7317073170731707,4,37,0
5,0,ISIC,0,class,0.054019737144530636,0.0836070738102976,G.LIN.CSE025,37,0,1994,0.7837837837837838,4,37,0
1,0,ISIC,1,class,0.0796203924323383,0.08741135785522229,G.LIN.CSE025,37,0,1994,0.6756756756756757,4,36,0
0,0,ISIC,0,class,0.07093441250139813,0.0876026634999117,G.LIN.CSE025,44,0,1994,0.7045454545454546,4,43,1
6,0,ISIC,0,class,0.244716347724893,0.08586464376509981,G.LIN.CSE025,26,0,1994,0.19230769230769232,4,26,0
2,1,ISIC,0,class,0.03960495522155228,0.08419463165995951,G.LIN.CSE025,46,0,1994,0.9130434782608695,4,44,1
all,2,ISIC,1,old,0.06184184193811755,0.08641356081658716,G.LIN.CSE025,223,0,1994,0.7533632286995515,4,210,3
all,1,ISIC,0,current,0.1136729580699809,0.08479769158681573,G.LIN.CSE025,72,0,1994,0.6527777777777778,4,70,1
all,0,ISIC,0,tail,0.1673446443846425,0.08610227742573937,G.LIN.CSE025,50,0,1994,0.42,4,44,0
3,4,ISIC,0,class,0.03653551621087261,0.35338990507704693,G.RF1.CSE1,40,0,1994,1.0,4,38,7
7,0,ISIC,2,class,0.0728283502626975,0.345438855565729,G.RF1.CSE1,24,0,1994,1.0,4,18,2
4,5,ISIC,0,class,0.05025063794430863,0.33988777778295115,G.RF1.CSE1,41,0,1994,1.0,4,36,4
5,2,ISIC,4,class,0.049316248249942296,0.33430069244839866,G.RF1.CSE1,37,0,1994,1.0,4,37,2
1,0,ISIC,1,class,0.06870501606946146,0.34964543142088916,G.RF1.CSE1,37,0,1994,1.0,4,37,2
0,2,ISIC,2,class,0.061656306052860814,0.3505918435783265,G.RF1.CSE1,44,0,1994,1.0,4,43,3
6,0,ISIC,0,class,0.2160115861102257,0.34310527178325406,G.RF1.CSE1,26,0,1994,0.8076923076923077,4,26,0
2,0,ISIC,5,class,0.036321147335967474,0.3363479589894839,G.RF1.CSE1,46,0,1994,1.0,4,44,4
all,13,ISIC,9,old,0.055377764379372696,0.3457111001182528,G.RF1.CSE1,223,0,1994,1.0,4,209,20
all,0,ISIC,5,current,0.10120936133778294,0.3387880997205676,G.RF1.CSE1,72,0,1994,0.9305555555555556,4,70,4
all,0,ISIC,2,tail,0.14728363290341215,0.344225391998842,G.RF1.CSE1,50,0,1994,0.9,4,44,2
3,1,ISIC,0,class,0.03653551621087261,0.08834747626926173,G.RF1.CSE025,40,0,1994,0.9,4,38,2
7,0,ISIC,0,class,0.0728283502626975,0.08635971389143225,G.RF1.CSE025,24,0,1994,0.7083333333333334,4,18,0
4,1,ISIC,0,class,0.05025063794430863,0.08497194444573779,G.RF1.CSE025,41,0,1994,0.8292682926829268,4,36,2
5,1,ISIC,0,class,0.049316248249942296,0.08357517311209964,G.RF1.CSE025,37,0,1994,0.8648648648648649,4,37,1
1,0,ISIC,0,class,0.06870501606946146,0.08741135785522229,G.RF1.CSE025,37,0,1994,0.7027027027027027,4,37,0
0,0,ISIC,1,class,0.061656306052860814,0.08764796089458161,G.RF1.CSE025,44,0,1994,0.75,4,43,1
6,0,ISIC,0,class,0.2160115861102257,0.08577631794581352,G.RF1.CSE025,26,0,1994,0.23076923076923078,4,26,0
2,0,ISIC,3,class,0.036321147335967474,0.08408698974737099,G.RF1.CSE025,46,0,1994,0.9130434782608695,4,44,2
all,3,ISIC,1,old,0.055377764379372696,0.0864277750295632,G.RF1.CSE025,223,0,1994,0.7982062780269058,4,209,6
all,0,ISIC,3,current,0.10120936133778294,0.0846970249301419,G.RF1.CSE025,72,0,1994,0.6666666666666666,4,70,2
all,0,ISIC,0,tail,0.14728363290341215,0.0860563479997105,G.RF1.CSE025,50,0,1994,0.46,4,44,0
3,1,ISIC,5,class,0.05138242054520703,0.43345465640359865,B.LIN.CSE1,40,0,1994,1.0,4,40,3
7,4,ISIC,0,class,0.16703749117546132,0.4276158869511025,B.LIN.CSE1,24,0,1994,0.9166666666666666,4,19,0
4,2,ISIC,1,class,0.09093249088934015,0.4242753853378314,B.LIN.CSE1,41,0,1994,1.0,4,39,1
5,2,ISIC,1,class,0.09590705109138227,0.4206664259239786,B.LIN.CSE1,37,0,1994,1.0,4,37,2
1,0,ISIC,1,class,0.13915879224925243,0.4377586430862751,B.LIN.CSE1,37,0,1994,1.0,4,37,0
0,0,ISIC,1,class,0.14625672619997687,0.4447003317789306,B.LIN.CSE1,44,0,1994,1.0,4,44,0
6,0,ISIC,0,class,0.3663608491460223,0.44020155565959745,B.LIN.CSE1,26,0,1994,0.5384615384615384,4,26,0
2,0,ISIC,1,class,0.06566916518849746,0.4259139509050545,B.LIN.CSE1,46,0,1994,1.0,4,46,4
all,9,ISIC,9,old,0.11177202194118727,0.43194977799764045,B.LIN.CSE1,223,0,1994,0.9910313901345291,4,216,6
all,0,ISIC,1,current,0.17425227328427034,0.4310733637330839,B.LIN.CSE1,72,0,1994,0.8333333333333334,4,72,4
all,4,ISIC,0,tail,0.27068563732015305,0.43416043467951987,B.LIN.CSE1,50,0,1994,0.72,4,45,0
3,0,ISIC,2,class,0.05138242054520703,0.10836366410089966,B.LIN.CSE025,40,0,1994,0.875,4,40,1
7,0,ISIC,0,class,0.16703749117546132,0.10690397173777562,B.LIN.CSE025,24,0,1994,0.4166666666666667,4,19,0
4,0,ISIC,0,class,0.09093249088934015,0.10606884633445784,B.LIN.CSE025,41,0,1994,0.7317073170731707,4,39,1
5,0,ISIC,0,class,0.09590705109138227,0.10516660648099466,B.LIN.CSE025,37,0,1994,0.6486486486486487,4,37,1
1,0,ISIC,0,class,0.13915879224925243,0.10943966077156878,B.LIN.CSE025,37,0,1994,0.5675675675675675,4,37,0
0,0,ISIC,0,class,0.14625672619997687,0.11117508294473265,B.LIN.CSE025,44,0,1994,0.4090909090909091,4,44,0
6,0,ISIC,0,class,0.3663608491460223,0.11005038891489939,B.LIN.CSE025,26,0,1994,0.2692307692307692,4,26,0
2,0,ISIC,0,class,0.06566916518849746,0.10647848772626363,B.LIN.CSE025,46,0,1994,0.8260869565217391,4,46,1
all,0,ISIC,2,old,0.11177202194118727,0.10798744449941011,B.LIN.CSE025,223,0,1994,0.6188340807174888,4,216,3
all,0,ISIC,0,current,0.17425227328427034,0.10776834093327098,B.LIN.CSE025,72,0,1994,0.625,4,72,1
all,0,ISIC,0,tail,0.27068563732015305,0.10854010866987997,B.LIN.CSE025,50,0,1994,0.34,4,45,0
3,1,ISIC,4,class,0.04809287693226081,0.4335207917940466,B.RF1.CSE1,40,0,1994,1.0,4,40,1
7,1,ISIC,0,class,0.1567793149081342,0.4283776428459288,B.RF1.CSE1,24,0,1994,0.9583333333333334,4,18,0
4,2,ISIC,0,class,0.0833988300939994,0.4242753853378314,B.RF1.CSE1,41,0,1994,1.0,4,37,1
5,1,ISIC,2,class,0.09292029599316484,0.42045994045942353,B.RF1.CSE1,37,0,1994,1.0,4,37,1
1,0,ISIC,0,class,0.13375549532963948,0.4375130105134469,B.RF1.CSE1,37,0,1994,1.0,4,36,0
0,0,ISIC,1,class,0.14078653970190017,0.4447003317789306,B.RF1.CSE1,44,0,1994,1.0,4,43,0
6,0,ISIC,0,class,0.3529809989366099,0.4402923325846461,B.RF1.CSE1,26,0,1994,0.6153846153846154,4,26,0
2,1,ISIC,0,class,0.06038106333577597,0.4255792663504536,B.RF1.CSE1,46,0,1994,1.0,4,46,2
all,5,ISIC,7,old,0.1062214470617354,0.43196860844477314,B.RF1.CSE1,223,0,1994,0.9955156950672646,4,211,3
all,1,ISIC,0,current,0.16604215119163265,0.43089231804613426,B.RF1.CSE1,72,0,1994,0.8611111111111112,4,72,2
all,1,ISIC,0,tail,0.2588041906029416,0.4345732815100618,B.RF1.CSE1,50,0,1994,0.78,4,44,0
3,0,ISIC,2,class,0.04809287693226081,0.10838019794851166,B.RF1.CSE025,40,0,1994,0.875,4,40,0
7,0,ISIC,0,class,0.1567793149081342,0.10709441071148218,B.RF1.CSE025,24,0,1994,0.5,4,18,0
4,0,ISIC,0,class,0.0833988300939994,0.10606884633445784,B.RF1.CSE025,41,0,1994,0.7560975609756098,4,37,0
5,0,ISIC,0,class,0.09292029599316484,0.10511498511485588,B.RF1.CSE025,37,0,1994,0.6216216216216216,4,37,1
1,0,ISIC,0,class,0.13375549532963948,0.1093782526283617,B.RF1.CSE025,37,0,1994,0.5675675675675675,4,36,0
0,0,ISIC,0,class,0.14078653970190017,0.11117508294473265,B.RF1.CSE025,44,0,1994,0.5227272727272727,4,43,0
6,0,ISIC,0,class,0.3529809989366099,0.11007308314616154,B.RF1.CSE025,26,0,1994,0.23076923076923078,4,26,0
2,0,ISIC,0,class,0.06038106333577597,0.1063948165876134,B.RF1.CSE025,46,0,1994,0.8695652173913043,4,46,0
all,0,ISIC,2,old,0.1062214470617354,0.10799215211119327,B.RF1.CSE025,223,0,1994,0.6502242152466368,4,211,1
all,0,ISIC,0,current,0.16604215119163265,0.10772307951153359,B.RF1.CSE025,72,0,1994,0.6388888888888888,4,72,0
all,0,ISIC,0,tail,0.2588041906029416,0.10864332037751545,B.RF1.CSE025,50,0,1994,0.36,4,44,0
3,3,ISIC,0,class,0.0476101453059648,0.35297617112983515,G.RF2.CSE1,40,0,1994,1.0,4,40,3
7,0,ISIC,1,class,0.13868354023682208,0.3445775951289092,G.RF2.CSE1,24,0,1994,0.8333333333333334,4,19,0
4,5,ISIC,0,class,0.08475882173957638,0.3402760467373066,G.RF2.CSE1,41,0,1994,1.0,4,39,2
5,0,ISIC,3,class,0.09782979701013898,0.3341105120898949,G.RF2.CSE1,37,0,1994,1.0,4,36,2
1,2,ISIC,1,class,0.12634368604929483,0.34948547116861145,G.RF2.CSE1,37,0,1994,0.918918918918919,4,37,0
0,1,ISIC,0,class,0.1471383004336925,0.3505918435783265,G.RF2.CSE1,44,0,1994,0.9318181818181818,4,43,0
6,0,ISIC,0,class,0.3469633561441397,0.3448819232773186,G.RF2.CSE1,26,0,1994,0.38461538461538464,4,26,0
2,0,ISIC,2,class,0.06888052262803153,0.33730050030825925,G.RF2.CSE1,46,0,1994,1.0,4,45,0
all,11,ISIC,5,old,0.10527545543285415,0.3455574867377933,G.RF2.CSE1,223,0,1994,0.9551569506726457,4,214,7
all,0,ISIC,2,current,0.16929932361995947,0.3400382363804196,G.RF2.CSE1,72,0,1994,0.7777777777777778,4,71,0
all,0,ISIC,1,tail,0.24698904450862721,0.344735845766082,G.RF2.CSE1,50,0,1994,0.6,4,45,0
3,0,ISIC,0,class,0.0476101453059648,0.08824404278245879,G.RF2.CSE025,40,0,1994,0.825,4,40,0
7,0,ISIC,0,class,0.13868354023682208,0.0861443987822273,G.RF2.CSE025,24,0,1994,0.4583333333333333,4,19,0
4,1,ISIC,0,class,0.08475882173957638,0.08506901168432665,G.RF2.CSE025,41,0,1994,0.6097560975609756,4,39,2
5,0,ISIC,0,class,0.09782979701013898,0.08352762802247372,G.RF2.CSE025,37,0,1994,0.43243243243243246,4,36,0
1,0,ISIC,0,class,0.12634368604929483,0.08737136779215283,G.RF2.CSE025,37,0,1994,0.5135135135135135,4,37,0
0,1,ISIC,0,class,0.1471383004336925,0.08764796089458163,G.RF2.CSE025,44,0,1994,0.29545454545454547,4,43,0
6,0,ISIC,0,class,0.3469633561441397,0.08622048081932966,G.RF2.CSE025,26,0,1994,0.23076923076923078,4,26,0
2,0,ISIC,1,class,0.06888052262803153,0.08432512507706483,G.RF2.CSE025,46,0,1994,0.6739130434782609,4,45,0
all,2,ISIC,0,old,0.10527545543285415,0.08638937168444832,G.RF2.CSE025,223,0,1994,0.5246636771300448,4,214,2
all,0,ISIC,1,current,0.16929932361995947,0.08500955909510491,G.RF2.CSE025,72,0,1994,0.5138888888888888,4,71,0
all,0,ISIC,0,tail,0.24698904450862721,0.08618396144152053,G.RF2.CSE025,50,0,1994,0.34,4,45,0
3,0,ISIC,3,class,0.044948538910818035,0.43341517034350574,B.RF2.CSE1,40,0,1994,1.0,4,40,3
7,1,ISIC,1,class,0.15093504743944444,0.42825325802882447,B.RF2.CSE1,24,0,1994,0.9583333333333334,4,18,0
4,3,ISIC,0,class,0.08205484980558932,0.4240256952369059,B.RF2.CSE1,41,0,1994,1.0,4,39,2
5,1,ISIC,2,class,0.0897540466155308,0.42094791318333535,B.RF2.CSE1,37,0,1994,1.0,4,37,2
1,0,ISIC,1,class,0.13506738257411452,0.43776565097004677,B.RF2.CSE1,37,0,1994,1.0,4,37,0
0,0,ISIC,0,class,0.14407976747200715,0.44470033177893065,B.RF2.CSE1,44,0,1994,1.0,4,43,0
6,0,ISIC,0,class,0.35195103370672115,0.4400209574377915,B.RF2.CSE1,26,0,1994,0.5769230769230769,4,26,0
2,1,ISIC,2,class,0.06450899087602173,0.4259139509050545,B.RF2.CSE1,46,0,1994,1.0,4,46,2
all,5,ISIC,7,old,0.10512347168517373,0.4320132510452612,B.RF2.CSE1,223,0,1994,0.9955156950672646,4,214,7
all,1,ISIC,2,current,0.1683075063426632,0.43100814770854284,B.RF2.CSE1,72,0,1994,0.8472222222222222,4,72,2
all,1,ISIC,1,tail,0.2554633602984283,0.4343724617214873,B.RF2.CSE1,50,0,1994,0.76,4,44,0
3,0,ISIC,1,class,0.044948538910818035,0.10835379258587645,B.RF2.CSE025,40,0,1994,0.875,4,40,0
7,0,ISIC,0,class,0.15093504743944444,0.10706331450720612,B.RF2.CSE025,24,0,1994,0.5,4,18,0
4,0,ISIC,0,class,0.08205484980558932,0.10600642380922648,B.RF2.CSE025,41,0,1994,0.7073170731707317,4,39,1
5,1,ISIC,1,class,0.0897540466155308,0.10523697829583384,B.RF2.CSE025,37,0,1994,0.6756756756756757,4,37,1
1,0,ISIC,0,class,0.13506738257411452,0.10944141274251167,B.RF2.CSE025,37,0,1994,0.5405405405405406,4,37,0
0,0,ISIC,0,class,0.14407976747200715,0.11117508294473265,B.RF2.CSE025,44,0,1994,0.45454545454545453,4,43,0
6,0,ISIC,0,class,0.35195103370672115,0.11000523935944788,B.RF2.CSE025,26,0,1994,0.2692307692307692,4,26,0
2,0,ISIC,0,class,0.06450899087602173,0.10647848772626363,B.RF2.CSE025,46,0,1994,0.8695652173913043,4,46,0
all,1,ISIC,2,old,0.10512347168517373,0.1080033127613153,B.RF2.CSE025,223,0,1994,0.6322869955156951,4,214,2
all,0,ISIC,0,current,0.1683075063426632,0.10775203692713571,B.RF2.CSE025,72,0,1994,0.6527777777777778,4,72,0
all,0,ISIC,0,tail,0.2554633602984283,0.10859311543037183,B.RF2.CSE025,50,0,1994,0.38,4,44,0
3,0,ISIC,2,class,0.03653551621087261,0.349702074321468,G.RF1.CSEperm1,40,0,1994,1.0,4,38,4
7,0,ISIC,2,class,0.0728283502626975,0.339053264471272,G.RF1.CSEperm1,24,0,1994,1.0,4,18,0
4,4,ISIC,1,class,0.05025063794430863,0.3416917929326658,G.RF1.CSEperm1,41,0,1994,1.0,4,36,1
5,2,ISIC,0,class,0.049316248249942296,0.332039903113017,G.RF1.CSEperm1,37,0,1994,1.0,4,37,2
1,1,ISIC,1,class,0.06870501606946146,0.3461322965543962,G.RF1.CSEperm1,37,0,1994,1.0,4,37,1
0,1,ISIC,5,class,0.061656306052860814,0.34293377282800785,G.RF1.CSEperm1,44,0,1994,1.0,4,43,2
6,0,ISIC,0,class,0.2160115861102257,0.3465087074177094,G.RF1.CSEperm1,26,0,1994,0.8461538461538461,4,26,0
2,0,ISIC,8,class,0.036321147335967474,0.3365676491470481,G.RF1.CSEperm1,46,0,1994,1.0,4,44,4
all,8,ISIC,11,old,0.055377764379372696,0.34222503238805013,G.RF1.CSEperm1,223,0,1994,1.0,4,209,10
all,0,ISIC,8,current,0.10120936133778294,0.3401574757447869,G.RF1.CSEperm1,72,0,1994,0.9444444444444444,4,70,4
all,0,ISIC,2,tail,0.14728363290341215,0.34293009480341946,G.RF1.CSEperm1,50,0,1994,0.92,4,44,0
3,0,ISIC,3,class,0.04809287693226081,0.43139063069979355,B.RF1.CSEperm1,40,0,1994,1.0,4,40,1
7,0,ISIC,0,class,0.1567793149081342,0.43027087019489146,B.RF1.CSEperm1,24,0,1994,0.9583333333333334,4,18,1
4,0,ISIC,0,class,0.0833988300939994,0.42348367925333935,B.RF1.CSEperm1,41,0,1994,1.0,4,37,2
5,0,ISIC,0,class,0.09292029599316484,0.41866304809011406,B.RF1.CSEperm1,37,0,1994,1.0,4,37,3
1,2,ISIC,1,class,0.13375549532963948,0.4344702947738356,B.RF1.CSEperm1,37,0,1994,1.0,4,36,1
0,0,ISIC,1,class,0.14078653970190017,0.4446783777692713,B.RF1.CSEperm1,44,0,1994,1.0,4,43,0
6,0,ISIC,1,class,0.3529809989366099,0.43807325060668934,B.RF1.CSEperm1,26,0,1994,0.6538461538461539,4,26,0
2,2,ISIC,2,class,0.06038106333577597,0.42453563066884625,B.RF1.CSEperm1,46,0,1994,1.0,4,46,2
all,2,ISIC,5,old,0.1062214470617354,0.43083739582901404,B.RF1.CSEperm1,223,0,1994,0.9955156950672646,4,211,8
all,2,ISIC,3,current,0.16604215119163265,0.4294242156464007,B.RF1.CSEperm1,72,0,1994,0.875,4,72,2
all,0,ISIC,1,tail,0.2588041906029416,0.43432810800902627,B.RF1.CSEperm1,50,0,1994,0.8,4,44,1
1,1,ISIC,0,class,0.5400616111844612,0.34726065156499186,G.LIN.CSE1,37,0,1995,0.3783783783783784,1,37,0
3,0,ISIC,0,class,0.6098466813982707,0.3507819448192054,G.LIN.CSE1,40,0,1995,0.325,1,40,0
all,0,ISIC,0,old,,,G.LIN.CSE1,0,0,1995,,1,0,0
all,1,ISIC,0,current,0.5763135957111154,0.34908989481393393,G.LIN.CSE1,77,0,1995,0.35064935064935066,1,77,0
all,0,ISIC,0,tail,,,G.LIN.CSE1,0,0,1995,,1,0,0
1,0,ISIC,0,class,0.5400616111844612,0.08681516289124798,G.LIN.CSE025,37,0,1995,0.05405405405405406,1,37,0
3,0,ISIC,0,class,0.6098466813982707,0.08769548620480135,G.LIN.CSE025,40,0,1995,0.1,1,40,0
all,0,ISIC,0,old,,,G.LIN.CSE025,0,0,1995,,1,0,0
all,0,ISIC,0,current,0.5763135957111154,0.0872724737034835,G.LIN.CSE025,77,0,1995,0.07792207792207792,1,77,0
all,0,ISIC,0,tail,,,G.LIN.CSE025,0,0,1995,,1,0,0
1,1,ISIC,0,class,0.5428970147703613,0.34726065156499186,G.RF1.CSE1,37,0,1995,0.35135135135135137,1,37,0
3,1,ISIC,0,class,0.5919275808322134,0.3507819448192054,G.RF1.CSE1,40,0,1995,0.35,1,40,0
all,0,ISIC,0,old,,,G.RF1.CSE1,0,0,1995,,1,0,0
all,2,ISIC,0,current,0.5683674386985962,0.349089894813934,G.RF1.CSE1,77,0,1995,0.35064935064935066,1,77,0
all,0,ISIC,0,tail,,,G.RF1.CSE1,0,0,1995,,1,0,0
1,0,ISIC,0,class,0.5428970147703613,0.08681516289124798,G.RF1.CSE025,37,0,1995,0.13513513513513514,1,37,0
3,0,ISIC,0,class,0.5919275808322134,0.08769548620480136,G.RF1.CSE025,40,0,1995,0.075,1,40,0
all,0,ISIC,0,old,,,G.RF1.CSE025,0,0,1995,,1,0,0
all,0,ISIC,0,current,0.5683674386985962,0.0872724737034835,G.RF1.CSE025,77,0,1995,0.1038961038961039,1,77,0
all,0,ISIC,0,tail,,,G.RF1.CSE025,0,0,1995,,1,0,0
1,1,ISIC,0,class,0.5448175494550104,0.4301526999058671,B.LIN.CSE1,37,0,1995,0.5135135135135135,1,37,0
3,0,ISIC,0,class,0.6342901471369509,0.42802254120797595,B.LIN.CSE1,40,0,1995,0.375,1,40,0
all,0,ISIC,0,old,,,B.LIN.CSE1,0,0,1995,,1,0,0
all,1,ISIC,0,current,0.5912968209780962,0.42904612395891056,B.LIN.CSE1,77,0,1995,0.44155844155844154,1,77,0
all,0,ISIC,0,tail,,,B.LIN.CSE1,0,0,1995,,1,0,0
1,0,ISIC,0,class,0.5448175494550104,0.10753817497646675,B.LIN.CSE025,37,0,1995,0.13513513513513514,1,37,0
3,0,ISIC,0,class,0.6342901471369509,0.10700563530199396,B.LIN.CSE025,40,0,1995,0.075,1,40,0
all,0,ISIC,0,old,,,B.LIN.CSE025,0,0,1995,,1,0,0
all,0,ISIC,0,current,0.5912968209780962,0.10726153098972764,B.LIN.CSE025,77,0,1995,0.1038961038961039,1,77,0
all,0,ISIC,0,tail,,,B.LIN.CSE025,0,0,1995,,1,0,0
1,0,ISIC,0,class,0.5487982475788644,0.4301526999058671,B.RF1.CSE1,37,0,1995,0.4864864864864865,1,37,0
3,0,ISIC,1,class,0.6127644018583558,0.42802254120797595,B.RF1.CSE1,40,0,1995,0.375,1,40,0
all,0,ISIC,0,old,,,B.RF1.CSE1,0,0,1995,,1,0,0
all,0,ISIC,1,current,0.5820274186331456,0.42904612395891056,B.RF1.CSE1,77,0,1995,0.42857142857142855,1,77,0
all,0,ISIC,0,tail,,,B.RF1.CSE1,0,0,1995,,1,0,0
1,0,ISIC,0,class,0.5487982475788644,0.10753817497646675,B.RF1.CSE025,37,0,1995,0.16216216216216217,1,37,0
3,0,ISIC,1,class,0.6127644018583558,0.10700563530199399,B.RF1.CSE025,40,0,1995,0.15,1,40,0
all,0,ISIC,0,old,,,B.RF1.CSE025,0,0,1995,,1,0,0
all,0,ISIC,1,current,0.5820274186331456,0.10726153098972764,B.RF1.CSE025,77,0,1995,0.15584415584415584,1,77,0
all,0,ISIC,0,tail,,,B.RF1.CSE025,0,0,1995,,1,0,0
1,0,ISIC,0,class,0.5203585931303146,0.34726065156499186,G.RF2.CSE1,37,0,1995,0.40540540540540543,1,37,0
3,0,ISIC,0,class,0.5984126317624531,0.3507819448192054,G.RF2.CSE1,40,0,1995,0.35,1,40,0
all,0,ISIC,0,old,,,G.RF2.CSE1,0,0,1995,,1,0,0
all,0,ISIC,0,current,0.5609061456664907,0.349089894813934,G.RF2.CSE1,77,0,1995,0.37662337662337664,1,77,0
all,0,ISIC,0,tail,,,G.RF2.CSE1,0,0,1995,,1,0,0
1,0,ISIC,0,class,0.5203585931303146,0.086815162891248,G.RF2.CSE025,37,0,1995,0.08108108108108109,1,37,0
3,0,ISIC,0,class,0.5984126317624531,0.08769548620480135,G.RF2.CSE025,40,0,1995,0.175,1,40,0
all,0,ISIC,0,old,,,G.RF2.CSE025,0,0,1995,,1,0,0
all,0,ISIC,0,current,0.5609061456664907,0.0872724737034835,G.RF2.CSE025,77,0,1995,0.12987012987012986,1,77,0
all,0,ISIC,0,tail,,,G.RF2.CSE025,0,0,1995,,1,0,0
1,1,ISIC,0,class,0.5283549645888973,0.4301526999058671,B.RF2.CSE1,37,0,1995,0.5135135135135135,1,37,0
3,0,ISIC,1,class,0.6128916646904059,0.42802254120797595,B.RF2.CSE1,40,0,1995,0.4,1,40,0
all,0,ISIC,0,old,,,B.RF2.CSE1,0,0,1995,,1,0,0
all,1,ISIC,1,current,0.5722701334727979,0.42904612395891056,B.RF2.CSE1,77,0,1995,0.45454545454545453,1,77,0
all,0,ISIC,0,tail,,,B.RF2.CSE1,0,0,1995,,1,0,0
1,0,ISIC,0,class,0.5283549645888973,0.10753817497646675,B.RF2.CSE025,37,0,1995,0.16216216216216217,1,37,0
3,0,ISIC,1,class,0.6128916646904059,0.10700563530199399,B.RF2.CSE025,40,0,1995,0.125,1,40,0
all,0,ISIC,0,old,,,B.RF2.CSE025,0,0,1995,,1,0,0
all,0,ISIC,1,current,0.5722701334727979,0.10726153098972764,B.RF2.CSE025,77,0,1995,0.14285714285714285,1,77,0
all,0,ISIC,0,tail,,,B.RF2.CSE025,0,0,1995,,1,0,0
1,0,ISIC,0,class,0.5428970147703613,0.3472606515649919,G.RF1.CSEperm1,37,0,1995,0.35135135135135137,1,37,0
3,0,ISIC,0,class,0.5919275808322134,0.3507819448192054,G.RF1.CSEperm1,40,0,1995,0.35,1,40,0
all,0,ISIC,0,old,,,G.RF1.CSEperm1,0,0,1995,,1,0,0
all,0,ISIC,0,current,0.5683674386985962,0.34908989481393393,G.RF1.CSEperm1,77,0,1995,0.35064935064935066,1,77,0
all,0,ISIC,0,tail,,,G.RF1.CSEperm1,0,0,1995,,1,0,0
1,0,ISIC,0,class,0.5487982475788644,0.4301526999058671,B.RF1.CSEperm1,37,0,1995,0.4864864864864865,1,37,0
3,1,ISIC,0,class,0.6127644018583558,0.42802254120797595,B.RF1.CSEperm1,40,0,1995,0.375,1,40,0
all,0,ISIC,0,old,,,B.RF1.CSEperm1,0,0,1995,,1,0,0
all,1,ISIC,0,current,0.5820274186331456,0.42904612395891056,B.RF1.CSEperm1,77,0,1995,0.42857142857142855,1,77,0
all,0,ISIC,0,tail,,,B.RF1.CSEperm1,0,0,1995,,1,0,0
1,0,ISIC,0,class,0.3417490585786375,0.35083578838580165,G.LIN.CSE1,37,0,1995,0.5945945945945946,2,37,0
3,1,ISIC,0,class,0.42574775879070675,0.352928067618097,G.LIN.CSE1,40,0,1995,0.45,2,40,0
0,0,ISIC,1,class,0.41783016282341234,0.3508240986983372,G.LIN.CSE1,44,0,1995,0.4090909090909091,2,44,0
6,0,ISIC,0,class,0.4527960197301076,0.34530517827432533,G.LIN.CSE1,26,0,1995,0.34615384615384615,2,26,0
all,1,ISIC,0,old,0.3853847470004916,0.35192268668829263,G.LIN.CSE1,77,0,1995,0.5194805194805194,2,77,0
all,0,ISIC,1,current,0.430817481103042,0.3487742139694185,G.LIN.CSE1,70,0,1995,0.38571428571428573,2,70,0
all,0,ISIC,0,tail,0.4527960197301076,0.34530517827432533,G.LIN.CSE1,26,0,1995,0.34615384615384615,2,26,0
1,0,ISIC,0,class,0.3417490585786375,0.08770894709645041,G.LIN.CSE025,37,0,1995,0.1891891891891892,2,37,0
3,0,ISIC,0,class,0.42574775879070675,0.08823201690452424,G.LIN.CSE025,40,0,1995,0.1,2,40,0
0,0,ISIC,1,class,0.41783016282341234,0.0877060246745843,G.LIN.CSE025,44,0,1995,0.11363636363636363,2,44,0
6,0,ISIC,0,class,0.4527960197301076,0.0863262945685813,G.LIN.CSE025,26,0,1995,0.038461538461538464,2,26,0
all,0,ISIC,0,old,0.3853847470004916,0.08798067167207317,G.LIN.CSE025,77,0,1995,0.14285714285714285,2,77,0
all,0,ISIC,1,current,0.430817481103042,0.08719355349235462,G.LIN.CSE025,70,0,1995,0.08571428571428572,2,70,0
all,0,ISIC,0,tail,0.4527960197301076,0.0863262945685813,G.LIN.CSE025,26,0,1995,0.038461538461538464,2,26,0
1,0,ISIC,0,class,0.34916406628087604,0.35083578838580165,G.RF1.CSE1,37,0,1995,0.5945945945945946,2,37,0
3,0,ISIC,0,class,0.4202606927884488,0.352928067618097,G.RF1.CSE1,40,0,1995,0.425,2,40,0
0,0,ISIC,0,class,0.3990199319457242,0.3508240986983372,G.RF1.CSE1,44,0,1995,0.5,2,44,0
6,0,ISIC,0,class,0.4243453456127815,0.34530517827432533,G.RF1.CSE1,26,0,1995,0.38461538461538464,2,26,0
all,0,ISIC,0,old,0.3860973787523424,0.35192268668829263,G.RF1.CSE1,77,0,1995,0.5064935064935064,2,77,0
all,0,ISIC,0,current,0.40842651416491693,0.3487742139694185,G.RF1.CSE1,70,0,1995,0.45714285714285713,2,70,0
all,0,ISIC,0,tail,0.4243453456127815,0.34530517827432533,G.RF1.CSE1,26,0,1995,0.38461538461538464,2,26,0
1,0,ISIC,0,class,0.34916406628087604,0.08770894709645041,G.RF1.CSE025,37,0,1995,0.13513513513513514,2,37,0
3,0,ISIC,0,class,0.4202606927884488,0.08823201690452424,G.RF1.CSE025,40,0,1995,0.075,2,40,0
0,0,ISIC,0,class,0.3990199319457242,0.0877060246745843,G.RF1.CSE025,44,0,1995,0.11363636363636363,2,44,0
6,0,ISIC,0,class,0.4243453456127815,0.0863262945685813,G.RF1.CSE025,26,0,1995,0.07692307692307693,2,26,0
all,0,ISIC,0,old,0.3860973787523424,0.08798067167207319,G.RF1.CSE025,77,0,1995,0.1038961038961039,2,77,0
all,0,ISIC,0,current,0.40842651416491693,0.08719355349235462,G.RF1.CSE025,70,0,1995,0.1,2,70,0
all,0,ISIC,0,tail,0.4243453456127815,0.0863262945685813,G.RF1.CSE025,26,0,1995,0.07692307692307693,2,26,0
1,2,ISIC,0,class,0.3632362881606918,0.4362387322398986,B.LIN.CSE1,37,0,1995,0.6756756756756757,2,37,0
3,0,ISIC,0,class,0.418748409981747,0.4313813932432927,B.LIN.CSE1,40,0,1995,0.5,2,40,0
0,0,ISIC,0,class,0.3902796818107957,0.4429994700662441,B.LIN.CSE1,44,0,1995,0.6363636363636364,2,44,0
6,0,ISIC,0,class,0.48645349389884474,0.4316615665652682,B.LIN.CSE1,26,0,1995,0.4230769230769231,2,26,0
all,2,ISIC,0,old,0.39207375404175954,0.4337154392546488,B.LIN.CSE1,77,0,1995,0.5844155844155844,2,77,0
all,0,ISIC,0,current,0.4260013834434997,0.4387882487658817,B.LIN.CSE1,70,0,1995,0.5571428571428572,2,70,0
all,0,ISIC,0,tail,0.48645349389884474,0.4316615665652682,B.LIN.CSE1,26,0,1995,0.4230769230769231,2,26,0
1,2,ISIC,0,class,0.3632362881606918,0.10905968305997465,B.LIN.CSE025,37,0,1995,0.24324324324324326,2,37,0
3,0,ISIC,0,class,0.418748409981747,0.10784534831082318,B.LIN.CSE025,40,0,1995,0.175,2,40,0
0,0,ISIC,0,class,0.3902796818107957,0.11074986751656103,B.LIN.CSE025,44,0,1995,0.11363636363636363,2,44,0
6,0,ISIC,0,class,0.48645349389884474,0.10791539164131705,B.LIN.CSE025,26,0,1995,0.038461538461538464,2,26,0
all,2,ISIC,0,old,0.39207375404175954,0.1084288598136622,B.LIN.CSE025,77,0,1995,0.2077922077922078,2,77,0
all,0,ISIC,0,current,0.4260013834434997,0.10969706219147042,B.LIN.CSE025,70,0,1995,0.08571428571428572,2,70,0
all,0,ISIC,0,tail,0.48645349389884474,0.10791539164131705,B.LIN.CSE025,26,0,1995,0.038461538461538464,2,26,0
1,1,ISIC,0,class,0.3664755448358698,0.4362387322398986,B.RF1.CSE1,37,0,1995,0.7027027027027027,2,37,0
3,0,ISIC,2,class,0.4151638585942303,0.4313813932432927,B.RF1.CSE1,40,0,1995,0.55,2,40,0
0,1,ISIC,1,class,0.3990367714606386,0.4429994700662441,B.RF1.CSE1,44,0,1995,0.6363636363636364,2,44,0
6,0,ISIC,0,class,0.4894722717373762,0.43166156656526816,B.RF1.CSE1,26,0,1995,0.5,2,26,0
all,1,ISIC,2,old,0.39176817535969344,0.4337154392546487,B.RF1.CSE1,77,0,1995,0.6233766233766234,2,77,0
all,1,ISIC,1,current,0.43262710013485545,0.43878824876588174,B.RF1.CSE1,70,0,1995,0.5857142857142857,2,70,0
all,0,ISIC,0,tail,0.4894722717373762,0.43166156656526816,B.RF1.CSE1,26,0,1995,0.5,2,26,0
1,0,ISIC,0,class,0.3664755448358698,0.10905968305997465,B.RF1.CSE025,37,0,1995,0.16216216216216217,2,37,0
3,0,ISIC,1,class,0.4151638585942303,0.10784534831082318,B.RF1.CSE025,40,0,1995,0.175,2,40,0
0,0,ISIC,0,class,0.3990367714606386,0.11074986751656103,B.RF1.CSE025,44,0,1995,0.13636363636363635,2,44,0
6,0,ISIC,0,class,0.4894722717373762,0.10791539164131705,B.RF1.CSE025,26,0,1995,0.0,2,26,0
all,0,ISIC,1,old,0.39176817535969344,0.10842885981366218,B.RF1.CSE025,77,0,1995,0.16883116883116883,2,77,0
all,0,ISIC,0,current,0.43262710013485545,0.10969706219147042,B.RF1.CSE025,70,0,1995,0.08571428571428572,2,70,0
all,0,ISIC,0,tail,0.4894722717373762,0.10791539164131705,B.RF1.CSE025,26,0,1995,0.0,2,26,0
1,0,ISIC,0,class,0.34325910768596696,0.35083578838580165,G.RF2.CSE1,37,0,1995,0.6486486486486487,2,37,0
3,1,ISIC,1,class,0.4057693062765889,0.35292806761809703,G.RF2.CSE1,40,0,1995,0.525,2,40,0
0,0,ISIC,0,class,0.4196080824030466,0.3508240986983372,G.RF2.CSE1,44,0,1995,0.5,2,44,0
6,0,ISIC,0,class,0.45251719231434134,0.34530517827432533,G.RF2.CSE1,26,0,1995,0.34615384615384615,2,26,0
all,1,ISIC,1,old,0.37573193812265365,0.35192268668829263,G.RF2.CSE1,77,0,1995,0.5844155844155844,2,77,0
all,0,ISIC,0,current,0.4318314660843847,0.3487742139694185,G.RF2.CSE1,70,0,1995,0.44285714285714284,2,70,0
all,0,ISIC,0,tail,0.45251719231434134,0.34530517827432533,G.RF2.CSE1,26,0,1995,0.34615384615384615,2,26,0
1,0,ISIC,0,class,0.34325910768596696,0.0877089470964504,G.RF2.CSE025,37,0,1995,0.16216216216216217,2,37,0
3,1,ISIC,0,class,0.4057693062765889,0.08823201690452424,G.RF2.CSE025,40,0,1995,0.15,2,40,0
0,0,ISIC,0,class,0.4196080824030466,0.0877060246745843,G.RF2.CSE025,44,0,1995,0.11363636363636363,2,44,0
6,0,ISIC,0,class,0.45251719231434134,0.0863262945685813,G.RF2.CSE025,26,0,1995,0.0,2,26,0
all,1,ISIC,0,old,0.37573193812265365,0.08798067167207316,G.RF2.CSE025,77,0,1995,0.15584415584415584,2,77,0
all,0,ISIC,0,current,0.4318314660843847,0.08719355349235462,G.RF2.CSE025,70,0,1995,0.07142857142857142,2,70,0
all,0,ISIC,0,tail,0.45251719231434134,0.0863262945685813,G.RF2.CSE025,26,0,1995,0.0,2,26,0
1,1,ISIC,0,class,0.36869068029322,0.4362387322398986,B.RF2.CSE1,37,0,1995,0.6486486486486487,2,37,0
3,0,ISIC,0,class,0.39597616183499007,0.4313813932432927,B.RF2.CSE1,40,0,1995,0.6,2,40,0
0,0,ISIC,0,class,0.39513886449717844,0.44299947006624424,B.RF2.CSE1,44,0,1995,0.6590909090909091,2,44,0
6,0,ISIC,0,class,0.4597076334844644,0.4316615665652682,B.RF2.CSE1,26,0,1995,0.5384615384615384,2,26,0
all,1,ISIC,0,old,0.38286495641881474,0.4337154392546487,B.RF2.CSE1,77,0,1995,0.6233766233766234,2,77,0
all,0,ISIC,0,current,0.4191215501210276,0.43878824876588174,B.RF2.CSE1,70,0,1995,0.6142857142857143,2,70,0
all,0,ISIC,0,tail,0.4597076334844644,0.4316615665652682,B.RF2.CSE1,26,0,1995,0.5384615384615384,2,26,0
1,0,ISIC,0,class,0.36869068029322,0.10905968305997465,B.RF2.CSE025,37,0,1995,0.16216216216216217,2,37,0
3,0,ISIC,0,class,0.39597616183499007,0.10784534831082318,B.RF2.CSE025,40,0,1995,0.2,2,40,0
0,0,ISIC,0,class,0.39513886449717844,0.11074986751656107,B.RF2.CSE025,44,0,1995,0.09090909090909091,2,44,0
6,0,ISIC,0,class,0.4597076334844644,0.10791539164131705,B.RF2.CSE025,26,0,1995,0.0,2,26,0
all,0,ISIC,0,old,0.38286495641881474,0.1084288598136622,B.RF2.CSE025,77,0,1995,0.18181818181818182,2,77,0
all,0,ISIC,0,current,0.4191215501210276,0.10969706219147043,B.RF2.CSE025,70,0,1995,0.05714285714285714,2,70,0
all,0,ISIC,0,tail,0.4597076334844644,0.10791539164131705,B.RF2.CSE025,26,0,1995,0.0,2,26,0
1,1,ISIC,0,class,0.34916406628087604,0.35083578838580165,G.RF1.CSEperm1,37,0,1995,0.5945945945945946,2,37,0
3,1,ISIC,0,class,0.4202606927884488,0.352928067618097,G.RF1.CSEperm1,40,0,1995,0.425,2,40,0
0,0,ISIC,0,class,0.3990199319457242,0.3508240986983372,G.RF1.CSEperm1,44,0,1995,0.5,2,44,0
6,0,ISIC,1,class,0.4243453456127815,0.34530517827432533,G.RF1.CSEperm1,26,0,1995,0.38461538461538464,2,26,0
all,2,ISIC,0,old,0.3860973787523424,0.35192268668829263,G.RF1.CSEperm1,77,0,1995,0.5064935064935064,2,77,0
all,0,ISIC,1,current,0.40842651416491693,0.3487742139694185,G.RF1.CSEperm1,70,0,1995,0.45714285714285713,2,70,0
all,0,ISIC,1,tail,0.4243453456127815,0.34530517827432533,G.RF1.CSEperm1,26,0,1995,0.38461538461538464,2,26,0
1,1,ISIC,0,class,0.3664755448358698,0.4362387322398986,B.RF1.CSEperm1,37,0,1995,0.7027027027027027,2,37,0
3,0,ISIC,0,class,0.4151638585942303,0.4313813932432927,B.RF1.CSEperm1,40,0,1995,0.55,2,40,0
0,0,ISIC,0,class,0.3990367714606386,0.4429994700662441,B.RF1.CSEperm1,44,0,1995,0.6363636363636364,2,44,0
6,0,ISIC,0,class,0.4894722717373762,0.4316615665652682,B.RF1.CSEperm1,26,0,1995,0.5,2,26,0
all,1,ISIC,0,old,0.39176817535969344,0.4337154392546488,B.RF1.CSEperm1,77,0,1995,0.6233766233766234,2,77,0
all,0,ISIC,0,current,0.43262710013485545,0.4387882487658817,B.RF1.CSEperm1,70,0,1995,0.5857142857142857,2,70,0
all,0,ISIC,0,tail,0.4894722717373762,0.4316615665652682,B.RF1.CSEperm1,26,0,1995,0.5,2,26,0
1,0,ISIC,1,class,0.26800894782369006,0.35096537853156756,G.LIN.CSE1,37,0,1995,0.7297297297297297,3,37,2
3,0,ISIC,0,class,0.2545674120415412,0.35300434133037284,G.LIN.CSE1,40,0,1995,0.75,3,40,0
0,1,ISIC,0,class,0.3692820137620057,0.35096485877681627,G.LIN.CSE1,44,0,1995,0.5454545454545454,3,44,0
6,0,ISIC,0,class,0.4535778923993314,0.3471745928290885,G.LIN.CSE1,26,0,1995,0.38461538461538464,3,26,0
4,0,ISIC,0,class,0.3001544915325974,0.341574699555464,G.LIN.CSE1,41,0,1995,0.6829268292682927,3,41,0
5,0,ISIC,1,class,0.30647901771883235,0.33445311315027,G.LIN.CSE1,37,0,1995,0.5945945945945946,3,37,0
all,1,ISIC,1,old,0.32748613169421115,0.3508495636640757,G.LIN.CSE1,147,0,1995,0.6190476190476191,3,147,2
all,0,ISIC,1,current,0.3031545872876062,0.33819651113248733,G.LIN.CSE1,78,0,1995,0.6410256410256411,3,78,0
all,0,ISIC,0,tail,0.4535778923993314,0.3471745928290885,G.LIN.CSE1,26,0,1995,0.38461538461538464,3,26,0
1,0,ISIC,0,class,0.26800894782369006,0.08774134463289189,G.LIN.CSE025,37,0,1995,0.32432432432432434,3,37,1
3,0,ISIC,0,class,0.2545674120415412,0.08825108533259321,G.LIN.CSE025,40,0,1995,0.225,3,40,0
0,0,ISIC,0,class,0.3692820137620057,0.08774121469420408,G.LIN.CSE025,44,0,1995,0.09090909090909091,3,44,0
6,0,ISIC,0,class,0.4535778923993314,0.08679364820727213,G.LIN.CSE025,26,0,1995,0.038461538461538464,3,26,0
4,0,ISIC,0,class,0.3001544915325974,0.08539367488886601,G.LIN.CSE025,41,0,1995,0.17073170731707318,3,41,0
5,0,ISIC,0,class,0.30647901771883235,0.0836132782875675,G.LIN.CSE025,37,0,1995,0.16216216216216217,3,37,0
all,0,ISIC,0,old,0.32748613169421115,0.08771239091601893,G.LIN.CSE025,147,0,1995,0.17687074829931973,3,147,1
all,0,ISIC,0,current,0.3031545872876062,0.08454912778312186,G.LIN.CSE025,78,0,1995,0.16666666666666666,3,78,0
all,0,ISIC,0,tail,0.4535778923993314,0.08679364820727213,G.LIN.CSE025,26,0,1995,0.038461538461538464,3,26,0
1,0,ISIC,1,class,0.26111233073594226,0.35078196776030607,G.RF1.CSE1,37,0,1995,0.7567567567567568,3,37,0
3,0,ISIC,0,class,0.2663518223704555,0.35343953064087774,G.RF1.CSE1,40,0,1995,0.75,3,40,0
0,0,ISIC,0,class,0.3607868280340635,0.3509648587768163,G.RF1.CSE1,44,0,1995,0.5681818181818182,3,44,0
6,0,ISIC,0,class,0.4431114797095913,0.3471767902469295,G.RF1.CSE1,26,0,1995,0.4230769230769231,3,26,0
4,0,ISIC,0,class,0.29255081384630754,0.34037985253856473,G.RF1.CSE1,41,0,1995,0.6341463414634146,3,41,0
5,0,ISIC,1,class,0.3026250917297443,0.3346211729342352,G.RF1.CSE1,37,0,1995,0.5675675675675675,3,37,0
all,0,ISIC,1,old,0.32456291182310376,0.35092220656711914,G.RF1.CSE1,147,0,1995,0.6394557823129252,3,147,0
all,0,ISIC,1,current,0.29732963797050194,0.33764817118779306,G.RF1.CSE1,78,0,1995,0.6025641025641025,3,78,0
all,0,ISIC,0,tail,0.4431114797095913,0.3471767902469295,G.RF1.CSE1,26,0,1995,0.4230769230769231,3,26,0
1,0,ISIC,0,class,0.26111233073594226,0.08769549194007653,G.RF1.CSE025,37,0,1995,0.2972972972972973,3,37,0
3,0,ISIC,0,class,0.2663518223704555,0.08835988266021944,G.RF1.CSE025,40,0,1995,0.2,3,40,0
0,0,ISIC,0,class,0.3607868280340635,0.08774121469420408,G.RF1.CSE025,44,0,1995,0.09090909090909091,3,44,0
6,0,ISIC,0,class,0.4431114797095913,0.08679419756173237,G.RF1.CSE025,26,0,1995,0.07692307692307693,3,26,0
4,0,ISIC,0,class,0.29255081384630754,0.08509496313464118,G.RF1.CSE025,41,0,1995,0.1951219512195122,3,41,0
5,0,ISIC,0,class,0.3026250917297443,0.0836552932335588,G.RF1.CSE025,37,0,1995,0.1891891891891892,3,37,0
all,0,ISIC,0,old,0.32456291182310376,0.08773055164177979,G.RF1.CSE025,147,0,1995,0.17006802721088435,3,147,0
all,0,ISIC,0,current,0.29732963797050194,0.08441204279694826,G.RF1.CSE025,78,0,1995,0.19230769230769232,3,78,0
all,0,ISIC,0,tail,0.4431114797095913,0.08679419756173237,G.RF1.CSE025,26,0,1995,0.07692307692307693,3,26,0
1,1,ISIC,0,class,0.2705527568999434,0.43789467964406387,B.LIN.CSE1,37,0,1995,0.8108108108108109,3,37,0
3,1,ISIC,1,class,0.22376398895608923,0.4325436652549276,B.LIN.CSE1,40,0,1995,0.85,3,40,0
0,0,ISIC,0,class,0.3428519611491467,0.4432014572661895,B.LIN.CSE1,44,0,1995,0.6818181818181818,3,43,0
6,0,ISIC,0,class,0.4575655527118574,0.4305424086233932,B.LIN.CSE1,26,0,1995,0.4230769230769231,3,26,0
4,0,ISIC,0,class,0.28806884479624933,0.4237169008588346,B.LIN.CSE1,41,0,1995,0.7560975609756098,3,41,0
5,0,ISIC,1,class,0.2889682396432182,0.42087871098481233,B.LIN.CSE1,37,0,1995,0.7567567567567568,3,37,0
all,2,ISIC,1,old,0.31253879064362056,0.43672664286359203,B.LIN.CSE1,147,0,1995,0.7142857142857143,3,146,0
all,0,ISIC,1,current,0.2884954808134012,0.4223705800211573,B.LIN.CSE1,78,0,1995,0.7564102564102564,3,78,0
all,0,ISIC,0,tail,0.4575655527118574,0.4305424086233932,B.LIN.CSE1,26,0,1995,0.4230769230769231,3,26,0
1,0,ISIC,0,class,0.2705527568999434,0.10947366991101597,B.LIN.CSE025,37,0,1995,0.32432432432432434,3,37,0
3,0,ISIC,0,class,0.22376398895608923,0.1081359163137319,B.LIN.CSE025,40,0,1995,0.35,3,40,0
0,0,ISIC,0,class,0.3428519611491467,0.11080036431654737,B.LIN.CSE025,44,0,1995,0.20454545454545456,3,43,0
6,0,ISIC,0,class,0.4575655527118574,0.10763560215584835,B.LIN.CSE025,26,0,1995,0.0,3,26,0
4,0,ISIC,0,class,0.28806884479624933,0.10592922521470866,B.LIN.CSE025,41,0,1995,0.21951219512195122,3,41,0
5,0,ISIC,0,class,0.2889682396432182,0.1052196777462031,B.LIN.CSE025,37,0,1995,0.21621621621621623,3,37,0
all,0,ISIC,0,old,0.31253879064362056,0.10918166071589801,B.LIN.CSE025,147,0,1995,0.23809523809523808,3,146,0
all,0,ISIC,0,current,0.2884954808134012,0.10559264500528934,B.LIN.CSE025,78,0,1995,0.21794871794871795,3,78,0
all,0,ISIC,0,tail,0.4575655527118574,0.10763560215584835,B.LIN.CSE025,26,0,1995,0.0,3,26,0
1,0,ISIC,0,class,0.27716065167543397,0.4379016875278356,B.RF1.CSE1,37,0,1995,0.7837837837837838,3,37,0
3,2,ISIC,1,class,0.22217088094376808,0.4322681874899262,B.RF1.CSE1,40,0,1995,0.85,3,40,0
0,1,ISIC,0,class,0.3494561391069977,0.44332614296786016,B.RF1.CSE1,44,0,1995,0.7045454545454546,3,43,0
6,0,ISIC,0,class,0.4606934932727762,0.4305424086233932,B.RF1.CSE1,26,0,1995,0.46153846153846156,3,26,0
4,1,ISIC,0,class,0.2770016542633349,0.423550023625417,B.RF1.CSE1,41,0,1995,0.7560975609756098,3,41,0
5,0,ISIC,1,class,0.29752392445534875,0.42087871098481233,B.RF1.CSE1,37,0,1995,0.7567567567567568,3,37,0
all,3,ISIC,1,old,0.3162985054118494,0.43669076770694587,B.RF1.CSE1,147,0,1995,0.7210884353741497,3,146,0
all,1,ISIC,1,current,0.2867365773031364,0.4222828625010276,B.RF1.CSE1,78,0,1995,0.7564102564102564,3,78,0
all,0,ISIC,0,tail,0.4606934932727762,0.4305424086233932,B.RF1.CSE1,26,0,1995,0.46153846153846156,3,26,0
1,0,ISIC,0,class,0.27716065167543397,0.1094754218819589,B.RF1.CSE025,37,0,1995,0.2702702702702703,3,37,0
3,0,ISIC,1,class,0.22217088094376808,0.10806704687248155,B.RF1.CSE025,40,0,1995,0.275,3,40,0
0,1,ISIC,0,class,0.3494561391069977,0.11083153574196504,B.RF1.CSE025,44,0,1995,0.1590909090909091,3,43,0
6,0,ISIC,0,class,0.4606934932727762,0.1076356021558483,B.RF1.CSE025,26,0,1995,0.038461538461538464,3,26,0
4,0,ISIC,0,class,0.2770016542633349,0.10588750590635425,B.RF1.CSE025,41,0,1995,0.24390243902439024,3,41,0
5,0,ISIC,0,class,0.29752392445534875,0.1052196777462031,B.RF1.CSE025,37,0,1995,0.16216216216216217,3,37,0
all,1,ISIC,1,old,0.3162985054118494,0.10917269192673647,B.RF1.CSE025,147,0,1995,0.19727891156462585,3,146,0
all,0,ISIC,0,current,0.2867365773031364,0.1055707156252569,B.RF1.CSE025,78,0,1995,0.20512820512820512,3,78,0
all,0,ISIC,0,tail,0.4606934932727762,0.1076356021558483,B.RF1.CSE025,26,0,1995,0.038461538461538464,3,26,0
1,0,ISIC,0,class,0.2733280413333477,0.35112185746906444,G.RF2.CSE1,37,0,1995,0.6486486486486487,3,37,1
3,3,ISIC,1,class,0.24554030678397712,0.3534258436077338,G.RF2.CSE1,40,0,1995,0.775,3,40,0
0,0,ISIC,0,class,0.38077503468209956,0.35096485877681627,G.RF2.CSE1,44,0,1995,0.5,3,44,0
6,0,ISIC,0,class,0.4415195120138068,0.3471767902469295,G.RF2.CSE1,26,0,1995,0.38461538461538464,3,26,0
4,0,ISIC,0,class,0.28122643436923744,0.3417049720317664,G.RF2.CSE1,41,0,1995,0.6829268292682927,3,41,0
5,0,ISIC,2,class,0.28008550155177125,0.3343072166129651,G.RF2.CSE1,37,0,1995,0.6216216216216216,3,36,0
all,3,ISIC,1,old,0.327675909109281,0.35100403267527086,G.RF2.CSE1,147,0,1995,0.5918367346938775,3,147,1
all,0,ISIC,2,current,0.2806852226481316,0.3381957803587453,G.RF2.CSE1,78,0,1995,0.6538461538461539,3,77,0
all,0,ISIC,0,tail,0.4415195120138068,0.3471767902469295,G.RF2.CSE1,26,0,1995,0.38461538461538464,3,26,0
1,0,ISIC,0,class,0.2733280413333477,0.0877804643672661,G.RF2.CSE025,37,0,1995,0.21621621621621623,3,37,1
3,1,ISIC,0,class,0.24554030678397712,0.08835646090193346,G.RF2.CSE025,40,0,1995,0.25,3,40,0
0,0,ISIC,0,class,0.38077503468209956,0.08774121469420408,G.RF2.CSE025,44,0,1995,0.11363636363636363,3,44,0
6,0,ISIC,0,class,0.4415195120138068,0.08679419756173237,G.RF2.CSE025,26,0,1995,0.038461538461538464,3,26,0
4,0,ISIC,0,class,0.28122643436923744,0.0854262430079416,G.RF2.CSE025,41,0,1995,0.1951219512195122,3,41,0
5,0,ISIC,0,class,0.28008550155177125,0.08357680415324127,G.RF2.CSE025,37,0,1995,0.10810810810810811,3,36,0
all,1,ISIC,0,old,0.327675909109281,0.08775100816881772,G.RF2.CSE025,147,0,1995,0.16326530612244897,3,147,1
all,0,ISIC,0,current,0.2806852226481316,0.08454894508968633,G.RF2.CSE025,78,0,1995,0.15384615384615385,3,77,0
all,0,ISIC,0,tail,0.4415195120138068,0.08679419756173237,G.RF2.CSE025,26,0,1995,0.038461538461538464,3,26,0
1,2,ISIC,0,class,0.27665055099919417,0.437894679644064,B.RF2.CSE1,37,0,1995,0.7567567567567568,3,37,0
3,1,ISIC,1,class,0.22027404266654171,0.4322681874899262,B.RF2.CSE1,40,0,1995,0.85,3,40,0
0,0,ISIC,1,class,0.3474089380341342,0.4432014572661895,B.RF2.CSE1,44,0,1995,0.7045454545454546,3,43,0
6,0,ISIC,0,class,0.41979864615692536,0.4305424086233934,B.RF2.CSE1,26,0,1995,0.5,3,26,0
4,1,ISIC,0,class,0.27733057345107337,0.42358519273201484,B.RF2.CSE1,41,0,1995,0.7560975609756098,3,41,0
5,1,ISIC,0,class,0.2911288672036889,0.4208563971408458,B.RF2.CSE1,37,0,1995,0.7567567567567568,3,37,0
all,3,ISIC,2,old,0.30780809637560413,0.4366516829275373,B.RF2.CSE1,147,0,1995,0.7210884353741497,3,146,0
all,2,ISIC,0,current,0.283875917923468,0.42229076405415256,B.RF2.CSE1,78,0,1995,0.7564102564102564,3,78,0
all,0,ISIC,0,tail,0.41979864615692536,0.4305424086233934,B.RF2.CSE1,26,0,1995,0.5,3,26,0
1,1,ISIC,0,class,0.27665055099919417,0.10947366991101597,B.RF2.CSE025,37,0,1995,0.2972972972972973,3,37,0
3,1,ISIC,0,class,0.22027404266654171,0.10806704687248155,B.RF2.CSE025,40,0,1995,0.3,3,40,0
0,0,ISIC,1,class,0.3474089380341342,0.11080036431654737,B.RF2.CSE025,44,0,1995,0.22727272727272727,3,43,0
6,0,ISIC,0,class,0.41979864615692536,0.10763560215584835,B.RF2.CSE025,26,0,1995,0.07692307692307693,3,26,0
4,0,ISIC,0,class,0.27733057345107337,0.10589629818300368,B.RF2.CSE025,41,0,1995,0.24390243902439024,3,41,0
5,0,ISIC,0,class,0.2911288672036889,0.10521409928521144,B.RF2.CSE025,37,0,1995,0.10810810810810811,3,37,0
all,2,ISIC,1,old,0.30780809637560413,0.10916292073188433,B.RF2.CSE025,147,0,1995,0.23809523809523808,3,146,0
all,0,ISIC,0,current,0.283875917923468,0.10557269101353814,B.RF2.CSE025,78,0,1995,0.1794871794871795,3,78,0
all,0,ISIC,0,tail,0.41979864615692536,0.10763560215584835,B.RF2.CSE025,26,0,1995,0.07692307692307693,3,26,0
1,0,ISIC,0,class,0.26111233073594226,0.3489668634408731,G.RF1.CSEperm1,37,0,1995,0.7567567567567568,3,37,0
3,1,ISIC,0,class,0.2663518223704555,0.3522814274521392,G.RF1.CSEperm1,40,0,1995,0.75,3,40,0
0,0,ISIC,0,class,0.3607868280340635,0.34896087762928807,G.RF1.CSEperm1,44,0,1995,0.5681818181818182,3,44,0
6,0,ISIC,0,class,0.4431114797095913,0.34652839507155814,G.RF1.CSEperm1,26,0,1995,0.4230769230769231,3,26,0
4,0,ISIC,0,class,0.29255081384630754,0.3424236875631555,G.RF1.CSEperm1,41,0,1995,0.6341463414634146,3,41,0
5,0,ISIC,0,class,0.3026250917297443,0.3342686466814537,G.RF1.CSEperm1,37,0,1995,0.5675675675675675,3,37,0
all,1,ISIC,0,old,0.32456291182310376,0.3494357002241297,G.RF1.CSEperm1,147,0,1995,0.6394557823129252,3,147,0
all,0,ISIC,0,current,0.29732963797050194,0.338555270734656,G.RF1.CSEperm1,78,0,1995,0.6025641025641025,3,78,0
all,0,ISIC,0,tail,0.4431114797095913,0.34652839507155814,G.RF1.CSEperm1,26,0,1995,0.4230769230769231,3,26,0
1,1,ISIC,0,class,0.27716065167543397,0.43540119804327976,B.RF1.CSEperm1,37,0,1995,0.7837837837837838,3,37,0
3,1,ISIC,0,class,0.22217088094376808,0.43329412455029237,B.RF1.CSEperm1,40,0,1995,0.85,3,40,0
0,0,ISIC,0,class,0.3494561391069977,0.4428005054030883,B.RF1.CSEperm1,44,0,1995,0.7045454545454546,3,43,0
6,0,ISIC,0,class,0.4606934932727762,0.4288998818282846,B.RF1.CSEperm1,26,0,1995,0.46153846153846156,3,26,1
4,1,ISIC,0,class,0.2770016542633349,0.4242710626992368,B.RF1.CSEperm1,41,0,1995,0.7560975609756098,3,41,0
5,0,ISIC,0,class,0.29752392445534875,0.4202314016304332,B.RF1.CSEperm1,37,0,1995,0.7567567567567568,3,37,0
all,2,ISIC,0,old,0.3162985054118494,0.43589271071349883,B.RF1.CSEperm1,147,0,1995,0.7210884353741497,3,146,1
all,1,ISIC,0,current,0.2867365773031364,0.42235481321788126,B.RF1.CSEperm1,78,0,1995,0.7564102564102564,3,78,0
all,0,ISIC,0,tail,0.4606934932727762,0.4288998818282846,B.RF1.CSEperm1,26,0,1995,0.46153846153846156,3,26,1
1,1,ISIC,2,class,0.2328725511564717,0.35028956929859373,G.LIN.CSE1,37,0,1995,0.7567567567567568,4,37,1
3,0,ISIC,0,class,0.21935265862717884,0.3527376322295079,G.LIN.CSE1,40,0,1995,0.825,4,40,0
0,3,ISIC,0,class,0.31185907294635523,0.3507198776268346,G.LIN.CSE1,44,0,1995,0.5909090909090909,4,43,0
6,0,ISIC,0,class,0.4283818594513598,0.34536418814709885,G.LIN.CSE1,26,0,1995,0.4230769230769231,4,26,0
4,1,ISIC,0,class,0.21276110430903758,0.3402543274360263,G.LIN.CSE1,41,0,1995,0.7317073170731707,4,39,2
5,0,ISIC,0,class,0.22236958470808518,0.3339365984645228,G.LIN.CSE1,37,0,1995,0.8108108108108109,4,35,1
2,0,ISIC,1,class,0.1735286976403907,0.3365984124353539,G.LIN.CSE1,46,0,1995,0.9130434782608695,4,46,1
7,0,ISIC,1,class,0.2064921721471645,0.3407545159537045,G.LIN.CSE1,24,0,1995,0.75,4,20,1
all,5,ISIC,2,old,0.26311554757387234,0.3457219752386578,G.LIN.CSE1,225,0,1995,0.7022222222222222,4,220,4
all,0,ISIC,2,current,0.18483046032842745,0.33802336221307405,G.LIN.CSE1,70,0,1995,0.8571428571428571,4,66,2
all,0,ISIC,1,tail,0.3218748095453461,0.3431515454942695,G.LIN.CSE1,50,0,1995,0.58,4,46,1
1,0,ISIC,0,class,0.2328725511564717,0.08757239232464843,G.LIN.CSE025,37,0,1995,0.32432432432432434,4,37,1
3,0,ISIC,0,class,0.21935265862717884,0.08818440805737697,G.LIN.CSE025,40,0,1995,0.225,4,40,0
0,0,ISIC,0,class,0.31185907294635523,0.08767996940670864,G.LIN.CSE025,44,0,1995,0.18181818181818182,4,43,0
6,0,ISIC,0,class,0.4283818594513598,0.08634104703677471,G.LIN.CSE025,26,0,1995,0.07692307692307693,4,26,0
4,0,ISIC,0,class,0.21276110430903758,0.08506358185900656,G.LIN.CSE025,41,0,1995,0.2682926829268293,4,39,1
5,0,ISIC,0,class,0.22236958470808518,0.08348414961613068,G.LIN.CSE025,37,0,1995,0.21621621621621623,4,35,0
2,0,ISIC,1,class,0.1735286976403907,0.08414960310883847,G.LIN.CSE025,46,0,1995,0.2826086956521739,4,46,0
7,0,ISIC,0,class,0.2064921721471645,0.08518862898842612,G.LIN.CSE025,24,0,1995,0.375,4,20,1
all,0,ISIC,0,old,0.26311554757387234,0.08643049380966444,G.LIN.CSE025,225,0,1995,0.2222222222222222,4,220,2
all,0,ISIC,1,current,0.18483046032842745,0.08450584055326851,G.LIN.CSE025,70,0,1995,0.3142857142857143,4,66,1
all,0,ISIC,0,tail,0.3218748095453461,0.08578788637356738,G.LIN.CSE025,50,0,1995,0.22,4,46,1
1,1,ISIC,1,class,0.22809884771640865,0.35001953452489987,G.RF1.CSE1,37,0,1995,0.7567567567567568,4,37,0
3,0,ISIC,1,class,0.22780299366739531,0.3534921361427263,G.RF1.CSE1,40,0,1995,0.775,4,40,0
0,1,ISIC,0,class,0.31067694735731266,0.3507198776268346,G.RF1.CSE1,44,0,1995,0.6590909090909091,4,43,0
6,0,ISIC,0,class,0.41840808802884183,0.3443751510367179,G.RF1.CSE1,26,0,1995,0.4230769230769231,4,26,0
4,2,ISIC,0,class,0.20758152896124626,0.33947699185615954,G.RF1.CSE1,41,0,1995,0.7804878048780488,4,39,0
5,0,ISIC,0,class,0.2169885255522578,0.33387788508109156,G.RF1.CSE1,37,0,1995,0.7837837837837838,4,36,1
2,0,ISIC,1,class,0.17730812729932904,0.3360841283030524,G.RF1.CSE1,46,0,1995,0.8695652173913043,4,45,0
7,0,ISIC,2,class,0.20886174170410007,0.34127082156178346,G.RF1.CSE1,24,0,1995,0.875,4,19,0
all,4,ISIC,2,old,0.2606204054111965,0.345546111910083,G.RF1.CSE1,225,0,1995,0.7111111111111111,4,221,1
all,0,ISIC,3,current,0.18812650938096484,0.3378624231346173,G.RF1.CSE1,70,0,1995,0.8714285714285714,4,64,0
all,0,ISIC,2,tail,0.3178258417929658,0.34288507288874936,G.RF1.CSE1,50,0,1995,0.64,4,45,0
1,1,ISIC,0,class,0.22809884771640865,0.08750488363122495,G.RF1.CSE025,37,0,1995,0.3783783783783784,4,37,0
3,0,ISIC,0,class,0.22780299366739531,0.08837303403568157,G.RF1.CSE025,40,0,1995,0.275,4,40,0
0,0,ISIC,0,class,0.31067694735731266,0.08767996940670864,G.RF1.CSE025,44,0,1995,0.11363636363636363,4,43,0
6,0,ISIC,0,class,0.41840808802884183,0.08609378775917947,G.RF1.CSE025,26,0,1995,0.07692307692307693,4,26,0
4,1,ISIC,0,class,0.20758152896124626,0.08486924796403988,G.RF1.CSE025,41,0,1995,0.3170731707317073,4,39,0
5,0,ISIC,0,class,0.2169885255522578,0.08346947127027289,G.RF1.CSE025,37,0,1995,0.24324324324324326,4,36,0
2,0,ISIC,0,class,0.17730812729932904,0.0840210320757631,G.RF1.CSE025,46,0,1995,0.2826086956521739,4,45,0
7,0,ISIC,0,class,0.20886174170410007,0.08531770539044586,G.RF1.CSE025,24,0,1995,0.3333333333333333,4,19,0
all,2,ISIC,0,old,0.2606204054111965,0.08638652797752075,G.RF1.CSE025,225,0,1995,0.24,4,221,0
all,0,ISIC,0,current,0.18812650938096484,0.08446560578365432,G.RF1.CSE025,70,0,1995,0.3,4,64,0
all,0,ISIC,0,tail,0.3178258417929658,0.08572126822218737,G.RF1.CSE025,50,0,1995,0.2,4,45,0
1,0,ISIC,0,class,0.2264049954349045,0.43653689718301214,B.LIN.CSE1,37,0,1995,0.8378378378378378,4,37,1
3,0,ISIC,1,class,0.19564744523219835,0.4314575442055668,B.LIN.CSE1,40,0,1995,0.925,4,40,0
0,0,ISIC,0,class,0.2843823806116729,0.4443811063019691,B.LIN.CSE1,44,0,1995,0.7954545454545454,4,43,0
6,0,ISIC,0,class,0.4357271760946724,0.4383208363133192,B.LIN.CSE1,26,0,1995,0.5,4,26,0
4,2,ISIC,0,class,0.2040332427823866,0.42361305951006895,B.LIN.CSE1,41,0,1995,0.8780487804878049,4,39,1
5,1,ISIC,1,class,0.1947498065798016,0.42099458377319976,B.LIN.CSE1,37,0,1995,0.9459459459459459,4,35,3
2,1,ISIC,2,class,0.17025103783070392,0.42620183454071126,B.LIN.CSE1,46,0,1995,0.9347826086956522,4,46,0
7,1,ISIC,1,class,0.21464886153983984,0.42757470029376526,B.LIN.CSE1,24,0,1995,0.7916666666666666,4,19,1
all,3,ISIC,2,old,0.2471809767257111,0.43246316633310344,B.LIN.CSE1,225,0,1995,0.8311111111111111,4,220,5
all,2,ISIC,3,current,0.18547314881669336,0.4266725313703298,B.LIN.CSE1,70,0,1995,0.8857142857142857,4,65,1
all,1,ISIC,1,tail,0.32960958510835275,0.43316269102393334,B.LIN.CSE1,50,0,1995,0.64,4,45,1
1,0,ISIC,0,class,0.2264049954349045,0.10913422429575304,B.LIN.CSE025,37,0,1995,0.4594594594594595,4,37,0
3,0,ISIC,1,class,0.19564744523219835,0.10786438605139173,B.LIN.CSE025,40,0,1995,0.4,4,40,0
0,0,ISIC,0,class,0.2843823806116729,0.11109527657549227,B.LIN.CSE025,44,0,1995,0.25,4,43,0
6,0,ISIC,0,class,0.4357271760946724,0.10958020907832978,B.LIN.CSE025,26,0,1995,0.038461538461538464,4,26,0
4,1,ISIC,0,class,0.2040332427823866,0.10590326487751724,B.LIN.CSE025,41,0,1995,0.36585365853658536,4,39,0
5,0,ISIC,0,class,0.1947498065798016,0.10524864594329994,B.LIN.CSE025,37,0,1995,0.35135135135135137,4,35,0
2,0,ISIC,1,class,0.17025103783070392,0.10655045863517784,B.LIN.CSE025,46,0,1995,0.391304347826087,4,46,0
7,0,ISIC,0,class,0.21464886153983984,0.10689367507344132,B.LIN.CSE025,24,0,1995,0.4583333333333333,4,19,0
all,1,ISIC,1,old,0.2471809767257111,0.10811579158327586,B.LIN.CSE025,225,0,1995,0.3244444444444444,4,220,0
all,0,ISIC,1,current,0.18547314881669336,0.10666813284258246,B.LIN.CSE025,70,0,1995,0.4142857142857143,4,65,0
all,0,ISIC,0,tail,0.32960958510835275,0.10829067275598331,B.LIN.CSE025,50,0,1995,0.24,4,45,0
1,0,ISIC,1,class,0.22600570677590523,0.4364483382166051,B.RF1.CSE1,37,0,1995,0.8378378378378378,4,37,0
3,1,ISIC,2,class,0.18750932954937966,0.4320667981477813,B.RF1.CSE1,40,0,1995,0.925,4,40,0
0,0,ISIC,1,class,0.2920427335322455,0.44417132082768995,B.RF1.CSE1,44,0,1995,0.7727272727272727,4,43,0
6,0,ISIC,0,class,0.43791058644386965,0.43823005938827053,B.RF1.CSE1,26,0,1995,0.4230769230769231,4,26,0
4,2,ISIC,2,class,0.1895384715234274,0.42393233670359,B.RF1.CSE1,41,0,1995,0.9024390243902439,4,38,0
5,1,ISIC,1,class,0.19436283927342518,0.4209788620034084,B.RF1.CSE1,37,0,1995,0.8918918918918919,4,33,1
2,1,ISIC,2,class,0.16366214722145211,0.42522945779979915,B.RF1.CSE1,46,0,1995,0.9565217391304348,4,46,0
7,0,ISIC,0,class,0.21074407666942394,0.42853726984188595,B.RF1.CSE1,24,0,1995,0.7916666666666666,4,20,2
all,4,ISIC,7,old,0.24471396551653488,0.4325609946640548,B.RF1.CSE1,225,0,1995,0.8133333333333334,4,217,1
all,1,ISIC,2,current,0.1798045230321853,0.42636356478565746,B.RF1.CSE1,70,0,1995,0.9,4,66,2
all,0,ISIC,0,tail,0.3288706617521357,0.4335775204060059,B.RF1.CSE1,50,0,1995,0.6,4,46,2
1,0,ISIC,0,class,0.22600570677590523,0.10911208455415128,B.RF1.CSE025,37,0,1995,0.43243243243243246,4,37,0
3,0,ISIC,1,class,0.18750932954937966,0.10801669953694533,B.RF1.CSE025,40,0,1995,0.35,4,40,0
0,0,ISIC,1,class,0.2920427335322455,0.11104283020692249,B.RF1.CSE025,44,0,1995,0.2727272727272727,4,43,0
6,0,ISIC,0,class,0.43791058644386965,0.10955751484706763,B.RF1.CSE025,26,0,1995,0.11538461538461539,4,26,0
4,1,ISIC,2,class,0.1895384715234274,0.1059830841758975,B.RF1.CSE025,41,0,1995,0.43902439024390244,4,38,0
5,0,ISIC,0,class,0.19436283927342518,0.10524471550085208,B.RF1.CSE025,37,0,1995,0.40540540540540543,4,33,1
2,0,ISIC,1,class,0.16366214722145211,0.10630736444994979,B.RF1.CSE025,46,0,1995,0.43478260869565216,4,46,0
7,0,ISIC,0,class,0.21074407666942394,0.10713431746047149,B.RF1.CSE025,24,0,1995,0.4166666666666667,4,20,0
all,1,ISIC,4,old,0.24471396551653488,0.1081402486660137,B.RF1.CSE025,225,0,1995,0.3466666666666667,4,217,1
all,0,ISIC,1,current,0.1798045230321853,0.10659089119641438,B.RF1.CSE025,70,0,1995,0.42857142857142855,4,66,0
all,0,ISIC,0,tail,0.3288706617521357,0.10839438010150147,B.RF1.CSE025,50,0,1995,0.26,4,46,0
1,0,ISIC,0,class,0.23439238222686248,0.35014853043848815,G.RF2.CSE1,37,0,1995,0.7297297297297297,4,37,0
3,0,ISIC,1,class,0.21514407429055216,0.3535943010426383,G.RF2.CSE1,40,0,1995,0.85,4,40,0
0,3,ISIC,0,class,0.3249046914493784,0.35071987762683454,G.RF2.CSE1,44,0,1995,0.5909090909090909,4,43,0
6,0,ISIC,0,class,0.41858726856945994,0.34484624989142776,G.RF2.CSE1,26,0,1995,0.38461538461538464,4,26,0
4,1,ISIC,1,class,0.19876638884027448,0.34014689940101916,G.RF2.CSE1,41,0,1995,0.7804878048780488,4,39,0
5,0,ISIC,0,class,0.19982476825524578,0.333851374892822,G.RF2.CSE1,37,0,1995,0.8108108108108109,4,35,2
2,0,ISIC,0,class,0.17928706456117274,0.3360999945687095,G.RF2.CSE1,46,0,1995,0.8913043478260869,4,45,1
7,0,ISIC,1,class,0.19708871967022534,0.3421801693676305,G.RF2.CSE1,24,0,1995,0.7916666666666666,4,18,0
all,4,ISIC,2,old,0.2577790883932887,0.345757637898505,G.RF2.CSE1,225,0,1995,0.7066666666666667,4,220,2
all,0,ISIC,1,current,0.1853904891699908,0.3381846259283394,G.RF2.CSE1,70,0,1995,0.8571428571428571,4,63,1
all,0,ISIC,1,tail,0.31226796509782734,0.343566531240005,G.RF2.CSE1,50,0,1995,0.58,4,44,0
1,0,ISIC,0,class,0.23439238222686248,0.08753713260962204,G.RF2.CSE025,37,0,1995,0.35135135135135137,4,37,0
3,0,ISIC,1,class,0.21514407429055216,0.08839857526065957,G.RF2.CSE025,40,0,1995,0.2,4,40,0
0,1,ISIC,0,class,0.3249046914493784,0.08767996940670862,G.RF2.CSE025,44,0,1995,0.18181818181818182,4,43,0
6,0,ISIC,0,class,0.41858726856945994,0.08621156247285694,G.RF2.CSE025,26,0,1995,0.11538461538461539,4,26,0
4,0,ISIC,0,class,0.19876638884027448,0.08503672485025478,G.RF2.CSE025,41,0,1995,0.24390243902439024,4,39,0
5,0,ISIC,0,class,0.19982476825524578,0.0834628437232055,G.RF2.CSE025,37,0,1995,0.16216216216216217,4,35,0
2,0,ISIC,0,class,0.17928706456117274,0.08402499864217737,G.RF2.CSE025,46,0,1995,0.2391304347826087,4,45,1
7,0,ISIC,0,class,0.19708871967022534,0.08554504234190764,G.RF2.CSE025,24,0,1995,0.4166666666666667,4,18,0
all,1,ISIC,1,old,0.2577790883932887,0.08643940947462626,G.RF2.CSE025,225,0,1995,0.21333333333333335,4,220,0
all,0,ISIC,0,current,0.1853904891699908,0.08454615648208486,G.RF2.CSE025,70,0,1995,0.3,4,63,1
all,0,ISIC,0,tail,0.31226796509782734,0.08589163281000126,G.RF2.CSE025,50,0,1995,0.26,4,44,0
1,0,ISIC,1,class,0.2371402114026281,0.43666415158852934,B.RF2.CSE1,37,0,1995,0.8108108108108109,4,37,0
3,0,ISIC,2,class,0.190279087955265,0.43155004089552573,B.RF2.CSE1,40,0,1995,0.95,4,40,0
0,0,ISIC,0,class,0.2895792759412306,0.4442249485680582,B.RF2.CSE1,44,0,1995,0.7727272727272727,4,43,0
6,0,ISIC,0,class,0.3984214310252429,0.43772684101813036,B.RF2.CSE1,26,0,1995,0.5769230769230769,4,26,1
4,1,ISIC,1,class,0.20247331297541524,0.4242007931758566,B.RF2.CSE1,41,0,1995,0.8536585365853658,4,39,1
5,0,ISIC,0,class,0.1938915140280125,0.41979459173741723,B.RF2.CSE1,37,0,1995,0.972972972972973,4,34,3
2,1,ISIC,2,class,0.1654814306957505,0.42535415395181764,B.RF2.CSE1,46,0,1995,0.9565217391304348,4,45,0
7,1,ISIC,0,class,0.20970405199401274,0.4280936538408168,B.RF2.CSE1,24,0,1995,0.8333333333333334,4,19,0
all,1,ISIC,4,old,0.24427194906314134,0.4323111256113651,B.RF2.CSE1,225,0,1995,0.8355555555555556,4,219,5
all,2,ISIC,2,current,0.18064347228372613,0.4262934110566173,B.RF2.CSE1,70,0,1995,0.9142857142857143,4,64,0
all,1,ISIC,0,tail,0.3078370890902524,0.4331029111730199,B.RF2.CSE1,50,0,1995,0.7,4,45,1
1,0,ISIC,1,class,0.2371402114026281,0.10916603789713233,B.RF2.CSE025,37,0,1995,0.32432432432432434,4,37,0
3,0,ISIC,1,class,0.190279087955265,0.10788751022388143,B.RF2.CSE025,40,0,1995,0.325,4,40,0
0,0,ISIC,0,class,0.2895792759412306,0.11105623714201457,B.RF2.CSE025,44,0,1995,0.2727272727272727,4,43,0
6,0,ISIC,0,class,0.3984214310252429,0.10943171025453259,B.RF2.CSE025,26,0,1995,0.19230769230769232,4,26,0
4,0,ISIC,0,class,0.20247331297541524,0.10605019829396418,B.RF2.CSE025,41,0,1995,0.4146341463414634,4,39,0
5,0,ISIC,0,class,0.1938915140280125,0.1049486479343543,B.RF2.CSE025,37,0,1995,0.2702702702702703,4,34,0
2,0,ISIC,0,class,0.1654814306957505,0.10633853848795441,B.RF2.CSE025,46,0,1995,0.5,4,45,0
7,1,ISIC,0,class,0.20970405199401274,0.10702341346020422,B.RF2.CSE025,24,0,1995,0.4166666666666667,4,19,0
all,0,ISIC,2,old,0.24427194906314134,0.10807778140284127,B.RF2.CSE025,225,0,1995,0.30666666666666664,4,219,0
all,1,ISIC,0,current,0.18064347228372613,0.10657335276415432,B.RF2.CSE025,70,0,1995,0.4714285714285714,4,64,0
all,1,ISIC,0,tail,0.3078370890902524,0.10827572779325496,B.RF2.CSE025,50,0,1995,0.3,4,45,0
1,3,ISIC,0,class,0.22809884771640865,0.3461335724432123,G.RF1.CSEperm1,37,0,1995,0.7567567567567568,4,37,0
3,0,ISIC,1,class,0.22780299366739531,0.3501487330842298,G.RF1.CSEperm1,40,0,1995,0.775,4,40,0
0,0,ISIC,1,class,0.31067694735731266,0.346112305467626,G.RF1.CSEperm1,44,0,1995,0.6136363636363636,4,43,0
6,0,ISIC,0,class,0.41840808802884183,0.34396349957346867,G.RF1.CSEperm1,26,0,1995,0.4230769230769231,4,26,0
4,2,ISIC,0,class,0.20758152896124626,0.3413538527222403,G.RF1.CSEperm1,41,0,1995,0.7804878048780488,4,39,1
5,0,ISIC,0,class,0.2169885255522578,0.33367172490187347,G.RF1.CSEperm1,37,0,1995,0.7837837837837838,4,36,1
2,2,ISIC,1,class,0.17730812729932904,0.3371097424381564,G.RF1.CSEperm1,46,0,1995,0.8695652173913043,4,45,0
7,0,ISIC,1,class,0.20886174170410007,0.33964008474754803,G.RF1.CSEperm1,24,0,1995,0.8333333333333334,4,19,0
all,5,ISIC,2,old,0.2606204054111965,0.34367220318326647,G.RF1.CSEperm1,225,0,1995,0.7022222222222222,4,221,2
all,2,ISIC,2,current,0.18812650938096484,0.3379772883728049,G.RF1.CSEperm1,70,0,1995,0.8571428571428571,4,64,0
all,0,ISIC,1,tail,0.3178258417929658,0.34188826045702675,G.RF1.CSEperm1,50,0,1995,0.62,4,45,0
1,2,ISIC,1,class,0.22600570677590523,0.43407290884610433,B.RF1.CSEperm1,37,0,1995,0.8378378378378378,4,37,0
3,0,ISIC,2,class,0.18750932954937966,0.4311570770978067,B.RF1.CSEperm1,40,0,1995,0.9,4,40,0
0,0,ISIC,1,class,0.2920427335322455,0.44484770197937423,B.RF1.CSEperm1,44,0,1995,0.7727272727272727,4,43,0
6,0,ISIC,0,class,0.43791058644386965,0.4342744903361088,B.RF1.CSEperm1,26,0,1995,0.4230769230769231,4,26,0
4,0,ISIC,1,class,0.1895384715234274,0.4221427988132125,B.RF1.CSEperm1,41,0,1995,0.8780487804878049,4,38,0
5,1,ISIC,0,class,0.19436283927342518,0.41930372882958156,B.RF1.CSEperm1,37,0,1995,0.8918918918918919,4,33,2
2,1,ISIC,2,class,0.16366214722145211,0.42401909129586457,B.RF1.CSEperm1,46,0,1995,0.9565217391304348,4,46,0
7,0,ISIC,0,class,0.21074407666942394,0.4298802751858795,B.RF1.CSEperm1,24,0,1995,0.8333333333333334,4,20,0
all,3,ISIC,5,old,0.24471396551653488,0.4310822625114918,B.RF1.CSEperm1,225,0,1995,0.8044444444444444,4,217,2
all,1,ISIC,2,current,0.1798045230321853,0.42602864005815544,B.RF1.CSEperm1,70,0,1995,0.9142857142857143,4,66,0
all,0,ISIC,0,tail,0.3288706617521357,0.43216526706399866,B.RF1.CSEperm1,50,0,1995,0.62,4,46,0
0,0,HK,0,class,0.9716978781099296,0.3490445925956664,G.LIN.CSE1,7,0,1993,0.0,1,7,0
4,0,HK,0,class,0.9729330240194071,0.33595296554377335,G.LIN.CSE1,165,0,1993,0.0,1,165,0
all,0,HK,0,old,,,G.LIN.CSE1,0,0,1993,,1,0,0
all,0,HK,0,current,0.9728827564533238,0.33648576431914107,G.LIN.CSE1,172,0,1993,0.0,1,172,0
all,0,HK,0,tail,0.9716978781099296,0.3490445925956664,G.LIN.CSE1,7,0,1993,0.0,1,7,0
0,0,HK,0,class,0.9716978781099296,0.08726114814891658,G.LIN.CSE025,7,0,1993,0.0,1,7,0
4,0,HK,0,class,0.9729330240194071,0.08398824138594334,G.LIN.CSE025,165,0,1993,0.0,1,165,0
all,0,HK,0,old,,,G.LIN.CSE025,0,0,1993,,1,0,0
all,0,HK,0,current,0.9728827564533238,0.08412144107978527,G.LIN.CSE025,172,0,1993,0.0,1,172,0
all,0,HK,0,tail,0.9716978781099296,0.08726114814891658,G.LIN.CSE025,7,0,1993,0.0,1,7,0
0,0,HK,0,class,0.9514337377336747,0.3490445925956664,G.RF1.CSE1,7,0,1993,0.0,1,7,0
4,0,HK,0,class,0.9674884003050267,0.33595296554377335,G.RF1.CSE1,165,0,1993,0.0,1,165,0
all,0,HK,0,old,,,G.RF1.CSE1,0,0,1993,,1,0,0
all,0,HK,0,current,0.9668350128747973,0.33648576431914107,G.RF1.CSE1,172,0,1993,0.0,1,172,0
all,0,HK,0,tail,0.9514337377336747,0.3490445925956664,G.RF1.CSE1,7,0,1993,0.0,1,7,0
0,0,HK,0,class,0.9514337377336747,0.08726114814891658,G.RF1.CSE025,7,0,1993,0.0,1,7,0
4,0,HK,0,class,0.9674884003050267,0.08398824138594332,G.RF1.CSE025,165,0,1993,0.0,1,165,0
all,0,HK,0,old,,,G.RF1.CSE025,0,0,1993,,1,0,0
all,0,HK,0,current,0.9668350128747973,0.08412144107978527,G.RF1.CSE025,172,0,1993,0.0,1,172,0
all,0,HK,0,tail,0.9514337377336747,0.08726114814891658,G.RF1.CSE025,7,0,1993,0.0,1,7,0
0,0,HK,0,class,0.9958261744836576,0.42894332650625827,B.LIN.CSE1,7,0,1993,0.0,1,7,0
4,0,HK,0,class,0.9774887401847799,0.4390461118399926,B.LIN.CSE1,165,0,1993,0.0,1,165,0
all,0,HK,0,old,,,B.LIN.CSE1,0,0,1993,,1,0,0
all,0,HK,0,current,0.9782350311155482,0.4386349519717593,B.LIN.CSE1,172,0,1993,0.0,1,172,0
all,0,HK,0,tail,0.9958261744836576,0.42894332650625827,B.LIN.CSE1,7,0,1993,0.0,1,7,0
0,0,HK,0,class,0.9958261744836576,0.10723583162656457,B.LIN.CSE025,7,0,1993,0.0,1,7,0
4,0,HK,0,class,0.9774887401847799,0.10976152795999815,B.LIN.CSE025,165,0,1993,0.0,1,165,0
all,0,HK,0,old,,,B.LIN.CSE025,0,0,1993,,1,0,0
all,0,HK,0,current,0.9782350311155482,0.10965873799293982,B.LIN.CSE025,172,0,1993,0.0,1,172,0
all,0,HK,0,tail,0.9958261744836576,0.10723583162656457,B.LIN.CSE025,7,0,1993,0.0,1,7,0
0,0,HK,0,class,0.9936646751904458,0.42894332650625827,B.RF1.CSE1,7,0,1993,0.0,1,7,0
4,0,HK,0,class,0.9843522376487497,0.4390461118399926,B.RF1.CSE1,165,0,1993,0.0,1,165,0
all,0,HK,0,old,,,B.RF1.CSE1,0,0,1993,,1,0,0
all,0,HK,0,current,0.9847312321998654,0.43863495197175917,B.RF1.CSE1,172,0,1993,0.0,1,172,0
all,0,HK,0,tail,0.9936646751904458,0.42894332650625827,B.RF1.CSE1,7,0,1993,0.0,1,7,0
0,0,HK,0,class,0.9936646751904458,0.10723583162656457,B.RF1.CSE025,7,0,1993,0.0,1,7,0
4,0,HK,0,class,0.9843522376487497,0.10976152795999815,B.RF1.CSE025,165,0,1993,0.0,1,165,0
all,0,HK,0,old,,,B.RF1.CSE025,0,0,1993,,1,0,0
all,0,HK,0,current,0.9847312321998654,0.10965873799293982,B.RF1.CSE025,172,0,1993,0.0,1,172,0
all,0,HK,0,tail,0.9936646751904458,0.10723583162656457,B.RF1.CSE025,7,0,1993,0.0,1,7,0
0,0,HK,0,class,0.9422810877585165,0.3490445925956664,G.RF2.CSE1,7,0,1993,0.0,1,7,0
4,0,HK,0,class,0.9650897155037753,0.33595296554377335,G.RF2.CSE1,165,0,1993,0.0,1,165,0
all,0,HK,0,old,,,G.RF2.CSE1,0,0,1993,,1,0,0
all,0,HK,0,current,0.9641614573978636,0.33648576431914107,G.RF2.CSE1,172,0,1993,0.0,1,172,0
all,0,HK,0,tail,0.9422810877585165,0.3490445925956664,G.RF2.CSE1,7,0,1993,0.0,1,7,0
0,0,HK,0,class,0.9422810877585165,0.08726114814891657,G.RF2.CSE025,7,0,1993,0.0,1,7,0
4,0,HK,0,class,0.9650897155037753,0.08398824138594334,G.RF2.CSE025,165,0,1993,0.0,1,165,0
all,0,HK,0,old,,,G.RF2.CSE025,0,0,1993,,1,0,0
all,0,HK,0,current,0.9641614573978636,0.08412144107978527,G.RF2.CSE025,172,0,1993,0.0,1,172,0
all,0,HK,0,tail,0.9422810877585165,0.08726114814891657,G.RF2.CSE025,7,0,1993,0.0,1,7,0
0,0,HK,0,class,0.9954565945382254,0.42894332650625827,B.RF2.CSE1,7,0,1993,0.0,1,7,0
4,0,HK,0,class,0.9830119251150513,0.4390461118399926,B.RF2.CSE1,165,0,1993,0.0,1,165,0
all,0,HK,0,old,,,B.RF2.CSE1,0,0,1993,,1,0,0
all,0,HK,0,current,0.9835183942194827,0.4386349519717593,B.RF2.CSE1,172,0,1993,0.0,1,172,0
all,0,HK,0,tail,0.9954565945382254,0.42894332650625827,B.RF2.CSE1,7,0,1993,0.0,1,7,0
0,0,HK,0,class,0.9954565945382254,0.10723583162656457,B.RF2.CSE025,7,0,1993,0.0,1,7,0
4,0,HK,0,class,0.9830119251150513,0.10976152795999815,B.RF2.CSE025,165,0,1993,0.0,1,165,0
all,0,HK,0,old,,,B.RF2.CSE025,0,0,1993,,1,0,0
all,0,HK,0,current,0.9835183942194827,0.10965873799293982,B.RF2.CSE025,172,0,1993,0.0,1,172,0
all,0,HK,0,tail,0.9954565945382254,0.10723583162656457,B.RF2.CSE025,7,0,1993,0.0,1,7,0
0,0,HK,0,class,0.9514337377336747,0.3490445925956664,G.RF1.CSEperm1,7,0,1993,0.0,1,7,0
4,0,HK,0,class,0.9674884003050267,0.33595296554377335,G.RF1.CSEperm1,165,0,1993,0.0,1,165,0
all,0,HK,0,old,,,G.RF1.CSEperm1,0,0,1993,,1,0,0
all,0,HK,0,current,0.9668350128747973,0.33648576431914107,G.RF1.CSEperm1,172,0,1993,0.0,1,172,0
all,0,HK,0,tail,0.9514337377336747,0.3490445925956664,G.RF1.CSEperm1,7,0,1993,0.0,1,7,0
0,0,HK,0,class,0.9936646751904458,0.42894332650625827,B.RF1.CSEperm1,7,0,1993,0.0,1,7,0
4,0,HK,0,class,0.9843522376487497,0.4390461118399926,B.RF1.CSEperm1,165,0,1993,0.0,1,165,0
all,0,HK,0,old,,,B.RF1.CSEperm1,0,0,1993,,1,0,0
all,0,HK,0,current,0.9847312321998654,0.4386349519717593,B.RF1.CSEperm1,172,0,1993,0.0,1,172,0
all,0,HK,0,tail,0.9936646751904458,0.42894332650625827,B.RF1.CSEperm1,7,0,1993,0.0,1,7,0
0,0,HK,1,class,0.3394376153556862,0.3651410036338528,G.LIN.CSE1,7,0,1993,0.5714285714285714,2,7,0
4,0,HK,0,class,0.8032443704842149,0.339459169609709,G.LIN.CSE1,165,0,1993,0.048484848484848485,2,165,0
12,0,HK,0,class,0.526675491032036,0.3623533331402736,G.LIN.CSE1,41,0,1993,0.43902439024390244,2,41,0
8,0,HK,0,class,0.8475325605569847,0.3457695905460915,G.LIN.CSE1,153,0,1993,0.0,2,153,0
all,0,HK,1,old,0.7843685141708445,0.3405043605292963,G.LIN.CSE1,172,0,1993,0.06976744186046512,2,172,0
all,0,HK,0,current,0.7797225613274853,0.34927440212527433,G.LIN.CSE1,194,0,1993,0.09278350515463918,2,194,0
all,0,HK,1,tail,0.3394376153556862,0.3651410036338528,G.LIN.CSE1,7,0,1993,0.5714285714285714,2,7,0
0,0,HK,0,class,0.3394376153556862,0.09128525090846319,G.LIN.CSE025,7,0,1993,0.14285714285714285,2,7,0
4,0,HK,0,class,0.8032443704842149,0.08486479240242727,G.LIN.CSE025,165,0,1993,0.0,2,165,0
12,0,HK,0,class,0.526675491032036,0.09058833328506839,G.LIN.CSE025,41,0,1993,0.04878048780487805,2,41,0
8,0,HK,0,class,0.8475325605569847,0.08644239763652288,G.LIN.CSE025,153,0,1993,0.0,2,153,0
all,0,HK,0,old,0.7843685141708445,0.08512609013232407,G.LIN.CSE025,172,0,1993,0.005813953488372093,2,172,0
all,0,HK,0,current,0.7797225613274853,0.08731860053131858,G.LIN.CSE025,194,0,1993,0.010309278350515464,2,194,0
all,0,HK,0,tail,0.3394376153556862,0.09128525090846319,G.LIN.CSE025,7,0,1993,0.14285714285714285,2,7,0
0,0,HK,0,class,0.3180651461679852,0.36514100363385277,G.RF1.CSE1,7,0,1993,0.7142857142857143,2,7,0
4,0,HK,0,class,0.8000372222220693,0.339459169609709,G.RF1.CSE1,165,0,1993,0.04242424242424243,2,165,0
12,0,HK,0,class,0.5262684825805347,0.3623533331402736,G.RF1.CSE1,41,0,1993,0.3902439024390244,2,41,0
8,0,HK,0,class,0.8451249380013844,0.3457695905460915,G.RF1.CSE1,153,0,1993,0.0,2,153,0
all,0,HK,0,old,0.7804220795919613,0.3405043605292963,G.RF1.CSE1,172,0,1993,0.06976744186046512,2,172,0
all,0,HK,0,current,0.7777377489691429,0.34927440212527433,G.RF1.CSE1,194,0,1993,0.08247422680412371,2,194,0
all,0,HK,0,tail,0.3180651461679852,0.36514100363385277,G.RF1.CSE1,7,0,1993,0.7142857142857143,2,7,0
0,0,HK,0,class,0.3180651461679852,0.09128525090846319,G.RF1.CSE025,7,0,1993,0.14285714285714285,2,7,0
4,0,HK,0,class,0.8000372222220693,0.08486479240242727,G.RF1.CSE025,165,0,1993,0.006060606060606061,2,165,0
12,0,HK,0,class,0.5262684825805347,0.09058833328506839,G.RF1.CSE025,41,0,1993,0.04878048780487805,2,41,0
8,0,HK,0,class,0.8451249380013844,0.08644239763652288,G.RF1.CSE025,153,0,1993,0.0,2,153,0
all,0,HK,0,old,0.7804220795919613,0.08512609013232408,G.RF1.CSE025,172,0,1993,0.011627906976744186,2,172,0
all,0,HK,0,current,0.7777377489691429,0.08731860053131858,G.RF1.CSE025,194,0,1993,0.010309278350515464,2,194,0
all,0,HK,0,tail,0.3180651461679852,0.09128525090846319,G.RF1.CSE025,7,0,1993,0.14285714285714285,2,7,0
0,0,HK,0,class,0.43424996983379804,0.43219175164226403,B.LIN.CSE1,7,0,1993,0.42857142857142855,2,7,0
4,0,HK,0,class,0.8236947217862346,0.4393785642729303,B.LIN.CSE1,165,0,1993,0.04242424242424243,2,165,0
12,0,HK,0,class,0.5228543954025624,0.4243387565614997,B.LIN.CSE1,41,0,1993,0.4146341463414634,2,41,0
8,0,HK,0,class,0.8657871848003016,0.42954765377844367,B.LIN.CSE1,153,0,1993,0.0,2,153,0
all,0,HK,0,old,0.8078452260672401,0.43908607771237995,B.LIN.CSE1,172,0,1993,0.05813953488372093,2,172,0
all,0,HK,0,current,0.7933116983811918,0.42844680436661536,B.LIN.CSE1,194,0,1993,0.08762886597938144,2,194,0
all,0,HK,0,tail,0.43424996983379804,0.43219175164226403,B.LIN.CSE1,7,0,1993,0.42857142857142855,2,7,0
0,0,HK,0,class,0.43424996983379804,0.10804793791056601,B.LIN.CSE025,7,0,1993,0.14285714285714285,2,7,0
4,0,HK,0,class,0.8236947217862346,0.10984464106823258,B.LIN.CSE025,165,0,1993,0.006060606060606061,2,165,0
12,0,HK,0,class,0.5228543954025624,0.10608468914037493,B.LIN.CSE025,41,0,1993,0.0975609756097561,2,41,0
8,0,HK,0,class,0.8657871848003016,0.10738691344461092,B.LIN.CSE025,153,0,1993,0.0,2,153,0
all,0,HK,0,old,0.8078452260672401,0.10977151942809499,B.LIN.CSE025,172,0,1993,0.011627906976744186,2,172,0
all,0,HK,0,current,0.7933116983811918,0.10711170109165384,B.LIN.CSE025,194,0,1993,0.020618556701030927,2,194,0
all,0,HK,0,tail,0.43424996983379804,0.10804793791056601,B.LIN.CSE025,7,0,1993,0.14285714285714285,2,7,0
0,0,HK,0,class,0.3951097022343883,0.43219175164226403,B.RF1.CSE1,7,0,1993,0.5714285714285714,2,7,0
4,0,HK,0,class,0.8494765911635768,0.4393785642729303,B.RF1.CSE1,165,0,1993,0.03636363636363636,2,165,0
12,0,HK,0,class,0.5822552194124787,0.4243387565614997,B.RF1.CSE1,41,0,1993,0.34146341463414637,2,41,0
8,0,HK,0,class,0.8876938027081368,0.42954765377844367,B.RF1.CSE1,153,0,1993,0.006535947712418301,2,153,0
all,0,HK,0,old,0.8309849154513423,0.43908607771237995,B.RF1.CSE1,172,0,1993,0.05813953488372093,2,172,0
all,0,HK,0,current,0.823142349537405,0.42844680436661536,B.RF1.CSE1,194,0,1993,0.07731958762886598,2,194,0
all,0,HK,0,tail,0.3951097022343883,0.43219175164226403,B.RF1.CSE1,7,0,1993,0.5714285714285714,2,7,0
0,0,HK,0,class,0.3951097022343883,0.10804793791056601,B.RF1.CSE025,7,0,1993,0.14285714285714285,2,7,0
4,0,HK,0,class,0.8494765911635768,0.10984464106823258,B.RF1.CSE025,165,0,1993,0.0,2,165,0
12,0,HK,0,class,0.5822552194124787,0.10608468914037493,B.RF1.CSE025,41,0,1993,0.0975609756097561,2,41,0
8,0,HK,0,class,0.8876938027081368,0.10738691344461095,B.RF1.CSE025,153,0,1993,0.0,2,153,0
all,0,HK,0,old,0.8309849154513423,0.10977151942809499,B.RF1.CSE025,172,0,1993,0.005813953488372093,2,172,0
all,0,HK,0,current,0.823142349537405,0.10711170109165384,B.RF1.CSE025,194,0,1993,0.020618556701030927,2,194,0
all,0,HK,0,tail,0.3951097022343883,0.10804793791056601,B.RF1.CSE025,7,0,1993,0.14285714285714285,2,7,0
0,0,HK,0,class,0.32162020961650384,0.3651410036338528,G.RF2.CSE1,7,0,1993,0.5714285714285714,2,7,0
4,0,HK,0,class,0.8045743129660952,0.33945916960970907,G.RF2.CSE1,165,0,1993,0.04242424242424243,2,165,0
12,0,HK,0,class,0.5006202884213875,0.3623533331402736,G.RF2.CSE1,41,0,1993,0.43902439024390244,2,41,0
8,0,HK,0,class,0.8451234116842333,0.3457695905460915,G.RF2.CSE1,153,0,1993,0.0,2,153,0
all,0,HK,0,old,0.7849192041088444,0.3405043605292963,G.RF2.CSE1,172,0,1993,0.06395348837209303,2,172,0
all,0,HK,0,current,0.7723160505822917,0.34927440212527433,G.RF2.CSE1,194,0,1993,0.09278350515463918,2,194,0
all,0,HK,0,tail,0.32162020961650384,0.3651410036338528,G.RF2.CSE1,7,0,1993,0.5714285714285714,2,7,0
0,0,HK,0,class,0.32162020961650384,0.09128525090846319,G.RF2.CSE025,7,0,1993,0.14285714285714285,2,7,0
4,0,HK,0,class,0.8045743129660952,0.08486479240242727,G.RF2.CSE025,165,0,1993,0.006060606060606061,2,165,0
12,0,HK,0,class,0.5006202884213875,0.0905883332850684,G.RF2.CSE025,41,0,1993,0.04878048780487805,2,41,0
8,0,HK,0,class,0.8451234116842333,0.08644239763652288,G.RF2.CSE025,153,0,1993,0.0,2,153,0
all,0,HK,0,old,0.7849192041088444,0.08512609013232407,G.RF2.CSE025,172,0,1993,0.011627906976744186,2,172,0
all,0,HK,0,current,0.7723160505822917,0.08731860053131858,G.RF2.CSE025,194,0,1993,0.010309278350515464,2,194,0
all,0,HK,0,tail,0.32162020961650384,0.09128525090846319,G.RF2.CSE025,7,0,1993,0.14285714285714285,2,7,0
0,0,HK,0,class,0.46436017604522145,0.43219175164226403,B.RF2.CSE1,7,0,1993,0.42857142857142855,2,7,0
4,0,HK,0,class,0.8463989543250586,0.4393785642729303,B.RF2.CSE1,165,0,1993,0.03636363636363636,2,165,0
12,0,HK,0,class,0.5940617027139914,0.4243387565614997,B.RF2.CSE1,41,0,1993,0.3170731707317073,2,41,0
8,0,HK,0,class,0.8857646674991835,0.4295476537784438,B.RF2.CSE1,153,0,1993,0.006535947712418301,2,153,0
all,0,HK,0,old,0.8308508645113444,0.43908607771237995,B.RF2.CSE1,172,0,1993,0.05232558139534884,2,172,0
all,0,HK,0,current,0.8241161027765397,0.42844680436661536,B.RF2.CSE1,194,0,1993,0.07216494845360824,2,194,0
all,0,HK,0,tail,0.46436017604522145,0.43219175164226403,B.RF2.CSE1,7,0,1993,0.42857142857142855,2,7,0
0,0,HK,0,class,0.46436017604522145,0.10804793791056601,B.RF2.CSE025,7,0,1993,0.14285714285714285,2,7,0
4,0,HK,0,class,0.8463989543250586,0.10984464106823258,B.RF2.CSE025,165,0,1993,0.0,2,165,0
12,0,HK,0,class,0.5940617027139914,0.10608468914037493,B.RF2.CSE025,41,0,1993,0.04878048780487805,2,41,0
8,0,HK,0,class,0.8857646674991835,0.10738691344461095,B.RF2.CSE025,153,0,1993,0.0,2,153,0
all,0,HK,0,old,0.8308508645113444,0.10977151942809499,B.RF2.CSE025,172,0,1993,0.005813953488372093,2,172,0
all,0,HK,0,current,0.8241161027765397,0.10711170109165384,B.RF2.CSE025,194,0,1993,0.010309278350515464,2,194,0
all,0,HK,0,tail,0.46436017604522145,0.10804793791056601,B.RF2.CSE025,7,0,1993,0.14285714285714285,2,7,0
0,0,HK,0,class,0.3180651461679852,0.3651410036338527,G.RF1.CSEperm1,7,0,1993,0.7142857142857143,2,7,0
4,0,HK,0,class,0.8000372222220693,0.33945916960970907,G.RF1.CSEperm1,165,0,1993,0.04242424242424243,2,165,0
12,0,HK,0,class,0.5262684825805347,0.3623533331402736,G.RF1.CSEperm1,41,0,1993,0.3902439024390244,2,41,0
8,0,HK,0,class,0.8451249380013844,0.3457695905460915,G.RF1.CSEperm1,153,0,1993,0.0,2,153,0
all,0,HK,0,old,0.7804220795919613,0.3405043605292963,G.RF1.CSEperm1,172,0,1993,0.06976744186046512,2,172,0
all,0,HK,0,current,0.7777377489691429,0.34927440212527433,G.RF1.CSEperm1,194,0,1993,0.08247422680412371,2,194,0
all,0,HK,0,tail,0.3180651461679852,0.3651410036338527,G.RF1.CSEperm1,7,0,1993,0.7142857142857143,2,7,0
0,1,HK,0,class,0.3951097022343883,0.43219175164226403,B.RF1.CSEperm1,7,0,1993,0.5714285714285714,2,7,0
4,0,HK,0,class,0.8494765911635768,0.4393785642729303,B.RF1.CSEperm1,165,0,1993,0.03636363636363636,2,165,0
12,0,HK,2,class,0.5822552194124787,0.4243387565614997,B.RF1.CSEperm1,41,0,1993,0.34146341463414637,2,41,0
8,0,HK,0,class,0.8876938027081368,0.4295476537784438,B.RF1.CSEperm1,153,0,1993,0.006535947712418301,2,153,0
all,1,HK,0,old,0.8309849154513423,0.43908607771237995,B.RF1.CSEperm1,172,0,1993,0.05813953488372093,2,172,0
all,0,HK,2,current,0.823142349537405,0.42844680436661536,B.RF1.CSEperm1,194,0,1993,0.07731958762886598,2,194,0
all,1,HK,0,tail,0.3951097022343883,0.43219175164226403,B.RF1.CSEperm1,7,0,1993,0.5714285714285714,2,7,0
0,0,HK,0,class,0.15204757715222142,0.3691294948148144,G.LIN.CSE1,7,0,1993,1.0,3,7,0
4,0,HK,0,class,0.7599854003637357,0.3395060218623614,G.LIN.CSE1,165,0,1993,0.06060606060606061,3,165,0
12,0,HK,1,class,0.3748330206245148,0.36545166272699675,G.LIN.CSE1,41,0,1993,0.5609756097560976,3,41,0
8,0,HK,0,class,0.7835714615293249,0.3489960155981128,G.LIN.CSE1,153,0,1993,0.013071895424836602,3,153,0
2,0,HK,0,class,0.8280148385386547,0.35083971031367256,G.LIN.CSE1,182,0,1993,0.0,3,182,0
11,3,HK,0,class,0.2258096921753532,0.3657850107044536,G.LIN.CSE1,61,0,1993,0.7868852459016393,3,61,1
all,0,HK,1,old,0.7150724359553928,0.34694619844074176,G.LIN.CSE1,366,0,1993,0.11475409836065574,3,366,0
all,3,HK,0,current,0.676843999328114,0.3545914112348151,G.LIN.CSE1,243,0,1993,0.19753086419753085,3,243,1
all,0,HK,0,tail,0.15204757715222142,0.3691294948148144,G.LIN.CSE1,7,0,1993,1.0,3,7,0
0,0,HK,0,class,0.15204757715222142,0.09228237370370358,G.LIN.CSE025,7,0,1993,0.2857142857142857,3,7,0
4,0,HK,0,class,0.7599854003637357,0.08487650546559036,G.LIN.CSE025,165,0,1993,0.006060606060606061,3,165,0
12,0,HK,1,class,0.3748330206245148,0.09136291568174919,G.LIN.CSE025,41,0,1993,0.12195121951219512,3,41,0
8,0,HK,0,class,0.7835714615293249,0.08724900389952821,G.LIN.CSE025,153,0,1993,0.0,3,153,0
2,0,HK,0,class,0.8280148385386547,0.08770992757841814,G.LIN.CSE025,182,0,1993,0.0,3,182,0
11,0,HK,0,class,0.2258096921753532,0.0914462526761134,G.LIN.CSE025,61,0,1993,0.2459016393442623,3,61,1
all,0,HK,1,old,0.7150724359553928,0.08673654961018544,G.LIN.CSE025,366,0,1993,0.02185792349726776,3,366,0
all,0,HK,0,current,0.676843999328114,0.08864785280870377,G.LIN.CSE025,243,0,1993,0.06172839506172839,3,243,1
all,0,HK,0,tail,0.15204757715222142,0.09228237370370358,G.LIN.CSE025,7,0,1993,0.2857142857142857,3,7,0
0,0,HK,0,class,0.1400983064012594,0.3691294948148144,G.RF1.CSE1,7,0,1993,0.8571428571428571,3,7,0
4,0,HK,0,class,0.7544211080585257,0.3398935806585049,G.RF1.CSE1,165,0,1993,0.05454545454545454,3,165,0
12,0,HK,1,class,0.3774090126313351,0.3653599893891764,G.RF1.CSE1,41,0,1993,0.5365853658536586,3,41,0
8,0,HK,0,class,0.7752475061845142,0.3489392309412645,G.RF1.CSE1,153,0,1993,0.013071895424836602,3,153,0
2,0,HK,0,class,0.815557586737274,0.3508320483896333,G.RF1.CSE1,182,0,1993,0.0,3,182,0
11,4,HK,0,class,0.22820697227731782,0.3657850107044536,G.RF1.CSE1,61,0,1993,0.7704918032786885,3,61,0
all,0,HK,1,old,0.7091442867174343,0.3470869103041713,G.RF1.CSE1,366,0,1993,0.10655737704918032,3,366,0
all,4,HK,0,current,0.6681156629427996,0.35458567267442354,G.RF1.CSE1,243,0,1993,0.1934156378600823,3,243,0
all,0,HK,0,tail,0.1400983064012594,0.3691294948148144,G.RF1.CSE1,7,0,1993,0.8571428571428571,3,7,0
0,0,HK,0,class,0.1400983064012594,0.09228237370370358,G.RF1.CSE025,7,0,1993,0.42857142857142855,3,7,0
4,0,HK,0,class,0.7544211080585257,0.08497339516462622,G.RF1.CSE025,165,0,1993,0.006060606060606061,3,165,0
12,0,HK,0,class,0.3774090126313351,0.09133999734729409,G.RF1.CSE025,41,0,1993,0.0975609756097561,3,41,0
8,0,HK,0,class,0.7752475061845142,0.08723480773531614,G.RF1.CSE025,153,0,1993,0.0,3,153,0
2,0,HK,0,class,0.815557586737274,0.08770801209740832,G.RF1.CSE025,182,0,1993,0.0,3,182,0
11,1,HK,0,class,0.22820697227731782,0.0914462526761134,G.RF1.CSE025,61,0,1993,0.22950819672131148,3,61,0
all,0,HK,0,old,0.7091442867174343,0.08677172757604283,G.RF1.CSE025,366,0,1993,0.02185792349726776,3,366,0
all,1,HK,0,current,0.6681156629427996,0.08864641816860588,G.RF1.CSE025,243,0,1993,0.05761316872427984,3,243,0
all,0,HK,0,tail,0.1400983064012594,0.09228237370370358,G.RF1.CSE025,7,0,1993,0.42857142857142855,3,7,0
0,0,HK,0,class,0.18820470477858933,0.4344646339997631,B.LIN.CSE1,7,0,1993,1.0,3,7,0
4,0,HK,0,class,0.7840150123774116,0.4394947930474363,B.LIN.CSE1,165,0,1993,0.04242424242424243,3,165,0
12,0,HK,0,class,0.3691314306546676,0.42930454870237733,B.LIN.CSE1,41,0,1993,0.5609756097560976,3,41,0
8,0,HK,0,class,0.7702037870678032,0.42966397834023495,B.LIN.CSE1,153,0,1993,0.032679738562091505,3,153,0
2,0,HK,0,class,0.7786324611481844,0.42111642256443454,B.LIN.CSE1,182,0,1993,0.0,3,182,0
11,2,HK,0,class,0.2459340308088441,0.41879732764775157,B.LIN.CSE1,61,0,1993,0.8032786885245902,3,61,0
all,0,HK,0,old,0.7203701586173177,0.4341474548461169,B.LIN.CSE1,366,0,1993,0.11475409836065574,3,366,0
all,2,HK,0,current,0.644909809910737,0.42053426293514373,B.LIN.CSE1,243,0,1993,0.20164609053497942,3,243,0
all,0,HK,0,tail,0.18820470477858933,0.4344646339997631,B.LIN.CSE1,7,0,1993,1.0,3,7,0
0,0,HK,0,class,0.18820470477858933,0.10861615849994077,B.LIN.CSE025,7,0,1993,0.14285714285714285,3,7,0
4,0,HK,0,class,0.7840150123774116,0.10987369826185911,B.LIN.CSE025,165,0,1993,0.0,3,165,0
12,0,HK,0,class,0.3691314306546676,0.10732613717559433,B.LIN.CSE025,41,0,1993,0.21951219512195122,3,41,0
8,0,HK,0,class,0.7702037870678032,0.10741599458505874,B.LIN.CSE025,153,0,1993,0.0,3,153,0
2,0,HK,0,class,0.7786324611481844,0.10527910564110864,B.LIN.CSE025,182,0,1993,0.0,3,182,0
11,0,HK,0,class,0.2459340308088441,0.10469933191193789,B.LIN.CSE025,61,0,1993,0.32786885245901637,3,61,0
all,0,HK,0,old,0.7203701586173177,0.10853686371152922,B.LIN.CSE025,366,0,1993,0.0273224043715847,3,366,0
all,0,HK,0,current,0.644909809910737,0.10513356573378593,B.LIN.CSE025,243,0,1993,0.0823045267489712,3,243,0
all,0,HK,0,tail,0.18820470477858933,0.10861615849994077,B.LIN.CSE025,7,0,1993,0.14285714285714285,3,7,0
0,0,HK,0,class,0.15736325879970225,0.4344646339997631,B.RF1.CSE1,7,0,1993,1.0,3,7,0
4,0,HK,0,class,0.8140584149634151,0.4395234563669491,B.RF1.CSE1,165,0,1993,0.048484848484848485,3,165,0
12,0,HK,0,class,0.42692847670423206,0.42930454870237733,B.RF1.CSE1,41,0,1993,0.4878048780487805,3,41,0
8,0,HK,0,class,0.8166515913625925,0.42966397834023495,B.RF1.CSE1,153,0,1993,0.0392156862745098,3,153,0
2,0,HK,0,class,0.8299145219674163,0.421012066675473,B.RF1.CSE1,182,0,1993,0.0,3,182,0
11,1,HK,0,class,0.29616786476941026,0.4187726558027561,B.RF1.CSE1,61,0,1993,0.7049180327868853,3,61,0
all,0,HK,0,old,0.7592156893549498,0.4341603768344218,B.RF1.CSE1,366,0,1993,0.11202185792349727,3,366,0
all,1,HK,0,current,0.6959287355926081,0.42044991003664284,B.RF1.CSE1,243,0,1993,0.17695473251028807,3,243,0
all,0,HK,0,tail,0.15736325879970225,0.4344646339997631,B.RF1.CSE1,7,0,1993,1.0,3,7,0
0,0,HK,0,class,0.15736325879970225,0.10861615849994077,B.RF1.CSE025,7,0,1993,0.5714285714285714,3,7,0
4,0,HK,0,class,0.8140584149634151,0.10988086409173731,B.RF1.CSE025,165,0,1993,0.0,3,165,0
12,0,HK,0,class,0.42692847670423206,0.10732613717559433,B.RF1.CSE025,41,0,1993,0.12195121951219512,3,41,0
8,0,HK,0,class,0.8166515913625925,0.10741599458505874,B.RF1.CSE025,153,0,1993,0.0,3,153,0
2,0,HK,0,class,0.8299145219674163,0.10525301666886824,B.RF1.CSE025,182,0,1993,0.0,3,182,0
11,0,HK,0,class,0.29616786476941026,0.10469316395068902,B.RF1.CSE025,61,0,1993,0.26229508196721313,3,61,0
all,0,HK,0,old,0.7592156893549498,0.10854009420860546,B.RF1.CSE025,366,0,1993,0.02459016393442623,3,366,0
all,0,HK,0,current,0.6959287355926081,0.10511247750916071,B.RF1.CSE025,243,0,1993,0.06584362139917696,3,243,0
all,0,HK,0,tail,0.15736325879970225,0.10861615849994077,B.RF1.CSE025,7,0,1993,0.5714285714285714,3,7,0
0,0,HK,0,class,0.17893796006791,0.3671824259481295,G.RF2.CSE1,7,0,1993,1.0,3,7,0
4,0,HK,0,class,0.7614344193463383,0.34004576165198497,G.RF2.CSE1,165,0,1993,0.048484848484848485,3,165,0
12,0,HK,0,class,0.3648906124907232,0.3654139524836706,G.RF2.CSE1,41,0,1993,0.5609756097560976,3,41,1
8,0,HK,0,class,0.7760375880364694,0.3488920260897534,G.RF2.CSE1,153,0,1993,0.013071895424836602,3,153,0
2,0,HK,0,class,0.8196824549011346,0.3509598058903413,G.RF2.CSE1,182,0,1993,0.0,3,182,0
11,0,HK,0,class,0.2241588619788547,0.3657850107044536,G.RF2.CSE1,61,0,1993,0.7704918032786885,3,61,0
all,0,HK,0,old,0.7119768059954116,0.34710458933818905,G.RF2.CSE1,366,0,1993,0.1092896174863388,3,366,1
all,0,HK,0,current,0.6701888780770231,0.35468135936219664,G.RF2.CSE1,243,0,1993,0.1934156378600823,3,243,0
all,0,HK,0,tail,0.17893796006791,0.3671824259481295,G.RF2.CSE1,7,0,1993,1.0,3,7,0
0,0,HK,0,class,0.17893796006791,0.09179560648703237,G.RF2.CSE025,7,0,1993,0.14285714285714285,3,7,0
4,0,HK,0,class,0.7614344193463383,0.08501144041299624,G.RF2.CSE025,165,0,1993,0.012121212121212121,3,165,0
12,0,HK,0,class,0.3648906124907232,0.09135348812091765,G.RF2.CSE025,41,0,1993,0.12195121951219512,3,41,0
8,0,HK,0,class,0.7760375880364694,0.08722300652243835,G.RF2.CSE025,153,0,1993,0.0,3,153,0
2,0,HK,0,class,0.8196824549011346,0.08773995147258533,G.RF2.CSE025,182,0,1993,0.0,3,182,0
11,0,HK,0,class,0.2241588619788547,0.0914462526761134,G.RF2.CSE025,61,0,1993,0.26229508196721313,3,61,0
all,0,HK,0,old,0.7119768059954116,0.08677614733454726,G.RF2.CSE025,366,0,1993,0.02185792349726776,3,366,0
all,0,HK,0,current,0.6701888780770231,0.08867033984054916,G.RF2.CSE025,243,0,1993,0.06584362139917696,3,243,0
all,0,HK,0,tail,0.17893796006791,0.09179560648703237,G.RF2.CSE025,7,0,1993,0.14285714285714285,3,7,0
0,0,HK,0,class,0.1807930797050785,0.43480588334896,B.RF2.CSE1,7,0,1993,1.0,3,7,0
4,0,HK,0,class,0.8181744158970828,0.43949479304743644,B.RF2.CSE1,165,0,1993,0.04242424242424243,3,165,0
12,0,HK,1,class,0.4292096229218927,0.4290568817013696,B.RF2.CSE1,41,0,1993,0.5121951219512195,3,41,0
8,0,HK,0,class,0.8148549694542256,0.42966397834023495,B.RF2.CSE1,153,0,1993,0.032679738562091505,3,153,0
2,0,HK,0,class,0.8319601010923927,0.4207663486237775,B.RF2.CSE1,182,0,1993,0.0,3,182,0
11,0,HK,2,class,0.3017924560301195,0.4187751468185755,B.RF2.CSE1,61,0,1993,0.7213114754098361,3,61,0
all,0,HK,1,old,0.7610238662493124,0.43412623735541483,B.RF2.CSE1,366,0,1993,0.1092896174863388,3,366,0
all,0,HK,2,current,0.6988727498627686,0.42026649961094903,B.RF2.CSE1,243,0,1993,0.18106995884773663,3,243,0
all,0,HK,0,tail,0.1807930797050785,0.43480588334896,B.RF2.CSE1,7,0,1993,1.0,3,7,0
0,0,HK,0,class,0.1807930797050785,0.10870147083724,B.RF2.CSE025,7,0,1993,0.42857142857142855,3,7,0
4,0,HK,0,class,0.8181744158970828,0.10987369826185911,B.RF2.CSE025,165,0,1993,0.0,3,165,0
12,0,HK,0,class,0.4292096229218927,0.1072642204253424,B.RF2.CSE025,41,0,1993,0.12195121951219512,3,41,0
8,0,HK,0,class,0.8148549694542256,0.10741599458505874,B.RF2.CSE025,153,0,1993,0.0,3,153,0
2,0,HK,0,class,0.8319601010923927,0.10519158715594436,B.RF2.CSE025,182,0,1993,0.0,3,182,0
11,0,HK,0,class,0.3017924560301195,0.1046937867046439,B.RF2.CSE025,61,0,1993,0.22950819672131148,3,61,0
all,0,HK,0,old,0.7610238662493124,0.10853155933885371,B.RF2.CSE025,366,0,1993,0.02185792349726776,3,366,0
all,0,HK,0,current,0.6988727498627686,0.10506662490273727,B.RF2.CSE025,243,0,1993,0.05761316872427984,3,243,0
all,0,HK,0,tail,0.1807930797050785,0.10870147083724,B.RF2.CSE025,7,0,1993,0.42857142857142855,3,7,0
0,0,HK,0,class,0.1400983064012594,0.37032387019439467,G.RF1.CSEperm1,7,0,1993,0.8571428571428571,3,7,0
4,0,HK,0,class,0.7544211080585257,0.3394611293074369,G.RF1.CSEperm1,165,0,1993,0.05454545454545454,3,165,0
12,0,HK,0,class,0.3774090126313351,0.36665278614889346,G.RF1.CSEperm1,41,0,1993,0.5365853658536586,3,41,0
8,0,HK,0,class,0.7752475061845142,0.34827424132403767,G.RF1.CSEperm1,153,0,1993,0.013071895424836602,3,153,0
2,0,HK,0,class,0.815557586737274,0.3498482201309287,G.RF1.CSEperm1,182,0,1993,0.0,3,182,0
11,0,HK,0,class,0.22820697227731782,0.366256179033858,G.RF1.CSEperm1,61,0,1993,0.7704918032786885,3,61,0
all,0,HK,0,old,0.7091442867174343,0.34678163000483675,G.RF1.CSEperm1,366,0,1993,0.10655737704918032,3,366,0
all,0,HK,0,current,0.6681156629427996,0.35396709047281627,G.RF1.CSEperm1,243,0,1993,0.1934156378600823,3,243,0
all,0,HK,0,tail,0.1400983064012594,0.37032387019439467,G.RF1.CSEperm1,7,0,1993,0.8571428571428571,3,7,0
0,0,HK,0,class,0.15736325879970225,0.43094966380648614,B.RF1.CSEperm1,7,0,1993,1.0,3,7,0
4,0,HK,0,class,0.8140584149634151,0.42782569696636247,B.RF1.CSEperm1,165,0,1993,0.048484848484848485,3,165,0
12,3,HK,0,class,0.42692847670423206,0.4283995553972251,B.RF1.CSEperm1,41,0,1993,0.4878048780487805,3,41,1
8,0,HK,0,class,0.8166515913625925,0.4208852419604702,B.RF1.CSEperm1,153,0,1993,0.0392156862745098,3,153,0
2,0,HK,0,class,0.8299145219674163,0.4149873163166786,B.RF1.CSEperm1,182,0,1993,0.0,3,182,0
11,0,HK,12,class,0.29616786476941026,0.41813261005974117,B.RF1.CSEperm1,61,0,1993,0.7049180327868853,3,61,0
all,3,HK,0,old,0.7592156893549498,0.42504839190528254,B.RF1.CSEperm1,366,0,1993,0.11202185792349727,3,366,1
all,0,HK,12,current,0.6959287355926081,0.4157768756513569,B.RF1.CSEperm1,243,0,1993,0.17695473251028807,3,243,0
all,0,HK,0,tail,0.15736325879970225,0.43094966380648614,B.RF1.CSEperm1,7,0,1993,1.0,3,7,0
0,0,HK,0,class,0.14387833204463016,0.36677714100065,G.LIN.CSE1,7,0,1993,1.0,4,7,0
4,3,HK,1,class,0.36977411083101863,0.33782500929529763,G.LIN.CSE1,165,0,1993,0.4727272727272727,4,165,1
12,0,HK,0,class,0.33534981479213793,0.3640420057901791,G.LIN.CSE1,41,0,1993,0.5853658536585366,4,41,0
8,0,HK,0,class,0.6037268192025018,0.35209060995970154,G.LIN.CSE1,153,0,1993,0.13725490196078433,4,153,0
2,0,HK,0,class,0.7892116856567315,0.35034627464566476,G.LIN.CSE1,182,0,1993,0.0,4,182,0
11,3,HK,0,class,0.19660224409900984,0.365432970674372,G.LIN.CSE1,61,0,1993,0.8032786885245902,4,61,1
17,0,HK,0,class,0.394537545715257,0.36412520066495285,G.LIN.CSE1,5,0,1993,0.4,4,5,0
3,0,HK,4,class,0.30979148593194317,0.3396710444622267,G.LIN.CSE1,157,0,1993,0.6114649681528662,4,157,0
all,6,HK,1,old,0.5316398785475462,0.3500140973376158,G.LIN.CSE1,609,0,1993,0.2939244663382594,4,609,2
all,0,HK,4,current,0.31240710506105773,0.3404258023697182,G.LIN.CSE1,162,0,1993,0.6049382716049383,4,162,0
all,0,HK,0,tail,0.24831967107405797,0.3656721658607762,G.LIN.CSE1,12,0,1993,0.75,4,12,0
0,0,HK,0,class,0.14387833204463016,0.09169428525016252,G.LIN.CSE025,7,0,1993,0.2857142857142857,4,7,0
4,1,HK,0,class,0.36977411083101863,0.08445625232382441,G.LIN.CSE025,165,0,1993,0.11515151515151516,4,165,0
12,0,HK,0,class,0.33534981479213793,0.09101050144754477,G.LIN.CSE025,41,0,1993,0.12195121951219512,4,41,0
8,0,HK,0,class,0.6037268192025018,0.08802265248992538,G.LIN.CSE025,153,0,1993,0.006535947712418301,4,153,0
2,0,HK,0,class,0.7892116856567315,0.08758656866141619,G.LIN.CSE025,182,0,1993,0.0,4,182,0
11,1,HK,0,class,0.19660224409900984,0.091358242668593,G.LIN.CSE025,61,0,1993,0.2786885245901639,4,61,1
17,0,HK,0,class,0.394537545715257,0.09103130016623821,G.LIN.CSE025,5,0,1993,0.2,4,5,0
3,0,HK,1,class,0.30979148593194317,0.08491776111555667,G.LIN.CSE025,157,0,1993,0.1337579617834395,4,157,0
all,2,HK,0,old,0.5316398785475462,0.08750352433440395,G.LIN.CSE025,609,0,1993,0.0722495894909688,4,609,1
all,0,HK,1,current,0.31240710506105773,0.08510645059242954,G.LIN.CSE025,162,0,1993,0.13580246913580246,4,162,0
all,0,HK,0,tail,0.24831967107405797,0.09141804146519406,G.LIN.CSE025,12,0,1993,0.25,4,12,0
0,0,HK,0,class,0.12670867332244845,0.36677714100065,G.RF1.CSE1,7,0,1993,1.0,4,7,1
4,1,HK,0,class,0.3431154947239557,0.33832068339121424,G.RF1.CSE1,165,0,1993,0.5272727272727272,4,165,0
12,0,HK,1,class,0.3358655877657905,0.36525308619979074,G.RF1.CSE1,41,0,1993,0.6097560975609756,4,41,0
8,0,HK,0,class,0.5898510005345589,0.352048324346894,G.RF1.CSE1,153,0,1993,0.1437908496732026,4,153,0
2,0,HK,0,class,0.777792293356455,0.3504329595119187,G.RF1.CSE1,182,0,1993,0.0,4,182,0
11,3,HK,0,class,0.1998447565177341,0.36546407146606463,G.RF1.CSE1,61,0,1993,0.8524590163934426,4,61,1
17,0,HK,0,class,0.39535630957263923,0.36412520066495285,G.RF1.CSE1,5,0,1993,0.4,4,5,0
3,0,HK,6,class,0.2800570364781231,0.33981086236479896,G.RF1.CSE1,157,0,1993,0.6687898089171974,4,157,0
all,4,HK,1,old,0.5176805206261926,0.350248324953071,G.RF1.CSE1,609,0,1993,0.3169129720853859,4,609,2
all,0,HK,6,current,0.2836156560180773,0.34056130490492714,G.RF1.CSE1,162,0,1993,0.6604938271604939,4,162,0
all,0,HK,0,tail,0.2386451884266946,0.3656721658607762,G.RF1.CSE1,12,0,1993,0.75,4,12,1
0,0,HK,0,class,0.12670867332244845,0.0916942852501625,G.RF1.CSE025,7,0,1993,0.42857142857142855,4,7,1
4,0,HK,0,class,0.3431154947239557,0.08458017084780356,G.RF1.CSE025,165,0,1993,0.10303030303030303,4,165,0
12,0,HK,0,class,0.3358655877657905,0.09131327154994769,G.RF1.CSE025,41,0,1993,0.12195121951219512,4,41,0
8,0,HK,0,class,0.5898510005345589,0.0880120810867235,G.RF1.CSE025,153,0,1993,0.0196078431372549,4,153,0
2,0,HK,0,class,0.777792293356455,0.08760823987797968,G.RF1.CSE025,182,0,1993,0.0,4,182,0
11,0,HK,0,class,0.1998447565177341,0.09136601786651616,G.RF1.CSE025,61,0,1993,0.2459016393442623,4,61,0
17,0,HK,0,class,0.39535630957263923,0.09103130016623821,G.RF1.CSE025,5,0,1993,0.0,4,5,0
3,0,HK,1,class,0.2800570364781231,0.08495271559119974,G.RF1.CSE025,157,0,1993,0.18471337579617833,4,157,0
all,0,HK,0,old,0.5176805206261926,0.08756208123826775,G.RF1.CSE025,609,0,1993,0.07060755336617405,4,609,1
all,0,HK,1,current,0.2836156560180773,0.08514032622623177,G.RF1.CSE025,162,0,1993,0.17901234567901234,4,162,0
all,0,HK,0,tail,0.2386451884266946,0.09141804146519406,G.RF1.CSE025,12,0,1993,0.25,4,12,1
0,0,HK,0,class,0.1773603474869901,0.4344646339997631,B.LIN.CSE1,7,0,1993,1.0,4,7,0
4,1,HK,0,class,0.39871195696679357,0.44046283580965906,B.LIN.CSE1,165,0,1993,0.5696969696969697,4,165,0
12,0,HK,0,class,0.3305744340892766,0.42911134086725433,B.LIN.CSE1,41,0,1993,0.6097560975609756,4,41,0
8,0,HK,0,class,0.6279692781643016,0.4306722663845179,B.LIN.CSE1,153,0,1993,0.1568627450980392,4,153,0
2,0,HK,0,class,0.7197618891935498,0.42003666047282795,B.LIN.CSE1,182,0,1993,0.01098901098901099,4,182,0
11,1,HK,0,class,0.21384059034729525,0.41879732764775157,B.LIN.CSE1,61,0,1993,0.8688524590163934,4,61,0
17,0,HK,1,class,0.3308839975317976,0.43398774281395125,B.LIN.CSE1,5,0,1993,0.8,4,5,0
3,1,HK,7,class,0.35523462198048406,0.45199199473560037,B.LIN.CSE1,157,0,1993,0.6560509554140127,4,157,0
all,2,HK,0,old,0.5266055608097526,0.42889548648858505,B.LIN.CSE1,609,0,1993,0.3366174055829228,4,609,0
all,1,HK,8,current,0.3544830594974999,0.4514363079478952,B.LIN.CSE1,162,0,1993,0.6604938271604939,4,162,0
all,0,HK,1,tail,0.2413285350056599,0.43426592933900815,B.LIN.CSE1,12,0,1993,0.9166666666666666,4,12,0
0,0,HK,0,class,0.1773603474869901,0.10861615849994077,B.LIN.CSE025,7,0,1993,0.2857142857142857,4,7,0
4,0,HK,0,class,0.39871195696679357,0.11011570895241476,B.LIN.CSE025,165,0,1993,0.15151515151515152,4,165,0
12,0,HK,0,class,0.3305744340892766,0.10727783521681358,B.LIN.CSE025,41,0,1993,0.21951219512195122,4,41,0
8,0,HK,0,class,0.6279692781643016,0.10766806659612947,B.LIN.CSE025,153,0,1993,0.0196078431372549,4,153,0
2,0,HK,0,class,0.7197618891935498,0.10500916511820699,B.LIN.CSE025,182,0,1993,0.0,4,182,0
11,0,HK,0,class,0.21384059034729525,0.1046993319119379,B.LIN.CSE025,61,0,1993,0.32786885245901637,4,61,0
17,0,HK,0,class,0.3308839975317976,0.10849693570348781,B.LIN.CSE025,5,0,1993,0.2,4,5,0
3,0,HK,2,class,0.35523462198048406,0.11299799868390009,B.LIN.CSE025,157,0,1993,0.19745222929936307,4,157,0
all,0,HK,0,old,0.5266055608097526,0.10722387162214626,B.LIN.CSE025,609,0,1993,0.09688013136288999,4,609,0
all,0,HK,2,current,0.3544830594974999,0.1128590769869738,B.LIN.CSE025,162,0,1993,0.19753086419753085,4,162,0
all,0,HK,0,tail,0.2413285350056599,0.10856648233475204,B.LIN.CSE025,12,0,1993,0.25,4,12,0
0,0,HK,0,class,0.15663696507648472,0.4344646339997631,B.RF1.CSE1,7,0,1993,1.0,4,7,0
4,1,HK,0,class,0.4458857204471862,0.440462835809659,B.RF1.CSE1,165,0,1993,0.5454545454545454,4,165,0
12,0,HK,0,class,0.39068381976475075,0.42935900786826203,B.RF1.CSE1,41,0,1993,0.5365853658536586,4,41,0
8,0,HK,0,class,0.6998348581122825,0.4305770792090075,B.RF1.CSE1,153,0,1993,0.10457516339869281,4,153,0
2,0,HK,0,class,0.7835257765366059,0.4200493653659626,B.RF1.CSE1,182,0,1993,0.0,4,182,0
11,1,HK,0,class,0.26334358817160913,0.418772655802756,B.RF1.CSE1,61,0,1993,0.7868852459016393,4,61,0
17,0,HK,0,class,0.3784711032034688,0.43398774281395125,B.RF1.CSE1,5,0,1993,0.4,4,5,0
3,1,HK,1,class,0.41424612242559133,0.45199199473560037,B.RF1.CSE1,157,0,1993,0.535031847133758,4,157,0
all,2,HK,0,old,0.5852644051543278,0.4288895719026967,B.RF1.CSE1,609,0,1993,0.30049261083743845,4,609,0
all,1,HK,1,current,0.41314195516564933,0.4514363079478952,B.RF1.CSE1,162,0,1993,0.5308641975308642,4,162,0
all,0,HK,0,tail,0.24906785596272807,0.43426592933900815,B.RF1.CSE1,12,0,1993,0.75,4,12,0
0,0,HK,0,class,0.15663696507648472,0.10861615849994077,B.RF1.CSE025,7,0,1993,0.42857142857142855,4,7,0
4,0,HK,0,class,0.4458857204471862,0.11011570895241475,B.RF1.CSE025,165,0,1993,0.10303030303030303,4,165,0
12,0,HK,0,class,0.39068381976475075,0.10733975196706551,B.RF1.CSE025,41,0,1993,0.1951219512195122,4,41,0
8,0,HK,0,class,0.6998348581122825,0.10764426980225188,B.RF1.CSE025,153,0,1993,0.0196078431372549,4,153,0
2,0,HK,0,class,0.7835257765366059,0.10501234134149065,B.RF1.CSE025,182,0,1993,0.0,4,182,0
11,0,HK,0,class,0.26334358817160913,0.10469316395068902,B.RF1.CSE025,61,0,1993,0.29508196721311475,4,61,0
17,0,HK,0,class,0.3784711032034688,0.10849693570348781,B.RF1.CSE025,5,0,1993,0.2,4,5,0
3,0,HK,0,class,0.41424612242559133,0.11299799868390009,B.RF1.CSE025,157,0,1993,0.15286624203821655,4,157,0
all,0,HK,0,old,0.5852644051543278,0.10722239297567418,B.RF1.CSE025,609,0,1993,0.08045977011494253,4,609,0
all,0,HK,0,current,0.41314195516564933,0.1128590769869738,B.RF1.CSE025,162,0,1993,0.15432098765432098,4,162,0
all,0,HK,0,tail,0.24906785596272807,0.10856648233475204,B.RF1.CSE025,12,0,1993,0.3333333333333333,4,12,0
0,0,HK,0,class,0.16436219629619023,0.36677714100065006,G.RF2.CSE1,7,0,1993,1.0,4,7,0
4,5,HK,0,class,0.3402985608060398,0.3382411656924657,G.RF2.CSE1,165,0,1993,0.5454545454545454,4,165,0
12,0,HK,0,class,0.32402560102696043,0.36451686674290357,G.RF2.CSE1,41,0,1993,0.5853658536585366,4,41,1
8,0,HK,0,class,0.6014195031618611,0.3522421137748149,G.RF2.CSE1,153,0,1993,0.12418300653594772,4,153,0
2,0,HK,0,class,0.780285181496408,0.35050435035182825,G.RF2.CSE1,182,0,1993,0.0,4,182,0
11,3,HK,0,class,0.19605743843924897,0.365432970674372,G.RF2.CSE1,61,0,1993,0.819672131147541,4,61,0
17,0,HK,0,class,0.3882666907957247,0.3639521525709422,G.RF2.CSE1,5,0,1993,0.4,4,5,0
3,0,HK,6,class,0.281280287471209,0.33980839440617955,G.RF2.CSE1,157,0,1993,0.6560509554140127,4,157,0
all,8,HK,0,old,0.5198250218556331,0.3502441219136889,G.RF2.CSE1,609,0,1993,0.31198686371100165,4,609,1
all,0,HK,6,current,0.28458233695653357,0.3405535721273142,G.RF2.CSE1,162,0,1993,0.6481481481481481,4,162,0
all,0,HK,0,tail,0.25765573567099626,0.3656000624882718,G.RF2.CSE1,12,0,1993,0.75,4,12,0
0,0,HK,0,class,0.16436219629619023,0.09169428525016247,G.RF2.CSE025,7,0,1993,0.14285714285714285,4,7,0
4,1,HK,0,class,0.3402985608060398,0.08456029142311641,G.RF2.CSE025,165,0,1993,0.12727272727272726,4,165,0
12,0,HK,0,class,0.32402560102696043,0.09112921668572589,G.RF2.CSE025,41,0,1993,0.12195121951219512,4,41,0
8,0,HK,0,class,0.6014195031618611,0.08806052844370373,G.RF2.CSE025,153,0,1993,0.013071895424836602,4,153,0
2,0,HK,0,class,0.780285181496408,0.08762608758795706,G.RF2.CSE025,182,0,1993,0.0,4,182,0
11,2,HK,0,class,0.19605743843924897,0.091358242668593,G.RF2.CSE025,61,0,1993,0.2786885245901639,4,61,0
17,0,HK,0,class,0.3882666907957247,0.09098803814273555,G.RF2.CSE025,5,0,1993,0.2,4,5,0
3,0,HK,0,class,0.281280287471209,0.08495209860154489,G.RF2.CSE025,157,0,1993,0.17834394904458598,4,157,0
all,3,HK,0,old,0.5198250218556331,0.08756103047842223,G.RF2.CSE025,609,0,1993,0.0755336617405583,4,609,0
all,0,HK,0,current,0.28458233695653357,0.08513839303182853,G.RF2.CSE025,162,0,1993,0.17901234567901234,4,162,0
all,0,HK,0,tail,0.25765573567099626,0.0914000156220679,G.RF2.CSE025,12,0,1993,0.16666666666666666,4,12,0
0,0,HK,0,class,0.18789392921218803,0.4344646339997631,B.RF2.CSE1,7,0,1993,1.0,4,7,0
4,1,HK,1,class,0.44556943935778687,0.440462835809659,B.RF2.CSE1,165,0,1993,0.5272727272727272,4,165,0
12,0,HK,0,class,0.39265451490010755,0.4291113408672542,B.RF2.CSE1,41,0,1993,0.5365853658536586,4,41,0
8,0,HK,0,class,0.6995847820988826,0.4306473796881345,B.RF2.CSE1,153,0,1993,0.1111111111111111,4,153,0
2,0,HK,0,class,0.782444471672813,0.4189709904117724,B.RF2.CSE1,182,0,1993,0.01098901098901099,4,182,0
11,0,HK,0,class,0.2680682360086744,0.41877514681857564,B.RF2.CSE1,61,0,1993,0.7868852459016393,4,61,0
17,0,HK,1,class,0.3415333749186373,0.4318853722398006,B.RF2.CSE1,5,0,1993,0.6,4,5,0
3,1,HK,3,class,0.41644362080635156,0.45198934673573393,B.RF2.CSE1,157,0,1993,0.5477707006369427,4,157,0
all,1,HK,1,old,0.5857579277693509,0.42856853633055797,B.RF2.CSE1,609,0,1993,0.30049261083743845,4,609,0
all,1,HK,4,current,0.4141315761801875,0.45136885369573604,B.RF2.CSE1,162,0,1993,0.5493827160493827,4,162,0
all,0,HK,1,tail,0.25191036492320856,0.4333899415997788,B.RF2.CSE1,12,0,1993,0.8333333333333334,4,12,0
0,0,HK,0,class,0.18789392921218803,0.10861615849994077,B.RF2.CSE025,7,0,1993,0.42857142857142855,4,7,0
4,0,HK,0,class,0.44556943935778687,0.11011570895241479,B.RF2.CSE025,165,0,1993,0.11515151515151516,4,165,0
12,0,HK,0,class,0.39265451490010755,0.10727783521681358,B.RF2.CSE025,41,0,1993,0.17073170731707318,4,41,0
8,0,HK,0,class,0.6995847820988826,0.10766184492203361,B.RF2.CSE025,153,0,1993,0.0196078431372549,4,153,0
2,0,HK,0,class,0.782444471672813,0.1047427476029431,B.RF2.CSE025,182,0,1993,0.0,4,182,0
11,0,HK,0,class,0.2680682360086744,0.1046937867046439,B.RF2.CSE025,61,0,1993,0.2459016393442623,4,61,0
17,0,HK,0,class,0.3415333749186373,0.10797134305995013,B.RF2.CSE025,5,0,1993,0.4,4,5,0
3,1,HK,1,class,0.41644362080635156,0.11299733668393348,B.RF2.CSE025,157,0,1993,0.15286624203821655,4,157,0
all,0,HK,0,old,0.5857579277693509,0.10714213408263949,B.RF2.CSE025,609,0,1993,0.07717569786535304,4,609,0
all,1,HK,1,current,0.4141315761801875,0.11284221342393401,B.RF2.CSE025,162,0,1993,0.16049382716049382,4,162,0
all,0,HK,0,tail,0.25191036492320856,0.10834748539994467,B.RF2.CSE025,12,0,1993,0.4166666666666667,4,12,0
0,0,HK,0,class,0.12670867332244845,0.37032387189158184,G.RF1.CSEperm1,7,0,1993,1.0,4,7,0
4,0,HK,2,class,0.3431154947239557,0.3372791518926835,G.RF1.CSEperm1,165,0,1993,0.5151515151515151,4,165,0
12,0,HK,0,class,0.3358655877657905,0.36674737958317355,G.RF1.CSEperm1,41,0,1993,0.6341463414634146,4,41,0
8,0,HK,0,class,0.5898510005345589,0.34791440466553,G.RF1.CSEperm1,153,0,1993,0.13725490196078433,4,153,0
2,0,HK,0,class,0.777792293356455,0.3488312464872573,G.RF1.CSEperm1,182,0,1993,0.0,4,182,0
11,1,HK,1,class,0.1998447565177341,0.3660968766467528,G.RF1.CSEperm1,61,0,1993,0.8524590163934426,4,61,1
17,0,HK,0,class,0.39535630957263923,0.3592432974155465,G.RF1.CSEperm1,5,0,1993,0.4,4,5,0
3,5,HK,1,class,0.2800570364781231,0.3379245766095016,G.RF1.CSEperm1,157,0,1993,0.6687898089171974,4,157,0
all,1,HK,3,old,0.5176805206261926,0.3486536452847337,G.RF1.CSEperm1,609,0,1993,0.3136288998357964,4,609,1
all,5,HK,1,current,0.2836156560180773,0.3385825618195647,G.RF1.CSEperm1,162,0,1993,0.6604938271604939,4,162,0
all,0,HK,0,tail,0.2386451884266946,0.36570696585990053,G.RF1.CSEperm1,12,0,1993,0.75,4,12,0
0,0,HK,0,class,0.15663696507648472,0.43094966380648614,B.RF1.CSEperm1,7,0,1993,1.0,4,7,0
4,4,HK,0,class,0.4458857204471862,0.42205130310029637,B.RF1.CSEperm1,165,0,1993,0.5151515151515151,4,165,0
12,3,HK,0,class,0.39068381976475075,0.4282863019045898,B.RF1.CSEperm1,41,0,1993,0.5365853658536586,4,41,1
8,1,HK,0,class,0.6998348581122825,0.4102223478063775,B.RF1.CSEperm1,153,0,1993,0.10457516339869281,4,153,0
2,0,HK,0,class,0.7835257765366059,0.40695766367657055,B.RF1.CSEperm1,182,0,1993,0.0,4,182,0
11,0,HK,9,class,0.26334358817160913,0.41588725198189774,B.RF1.CSEperm1,61,0,1993,0.7704918032786885,4,61,0
17,0,HK,0,class,0.3784711032034688,0.42163751317038967,B.RF1.CSEperm1,5,0,1993,0.4,4,5,0
3,1,HK,2,class,0.41424612242559133,0.4462871146979212,B.RF1.CSEperm1,157,0,1993,0.5286624203821656,4,157,0
all,8,HK,9,old,0.5852644051543278,0.4144733783426763,B.RF1.CSEperm1,609,0,1993,0.29064039408866993,4,609,1
all,1,HK,2,current,0.41314195516564933,0.4455263245273184,B.RF1.CSEperm1,162,0,1993,0.5246913580246914,4,162,0
all,0,HK,0,tail,0.24906785596272807,0.42706960104144587,B.RF1.CSEperm1,12,0,1993,0.75,4,12,0
0,0,HK,0,class,0.062371390979512345,0.36802810835965405,G.LIN.CSE1,7,0,1993,1.0,5,7,0
4,3,HK,0,class,0.3409553712758667,0.3389332025888994,G.LIN.CSE1,165,0,1993,0.5333333333333333,5,165,1
12,1,HK,0,class,0.266451558268715,0.3634104217602244,G.LIN.CSE1,41,0,1993,0.6829268292682927,5,41,1
8,0,HK,1,class,0.5525092601738228,0.35130030221541436,G.LIN.CSE1,153,0,1993,0.1503267973856209,5,153,0
2,0,HK,0,class,0.742988496801888,0.35516457201076285,G.LIN.CSE1,182,0,1993,0.0,5,182,0
11,3,HK,0,class,0.14180412987795316,0.36499229510229486,G.LIN.CSE1,61,0,1993,0.9344262295081968,5,60,1
17,0,HK,0,class,0.30896452532075813,0.36240200786478355,G.LIN.CSE1,5,0,1993,0.6,5,5,0
3,0,HK,4,class,0.27865397031003625,0.3405553685609014,G.LIN.CSE1,157,0,1993,0.6496815286624203,5,157,0
21,0,HK,0,class,0.29603942163129143,0.3632778511696647,G.LIN.CSE1,4,0,1993,0.75,5,4,0
16,0,HK,0,class,0.09761645922649778,0.37918454355537706,G.LIN.CSE1,8,0,1993,1.0,5,8,0
all,7,HK,5,old,0.44269795200877443,0.34932896722100887,G.LIN.CSE1,771,0,1993,0.39948119325551235,5,770,3
all,0,HK,0,current,0.16375744669476236,0.37388231276013967,G.LIN.CSE1,12,0,1993,0.9166666666666666,5,12,0
all,0,HK,0,tail,0.16443798849156355,0.3697831062901322,G.LIN.CSE1,24,0,1993,0.875,5,24,0
0,0,HK,0,class,0.062371390979512345,0.09200702708991353,G.LIN.CSE025,7,0,1993,0.8571428571428571,5,7,0
4,0,HK,0,class,0.3409553712758667,0.08473330064722485,G.LIN.CSE025,165,0,1993,0.13333333333333333,5,165,1
12,0,HK,0,class,0.266451558268715,0.09085260544005609,G.LIN.CSE025,41,0,1993,0.14634146341463414,5,41,0
8,0,HK,0,class,0.5525092601738228,0.08782507555385359,G.LIN.CSE025,153,0,1993,0.0196078431372549,5,153,0
2,0,HK,0,class,0.742988496801888,0.08879114300269071,G.LIN.CSE025,182,0,1993,0.0,5,182,0
11,1,HK,0,class,0.14180412987795316,0.09124807377557372,G.LIN.CSE025,61,0,1993,0.5409836065573771,5,60,1
17,0,HK,0,class,0.30896452532075813,0.0906005019661959,G.LIN.CSE025,5,0,1993,0.0,5,5,0
3,0,HK,2,class,0.27865397031003625,0.08513884214022537,G.LIN.CSE025,157,0,1993,0.15286624203821655,5,157,0
21,0,HK,0,class,0.29603942163129143,0.09081946279241618,G.LIN.CSE025,4,0,1993,0.0,5,4,0
16,0,HK,0,class,0.09761645922649778,0.09479613588884428,G.LIN.CSE025,8,0,1993,0.875,5,8,0
all,1,HK,2,old,0.44269795200877443,0.08733224180525222,G.LIN.CSE025,771,0,1993,0.1219195849546044,5,770,2
all,0,HK,0,current,0.16375744669476236,0.09347057819003492,G.LIN.CSE025,12,0,1993,0.5833333333333334,5,12,0
all,0,HK,0,tail,0.16443798849156355,0.09244577657253306,G.LIN.CSE025,24,0,1993,0.5416666666666666,5,24,0
0,0,HK,0,class,0.051514169328068626,0.3680281083596541,G.RF1.CSE1,7,0,1993,1.0,5,7,1
4,2,HK,0,class,0.31323565129919695,0.3392972407469503,G.RF1.CSE1,165,0,1993,0.5878787878787879,5,165,0
12,0,HK,0,class,0.27209781936368754,0.36331192687596237,G.RF1.CSE1,41,0,1993,0.6829268292682927,5,41,0
8,1,HK,1,class,0.5381807604534166,0.3514229889996776,G.RF1.CSE1,153,0,1993,0.1437908496732026,5,153,0
2,0,HK,0,class,0.7332059380028758,0.35405219747947914,G.RF1.CSE1,182,0,1993,0.0,5,182,0
11,5,HK,0,class,0.14297145114620954,0.36508697629169035,G.RF1.CSE1,61,0,1993,0.9344262295081968,5,60,1
17,0,HK,0,class,0.3021605554126996,0.36240200786478366,G.RF1.CSE1,5,0,1993,0.8,5,5,0
3,0,HK,7,class,0.2518792769212192,0.34100211952174153,G.RF1.CSE1,157,0,1993,0.7261146496815286,5,157,0
21,0,HK,0,class,0.30328269814156245,0.36447582827773034,G.RF1.CSE1,4,0,1993,0.75,5,4,0
16,0,HK,0,class,0.07939653813471398,0.37870580217064853,G.RF1.CSE1,8,0,1993,1.0,5,8,0
all,8,HK,8,old,0.4264108133373346,0.3492618626458173,G.RF1.CSE1,771,0,1993,0.4267185473411154,5,770,2
all,0,HK,0,current,0.1540252581369968,0.3739624775396759,G.RF1.CSE1,12,0,1993,0.9166666666666666,5,12,0
all,0,HK,0,tail,0.1549877108334975,0.3698231886799002,G.RF1.CSE1,24,0,1993,0.9166666666666666,5,24,1
0,0,HK,0,class,0.051514169328068626,0.09200702708991353,G.RF1.CSE025,7,0,1993,0.7142857142857143,5,7,1
4,2,HK,0,class,0.31323565129919695,0.08482431018673757,G.RF1.CSE025,165,0,1993,0.10909090909090909,5,165,0
12,0,HK,0,class,0.27209781936368754,0.09082798171899059,G.RF1.CSE025,41,0,1993,0.14634146341463414,5,41,0
8,1,HK,0,class,0.5381807604534166,0.08785574724991942,G.RF1.CSE025,153,0,1993,0.026143790849673203,5,153,0
2,0,HK,0,class,0.7332059380028758,0.08851304936986978,G.RF1.CSE025,182,0,1993,0.0,5,182,0
11,0,HK,0,class,0.14297145114620954,0.0912717440729226,G.RF1.CSE025,61,0,1993,0.5081967213114754,5,60,0
17,0,HK,0,class,0.3021605554126996,0.09060050196619589,G.RF1.CSE025,5,0,1993,0.0,5,5,0
3,0,HK,1,class,0.2518792769212192,0.08525052988043537,G.RF1.CSE025,157,0,1993,0.19745222929936307,5,157,0
21,0,HK,0,class,0.30328269814156245,0.09111895706943259,G.RF1.CSE025,4,0,1993,0.0,5,4,0
16,0,HK,0,class,0.07939653813471398,0.09467645054266216,G.RF1.CSE025,8,0,1993,0.875,5,8,0
all,3,HK,1,old,0.4264108133373346,0.08731546566145433,G.RF1.CSE025,771,0,1993,0.12321660181582361,5,770,1
all,0,HK,0,current,0.1540252581369968,0.09349061938491897,G.RF1.CSE025,12,0,1993,0.5833333333333334,5,12,0
all,0,HK,0,tail,0.1549877108334975,0.09245579716997505,G.RF1.CSE025,24,0,1993,0.5,5,24,1
0,0,HK,0,class,0.11703971298197284,0.4402854570867792,B.LIN.CSE1,7,0,1993,1.0,5,7,0
4,2,HK,0,class,0.3720722348422586,0.4404628425084311,B.LIN.CSE1,165,0,1993,0.6181818181818182,5,165,0
12,1,HK,0,class,0.25488965662834684,0.43316463298566427,B.LIN.CSE1,41,0,1993,0.8292682926829268,5,41,0
8,1,HK,0,class,0.5764549552271225,0.4304346759031932,B.LIN.CSE1,153,0,1993,0.20261437908496732,5,153,0
2,0,HK,0,class,0.6807044223607175,0.41833693857545545,B.LIN.CSE1,182,0,1993,0.027472527472527472,5,182,0
11,2,HK,1,class,0.12680360990202036,0.419892375022497,B.LIN.CSE1,61,0,1993,0.9836065573770492,5,61,1
17,0,HK,0,class,0.25531942668479646,0.43188537580762576,B.LIN.CSE1,5,0,1993,0.8,5,5,0
3,0,HK,6,class,0.3273215533448952,0.45198935213361374,B.LIN.CSE1,157,0,1993,0.732484076433121,5,157,0
21,0,HK,0,class,0.2897986567250863,0.42928533012012726,B.LIN.CSE1,4,0,1993,0.75,5,4,0
16,0,HK,0,class,0.052895501518029964,0.4492054957792416,B.LIN.CSE1,8,0,1993,1.0,5,8,0
all,6,HK,7,old,0.44766353682698423,0.43352417048018166,B.LIN.CSE1,771,0,1993,0.46433203631647213,5,771,1
all,0,HK,0,current,0.13186321992038208,0.4425654405595369,B.LIN.CSE1,12,0,1993,0.9166666666666666,5,12,0
all,0,HK,0,tail,0.15325974013926572,0.4396754318900011,B.LIN.CSE1,24,0,1993,0.9166666666666666,5,24,0
0,0,HK,0,class,0.11703971298197284,0.1100713642716948,B.LIN.CSE025,7,0,1993,0.42857142857142855,5,7,0
4,1,HK,0,class,0.3720722348422586,0.11011571062710777,B.LIN.CSE025,165,0,1993,0.15151515151515152,5,165,0
12,0,HK,0,class,0.25488965662834684,0.10829115824641607,B.LIN.CSE025,41,0,1993,0.21951219512195122,5,41,0
8,0,HK,0,class,0.5764549552271225,0.1076086689757983,B.LIN.CSE025,153,0,1993,0.0196078431372549,5,153,0
2,0,HK,0,class,0.6807044223607175,0.10458423464386386,B.LIN.CSE025,182,0,1993,0.0,5,182,0
11,0,HK,1,class,0.12680360990202036,0.10497309375562425,B.LIN.CSE025,61,0,1993,0.5901639344262295,5,61,0
17,0,HK,0,class,0.25531942668479646,0.1079713439519064,B.LIN.CSE025,5,0,1993,0.4,5,5,0
3,0,HK,0,class,0.3273215533448952,0.11299733803340344,B.LIN.CSE025,157,0,1993,0.18471337579617833,5,157,0
21,0,HK,0,class,0.2897986567250863,0.1073213325300318,B.LIN.CSE025,4,0,1993,0.0,5,4,0
16,0,HK,0,class,0.052895501518029964,0.1123013739448104,B.LIN.CSE025,8,0,1993,1.0,5,8,0
all,1,HK,1,old,0.44766353682698423,0.10838104262004541,B.LIN.CSE025,771,0,1993,0.13878080415045396,5,771,0
all,0,HK,0,current,0.13186321992038208,0.1106413601398842,B.LIN.CSE025,12,0,1993,0.6666666666666666,5,12,0
all,0,HK,0,tail,0.15325974013926572,0.10991885797250027,B.LIN.CSE025,24,0,1993,0.5416666666666666,5,24,0
0,0,HK,0,class,0.12300072195427582,0.4402854570867792,B.RF1.CSE1,7,0,1993,1.0,5,7,0
4,1,HK,0,class,0.42418761289922313,0.4403472147663906,B.RF1.CSE1,165,0,1993,0.5636363636363636,5,165,0
12,0,HK,1,class,0.31222164979397643,0.4331892377688229,B.RF1.CSE1,41,0,1993,0.6341463414634146,5,40,0
8,1,HK,0,class,0.6576103979205425,0.43034571428025403,B.RF1.CSE1,153,0,1993,0.13071895424836602,5,153,0
2,0,HK,0,class,0.7497205668108861,0.4187103227540409,B.RF1.CSE1,182,0,1993,0.01098901098901099,5,182,0
11,1,HK,0,class,0.1686525856227585,0.419892375022497,B.RF1.CSE1,61,0,1993,0.9344262295081968,5,61,0
17,0,HK,0,class,0.31137307629627875,0.43188537580762576,B.RF1.CSE1,5,0,1993,0.8,5,5,0
3,2,HK,1,class,0.387210041497855,0.4518001974012576,B.RF1.CSE1,157,0,1993,0.5859872611464968,5,157,0
21,0,HK,0,class,0.36694799884486656,0.42928533012012726,B.RF1.CSE1,4,0,1993,0.5,5,4,0
16,1,HK,0,class,0.05135135392517662,0.44920549577924157,B.RF1.CSE1,8,0,1993,1.0,5,8,0
all,5,HK,2,old,0.5101857749476808,0.43353270189118787,B.RF1.CSE1,771,0,1993,0.39040207522697795,5,770,0
all,1,HK,0,current,0.15655023556507328,0.4425654405595369,B.RF1.CSE1,12,0,1993,0.8333333333333334,5,12,0
all,1,HK,0,tail,0.17901971924759183,0.4396754318900011,B.RF1.CSE1,24,0,1993,0.875,5,24,0
0,0,HK,0,class,0.12300072195427582,0.1100713642716948,B.RF1.CSE025,7,0,1993,0.42857142857142855,5,7,0
4,0,HK,0,class,0.42418761289922313,0.11008680369159762,B.RF1.CSE025,165,0,1993,0.12121212121212122,5,165,0
12,0,HK,0,class,0.31222164979397643,0.10829730944220572,B.RF1.CSE025,41,0,1993,0.21951219512195122,5,40,0
8,1,HK,0,class,0.6576103979205425,0.10758642857006354,B.RF1.CSE025,153,0,1993,0.0196078431372549,5,153,0
2,0,HK,0,class,0.7497205668108861,0.10467758068851023,B.RF1.CSE025,182,0,1993,0.0,5,182,0
11,0,HK,0,class,0.1686525856227585,0.10497309375562425,B.RF1.CSE025,61,0,1993,0.4918032786885246,5,61,0
17,0,HK,0,class,0.31137307629627875,0.10797134395190644,B.RF1.CSE025,5,0,1993,0.2,5,5,0
3,2,HK,0,class,0.387210041497855,0.1129500493503144,B.RF1.CSE025,157,0,1993,0.15286624203821655,5,157,0
21,0,HK,0,class,0.36694799884486656,0.10732133253003182,B.RF1.CSE025,4,0,1993,0.0,5,4,0
16,0,HK,0,class,0.05135135392517662,0.1123013739448104,B.RF1.CSE025,8,0,1993,1.0,5,8,0
all,3,HK,0,old,0.5101857749476808,0.10838317547279697,B.RF1.CSE025,771,0,1993,0.11673151750972763,5,770,0
all,0,HK,0,current,0.15655023556507328,0.1106413601398842,B.RF1.CSE025,12,0,1993,0.6666666666666666,5,12,0
all,0,HK,0,tail,0.17901971924759183,0.10991885797250027,B.RF1.CSE025,24,0,1993,0.5,5,24,0
0,0,HK,0,class,0.07249883296291151,0.3680281083596542,G.RF2.CSE1,7,0,1993,1.0,5,7,0
4,6,HK,1,class,0.31035889464015115,0.33920942033183454,G.RF2.CSE1,165,0,1993,0.5878787878787879,5,165,0
12,0,HK,0,class,0.2595058230868933,0.36362229523999956,G.RF2.CSE1,41,0,1993,0.7073170731707317,5,41,0
8,1,HK,0,class,0.5481635405248059,0.3512921739752833,G.RF2.CSE1,153,0,1993,0.1503267973856209,5,153,0
2,0,HK,0,class,0.7311098196958169,0.3542198867334405,G.RF2.CSE1,182,0,1993,0.0,5,182,0
11,4,HK,0,class,0.13862435745216112,0.3650558756181847,G.RF2.CSE1,61,0,1993,0.9508196721311475,5,60,0
17,0,HK,0,class,0.3063527482655502,0.36240200786478366,G.RF2.CSE1,5,0,1993,0.6,5,5,0
3,0,HK,9,class,0.25041719106456517,0.34077208635092937,G.RF2.CSE1,157,0,1993,0.7133757961783439,5,157,0
21,0,HK,0,class,0.2615047920252561,0.3632778511696647,G.RF2.CSE1,4,0,1993,0.75,5,4,0
16,0,HK,0,class,0.09263388383780119,0.3791845435553771,G.RF2.CSE1,8,0,1993,0.875,5,8,0
all,11,HK,10,old,0.42618781533191724,0.34922389524117237,G.RF2.CSE1,771,0,1993,0.4267185473411154,5,770,0
all,0,HK,0,current,0.14892418656695283,0.37388231276013967,G.RF2.CSE1,12,0,1993,0.8333333333333334,5,12,0
all,0,HK,0,tail,0.1594310754529819,0.3697831062901322,G.RF2.CSE1,24,0,1993,0.8333333333333334,5,24,0
0,0,HK,0,class,0.07249883296291151,0.09200702708991353,G.RF2.CSE025,7,0,1993,0.7142857142857143,5,7,0
4,1,HK,0,class,0.31035889464015115,0.08480235508295864,G.RF2.CSE025,165,0,1993,0.16363636363636364,5,165,0
12,0,HK,0,class,0.2595058230868933,0.09090557380999989,G.RF2.CSE025,41,0,1993,0.14634146341463414,5,41,0
8,0,HK,0,class,0.5481635405248059,0.08782304349382082,G.RF2.CSE025,153,0,1993,0.026143790849673203,5,153,0
2,0,HK,0,class,0.7311098196958169,0.08855497168336014,G.RF2.CSE025,182,0,1993,0.0,5,182,0
11,0,HK,0,class,0.13862435745216112,0.09126396890454617,G.RF2.CSE025,61,0,1993,0.45901639344262296,5,60,0
17,0,HK,0,class,0.3063527482655502,0.09060050196619589,G.RF2.CSE025,5,0,1993,0.2,5,5,0
3,0,HK,2,class,0.25041719106456517,0.08519302158773234,G.RF2.CSE025,157,0,1993,0.16560509554140126,5,157,0
21,0,HK,0,class,0.2615047920252561,0.09081946279241619,G.RF2.CSE025,4,0,1993,0.0,5,4,0
16,0,HK,0,class,0.09263388383780119,0.09479613588884428,G.RF2.CSE025,8,0,1993,0.75,5,8,0
all,1,HK,2,old,0.42618781533191724,0.08730597381029309,G.RF2.CSE025,771,0,1993,0.125810635538262,5,770,0
all,0,HK,0,current,0.14892418656695283,0.09347057819003494,G.RF2.CSE025,12,0,1993,0.5,5,12,0
all,0,HK,0,tail,0.1594310754529819,0.09244577657253306,G.RF2.CSE025,24,0,1993,0.5,5,24,0
0,0,HK,0,class,0.13558304653796135,0.4402854570867792,B.RF2.CSE1,7,0,1993,1.0,5,7,0
4,1,HK,0,class,0.4208106966491058,0.4404628425084312,B.RF2.CSE1,165,0,1993,0.5393939393939394,5,165,0
12,0,HK,1,class,0.316586362709862,0.4325472987221629,B.RF2.CSE1,41,0,1993,0.6829268292682927,5,41,0
8,1,HK,0,class,0.6517608253838327,0.4303431114521489,B.RF2.CSE1,153,0,1993,0.13725490196078433,5,153,0
2,0,HK,0,class,0.7488861834248377,0.4173468029817381,B.RF2.CSE1,182,0,1993,0.016483516483516484,5,182,0
11,1,HK,1,class,0.16678978495028618,0.419892375022497,B.RF2.CSE1,61,0,1993,0.9180327868852459,5,61,0
17,0,HK,0,class,0.2960526694320927,0.43188537580762565,B.RF2.CSE1,5,0,1993,0.6,5,5,0
3,0,HK,2,class,0.38822526764136,0.4515526241388588,B.RF2.CSE1,157,0,1993,0.5796178343949044,5,157,0
21,0,HK,0,class,0.3238724442687614,0.42928533012012726,B.RF2.CSE1,4,0,1993,0.75,5,4,0
16,0,HK,0,class,0.07180347643668887,0.4492054957792416,B.RF2.CSE1,8,0,1993,1.0,5,8,0
all,3,HK,4,old,0.5084116550711295,0.4331505115449723,B.RF2.CSE1,771,0,1993,0.3865110246433204,5,771,0
all,0,HK,0,current,0.15582646571404637,0.4425654405595369,B.RF2.CSE1,12,0,1993,0.9166666666666666,5,12,0
all,0,HK,0,tail,0.17913592756228125,0.4396754318900011,B.RF2.CSE1,24,0,1993,0.875,5,24,0
0,0,HK,0,class,0.13558304653796135,0.11007136427169481,B.RF2.CSE025,7,0,1993,0.42857142857142855,5,7,0
4,0,HK,0,class,0.4208106966491058,0.1101157106271078,B.RF2.CSE025,165,0,1993,0.13333333333333333,5,165,0
12,0,HK,0,class,0.316586362709862,0.10813682468054073,B.RF2.CSE025,41,0,1993,0.1951219512195122,5,41,0
8,0,HK,0,class,0.6517608253838327,0.10758577786303722,B.RF2.CSE025,153,0,1993,0.006535947712418301,5,153,0
2,0,HK,0,class,0.7488861834248377,0.10433670074543452,B.RF2.CSE025,182,0,1993,0.0,5,182,0
11,0,HK,1,class,0.16678978495028618,0.10497309375562425,B.RF2.CSE025,61,0,1993,0.4262295081967213,5,61,0
17,0,HK,0,class,0.2960526694320927,0.10797134395190644,B.RF2.CSE025,5,0,1993,0.4,5,5,0
3,0,HK,0,class,0.38822526764136,0.1128881560347147,B.RF2.CSE025,157,0,1993,0.1592356687898089,5,157,0
21,0,HK,0,class,0.3238724442687614,0.10732133253003182,B.RF2.CSE025,4,0,1993,0.0,5,4,0
16,0,HK,0,class,0.07180347643668887,0.1123013739448104,B.RF2.CSE025,8,0,1993,0.625,5,8,0
all,0,HK,1,old,0.5084116550711295,0.10828762788624308,B.RF2.CSE025,771,0,1993,0.11284046692607004,5,771,0
all,0,HK,0,current,0.15582646571404637,0.1106413601398842,B.RF2.CSE025,12,0,1993,0.4166666666666667,5,12,0
all,0,HK,0,tail,0.17913592756228125,0.10991885797250027,B.RF2.CSE025,24,0,1993,0.4166666666666667,5,24,0
0,0,HK,0,class,0.051514169328068626,0.36912951794030074,G.RF1.CSEperm1,7,0,1993,1.0,5,7,1
4,0,HK,2,class,0.31323565129919695,0.3390355940867216,G.RF1.CSEperm1,165,0,1993,0.5818181818181818,5,165,1
12,0,HK,0,class,0.27209781936368754,0.36632205449747357,G.RF1.CSEperm1,41,0,1993,0.6829268292682927,5,41,0
8,0,HK,2,class,0.5381807604534166,0.3500920215222777,G.RF1.CSEperm1,153,0,1993,0.1437908496732026,5,153,0
2,0,HK,0,class,0.7332059380028758,0.3538211942898804,G.RF1.CSEperm1,182,0,1993,0.0,5,182,0
11,2,HK,0,class,0.14297145114620954,0.3655956933025434,G.RF1.CSEperm1,61,0,1993,0.9344262295081968,5,60,1
17,0,HK,0,class,0.3021605554126996,0.35485682233083016,G.RF1.CSEperm1,5,0,1993,0.8,5,5,0
3,3,HK,1,class,0.2518792769212192,0.3387447780239682,G.RF1.CSEperm1,157,0,1993,0.7261146496815286,5,157,0
21,0,HK,0,class,0.30328269814156245,0.3691008847092059,G.RF1.CSEperm1,4,0,1993,0.75,5,4,0
16,0,HK,0,class,0.07939653813471398,0.38014219081028444,G.RF1.CSEperm1,8,0,1993,1.0,5,8,0
all,5,HK,5,old,0.4264108133373346,0.34858893915801126,G.RF1.CSEperm1,771,0,1993,0.4254215304798962,5,770,3
all,0,HK,0,current,0.1540252581369968,0.37646175544325833,G.RF1.CSEperm1,12,0,1993,0.9166666666666666,5,12,0
all,0,HK,0,tail,0.1549877108334975,0.3698221584398065,G.RF1.CSEperm1,24,0,1993,0.9166666666666666,5,24,1
0,0,HK,0,class,0.12300072195427582,0.4255044063271038,B.RF1.CSEperm1,7,0,1993,1.0,5,7,1
4,3,HK,0,class,0.42418761289922313,0.41776911102606673,B.RF1.CSEperm1,165,0,1993,0.5454545454545454,5,165,0
12,1,HK,0,class,0.31222164979397643,0.42805720143789516,B.RF1.CSEperm1,41,0,1993,0.6341463414634146,5,40,0
8,1,HK,1,class,0.6576103979205425,0.4024735631557432,B.RF1.CSEperm1,153,0,1993,0.11764705882352941,5,153,0
2,0,HK,0,class,0.7497205668108861,0.4040570178820876,B.RF1.CSEperm1,182,0,1993,0.0,5,182,0
11,0,HK,14,class,0.1686525856227585,0.4167101104261819,B.RF1.CSEperm1,61,0,1993,0.9344262295081968,5,61,0
17,0,HK,0,class,0.31137307629627875,0.4231023626844904,B.RF1.CSEperm1,5,0,1993,0.8,5,5,0
3,1,HK,3,class,0.387210041497855,0.444479168433171,B.RF1.CSEperm1,157,0,1993,0.5732484076433121,5,157,0
21,0,HK,0,class,0.36694799884486656,0.4245292880956361,B.RF1.CSEperm1,4,0,1993,0.5,5,4,0
16,1,HK,0,class,0.05135135392517662,0.4446476066954748,B.RF1.CSEperm1,8,0,1993,1.0,5,8,1
all,6,HK,18,old,0.5101857749476808,0.4175041113272899,B.RF1.CSEperm1,771,0,1993,0.3787289234760052,5,770,1
all,1,HK,0,current,0.15655023556507328,0.43794150049552866,B.RF1.CSEperm1,12,0,1993,0.8333333333333334,5,12,1
all,1,HK,0,tail,0.17901971924759183,0.43122252765243835,B.RF1.CSEperm1,24,0,1993,0.875,5,24,2
0,0,HK,0,class,0.057086227590352874,0.36802810391864516,G.LIN.CSE1,7,0,1993,1.0,6,7,0
4,5,HK,0,class,0.3046995159764855,0.3380758530166543,G.LIN.CSE1,165,0,1993,0.5878787878787879,6,165,1
12,0,HK,0,class,0.23543848735103948,0.36330024299862956,G.LIN.CSE1,41,0,1993,0.8048780487804879,6,41,2
8,0,HK,0,class,0.4893472091972193,0.3503102613341196,G.LIN.CSE1,153,0,1993,0.1895424836601307,6,153,0
2,0,HK,0,class,0.7044980654687231,0.3522225832273198,G.LIN.CSE1,182,0,1993,0.0,6,182,0
11,3,HK,0,class,0.11729313825426983,0.36515366099559937,G.LIN.CSE1,61,0,1993,0.9672131147540983,6,61,1
17,0,HK,0,class,0.24101233506648523,0.36240204104047724,G.LIN.CSE1,5,0,1993,0.8,6,5,0
3,0,HK,2,class,0.23651221487509333,0.33882452738513497,G.LIN.CSE1,157,0,1993,0.7707006369426752,6,157,1
21,0,HK,0,class,0.11676477488946449,0.3581114050596757,G.LIN.CSE1,4,0,1993,1.0,6,4,0
16,0,HK,0,class,0.09163498736902759,0.3774672702311843,G.LIN.CSE1,8,0,1993,1.0,6,8,0
22,0,HK,0,class,0.2118443475746791,0.35035510269545,G.LIN.CSE1,21,0,1993,0.7142857142857143,6,21,0
13,0,HK,2,class,0.46696514131792766,0.3566634497851637,G.LIN.CSE1,160,0,1993,0.275,6,160,0
all,8,HK,2,old,0.3960527106971519,0.34826311708442287,G.LIN.CSE1,783,0,1993,0.4623243933588761,6,783,5
all,0,HK,2,current,0.4373654912151198,0.3559315421117714,G.LIN.CSE1,181,0,1993,0.3259668508287293,6,181,0
all,0,HK,0,tail,0.1168668444572906,0.3683496131133783,G.LIN.CSE1,24,0,1993,0.9583333333333334,6,24,0
0,0,HK,0,class,0.057086227590352874,0.09200702597966129,G.LIN.CSE025,7,0,1993,0.8571428571428571,6,7,0
4,1,HK,0,class,0.3046995159764855,0.08451896325416358,G.LIN.CSE025,165,0,1993,0.1696969696969697,6,165,1
12,0,HK,0,class,0.23543848735103948,0.09082506074965739,G.LIN.CSE025,41,0,1993,0.17073170731707318,6,41,0
8,0,HK,0,class,0.4893472091972193,0.08757756533352991,G.LIN.CSE025,153,0,1993,0.0196078431372549,6,153,0
2,0,HK,0,class,0.7044980654687231,0.08805564580682995,G.LIN.CSE025,182,0,1993,0.0,6,182,0
11,0,HK,0,class,0.11729313825426983,0.09128841524889984,G.LIN.CSE025,61,0,1993,0.5737704918032787,6,61,0
17,0,HK,0,class,0.24101233506648523,0.09060051026011931,G.LIN.CSE025,5,0,1993,0.2,6,5,0
3,0,HK,0,class,0.23651221487509333,0.08470613184628374,G.LIN.CSE025,157,0,1993,0.21019108280254778,6,157,0
21,0,HK,0,class,0.11676477488946449,0.08952785126491891,G.LIN.CSE025,4,0,1993,0.25,6,4,0
16,0,HK,0,class,0.09163498736902759,0.09436681755779606,G.LIN.CSE025,8,0,1993,0.875,6,8,0
22,0,HK,0,class,0.2118443475746791,0.0875887756738625,G.LIN.CSE025,21,0,1993,0.3333333333333333,6,21,0
13,0,HK,1,class,0.46696514131792766,0.08916586244629092,G.LIN.CSE025,160,0,1993,0.05,6,160,0
all,1,HK,0,old,0.3960527106971519,0.08706577927110572,G.LIN.CSE025,783,0,1993,0.1545338441890166,6,783,1
all,0,HK,1,current,0.4373654912151198,0.08898288552794285,G.LIN.CSE025,181,0,1993,0.08287292817679558,6,181,0
all,0,HK,0,tail,0.1168668444572906,0.09208740327834457,G.LIN.CSE025,24,0,1993,0.625,6,24,0
0,0,HK,0,class,0.04876736117004884,0.3680281039186451,G.RF1.CSE1,7,0,1993,1.0,6,7,2
4,4,HK,0,class,0.28001272641483305,0.33795645415461034,G.RF1.CSE1,165,0,1993,0.6363636363636364,6,165,1
12,0,HK,0,class,0.24170962807096602,0.36369409672974484,G.RF1.CSE1,41,0,1993,0.7317073170731707,6,41,1
8,0,HK,0,class,0.4785405576810048,0.3502338054548879,G.RF1.CSE1,153,0,1993,0.19607843137254902,6,153,0
2,0,HK,0,class,0.692553040340063,0.3510629341242352,G.RF1.CSE1,182,0,1993,0.0,6,182,0
11,5,HK,0,class,0.11878050549217908,0.3651532786174722,G.RF1.CSE1,61,0,1993,0.9672131147540983,6,61,1
17,0,HK,0,class,0.2285928264359948,0.36240204104047724,G.RF1.CSE1,5,0,1993,0.8,6,5,0
3,0,HK,11,class,0.21236227158593549,0.3392361427916805,G.RF1.CSE1,157,0,1993,0.8343949044585988,6,157,1
21,0,HK,0,class,0.11284508171190334,0.3579937536918051,G.RF1.CSE1,4,0,1993,1.0,6,4,0
16,0,HK,1,class,0.0736181031426142,0.3783548520053912,G.RF1.CSE1,8,0,1993,1.0,6,8,0
22,0,HK,0,class,0.2049147122841543,0.35035510269545,G.RF1.CSE1,21,0,1993,0.7619047619047619,6,21,0
13,0,HK,1,class,0.44910530988971287,0.3570617655376545,G.RF1.CSE1,160,0,1993,0.3125,6,160,0
all,9,HK,12,old,0.3812065154058951,0.3480650629936677,G.RF1.CSE1,783,0,1993,0.4827586206896552,6,783,6
all,0,HK,1,current,0.42077380409017284,0.3562836444344153,G.RF1.CSE1,181,0,1993,0.36464088397790057,6,181,0
all,0,HK,1,tail,0.10519420051495176,0.36862586514346884,G.RF1.CSE1,24,0,1993,0.9583333333333334,6,24,2
0,0,HK,0,class,0.04876736117004884,0.09200702597966129,G.RF1.CSE025,7,0,1993,0.7142857142857143,6,7,0
4,2,HK,0,class,0.28001272641483305,0.08448911353865259,G.RF1.CSE025,165,0,1993,0.15151515151515152,6,165,0
12,0,HK,0,class,0.24170962807096602,0.09092352418243621,G.RF1.CSE025,41,0,1993,0.17073170731707318,6,41,1
8,0,HK,0,class,0.4785405576810048,0.08755845136372198,G.RF1.CSE025,153,0,1993,0.032679738562091505,6,153,0
2,0,HK,0,class,0.692553040340063,0.08776573353105882,G.RF1.CSE025,182,0,1993,0.0,6,182,0
11,1,HK,0,class,0.11878050549217908,0.09128831965436807,G.RF1.CSE025,61,0,1993,0.5737704918032787,6,61,0
17,0,HK,0,class,0.2285928264359948,0.09060051026011931,G.RF1.CSE025,5,0,1993,0.2,6,5,0
3,0,HK,4,class,0.21236227158593549,0.08480903569792013,G.RF1.CSE025,157,0,1993,0.19745222929936307,6,157,0
21,0,HK,0,class,0.11284508171190334,0.08949843842295127,G.RF1.CSE025,4,0,1993,0.5,6,4,0
16,0,HK,0,class,0.0736181031426142,0.0945887130013478,G.RF1.CSE025,8,0,1993,0.75,6,8,0
22,0,HK,0,class,0.2049147122841543,0.0875887756738625,G.RF1.CSE025,21,0,1993,0.19047619047619047,6,21,0
13,0,HK,1,class,0.44910530988971287,0.08926544138441363,G.RF1.CSE025,160,0,1993,0.06875,6,160,0
all,3,HK,4,old,0.3812065154058951,0.08701626574841692,G.RF1.CSE025,783,0,1993,0.14942528735632185,6,783,1
all,0,HK,1,current,0.42077380409017284,0.08907091110860382,G.RF1.CSE025,181,0,1993,0.08287292817679558,6,181,0
all,0,HK,0,tail,0.10519420051495176,0.0921564662858672,G.RF1.CSE025,24,0,1993,0.5833333333333334,6,24,0
0,0,HK,0,class,0.09699836337905698,0.4402854570867792,B.LIN.CSE1,7,0,1993,1.0,6,7,0
4,1,HK,0,class,0.32811267993877086,0.4405137818776946,B.LIN.CSE1,165,0,1993,0.6848484848484848,6,165,0
12,1,HK,0,class,0.21093241076993316,0.4331598897834403,B.LIN.CSE1,41,0,1993,0.926829268292683,6,40,0
8,1,HK,0,class,0.5140975420216001,0.4322296527138266,B.LIN.CSE1,153,0,1993,0.30718954248366015,6,153,0
2,0,HK,0,class,0.6404771784940281,0.42063556964238735,B.LIN.CSE1,182,0,1993,0.038461538461538464,6,182,0
11,1,HK,0,class,0.10667344120334185,0.41996434649608466,B.LIN.CSE1,61,0,1993,0.9836065573770492,6,61,0
17,0,HK,1,class,0.17739021000441405,0.437016445426394,B.LIN.CSE1,5,0,1993,1.0,6,5,0
3,1,HK,5,class,0.270624412750829,0.4528614689099513,B.LIN.CSE1,157,0,1993,0.8471337579617835,6,157,0
21,0,HK,0,class,0.150021883759007,0.4293235626510238,B.LIN.CSE1,4,0,1993,1.0,6,4,0
16,0,HK,0,class,0.05019675525536177,0.4492054957792416,B.LIN.CSE1,8,0,1993,1.0,6,8,0
22,0,HK,0,class,0.22196554550215172,0.4251334511351662,B.LIN.CSE1,21,0,1993,0.8571428571428571,6,21,0
13,2,HK,0,class,0.45725957096665565,0.43563419436916534,B.LIN.CSE1,160,0,1993,0.4125,6,160,0
all,5,HK,6,old,0.3953682060443433,0.43477169148118977,B.LIN.CSE1,783,0,1993,0.5389527458492975,6,782,0
all,2,HK,0,current,0.42996026414480715,0.43441587609339744,B.LIN.CSE1,181,0,1993,0.46408839779005523,6,181,0
all,0,HK,1,tail,0.10698338211476631,0.4407507768157271,B.LIN.CSE1,24,0,1993,1.0,6,24,0
0,0,HK,0,class,0.09699836337905698,0.1100713642716948,B.LIN.CSE025,7,0,1993,0.5714285714285714,6,7,0
4,0,HK,0,class,0.32811267993877086,0.11012844546942364,B.LIN.CSE025,165,0,1993,0.18181818181818182,6,165,0
12,1,HK,0,class,0.21093241076993316,0.10828997244586004,B.LIN.CSE025,41,0,1993,0.24390243902439024,6,40,0
8,0,HK,0,class,0.5140975420216001,0.10805741317845664,B.LIN.CSE025,153,0,1993,0.0196078431372549,6,153,0
2,0,HK,0,class,0.6404771784940281,0.10515889241059682,B.LIN.CSE025,182,0,1993,0.0,6,182,0
11,0,HK,0,class,0.10667344120334185,0.10499108662402117,B.LIN.CSE025,61,0,1993,0.6065573770491803,6,61,0
17,0,HK,0,class,0.17739021000441405,0.10925411135659849,B.LIN.CSE025,5,0,1993,0.4,6,5,0
3,0,HK,2,class,0.270624412750829,0.11321536722748785,B.LIN.CSE025,157,0,1993,0.20382165605095542,6,157,0
21,0,HK,0,class,0.150021883759007,0.10733089066275593,B.LIN.CSE025,4,0,1993,0.25,6,4,0
16,0,HK,0,class,0.05019675525536177,0.1123013739448104,B.LIN.CSE025,8,0,1993,1.0,6,8,0
22,0,HK,0,class,0.22196554550215172,0.10628336278379155,B.LIN.CSE025,21,0,1993,0.2857142857142857,6,21,0
13,1,HK,0,class,0.45725957096665565,0.10890854859229133,B.LIN.CSE025,160,0,1993,0.0375,6,160,0
all,1,HK,2,old,0.3953682060443433,0.10869292287029746,B.LIN.CSE025,783,0,1993,0.16219667943805874,6,782,0
all,1,HK,0,current,0.42996026414480715,0.10860396902334936,B.LIN.CSE025,181,0,1993,0.06629834254143646,6,181,0
all,0,HK,0,tail,0.10698338211476631,0.11018769420393178,B.LIN.CSE025,24,0,1993,0.625,6,24,0
0,0,HK,0,class,0.1119940475431755,0.4402854570867792,B.RF1.CSE1,7,0,1993,1.0,6,7,0
4,0,HK,0,class,0.38710985586322116,0.4403472147663905,B.RF1.CSE1,165,0,1993,0.593939393939394,6,165,0
12,0,HK,0,class,0.26707421096394884,0.43301241735137563,B.RF1.CSE1,41,0,1993,0.8048780487804879,6,40,0
8,0,HK,0,class,0.600113967172743,0.4321597528050754,B.RF1.CSE1,153,0,1993,0.1830065359477124,6,153,0
2,0,HK,0,class,0.7108321437351012,0.42196946647214545,B.RF1.CSE1,182,0,1993,0.016483516483516484,6,182,0
11,1,HK,0,class,0.14550438830945517,0.41996434649608466,B.RF1.CSE1,61,0,1993,0.9836065573770492,6,61,0
17,0,HK,0,class,0.2247570013011953,0.437016445426394,B.RF1.CSE1,5,0,1993,1.0,6,5,0
3,1,HK,2,class,0.3366493068449615,0.45286092515750503,B.RF1.CSE1,157,0,1993,0.6815286624203821,6,157,0
21,0,HK,0,class,0.21484641494180529,0.42932356265102384,B.RF1.CSE1,4,0,1993,1.0,6,4,0
16,1,HK,0,class,0.048915909179470224,0.4492054957792416,B.RF1.CSE1,8,0,1993,1.0,6,8,0
22,0,HK,1,class,0.27205158650279104,0.42462429082333475,B.RF1.CSE1,21,0,1993,0.7142857142857143,6,21,0
13,3,HK,0,class,0.5252032741300249,0.43549544448340133,B.RF1.CSE1,160,0,1993,0.3125,6,160,0
all,3,HK,2,old,0.4609198226541742,0.4350251515383585,B.RF1.CSE1,783,0,1993,0.4508301404853129,6,782,0
all,3,HK,1,current,0.49583208385283195,0.43423415041234387,B.RF1.CSE1,181,0,1993,0.35911602209944754,6,181,0
all,1,HK,0,tail,0.13160234468796617,0.4407507768157271,B.RF1.CSE1,24,0,1993,1.0,6,24,0
0,0,HK,0,class,0.1119940475431755,0.1100713642716948,B.RF1.CSE025,7,0,1993,0.5714285714285714,6,7,0
4,0,HK,0,class,0.38710985586322116,0.1100868036915976,B.RF1.CSE025,165,0,1993,0.16363636363636364,6,165,0
12,0,HK,0,class,0.26707421096394884,0.10825310433784391,B.RF1.CSE025,41,0,1993,0.21951219512195122,6,40,0
8,0,HK,0,class,0.600113967172743,0.10803993820126885,B.RF1.CSE025,153,0,1993,0.0196078431372549,6,153,0
2,0,HK,0,class,0.7108321437351012,0.10549236661803636,B.RF1.CSE025,182,0,1993,0.0,6,182,0
11,0,HK,0,class,0.14550438830945517,0.10499108662402117,B.RF1.CSE025,61,0,1993,0.5245901639344263,6,61,0
17,0,HK,0,class,0.2247570013011953,0.1092541113565985,B.RF1.CSE025,5,0,1993,0.4,6,5,0
3,0,HK,0,class,0.3366493068449615,0.11321523128937626,B.RF1.CSE025,157,0,1993,0.17197452229299362,6,157,0
21,0,HK,0,class,0.21484641494180529,0.10733089066275592,B.RF1.CSE025,4,0,1993,0.25,6,4,0
16,0,HK,0,class,0.048915909179470224,0.1123013739448104,B.RF1.CSE025,8,0,1993,1.0,6,8,0
22,0,HK,0,class,0.27205158650279104,0.10615607270583372,B.RF1.CSE025,21,0,1993,0.2857142857142857,6,21,0
13,0,HK,0,class,0.5252032741300249,0.10887386112085033,B.RF1.CSE025,160,0,1993,0.03125,6,160,0
all,0,HK,0,old,0.4609198226541742,0.10875628788458963,B.RF1.CSE025,783,0,1993,0.14431673052362706,6,782,0
all,0,HK,0,current,0.49583208385283195,0.10855853760308597,B.RF1.CSE025,181,0,1993,0.06077348066298342,6,181,0
all,0,HK,0,tail,0.13160234468796617,0.11018769420393178,B.RF1.CSE025,24,0,1993,0.625,6,24,0
0,0,HK,0,class,0.06445467262437618,0.3680281039186451,G.RF2.CSE1,7,0,1993,1.0,6,7,1
4,4,HK,0,class,0.27477691238876445,0.3382862801074444,G.RF2.CSE1,165,0,1993,0.6242424242424243,6,165,1
12,0,HK,0,class,0.22824417429855415,0.36409823182930634,G.RF2.CSE1,41,0,1993,0.8292682926829268,6,41,0
8,0,HK,0,class,0.4846051514318189,0.34989396754063945,G.RF2.CSE1,153,0,1993,0.1895424836601307,6,153,0
2,0,HK,0,class,0.690701350566078,0.351552908130997,G.RF2.CSE1,182,0,1993,0.0,6,182,0
11,4,HK,0,class,0.11586440670815129,0.3652774593530061,G.RF2.CSE1,61,0,1993,0.9836065573770492,6,61,0
17,0,HK,0,class,0.2255090082123104,0.3619974991230309,G.RF2.CSE1,5,0,1993,0.8,6,5,0
3,0,HK,10,class,0.2101604103461386,0.33897379844138026,G.RF2.CSE1,157,0,1993,0.802547770700637,6,157,0
21,0,HK,0,class,0.11156306720437549,0.3551743710341058,G.RF2.CSE1,4,0,1993,1.0,6,4,0
16,0,HK,1,class,0.08308967794066043,0.37794601113664456,G.RF2.CSE1,8,0,1993,0.875,6,8,0
22,0,HK,0,class,0.19280258363863612,0.350174042846124,G.RF2.CSE1,21,0,1993,0.8095238095238095,6,21,0
13,0,HK,0,class,0.44590504029955014,0.356935191190585,G.RF2.CSE1,160,0,1993,0.3125,6,160,0
all,8,HK,11,old,0.3796948229090642,0.3481391203172343,G.RF2.CSE1,783,0,1993,0.4776500638569604,6,783,2
all,0,HK,0,current,0.4165395619024276,0.3561507485649845,G.RF2.CSE1,181,0,1993,0.3701657458563536,6,181,0
all,0,HK,1,tail,0.1120707267406238,0.3679354081781354,G.RF2.CSE1,24,0,1993,0.9166666666666666,6,24,1
0,0,HK,0,class,0.06445467262437618,0.09200702597966129,G.RF2.CSE025,7,0,1993,0.7142857142857143,6,7,1
4,3,HK,0,class,0.27477691238876445,0.0845715700268611,G.RF2.CSE025,165,0,1993,0.18787878787878787,6,165,0
12,0,HK,0,class,0.22824417429855415,0.09102455795732657,G.RF2.CSE025,41,0,1993,0.17073170731707318,6,41,0
8,0,HK,0,class,0.4846051514318189,0.08747349188515986,G.RF2.CSE025,153,0,1993,0.0392156862745098,6,153,0
2,0,HK,0,class,0.690701350566078,0.08788822703274925,G.RF2.CSE025,182,0,1993,0.0,6,182,0
11,0,HK,0,class,0.11586440670815129,0.09131936483825152,G.RF2.CSE025,61,0,1993,0.5409836065573771,6,61,0
17,0,HK,0,class,0.2255090082123104,0.09049937478075773,G.RF2.CSE025,5,0,1993,0.4,6,5,0
3,0,HK,2,class,0.2101604103461386,0.08474344961034506,G.RF2.CSE025,157,0,1993,0.21019108280254778,6,157,0
21,0,HK,0,class,0.11156306720437549,0.08879359275852647,G.RF2.CSE025,4,0,1993,0.5,6,4,0
16,0,HK,0,class,0.08308967794066043,0.09448650278416112,G.RF2.CSE025,8,0,1993,0.875,6,8,0
22,0,HK,0,class,0.19280258363863612,0.087543510711531,G.RF2.CSE025,21,0,1993,0.3333333333333333,6,21,0
13,0,HK,0,class,0.44590504029955014,0.08923379779764624,G.RF2.CSE025,160,0,1993,0.05625,6,160,0
all,3,HK,2,old,0.3796948229090642,0.08703478007930858,G.RF2.CSE025,783,0,1993,0.16091954022988506,6,783,1
all,0,HK,0,current,0.4165395619024276,0.0890376871412461,G.RF2.CSE025,181,0,1993,0.08839779005524862,6,181,0
all,0,HK,0,tail,0.1120707267406238,0.09198385204453385,G.RF2.CSE025,24,0,1993,0.6666666666666666,6,24,1
0,0,HK,0,class,0.11919348008917953,0.4402854570867792,B.RF2.CSE1,7,0,1993,1.0,6,7,0
4,2,HK,0,class,0.3822741888630106,0.4405137818776946,B.RF2.CSE1,165,0,1993,0.5818181818181818,6,165,0
12,0,HK,0,class,0.27044333660255687,0.4325391155991995,B.RF2.CSE1,41,0,1993,0.7804878048780488,6,41,0
8,1,HK,0,class,0.5960273207251371,0.432127663564957,B.RF2.CSE1,153,0,1993,0.20915032679738563,6,153,0
2,0,HK,0,class,0.7086604330477433,0.41997374180627806,B.RF2.CSE1,182,0,1993,0.016483516483516484,6,182,0
11,3,HK,0,class,0.14550857672902237,0.41989714819829665,B.RF2.CSE1,61,0,1993,0.9672131147540983,6,61,0
17,0,HK,0,class,0.2119621414054124,0.43701644542639395,B.RF2.CSE1,5,0,1993,1.0,6,5,0
3,0,HK,4,class,0.33306272328338254,0.4528614689099513,B.RF2.CSE1,157,0,1993,0.6878980891719745,6,157,0
21,0,HK,0,class,0.18874768940321027,0.4293235626510238,B.RF2.CSE1,4,0,1993,1.0,6,4,0
16,0,HK,0,class,0.06444131879083095,0.4492054957792416,B.RF2.CSE1,8,0,1993,1.0,6,8,1
22,0,HK,0,class,0.27277371095133096,0.4242741224183969,B.RF2.CSE1,21,0,1993,0.7619047619047619,6,21,0
13,2,HK,0,class,0.5179230705473928,0.43557923001115384,B.RF2.CSE1,160,0,1993,0.29375,6,160,0
all,6,HK,4,old,0.45806303187776376,0.4345601872108605,B.RF2.CSE1,783,0,1993,0.4521072796934866,6,783,1
all,2,HK,0,current,0.48948032716884426,0.4342675876937621,B.RF2.CSE1,181,0,1993,0.34806629834254144,6,181,0
all,0,HK,0,tail,0.13186193231628365,0.4407507768157271,B.RF2.CSE1,24,0,1993,1.0,6,24,1
0,0,HK,0,class,0.11919348008917953,0.1100713642716948,B.RF2.CSE025,7,0,1993,0.5714285714285714,6,7,0
4,1,HK,0,class,0.3822741888630106,0.11012844546942362,B.RF2.CSE025,165,0,1993,0.16363636363636364,6,165,0
12,0,HK,0,class,0.27044333660255687,0.10813477889979987,B.RF2.CSE025,41,0,1993,0.1951219512195122,6,41,0
8,1,HK,0,class,0.5960273207251371,0.10803191589123926,B.RF2.CSE025,153,0,1993,0.0196078431372549,6,153,0
2,0,HK,0,class,0.7086604330477433,0.10499343545156949,B.RF2.CSE025,182,0,1993,0.0,6,182,0
11,0,HK,0,class,0.14550857672902237,0.10497428704957418,B.RF2.CSE025,61,0,1993,0.47540983606557374,6,61,0
17,0,HK,0,class,0.2119621414054124,0.1092541113565985,B.RF2.CSE025,5,0,1993,0.4,6,5,0
3,0,HK,2,class,0.33306272328338254,0.11321536722748787,B.RF2.CSE025,157,0,1993,0.1910828025477707,6,157,0
21,0,HK,0,class,0.18874768940321027,0.10733089066275595,B.RF2.CSE025,4,0,1993,0.25,6,4,0
16,0,HK,0,class,0.06444131879083095,0.1123013739448104,B.RF2.CSE025,8,0,1993,0.875,6,8,1
22,0,HK,0,class,0.27277371095133096,0.10606853060459927,B.RF2.CSE025,21,0,1993,0.2857142857142857,6,21,0
13,1,HK,0,class,0.5179230705473928,0.10889480750278846,B.RF2.CSE025,160,0,1993,0.03125,6,160,0
all,2,HK,2,old,0.45806303187776376,0.10864004680271512,B.RF2.CSE025,783,0,1993,0.1417624521072797,6,783,1
all,1,HK,0,current,0.48948032716884426,0.10856689692344053,B.RF2.CSE025,181,0,1993,0.06077348066298342,6,181,0
all,0,HK,0,tail,0.13186193231628365,0.11018769420393178,B.RF2.CSE025,24,0,1993,0.5833333333333334,6,24,1
0,0,HK,1,class,0.04876736117004884,0.36912952009493616,G.RF1.CSEperm1,7,0,1993,1.0,6,7,2
4,0,HK,1,class,0.28001272641483305,0.33629902847894394,G.RF1.CSEperm1,165,0,1993,0.6242424242424243,6,165,1
12,0,HK,0,class,0.24170962807096602,0.3664440261052078,G.RF1.CSEperm1,41,0,1993,0.7317073170731707,6,41,1
8,0,HK,0,class,0.4785405576810048,0.34932556827024913,G.RF1.CSEperm1,153,0,1993,0.19607843137254902,6,153,0
2,0,HK,0,class,0.692553040340063,0.3523502185616841,G.RF1.CSEperm1,182,0,1993,0.0,6,182,0
11,3,HK,0,class,0.11878050549217908,0.3655600573046328,G.RF1.CSEperm1,61,0,1993,0.9672131147540983,6,61,0
17,0,HK,0,class,0.2285928264359948,0.35627329680391295,G.RF1.CSEperm1,5,0,1993,0.8,6,5,0
3,1,HK,3,class,0.21236227158593549,0.3379078791044242,G.RF1.CSEperm1,157,0,1993,0.821656050955414,6,157,1
21,0,HK,0,class,0.11284508171190334,0.36910089521769673,G.RF1.CSEperm1,4,0,1993,1.0,6,4,0
16,0,HK,0,class,0.0736181031426142,0.37833094966429415,G.RF1.CSEperm1,8,0,1993,1.0,6,8,0
22,0,HK,0,class,0.2049147122841543,0.35587996705884084,G.RF1.CSEperm1,21,0,1993,0.7619047619047619,6,21,0
13,0,HK,0,class,0.44910530988971287,0.3594224380486728,G.RF1.CSEperm1,160,0,1993,0.31875,6,160,0
all,4,HK,5,old,0.3812065154058951,0.34777410129088165,G.RF1.CSEperm1,783,0,1993,0.4776500638569604,6,783,5
all,0,HK,0,current,0.42077380409017284,0.3590114331272006,G.RF1.CSEperm1,181,0,1993,0.3701657458563536,6,181,0
all,0,HK,1,tail,0.10519420051495176,0.3695135126195524,G.RF1.CSEperm1,24,0,1993,0.9583333333333334,6,24,2
0,1,HK,0,class,0.1119940475431755,0.4246394724862702,B.RF1.CSEperm1,7,0,1993,1.0,6,7,0
4,1,HK,0,class,0.38710985586322116,0.4183542049957153,B.RF1.CSEperm1,165,0,1993,0.5696969696969697,6,165,0
12,1,HK,0,class,0.26707421096394884,0.4266264281640666,B.RF1.CSEperm1,41,0,1993,0.8048780487804879,6,40,0
8,1,HK,1,class,0.600113967172743,0.39790129039493627,B.RF1.CSEperm1,153,0,1993,0.1568627450980392,6,153,0
2,0,HK,0,class,0.7108321437351012,0.4032213202844024,B.RF1.CSEperm1,182,0,1993,0.005494505494505495,6,182,0
11,0,HK,11,class,0.14550438830945517,0.4160135676277404,B.RF1.CSEperm1,61,0,1993,0.9836065573770492,6,61,3
17,0,HK,0,class,0.2247570013011953,0.41595892373234145,B.RF1.CSEperm1,5,0,1993,1.0,6,5,0
3,1,HK,4,class,0.3366493068449615,0.44511216103666507,B.RF1.CSEperm1,157,0,1993,0.6560509554140127,6,157,0
21,0,HK,0,class,0.21484641494180529,0.42928533012012726,B.RF1.CSEperm1,4,0,1993,1.0,6,4,0
16,0,HK,1,class,0.048915909179470224,0.43720499357099807,B.RF1.CSEperm1,8,0,1993,1.0,6,8,1
22,0,HK,0,class,0.27205158650279104,0.4253675131370757,B.RF1.CSEperm1,21,0,1993,0.7142857142857143,6,21,0
13,0,HK,0,class,0.5252032741300249,0.4075851008779379,B.RF1.CSEperm1,160,0,1993,0.275,6,160,0
all,5,HK,17,old,0.4609198226541742,0.41674558646790416,B.RF1.CSEperm1,783,0,1993,0.4329501915708812,6,782,4
all,0,HK,0,current,0.49583208385283195,0.40964825368148433,B.RF1.CSEperm1,181,0,1993,0.3259668508287293,6,181,0
all,1,HK,1,tail,0.13160234468796617,0.42779384146308713,B.RF1.CSEperm1,24,0,1993,1.0,6,24,1
0,0,HK,0,class,0.05465991087978619,0.36802809069493925,G.LIN.CSE1,7,0,1993,1.0,7,7,0
4,5,HK,0,class,0.2820739281167112,0.33746917922864106,G.LIN.CSE1,165,0,1993,0.6181818181818182,7,165,1
12,0,HK,0,class,0.21567535796366832,0.3633698786099147,G.LIN.CSE1,41,0,1993,0.8536585365853658,7,41,1
8,0,HK,0,class,0.4322137378057677,0.34993459865269844,G.LIN.CSE1,153,0,1993,0.2679738562091503,7,153,0
2,0,HK,0,class,0.6763599078967029,0.3523454003220958,G.LIN.CSE1,182,0,1993,0.0,7,182,0
11,3,HK,0,class,0.10712973914888385,0.3656636789428728,G.LIN.CSE1,61,0,1993,1.0,7,61,1
17,0,HK,0,class,0.09926694670964847,0.35936967650015195,G.LIN.CSE1,5,0,1993,1.0,7,5,1
3,0,HK,8,class,0.21487551725022702,0.3385397546461943,G.LIN.CSE1,157,0,1993,0.7961783439490446,7,157,1
21,0,HK,0,class,0.09986747499690123,0.3551743570304015,G.LIN.CSE1,4,0,1993,1.0,7,4,0
16,0,HK,0,class,0.08194253184317433,0.37746724756842354,G.LIN.CSE1,8,0,1993,1.0,7,8,0
22,0,HK,0,class,0.18706035877581564,0.34798478962734025,G.LIN.CSE1,21,0,1993,0.7619047619047619,7,21,0
13,0,HK,2,class,0.43741592733540546,0.35563161869697163,G.LIN.CSE1,160,0,1993,0.31875,7,160,0
18,0,HK,1,class,0.0808899195550632,0.35822225090278675,G.LIN.CSE1,33,0,1993,1.0,7,33,1
14,0,HK,0,class,0.497764470188446,0.3463523127864982,G.LIN.CSE1,60,0,1993,0.26666666666666666,7,60,0
all,8,HK,10,old,0.37420149730914365,0.34930070740965585,G.LIN.CSE1,964,0,1993,0.47199170124481327,7,964,5
all,0,HK,1,current,0.34984124254434235,0.3505642263116328,G.LIN.CSE1,93,0,1993,0.5268817204301075,7,93,1
all,0,HK,0,tail,0.08058184435165605,0.36722835108476365,G.LIN.CSE1,24,0,1993,1.0,7,24,1
0,0,HK,0,class,0.05465991087978619,0.09200702267373483,G.LIN.CSE025,7,0,1993,0.8571428571428571,7,7,0
4,1,HK,0,class,0.2820739281167112,0.08436729480716026,G.LIN.CSE025,165,0,1993,0.18787878787878787,7,165,0
12,0,HK,0,class,0.21567535796366832,0.09084246965247868,G.LIN.CSE025,41,0,1993,0.21951219512195122,7,41,0
8,0,HK,0,class,0.4322137378057677,0.0874836496631746,G.LIN.CSE025,153,0,1993,0.0457516339869281,7,153,0
2,0,HK,0,class,0.6763599078967029,0.08808635008052396,G.LIN.CSE025,182,0,1993,0.0,7,182,0
11,0,HK,0,class,0.10712973914888385,0.09141591973571822,G.LIN.CSE025,61,0,1993,0.6065573770491803,7,61,0
17,0,HK,0,class,0.09926694670964847,0.08984241912503799,G.LIN.CSE025,5,0,1993,0.6,7,5,0
3,0,HK,2,class,0.21487551725022702,0.08463493866154857,G.LIN.CSE025,157,0,1993,0.21019108280254778,7,157,0
21,0,HK,0,class,0.09986747499690123,0.08879358925760039,G.LIN.CSE025,4,0,1993,0.5,7,4,0
16,0,HK,0,class,0.08194253184317433,0.09436681189210588,G.LIN.CSE025,8,0,1993,0.875,7,8,0
22,0,HK,0,class,0.18706035877581564,0.08699619740683506,G.LIN.CSE025,21,0,1993,0.38095238095238093,7,21,0
13,0,HK,1,class,0.43741592733540546,0.08890790467424292,G.LIN.CSE025,160,0,1993,0.05625,7,160,0
18,0,HK,0,class,0.0808899195550632,0.08955556272569669,G.LIN.CSE025,33,0,1993,0.6666666666666666,7,33,0
14,0,HK,0,class,0.497764470188446,0.08658807819662455,G.LIN.CSE025,60,0,1993,0.03333333333333333,7,60,0
all,1,HK,3,old,0.37420149730914365,0.08732517685241396,G.LIN.CSE025,964,0,1993,0.15767634854771784,7,964,0
all,0,HK,0,current,0.34984124254434235,0.08764105657790817,G.LIN.CSE025,93,0,1993,0.25806451612903225,7,93,0
all,0,HK,0,tail,0.08058184435165605,0.09180708777119091,G.LIN.CSE025,24,0,1993,0.75,7,24,0
0,0,HK,0,class,0.04662247252633548,0.36802809069493925,G.RF1.CSE1,7,0,1993,1.0,7,7,1
4,5,HK,0,class,0.25713502925899,0.33722876206651975,G.RF1.CSE1,165,0,1993,0.6666666666666666,7,165,1
12,0,HK,0,class,0.22217677662253627,0.36400474842646974,G.RF1.CSE1,41,0,1993,0.8048780487804879,7,41,1
8,0,HK,0,class,0.42130714175115025,0.3500031882630895,G.RF1.CSE1,153,0,1993,0.27450980392156865,7,153,0
2,0,HK,0,class,0.6638100570902159,0.3514604328512003,G.RF1.CSE1,182,0,1993,0.0,7,182,0
11,4,HK,0,class,0.10902581658623971,0.36557271314370066,G.RF1.CSE1,61,0,1993,0.9836065573770492,7,61,1
17,0,HK,0,class,0.09702534264443395,0.36224833687555547,G.RF1.CSE1,5,0,1993,1.0,7,5,1
3,0,HK,13,class,0.19096299391999155,0.33870727635476966,G.RF1.CSE1,157,0,1993,0.8535031847133758,7,157,0
21,0,HK,0,class,0.09427546212633493,0.3523244398511145,G.RF1.CSE1,4,0,1993,1.0,7,4,0
16,0,HK,1,class,0.06594528472996677,0.3783548255130315,G.RF1.CSE1,8,0,1993,1.0,7,8,0
22,0,HK,0,class,0.17922165926774086,0.3483604215240891,G.RF1.CSE1,21,0,1993,0.8095238095238095,7,21,0
13,0,HK,0,class,0.41787071467526815,0.3562548399768043,G.RF1.CSE1,160,0,1993,0.3625,7,160,0
18,1,HK,0,class,0.07097909133637115,0.35788196303355974,G.RF1.CSE1,33,0,1993,1.0,7,32,0
14,0,HK,0,class,0.47501916937723837,0.3460241134188509,G.RF1.CSE1,60,0,1993,0.3,7,60,0
all,9,HK,14,old,0.35869381010862966,0.34927398633832196,G.RF1.CSE1,964,0,1993,0.495850622406639,7,964,5
all,1,HK,0,current,0.33165010942725326,0.35023173747568304,G.RF1.CSE1,93,0,1993,0.5483870967741935,7,92,0
all,0,HK,1,tail,0.07150617280214967,0.3676489451146276,G.RF1.CSE1,24,0,1993,1.0,7,24,2
0,0,HK,0,class,0.04662247252633548,0.09200702267373483,G.RF1.CSE025,7,0,1993,0.7142857142857143,7,7,0
4,2,HK,0,class,0.25713502925899,0.08430719051662994,G.RF1.CSE025,165,0,1993,0.1696969696969697,7,165,1
12,0,HK,0,class,0.22217677662253627,0.09100118710661743,G.RF1.CSE025,41,0,1993,0.17073170731707318,7,41,0
8,0,HK,0,class,0.42130714175115025,0.08750079706577238,G.RF1.CSE025,153,0,1993,0.058823529411764705,7,153,0
2,0,HK,0,class,0.6638100570902159,0.08786510821280008,G.RF1.CSE025,182,0,1993,0.0,7,182,0
11,1,HK,0,class,0.10902581658623971,0.09139317828592516,G.RF1.CSE025,61,0,1993,0.6065573770491803,7,61,0
17,0,HK,0,class,0.09702534264443395,0.09056208421888887,G.RF1.CSE025,5,0,1993,0.6,7,5,1
3,0,HK,4,class,0.19096299391999155,0.08467681908869241,G.RF1.CSE025,157,0,1993,0.21656050955414013,7,157,0
21,0,HK,0,class,0.09427546212633493,0.08808110996277863,G.RF1.CSE025,4,0,1993,0.5,7,4,0
16,0,HK,0,class,0.06594528472996677,0.09458870637825786,G.RF1.CSE025,8,0,1993,0.875,7,8,0
22,0,HK,0,class,0.17922165926774086,0.08709010538102227,G.RF1.CSE025,21,0,1993,0.2857142857142857,7,21,0
13,0,HK,0,class,0.41787071467526815,0.08906370999420107,G.RF1.CSE025,160,0,1993,0.0625,7,160,0
18,0,HK,0,class,0.07097909133637115,0.08947049075838993,G.RF1.CSE025,33,0,1993,0.6666666666666666,7,32,0
14,0,HK,0,class,0.47501916937723837,0.08650602835471274,G.RF1.CSE025,60,0,1993,0.03333333333333333,7,60,0
all,3,HK,4,old,0.35869381010862966,0.08731849658458049,G.RF1.CSE025,964,0,1993,0.15352697095435686,7,964,2
all,0,HK,0,current,0.33165010942725326,0.08755793436892076,G.RF1.CSE025,93,0,1993,0.25806451612903225,7,92,0
all,0,HK,0,tail,0.07150617280214967,0.0919122362786569,G.RF1.CSE025,24,0,1993,0.7083333333333334,7,24,1
0,0,HK,0,class,0.08526678245785324,0.44028545708677924,B.LIN.CSE1,7,0,1993,1.0,7,7,0
4,1,HK,0,class,0.3036556068641285,0.44049213448235586,B.LIN.CSE1,165,0,1993,0.703030303030303,7,165,0
12,0,HK,1,class,0.19221098966987085,0.43315988978344017,B.LIN.CSE1,41,0,1993,0.9512195121951219,7,40,0
8,0,HK,0,class,0.45736507414079614,0.43189297780957553,B.LIN.CSE1,153,0,1993,0.41830065359477125,7,153,0
2,0,HK,0,class,0.6075583998848235,0.41947521719751923,B.LIN.CSE1,182,0,1993,0.06043956043956044,7,182,0
11,4,HK,0,class,0.09631668163472562,0.4217347240886707,B.LIN.CSE1,61,0,1993,1.0,7,61,0
17,1,HK,1,class,0.0752256219087026,0.437016445426394,B.LIN.CSE1,5,0,1993,1.0,7,5,0
3,1,HK,5,class,0.24826197348225648,0.453130641389544,B.LIN.CSE1,157,0,1993,0.9044585987261147,7,157,0
21,0,HK,0,class,0.11530863699482514,0.4293416326100039,B.LIN.CSE1,4,0,1993,1.0,7,4,0
16,0,HK,0,class,0.04831441289078708,0.4492054957792416,B.LIN.CSE1,8,0,1993,1.0,7,8,0
22,0,HK,0,class,0.19496995129729064,0.42512962452751957,B.LIN.CSE1,21,0,1993,0.9047619047619048,7,21,0
13,1,HK,0,class,0.42598341649708155,0.43616704652622945,B.LIN.CSE1,160,0,1993,0.48125,7,160,0
18,0,HK,0,class,0.08968407839762414,0.4281203466027398,B.LIN.CSE1,33,0,1993,1.0,7,33,2
14,0,HK,0,class,0.5032165033648017,0.4462566856427957,B.LIN.CSE1,60,0,1993,0.4666666666666667,7,60,0
all,8,HK,7,old,0.3708103934675191,0.4346729690412642,B.LIN.CSE1,964,0,1993,0.5736514522821576,7,963,0
all,0,HK,0,current,0.3564791912796742,0.43982121049955003,B.LIN.CSE1,93,0,1993,0.6559139784946236,7,93,2
all,1,HK,1,tail,0.07586439324392012,0.44075378847555724,B.LIN.CSE1,24,0,1993,1.0,7,24,0
0,0,HK,0,class,0.08526678245785324,0.1100713642716948,B.LIN.CSE025,7,0,1993,0.5714285714285714,7,7,0
4,1,HK,0,class,0.3036556068641285,0.11012303362058895,B.LIN.CSE025,165,0,1993,0.18787878787878787,7,165,0
12,0,HK,0,class,0.19221098966987085,0.10828997244586004,B.LIN.CSE025,41,0,1993,0.34146341463414637,7,40,0
8,0,HK,0,class,0.45736507414079614,0.10797324445239388,B.LIN.CSE025,153,0,1993,0.0392156862745098,7,153,0
2,0,HK,0,class,0.6075583998848235,0.10486880429937981,B.LIN.CSE025,182,0,1993,0.0,7,182,0
11,1,HK,0,class,0.09631668163472562,0.10543368102216767,B.LIN.CSE025,61,0,1993,0.6229508196721312,7,61,0
17,1,HK,0,class,0.0752256219087026,0.1092541113565985,B.LIN.CSE025,5,0,1993,0.8,7,5,0
3,0,HK,1,class,0.24826197348225648,0.113282660347386,B.LIN.CSE025,157,0,1993,0.21656050955414013,7,157,0
21,0,HK,0,class,0.11530863699482514,0.107335408152501,B.LIN.CSE025,4,0,1993,0.25,7,4,0
16,0,HK,0,class,0.04831441289078708,0.1123013739448104,B.LIN.CSE025,8,0,1993,1.0,7,8,0
22,0,HK,0,class,0.19496995129729064,0.10628240613187992,B.LIN.CSE025,21,0,1993,0.3333333333333333,7,21,0
13,0,HK,0,class,0.42598341649708155,0.10904176163155736,B.LIN.CSE025,160,0,1993,0.05,7,160,0
18,0,HK,0,class,0.08968407839762414,0.10703008665068495,B.LIN.CSE025,33,0,1993,0.7272727272727273,7,33,1
14,0,HK,0,class,0.5032165033648017,0.11156417141069892,B.LIN.CSE025,60,0,1993,0.016666666666666666,7,60,0
all,3,HK,1,old,0.3708103934675191,0.10866824226031604,B.LIN.CSE025,964,0,1993,0.1607883817427386,7,963,0
all,0,HK,0,current,0.3564791912796742,0.10995530262488752,B.LIN.CSE025,93,0,1993,0.26881720430107525,7,93,1
all,1,HK,0,tail,0.07586439324392012,0.11018844711888931,B.LIN.CSE025,24,0,1993,0.7083333333333334,7,24,0
0,0,HK,0,class,0.10156647110699764,0.4402854570867792,B.RF1.CSE1,7,0,1993,1.0,7,7,0
4,0,HK,0,class,0.36454057002271334,0.4403815208376846,B.RF1.CSE1,165,0,1993,0.6121212121212121,7,165,0
12,0,HK,0,class,0.249623986734069,0.43315988978344017,B.RF1.CSE1,41,0,1993,0.8536585365853658,7,40,0
8,0,HK,0,class,0.5408441443102906,0.4319139140597047,B.RF1.CSE1,153,0,1993,0.26143790849673204,7,153,0
2,0,HK,0,class,0.6830476496096257,0.42038914701570945,B.RF1.CSE1,182,0,1993,0.016483516483516484,7,182,0
11,3,HK,1,class,0.13310779413377974,0.4219529189366745,B.RF1.CSE1,61,0,1993,0.9836065573770492,7,61,0
17,0,HK,0,class,0.08633958988996546,0.4305199576083482,B.RF1.CSE1,5,0,1993,1.0,7,5,0
3,1,HK,3,class,0.31103340259629847,0.453130641389544,B.RF1.CSE1,157,0,1993,0.7515923566878981,7,157,0
21,0,HK,0,class,0.16758834061345096,0.4293416326100039,B.RF1.CSE1,4,0,1993,1.0,7,4,0
16,1,HK,0,class,0.046604958489590384,0.4492054957792416,B.RF1.CSE1,8,0,1993,1.0,7,8,0
22,0,HK,0,class,0.2429905118030337,0.42523397186142503,B.RF1.CSE1,21,0,1993,0.7619047619047619,7,21,0
13,2,HK,1,class,0.49125477639128673,0.4361046137179061,B.RF1.CSE1,160,0,1993,0.36875,7,160,0
18,1,HK,0,class,0.11620515120769463,0.427751214589952,B.RF1.CSE1,33,0,1993,1.0,7,33,1
14,0,HK,0,class,0.5536505822381499,0.44625668564279575,B.RF1.CSE1,60,0,1993,0.38333333333333336,7,60,0
all,7,HK,5,old,0.4359842787511299,0.43480192828724745,B.RF1.CSE1,964,0,1993,0.4730290456431535,7,963,0
all,1,HK,0,current,0.39842800993702066,0.4396902281724318,B.RF1.CSE1,93,0,1993,0.6021505376344086,7,93,1
all,1,HK,0,tail,0.09107734489872239,0.4394003535134643,B.RF1.CSE1,24,0,1993,1.0,7,24,0
0,0,HK,0,class,0.10156647110699764,0.1100713642716948,B.RF1.CSE025,7,0,1993,0.5714285714285714,7,7,0
4,0,HK,0,class,0.36454057002271334,0.11009538020942113,B.RF1.CSE025,165,0,1993,0.1696969696969697,7,165,0
12,0,HK,0,class,0.249623986734069,0.10828997244586004,B.RF1.CSE025,41,0,1993,0.2682926829268293,7,40,0
8,0,HK,0,class,0.5408441443102906,0.10797847851492617,B.RF1.CSE025,153,0,1993,0.0457516339869281,7,153,0
2,0,HK,0,class,0.6830476496096257,0.10509728675392739,B.RF1.CSE025,182,0,1993,0.0,7,182,0
11,1,HK,0,class,0.13310779413377974,0.10548822973416863,B.RF1.CSE025,61,0,1993,0.5409836065573771,7,61,0
17,0,HK,0,class,0.08633958988996546,0.10762998940208705,B.RF1.CSE025,5,0,1993,0.8,7,5,0
3,0,HK,2,class,0.31103340259629847,0.113282660347386,B.RF1.CSE025,157,0,1993,0.17197452229299362,7,157,0
21,0,HK,0,class,0.16758834061345096,0.10733540815250098,B.RF1.CSE025,4,0,1993,0.25,7,4,0
16,0,HK,0,class,0.046604958489590384,0.1123013739448104,B.RF1.CSE025,8,0,1993,1.0,7,8,0
22,0,HK,0,class,0.2429905118030337,0.10630849296535623,B.RF1.CSE025,21,0,1993,0.2857142857142857,7,21,0
13,0,HK,0,class,0.49125477639128673,0.10902615342947652,B.RF1.CSE025,160,0,1993,0.04375,7,160,0
18,0,HK,0,class,0.11620515120769463,0.10693780364748802,B.RF1.CSE025,33,0,1993,0.5454545454545454,7,33,0
14,0,HK,0,class,0.5536505822381499,0.11156417141069892,B.RF1.CSE025,60,0,1993,0.0,7,60,0
all,1,HK,2,old,0.4359842787511299,0.10870048207181186,B.RF1.CSE025,964,0,1993,0.14107883817427386,7,963,0
all,0,HK,0,current,0.39842800993702066,0.10992255704310795,B.RF1.CSE025,93,0,1993,0.1935483870967742,7,93,0
all,0,HK,0,tail,0.09107734489872239,0.10985008837836607,B.RF1.CSE025,24,0,1993,0.7083333333333334,7,24,0
0,0,HK,0,class,0.060210155773979826,0.36802809069493925,G.RF2.CSE1,7,0,1993,1.0,7,7,1
4,6,HK,0,class,0.2529358347941755,0.3377988104893009,G.RF2.CSE1,165,0,1993,0.6606060606060606,7,165,1
12,0,HK,0,class,0.20975110447166817,0.36376430287101,G.RF2.CSE1,41,0,1993,0.8780487804878049,7,41,0
8,0,HK,0,class,0.4288315041411503,0.3498022190529976,G.RF2.CSE1,153,0,1993,0.27450980392156865,7,153,0
2,0,HK,0,class,0.661045829046694,0.3524823418063766,G.RF2.CSE1,182,0,1993,0.0,7,182,0
11,4,HK,0,class,0.10649020129284358,0.36575218570936346,G.RF2.CSE1,61,0,1993,1.0,7,61,0
17,0,HK,0,class,0.09651761349177704,0.36224833687555547,G.RF2.CSE1,5,0,1993,1.0,7,5,1
3,0,HK,11,class,0.18834142588339203,0.3386362044770292,G.RF2.CSE1,157,0,1993,0.8407643312101911,7,157,0
21,0,HK,0,class,0.10326233333274289,0.3524420926806896,G.RF2.CSE1,4,0,1993,1.0,7,4,0
16,0,HK,1,class,0.07684935138107864,0.37746724756842354,G.RF2.CSE1,8,0,1993,1.0,7,8,0
22,0,HK,0,class,0.16993799522046024,0.34861814588204215,G.RF2.CSE1,21,0,1993,0.9047619047619048,7,21,0
13,0,HK,0,class,0.4134747514856062,0.3563357905651527,G.RF2.CSE1,160,0,1993,0.34375,7,160,1
18,0,HK,1,class,0.07549181743530535,0.35791016294934913,G.RF2.CSE1,33,0,1993,1.0,7,33,2
14,0,HK,0,class,0.4680367359884025,0.34623370671692816,G.RF2.CSE1,60,0,1993,0.31666666666666665,7,60,0
all,10,HK,12,old,0.3568234819778119,0.34953432108707444,G.RF2.CSE1,964,0,1993,0.495850622406639,7,964,4
all,0,HK,1,current,0.32874660359859387,0.35037696538004526,G.RF2.CSE1,93,0,1993,0.5591397849462365,7,93,2
all,0,HK,1,tail,0.08049597092734768,0.3673726946046874,G.RF2.CSE1,24,0,1993,1.0,7,24,2
0,0,HK,0,class,0.060210155773979826,0.09200702267373481,G.RF2.CSE025,7,0,1993,0.8571428571428571,7,7,1
4,5,HK,0,class,0.2529358347941755,0.08444970262232522,G.RF2.CSE025,165,0,1993,0.19393939393939394,7,165,1
12,0,HK,0,class,0.20975110447166817,0.09094107571775252,G.RF2.CSE025,41,0,1993,0.17073170731707318,7,41,0
8,0,HK,0,class,0.4288315041411503,0.0874505547632494,G.RF2.CSE025,153,0,1993,0.0457516339869281,7,153,0
2,0,HK,0,class,0.661045829046694,0.08812058545159412,G.RF2.CSE025,182,0,1993,0.0,7,182,0
11,0,HK,0,class,0.10649020129284358,0.09143804642734087,G.RF2.CSE025,61,0,1993,0.5573770491803278,7,61,0
17,0,HK,0,class,0.09651761349177704,0.09056208421888887,G.RF2.CSE025,5,0,1993,0.6,7,5,0
3,0,HK,2,class,0.18834142588339203,0.0846590511192573,G.RF2.CSE025,157,0,1993,0.2611464968152866,7,157,0
21,0,HK,0,class,0.10326233333274289,0.0881105231701724,G.RF2.CSE025,4,0,1993,0.25,7,4,0
16,0,HK,0,class,0.07684935138107864,0.0943668118921059,G.RF2.CSE025,8,0,1993,0.875,7,8,0
22,0,HK,0,class,0.16993799522046024,0.08715453647051054,G.RF2.CSE025,21,0,1993,0.3333333333333333,7,21,0
13,0,HK,0,class,0.4134747514856062,0.08908394764128816,G.RF2.CSE025,160,0,1993,0.05,7,160,0
18,0,HK,0,class,0.07549181743530535,0.08947754073733728,G.RF2.CSE025,33,0,1993,0.6666666666666666,7,33,0
14,0,HK,0,class,0.4680367359884025,0.08655842667923204,G.RF2.CSE025,60,0,1993,0.03333333333333333,7,60,0
all,5,HK,2,old,0.3568234819778119,0.08738358027176861,G.RF2.CSE025,964,0,1993,0.15871369294605808,7,964,2
all,0,HK,0,current,0.32874660359859387,0.08759424134501131,G.RF2.CSE025,93,0,1993,0.25806451612903225,7,93,0
all,0,HK,0,tail,0.08049597092734768,0.09184317365117188,G.RF2.CSE025,24,0,1993,0.7083333333333334,7,24,1
0,0,HK,0,class,0.11088179859373108,0.4402854570867792,B.RF2.CSE1,7,0,1993,1.0,7,7,0
4,3,HK,0,class,0.3591191253679328,0.44060776222439646,B.RF2.CSE1,165,0,1993,0.6242424242424243,7,165,0
12,1,HK,0,class,0.25135988485891025,0.4327777929532918,B.RF2.CSE1,41,0,1993,0.8048780487804879,7,41,0
8,0,HK,0,class,0.5388440157710582,0.43191504134345626,B.RF2.CSE1,153,0,1993,0.28104575163398693,7,153,0
2,0,HK,0,class,0.6806140465709191,0.4193738574793962,B.RF2.CSE1,182,0,1993,0.02197802197802198,7,182,0
11,2,HK,0,class,0.13425972781343073,0.422032346802822,B.RF2.CSE1,61,0,1993,0.9836065573770492,7,61,0
17,0,HK,1,class,0.09317908775299191,0.437016445426394,B.RF2.CSE1,5,0,1993,1.0,7,5,0
3,1,HK,4,class,0.3074133093598873,0.453130641389544,B.RF2.CSE1,157,0,1993,0.7770700636942676,7,157,0
21,0,HK,0,class,0.14533760897983394,0.4293416326100039,B.RF2.CSE1,4,0,1993,1.0,7,4,0
16,0,HK,0,class,0.061520725797576226,0.4492054957792416,B.RF2.CSE1,8,0,1993,1.0,7,8,0
22,0,HK,0,class,0.23730410530162888,0.42512962452751957,B.RF2.CSE1,21,0,1993,0.7619047619047619,7,21,0
13,1,HK,0,class,0.4826716358048745,0.4359878853952967,B.RF2.CSE1,160,0,1993,0.35,7,160,0
18,0,HK,1,class,0.11763012553346891,0.4290110250044823,B.RF2.CSE1,33,0,1993,1.0,7,32,1
14,0,HK,0,class,0.5588503184646832,0.4462566856427957,B.RF2.CSE1,60,0,1993,0.35,7,60,0
all,8,HK,5,old,0.432422683642386,0.434649971182343,B.RF2.CSE1,964,0,1993,0.4782157676348548,7,964,0
all,0,HK,1,current,0.40228831452134917,0.44013725767436196,B.RF2.CSE1,93,0,1993,0.5806451612903226,7,92,1
all,0,HK,1,tail,0.09648267796754262,0.44075378847555724,B.RF2.CSE1,24,0,1993,1.0,7,24,0
0,0,HK,0,class,0.11088179859373108,0.1100713642716948,B.RF2.CSE025,7,0,1993,0.5714285714285714,7,7,0
4,1,HK,0,class,0.3591191253679328,0.11015194055609911,B.RF2.CSE025,165,0,1993,0.17575757575757575,7,165,0
12,0,HK,0,class,0.25135988485891025,0.10819444823832296,B.RF2.CSE025,41,0,1993,0.21951219512195122,7,41,0
8,0,HK,0,class,0.5388440157710582,0.10797876033586407,B.RF2.CSE025,153,0,1993,0.032679738562091505,7,153,0
2,0,HK,0,class,0.6806140465709191,0.10484346436984902,B.RF2.CSE025,182,0,1993,0.0,7,182,0
11,0,HK,0,class,0.13425972781343073,0.10550808670070554,B.RF2.CSE025,61,0,1993,0.5573770491803278,7,61,0
17,0,HK,0,class,0.09317908775299191,0.1092541113565985,B.RF2.CSE025,5,0,1993,0.6,7,5,0
3,0,HK,0,class,0.3074133093598873,0.113282660347386,B.RF2.CSE025,157,0,1993,0.21656050955414013,7,157,0
21,0,HK,0,class,0.14533760897983394,0.10733540815250098,B.RF2.CSE025,4,0,1993,0.25,7,4,0
16,0,HK,0,class,0.061520725797576226,0.1123013739448104,B.RF2.CSE025,8,0,1993,0.875,7,8,0
22,0,HK,0,class,0.23730410530162888,0.10628240613187989,B.RF2.CSE025,21,0,1993,0.38095238095238093,7,21,0
13,1,HK,0,class,0.4826716358048745,0.10899697134882418,B.RF2.CSE025,160,0,1993,0.05,7,160,0
18,0,HK,0,class,0.11763012553346891,0.10725275625112057,B.RF2.CSE025,33,0,1993,0.5151515151515151,7,32,0
14,0,HK,0,class,0.5588503184646832,0.11156417141069892,B.RF2.CSE025,60,0,1993,0.016666666666666666,7,60,0
all,2,HK,0,old,0.432422683642386,0.10866249279558574,B.RF2.CSE025,964,0,1993,0.14730290456431536,7,964,0
all,0,HK,0,current,0.40228831452134917,0.11003431441859048,B.RF2.CSE025,93,0,1993,0.1935483870967742,7,92,0
all,0,HK,0,tail,0.09648267796754262,0.11018844711888931,B.RF2.CSE025,24,0,1993,0.625,7,24,0
0,0,HK,2,class,0.04662247252633548,0.36956458628511546,G.RF1.CSEperm1,7,0,1993,1.0,7,7,1
4,0,HK,1,class,0.25713502925899,0.3337051095968819,G.RF1.CSEperm1,165,0,1993,0.6545454545454545,7,165,2
12,0,HK,0,class,0.22217677662253627,0.3664928152167801,G.RF1.CSEperm1,41,0,1993,0.8048780487804879,7,41,0
8,0,HK,3,class,0.42130714175115025,0.3500297040135929,G.RF1.CSEperm1,153,0,1993,0.27450980392156865,7,153,0
2,0,HK,0,class,0.6638100570902159,0.35246568633033865,G.RF1.CSEperm1,182,0,1993,0.0,7,182,0
11,2,HK,0,class,0.10902581658623971,0.36619241993794105,G.RF1.CSEperm1,61,0,1993,0.9836065573770492,7,61,1
17,0,HK,0,class,0.09702534264443395,0.3602227650653954,G.RF1.CSEperm1,5,0,1993,1.0,7,5,1
3,3,HK,3,class,0.19096299391999155,0.33721055012639806,G.RF1.CSEperm1,157,0,1993,0.8535031847133758,7,157,0
21,0,HK,0,class,0.09427546212633493,0.36910089394710516,G.RF1.CSEperm1,4,0,1993,1.0,7,4,0
16,1,HK,0,class,0.06594528472996677,0.3801421646030983,G.RF1.CSEperm1,8,0,1993,1.0,7,8,0
22,0,HK,0,class,0.17922165926774086,0.35357681743404107,G.RF1.CSEperm1,21,0,1993,0.9047619047619048,7,21,0
13,1,HK,0,class,0.41787071467526815,0.3589378682335963,G.RF1.CSEperm1,160,0,1993,0.38125,7,160,0
18,1,HK,1,class,0.07097909133637115,0.3614703155907426,G.RF1.CSEperm1,33,0,1993,1.0,7,32,1
14,0,HK,0,class,0.47501916937723837,0.3438365667641669,G.RF1.CSEperm1,60,0,1993,0.3,7,60,0
all,7,HK,9,old,0.35869381010862966,0.3494101877853319,G.RF1.CSEperm1,964,0,1993,0.49896265560165975,7,964,5
all,1,HK,1,current,0.33165010942725326,0.3500937034445647,G.RF1.CSEperm1,93,0,1993,0.5483870967741935,7,92,1
all,1,HK,2,tail,0.07150617280214967,0.37106695091399966,G.RF1.CSEperm1,24,0,1993,1.0,7,24,2
0,0,HK,0,class,0.10156647110699764,0.42463947248627015,B.RF1.CSEperm1,7,0,1993,1.0,7,7,1
4,2,HK,0,class,0.36454057002271334,0.4179050328022253,B.RF1.CSEperm1,165,0,1993,0.5818181818181818,7,165,0
12,1,HK,0,class,0.249623986734069,0.4280352450739934,B.RF1.CSEperm1,41,0,1993,0.8536585365853658,7,40,0
8,0,HK,2,class,0.5408441443102906,0.38985951265766433,B.RF1.CSEperm1,153,0,1993,0.2222222222222222,7,153,1
2,0,HK,0,class,0.6830476496096257,0.3982113836648928,B.RF1.CSEperm1,182,0,1993,0.01098901098901099,7,182,0
11,0,HK,16,class,0.13310779413377974,0.41916441107606406,B.RF1.CSEperm1,61,0,1993,0.9836065573770492,7,61,1
17,0,HK,1,class,0.08633958988996546,0.4201343560430124,B.RF1.CSEperm1,5,0,1993,1.0,7,5,0
3,0,HK,9,class,0.31103340259629847,0.44600196303509165,B.RF1.CSEperm1,157,0,1993,0.732484076433121,7,157,1
21,0,HK,0,class,0.16758834061345096,0.4293416326100039,B.RF1.CSEperm1,4,0,1993,1.0,7,4,0
16,0,HK,0,class,0.046604958489590384,0.43756011718401305,B.RF1.CSEperm1,8,0,1993,1.0,7,8,1
22,0,HK,0,class,0.2429905118030337,0.42559875484462345,B.RF1.CSEperm1,21,0,1993,0.7619047619047619,7,21,0
13,0,HK,1,class,0.49125477639128673,0.40310456584536014,B.RF1.CSEperm1,160,0,1993,0.325,7,160,1
18,2,HK,0,class,0.11620515120769463,0.41712890681613946,B.RF1.CSEperm1,33,0,1993,1.0,7,33,0
14,0,HK,0,class,0.5536505822381499,0.4151381552319439,B.RF1.CSEperm1,60,0,1993,0.38333333333333336,7,60,0
all,3,HK,29,old,0.4359842787511299,0.4128043464094493,B.RF1.CSEperm1,964,0,1993,0.45020746887966806,7,963,6
all,2,HK,0,current,0.39842800993702066,0.4158445509553682,B.RF1.CSEperm1,93,0,1993,0.6021505376344086,7,93,0
all,0,HK,1,tail,0.09107734489872239,0.42879148148046137,B.RF1.CSEperm1,24,0,1993,1.0,7,24,2
0,0,HK,0,class,0.04902683121720298,0.36802810835965427,G.LIN.CSE1,7,0,1993,1.0,8,7,0
4,5,HK,0,class,0.26524283008562277,0.33712616671250467,G.LIN.CSE1,165,0,1993,0.6484848484848484,8,165,2
12,1,HK,0,class,0.19864847136049635,0.363746618617577,G.LIN.CSE1,41,0,1993,0.9024390243902439,8,41,1
8,0,HK,1,class,0.39880494004296013,0.3502517784695827,G.LIN.CSE1,153,0,1993,0.3202614379084967,8,153,0
2,0,HK,0,class,0.6584574241160959,0.35222918689625926,G.LIN.CSE1,182,0,1993,0.0,8,182,0
11,4,HK,0,class,0.08546365661578016,0.36535979645536953,G.LIN.CSE1,61,0,1993,1.0,8,61,0
17,0,HK,0,class,0.09854960608719723,0.3593696427854084,G.LIN.CSE1,5,0,1993,1.0,8,5,0
3,0,HK,14,class,0.1982329774573804,0.33831839191917157,G.LIN.CSE1,157,0,1993,0.821656050955414,8,157,0
21,0,HK,0,class,0.08818247755113538,0.3524420597013482,G.LIN.CSE1,4,0,1993,1.0,8,4,0
16,0,HK,0,class,0.0766705020300188,0.37746726947090353,G.LIN.CSE1,8,0,1993,1.0,8,8,0
22,0,HK,0,class,0.17489200048446465,0.34763923419058357,G.LIN.CSE1,21,0,1993,0.8095238095238095,8,21,0
13,0,HK,0,class,0.4092086188515334,0.35445461737040185,G.LIN.CSE1,160,0,1993,0.36875,8,160,0
18,0,HK,0,class,0.06995640515534206,0.3565082399940543,G.LIN.CSE1,33,0,1993,1.0,8,31,1
14,0,HK,0,class,0.48146337091602115,0.3461837984461374,G.LIN.CSE1,60,0,1993,0.2833333333333333,8,60,0
9,0,HK,0,class,0.5328117055343594,0.350264781964612,G.LIN.CSE1,164,0,1993,0.17073170731707318,8,164,0
19,0,HK,0,class,0.0469421518200165,0.33579798909569347,G.LIN.CSE1,2,0,1993,1.0,8,1,0
all,10,HK,15,old,0.35122651489771956,0.3490899829685833,G.LIN.CSE1,1057,0,1993,0.5042573320719016,8,1055,4
all,0,HK,0,current,0.5269578554896083,0.35009048325534786,G.LIN.CSE1,166,0,1993,0.18072289156626506,8,165,0
all,0,HK,0,tail,0.07291977227081277,0.3643902825080242,G.LIN.CSE1,26,0,1993,1.0,8,25,0
0,0,HK,0,class,0.04902683121720298,0.09200702708991353,G.LIN.CSE025,7,0,1993,0.8571428571428571,8,7,0
4,1,HK,0,class,0.26524283008562277,0.08428154167812617,G.LIN.CSE025,165,0,1993,0.19393939393939394,8,165,1
12,0,HK,0,class,0.19864847136049635,0.09093665465439425,G.LIN.CSE025,41,0,1993,0.21951219512195122,8,41,1
8,0,HK,0,class,0.39880494004296013,0.08756294461739568,G.LIN.CSE025,153,0,1993,0.06535947712418301,8,153,0
2,0,HK,0,class,0.6584574241160959,0.08805729672406482,G.LIN.CSE025,182,0,1993,0.0,8,182,0
11,1,HK,0,class,0.08546365661578016,0.09133994911384241,G.LIN.CSE025,61,0,1993,0.6557377049180327,8,61,0
17,0,HK,0,class,0.09854960608719723,0.08984241069635208,G.LIN.CSE025,5,0,1993,0.6,8,5,0
3,0,HK,5,class,0.1982329774573804,0.08457959797979289,G.LIN.CSE025,157,0,1993,0.24203821656050956,8,157,0
21,0,HK,0,class,0.08818247755113538,0.08811051492533704,G.LIN.CSE025,4,0,1993,0.5,8,4,0
16,0,HK,0,class,0.0766705020300188,0.0943668173677259,G.LIN.CSE025,8,0,1993,0.875,8,8,0
22,0,HK,0,class,0.17489200048446465,0.08690980854764589,G.LIN.CSE025,21,0,1993,0.38095238095238093,8,21,0
13,0,HK,0,class,0.4092086188515334,0.08861365434260046,G.LIN.CSE025,160,0,1993,0.0625,8,160,0
18,0,HK,0,class,0.06995640515534206,0.08912705999851357,G.LIN.CSE025,33,0,1993,0.6666666666666666,8,31,0
14,0,HK,0,class,0.48146337091602115,0.08654594961153436,G.LIN.CSE025,60,0,1993,0.03333333333333333,8,60,0
9,0,HK,0,class,0.5328117055343594,0.08756619549115299,G.LIN.CSE025,164,0,1993,0.018292682926829267,8,164,0
19,0,HK,0,class,0.0469421518200165,0.08394949727392337,G.LIN.CSE025,2,0,1993,1.0,8,1,0
all,2,HK,5,old,0.35122651489771956,0.08727249574214582,G.LIN.CSE025,1057,0,1993,0.17880794701986755,8,1055,2
all,0,HK,0,current,0.5269578554896083,0.08752262081383697,G.LIN.CSE025,166,0,1993,0.030120481927710843,8,165,0
all,0,HK,0,tail,0.07291977227081277,0.09109757062700605,G.LIN.CSE025,26,0,1993,0.7692307692307693,8,25,0
0,0,HK,0,class,0.04244128879671549,0.36802810835965427,G.RF1.CSE1,7,0,1993,1.0,8,7,1
4,5,HK,0,class,0.24105362811319736,0.33691150088363436,G.RF1.CSE1,165,0,1993,0.7212121212121212,8,165,0
12,0,HK,0,class,0.20653038473080607,0.36438091537641853,G.RF1.CSE1,41,0,1993,0.8536585365853658,8,41,0
8,1,HK,0,class,0.389365729516016,0.35014416248083774,G.RF1.CSE1,153,0,1993,0.3333333333333333,8,153,0
2,0,HK,0,class,0.6448870161041668,0.35184069601641715,G.RF1.CSE1,182,0,1993,0.0,8,182,0
11,6,HK,0,class,0.08557034621916565,0.3654176198552879,G.RF1.CSE1,61,0,1993,1.0,8,61,0
17,1,HK,0,class,0.09609798191470498,0.36131062506974415,G.RF1.CSE1,5,0,1993,1.0,8,5,0
3,0,HK,10,class,0.1753037658941863,0.3387705241920114,G.RF1.CSE1,157,0,1993,0.8980891719745223,8,157,0
21,0,HK,0,class,0.08662718897533708,0.35526142998959576,G.RF1.CSE1,4,0,1993,1.0,8,4,0
16,1,HK,1,class,0.06245797604874883,0.378354853427907,G.RF1.CSE1,8,0,1993,1.0,8,8,0
22,0,HK,0,class,0.16318040253260038,0.34858137444423076,G.RF1.CSE1,21,0,1993,0.9047619047619048,8,21,0
13,0,HK,1,class,0.3872957805244073,0.35447836476954925,G.RF1.CSE1,160,0,1993,0.43125,8,160,0
18,0,HK,1,class,0.06141884283147496,0.35628298310099443,G.RF1.CSE1,33,0,1993,1.0,8,29,1
14,0,HK,0,class,0.4599697606721312,0.3458570982751362,G.RF1.CSE1,60,0,1993,0.3,8,60,0
9,0,HK,0,class,0.5172370936643337,0.3503039419771073,G.RF1.CSE1,164,0,1993,0.18902439024390244,8,164,0
19,0,HK,0,class,0.04305993975996453,0.3357979890956935,G.RF1.CSE1,2,0,1993,1.0,8,1,0
all,14,HK,13,old,0.33544876311315414,0.34909240474612385,G.RF1.CSE1,1057,0,1993,0.5392620624408704,8,1053,2
all,0,HK,0,current,0.5115241159064498,0.3501291714604638,G.RF1.CSE1,166,0,1993,0.19879518072289157,8,165,0
all,2,HK,1,tail,0.06576428365237698,0.36547040036305095,G.RF1.CSE1,26,0,1993,1.0,8,25,1
0,0,HK,0,class,0.04244128879671549,0.09200702708991351,G.RF1.CSE025,7,0,1993,0.8571428571428571,8,7,0
4,2,HK,0,class,0.24105362811319736,0.08422787522090859,G.RF1.CSE025,165,0,1993,0.2,8,165,0
12,0,HK,0,class,0.20653038473080607,0.09109522884410462,G.RF1.CSE025,41,0,1993,0.21951219512195122,8,41,0
8,0,HK,0,class,0.389365729516016,0.08753604062020943,G.RF1.CSE025,153,0,1993,0.06535947712418301,8,153,0
2,0,HK,0,class,0.6448870161041668,0.08796017400410429,G.RF1.CSE025,182,0,1993,0.0,8,182,0
11,2,HK,0,class,0.08557034621916565,0.09135440496382198,G.RF1.CSE025,61,0,1993,0.6557377049180327,8,61,0
17,1,HK,0,class,0.09609798191470498,0.09032765626743604,G.RF1.CSE025,5,0,1993,0.6,8,5,0
3,0,HK,4,class,0.1753037658941863,0.08469263104800286,G.RF1.CSE025,157,0,1993,0.24203821656050956,8,157,0
21,0,HK,0,class,0.08662718897533708,0.08881535749739893,G.RF1.CSE025,4,0,1993,0.5,8,4,0
16,0,HK,0,class,0.06245797604874883,0.09458871335697673,G.RF1.CSE025,8,0,1993,0.875,8,8,0
22,0,HK,0,class,0.16318040253260038,0.08714534361105769,G.RF1.CSE025,21,0,1993,0.38095238095238093,8,21,0
13,0,HK,0,class,0.3872957805244073,0.08861959119238731,G.RF1.CSE025,160,0,1993,0.08125,8,160,0
18,0,HK,1,class,0.06141884283147496,0.08907074577524861,G.RF1.CSE025,33,0,1993,0.6666666666666666,8,29,0
14,0,HK,0,class,0.4599697606721312,0.08646427456878406,G.RF1.CSE025,60,0,1993,0.03333333333333333,8,60,0
9,0,HK,0,class,0.5172370936643337,0.08757598549427682,G.RF1.CSE025,164,0,1993,0.018292682926829267,8,164,0
19,0,HK,0,class,0.04305993975996453,0.0839494972739234,G.RF1.CSE025,2,0,1993,1.0,8,1,0
all,5,HK,5,old,0.33544876311315414,0.08727310118653096,G.RF1.CSE025,1057,0,1993,0.1825922421948912,8,1053,0
all,0,HK,0,current,0.5115241159064498,0.08753229286511595,G.RF1.CSE025,166,0,1993,0.030120481927710843,8,165,0
all,1,HK,0,tail,0.06576428365237698,0.09136760009076274,G.RF1.CSE025,26,0,1993,0.7692307692307693,8,25,0
0,0,HK,0,class,0.07557599777870003,0.4402854570867792,B.LIN.CSE1,7,0,1993,1.0,8,7,0
4,2,HK,0,class,0.28449498225301334,0.4405480879489887,B.LIN.CSE1,165,0,1993,0.7515151515151515,8,165,0
12,1,HK,1,class,0.17715930933717336,0.43318740101873393,B.LIN.CSE1,41,0,1993,0.975609756097561,8,40,0
8,2,HK,0,class,0.4328804786299286,0.4318421129235388,B.LIN.CSE1,153,0,1993,0.4444444444444444,8,153,0
2,0,HK,0,class,0.5843449106757539,0.4208903101482485,B.LIN.CSE1,182,0,1993,0.07142857142857142,8,182,0
11,3,HK,0,class,0.07201181915919355,0.4220228549892784,B.LIN.CSE1,61,0,1993,1.0,8,61,1
17,0,HK,1,class,0.08030302862641987,0.437016445426394,B.LIN.CSE1,5,0,1993,1.0,8,5,0
3,1,HK,5,class,0.23235253289901897,0.45313203275734587,B.LIN.CSE1,157,0,1993,0.9299363057324841,8,157,0
21,0,HK,0,class,0.09603366737605426,0.4293416326100039,B.LIN.CSE1,4,0,1993,1.0,8,4,0
16,0,HK,0,class,0.049225785771697256,0.4492054957792416,B.LIN.CSE1,8,0,1993,1.0,8,8,0
22,0,HK,1,class,0.18200131268168687,0.4249975505959227,B.LIN.CSE1,21,0,1993,0.9523809523809523,8,21,0
13,1,HK,0,class,0.39826204739020066,0.4356888609491071,B.LIN.CSE1,160,0,1993,0.55,8,160,0
18,0,HK,2,class,0.07435167333223007,0.4305472606045056,B.LIN.CSE1,33,0,1993,1.0,8,30,0
14,0,HK,0,class,0.48689689264223757,0.4462566856427957,B.LIN.CSE1,60,0,1993,0.4666666666666667,8,60,0
9,0,HK,0,class,0.5104790565204338,0.4406455608251256,B.LIN.CSE1,164,0,1993,0.3597560975609756,8,164,0
19,0,HK,0,class,0.016020688369772704,0.421889813547951,B.LIN.CSE1,2,0,1993,1.0,8,1,0
all,10,HK,10,old,0.3487025746190166,0.4353896300389636,B.LIN.CSE1,1057,0,1993,0.6102175969725638,8,1053,1
all,0,HK,0,current,0.5045217267836789,0.4404195879663646,B.LIN.CSE1,166,0,1993,0.3674698795180723,8,165,0
all,0,HK,1,tail,0.06694344076924384,0.439302713481126,B.LIN.CSE1,26,0,1993,1.0,8,25,0
0,0,HK,0,class,0.07557599777870003,0.1100713642716948,B.LIN.CSE025,7,0,1993,0.5714285714285714,8,7,0
4,1,HK,0,class,0.28449498225301334,0.11013702198724717,B.LIN.CSE025,165,0,1993,0.21212121212121213,8,165,0
12,1,HK,0,class,0.17715930933717336,0.10829685025468345,B.LIN.CSE025,41,0,1993,0.36585365853658536,8,40,0
8,1,HK,0,class,0.4328804786299286,0.1079605282308847,B.LIN.CSE025,153,0,1993,0.0457516339869281,8,153,0
2,0,HK,0,class,0.5843449106757539,0.10522257753706213,B.LIN.CSE025,182,0,1993,0.0,8,182,0
11,1,HK,0,class,0.07201181915919355,0.10550571374731961,B.LIN.CSE025,61,0,1993,0.7540983606557377,8,61,0
17,0,HK,1,class,0.08030302862641987,0.1092541113565985,B.LIN.CSE025,5,0,1993,0.8,8,5,0
3,0,HK,2,class,0.23235253289901897,0.11328300818933647,B.LIN.CSE025,157,0,1993,0.2356687898089172,8,157,0
21,0,HK,0,class,0.09603366737605426,0.10733540815250098,B.LIN.CSE025,4,0,1993,0.5,8,4,0
16,0,HK,0,class,0.049225785771697256,0.11230137394481042,B.LIN.CSE025,8,0,1993,1.0,8,8,0
22,0,HK,0,class,0.18200131268168687,0.10624938764898068,B.LIN.CSE025,21,0,1993,0.3333333333333333,8,21,0
13,0,HK,0,class,0.39826204739020066,0.10892221523727677,B.LIN.CSE025,160,0,1993,0.06875,8,160,0
18,0,HK,0,class,0.07435167333223007,0.10763681515112641,B.LIN.CSE025,33,0,1993,0.7878787878787878,8,30,0
14,0,HK,0,class,0.48689689264223757,0.11156417141069892,B.LIN.CSE025,60,0,1993,0.016666666666666666,8,60,0
9,0,HK,0,class,0.5104790565204338,0.1101613902062814,B.LIN.CSE025,164,0,1993,0.006097560975609756,8,164,0
19,0,HK,0,class,0.016020688369772704,0.10547245338698777,B.LIN.CSE025,2,0,1993,1.0,8,1,0
all,4,HK,3,old,0.3487025746190166,0.10884740750974088,B.LIN.CSE025,1057,0,1993,0.19205298013245034,8,1053,0
all,0,HK,0,current,0.5045217267836789,0.11010489699159116,B.LIN.CSE025,166,0,1993,0.018072289156626505,8,165,0
all,0,HK,1,tail,0.06694344076924384,0.10982567837028151,B.LIN.CSE025,26,0,1993,0.7692307692307693,8,25,0
0,0,HK,0,class,0.0886785684616246,0.4402854570867792,B.RF1.CSE1,7,0,1993,1.0,8,7,0
4,0,HK,0,class,0.3470787196434731,0.4403815208376846,B.RF1.CSE1,165,0,1993,0.6484848484848484,8,165,0
12,0,HK,0,class,0.232967594427985,0.43315988978344017,B.RF1.CSE1,41,0,1993,0.8780487804878049,8,40,0
8,0,HK,0,class,0.5162538170571401,0.4318863620882972,B.RF1.CSE1,153,0,1993,0.29411764705882354,8,153,0
2,0,HK,0,class,0.6659422230088939,0.4215450311024957,B.RF1.CSE1,182,0,1993,0.03296703296703297,8,182,0
11,2,HK,1,class,0.10031526709673977,0.4221874123757385,B.RF1.CSE1,61,0,1993,1.0,8,61,0
17,1,HK,1,class,0.0868288665007659,0.4305199576083482,B.RF1.CSE1,5,0,1993,1.0,8,5,0
3,1,HK,4,class,0.29425306828490566,0.453130641389544,B.RF1.CSE1,157,0,1993,0.8089171974522293,8,157,0
21,0,HK,0,class,0.1575613219302266,0.4293416326100039,B.RF1.CSE1,4,0,1993,1.0,8,4,0
16,1,HK,0,class,0.04743609562496033,0.4492054957792416,B.RF1.CSE1,8,0,1993,1.0,8,8,0
22,0,HK,0,class,0.229016942738955,0.4251018979298281,B.RF1.CSE1,21,0,1993,0.7619047619047619,8,21,0
13,1,HK,0,class,0.4653381569932993,0.4357871187666804,B.RF1.CSE1,160,0,1993,0.4,8,160,0
18,0,HK,1,class,0.0966562127701899,0.4293761182673738,B.RF1.CSE1,33,0,1993,1.0,8,33,2
14,0,HK,0,class,0.5387868727763861,0.4462566856427957,B.RF1.CSE1,60,0,1993,0.38333333333333336,8,60,0
9,1,HK,0,class,0.5670264370553684,0.4404338279304965,B.RF1.CSE1,164,0,1993,0.23780487804878048,8,164,0
19,0,HK,0,class,0.023862586061920876,0.4218898135479511,B.RF1.CSE1,2,0,1993,1.0,8,1,1
all,6,HK,7,old,0.4126489104944314,0.4354406421168312,B.RF1.CSE1,1057,0,1993,0.5127719962157048,8,1056,2
all,1,HK,0,current,0.5604822942723148,0.4402104060704659,B.RF1.CSE1,166,0,1993,0.2469879518072289,8,165,1
all,2,HK,1,tail,0.08124436679152433,0.4380533889007325,B.RF1.CSE1,26,0,1993,1.0,8,25,1
0,0,HK,0,class,0.0886785684616246,0.1100713642716948,B.RF1.CSE025,7,0,1993,0.5714285714285714,8,7,0
4,0,HK,0,class,0.3470787196434731,0.11009538020942113,B.RF1.CSE025,165,0,1993,0.16363636363636364,8,165,0
12,0,HK,0,class,0.232967594427985,0.10828997244586007,B.RF1.CSE025,41,0,1993,0.2682926829268293,8,40,0
8,0,HK,0,class,0.5162538170571401,0.1079715905220743,B.RF1.CSE025,153,0,1993,0.0457516339869281,8,153,0
2,0,HK,0,class,0.6659422230088939,0.10538625777562395,B.RF1.CSE025,182,0,1993,0.0,8,182,0
11,0,HK,1,class,0.10031526709673977,0.1055468530939346,B.RF1.CSE025,61,0,1993,0.6229508196721312,8,61,0
17,0,HK,0,class,0.0868288665007659,0.10762998940208705,B.RF1.CSE025,5,0,1993,0.8,8,5,0
3,0,HK,2,class,0.29425306828490566,0.113282660347386,B.RF1.CSE025,157,0,1993,0.1910828025477707,8,157,0
21,0,HK,0,class,0.1575613219302266,0.10733540815250098,B.RF1.CSE025,4,0,1993,0.25,8,4,0
16,0,HK,0,class,0.04743609562496033,0.11230137394481042,B.RF1.CSE025,8,0,1993,1.0,8,8,0
22,0,HK,0,class,0.229016942738955,0.10627547448245704,B.RF1.CSE025,21,0,1993,0.3333333333333333,8,21,0
13,0,HK,0,class,0.4653381569932993,0.10894677969167013,B.RF1.CSE025,160,0,1993,0.04375,8,160,0
18,0,HK,0,class,0.0966562127701899,0.10734402956684344,B.RF1.CSE025,33,0,1993,0.6060606060606061,8,33,1
14,0,HK,0,class,0.5387868727763861,0.11156417141069892,B.RF1.CSE025,60,0,1993,0.016666666666666666,8,60,0
9,0,HK,0,class,0.5670264370553684,0.11010845698262413,B.RF1.CSE025,164,0,1993,0.006097560975609756,8,164,0
19,0,HK,0,class,0.023862586061920876,0.10547245338698776,B.RF1.CSE025,2,0,1993,1.0,8,1,0
all,0,HK,3,old,0.4126489104944314,0.1088601605292078,B.RF1.CSE025,1057,0,1993,0.15610217596972564,8,1056,1
all,0,HK,0,current,0.5604822942723148,0.11005260151761648,B.RF1.CSE025,166,0,1993,0.018072289156626505,8,165,0
all,0,HK,0,tail,0.08124436679152433,0.10951334722518316,B.RF1.CSE025,26,0,1993,0.7307692307692307,8,25,0
0,0,HK,0,class,0.054136978891533225,0.36802810835965405,G.RF2.CSE1,7,0,1993,1.0,8,7,1
4,4,HK,0,class,0.2373935846950801,0.33733642774207034,G.RF2.CSE1,165,0,1993,0.6909090909090909,8,165,1
12,0,HK,0,class,0.19257121236699484,0.36394950893605377,G.RF2.CSE1,41,0,1993,0.8780487804878049,8,41,1
8,1,HK,0,class,0.39687822239038056,0.3497512624464851,G.RF2.CSE1,153,0,1993,0.32679738562091504,8,153,0
2,0,HK,0,class,0.6431804557542379,0.3519615318415271,G.RF2.CSE1,182,0,1993,0.0,8,182,0
11,6,HK,0,class,0.08238136641584594,0.36565935493947205,G.RF2.CSE1,61,0,1993,1.0,8,61,0
17,0,HK,0,class,0.0988459418554691,0.3592159404993461,G.RF2.CSE1,5,0,1993,1.0,8,5,1
3,0,HK,15,class,0.17245110693894655,0.33856253481041904,G.RF2.CSE1,157,0,1993,0.8789808917197452,8,157,0
21,0,HK,0,class,0.0928840242556902,0.3524420597013481,G.RF2.CSE1,4,0,1993,1.0,8,4,0
16,0,HK,1,class,0.06957984819097826,0.378354853427907,G.RF2.CSE1,8,0,1993,1.0,8,8,0
22,0,HK,0,class,0.1573317620508105,0.3478764142368143,G.RF2.CSE1,21,0,1993,0.9523809523809523,8,21,0
13,0,HK,0,class,0.3856316508259395,0.35471371288056575,G.RF2.CSE1,160,0,1993,0.43125,8,160,1
18,0,HK,0,class,0.06737735661853435,0.3554561938107179,G.RF2.CSE1,33,0,1993,1.0,8,31,1
14,0,HK,1,class,0.45150233102936893,0.3456688065519277,G.RF2.CSE1,60,0,1993,0.3333333333333333,8,60,0
9,0,HK,0,class,0.5190673659861368,0.3505805372248572,G.RF2.CSE1,164,0,1993,0.21341463414634146,8,164,0
19,0,HK,0,class,0.043525187599838935,0.3357979890956935,G.RF2.CSE1,2,0,1993,1.0,8,1,0
all,11,HK,17,old,0.33402710170764,0.3490535346128756,G.RF2.CSE1,1057,0,1993,0.5345316934720908,8,1055,6
all,0,HK,0,current,0.5133379421501574,0.35040243423534917,G.RF2.CSE1,166,0,1993,0.22289156626506024,8,165,0
all,0,HK,1,tail,0.0726313007410901,0.36463382713209025,G.RF2.CSE1,26,0,1993,1.0,8,25,2
0,0,HK,0,class,0.054136978891533225,0.09200702708991353,G.RF2.CSE025,7,0,1993,0.8571428571428571,8,7,0
4,1,HK,0,class,0.2373935846950801,0.08433410693551759,G.RF2.CSE025,165,0,1993,0.2,8,165,1
12,0,HK,0,class,0.19257121236699484,0.09098737723401344,G.RF2.CSE025,41,0,1993,0.24390243902439024,8,41,0
8,0,HK,0,class,0.39687822239038056,0.08743781561162127,G.RF2.CSE025,153,0,1993,0.06535947712418301,8,153,0
2,0,HK,0,class,0.6431804557542379,0.08799038296038178,G.RF2.CSE025,182,0,1993,0.0,8,182,0
11,1,HK,0,class,0.08238136641584594,0.09141483873486804,G.RF2.CSE025,61,0,1993,0.639344262295082,8,61,0
17,0,HK,0,class,0.0988459418554691,0.08980398512483648,G.RF2.CSE025,5,0,1993,0.6,8,5,0
3,0,HK,2,class,0.17245110693894655,0.08464063370260476,G.RF2.CSE025,157,0,1993,0.27388535031847133,8,157,0
21,0,HK,0,class,0.0928840242556902,0.08811051492533703,G.RF2.CSE025,4,0,1993,0.5,8,4,0
16,0,HK,0,class,0.06957984819097826,0.09458871335697674,G.RF2.CSE025,8,0,1993,0.875,8,8,0
22,0,HK,0,class,0.1573317620508105,0.08696910355920358,G.RF2.CSE025,21,0,1993,0.3333333333333333,8,21,0
13,0,HK,0,class,0.3856316508259395,0.08867842822014144,G.RF2.CSE025,160,0,1993,0.075,8,160,0
18,0,HK,0,class,0.06737735661853435,0.08886404845267948,G.RF2.CSE025,33,0,1993,0.6666666666666666,8,31,0
14,0,HK,0,class,0.45150233102936893,0.08641720163798193,G.RF2.CSE025,60,0,1993,0.03333333333333333,8,60,0
9,0,HK,0,class,0.5190673659861368,0.0876451343062143,G.RF2.CSE025,164,0,1993,0.012195121951219513,8,164,0
19,0,HK,0,class,0.043525187599838935,0.08394949727392338,G.RF2.CSE025,2,0,1993,1.0,8,1,0
all,2,HK,2,old,0.33402710170764,0.0872633836532189,G.RF2.CSE025,1057,0,1993,0.18543046357615894,8,1055,1
all,0,HK,0,current,0.5133379421501574,0.08760060855883729,G.RF2.CSE025,166,0,1993,0.024096385542168676,8,165,0
all,0,HK,0,tail,0.0726313007410901,0.09115845678302252,G.RF2.CSE025,26,0,1993,0.7692307692307693,8,25,0
0,0,HK,0,class,0.09286713193284458,0.44028545708677924,B.RF2.CSE1,7,0,1993,1.0,8,7,0
4,4,HK,0,class,0.3408509524942578,0.44060776222439646,B.RF2.CSE1,165,0,1993,0.6727272727272727,8,165,0
12,0,HK,0,class,0.23356079874016855,0.4330425444265671,B.RF2.CSE1,41,0,1993,0.8780487804878049,8,41,1
8,1,HK,0,class,0.5166288659390812,0.4319155061016286,B.RF2.CSE1,153,0,1993,0.3202614379084967,8,153,0
2,0,HK,0,class,0.6626554448443931,0.4204968336225677,B.RF2.CSE1,182,0,1993,0.03296703296703297,8,182,0
11,3,HK,0,class,0.09973743299879391,0.42216503321877175,B.RF2.CSE1,61,0,1993,1.0,8,61,0
17,0,HK,1,class,0.08471574019617688,0.437016445426394,B.RF2.CSE1,5,0,1993,1.0,8,5,0
3,1,HK,4,class,0.290670854326569,0.4531311851419905,B.RF2.CSE1,157,0,1993,0.8089171974522293,8,157,0
21,0,HK,0,class,0.1402027555004538,0.4293416326100039,B.RF2.CSE1,4,0,1993,1.0,8,4,0
16,0,HK,0,class,0.06281672164067668,0.4492054957792416,B.RF2.CSE1,8,0,1993,1.0,8,8,0
22,0,HK,0,class,0.2265806188570608,0.4249975505959227,B.RF2.CSE1,21,0,1993,0.7619047619047619,8,21,0
13,0,HK,0,class,0.45749293110164846,0.4356524587726782,B.RF2.CSE1,160,0,1993,0.4,8,160,0
18,0,HK,2,class,0.10278367353255799,0.42982736880581046,B.RF2.CSE1,33,0,1993,1.0,8,32,1
14,0,HK,0,class,0.5441279104197233,0.4462566856427957,B.RF2.CSE1,60,0,1993,0.36666666666666664,8,60,0
9,0,HK,0,class,0.5731210448538678,0.44031011066798903,B.RF2.CSE1,164,0,1993,0.22560975609756098,8,164,0
19,0,HK,0,class,0.018650813877868627,0.4218898135479511,B.RF2.CSE1,2,0,1993,1.0,8,1,0
all,9,HK,7,old,0.40994967468884963,0.435316292841745,B.RF2.CSE1,1057,0,1993,0.5193945127719962,8,1056,2
all,0,HK,0,current,0.5664406806252413,0.44008817937738615,B.RF2.CSE1,166,0,1993,0.23493975903614459,8,165,0
all,0,HK,1,tail,0.08362673259206779,0.439302713481126,B.RF2.CSE1,26,0,1993,1.0,8,25,0
0,0,HK,0,class,0.09286713193284458,0.1100713642716948,B.RF2.CSE025,7,0,1993,0.5714285714285714,8,7,0
4,1,HK,0,class,0.3408509524942578,0.11015194055609911,B.RF2.CSE025,165,0,1993,0.18181818181818182,8,165,0
12,0,HK,0,class,0.23356079874016855,0.10826063610664177,B.RF2.CSE025,41,0,1993,0.21951219512195122,8,41,0
8,1,HK,0,class,0.5166288659390812,0.10797887652540715,B.RF2.CSE025,153,0,1993,0.0392156862745098,8,153,0
2,0,HK,0,class,0.6626554448443931,0.10512420840564192,B.RF2.CSE025,182,0,1993,0.0,8,182,0
11,0,HK,0,class,0.09973743299879391,0.10554125830469294,B.RF2.CSE025,61,0,1993,0.6229508196721312,8,61,0
17,0,HK,0,class,0.08471574019617688,0.1092541113565985,B.RF2.CSE025,5,0,1993,0.8,8,5,0
3,0,HK,1,class,0.290670854326569,0.11328279628549763,B.RF2.CSE025,157,0,1993,0.24203821656050956,8,157,0
21,0,HK,0,class,0.1402027555004538,0.10733540815250096,B.RF2.CSE025,4,0,1993,0.25,8,4,0
16,0,HK,0,class,0.06281672164067668,0.1123013739448104,B.RF2.CSE025,8,0,1993,1.0,8,8,0
22,0,HK,0,class,0.2265806188570608,0.10624938764898068,B.RF2.CSE025,21,0,1993,0.38095238095238093,8,21,0
13,0,HK,0,class,0.45749293110164846,0.10891311469316953,B.RF2.CSE025,160,0,1993,0.04375,8,160,0
18,0,HK,2,class,0.10278367353255799,0.1074568422014526,B.RF2.CSE025,33,0,1993,0.6060606060606061,8,32,0
14,0,HK,0,class,0.5441279104197233,0.11156417141069892,B.RF2.CSE025,60,0,1993,0.016666666666666666,8,60,0
9,0,HK,0,class,0.5731210448538678,0.11007752766699726,B.RF2.CSE025,164,0,1993,0.006097560975609756,8,164,0
19,0,HK,0,class,0.018650813877868627,0.10547245338698776,B.RF2.CSE025,2,0,1993,1.0,8,1,0
all,2,HK,3,old,0.40994967468884963,0.10882907321043625,B.RF2.CSE025,1057,0,1993,0.16461684011352887,8,1056,0
all,0,HK,0,current,0.5664406806252413,0.11002204484434654,B.RF2.CSE025,166,0,1993,0.018072289156626505,8,165,0
all,0,HK,0,tail,0.08362673259206779,0.1098256783702815,B.RF2.CSE025,26,0,1993,0.7307692307692307,8,25,0
0,0,HK,2,class,0.04244128879671549,0.36892264322445223,G.RF1.CSEperm1,7,0,1993,1.0,8,7,1
4,0,HK,1,class,0.24105362811319736,0.3336086353486256,G.RF1.CSEperm1,165,0,1993,0.7090909090909091,8,165,1
12,1,HK,0,class,0.20653038473080607,0.3654775212884046,G.RF1.CSEperm1,41,0,1993,0.8536585365853658,8,41,0
8,0,HK,1,class,0.389365729516016,0.34998462232305105,G.RF1.CSEperm1,153,0,1993,0.33986928104575165,8,153,0
2,0,HK,0,class,0.6448870161041668,0.3513326486891058,G.RF1.CSEperm1,182,0,1993,0.0,8,182,0
11,1,HK,1,class,0.08557034621916565,0.36535037386911995,G.RF1.CSEperm1,61,0,1993,1.0,8,61,1
17,1,HK,0,class,0.09609798191470498,0.3602227587085999,G.RF1.CSEperm1,5,0,1993,1.0,8,5,0
3,4,HK,3,class,0.1753037658941863,0.3370957603877801,G.RF1.CSEperm1,157,0,1993,0.8980891719745223,8,157,0
21,0,HK,0,class,0.08662718897533708,0.36338994944961744,G.RF1.CSEperm1,4,0,1993,1.0,8,4,0
16,1,HK,0,class,0.06245797604874883,0.3783548534279069,G.RF1.CSEperm1,8,0,1993,1.0,8,8,0
22,0,HK,1,class,0.16318040253260038,0.35245528504306417,G.RF1.CSEperm1,21,0,1993,0.9047619047619048,8,21,0
13,0,HK,0,class,0.3872957805244073,0.3587618378768354,G.RF1.CSEperm1,160,0,1993,0.44375,8,160,0
18,1,HK,0,class,0.06141884283147496,0.36110183570381144,G.RF1.CSEperm1,33,0,1993,1.0,8,29,1
14,0,HK,0,class,0.4599697606721312,0.3431383326950667,G.RF1.CSEperm1,60,0,1993,0.3333333333333333,8,60,0
9,0,HK,0,class,0.5172370936643337,0.3510584891046277,G.RF1.CSEperm1,164,0,1993,0.18902439024390244,8,164,0
19,0,HK,0,class,0.04305993975996453,0.3484216343533991,G.RF1.CSEperm1,2,0,1993,1.0,8,1,0
all,9,HK,9,old,0.33544876311315414,0.34900916383779884,G.RF1.CSEperm1,1057,0,1993,0.5421002838221382,8,1053,4
all,0,HK,0,current,0.5115241159064498,0.3510267197702756,G.RF1.CSEperm1,166,0,1993,0.19879518072289157,8,165,0
all,2,HK,2,tail,0.06576428365237698,0.36772362269394954,G.RF1.CSEperm1,26,0,1993,1.0,8,25,1
0,0,HK,0,class,0.0886785684616246,0.42420124320580077,B.RF1.CSEperm1,7,0,1993,1.0,8,7,0
4,3,HK,1,class,0.3470787196434731,0.4184782954581016,B.RF1.CSEperm1,165,0,1993,0.593939393939394,8,165,0
12,1,HK,0,class,0.232967594427985,0.4281087057645595,B.RF1.CSEperm1,41,0,1993,0.8536585365853658,8,40,0
8,0,HK,2,class,0.5162538170571401,0.3958222058654649,B.RF1.CSEperm1,153,0,1993,0.24836601307189543,8,153,1
2,0,HK,0,class,0.6659422230088939,0.4025401377284871,B.RF1.CSEperm1,182,0,1993,0.016483516483516484,8,182,0
11,1,HK,4,class,0.10031526709673977,0.41967052650347386,B.RF1.CSEperm1,61,0,1993,1.0,8,61,2
17,0,HK,1,class,0.0868288665007659,0.4285323606913577,B.RF1.CSEperm1,5,0,1993,1.0,8,5,0
3,0,HK,10,class,0.29425306828490566,0.44572996099945156,B.RF1.CSEperm1,157,0,1993,0.7961783439490446,8,157,1
21,0,HK,0,class,0.1575613219302266,0.42928533012012726,B.RF1.CSEperm1,4,0,1993,1.0,8,4,0
16,0,HK,0,class,0.04743609562496033,0.43393222644031465,B.RF1.CSEperm1,8,0,1993,1.0,8,8,1
22,1,HK,0,class,0.229016942738955,0.4243307941881958,B.RF1.CSEperm1,21,0,1993,0.7619047619047619,8,21,0
13,0,HK,1,class,0.4653381569932993,0.4046486142475378,B.RF1.CSEperm1,160,0,1993,0.3375,8,160,1
18,3,HK,0,class,0.0966562127701899,0.41794663935206866,B.RF1.CSEperm1,33,0,1993,1.0,8,33,0
14,0,HK,0,class,0.5387868727763861,0.4156307463911686,B.RF1.CSEperm1,60,0,1993,0.36666666666666664,8,60,0
9,1,HK,0,class,0.5670264370553684,0.42674447341474475,B.RF1.CSEperm1,164,0,1993,0.21951219512195122,8,164,0
19,0,HK,0,class,0.023862586061920876,0.41023710862115126,B.RF1.CSEperm1,2,0,1993,1.0,8,1,0
all,9,HK,19,old,0.4126489104944314,0.4150326042782472,B.RF1.CSEperm1,1057,0,1993,0.4815515610217597,8,1056,6
all,1,HK,0,current,0.5604822942723148,0.42654558950156884,B.RF1.CSEperm1,166,0,1993,0.2289156626506024,8,165,0
all,0,HK,1,tail,0.08124436679152433,0.42773630212087405,B.RF1.CSEperm1,26,0,1993,1.0,8,25,1
0,0,HK,0,class,0.04713887579980168,0.36802810798444385,G.LIN.CSE1,7,0,1993,1.0,9,7,0
4,5,HK,0,class,0.25061506685997437,0.336892377788093,G.LIN.CSE1,165,0,1993,0.6666666666666666,9,165,1
12,0,HK,0,class,0.18401919305785136,0.3633333657135077,G.LIN.CSE1,41,0,1993,0.9024390243902439,9,41,1
8,0,HK,0,class,0.3574173385466362,0.3500107062121226,G.LIN.CSE1,153,0,1993,0.4444444444444444,9,153,0
2,0,HK,0,class,0.6331865849425531,0.35370025205484446,G.LIN.CSE1,182,0,1993,0.0,9,182,0
11,5,HK,0,class,0.07488100774944177,0.3655057985938956,G.LIN.CSE1,61,0,1993,1.0,9,61,0
17,1,HK,0,class,0.09837578800687122,0.3613106278532968,G.LIN.CSE1,5,0,1993,1.0,9,5,0
3,0,HK,14,class,0.18400470327889795,0.33864004916239593,G.LIN.CSE1,157,0,1993,0.8662420382165605,9,157,0
21,0,HK,0,class,0.08564228038223684,0.3521437782550041,G.LIN.CSE1,4,0,1993,1.0,9,4,0
16,0,HK,0,class,0.07044851015673236,0.3774672696817921,G.LIN.CSE1,8,0,1993,1.0,9,8,0
22,0,HK,0,class,0.1622484071801201,0.34857393752075877,G.LIN.CSE1,21,0,1993,0.9047619047619048,9,21,0
13,0,HK,0,class,0.3844316801409876,0.35385370036320724,G.LIN.CSE1,160,0,1993,0.425,9,160,0
18,0,HK,0,class,0.06696234357332555,0.357742076820742,G.LIN.CSE1,33,0,1993,1.0,9,29,0
14,0,HK,0,class,0.3790494727902339,0.3455196918134298,G.LIN.CSE1,60,0,1993,0.45,9,60,0
9,0,HK,0,class,0.4940108610990613,0.34994421140153964,G.LIN.CSE1,164,0,1993,0.22560975609756098,9,164,0
19,0,HK,0,class,0.05084012782719523,0.33579799484021444,G.LIN.CSE1,2,0,1993,1.0,9,1,0
15,0,HK,0,class,0.5818610735950343,0.35751729303950863,G.LIN.CSE1,123,0,1993,0.08943089430894309,9,123,0
6,0,HK,0,class,0.09913686352124734,0.31520918626070293,G.LIN.CSE1,1,0,1993,1.0,9,0,0
all,11,HK,14,old,0.34750126322153807,0.3493198367142712,G.LIN.CSE1,1223,0,1993,0.508585445625511,9,1218,2
all,0,HK,0,current,0.5779681364170199,0.35717609863000216,G.LIN.CSE1,124,0,1993,0.0967741935483871,9,123,0
all,1,HK,0,tail,0.07143797750338564,0.3628840126508546,G.LIN.CSE1,27,0,1993,1.0,9,25,0
0,0,HK,0,class,0.04713887579980168,0.09200702699611095,G.LIN.CSE025,7,0,1993,0.8571428571428571,9,7,0
4,1,HK,0,class,0.25061506685997437,0.08422309444702325,G.LIN.CSE025,165,0,1993,0.2,9,165,0
12,0,HK,0,class,0.18401919305785136,0.09083334142837692,G.LIN.CSE025,41,0,1993,0.2682926829268293,9,41,0
8,0,HK,0,class,0.3574173385466362,0.08750267655303065,G.LIN.CSE025,153,0,1993,0.06535947712418301,9,153,0
2,0,HK,0,class,0.6331865849425531,0.08842506301371111,G.LIN.CSE025,182,0,1993,0.0,9,182,0
11,1,HK,0,class,0.07488100774944177,0.0913764496484739,G.LIN.CSE025,61,0,1993,0.6885245901639344,9,61,0
17,0,HK,0,class,0.09837578800687122,0.0903276569633242,G.LIN.CSE025,5,0,1993,0.6,9,5,0
3,0,HK,4,class,0.18400470327889795,0.08466001229059898,G.LIN.CSE025,157,0,1993,0.2611464968152866,9,157,0
21,0,HK,0,class,0.08564228038223684,0.08803594456375105,G.LIN.CSE025,4,0,1993,0.5,9,4,0
16,0,HK,0,class,0.07044851015673236,0.09436681742044802,G.LIN.CSE025,8,0,1993,0.875,9,8,0
22,0,HK,0,class,0.1622484071801201,0.08714348438018969,G.LIN.CSE025,21,0,1993,0.42857142857142855,9,21,0
13,0,HK,0,class,0.3844316801409876,0.08846342509080181,G.LIN.CSE025,160,0,1993,0.06875,9,160,0
18,0,HK,0,class,0.06696234357332555,0.0894355192051855,G.LIN.CSE025,33,0,1993,0.7272727272727273,9,29,0
14,0,HK,0,class,0.3790494727902339,0.08637992295335745,G.LIN.CSE025,60,0,1993,0.03333333333333333,9,60,0
9,0,HK,0,class,0.4940108610990613,0.08748605285038491,G.LIN.CSE025,164,0,1993,0.03048780487804878,9,164,0
19,0,HK,0,class,0.05084012782719523,0.0839494987100536,G.LIN.CSE025,2,0,1993,1.0,9,1,0
15,0,HK,0,class,0.5818610735950343,0.08937932325987716,G.LIN.CSE025,123,0,1993,0.008130081300813009,9,123,0
6,0,HK,0,class,0.09913686352124734,0.07880229656517573,G.LIN.CSE025,1,0,1993,0.0,9,0,0
all,2,HK,4,old,0.34750126322153807,0.0873299591785678,G.LIN.CSE025,1223,0,1993,0.17007358953393295,9,1218,0
all,0,HK,0,current,0.5779681364170199,0.08929402465750054,G.LIN.CSE025,124,0,1993,0.008064516129032258,9,123,0
all,0,HK,0,tail,0.07143797750338564,0.09072100316271367,G.LIN.CSE025,27,0,1993,0.7407407407407407,9,25,0
0,0,HK,0,class,0.04233835742263348,0.36802810798444385,G.RF1.CSE1,7,0,1993,1.0,9,7,2
4,5,HK,0,class,0.22763756843118146,0.33686305674788297,G.RF1.CSE1,165,0,1993,0.7393939393939394,9,165,1
12,0,HK,0,class,0.19138432775349146,0.3639326894530276,G.RF1.CSE1,41,0,1993,0.9024390243902439,9,41,0
8,0,HK,1,class,0.349803538967752,0.35006353166555015,G.RF1.CSE1,153,0,1993,0.4444444444444444,9,153,0
2,0,HK,0,class,0.6200604472525099,0.35351845991207204,G.RF1.CSE1,182,0,1993,0.0,9,182,0
11,5,HK,0,class,0.07505839008077538,0.36503000339242697,G.RF1.CSE1,61,0,1993,1.0,9,60,0
17,1,HK,0,class,0.08737887767746792,0.3613106278532968,G.RF1.CSE1,5,0,1993,1.0,9,5,0
3,0,HK,12,class,0.1622940948290143,0.33863164705658644,G.RF1.CSE1,157,0,1993,0.9299363057324841,9,157,0
21,0,HK,0,class,0.08374019294191361,0.3521437782550041,G.RF1.CSE1,4,0,1993,1.0,9,4,0
16,1,HK,1,class,0.058764088159992234,0.37835485420380666,G.RF1.CSE1,8,0,1993,1.0,9,8,0
22,0,HK,1,class,0.1496219808052793,0.3493964766428202,G.RF1.CSE1,21,0,1993,0.9523809523809523,9,21,0
13,0,HK,0,class,0.36485505798556706,0.35370262708447453,G.RF1.CSE1,160,0,1993,0.46875,9,160,0
18,0,HK,2,class,0.05869182451610722,0.3577552310574774,G.RF1.CSE1,33,0,1993,1.0,9,30,4
14,0,HK,0,class,0.3613592531697802,0.3451444505271857,G.RF1.CSE1,60,0,1993,0.43333333333333335,9,60,0
9,0,HK,0,class,0.4793347724654841,0.34985313181968397,G.RF1.CSE1,164,0,1993,0.23780487804878048,9,164,0
19,0,HK,0,class,0.04530333861891775,0.3357979948402144,G.RF1.CSE1,2,0,1993,1.0,9,1,0
15,0,HK,0,class,0.5666387073917397,0.35803055595054795,G.RF1.CSE1,123,0,1993,0.10569105691056911,9,123,0
6,0,HK,0,class,0.08439121065296828,0.31520918626070293,G.RF1.CSE1,1,0,1993,1.0,9,0,0
all,12,HK,17,old,0.33296298918800826,0.3492606156370261,G.RF1.CSE1,1223,0,1993,0.5339329517579722,9,1218,7
all,0,HK,0,current,0.5627496146761044,0.35768522232401695,G.RF1.CSE1,124,0,1993,0.11290322580645161,9,123,0
all,2,HK,1,tail,0.06345682426978408,0.36314700065737754,G.RF1.CSE1,27,0,1993,1.0,9,25,2
0,0,HK,0,class,0.04233835742263348,0.09200702699611095,G.RF1.CSE025,7,0,1993,0.8571428571428571,9,7,0
4,2,HK,0,class,0.22763756843118146,0.08421576418697074,G.RF1.CSE025,165,0,1993,0.2,9,165,0
12,0,HK,0,class,0.19138432775349146,0.0909831723632569,G.RF1.CSE025,41,0,1993,0.24390243902439024,9,41,0
8,0,HK,1,class,0.349803538967752,0.08751588291638752,G.RF1.CSE025,153,0,1993,0.06535947712418301,9,153,0
2,0,HK,0,class,0.6200604472525099,0.08837961497801801,G.RF1.CSE025,182,0,1993,0.0,9,182,0
11,3,HK,0,class,0.07505839008077538,0.09125750084810674,G.RF1.CSE025,61,0,1993,0.6721311475409836,9,60,0
17,0,HK,0,class,0.08737887767746792,0.09032765696332419,G.RF1.CSE025,5,0,1993,0.8,9,5,0
3,0,HK,4,class,0.1622940948290143,0.08465791176414661,G.RF1.CSE025,157,0,1993,0.267515923566879,9,157,0
21,0,HK,0,class,0.08374019294191361,0.08803594456375102,G.RF1.CSE025,4,0,1993,0.5,9,4,0
16,0,HK,0,class,0.058764088159992234,0.09458871355095168,G.RF1.CSE025,8,0,1993,0.875,9,8,0
22,0,HK,1,class,0.1496219808052793,0.08734911916070505,G.RF1.CSE025,21,0,1993,0.47619047619047616,9,21,0
13,0,HK,0,class,0.36485505798556706,0.08842565677111865,G.RF1.CSE025,160,0,1993,0.09375,9,160,0
18,0,HK,1,class,0.05869182451610722,0.08943880776436934,G.RF1.CSE025,33,0,1993,0.6666666666666666,9,30,1
14,0,HK,0,class,0.3613592531697802,0.08628611263179642,G.RF1.CSE025,60,0,1993,0.05,9,60,0
9,0,HK,0,class,0.4793347724654841,0.08746328295492099,G.RF1.CSE025,164,0,1993,0.024390243902439025,9,164,0
19,0,HK,0,class,0.04530333861891775,0.08394949871005361,G.RF1.CSE025,2,0,1993,1.0,9,1,0
15,0,HK,0,class,0.5666387073917397,0.08950763898763699,G.RF1.CSE025,123,0,1993,0.008130081300813009,9,123,0
6,0,HK,0,class,0.08439121065296828,0.07880229656517576,G.RF1.CSE025,1,0,1993,0.0,9,0,0
all,5,HK,7,old,0.33296298918800826,0.08731515390925652,G.RF1.CSE025,1223,0,1993,0.17252657399836469,9,1218,1
all,0,HK,0,current,0.5627496146761044,0.08942130558100424,G.RF1.CSE025,124,0,1993,0.008064516129032258,9,123,0
all,0,HK,0,tail,0.06345682426978408,0.09078675016434438,G.RF1.CSE025,27,0,1993,0.7777777777777778,9,25,0
0,0,HK,0,class,0.07593168242062623,0.4402854448689692,B.LIN.CSE1,7,0,1993,1.0,9,7,0
4,2,HK,1,class,0.26939240476226145,0.4406077623398109,B.LIN.CSE1,165,0,1993,0.806060606060606,9,165,0
12,0,HK,0,class,0.16818525321603722,0.4331873900349297,B.LIN.CSE1,41,0,1993,1.0,9,40,2
8,1,HK,0,class,0.394112693823986,0.43259809201673943,B.LIN.CSE1,153,0,1993,0.5751633986928104,9,153,0
2,0,HK,0,class,0.5637030219948533,0.4224115843345185,B.LIN.CSE1,182,0,1993,0.12637362637362637,9,182,0
11,4,HK,0,class,0.06400533402046749,0.42406000774952796,B.LIN.CSE1,61,0,1993,1.0,9,61,2
17,0,HK,1,class,0.07685789301158061,0.4370164411915883,B.LIN.CSE1,5,0,1993,1.0,9,5,0
3,3,HK,5,class,0.2176266182903479,0.45303742234176364,B.LIN.CSE1,157,0,1993,0.9490445859872612,9,157,0
21,0,HK,0,class,0.08695880028386489,0.4462783434090046,B.LIN.CSE1,4,0,1993,1.0,9,4,0
16,0,HK,0,class,0.04789038363079641,0.44920548513548986,B.LIN.CSE1,8,0,1993,1.0,9,8,0
22,0,HK,1,class,0.16780658735077786,0.428528559423277,B.LIN.CSE1,21,0,1993,0.9523809523809523,9,21,0
13,1,HK,1,class,0.37795921015564393,0.4361255694803211,B.LIN.CSE1,160,0,1993,0.625,9,160,0
18,0,HK,4,class,0.06689398122313191,0.4333264484288928,B.LIN.CSE1,33,0,1993,1.0,9,28,0
14,0,HK,0,class,0.3622754377454286,0.44961868738780897,B.LIN.CSE1,60,0,1993,0.7666666666666667,9,60,0
9,0,HK,0,class,0.46637707196896094,0.4424619016470863,B.LIN.CSE1,164,0,1993,0.4634146341463415,9,164,0
19,0,HK,0,class,0.02188887880351187,0.4218898328319277,B.LIN.CSE1,2,0,1993,1.0,9,1,0
15,0,HK,0,class,0.56963929428485,0.47238518244317107,B.LIN.CSE1,123,0,1993,0.22764227642276422,9,123,0
6,0,HK,0,class,0.018833073025979363,0.4185798112867304,B.LIN.CSE1,1,0,1993,1.0,9,0,0
all,11,HK,13,old,0.3421325146767426,0.4371474816042775,B.LIN.CSE1,1223,0,1993,0.6508585445625511,9,1216,4
all,0,HK,0,current,0.5651973086295365,0.47195126815965144,B.LIN.CSE1,124,0,1993,0.23387096774193547,9,123,0
all,0,HK,1,tail,0.06331038306730076,0.4410443352485648,B.LIN.CSE1,27,0,1993,1.0,9,25,0
0,0,HK,0,class,0.07593168242062623,0.11007136121724233,B.LIN.CSE025,7,0,1993,0.5714285714285714,9,7,0
4,1,HK,0,class,0.26939240476226145,0.11015194058495272,B.LIN.CSE025,165,0,1993,0.23030303030303031,9,165,0
12,0,HK,0,class,0.16818525321603722,0.10829684750873242,B.LIN.CSE025,41,0,1993,0.34146341463414637,9,40,0
8,0,HK,0,class,0.394112693823986,0.10814952300418486,B.LIN.CSE025,153,0,1993,0.0457516339869281,9,153,0
2,0,HK,0,class,0.5637030219948533,0.1056028960836296,B.LIN.CSE025,182,0,1993,0.0,9,182,0
11,3,HK,0,class,0.06400533402046749,0.10601500193738199,B.LIN.CSE025,61,0,1993,0.7704918032786885,9,61,0
17,0,HK,1,class,0.07685789301158061,0.10925411029789707,B.LIN.CSE025,5,0,1993,0.8,9,5,0
3,2,HK,2,class,0.2176266182903479,0.11325935558544091,B.LIN.CSE025,157,0,1993,0.2484076433121019,9,157,0
21,0,HK,0,class,0.08695880028386489,0.11156958585225113,B.LIN.CSE025,4,0,1993,0.5,9,4,0
16,0,HK,0,class,0.04789038363079641,0.11230137128387248,B.LIN.CSE025,8,0,1993,1.0,9,8,0
22,0,HK,0,class,0.16780658735077786,0.10713213985581925,B.LIN.CSE025,21,0,1993,0.38095238095238093,9,21,0
13,0,HK,0,class,0.37795921015564393,0.10903139237008026,B.LIN.CSE025,160,0,1993,0.06875,9,160,0
18,0,HK,1,class,0.06689398122313191,0.10833161210722318,B.LIN.CSE025,33,0,1993,0.8484848484848485,9,28,0
14,0,HK,0,class,0.3622754377454286,0.11240467184695226,B.LIN.CSE025,60,0,1993,0.03333333333333333,9,60,0
9,0,HK,0,class,0.46637707196896094,0.11061547541177158,B.LIN.CSE025,164,0,1993,0.012195121951219513,9,164,0
19,0,HK,0,class,0.02188887880351187,0.10547245820798191,B.LIN.CSE025,2,0,1993,1.0,9,1,0
15,0,HK,0,class,0.56963929428485,0.11809629561079278,B.LIN.CSE025,123,0,1993,0.0,9,123,0
6,0,HK,0,class,0.018833073025979363,0.1046449528216826,B.LIN.CSE025,1,0,1993,1.0,9,0,0
all,6,HK,4,old,0.3421325146767426,0.10928687040106938,B.LIN.CSE025,1223,0,1993,0.17661488143908421,9,1216,0
all,0,HK,0,current,0.5651973086295365,0.11798781703991286,B.LIN.CSE025,124,0,1993,0.008064516129032258,9,123,0
all,0,HK,1,tail,0.06331038306730076,0.1102610838121412,B.LIN.CSE025,27,0,1993,0.7777777777777778,9,25,0
0,0,HK,0,class,0.0896804627961195,0.44028544486896937,B.RF1.CSE1,7,0,1993,1.0,9,7,0
4,0,HK,0,class,0.3313244307918741,0.440441195234286,B.RF1.CSE1,165,0,1993,0.6666666666666666,9,165,0
12,0,HK,0,class,0.22157013099890802,0.43392672929964593,B.RF1.CSE1,41,0,1993,0.9024390243902439,9,40,0
8,1,HK,0,class,0.4860722478468786,0.43246261099373373,B.RF1.CSE1,153,0,1993,0.3464052287581699,9,153,0
2,0,HK,0,class,0.6479692151984635,0.42239168613185496,B.RF1.CSE1,182,0,1993,0.04395604395604396,9,182,0
11,1,HK,0,class,0.09103656414839571,0.42439735690567154,B.RF1.CSE1,61,0,1993,1.0,9,61,2
17,0,HK,1,class,0.0851178771235371,0.4305199481438349,B.RF1.CSE1,5,0,1993,1.0,9,5,0
3,0,HK,5,class,0.27839177347569066,0.45313064273571874,B.RF1.CSE1,157,0,1993,0.8471337579617835,9,157,0
21,0,HK,0,class,0.14946302811970474,0.4462783434090045,B.RF1.CSE1,4,0,1993,1.0,9,4,0
16,0,HK,0,class,0.04685620489657735,0.44920548513548997,B.RF1.CSE1,8,0,1993,1.0,9,8,0
22,0,HK,0,class,0.21662741655464274,0.4283483752492125,B.RF1.CSE1,21,0,1993,0.7619047619047619,9,21,0
13,0,HK,0,class,0.44646522385460274,0.4359450105968672,B.RF1.CSE1,160,0,1993,0.425,9,160,0
18,0,HK,2,class,0.08396251895591512,0.4324622493741054,B.RF1.CSE1,33,0,1993,1.0,9,32,2
14,0,HK,0,class,0.4443297843338218,0.44961868738780897,B.RF1.CSE1,60,0,1993,0.5333333333333333,9,60,0
9,0,HK,0,class,0.5298872965487029,0.4422257424352799,B.RF1.CSE1,164,0,1993,0.3231707317073171,9,164,0
19,0,HK,0,class,0.03246245930047453,0.42188983283192766,B.RF1.CSE1,2,0,1993,1.0,9,1,1
15,0,HK,0,class,0.6411117945516382,0.47238518244317107,B.RF1.CSE1,123,0,1993,0.16260162601626016,9,123,0
6,0,HK,0,class,0.025544912103741907,0.42010565137936445,B.RF1.CSE1,1,0,1993,1.0,9,0,0
all,2,HK,8,old,0.4086015977648663,0.437050415974369,B.RF1.CSE1,1223,0,1993,0.5151267375306623,9,1220,5
all,0,HK,0,current,0.6361475454996391,0.4719635733216888,B.RF1.CSE1,124,0,1993,0.1693548387096774,9,123,0
all,0,HK,1,tail,0.07838978546469076,0.4398977935764858,B.RF1.CSE1,27,0,1993,1.0,9,25,1
0,0,HK,0,class,0.0896804627961195,0.11007136121724234,B.RF1.CSE025,7,0,1993,0.5714285714285714,9,7,0
4,0,HK,0,class,0.3313244307918741,0.1101102988085715,B.RF1.CSE025,165,0,1993,0.17575757575757575,9,165,0
12,0,HK,0,class,0.22157013099890802,0.10848168232491148,B.RF1.CSE025,41,0,1993,0.2926829268292683,9,40,0
8,0,HK,0,class,0.4860722478468786,0.10811565274843343,B.RF1.CSE025,153,0,1993,0.0457516339869281,9,153,0
2,0,HK,0,class,0.6479692151984635,0.10559792153296374,B.RF1.CSE025,182,0,1993,0.0,9,182,0
11,2,HK,0,class,0.09103656414839571,0.10609933922641789,B.RF1.CSE025,61,0,1993,0.639344262295082,9,61,0
17,0,HK,0,class,0.0851178771235371,0.10762998703595875,B.RF1.CSE025,5,0,1993,0.8,9,5,0
3,0,HK,1,class,0.27839177347569066,0.11328266068392968,B.RF1.CSE025,157,0,1993,0.1910828025477707,9,157,0
21,0,HK,0,class,0.14946302811970474,0.11156958585225113,B.RF1.CSE025,4,0,1993,0.25,9,4,0
16,0,HK,0,class,0.04685620489657735,0.11230137128387249,B.RF1.CSE025,8,0,1993,1.0,9,8,0
22,0,HK,0,class,0.21662741655464274,0.10708709381230312,B.RF1.CSE025,21,0,1993,0.3333333333333333,9,21,0
13,0,HK,0,class,0.44646522385460274,0.1089862526492168,B.RF1.CSE025,160,0,1993,0.05625,9,160,0
18,0,HK,1,class,0.08396251895591512,0.10811556234352634,B.RF1.CSE025,33,0,1993,0.7575757575757576,9,32,2
14,0,HK,0,class,0.4443297843338218,0.11240467184695226,B.RF1.CSE025,60,0,1993,0.016666666666666666,9,60,0
9,0,HK,0,class,0.5298872965487029,0.11055643560881998,B.RF1.CSE025,164,0,1993,0.012195121951219513,9,164,0
19,0,HK,0,class,0.03246245930047453,0.10547245820798193,B.RF1.CSE025,2,0,1993,1.0,9,1,0
15,0,HK,0,class,0.6411117945516382,0.11809629561079275,B.RF1.CSE025,123,0,1993,0.008130081300813009,9,123,0
6,0,HK,0,class,0.025544912103741907,0.1050264128448411,B.RF1.CSE025,1,0,1993,1.0,9,0,0
all,2,HK,2,old,0.4086015977648663,0.10926260399359225,B.RF1.CSE025,1223,0,1993,0.1471790678659035,9,1220,2
all,0,HK,0,current,0.6361475454996391,0.1179908933304222,B.RF1.CSE025,124,0,1993,0.016129032258064516,9,123,0
all,0,HK,0,tail,0.07838978546469076,0.10997444839412146,B.RF1.CSE025,27,0,1993,0.7407407407407407,9,25,0
0,0,HK,0,class,0.05161699035238083,0.36802810798444385,G.RF2.CSE1,7,0,1993,1.0,9,7,1
4,6,HK,0,class,0.2242291523045203,0.33677554427341483,G.RF2.CSE1,165,0,1993,0.7393939393939394,9,165,1
12,0,HK,0,class,0.17918646816562275,0.36395942110524016,G.RF2.CSE1,41,0,1993,0.926829268292683,9,41,1
8,1,HK,1,class,0.35383915090282686,0.3497632088908331,G.RF2.CSE1,153,0,1993,0.4444444444444444,9,153,0
2,0,HK,0,class,0.6191304152625835,0.3539958807141749,G.RF2.CSE1,182,0,1993,0.0,9,182,0
11,9,HK,0,class,0.07252346169049882,0.36533411301665014,G.RF2.CSE1,61,0,1993,1.0,9,60,0
17,1,HK,0,class,0.09563047111142817,0.3592159449228054,G.RF2.CSE1,5,0,1993,1.0,9,5,0
3,0,HK,16,class,0.1596507130437697,0.3388059650894618,G.RF2.CSE1,157,0,1993,0.9171974522292994,9,157,0
21,0,HK,0,class,0.08834118648494152,0.3517422998345995,G.RF2.CSE1,4,0,1993,1.0,9,4,0
16,0,HK,1,class,0.06406833214717914,0.37835485420380666,G.RF2.CSE1,8,0,1993,1.0,9,8,0
22,0,HK,0,class,0.14569190213784716,0.34853294793438916,G.RF2.CSE1,21,0,1993,0.9523809523809523,9,20,0
13,0,HK,0,class,0.3593356791119984,0.35372413494270083,G.RF2.CSE1,160,0,1993,0.4875,9,160,1
18,0,HK,0,class,0.06362798372337077,0.3569832407279479,G.RF2.CSE1,33,0,1993,1.0,9,30,3
14,0,HK,0,class,0.35549207701889146,0.34503553918208646,G.RF2.CSE1,60,0,1993,0.48333333333333334,9,60,0
9,0,HK,0,class,0.4804196571822851,0.3500245179280664,G.RF2.CSE1,164,0,1993,0.2621951219512195,9,164,0
19,0,HK,0,class,0.04939630340656405,0.3357979948402144,G.RF2.CSE1,2,0,1993,1.0,9,1,0
15,0,HK,0,class,0.5701773397314223,0.3580938739747382,G.RF2.CSE1,123,0,1993,0.11382113821138211,9,123,0
6,0,HK,0,class,0.10744788142053396,0.31520918626070293,G.RF2.CSE1,1,0,1993,1.0,9,0,0
all,17,HK,18,old,0.3313394602327224,0.34929564510999656,G.RF2.CSE1,1223,0,1993,0.5412919051512673,9,1217,7
all,0,HK,0,current,0.5664456505514959,0.35774802971897984,G.RF2.CSE1,124,0,1993,0.12096774193548387,9,123,0
all,1,HK,1,tail,0.07080085849535807,0.36269961812648577,G.RF2.CSE1,27,0,1993,1.0,9,25,1
0,0,HK,0,class,0.05161699035238083,0.09200702699611098,G.RF2.CSE025,7,0,1993,0.8571428571428571,9,7,0
4,2,HK,0,class,0.2242291523045203,0.08419388606835371,G.RF2.CSE025,165,0,1993,0.20606060606060606,9,165,0
12,0,HK,0,class,0.17918646816562275,0.09098985527631004,G.RF2.CSE025,41,0,1993,0.24390243902439024,9,41,0
8,0,HK,0,class,0.35383915090282686,0.08744080222270828,G.RF2.CSE025,153,0,1993,0.06535947712418301,9,153,0
2,0,HK,0,class,0.6191304152625835,0.08849897017854373,G.RF2.CSE025,182,0,1993,0.0,9,182,0
11,2,HK,0,class,0.07252346169049882,0.09133352825416254,G.RF2.CSE025,61,0,1993,0.7049180327868853,9,60,0
17,0,HK,0,class,0.09563047111142817,0.08980398623070135,G.RF2.CSE025,5,0,1993,0.6,9,5,0
3,0,HK,5,class,0.1596507130437697,0.08470149127236545,G.RF2.CSE025,157,0,1993,0.2802547770700637,9,157,0
21,0,HK,0,class,0.08834118648494152,0.08793557495864987,G.RF2.CSE025,4,0,1993,0.5,9,4,0
16,0,HK,0,class,0.06406833214717914,0.09458871355095168,G.RF2.CSE025,8,0,1993,0.875,9,8,0
22,0,HK,0,class,0.14569190213784716,0.08713323698359729,G.RF2.CSE025,21,0,1993,0.42857142857142855,9,20,0
13,0,HK,0,class,0.3593356791119984,0.08843103373567521,G.RF2.CSE025,160,0,1993,0.08125,9,160,1
18,0,HK,0,class,0.06362798372337077,0.08924581018198698,G.RF2.CSE025,33,0,1993,0.7272727272727273,9,30,2
14,0,HK,0,class,0.35549207701889146,0.08625888479552161,G.RF2.CSE025,60,0,1993,0.05,9,60,0
9,0,HK,0,class,0.4804196571822851,0.0875061294820166,G.RF2.CSE025,164,0,1993,0.024390243902439025,9,164,0
19,0,HK,0,class,0.04939630340656405,0.0839494987100536,G.RF2.CSE025,2,0,1993,1.0,9,1,0
15,0,HK,0,class,0.5701773397314223,0.08952346849368453,G.RF2.CSE025,123,0,1993,0.008130081300813009,9,123,0
6,0,HK,0,class,0.10744788142053396,0.07880229656517573,G.RF2.CSE025,1,0,1993,0.0,9,0,0
all,4,HK,5,old,0.3313394602327224,0.08732391127749914,G.RF2.CSE025,1223,0,1993,0.1749795584627964,9,1217,3
all,0,HK,0,current,0.5664456505514959,0.08943700742974495,G.RF2.CSE025,124,0,1993,0.008064516129032258,9,123,0
all,0,HK,0,tail,0.07080085849535807,0.09067490453162147,G.RF2.CSE025,27,0,1993,0.7407407407407407,9,25,0
0,0,HK,0,class,0.09488604639396718,0.44028544486896937,B.RF2.CSE1,7,0,1993,1.0,9,7,0
4,4,HK,1,class,0.3259454457079378,0.4405568230411351,B.RF2.CSE1,165,0,1993,0.6848484848484848,9,165,0
12,0,HK,0,class,0.22180539500563348,0.4337818728249459,B.RF2.CSE1,41,0,1993,0.926829268292683,9,40,0
8,0,HK,0,class,0.48281579723285767,0.43284254497062147,B.RF2.CSE1,153,0,1993,0.37254901960784315,9,153,0
2,0,HK,0,class,0.6433099775306969,0.4226953750112399,B.RF2.CSE1,182,0,1993,0.04395604395604396,9,182,0
11,2,HK,0,class,0.09031514655183365,0.4250194535127319,B.RF2.CSE1,61,0,1993,1.0,9,61,0
17,0,HK,1,class,0.08573551258172538,0.4370164411915883,B.RF2.CSE1,5,0,1993,1.0,9,5,0
3,1,HK,3,class,0.27443165015134297,0.45313064273571874,B.RF2.CSE1,157,0,1993,0.8535031847133758,9,157,0
21,0,HK,0,class,0.12807848479234604,0.4462783434090045,B.RF2.CSE1,4,0,1993,1.0,9,3,0
16,0,HK,0,class,0.05891654729851492,0.4492054851354899,B.RF2.CSE1,8,0,1993,1.0,9,8,0
22,0,HK,0,class,0.20958617326958348,0.4284091055889578,B.RF2.CSE1,21,0,1993,0.8571428571428571,9,21,1
13,1,HK,0,class,0.43806441316357214,0.4358401921449218,B.RF2.CSE1,160,0,1993,0.425,9,160,0
18,0,HK,3,class,0.09180843786495929,0.4333068534460559,B.RF2.CSE1,33,0,1993,1.0,9,31,1
14,0,HK,0,class,0.44477551258029896,0.449618687387809,B.RF2.CSE1,60,0,1993,0.5333333333333333,9,60,0
9,0,HK,0,class,0.5360343339717105,0.44268626913926273,B.RF2.CSE1,164,0,1993,0.3475609756097561,9,164,0
19,0,HK,0,class,0.004752773380750586,0.4218898328319277,B.RF2.CSE1,2,0,1993,1.0,9,1,0
15,0,HK,0,class,0.6355002555495389,0.47238518244317107,B.RF2.CSE1,123,0,1993,0.17886178861788618,9,123,0
6,0,HK,0,class,0.015247178647956966,0.41857981128673044,B.RF2.CSE1,1,0,1993,1.0,9,0,0
all,8,HK,8,old,0.40607255364694833,0.4372833463129623,B.RF2.CSE1,1223,0,1993,0.5273916598528209,9,1218,2
all,0,HK,0,current,0.6304982146067842,0.47195126815965144,B.RF2.CSE1,124,0,1993,0.18548387096774194,9,123,0
all,0,HK,1,tail,0.0778251455790133,0.4410443352485648,B.RF2.CSE1,27,0,1993,1.0,9,24,0
0,0,HK,0,class,0.09488604639396718,0.11007136121724233,B.RF2.CSE025,7,0,1993,0.5714285714285714,9,7,0
4,1,HK,0,class,0.3259454457079378,0.11013920576028377,B.RF2.CSE025,165,0,1993,0.18787878787878787,9,165,0
12,0,HK,0,class,0.22180539500563348,0.10844546820623648,B.RF2.CSE025,41,0,1993,0.24390243902439024,9,40,0
8,0,HK,0,class,0.48281579723285767,0.10821063624265537,B.RF2.CSE025,153,0,1993,0.0392156862745098,9,153,0
2,0,HK,0,class,0.6433099775306969,0.10567384375280997,B.RF2.CSE025,182,0,1993,0.0,9,182,0
11,0,HK,0,class,0.09031514655183365,0.10625486337818298,B.RF2.CSE025,61,0,1993,0.6885245901639344,9,61,0
17,0,HK,1,class,0.08573551258172538,0.10925411029789707,B.RF2.CSE025,5,0,1993,0.8,9,5,0
3,0,HK,1,class,0.27443165015134297,0.11328266068392964,B.RF2.CSE025,157,0,1993,0.24203821656050956,9,157,0
21,0,HK,0,class,0.12807848479234604,0.11156958585225113,B.RF2.CSE025,4,0,1993,0.25,9,3,0
16,0,HK,0,class,0.05891654729851492,0.11230137128387248,B.RF2.CSE025,8,0,1993,0.875,9,8,0
22,0,HK,0,class,0.20958617326958348,0.10710227639723945,B.RF2.CSE025,21,0,1993,0.38095238095238093,9,21,0
13,0,HK,0,class,0.43806441316357214,0.10896004803623045,B.RF2.CSE025,160,0,1993,0.06875,9,160,0
18,0,HK,1,class,0.09180843786495929,0.10832671336151398,B.RF2.CSE025,33,0,1993,0.6666666666666666,9,31,1
14,0,HK,0,class,0.44477551258029896,0.11240467184695223,B.RF2.CSE025,60,0,1993,0.016666666666666666,9,60,0
9,0,HK,0,class,0.5360343339717105,0.11067156728481566,B.RF2.CSE025,164,0,1993,0.006097560975609756,9,164,0
19,0,HK,0,class,0.004752773380750586,0.10547245820798193,B.RF2.CSE025,2,0,1993,1.0,9,1,0
15,0,HK,0,class,0.6355002555495389,0.11809629561079277,B.RF2.CSE025,123,0,1993,0.0,9,123,0
6,0,HK,0,class,0.015247178647956966,0.10464495282168262,B.RF2.CSE025,1,0,1993,1.0,9,0,0
all,1,HK,3,old,0.40607255364694833,0.10932083657824057,B.RF2.CSE025,1223,0,1993,0.15372035977105478,9,1218,1
all,0,HK,0,current,0.6304982146067842,0.11798781703991286,B.RF2.CSE025,124,0,1993,0.008064516129032258,9,123,0
all,0,HK,1,tail,0.0778251455790133,0.1102610838121412,B.RF2.CSE025,27,0,1993,0.7037037037037037,9,24,0
0,0,HK,0,class,0.04233835742263348,0.3682937429206831,G.RF1.CSEperm1,7,0,1993,1.0,9,7,1
4,0,HK,0,class,0.22763756843118146,0.33322217514105373,G.RF1.CSEperm1,165,0,1993,0.7272727272727273,9,165,2
12,0,HK,0,class,0.19138432775349146,0.36494882879265106,G.RF1.CSEperm1,41,0,1993,0.9024390243902439,9,41,0
8,0,HK,1,class,0.349803538967752,0.34953899126641247,G.RF1.CSEperm1,153,0,1993,0.4444444444444444,9,153,0
2,0,HK,0,class,0.6200604472525099,0.35140802381243824,G.RF1.CSEperm1,182,0,1993,0.0,9,182,0
11,2,HK,1,class,0.07505839008077538,0.36448841813869987,G.RF1.CSEperm1,61,0,1993,1.0,9,60,1
17,1,HK,0,class,0.08737887767746792,0.36022276140999215,G.RF1.CSEperm1,5,0,1993,1.0,9,5,0
3,4,HK,3,class,0.1622940948290143,0.3368215520109157,G.RF1.CSEperm1,157,0,1993,0.9299363057324841,9,157,0
21,0,HK,0,class,0.08374019294191361,0.3524420645892329,G.RF1.CSEperm1,4,0,1993,1.0,9,4,0
16,1,HK,0,class,0.058764088159992234,0.3771441019006592,G.RF1.CSEperm1,8,0,1993,1.0,9,8,0
22,0,HK,1,class,0.1496219808052793,0.35184041630926216,G.RF1.CSEperm1,21,0,1993,0.9523809523809523,9,21,0
13,0,HK,0,class,0.36485505798556706,0.35840103032944176,G.RF1.CSEperm1,160,0,1993,0.475,9,160,0
18,1,HK,0,class,0.05869182451610722,0.36028552781067597,G.RF1.CSEperm1,33,0,1993,1.0,9,30,1
14,0,HK,1,class,0.3613592531697802,0.3453179815892946,G.RF1.CSEperm1,60,0,1993,0.43333333333333335,9,60,0
9,0,HK,0,class,0.4793347724654841,0.3510559093569517,G.RF1.CSEperm1,164,0,1993,0.23780487804878048,9,164,0
19,0,HK,0,class,0.04530333861891775,0.3484216369673513,G.RF1.CSEperm1,2,0,1993,1.0,9,1,0
15,0,HK,0,class,0.5666387073917397,0.3571934876751402,G.RF1.CSEperm1,123,0,1993,0.10569105691056911,9,123,0
6,0,HK,0,class,0.08439121065296828,0.31683727490307134,G.RF1.CSEperm1,1,0,1993,1.0,9,0,0
all,9,HK,7,old,0.33296298918800826,0.349069895704349,G.RF1.CSEperm1,1223,0,1993,0.5331152902698283,9,1218,5
all,0,HK,0,current,0.5627496146761044,0.3568680343463332,G.RF1.CSEperm1,124,0,1993,0.11290322580645161,9,123,0
all,2,HK,0,tail,0.06345682426978408,0.3636952455516564,G.RF1.CSEperm1,27,0,1993,1.0,9,25,1
0,0,HK,0,class,0.0896804627961195,0.4242012287958468,B.RF1.CSEperm1,7,0,1993,1.0,9,7,0
4,4,HK,1,class,0.3313244307918741,0.41648096268515894,B.RF1.CSEperm1,165,0,1993,0.6181818181818182,9,165,0
12,1,HK,0,class,0.22157013099890802,0.42908143001255333,B.RF1.CSEperm1,41,0,1993,0.9024390243902439,9,40,1
8,3,HK,0,class,0.4860722478468786,0.4184899768606475,B.RF1.CSEperm1,153,0,1993,0.3006535947712418,9,153,0
2,0,HK,0,class,0.6479692151984635,0.4112939578581954,B.RF1.CSEperm1,182,0,1993,0.038461538461538464,9,182,0
11,2,HK,7,class,0.09103656414839571,0.4239991748376532,B.RF1.CSEperm1,61,0,1993,1.0,9,61,1
17,0,HK,3,class,0.0851178771235371,0.43372263091560803,B.RF1.CSEperm1,5,0,1993,1.0,9,5,0
3,0,HK,10,class,0.27839177347569066,0.44168119456906285,B.RF1.CSEperm1,157,0,1993,0.8280254777070064,9,157,1
21,0,HK,0,class,0.14946302811970474,0.4292853217088542,B.RF1.CSEperm1,4,0,1993,1.0,9,4,0
16,0,HK,1,class,0.04685620489657735,0.43378626960133776,B.RF1.CSEperm1,8,0,1993,1.0,9,8,1
22,1,HK,0,class,0.21662741655464274,0.425720563779343,B.RF1.CSEperm1,21,0,1993,0.7619047619047619,9,21,0
13,0,HK,2,class,0.44646522385460274,0.408355147113069,B.RF1.CSEperm1,160,0,1993,0.40625,9,160,1
18,0,HK,0,class,0.08396251895591512,0.4293443839351025,B.RF1.CSEperm1,33,0,1993,1.0,9,32,1
14,0,HK,0,class,0.4443297843338218,0.4370765156704923,B.RF1.CSEperm1,60,0,1993,0.48333333333333334,9,60,0
9,0,HK,1,class,0.5298872965487029,0.42647738646025946,B.RF1.CSEperm1,164,0,1993,0.2926829268292683,9,164,0
19,0,HK,0,class,0.03246245930047453,0.42747187385851926,B.RF1.CSEperm1,2,0,1993,1.0,9,1,1
15,0,HK,0,class,0.6411117945516382,0.4468633689864334,B.RF1.CSEperm1,123,0,1993,0.14634146341463414,9,123,0
6,0,HK,0,class,0.025544912103741907,0.42010565137936434,B.RF1.CSEperm1,1,0,1993,1.0,9,0,0
all,11,HK,25,old,0.4086015977648663,0.4220741298368079,B.RF1.CSEperm1,1223,0,1993,0.49059689288634506,9,1220,7
all,0,HK,0,current,0.6361475454996391,0.4466475809412151,B.RF1.CSEperm1,124,0,1993,0.1532258064516129,9,123,0
all,0,HK,4,tail,0.07838978546469076,0.42964824440338845,B.RF1.CSEperm1,27,0,1993,1.0,9,25,2
0,0,HK,0,class,0.04624484907827781,0.36802810798444385,G.LIN.CSE1,7,0,1993,1.0,10,7,0
4,5,HK,0,class,0.23799996526438033,0.3363051240824008,G.LIN.CSE1,165,0,1993,0.6848484848484848,10,165,1
12,0,HK,0,class,0.17572348865891982,0.363263712637098,G.LIN.CSE1,41,0,1993,0.926829268292683,10,41,1
8,0,HK,0,class,0.34009270674251196,0.34974657314030366,G.LIN.CSE1,153,0,1993,0.49673202614379086,10,153,0
2,0,HK,0,class,0.6182411106380402,0.35263720132909954,G.LIN.CSE1,182,0,1993,0.0,10,182,0
11,5,HK,0,class,0.0695932922122458,0.36561644316164404,G.LIN.CSE1,61,0,1993,1.0,10,61,1
17,0,HK,0,class,0.09882000005141121,0.3589650949682088,G.LIN.CSE1,5,0,1993,1.0,10,5,0
3,0,HK,13,class,0.17223400941478875,0.33853586648597106,G.LIN.CSE1,157,0,1993,0.89171974522293,10,157,0
21,0,HK,0,class,0.06736254152259377,0.3521437782550041,G.LIN.CSE1,4,0,1993,1.0,10,4,0
16,0,HK,0,class,0.06454688376292253,0.3774672696817921,G.LIN.CSE1,8,0,1993,1.0,10,8,0
22,0,HK,0,class,0.13576641815778126,0.34739839864391964,G.LIN.CSE1,21,0,1993,0.9523809523809523,10,21,0
13,0,HK,0,class,0.3707222595105622,0.35316311765960096,G.LIN.CSE1,160,0,1993,0.44375,10,159,0
18,0,HK,1,class,0.05419884620763986,0.3564311854137797,G.LIN.CSE1,33,0,1993,1.0,10,29,0
14,0,HK,0,class,0.2507064789111684,0.3444887644804278,G.LIN.CSE1,60,0,1993,0.6666666666666666,10,60,0
9,0,HK,0,class,0.4755067810813456,0.350016309640993,G.LIN.CSE1,164,0,1993,0.24390243902439024,10,164,0
19,0,HK,0,class,0.015106764998153874,0.3357979948402144,G.LIN.CSE1,2,0,1993,1.0,10,1,0
15,0,HK,0,class,0.5640003767424525,0.35711619403396455,G.LIN.CSE1,123,0,1993,0.11382113821138211,10,123,0
6,0,HK,0,class,0.027850127174383232,0.31520918626070293,G.LIN.CSE1,1,0,1993,1.0,10,0,0
5,0,HK,0,class,0.17691908810015075,0.3429734676438915,G.LIN.CSE1,1,0,1993,1.0,10,1,0
20,2,HK,3,class,0.044099611557689045,0.3480538560231639,G.LIN.CSE1,66,0,1993,1.0,10,60,2
all,10,HK,14,old,0.3491678709063046,0.34957328552652145,G.LIN.CSE1,1347,0,1993,0.49962880475129917,10,1340,3
all,2,HK,3,current,0.04608199180459146,0.34797802933093597,G.LIN.CSE1,67,0,1993,1.0,10,61,2
all,0,HK,0,tail,0.06566506875962849,0.3617540765996975,G.LIN.CSE1,28,0,1993,1.0,10,26,0
0,0,HK,0,class,0.04624484907827781,0.09200702699611098,G.LIN.CSE025,7,0,1993,0.8571428571428571,10,7,0
4,1,HK,0,class,0.23799996526438033,0.0840762810206002,G.LIN.CSE025,165,0,1993,0.20606060606060606,10,165,0
12,0,HK,0,class,0.17572348865891982,0.09081592815927449,G.LIN.CSE025,41,0,1993,0.2926829268292683,10,41,0
8,0,HK,0,class,0.34009270674251196,0.08743664328507592,G.LIN.CSE025,153,0,1993,0.058823529411764705,10,153,0
2,0,HK,0,class,0.6182411106380402,0.08815930033227488,G.LIN.CSE025,182,0,1993,0.0,10,182,0
11,3,HK,0,class,0.0695932922122458,0.09140411079041101,G.LIN.CSE025,61,0,1993,0.7049180327868853,10,61,0
17,0,HK,0,class,0.09882000005141121,0.0897412737420522,G.LIN.CSE025,5,0,1993,0.6,10,5,0
3,0,HK,1,class,0.17223400941478875,0.08463396662149276,G.LIN.CSE025,157,0,1993,0.2611464968152866,10,157,0
21,0,HK,0,class,0.06736254152259377,0.08803594456375102,G.LIN.CSE025,4,0,1993,0.75,10,4,0
16,0,HK,0,class,0.06454688376292253,0.09436681742044803,G.LIN.CSE025,8,0,1993,0.875,10,8,0
22,0,HK,0,class,0.13576641815778126,0.0868495996609799,G.LIN.CSE025,21,0,1993,0.5714285714285714,10,21,0
13,0,HK,0,class,0.3707222595105622,0.08829077941490024,G.LIN.CSE025,160,0,1993,0.0625,10,159,0
18,0,HK,0,class,0.05419884620763986,0.08910779635344493,G.LIN.CSE025,33,0,1993,0.7878787878787878,10,29,0
14,0,HK,0,class,0.2507064789111684,0.08612219112010695,G.LIN.CSE025,60,0,1993,0.2,10,60,0
9,0,HK,0,class,0.4755067810813456,0.08750407741024825,G.LIN.CSE025,164,0,1993,0.03048780487804878,10,164,0
19,0,HK,0,class,0.015106764998153874,0.0839494987100536,G.LIN.CSE025,2,0,1993,1.0,10,1,0
15,0,HK,0,class,0.5640003767424525,0.08927904850849114,G.LIN.CSE025,123,0,1993,0.008130081300813009,10,123,0
6,0,HK,0,class,0.027850127174383232,0.07880229656517573,G.LIN.CSE025,1,0,1993,1.0,10,0,0
5,0,HK,0,class,0.17691908810015075,0.0857433669109729,G.LIN.CSE025,1,0,1993,0.0,10,1,0
20,0,HK,1,class,0.044099611557689045,0.08701346400579099,G.LIN.CSE025,66,0,1993,0.8939393939393939,10,60,0
all,4,HK,1,old,0.3491678709063046,0.08739332138163036,G.LIN.CSE025,1347,0,1993,0.16852264291017074,10,1340,0
all,0,HK,1,current,0.04608199180459146,0.086994507332734,G.LIN.CSE025,67,0,1993,0.8805970149253731,10,61,0
all,0,HK,0,tail,0.06566506875962849,0.09043851914992437,G.LIN.CSE025,28,0,1993,0.7857142857142857,10,26,0
0,0,HK,0,class,0.04227931791478625,0.3688309151553577,G.RF1.CSE1,7,0,1993,1.0,10,7,2
4,3,HK,0,class,0.21503455198663543,0.33618458134322193,G.RF1.CSE1,165,0,1993,0.7575757575757576,10,165,1
12,0,HK,0,class,0.1809119503315642,0.36416074389188297,G.RF1.CSE1,41,0,1993,0.926829268292683,10,41,0
8,1,HK,0,class,0.33262183926113376,0.349539074372282,G.RF1.CSE1,153,0,1993,0.5228758169934641,10,153,0
2,0,HK,0,class,0.6046651074089114,0.35258037934811126,G.RF1.CSE1,182,0,1993,0.005494505494505495,10,182,0
11,5,HK,0,class,0.07002131237702444,0.3651406479601754,G.RF1.CSE1,61,0,1993,1.0,10,60,0
17,1,HK,0,class,0.0912461126626759,0.3610597778987001,G.RF1.CSE1,5,0,1993,1.0,10,5,0
3,0,HK,12,class,0.15147536194315403,0.3384330781270131,G.RF1.CSE1,157,0,1993,0.9426751592356688,10,157,0
21,0,HK,0,class,0.06959397789804585,0.3519341099743876,G.RF1.CSE1,4,0,1993,1.0,10,4,0
16,0,HK,1,class,0.054406885391366254,0.37835485420380666,G.RF1.CSE1,8,0,1993,1.0,10,8,0
22,0,HK,0,class,0.12350997633289074,0.34739829716833914,G.RF1.CSE1,21,0,1993,0.9523809523809523,10,20,1
13,0,HK,0,class,0.35108194674630744,0.3530926476585554,G.RF1.CSE1,160,0,1993,0.4875,10,159,0
18,2,HK,0,class,0.04871092782524588,0.35648436227346697,G.RF1.CSE1,33,0,1993,1.0,10,29,2
14,1,HK,0,class,0.24077212048559718,0.3443636119219596,G.RF1.CSE1,60,0,1993,0.7166666666666667,10,60,0
9,0,HK,0,class,0.4605155327768816,0.3503519249045087,G.RF1.CSE1,164,0,1993,0.25609756097560976,10,164,0
19,0,HK,0,class,0.007897284431067048,0.3357979948402144,G.RF1.CSE1,2,0,1993,1.0,10,1,0
15,0,HK,0,class,0.550291376928429,0.3576839518523873,G.RF1.CSE1,123,0,1993,0.12195121951219512,10,123,0
6,0,HK,0,class,0.02375744282733014,0.31520918626070293,G.RF1.CSE1,1,0,1993,1.0,10,0,0
5,0,HK,0,class,0.21443392095674635,0.3429734676438916,G.RF1.CSE1,1,0,1993,1.0,10,1,0
20,1,HK,2,class,0.04672978909266883,0.3480644879953583,G.RF1.CSE1,66,0,1993,1.0,10,61,6
all,13,HK,13,old,0.33513554434991955,0.349617708000375,G.RF1.CSE1,1347,0,1993,0.5278396436525612,10,1338,6
all,1,HK,2,current,0.049232835836908795,0.3479885026169782,G.RF1.CSE1,67,0,1993,1.0,10,62,6
all,1,HK,1,tail,0.0614215255745074,0.3625524718819298,G.RF1.CSE1,28,0,1993,1.0,10,26,2
0,0,HK,0,class,0.04227931791478625,0.09220772878883944,G.RF1.CSE025,7,0,1993,0.8571428571428571,10,7,0
4,0,HK,0,class,0.21503455198663543,0.08404614533580548,G.RF1.CSE025,165,0,1993,0.2,10,165,0
12,0,HK,0,class,0.1809119503315642,0.09104018597297074,G.RF1.CSE025,41,0,1993,0.24390243902439024,10,41,0
8,0,HK,0,class,0.33262183926113376,0.0873847685930705,G.RF1.CSE025,153,0,1993,0.058823529411764705,10,153,0
2,0,HK,0,class,0.6046651074089114,0.08814509483702782,G.RF1.CSE025,182,0,1993,0.0,10,182,0
11,1,HK,0,class,0.07002131237702444,0.09128516199004384,G.RF1.CSE025,61,0,1993,0.6721311475409836,10,60,0
17,0,HK,0,class,0.0912461126626759,0.09026494447467506,G.RF1.CSE025,5,0,1993,0.6,10,5,0
3,0,HK,5,class,0.15147536194315403,0.08460826953175328,G.RF1.CSE025,157,0,1993,0.2802547770700637,10,157,0
21,0,HK,0,class,0.06959397789804585,0.08798352749359689,G.RF1.CSE025,4,0,1993,1.0,10,4,0
16,0,HK,0,class,0.054406885391366254,0.09458871355095166,G.RF1.CSE025,8,0,1993,0.875,10,8,0
22,0,HK,0,class,0.12350997633289074,0.08684957429208479,G.RF1.CSE025,21,0,1993,0.5238095238095238,10,20,0
13,0,HK,0,class,0.35108194674630744,0.08827316191463885,G.RF1.CSE025,160,0,1993,0.0875,10,159,0
18,0,HK,0,class,0.04871092782524588,0.08912109056836674,G.RF1.CSE025,33,0,1993,0.8181818181818182,10,29,0
14,1,HK,0,class,0.24077212048559718,0.0860909029804899,G.RF1.CSE025,60,0,1993,0.16666666666666666,10,60,0
9,0,HK,0,class,0.4605155327768816,0.08758798122612718,G.RF1.CSE025,164,0,1993,0.024390243902439025,10,164,0
19,0,HK,0,class,0.007897284431067048,0.08394949871005361,G.RF1.CSE025,2,0,1993,1.0,10,1,0
15,0,HK,0,class,0.550291376928429,0.08942098796309683,G.RF1.CSE025,123,0,1993,0.008130081300813009,10,123,0
6,0,HK,0,class,0.02375744282733014,0.07880229656517573,G.RF1.CSE025,1,0,1993,1.0,10,0,0
5,0,HK,0,class,0.21443392095674635,0.08574336691097284,G.RF1.CSE025,1,0,1993,0.0,10,1,0
20,0,HK,0,class,0.04672978909266883,0.08701612199883957,G.RF1.CSE025,66,0,1993,0.8787878787878788,10,61,1
all,2,HK,5,old,0.33513554434991955,0.08740442700009375,G.RF1.CSE025,1347,0,1993,0.16852264291017074,10,1338,0
all,0,HK,0,current,0.049232835836908795,0.08699712565424456,G.RF1.CSE025,67,0,1993,0.8656716417910447,10,62,1
all,0,HK,0,tail,0.0614215255745074,0.09063811797048242,G.RF1.CSE025,28,0,1993,0.8214285714285714,10,26,0
0,0,HK,1,class,0.06984576757106382,0.4402854448689692,B.LIN.CSE1,7,0,1993,1.0,10,7,1
4,3,HK,0,class,0.25719445200179575,0.44076314915222986,B.LIN.CSE1,165,0,1993,0.8242424242424242,10,165,0
12,0,HK,0,class,0.16006075929339675,0.43318739003492956,B.LIN.CSE1,41,0,1993,1.0,10,40,2
8,1,HK,0,class,0.3735070468765923,0.43288273153083806,B.LIN.CSE1,153,0,1993,0.6797385620915033,10,153,0
2,0,HK,0,class,0.5462858173192232,0.4223400791611182,B.LIN.CSE1,182,0,1993,0.14285714285714285,10,182,0
11,4,HK,0,class,0.05898016661084393,0.424060007749528,B.LIN.CSE1,61,0,1993,1.0,10,61,2
17,0,HK,1,class,0.07589057756885438,0.425388880621846,B.LIN.CSE1,5,0,1993,1.0,10,5,0
3,2,HK,6,class,0.2051064261076378,0.45303742234176364,B.LIN.CSE1,157,0,1993,0.9745222929936306,10,157,0
21,0,HK,0,class,0.0749349761683325,0.4462783434090045,B.LIN.CSE1,4,0,1993,1.0,10,3,0
16,0,HK,0,class,0.043511089187691004,0.44920548513548997,B.LIN.CSE1,8,0,1993,1.0,10,8,0
22,0,HK,1,class,0.1431231310135263,0.42447387507956275,B.LIN.CSE1,21,0,1993,1.0,10,21,0
13,1,HK,0,class,0.36596955469271436,0.43625519508718913,B.LIN.CSE1,160,0,1993,0.64375,10,159,0
18,0,HK,3,class,0.05368678821007179,0.43246139583870086,B.LIN.CSE1,33,0,1993,1.0,10,28,1
14,3,HK,1,class,0.22600970122113262,0.4494569434175848,B.LIN.CSE1,60,0,1993,0.9166666666666666,10,60,0
9,0,HK,0,class,0.4500761751550505,0.44242649096383313,B.LIN.CSE1,164,0,1993,0.49390243902439024,10,164,0
19,0,HK,0,class,0.0122456029488162,0.4218898328319277,B.LIN.CSE1,2,0,1993,1.0,10,1,0
15,0,HK,0,class,0.5507847823051526,0.47227924160015367,B.LIN.CSE1,123,0,1993,0.2845528455284553,10,123,0
6,0,HK,0,class,0.03960614285881886,0.4152285676593448,B.LIN.CSE1,1,0,1993,1.0,10,0,0
5,0,HK,0,class,0.07552274598156788,0.4630599000079219,B.LIN.CSE1,1,0,1993,1.0,10,1,0
20,0,HK,3,class,0.04830221131794554,0.42561818055342937,B.LIN.CSE1,66,0,1993,1.0,10,59,4
all,14,HK,13,old,0.34254042498942633,0.4402572496005537,B.LIN.CSE1,1347,0,1993,0.6503340757238307,10,1337,6
all,0,HK,3,current,0.04870848795471602,0.4261770121870785,B.LIN.CSE1,67,0,1993,1.0,10,60,4
all,0,HK,2,tail,0.05913649906266415,0.43963456804439555,B.LIN.CSE1,28,0,1993,1.0,10,25,1
0,0,HK,0,class,0.06984576757106382,0.11007136121724234,B.LIN.CSE025,7,0,1993,0.7142857142857143,10,7,0
4,3,HK,0,class,0.25719445200179575,0.11019078728805749,B.LIN.CSE025,165,0,1993,0.24242424242424243,10,165,0
12,0,HK,0,class,0.16006075929339675,0.10829684750873243,B.LIN.CSE025,41,0,1993,0.3902439024390244,10,40,0
8,0,HK,0,class,0.3735070468765923,0.10822068288270952,B.LIN.CSE025,153,0,1993,0.0457516339869281,10,153,0
2,0,HK,0,class,0.5462858173192232,0.10558501979027955,B.LIN.CSE025,182,0,1993,0.0,10,182,0
11,2,HK,0,class,0.05898016661084393,0.10601500193738199,B.LIN.CSE025,61,0,1993,0.7868852459016393,10,61,0
17,0,HK,1,class,0.07589057756885438,0.1063472201554615,B.LIN.CSE025,5,0,1993,0.8,10,5,0
3,1,HK,0,class,0.2051064261076378,0.11325935558544091,B.LIN.CSE025,157,0,1993,0.2611464968152866,10,157,0
21,0,HK,0,class,0.0749349761683325,0.11156958585225114,B.LIN.CSE025,4,0,1993,0.75,10,3,0
16,0,HK,0,class,0.043511089187691004,0.11230137128387249,B.LIN.CSE025,8,0,1993,1.0,10,8,0
22,0,HK,0,class,0.1431231310135263,0.10611846876989067,B.LIN.CSE025,21,0,1993,0.5714285714285714,10,21,0
13,0,HK,0,class,0.36596955469271436,0.10906379877179728,B.LIN.CSE025,160,0,1993,0.06875,10,159,0
18,0,HK,0,class,0.05368678821007179,0.1081153489596752,B.LIN.CSE025,33,0,1993,0.8787878787878788,10,28,0
14,1,HK,0,class,0.22600970122113262,0.1123642358543962,B.LIN.CSE025,60,0,1993,0.2833333333333333,10,60,0
9,0,HK,0,class,0.4500761751550505,0.11060662274095828,B.LIN.CSE025,164,0,1993,0.012195121951219513,10,164,0
19,0,HK,0,class,0.0122456029488162,0.10547245820798193,B.LIN.CSE025,2,0,1993,1.0,10,1,0
15,0,HK,0,class,0.5507847823051526,0.1180698104000384,B.LIN.CSE025,123,0,1993,0.0,10,123,0
6,0,HK,0,class,0.03960614285881886,0.10380714191483623,B.LIN.CSE025,1,0,1993,1.0,10,0,0
5,0,HK,0,class,0.07552274598156788,0.11576497500198046,B.LIN.CSE025,1,0,1993,1.0,10,1,0
20,0,HK,0,class,0.04830221131794554,0.10640454513835733,B.LIN.CSE025,66,0,1993,0.8939393939393939,10,59,1
all,7,HK,1,old,0.34254042498942633,0.11006431240013842,B.LIN.CSE025,1347,0,1993,0.18262806236080179,10,1337,0
all,0,HK,0,current,0.04870848795471602,0.10654425304676962,B.LIN.CSE025,67,0,1993,0.8955223880597015,10,60,1
all,0,HK,1,tail,0.05913649906266415,0.10990864201109889,B.LIN.CSE025,28,0,1993,0.8571428571428571,10,25,0
0,0,HK,0,class,0.08433229815292911,0.4402854448689692,B.RF1.CSE1,7,0,1993,1.0,10,7,0
4,1,HK,0,class,0.31825929987110474,0.4403815208754824,B.RF1.CSE1,165,0,1993,0.6909090909090909,10,165,0
12,0,HK,0,class,0.211525075977873,0.43392672929964593,B.RF1.CSE1,41,0,1993,0.9512195121951219,10,40,0
8,1,HK,0,class,0.46707695231304447,0.43279968363037163,B.RF1.CSE1,153,0,1993,0.38562091503267976,10,153,0
2,0,HK,0,class,0.6327146978781524,0.4223087286316765,B.RF1.CSE1,182,0,1993,0.04395604395604396,10,182,0
11,1,HK,0,class,0.08512206417523824,0.4242039892352791,B.RF1.CSE1,61,0,1993,1.0,10,61,2
17,0,HK,1,class,0.08796638542434074,0.425388880621846,B.RF1.CSE1,5,0,1993,1.0,10,5,0
3,1,HK,4,class,0.2645132306458257,0.4531915206104654,B.RF1.CSE1,157,0,1993,0.8789808917197452,10,157,0
21,0,HK,0,class,0.1180394933655772,0.4462783434090045,B.RF1.CSE1,4,0,1993,1.0,10,4,0
16,0,HK,0,class,0.04441775832694243,0.44920548513548986,B.RF1.CSE1,8,0,1993,1.0,10,8,0
22,1,HK,0,class,0.17355664952920677,0.42563544822932126,B.RF1.CSE1,21,0,1993,0.9523809523809523,10,21,0
13,0,HK,0,class,0.4342587862407806,0.4360774541331985,B.RF1.CSE1,160,0,1993,0.475,10,159,0
18,0,HK,3,class,0.06379960981036281,0.4315146088117863,B.RF1.CSE1,33,0,1993,1.0,10,29,2
14,1,HK,0,class,0.31371378729341454,0.44922773193814913,B.RF1.CSE1,60,0,1993,0.75,10,60,0
9,0,HK,0,class,0.5152065831961111,0.44236843111806984,B.RF1.CSE1,164,0,1993,0.3597560975609756,10,164,0
19,0,HK,0,class,0.010128220143914873,0.4217701091992286,B.RF1.CSE1,2,0,1993,1.0,10,1,1
15,0,HK,0,class,0.6261941835521676,0.47238518244317107,B.RF1.CSE1,123,0,1993,0.2032520325203252,10,123,0
6,0,HK,0,class,0.06421081881844681,0.42010565137936445,B.RF1.CSE1,1,0,1993,1.0,10,0,0
5,0,HK,0,class,0.17992569843843365,0.46305990000792185,B.RF1.CSE1,1,0,1993,1.0,10,1,0
20,0,HK,2,class,0.0573707618020561,0.42419683005567915,B.RF1.CSE1,66,0,1993,1.0,10,61,6
all,6,HK,8,old,0.40982582314184784,0.44021345805353806,B.RF1.CSE1,1347,0,1993,0.5226429101707498,10,1339,5
all,0,HK,2,current,0.059199939960808,0.42477687587586194,B.RF1.CSE1,67,0,1993,1.0,10,62,6
all,0,HK,1,tail,0.07578753613624165,0.43980019791777486,B.RF1.CSE1,28,0,1993,1.0,10,26,1
0,0,HK,0,class,0.08433229815292911,0.11007136121724234,B.RF1.CSE025,7,0,1993,0.5714285714285714,10,7,0
4,1,HK,0,class,0.31825929987110474,0.1100953802188706,B.RF1.CSE025,165,0,1993,0.18181818181818182,10,165,0
12,0,HK,0,class,0.211525075977873,0.10848168232491148,B.RF1.CSE025,41,0,1993,0.2926829268292683,10,40,0
8,0,HK,0,class,0.46707695231304447,0.10819992090759291,B.RF1.CSE025,153,0,1993,0.0457516339869281,10,153,0
2,0,HK,0,class,0.6327146978781524,0.10557718215791913,B.RF1.CSE025,182,0,1993,0.0,10,182,0
11,0,HK,0,class,0.08512206417523824,0.10605099730881976,B.RF1.CSE025,61,0,1993,0.6557377049180327,10,61,1
17,0,HK,0,class,0.08796638542434074,0.1063472201554615,B.RF1.CSE025,5,0,1993,0.8,10,5,0
3,1,HK,1,class,0.2645132306458257,0.11329788015261635,B.RF1.CSE025,157,0,1993,0.2356687898089172,10,157,0
21,0,HK,0,class,0.1180394933655772,0.11156958585225113,B.RF1.CSE025,4,0,1993,0.25,10,4,0
16,0,HK,0,class,0.04441775832694243,0.11230137128387249,B.RF1.CSE025,8,0,1993,1.0,10,8,0
22,0,HK,0,class,0.17355664952920677,0.10640886205733031,B.RF1.CSE025,21,0,1993,0.47619047619047616,10,21,0
13,0,HK,0,class,0.4342587862407806,0.10901936353329962,B.RF1.CSE025,160,0,1993,0.06875,10,159,0
18,0,HK,0,class,0.06379960981036281,0.10787865220294658,B.RF1.CSE025,33,0,1993,0.8484848484848485,10,29,1
14,0,HK,0,class,0.31371378729341454,0.11230693298453728,B.RF1.CSE025,60,0,1993,0.16666666666666666,10,60,0
9,0,HK,0,class,0.5152065831961111,0.11059210777951746,B.RF1.CSE025,164,0,1993,0.012195121951219513,10,164,0
19,0,HK,0,class,0.010128220143914873,0.10544252729980715,B.RF1.CSE025,2,0,1993,1.0,10,1,1
15,0,HK,0,class,0.6261941835521676,0.11809629561079277,B.RF1.CSE025,123,0,1993,0.0,10,123,0
6,0,HK,0,class,0.06421081881844681,0.10502641284484109,B.RF1.CSE025,1,0,1993,1.0,10,0,0
5,0,HK,0,class,0.17992569843843365,0.11576497500198046,B.RF1.CSE025,1,0,1993,0.0,10,1,0
20,0,HK,0,class,0.0573707618020561,0.1060492075139198,B.RF1.CSE025,66,0,1993,0.8333333333333334,10,61,1
all,2,HK,1,old,0.40982582314184784,0.11005336451338453,B.RF1.CSE025,1347,0,1993,0.15367483296213807,10,1339,3
all,0,HK,0,current,0.059199939960808,0.10619421896896548,B.RF1.CSE025,67,0,1993,0.8208955223880597,10,62,1
all,0,HK,0,tail,0.07578753613624165,0.10995004947944371,B.RF1.CSE025,28,0,1993,0.7142857142857143,10,26,1
0,0,HK,0,class,0.0498455973047824,0.3680281079844438,G.RF2.CSE1,7,0,1993,1.0,10,7,1
4,7,HK,0,class,0.21164065752948275,0.33618254057190206,G.RF2.CSE1,165,0,1993,0.7818181818181819,10,165,1
12,0,HK,0,class,0.16961228197256548,0.36416131507659116,G.RF2.CSE1,41,0,1993,0.9512195121951219,10,41,1
8,0,HK,0,class,0.33730363287160703,0.3494498270879594,G.RF2.CSE1,153,0,1993,0.5032679738562091,10,153,0
2,0,HK,0,class,0.6022905463339119,0.35240216391470636,G.RF2.CSE1,182,0,1993,0.005494505494505495,10,182,0
11,8,HK,0,class,0.06752645832269046,0.365279485416828,G.RF2.CSE1,61,0,1993,1.0,10,61,0
17,1,HK,0,class,0.09490202303345245,0.3589650949682088,G.RF2.CSE1,5,0,1993,1.0,10,5,0
3,0,HK,18,class,0.1483948692357201,0.33837871567648997,G.RF2.CSE1,157,0,1993,0.9363057324840764,10,157,0
21,0,HK,0,class,0.06988313236250965,0.3521437782550041,G.RF2.CSE1,4,0,1993,1.0,10,4,0
16,0,HK,1,class,0.060471159267469154,0.37835485420380666,G.RF2.CSE1,8,0,1993,1.0,10,8,0
22,0,HK,0,class,0.12437475698131063,0.34710415582534765,G.RF2.CSE1,21,0,1993,0.9523809523809523,10,20,0
13,0,HK,0,class,0.3439859132666018,0.35356833679104094,G.RF2.CSE1,160,0,1993,0.525,10,160,1
18,1,HK,1,class,0.05111202986395878,0.356546912143942,G.RF2.CSE1,33,0,1993,1.0,10,29,1
14,0,HK,0,class,0.23416801626841233,0.3446619173067369,G.RF2.CSE1,60,0,1993,0.6833333333333333,10,60,0
9,0,HK,0,class,0.4605644838242477,0.3499981102205758,G.RF2.CSE1,164,0,1993,0.27439024390243905,10,164,0
19,0,HK,0,class,0.023047602971205547,0.3357979948402144,G.RF2.CSE1,2,0,1993,1.0,10,1,0
15,0,HK,0,class,0.5531247581181221,0.35771024726075584,G.RF2.CSE1,123,0,1993,0.13008130081300814,10,123,0
6,0,HK,0,class,0.005031016436277513,0.31520918626070293,G.RF2.CSE1,1,0,1993,1.0,10,0,0
5,0,HK,0,class,0.2033801025921405,0.3429734676438915,G.RF2.CSE1,1,0,1993,1.0,10,1,0
20,0,HK,0,class,0.042736229902796706,0.3483784177373523,G.RF2.CSE1,66,0,1993,1.0,10,61,3
all,17,HK,20,old,0.3334130865938485,0.3495979462521887,G.RF2.CSE1,1347,0,1993,0.534521158129176,10,1340,5
all,0,HK,0,current,0.045133899644428696,0.34829774684043496,G.RF2.CSE1,67,0,1993,1.0,10,62,3
all,1,HK,1,tail,0.06575847945933429,0.36200767217741586,G.RF2.CSE1,28,0,1993,1.0,10,26,1
0,0,HK,0,class,0.0498455973047824,0.09200702699611095,G.RF2.CSE025,7,0,1993,0.8571428571428571,10,7,0
4,1,HK,0,class,0.21164065752948275,0.0840456351429755,G.RF2.CSE025,165,0,1993,0.21818181818181817,10,165,0
12,0,HK,0,class,0.16961228197256548,0.09104032876914779,G.RF2.CSE025,41,0,1993,0.3170731707317073,10,41,0
8,0,HK,0,class,0.33730363287160703,0.08736245677198985,G.RF2.CSE025,153,0,1993,0.058823529411764705,10,153,0
2,0,HK,0,class,0.6022905463339119,0.08810054097867659,G.RF2.CSE025,182,0,1993,0.0,10,182,0
11,1,HK,0,class,0.06752645832269046,0.091319871354207,G.RF2.CSE025,61,0,1993,0.7213114754098361,10,61,0
17,0,HK,0,class,0.09490202303345245,0.0897412737420522,G.RF2.CSE025,5,0,1993,0.6,10,5,0
3,0,HK,4,class,0.1483948692357201,0.08459467891912249,G.RF2.CSE025,157,0,1993,0.2929936305732484,10,157,0
21,0,HK,0,class,0.06988313236250965,0.08803594456375104,G.RF2.CSE025,4,0,1993,0.5,10,4,0
16,0,HK,0,class,0.060471159267469154,0.09458871355095168,G.RF2.CSE025,8,0,1993,0.875,10,8,0
22,0,HK,0,class,0.12437475698131063,0.08677603895633691,G.RF2.CSE025,21,0,1993,0.5238095238095238,10,20,0
13,0,HK,0,class,0.3439859132666018,0.08839208419776025,G.RF2.CSE025,160,0,1993,0.08125,10,160,0
18,0,HK,0,class,0.05111202986395878,0.0891367280359855,G.RF2.CSE025,33,0,1993,0.8181818181818182,10,29,0
14,0,HK,0,class,0.23416801626841233,0.08616547932668422,G.RF2.CSE025,60,0,1993,0.21666666666666667,10,60,0
9,0,HK,0,class,0.4605644838242477,0.08749952755514395,G.RF2.CSE025,164,0,1993,0.024390243902439025,10,164,0
19,0,HK,0,class,0.023047602971205547,0.0839494987100536,G.RF2.CSE025,2,0,1993,1.0,10,1,0
15,0,HK,0,class,0.5531247581181221,0.08942756181518896,G.RF2.CSE025,123,0,1993,0.008130081300813009,10,123,0
6,0,HK,0,class,0.005031016436277513,0.07880229656517573,G.RF2.CSE025,1,0,1993,1.0,10,0,0
5,0,HK,0,class,0.2033801025921405,0.0857433669109729,G.RF2.CSE025,1,0,1993,0.0,10,1,0
20,0,HK,0,class,0.042736229902796706,0.08709460443433809,G.RF2.CSE025,66,0,1993,0.8787878787878788,10,61,2
all,2,HK,4,old,0.3334130865938485,0.08739948656304718,G.RF2.CSE025,1347,0,1993,0.17668893838158872,10,1340,0
all,0,HK,0,current,0.045133899644428696,0.08707443671010874,G.RF2.CSE025,67,0,1993,0.8656716417910447,10,62,2
all,0,HK,0,tail,0.06575847945933429,0.090501918044354,G.RF2.CSE025,28,0,1993,0.75,10,26,0
0,0,HK,0,class,0.0882180529574738,0.4402854448689692,B.RF2.CSE1,7,0,1993,1.0,10,7,0
4,4,HK,1,class,0.3141469403507674,0.44076314915222986,B.RF2.CSE1,165,0,1993,0.7090909090909091,10,165,0
12,0,HK,0,class,0.2119146100572975,0.4339568563965563,B.RF2.CSE1,41,0,1993,0.926829268292683,10,41,0
8,0,HK,1,class,0.46369117759508593,0.4326287021661155,B.RF2.CSE1,153,0,1993,0.40522875816993464,10,153,0
2,0,HK,0,class,0.6267186880089068,0.4225316798233618,B.RF2.CSE1,182,0,1993,0.04945054945054945,10,182,0
11,2,HK,1,class,0.08399770828945353,0.4245878159659625,B.RF2.CSE1,61,0,1993,1.0,10,61,0
17,0,HK,1,class,0.0907181935332509,0.4305199481438349,B.RF2.CSE1,5,0,1993,1.0,10,5,0
3,1,HK,4,class,0.2605288318919998,0.45313064273571874,B.RF2.CSE1,157,0,1993,0.89171974522293,10,157,0
21,0,HK,0,class,0.11207848864980346,0.4462783434090045,B.RF2.CSE1,4,0,1993,1.0,10,3,0
16,0,HK,0,class,0.05627450031866026,0.4492054851354899,B.RF2.CSE1,8,0,1993,1.0,10,8,0
22,0,HK,0,class,0.17571345338322897,0.42545145403284046,B.RF2.CSE1,21,0,1993,0.9523809523809523,10,21,0
13,1,HK,1,class,0.42504108548749925,0.43610511425211324,B.RF2.CSE1,160,0,1993,0.46875,10,159,0
18,0,HK,2,class,0.06685401741533836,0.43261699125135483,B.RF2.CSE1,33,0,1993,1.0,10,30,1
14,0,HK,0,class,0.3119732154811922,0.4493978976772388,B.RF2.CSE1,60,0,1993,0.75,10,60,0
9,0,HK,0,class,0.5204498922920285,0.4429677858003919,B.RF2.CSE1,164,0,1993,0.35365853658536583,10,164,0
19,0,HK,0,class,0.03592441191281592,0.42188983283192766,B.RF2.CSE1,2,0,1993,1.0,10,1,1
15,0,HK,0,class,0.6175869434921701,0.4722792416001536,B.RF2.CSE1,123,0,1993,0.2032520325203252,10,123,0
6,0,HK,0,class,0.032925591391280845,0.4185798112867305,B.RF2.CSE1,1,0,1993,1.0,10,0,0
5,0,HK,0,class,0.19046113031845804,0.46305990000792185,B.RF2.CSE1,1,0,1993,1.0,10,1,0
20,0,HK,1,class,0.05811362287341167,0.4239140292500234,B.RF2.CSE1,66,0,1993,1.0,10,61,3
all,8,HK,11,old,0.4065105361331734,0.4403985056619066,B.RF2.CSE1,1347,0,1993,0.5270972531551597,10,1340,2
all,0,HK,1,current,0.0600889588054273,0.4244982959777532,B.RF2.CSE1,67,0,1993,1.0,10,62,3
all,0,HK,1,tail,0.08088795860901563,0.4406705173743002,B.RF2.CSE1,28,0,1993,1.0,10,25,1
0,0,HK,0,class,0.0882180529574738,0.11007136121724234,B.RF2.CSE025,7,0,1993,0.5714285714285714,10,7,0
4,1,HK,0,class,0.3141469403507674,0.11019078728805749,B.RF2.CSE025,165,0,1993,0.18787878787878787,10,165,0
12,0,HK,0,class,0.2119146100572975,0.10848921409913909,B.RF2.CSE025,41,0,1993,0.24390243902439024,10,41,0
8,0,HK,1,class,0.46369117759508593,0.10815717554152887,B.RF2.CSE025,153,0,1993,0.0392156862745098,10,153,0
2,0,HK,0,class,0.6267186880089068,0.10563291995584047,B.RF2.CSE025,182,0,1993,0.0,10,182,0
11,0,HK,1,class,0.08399770828945353,0.10614695399149063,B.RF2.CSE025,61,0,1993,0.7213114754098361,10,61,0
17,0,HK,1,class,0.0907181935332509,0.10762998703595872,B.RF2.CSE025,5,0,1993,0.8,10,5,0
3,0,HK,0,class,0.2605288318919998,0.11328266068392967,B.RF2.CSE025,157,0,1993,0.2484076433121019,10,157,0
21,0,HK,0,class,0.11207848864980346,0.11156958585225113,B.RF2.CSE025,4,0,1993,0.5,10,3,0
16,0,HK,0,class,0.05627450031866026,0.11230137128387248,B.RF2.CSE025,8,0,1993,1.0,10,8,0
22,0,HK,0,class,0.17571345338322897,0.10636286350821011,B.RF2.CSE025,21,0,1993,0.42857142857142855,10,21,0
13,0,HK,0,class,0.42504108548749925,0.10902627856302831,B.RF2.CSE025,160,0,1993,0.0625,10,159,0
18,0,HK,1,class,0.06685401741533836,0.1081542478128387,B.RF2.CSE025,33,0,1993,0.8484848484848485,10,30,1
14,0,HK,0,class,0.3119732154811922,0.1123494744193097,B.RF2.CSE025,60,0,1993,0.16666666666666666,10,60,0
9,0,HK,0,class,0.5204498922920285,0.11074194645009798,B.RF2.CSE025,164,0,1993,0.006097560975609756,10,164,0
19,0,HK,0,class,0.03592441191281592,0.10547245820798191,B.RF2.CSE025,2,0,1993,1.0,10,1,0
15,0,HK,0,class,0.6175869434921701,0.11806981040003842,B.RF2.CSE025,123,0,1993,0.0,10,123,0
6,0,HK,0,class,0.032925591391280845,0.10464495282168262,B.RF2.CSE025,1,0,1993,1.0,10,0,0
5,0,HK,0,class,0.19046113031845804,0.11576497500198046,B.RF2.CSE025,1,0,1993,0.0,10,1,0
20,0,HK,1,class,0.05811362287341167,0.10597850731250585,B.RF2.CSE025,66,0,1993,0.8484848484848485,10,61,1
all,1,HK,4,old,0.4065105361331734,0.11009962641547665,B.RF2.CSE025,1347,0,1993,0.15515961395694136,10,1340,1
all,0,HK,1,current,0.0600889588054273,0.1061245739944383,B.RF2.CSE025,67,0,1993,0.835820895522388,10,62,1
all,0,HK,1,tail,0.08088795860901563,0.11016762934357505,B.RF2.CSE025,28,0,1993,0.75,10,25,0
0,0,HK,0,class,0.04227931791478625,0.3697857002587828,G.RF1.CSEperm1,7,0,1993,1.0,10,7,1
4,0,HK,2,class,0.21503455198663543,0.3335206270301693,G.RF1.CSEperm1,165,0,1993,0.7696969696969697,10,165,2
12,0,HK,0,class,0.1809119503315642,0.3651570076519307,G.RF1.CSEperm1,41,0,1993,0.926829268292683,10,41,0
8,0,HK,1,class,0.33262183926113376,0.34853527155603853,G.RF1.CSEperm1,153,0,1993,0.5098039215686274,10,153,0
2,0,HK,0,class,0.6046651074089114,0.35115227869835763,G.RF1.CSEperm1,182,0,1993,0.0,10,182,0
11,0,HK,1,class,0.07002131237702444,0.3650488290381333,G.RF1.CSEperm1,61,0,1993,1.0,10,60,1
17,1,HK,0,class,0.0912461126626759,0.36022276140999215,G.RF1.CSEperm1,5,0,1993,1.0,10,5,0
3,5,HK,3,class,0.15147536194315403,0.33618432036559404,G.RF1.CSEperm1,157,0,1993,0.9426751592356688,10,157,1
21,0,HK,0,class,0.06959397789804585,0.35128071085967416,G.RF1.CSEperm1,4,0,1993,1.0,10,4,0
16,0,HK,0,class,0.054406885391366254,0.37714410190065917,G.RF1.CSEperm1,8,0,1993,1.0,10,8,0
22,1,HK,0,class,0.12350997633289074,0.3506308697430476,G.RF1.CSEperm1,21,0,1993,0.9523809523809523,10,20,0
13,0,HK,0,class,0.35108194674630744,0.35801164209898917,G.RF1.CSEperm1,160,0,1993,0.49375,10,159,0
18,4,HK,0,class,0.04871092782524588,0.3598672586303773,G.RF1.CSEperm1,33,0,1993,1.0,10,29,2
14,0,HK,1,class,0.24077212048559718,0.3440541615925316,G.RF1.CSEperm1,60,0,1993,0.7166666666666667,10,60,0
9,0,HK,0,class,0.4605155327768816,0.3513914358937076,G.RF1.CSEperm1,164,0,1993,0.25609756097560976,10,164,0
19,0,HK,0,class,0.007897284431067048,0.3480323867313029,G.RF1.CSEperm1,2,0,1993,1.0,10,1,1
15,1,HK,0,class,0.550291376928429,0.35674465655854876,G.RF1.CSEperm1,123,0,1993,0.12195121951219512,10,123,0
6,0,HK,0,class,0.02375744282733014,0.31683727490307134,G.RF1.CSEperm1,1,0,1993,1.0,10,0,0
5,0,HK,0,class,0.21443392095674635,0.31713544043905434,G.RF1.CSEperm1,1,0,1993,1.0,10,1,0
20,2,HK,0,class,0.04672978909266883,0.34916800755907373,G.RF1.CSEperm1,66,0,1993,1.0,10,61,2
all,12,HK,8,old,0.33513554434991955,0.34950514387790926,G.RF1.CSEperm1,1347,0,1993,0.5278396436525612,10,1338,8
all,2,HK,0,current,0.049232835836908795,0.34868990954235707,G.RF1.CSEperm1,67,0,1993,1.0,10,62,2
all,1,HK,0,tail,0.0614215255745074,0.362211673439648,G.RF1.CSEperm1,28,0,1993,1.0,10,26,2
0,0,HK,0,class,0.08433229815292911,0.4242012287958468,B.RF1.CSEperm1,7,0,1993,1.0,10,7,1
4,5,HK,1,class,0.31825929987110474,0.42071159514500484,B.RF1.CSEperm1,165,0,1993,0.6666666666666666,10,165,0
12,1,HK,0,class,0.211525075977873,0.42908143001255333,B.RF1.CSEperm1,41,0,1993,0.926829268292683,10,40,1
8,3,HK,0,class,0.46707695231304447,0.41911913980791216,B.RF1.CSEperm1,153,0,1993,0.35947712418300654,10,153,0
2,0,HK,0,class,0.6327146978781524,0.4101651883795598,B.RF1.CSEperm1,182,0,1993,0.038461538461538464,10,182,0
11,2,HK,8,class,0.08512206417523824,0.42382979558985767,B.RF1.CSEperm1,61,0,1993,1.0,10,61,1
17,0,HK,2,class,0.08796638542434074,0.4268056652981622,B.RF1.CSEperm1,5,0,1993,1.0,10,5,0
3,2,HK,9,class,0.2645132306458257,0.4426623478851756,B.RF1.CSEperm1,157,0,1993,0.8662420382165605,10,157,0
21,0,HK,0,class,0.1180394933655772,0.4280597886010454,B.RF1.CSEperm1,4,0,1993,1.0,10,4,0
16,0,HK,1,class,0.04441775832694243,0.4337862696013378,B.RF1.CSEperm1,8,0,1993,1.0,10,8,1
22,1,HK,0,class,0.17355664952920677,0.42755568819528134,B.RF1.CSEperm1,21,0,1993,0.9047619047619048,10,21,0
13,0,HK,3,class,0.4342587862407806,0.4097465007816428,B.RF1.CSEperm1,160,0,1993,0.425,10,159,0
18,2,HK,0,class,0.06379960981036281,0.4249149981933721,B.RF1.CSEperm1,33,0,1993,1.0,10,29,4
14,1,HK,0,class,0.31371378729341454,0.4301602403373125,B.RF1.CSEperm1,60,0,1993,0.7333333333333333,10,60,0
9,0,HK,1,class,0.5152065831961111,0.42689439942323393,B.RF1.CSEperm1,164,0,1993,0.3170731707317073,10,164,0
19,0,HK,0,class,0.010128220143914873,0.42747187385851926,B.RF1.CSEperm1,2,0,1993,1.0,10,1,1
15,0,HK,0,class,0.6261941835521676,0.4462860672260646,B.RF1.CSEperm1,123,0,1993,0.16260162601626016,10,123,0
6,0,HK,0,class,0.06421081881844681,0.4201056513793644,B.RF1.CSEperm1,1,0,1993,1.0,10,0,0
5,0,HK,0,class,0.17992569843843365,0.46305990000792185,B.RF1.CSEperm1,1,0,1993,1.0,10,1,0
20,0,HK,2,class,0.0573707618020561,0.4245208414669809,B.RF1.CSEperm1,66,0,1993,1.0,10,61,7
all,17,HK,25,old,0.40982582314184784,0.4246261714955144,B.RF1.CSEperm1,1347,0,1993,0.4974016332590943,10,1339,9
all,0,HK,2,current,0.059199939960808,0.4250960512959501,B.RF1.CSEperm1,67,0,1993,1.0,10,62,7
all,0,HK,3,tail,0.07578753613624165,0.42943126922789093,B.RF1.CSEperm1,28,0,1993,1.0,10,26,3
0,0,HK,0,class,0.05270120000116536,0.36614282176064444,G.LIN.CSE1,7,0,1993,1.0,11,7,0
4,6,HK,0,class,0.21812689242211872,0.33604624848777487,G.LIN.CSE1,165,0,1993,0.7454545454545455,11,165,1
12,1,HK,1,class,0.16577081980190997,0.3635264286965749,G.LIN.CSE1,41,0,1993,0.9512195121951219,11,40,0
8,0,HK,0,class,0.31020678312686173,0.34927954155971697,G.LIN.CSE1,153,0,1993,0.6339869281045751,11,153,0
2,0,HK,4,class,0.36889623968955204,0.3503408699280384,G.LIN.CSE1,182,0,1993,0.3131868131868132,11,182,0
11,8,HK,0,class,0.06458996743564696,0.36514413808445667,G.LIN.CSE1,61,0,1993,1.0,11,61,2
17,1,HK,0,class,0.08546907846974358,0.36105980105487684,G.LIN.CSE1,5,0,1993,1.0,11,5,0
3,0,HK,15,class,0.15328095143980422,0.33806887296134547,G.LIN.CSE1,157,0,1993,0.9299363057324841,11,157,0
21,0,HK,0,class,0.0645296735275194,0.3521437991122814,G.LIN.CSE1,4,0,1993,1.0,11,4,0
16,0,HK,0,class,0.06515391891754302,0.37627578032774633,G.LIN.CSE1,8,0,1993,1.0,11,8,0
22,0,HK,0,class,0.12331302785879424,0.34790972680819393,G.LIN.CSE1,21,0,1993,0.9523809523809523,11,20,0
13,0,HK,0,class,0.3451490346285695,0.3519213840192425,G.LIN.CSE1,160,0,1993,0.4875,11,159,1
18,1,HK,0,class,0.04977815175850463,0.35618116410170153,G.LIN.CSE1,33,0,1993,1.0,11,29,1
14,2,HK,0,class,0.22639406757473776,0.3445437107559916,G.LIN.CSE1,60,0,1993,0.7166666666666667,11,60,0
9,0,HK,0,class,0.43632413879337634,0.34781478540853167,G.LIN.CSE1,164,0,1993,0.3048780487804878,11,164,0
19,0,HK,0,class,0.013727729921580611,0.3357980262017717,G.LIN.CSE1,2,0,1993,1.0,11,1,0
15,0,HK,0,class,0.5438046084354096,0.3568561217389923,G.LIN.CSE1,123,0,1993,0.12195121951219512,11,123,0
6,0,HK,0,class,0.027058370294002543,0.3152091360360224,G.LIN.CSE1,1,0,1993,1.0,11,0,0
5,0,HK,0,class,0.161953799514579,0.3429734509990553,G.LIN.CSE1,1,0,1993,1.0,11,1,0
20,1,HK,5,class,0.04324345273849473,0.3471288024741322,G.LIN.CSE1,66,0,1993,1.0,11,60,2
10,0,HK,9,class,0.1368862548878421,0.3625272163870565,G.LIN.CSE1,150,0,1993,0.98,11,146,5
7,0,HK,0,class,0.4328863426059448,0.3531543269694349,G.LIN.CSE1,21,0,1993,0.19047619047619047,11,21,0
1,1,HK,0,class,0.3230854055287393,0.35134325034267666,G.LIN.CSE1,113,0,1993,0.6283185840707964,11,113,0
all,20,HK,25,old,0.28396350695123723,0.34859055345666784,G.LIN.CSE1,1414,0,1993,0.6053748231966054,11,1399,7
all,1,HK,9,current,0.23285986708679118,0.35738419229978546,G.LIN.CSE1,284,0,1993,0.7816901408450704,11,280,5
all,1,HK,0,tail,0.22209560535069145,0.3578183612748316,G.LIN.CSE1,49,0,1993,0.6530612244897959,11,47,0
0,0,HK,0,class,0.05270120000116536,0.0915357054401611,G.LIN.CSE025,7,0,1993,0.8571428571428571,11,7,0
4,1,HK,0,class,0.21812689242211872,0.08401156212194372,G.LIN.CSE025,165,0,1993,0.21818181818181817,11,165,0
12,0,HK,1,class,0.16577081980190997,0.09088160717414372,G.LIN.CSE025,41,0,1993,0.24390243902439024,11,40,0
8,0,HK,0,class,0.31020678312686173,0.08731988538992924,G.LIN.CSE025,153,0,1993,0.058823529411764705,11,153,0
2,0,HK,1,class,0.36889623968955204,0.0875852174820096,G.LIN.CSE025,182,0,1993,0.10989010989010989,11,182,0
11,0,HK,0,class,0.06458996743564696,0.09128603452111417,G.LIN.CSE025,61,0,1993,0.7540983606557377,11,61,0
17,0,HK,0,class,0.08546907846974358,0.09026495026371924,G.LIN.CSE025,5,0,1993,0.6,11,5,0
3,0,HK,2,class,0.15328095143980422,0.08451721824033637,G.LIN.CSE025,157,0,1993,0.2929936305732484,11,157,0
21,0,HK,0,class,0.0645296735275194,0.08803594977807036,G.LIN.CSE025,4,0,1993,1.0,11,4,0
16,0,HK,0,class,0.06515391891754302,0.09406894508193658,G.LIN.CSE025,8,0,1993,0.75,11,8,0
22,0,HK,0,class,0.12331302785879424,0.08697743170204848,G.LIN.CSE025,21,0,1993,0.5714285714285714,11,20,0
13,0,HK,0,class,0.3451490346285695,0.08798034600481061,G.LIN.CSE025,160,0,1993,0.0875,11,159,0
18,1,HK,0,class,0.04977815175850463,0.0890452910254254,G.LIN.CSE025,33,0,1993,0.8484848484848485,11,29,0
14,1,HK,0,class,0.22639406757473776,0.08613592768899793,G.LIN.CSE025,60,0,1993,0.2833333333333333,11,60,0
9,0,HK,0,class,0.43632413879337634,0.08695369635213292,G.LIN.CSE025,164,0,1993,0.03048780487804878,11,164,0
19,0,HK,0,class,0.013727729921580611,0.08394950655044292,G.LIN.CSE025,2,0,1993,1.0,11,1,0
15,0,HK,0,class,0.5438046084354096,0.08921403043474807,G.LIN.CSE025,123,0,1993,0.008130081300813009,11,123,0
6,0,HK,0,class,0.027058370294002543,0.0788022840090056,G.LIN.CSE025,1,0,1993,1.0,11,0,0
5,0,HK,0,class,0.161953799514579,0.0857433627497638,G.LIN.CSE025,1,0,1993,0.0,11,1,0
20,0,HK,1,class,0.04324345273849473,0.08678220061853305,G.LIN.CSE025,66,0,1993,0.8787878787878788,11,60,2
10,0,HK,3,class,0.1368862548878421,0.09063180409676413,G.LIN.CSE025,150,0,1993,0.4266666666666667,11,146,0
7,0,HK,0,class,0.4328863426059448,0.08828858174235872,G.LIN.CSE025,21,0,1993,0.0,11,21,0
1,0,HK,0,class,0.3230854055287393,0.08783581258566917,G.LIN.CSE025,113,0,1993,0.07079646017699115,11,113,0
all,3,HK,5,old,0.28396350695123723,0.08714763836416696,G.LIN.CSE025,1414,0,1993,0.22913719943422914,11,1399,2
all,0,HK,3,current,0.23285986708679118,0.08934604807494637,G.LIN.CSE025,284,0,1993,0.2535211267605634,11,280,0
all,0,HK,0,tail,0.22209560535069145,0.0894545903187079,G.LIN.CSE025,49,0,1993,0.4489795918367347,11,47,0
0,0,HK,0,class,0.04578487148424082,0.36694562750103016,G.RF1.CSE1,7,0,1993,1.0,11,7,1
4,4,HK,0,class,0.19700718596276426,0.3359777261388176,G.RF1.CSE1,165,0,1993,0.8242424242424242,11,165,1
12,0,HK,0,class,0.17115766459583717,0.36392085293456905,G.RF1.CSE1,41,0,1993,0.9512195121951219,11,41,0
8,0,HK,0,class,0.3018441838473719,0.34932648448352166,G.RF1.CSE1,153,0,1993,0.6339869281045751,11,153,0
2,1,HK,1,class,0.3582460003869433,0.3500359228961647,G.RF1.CSE1,182,0,1993,0.33516483516483514,11,182,0
11,8,HK,0,class,0.06541181276909099,0.36514413808445667,G.RF1.CSE1,61,0,1993,1.0,11,61,2
17,1,HK,0,class,0.07818078500620387,0.36105980105487684,G.RF1.CSE1,5,0,1993,1.0,11,5,0
3,0,HK,13,class,0.13472366136434336,0.3381219742055534,G.RF1.CSE1,157,0,1993,0.9681528662420382,11,157,0
21,0,HK,0,class,0.06592604201032656,0.351934109345724,G.RF1.CSE1,4,0,1993,1.0,11,4,0
16,1,HK,0,class,0.05457566212506208,0.37716335809256535,G.RF1.CSE1,8,0,1993,1.0,11,8,0
22,0,HK,1,class,0.11097932576145396,0.34789978860230636,G.RF1.CSE1,21,0,1993,1.0,11,20,2
13,0,HK,0,class,0.3248071586765541,0.3520335894350192,G.RF1.CSE1,160,0,1993,0.55625,11,159,0
18,1,HK,0,class,0.043761414871618554,0.35564603278146734,G.RF1.CSE1,33,0,1993,1.0,11,29,3
14,2,HK,0,class,0.21709258336450088,0.3445727282637152,G.RF1.CSE1,60,0,1993,0.8,11,60,0
9,0,HK,0,class,0.4210912246098404,0.3482609619221804,G.RF1.CSE1,164,0,1993,0.32926829268292684,11,164,0
19,0,HK,0,class,0.008302867150996707,0.3357980262017717,G.RF1.CSE1,2,0,1993,1.0,11,1,0
15,0,HK,0,class,0.5288671881848823,0.3570998980982565,G.RF1.CSE1,123,0,1993,0.13821138211382114,11,123,0
6,0,HK,0,class,0.02322305170216779,0.3152091360360224,G.RF1.CSE1,1,0,1993,1.0,11,0,0
5,0,HK,0,class,0.19441114438354487,0.34297345099905524,G.RF1.CSE1,1,0,1993,1.0,11,1,0
20,0,HK,3,class,0.04491602262597066,0.3470223418883858,G.RF1.CSE1,66,0,1993,1.0,11,59,9
10,0,HK,8,class,0.12757843142010097,0.3624659042855533,G.RF1.CSE1,150,0,1993,0.9933333333333333,11,146,5
7,0,HK,0,class,0.4256750107764684,0.35334252352082507,G.RF1.CSE1,21,0,1993,0.23809523809523808,11,21,0
1,2,HK,0,class,0.301735797635499,0.3517171070258714,G.RF1.CSE1,113,0,1993,0.6548672566371682,11,113,0
all,18,HK,18,old,0.27124309785237954,0.3486433981774327,G.RF1.CSE1,1414,0,1993,0.637906647807638,11,1399,18
all,2,HK,8,current,0.21891579250750834,0.35751447792497815,G.RF1.CSE1,284,0,1993,0.8028169014084507,11,280,5
all,2,HK,0,tail,0.21602291116645,0.35814149659757066,G.RF1.CSE1,49,0,1993,0.673469387755102,11,47,1
0,0,HK,0,class,0.04578487148424082,0.09173640687525753,G.RF1.CSE025,7,0,1993,1.0,11,7,0
4,0,HK,0,class,0.19700718596276426,0.0839944315347044,G.RF1.CSE025,165,0,1993,0.24242424242424243,11,165,1
12,0,HK,0,class,0.17115766459583717,0.09098021323364228,G.RF1.CSE025,41,0,1993,0.24390243902439024,11,41,0
8,0,HK,0,class,0.3018441838473719,0.0873316211208804,G.RF1.CSE025,153,0,1993,0.058823529411764705,11,153,0
2,1,HK,0,class,0.3582460003869433,0.08750898072404117,G.RF1.CSE025,182,0,1993,0.10989010989010989,11,182,0
11,0,HK,0,class,0.06541181276909099,0.09128603452111417,G.RF1.CSE025,61,0,1993,0.7213114754098361,11,61,0
17,0,HK,0,class,0.07818078500620387,0.09026495026371921,G.RF1.CSE025,5,0,1993,0.6,11,5,0
3,0,HK,4,class,0.13472366136434336,0.08453049355138835,G.RF1.CSE025,157,0,1993,0.3184713375796178,11,157,0
21,0,HK,0,class,0.06592604201032656,0.087983527336431,G.RF1.CSE025,4,0,1993,1.0,11,4,0
16,0,HK,0,class,0.05457566212506208,0.09429083952314134,G.RF1.CSE025,8,0,1993,0.75,11,8,0
22,0,HK,0,class,0.11097932576145396,0.08697494715057659,G.RF1.CSE025,21,0,1993,0.5238095238095238,11,20,0
13,0,HK,0,class,0.3248071586765541,0.08800839735875479,G.RF1.CSE025,160,0,1993,0.1,11,159,0
18,0,HK,0,class,0.043761414871618554,0.08891150819536683,G.RF1.CSE025,33,0,1993,0.8484848484848485,11,29,1
14,1,HK,0,class,0.21709258336450088,0.0861431820659288,G.RF1.CSE025,60,0,1993,0.21666666666666667,11,60,0
9,0,HK,0,class,0.4210912246098404,0.0870652404805451,G.RF1.CSE025,164,0,1993,0.03048780487804878,11,164,0
19,0,HK,0,class,0.008302867150996707,0.08394950655044292,G.RF1.CSE025,2,0,1993,1.0,11,1,0
15,0,HK,0,class,0.5288671881848823,0.08927497452456412,G.RF1.CSE025,123,0,1993,0.008130081300813009,11,123,0
6,0,HK,0,class,0.02322305170216779,0.0788022840090056,G.RF1.CSE025,1,0,1993,1.0,11,0,0
5,0,HK,0,class,0.19441114438354487,0.08574336274976385,G.RF1.CSE025,1,0,1993,0.0,11,1,0
20,0,HK,1,class,0.04491602262597066,0.08675558547209646,G.RF1.CSE025,66,0,1993,0.8636363636363636,11,59,0
10,0,HK,2,class,0.12757843142010097,0.09061647607138833,G.RF1.CSE025,150,0,1993,0.42,11,146,1
7,0,HK,0,class,0.4256750107764684,0.08833563088020628,G.RF1.CSE025,21,0,1993,0.0,11,21,0
1,1,HK,0,class,0.301735797635499,0.08792927675646785,G.RF1.CSE025,113,0,1993,0.07079646017699115,11,113,0
all,2,HK,5,old,0.27124309785237954,0.08716084954435817,G.RF1.CSE025,1414,0,1993,0.23125884016973125,11,1399,2
all,1,HK,2,current,0.21891579250750834,0.08937861948124454,G.RF1.CSE025,284,0,1993,0.25,11,280,1
all,0,HK,0,tail,0.21602291116645,0.08953537414939267,G.RF1.CSE025,49,0,1993,0.46938775510204084,11,47,0
0,0,HK,1,class,0.06372940159207326,0.4402854448689692,B.LIN.CSE1,7,0,1993,1.0,11,7,1
4,4,HK,0,class,0.23812589865348277,0.44049714868233164,B.LIN.CSE1,165,0,1993,0.8363636363636363,11,165,0
12,0,HK,0,class,0.1490957595123288,0.43310771231716133,B.LIN.CSE1,41,0,1993,1.0,11,40,2
8,3,HK,0,class,0.335638917886406,0.4328466667407557,B.LIN.CSE1,153,0,1993,0.7712418300653595,11,153,0
2,4,HK,0,class,0.3561848019008324,0.420145411509411,B.LIN.CSE1,182,0,1993,0.6648351648351648,11,182,0
11,10,HK,0,class,0.057573097318524856,0.4237971383446827,B.LIN.CSE1,61,0,1993,1.0,11,60,3
17,0,HK,0,class,0.07375672742619357,0.425388880621846,B.LIN.CSE1,5,0,1993,1.0,11,5,0
3,2,HK,7,class,0.18608275365811022,0.45317244832060155,B.LIN.CSE1,157,0,1993,0.9936305732484076,11,157,0
21,0,HK,0,class,0.06767480008839136,0.4462783434090045,B.LIN.CSE1,4,0,1993,1.0,11,3,0
16,0,HK,0,class,0.03660833973362662,0.4492054851354899,B.LIN.CSE1,8,0,1993,1.0,11,8,0
22,0,HK,1,class,0.13139351590009657,0.42438350453414936,B.LIN.CSE1,21,0,1993,1.0,11,20,0
13,3,HK,1,class,0.33267499424254743,0.43640542602772364,B.LIN.CSE1,160,0,1993,0.75,11,159,0
18,0,HK,3,class,0.04693641274273086,0.42990380209989976,B.LIN.CSE1,33,0,1993,1.0,11,28,1
14,3,HK,0,class,0.20410857815046812,0.4496497981575493,B.LIN.CSE1,60,0,1993,0.95,11,60,0
9,0,HK,0,class,0.4052296288955863,0.44311056230464424,B.LIN.CSE1,164,0,1993,0.6097560975609756,11,164,0
19,0,HK,0,class,0.013363033422423648,0.4218898328319277,B.LIN.CSE1,2,0,1993,1.0,11,1,0
15,0,HK,0,class,0.5309277453679973,0.4722792416001536,B.LIN.CSE1,123,0,1993,0.3333333333333333,11,123,0
6,0,HK,0,class,0.02463567582173623,0.41522856765934474,B.LIN.CSE1,1,0,1993,1.0,11,0,0
5,0,HK,0,class,0.0679796825095581,0.46305990000792185,B.LIN.CSE1,1,0,1993,1.0,11,1,0
20,0,HK,4,class,0.04647695620564983,0.4261069255395061,B.LIN.CSE1,66,0,1993,1.0,11,59,5
10,1,HK,11,class,0.12271021871215168,0.42311984167168404,B.LIN.CSE1,150,0,1993,1.0,11,145,5
7,0,HK,0,class,0.42813743281159106,0.4290806136475985,B.LIN.CSE1,21,0,1993,0.47619047619047616,11,21,0
1,0,HK,1,class,0.29291342331432046,0.41720775607633215,B.LIN.CSE1,113,0,1993,0.7345132743362832,11,113,0
all,29,HK,17,old,0.28318158840437746,0.43934030375744726,B.LIN.CSE1,1414,0,1993,0.7786421499292786,11,1395,12
all,1,HK,12,current,0.2130163229943112,0.42120825906330184,B.LIN.CSE1,284,0,1993,0.8556338028169014,11,279,5
all,0,HK,1,tail,0.2140547526677064,0.4351114447314825,B.LIN.CSE1,49,0,1993,0.7755102040816326,11,46,1
0,0,HK,0,class,0.06372940159207326,0.11007136121724234,B.LIN.CSE025,7,0,1993,0.8571428571428571,11,7,1
4,1,HK,0,class,0.23812589865348277,0.11012428717058291,B.LIN.CSE025,165,0,1993,0.28484848484848485,11,165,0
12,0,HK,0,class,0.1490957595123288,0.10827692807929033,B.LIN.CSE025,41,0,1993,0.3902439024390244,11,40,1
8,2,HK,0,class,0.335638917886406,0.10821166668518893,B.LIN.CSE025,153,0,1993,0.05228758169934641,11,153,0
2,1,HK,0,class,0.3561848019008324,0.10503635287735275,B.LIN.CSE025,182,0,1993,0.11538461538461539,11,182,0
11,2,HK,0,class,0.057573097318524856,0.10594928458617066,B.LIN.CSE025,61,0,1993,0.819672131147541,11,60,3
17,0,HK,0,class,0.07375672742619357,0.10634722015546152,B.LIN.CSE025,5,0,1993,0.8,11,5,0
3,2,HK,1,class,0.18608275365811022,0.11329311208015036,B.LIN.CSE025,157,0,1993,0.31210191082802546,11,157,0
21,0,HK,0,class,0.06767480008839136,0.11156958585225113,B.LIN.CSE025,4,0,1993,0.75,11,3,0
16,0,HK,0,class,0.03660833973362662,0.11230137128387248,B.LIN.CSE025,8,0,1993,1.0,11,8,0
22,0,HK,0,class,0.13139351590009657,0.10609587613353734,B.LIN.CSE025,21,0,1993,0.5714285714285714,11,20,0
13,1,HK,0,class,0.33267499424254743,0.10910135650693091,B.LIN.CSE025,160,0,1993,0.075,11,159,0
18,0,HK,1,class,0.04693641274273086,0.10747595052497497,B.LIN.CSE025,33,0,1993,0.8787878787878788,11,28,1
14,1,HK,0,class,0.20410857815046812,0.11241244953938732,B.LIN.CSE025,60,0,1993,0.3,11,60,0
9,0,HK,0,class,0.4052296288955863,0.11077764057616107,B.LIN.CSE025,164,0,1993,0.024390243902439025,11,164,0
19,0,HK,0,class,0.013363033422423648,0.10547245820798191,B.LIN.CSE025,2,0,1993,1.0,11,1,0
15,0,HK,0,class,0.5309277453679973,0.11806981040003842,B.LIN.CSE025,123,0,1993,0.0,11,123,0
6,0,HK,0,class,0.02463567582173623,0.1038071419148362,B.LIN.CSE025,1,0,1993,1.0,11,0,0
5,0,HK,0,class,0.0679796825095581,0.11576497500198046,B.LIN.CSE025,1,0,1993,1.0,11,1,0
20,0,HK,0,class,0.04647695620564983,0.10652673138487652,B.LIN.CSE025,66,0,1993,0.9090909090909091,11,59,1
10,1,HK,4,class,0.12271021871215168,0.10577996041792102,B.LIN.CSE025,150,0,1993,0.5266666666666666,11,145,1
7,0,HK,0,class,0.42813743281159106,0.10727015341189962,B.LIN.CSE025,21,0,1993,0.0,11,21,0
1,0,HK,0,class,0.29291342331432046,0.10430193901908304,B.LIN.CSE025,113,0,1993,0.10619469026548672,11,113,0
all,10,HK,2,old,0.28318158840437746,0.10983507593936181,B.LIN.CSE025,1414,0,1993,0.24823196605374823,11,1395,7
all,1,HK,4,current,0.2130163229943112,0.10530206476582546,B.LIN.CSE025,284,0,1993,0.3204225352112676,11,279,1
all,0,HK,0,tail,0.2140547526677064,0.10877786118287062,B.LIN.CSE025,49,0,1993,0.5102040816326531,11,46,1
0,0,HK,0,class,0.06625035342913489,0.4402854448689693,B.RF1.CSE1,7,0,1993,1.0,11,7,0
4,2,HK,0,class,0.2978622963988041,0.4404324601741581,B.RF1.CSE1,165,0,1993,0.7151515151515152,11,165,0
12,1,HK,0,class,0.19673140738686165,0.4337021608514909,B.RF1.CSE1,41,0,1993,0.9512195121951219,11,40,0
8,2,HK,0,class,0.42542655693223763,0.43245040755638425,B.RF1.CSE1,153,0,1993,0.49673202614379086,11,153,0
2,4,HK,0,class,0.4237123238362593,0.42125329965297,B.RF1.CSE1,182,0,1993,0.43956043956043955,11,182,0
11,8,HK,0,class,0.07336495846080415,0.4238633299779404,B.RF1.CSE1,61,0,1993,1.0,11,60,2
17,1,HK,1,class,0.07920525393994354,0.425388880621846,B.RF1.CSE1,5,0,1993,1.0,11,5,0
3,2,HK,4,class,0.2433854347873631,0.45317244832060155,B.RF1.CSE1,157,0,1993,0.89171974522293,11,157,0
21,0,HK,0,class,0.11628432578351644,0.4462783434090046,B.RF1.CSE1,4,0,1993,1.0,11,4,0
16,0,HK,0,class,0.04472245843496622,0.4485138893549838,B.RF1.CSE1,8,0,1993,1.0,11,8,0
22,0,HK,0,class,0.1617943193434924,0.425594238694451,B.RF1.CSE1,21,0,1993,0.9523809523809523,11,21,0
13,1,HK,0,class,0.40230888054726927,0.4362179130864853,B.RF1.CSE1,160,0,1993,0.56875,11,159,0
18,0,HK,3,class,0.05664882927087762,0.42735587781327633,B.RF1.CSE1,33,0,1993,1.0,11,29,3
14,1,HK,0,class,0.2877369775259205,0.4492374039321078,B.RF1.CSE1,60,0,1993,0.7666666666666667,11,60,0
9,0,HK,0,class,0.47413163061330893,0.4429624465832689,B.RF1.CSE1,164,0,1993,0.40853658536585363,11,164,0
19,0,HK,0,class,0.013844483945798694,0.4217701091992286,B.RF1.CSE1,2,0,1993,1.0,11,1,0
15,0,HK,0,class,0.609040360223894,0.4723851824431711,B.RF1.CSE1,123,0,1993,0.21951219512195122,11,123,0
6,0,HK,0,class,0.044588766827682424,0.42010565137936445,B.RF1.CSE1,1,0,1993,1.0,11,0,0
5,0,HK,0,class,0.16340942408932208,0.4630599000079218,B.RF1.CSE1,1,0,1993,1.0,11,1,0
20,1,HK,2,class,0.05596835347871771,0.42447240167464934,B.RF1.CSE1,66,0,1993,1.0,11,61,7
10,0,HK,12,class,0.15642790230957673,0.42291790268524215,B.RF1.CSE1,150,0,1993,0.9666666666666667,11,145,0
7,0,HK,0,class,0.5235101295072959,0.4236089351968647,B.RF1.CSE1,21,0,1993,0.23809523809523808,11,21,0
1,1,HK,0,class,0.3774142244023292,0.4154428937739973,B.RF1.CSE1,113,0,1993,0.5929203539823009,11,113,0
all,23,HK,10,old,0.3446170622541261,0.4392874810522883,B.RF1.CSE1,1414,0,1993,0.6308345120226309,11,1400,12
all,1,HK,12,current,0.27149896275898916,0.4199947888675428,B.RF1.CSE1,284,0,1993,0.7640845070422535,11,279,0
all,1,HK,1,tail,0.26351215495467906,0.4327481717262818,B.RF1.CSE1,49,0,1993,0.673469387755102,11,47,0
0,0,HK,0,class,0.06625035342913489,0.11007136121724233,B.RF1.CSE025,7,0,1993,0.7142857142857143,11,7,0
4,1,HK,0,class,0.2978622963988041,0.11010811504353958,B.RF1.CSE025,165,0,1993,0.2,11,165,0
12,0,HK,0,class,0.19673140738686165,0.10842554021287272,B.RF1.CSE025,41,0,1993,0.2926829268292683,11,40,0
8,1,HK,0,class,0.42542655693223763,0.10811260188909606,B.RF1.CSE025,153,0,1993,0.05228758169934641,11,153,0
2,1,HK,0,class,0.4237123238362593,0.1053133249132425,B.RF1.CSE025,182,0,1993,0.12637362637362637,11,182,0
11,3,HK,0,class,0.07336495846080415,0.10596583249448512,B.RF1.CSE025,61,0,1993,0.7377049180327869,11,60,0
17,0,HK,0,class,0.07920525393994354,0.1063472201554615,B.RF1.CSE025,5,0,1993,0.8,11,5,0
3,1,HK,2,class,0.2433854347873631,0.11329311208015039,B.RF1.CSE025,157,0,1993,0.24203821656050956,11,157,0
21,0,HK,0,class,0.11628432578351644,0.11156958585225116,B.RF1.CSE025,4,0,1993,0.5,11,4,0
16,0,HK,0,class,0.04472245843496622,0.11212847233874595,B.RF1.CSE025,8,0,1993,0.875,11,8,0
22,0,HK,0,class,0.1617943193434924,0.10639855967361275,B.RF1.CSE025,21,0,1993,0.47619047619047616,11,21,0
13,1,HK,0,class,0.40230888054726927,0.10905447827162133,B.RF1.CSE025,160,0,1993,0.075,11,159,0
18,0,HK,0,class,0.05664882927087762,0.10683896945331908,B.RF1.CSE025,33,0,1993,0.8484848484848485,11,29,2
14,0,HK,0,class,0.2877369775259205,0.11230935098302694,B.RF1.CSE025,60,0,1993,0.2,11,60,0
9,0,HK,0,class,0.47413163061330893,0.1107406116458172,B.RF1.CSE025,164,0,1993,0.012195121951219513,11,164,0
19,0,HK,0,class,0.013844483945798694,0.10544252729980715,B.RF1.CSE025,2,0,1993,1.0,11,1,0
15,0,HK,0,class,0.609040360223894,0.11809629561079277,B.RF1.CSE025,123,0,1993,0.0,11,123,0
6,0,HK,0,class,0.044588766827682424,0.1050264128448411,B.RF1.CSE025,1,0,1993,1.0,11,0,0
5,0,HK,0,class,0.16340942408932208,0.11576497500198041,B.RF1.CSE025,1,0,1993,0.0,11,1,0
20,0,HK,0,class,0.05596835347871771,0.10611810041866233,B.RF1.CSE025,66,0,1993,0.8484848484848485,11,61,2
10,0,HK,5,class,0.15642790230957673,0.10572947567131055,B.RF1.CSE025,150,0,1993,0.44666666666666666,11,145,0
7,0,HK,0,class,0.5235101295072959,0.1059022337992162,B.RF1.CSE025,21,0,1993,0.0,11,21,0
1,1,HK,0,class,0.3774142244023292,0.1038607234434993,B.RF1.CSE025,113,0,1993,0.09734513274336283,11,113,0
all,8,HK,2,old,0.3446170622541261,0.10982187026307208,B.RF1.CSE025,1414,0,1993,0.21216407355021216,11,1400,4
all,1,HK,5,current,0.27149896275898916,0.10499869721688572,B.RF1.CSE025,284,0,1993,0.2746478873239437,11,279,0
all,0,HK,0,tail,0.26351215495467906,0.10818704293157046,B.RF1.CSE025,49,0,1993,0.42857142857142855,11,47,0
0,0,HK,0,class,0.05499834405537053,0.36614282176064444,G.RF2.CSE1,7,0,1993,1.0,11,7,1
4,7,HK,0,class,0.19389179451764085,0.33582881004496007,G.RF2.CSE1,165,0,1993,0.8363636363636363,11,165,1
12,0,HK,0,class,0.15706903911340206,0.3635264286965749,G.RF2.CSE1,41,0,1993,0.975609756097561,11,41,1
8,1,HK,0,class,0.30826598511287495,0.3491470617277367,G.RF2.CSE1,153,0,1993,0.5947712418300654,11,153,0
2,0,HK,1,class,0.3578697001933165,0.35008318666314975,G.RF2.CSE1,182,0,1993,0.34615384615384615,11,182,0
11,11,HK,0,class,0.06313420130833956,0.36514413808445667,G.RF2.CSE1,61,0,1993,1.0,11,61,1
17,0,HK,0,class,0.08255889209123309,0.3589651284100939,G.RF2.CSE1,5,0,1993,1.0,11,5,0
3,0,HK,18,class,0.13077103063689263,0.3380624855664066,G.RF2.CSE1,157,0,1993,0.9745222929936306,11,157,0
21,0,HK,0,class,0.06661620740532737,0.3517423057615784,G.RF2.CSE1,4,0,1993,1.0,11,4,0
16,0,HK,1,class,0.05830073862071161,0.3783548264404919,G.RF2.CSE1,8,0,1993,1.0,11,8,0
22,0,HK,0,class,0.11227327496364016,0.34748769021700876,G.RF2.CSE1,21,0,1993,1.0,11,20,1
13,0,HK,0,class,0.31841158085466104,0.3521481949862659,G.RF2.CSE1,160,0,1993,0.575,11,159,2
18,1,HK,1,class,0.047115955723853874,0.3562068692261969,G.RF2.CSE1,33,0,1993,1.0,11,29,4
14,0,HK,0,class,0.20905748011238603,0.34474469229323473,G.RF2.CSE1,60,0,1993,0.7833333333333333,11,60,0
9,0,HK,0,class,0.4189340321283713,0.34799966797721194,G.RF2.CSE1,164,0,1993,0.3597560975609756,11,164,0
19,0,HK,0,class,0.021989579488885136,0.3357980262017717,G.RF2.CSE1,2,0,1993,1.0,11,1,0
15,0,HK,0,class,0.532582001724388,0.3569675064428267,G.RF2.CSE1,123,0,1993,0.13821138211382114,11,123,0
6,0,HK,0,class,0.003603680193343284,0.3152091360360224,G.RF2.CSE1,1,0,1993,1.0,11,0,0
5,0,HK,0,class,0.18745177412409733,0.34297345099905524,G.RF2.CSE1,1,0,1993,1.0,11,1,0
20,0,HK,2,class,0.04262590370572016,0.34785677998455733,G.RF2.CSE1,66,0,1993,1.0,11,60,7
10,0,HK,8,class,0.13264185477661664,0.3625808859211138,G.RF2.CSE1,150,0,1993,0.98,11,146,6
7,0,HK,0,class,0.4139090309452034,0.35198449804197135,G.RF2.CSE1,21,0,1993,0.23809523809523808,11,21,0
1,2,HK,0,class,0.3017570287042012,0.3503976561939531,G.RF2.CSE1,113,0,1993,0.6548672566371682,11,113,0
all,20,HK,23,old,0.26966395215656525,0.3486138256086323,G.RF2.CSE1,1414,0,1993,0.6428571428571429,11,1400,18
all,2,HK,8,current,0.22072856376731165,0.35694979752452527,G.RF2.CSE1,284,0,1993,0.795774647887324,11,280,6
all,0,HK,1,tail,0.213424038175005,0.35740992504622965,G.RF2.CSE1,49,0,1993,0.673469387755102,11,47,1
0,0,HK,0,class,0.05499834405537053,0.09153570544016111,G.RF2.CSE025,7,0,1993,0.8571428571428571,11,7,0
4,2,HK,0,class,0.19389179451764085,0.08395720251124002,G.RF2.CSE025,165,0,1993,0.24242424242424243,11,165,1
12,0,HK,0,class,0.15706903911340206,0.09088160717414373,G.RF2.CSE025,41,0,1993,0.34146341463414637,11,41,1
8,0,HK,0,class,0.30826598511287495,0.08728676543193419,G.RF2.CSE025,153,0,1993,0.0718954248366013,11,153,0
2,0,HK,0,class,0.3578697001933165,0.08752079666578744,G.RF2.CSE025,182,0,1993,0.11538461538461539,11,182,0
11,2,HK,0,class,0.06313420130833956,0.09128603452111417,G.RF2.CSE025,61,0,1993,0.7540983606557377,11,61,0
17,0,HK,0,class,0.08255889209123309,0.0897412821025235,G.RF2.CSE025,5,0,1993,0.6,11,5,0
3,0,HK,7,class,0.13077103063689263,0.08451562139160165,G.RF2.CSE025,157,0,1993,0.34394904458598724,11,157,0
21,0,HK,0,class,0.06661620740532737,0.0879355764403946,G.RF2.CSE025,4,0,1993,0.75,11,4,0
16,0,HK,0,class,0.05830073862071161,0.09458870661012297,G.RF2.CSE025,8,0,1993,0.75,11,8,0
22,0,HK,0,class,0.11227327496364016,0.08687192255425219,G.RF2.CSE025,21,0,1993,0.6190476190476191,11,20,1
13,0,HK,0,class,0.31841158085466104,0.08803704874656648,G.RF2.CSE025,160,0,1993,0.0875,11,159,0
18,0,HK,0,class,0.047115955723853874,0.08905171730654922,G.RF2.CSE025,33,0,1993,0.7878787878787878,11,29,1
14,0,HK,0,class,0.20905748011238603,0.08618617307330867,G.RF2.CSE025,60,0,1993,0.31666666666666665,11,60,0
9,0,HK,0,class,0.4189340321283713,0.08699991699430298,G.RF2.CSE025,164,0,1993,0.03048780487804878,11,164,0
19,0,HK,0,class,0.021989579488885136,0.08394950655044292,G.RF2.CSE025,2,0,1993,1.0,11,1,0
15,0,HK,0,class,0.532582001724388,0.08924187661070668,G.RF2.CSE025,123,0,1993,0.008130081300813009,11,123,0
6,0,HK,0,class,0.003603680193343284,0.0788022840090056,G.RF2.CSE025,1,0,1993,1.0,11,0,0
5,0,HK,0,class,0.18745177412409733,0.08574336274976385,G.RF2.CSE025,1,0,1993,0.0,11,1,0
20,0,HK,0,class,0.04262590370572016,0.0869641949961393,G.RF2.CSE025,66,0,1993,0.8484848484848485,11,60,3
10,0,HK,2,class,0.13264185477661664,0.09064522148027843,G.RF2.CSE025,150,0,1993,0.43333333333333335,11,146,1
7,0,HK,0,class,0.4139090309452034,0.08799612451049284,G.RF2.CSE025,21,0,1993,0.0,11,21,0
1,0,HK,0,class,0.3017570287042012,0.0875994140484883,G.RF2.CSE025,113,0,1993,0.07079646017699115,11,113,0
all,4,HK,7,old,0.26966395215656525,0.08715345640215807,G.RF2.CSE025,1414,0,1993,0.24115983026874116,11,1400,7
all,0,HK,2,current,0.22072856376731165,0.08923744938113132,G.RF2.CSE025,284,0,1993,0.25704225352112675,11,280,1
all,0,HK,0,tail,0.213424038175005,0.08935248126155741,G.RF2.CSE025,49,0,1993,0.42857142857142855,11,47,0
0,0,HK,0,class,0.08486556605416316,0.44028544486896937,B.RF2.CSE1,7,0,1993,1.0,11,7,1
4,4,HK,1,class,0.29373048623608505,0.44054808798100736,B.RF2.CSE1,165,0,1993,0.7212121212121212,11,165,0
12,2,HK,0,class,0.19354792924919784,0.433601403093663,B.RF2.CSE1,41,0,1993,0.9512195121951219,11,40,0
8,2,HK,0,class,0.4212412525088776,0.4322195121083959,B.RF2.CSE1,153,0,1993,0.5098039215686274,11,153,0
2,4,HK,0,class,0.42859850766172364,0.42423726807232576,B.RF2.CSE1,182,0,1993,0.4230769230769231,11,182,0
11,6,HK,0,class,0.07481505365591043,0.4239200760319162,B.RF2.CSE1,61,0,1993,1.0,11,60,3
17,0,HK,0,class,0.08632144148780056,0.4305199481438349,B.RF2.CSE1,5,0,1993,1.0,11,5,0
3,0,HK,7,class,0.2390191595153406,0.45317244832060166,B.RF2.CSE1,157,0,1993,0.9171974522292994,11,157,0
21,0,HK,0,class,0.10471651760080218,0.4462783434090046,B.RF2.CSE1,4,0,1993,1.0,11,3,0
16,0,HK,0,class,0.051438054161446777,0.4485138893549838,B.RF2.CSE1,8,0,1993,1.0,11,8,0
22,0,HK,0,class,0.16242359223284838,0.4253610834874272,B.RF2.CSE1,21,0,1993,0.9523809523809523,11,21,0
13,1,HK,1,class,0.38646637769051645,0.43638105237603353,B.RF2.CSE1,160,0,1993,0.625,11,159,0
18,0,HK,1,class,0.06018306591207002,0.43005939751255373,B.RF2.CSE1,33,0,1993,1.0,11,28,2
14,0,HK,1,class,0.28593049241712704,0.4494344141175651,B.RF2.CSE1,60,0,1993,0.7666666666666667,11,60,0
9,0,HK,0,class,0.4772827588538726,0.4427815179786427,B.RF2.CSE1,164,0,1993,0.45121951219512196,11,164,0
19,0,HK,0,class,0.024294753337211025,0.4218898328319277,B.RF2.CSE1,2,0,1993,1.0,11,0,1
15,0,HK,0,class,0.6008219762040699,0.47227924160015367,B.RF2.CSE1,123,0,1993,0.21951219512195122,11,123,0
6,0,HK,0,class,0.016565382844612064,0.42010565137936445,B.RF2.CSE1,1,0,1993,1.0,11,0,0
5,0,HK,0,class,0.1758104095052434,0.46305990000792185,B.RF2.CSE1,1,0,1993,1.0,11,1,0
20,1,HK,0,class,0.057030062806498034,0.42387808321920745,B.RF2.CSE1,66,0,1993,1.0,11,60,3
10,2,HK,8,class,0.1619590414434741,0.4227964722547415,B.RF2.CSE1,150,0,1993,0.9733333333333334,11,144,4
7,0,HK,0,class,0.5013325166930395,0.4275326042872233,B.RF2.CSE1,21,0,1993,0.19047619047619047,11,21,0
1,1,HK,0,class,0.37555980957815216,0.41798295718156114,B.RF2.CSE1,113,0,1993,0.6017699115044248,11,113,0
all,20,HK,11,old,0.3418454101158291,0.43970641586012593,B.RF2.CSE1,1414,0,1993,0.6449787835926449,11,1396,10
all,3,HK,8,current,0.2720425970049512,0.4212314425695751,B.RF2.CSE1,284,0,1993,0.7676056338028169,11,278,4
all,0,HK,0,tail,0.25765275149165373,0.4349582091910343,B.RF2.CSE1,49,0,1993,0.6530612244897959,11,45,2
0,0,HK,0,class,0.08486556605416316,0.11007136121724234,B.RF2.CSE025,7,0,1993,0.5714285714285714,11,7,0
4,2,HK,1,class,0.29373048623608505,0.11013702199525184,B.RF2.CSE025,165,0,1993,0.20606060606060606,11,165,0
12,0,HK,0,class,0.19354792924919784,0.10840035077341575,B.RF2.CSE025,41,0,1993,0.3170731707317073,11,40,0
8,2,HK,0,class,0.4212412525088776,0.10805487802709897,B.RF2.CSE025,153,0,1993,0.0457516339869281,11,153,0
2,1,HK,0,class,0.42859850766172364,0.10605931701808144,B.RF2.CSE025,182,0,1993,0.13736263736263737,11,182,0
11,0,HK,0,class,0.07481505365591043,0.10598001900797906,B.RF2.CSE025,61,0,1993,0.7540983606557377,11,60,1
17,0,HK,0,class,0.08632144148780056,0.10762998703595872,B.RF2.CSE025,5,0,1993,0.8,11,5,0
3,0,HK,3,class,0.2390191595153406,0.11329311208015042,B.RF2.CSE025,157,0,1993,0.2484076433121019,11,157,0
21,0,HK,0,class,0.10471651760080218,0.11156958585225113,B.RF2.CSE025,4,0,1993,0.5,11,3,0
16,0,HK,0,class,0.051438054161446777,0.11212847233874595,B.RF2.CSE025,8,0,1993,0.875,11,8,0
22,0,HK,0,class,0.16242359223284838,0.1063402708718568,B.RF2.CSE025,21,0,1993,0.47619047619047616,11,21,0
13,0,HK,0,class,0.38646637769051645,0.10909526309400838,B.RF2.CSE025,160,0,1993,0.06875,11,159,0
18,0,HK,0,class,0.06018306591207002,0.10751484937813843,B.RF2.CSE025,33,0,1993,0.8484848484848485,11,28,1
14,0,HK,0,class,0.28593049241712704,0.11235860352939125,B.RF2.CSE025,60,0,1993,0.2,11,60,0
9,0,HK,0,class,0.4772827588538726,0.11069537949466066,B.RF2.CSE025,164,0,1993,0.006097560975609756,11,164,0
19,0,HK,0,class,0.024294753337211025,0.10547245820798191,B.RF2.CSE025,2,0,1993,1.0,11,0,1
15,0,HK,0,class,0.6008219762040699,0.1180698104000384,B.RF2.CSE025,123,0,1993,0.0,11,123,0
6,0,HK,0,class,0.016565382844612064,0.10502641284484109,B.RF2.CSE025,1,0,1993,1.0,11,0,0
5,0,HK,0,class,0.1758104095052434,0.11576497500198046,B.RF2.CSE025,1,0,1993,0.0,11,1,0
20,0,HK,0,class,0.057030062806498034,0.10596952080480186,B.RF2.CSE025,66,0,1993,0.8333333333333334,11,60,0
10,0,HK,3,class,0.1619590414434741,0.10569911806368537,B.RF2.CSE025,150,0,1993,0.44666666666666666,11,144,0
7,0,HK,0,class,0.5013325166930395,0.10688315107180582,B.RF2.CSE025,21,0,1993,0.0,11,21,0
1,0,HK,0,class,0.37555980957815216,0.1044957392953903,B.RF2.CSE025,113,0,1993,0.09734513274336283,11,113,0
all,5,HK,4,old,0.3418454101158291,0.10992660396503148,B.RF2.CSE025,1414,0,1993,0.21287128712871287,11,1396,3
all,0,HK,3,current,0.2720425970049512,0.10530786064239378,B.RF2.CSE025,284,0,1993,0.2746478873239437,11,278,0
all,0,HK,0,tail,0.25765275149165373,0.10873955229775857,B.RF2.CSE025,49,0,1993,0.40816326530612246,11,45,1
0,0,HK,0,class,0.04578487148424082,0.3661415444112453,G.RF1.CSEperm1,7,0,1993,1.0,11,7,0
4,0,HK,1,class,0.19700718596276426,0.33424925965881713,G.RF1.CSEperm1,165,0,1993,0.8121212121212121,11,165,1
12,2,HK,0,class,0.17115766459583717,0.36504731773009563,G.RF1.CSEperm1,41,0,1993,0.9512195121951219,11,41,1
8,1,HK,0,class,0.3018441838473719,0.3488503877483963,G.RF1.CSEperm1,153,0,1993,0.6274509803921569,11,153,0
2,0,HK,3,class,0.3582460003869433,0.3500876853356545,G.RF1.CSEperm1,182,0,1993,0.34615384615384615,11,182,0
11,0,HK,4,class,0.06541181276909099,0.36297526164707633,G.RF1.CSEperm1,61,0,1993,1.0,11,61,3
17,1,HK,0,class,0.07818078500620387,0.36022276538285275,G.RF1.CSEperm1,5,0,1993,1.0,11,5,0
3,4,HK,3,class,0.13472366136434336,0.3354312868254902,G.RF1.CSEperm1,157,0,1993,0.9681528662420382,11,157,0
21,0,HK,0,class,0.06592604201032656,0.3516821861786511,G.RF1.CSEperm1,4,0,1993,1.0,11,4,0
16,1,HK,0,class,0.05457566212506208,0.3749826298562075,G.RF1.CSEperm1,8,0,1993,1.0,11,8,0
22,1,HK,1,class,0.11097932576145396,0.3513449302945122,G.RF1.CSEperm1,21,0,1993,1.0,11,20,0
13,0,HK,0,class,0.3248071586765541,0.3576440666384788,G.RF1.CSEperm1,160,0,1993,0.575,11,159,0
18,1,HK,0,class,0.043761414871618554,0.35953144631322087,G.RF1.CSEperm1,33,0,1993,1.0,11,29,3
14,1,HK,0,class,0.21709258336450088,0.34369176441487975,G.RF1.CSEperm1,60,0,1993,0.7833333333333333,11,60,0
9,0,HK,0,class,0.4210912246098404,0.35014710841982155,G.RF1.CSEperm1,164,0,1993,0.3353658536585366,11,164,0
19,0,HK,0,class,0.008302867150996707,0.34803238170169576,G.RF1.CSEperm1,2,0,1993,1.0,11,1,1
15,1,HK,0,class,0.5288671881848823,0.35670915480311827,G.RF1.CSEperm1,123,0,1993,0.13821138211382114,11,123,0
6,0,HK,0,class,0.02322305170216779,0.3168373395221601,G.RF1.CSEperm1,1,0,1993,1.0,11,0,0
5,0,HK,0,class,0.19441114438354487,0.31713539171984173,G.RF1.CSEperm1,1,0,1993,1.0,11,1,0
20,1,HK,0,class,0.04491602262597066,0.3488311341507787,G.RF1.CSEperm1,66,0,1993,1.0,11,59,3
10,10,HK,0,class,0.12757843142010097,0.3557543292698641,G.RF1.CSEperm1,150,0,1993,0.9866666666666667,11,146,3
7,0,HK,0,class,0.4256750107764684,0.35905091283242535,G.RF1.CSEperm1,21,0,1993,0.23809523809523808,11,21,0
1,1,HK,0,class,0.301735797635499,0.3540239004118386,G.RF1.CSEperm1,113,0,1993,0.6371681415929203,11,113,0
all,14,HK,12,old,0.27124309785237954,0.3490258948390841,G.RF1.CSEperm1,1414,0,1993,0.6393210749646393,11,1399,12
all,11,HK,0,current,0.21891579250750834,0.3553095750228814,G.RF1.CSEperm1,284,0,1993,0.7922535211267606,11,280,3
all,2,HK,0,tail,0.21602291116645,0.36001634868333826,G.RF1.CSEperm1,49,0,1993,0.673469387755102,11,47,1
0,0,HK,0,class,0.06625035342913489,0.42672733244679245,B.RF1.CSEperm1,7,0,1993,1.0,11,7,1
4,4,HK,0,class,0.2978622963988041,0.4198176608527228,B.RF1.CSEperm1,165,0,1993,0.696969696969697,11,165,0
12,2,HK,0,class,0.19673140738686165,0.428990780773724,B.RF1.CSEperm1,41,0,1993,0.9512195121951219,11,40,2
8,2,HK,0,class,0.42542655693223763,0.4027496933454007,B.RF1.CSEperm1,153,0,1993,0.42483660130718953,11,153,0
2,1,HK,2,class,0.4237123238362593,0.4189650742284163,B.RF1.CSEperm1,182,0,1993,0.4230769230769231,11,182,0
11,1,HK,9,class,0.07336495846080415,0.42259673493227573,B.RF1.CSEperm1,61,0,1993,1.0,11,60,7
17,0,HK,0,class,0.07920525393994354,0.42405876303041373,B.RF1.CSEperm1,5,0,1993,1.0,11,5,1
3,2,HK,10,class,0.2433854347873631,0.44369109389971856,B.RF1.CSEperm1,157,0,1993,0.89171974522293,11,157,0
21,0,HK,0,class,0.11628432578351644,0.4280597886010453,B.RF1.CSEperm1,4,0,1993,1.0,11,4,0
16,0,HK,0,class,0.04472245843496622,0.4337862696013378,B.RF1.CSEperm1,8,0,1993,1.0,11,8,0
22,1,HK,0,class,0.1617943193434924,0.42683230203368067,B.RF1.CSEperm1,21,0,1993,0.9523809523809523,11,21,0
13,0,HK,2,class,0.40230888054726927,0.4049026223206984,B.RF1.CSEperm1,160,0,1993,0.5,11,159,0
18,2,HK,0,class,0.05664882927087762,0.41988178522037106,B.RF1.CSEperm1,33,0,1993,1.0,11,29,3
14,1,HK,1,class,0.2877369775259205,0.4321950677264752,B.RF1.CSEperm1,60,0,1993,0.75,11,60,0
9,0,HK,1,class,0.47413163061330893,0.4273868360060889,B.RF1.CSEperm1,164,0,1993,0.3902439024390244,11,164,0
19,0,HK,0,class,0.013844483945798694,0.4102370860671293,B.RF1.CSEperm1,2,0,1993,1.0,11,1,0
15,0,HK,0,class,0.609040360223894,0.4453886990014428,B.RF1.CSEperm1,123,0,1993,0.1951219512195122,11,123,0
6,0,HK,0,class,0.044588766827682424,0.4201056513793644,B.RF1.CSEperm1,1,0,1993,1.0,11,0,0
5,0,HK,0,class,0.16340942408932208,0.46305990000792185,B.RF1.CSEperm1,1,0,1993,1.0,11,1,0
20,0,HK,3,class,0.05596835347871771,0.41968612631505714,B.RF1.CSEperm1,66,0,1993,1.0,11,61,5
10,3,HK,3,class,0.15642790230957673,0.41503756314875945,B.RF1.CSEperm1,150,0,1993,0.9533333333333334,11,145,4
7,0,HK,0,class,0.5235101295072959,0.43517991273560447,B.RF1.CSEperm1,21,0,1993,0.23809523809523808,11,21,0
1,0,HK,1,class,0.3774142244023292,0.41504188679818194,B.RF1.CSEperm1,113,0,1993,0.584070796460177,11,113,0
all,16,HK,28,old,0.3446170622541261,0.42310578196805537,B.RF1.CSEperm1,1414,0,1993,0.6060820367751061,11,1400,19
all,3,HK,4,current,0.27149896275898916,0.41652868256322595,B.RF1.CSEperm1,284,0,1993,0.7535211267605634,11,279,4
all,0,HK,0,tail,0.26351215495467906,0.43127208866252525,B.RF1.CSEperm1,49,0,1993,0.673469387755102,11,47,2
22,0,HK,0,class,0.9778590741169462,0.35217918009197585,G.LIN.CSE1,21,0,1994,0.0,1,21,0
16,0,HK,0,class,0.9684701020685427,0.35967945569002957,G.LIN.CSE1,8,0,1994,0.0,1,8,0
all,0,HK,0,old,,,G.LIN.CSE1,0,0,1994,,1,0,0
all,0,HK,0,current,0.9752690128622142,0.3542482216362666,G.LIN.CSE1,29,0,1994,0.0,1,29,0
all,0,HK,0,tail,0.9684701020685427,0.35967945569002957,G.LIN.CSE1,8,0,1994,0.0,1,8,0
22,0,HK,0,class,0.9778590741169462,0.08804479502299396,G.LIN.CSE025,21,0,1994,0.0,1,21,0
16,0,HK,0,class,0.9684701020685427,0.08991986392250742,G.LIN.CSE025,8,0,1994,0.0,1,8,0
all,0,HK,0,old,,,G.LIN.CSE025,0,0,1994,,1,0,0
all,0,HK,0,current,0.9752690128622142,0.08856205540906666,G.LIN.CSE025,29,0,1994,0.0,1,29,0
all,0,HK,0,tail,0.9684701020685427,0.08991986392250742,G.LIN.CSE025,8,0,1994,0.0,1,8,0
22,0,HK,0,class,0.9679176421360565,0.35217918009197585,G.RF1.CSE1,21,0,1994,0.0,1,21,0
16,0,HK,0,class,0.9589660759151779,0.35967945569002957,G.RF1.CSE1,8,0,1994,0.0,1,8,0
all,0,HK,0,old,,,G.RF1.CSE1,0,0,1994,,1,0,0
all,0,HK,0,current,0.9654482445578829,0.3542482216362666,G.RF1.CSE1,29,0,1994,0.0,1,29,0
all,0,HK,0,tail,0.9589660759151779,0.35967945569002957,G.RF1.CSE1,8,0,1994,0.0,1,8,0
22,0,HK,0,class,0.9679176421360565,0.08804479502299396,G.RF1.CSE025,21,0,1994,0.0,1,21,0
16,0,HK,0,class,0.9589660759151779,0.08991986392250742,G.RF1.CSE025,8,0,1994,0.0,1,8,0
all,0,HK,0,old,,,G.RF1.CSE025,0,0,1994,,1,0,0
all,0,HK,0,current,0.9654482445578829,0.08856205540906666,G.RF1.CSE025,29,0,1994,0.0,1,29,0
all,0,HK,0,tail,0.9589660759151779,0.08991986392250742,G.RF1.CSE025,8,0,1994,0.0,1,8,0
22,0,HK,0,class,0.9612677040118067,0.4213858672902546,B.LIN.CSE1,21,0,1994,0.0,1,21,0
16,0,HK,0,class,0.9579460696437776,0.4436312831186932,B.LIN.CSE1,8,0,1994,0.0,1,8,0
all,0,HK,0,old,,,B.LIN.CSE1,0,0,1994,,1,0,0
all,0,HK,0,current,0.9603513910826951,0.42752253372568594,B.LIN.CSE1,29,0,1994,0.0,1,29,0
all,0,HK,0,tail,0.9579460696437776,0.4436312831186932,B.LIN.CSE1,8,0,1994,0.0,1,8,0
22,0,HK,0,class,0.9612677040118067,0.10534646682256366,B.LIN.CSE025,21,0,1994,0.0,1,21,0
16,0,HK,0,class,0.9579460696437776,0.11090782077967329,B.LIN.CSE025,8,0,1994,0.0,1,8,0
all,0,HK,0,old,,,B.LIN.CSE025,0,0,1994,,1,0,0
all,0,HK,0,current,0.9603513910826951,0.10688063343142148,B.LIN.CSE025,29,0,1994,0.0,1,29,0
all,0,HK,0,tail,0.9579460696437776,0.11090782077967329,B.LIN.CSE025,8,0,1994,0.0,1,8,0
22,0,HK,0,class,0.9422027415374129,0.4213858672902546,B.RF1.CSE1,21,0,1994,0.0,1,21,0
16,0,HK,0,class,0.9093383808587412,0.44363128311869326,B.RF1.CSE1,8,0,1994,0.0,1,8,0
all,0,HK,0,old,,,B.RF1.CSE1,0,0,1994,,1,0,0
all,0,HK,0,current,0.9331367110053654,0.42752253372568594,B.RF1.CSE1,29,0,1994,0.0,1,29,0
all,0,HK,0,tail,0.9093383808587412,0.44363128311869326,B.RF1.CSE1,8,0,1994,0.0,1,8,0
22,0,HK,0,class,0.9422027415374129,0.10534646682256366,B.RF1.CSE025,21,0,1994,0.0,1,21,0
16,0,HK,0,class,0.9093383808587412,0.1109078207796733,B.RF1.CSE025,8,0,1994,0.0,1,8,0
all,0,HK,0,old,,,B.RF1.CSE025,0,0,1994,,1,0,0
all,0,HK,0,current,0.9331367110053654,0.10688063343142151,B.RF1.CSE025,29,0,1994,0.0,1,29,0
all,0,HK,0,tail,0.9093383808587412,0.1109078207796733,B.RF1.CSE025,8,0,1994,0.0,1,8,0
22,0,HK,0,class,0.9711352051585261,0.35217918009197585,G.RF2.CSE1,21,0,1994,0.0,1,21,0
16,0,HK,0,class,0.9751975387695588,0.3596794556900295,G.RF2.CSE1,8,0,1994,0.0,1,8,0
all,0,HK,0,old,,,G.RF2.CSE1,0,0,1994,,1,0,0
all,0,HK,0,current,0.9722558489132938,0.3542482216362666,G.RF2.CSE1,29,0,1994,0.0,1,29,0
all,0,HK,0,tail,0.9751975387695588,0.3596794556900295,G.RF2.CSE1,8,0,1994,0.0,1,8,0
22,0,HK,0,class,0.9711352051585261,0.08804479502299396,G.RF2.CSE025,21,0,1994,0.0,1,21,0
16,0,HK,0,class,0.9751975387695588,0.08991986392250745,G.RF2.CSE025,8,0,1994,0.0,1,8,0
all,0,HK,0,old,,,G.RF2.CSE025,0,0,1994,,1,0,0
all,0,HK,0,current,0.9722558489132938,0.08856205540906668,G.RF2.CSE025,29,0,1994,0.0,1,29,0
all,0,HK,0,tail,0.9751975387695588,0.08991986392250745,G.RF2.CSE025,8,0,1994,0.0,1,8,0
22,0,HK,0,class,0.9600075298977047,0.4213858672902546,B.RF2.CSE1,21,0,1994,0.0,1,21,0
16,0,HK,0,class,0.9881012406720592,0.44363128311869326,B.RF2.CSE1,8,0,1994,0.0,1,8,0
all,0,HK,0,old,,,B.RF2.CSE1,0,0,1994,,1,0,0
all,0,HK,0,current,0.9677575190768369,0.42752253372568594,B.RF2.CSE1,29,0,1994,0.0,1,29,0
all,0,HK,0,tail,0.9881012406720592,0.44363128311869326,B.RF2.CSE1,8,0,1994,0.0,1,8,0
22,0,HK,0,class,0.9600075298977047,0.10534646682256366,B.RF2.CSE025,21,0,1994,0.0,1,21,0
16,0,HK,0,class,0.9881012406720592,0.11090782077967332,B.RF2.CSE025,8,0,1994,0.0,1,8,0
all,0,HK,0,old,,,B.RF2.CSE025,0,0,1994,,1,0,0
all,0,HK,0,current,0.9677575190768369,0.10688063343142148,B.RF2.CSE025,29,0,1994,0.0,1,29,0
all,0,HK,0,tail,0.9881012406720592,0.11090782077967332,B.RF2.CSE025,8,0,1994,0.0,1,8,0
22,0,HK,0,class,0.9679176421360565,0.35217918009197585,G.RF1.CSEperm1,21,0,1994,0.0,1,21,0
16,0,HK,0,class,0.9589660759151779,0.35967945569002957,G.RF1.CSEperm1,8,0,1994,0.0,1,8,0
all,0,HK,0,old,,,G.RF1.CSEperm1,0,0,1994,,1,0,0
all,0,HK,0,current,0.9654482445578829,0.35424822163626657,G.RF1.CSEperm1,29,0,1994,0.0,1,29,0
all,0,HK,0,tail,0.9589660759151779,0.35967945569002957,G.RF1.CSEperm1,8,0,1994,0.0,1,8,0
22,0,HK,0,class,0.9422027415374129,0.4213858672902546,B.RF1.CSEperm1,21,0,1994,0.0,1,21,0
16,0,HK,0,class,0.9093383808587412,0.44363128311869326,B.RF1.CSEperm1,8,0,1994,0.0,1,8,0
all,0,HK,0,old,,,B.RF1.CSEperm1,0,0,1994,,1,0,0
all,0,HK,0,current,0.9331367110053654,0.42752253372568594,B.RF1.CSEperm1,29,0,1994,0.0,1,29,0
all,0,HK,0,tail,0.9093383808587412,0.44363128311869326,B.RF1.CSEperm1,8,0,1994,0.0,1,8,0
22,0,HK,0,class,0.671202868044672,0.3546032196669658,G.LIN.CSE1,21,0,1994,0.09523809523809523,2,21,0
16,0,HK,0,class,0.40826728597947604,0.36683762746183457,G.LIN.CSE1,8,0,1994,0.5,2,8,0
12,0,HK,0,class,0.5676023354581622,0.3560421296448346,G.LIN.CSE1,41,0,1994,0.36585365853658536,2,41,0
13,0,HK,1,class,0.7972777515507754,0.35698343026507817,G.LIN.CSE1,160,0,1994,0.0875,2,160,0
all,0,HK,0,old,0.5986689143715145,0.3579782287138262,G.LIN.CSE1,29,0,1994,0.20689655172413793,2,29,0
all,0,HK,1,current,0.7504285373229288,0.3567914236708992,G.LIN.CSE1,201,0,1994,0.14427860696517414,2,201,0
all,0,HK,0,tail,0.40826728597947604,0.36683762746183457,G.LIN.CSE1,8,0,1994,0.5,2,8,0
22,0,HK,0,class,0.671202868044672,0.08865080491674145,G.LIN.CSE025,21,0,1994,0.0,2,21,0
16,0,HK,0,class,0.40826728597947604,0.09170940686545864,G.LIN.CSE025,8,0,1994,0.0,2,8,0
12,0,HK,0,class,0.5676023354581622,0.08901053241120865,G.LIN.CSE025,41,0,1994,0.07317073170731707,2,41,0
13,0,HK,0,class,0.7972777515507754,0.08924585756626957,G.LIN.CSE025,160,0,1994,0.03125,2,160,0
all,0,HK,0,old,0.5986689143715145,0.08949455717845654,G.LIN.CSE025,29,0,1994,0.0,2,29,0
all,0,HK,0,current,0.7504285373229288,0.0891978559177248,G.LIN.CSE025,201,0,1994,0.03980099502487562,2,201,0
all,0,HK,0,tail,0.40826728597947604,0.09170940686545864,G.LIN.CSE025,8,0,1994,0.0,2,8,0
22,0,HK,0,class,0.6729500275716609,0.3546032196669658,G.RF1.CSE1,21,0,1994,0.14285714285714285,2,21,0
16,0,HK,0,class,0.35600913991347616,0.3668376274618346,G.RF1.CSE1,8,0,1994,0.375,2,8,0
12,0,HK,1,class,0.5749357447172755,0.3560421296448346,G.RF1.CSE1,41,0,1994,0.34146341463414637,2,41,0
13,0,HK,0,class,0.7942474835105865,0.35698343026507817,G.RF1.CSE1,160,0,1994,0.0875,2,160,0
all,0,HK,0,old,0.5855180585625064,0.3579782287138262,G.RF1.CSE1,29,0,1994,0.20689655172413793,2,29,0
all,0,HK,1,current,0.7495122532094634,0.3567914236708992,G.RF1.CSE1,201,0,1994,0.13930348258706468,2,201,0
all,0,HK,0,tail,0.35600913991347616,0.3668376274618346,G.RF1.CSE1,8,0,1994,0.375,2,8,0
22,0,HK,0,class,0.6729500275716609,0.08865080491674145,G.RF1.CSE025,21,0,1994,0.0,2,21,0
16,0,HK,0,class,0.35600913991347616,0.09170940686545864,G.RF1.CSE025,8,0,1994,0.125,2,8,0
12,0,HK,1,class,0.5749357447172755,0.08901053241120867,G.RF1.CSE025,41,0,1994,0.0975609756097561,2,41,0
13,0,HK,0,class,0.7942474835105865,0.08924585756626956,G.RF1.CSE025,160,0,1994,0.03125,2,160,0
all,0,HK,0,old,0.5855180585625064,0.08949455717845654,G.RF1.CSE025,29,0,1994,0.034482758620689655,2,29,0
all,0,HK,1,current,0.7495122532094634,0.0891978559177248,G.RF1.CSE025,201,0,1994,0.04477611940298507,2,201,0
all,0,HK,0,tail,0.35600913991347616,0.09170940686545864,G.RF1.CSE025,8,0,1994,0.125,2,8,0
22,0,HK,0,class,0.6868385137740702,0.42300655277597177,B.LIN.CSE1,21,0,1994,0.14285714285714285,2,21,0
16,0,HK,0,class,0.3894333179504079,0.4467033745191653,B.LIN.CSE1,8,0,1994,0.5,2,8,0
12,0,HK,0,class,0.5600309184657982,0.42989022752757866,B.LIN.CSE1,41,0,1994,0.36585365853658536,2,41,0
13,0,HK,0,class,0.7861639489726319,0.4332213014012206,B.LIN.CSE1,160,0,1994,0.0875,2,160,0
all,0,HK,0,old,0.6047957011330599,0.4295436070499562,B.LIN.CSE1,29,0,1994,0.2413793103448276,2,29,0
all,0,HK,0,current,0.7400373109090488,0.43254182862102497,B.LIN.CSE1,201,0,1994,0.14427860696517414,2,201,0
all,0,HK,0,tail,0.3894333179504079,0.4467033745191653,B.LIN.CSE1,8,0,1994,0.5,2,8,0
22,0,HK,0,class,0.6868385137740702,0.10575163819399294,B.LIN.CSE025,21,0,1994,0.0,2,21,0
16,0,HK,0,class,0.3894333179504079,0.11167584362979131,B.LIN.CSE025,8,0,1994,0.125,2,8,0
12,0,HK,0,class,0.5600309184657982,0.10747255688189467,B.LIN.CSE025,41,0,1994,0.0975609756097561,2,41,0
13,0,HK,0,class,0.7861639489726319,0.10830532535030515,B.LIN.CSE025,160,0,1994,0.00625,2,160,0
all,0,HK,0,old,0.6047957011330599,0.10738590176248905,B.LIN.CSE025,29,0,1994,0.034482758620689655,2,29,0
all,0,HK,0,current,0.7400373109090488,0.10813545715525624,B.LIN.CSE025,201,0,1994,0.024875621890547265,2,201,0
all,0,HK,0,tail,0.3894333179504079,0.11167584362979131,B.LIN.CSE025,8,0,1994,0.125,2,8,0
22,0,HK,0,class,0.6975934467179459,0.42300655277597193,B.RF1.CSE1,21,0,1994,0.09523809523809523,2,21,0
16,0,HK,0,class,0.3587440823332414,0.4467033745191653,B.RF1.CSE1,8,0,1994,0.5,2,8,0
12,0,HK,0,class,0.5549725258626969,0.42989022752757866,B.RF1.CSE1,41,0,1994,0.34146341463414637,2,41,0
13,0,HK,0,class,0.7887113605540008,0.4332213014012206,B.RF1.CSE1,160,0,1994,0.09375,2,160,0
all,0,HK,0,old,0.6041177599911307,0.4295436070499563,B.RF1.CSE1,29,0,1994,0.20689655172413793,2,29,0
all,0,HK,0,current,0.7410332897960732,0.43254182862102497,B.RF1.CSE1,201,0,1994,0.14427860696517414,2,201,0
all,0,HK,0,tail,0.3587440823332414,0.4467033745191653,B.RF1.CSE1,8,0,1994,0.5,2,8,0
22,0,HK,0,class,0.6975934467179459,0.10575163819399294,B.RF1.CSE025,21,0,1994,0.0,2,21,0
16,0,HK,0,class,0.3587440823332414,0.11167584362979129,B.RF1.CSE025,8,0,1994,0.0,2,8,0
12,0,HK,0,class,0.5549725258626969,0.10747255688189467,B.RF1.CSE025,41,0,1994,0.07317073170731707,2,41,0
13,0,HK,0,class,0.7887113605540008,0.10830532535030517,B.RF1.CSE025,160,0,1994,0.0,2,160,0
all,0,HK,0,old,0.6041177599911307,0.10738590176248908,B.RF1.CSE025,29,0,1994,0.0,2,29,0
all,0,HK,0,current,0.7410332897960732,0.10813545715525624,B.RF1.CSE025,201,0,1994,0.014925373134328358,2,201,0
all,0,HK,0,tail,0.3587440823332414,0.11167584362979129,B.RF1.CSE025,8,0,1994,0.0,2,8,0
22,0,HK,0,class,0.6635711941784426,0.3546032196669658,G.RF2.CSE1,21,0,1994,0.09523809523809523,2,21,0
16,1,HK,0,class,0.285687884191814,0.3668376274618346,G.RF2.CSE1,8,0,1994,0.625,2,8,0
12,0,HK,0,class,0.6839056722403156,0.3560421296448346,G.RF2.CSE1,41,0,1994,0.24390243902439024,2,41,0
13,0,HK,1,class,0.8364088820764307,0.35698343026507817,G.RF2.CSE1,160,0,1994,0.0625,2,160,0
all,1,HK,0,old,0.5593275224579933,0.3579782287138262,G.RF2.CSE1,29,0,1994,0.2413793103448276,2,29,0
all,0,HK,1,current,0.8053012621596114,0.3567914236708992,G.RF2.CSE1,201,0,1994,0.09950248756218906,2,201,0
all,1,HK,0,tail,0.285687884191814,0.3668376274618346,G.RF2.CSE1,8,0,1994,0.625,2,8,0
22,0,HK,0,class,0.6635711941784426,0.08865080491674145,G.RF2.CSE025,21,0,1994,0.0,2,21,0
16,0,HK,0,class,0.285687884191814,0.09170940686545864,G.RF2.CSE025,8,0,1994,0.25,2,8,0
12,0,HK,0,class,0.6839056722403156,0.08901053241120867,G.RF2.CSE025,41,0,1994,0.024390243902439025,2,41,0
13,0,HK,0,class,0.8364088820764307,0.08924585756626954,G.RF2.CSE025,160,0,1994,0.025,2,160,0
all,0,HK,0,old,0.5593275224579933,0.08949455717845654,G.RF2.CSE025,29,0,1994,0.06896551724137931,2,29,0
all,0,HK,0,current,0.8053012621596114,0.0891978559177248,G.RF2.CSE025,201,0,1994,0.024875621890547265,2,201,0
all,0,HK,0,tail,0.285687884191814,0.09170940686545864,G.RF2.CSE025,8,0,1994,0.25,2,8,0
22,2,HK,0,class,0.5997078351503672,0.42300655277597177,B.RF2.CSE1,21,0,1994,0.3333333333333333,2,21,0
16,0,HK,0,class,0.32645820305959883,0.4467033745191653,B.RF2.CSE1,8,0,1994,0.75,2,8,0
12,0,HK,0,class,0.7550323905217815,0.42989022752757866,B.RF2.CSE1,41,0,1994,0.1951219512195122,2,41,0
13,0,HK,0,class,0.8647225072643007,0.4332213014012206,B.RF2.CSE1,160,0,1994,0.03125,2,160,0
all,2,HK,0,old,0.5243286262977414,0.4295436070499563,B.RF2.CSE1,29,0,1994,0.4482758620689655,2,29,0
all,0,HK,0,current,0.8423479063367222,0.43254182862102497,B.RF2.CSE1,201,0,1994,0.06467661691542288,2,201,0
all,0,HK,0,tail,0.32645820305959883,0.4467033745191653,B.RF2.CSE1,8,0,1994,0.75,2,8,0
22,2,HK,0,class,0.5997078351503672,0.10575163819399294,B.RF2.CSE025,21,0,1994,0.09523809523809523,2,21,0
16,0,HK,0,class,0.32645820305959883,0.11167584362979133,B.RF2.CSE025,8,0,1994,0.0,2,8,0
12,0,HK,0,class,0.7550323905217815,0.10747255688189468,B.RF2.CSE025,41,0,1994,0.07317073170731707,2,41,0
13,0,HK,0,class,0.8647225072643007,0.10830532535030515,B.RF2.CSE025,160,0,1994,0.0,2,160,0
all,2,HK,0,old,0.5243286262977414,0.10738590176248905,B.RF2.CSE025,29,0,1994,0.06896551724137931,2,29,0
all,0,HK,0,current,0.8423479063367222,0.10813545715525624,B.RF2.CSE025,201,0,1994,0.014925373134328358,2,201,0
all,0,HK,0,tail,0.32645820305959883,0.11167584362979133,B.RF2.CSE025,8,0,1994,0.0,2,8,0
22,0,HK,0,class,0.6729500275716609,0.3546032196669658,G.RF1.CSEperm1,21,0,1994,0.14285714285714285,2,21,0
16,0,HK,0,class,0.35600913991347616,0.3668376274618346,G.RF1.CSEperm1,8,0,1994,0.375,2,8,0
12,0,HK,1,class,0.5749357447172755,0.3560421296448346,G.RF1.CSEperm1,41,0,1994,0.34146341463414637,2,41,0
13,1,HK,0,class,0.7942474835105865,0.3569834302650783,G.RF1.CSEperm1,160,0,1994,0.0875,2,160,0
all,0,HK,0,old,0.5855180585625064,0.3579782287138262,G.RF1.CSEperm1,29,0,1994,0.20689655172413793,2,29,0
all,1,HK,1,current,0.7495122532094634,0.3567914236708992,G.RF1.CSEperm1,201,0,1994,0.13930348258706468,2,201,0
all,0,HK,0,tail,0.35600913991347616,0.3668376274618346,G.RF1.CSEperm1,8,0,1994,0.375,2,8,0
22,0,HK,0,class,0.6975934467179459,0.42300655277597193,B.RF1.CSEperm1,21,0,1994,0.09523809523809523,2,21,0
16,0,HK,0,class,0.3587440823332414,0.4467033745191653,B.RF1.CSEperm1,8,0,1994,0.5,2,8,0
12,1,HK,0,class,0.5549725258626969,0.42989022752757866,B.RF1.CSEperm1,41,0,1994,0.34146341463414637,2,41,0
13,0,HK,0,class,0.7887113605540008,0.4332213014012206,B.RF1.CSEperm1,160,0,1994,0.09375,2,160,0
all,0,HK,0,old,0.6041177599911307,0.4295436070499563,B.RF1.CSEperm1,29,0,1994,0.20689655172413793,2,29,0
all,1,HK,0,current,0.7410332897960732,0.43254182862102497,B.RF1.CSEperm1,201,0,1994,0.14427860696517414,2,201,0
all,0,HK,0,tail,0.3587440823332414,0.4467033745191653,B.RF1.CSEperm1,8,0,1994,0.5,2,8,0
22,0,HK,0,class,0.3323207308396397,0.3526299739192191,G.LIN.CSE1,21,0,1994,0.5714285714285714,3,21,0
16,0,HK,0,class,0.3847821066569854,0.3666788028478025,G.LIN.CSE1,8,0,1994,0.5,3,8,0
12,0,HK,0,class,0.5091558259817793,0.3560803043293198,G.LIN.CSE1,41,0,1994,0.36585365853658536,3,41,0
13,0,HK,1,class,0.7341275336174375,0.3555149411098758,G.LIN.CSE1,160,0,1994,0.1125,3,160,0
21,0,HK,0,class,0.16782008638154003,0.3572042923432863,G.LIN.CSE1,4,0,1994,1.0,3,4,0
4,0,HK,0,class,0.7731162358784841,0.3427992278025677,G.LIN.CSE1,165,0,1994,0.01818181818181818,3,165,0
all,0,HK,1,old,0.6451860280214403,0.35574062143551427,G.LIN.CSE1,230,0,1994,0.21304347826086956,3,230,0
all,0,HK,0,current,0.7587896997957162,0.34314017607572084,G.LIN.CSE1,169,0,1994,0.04142011834319527,3,169,0
all,0,HK,0,tail,0.31246143323183695,0.3635206326796305,G.LIN.CSE1,12,0,1994,0.6666666666666666,3,12,0
22,0,HK,0,class,0.3323207308396397,0.08815749347980477,G.LIN.CSE025,21,0,1994,0.19047619047619047,3,21,0
16,0,HK,0,class,0.3847821066569854,0.09166970071195063,G.LIN.CSE025,8,0,1994,0.0,3,8,0
12,0,HK,0,class,0.5091558259817793,0.08902007608232994,G.LIN.CSE025,41,0,1994,0.07317073170731707,3,41,0
13,0,HK,1,class,0.7341275336174375,0.08887873527746895,G.LIN.CSE025,160,0,1994,0.03125,3,160,0
21,0,HK,0,class,0.16782008638154003,0.08930107308582161,G.LIN.CSE025,4,0,1994,0.0,3,4,0
4,0,HK,0,class,0.7731162358784841,0.08569980695064194,G.LIN.CSE025,165,0,1994,0.0,3,165,0
all,0,HK,1,old,0.6451860280214403,0.08893515535887855,G.LIN.CSE025,230,0,1994,0.05217391304347826,3,230,0
all,0,HK,0,current,0.7587896997957162,0.08578504401893021,G.LIN.CSE025,169,0,1994,0.0,3,169,0
all,0,HK,0,tail,0.31246143323183695,0.09088015816990762,G.LIN.CSE025,12,0,1994,0.0,3,12,0
22,0,HK,0,class,0.3348486390577887,0.35117593799567715,G.RF1.CSE1,21,0,1994,0.5714285714285714,3,21,0
16,0,HK,0,class,0.3401890513975538,0.3666788028478025,G.RF1.CSE1,8,0,1994,0.5,3,8,0
12,0,HK,0,class,0.515111369616338,0.35607430014959135,G.RF1.CSE1,41,0,1994,0.34146341463414637,3,41,0
13,0,HK,0,class,0.7283630536708884,0.3553313512887328,G.RF1.CSE1,160,0,1994,0.1125,3,160,0
21,0,HK,0,class,0.17994246059903737,0.357187088616709,G.RF1.CSE1,4,0,1994,1.0,3,4,0
4,0,HK,0,class,0.7707419525844886,0.3433150473317603,G.RF1.CSE1,165,0,1994,0.01818181818181818,3,165,0
all,0,HK,0,old,0.6409173416217651,0.3554790766653136,G.RF1.CSE1,230,0,1994,0.20869565217391303,3,230,0
all,0,HK,0,current,0.7567585326558388,0.3436433796698656,G.RF1.CSE1,169,0,1994,0.04142011834319527,3,169,0
all,0,HK,0,tail,0.28677352113138166,0.3635148981041047,G.RF1.CSE1,12,0,1994,0.6666666666666666,3,12,0
22,0,HK,0,class,0.3348486390577887,0.08779398449891929,G.RF1.CSE025,21,0,1994,0.14285714285714285,3,21,0
16,0,HK,0,class,0.3401890513975538,0.09166970071195062,G.RF1.CSE025,8,0,1994,0.125,3,8,0
12,0,HK,0,class,0.515111369616338,0.08901857503739784,G.RF1.CSE025,41,0,1994,0.0975609756097561,3,41,0
13,0,HK,0,class,0.7283630536708884,0.0888328378221832,G.RF1.CSE025,160,0,1994,0.0375,3,160,0
21,0,HK,0,class,0.17994246059903737,0.08929677215417722,G.RF1.CSE025,4,0,1994,0.0,3,4,0
4,0,HK,0,class,0.7707419525844886,0.08582876183294008,G.RF1.CSE025,165,0,1994,0.006060606060606061,3,165,0
all,0,HK,0,old,0.6409173416217651,0.08886976916632841,G.RF1.CSE025,230,0,1994,0.06086956521739131,3,230,0
all,0,HK,0,current,0.7567585326558388,0.0859108449174664,G.RF1.CSE025,169,0,1994,0.005917159763313609,3,169,0
all,0,HK,0,tail,0.28677352113138166,0.09087872452602615,G.RF1.CSE025,12,0,1994,0.08333333333333333,3,12,0
22,0,HK,0,class,0.3407466310372864,0.422340321701518,B.LIN.CSE1,21,0,1994,0.6190476190476191,3,21,0
16,0,HK,0,class,0.3625647107839004,0.4467033745191653,B.LIN.CSE1,8,0,1994,0.625,3,8,0
12,1,HK,0,class,0.48440676293997625,0.42989022752757866,B.LIN.CSE1,41,0,1994,0.4146341463414634,3,41,0
13,1,HK,0,class,0.7181567403658203,0.43324033203347695,B.LIN.CSE1,160,0,1994,0.13125,3,160,0
21,0,HK,0,class,0.2978888961794378,0.4274563886241693,B.LIN.CSE1,4,0,1994,0.75,3,4,0
4,0,HK,0,class,0.7887343745446755,0.44013484636074063,B.LIN.CSE1,165,0,1994,0.03636363636363636,3,165,0
all,2,HK,0,old,0.6296606638135848,0.43211620089509667,B.LIN.CSE1,230,0,1994,0.24347826086956523,3,230,0
all,0,HK,0,current,0.7771167300863268,0.43983476452082176,B.LIN.CSE1,169,0,1994,0.05325443786982249,3,169,0
all,0,HK,0,tail,0.34100610591574626,0.44028771255416665,B.LIN.CSE1,12,0,1994,0.6666666666666666,3,12,0
22,0,HK,0,class,0.3407466310372864,0.10558508042537948,B.LIN.CSE025,21,0,1994,0.23809523809523808,3,21,0
16,0,HK,0,class,0.3625647107839004,0.11167584362979131,B.LIN.CSE025,8,0,1994,0.125,3,8,0
12,1,HK,0,class,0.48440676293997625,0.10747255688189467,B.LIN.CSE025,41,0,1994,0.0975609756097561,3,41,0
13,1,HK,0,class,0.7181567403658203,0.10831008300836924,B.LIN.CSE025,160,0,1994,0.0125,3,160,0
21,0,HK,0,class,0.2978888961794378,0.10686409715604231,B.LIN.CSE025,4,0,1994,0.25,3,4,0
4,0,HK,0,class,0.7887343745446755,0.11003371159018513,B.LIN.CSE025,165,0,1994,0.0,3,165,0
all,2,HK,0,old,0.6296606638135848,0.10802905022377417,B.LIN.CSE025,230,0,1994,0.05217391304347826,3,230,0
all,0,HK,0,current,0.7771167300863268,0.10995869113020544,B.LIN.CSE025,169,0,1994,0.005917159763313609,3,169,0
all,0,HK,0,tail,0.34100610591574626,0.11007192813854166,B.LIN.CSE025,12,0,1994,0.16666666666666666,3,12,0
22,0,HK,0,class,0.36312125320162575,0.4222888319946976,B.RF1.CSE1,21,0,1994,0.6190476190476191,3,21,0
16,0,HK,0,class,0.3305559365267866,0.4467033745191653,B.RF1.CSE1,8,0,1994,0.625,3,8,0
12,1,HK,0,class,0.4913302969053165,0.4298931720014182,B.RF1.CSE1,41,0,1994,0.36585365853658536,3,41,0
13,0,HK,0,class,0.7224360881218254,0.43324033203347695,B.RF1.CSE1,160,0,1994,0.1125,3,160,0
21,0,HK,0,class,0.30984569428938574,0.42745638862416924,B.RF1.CSE1,4,0,1994,0.75,3,4,0
4,0,HK,0,class,0.8039271341903587,0.4401348463607405,B.RF1.CSE1,165,0,1994,0.048484848484848485,3,165,0
all,1,HK,0,old,0.6348013481828628,0.43211202454546277,B.RF1.CSE1,230,0,1994,0.2217391304347826,3,230,0
all,0,HK,0,current,0.7922328989264302,0.43983476452082176,B.RF1.CSE1,169,0,1994,0.0650887573964497,3,169,0
all,0,HK,0,tail,0.32365252244765297,0.4402877125541666,B.RF1.CSE1,12,0,1994,0.6666666666666666,3,12,0
22,0,HK,0,class,0.36312125320162575,0.1055722079986744,B.RF1.CSE025,21,0,1994,0.23809523809523808,3,21,0
16,0,HK,0,class,0.3305559365267866,0.1116758436297913,B.RF1.CSE025,8,0,1994,0.125,3,8,0
12,0,HK,0,class,0.4913302969053165,0.10747329300035455,B.RF1.CSE025,41,0,1994,0.0975609756097561,3,41,0
13,0,HK,0,class,0.7224360881218254,0.10831008300836924,B.RF1.CSE025,160,0,1994,0.0125,3,160,0
21,0,HK,0,class,0.30984569428938574,0.10686409715604234,B.RF1.CSE025,4,0,1994,0.25,3,4,0
4,0,HK,0,class,0.8039271341903587,0.11003371159018513,B.RF1.CSE025,165,0,1994,0.0,3,165,0
all,0,HK,0,old,0.6348013481828628,0.1080280061363657,B.RF1.CSE025,230,0,1994,0.05217391304347826,3,230,0
all,0,HK,0,current,0.7922328989264302,0.10995869113020544,B.RF1.CSE025,169,0,1994,0.005917159763313609,3,169,0
all,0,HK,0,tail,0.32365252244765297,0.11007192813854165,B.RF1.CSE025,12,0,1994,0.16666666666666666,3,12,0
22,0,HK,0,class,0.4270395262909251,0.35337444320860617,G.RF2.CSE1,21,0,1994,0.47619047619047616,3,21,0
16,0,HK,0,class,0.2981396318522005,0.3666788028478025,G.RF2.CSE1,8,0,1994,0.625,3,8,0
12,0,HK,0,class,0.6311375606489789,0.35536757707698935,G.RF2.CSE1,41,0,1994,0.3170731707317073,3,41,0
13,0,HK,0,class,0.8034938194663624,0.35520544134346144,G.RF2.CSE1,160,0,1994,0.075,3,160,0
21,0,HK,0,class,0.29026352354011065,0.361351409548495,G.RF2.CSE1,4,0,1994,0.5,3,4,0
4,0,HK,0,class,0.8139142808515144,0.3427736562866872,G.RF2.CSE1,165,0,1994,0.012121212121212121,3,165,0
all,0,HK,0,old,0.7208199922093614,0.3554662391533633,G.RF2.CSE1,230,0,1994,0.17391304347826086,3,230,0
all,0,HK,0,current,0.8015201800867475,0.34321336642306133,G.RF2.CSE1,169,0,1994,0.023668639053254437,3,169,0
all,0,HK,0,tail,0.2955142624148372,0.36490300508136664,G.RF2.CSE1,12,0,1994,0.5833333333333334,3,12,0
22,0,HK,0,class,0.4270395262909251,0.08834361080215154,G.RF2.CSE025,21,0,1994,0.14285714285714285,3,21,0
16,0,HK,0,class,0.2981396318522005,0.0916697007119506,G.RF2.CSE025,8,0,1994,0.125,3,8,0
12,0,HK,0,class,0.6311375606489789,0.08884189426924737,G.RF2.CSE025,41,0,1994,0.024390243902439025,3,41,0
13,0,HK,0,class,0.8034938194663624,0.08880136033586536,G.RF2.CSE025,160,0,1994,0.01875,3,160,0
21,0,HK,0,class,0.29026352354011065,0.09033785238712375,G.RF2.CSE025,4,0,1994,0.25,3,4,0
4,0,HK,0,class,0.8139142808515144,0.08569341407167179,G.RF2.CSE025,165,0,1994,0.0,3,165,0
all,0,HK,0,old,0.7208199922093614,0.08886655978834082,G.RF2.CSE025,230,0,1994,0.034782608695652174,3,230,0
all,0,HK,0,current,0.8015201800867475,0.08580334160576535,G.RF2.CSE025,169,0,1994,0.005917159763313609,3,169,0
all,0,HK,0,tail,0.2955142624148372,0.09122575127034166,G.RF2.CSE025,12,0,1994,0.16666666666666666,3,12,0
22,1,HK,0,class,0.491568999821052,0.4223403217015181,B.RF2.CSE1,21,0,1994,0.47619047619047616,3,21,0
16,0,HK,0,class,0.33561676236379945,0.44670337451916525,B.RF2.CSE1,8,0,1994,0.75,3,8,0
12,0,HK,0,class,0.7438534467137969,0.4286978567682109,B.RF2.CSE1,41,0,1994,0.1951219512195122,3,41,0
13,0,HK,0,class,0.8384914544762934,0.4327913541449281,B.RF2.CSE1,160,0,1994,0.04375,3,160,0
21,0,HK,0,class,0.43985674726367296,0.4274563886241692,B.RF2.CSE1,4,0,1994,0.5,3,4,0
4,0,HK,0,class,0.8186974978361338,0.4399691138816002,B.RF2.CSE1,165,0,1994,0.012121212121212121,3,165,0
all,1,HK,0,old,0.7724543788114134,0.4315913154024797,B.RF2.CSE1,230,0,1994,0.13478260869565217,3,230,0
all,0,HK,0,current,0.8097308528521701,0.4396729547039096,B.RF2.CSE1,169,0,1994,0.023668639053254437,3,169,0
all,0,HK,0,tail,0.3703634239970906,0.4402877125541666,B.RF2.CSE1,12,0,1994,0.6666666666666666,3,12,0
22,0,HK,0,class,0.491568999821052,0.10558508042537952,B.RF2.CSE025,21,0,1994,0.14285714285714285,3,21,0
16,0,HK,0,class,0.33561676236379945,0.1116758436297913,B.RF2.CSE025,8,0,1994,0.0,3,8,0
12,0,HK,0,class,0.7438534467137969,0.10717446419205276,B.RF2.CSE025,41,0,1994,0.024390243902439025,3,41,0
13,0,HK,0,class,0.8384914544762934,0.10819783853623202,B.RF2.CSE025,160,0,1994,0.0,3,160,0
21,0,HK,0,class,0.43985674726367296,0.10686409715604228,B.RF2.CSE025,4,0,1994,0.0,3,4,0
4,0,HK,0,class,0.8186974978361338,0.10999227847040005,B.RF2.CSE025,165,0,1994,0.0,3,165,0
all,0,HK,0,old,0.7724543788114134,0.10789782885061992,B.RF2.CSE025,230,0,1994,0.017391304347826087,3,230,0
all,0,HK,0,current,0.8097308528521701,0.10991823867597737,B.RF2.CSE025,169,0,1994,0.0,3,169,0
all,0,HK,0,tail,0.3703634239970906,0.11007192813854162,B.RF2.CSE025,12,0,1994,0.0,3,12,0
22,0,HK,1,class,0.3348486390577887,0.35503702075942867,G.RF1.CSEperm1,21,0,1994,0.5714285714285714,3,21,0
16,0,HK,0,class,0.3401890513975538,0.3658039394572101,G.RF1.CSEperm1,8,0,1994,0.5,3,8,0
12,0,HK,0,class,0.515111369616338,0.35508175760786176,G.RF1.CSEperm1,41,0,1994,0.34146341463414637,3,41,0
13,2,HK,0,class,0.7283630536708884,0.3571616152495424,G.RF1.CSEperm1,160,0,1994,0.11875,3,160,0
21,0,HK,0,class,0.17994246059903737,0.36890838770298306,G.RF1.CSEperm1,4,0,1994,1.0,3,4,0
4,0,HK,0,class,0.7707419525844886,0.3434514909781945,G.RF1.CSEperm1,165,0,1994,0.01818181818181818,3,165,0
all,2,HK,1,old,0.6409173416217651,0.3568974758845861,G.RF1.CSEperm1,230,0,1994,0.21304347826086956,3,230,0
all,0,HK,0,current,0.7567585326558388,0.3440540210781895,G.RF1.CSEperm1,169,0,1994,0.04142011834319527,3,169,0
all,0,HK,0,tail,0.28677352113138166,0.3668387555391344,G.RF1.CSEperm1,12,0,1994,0.6666666666666666,3,12,0
22,1,HK,1,class,0.36312125320162575,0.42225464779316824,B.RF1.CSEperm1,21,0,1994,0.6190476190476191,3,21,0
16,0,HK,0,class,0.3305559365267866,0.44618122978106994,B.RF1.CSEperm1,8,0,1994,0.625,3,8,0
12,1,HK,0,class,0.4913302969053165,0.42735206239161055,B.RF1.CSEperm1,41,0,1994,0.36585365853658536,3,41,0
13,0,HK,1,class,0.7224360881218254,0.42654803692962345,B.RF1.CSEperm1,160,0,1994,0.1125,3,160,0
21,0,HK,0,class,0.30984569428938574,0.42735969800380574,B.RF1.CSEperm1,4,0,1994,0.75,3,4,0
4,0,HK,0,class,0.8039271341903587,0.43046667577613235,B.RF1.CSEperm1,165,0,1994,0.04242424242424243,3,165,0
all,2,HK,2,old,0.6348013481828628,0.4269822517769603,B.RF1.CSEperm1,230,0,1994,0.2217391304347826,3,230,0
all,0,HK,0,current,0.7922328989264302,0.4303931378406927,B.RF1.CSEperm1,169,0,1994,0.05917159763313609,3,169,0
all,0,HK,0,tail,0.32365252244765297,0.43990738585531525,B.RF1.CSEperm1,12,0,1994,0.6666666666666666,3,12,0
22,0,HK,0,class,0.2972806855596643,0.35079907667904725,G.LIN.CSE1,21,0,1994,0.6190476190476191,4,21,0
16,0,HK,0,class,0.36112537533202693,0.36667882405470553,G.LIN.CSE1,8,0,1994,0.5,4,8,0
12,0,HK,0,class,0.4644368512218899,0.3562897194757759,G.LIN.CSE1,41,0,1994,0.36585365853658536,4,41,0
13,0,HK,1,class,0.6522878374964728,0.35538502463737653,G.LIN.CSE1,160,0,1994,0.15625,4,160,0
21,0,HK,0,class,0.1265702375271041,0.3558501734978152,G.LIN.CSE1,4,0,1994,1.0,4,4,0
4,0,HK,0,class,0.7419653252451363,0.3408063928248705,G.LIN.CSE1,165,0,1994,0.030303030303030304,4,165,0
19,0,HK,0,class,0.11285874193964318,0.34309676434561837,G.LIN.CSE1,2,0,1994,1.0,4,1,0
17,0,HK,0,class,0.31291530037476295,0.3599082370263333,G.LIN.CSE1,5,0,1994,0.6,4,5,0
all,0,HK,1,old,0.6402767466528777,0.34943897030897136,G.LIN.CSE1,399,0,1994,0.16541353383458646,4,399,0
all,0,HK,0,current,0.25575628367901443,0.3551049591175576,G.LIN.CSE1,7,0,1994,0.7142857142857143,4,6,0
all,0,HK,0,tail,0.272925154658828,0.360135052644832,G.LIN.CSE1,19,0,1994,0.6842105263157895,4,18,0
22,0,HK,0,class,0.2972806855596643,0.08769976916976183,G.LIN.CSE025,21,0,1994,0.23809523809523808,4,21,0
16,0,HK,0,class,0.36112537533202693,0.09166970601367638,G.LIN.CSE025,8,0,1994,0.0,4,8,0
12,0,HK,0,class,0.4644368512218899,0.08907242986894397,G.LIN.CSE025,41,0,1994,0.07317073170731707,4,41,0
13,0,HK,0,class,0.6522878374964728,0.08884625615934413,G.LIN.CSE025,160,0,1994,0.025,4,160,0
21,0,HK,0,class,0.1265702375271041,0.0889625433744538,G.LIN.CSE025,4,0,1994,0.5,4,4,0
4,0,HK,0,class,0.7419653252451363,0.08520159820621763,G.LIN.CSE025,165,0,1994,0.0,4,165,0
19,0,HK,0,class,0.11285874193964318,0.08577419108640458,G.LIN.CSE025,2,0,1994,0.0,4,1,0
17,0,HK,0,class,0.31291530037476295,0.08997705925658331,G.LIN.CSE025,5,0,1994,0.2,4,5,0
all,0,HK,0,old,0.6402767466528777,0.08735974257724284,G.LIN.CSE025,399,0,1994,0.03508771929824561,4,399,0
all,0,HK,0,current,0.25575628367901443,0.0887762397793894,G.LIN.CSE025,7,0,1994,0.14285714285714285,4,6,0
all,0,HK,0,tail,0.272925154658828,0.090033763161208,G.LIN.CSE025,19,0,1994,0.15789473684210525,4,18,0
22,0,HK,0,class,0.2931378383331326,0.3496534874146877,G.RF1.CSE1,21,0,1994,0.6190476190476191,4,21,0
16,0,HK,0,class,0.31849177027772807,0.36667882405470553,G.RF1.CSE1,8,0,1994,0.625,4,8,0
12,0,HK,0,class,0.47213397348819625,0.35631645113223076,G.RF1.CSE1,41,0,1994,0.36585365853658536,4,41,0
13,0,HK,0,class,0.6411366008878405,0.35581585269332006,G.RF1.CSE1,160,0,1994,0.175,4,160,0
21,0,HK,0,class,0.1418170640929513,0.3558501734978153,G.RF1.CSE1,4,0,1994,1.0,4,4,0
4,0,HK,0,class,0.7426071537288311,0.3403593201562563,G.RF1.CSE1,165,0,1994,0.024242424242424242,4,165,0
19,0,HK,0,class,0.09696887518882012,0.3430967643456183,G.RF1.CSE1,2,0,1994,1.0,4,2,0
17,0,HK,0,class,0.31236612812806697,0.3599082370263333,G.RF1.CSE1,5,0,1994,0.8,4,5,0
all,0,HK,0,old,0.63594141965894,0.3493693064543166,G.RF1.CSE1,399,0,1994,0.17293233082706766,4,399,0
all,0,HK,0,current,0.25082405585971074,0.3551049591175576,G.RF1.CSE1,7,0,1994,0.8571428571428571,4,7,0
all,0,HK,0,tail,0.25636688471640023,0.360135052644832,G.RF1.CSE1,19,0,1994,0.7894736842105263,4,19,0
22,0,HK,0,class,0.2931378383331326,0.08741337185367193,G.RF1.CSE025,21,0,1994,0.19047619047619047,4,21,0
16,0,HK,0,class,0.31849177027772807,0.09166970601367637,G.RF1.CSE025,8,0,1994,0.125,4,8,0
12,0,HK,0,class,0.47213397348819625,0.08907911278305769,G.RF1.CSE025,41,0,1994,0.07317073170731707,4,41,0
13,0,HK,0,class,0.6411366008878405,0.08895396317333001,G.RF1.CSE025,160,0,1994,0.03125,4,160,0
21,0,HK,0,class,0.1418170640929513,0.08896254337445382,G.RF1.CSE025,4,0,1994,0.5,4,4,0
4,0,HK,0,class,0.7426071537288311,0.08508983003906408,G.RF1.CSE025,165,0,1994,0.0,4,165,0
19,0,HK,0,class,0.09696887518882012,0.08577419108640459,G.RF1.CSE025,2,0,1994,0.0,4,2,0
17,0,HK,0,class,0.31236612812806697,0.0899770592565833,G.RF1.CSE025,5,0,1994,0.2,4,5,0
all,0,HK,0,old,0.63594141965894,0.08734232661357914,G.RF1.CSE025,399,0,1994,0.03759398496240601,4,399,0
all,0,HK,0,current,0.25082405585971074,0.08877623977938938,G.RF1.CSE025,7,0,1994,0.14285714285714285,4,7,0
all,0,HK,0,tail,0.25636688471640023,0.090033763161208,G.RF1.CSE025,19,0,1994,0.21052631578947367,4,19,0
22,0,HK,0,class,0.31872792776441744,0.42354734846985675,B.LIN.CSE1,21,0,1994,0.6666666666666666,4,21,0
16,0,HK,0,class,0.3386053411591851,0.44688169087079527,B.LIN.CSE1,8,0,1994,0.625,4,8,0
12,0,HK,0,class,0.4409946902581718,0.42989022752757866,B.LIN.CSE1,41,0,1994,0.4878048780487805,4,41,0
13,1,HK,0,class,0.6484833734151785,0.4334449742157509,B.LIN.CSE1,160,0,1994,0.19375,4,160,0
21,0,HK,0,class,0.19200897265568573,0.42932355850329834,B.LIN.CSE1,4,0,1994,1.0,4,4,0
4,0,HK,0,class,0.7573071908546104,0.43981291843132175,B.LIN.CSE1,165,0,1994,0.05454545454545454,4,165,0
19,0,HK,0,class,0.060733018580173964,0.4220005893098072,B.LIN.CSE1,2,0,1994,1.0,4,2,0
17,1,HK,0,class,0.24414172836086453,0.42470375512170333,B.LIN.CSE1,5,0,1994,0.8,4,5,0
all,1,HK,0,old,0.6440199840625896,0.4354202226144499,B.LIN.CSE1,399,0,1994,0.20802005012531327,4,399,0
all,1,HK,0,current,0.1917392398520958,0.4239314220325902,B.LIN.CSE1,7,0,1994,0.8571428571428571,4,7,0
all,1,HK,0,tail,0.2536343841505733,0.4347298797477729,B.LIN.CSE1,19,0,1994,0.7894736842105263,4,19,0
22,0,HK,0,class,0.31872792776441744,0.10588683711746419,B.LIN.CSE025,21,0,1994,0.23809523809523808,4,21,0
16,0,HK,0,class,0.3386053411591851,0.11172042271769878,B.LIN.CSE025,8,0,1994,0.125,4,8,0
12,0,HK,0,class,0.4409946902581718,0.10747255688189467,B.LIN.CSE025,41,0,1994,0.07317073170731707,4,41,0
13,0,HK,0,class,0.6484833734151785,0.10836124355393775,B.LIN.CSE025,160,0,1994,0.01875,4,160,0
21,0,HK,0,class,0.19200897265568573,0.10733088962582461,B.LIN.CSE025,4,0,1994,0.25,4,4,0
4,0,HK,0,class,0.7573071908546104,0.10995322960783044,B.LIN.CSE025,165,0,1994,0.0,4,165,0
19,0,HK,0,class,0.060733018580173964,0.10550014732745182,B.LIN.CSE025,2,0,1994,1.0,4,2,0
17,0,HK,0,class,0.24414172836086453,0.10617593878042583,B.LIN.CSE025,5,0,1994,0.2,4,5,0
all,0,HK,0,old,0.6440199840625896,0.10885505565361249,B.LIN.CSE025,399,0,1994,0.03258145363408521,4,399,0
all,0,HK,0,current,0.1917392398520958,0.10598285550814755,B.LIN.CSE025,7,0,1994,0.42857142857142855,4,7,0
all,0,HK,0,tail,0.2536343841505733,0.10868246993694322,B.LIN.CSE025,19,0,1994,0.2631578947368421,4,19,0
22,1,HK,0,class,0.32629857987023503,0.42354734846985675,B.RF1.CSE1,21,0,1994,0.6666666666666666,4,21,0
16,0,HK,0,class,0.30584257103692614,0.44688169087079527,B.RF1.CSE1,8,0,1994,0.75,4,8,0
12,1,HK,0,class,0.4483936669902699,0.4297251696939694,B.RF1.CSE1,41,0,1994,0.4634146341463415,4,41,0
13,1,HK,0,class,0.6501447981201905,0.4334449742157509,B.RF1.CSE1,160,0,1994,0.16875,4,160,0
21,0,HK,0,class,0.2571713154541873,0.4293235585032984,B.RF1.CSE1,4,0,1994,1.0,4,4,0
4,0,HK,0,class,0.7753244121392712,0.4399691138816001,B.RF1.CSE1,165,0,1994,0.048484848484848485,4,165,0
19,0,HK,0,class,0.1097044437649694,0.41640158696099794,B.RF1.CSE1,2,0,1994,1.0,4,2,0
17,0,HK,0,class,0.22582153378552383,0.42470375512170333,B.RF1.CSE1,5,0,1994,1.0,4,5,0
all,3,HK,0,old,0.653292060291224,0.43546785388792847,B.RF1.CSE1,399,0,1994,0.19548872180451127,4,399,0
all,0,HK,0,current,0.19264522235107973,0.42233170707578754,B.RF1.CSE1,7,0,1994,1.0,4,7,0
all,0,HK,0,tail,0.25389170455630083,0.43414051107947726,B.RF1.CSE1,19,0,1994,0.8947368421052632,4,19,0
22,0,HK,0,class,0.32629857987023503,0.10588683711746419,B.RF1.CSE025,21,0,1994,0.23809523809523808,4,21,0
16,0,HK,0,class,0.30584257103692614,0.11172042271769878,B.RF1.CSE025,8,0,1994,0.125,4,8,0
12,0,HK,0,class,0.4483936669902699,0.10743129242349235,B.RF1.CSE025,41,0,1994,0.12195121951219512,4,41,0
13,1,HK,0,class,0.6501447981201905,0.10836124355393775,B.RF1.CSE025,160,0,1994,0.01875,4,160,0
21,0,HK,0,class,0.2571713154541873,0.1073308896258246,B.RF1.CSE025,4,0,1994,0.0,4,4,0
4,0,HK,0,class,0.7753244121392712,0.10999227847040002,B.RF1.CSE025,165,0,1994,0.0,4,165,0
19,0,HK,0,class,0.1097044437649694,0.10410039674024947,B.RF1.CSE025,2,0,1994,0.0,4,2,0
17,0,HK,0,class,0.22582153378552383,0.10617593878042583,B.RF1.CSE025,5,0,1994,0.2,4,5,0
all,1,HK,0,old,0.653292060291224,0.10886696347198214,B.RF1.CSE025,399,0,1994,0.03508771929824561,4,399,0
all,0,HK,0,current,0.19264522235107973,0.10558292676894689,B.RF1.CSE025,7,0,1994,0.14285714285714285,4,7,0
all,0,HK,0,tail,0.25389170455630083,0.10853512776986929,B.RF1.CSE025,19,0,1994,0.10526315789473684,4,19,0
22,0,HK,0,class,0.37416149938917326,0.352022768424261,G.RF2.CSE1,21,0,1994,0.6190476190476191,4,20,0
16,0,HK,0,class,0.29999616557465336,0.36667882405470553,G.RF2.CSE1,8,0,1994,0.625,4,8,0
12,0,HK,0,class,0.5973828483108692,0.35570674126362417,G.RF2.CSE1,41,0,1994,0.3170731707317073,4,41,0
13,0,HK,0,class,0.7520735529280229,0.3556205720302127,G.RF2.CSE1,160,0,1994,0.10625,4,160,0
21,0,HK,0,class,0.23800039203887957,0.3558501734978153,G.RF2.CSE1,4,0,1994,0.75,4,4,0
4,0,HK,0,class,0.7935011988592655,0.34008821916276966,G.RF2.CSE1,165,0,1994,0.024242424242424242,4,165,0
19,0,HK,0,class,0.02761872620886119,0.3430967643456183,G.RF2.CSE1,2,0,1994,1.0,4,2,1
17,1,HK,0,class,0.3859794098548557,0.3602227690179413,G.RF2.CSE1,5,0,1994,0.4,4,5,0
all,0,HK,0,old,0.719201818147703,0.34924093609483214,G.RF2.CSE1,399,0,1994,0.13784461152882205,4,398,0
all,1,HK,0,current,0.28359064309885723,0.355329624825849,G.RF2.CSE1,7,0,1994,0.5714285714285714,4,7,1
all,1,HK,0,tail,0.28090028391814453,0.360217824221571,G.RF2.CSE1,19,0,1994,0.631578947368421,4,19,1
22,0,HK,0,class,0.37416149938917326,0.08800569210606525,G.RF2.CSE025,21,0,1994,0.14285714285714285,4,20,0
16,0,HK,0,class,0.29999616557465336,0.09166970601367637,G.RF2.CSE025,8,0,1994,0.125,4,8,0
12,0,HK,0,class,0.5973828483108692,0.08892668531590604,G.RF2.CSE025,41,0,1994,0.024390243902439025,4,41,0
13,0,HK,0,class,0.7520735529280229,0.08890514300755317,G.RF2.CSE025,160,0,1994,0.025,4,160,0
21,0,HK,0,class,0.23800039203887957,0.0889625433744538,G.RF2.CSE025,4,0,1994,0.25,4,4,0
4,0,HK,0,class,0.7935011988592655,0.08502205479069241,G.RF2.CSE025,165,0,1994,0.0,4,165,0
19,0,HK,0,class,0.02761872620886119,0.08577419108640458,G.RF2.CSE025,2,0,1994,1.0,4,2,0
17,0,HK,0,class,0.3859794098548557,0.09005569225448531,G.RF2.CSE025,5,0,1994,0.2,4,5,0
all,0,HK,0,old,0.719201818147703,0.08731023402370804,G.RF2.CSE025,399,0,1994,0.02506265664160401,4,398,0
all,0,HK,0,current,0.28359064309885723,0.08883240620646225,G.RF2.CSE025,7,0,1994,0.42857142857142855,4,7,0
all,0,HK,0,tail,0.28090028391814453,0.09005445605539272,G.RF2.CSE025,19,0,1994,0.2631578947368421,4,19,0
22,1,HK,0,class,0.4775943833689493,0.42330923917904223,B.RF2.CSE1,21,0,1994,0.47619047619047616,4,21,0
16,0,HK,0,class,0.32368389734170855,0.44688169087079527,B.RF2.CSE1,8,0,1994,0.875,4,8,0
12,0,HK,0,class,0.7287802058223154,0.42816534937945955,B.RF2.CSE1,41,0,1994,0.1951219512195122,4,41,0
13,0,HK,0,class,0.8248990478456262,0.432951234122806,B.RF2.CSE1,160,0,1994,0.0375,4,160,0
21,0,HK,0,class,0.40044062577563494,0.4293235585032984,B.RF2.CSE1,4,0,1994,0.5,4,4,0
4,0,HK,0,class,0.8151877859463752,0.4396886535608558,B.RF2.CSE1,165,0,1994,0.012121212121212121,4,165,0
19,0,HK,0,class,0.12649452842745934,0.4220005893098072,B.RF2.CSE1,2,0,1994,1.0,4,1,0
17,0,HK,0,class,0.18838444316248232,0.42828717419283835,B.RF2.CSE1,5,0,1994,1.0,4,4,0
all,1,HK,0,old,0.7784223972625343,0.4349810686854322,B.RF2.CSE1,399,0,1994,0.08771929824561403,4,399,0
all,0,HK,0,current,0.1707016103810472,0.42649100708340093,B.RF2.CSE1,7,0,1994,1.0,4,5,0
all,0,HK,0,tail,0.2834813133949231,0.4356728847664927,B.RF2.CSE1,19,0,1994,0.8421052631578947,4,17,0
22,1,HK,0,class,0.4775943833689493,0.10582730979476054,B.RF2.CSE025,21,0,1994,0.14285714285714285,4,21,0
16,0,HK,0,class,0.32368389734170855,0.1117204227176988,B.RF2.CSE025,8,0,1994,0.0,4,8,0
12,0,HK,0,class,0.7287802058223154,0.10704133734486489,B.RF2.CSE025,41,0,1994,0.04878048780487805,4,41,0
13,0,HK,0,class,0.8248990478456262,0.1082378085307015,B.RF2.CSE025,160,0,1994,0.00625,4,160,0
21,0,HK,0,class,0.40044062577563494,0.10733088962582459,B.RF2.CSE025,4,0,1994,0.25,4,4,0
4,0,HK,0,class,0.8151877859463752,0.10992216339021395,B.RF2.CSE025,165,0,1994,0.0,4,165,0
19,0,HK,0,class,0.12649452842745934,0.1055001473274518,B.RF2.CSE025,2,0,1994,0.5,4,1,0
17,0,HK,0,class,0.18838444316248232,0.10707179354820959,B.RF2.CSE025,5,0,1994,0.2,4,4,0
all,1,HK,0,old,0.7784223972625343,0.10874526717135805,B.RF2.CSE025,399,0,1994,0.017543859649122806,4,399,0
all,0,HK,0,current,0.1707016103810472,0.10662275177085023,B.RF2.CSE025,7,0,1994,0.2857142857142857,4,5,0
all,0,HK,0,tail,0.2834813133949231,0.10891822119162317,B.RF2.CSE025,19,0,1994,0.15789473684210525,4,17,0
22,0,HK,0,class,0.2931378383331326,0.3523393978620884,G.RF1.CSEperm1,21,0,1994,0.6190476190476191,4,21,0
16,0,HK,0,class,0.31849177027772807,0.3637180611228049,G.RF1.CSEperm1,8,0,1994,0.625,4,8,0
12,1,HK,0,class,0.47213397348819625,0.3526945123603602,G.RF1.CSEperm1,41,0,1994,0.36585365853658536,4,41,0
13,2,HK,0,class,0.6411366008878405,0.3581007419700781,G.RF1.CSEperm1,160,0,1994,0.175,4,160,0
21,0,HK,0,class,0.1418170640929513,0.36889121588261686,G.RF1.CSEperm1,4,0,1994,1.0,4,4,0
4,0,HK,0,class,0.7426071537288311,0.3406953471682017,G.RF1.CSEperm1,165,0,1994,0.024242424242424242,4,165,0
19,0,HK,0,class,0.09696887518882012,0.3484216768096212,G.RF1.CSEperm1,2,0,1994,1.0,4,2,0
17,0,HK,0,class,0.31236612812806697,0.36113519153171847,G.RF1.CSEperm1,5,0,1994,0.8,4,5,0
all,3,HK,0,old,0.63594141965894,0.35026506945452957,G.RF1.CSEperm1,399,0,1994,0.17293233082706766,4,399,0
all,0,HK,0,current,0.25082405585971074,0.35750275875397636,G.RF1.CSEperm1,7,0,1994,0.8571428571428571,4,7,0
all,0,HK,0,tail,0.25636688471640023,0.3625172980942496,G.RF1.CSEperm1,19,0,1994,0.7894736842105263,4,19,0
22,1,HK,0,class,0.32629857987023503,0.4229365940122932,B.RF1.CSEperm1,21,0,1994,0.6666666666666666,4,21,0
16,0,HK,0,class,0.30584257103692614,0.44380960511550827,B.RF1.CSEperm1,8,0,1994,0.75,4,8,0
12,0,HK,0,class,0.4483936669902699,0.41404814563468,B.RF1.CSEperm1,41,0,1994,0.43902439024390244,4,41,0
13,0,HK,1,class,0.6501447981201905,0.41425736253437223,B.RF1.CSEperm1,160,0,1994,0.16875,4,160,0
21,0,HK,0,class,0.2571713154541873,0.4277773277343746,B.RF1.CSEperm1,4,0,1994,1.0,4,4,0
4,0,HK,0,class,0.7753244121392712,0.41283889983408467,B.RF1.CSEperm1,165,0,1994,0.048484848484848485,4,165,0
19,0,HK,0,class,0.1097044437649694,0.41023708783459156,B.RF1.CSEperm1,2,0,1994,1.0,4,2,0
17,0,HK,0,class,0.22582153378552383,0.4216153933388771,B.RF1.CSEperm1,5,0,1994,1.0,4,5,0
all,1,HK,1,old,0.653292060291224,0.41483414805830854,B.RF1.CSEperm1,399,0,1994,0.19298245614035087,4,399,0
all,0,HK,0,current,0.19264522235107973,0.41836444890908125,B.RF1.CSEperm1,7,0,1994,1.0,4,7,0
all,0,HK,0,tail,0.25389170455630083,0.43105985759079646,B.RF1.CSEperm1,19,0,1994,0.8947368421052632,4,19,0
22,0,HK,0,class,0.2701765665157627,0.35219616256922054,G.LIN.CSE1,21,0,1994,0.6190476190476191,5,21,0
16,0,HK,0,class,0.1617166153621193,0.378354853427907,G.LIN.CSE1,8,0,1994,1.0,5,8,0
12,0,HK,0,class,0.34461958749520794,0.36353002697524744,G.LIN.CSE1,41,0,1994,0.4878048780487805,5,41,0
13,0,HK,0,class,0.6144118044073951,0.35812947790511485,G.LIN.CSE1,160,0,1994,0.19375,5,160,0
21,0,HK,0,class,0.13331713729768635,0.35797659270819415,G.LIN.CSE1,4,0,1994,1.0,5,4,0
4,0,HK,0,class,0.7326694470113821,0.3400116635314074,G.LIN.CSE1,165,0,1994,0.03636363636363636,5,165,0
19,0,HK,0,class,0.11124738688064856,0.3493549282735177,G.LIN.CSE1,2,0,1994,1.0,5,1,0
17,0,HK,0,class,0.28991590819609414,0.3603957959731048,G.LIN.CSE1,5,0,1994,0.8,5,5,0
6,0,HK,0,class,0.2073914506872273,0.316837270851419,G.LIN.CSE1,1,0,1994,1.0,5,1,0
11,2,HK,0,class,0.2074866952080439,0.3652865794865917,G.LIN.CSE1,61,0,1994,0.8360655737704918,5,61,0
all,0,HK,0,old,0.5972870301306041,0.3513865160150442,G.LIN.CSE1,406,0,1994,0.21674876847290642,5,405,0
all,2,HK,0,current,0.2074851590060952,0.36450513902473414,G.LIN.CSE1,62,0,1994,0.8387096774193549,5,62,0
all,0,HK,0,tail,0.18532336187583476,0.3638135652760005,G.LIN.CSE1,20,0,1994,0.95,5,19,0
22,0,HK,0,class,0.2701765665157627,0.08804904064230515,G.LIN.CSE025,21,0,1994,0.2857142857142857,5,21,0
16,0,HK,0,class,0.1617166153621193,0.09458871335697674,G.LIN.CSE025,8,0,1994,0.25,5,8,0
12,0,HK,0,class,0.34461958749520794,0.09088250674381186,G.LIN.CSE025,41,0,1994,0.12195121951219512,5,41,0
13,0,HK,0,class,0.6144118044073951,0.08953236947627871,G.LIN.CSE025,160,0,1994,0.03125,5,160,0
21,0,HK,0,class,0.13331713729768635,0.08949414817704854,G.LIN.CSE025,4,0,1994,0.25,5,4,0
4,0,HK,0,class,0.7326694470113821,0.08500291588285186,G.LIN.CSE025,165,0,1994,0.0,5,165,0
19,0,HK,0,class,0.11124738688064856,0.08733873206837942,G.LIN.CSE025,2,0,1994,0.0,5,1,0
17,0,HK,0,class,0.28991590819609414,0.0900989489932762,G.LIN.CSE025,5,0,1994,0.2,5,5,0
6,0,HK,0,class,0.2073914506872273,0.07920931771285475,G.LIN.CSE025,1,0,1994,0.0,5,1,0
11,1,HK,0,class,0.2074866952080439,0.09132164487164793,G.LIN.CSE025,61,0,1994,0.26229508196721313,5,61,0
all,0,HK,0,old,0.5972870301306041,0.08784662900376107,G.LIN.CSE025,406,0,1994,0.04926108374384237,5,405,0
all,1,HK,0,current,0.2074851590060952,0.09112628475618353,G.LIN.CSE025,62,0,1994,0.25806451612903225,5,62,0
all,0,HK,0,tail,0.18532336187583476,0.09095339131900013,G.LIN.CSE025,20,0,1994,0.2,5,19,0
22,0,HK,0,class,0.26721350068363053,0.35242665840085163,G.RF1.CSE1,21,0,1994,0.6190476190476191,5,21,0
16,0,HK,0,class,0.15685067752150705,0.378354853427907,G.RF1.CSE1,8,0,1994,1.0,5,8,0
12,0,HK,1,class,0.3591974180586054,0.36362871594737,G.RF1.CSE1,41,0,1994,0.4878048780487805,5,41,0
13,0,HK,0,class,0.6051597214770095,0.3577549124693527,G.RF1.CSE1,160,0,1994,0.18125,5,160,0
21,0,HK,0,class,0.14157666028303484,0.35797659270819415,G.RF1.CSE1,4,0,1994,1.0,5,4,0
4,0,HK,0,class,0.7309286435966219,0.33963252745035655,G.RF1.CSE1,165,0,1994,0.030303030303030304,5,165,0
19,0,HK,0,class,0.09138185363823272,0.3493549282735178,G.RF1.CSE1,2,0,1994,1.0,5,2,0
17,0,HK,0,class,0.28226826834513796,0.3603957959731048,G.RF1.CSE1,5,0,1994,0.8,5,5,0
6,0,HK,0,class,0.18137683947471434,0.316837270851419,G.RF1.CSE1,1,0,1994,1.0,5,1,0
11,0,HK,0,class,0.21008030107302128,0.3651627803063101,G.RF1.CSE1,61,0,1994,0.8032786885245902,5,61,0
all,0,HK,1,old,0.5940457546670679,0.35110670994909826,G.RF1.CSE1,406,0,1994,0.20935960591133004,5,406,0
all,0,HK,0,current,0.20961734201498405,0.3643833366054248,G.RF1.CSE1,62,0,1994,0.8064516129032258,5,62,0
all,0,HK,0,tail,0.17982969748905325,0.3638135652760005,G.RF1.CSE1,20,0,1994,0.95,5,20,0
22,0,HK,0,class,0.26721350068363053,0.08810666460021291,G.RF1.CSE025,21,0,1994,0.19047619047619047,5,21,0
16,0,HK,0,class,0.15685067752150705,0.09458871335697673,G.RF1.CSE025,8,0,1994,0.375,5,8,0
12,0,HK,0,class,0.3591974180586054,0.09090717898684249,G.RF1.CSE025,41,0,1994,0.12195121951219512,5,41,0
13,0,HK,0,class,0.6051597214770095,0.08943872811733818,G.RF1.CSE025,160,0,1994,0.03125,5,160,0
21,0,HK,0,class,0.14157666028303484,0.08949414817704852,G.RF1.CSE025,4,0,1994,0.25,5,4,0
4,0,HK,0,class,0.7309286435966219,0.08490813186258912,G.RF1.CSE025,165,0,1994,0.0,5,165,0
19,0,HK,0,class,0.09138185363823272,0.08733873206837944,G.RF1.CSE025,2,0,1994,0.0,5,2,0
17,0,HK,0,class,0.28226826834513796,0.09009894899327621,G.RF1.CSE025,5,0,1994,0.2,5,5,0
6,0,HK,0,class,0.18137683947471434,0.07920931771285475,G.RF1.CSE025,1,0,1994,0.0,5,1,0
11,0,HK,0,class,0.21008030107302128,0.09129069507657753,G.RF1.CSE025,61,0,1994,0.2459016393442623,5,61,0
all,0,HK,0,old,0.5940457546670679,0.08777667748727457,G.RF1.CSE025,406,0,1994,0.046798029556650245,5,406,0
all,0,HK,0,current,0.20961734201498405,0.0910958341513562,G.RF1.CSE025,62,0,1994,0.24193548387096775,5,62,0
all,0,HK,0,tail,0.17982969748905325,0.09095339131900014,G.RF1.CSE025,20,0,1994,0.25,5,20,0
22,0,HK,0,class,0.29565499053899136,0.42584505879059265,B.LIN.CSE1,21,0,1994,0.6666666666666666,5,21,0
16,0,HK,0,class,0.136824084995975,0.4486922184206644,B.LIN.CSE1,8,0,1994,1.0,5,8,0
12,0,HK,0,class,0.33433382893053315,0.43303702213453427,B.LIN.CSE1,41,0,1994,0.7317073170731707,5,41,0
13,1,HK,0,class,0.6104461287234583,0.4349281812386884,B.LIN.CSE1,160,0,1994,0.21875,5,160,0
21,0,HK,0,class,0.1738051319996622,0.44627834848128145,B.LIN.CSE1,4,0,1994,1.0,5,4,0
4,0,HK,0,class,0.7494949298444481,0.44015458604206814,B.LIN.CSE1,165,0,1994,0.048484848484848485,5,165,0
19,0,HK,0,class,0.040294068626972865,0.42200059713048005,B.LIN.CSE1,2,0,1994,1.0,5,2,0
17,0,HK,0,class,0.24561383717384758,0.4247037600741998,B.LIN.CSE1,5,0,1994,0.8,5,5,0
6,0,HK,0,class,0.04013310259476788,0.4270738081312473,B.LIN.CSE1,1,0,1994,1.0,5,1,0
11,2,HK,1,class,0.18830159200563598,0.4191980886669464,B.LIN.CSE1,61,0,1994,0.9016393442622951,5,61,0
all,1,HK,0,old,0.6018545722626787,0.4365848546137244,B.LIN.CSE1,406,0,1994,0.25862068965517243,5,406,0
all,2,HK,1,current,0.18591177766029943,0.41932511640024156,B.LIN.CSE1,62,0,1994,0.9032258064516129,5,62,0
all,0,HK,0,tail,0.15693018168422004,0.4384622472026824,B.LIN.CSE1,20,0,1994,0.95,5,20,0
22,0,HK,0,class,0.29565499053899136,0.10646126469764819,B.LIN.CSE025,21,0,1994,0.2857142857142857,5,21,0
16,0,HK,0,class,0.136824084995975,0.11217305460516608,B.LIN.CSE025,8,0,1994,0.5,5,8,0
12,0,HK,0,class,0.33433382893053315,0.10825925553363357,B.LIN.CSE025,41,0,1994,0.12195121951219512,5,41,0
13,0,HK,0,class,0.6104461287234583,0.1087320453096721,B.LIN.CSE025,160,0,1994,0.03125,5,160,0
21,0,HK,0,class,0.1738051319996622,0.11156958712032036,B.LIN.CSE025,4,0,1994,0.25,5,4,0
4,0,HK,0,class,0.7494949298444481,0.11003864651051704,B.LIN.CSE025,165,0,1994,0.0,5,165,0
19,0,HK,0,class,0.040294068626972865,0.10550014928262001,B.LIN.CSE025,2,0,1994,1.0,5,2,0
17,0,HK,0,class,0.24561383717384758,0.10617594001854995,B.LIN.CSE025,5,0,1994,0.2,5,5,0
6,0,HK,0,class,0.04013310259476788,0.10676845203281181,B.LIN.CSE025,1,0,1994,1.0,5,1,0
11,1,HK,0,class,0.18830159200563598,0.10479952216673662,B.LIN.CSE025,61,0,1994,0.3442622950819672,5,61,0
all,0,HK,0,old,0.6018545722626787,0.10914621365343113,B.LIN.CSE025,406,0,1994,0.059113300492610835,5,406,0
all,1,HK,0,current,0.18591177766029943,0.1048312791000604,B.LIN.CSE025,62,0,1994,0.3548387096774194,5,62,0
all,0,HK,0,tail,0.15693018168422004,0.10961556180067059,B.LIN.CSE025,20,0,1994,0.45,5,20,0
22,0,HK,0,class,0.2991142983077054,0.4279500007717845,B.RF1.CSE1,21,0,1994,0.6666666666666666,5,21,0
16,0,HK,0,class,0.1191932160831822,0.4486922184206644,B.RF1.CSE1,8,0,1994,1.0,5,8,0
12,0,HK,0,class,0.345330503941045,0.43303702213453427,B.RF1.CSE1,41,0,1994,0.6585365853658537,5,41,0
13,1,HK,0,class,0.6098099549166712,0.43481317988395213,B.RF1.CSE1,160,0,1994,0.20625,5,160,0
21,0,HK,0,class,0.2366129071159085,0.44627834848128145,B.RF1.CSE1,4,0,1994,1.0,5,4,0
4,0,HK,0,class,0.7664718552925727,0.44015458604206814,B.RF1.CSE1,165,0,1994,0.048484848484848485,5,165,0
19,0,HK,0,class,0.11242609894596386,0.4220005971304801,B.RF1.CSE1,2,0,1994,1.0,5,2,0
17,0,HK,0,class,0.21935926191809035,0.4247037600741998,B.RF1.CSE1,5,0,1994,1.0,5,5,0
6,0,HK,0,class,0.005577066691165755,0.4270738081312473,B.RF1.CSE1,1,0,1994,1.0,5,1,0
11,2,HK,0,class,0.19236774092110415,0.4194919347007672,B.RF1.CSE1,61,0,1994,0.9344262295081968,5,61,1
all,1,HK,0,old,0.6100961716763498,0.4366484101921659,B.RF1.CSE1,406,0,1994,0.24876847290640394,5,406,0
all,2,HK,0,current,0.18935498811094384,0.419614222981904,B.RF1.CSE1,62,0,1994,0.9354838709677419,5,62,1
all,0,HK,0,tail,0.16136114656513184,0.4384622472026824,B.RF1.CSE1,20,0,1994,1.0,5,20,0
22,0,HK,0,class,0.2991142983077054,0.1069875001929461,B.RF1.CSE025,21,0,1994,0.23809523809523808,5,21,0
16,0,HK,0,class,0.1191932160831822,0.1121730546051661,B.RF1.CSE025,8,0,1994,0.5,5,8,0
12,0,HK,0,class,0.345330503941045,0.10825925553363357,B.RF1.CSE025,41,0,1994,0.14634146341463414,5,41,0
13,0,HK,0,class,0.6098099549166712,0.10870329497098803,B.RF1.CSE025,160,0,1994,0.03125,5,160,0
21,0,HK,0,class,0.2366129071159085,0.11156958712032033,B.RF1.CSE025,4,0,1994,0.0,5,4,0
4,0,HK,0,class,0.7664718552925727,0.11003864651051704,B.RF1.CSE025,165,0,1994,0.0,5,165,0
19,0,HK,0,class,0.11242609894596386,0.10550014928262001,B.RF1.CSE025,2,0,1994,0.0,5,2,0
17,0,HK,0,class,0.21935926191809035,0.10617594001854994,B.RF1.CSE025,5,0,1994,0.2,5,5,0
6,0,HK,0,class,0.005577066691165755,0.10676845203281184,B.RF1.CSE025,1,0,1994,1.0,5,1,0
11,0,HK,0,class,0.19236774092110415,0.10487298367519178,B.RF1.CSE025,61,0,1994,0.3442622950819672,5,61,0
all,0,HK,0,old,0.6100961716763498,0.10916210254804147,B.RF1.CSE025,406,0,1994,0.05172413793103448,5,406,0
all,0,HK,0,current,0.18935498811094384,0.10490355574547601,B.RF1.CSE025,62,0,1994,0.3548387096774194,5,62,0
all,0,HK,0,tail,0.16136114656513184,0.1096155618006706,B.RF1.CSE025,20,0,1994,0.3,5,20,0
22,0,HK,0,class,0.3532151644475398,0.35112363150341597,G.RF2.CSE1,21,0,1994,0.6190476190476191,5,20,0
16,0,HK,1,class,0.17415008722786118,0.378354853427907,G.RF2.CSE1,8,0,1994,1.0,5,8,0
12,0,HK,0,class,0.452647203011816,0.3637544878520592,G.RF2.CSE1,41,0,1994,0.36585365853658536,5,41,0
13,0,HK,1,class,0.7276238793177177,0.3586387942717325,G.RF2.CSE1,160,0,1994,0.10625,5,160,0
21,0,HK,0,class,0.2327477954901846,0.3524420597013482,G.RF2.CSE1,4,0,1994,1.0,5,4,0
4,0,HK,0,class,0.7849377055135984,0.33996486253614233,G.RF2.CSE1,165,0,1994,0.024242424242424242,5,165,0
19,0,HK,0,class,0.03894175819104012,0.34309675396611033,G.RF2.CSE1,2,0,1994,1.0,5,2,1
17,1,HK,0,class,0.3682664237969183,0.36215355575271096,G.RF2.CSE1,5,0,1994,0.4,5,5,0
6,0,HK,0,class,0.38505960341766965,0.316837270851419,G.RF2.CSE1,1,0,1994,0.0,5,0,0
11,2,HK,0,class,0.30212195403358044,0.3651627803063101,G.RF2.CSE1,61,0,1994,0.6557377049180327,5,61,0
all,1,HK,2,old,0.6801822743660386,0.3514716946265303,G.RF2.CSE1,406,0,1994,0.16009852216748768,5,405,1
all,2,HK,0,current,0.3034596580559045,0.3643833366054248,G.RF2.CSE1,62,0,1994,0.6451612903225806,5,61,0
all,1,HK,1,tail,0.23142335592839847,0.36252028118879215,G.RF2.CSE1,20,0,1994,0.8,5,19,1
22,0,HK,0,class,0.3532151644475398,0.08778090787585399,G.RF2.CSE025,21,0,1994,0.14285714285714285,5,20,0
16,0,HK,0,class,0.17415008722786118,0.09458871335697676,G.RF2.CSE025,8,0,1994,0.375,5,8,0
12,0,HK,0,class,0.452647203011816,0.0909386219630148,G.RF2.CSE025,41,0,1994,0.12195121951219512,5,41,0
13,0,HK,0,class,0.7276238793177177,0.08965969856793313,G.RF2.CSE025,160,0,1994,0.025,5,160,0
21,0,HK,0,class,0.2327477954901846,0.08811051492533703,G.RF2.CSE025,4,0,1994,0.25,5,4,0
4,0,HK,0,class,0.7849377055135984,0.08499121563403558,G.RF2.CSE025,165,0,1994,0.0,5,165,0
19,0,HK,0,class,0.03894175819104012,0.0857741884915276,G.RF2.CSE025,2,0,1994,1.0,5,2,1
17,0,HK,0,class,0.3682664237969183,0.09053838893817774,G.RF2.CSE025,5,0,1994,0.2,5,5,0
6,0,HK,0,class,0.38505960341766965,0.07920931771285476,G.RF2.CSE025,1,0,1994,0.0,5,0,0
11,1,HK,0,class,0.30212195403358044,0.09129069507657753,G.RF2.CSE025,61,0,1994,0.18032786885245902,5,61,0
all,0,HK,0,old,0.6801822743660386,0.08786792365663257,G.RF2.CSE025,406,0,1994,0.046798029556650245,5,405,1
all,1,HK,0,current,0.3034596580559045,0.09109583415135619,G.RF2.CSE025,62,0,1994,0.1774193548387097,5,61,0
all,0,HK,0,tail,0.23142335592839847,0.09063007029719805,G.RF2.CSE025,20,0,1994,0.35,5,19,1
22,0,HK,0,class,0.43379992451918337,0.426338934214471,B.RF2.CSE1,21,0,1994,0.5714285714285714,5,21,0
16,0,HK,0,class,0.21319594924009017,0.44851389917488454,B.RF2.CSE1,8,0,1994,1.0,5,7,0
12,0,HK,0,class,0.6237877746266094,0.42999562315512224,B.RF2.CSE1,41,0,1994,0.3170731707317073,5,41,0
13,1,HK,0,class,0.7580822331089485,0.43512639360790484,B.RF2.CSE1,160,0,1994,0.06875,5,160,0
21,0,HK,0,class,0.4194160308945989,0.436041311510831,B.RF2.CSE1,4,0,1994,0.5,5,3,0
4,0,HK,0,class,0.7584263101871435,0.4397377897124772,B.RF2.CSE1,165,0,1994,0.03636363636363636,5,165,0
19,0,HK,0,class,0.06872213085057738,0.4220005971304801,B.RF2.CSE1,2,0,1994,1.0,5,0,0
17,0,HK,1,class,0.17983097270569853,0.4282871744462923,B.RF2.CSE1,5,0,1994,1.0,5,5,0
6,0,HK,0,class,0.1680985751399905,0.42010567074020133,B.RF2.CSE1,1,0,1994,1.0,5,0,0
11,0,HK,0,class,0.4794349594186286,0.4180224900089945,B.RF2.CSE1,61,0,1994,0.45901639344262296,5,58,0
all,1,HK,1,old,0.7032966169843179,0.436151748654242,B.RF2.CSE1,406,0,1994,0.14532019704433496,5,402,0
all,0,HK,0,current,0.4744134048334893,0.4180560896982075,B.RF2.CSE1,62,0,1994,0.46774193548387094,5,58,0
all,0,HK,1,tail,0.2293964708934378,0.43689095883375123,B.RF2.CSE1,20,0,1994,0.9,5,15,0
22,0,HK,0,class,0.43379992451918337,0.10658473355361772,B.RF2.CSE025,21,0,1994,0.19047619047619047,5,21,0
16,0,HK,0,class,0.21319594924009017,0.11212847479372114,B.RF2.CSE025,8,0,1994,0.25,5,7,0
12,0,HK,0,class,0.6237877746266094,0.10749890578878056,B.RF2.CSE025,41,0,1994,0.04878048780487805,5,41,0
13,0,HK,0,class,0.7580822331089485,0.10878159840197621,B.RF2.CSE025,160,0,1994,0.0125,5,160,0
21,0,HK,0,class,0.4194160308945989,0.10901032787770776,B.RF2.CSE025,4,0,1994,0.25,5,3,0
4,0,HK,0,class,0.7584263101871435,0.1099344474281193,B.RF2.CSE025,165,0,1994,0.0,5,165,0
19,0,HK,0,class,0.06872213085057738,0.10550014928262003,B.RF2.CSE025,2,0,1994,0.5,5,0,0
17,0,HK,0,class,0.17983097270569853,0.10707179361157308,B.RF2.CSE025,5,0,1994,0.6,5,5,0
6,0,HK,0,class,0.1680985751399905,0.10502641768505033,B.RF2.CSE025,1,0,1994,0.0,5,0,0
11,0,HK,0,class,0.4794349594186286,0.10450562250224867,B.RF2.CSE025,61,0,1994,0.09836065573770492,5,58,0
all,0,HK,0,old,0.7032966169843179,0.1090379371635605,B.RF2.CSE025,406,0,1994,0.03694581280788178,5,402,0
all,0,HK,0,current,0.4744134048334893,0.1045140224245519,B.RF2.CSE025,62,0,1994,0.0967741935483871,5,58,0
all,0,HK,0,tail,0.2293964708934378,0.1092227397084378,B.RF2.CSE025,20,0,1994,0.35,5,15,0
22,0,HK,0,class,0.26721350068363053,0.3518475809051794,G.RF1.CSEperm1,21,0,1994,0.6190476190476191,5,21,0
16,0,HK,0,class,0.15685067752150705,0.378354853427907,G.RF1.CSEperm1,8,0,1994,1.0,5,8,0
12,0,HK,0,class,0.3591974180586054,0.36452739282557045,G.RF1.CSEperm1,41,0,1994,0.4878048780487805,5,41,0
13,0,HK,0,class,0.6051597214770095,0.3594775842837845,G.RF1.CSEperm1,160,0,1994,0.175,5,160,0
21,0,HK,0,class,0.14157666028303484,0.3579433281824559,G.RF1.CSEperm1,4,0,1994,1.0,5,4,0
4,0,HK,0,class,0.7309286435966219,0.3400241808500863,G.RF1.CSEperm1,165,0,1994,0.03636363636363636,5,165,0
19,0,HK,0,class,0.09138185363823272,0.3484216343533991,G.RF1.CSEperm1,2,0,1994,1.0,5,2,0
17,0,HK,0,class,0.28226826834513796,0.3611351876247234,G.RF1.CSEperm1,5,0,1994,0.8,5,5,0
6,0,HK,0,class,0.18137683947471434,0.319558730774198,G.RF1.CSEperm1,1,0,1994,1.0,5,1,0
11,0,HK,0,class,0.21008030107302128,0.3644140227972347,G.RF1.CSEperm1,61,0,1994,0.8032786885245902,5,61,0
all,0,HK,0,old,0.5940457546670679,0.3520097462500256,G.RF1.CSEperm1,406,0,1994,0.20935960591133004,5,406,0
all,0,HK,0,current,0.20961734201498405,0.3636905503452503,G.RF1.CSEperm1,62,0,1994,0.8064516129032258,5,62,0
all,0,HK,0,tail,0.17982969748905325,0.36403450388788466,G.RF1.CSEperm1,20,0,1994,0.95,5,20,0
22,0,HK,0,class,0.2991142983077054,0.42623742633075395,B.RF1.CSEperm1,21,0,1994,0.6666666666666666,5,21,0
16,0,HK,1,class,0.1191932160831822,0.445064327676966,B.RF1.CSEperm1,8,0,1994,1.0,5,8,1
12,1,HK,0,class,0.345330503941045,0.4283145425408933,B.RF1.CSEperm1,41,0,1994,0.6341463414634146,5,41,0
13,0,HK,2,class,0.6098099549166712,0.40694199057694086,B.RF1.CSEperm1,160,0,1994,0.18125,5,160,0
21,0,HK,0,class,0.2366129071159085,0.42928533012012726,B.RF1.CSEperm1,4,0,1994,1.0,5,4,0
4,0,HK,0,class,0.7664718552925727,0.3933322840626201,B.RF1.CSEperm1,165,0,1994,0.03636363636363636,5,165,0
19,0,HK,0,class,0.11242609894596386,0.4102371086211513,B.RF1.CSEperm1,2,0,1994,1.0,5,2,0
17,0,HK,0,class,0.21935926191809035,0.4261243683806848,B.RF1.CSEperm1,5,0,1994,1.0,5,5,0
6,0,HK,0,class,0.005577066691165755,0.42010567074020133,B.RF1.CSEperm1,1,0,1994,1.0,5,1,1
11,1,HK,3,class,0.19236774092110415,0.41774470622728516,B.RF1.CSEperm1,61,0,1994,0.9344262295081968,5,61,1
all,1,HK,3,old,0.6100961716763498,0.4057910826620869,B.RF1.CSEperm1,406,0,1994,0.2315270935960591,5,406,1
all,1,HK,3,current,0.18935498811094384,0.4177827863000741,B.RF1.CSEperm1,62,0,1994,0.9354838709677419,5,62,2
all,0,HK,1,tail,0.16136114656513184,0.43244288358910826,B.RF1.CSEperm1,20,0,1994,1.0,5,20,2
22,0,HK,0,class,0.2519954250640951,0.35128965527230566,G.LIN.CSE1,21,0,1994,0.6666666666666666,6,21,0
16,0,HK,0,class,0.14889642566322947,0.3783548520053912,G.LIN.CSE1,8,0,1994,1.0,6,8,0
12,0,HK,0,class,0.3166639964045958,0.36361422328466547,G.LIN.CSE1,41,0,1994,0.5609756097560976,6,41,0
13,0,HK,1,class,0.570950474985777,0.35656373224063953,G.LIN.CSE1,160,0,1994,0.20625,6,160,1
21,0,HK,0,class,0.12011680352348392,0.35797664137118496,G.LIN.CSE1,4,0,1994,1.0,6,4,0
4,3,HK,0,class,0.37389311165119093,0.33862645457562124,G.LIN.CSE1,165,0,1994,0.4484848484848485,6,165,1
19,0,HK,0,class,0.10213468707018272,0.3430967683527615,G.LIN.CSE1,2,0,1994,1.0,6,2,0
17,1,HK,0,class,0.26249587765828675,0.35985726066071616,G.LIN.CSE1,5,0,1994,0.8,6,5,0
6,0,HK,0,class,0.1922247561742551,0.31683735770761634,G.LIN.CSE1,1,0,1994,1.0,6,0,0
11,3,HK,0,class,0.17177093444506658,0.3652865787688155,G.LIN.CSE1,61,0,1994,0.9180327868852459,6,61,0
3,0,HK,3,class,0.32047030854435443,0.33951843640923546,G.LIN.CSE1,157,0,1994,0.5923566878980892,6,157,0
15,0,HK,0,class,0.7626537788428126,0.3553860261608555,G.LIN.CSE1,123,0,1994,0.04065040650406504,6,123,0
all,7,HK,1,old,0.3956799280732054,0.3520349828269484,G.LIN.CSE1,468,0,1994,0.46794871794871795,6,467,2
all,0,HK,3,current,0.5147151901397484,0.34648884190726853,G.LIN.CSE1,280,0,1994,0.35,6,280,0
all,1,HK,0,tail,0.16903060690029129,0.36305312896222947,G.LIN.CSE1,20,0,1994,0.95,6,19,0
22,0,HK,0,class,0.2519954250640951,0.08782241381807641,G.LIN.CSE025,21,0,1994,0.23809523809523808,6,21,0
16,0,HK,0,class,0.14889642566322947,0.0945887130013478,G.LIN.CSE025,8,0,1994,0.25,6,8,0
12,0,HK,0,class,0.3166639964045958,0.09090355582116637,G.LIN.CSE025,41,0,1994,0.17073170731707318,6,41,0
13,0,HK,0,class,0.570950474985777,0.08914093306015988,G.LIN.CSE025,160,0,1994,0.03125,6,160,0
21,0,HK,0,class,0.12011680352348392,0.08949416034279623,G.LIN.CSE025,4,0,1994,0.5,6,4,0
4,0,HK,0,class,0.37389311165119093,0.08465661364390531,G.LIN.CSE025,165,0,1994,0.12727272727272726,6,165,0
19,0,HK,0,class,0.10213468707018272,0.08577419208819037,G.LIN.CSE025,2,0,1994,0.0,6,2,0
17,0,HK,0,class,0.26249587765828675,0.08996431516517903,G.LIN.CSE025,5,0,1994,0.2,6,5,0
6,0,HK,0,class,0.1922247561742551,0.07920933942690407,G.LIN.CSE025,1,0,1994,0.0,6,0,0
11,0,HK,0,class,0.17177093444506658,0.09132164469220386,G.LIN.CSE025,61,0,1994,0.32786885245901637,6,61,0
3,0,HK,0,class,0.32047030854435443,0.08487960910230886,G.LIN.CSE025,157,0,1994,0.12101910828025478,6,157,0
15,0,HK,0,class,0.7626537788428126,0.08884650654021388,G.LIN.CSE025,123,0,1994,0.0,6,123,0
all,0,HK,0,old,0.3956799280732054,0.0880087457067371,G.LIN.CSE025,468,0,1994,0.1346153846153846,6,467,0
all,0,HK,0,current,0.5147151901397484,0.08662221047681715,G.LIN.CSE025,280,0,1994,0.06785714285714285,6,280,0
all,0,HK,0,tail,0.16903060690029129,0.09076328224055735,G.LIN.CSE025,20,0,1994,0.25,6,19,0
22,0,HK,0,class,0.24758802230429422,0.3508939049468859,G.RF1.CSE1,21,0,1994,0.6666666666666666,6,21,0
16,0,HK,1,class,0.14588741385205942,0.3783548520053912,G.RF1.CSE1,8,0,1994,1.0,6,8,0
12,0,HK,0,class,0.3313068921887829,0.3644415753291031,G.RF1.CSE1,41,0,1994,0.5121951219512195,6,41,0
13,0,HK,0,class,0.5603238780279284,0.3569559975222431,G.RF1.CSE1,160,0,1994,0.19375,6,160,0
21,0,HK,0,class,0.1272264569183565,0.3579766413711849,G.RF1.CSE1,4,0,1994,1.0,6,4,0
4,3,HK,0,class,0.3536420111903627,0.33824126755464323,G.RF1.CSE1,165,0,1994,0.48484848484848486,6,165,1
19,0,HK,0,class,0.085396742494422,0.3372188777861171,G.RF1.CSE1,2,0,1994,1.0,6,2,0
17,1,HK,0,class,0.24747993605912172,0.3594527187432698,G.RF1.CSE1,5,0,1994,0.8,6,5,0
6,0,HK,0,class,0.16565184151130535,0.31683735770761634,G.RF1.CSE1,1,0,1994,1.0,6,1,0
11,2,HK,0,class,0.1744363087308901,0.36516278041140876,G.RF1.CSE1,61,0,1994,0.9344262295081968,6,61,0
3,0,HK,4,class,0.29866327235657136,0.33965485346286206,G.RF1.CSE1,157,0,1994,0.6114649681528662,6,157,0
15,0,HK,0,class,0.7555383863902324,0.3557936746401316,G.RF1.CSE1,123,0,1994,0.04065040650406504,6,123,0
all,6,HK,1,old,0.3860601460617065,0.35204243383776257,G.RF1.CSE1,468,0,1994,0.47435897435897434,6,468,1
all,0,HK,4,current,0.49936198316421526,0.3467444070514484,G.RF1.CSE1,280,0,1994,0.3607142857142857,6,280,0
all,1,HK,1,tail,0.16249250726428296,0.36236420442620343,G.RF1.CSE1,20,0,1994,0.95,6,20,0
22,0,HK,0,class,0.24758802230429422,0.08772347623672147,G.RF1.CSE025,21,0,1994,0.2857142857142857,6,21,0
16,0,HK,0,class,0.14588741385205942,0.0945887130013478,G.RF1.CSE025,8,0,1994,0.375,6,8,0
12,0,HK,0,class,0.3313068921887829,0.09111039383227577,G.RF1.CSE025,41,0,1994,0.17073170731707318,6,41,0
13,0,HK,0,class,0.5603238780279284,0.08923899938056079,G.RF1.CSE025,160,0,1994,0.04375,6,160,0
21,0,HK,0,class,0.1272264569183565,0.08949416034279624,G.RF1.CSE025,4,0,1994,0.5,6,4,0
4,2,HK,0,class,0.3536420111903627,0.08456031688866081,G.RF1.CSE025,165,0,1994,0.10909090909090909,6,165,0
19,0,HK,0,class,0.085396742494422,0.08430471944652926,G.RF1.CSE025,2,0,1994,0.5,6,2,0
17,1,HK,0,class,0.24747993605912172,0.08986317968581745,G.RF1.CSE025,5,0,1994,0.2,6,5,0
6,0,HK,0,class,0.16565184151130535,0.0792093394269041,G.RF1.CSE025,1,0,1994,0.0,6,1,0
11,0,HK,0,class,0.1744363087308901,0.09129069510285219,G.RF1.CSE025,61,0,1994,0.3442622950819672,6,61,0
3,0,HK,1,class,0.29866327235657136,0.08491371336571552,G.RF1.CSE025,157,0,1994,0.15286624203821655,6,157,0
15,0,HK,0,class,0.7555383863902324,0.0889484186600329,G.RF1.CSE025,123,0,1994,0.0,6,123,0
all,3,HK,0,old,0.3860601460617065,0.08801060845944063,G.RF1.CSE025,468,0,1994,0.14102564102564102,6,468,0
all,0,HK,1,current,0.49936198316421526,0.0866861017628621,G.RF1.CSE025,280,0,1994,0.08571428571428572,6,280,0
all,1,HK,0,tail,0.16249250726428296,0.09059105110655086,G.RF1.CSE025,20,0,1994,0.35,6,20,0
22,0,HK,0,class,0.2752956246295202,0.4257831565097242,B.LIN.CSE1,21,0,1994,0.7142857142857143,6,21,0
16,0,HK,0,class,0.12685675789213327,0.44851389917488454,B.LIN.CSE1,8,0,1994,1.0,6,8,0
12,0,HK,0,class,0.3096873056489899,0.43392383334156265,B.LIN.CSE1,41,0,1994,0.7317073170731707,6,40,0
13,1,HK,0,class,0.5562823695063069,0.4356103660074263,B.LIN.CSE1,160,0,1994,0.2625,6,160,0
21,0,HK,0,class,0.16339193273568248,0.4462783484812814,B.LIN.CSE1,4,0,1994,1.0,6,4,0
4,1,HK,0,class,0.390667810524833,0.4407642903619221,B.LIN.CSE1,165,0,1994,0.6,6,165,0
19,0,HK,0,class,0.040568103494459135,0.4220005971304801,B.LIN.CSE1,2,0,1994,1.0,6,2,0
17,0,HK,0,class,0.22571414737544399,0.4247037600741998,B.LIN.CSE1,5,0,1994,0.8,6,5,0
6,0,HK,0,class,0.05515063091408523,0.4201056707402014,B.LIN.CSE1,1,0,1994,1.0,6,0,0
11,0,HK,0,class,0.15866941831965883,0.424444799299022,B.LIN.CSE1,61,0,1994,0.9836065573770492,6,61,0
3,1,HK,1,class,0.34999041266722686,0.4527303110610739,B.LIN.CSE1,157,0,1994,0.6751592356687898,6,157,0
15,0,HK,0,class,0.7606345193665038,0.4722368494994274,B.LIN.CSE1,123,0,1994,0.06504065040650407,6,123,0
all,2,HK,0,old,0.3943501482752014,0.4354873353302358,B.LIN.CSE1,468,0,1994,0.5662393162393162,6,466,0
all,1,HK,1,current,0.5303805023958379,0.46129925473220773,B.LIN.CSE1,280,0,1994,0.40714285714285714,6,280,0
all,0,HK,0,tail,0.14666396844300095,0.43804251263481814,B.LIN.CSE1,20,0,1994,0.95,6,19,0
22,0,HK,0,class,0.2752956246295202,0.10644578912743106,B.LIN.CSE025,21,0,1994,0.2857142857142857,6,21,0
16,0,HK,0,class,0.12685675789213327,0.11212847479372112,B.LIN.CSE025,8,0,1994,0.5,6,8,0
12,0,HK,0,class,0.3096873056489899,0.10848095833539066,B.LIN.CSE025,41,0,1994,0.12195121951219512,6,40,0
13,0,HK,0,class,0.5562823695063069,0.10890259150185655,B.LIN.CSE025,160,0,1994,0.01875,6,160,0
21,0,HK,0,class,0.16339193273568248,0.11156958712032036,B.LIN.CSE025,4,0,1994,0.25,6,4,0
4,1,HK,0,class,0.390667810524833,0.11019107259048053,B.LIN.CSE025,165,0,1994,0.14545454545454545,6,165,0
19,0,HK,0,class,0.040568103494459135,0.10550014928262001,B.LIN.CSE025,2,0,1994,1.0,6,2,0
17,0,HK,0,class,0.22571414737544399,0.10617594001854994,B.LIN.CSE025,5,0,1994,0.2,6,5,0
6,0,HK,0,class,0.05515063091408523,0.10502641768505033,B.LIN.CSE025,1,0,1994,1.0,6,0,0
11,0,HK,0,class,0.15866941831965883,0.1061111998247555,B.LIN.CSE025,61,0,1994,0.39344262295081966,6,61,0
3,0,HK,0,class,0.34999041266722686,0.1131825777652685,B.LIN.CSE025,157,0,1994,0.15286624203821655,6,157,0
15,0,HK,0,class,0.7606345193665038,0.11805921237485686,B.LIN.CSE025,123,0,1994,0.008130081300813009,6,123,0
all,1,HK,0,old,0.3943501482752014,0.10887183383255894,B.LIN.CSE025,468,0,1994,0.1517094017094017,6,466,0
all,0,HK,0,current,0.5303805023958379,0.11532481368305196,B.LIN.CSE025,280,0,1994,0.08928571428571429,6,280,0
all,0,HK,0,tail,0.14666396844300095,0.10951062815870452,B.LIN.CSE025,20,0,1994,0.45,6,19,0
22,0,HK,0,class,0.2766850883181557,0.4261214251438582,B.RF1.CSE1,21,0,1994,0.6666666666666666,6,21,0
16,0,HK,0,class,0.11014401189775952,0.4486922184206644,B.RF1.CSE1,8,0,1994,1.0,6,8,0
12,0,HK,0,class,0.32310599160713543,0.43392383334156265,B.RF1.CSE1,41,0,1994,0.7317073170731707,6,40,0
13,1,HK,0,class,0.5586866573780487,0.43528840776353483,B.RF1.CSE1,160,0,1994,0.24375,6,160,1
21,0,HK,0,class,0.2166696362281495,0.44627834848128145,B.RF1.CSE1,4,0,1994,1.0,6,4,0
4,0,HK,0,class,0.3879407371659073,0.4407981959002461,B.RF1.CSE1,165,0,1994,0.6121212121212121,6,165,0
19,0,HK,0,class,0.0987704995904932,0.4220005971304801,B.RF1.CSE1,2,0,1994,1.0,6,2,0
17,0,HK,0,class,0.20089562945047174,0.42470376007419974,B.RF1.CSE1,5,0,1994,1.0,6,5,0
6,0,HK,0,class,0.010860854551688781,0.42010567074020133,B.RF1.CSE1,1,0,1994,1.0,6,0,0
11,1,HK,0,class,0.1609058117099943,0.4256280993966414,B.RF1.CSE1,61,0,1994,0.9672131147540983,6,61,0
3,0,HK,2,class,0.34539110423175934,0.4529045721674155,B.RF1.CSE1,157,0,1994,0.6496815286624203,6,157,0
15,0,HK,0,class,0.7639390963304563,0.4722368494994274,B.RF1.CSE1,123,0,1994,0.06504065040650407,6,123,0
all,2,HK,0,old,0.3957986847838155,0.4355616784841645,B.RF1.CSE1,468,0,1994,0.561965811965812,6,466,1
all,0,HK,2,current,0.5292532579036869,0.46139696542397796,B.RF1.CSE1,280,0,1994,0.39285714285714285,6,280,0
all,0,HK,0,tail,0.1480355320539854,0.43811384033313006,B.RF1.CSE1,20,0,1994,1.0,6,19,0
22,0,HK,0,class,0.2766850883181557,0.10653035628596455,B.RF1.CSE025,21,0,1994,0.23809523809523808,6,21,0
16,0,HK,0,class,0.11014401189775952,0.1121730546051661,B.RF1.CSE025,8,0,1994,0.5,6,8,0
12,0,HK,0,class,0.32310599160713543,0.10848095833539066,B.RF1.CSE025,41,0,1994,0.17073170731707318,6,40,0
13,0,HK,0,class,0.5586866573780487,0.10882210194088374,B.RF1.CSE025,160,0,1994,0.03125,6,160,0
21,0,HK,0,class,0.2166696362281495,0.11156958712032033,B.RF1.CSE025,4,0,1994,0.25,6,4,0
4,0,HK,0,class,0.3879407371659073,0.11019954897506153,B.RF1.CSE025,165,0,1994,0.15151515151515152,6,165,0
19,0,HK,0,class,0.0987704995904932,0.10550014928262005,B.RF1.CSE025,2,0,1994,1.0,6,2,0
17,0,HK,0,class,0.20089562945047174,0.10617594001854994,B.RF1.CSE025,5,0,1994,0.2,6,5,0
6,0,HK,0,class,0.010860854551688781,0.10502641768505033,B.RF1.CSE025,1,0,1994,1.0,6,0,0
11,0,HK,0,class,0.1609058117099943,0.10640702484916036,B.RF1.CSE025,61,0,1994,0.36065573770491804,6,61,0
3,0,HK,2,class,0.34539110423175934,0.11322614304185391,B.RF1.CSE025,157,0,1994,0.14012738853503184,6,157,0
15,0,HK,0,class,0.7639390963304563,0.11805921237485684,B.RF1.CSE025,123,0,1994,0.008130081300813009,6,123,0
all,0,HK,0,old,0.3957986847838155,0.10889041962104112,B.RF1.CSE025,468,0,1994,0.15598290598290598,6,466,0
all,0,HK,2,current,0.5292532579036869,0.11534924135599449,B.RF1.CSE025,280,0,1994,0.08214285714285714,6,280,0
all,0,HK,0,tail,0.1480355320539854,0.10952846008328251,B.RF1.CSE025,20,0,1994,0.45,6,19,0
22,0,HK,0,class,0.3455176580901239,0.35142330906928904,G.RF2.CSE1,21,0,1994,0.6190476190476191,6,20,0
16,0,HK,1,class,0.15298675462719713,0.3783548520053912,G.RF2.CSE1,8,0,1994,1.0,6,8,0
12,0,HK,0,class,0.43576315876904775,0.3637514882131101,G.RF2.CSE1,41,0,1994,0.3902439024390244,6,41,0
13,0,HK,0,class,0.694837153858993,0.35792127969462656,G.RF2.CSE1,160,0,1994,0.11875,6,160,1
21,0,HK,0,class,0.23249305331259745,0.3524421071995065,G.RF2.CSE1,4,0,1994,0.75,6,4,0
4,4,HK,0,class,0.47596469878508824,0.3384131972401508,G.RF2.CSE1,165,0,1994,0.32727272727272727,6,165,0
19,0,HK,0,class,0.05374347417123737,0.3493549700598522,G.RF2.CSE1,2,0,1994,1.0,6,2,0
17,0,HK,0,class,0.38140357447540774,0.35985726066071616,G.RF2.CSE1,5,0,1994,0.6,6,5,0
6,0,HK,0,class,0.36395067551417415,0.31683735770761634,G.RF2.CSE1,1,0,1994,0.0,6,0,0
11,1,HK,0,class,0.26529098042015203,0.36516278041140876,G.RF2.CSE1,61,0,1994,0.6721311475409836,6,61,0
3,0,HK,3,class,0.4581676766085746,0.3401419748907811,G.RF2.CSE1,157,0,1994,0.3503184713375796,6,157,0
15,0,HK,0,class,0.8114197314066983,0.35541835594677207,G.RF2.CSE1,123,0,1994,0.024390243902439025,6,123,0
all,5,HK,1,old,0.503302033757549,0.3524052419957814,G.RF2.CSE1,468,0,1994,0.33974358974358976,6,466,1
all,0,HK,3,current,0.6133462578234646,0.34685267085466287,G.RF2.CSE1,280,0,1994,0.20714285714285716,6,280,0
all,0,HK,1,tail,0.22661608732508265,0.36257204229860285,G.RF2.CSE1,20,0,1994,0.8,6,19,0
22,0,HK,0,class,0.3455176580901239,0.08785582726732227,G.RF2.CSE025,21,0,1994,0.19047619047619047,6,20,0
16,0,HK,0,class,0.15298675462719713,0.0945887130013478,G.RF2.CSE025,8,0,1994,0.375,6,8,0
12,0,HK,0,class,0.43576315876904775,0.09093787205327752,G.RF2.CSE025,41,0,1994,0.12195121951219512,6,41,0
13,0,HK,0,class,0.694837153858993,0.08948031992365665,G.RF2.CSE025,160,0,1994,0.025,6,160,1
21,0,HK,0,class,0.23249305331259745,0.08811052679987663,G.RF2.CSE025,4,0,1994,0.25,6,4,0
4,1,HK,0,class,0.47596469878508824,0.0846032993100377,G.RF2.CSE025,165,0,1994,0.10909090909090909,6,165,0
19,0,HK,0,class,0.05374347417123737,0.08733874251496306,G.RF2.CSE025,2,0,1994,1.0,6,2,0
17,0,HK,0,class,0.38140357447540774,0.08996431516517903,G.RF2.CSE025,5,0,1994,0.0,6,5,0
6,0,HK,0,class,0.36395067551417415,0.07920933942690409,G.RF2.CSE025,1,0,1994,0.0,6,0,0
11,0,HK,0,class,0.26529098042015203,0.09129069510285219,G.RF2.CSE025,61,0,1994,0.19672131147540983,6,61,0
3,0,HK,0,class,0.4581676766085746,0.08503549372269527,G.RF2.CSE025,157,0,1994,0.11464968152866242,6,157,0
15,0,HK,0,class,0.8114197314066983,0.08885458898669302,G.RF2.CSE025,123,0,1994,0.0,6,123,0
all,1,HK,0,old,0.503302033757549,0.08810131049894535,G.RF2.CSE025,468,0,1994,0.1047008547008547,6,466,1
all,0,HK,0,current,0.6133462578234646,0.08671316771366572,G.RF2.CSE025,280,0,1994,0.06428571428571428,6,280,0
all,0,HK,0,tail,0.22661608732508265,0.09064301057465071,G.RF2.CSE025,20,0,1994,0.3,6,19,0
22,0,HK,0,class,0.40384509892537823,0.4245333914690115,B.RF2.CSE1,21,0,1994,0.5714285714285714,6,21,0
16,1,HK,0,class,0.18968781607916163,0.4486922184206644,B.RF2.CSE1,8,0,1994,1.0,6,7,0
12,0,HK,0,class,0.6176852527599173,0.4290239056687147,B.RF2.CSE1,41,0,1994,0.34146341463414637,6,41,1
13,0,HK,0,class,0.7390959916466405,0.4344304461211442,B.RF2.CSE1,160,0,1994,0.075,6,159,0
21,0,HK,0,class,0.4206201152849033,0.43438816655670465,B.RF2.CSE1,4,0,1994,0.5,6,2,0
4,5,HK,1,class,0.5743030472120738,0.44067513559743987,B.RF2.CSE1,165,0,1994,0.3515151515151515,6,165,0
19,0,HK,0,class,0.06000075394321172,0.4220005971304801,B.RF2.CSE1,2,0,1994,1.0,6,1,0
17,0,HK,0,class,0.19422158152150565,0.42680612709141263,B.RF2.CSE1,5,0,1994,1.0,6,5,1
6,0,HK,0,class,0.19622110267197201,0.4201056707402014,B.RF2.CSE1,1,0,1994,1.0,6,0,0
11,0,HK,0,class,0.4389284125872726,0.421917349977609,B.RF2.CSE1,61,0,1994,0.5245901639344263,6,59,0
3,0,HK,3,class,0.6323311192085057,0.45064895346481415,B.RF2.CSE1,157,0,1994,0.27388535031847133,6,156,0
15,0,HK,0,class,0.7540949567276877,0.47223684949942735,B.RF2.CSE1,123,0,1994,0.07317073170731707,6,123,0
all,6,HK,1,old,0.5941947661748007,0.4341616161728883,B.RF2.CSE1,468,0,1994,0.31196581196581197,6,460,2
all,0,HK,3,current,0.6858202335472893,0.46013220779430497,B.RF2.CSE1,280,0,1994,0.18571428571428572,6,279,0
all,1,HK,0,tail,0.22436567539694155,0.436261395702518,B.RF2.CSE1,20,0,1994,0.9,6,15,1
22,0,HK,0,class,0.40384509892537823,0.10613334786725287,B.RF2.CSE025,21,0,1994,0.14285714285714285,6,21,0
16,0,HK,0,class,0.18968781607916163,0.11217305460516609,B.RF2.CSE025,8,0,1994,0.375,6,7,0
12,0,HK,0,class,0.6176852527599173,0.10725597641717867,B.RF2.CSE025,41,0,1994,0.04878048780487805,6,41,0
13,0,HK,0,class,0.7390959916466405,0.10860761153028604,B.RF2.CSE025,160,0,1994,0.0125,6,159,0
21,0,HK,0,class,0.4206201152849033,0.10859704163917618,B.RF2.CSE025,4,0,1994,0.25,6,2,0
4,1,HK,0,class,0.5743030472120738,0.11016878389935995,B.RF2.CSE025,165,0,1994,0.11515151515151516,6,165,0
19,0,HK,0,class,0.06000075394321172,0.10550014928262003,B.RF2.CSE025,2,0,1994,1.0,6,1,0
17,0,HK,0,class,0.19422158152150565,0.10670153177285316,B.RF2.CSE025,5,0,1994,0.4,6,5,1
6,0,HK,0,class,0.19622110267197201,0.10502641768505033,B.RF2.CSE025,1,0,1994,0.0,6,0,0
11,0,HK,0,class,0.4389284125872726,0.10547933749440225,B.RF2.CSE025,61,0,1994,0.09836065573770492,6,59,0
3,0,HK,0,class,0.6323311192085057,0.11266223836620357,B.RF2.CSE025,157,0,1994,0.044585987261146494,6,156,0
15,0,HK,0,class,0.7540949567276877,0.11805921237485685,B.RF2.CSE025,123,0,1994,0.016260162601626018,6,123,0
all,1,HK,0,old,0.5941947661748007,0.10854040404322206,B.RF2.CSE025,468,0,1994,0.08547008547008547,6,460,1
all,0,HK,0,current,0.6858202335472893,0.11503305194857624,B.RF2.CSE025,280,0,1994,0.03214285714285714,6,279,0
all,0,HK,0,tail,0.22436567539694155,0.1090653489256295,B.RF2.CSE025,20,0,1994,0.4,6,15,1
22,0,HK,0,class,0.24758802230429422,0.35167898901629124,G.RF1.CSEperm1,21,0,1994,0.7142857142857143,6,21,0
16,0,HK,0,class,0.14588741385205942,0.3783548520053912,G.RF1.CSEperm1,8,0,1994,1.0,6,8,0
12,1,HK,0,class,0.3313068921887829,0.364565953908741,G.RF1.CSEperm1,41,0,1994,0.5121951219512195,6,41,0
13,0,HK,0,class,0.5603238780279284,0.35894717112170477,G.RF1.CSEperm1,160,0,1994,0.19375,6,160,0
21,0,HK,0,class,0.1272264569183565,0.3579433373782646,G.RF1.CSEperm1,4,0,1994,1.0,6,4,0
4,0,HK,2,class,0.3536420111903627,0.33636159756276934,G.RF1.CSEperm1,165,0,1994,0.4727272727272727,6,165,0
19,0,HK,0,class,0.085396742494422,0.3484216774051941,G.RF1.CSEperm1,2,0,1994,1.0,6,2,0
17,1,HK,0,class,0.24747993605912172,0.3611351856638156,G.RF1.CSEperm1,5,0,1994,0.8,6,5,0
6,0,HK,0,class,0.16565184151130535,0.31955871699770605,G.RF1.CSEperm1,1,0,1994,1.0,6,1,0
11,0,HK,1,class,0.1744363087308901,0.3640281262551246,G.RF1.CSEperm1,61,0,1994,0.9344262295081968,6,61,0
3,3,HK,2,class,0.29866327235657136,0.33874938947892047,G.RF1.CSEperm1,157,0,1994,0.6050955414012739,6,157,0
15,0,HK,0,class,0.7555383863902324,0.35444859993961864,G.RF1.CSEperm1,123,0,1994,0.04065040650406504,6,123,0
all,2,HK,3,old,0.3860601460617065,0.3520300848807183,G.RF1.CSEperm1,468,0,1994,0.4722222222222222,6,468,0
all,3,HK,2,current,0.49936198316421526,0.34564582835987,G.RF1.CSEperm1,280,0,1994,0.35714285714285715,6,280,0
all,1,HK,0,tail,0.16249250726428296,0.36403450828416795,G.RF1.CSEperm1,20,0,1994,0.95,6,20,0
22,0,HK,0,class,0.2766850883181557,0.4249089146292298,B.RF1.CSEperm1,21,0,1994,0.6666666666666666,6,21,0
16,1,HK,0,class,0.11014401189775952,0.44291614055240613,B.RF1.CSEperm1,8,0,1994,1.0,6,8,1
12,0,HK,0,class,0.32310599160713543,0.42944740783369784,B.RF1.CSEperm1,41,0,1994,0.7073170731707317,6,40,1
13,0,HK,0,class,0.5586866573780487,0.4024407994180457,B.RF1.CSEperm1,160,0,1994,0.20625,6,160,1
21,0,HK,0,class,0.2166696362281495,0.42928533012012726,B.RF1.CSEperm1,4,0,1994,1.0,6,4,0
4,7,HK,0,class,0.3879407371659073,0.41845736777384335,B.RF1.CSEperm1,165,0,1994,0.5818181818181818,6,165,0
19,0,HK,0,class,0.0987704995904932,0.4102371086211513,B.RF1.CSEperm1,2,0,1994,1.0,6,2,0
17,0,HK,0,class,0.20089562945047174,0.41846686457953053,B.RF1.CSEperm1,5,0,1994,1.0,6,5,0
6,0,HK,0,class,0.010860854551688781,0.4201056707402013,B.RF1.CSEperm1,1,0,1994,1.0,6,0,1
11,0,HK,10,class,0.1609058117099943,0.4250362007818869,B.RF1.CSEperm1,61,0,1994,0.9672131147540983,6,61,0
3,1,HK,14,class,0.34539110423175934,0.44193380616280803,B.RF1.CSEperm1,157,0,1994,0.643312101910828,6,157,0
15,1,HK,0,class,0.7639390963304563,0.4076164045458596,B.RF1.CSEperm1,123,0,1994,0.056910569105691054,6,123,0
all,8,HK,10,old,0.3957986847838155,0.41557055004581606,B.RF1.CSEperm1,468,0,1994,0.5363247863247863,6,466,4
all,2,HK,14,current,0.5292532579036869,0.42685866188107713,B.RF1.CSEperm1,280,0,1994,0.38571428571428573,6,280,0
all,1,HK,0,tail,0.1480355320539854,0.4296692327889957,B.RF1.CSEperm1,20,0,1994,1.0,6,19,2
22,0,HK,0,class,0.23517390189798767,0.3504158645503332,G.LIN.CSE1,21,0,1994,0.6666666666666666,7,21,0
16,0,HK,0,class,0.12534942110969288,0.37746724756842354,G.LIN.CSE1,8,0,1994,1.0,7,8,0
12,0,HK,1,class,0.2653121775954557,0.3626862945251227,G.LIN.CSE1,41,0,1994,0.6585365853658537,7,40,1
13,0,HK,0,class,0.536829471971536,0.35444203008083963,G.LIN.CSE1,160,0,1994,0.20625,7,160,0
21,0,HK,0,class,0.10561334323678541,0.35284358802915694,G.LIN.CSE1,4,0,1994,1.0,7,4,0
4,4,HK,0,class,0.35377120868721657,0.33794628327864207,G.LIN.CSE1,165,0,1994,0.48484848484848486,7,165,1
19,0,HK,0,class,0.08968264657709868,0.34383953601652656,G.LIN.CSE1,2,0,1994,1.0,7,1,0
17,0,HK,0,class,0.24728516773024264,0.35936967650015195,G.LIN.CSE1,5,0,1994,0.8,7,5,0
6,0,HK,0,class,0.1718651900246544,0.3168373380336883,G.LIN.CSE1,1,0,1994,1.0,7,0,0
11,2,HK,0,class,0.11647880705921129,0.365144136671097,G.LIN.CSE1,61,0,1994,0.9836065573770492,7,61,0
3,0,HK,4,class,0.29853373032909297,0.3392496046174776,G.LIN.CSE1,157,0,1994,0.6178343949044586,7,157,0
15,0,HK,0,class,0.7379520756551217,0.3554104632189635,G.LIN.CSE1,123,0,1994,0.056910569105691054,7,123,0
0,0,HK,0,class,0.04539475028989388,0.36873907863354544,G.LIN.CSE1,7,0,1994,1.0,7,7,2
9,0,HK,0,class,0.604813455818268,0.34816756235935387,G.LIN.CSE1,164,0,1994,0.10975609756097561,7,164,0
all,6,HK,5,old,0.411547365550297,0.3491773758663667,G.LIN.CSE1,748,0,1994,0.4505347593582888,7,745,2
all,0,HK,0,current,0.581913274890206,0.34900967121268334,G.LIN.CSE1,171,0,1994,0.14619883040935672,7,171,2
all,0,HK,0,tail,0.12335808576607434,0.3634685435431976,G.LIN.CSE1,27,0,1994,0.9629629629629629,7,25,2
22,0,HK,0,class,0.23517390189798767,0.0876039661375833,G.LIN.CSE025,21,0,1994,0.2857142857142857,7,21,0
16,0,HK,0,class,0.12534942110969288,0.09436681189210588,G.LIN.CSE025,8,0,1994,0.375,7,8,0
12,0,HK,1,class,0.2653121775954557,0.09067157363128067,G.LIN.CSE025,41,0,1994,0.17073170731707318,7,40,0
13,0,HK,0,class,0.536829471971536,0.08861050752020992,G.LIN.CSE025,160,0,1994,0.04375,7,160,0
21,0,HK,0,class,0.10561334323678541,0.08821089700728924,G.LIN.CSE025,4,0,1994,0.5,7,4,0
4,1,HK,0,class,0.35377120868721657,0.08448657081966052,G.LIN.CSE025,165,0,1994,0.12727272727272726,7,165,0
19,0,HK,0,class,0.08968264657709868,0.08595988400413165,G.LIN.CSE025,2,0,1994,0.5,7,1,0
17,0,HK,0,class,0.24728516773024264,0.08984241912503796,G.LIN.CSE025,5,0,1994,0.2,7,5,0
6,0,HK,0,class,0.1718651900246544,0.07920933450842207,G.LIN.CSE025,1,0,1994,0.0,7,0,0
11,0,HK,0,class,0.11647880705921129,0.09128603416777425,G.LIN.CSE025,61,0,1994,0.5081967213114754,7,61,0
3,0,HK,0,class,0.29853373032909297,0.0848124011543694,G.LIN.CSE025,157,0,1994,0.1337579617834395,7,157,0
15,0,HK,0,class,0.7379520756551217,0.08885261580474087,G.LIN.CSE025,123,0,1994,0.0,7,123,0
0,0,HK,0,class,0.04539475028989388,0.09218476965838636,G.LIN.CSE025,7,0,1994,1.0,7,7,2
9,0,HK,0,class,0.604813455818268,0.08704189058983847,G.LIN.CSE025,164,0,1994,0.012195121951219513,7,164,0
all,1,HK,1,old,0.411547365550297,0.08729434396659168,G.LIN.CSE025,748,0,1994,0.13368983957219252,7,745,0
all,0,HK,0,current,0.581913274890206,0.08725241780317083,G.LIN.CSE025,171,0,1994,0.05263157894736842,7,171,2
all,0,HK,0,tail,0.12335808576607434,0.09086713588579938,G.LIN.CSE025,27,0,1994,0.5185185185185185,7,25,2
22,0,HK,0,class,0.22876181233342366,0.35107760941397936,G.RF1.CSE1,21,0,1994,0.7142857142857143,7,21,0
16,0,HK,0,class,0.10720528823765518,0.37746724756842354,G.RF1.CSE1,8,0,1994,1.0,7,8,0
12,0,HK,0,class,0.2820979149436576,0.36296400638933435,G.RF1.CSE1,41,0,1994,0.6341463414634146,7,41,0
13,0,HK,1,class,0.5235928138310725,0.3549408643839304,G.RF1.CSE1,160,0,1994,0.20625,7,160,0
21,0,HK,0,class,0.10780863147160558,0.353572129638392,G.RF1.CSE1,4,0,1994,1.0,7,4,0
4,4,HK,0,class,0.3327646208627814,0.3378318836027577,G.RF1.CSE1,165,0,1994,0.5212121212121212,7,165,1
19,0,HK,0,class,0.0751372536764045,0.34383953601652656,G.RF1.CSE1,2,0,1994,1.0,7,2,0
17,0,HK,0,class,0.23996304790697595,0.3589651286484953,G.RF1.CSE1,5,0,1994,0.8,7,5,0
6,0,HK,0,class,0.16173591910789598,0.3168373380336883,G.RF1.CSE1,1,0,1994,1.0,7,1,0
11,1,HK,0,class,0.12120620742637095,0.3650053001274389,G.RF1.CSE1,61,0,1994,0.9836065573770492,7,60,0
3,0,HK,6,class,0.27691857095757544,0.33978263290201094,G.RF1.CSE1,157,0,1994,0.6560509554140127,7,157,0
15,0,HK,0,class,0.7275369557728006,0.35471608416783584,G.RF1.CSE1,123,0,1994,0.04878048780487805,7,123,0
0,0,HK,0,class,0.04995910517544318,0.36791840065060794,G.RF1.CSE1,7,0,1994,1.0,7,7,1
9,0,HK,0,class,0.6019230525637052,0.34821920116960725,G.RF1.CSE1,164,0,1994,0.10975609756097561,7,164,0
all,5,HK,7,old,0.3986745555858397,0.34928020953741123,G.RF1.CSE1,748,0,1994,0.46524064171123,7,747,1
all,0,HK,0,current,0.5793280371735423,0.34902560114836173,G.RF1.CSE1,171,0,1994,0.14619883040935672,7,171,1
all,0,HK,0,tail,0.11668208274116115,0.3632887909986826,G.RF1.CSE1,27,0,1994,0.9629629629629629,7,27,1
22,0,HK,0,class,0.22876181233342366,0.08776940235349483,G.RF1.CSE025,21,0,1994,0.38095238095238093,7,21,0
16,0,HK,0,class,0.10720528823765518,0.09436681189210588,G.RF1.CSE025,8,0,1994,0.5,7,8,0
12,0,HK,0,class,0.2820979149436576,0.09074100159733359,G.RF1.CSE025,41,0,1994,0.17073170731707318,7,41,0
13,0,HK,0,class,0.5235928138310725,0.0887352160959826,G.RF1.CSE025,160,0,1994,0.05,7,160,0
21,0,HK,0,class,0.10780863147160558,0.08839303240959802,G.RF1.CSE025,4,0,1994,0.5,7,4,0
4,0,HK,0,class,0.3327646208627814,0.08445797090068943,G.RF1.CSE025,165,0,1994,0.11515151515151516,7,165,0
19,0,HK,0,class,0.0751372536764045,0.08595988400413164,G.RF1.CSE025,2,0,1994,0.5,7,2,0
17,0,HK,0,class,0.23996304790697595,0.08974128216212383,G.RF1.CSE025,5,0,1994,0.2,7,5,0
6,0,HK,0,class,0.16173591910789598,0.07920933450842206,G.RF1.CSE025,1,0,1994,0.0,7,1,0
11,0,HK,0,class,0.12120620742637095,0.09125132503185973,G.RF1.CSE025,61,0,1994,0.5245901639344263,7,60,0
3,0,HK,3,class,0.27691857095757544,0.08494565822550275,G.RF1.CSE025,157,0,1994,0.1592356687898089,7,157,0
15,0,HK,0,class,0.7275369557728006,0.08867902104195896,G.RF1.CSE025,123,0,1994,0.0,7,123,0
0,0,HK,0,class,0.04995910517544318,0.09197960016265198,G.RF1.CSE025,7,0,1994,0.8571428571428571,7,7,0
9,0,HK,0,class,0.6019230525637052,0.08705480029240181,G.RF1.CSE025,164,0,1994,0.012195121951219513,7,164,0
all,0,HK,3,old,0.3986745555858397,0.08732005238435282,G.RF1.CSE025,748,0,1994,0.14304812834224598,7,747,0
all,0,HK,0,current,0.5793280371735423,0.08725640028709042,G.RF1.CSE025,171,0,1994,0.04678362573099415,7,171,0
all,0,HK,0,tail,0.11668208274116115,0.09082219774967065,G.RF1.CSE025,27,0,1994,0.5185185185185185,7,27,0
22,0,HK,0,class,0.2608155763229797,0.42765513649483367,B.LIN.CSE1,21,0,1994,0.7142857142857143,7,21,0
16,1,HK,0,class,0.0734858748081601,0.4492054957792416,B.LIN.CSE1,8,0,1994,1.0,7,8,0
12,1,HK,0,class,0.24545186381492418,0.43283691522847445,B.LIN.CSE1,41,0,1994,0.8048780487804879,7,40,0
13,0,HK,1,class,0.5157876248154427,0.4351181799987751,B.LIN.CSE1,160,0,1994,0.3125,7,160,0
21,0,HK,0,class,0.15289694367312784,0.44627834848128145,B.LIN.CSE1,4,0,1994,1.0,7,4,0
4,0,HK,1,class,0.3731693017377854,0.4407642903619221,B.LIN.CSE1,165,0,1994,0.6242424242424243,7,165,0
19,0,HK,0,class,0.03976844945261297,0.4220005971304801,B.LIN.CSE1,2,0,1994,1.0,7,1,0
17,0,HK,0,class,0.2054478987931318,0.4247037600741998,B.LIN.CSE1,5,0,1994,1.0,7,5,0
6,0,HK,0,class,0.055814441377256885,0.42010567074020133,B.LIN.CSE1,1,0,1994,1.0,7,0,0
11,1,HK,0,class,0.10401251779678458,0.4252678627318286,B.LIN.CSE1,61,0,1994,1.0,7,61,1
3,1,HK,3,class,0.32732307175340614,0.45287220032344155,B.LIN.CSE1,157,0,1994,0.7388535031847133,7,157,0
15,0,HK,0,class,0.7281910641932006,0.4722368494994274,B.LIN.CSE1,123,0,1994,0.0975609756097561,7,123,0
0,0,HK,0,class,0.11216399061233903,0.4402854570867792,B.LIN.CSE1,7,0,1994,1.0,7,7,0
9,0,HK,0,class,0.5758691231420007,0.4421566273455907,B.LIN.CSE1,164,0,1994,0.24390243902439024,7,164,0
all,4,HK,5,old,0.41350756768777824,0.4451415490530251,B.LIN.CSE1,748,0,1994,0.5481283422459893,7,745,1
all,0,HK,0,current,0.5568870416934181,0.44208002973265687,B.LIN.CSE1,171,0,1994,0.27485380116959063,7,171,0
all,1,HK,0,tail,0.11656346450712249,0.43882893426439534,B.LIN.CSE1,27,0,1994,1.0,7,25,0
22,0,HK,0,class,0.2608155763229797,0.10691378412370842,B.LIN.CSE025,21,0,1994,0.2857142857142857,7,21,0
16,0,HK,0,class,0.0734858748081601,0.1123013739448104,B.LIN.CSE025,8,0,1994,0.875,7,8,0
12,0,HK,0,class,0.24545186381492418,0.10820922880711861,B.LIN.CSE025,41,0,1994,0.21951219512195122,7,40,0
13,0,HK,0,class,0.5157876248154427,0.1087795449996938,B.LIN.CSE025,160,0,1994,0.0375,7,160,0
21,0,HK,0,class,0.15289694367312784,0.11156958712032033,B.LIN.CSE025,4,0,1994,0.25,7,4,0
4,0,HK,0,class,0.3731693017377854,0.11019107259048053,B.LIN.CSE025,165,0,1994,0.14545454545454545,7,165,0
19,0,HK,0,class,0.03976844945261297,0.10550014928262003,B.LIN.CSE025,2,0,1994,1.0,7,1,0
17,0,HK,0,class,0.2054478987931318,0.10617594001854994,B.LIN.CSE025,5,0,1994,0.2,7,5,0
6,0,HK,0,class,0.055814441377256885,0.10502641768505036,B.LIN.CSE025,1,0,1994,1.0,7,0,0
11,0,HK,0,class,0.10401251779678458,0.10631696568295715,B.LIN.CSE025,61,0,1994,0.5573770491803278,7,61,0
3,0,HK,0,class,0.32732307175340614,0.11321805008086039,B.LIN.CSE025,157,0,1994,0.16560509554140126,7,157,0
15,0,HK,0,class,0.7281910641932006,0.11805921237485685,B.LIN.CSE025,123,0,1994,0.008130081300813009,7,123,0
0,0,HK,0,class,0.11216399061233903,0.1100713642716948,B.LIN.CSE025,7,0,1994,0.5714285714285714,7,7,0
9,0,HK,0,class,0.5758691231420007,0.11053915683639767,B.LIN.CSE025,164,0,1994,0.006097560975609756,7,164,0
all,0,HK,0,old,0.41350756768777824,0.1112853872632563,B.LIN.CSE025,748,0,1994,0.15775401069518716,7,745,0
all,0,HK,0,current,0.5568870416934181,0.11052000743316422,B.LIN.CSE025,171,0,1994,0.029239766081871343,7,171,0
all,0,HK,0,tail,0.11656346450712249,0.10970723356609884,B.LIN.CSE025,27,0,1994,0.5925925925925926,7,25,0
22,0,HK,0,class,0.25980904128588367,0.42799340512896755,B.RF1.CSE1,21,0,1994,0.7619047619047619,7,21,0
16,1,HK,0,class,0.050891533484907485,0.4492054957792416,B.RF1.CSE1,8,0,1994,1.0,7,8,0
12,0,HK,0,class,0.2533240912037056,0.43389922855840407,B.RF1.CSE1,41,0,1994,0.8292682926829268,7,40,1
13,0,HK,0,class,0.5157462908325698,0.43503080185697096,B.RF1.CSE1,160,0,1994,0.28125,7,160,0
21,0,HK,0,class,0.1989858439135307,0.44627834848128145,B.RF1.CSE1,4,0,1994,1.0,7,4,0
4,0,HK,0,class,0.36995582775849983,0.4407642903619221,B.RF1.CSE1,165,0,1994,0.6181818181818182,7,165,0
19,0,HK,0,class,0.09889876130465373,0.41845176013011015,B.RF1.CSE1,2,0,1994,1.0,7,2,0
17,1,HK,0,class,0.18528175334753944,0.4247037600741998,B.RF1.CSE1,5,0,1994,1.0,7,5,0
6,0,HK,0,class,0.000331064533831138,0.42010567074020133,B.RF1.CSE1,1,0,1994,1.0,7,0,0
11,3,HK,0,class,0.10845151330436643,0.4249452949185179,B.RF1.CSE1,61,0,1994,1.0,7,61,3
3,1,HK,1,class,0.3238000484026205,0.45287220032344155,B.RF1.CSE1,157,0,1994,0.7070063694267515,7,157,0
15,0,HK,1,class,0.7297758980885557,0.4722368494994274,B.RF1.CSE1,123,0,1994,0.08943089430894309,7,123,0
0,0,HK,0,class,0.09865009679298173,0.4402854570867792,B.RF1.CSE1,7,0,1994,1.0,7,7,0
9,0,HK,0,class,0.5707382049296681,0.4418979936154562,B.RF1.CSE1,164,0,1994,0.23170731707317074,7,164,0
all,6,HK,2,old,0.41303020600642176,0.4451547892596329,B.RF1.CSE1,748,0,1994,0.5347593582887701,7,746,4
all,0,HK,0,current,0.5514129607369384,0.4418319833482004,B.RF1.CSE1,171,0,1994,0.2631578947368421,7,171,0
all,2,HK,0,tail,0.11178383981352187,0.4385660574495531,B.RF1.CSE1,27,0,1994,1.0,7,26,0
22,0,HK,0,class,0.25980904128588367,0.10699835128224189,B.RF1.CSE025,21,0,1994,0.2857142857142857,7,21,0
16,0,HK,0,class,0.050891533484907485,0.1123013739448104,B.RF1.CSE025,8,0,1994,0.875,7,8,0
12,0,HK,0,class,0.2533240912037056,0.10847480713960102,B.RF1.CSE025,41,0,1994,0.2682926829268293,7,40,0
13,0,HK,0,class,0.5157462908325698,0.10875770046424271,B.RF1.CSE025,160,0,1994,0.03125,7,160,0
21,0,HK,0,class,0.1989858439135307,0.11156958712032033,B.RF1.CSE025,4,0,1994,0.25,7,4,0
4,0,HK,0,class,0.36995582775849983,0.11019107259048053,B.RF1.CSE025,165,0,1994,0.14545454545454545,7,165,0
19,0,HK,0,class,0.09889876130465373,0.10461294003252755,B.RF1.CSE025,2,0,1994,1.0,7,2,0
17,0,HK,0,class,0.18528175334753944,0.10617594001854994,B.RF1.CSE025,5,0,1994,0.2,7,5,0
6,0,HK,0,class,0.000331064533831138,0.10502641768505033,B.RF1.CSE025,1,0,1994,1.0,7,0,0
11,1,HK,0,class,0.10845151330436643,0.10623632372962948,B.RF1.CSE025,61,0,1994,0.5573770491803278,7,61,0
3,1,HK,1,class,0.3238000484026205,0.11321805008086039,B.RF1.CSE025,157,0,1994,0.17197452229299362,7,157,0
15,0,HK,0,class,0.7297758980885557,0.11805921237485685,B.RF1.CSE025,123,0,1994,0.008130081300813009,7,123,0
0,0,HK,0,class,0.09865009679298173,0.1100713642716948,B.RF1.CSE025,7,0,1994,0.7142857142857143,7,7,0
9,0,HK,0,class,0.5707382049296681,0.11047449840386404,B.RF1.CSE025,164,0,1994,0.006097560975609756,7,164,0
all,2,HK,1,old,0.41303020600642176,0.11128869731490823,B.RF1.CSE025,748,0,1994,0.16042780748663102,7,746,0
all,0,HK,0,current,0.5514129607369384,0.1104579958370501,B.RF1.CSE025,171,0,1994,0.03508771929824561,7,171,0
all,0,HK,0,tail,0.11178383981352187,0.10964151436238828,B.RF1.CSE025,27,0,1994,0.6296296296296297,7,26,0
22,0,HK,0,class,0.33209135694395525,0.3523492484569915,G.RF2.CSE1,21,0,1994,0.6190476190476191,7,20,0
16,0,HK,2,class,0.15533529383193528,0.37746724756842354,G.RF2.CSE1,8,0,1994,0.875,7,8,0
12,0,HK,0,class,0.37496979109784295,0.36322690663791696,G.RF2.CSE1,41,0,1994,0.5121951219512195,7,41,0
13,0,HK,0,class,0.672492103951346,0.35573264342896993,G.RF2.CSE1,160,0,1994,0.13125,7,160,0
21,0,HK,0,class,0.22655665287611348,0.3524420926806896,G.RF2.CSE1,4,0,1994,0.75,7,4,0
4,4,HK,0,class,0.4612722761468841,0.338850278235393,G.RF2.CSE1,165,0,1994,0.3515151515151515,7,165,0
19,0,HK,0,class,0.052646616099273125,0.34383953601652656,G.RF2.CSE1,2,0,1994,1.0,7,2,0
17,0,HK,0,class,0.3645604879762085,0.35936967650015195,G.RF2.CSE1,5,0,1994,0.6,7,5,0
6,0,HK,0,class,0.3573029443599017,0.3168373380336883,G.RF2.CSE1,1,0,1994,0.0,7,0,0
11,3,HK,0,class,0.192024226295768,0.36486846811491014,G.RF2.CSE1,61,0,1994,0.8688524590163934,7,60,0
3,0,HK,1,class,0.4399068885036027,0.3409084016932053,G.RF2.CSE1,157,0,1994,0.3885350318471338,7,157,0
15,0,HK,0,class,0.7958784865029991,0.3549942805201935,G.RF2.CSE1,123,0,1994,0.016260162601626018,7,123,0
0,0,HK,0,class,0.08211877491433657,0.36832789167330937,G.RF2.CSE1,7,0,1994,1.0,7,7,0
9,0,HK,0,class,0.6973779111041536,0.34707052085115014,G.RF2.CSE1,164,0,1994,0.06097560975609756,7,164,0
all,7,HK,3,old,0.5202708059423284,0.3499918710105489,G.RF2.CSE1,748,0,1994,0.32620320855614976,7,745,0
all,0,HK,0,current,0.6721918645934594,0.34794070562164786,G.RF2.CSE1,171,0,1994,0.09941520467836257,7,171,0
all,0,HK,2,tail,0.1855236667777697,0.3633024587241042,G.RF2.CSE1,27,0,1994,0.8148148148148148,7,26,0
22,0,HK,0,class,0.33209135694395525,0.08808731211424788,G.RF2.CSE025,21,0,1994,0.19047619047619047,7,20,0
16,0,HK,0,class,0.15533529383193528,0.09436681189210588,G.RF2.CSE025,8,0,1994,0.625,7,8,0
12,0,HK,0,class,0.37496979109784295,0.09080672665947925,G.RF2.CSE025,41,0,1994,0.17073170731707318,7,41,0
13,0,HK,0,class,0.672492103951346,0.08893316085724248,G.RF2.CSE025,160,0,1994,0.03125,7,160,0
21,0,HK,0,class,0.22655665287611348,0.0881105231701724,G.RF2.CSE025,4,0,1994,0.25,7,4,0
4,2,HK,0,class,0.4612722761468841,0.08471256955884826,G.RF2.CSE025,165,0,1994,0.10909090909090909,7,165,0
19,0,HK,0,class,0.052646616099273125,0.08595988400413165,G.RF2.CSE025,2,0,1994,1.0,7,2,0
17,0,HK,0,class,0.3645604879762085,0.08984241912503799,G.RF2.CSE025,5,0,1994,0.0,7,5,0
6,0,HK,0,class,0.3573029443599017,0.07920933450842207,G.RF2.CSE025,1,0,1994,0.0,7,0,0
11,1,HK,0,class,0.192024226295768,0.09121711702872753,G.RF2.CSE025,61,0,1994,0.32786885245901637,7,60,0
3,0,HK,0,class,0.4399068885036027,0.08522710042330132,G.RF2.CSE025,157,0,1994,0.10191082802547771,7,157,0
15,0,HK,0,class,0.7958784865029991,0.08874857013004836,G.RF2.CSE025,123,0,1994,0.0,7,123,0
0,0,HK,0,class,0.08211877491433657,0.09208197291832734,G.RF2.CSE025,7,0,1994,0.5714285714285714,7,7,0
9,0,HK,0,class,0.6973779111041536,0.08676763021278754,G.RF2.CSE025,164,0,1994,0.006097560975609756,7,164,0
all,3,HK,0,old,0.5202708059423284,0.08749796775263723,G.RF2.CSE025,748,0,1994,0.10427807486631016,7,745,0
all,0,HK,0,current,0.6721918645934594,0.08698517640541198,G.RF2.CSE025,171,0,1994,0.029239766081871343,7,171,0
all,0,HK,0,tail,0.1855236667777697,0.09082561468102605,G.RF2.CSE025,27,0,1994,0.4444444444444444,7,26,0
22,0,HK,0,class,0.3983552923235607,0.42628420941199496,B.RF2.CSE1,21,0,1994,0.5714285714285714,7,21,0
16,0,HK,0,class,0.16510770785344436,0.4486922184206644,B.RF2.CSE1,8,0,1994,1.0,7,6,0
12,0,HK,0,class,0.5732007543354699,0.4302895957745787,B.RF2.CSE1,41,0,1994,0.36585365853658536,7,41,0
13,0,HK,0,class,0.7316836222764196,0.4345776390207206,B.RF2.CSE1,160,0,1994,0.1125,7,159,0
21,0,HK,0,class,0.41539785804148877,0.43438816655670465,B.RF2.CSE1,4,0,1994,0.5,7,2,0
4,2,HK,0,class,0.5686859967975724,0.4405494940731201,B.RF2.CSE1,165,0,1994,0.3575757575757576,7,165,0
19,0,HK,0,class,0.06786526241529386,0.4220005971304801,B.RF2.CSE1,2,0,1994,1.0,7,0,0
17,0,HK,0,class,0.2012449587963075,0.4247037600741998,B.RF2.CSE1,5,0,1994,1.0,7,5,1
6,0,HK,0,class,0.1590567981590929,0.4201056707402013,B.RF2.CSE1,1,0,1994,1.0,7,0,0
11,0,HK,0,class,0.378176294293899,0.4224632114931768,B.RF2.CSE1,61,0,1994,0.6065573770491803,7,58,0
3,0,HK,3,class,0.6171578154767242,0.4502350374562156,B.RF2.CSE1,157,0,1994,0.3248407643312102,7,157,0
15,0,HK,0,class,0.7504999339152322,0.4722368494994274,B.RF2.CSE1,123,0,1994,0.08130081300813008,7,123,0
0,0,HK,0,class,0.2775644492951795,0.4398472278063097,B.RF2.CSE1,7,0,1994,0.8571428571428571,7,7,0
9,0,HK,0,class,0.7349985375891932,0.43964550688460685,B.RF2.CSE1,164,0,1994,0.07926829268292683,7,164,0
all,2,HK,3,old,0.6140731940744485,0.44394911221777167,B.RF2.CSE1,748,0,1994,0.29411764705882354,7,737,1
all,0,HK,0,current,0.7162731655537656,0.4396537644661972,B.RF2.CSE1,171,0,1994,0.1111111111111111,7,171,0
all,0,HK,0,tail,0.2306080132233698,0.4368017286521653,B.RF2.CSE1,27,0,1994,0.8888888888888888,7,20,1
22,0,HK,0,class,0.3983552923235607,0.10657105235299873,B.RF2.CSE025,21,0,1994,0.09523809523809523,7,21,0
16,0,HK,0,class,0.16510770785344436,0.1121730546051661,B.RF2.CSE025,8,0,1994,0.375,7,6,0
12,0,HK,0,class,0.5732007543354699,0.10757239894364465,B.RF2.CSE025,41,0,1994,0.07317073170731707,7,41,0
13,0,HK,0,class,0.7316836222764196,0.10864440975518015,B.RF2.CSE025,160,0,1994,0.0125,7,159,0
21,0,HK,0,class,0.41539785804148877,0.10859704163917616,B.RF2.CSE025,4,0,1994,0.25,7,2,0
4,0,HK,0,class,0.5686859967975724,0.11013737351828003,B.RF2.CSE025,165,0,1994,0.12727272727272726,7,165,0
19,0,HK,0,class,0.06786526241529386,0.10550014928262005,B.RF2.CSE025,2,0,1994,1.0,7,0,0
17,0,HK,0,class,0.2012449587963075,0.10617594001854995,B.RF2.CSE025,5,0,1994,0.4,7,5,1
6,0,HK,0,class,0.1590567981590929,0.10502641768505033,B.RF2.CSE025,1,0,1994,0.0,7,0,0
11,0,HK,0,class,0.378176294293899,0.1056158028732942,B.RF2.CSE025,61,0,1994,0.19672131147540983,7,58,0
3,0,HK,1,class,0.6171578154767242,0.1125587593640539,B.RF2.CSE025,157,0,1994,0.07006369426751592,7,157,0
15,0,HK,0,class,0.7504999339152322,0.11805921237485684,B.RF2.CSE025,123,0,1994,0.0,7,123,0
0,0,HK,0,class,0.2775644492951795,0.10996180695157742,B.RF2.CSE025,7,0,1994,0.14285714285714285,7,7,0
9,0,HK,0,class,0.7349985375891932,0.10991137672115174,B.RF2.CSE025,164,0,1994,0.006097560975609756,7,164,0
all,0,HK,1,old,0.6140731940744485,0.11098727805444292,B.RF2.CSE025,748,0,1994,0.07887700534759358,7,737,1
all,0,HK,0,current,0.7162731655537656,0.10991344111654927,B.RF2.CSE025,171,0,1994,0.011695906432748537,7,171,0
all,0,HK,0,tail,0.2306080132233698,0.10920043216304133,B.RF2.CSE025,27,0,1994,0.3333333333333333,7,20,1
22,0,HK,0,class,0.22876181233342366,0.3523574468977791,G.RF1.CSEperm1,21,0,1994,0.7142857142857143,7,21,0
16,0,HK,0,class,0.10720528823765518,0.3716388151893435,G.RF1.CSEperm1,8,0,1994,1.0,7,8,0
12,0,HK,0,class,0.2820979149436576,0.36479036613016164,G.RF1.CSEperm1,41,0,1994,0.6585365853658537,7,41,0
13,0,HK,0,class,0.5235928138310725,0.3585546534837447,G.RF1.CSEperm1,160,0,1994,0.20625,7,160,0
21,0,HK,0,class,0.10780863147160558,0.3628444705506443,G.RF1.CSEperm1,4,0,1994,1.0,7,4,0
4,0,HK,3,class,0.3327646208627814,0.33892942766627715,G.RF1.CSEperm1,165,0,1994,0.5272727272727272,7,165,0
19,0,HK,0,class,0.0751372536764045,0.34842166041486655,G.RF1.CSEperm1,2,0,1994,1.0,7,2,0
17,0,HK,0,class,0.23996304790697595,0.36113518577677295,G.RF1.CSEperm1,5,0,1994,0.8,7,5,0
6,0,HK,0,class,0.16173591910789598,0.3195587091821878,G.RF1.CSEperm1,1,0,1994,1.0,7,1,0
11,0,HK,1,class,0.12120620742637095,0.3625409762407203,G.RF1.CSEperm1,61,0,1994,0.9836065573770492,7,60,0
3,2,HK,1,class,0.27691857095757544,0.33978177007422244,G.RF1.CSEperm1,157,0,1994,0.6560509554140127,7,157,0
15,0,HK,0,class,0.7275369557728006,0.35357359071387007,G.RF1.CSEperm1,123,0,1994,0.056910569105691054,7,123,0
0,0,HK,0,class,0.04995910517544318,0.3652725836052778,G.RF1.CSEperm1,7,0,1994,1.0,7,7,0
9,0,HK,0,class,0.6019230525637052,0.34785527480082573,G.RF1.CSEperm1,164,0,1994,0.10365853658536585,7,164,0
all,2,HK,5,old,0.3986745555858397,0.3500599826086643,G.RF1.CSEperm1,748,0,1994,0.4692513368983957,7,747,0
all,0,HK,0,current,0.5793280371735423,0.3485682640501308,G.RF1.CSEperm1,171,0,1994,0.14035087719298245,7,171,0
all,0,HK,0,tail,0.11668208274116115,0.3630916462166687,G.RF1.CSEperm1,27,0,1994,0.9629629629629629,7,27,0
22,1,HK,0,class,0.25980904128588367,0.4255204159785628,B.RF1.CSEperm1,21,0,1994,0.7619047619047619,7,21,0
16,0,HK,1,class,0.050891533484907485,0.42954032295625366,B.RF1.CSEperm1,8,0,1994,1.0,7,8,1
12,1,HK,0,class,0.2533240912037056,0.4291659242643204,B.RF1.CSEperm1,41,0,1994,0.8048780487804879,7,40,1
13,0,HK,1,class,0.5157462908325698,0.4015655116214455,B.RF1.CSEperm1,160,0,1994,0.25,7,160,0
21,0,HK,0,class,0.1989858439135307,0.42928533012012726,B.RF1.CSEperm1,4,0,1994,1.0,7,4,0
4,9,HK,0,class,0.36995582775849983,0.41770681300996887,B.RF1.CSEperm1,165,0,1994,0.5878787878787879,7,165,0
19,0,HK,0,class,0.09889876130465373,0.4102371086211513,B.RF1.CSEperm1,2,0,1994,1.0,7,2,0
17,0,HK,0,class,0.18528175334753944,0.42513818362431016,B.RF1.CSEperm1,5,0,1994,1.0,7,5,0
6,0,HK,0,class,0.000331064533831138,0.42010567074020133,B.RF1.CSEperm1,1,0,1994,1.0,7,0,1
11,2,HK,4,class,0.10845151330436643,0.42426398010072736,B.RF1.CSEperm1,61,0,1994,1.0,7,61,3
3,0,HK,20,class,0.3238000484026205,0.4410925605063354,B.RF1.CSEperm1,157,0,1994,0.7070063694267515,7,157,0
15,0,HK,0,class,0.7297758980885557,0.4127030215174484,B.RF1.CSEperm1,123,0,1994,0.08943089430894309,7,123,0
0,0,HK,0,class,0.09865009679298173,0.42463947248627015,B.RF1.CSEperm1,7,0,1994,1.0,7,7,0
9,0,HK,0,class,0.5707382049296681,0.42922613935751786,B.RF1.CSEperm1,164,0,1994,0.22560975609756098,7,164,0
all,13,HK,26,old,0.41303020600642176,0.4199434208275172,B.RF1.CSEperm1,748,0,1994,0.5200534759358288,7,746,6
all,0,HK,0,current,0.5514129607369384,0.42903838106454284,B.RF1.CSEperm1,171,0,1994,0.2573099415204678,7,171,0
all,0,HK,1,tail,0.11178383981352187,0.42563744509772156,B.RF1.CSEperm1,27,0,1994,1.0,7,26,2
22,0,HK,0,class,0.22046688052624397,0.35040864982060543,G.LIN.CSE1,21,0,1994,0.7142857142857143,8,21,0
16,0,HK,0,class,0.11293057616999506,0.3774672694709035,G.LIN.CSE1,8,0,1994,1.0,8,8,0
12,1,HK,0,class,0.2551793922698741,0.3622604331471635,G.LIN.CSE1,41,0,1994,0.6829268292682927,8,41,1
13,0,HK,0,class,0.5129913263408644,0.35393161988508537,G.LIN.CSE1,160,0,1994,0.225,8,160,0
21,0,HK,0,class,0.09372987596563316,0.3528435376428707,G.LIN.CSE1,4,0,1994,1.0,8,4,0
4,4,HK,0,class,0.33896979983613684,0.33725596021844956,G.LIN.CSE1,165,0,1994,0.509090909090909,8,165,1
19,0,HK,0,class,0.09556005081198439,0.34383951313938327,G.LIN.CSE1,2,0,1994,1.0,8,1,0
17,0,HK,0,class,0.24439955358361112,0.3593696427854084,G.LIN.CSE1,5,0,1994,0.8,8,5,0
6,0,HK,0,class,0.15505141908600306,0.316837270851419,G.LIN.CSE1,1,0,1994,1.0,8,0,0
11,1,HK,0,class,0.1090090794524355,0.36505623130667714,G.LIN.CSE1,61,0,1994,1.0,8,60,1
3,0,HK,7,class,0.27822302149509487,0.3389899825828643,G.LIN.CSE1,157,0,1994,0.6751592356687898,8,157,0
15,0,HK,0,class,0.7162882724195005,0.3552426552303386,G.LIN.CSE1,123,0,1994,0.056910569105691054,8,123,0
0,0,HK,0,class,0.04831053282150096,0.3680281083596541,G.LIN.CSE1,7,0,1994,1.0,8,7,2
9,0,HK,0,class,0.58677519299878,0.34754505440068556,G.LIN.CSE1,164,0,1994,0.12804878048780488,8,164,0
5,0,HK,0,class,0.17151729543925537,0.3383102016154471,G.LIN.CSE1,1,0,1994,1.0,8,1,0
7,0,HK,0,class,0.7935369689243085,0.35852835388902266,G.LIN.CSE1,21,0,1994,0.0,8,21,0
all,6,HK,7,old,0.42540876308372666,0.3487250473221967,G.LIN.CSE1,919,0,1994,0.4178454842219804,8,916,5
all,0,HK,0,current,0.7652633474022607,0.3576093469674965,G.LIN.CSE1,22,0,1994,0.045454545454545456,8,22,0
all,0,HK,0,tail,0.4085816484581787,0.36073631039180487,G.LIN.CSE1,49,0,1994,0.5510204081632653,8,47,2
22,0,HK,0,class,0.22046688052624397,0.08760216245515139,G.LIN.CSE025,21,0,1994,0.2857142857142857,8,21,0
16,0,HK,0,class,0.11293057616999506,0.09436681736772587,G.LIN.CSE025,8,0,1994,0.5,8,8,0
12,0,HK,0,class,0.2551793922698741,0.09056510828679086,G.LIN.CSE025,41,0,1994,0.17073170731707318,8,41,0
13,0,HK,0,class,0.5129913263408644,0.08848290497127133,G.LIN.CSE025,160,0,1994,0.025,8,160,0
21,0,HK,0,class,0.09372987596563316,0.08821088441071767,G.LIN.CSE025,4,0,1994,0.5,8,4,0
4,0,HK,0,class,0.33896979983613684,0.0843139900546124,G.LIN.CSE025,165,0,1994,0.14545454545454545,8,165,0
19,0,HK,0,class,0.09556005081198439,0.0859598782848458,G.LIN.CSE025,2,0,1994,0.5,8,1,0
17,0,HK,0,class,0.24439955358361112,0.0898424106963521,G.LIN.CSE025,5,0,1994,0.2,8,5,0
6,0,HK,0,class,0.15505141908600306,0.07920931771285476,G.LIN.CSE025,1,0,1994,0.0,8,0,0
11,0,HK,0,class,0.1090090794524355,0.09126405782666933,G.LIN.CSE025,61,0,1994,0.5245901639344263,8,60,0
3,0,HK,5,class,0.27822302149509487,0.08474749564571607,G.LIN.CSE025,157,0,1994,0.1592356687898089,8,157,0
15,0,HK,0,class,0.7162882724195005,0.08881066380758464,G.LIN.CSE025,123,0,1994,0.0,8,123,0
0,0,HK,0,class,0.04831053282150096,0.09200702708991353,G.LIN.CSE025,7,0,1994,1.0,8,7,0
9,0,HK,0,class,0.58677519299878,0.08688626360017138,G.LIN.CSE025,164,0,1994,0.018292682926829267,8,164,0
5,0,HK,0,class,0.17151729543925537,0.08457755040386178,G.LIN.CSE025,1,0,1994,0.0,8,1,0
7,0,HK,0,class,0.7935369689243085,0.08963208847225565,G.LIN.CSE025,21,0,1994,0.0,8,21,0
all,0,HK,5,old,0.42540876308372666,0.08718126183054918,G.LIN.CSE025,919,0,1994,0.12622415669205658,8,916,0
all,0,HK,0,current,0.7652633474022607,0.08940233674187413,G.LIN.CSE025,22,0,1994,0.0,8,22,0
all,0,HK,0,tail,0.4085816484581787,0.09018407759795122,G.LIN.CSE025,49,0,1994,0.30612244897959184,8,47,0
22,0,HK,0,class,0.21342699056004882,0.3499701303632447,G.RF1.CSE1,21,0,1994,0.7142857142857143,8,21,0
16,0,HK,0,class,0.09709550943552922,0.37746726947090353,G.RF1.CSE1,8,0,1994,1.0,8,8,0
12,0,HK,0,class,0.26950285344982416,0.3628724093826261,G.RF1.CSE1,41,0,1994,0.6585365853658537,8,41,0
13,0,HK,0,class,0.4985936662957817,0.35386239283019205,G.RF1.CSE1,160,0,1994,0.225,8,160,0
21,0,HK,0,class,0.0952119948701217,0.3528435376428707,G.RF1.CSE1,4,0,1994,1.0,8,4,0
4,5,HK,0,class,0.31754332369161026,0.3367883498290976,G.RF1.CSE1,165,0,1994,0.5636363636363636,8,165,1
19,0,HK,0,class,0.08053411240739641,0.33721880410416544,G.RF1.CSE1,2,0,1994,1.0,8,2,0
17,0,HK,0,class,0.23372737087034617,0.3589650885724038,G.RF1.CSE1,5,0,1994,0.8,8,5,0
6,0,HK,0,class,0.1425231138685929,0.316837270851419,G.RF1.CSE1,1,0,1994,1.0,8,1,0
11,2,HK,0,class,0.11220239850861599,0.36505623130667714,G.RF1.CSE1,61,0,1994,1.0,8,60,0
3,0,HK,6,class,0.255805934971412,0.33930279345654646,G.RF1.CSE1,157,0,1994,0.7197452229299363,8,157,0
15,0,HK,0,class,0.7077119430212467,0.35479164225060855,G.RF1.CSE1,123,0,1994,0.056910569105691054,8,123,0
0,0,HK,0,class,0.04558490694124693,0.36802810835965405,G.RF1.CSE1,7,0,1994,1.0,8,7,1
9,0,HK,0,class,0.5832303604168028,0.3480652534423462,G.RF1.CSE1,164,0,1994,0.13414634146341464,8,164,0
5,0,HK,0,class,0.15679331528299334,0.33831020161544706,G.RF1.CSE1,1,0,1994,1.0,8,1,0
7,0,HK,0,class,0.7907764792618153,0.35715599275852783,G.RF1.CSE1,21,0,1994,0.0,8,21,0
all,7,HK,6,old,0.41387854146435193,0.3487156188547121,G.RF1.CSE1,919,0,1994,0.4352557127312296,8,918,2
all,0,HK,0,current,0.7619590627173235,0.35629936588838773,G.RF1.CSE1,22,0,1994,0.045454545454545456,8,22,0
all,0,HK,0,tail,0.4022864076810139,0.3598366415576038,G.RF1.CSE1,49,0,1994,0.5510204081632653,8,49,1
22,0,HK,0,class,0.21342699056004882,0.08749253259081118,G.RF1.CSE025,21,0,1994,0.3333333333333333,8,21,0
16,0,HK,0,class,0.09709550943552922,0.0943668173677259,G.RF1.CSE025,8,0,1994,0.5,8,8,0
12,0,HK,0,class,0.26950285344982416,0.09071810234565651,G.RF1.CSE025,41,0,1994,0.1951219512195122,8,41,0
13,0,HK,0,class,0.4985936662957817,0.08846559820754803,G.RF1.CSE025,160,0,1994,0.04375,8,160,0
21,0,HK,0,class,0.0952119948701217,0.08821088441071767,G.RF1.CSE025,4,0,1994,0.5,8,4,0
4,0,HK,0,class,0.31754332369161026,0.0841970874572744,G.RF1.CSE025,165,0,1994,0.12727272727272726,8,165,0
19,0,HK,0,class,0.08053411240739641,0.08430470102604137,G.RF1.CSE025,2,0,1994,0.5,8,2,0
17,0,HK,0,class,0.23372737087034617,0.08974127214310093,G.RF1.CSE025,5,0,1994,0.2,8,5,0
6,0,HK,0,class,0.1425231138685929,0.07920931771285475,G.RF1.CSE025,1,0,1994,0.0,8,1,0
11,0,HK,0,class,0.11220239850861599,0.09126405782666933,G.RF1.CSE025,61,0,1994,0.5901639344262295,8,60,0
3,0,HK,1,class,0.255805934971412,0.0848256983641366,G.RF1.CSE025,157,0,1994,0.1592356687898089,8,157,0
15,0,HK,0,class,0.7077119430212467,0.08869791056265215,G.RF1.CSE025,123,0,1994,0.0,8,123,0
0,0,HK,0,class,0.04558490694124693,0.09200702708991353,G.RF1.CSE025,7,0,1994,0.8571428571428571,8,7,0
9,0,HK,0,class,0.5832303604168028,0.08701631336058654,G.RF1.CSE025,164,0,1994,0.018292682926829267,8,164,0
5,0,HK,0,class,0.15679331528299334,0.08457755040386178,G.RF1.CSE025,1,0,1994,0.0,8,1,0
7,0,HK,0,class,0.7907764792618153,0.08928899818963196,G.RF1.CSE025,21,0,1994,0.0,8,21,0
all,0,HK,1,old,0.41387854146435193,0.08717890471367802,G.RF1.CSE025,919,0,1994,0.13166485310119697,8,918,0
all,0,HK,0,current,0.7619590627173235,0.08907484147209693,G.RF1.CSE025,22,0,1994,0.0,8,22,0
all,0,HK,0,tail,0.4022864076810139,0.08995916038940097,G.RF1.CSE025,49,0,1994,0.2857142857142857,8,49,0
22,0,HK,0,class,0.24879344832974648,0.42794716768036833,B.LIN.CSE1,21,0,1994,0.7619047619047619,8,21,0
16,1,HK,0,class,0.06511679406358994,0.4492054957792416,B.LIN.CSE1,8,0,1994,1.0,8,8,0
12,2,HK,0,class,0.23416378652496686,0.43283691522847445,B.LIN.CSE1,41,0,1994,0.8292682926829268,8,40,0
13,1,HK,0,class,0.490710279991814,0.435404653780075,B.LIN.CSE1,160,0,1994,0.31875,8,160,0
21,0,HK,0,class,0.1371492786903326,0.44627834848128145,B.LIN.CSE1,4,0,1994,1.0,8,4,0
4,1,HK,0,class,0.3574995868731761,0.44058408538220056,B.LIN.CSE1,165,0,1994,0.6484848484848484,8,165,0
19,0,HK,0,class,0.03693164648670999,0.4220005971304801,B.LIN.CSE1,2,0,1994,1.0,8,1,0
17,0,HK,0,class,0.1892276938930859,0.42470376007419974,B.LIN.CSE1,5,0,1994,0.8,8,5,0
6,0,HK,0,class,0.051721489488118444,0.4201056707402014,B.LIN.CSE1,1,0,1994,1.0,8,0,0
11,0,HK,1,class,0.09586908461982717,0.42445430452955596,B.LIN.CSE1,61,0,1994,1.0,8,61,0
3,0,HK,4,class,0.3061577170314636,0.4529206451660203,B.LIN.CSE1,157,0,1994,0.7834394904458599,8,157,0
15,0,HK,0,class,0.705253893100934,0.47223684949942735,B.LIN.CSE1,123,0,1994,0.10569105691056911,8,123,0
0,0,HK,0,class,0.10338024219248942,0.4402854570867792,B.LIN.CSE1,7,0,1994,1.0,8,7,0
9,0,HK,0,class,0.5597716485310413,0.4420721892340582,B.LIN.CSE1,164,0,1994,0.24390243902439024,8,164,0
5,0,HK,0,class,0.11506491663599283,0.45783376736779313,B.LIN.CSE1,1,0,1994,1.0,8,1,0
7,0,HK,0,class,0.7847101856064578,0.4244218694119586,B.LIN.CSE1,21,0,1994,0.0,8,21,0
all,5,HK,5,old,0.4218225524004483,0.44453528765381084,B.LIN.CSE1,919,0,1994,0.5125136017410229,8,916,0
all,0,HK,0,current,0.7542717642896185,0.4259405920463147,B.LIN.CSE1,22,0,1994,0.045454545454545456,8,22,0
all,1,HK,0,tail,0.3971203107942052,0.4330423316358694,B.LIN.CSE1,49,0,1994,0.5510204081632653,8,47,0
22,0,HK,0,class,0.24879344832974648,0.10698679192009208,B.LIN.CSE025,21,0,1994,0.23809523809523808,8,21,0
16,0,HK,0,class,0.06511679406358994,0.1123013739448104,B.LIN.CSE025,8,0,1994,0.875,8,8,0
12,0,HK,0,class,0.23416378652496686,0.10820922880711861,B.LIN.CSE025,41,0,1994,0.21951219512195122,8,40,0
13,0,HK,0,class,0.490710279991814,0.10885116344501874,B.LIN.CSE025,160,0,1994,0.05625,8,160,0
21,0,HK,0,class,0.1371492786903326,0.11156958712032033,B.LIN.CSE025,4,0,1994,0.25,8,4,0
4,0,HK,0,class,0.3574995868731761,0.11014602134555014,B.LIN.CSE025,165,0,1994,0.16363636363636364,8,165,0
19,0,HK,0,class,0.03693164648670999,0.10550014928262001,B.LIN.CSE025,2,0,1994,1.0,8,1,0
17,0,HK,0,class,0.1892276938930859,0.10617594001854995,B.LIN.CSE025,5,0,1994,0.4,8,5,0
6,0,HK,0,class,0.051721489488118444,0.10502641768505033,B.LIN.CSE025,1,0,1994,1.0,8,0,0
11,0,HK,0,class,0.09586908461982717,0.10611357613238899,B.LIN.CSE025,61,0,1994,0.6065573770491803,8,61,0
3,0,HK,1,class,0.3061577170314636,0.11323016129150507,B.LIN.CSE025,157,0,1994,0.18471337579617833,8,157,0
15,0,HK,0,class,0.705253893100934,0.11805921237485684,B.LIN.CSE025,123,0,1994,0.008130081300813009,8,123,0
0,0,HK,0,class,0.10338024219248942,0.1100713642716948,B.LIN.CSE025,7,0,1994,0.5714285714285714,8,7,0
9,0,HK,0,class,0.5597716485310413,0.11051804730851457,B.LIN.CSE025,164,0,1994,0.006097560975609756,8,164,0
5,0,HK,0,class,0.11506491663599283,0.11445844184194831,B.LIN.CSE025,1,0,1994,0.0,8,1,0
7,0,HK,0,class,0.7847101856064578,0.10610546735298965,B.LIN.CSE025,21,0,1994,0.0,8,21,0
all,0,HK,1,old,0.4218225524004483,0.11113382191345271,B.LIN.CSE025,919,0,1994,0.14689880304678998,8,916,0
all,0,HK,0,current,0.7542717642896185,0.10648514801157867,B.LIN.CSE025,22,0,1994,0.0,8,22,0
all,0,HK,0,tail,0.3971203107942052,0.10826058290896735,B.LIN.CSE025,49,0,1994,0.3469387755102041,8,47,0
22,0,HK,0,class,0.2471460115905444,0.4278985804428306,B.RF1.CSE1,21,0,1994,0.7619047619047619,8,21,0
16,1,HK,0,class,0.04643508411500186,0.4492054957792416,B.RF1.CSE1,8,0,1994,1.0,8,8,0
12,1,HK,0,class,0.24085050208038591,0.43389922855840407,B.RF1.CSE1,41,0,1994,0.8536585365853658,8,40,1
13,0,HK,0,class,0.4883453153056331,0.43517098970279167,B.RF1.CSE1,160,0,1994,0.30625,8,160,0
21,0,HK,0,class,0.18710678825135024,0.44627834848128145,B.RF1.CSE1,4,0,1994,1.0,8,4,0
4,1,HK,0,class,0.35382314168565887,0.44058408538220056,B.RF1.CSE1,165,0,1994,0.6363636363636364,8,165,0
19,0,HK,0,class,0.08774082462235604,0.42200059713048016,B.RF1.CSE1,2,0,1994,1.0,8,2,0
17,0,HK,0,class,0.1762702034243355,0.4247037600741998,B.RF1.CSE1,5,0,1994,1.0,8,5,0
6,0,HK,0,class,0.01770712306244926,0.42010567074020133,B.RF1.CSE1,1,0,1994,1.0,8,0,0
11,1,HK,0,class,0.10089415724265438,0.42478770861688536,B.RF1.CSE1,61,0,1994,1.0,8,61,3
3,2,HK,4,class,0.3016897369444171,0.4529961589049667,B.RF1.CSE1,157,0,1994,0.7834394904458599,8,157,0
15,0,HK,0,class,0.7071477690700779,0.4722368494994274,B.RF1.CSE1,123,0,1994,0.0975609756097561,8,123,0
0,0,HK,0,class,0.09197395304902801,0.4402854570867792,B.RF1.CSE1,7,0,1994,1.0,8,7,0
9,0,HK,0,class,0.5539775639846626,0.441840293856653,B.RF1.CSE1,164,0,1994,0.2621951219512195,8,164,0
5,0,HK,0,class,0.11011181307314222,0.45783376736779313,B.RF1.CSE1,1,0,1994,1.0,8,1,0
7,0,HK,0,class,0.7829654219164743,0.42237882329321363,B.RF1.CSE1,21,0,1994,0.0,8,21,0
all,6,HK,4,old,0.41977214289837794,0.4445345376283709,B.RF1.CSE1,919,0,1994,0.5125136017410229,8,917,4
all,0,HK,0,current,0.7523811669690502,0.42399041166024,B.RF1.CSE1,22,0,1994,0.045454545454545456,8,22,0
all,1,HK,0,tail,0.3957275706125828,0.4321667404421215,B.RF1.CSE1,49,0,1994,0.5714285714285714,8,48,0
22,0,HK,0,class,0.2471460115905444,0.10697464511070764,B.RF1.CSE025,21,0,1994,0.2857142857142857,8,21,0
16,0,HK,0,class,0.04643508411500186,0.1123013739448104,B.RF1.CSE025,8,0,1994,0.875,8,8,0
12,0,HK,0,class,0.24085050208038591,0.10847480713960102,B.RF1.CSE025,41,0,1994,0.2682926829268293,8,40,0
13,0,HK,0,class,0.4883453153056331,0.10879274742569792,B.RF1.CSE025,160,0,1994,0.04375,8,160,0
21,0,HK,0,class,0.18710678825135024,0.11156958712032035,B.RF1.CSE025,4,0,1994,0.25,8,4,0
4,1,HK,0,class,0.35382314168565887,0.11014602134555014,B.RF1.CSE025,165,0,1994,0.1696969696969697,8,165,0
19,0,HK,0,class,0.08774082462235604,0.10550014928262001,B.RF1.CSE025,2,0,1994,1.0,8,2,0
17,0,HK,0,class,0.1762702034243355,0.10617594001854991,B.RF1.CSE025,5,0,1994,0.4,8,5,0
6,0,HK,0,class,0.01770712306244926,0.10502641768505033,B.RF1.CSE025,1,0,1994,1.0,8,0,0
11,0,HK,0,class,0.10089415724265438,0.10619692715422134,B.RF1.CSE025,61,0,1994,0.5901639344262295,8,61,1
3,0,HK,2,class,0.3016897369444171,0.1132490397262417,B.RF1.CSE025,157,0,1994,0.21019108280254778,8,157,0
15,0,HK,0,class,0.7071477690700779,0.11805921237485686,B.RF1.CSE025,123,0,1994,0.008130081300813009,8,123,0
0,0,HK,0,class,0.09197395304902801,0.1100713642716948,B.RF1.CSE025,7,0,1994,0.7142857142857143,8,7,0
9,0,HK,0,class,0.5539775639846626,0.11046007346416326,B.RF1.CSE025,164,0,1994,0.012195121951219513,8,164,0
5,0,HK,0,class,0.11011181307314222,0.11445844184194831,B.RF1.CSE025,1,0,1994,1.0,8,1,0
7,0,HK,0,class,0.7829654219164743,0.10559470582330341,B.RF1.CSE025,21,0,1994,0.0,8,21,0
all,1,HK,2,old,0.41977214289837794,0.11113363440709273,B.RF1.CSE025,919,0,1994,0.15451577801958652,8,917,1
all,0,HK,0,current,0.7523811669690502,0.10599760291506001,B.RF1.CSE025,22,0,1994,0.045454545454545456,8,22,0
all,0,HK,0,tail,0.3957275706125828,0.10804168511053037,B.RF1.CSE025,49,0,1994,0.3877551020408163,8,48,0
22,0,HK,0,class,0.3273762949864493,0.35148677040995796,G.RF2.CSE1,21,0,1994,0.6190476190476191,8,20,0
16,0,HK,1,class,0.15253643907353048,0.3774672694709035,G.RF2.CSE1,8,0,1994,0.875,8,8,0
12,0,HK,0,class,0.36614719502887305,0.36293177019427375,G.RF2.CSE1,41,0,1994,0.5121951219512195,8,41,0
13,0,HK,0,class,0.6585143518570444,0.35465735344852095,G.RF2.CSE1,160,0,1994,0.13125,8,160,0
21,0,HK,0,class,0.2264470091164912,0.3524420597013482,G.RF2.CSE1,4,0,1994,1.0,8,4,0
4,3,HK,0,class,0.45211370664599676,0.33807098790584117,G.RF2.CSE1,165,0,1994,0.38181818181818183,8,165,0
19,0,HK,0,class,0.06612008957613584,0.3438395131393833,G.RF2.CSE1,2,0,1994,1.0,8,2,0
17,0,HK,0,class,0.3497996569848706,0.3593696427854084,G.RF2.CSE1,5,0,1994,0.6,8,5,0
6,0,HK,0,class,0.33613798760028113,0.316837270851419,G.RF2.CSE1,1,0,1994,0.0,8,0,0
11,2,HK,0,class,0.18375489426421857,0.3651441643767025,G.RF2.CSE1,61,0,1994,0.8852459016393442,8,61,0
3,0,HK,1,class,0.42131219094617645,0.3396784087628051,G.RF2.CSE1,157,0,1994,0.42038216560509556,8,157,0
15,0,HK,0,class,0.7900102355332309,0.35479774007726544,G.RF2.CSE1,123,0,1994,0.016260162601626018,8,123,0
0,0,HK,0,class,0.07439708380145652,0.3660331493061762,G.RF2.CSE1,7,0,1994,1.0,8,7,0
9,0,HK,0,class,0.688652680958425,0.3469470685416081,G.RF2.CSE1,164,0,1994,0.07317073170731707,8,164,0
5,0,HK,0,class,0.05226844958179924,0.3383102016154471,G.RF2.CSE1,1,0,1994,1.0,8,1,0
7,0,HK,0,class,0.8760356070024178,0.3586271704140725,G.RF2.CSE1,21,0,1994,0.0,8,21,0
all,5,HK,2,old,0.5377340498894376,0.3489925601051591,G.RF2.CSE1,919,0,1994,0.2992383025027203,8,917,0
all,0,HK,0,current,0.8385916453014808,0.3577036718323168,G.RF2.CSE1,22,0,1994,0.045454545454545456,8,22,0
all,0,HK,1,tail,0.4757806486525283,0.3604608924711031,G.RF2.CSE1,49,0,1994,0.4897959183673469,8,48,0
22,0,HK,0,class,0.3273762949864493,0.08787169260248949,G.RF2.CSE025,21,0,1994,0.19047619047619047,8,20,0
16,0,HK,0,class,0.15253643907353048,0.09436681736772588,G.RF2.CSE025,8,0,1994,0.625,8,8,0
12,0,HK,0,class,0.36614719502887305,0.09073294254856845,G.RF2.CSE025,41,0,1994,0.12195121951219512,8,41,0
13,0,HK,0,class,0.6585143518570444,0.08866433836213024,G.RF2.CSE025,160,0,1994,0.025,8,160,0
21,0,HK,0,class,0.2264470091164912,0.08811051492533704,G.RF2.CSE025,4,0,1994,0.25,8,4,0
4,1,HK,0,class,0.45211370664599676,0.08451774697646029,G.RF2.CSE025,165,0,1994,0.10909090909090909,8,165,0
19,0,HK,0,class,0.06612008957613584,0.08595987828484583,G.RF2.CSE025,2,0,1994,0.5,8,2,0
17,0,HK,0,class,0.3497996569848706,0.0898424106963521,G.RF2.CSE025,5,0,1994,0.2,8,5,0
6,0,HK,0,class,0.33613798760028113,0.07920931771285475,G.RF2.CSE025,1,0,1994,0.0,8,0,0
11,0,HK,0,class,0.18375489426421857,0.09128604109417561,G.RF2.CSE025,61,0,1994,0.3114754098360656,8,61,0
3,0,HK,0,class,0.42131219094617645,0.08491960219070128,G.RF2.CSE025,157,0,1994,0.11464968152866242,8,157,0
15,0,HK,0,class,0.7900102355332309,0.08869943501931636,G.RF2.CSE025,123,0,1994,0.0,8,123,0
0,0,HK,0,class,0.07439708380145652,0.09150828732654404,G.RF2.CSE025,7,0,1994,0.7142857142857143,8,7,0
9,0,HK,0,class,0.688652680958425,0.08673676713540203,G.RF2.CSE025,164,0,1994,0.006097560975609756,8,164,0
5,0,HK,0,class,0.05226844958179924,0.08457755040386178,G.RF2.CSE025,1,0,1994,1.0,8,1,0
7,0,HK,0,class,0.8760356070024178,0.08965679260351812,G.RF2.CSE025,21,0,1994,0.0,8,21,0
all,1,HK,0,old,0.5377340498894376,0.08724814002628976,G.RF2.CSE025,919,0,1994,0.08922742110990206,8,917,0
all,0,HK,0,current,0.8385916453014808,0.0894259179580792,G.RF2.CSE025,22,0,1994,0.045454545454545456,8,22,0
all,0,HK,0,tail,0.4757806486525283,0.09011522311777577,G.RF2.CSE025,49,0,1994,0.2857142857142857,8,48,0
22,0,HK,0,class,0.3932458639406778,0.4262842094119949,B.RF2.CSE1,21,0,1994,0.5714285714285714,8,21,0
16,0,HK,0,class,0.1646294502519655,0.4486922184206644,B.RF2.CSE1,8,0,1994,1.0,8,6,0
12,0,HK,0,class,0.5709936025918544,0.43020215305684456,B.RF2.CSE1,41,0,1994,0.36585365853658536,8,41,0
13,0,HK,0,class,0.733256364317802,0.4345431383747112,B.RF2.CSE1,160,0,1994,0.09375,8,159,0
21,0,HK,0,class,0.4138278328677186,0.43438816655670465,B.RF2.CSE1,4,0,1994,0.5,8,2,0
4,2,HK,0,class,0.5730214834681969,0.4405198983057796,B.RF2.CSE1,165,0,1994,0.3515151515151515,8,165,0
19,0,HK,0,class,0.08496049229198896,0.4220005971304801,B.RF2.CSE1,2,0,1994,1.0,8,0,0
17,0,HK,0,class,0.20092282876197037,0.42643890386331496,B.RF2.CSE1,5,0,1994,1.0,8,5,0
6,0,HK,0,class,0.12868882338315807,0.42010567074020133,B.RF2.CSE1,1,0,1994,1.0,8,0,0
11,0,HK,0,class,0.37537772473638625,0.42324165161951177,B.RF2.CSE1,61,0,1994,0.5737704918032787,8,59,0
3,0,HK,2,class,0.6138356085738417,0.4500618029392043,B.RF2.CSE1,157,0,1994,0.33121019108280253,8,157,0
15,0,HK,0,class,0.7533737300046435,0.4722368494994274,B.RF2.CSE1,123,0,1994,0.07317073170731707,8,123,0
0,0,HK,0,class,0.2809651972274692,0.4398472278063097,B.RF2.CSE1,7,0,1994,1.0,8,7,0
9,0,HK,0,class,0.739784242130643,0.43930570853071615,B.RF2.CSE1,164,0,1994,0.07317073170731707,8,164,0
5,0,HK,0,class,0.028887571857301952,0.4578337673677931,B.RF2.CSE1,1,0,1994,1.0,8,1,1
7,0,HK,0,class,0.9155607850618841,0.40829860001004326,B.RF2.CSE1,21,0,1994,0.0,8,21,0
all,2,HK,2,old,0.6344293878487337,0.4431055244000613,B.RF2.CSE1,919,0,1994,0.2535364526659412,8,909,0
all,0,HK,0,current,0.8752574571889485,0.4105501985263047,B.RF2.CSE1,22,0,1994,0.045454545454545456,8,22,1
all,0,HK,0,tail,0.5203671698778108,0.4251923828598518,B.RF2.CSE1,49,0,1994,0.5306122448979592,8,42,1
22,0,HK,0,class,0.3932458639406778,0.10657105235299873,B.RF2.CSE025,21,0,1994,0.19047619047619047,8,21,0
16,0,HK,0,class,0.1646294502519655,0.1121730546051661,B.RF2.CSE025,8,0,1994,0.25,8,6,0
12,0,HK,0,class,0.5709936025918544,0.10755053826421114,B.RF2.CSE025,41,0,1994,0.07317073170731707,8,41,0
13,0,HK,0,class,0.733256364317802,0.1086357845936778,B.RF2.CSE025,160,0,1994,0.0125,8,159,0
21,0,HK,0,class,0.4138278328677186,0.10859704163917619,B.RF2.CSE025,4,0,1994,0.25,8,2,0
4,0,HK,0,class,0.5730214834681969,0.1101299745764449,B.RF2.CSE025,165,0,1994,0.10303030303030303,8,165,0
19,0,HK,0,class,0.08496049229198896,0.10550014928262005,B.RF2.CSE025,2,0,1994,1.0,8,0,0
17,0,HK,0,class,0.20092282876197037,0.10660972596582874,B.RF2.CSE025,5,0,1994,0.4,8,5,0
6,0,HK,0,class,0.12868882338315807,0.10502641768505033,B.RF2.CSE025,1,0,1994,0.0,8,0,0
11,0,HK,0,class,0.37537772473638625,0.10581041290487796,B.RF2.CSE025,61,0,1994,0.21311475409836064,8,59,0
3,0,HK,0,class,0.6138356085738417,0.11251545073480106,B.RF2.CSE025,157,0,1994,0.05732484076433121,8,157,0
15,0,HK,0,class,0.7533737300046435,0.11805921237485686,B.RF2.CSE025,123,0,1994,0.0,8,123,0
0,0,HK,0,class,0.2809651972274692,0.10996180695157742,B.RF2.CSE025,7,0,1994,0.14285714285714285,8,7,0
9,0,HK,0,class,0.739784242130643,0.10982642713267904,B.RF2.CSE025,164,0,1994,0.006097560975609756,8,164,0
5,0,HK,0,class,0.028887571857301952,0.11445844184194826,B.RF2.CSE025,1,0,1994,1.0,8,1,0
7,0,HK,0,class,0.9155607850618841,0.10207465000251084,B.RF2.CSE025,21,0,1994,0.0,8,21,0
all,0,HK,0,old,0.6344293878487337,0.11077638110001531,B.RF2.CSE025,919,0,1994,0.062023939064200215,8,909,0
all,0,HK,0,current,0.8752574571889485,0.10263754963157616,B.RF2.CSE025,22,0,1994,0.045454545454545456,8,22,0
all,0,HK,0,tail,0.5203671698778108,0.10629809571496297,B.RF2.CSE025,49,0,1994,0.1836734693877551,8,42,0
22,0,HK,0,class,0.21342699056004882,0.35193664216385506,G.RF1.CSEperm1,21,0,1994,0.7142857142857143,8,21,0
16,0,HK,0,class,0.09709550943552922,0.3716016142767353,G.RF1.CSEperm1,8,0,1994,1.0,8,8,0
12,0,HK,0,class,0.26950285344982416,0.3648419441047569,G.RF1.CSEperm1,41,0,1994,0.6829268292682927,8,41,0
13,0,HK,0,class,0.4985936662957817,0.35826760770100863,G.RF1.CSEperm1,160,0,1994,0.2375,8,160,0
21,0,HK,0,class,0.0952119948701217,0.363149964083868,G.RF1.CSEperm1,4,0,1994,1.0,8,4,0
4,0,HK,2,class,0.31754332369161026,0.3385188588307155,G.RF1.CSEperm1,165,0,1994,0.5515151515151515,8,165,0
19,0,HK,0,class,0.08053411240739641,0.3484216343533991,G.RF1.CSEperm1,2,0,1994,1.0,8,2,0
17,0,HK,0,class,0.23372737087034617,0.3593595215041557,G.RF1.CSEperm1,5,0,1994,0.8,8,5,0
6,0,HK,0,class,0.1425231138685929,0.31955873077419805,G.RF1.CSEperm1,1,0,1994,1.0,8,1,0
11,0,HK,1,class,0.11220239850861599,0.3628169394594173,G.RF1.CSEperm1,61,0,1994,1.0,8,60,0
3,4,HK,0,class,0.255805934971412,0.33813140778775447,G.RF1.CSEperm1,157,0,1994,0.7070063694267515,8,157,0
15,0,HK,0,class,0.7077119430212467,0.35291554318078994,G.RF1.CSEperm1,123,0,1994,0.056910569105691054,8,123,0
0,0,HK,1,class,0.04558490694124693,0.3652725814658769,G.RF1.CSEperm1,7,0,1994,1.0,8,7,0
9,0,HK,0,class,0.5832303604168028,0.3476201809849338,G.RF1.CSEperm1,164,0,1994,0.12804878048780488,8,164,0
5,0,HK,0,class,0.15679331528299334,0.3171354418518962,G.RF1.CSEperm1,1,0,1994,1.0,8,1,0
7,0,HK,0,class,0.7907764792618153,0.36170597418115386,G.RF1.CSEperm1,21,0,1994,0.0,8,21,0
all,4,HK,4,old,0.41387854146435193,0.34924910163574097,G.RF1.CSEperm1,919,0,1994,0.43307943416757344,8,918,0
all,0,HK,0,current,0.7619590627173235,0.3596800408934604,G.RF1.CSEperm1,22,0,1994,0.045454545454545456,8,22,0
all,0,HK,1,tail,0.4022864076810139,0.3613975785197632,G.RF1.CSEperm1,49,0,1994,0.5510204081632653,8,49,0
22,1,HK,0,class,0.2471460115905444,0.4268818662657177,B.RF1.CSEperm1,21,0,1994,0.7619047619047619,8,21,0
16,0,HK,1,class,0.04643508411500186,0.4292880148906857,B.RF1.CSEperm1,8,0,1994,1.0,8,8,1
12,1,HK,0,class,0.24085050208038591,0.4291659242643204,B.RF1.CSEperm1,41,0,1994,0.8536585365853658,8,40,1
13,0,HK,1,class,0.4883453153056331,0.3962253507459748,B.RF1.CSEperm1,160,0,1994,0.275,8,160,0
21,0,HK,0,class,0.18710678825135024,0.42928533012012726,B.RF1.CSEperm1,4,0,1994,1.0,8,4,0
4,11,HK,0,class,0.35382314168565887,0.4220913538559673,B.RF1.CSEperm1,165,0,1994,0.6242424242424243,8,165,0
19,0,HK,0,class,0.08774082462235604,0.4102371086211513,B.RF1.CSEperm1,2,0,1994,1.0,8,2,0
17,0,HK,1,class,0.1762702034243355,0.4220689277459685,B.RF1.CSEperm1,5,0,1994,1.0,8,5,0
6,0,HK,0,class,0.01770712306244926,0.42707380813124735,B.RF1.CSEperm1,1,0,1994,1.0,8,0,0
11,2,HK,5,class,0.10089415724265438,0.42426398010072736,B.RF1.CSEperm1,61,0,1994,1.0,8,61,2
3,0,HK,25,class,0.3016897369444171,0.44145688543876976,B.RF1.CSEperm1,157,0,1994,0.7707006369426752,8,157,0
15,1,HK,0,class,0.7071477690700779,0.40623306687390315,B.RF1.CSEperm1,123,0,1994,0.0975609756097561,8,123,0
0,0,HK,0,class,0.09197395304902801,0.42283444233153017,B.RF1.CSEperm1,7,0,1994,1.0,8,7,0
9,0,HK,2,class,0.5539775639846626,0.4220854882523153,B.RF1.CSEperm1,164,0,1994,0.25,8,164,0
5,0,HK,0,class,0.11011181307314222,0.38858283287204015,B.RF1.CSEperm1,1,0,1994,1.0,8,1,0
7,0,HK,0,class,0.7829654219164743,0.4378666968977327,B.RF1.CSEperm1,21,0,1994,0.0,8,21,0
all,16,HK,35,old,0.41977214289837794,0.41942127518056466,B.RF1.CSEperm1,919,0,1994,0.500544069640914,8,917,4
all,0,HK,0,current,0.7523811669690502,0.4356265212602011,B.RF1.CSEperm1,22,0,1994,0.045454545454545456,8,22,0
all,0,HK,2,tail,0.3957275706125828,0.42965229934192906,B.RF1.CSEperm1,49,0,1994,0.5714285714285714,8,48,1
22,0,HK,0,class,0.19547156120385645,0.34868349193549075,G.LIN.CSE1,21,0,1994,0.7619047619047619,9,21,0
16,0,HK,0,class,0.10354902754370457,0.37746726968179206,G.LIN.CSE1,8,0,1994,1.0,9,8,0
12,0,HK,0,class,0.23732004237323034,0.3623109721365879,G.LIN.CSE1,41,0,1994,0.7560975609756098,9,41,1
13,0,HK,0,class,0.48422199569851976,0.3533449417421238,G.LIN.CSE1,160,0,1994,0.25,9,159,1
21,0,HK,0,class,0.08715539307034288,0.35214377825500415,G.LIN.CSE1,4,0,1994,1.0,9,4,0
4,5,HK,0,class,0.3185489722647634,0.3365635824926106,G.LIN.CSE1,165,0,1994,0.5454545454545454,9,165,0
19,0,HK,0,class,0.06265029282392803,0.34168906781156694,G.LIN.CSE1,2,0,1994,1.0,9,0,0
17,0,HK,0,class,0.12262897358002212,0.35936964731688253,G.LIN.CSE1,5,0,1994,1.0,9,5,0
6,0,HK,0,class,0.05592762946938318,0.31520918626070293,G.LIN.CSE1,1,0,1994,1.0,9,0,0
11,3,HK,0,class,0.10132182504617884,0.3651950691562478,G.LIN.CSE1,61,0,1994,1.0,9,61,2
3,0,HK,6,class,0.2603038670390809,0.3381015309671169,G.LIN.CSE1,157,0,1994,0.7006369426751592,9,157,0
15,0,HK,0,class,0.7038550190254184,0.35489626202993513,G.LIN.CSE1,123,0,1994,0.06504065040650407,9,123,0
0,0,HK,0,class,0.04866497054968964,0.3680281079844438,G.LIN.CSE1,7,0,1994,1.0,9,7,2
9,0,HK,0,class,0.5722028985779593,0.3474788213549169,G.LIN.CSE1,164,0,1994,0.12804878048780488,9,164,0
5,0,HK,0,class,0.16260982606759208,0.3383101965545542,G.LIN.CSE1,1,0,1994,1.0,9,1,0
7,0,HK,0,class,0.6386504324481019,0.35581476208255547,G.LIN.CSE1,21,0,1994,0.047619047619047616,9,21,0
18,0,HK,0,class,0.09500852335910086,0.3571288412512056,G.LIN.CSE1,33,0,1994,1.0,9,30,0
1,0,HK,0,class,0.5219876773493568,0.35288214392676553,G.LIN.CSE1,113,0,1994,0.17699115044247787,9,113,0
all,8,HK,6,old,0.41149969818796056,0.3484094126202389,G.LIN.CSE1,941,0,1994,0.4314558979808714,9,937,6
all,0,HK,0,current,0.4254786904885455,0.3538420138699609,G.LIN.CSE1,146,0,1994,0.363013698630137,9,143,0
all,0,HK,0,tail,0.32421041993824323,0.35939522010452907,G.LIN.CSE1,49,0,1994,0.5918367346938775,9,46,2
22,0,HK,0,class,0.19547156120385645,0.08717087298387269,G.LIN.CSE025,21,0,1994,0.3333333333333333,9,21,0
16,0,HK,0,class,0.10354902754370457,0.09436681742044803,G.LIN.CSE025,8,0,1994,0.625,9,8,0
12,0,HK,0,class,0.23732004237323034,0.09057774303414699,G.LIN.CSE025,41,0,1994,0.17073170731707318,9,41,0
13,0,HK,0,class,0.48422199569851976,0.08833623543553094,G.LIN.CSE025,160,0,1994,0.05625,9,159,0
21,0,HK,0,class,0.08715539307034288,0.08803594456375102,G.LIN.CSE025,4,0,1994,0.5,9,4,0
4,1,HK,0,class,0.3185489722647634,0.08414089562315265,G.LIN.CSE025,165,0,1994,0.1393939393939394,9,165,0
19,0,HK,0,class,0.06265029282392803,0.08542226695289173,G.LIN.CSE025,2,0,1994,0.5,9,0,0
17,0,HK,0,class,0.12262897358002212,0.08984241182922065,G.LIN.CSE025,5,0,1994,0.4,9,5,0
6,0,HK,0,class,0.05592762946938318,0.07880229656517573,G.LIN.CSE025,1,0,1994,1.0,9,0,0
11,2,HK,0,class,0.10132182504617884,0.09129876728906194,G.LIN.CSE025,61,0,1994,0.5573770491803278,9,61,1
3,0,HK,1,class,0.2603038670390809,0.08452538274177923,G.LIN.CSE025,157,0,1994,0.17197452229299362,9,157,0
15,0,HK,0,class,0.7038550190254184,0.0887240655074838,G.LIN.CSE025,123,0,1994,0.0,9,123,0
0,0,HK,0,class,0.04866497054968964,0.09200702699611095,G.LIN.CSE025,7,0,1994,1.0,9,7,0
9,0,HK,0,class,0.5722028985779593,0.08686970533872923,G.LIN.CSE025,164,0,1994,0.012195121951219513,9,164,0
5,0,HK,0,class,0.16260982606759208,0.08457754913863855,G.LIN.CSE025,1,0,1994,0.0,9,1,0
7,0,HK,0,class,0.6386504324481019,0.08895369052063887,G.LIN.CSE025,21,0,1994,0.0,9,21,0
18,0,HK,0,class,0.09500852335910086,0.0892822103128014,G.LIN.CSE025,33,0,1994,0.6060606060606061,9,30,0
1,0,HK,0,class,0.5219876773493568,0.08822053598169138,G.LIN.CSE025,113,0,1994,0.008849557522123894,9,113,0
all,3,HK,1,old,0.41149969818796056,0.08710235315505972,G.LIN.CSE025,941,0,1994,0.13496280552603612,9,937,1
all,0,HK,0,current,0.4254786904885455,0.08846050346749022,G.LIN.CSE025,146,0,1994,0.14383561643835616,9,143,0
all,0,HK,0,tail,0.32421041993824323,0.08984880502613227,G.LIN.CSE025,49,0,1994,0.3673469387755102,9,46,0
22,0,HK,0,class,0.1864704014441299,0.34891700394112873,G.RF1.CSE1,21,0,1994,0.7619047619047619,9,21,0
16,0,HK,1,class,0.09025069055364732,0.3774672696817921,G.RF1.CSE1,8,0,1994,1.0,9,8,0
12,0,HK,0,class,0.25313323167676255,0.36291997764156886,G.RF1.CSE1,41,0,1994,0.7073170731707317,9,41,0
13,0,HK,1,class,0.4680493303101202,0.3533695447192732,G.RF1.CSE1,160,0,1994,0.25625,9,159,0
21,0,HK,0,class,0.08541411887671582,0.3521437782550041,G.RF1.CSE1,4,0,1994,1.0,9,4,0
4,6,HK,0,class,0.2975659185392738,0.3365729681239827,G.RF1.CSE1,165,0,1994,0.6060606060606061,9,165,0
19,0,HK,0,class,0.05221533486080432,0.3372188103996805,G.RF1.CSE1,2,0,1994,1.0,9,0,0
17,1,HK,0,class,0.12635295410479339,0.35896509496820883,G.RF1.CSE1,5,0,1994,1.0,9,5,0
6,0,HK,0,class,0.03891220589745592,0.31520918626070293,G.RF1.CSE1,1,0,1994,1.0,9,1,0
11,2,HK,0,class,0.10405172579860417,0.3650562316995952,G.RF1.CSE1,61,0,1994,1.0,9,60,0
3,0,HK,6,class,0.23922021838169813,0.33855931942190665,G.RF1.CSE1,157,0,1994,0.7515923566878981,9,157,0
15,0,HK,0,class,0.694957422271161,0.35429324461780176,G.RF1.CSE1,123,0,1994,0.056910569105691054,9,123,0
0,0,HK,0,class,0.043423577822175305,0.36802810798444385,G.RF1.CSE1,7,0,1994,1.0,9,7,1
9,0,HK,0,class,0.5659878308309901,0.3480055533425281,G.RF1.CSE1,164,0,1994,0.15853658536585366,9,164,0
5,0,HK,0,class,0.14878062304236864,0.3383101965545542,G.RF1.CSE1,1,0,1994,1.0,9,1,0
7,0,HK,0,class,0.6465740777275499,0.35529368166744774,G.RF1.CSE1,21,0,1994,0.047619047619047616,9,21,0
18,0,HK,0,class,0.08395016468309187,0.3564011470385542,G.RF1.CSE1,33,0,1994,1.0,9,30,2
1,0,HK,0,class,0.5092972619571821,0.3517979850717939,G.RF1.CSE1,113,0,1994,0.22123893805309736,9,113,0
all,9,HK,8,old,0.3999539617843839,0.3485040658879121,G.RF1.CSE1,941,0,1994,0.4537725823591923,9,937,1
all,0,HK,0,current,0.41315716462810687,0.3528384257903082,G.RF1.CSE1,146,0,1994,0.3972602739726027,9,143,2
all,1,HK,1,tail,0.3238687948194943,0.35894815958852083,G.RF1.CSE1,49,0,1994,0.5918367346938775,9,47,1
22,0,HK,0,class,0.1864704014441299,0.08722925098528218,G.RF1.CSE025,21,0,1994,0.47619047619047616,9,21,0
16,0,HK,0,class,0.09025069055364732,0.09436681742044803,G.RF1.CSE025,8,0,1994,0.5,9,8,0
12,0,HK,0,class,0.25313323167676255,0.09072999441039221,G.RF1.CSE025,41,0,1994,0.1951219512195122,9,41,0
13,0,HK,0,class,0.4680493303101202,0.08834238617981828,G.RF1.CSE025,160,0,1994,0.05,9,159,0
21,0,HK,0,class,0.08541411887671582,0.08803594456375105,G.RF1.CSE025,4,0,1994,0.5,9,4,0
4,0,HK,0,class,0.2975659185392738,0.08414324203099567,G.RF1.CSE025,165,0,1994,0.12727272727272726,9,165,0
19,0,HK,0,class,0.05221533486080432,0.08430470259992012,G.RF1.CSE025,2,0,1994,1.0,9,0,0
17,0,HK,0,class,0.12635295410479339,0.0897412737420522,G.RF1.CSE025,5,0,1994,0.4,9,5,0
6,0,HK,0,class,0.03891220589745592,0.07880229656517573,G.RF1.CSE025,1,0,1994,1.0,9,1,0
11,0,HK,0,class,0.10405172579860417,0.0912640579248988,G.RF1.CSE025,61,0,1994,0.6065573770491803,9,60,0
3,0,HK,2,class,0.23922021838169813,0.08463982985547666,G.RF1.CSE025,157,0,1994,0.17834394904458598,9,157,0
15,0,HK,0,class,0.694957422271161,0.08857331115445043,G.RF1.CSE025,123,0,1994,0.0,9,123,0
0,0,HK,0,class,0.043423577822175305,0.09200702699611095,G.RF1.CSE025,7,0,1994,0.7142857142857143,9,7,0
9,0,HK,0,class,0.5659878308309901,0.08700138833563202,G.RF1.CSE025,164,0,1994,0.018292682926829267,9,164,0
5,0,HK,0,class,0.14878062304236864,0.08457754913863855,G.RF1.CSE025,1,0,1994,0.0,9,1,0
7,0,HK,0,class,0.6465740777275499,0.08882342041686193,G.RF1.CSE025,21,0,1994,0.0,9,21,0
18,0,HK,0,class,0.08395016468309187,0.08910028675963855,G.RF1.CSE025,33,0,1994,0.6060606060606061,9,30,1
1,0,HK,0,class,0.5092972619571821,0.08794949626794847,G.RF1.CSE025,113,0,1994,0.008849557522123894,9,113,0
all,0,HK,2,old,0.3999539617843839,0.08712601647197803,G.RF1.CSE025,941,0,1994,0.1392136025504782,9,937,0
all,0,HK,0,current,0.41315716462810687,0.08820960644757705,G.RF1.CSE025,146,0,1994,0.14383561643835616,9,143,1
all,0,HK,0,tail,0.3238687948194943,0.08973703989713021,G.RF1.CSE025,49,0,1994,0.32653061224489793,9,47,0
22,0,HK,0,class,0.21998335947653386,0.4259509091849087,B.LIN.CSE1,21,0,1994,0.8095238095238095,9,21,0
16,1,HK,0,class,0.06198418186426109,0.4492054851354899,B.LIN.CSE1,8,0,1994,1.0,9,8,0
12,1,HK,0,class,0.21680646098958112,0.4328644153554879,B.LIN.CSE1,41,0,1994,0.9024390243902439,9,40,1
13,1,HK,0,class,0.4594537292873314,0.4346534335420131,B.LIN.CSE1,160,0,1994,0.39375,9,159,0
21,0,HK,0,class,0.1230240014756186,0.4462783434090045,B.LIN.CSE1,4,0,1994,1.0,9,3,0
4,2,HK,0,class,0.3379892891491467,0.44058408522496356,B.LIN.CSE1,165,0,1994,0.6727272727272727,9,165,0
19,0,HK,0,class,0.010518970846376152,0.41640158691473417,B.LIN.CSE1,2,0,1994,1.0,9,1,0
17,0,HK,0,class,0.08557841332560696,0.4247037446060272,B.LIN.CSE1,5,0,1994,1.0,9,5,0
6,0,HK,0,class,0.009147594476603071,0.42010565137936445,B.LIN.CSE1,1,0,1994,1.0,9,0,0
11,4,HK,1,class,0.08816668392406526,0.42451263537991674,B.LIN.CSE1,61,0,1994,1.0,9,61,1
3,0,HK,2,class,0.28877308860706125,0.4529206462854664,B.LIN.CSE1,157,0,1994,0.821656050955414,9,157,0
15,0,HK,0,class,0.6931423740988095,0.4722368519015834,B.LIN.CSE1,123,0,1994,0.10569105691056911,9,123,0
0,0,HK,0,class,0.10083129930339489,0.44028544486896937,B.LIN.CSE1,7,0,1994,1.0,9,7,0
9,0,HK,0,class,0.541643171813967,0.4415376408436724,B.LIN.CSE1,164,0,1994,0.3170731707317073,9,164,0
5,0,HK,1,class,0.10500104058904347,0.4578337728812703,B.LIN.CSE1,1,0,1994,1.0,9,1,0
7,0,HK,0,class,0.6399428804081003,0.42483733560473835,B.LIN.CSE1,21,0,1994,0.0,9,21,0
18,0,HK,1,class,0.09090528083341216,0.4267654886572828,B.LIN.CSE1,33,0,1994,1.0,9,30,1
1,0,HK,0,class,0.4785763686898212,0.4177060654563677,B.LIN.CSE1,113,0,1994,0.40707964601769914,9,113,0
all,9,HK,4,old,0.4073185412915833,0.4438374626951878,B.LIN.CSE1,941,0,1994,0.5430393198724761,9,936,2
all,0,HK,1,current,0.3909520817085781,0.4197537433031499,B.LIN.CSE1,146,0,1994,0.541095890410959,9,143,1
all,1,HK,1,tail,0.32031974873258917,0.4329918517882137,B.LIN.CSE1,49,0,1994,0.5714285714285714,9,46,0
22,0,HK,0,class,0.21998335947653386,0.10648772729622716,B.LIN.CSE025,21,0,1994,0.3333333333333333,9,21,0
16,0,HK,0,class,0.06198418186426109,0.11230137128387249,B.LIN.CSE025,8,0,1994,0.875,9,8,0
12,0,HK,0,class,0.21680646098958112,0.10821610383887195,B.LIN.CSE025,41,0,1994,0.21951219512195122,9,40,1
13,0,HK,0,class,0.4594537292873314,0.10866335838550326,B.LIN.CSE025,160,0,1994,0.0625,9,159,0
21,0,HK,0,class,0.1230240014756186,0.11156958585225113,B.LIN.CSE025,4,0,1994,0.25,9,3,0
4,1,HK,0,class,0.3379892891491467,0.11014602130624092,B.LIN.CSE025,165,0,1994,0.16363636363636364,9,165,0
19,0,HK,0,class,0.010518970846376152,0.10410039672868356,B.LIN.CSE025,2,0,1994,1.0,9,1,0
17,0,HK,0,class,0.08557841332560696,0.1061759361515068,B.LIN.CSE025,5,0,1994,0.8,9,5,0
6,0,HK,0,class,0.009147594476603071,0.1050264128448411,B.LIN.CSE025,1,0,1994,1.0,9,0,0
11,1,HK,1,class,0.08816668392406526,0.10612815884497918,B.LIN.CSE025,61,0,1994,0.6557377049180327,9,61,0
3,0,HK,0,class,0.28877308860706125,0.1132301615713666,B.LIN.CSE025,157,0,1994,0.21656050955414013,9,157,0
15,0,HK,0,class,0.6931423740988095,0.11805921297539584,B.LIN.CSE025,123,0,1994,0.008130081300813009,9,123,0
0,0,HK,0,class,0.10083129930339489,0.11007136121724234,B.LIN.CSE025,7,0,1994,0.5714285714285714,9,7,0
9,0,HK,0,class,0.541643171813967,0.1103844102109181,B.LIN.CSE025,164,0,1994,0.006097560975609756,9,164,0
5,0,HK,0,class,0.10500104058904347,0.11445844322031756,B.LIN.CSE025,1,0,1994,1.0,9,1,0
7,0,HK,0,class,0.6399428804081003,0.10620933390118462,B.LIN.CSE025,21,0,1994,0.0,9,21,0
18,0,HK,0,class,0.09090528083341216,0.1066913721643207,B.LIN.CSE025,33,0,1994,0.696969696969697,9,30,1
1,0,HK,0,class,0.4785763686898212,0.10442651636409192,B.LIN.CSE025,113,0,1994,0.0,9,113,0
all,2,HK,1,old,0.4073185412915833,0.11095936567379697,B.LIN.CSE025,941,0,1994,0.15834218916046758,9,936,1
all,0,HK,0,current,0.3909520817085781,0.10493843582578748,B.LIN.CSE025,146,0,1994,0.15753424657534246,9,143,1
all,0,HK,0,tail,0.32031974873258917,0.10824796294705342,B.LIN.CSE025,49,0,1994,0.40816326530612246,9,46,0
22,0,HK,0,class,0.21815550818107113,0.4273729301192305,B.RF1.CSE1,21,0,1994,0.8095238095238095,9,21,0
16,1,HK,0,class,0.044026126804245655,0.4492054851354899,B.RF1.CSE1,8,0,1994,1.0,9,8,0
12,1,HK,0,class,0.22508576696856486,0.4338992181974661,B.RF1.CSE1,41,0,1994,0.9024390243902439,9,40,1
13,1,HK,0,class,0.4567204284056817,0.4345157067882731,B.RF1.CSE1,160,0,1994,0.39375,9,159,0
21,0,HK,0,class,0.17147112101763257,0.4462783434090045,B.RF1.CSE1,4,0,1994,1.0,9,4,0
4,1,HK,0,class,0.33479440135937405,0.4403690240537411,B.RF1.CSE1,165,0,1994,0.6666666666666666,9,165,0
19,0,HK,0,class,0.027314256306447765,0.41640158691473417,B.RF1.CSE1,2,0,1994,1.0,9,2,0
17,1,HK,0,class,0.08443660414232963,0.4247037446060272,B.RF1.CSE1,5,0,1994,1.0,9,5,0
6,0,HK,0,class,0.01901229625859538,0.4201056513793644,B.RF1.CSE1,1,0,1994,1.0,9,0,0
11,0,HK,0,class,0.09370882640513503,0.4244288620959389,B.RF1.CSE1,61,0,1994,1.0,9,61,3
3,2,HK,5,class,0.28221485776354377,0.45301386667942145,B.RF1.CSE1,157,0,1994,0.8407643312101911,9,157,0
15,0,HK,1,class,0.694704923804684,0.4722368519015834,B.RF1.CSE1,123,0,1994,0.11382113821138211,9,123,0
0,0,HK,0,class,0.08996041932952405,0.4402854448689693,B.RF1.CSE1,7,0,1994,1.0,9,7,0
9,0,HK,0,class,0.5343243802452,0.44138534735466417,B.RF1.CSE1,164,0,1994,0.31097560975609756,9,164,0
5,0,HK,1,class,0.10740270292149934,0.4578337728812703,B.RF1.CSE1,1,0,1994,1.0,9,1,0
7,0,HK,0,class,0.6505367369812626,0.4221759225761449,B.RF1.CSE1,21,0,1994,0.047619047619047616,9,21,0
18,1,HK,1,class,0.08589539295664406,0.42746789803603225,B.RF1.CSE1,33,0,1994,1.0,9,30,1
1,0,HK,0,class,0.4792451638601539,0.4177302321463888,B.RF1.CSE1,113,0,1994,0.3893805309734513,9,113,0
all,7,HK,7,old,0.4050587846943892,0.44377734325631674,B.RF1.CSE1,941,0,1994,0.5462274176408076,9,938,4
all,1,HK,1,current,0.39033733892990846,0.41993121142281514,B.RF1.CSE1,146,0,1994,0.5273972602739726,9,143,1
all,2,HK,1,tail,0.32514927434535335,0.4318512462045307,B.RF1.CSE1,49,0,1994,0.5918367346938775,9,48,0
22,0,HK,0,class,0.21815550818107113,0.10684323252980762,B.RF1.CSE025,21,0,1994,0.38095238095238093,9,21,0
16,0,HK,0,class,0.044026126804245655,0.11230137128387249,B.RF1.CSE025,8,0,1994,1.0,9,8,0
12,0,HK,0,class,0.22508576696856486,0.10847480454936655,B.RF1.CSE025,41,0,1994,0.2682926829268293,9,40,0
13,1,HK,0,class,0.4567204284056817,0.10862892669706828,B.RF1.CSE025,160,0,1994,0.05,9,159,0
21,0,HK,0,class,0.17147112101763257,0.11156958585225113,B.RF1.CSE025,4,0,1994,0.25,9,4,0
4,1,HK,0,class,0.33479440135937405,0.11009225601343528,B.RF1.CSE025,165,0,1994,0.1696969696969697,9,165,0
19,0,HK,0,class,0.027314256306447765,0.10410039672868356,B.RF1.CSE025,2,0,1994,1.0,9,2,0
17,0,HK,0,class,0.08443660414232963,0.10617593615150682,B.RF1.CSE025,5,0,1994,0.8,9,5,0
6,0,HK,0,class,0.01901229625859538,0.1050264128448411,B.RF1.CSE025,1,0,1994,1.0,9,0,0
11,0,HK,0,class,0.09370882640513503,0.10610721552398474,B.RF1.CSE025,61,0,1994,0.639344262295082,9,61,1
3,1,HK,3,class,0.28221485776354377,0.11325346666985536,B.RF1.CSE025,157,0,1994,0.21656050955414013,9,157,0
15,0,HK,0,class,0.694704923804684,0.11805921297539584,B.RF1.CSE025,123,0,1994,0.008130081300813009,9,123,0
0,0,HK,0,class,0.08996041932952405,0.11007136121724234,B.RF1.CSE025,7,0,1994,0.7142857142857143,9,7,0
9,0,HK,0,class,0.5343243802452,0.11034633683866604,B.RF1.CSE025,164,0,1994,0.012195121951219513,9,164,0
5,0,HK,0,class,0.10740270292149934,0.11445844322031756,B.RF1.CSE025,1,0,1994,1.0,9,1,0
7,0,HK,0,class,0.6505367369812626,0.10554398064403621,B.RF1.CSE025,21,0,1994,0.0,9,21,0
18,0,HK,0,class,0.08589539295664406,0.10686697450900806,B.RF1.CSE025,33,0,1994,0.6363636363636364,9,30,0
1,0,HK,0,class,0.4792451638601539,0.10443255803659722,B.RF1.CSE025,113,0,1994,0.008849557522123894,9,113,0
all,3,HK,3,old,0.4050587846943892,0.11094433581407917,B.RF1.CSE025,941,0,1994,0.16259298618490967,9,938,1
all,0,HK,0,current,0.39033733892990846,0.10498280285570377,B.RF1.CSE025,146,0,1994,0.1506849315068493,9,143,0
all,0,HK,0,tail,0.32514927434535335,0.10796281155113267,B.RF1.CSE025,49,0,1994,0.4489795918367347,9,48,0
22,0,HK,0,class,0.2771226027592621,0.35104017620985534,G.RF2.CSE1,21,0,1994,0.6666666666666666,9,20,0
16,0,HK,1,class,0.1418730115341202,0.37746726968179206,G.RF2.CSE1,8,0,1994,0.875,9,8,0
12,0,HK,0,class,0.35282829560774726,0.36288688570686045,G.RF2.CSE1,41,0,1994,0.5609756097560976,9,41,0
13,0,HK,0,class,0.6174250482815177,0.35414108637702135,G.RF2.CSE1,160,0,1994,0.1625,9,160,2
21,0,HK,0,class,0.1951514924733217,0.3517422998345995,G.RF2.CSE1,4,0,1994,1.0,9,4,0
4,6,HK,0,class,0.4342867073902824,0.3377392502625002,G.RF2.CSE1,165,0,1994,0.4,9,165,0
19,0,HK,0,class,0.06232759362999547,0.3434502698396363,G.RF2.CSE1,2,0,1994,1.0,9,1,0
17,1,HK,0,class,0.11916997354614059,0.35936964731688265,G.RF2.CSE1,5,0,1994,0.8,9,5,0
6,0,HK,0,class,0.017180526321498746,0.31520918626070293,G.RF2.CSE1,1,0,1994,1.0,9,0,0
11,1,HK,0,class,0.17381013084835886,0.36491940070759765,G.RF2.CSE1,61,0,1994,0.9016393442622951,9,60,0
3,0,HK,3,class,0.39892048111967227,0.33941634967822404,G.RF2.CSE1,157,0,1994,0.43312101910828027,9,157,0
15,0,HK,0,class,0.7858960198923275,0.3545882640725168,G.RF2.CSE1,123,0,1994,0.016260162601626018,9,123,0
0,0,HK,0,class,0.07807430933571705,0.3660331500352746,G.RF2.CSE1,7,0,1994,1.0,9,7,0
9,0,HK,0,class,0.678320286348715,0.3464509077221099,G.RF2.CSE1,164,0,1994,0.07926829268292683,9,164,0
5,0,HK,0,class,0.06371565033821855,0.3383101965545542,G.RF2.CSE1,1,0,1994,1.0,9,1,0
7,0,HK,0,class,0.7671306333320106,0.35461281570335557,G.RF2.CSE1,21,0,1994,0.0,9,21,0
18,1,HK,0,class,0.17892884620175004,0.3575436042196864,G.RF2.CSE1,33,0,1994,0.8181818181818182,9,31,0
1,0,HK,0,class,0.6962049915162885,0.3532927154848152,G.RF2.CSE1,113,0,1994,0.02654867256637168,9,113,0
all,8,HK,4,old,0.522047582260281,0.3487710823739676,G.RF2.CSE1,941,0,1994,0.31137088204038255,9,937,2
all,1,HK,0,current,0.579286410726016,0.35425353280160116,G.RF2.CSE1,146,0,1994,0.2054794520547945,9,144,0
all,1,HK,1,tail,0.39537254610487554,0.35863421828345027,G.RF2.CSE1,49,0,1994,0.5306122448979592,9,47,0
22,0,HK,0,class,0.2771226027592621,0.08776004405246382,G.RF2.CSE025,21,0,1994,0.2857142857142857,9,20,0
16,0,HK,0,class,0.1418730115341202,0.09436681742044802,G.RF2.CSE025,8,0,1994,0.625,9,8,0
12,0,HK,0,class,0.35282829560774726,0.09072172142671511,G.RF2.CSE025,41,0,1994,0.14634146341463414,9,41,0
13,0,HK,0,class,0.6174250482815177,0.08853527159425532,G.RF2.CSE025,160,0,1994,0.025,9,160,0
21,0,HK,0,class,0.1951514924733217,0.08793557495864987,G.RF2.CSE025,4,0,1994,0.25,9,4,0
4,1,HK,0,class,0.4342867073902824,0.08443481256562504,G.RF2.CSE025,165,0,1994,0.10303030303030303,9,165,0
19,0,HK,0,class,0.06232759362999547,0.08586256745990907,G.RF2.CSE025,2,0,1994,1.0,9,1,0
17,1,HK,0,class,0.11916997354614059,0.08984241182922065,G.RF2.CSE025,5,0,1994,0.8,9,5,0
6,0,HK,0,class,0.017180526321498746,0.07880229656517573,G.RF2.CSE025,1,0,1994,1.0,9,0,0
11,0,HK,0,class,0.17381013084835886,0.09122985017689943,G.RF2.CSE025,61,0,1994,0.32786885245901637,9,60,0
3,0,HK,2,class,0.39892048111967227,0.08485408741955601,G.RF2.CSE025,157,0,1994,0.10191082802547771,9,157,0
15,0,HK,0,class,0.7858960198923275,0.0886470660181292,G.RF2.CSE025,123,0,1994,0.0,9,123,0
0,0,HK,0,class,0.07807430933571705,0.09150828750881865,G.RF2.CSE025,7,0,1994,0.7142857142857143,9,7,0
9,0,HK,0,class,0.678320286348715,0.08661272693052749,G.RF2.CSE025,164,0,1994,0.006097560975609756,9,164,0
5,0,HK,0,class,0.06371565033821855,0.08457754913863855,G.RF2.CSE025,1,0,1994,1.0,9,1,0
7,0,HK,0,class,0.7671306333320106,0.08865320392583889,G.RF2.CSE025,21,0,1994,0.0,9,21,0
18,0,HK,0,class,0.17892884620175004,0.08938590105492161,G.RF2.CSE025,33,0,1994,0.42424242424242425,9,31,0
1,0,HK,0,class,0.6962049915162885,0.0883231788712038,G.RF2.CSE025,113,0,1994,0.0,9,113,0
all,2,HK,2,old,0.522047582260281,0.08719277059349191,G.RF2.CSE025,941,0,1994,0.09458023379383634,9,937,0
all,0,HK,0,current,0.579286410726016,0.08856338320040029,G.RF2.CSE025,146,0,1994,0.0958904109589041,9,144,0
all,1,HK,0,tail,0.39537254610487554,0.08965855457086257,G.RF2.CSE025,49,0,1994,0.3877551020408163,9,47,0
22,0,HK,0,class,0.4124262599763013,0.4266880721501168,B.RF2.CSE1,21,0,1994,0.5238095238095238,9,21,0
16,0,HK,0,class,0.16401471735017614,0.4486922064136001,B.RF2.CSE1,8,0,1994,1.0,9,6,0
12,0,HK,0,class,0.5638865521614902,0.42935412030257786,B.RF2.CSE1,41,0,1994,0.36585365853658536,9,40,0
13,1,HK,0,class,0.7118335487895514,0.43399437706967037,B.RF2.CSE1,160,0,1994,0.10625,9,159,0
21,0,HK,0,class,0.20444013754570411,0.42768849348639737,B.RF2.CSE1,4,0,1994,1.0,9,1,0
4,2,HK,1,class,0.5719141317681785,0.4404380540175492,B.RF2.CSE1,165,0,1994,0.3333333333333333,9,165,0
19,0,HK,0,class,0.24481939193712066,0.4220005812016916,B.RF2.CSE1,2,0,1994,1.0,9,0,0
17,0,HK,0,class,0.18119598423748315,0.4223358420061201,B.RF2.CSE1,5,0,1994,1.0,9,5,0
6,0,HK,0,class,0.20960892130316983,0.46109332838815276,B.RF2.CSE1,1,0,1994,1.0,9,0,0
11,0,HK,0,class,0.3488143823140516,0.42194453847083707,B.RF2.CSE1,61,0,1994,0.6065573770491803,9,59,0
3,0,HK,1,class,0.5951077076367526,0.44952367049204056,B.RF2.CSE1,157,0,1994,0.3503184713375796,9,157,0
15,0,HK,0,class,0.7531006046040903,0.4722368519015834,B.RF2.CSE1,123,0,1994,0.06504065040650407,9,123,0
0,0,HK,0,class,0.25474374749629264,0.4398472147936188,B.RF2.CSE1,7,0,1994,1.0,9,7,0
9,0,HK,0,class,0.728949696534287,0.43837705430756074,B.RF2.CSE1,164,0,1994,0.08536585365853659,9,164,0
5,0,HK,0,class,0.011302652641383415,0.4578337728812703,B.RF2.CSE1,1,0,1994,1.0,9,1,0
7,0,HK,0,class,0.8465392765787791,0.41080305594137184,B.RF2.CSE1,21,0,1994,0.047619047619047616,9,21,0
18,0,HK,0,class,0.38145845844256476,0.42381340423167074,B.RF2.CSE1,33,0,1994,0.5454545454545454,9,31,1
1,0,HK,0,class,0.8491521324725635,0.40286029266405116,B.RF2.CSE1,113,0,1994,0.008849557522123894,9,113,0
all,3,HK,2,old,0.6272424561879633,0.44192225746353786,B.RF2.CSE1,941,0,1994,0.2561105207226355,9,929,0
all,0,HK,0,current,0.743440548616468,0.40759626993618436,B.RF2.CSE1,146,0,1994,0.13013698630136986,9,144,1
all,0,HK,0,tail,0.47565182874732337,0.42613660769963146,B.RF2.CSE1,49,0,1994,0.5918367346938775,9,41,0
22,0,HK,0,class,0.4124262599763013,0.1066720180375292,B.RF2.CSE025,21,0,1994,0.09523809523809523,9,21,0
16,0,HK,0,class,0.16401471735017614,0.11217305160340003,B.RF2.CSE025,8,0,1994,0.25,9,6,0
12,0,HK,0,class,0.5638865521614902,0.10733853007564444,B.RF2.CSE025,41,0,1994,0.07317073170731707,9,40,0
13,0,HK,0,class,0.7118335487895514,0.10849859426741759,B.RF2.CSE025,160,0,1994,0.0125,9,159,0
21,0,HK,0,class,0.20444013754570411,0.10692212337159934,B.RF2.CSE025,4,0,1994,0.25,9,1,0
4,2,HK,0,class,0.5719141317681785,0.1101095135043873,B.RF2.CSE025,165,0,1994,0.10909090909090909,9,165,0
19,0,HK,0,class,0.24481939193712066,0.10550014530042288,B.RF2.CSE025,2,0,1994,0.0,9,0,0
17,0,HK,0,class,0.18119598423748315,0.10558396050153,B.RF2.CSE025,5,0,1994,0.4,9,5,0
6,0,HK,0,class,0.20960892130316983,0.11527333209703816,B.RF2.CSE025,1,0,1994,0.0,9,0,0
11,0,HK,0,class,0.3488143823140516,0.10548613461770927,B.RF2.CSE025,61,0,1994,0.22950819672131148,9,59,0
3,0,HK,0,class,0.5951077076367526,0.11238091762301017,B.RF2.CSE025,157,0,1994,0.050955414012738856,9,157,0
15,0,HK,0,class,0.7531006046040903,0.11805921297539586,B.RF2.CSE025,123,0,1994,0.0,9,123,0
0,0,HK,0,class,0.25474374749629264,0.1099618036984047,B.RF2.CSE025,7,0,1994,0.14285714285714285,9,7,0
9,0,HK,0,class,0.728949696534287,0.10959426357689023,B.RF2.CSE025,164,0,1994,0.006097560975609756,9,164,0
5,0,HK,0,class,0.011302652641383415,0.11445844322031756,B.RF2.CSE025,1,0,1994,1.0,9,1,0
7,0,HK,0,class,0.8465392765787791,0.10270076398534296,B.RF2.CSE025,21,0,1994,0.0,9,21,0
18,0,HK,0,class,0.38145845844256476,0.10595335105791769,B.RF2.CSE025,33,0,1994,0.18181818181818182,9,31,0
1,0,HK,0,class,0.8491521324725635,0.10071507316601279,B.RF2.CSE025,113,0,1994,0.008849557522123894,9,113,0
all,2,HK,0,old,0.6272424561879633,0.11048056436588446,B.RF2.CSE025,941,0,1994,0.05844845908607864,9,929,0
all,0,HK,0,current,0.743440548616468,0.10189906748404609,B.RF2.CSE025,146,0,1994,0.04794520547945205,9,144,0
all,0,HK,0,tail,0.47565182874732337,0.10653415192490784,B.RF2.CSE025,49,0,1994,0.14285714285714285,9,41,0
22,0,HK,0,class,0.1864704014441299,0.3521497476797148,G.RF1.CSEperm1,21,0,1994,0.7619047619047619,9,21,0
16,0,HK,0,class,0.09025069055364732,0.3750825116927056,G.RF1.CSEperm1,8,0,1994,1.0,9,8,0
12,0,HK,0,class,0.25313323167676255,0.3648419440538037,G.RF1.CSEperm1,41,0,1994,0.7073170731707317,9,41,0
13,0,HK,0,class,0.4680493303101202,0.3583886725657637,G.RF1.CSEperm1,160,0,1994,0.2625,9,159,0
21,0,HK,0,class,0.08541411887671582,0.3524420645892329,G.RF1.CSEperm1,4,0,1994,1.0,9,4,0
4,0,HK,2,class,0.2975659185392738,0.3353782282116806,G.RF1.CSEperm1,165,0,1994,0.5818181818181818,9,165,0
19,0,HK,0,class,0.05221533486080432,0.34842163696735134,G.RF1.CSEperm1,2,0,1994,1.0,9,0,0
17,1,HK,0,class,0.12635295410479339,0.36022276140999215,G.RF1.CSEperm1,5,0,1994,1.0,9,5,0
6,0,HK,0,class,0.03891220589745592,0.31683727490307134,G.RF1.CSEperm1,1,0,1994,1.0,9,1,0
11,0,HK,2,class,0.10405172579860417,0.3628220604802862,G.RF1.CSEperm1,61,0,1994,1.0,9,60,0
3,2,HK,0,class,0.23922021838169813,0.3355907801130394,G.RF1.CSEperm1,157,0,1994,0.7515923566878981,9,157,0
15,0,HK,0,class,0.694957422271161,0.35244282787903647,G.RF1.CSEperm1,123,0,1994,0.056910569105691054,9,123,0
0,0,HK,1,class,0.043423577822175305,0.3682937429206831,G.RF1.CSEperm1,7,0,1994,1.0,9,7,0
9,0,HK,0,class,0.5659878308309901,0.34725581581052767,G.RF1.CSEperm1,164,0,1994,0.14634146341463414,9,164,0
5,0,HK,0,class,0.14878062304236864,0.31713544043905434,G.RF1.CSEperm1,1,0,1994,1.0,9,1,0
7,0,HK,0,class,0.6465740777275499,0.3617426532651048,G.RF1.CSEperm1,21,0,1994,0.047619047619047616,9,21,0
18,0,HK,0,class,0.08395016468309187,0.35926655593352175,G.RF1.CSEperm1,33,0,1994,1.0,9,30,1
1,0,HK,0,class,0.5092972619571821,0.3556937986352556,G.RF1.CSEperm1,113,0,1994,0.22123893805309736,9,113,0
all,3,HK,5,old,0.3999539617843839,0.34842783159326196,G.RF1.CSEperm1,941,0,1994,0.44845908607863977,9,937,0
all,0,HK,0,current,0.41315716462810687,0.3565013396684254,G.RF1.CSEperm1,146,0,1994,0.3972602739726027,9,143,1
all,1,HK,1,tail,0.3238687948194943,0.36157163402525205,G.RF1.CSEperm1,49,0,1994,0.5918367346938775,9,47,0
22,1,HK,0,class,0.21815550818107113,0.4264714934087537,B.RF1.CSEperm1,21,0,1994,0.8095238095238095,9,21,0
16,0,HK,1,class,0.044026126804245655,0.4331506948447603,B.RF1.CSEperm1,8,0,1994,1.0,9,8,1
12,1,HK,0,class,0.22508576696856486,0.428990780773724,B.RF1.CSEperm1,41,0,1994,0.9024390243902439,9,40,1
13,0,HK,2,class,0.4567204284056817,0.3947489458354154,B.RF1.CSEperm1,160,0,1994,0.34375,9,159,0
21,0,HK,0,class,0.17147112101763257,0.42928532170885414,B.RF1.CSEperm1,4,0,1994,1.0,9,4,0
4,3,HK,1,class,0.33479440135937405,0.4202089559681651,B.RF1.CSEperm1,165,0,1994,0.6363636363636364,9,165,0
19,0,HK,0,class,0.027314256306447765,0.4102370860671293,B.RF1.CSEperm1,2,0,1994,1.0,9,2,0
17,0,HK,2,class,0.08443660414232963,0.41415731517542936,B.RF1.CSEperm1,5,0,1994,1.0,9,5,0
6,0,HK,0,class,0.01901229625859538,0.42010565137936434,B.RF1.CSEperm1,1,0,1994,1.0,9,0,0
11,2,HK,5,class,0.09370882640513503,0.4242148034139157,B.RF1.CSEperm1,61,0,1994,1.0,9,61,2
3,2,HK,8,class,0.28221485776354377,0.4425055565760265,B.RF1.CSEperm1,157,0,1994,0.821656050955414,9,157,0
15,0,HK,0,class,0.694704923804684,0.4014656584637579,B.RF1.CSEperm1,123,0,1994,0.08943089430894309,9,123,0
0,0,HK,0,class,0.08996041932952405,0.4228344301261965,B.RF1.CSEperm1,7,0,1994,1.0,9,7,0
9,0,HK,2,class,0.5343243802452,0.4237176588359549,B.RF1.CSEperm1,164,0,1994,0.2682926829268293,9,164,0
5,0,HK,0,class,0.10740270292149934,0.3979343220811423,B.RF1.CSEperm1,1,0,1994,1.0,9,1,0
7,0,HK,0,class,0.6505367369812626,0.4348853898799152,B.RF1.CSEperm1,21,0,1994,0.0,9,21,0
18,3,HK,0,class,0.08589539295664406,0.4173885632319032,B.RF1.CSEperm1,33,0,1994,1.0,9,30,1
1,0,HK,0,class,0.4792451638601539,0.41333257851996463,B.RF1.CSEperm1,113,0,1994,0.37168141592920356,9,113,0
all,9,HK,21,old,0.4050587846943892,0.4189621271391829,B.RF1.CSEperm1,941,0,1994,0.5175345377258236,9,938,4
all,3,HK,0,current,0.39033733892990846,0.4142493421877315,B.RF1.CSEperm1,146,0,1994,0.5136986301369864,9,143,1
all,0,HK,3,tail,0.32514927434535335,0.4282465666413675,B.RF1.CSEperm1,49,0,1994,0.5714285714285714,9,48,1
22,0,HK,0,class,0.18639457087613556,0.3488576738273475,G.LIN.CSE1,21,0,1994,0.7619047619047619,10,21,0
16,0,HK,0,class,0.0940847696088856,0.3774672696817921,G.LIN.CSE1,8,0,1994,1.0,10,8,0
12,1,HK,0,class,0.2258865627320778,0.3631201501860042,G.LIN.CSE1,41,0,1994,0.8048780487804879,10,40,0
13,0,HK,0,class,0.46291751614176563,0.35217506201538085,G.LIN.CSE1,160,0,1994,0.28125,10,159,2
21,0,HK,0,class,0.08133552005698383,0.3521437782550041,G.LIN.CSE1,4,0,1994,1.0,10,4,0
4,6,HK,0,class,0.3035669426533675,0.3366762406132292,G.LIN.CSE1,165,0,1994,0.5757575757575758,10,165,0
19,0,HK,0,class,0.054912928206705944,0.3350683581355627,G.LIN.CSE1,2,0,1994,1.0,10,1,0
17,0,HK,0,class,0.11507803125656516,0.361464330247374,G.LIN.CSE1,5,0,1994,1.0,10,5,1
6,0,HK,0,class,0.07014502553316637,0.31520918626070293,G.LIN.CSE1,1,0,1994,1.0,10,0,0
11,8,HK,0,class,0.08489523919510605,0.3651573193782195,G.LIN.CSE1,61,0,1994,1.0,10,61,0
3,0,HK,7,class,0.24293125398081797,0.3381937453280881,G.LIN.CSE1,157,0,1994,0.7452229299363057,10,157,0
15,0,HK,0,class,0.6343980163726726,0.3557851602517615,G.LIN.CSE1,123,0,1994,0.06504065040650407,10,123,0
0,0,HK,0,class,0.06205905314934095,0.3661428348961042,G.LIN.CSE1,7,0,1994,1.0,10,7,1
9,0,HK,0,class,0.5386287408975562,0.34701825112855733,G.LIN.CSE1,164,0,1994,0.17682926829268292,10,164,0
5,0,HK,0,class,0.28660426240379605,0.3429734676438916,G.LIN.CSE1,1,0,1994,1.0,10,1,0
7,0,HK,0,class,0.6219846929867191,0.35724085723338433,G.LIN.CSE1,21,0,1994,0.047619047619047616,10,21,0
18,0,HK,0,class,0.08638401276166464,0.3569788217529569,G.LIN.CSE1,33,0,1994,1.0,10,30,0
1,0,HK,0,class,0.498534614576577,0.35310525977490587,G.LIN.CSE1,113,0,1994,0.23893805309734514,10,113,0
10,0,HK,8,class,0.17946840013776272,0.3623250191328062,G.LIN.CSE1,150,0,1994,0.84,10,144,3
14,1,HK,0,class,0.337799565988269,0.3454063154955755,G.LIN.CSE1,60,0,1994,0.6,10,60,0
all,15,HK,7,old,0.38805614581289494,0.3490959677430986,G.LIN.CSE1,1087,0,1994,0.45354185832566696,10,1080,4
all,1,HK,8,current,0.22470587609505024,0.35749110380788307,G.LIN.CSE1,210,0,1994,0.7714285714285715,10,204,3
all,0,HK,0,tail,0.31869545841834096,0.359775757919607,G.LIN.CSE1,49,0,1994,0.5918367346938775,10,47,2
22,0,HK,0,class,0.18639457087613556,0.08721441845683689,G.LIN.CSE025,21,0,1994,0.38095238095238093,10,21,0
16,0,HK,0,class,0.0940847696088856,0.09436681742044803,G.LIN.CSE025,8,0,1994,0.75,10,8,0
12,0,HK,0,class,0.2258865627320778,0.09078003754650105,G.LIN.CSE025,41,0,1994,0.1951219512195122,10,40,0
13,0,HK,0,class,0.46291751614176563,0.08804376550384521,G.LIN.CSE025,160,0,1994,0.04375,10,159,1
21,0,HK,0,class,0.08133552005698383,0.08803594456375105,G.LIN.CSE025,4,0,1994,0.5,10,4,0
4,3,HK,0,class,0.3035669426533675,0.0841690601533073,G.LIN.CSE025,165,0,1994,0.15151515151515152,10,165,0
19,0,HK,0,class,0.054912928206705944,0.08376708953389067,G.LIN.CSE025,2,0,1994,1.0,10,1,0
17,0,HK,0,class,0.11507803125656516,0.0903660825618435,G.LIN.CSE025,5,0,1994,0.4,10,5,0
6,0,HK,0,class,0.07014502553316637,0.07880229656517573,G.LIN.CSE025,1,0,1994,1.0,10,0,0
11,2,HK,0,class,0.08489523919510605,0.09128932984455487,G.LIN.CSE025,61,0,1994,0.6229508196721312,10,61,0
3,0,HK,1,class,0.24293125398081797,0.08454843633202204,G.LIN.CSE025,157,0,1994,0.18471337579617833,10,157,0
15,0,HK,0,class,0.6343980163726726,0.08894629006294037,G.LIN.CSE025,123,0,1994,0.008130081300813009,10,123,0
0,0,HK,0,class,0.06205905314934095,0.09153570872402605,G.LIN.CSE025,7,0,1994,0.8571428571428571,10,7,0
9,0,HK,0,class,0.5386287408975562,0.08675456278213933,G.LIN.CSE025,164,0,1994,0.018292682926829267,10,164,0
5,0,HK,0,class,0.28660426240379605,0.08574336691097295,G.LIN.CSE025,1,0,1994,0.0,10,1,0
7,0,HK,0,class,0.6219846929867191,0.08931021430834608,G.LIN.CSE025,21,0,1994,0.0,10,21,0
18,0,HK,0,class,0.08638401276166464,0.08924470543823924,G.LIN.CSE025,33,0,1994,0.6363636363636364,10,30,0
1,0,HK,0,class,0.498534614576577,0.08827631494372647,G.LIN.CSE025,113,0,1994,0.008849557522123894,10,113,0
10,0,HK,3,class,0.17946840013776272,0.09058125478320155,G.LIN.CSE025,150,0,1994,0.35333333333333333,10,144,1
14,0,HK,0,class,0.337799565988269,0.08635157887389387,G.LIN.CSE025,60,0,1994,0.06666666666666667,10,60,0
all,5,HK,1,old,0.38805614581289494,0.08727399193577465,G.LIN.CSE025,1087,0,1994,0.14719411223551057,10,1080,1
all,0,HK,3,current,0.22470587609505024,0.08937277595197077,G.LIN.CSE025,210,0,1994,0.2714285714285714,10,204,1
all,0,HK,0,tail,0.31869545841834096,0.08994393947990174,G.LIN.CSE025,49,0,1994,0.3877551020408163,10,47,0
22,0,HK,0,class,0.17564535517040855,0.3492967334312354,G.RF1.CSE1,21,0,1994,0.7619047619047619,10,21,0
16,0,HK,0,class,0.07926895977491802,0.3762757988772597,G.RF1.CSE1,8,0,1994,1.0,10,8,0
12,0,HK,1,class,0.24241133144758936,0.36291997764156886,G.RF1.CSE1,41,0,1994,0.7560975609756098,10,41,0
13,0,HK,0,class,0.4474939767948025,0.3523735954820588,G.RF1.CSE1,160,0,1994,0.30625,10,159,0
21,0,HK,0,class,0.07991487124346144,0.3521437782550041,G.RF1.CSE1,4,0,1994,1.0,10,4,0
4,5,HK,0,class,0.2818943282287079,0.3361693279053402,G.RF1.CSE1,165,0,1994,0.6303030303030303,10,165,0
19,0,HK,0,class,0.04483117312060188,0.33506835813556274,G.RF1.CSE1,2,0,1994,1.0,10,1,0
17,0,HK,0,class,0.12019406482221477,0.3610597778987002,G.RF1.CSE1,5,0,1994,1.0,10,5,0
6,0,HK,0,class,0.051692563969858774,0.3152091862607029,G.RF1.CSE1,1,0,1994,1.0,10,0,0
11,6,HK,0,class,0.08698819012667121,0.3651556863459525,G.RF1.CSE1,61,0,1994,1.0,10,61,0
3,0,HK,7,class,0.22267303481274525,0.33859586977340683,G.RF1.CSE1,157,0,1994,0.802547770700637,10,157,0
15,0,HK,0,class,0.6284750884819676,0.3561751843508454,G.RF1.CSE1,123,0,1994,0.056910569105691054,10,123,0
0,0,HK,1,class,0.049835782625586404,0.3661428348961042,G.RF1.CSE1,7,0,1994,1.0,10,7,1
9,0,HK,0,class,0.5303064594108402,0.3470535789452195,G.RF1.CSE1,164,0,1994,0.20121951219512196,10,164,0
5,0,HK,0,class,0.3535167480625212,0.3429734676438916,G.RF1.CSE1,1,0,1994,0.0,10,1,0
7,0,HK,0,class,0.6298750904081258,0.35606447260036306,G.RF1.CSE1,21,0,1994,0.047619047619047616,10,21,0
18,0,HK,0,class,0.07606620967340039,0.3563368028882141,G.RF1.CSE1,33,0,1994,1.0,10,30,2
1,0,HK,0,class,0.4846359151241263,0.35194711975888526,G.RF1.CSE1,113,0,1994,0.24778761061946902,10,113,0
10,0,HK,9,class,0.17277646740322306,0.36240638717843865,G.RF1.CSE1,150,0,1994,0.8866666666666667,10,146,1
14,0,HK,0,class,0.33471173237169194,0.3450469938269745,G.RF1.CSE1,60,0,1994,0.5666666666666667,10,60,0
all,11,HK,9,old,0.3764283188901369,0.3489833858980879,G.RF1.CSE1,1087,0,1994,0.47470101195952163,10,1081,3
all,0,HK,9,current,0.21904368596564272,0.3574465605065917,G.RF1.CSE1,210,0,1994,0.7952380952380952,10,206,1
all,0,HK,1,tail,0.3188955208675019,0.3590357863793402,G.RF1.CSE1,49,0,1994,0.5714285714285714,10,47,1
22,0,HK,0,class,0.17564535517040855,0.08732418335780887,G.RF1.CSE025,21,0,1994,0.5238095238095238,10,21,0
16,0,HK,0,class,0.07926895977491802,0.09406894971931493,G.RF1.CSE025,8,0,1994,0.625,10,8,0
12,0,HK,0,class,0.24241133144758936,0.09072999441039221,G.RF1.CSE025,41,0,1994,0.14634146341463414,10,41,0
13,0,HK,0,class,0.4474939767948025,0.0880933988705147,G.RF1.CSE025,160,0,1994,0.05,10,159,0
21,0,HK,0,class,0.07991487124346144,0.08803594456375102,G.RF1.CSE025,4,0,1994,0.5,10,4,0
4,0,HK,0,class,0.2818943282287079,0.08404233197633505,G.RF1.CSE025,165,0,1994,0.1393939393939394,10,165,0
19,0,HK,0,class,0.04483117312060188,0.08376708953389067,G.RF1.CSE025,2,0,1994,1.0,10,1,0
17,0,HK,0,class,0.12019406482221477,0.09026494447467505,G.RF1.CSE025,5,0,1994,0.4,10,5,0
6,0,HK,0,class,0.051692563969858774,0.07880229656517573,G.RF1.CSE025,1,0,1994,1.0,10,0,0
11,0,HK,0,class,0.08698819012667121,0.09128892158648813,G.RF1.CSE025,61,0,1994,0.639344262295082,10,61,0
3,0,HK,3,class,0.22267303481274525,0.08464896744335171,G.RF1.CSE025,157,0,1994,0.19745222929936307,10,157,0
15,0,HK,0,class,0.6284750884819676,0.08904379608771135,G.RF1.CSE025,123,0,1994,0.008130081300813009,10,123,0
0,0,HK,0,class,0.049835782625586404,0.09153570872402605,G.RF1.CSE025,7,0,1994,0.8571428571428571,10,7,1
9,0,HK,0,class,0.5303064594108402,0.08676339473630487,G.RF1.CSE025,164,0,1994,0.024390243902439025,10,164,0
5,0,HK,0,class,0.3535167480625212,0.08574336691097284,G.RF1.CSE025,1,0,1994,0.0,10,1,0
7,0,HK,0,class,0.6298750904081258,0.08901611815009078,G.RF1.CSE025,21,0,1994,0.0,10,21,0
18,0,HK,0,class,0.07606620967340039,0.08908420072205354,G.RF1.CSE025,33,0,1994,0.6666666666666666,10,30,0
1,0,HK,0,class,0.4846359151241263,0.08798677993972132,G.RF1.CSE025,113,0,1994,0.008849557522123894,10,113,0
10,0,HK,4,class,0.17277646740322306,0.09060159679460966,G.RF1.CSE025,150,0,1994,0.35333333333333333,10,146,0
14,0,HK,0,class,0.33471173237169194,0.08626174845674363,G.RF1.CSE025,60,0,1994,0.1,10,60,0
all,0,HK,3,old,0.3764283188901369,0.08724584647452198,G.RF1.CSE025,1087,0,1994,0.15087396504139836,10,1081,1
all,0,HK,4,current,0.21904368596564272,0.08936164012664792,G.RF1.CSE025,210,0,1994,0.28095238095238095,10,206,0
all,0,HK,0,tail,0.3188955208675019,0.08975894659483505,G.RF1.CSE025,49,0,1994,0.3673469387755102,10,47,1
22,0,HK,0,class,0.20675572061155978,0.4242498719873631,B.LIN.CSE1,21,0,1994,0.8095238095238095,10,21,0
16,0,HK,0,class,0.04742692444267234,0.4485138893549838,B.LIN.CSE1,8,0,1994,1.0,10,8,0
12,3,HK,0,class,0.2013842199753092,0.43233132677600483,B.LIN.CSE1,41,0,1994,0.9024390243902439,10,40,1
13,1,HK,0,class,0.4389368252664855,0.4350077333275812,B.LIN.CSE1,160,0,1994,0.44375,10,159,1
21,0,HK,0,class,0.10953817395813199,0.4462783434090045,B.LIN.CSE1,4,0,1994,1.0,10,3,0
4,4,HK,0,class,0.32276158167810004,0.4405674520316549,B.LIN.CSE1,165,0,1994,0.696969696969697,10,165,0
19,0,HK,0,class,0.005137648991695262,0.4164015869147342,B.LIN.CSE1,2,0,1994,1.0,10,1,0
17,1,HK,0,class,0.0849467463162575,0.4247037446060272,B.LIN.CSE1,5,0,1994,1.0,10,5,0
6,0,HK,0,class,0.01684510358243227,0.42010565137936445,B.LIN.CSE1,1,0,1994,1.0,10,0,0
11,7,HK,0,class,0.07660062542262107,0.42408046648851,B.LIN.CSE1,61,0,1994,1.0,10,60,2
3,0,HK,4,class,0.27207767479118855,0.45317244832060166,B.LIN.CSE1,157,0,1994,0.8535031847133758,10,157,0
15,0,HK,0,class,0.6169822340687492,0.47227924160015367,B.LIN.CSE1,123,0,1994,0.2032520325203252,10,123,0
0,0,HK,0,class,0.09137887680258858,0.44028544486896937,B.LIN.CSE1,7,0,1994,1.0,10,7,1
9,0,HK,0,class,0.5048996067935448,0.44236199961110284,B.LIN.CSE1,164,0,1994,0.35365853658536583,10,164,0
5,0,HK,0,class,0.1776419153744438,0.4630599000079218,B.LIN.CSE1,1,0,1994,1.0,10,1,0
7,0,HK,0,class,0.61889348437412,0.42609497138485497,B.LIN.CSE1,21,0,1994,0.047619047619047616,10,21,0
18,0,HK,2,class,0.0789273239979555,0.42601149971595376,B.LIN.CSE1,33,0,1994,1.0,10,30,1
1,0,HK,0,class,0.456277606116873,0.41808697651239957,B.LIN.CSE1,113,0,1994,0.504424778761062,10,113,0
10,0,HK,9,class,0.1699912009408969,0.4223321175378543,B.LIN.CSE1,150,0,1994,0.9466666666666667,10,144,3
14,0,HK,0,class,0.3057270738683216,0.44903318547699933,B.LIN.CSE1,60,0,1994,0.75,10,60,0
all,16,HK,6,old,0.37848464599950127,0.44078133248277407,B.LIN.CSE1,1087,0,1994,0.5860165593376265,10,1078,6
all,0,HK,9,current,0.2087728789201611,0.4299609940918958,B.LIN.CSE1,210,0,1994,0.8904761904761904,10,204,3
all,1,HK,0,tail,0.3078261112116346,0.43352458060994936,B.LIN.CSE1,49,0,1994,0.5918367346938775,10,46,1
22,0,HK,0,class,0.20675572061155978,0.10606246799684077,B.LIN.CSE025,21,0,1994,0.3333333333333333,10,21,0
16,0,HK,0,class,0.04742692444267234,0.11212847233874595,B.LIN.CSE025,8,0,1994,1.0,10,8,0
12,0,HK,0,class,0.2013842199753092,0.10808283169400121,B.LIN.CSE025,41,0,1994,0.3170731707317073,10,40,0
13,0,HK,0,class,0.4389368252664855,0.1087519333318953,B.LIN.CSE025,160,0,1994,0.05625,10,159,0
21,0,HK,0,class,0.10953817395813199,0.11156958585225113,B.LIN.CSE025,4,0,1994,0.25,10,3,0
4,2,HK,0,class,0.32276158167810004,0.11014186300791373,B.LIN.CSE025,165,0,1994,0.16363636363636364,10,165,0
19,0,HK,0,class,0.005137648991695262,0.10410039672868357,B.LIN.CSE025,2,0,1994,1.0,10,1,0
17,0,HK,0,class,0.0849467463162575,0.1061759361515068,B.LIN.CSE025,5,0,1994,0.8,10,5,0
6,0,HK,0,class,0.01684510358243227,0.1050264128448411,B.LIN.CSE025,1,0,1994,1.0,10,0,0
11,1,HK,0,class,0.07660062542262107,0.1060201166221275,B.LIN.CSE025,61,0,1994,0.7213114754098361,10,60,1
3,0,HK,0,class,0.27207767479118855,0.11329311208015039,B.LIN.CSE025,157,0,1994,0.2229299363057325,10,157,0
15,0,HK,0,class,0.6169822340687492,0.1180698104000384,B.LIN.CSE025,123,0,1994,0.0,10,123,0
0,0,HK,0,class,0.09137887680258858,0.11007136121724234,B.LIN.CSE025,7,0,1994,0.42857142857142855,10,7,0
9,0,HK,0,class,0.5048996067935448,0.11059049990277571,B.LIN.CSE025,164,0,1994,0.006097560975609756,10,164,0
5,0,HK,0,class,0.1776419153744438,0.11576497500198041,B.LIN.CSE025,1,0,1994,0.0,10,1,0
7,0,HK,0,class,0.61889348437412,0.10652374284621377,B.LIN.CSE025,21,0,1994,0.0,10,21,0
18,0,HK,0,class,0.0789273239979555,0.10650287492898844,B.LIN.CSE025,33,0,1994,0.6666666666666666,10,30,0
1,0,HK,0,class,0.456277606116873,0.1045217441280999,B.LIN.CSE025,113,0,1994,0.0,10,113,0
10,0,HK,5,class,0.1699912009408969,0.10558302938446358,B.LIN.CSE025,150,0,1994,0.4266666666666667,10,144,1
14,0,HK,0,class,0.3057270738683216,0.11225829636924982,B.LIN.CSE025,60,0,1994,0.16666666666666666,10,60,0
all,3,HK,0,old,0.37848464599950127,0.11019533312069352,B.LIN.CSE025,1087,0,1994,0.16283348666053357,10,1078,1
all,0,HK,5,current,0.2087728789201611,0.10749024852297394,B.LIN.CSE025,210,0,1994,0.3523809523809524,10,204,1
all,0,HK,0,tail,0.3078261112116346,0.10838114515248734,B.LIN.CSE025,49,0,1994,0.3877551020408163,10,46,0
22,0,HK,0,class,0.20504690620556137,0.42746373499912194,B.RF1.CSE1,21,0,1994,0.8095238095238095,10,21,0
16,1,HK,0,class,0.04331164702245529,0.4485138893549838,B.RF1.CSE1,8,0,1994,1.0,10,8,1
12,2,HK,0,class,0.2106134469018128,0.4337818385692592,B.RF1.CSE1,41,0,1994,0.926829268292683,10,40,0
13,2,HK,0,class,0.43549756813087914,0.4348412221447144,B.RF1.CSE1,160,0,1994,0.46875,10,159,0
21,0,HK,0,class,0.15589350924529197,0.4462783434090046,B.RF1.CSE1,4,0,1994,1.0,10,4,0
4,2,HK,0,class,0.31848943447702105,0.4404033301591082,B.RF1.CSE1,165,0,1994,0.696969696969697,10,165,0
19,0,HK,0,class,0.021446071670016026,0.4164015869147342,B.RF1.CSE1,2,0,1994,1.0,10,1,1
17,1,HK,0,class,0.08398730679182247,0.4247037446060272,B.RF1.CSE1,5,0,1994,1.0,10,5,0
6,0,HK,0,class,0.01178205191040771,0.4201056513793644,B.RF1.CSE1,1,0,1994,1.0,10,0,0
11,6,HK,0,class,0.07869820261672382,0.4234960296340256,B.RF1.CSE1,61,0,1994,1.0,10,60,3
3,2,HK,3,class,0.26561797534616266,0.4531547416712929,B.RF1.CSE1,157,0,1994,0.8789808917197452,10,157,0
15,0,HK,0,class,0.6262293196099614,0.47238518244317107,B.RF1.CSE1,123,0,1994,0.1951219512195122,10,123,0
0,0,HK,0,class,0.07379164637495232,0.44028544486896937,B.RF1.CSE1,7,0,1994,1.0,10,7,1
9,0,HK,0,class,0.49661062773733156,0.4418787446453419,B.RF1.CSE1,164,0,1994,0.3780487804878049,10,164,0
5,0,HK,0,class,0.22928303254528676,0.46305990000792185,B.RF1.CSE1,1,0,1994,1.0,10,1,0
7,0,HK,0,class,0.631659202572402,0.4210842975459875,B.RF1.CSE1,21,0,1994,0.047619047619047616,10,21,0
18,0,HK,1,class,0.07573708656766098,0.42853584284107543,B.RF1.CSE1,33,0,1994,1.0,10,30,1
1,0,HK,0,class,0.45659412312184305,0.41796282615754504,B.RF1.CSE1,113,0,1994,0.48672566371681414,10,113,0
10,0,HK,9,class,0.16816502159358304,0.4227078104452876,B.RF1.CSE1,150,0,1994,0.9533333333333334,10,145,2
14,0,HK,1,class,0.3205329849104691,0.4496125385224684,B.RF1.CSE1,60,0,1994,0.7333333333333333,10,60,0
all,16,HK,4,old,0.37690365337250914,0.4407193607331852,B.RF1.CSE1,1087,0,1994,0.5952161913523459,10,1079,7
all,0,HK,10,current,0.21169872539840767,0.4303948756101964,B.RF1.CSE1,210,0,1994,0.8904761904761904,10,205,2
all,2,HK,0,tail,0.3154152194604236,0.43137714896472046,B.RF1.CSE1,49,0,1994,0.5918367346938775,10,47,3
22,0,HK,0,class,0.20504690620556137,0.10686593374978048,B.RF1.CSE025,21,0,1994,0.38095238095238093,10,21,0
16,0,HK,0,class,0.04331164702245529,0.11212847233874595,B.RF1.CSE025,8,0,1994,0.875,10,8,0
12,1,HK,0,class,0.2106134469018128,0.1084454596423148,B.RF1.CSE025,41,0,1994,0.2926829268292683,10,40,0
13,1,HK,0,class,0.43549756813087914,0.1087103055361786,B.RF1.CSE025,160,0,1994,0.05625,10,159,0
21,0,HK,0,class,0.15589350924529197,0.11156958585225116,B.RF1.CSE025,4,0,1994,0.25,10,4,0
4,1,HK,0,class,0.31848943447702105,0.11010083253977702,B.RF1.CSE025,165,0,1994,0.18181818181818182,10,165,0
19,0,HK,0,class,0.021446071670016026,0.10410039672868354,B.RF1.CSE025,2,0,1994,1.0,10,1,0
17,0,HK,0,class,0.08398730679182247,0.1061759361515068,B.RF1.CSE025,5,0,1994,0.8,10,5,0
6,0,HK,0,class,0.01178205191040771,0.10502641284484113,B.RF1.CSE025,1,0,1994,1.0,10,0,0
11,3,HK,0,class,0.07869820261672382,0.10587400740850642,B.RF1.CSE025,61,0,1994,0.7213114754098361,10,60,0
3,0,HK,0,class,0.26561797534616266,0.11328868541782322,B.RF1.CSE025,157,0,1994,0.2356687898089172,10,157,0
15,0,HK,0,class,0.6262293196099614,0.11809629561079275,B.RF1.CSE025,123,0,1994,0.0,10,123,0
0,0,HK,0,class,0.07379164637495232,0.11007136121724234,B.RF1.CSE025,7,0,1994,0.7142857142857143,10,7,1
9,0,HK,0,class,0.49661062773733156,0.11046968616133547,B.RF1.CSE025,164,0,1994,0.012195121951219513,10,164,0
5,0,HK,0,class,0.22928303254528676,0.11576497500198046,B.RF1.CSE025,1,0,1994,0.0,10,1,0
7,0,HK,0,class,0.631659202572402,0.10527107438649687,B.RF1.CSE025,21,0,1994,0.0,10,21,0
18,0,HK,1,class,0.07573708656766098,0.10713396071026886,B.RF1.CSE025,33,0,1994,0.696969696969697,10,30,1
1,0,HK,0,class,0.45659412312184305,0.10449070653938627,B.RF1.CSE025,113,0,1994,0.008849557522123894,10,113,0
10,0,HK,5,class,0.16816502159358304,0.1056769526113219,B.RF1.CSE025,150,0,1994,0.4266666666666667,10,145,0
14,0,HK,1,class,0.3205329849104691,0.11240313463061709,B.RF1.CSE025,60,0,1994,0.13333333333333333,10,60,0
all,6,HK,1,old,0.37690365337250914,0.1101798401832963,B.RF1.CSE025,1087,0,1994,0.17111315547378106,10,1079,2
all,0,HK,6,current,0.21169872539840767,0.10759871890254913,B.RF1.CSE025,210,0,1994,0.34285714285714286,10,205,0
all,0,HK,0,tail,0.3154152194604236,0.10784428724118011,B.RF1.CSE025,49,0,1994,0.40816326530612246,10,47,1
22,0,HK,0,class,0.27007355960455665,0.3510944877892714,G.RF2.CSE1,21,0,1994,0.6666666666666666,10,20,0
16,0,HK,0,class,0.12786748428371264,0.37756906746794416,G.RF2.CSE1,8,0,1994,0.875,10,8,0
12,0,HK,1,class,0.3313478619573024,0.36248303209802424,G.RF2.CSE1,41,0,1994,0.5853658536585366,10,41,0
13,0,HK,0,class,0.6018061791164291,0.3531470930116865,G.RF2.CSE1,160,0,1994,0.16875,10,160,1
21,0,HK,0,class,0.1859563107359725,0.35176257829383506,G.RF2.CSE1,4,0,1994,1.0,10,4,0
4,6,HK,0,class,0.422104122060975,0.3373974537119917,G.RF2.CSE1,165,0,1994,0.40606060606060607,10,165,0
19,0,HK,0,class,0.06867158720797241,0.3434502698396363,G.RF2.CSE1,2,0,1994,1.0,10,1,0
17,0,HK,0,class,0.11382739406517313,0.3593696473168826,G.RF2.CSE1,5,0,1994,1.0,10,5,0
6,0,HK,0,class,0.04480014523651049,0.31520918626070293,G.RF2.CSE1,1,0,1994,1.0,10,0,0
11,6,HK,0,class,0.12184351447102912,0.3653391607701049,G.RF2.CSE1,61,0,1994,0.9344262295081968,10,61,1
3,0,HK,4,class,0.3796748390503779,0.3393687221044863,G.RF2.CSE1,157,0,1994,0.46496815286624205,10,157,0
15,0,HK,0,class,0.7485758722787297,0.35470522886020645,G.RF2.CSE1,123,0,1994,0.056910569105691054,10,123,0
0,0,HK,0,class,0.09503175663494305,0.36408909682814833,G.RF2.CSE1,7,0,1994,1.0,10,7,0
9,0,HK,0,class,0.6496902123889472,0.3459857566228738,G.RF2.CSE1,164,0,1994,0.11585365853658537,10,164,0
5,0,HK,0,class,0.46845976863431593,0.3429734676438916,G.RF2.CSE1,1,0,1994,0.0,10,1,0
7,0,HK,0,class,0.7584735490016618,0.3553940217266699,G.RF2.CSE1,21,0,1994,0.0,10,21,0
18,1,HK,1,class,0.1627582405919512,0.3565108430806175,G.RF2.CSE1,33,0,1994,0.8484848484848485,10,31,0
1,0,HK,0,class,0.6774503672275811,0.35353382194516036,G.RF2.CSE1,113,0,1994,0.02654867256637168,10,113,0
10,0,HK,7,class,0.2544115595973873,0.3618391119316353,G.RF2.CSE1,150,0,1994,0.72,10,146,1
14,0,HK,0,class,0.5001371430629508,0.3450622579348965,G.RF2.CSE1,60,0,1994,0.23333333333333334,10,60,0
all,13,HK,6,old,0.5081517870873087,0.3492562105205956,G.RF2.CSE1,1087,0,1994,0.3173873045078197,10,1082,2
all,0,HK,7,current,0.3246188691589769,0.3570457250754242,G.RF2.CSE1,210,0,1994,0.580952380952381,10,206,1
all,0,HK,0,tail,0.3995851428837904,0.3588047432070261,G.RF2.CSE1,49,0,1994,0.5306122448979592,10,47,0
22,0,HK,0,class,0.27007355960455665,0.08777362194731785,G.RF2.CSE025,21,0,1994,0.2857142857142857,10,20,0
16,0,HK,0,class,0.12786748428371264,0.09439226686698604,G.RF2.CSE025,8,0,1994,0.5,10,8,0
12,0,HK,0,class,0.3313478619573024,0.09062075802450606,G.RF2.CSE025,41,0,1994,0.17073170731707318,10,41,0
13,0,HK,0,class,0.6018061791164291,0.08828677325292163,G.RF2.CSE025,160,0,1994,0.025,10,160,0
21,0,HK,0,class,0.1859563107359725,0.08794064457345876,G.RF2.CSE025,4,0,1994,0.25,10,4,0
4,1,HK,0,class,0.422104122060975,0.08434936342799793,G.RF2.CSE025,165,0,1994,0.09696969696969697,10,165,0
19,0,HK,0,class,0.06867158720797241,0.08586256745990906,G.RF2.CSE025,2,0,1994,0.5,10,1,0
17,0,HK,0,class,0.11382739406517313,0.08984241182922063,G.RF2.CSE025,5,0,1994,0.8,10,5,0
6,0,HK,0,class,0.04480014523651049,0.07880229656517576,G.RF2.CSE025,1,0,1994,1.0,10,0,0
11,2,HK,0,class,0.12184351447102912,0.09133479019252624,G.RF2.CSE025,61,0,1994,0.4426229508196721,10,61,0
3,0,HK,2,class,0.3796748390503779,0.0848421805261216,G.RF2.CSE025,157,0,1994,0.10828025477707007,10,157,0
15,0,HK,0,class,0.7485758722787297,0.08867630721505161,G.RF2.CSE025,123,0,1994,0.008130081300813009,10,123,0
0,0,HK,0,class,0.09503175663494305,0.09102227420703708,G.RF2.CSE025,7,0,1994,0.5714285714285714,10,7,0
9,0,HK,0,class,0.6496902123889472,0.08649643915571845,G.RF2.CSE025,164,0,1994,0.006097560975609756,10,164,0
5,0,HK,0,class,0.46845976863431593,0.08574336691097295,G.RF2.CSE025,1,0,1994,0.0,10,1,0
7,0,HK,0,class,0.7584735490016618,0.08884850543166747,G.RF2.CSE025,21,0,1994,0.0,10,21,0
18,0,HK,0,class,0.1627582405919512,0.08912771077015438,G.RF2.CSE025,33,0,1994,0.42424242424242425,10,31,0
1,0,HK,0,class,0.6774503672275811,0.08838345548629009,G.RF2.CSE025,113,0,1994,0.0,10,113,0
10,0,HK,5,class,0.2544115595973873,0.09045977798290883,G.RF2.CSE025,150,0,1994,0.28,10,146,0
14,0,HK,0,class,0.5001371430629508,0.0862655644837241,G.RF2.CSE025,60,0,1994,0.016666666666666666,10,60,0
all,3,HK,2,old,0.5081517870873087,0.08731405263014891,G.RF2.CSE025,1087,0,1994,0.09935602575896964,10,1082,0
all,0,HK,5,current,0.3246188691589769,0.08926143126885605,G.RF2.CSE025,210,0,1994,0.20476190476190476,10,206,0
all,0,HK,0,tail,0.3995851428837904,0.08970118580175653,G.RF2.CSE025,49,0,1994,0.30612244897959184,10,47,0
22,0,HK,0,class,0.40663838698280397,0.4236437666943617,B.RF2.CSE1,21,0,1994,0.5714285714285714,10,21,0
16,0,HK,0,class,0.114994170318969,0.44672233800421596,B.RF2.CSE1,8,0,1994,1.0,10,5,0
12,1,HK,0,class,0.5058381651139571,0.42871330517534123,B.RF2.CSE1,41,0,1994,0.36585365853658536,10,39,1
13,1,HK,0,class,0.7047538990705474,0.43418124854681234,B.RF2.CSE1,160,0,1994,0.125,10,159,0
21,0,HK,0,class,0.18033623845501134,0.427367558764168,B.RF2.CSE1,4,0,1994,1.0,10,1,0
4,1,HK,0,class,0.5568642440115921,0.4406093981417019,B.RF2.CSE1,165,0,1994,0.3393939393939394,10,165,0
19,0,HK,0,class,0.268870140632384,0.4220005812016916,B.RF2.CSE1,2,0,1994,1.0,10,0,0
17,0,HK,0,class,0.13627302821440185,0.42389831493797914,B.RF2.CSE1,5,0,1994,1.0,10,4,1
6,0,HK,0,class,0.0889632205545623,0.46109332838815265,B.RF2.CSE1,1,0,1994,1.0,10,0,0
11,0,HK,0,class,0.24682734402607698,0.41726456480432705,B.RF2.CSE1,61,0,1994,0.7868852459016393,10,51,3
3,0,HK,0,class,0.5773874638804053,0.4500934802045968,B.RF2.CSE1,157,0,1994,0.3885350318471338,10,157,0
15,0,HK,0,class,0.7577930719218449,0.4722368519015834,B.RF2.CSE1,123,0,1994,0.04065040650406504,10,123,0
0,0,HK,0,class,0.16788330126875142,0.4358202445684619,B.RF2.CSE1,7,0,1994,1.0,10,7,0
9,0,HK,0,class,0.7143407783321334,0.4389665578968599,B.RF2.CSE1,164,0,1994,0.09146341463414634,10,164,0
5,0,HK,0,class,0.46061627017129225,0.46305990000792185,B.RF2.CSE1,1,0,1994,1.0,10,1,0
7,0,HK,0,class,0.8465077000090494,0.41045322076236507,B.RF2.CSE1,21,0,1994,0.0,10,21,0
18,0,HK,0,class,0.363558337169881,0.4202992668622421,B.RF2.CSE1,33,0,1994,0.6060606060606061,10,31,0
1,1,HK,0,class,0.841521206700243,0.39978428924052767,B.RF2.CSE1,113,0,1994,0.008849557522123894,10,113,0
10,1,HK,3,class,0.43261213842130114,0.4188936626921418,B.RF2.CSE1,150,0,1994,0.5133333333333333,10,147,1
14,0,HK,0,class,0.6438190352852289,0.44749384453349733,B.RF2.CSE1,60,0,1994,0.11666666666666667,10,60,0
all,4,HK,0,old,0.6250596870647854,0.43672808918216105,B.RF2.CSE1,1087,0,1994,0.25850965961361544,10,1062,5
all,1,HK,3,current,0.492956966096709,0.4270651432182434,B.RF2.CSE1,210,0,1994,0.4,10,207,1
all,0,HK,0,tail,0.456363837520525,0.42532967862385,B.RF2.CSE1,49,0,1994,0.5714285714285714,10,39,1
22,0,HK,0,class,0.40663838698280397,0.10591094167359043,B.RF2.CSE025,21,0,1994,0.047619047619047616,10,21,0
16,0,HK,0,class,0.114994170318969,0.11168058450105399,B.RF2.CSE025,8,0,1994,0.625,10,5,0
12,0,HK,0,class,0.5058381651139571,0.10717832629383531,B.RF2.CSE025,41,0,1994,0.17073170731707318,10,39,0
13,0,HK,0,class,0.7047538990705474,0.10854531213670308,B.RF2.CSE025,160,0,1994,0.01875,10,159,0
21,0,HK,0,class,0.18033623845501134,0.106841889691042,B.RF2.CSE025,4,0,1994,0.25,10,1,0
4,0,HK,0,class,0.5568642440115921,0.1101523495354255,B.RF2.CSE025,165,0,1994,0.09090909090909091,10,165,0
19,0,HK,0,class,0.268870140632384,0.10550014530042288,B.RF2.CSE025,2,0,1994,0.0,10,0,0
17,0,HK,0,class,0.13627302821440185,0.10597457873449478,B.RF2.CSE025,5,0,1994,0.4,10,4,1
6,0,HK,0,class,0.0889632205545623,0.11527333209703819,B.RF2.CSE025,1,0,1994,1.0,10,0,0
11,0,HK,0,class,0.24682734402607698,0.10431614120108178,B.RF2.CSE025,61,0,1994,0.32786885245901637,10,51,0
3,0,HK,0,class,0.5773874638804053,0.1125233700511492,B.RF2.CSE025,157,0,1994,0.06369426751592357,10,157,0
15,0,HK,0,class,0.7577930719218449,0.11805921297539584,B.RF2.CSE025,123,0,1994,0.008130081300813009,10,123,0
0,0,HK,0,class,0.16788330126875142,0.10895506114211546,B.RF2.CSE025,7,0,1994,0.42857142857142855,10,7,0
9,0,HK,0,class,0.7143407783321334,0.10974163947421497,B.RF2.CSE025,164,0,1994,0.006097560975609756,10,164,0
5,0,HK,0,class,0.46061627017129225,0.11576497500198046,B.RF2.CSE025,1,0,1994,0.0,10,1,0
7,0,HK,0,class,0.8465077000090494,0.10261330519059127,B.RF2.CSE025,21,0,1994,0.0,10,21,0
18,0,HK,0,class,0.363558337169881,0.10507481671556053,B.RF2.CSE025,33,0,1994,0.18181818181818182,10,31,0
1,0,HK,0,class,0.841521206700243,0.09994607231013189,B.RF2.CSE025,113,0,1994,0.008849557522123894,10,113,0
10,0,HK,1,class,0.43261213842130114,0.10472341567303545,B.RF2.CSE025,150,0,1994,0.12,10,147,0
14,0,HK,0,class,0.6438190352852289,0.11187346113337432,B.RF2.CSE025,60,0,1994,0.0,10,60,0
all,0,HK,0,old,0.6250596870647854,0.10918202229554026,B.RF2.CSE025,1087,0,1994,0.07083716651333946,10,1062,1
all,0,HK,1,current,0.492956966096709,0.10676628580456085,B.RF2.CSE025,210,0,1994,0.08571428571428572,10,207,0
all,0,HK,0,tail,0.456363837520525,0.10633241965596252,B.RF2.CSE025,49,0,1994,0.24489795918367346,10,39,1
22,0,HK,2,class,0.17564535517040855,0.35199412847300704,G.RF1.CSEperm1,21,0,1994,0.7619047619047619,10,21,0
16,0,HK,0,class,0.07926895977491802,0.37498264915745194,G.RF1.CSEperm1,8,0,1994,1.0,10,8,0
12,1,HK,0,class,0.24241133144758936,0.3650588677716762,G.RF1.CSEperm1,41,0,1994,0.7560975609756098,10,41,0
13,0,HK,0,class,0.4474939767948025,0.3582433939072673,G.RF1.CSEperm1,160,0,1994,0.325,10,159,0
21,0,HK,0,class,0.07991487124346144,0.3524420645892329,G.RF1.CSEperm1,4,0,1994,1.0,10,4,0
4,0,HK,3,class,0.2818943282287079,0.33449583999275706,G.RF1.CSEperm1,165,0,1994,0.6303030303030303,10,165,0
19,0,HK,0,class,0.04483117312060188,0.3484216369673514,G.RF1.CSEperm1,2,0,1994,1.0,10,1,0
17,0,HK,0,class,0.12019406482221477,0.36022276140999215,G.RF1.CSEperm1,5,0,1994,1.0,10,5,1
6,0,HK,0,class,0.051692563969858774,0.3168372749030713,G.RF1.CSEperm1,1,0,1994,1.0,10,0,0
11,0,HK,2,class,0.08698819012667121,0.36320441056849145,G.RF1.CSEperm1,61,0,1994,1.0,10,61,1
3,3,HK,2,class,0.22267303481274525,0.3354015805944427,G.RF1.CSEperm1,157,0,1994,0.7898089171974523,10,157,0
15,0,HK,0,class,0.6284750884819676,0.3560649995239802,G.RF1.CSEperm1,123,0,1994,0.056910569105691054,10,123,0
0,0,HK,1,class,0.049835782625586404,0.3643544061774687,G.RF1.CSEperm1,7,0,1994,1.0,10,7,0
9,0,HK,0,class,0.5303064594108402,0.34774086811876165,G.RF1.CSEperm1,164,0,1994,0.1951219512195122,10,164,0
5,0,HK,0,class,0.3535167480625212,0.3171354404390544,G.RF1.CSEperm1,1,0,1994,0.0,10,1,0
7,0,HK,0,class,0.6298750904081258,0.36168854400772427,G.RF1.CSEperm1,21,0,1994,0.047619047619047616,10,21,0
18,1,HK,0,class,0.07606620967340039,0.36028267432211564,G.RF1.CSEperm1,33,0,1994,1.0,10,30,0
1,0,HK,0,class,0.4846359151241263,0.3558373606710152,G.RF1.CSEperm1,113,0,1994,0.26548672566371684,10,113,0
10,3,HK,1,class,0.17277646740322306,0.35437940495555836,G.RF1.CSEperm1,150,0,1994,0.86,10,146,3
14,1,HK,0,class,0.33471173237169194,0.3435017030236029,G.RF1.CSEperm1,60,0,1994,0.5333333333333333,10,60,0
all,5,HK,10,old,0.3764283188901369,0.34985787574542215,G.RF1.CSEperm1,1087,0,1994,0.4765409383624655,10,1081,2
all,4,HK,1,current,0.21904368596564272,0.35127149011785685,G.RF1.CSEperm1,210,0,1994,0.7666666666666667,10,206,3
all,0,HK,1,tail,0.3188955208675019,0.3609693778642414,G.RF1.CSEperm1,49,0,1994,0.5714285714285714,10,47,1
22,1,HK,0,class,0.20504690620556137,0.4259855959088979,B.RF1.CSEperm1,21,0,1994,0.8095238095238095,10,21,0
16,0,HK,0,class,0.04331164702245529,0.43378626960133776,B.RF1.CSEperm1,8,0,1994,1.0,10,8,0
12,4,HK,0,class,0.2106134469018128,0.428990780773724,B.RF1.CSEperm1,41,0,1994,0.9024390243902439,10,40,2
13,0,HK,1,class,0.43549756813087914,0.4005036361783952,B.RF1.CSEperm1,160,0,1994,0.4,10,159,2
21,0,HK,0,class,0.15589350924529197,0.4292853217088542,B.RF1.CSEperm1,4,0,1994,1.0,10,4,0
4,4,HK,0,class,0.31848943447702105,0.41861742680940334,B.RF1.CSEperm1,165,0,1994,0.6666666666666666,10,165,0
19,0,HK,0,class,0.021446071670016026,0.4220005812016916,B.RF1.CSEperm1,2,0,1994,1.0,10,1,1
17,0,HK,2,class,0.08398730679182247,0.42033377387498483,B.RF1.CSEperm1,5,0,1994,1.0,10,5,0
6,0,HK,0,class,0.01178205191040771,0.42010565137936445,B.RF1.CSEperm1,1,0,1994,1.0,10,0,0
11,1,HK,9,class,0.07869820261672382,0.42254806221639435,B.RF1.CSEperm1,61,0,1994,1.0,10,60,6
3,1,HK,7,class,0.26561797534616266,0.4424652897577009,B.RF1.CSEperm1,157,0,1994,0.8662420382165605,10,157,0
15,0,HK,0,class,0.6262293196099614,0.4455390221150287,B.RF1.CSEperm1,123,0,1994,0.16260162601626016,10,123,0
0,0,HK,0,class,0.07379164637495232,0.4267273324467924,B.RF1.CSEperm1,7,0,1994,1.0,10,7,2
9,0,HK,2,class,0.49661062773733156,0.42225551765885677,B.RF1.CSEperm1,164,0,1994,0.31097560975609756,10,164,0
5,0,HK,0,class,0.22928303254528676,0.46305990000792185,B.RF1.CSEperm1,1,0,1994,1.0,10,1,0
7,0,HK,0,class,0.631659202572402,0.43517991273560447,B.RF1.CSEperm1,21,0,1994,0.047619047619047616,10,21,0
18,2,HK,0,class,0.07573708656766098,0.4170491053446678,B.RF1.CSEperm1,33,0,1994,1.0,10,30,2
1,0,HK,0,class,0.45659412312184305,0.4128901759314652,B.RF1.CSEperm1,113,0,1994,0.45132743362831856,10,113,0
10,5,HK,2,class,0.16816502159358304,0.41477292700635904,B.RF1.CSEperm1,150,0,1994,0.94,10,145,4
14,0,HK,0,class,0.3205329849104691,0.42934704672235285,B.RF1.CSEperm1,60,0,1994,0.6833333333333333,10,60,0
all,13,HK,21,old,0.37690365337250914,0.4236815184170019,B.RF1.CSEperm1,1087,0,1994,0.5602575896964122,10,1079,15
all,5,HK,2,current,0.21169872539840767,0.4189369612109287,B.RF1.CSEperm1,210,0,1994,0.8666666666666667,10,205,4
all,0,HK,2,tail,0.3154152194604236,0.4314721739058562,B.RF1.CSEperm1,49,0,1994,0.5918367346938775,10,47,3
22,0,HK,0,class,0.16265707404456467,0.3475566018955673,G.LIN.CSE1,21,0,1994,0.8571428571428571,11,20,0
16,0,HK,0,class,0.08797057373783158,0.37746724867567283,G.LIN.CSE1,8,0,1994,1.0,11,8,0
12,0,HK,0,class,0.21209217922008583,0.3632182375869535,G.LIN.CSE1,41,0,1994,0.8536585365853658,11,40,0
13,0,HK,0,class,0.43524939166604976,0.3520267914412899,G.LIN.CSE1,160,0,1994,0.3375,11,159,0
21,0,HK,0,class,0.07160808096474525,0.35214379911228144,G.LIN.CSE1,4,0,1994,1.0,11,4,0
4,5,HK,0,class,0.28539434663328445,0.33631161899181555,G.LIN.CSE1,165,0,1994,0.6121212121212121,11,165,1
19,0,HK,0,class,0.02109310583072871,0.3357980262017717,G.LIN.CSE1,2,0,1994,1.0,11,1,0
17,0,HK,0,class,0.10458979162972304,0.3593696762158013,G.LIN.CSE1,5,0,1994,1.0,11,5,0
6,0,HK,0,class,0.06610825667895892,0.31003910014095015,G.LIN.CSE1,1,0,1994,1.0,11,0,0
11,8,HK,0,class,0.07915650271632926,0.3651441380844566,G.LIN.CSE1,61,0,1994,1.0,11,61,2
3,0,HK,8,class,0.2189530108096231,0.3384598756571449,G.LIN.CSE1,157,0,1994,0.7961783439490446,11,157,1
15,0,HK,0,class,0.6150155355592741,0.356161136953938,G.LIN.CSE1,123,0,1994,0.06504065040650407,11,123,0
0,0,HK,0,class,0.05890621087751803,0.36614282176064444,G.LIN.CSE1,7,0,1994,1.0,11,7,0
9,0,HK,0,class,0.5138935526096611,0.34751320370606475,G.LIN.CSE1,164,0,1994,0.2073170731707317,11,164,0
5,0,HK,0,class,0.24726353450727473,0.34297345099905535,G.LIN.CSE1,1,0,1994,1.0,11,1,0
7,0,HK,0,class,0.5219573696213818,0.3535075217716156,G.LIN.CSE1,21,0,1994,0.14285714285714285,11,21,0
18,1,HK,1,class,0.06505363757511914,0.35610059446602743,G.LIN.CSE1,33,0,1994,1.0,11,29,0
1,2,HK,0,class,0.4154542575312445,0.35148640847663065,G.LIN.CSE1,113,0,1994,0.36283185840707965,11,113,0
10,0,HK,7,class,0.1701609897269238,0.3623075750843353,G.LIN.CSE1,150,0,1994,0.8933333333333333,11,145,4
14,0,HK,0,class,0.30469771549439956,0.3453367585445656,G.LIN.CSE1,60,0,1994,0.6166666666666667,11,60,0
20,0,HK,0,class,0.055367620571944574,0.34727212559069004,G.LIN.CSE1,66,0,1994,1.0,11,60,2
8,0,HK,1,class,0.3851001274284005,0.3496075380659069,G.LIN.CSE1,153,0,1994,0.3202614379084967,11,153,0
2,0,HK,1,class,0.44937962890126865,0.34995211689774525,G.LIN.CSE1,182,0,1994,0.25824175824175827,11,182,0
all,16,HK,16,old,0.3347050387596477,0.35026243001553464,G.LIN.CSE1,1297,0,1994,0.5489591364687741,11,1283,8
all,0,HK,2,current,0.360004176843702,0.34937954835027163,G.LIN.CSE1,401,0,1994,0.40399002493765584,11,395,2
all,0,HK,0,tail,0.27024800230509355,0.35788628326541844,G.LIN.CSE1,49,0,1994,0.6326530612244898,11,47,0
22,0,HK,0,class,0.16265707404456467,0.08688915047389185,G.LIN.CSE025,21,0,1994,0.5238095238095238,11,20,0
16,0,HK,0,class,0.08797057373783158,0.09436681216891822,G.LIN.CSE025,8,0,1994,0.75,11,8,0
12,0,HK,0,class,0.21209217922008583,0.09080455939673837,G.LIN.CSE025,41,0,1994,0.1951219512195122,11,40,0
13,0,HK,0,class,0.43524939166604976,0.08800669786032247,G.LIN.CSE025,160,0,1994,0.03125,11,159,0
21,0,HK,0,class,0.07160808096474525,0.08803594977807036,G.LIN.CSE025,4,0,1994,0.5,11,4,0
4,1,HK,0,class,0.28539434663328445,0.08407790474795389,G.LIN.CSE025,165,0,1994,0.15757575757575756,11,165,0
19,0,HK,0,class,0.02109310583072871,0.08394950655044292,G.LIN.CSE025,2,0,1994,1.0,11,1,0
17,0,HK,0,class,0.10458979162972304,0.08984241905395032,G.LIN.CSE025,5,0,1994,0.6,11,5,0
6,0,HK,0,class,0.06610825667895892,0.07750977503523754,G.LIN.CSE025,1,0,1994,1.0,11,0,0
11,1,HK,0,class,0.07915650271632926,0.09128603452111417,G.LIN.CSE025,61,0,1994,0.6557377049180327,11,61,1
3,0,HK,3,class,0.2189530108096231,0.08461496891428623,G.LIN.CSE025,157,0,1994,0.21019108280254778,11,157,1
15,0,HK,0,class,0.6150155355592741,0.0890402842384845,G.LIN.CSE025,123,0,1994,0.008130081300813009,11,123,0
0,0,HK,0,class,0.05890621087751803,0.09153570544016111,G.LIN.CSE025,7,0,1994,0.8571428571428571,11,7,0
9,0,HK,0,class,0.5138935526096611,0.08687830092651619,G.LIN.CSE025,164,0,1994,0.024390243902439025,11,164,0
5,0,HK,0,class,0.24726353450727473,0.08574336274976385,G.LIN.CSE025,1,0,1994,0.0,11,1,0
7,0,HK,0,class,0.5219573696213818,0.0883768804429039,G.LIN.CSE025,21,0,1994,0.0,11,21,0
18,0,HK,0,class,0.06505363757511914,0.08902514861650687,G.LIN.CSE025,33,0,1994,0.696969696969697,11,29,0
1,1,HK,0,class,0.4154542575312445,0.08787160211915766,G.LIN.CSE025,113,0,1994,0.05309734513274336,11,113,0
10,0,HK,3,class,0.1701609897269238,0.09057689377108381,G.LIN.CSE025,150,0,1994,0.38,11,145,0
14,0,HK,0,class,0.30469771549439956,0.0863341896361414,G.LIN.CSE025,60,0,1994,0.1,11,60,0
20,0,HK,0,class,0.055367620571944574,0.08681803139767251,G.LIN.CSE025,66,0,1994,0.7727272727272727,11,60,0
8,0,HK,0,class,0.3851001274284005,0.08740188451647672,G.LIN.CSE025,153,0,1994,0.05228758169934641,11,153,0
2,0,HK,0,class,0.44937962890126865,0.08748802922443631,G.LIN.CSE025,182,0,1994,0.10989010989010989,11,182,0
all,3,HK,6,old,0.3347050387596477,0.08756560750388366,G.LIN.CSE025,1297,0,1994,0.18504240555127216,11,1283,2
all,0,HK,0,current,0.360004176843702,0.08734488708756792,G.LIN.CSE025,401,0,1994,0.1970074812967581,11,395,0
all,0,HK,0,tail,0.27024800230509355,0.08947157081635461,G.LIN.CSE025,49,0,1994,0.40816326530612246,11,47,0
22,0,HK,0,class,0.15002298512562484,0.34759781533195777,G.RF1.CSE1,21,0,1994,0.9047619047619048,11,20,1
16,0,HK,0,class,0.0734582032205032,0.37627578032774633,G.RF1.CSE1,8,0,1994,1.0,11,8,0
12,0,HK,1,class,0.22671561407448723,0.362919959409949,G.RF1.CSE1,41,0,1994,0.8048780487804879,11,41,0
13,0,HK,0,class,0.41746788167827625,0.3519502282313991,G.RF1.CSE1,160,0,1994,0.375,11,159,0
21,0,HK,0,class,0.0777528379632836,0.351934109345724,G.RF1.CSE1,4,0,1994,1.0,11,4,0
4,4,HK,0,class,0.26332740776184266,0.3362627816089498,G.RF1.CSE1,165,0,1994,0.6484848484848484,11,165,1
19,0,HK,0,class,0.008592010604831293,0.3357980262017717,G.RF1.CSE1,2,0,1994,1.0,11,1,0
17,0,HK,0,class,0.10101523412463602,0.36105980105487684,G.RF1.CSE1,5,0,1994,1.0,11,5,0
6,0,HK,0,class,0.05828426741076856,0.3152091360360224,G.RF1.CSE1,1,0,1994,1.0,11,0,0
11,6,HK,0,class,0.08171757445246026,0.36514413808445667,G.RF1.CSE1,61,0,1994,1.0,11,61,0
3,0,HK,7,class,0.19974416535385361,0.3381935727904073,G.RF1.CSE1,157,0,1994,0.8535031847133758,11,157,1
15,0,HK,0,class,0.6090851541975362,0.35634096889265,G.RF1.CSE1,123,0,1994,0.07317073170731707,11,123,0
0,0,HK,0,class,0.048241841681880296,0.36614282176064444,G.RF1.CSE1,7,0,1994,1.0,11,7,1
9,0,HK,0,class,0.5061590725812398,0.34791289685015625,G.RF1.CSE1,164,0,1994,0.20121951219512196,11,164,0
5,0,HK,0,class,0.29018490781153883,0.34297345099905535,G.RF1.CSE1,1,0,1994,1.0,11,1,0
7,0,HK,0,class,0.5215848013544273,0.3518417099034867,G.RF1.CSE1,21,0,1994,0.14285714285714285,11,21,0
18,2,HK,0,class,0.055187896879928255,0.3561685357906748,G.RF1.CSE1,33,0,1994,1.0,11,29,3
1,0,HK,0,class,0.4000406896155653,0.35128729437791484,G.RF1.CSE1,113,0,1994,0.3893805309734513,11,113,0
10,0,HK,8,class,0.16361863583570282,0.36240635618504236,G.RF1.CSE1,150,0,1994,0.9066666666666666,11,146,1
14,0,HK,0,class,0.3021980467574153,0.34454689285536977,G.RF1.CSE1,60,0,1994,0.6166666666666667,11,60,0
20,1,HK,1,class,0.05601547787898177,0.34703433204615164,G.RF1.CSE1,66,0,1994,1.0,11,60,3
8,0,HK,1,class,0.3825645291528425,0.3493569185193602,G.RF1.CSE1,153,0,1994,0.3202614379084967,11,153,0
2,0,HK,3,class,0.44311165246959233,0.3493429720835006,G.RF1.CSE1,182,0,1994,0.25274725274725274,11,182,0
all,12,HK,16,old,0.3236104324248119,0.35020816844921954,G.RF1.CSE1,1297,0,1994,0.5682343870470317,11,1285,8
all,1,HK,5,current,0.3562985417702332,0.3489683176252002,G.RF1.CSE1,401,0,1994,0.4014962593516209,11,395,3
all,0,HK,0,tail,0.2665383686711928,0.357238693571747,G.RF1.CSE1,49,0,1994,0.6326530612244898,11,47,1
22,0,HK,0,class,0.15002298512562484,0.08689945383298944,G.RF1.CSE025,21,0,1994,0.47619047619047616,11,20,0
16,0,HK,0,class,0.0734582032205032,0.09406894508193657,G.RF1.CSE025,8,0,1994,0.75,11,8,0
12,0,HK,0,class,0.22671561407448723,0.09072998985248723,G.RF1.CSE025,41,0,1994,0.17073170731707318,11,41,0
13,0,HK,0,class,0.41746788167827625,0.08798755705784977,G.RF1.CSE025,160,0,1994,0.05625,11,159,0
21,0,HK,0,class,0.0777528379632836,0.087983527336431,G.RF1.CSE025,4,0,1994,0.5,11,4,0
4,0,HK,0,class,0.26332740776184266,0.08406569540223743,G.RF1.CSE025,165,0,1994,0.15151515151515152,11,165,0
19,0,HK,0,class,0.008592010604831293,0.08394950655044292,G.RF1.CSE025,2,0,1994,1.0,11,1,0
17,0,HK,0,class,0.10101523412463602,0.09026495026371922,G.RF1.CSE025,5,0,1994,0.6,11,5,0
6,0,HK,0,class,0.05828426741076856,0.0788022840090056,G.RF1.CSE025,1,0,1994,1.0,11,0,0
11,1,HK,0,class,0.08171757445246026,0.09128603452111417,G.RF1.CSE025,61,0,1994,0.7049180327868853,11,61,0
3,0,HK,0,class,0.19974416535385361,0.08454839319760184,G.RF1.CSE025,157,0,1994,0.21656050955414013,11,157,0
15,0,HK,0,class,0.6090851541975362,0.0890852422231625,G.RF1.CSE025,123,0,1994,0.008130081300813009,11,123,0
0,0,HK,0,class,0.048241841681880296,0.09153570544016111,G.RF1.CSE025,7,0,1994,1.0,11,7,0
9,0,HK,0,class,0.5061590725812398,0.08697822421253905,G.RF1.CSE025,164,0,1994,0.024390243902439025,11,164,0
5,0,HK,0,class,0.29018490781153883,0.08574336274976385,G.RF1.CSE025,1,0,1994,0.0,11,1,0
7,0,HK,0,class,0.5215848013544273,0.08796042747587167,G.RF1.CSE025,21,0,1994,0.0,11,21,0
18,0,HK,0,class,0.055187896879928255,0.0890421339476687,G.RF1.CSE025,33,0,1994,0.696969696969697,11,29,0
1,0,HK,0,class,0.4000406896155653,0.08782182359447871,G.RF1.CSE025,113,0,1994,0.061946902654867256,11,113,0
10,0,HK,2,class,0.16361863583570282,0.09060158904626059,G.RF1.CSE025,150,0,1994,0.36,11,146,0
14,0,HK,0,class,0.3021980467574153,0.08613672321384244,G.RF1.CSE025,60,0,1994,0.13333333333333333,11,60,0
20,1,HK,0,class,0.05601547787898177,0.08675858301153792,G.RF1.CSE025,66,0,1994,0.7878787878787878,11,60,2
8,0,HK,0,class,0.3825645291528425,0.08733922962984005,G.RF1.CSE025,153,0,1994,0.0457516339869281,11,153,0
2,0,HK,1,class,0.44311165246959233,0.08733574302087517,G.RF1.CSE025,182,0,1994,0.12637362637362637,11,182,0
all,1,HK,2,old,0.3236104324248119,0.08755204211230488,G.RF1.CSE025,1297,0,1994,0.18966846569005397,11,1285,0
all,1,HK,1,current,0.3562985417702332,0.08724207940630002,G.RF1.CSE025,401,0,1994,0.20448877805486285,11,395,2
all,0,HK,0,tail,0.2665383686711928,0.08930967339293674,G.RF1.CSE025,49,0,1994,0.42857142857142855,11,47,0
22,0,HK,0,class,0.16236107236302905,0.42422234870453057,B.LIN.CSE1,21,0,1994,0.9523809523809523,11,21,1
16,0,HK,0,class,0.04275771910723944,0.4485138893549838,B.LIN.CSE1,8,0,1994,1.0,11,8,1
12,0,HK,0,class,0.19041306904994793,0.43310771231716133,B.LIN.CSE1,41,0,1994,0.9512195121951219,11,40,1
13,2,HK,0,class,0.4095628277869327,0.4363783390517611,B.LIN.CSE1,160,0,1994,0.55,11,159,1
21,0,HK,0,class,0.09217977163580894,0.4462783434090046,B.LIN.CSE1,4,0,1994,1.0,11,3,0
4,4,HK,0,class,0.30423127360936786,0.4403815208754824,B.LIN.CSE1,165,0,1994,0.7212121212121212,11,165,0
19,0,HK,0,class,0.02207367230373955,0.4218898328319277,B.LIN.CSE1,2,0,1994,1.0,11,1,1
17,0,HK,1,class,0.07787163612278562,0.425388880621846,B.LIN.CSE1,5,0,1994,1.0,11,5,0
6,0,HK,0,class,0.03996947211654864,0.4152285676593448,B.LIN.CSE1,1,0,1994,1.0,11,0,0
11,7,HK,0,class,0.07216301186000097,0.42208607950612304,B.LIN.CSE1,61,0,1994,1.0,11,60,3
3,1,HK,5,class,0.24968980352653028,0.45304760987270276,B.LIN.CSE1,157,0,1994,0.89171974522293,11,157,0
15,0,HK,0,class,0.5966787358005429,0.47227924160015367,B.LIN.CSE1,123,0,1994,0.22764227642276422,11,123,0
0,0,HK,0,class,0.08375074739054211,0.44028544486896937,B.LIN.CSE1,7,0,1994,1.0,11,7,1
9,0,HK,0,class,0.4828056925200543,0.4427295178652281,B.LIN.CSE1,164,0,1994,0.4329268292682927,11,164,0
5,0,HK,0,class,0.14289517846001,0.4630599000079218,B.LIN.CSE1,1,0,1994,1.0,11,1,0
7,0,HK,0,class,0.512976045737414,0.42439494458109567,B.LIN.CSE1,21,0,1994,0.14285714285714285,11,21,0
18,0,HK,3,class,0.06033266678447556,0.4322803815830753,B.LIN.CSE1,33,0,1994,1.0,11,28,4
1,1,HK,0,class,0.3794400409899907,0.4156580151814817,B.LIN.CSE1,113,0,1994,0.6017699115044248,11,113,0
10,0,HK,11,class,0.15902535827708358,0.4222706207030178,B.LIN.CSE1,150,0,1994,0.9733333333333334,11,145,2
14,0,HK,0,class,0.27456735068331656,0.44923794829722163,B.LIN.CSE1,60,0,1994,0.8,11,60,0
20,1,HK,1,class,0.054871501465837566,0.42541394933092164,B.LIN.CSE1,66,0,1994,1.0,11,59,3
8,1,HK,0,class,0.4012612175721496,0.4321250791533203,B.LIN.CSE1,153,0,1994,0.5751633986928104,11,153,0
2,5,HK,0,class,0.4268705236172648,0.419616448260371,B.LIN.CSE1,182,0,1994,0.4065934065934066,11,182,0
all,15,HK,20,old,0.32459602353257067,0.43906653142126156,B.LIN.CSE1,1297,0,1994,0.6877409406322282,11,1281,15
all,7,HK,1,current,0.3558726201586693,0.42534327019871915,B.LIN.CSE1,401,0,1994,0.5685785536159601,11,394,3
all,0,HK,1,tail,0.2588959838248695,0.43299038724902117,B.LIN.CSE1,49,0,1994,0.6326530612244898,11,46,3
22,0,HK,0,class,0.16236107236302905,0.10605558717613264,B.LIN.CSE025,21,0,1994,0.5238095238095238,11,21,0
16,0,HK,0,class,0.04275771910723944,0.11212847233874595,B.LIN.CSE025,8,0,1994,1.0,11,8,1
12,0,HK,0,class,0.19041306904994793,0.10827692807929033,B.LIN.CSE025,41,0,1994,0.3170731707317073,11,40,0
13,0,HK,0,class,0.4095628277869327,0.10909458476294025,B.LIN.CSE025,160,0,1994,0.05,11,159,1
21,0,HK,0,class,0.09217977163580894,0.11156958585225116,B.LIN.CSE025,4,0,1994,0.5,11,3,0
4,3,HK,0,class,0.30423127360936786,0.1100953802188706,B.LIN.CSE025,165,0,1994,0.18787878787878787,11,165,0
19,0,HK,0,class,0.02207367230373955,0.10547245820798191,B.LIN.CSE025,2,0,1994,1.0,11,1,1
17,0,HK,1,class,0.07787163612278562,0.1063472201554615,B.LIN.CSE025,5,0,1994,0.8,11,5,0
6,0,HK,0,class,0.03996947211654864,0.10380714191483623,B.LIN.CSE025,1,0,1994,1.0,11,0,0
11,2,HK,0,class,0.07216301186000097,0.10552151987653077,B.LIN.CSE025,61,0,1994,0.7377049180327869,11,60,1
3,1,HK,1,class,0.24968980352653028,0.11326190246817569,B.LIN.CSE025,157,0,1994,0.2356687898089172,11,157,0
15,0,HK,0,class,0.5966787358005429,0.11806981040003842,B.LIN.CSE025,123,0,1994,0.0,11,123,0
0,0,HK,0,class,0.08375074739054211,0.11007136121724234,B.LIN.CSE025,7,0,1994,0.42857142857142855,11,7,0
9,0,HK,0,class,0.4828056925200543,0.11068237946630702,B.LIN.CSE025,164,0,1994,0.006097560975609756,11,164,0
5,0,HK,0,class,0.14289517846001,0.11576497500198046,B.LIN.CSE025,1,0,1994,0.0,11,1,0
7,0,HK,0,class,0.512976045737414,0.10609873614527392,B.LIN.CSE025,21,0,1994,0.0,11,21,0
18,0,HK,1,class,0.06033266678447556,0.10807009539576883,B.LIN.CSE025,33,0,1994,0.8787878787878788,11,28,1
1,0,HK,0,class,0.3794400409899907,0.10391450379537041,B.LIN.CSE025,113,0,1994,0.08849557522123894,11,113,0
10,0,HK,4,class,0.15902535827708358,0.10556765517575445,B.LIN.CSE025,150,0,1994,0.44,11,145,2
14,0,HK,0,class,0.27456735068331656,0.11230948707430542,B.LIN.CSE025,60,0,1994,0.2,11,60,0
20,1,HK,1,class,0.054871501465837566,0.10635348733273042,B.LIN.CSE025,66,0,1994,0.8636363636363636,11,59,1
8,0,HK,0,class,0.4012612175721496,0.10803126978833008,B.LIN.CSE025,153,0,1994,0.05228758169934641,11,153,0
2,2,HK,0,class,0.4268705236172648,0.10490411206509274,B.LIN.CSE025,182,0,1994,0.12087912087912088,11,182,0
all,6,HK,7,old,0.32459602353257067,0.10976663285531536,B.LIN.CSE025,1297,0,1994,0.2181958365458751,11,1281,7
all,3,HK,1,current,0.3558726201586693,0.10633581754967979,B.LIN.CSE025,401,0,1994,0.2169576059850374,11,394,1
all,0,HK,1,tail,0.2588959838248695,0.10824759681225529,B.LIN.CSE025,49,0,1994,0.40816326530612246,11,46,2
22,0,HK,0,class,0.16057612246923725,0.425594238694451,B.RF1.CSE1,21,0,1994,0.9523809523809523,11,21,0
16,1,HK,0,class,0.04002753267098896,0.4485138893549838,B.RF1.CSE1,8,0,1994,1.0,11,8,0
12,1,HK,0,class,0.19812466308807924,0.4337818385692591,B.RF1.CSE1,41,0,1994,0.975609756097561,11,40,0
13,1,HK,0,class,0.4035047877186635,0.43621791308648533,B.RF1.CSE1,160,0,1994,0.58125,11,159,0
21,0,HK,0,class,0.12473921710882906,0.4462783434090046,B.RF1.CSE1,4,0,1994,1.0,11,4,0
4,2,HK,0,class,0.29841926989672707,0.4404324601741582,B.RF1.CSE1,165,0,1994,0.7151515151515152,11,165,0
19,0,HK,0,class,0.010904671907387906,0.4217701091992286,B.RF1.CSE1,2,0,1994,1.0,11,1,0
17,1,HK,1,class,0.07763554830344081,0.425388880621846,B.RF1.CSE1,5,0,1994,1.0,11,5,0
6,0,HK,0,class,0.05118050613905056,0.42010565137936445,B.RF1.CSE1,1,0,1994,1.0,11,0,0
11,7,HK,0,class,0.07349202372491703,0.42353706757683846,B.RF1.CSE1,61,0,1994,1.0,11,60,3
3,2,HK,3,class,0.2442636705028439,0.453111570445855,B.RF1.CSE1,157,0,1994,0.89171974522293,11,157,0
15,0,HK,0,class,0.6076831204765011,0.47238518244317107,B.RF1.CSE1,123,0,1994,0.22764227642276422,11,123,0
0,0,HK,0,class,0.06763774754573525,0.44028544486896937,B.RF1.CSE1,7,0,1994,1.0,11,7,1
9,0,HK,0,class,0.4746327988093895,0.4429020189007699,B.RF1.CSE1,164,0,1994,0.4146341463414634,11,164,0
5,0,HK,0,class,0.1877355284007088,0.46305990000792185,B.RF1.CSE1,1,0,1994,1.0,11,1,0
7,0,HK,0,class,0.5223704135586418,0.4236089351968647,B.RF1.CSE1,21,0,1994,0.23809523809523808,11,21,0
18,0,HK,4,class,0.05687436920850638,0.4291864256314259,B.RF1.CSE1,33,0,1994,1.0,11,29,5
1,1,HK,0,class,0.37666496305510966,0.41544953184383754,B.RF1.CSE1,113,0,1994,0.6017699115044248,11,113,0
10,0,HK,11,class,0.15722576604539035,0.4228073957508263,B.RF1.CSE1,150,0,1994,0.9733333333333334,11,145,3
14,1,HK,1,class,0.2903099032466578,0.44918857455083444,B.RF1.CSE1,60,0,1994,0.7666666666666667,11,60,0
20,0,HK,2,class,0.05464310930874774,0.42419590939313084,B.RF1.CSE1,66,0,1994,1.0,11,61,5
8,2,HK,0,class,0.424082793776313,0.4327155988880436,B.RF1.CSE1,153,0,1994,0.5032679738562091,11,153,0
2,4,HK,0,class,0.42578504543154577,0.42070906558773086,B.RF1.CSE1,182,0,1994,0.44505494505494503,11,182,0
all,17,HK,20,old,0.3231041982605012,0.4391583469802406,B.RF1.CSE1,1297,0,1994,0.6892829606784888,11,1283,12
all,6,HK,2,current,0.36404985269499895,0.42586400645083383,B.RF1.CSE1,401,0,1994,0.5586034912718204,11,396,5
all,2,HK,1,tail,0.2634963911678897,0.4327481717262818,B.RF1.CSE1,49,0,1994,0.673469387755102,11,47,1
22,0,HK,0,class,0.16057612246923725,0.10639855967361278,B.RF1.CSE025,21,0,1994,0.47619047619047616,11,21,0
16,0,HK,0,class,0.04002753267098896,0.11212847233874597,B.RF1.CSE025,8,0,1994,0.875,11,8,0
12,1,HK,0,class,0.19812466308807924,0.1084454596423148,B.RF1.CSE025,41,0,1994,0.2926829268292683,11,40,0
13,1,HK,0,class,0.4035047877186635,0.10905447827162132,B.RF1.CSE025,160,0,1994,0.06875,11,159,0
21,0,HK,0,class,0.12473921710882906,0.11156958585225113,B.RF1.CSE025,4,0,1994,0.25,11,4,0
4,2,HK,0,class,0.29841926989672707,0.11010811504353953,B.RF1.CSE025,165,0,1994,0.2,11,165,0
19,0,HK,0,class,0.010904671907387906,0.10544252729980713,B.RF1.CSE025,2,0,1994,1.0,11,1,0
17,0,HK,1,class,0.07763554830344081,0.1063472201554615,B.RF1.CSE025,5,0,1994,0.8,11,5,0
6,0,HK,0,class,0.05118050613905056,0.1050264128448411,B.RF1.CSE025,1,0,1994,1.0,11,0,0
11,2,HK,0,class,0.07349202372491703,0.10588426689420961,B.RF1.CSE025,61,0,1994,0.7377049180327869,11,60,0
3,1,HK,0,class,0.2442636705028439,0.11327789261146372,B.RF1.CSE025,157,0,1994,0.2484076433121019,11,157,0
15,0,HK,0,class,0.6076831204765011,0.11809629561079277,B.RF1.CSE025,123,0,1994,0.0,11,123,0
0,0,HK,0,class,0.06763774754573525,0.11007136121724234,B.RF1.CSE025,7,0,1994,0.7142857142857143,11,7,1
9,0,HK,0,class,0.4746327988093895,0.11072550472519248,B.RF1.CSE025,164,0,1994,0.012195121951219513,11,164,0
5,0,HK,0,class,0.1877355284007088,0.11576497500198046,B.RF1.CSE025,1,0,1994,0.0,11,1,0
7,0,HK,0,class,0.5223704135586418,0.10590223379921618,B.RF1.CSE025,21,0,1994,0.0,11,21,0
18,0,HK,0,class,0.05687436920850638,0.10729660640785649,B.RF1.CSE025,33,0,1994,0.8484848484848485,11,29,3
1,0,HK,0,class,0.37666496305510966,0.10386238296095938,B.RF1.CSE025,113,0,1994,0.09734513274336283,11,113,0
10,0,HK,5,class,0.15722576604539035,0.10570184893770658,B.RF1.CSE025,150,0,1994,0.44666666666666666,11,145,0
14,1,HK,1,class,0.2903099032466578,0.11229714363770858,B.RF1.CSE025,60,0,1994,0.15,11,60,0
20,0,HK,0,class,0.05464310930874774,0.10604897734828272,B.RF1.CSE025,66,0,1994,0.8636363636363636,11,61,0
8,1,HK,0,class,0.424082793776313,0.1081788997220109,B.RF1.CSE025,153,0,1994,0.05228758169934641,11,153,0
2,1,HK,0,class,0.42578504543154577,0.10517726639693271,B.RF1.CSE025,182,0,1994,0.13186813186813187,11,182,0
all,8,HK,7,old,0.3231041982605012,0.10978958674506015,B.RF1.CSE025,1297,0,1994,0.2212798766383963,11,1283,4
all,2,HK,0,current,0.36404985269499895,0.10646600161270846,B.RF1.CSE025,401,0,1994,0.22194513715710723,11,396,0
all,0,HK,1,tail,0.2634963911678897,0.10818704293157046,B.RF1.CSE025,49,0,1994,0.40816326530612246,11,47,1
22,0,HK,0,class,0.240567297835594,0.3498154528699069,G.RF2.CSE1,21,0,1994,0.7142857142857143,11,20,0
16,0,HK,0,class,0.11898999288056805,0.37746724867567283,G.RF2.CSE1,8,0,1994,0.875,11,8,0
12,0,HK,0,class,0.32180702891199775,0.3622801746669347,G.RF2.CSE1,41,0,1994,0.5853658536585366,11,41,0
13,0,HK,0,class,0.5805117631230031,0.35274554235202077,G.RF2.CSE1,160,0,1994,0.175,11,160,0
21,0,HK,0,class,0.16767847737522829,0.35153261599502095,G.RF2.CSE1,4,0,1994,1.0,11,3,0
4,4,HK,0,class,0.4057181551475496,0.3369584586093068,G.RF2.CSE1,165,0,1994,0.40606060606060607,11,165,0
19,0,HK,0,class,0.017569878134943123,0.3424187034691179,G.RF2.CSE1,2,0,1994,1.0,11,0,0
17,0,HK,0,class,0.1277380063043776,0.3593696762158013,G.RF2.CSE1,5,0,1994,1.0,11,5,0
6,0,HK,0,class,0.16042298212675582,0.3152091360360224,G.RF2.CSE1,1,0,1994,1.0,11,0,0
11,5,HK,0,class,0.11514056178482385,0.3653391361244443,G.RF2.CSE1,61,0,1994,0.9672131147540983,11,61,1
3,0,HK,5,class,0.3552567929862285,0.33892716423406616,G.RF2.CSE1,157,0,1994,0.5159235668789809,11,157,0
15,0,HK,0,class,0.738378840033219,0.3548863010302767,G.RF2.CSE1,123,0,1994,0.056910569105691054,11,123,0
0,0,HK,0,class,0.09350736351342427,0.3660331311937894,G.RF2.CSE1,7,0,1994,1.0,11,7,0
9,0,HK,0,class,0.6341970098615608,0.3462263568399311,G.RF2.CSE1,164,0,1994,0.11585365853658537,11,164,0
5,0,HK,0,class,0.4289095102541941,0.3429734509990553,G.RF2.CSE1,1,0,1994,0.0,11,1,0
7,0,HK,0,class,0.6563696568003481,0.3548135031844576,G.RF2.CSE1,21,0,1994,0.14285714285714285,11,21,0
18,2,HK,1,class,0.10087222660418523,0.35609414628261876,G.RF2.CSE1,33,0,1994,0.9696969696969697,11,31,0
1,0,HK,0,class,0.5969704323179058,0.352902146527684,G.RF2.CSE1,113,0,1994,0.1415929203539823,11,113,0
10,0,HK,3,class,0.24548170894524748,0.36159061343897814,G.RF2.CSE1,150,0,1994,0.7266666666666667,11,145,2
14,0,HK,0,class,0.4689506856386832,0.344752732381662,G.RF2.CSE1,60,0,1994,0.35,11,60,0
20,0,HK,1,class,0.09370135748133497,0.3471834262722695,G.RF2.CSE1,66,0,1994,1.0,11,64,1
8,0,HK,0,class,0.5554987094509574,0.3485097622652675,G.RF2.CSE1,153,0,1994,0.16993464052287582,11,153,0
2,0,HK,2,class,0.6040828671162758,0.3492146905515797,G.RF2.CSE1,182,0,1994,0.21428571428571427,11,182,0
all,11,HK,9,old,0.45394682122447855,0.3502685361701254,G.RF2.CSE1,1297,0,1994,0.3909020817270625,11,1285,3
all,0,HK,3,current,0.5015428278177725,0.348611405089634,G.RF2.CSE1,401,0,1994,0.3266832917705736,11,399,1
all,0,HK,0,tail,0.3535532749003972,0.3587561696666923,G.RF2.CSE1,49,0,1994,0.5918367346938775,11,45,0
22,0,HK,0,class,0.240567297835594,0.08745386321747672,G.RF2.CSE025,21,0,1994,0.38095238095238093,11,20,0
16,0,HK,0,class,0.11898999288056805,0.09436681216891823,G.RF2.CSE025,8,0,1994,0.5,11,8,0
12,0,HK,0,class,0.32180702891199775,0.09057004366673367,G.RF2.CSE025,41,0,1994,0.17073170731707318,11,41,0
13,0,HK,0,class,0.5805117631230031,0.08818638558800519,G.RF2.CSE025,160,0,1994,0.025,11,160,0
21,0,HK,0,class,0.16767847737522829,0.08788315399875524,G.RF2.CSE025,4,0,1994,0.25,11,3,0
4,3,HK,0,class,0.4057181551475496,0.0842396146523267,G.RF2.CSE025,165,0,1994,0.09090909090909091,11,165,0
19,0,HK,0,class,0.017569878134943123,0.08560467586727946,G.RF2.CSE025,2,0,1994,1.0,11,0,0
17,0,HK,0,class,0.1277380063043776,0.08984241905395032,G.RF2.CSE025,5,0,1994,0.6,11,5,0
6,0,HK,0,class,0.16042298212675582,0.0788022840090056,G.RF2.CSE025,1,0,1994,0.0,11,0,0
11,1,HK,0,class,0.11514056178482385,0.09133478403111106,G.RF2.CSE025,61,0,1994,0.4918032786885246,11,61,1
3,0,HK,1,class,0.3552567929862285,0.08473179105851654,G.RF2.CSE025,157,0,1994,0.10191082802547771,11,157,0
15,0,HK,0,class,0.738378840033219,0.08872157525756917,G.RF2.CSE025,123,0,1994,0.008130081300813009,11,123,0
0,0,HK,0,class,0.09350736351342427,0.09150828279844735,G.RF2.CSE025,7,0,1994,0.5714285714285714,11,7,0
9,0,HK,0,class,0.6341970098615608,0.08655658920998277,G.RF2.CSE025,164,0,1994,0.006097560975609756,11,164,0
5,0,HK,0,class,0.4289095102541941,0.0857433627497638,G.RF2.CSE025,1,0,1994,0.0,11,1,0
7,0,HK,0,class,0.6563696568003481,0.0887033757961144,G.RF2.CSE025,21,0,1994,0.047619047619047616,11,21,0
18,1,HK,1,class,0.10087222660418523,0.08902353657065469,G.RF2.CSE025,33,0,1994,0.5454545454545454,11,31,0
1,0,HK,0,class,0.5969704323179058,0.08822553663192101,G.RF2.CSE025,113,0,1994,0.017699115044247787,11,113,0
10,0,HK,1,class,0.24548170894524748,0.09039765335974453,G.RF2.CSE025,150,0,1994,0.2733333333333333,11,145,0
14,0,HK,0,class,0.4689506856386832,0.0861881830954155,G.RF2.CSE025,60,0,1994,0.016666666666666666,11,60,0
20,0,HK,1,class,0.09370135748133497,0.08679585656806738,G.RF2.CSE025,66,0,1994,0.5606060606060606,11,64,0
8,0,HK,0,class,0.5554987094509574,0.08712744056631688,G.RF2.CSE025,153,0,1994,0.013071895424836602,11,153,0
2,0,HK,0,class,0.6040828671162758,0.08730367263789494,G.RF2.CSE025,182,0,1994,0.07142857142857142,11,182,0
all,5,HK,3,old,0.45394682122447855,0.08756713404253134,G.RF2.CSE025,1297,0,1994,0.12259059367771781,11,1285,1
all,0,HK,1,current,0.5015428278177725,0.0871528512724085,G.RF2.CSE025,401,0,1994,0.12967581047381546,11,399,0
all,0,HK,0,tail,0.3535532749003972,0.08968904241667308,G.RF2.CSE025,49,0,1994,0.30612244897959184,11,45,0
22,0,HK,0,class,0.307220311424295,0.4255697418764117,B.RF2.CSE1,21,0,1994,0.6190476190476191,11,19,0
16,0,HK,0,class,0.1452466146356224,0.446722338004216,B.RF2.CSE1,8,0,1994,1.0,11,5,0
12,0,HK,0,class,0.4710205399451401,0.4289953318233786,B.RF2.CSE1,41,0,1994,0.4878048780487805,11,40,1
13,1,HK,0,class,0.676609630096116,0.4353995236127286,B.RF2.CSE1,160,0,1994,0.13125,11,160,0
21,0,HK,0,class,0.3351159591258784,0.4280841911780334,B.RF2.CSE1,4,0,1994,0.75,11,1,0
4,3,HK,0,class,0.5510898216481361,0.4403273712973368,B.RF2.CSE1,165,0,1994,0.36363636363636365,11,165,0
19,0,HK,0,class,0.1367363812425162,0.4218898328319277,B.RF2.CSE1,2,0,1994,1.0,11,0,0
17,0,HK,1,class,0.08192551031422918,0.43003455282398473,B.RF2.CSE1,5,0,1994,1.0,11,4,0
6,0,HK,0,class,0.8324629352286856,0.4610933283881527,B.RF2.CSE1,1,0,1994,0.0,11,0,0
11,3,HK,0,class,0.23256838704285543,0.4190533793334889,B.RF2.CSE1,61,0,1994,0.819672131147541,11,53,2
3,1,HK,1,class,0.552057707364719,0.4500414192649505,B.RF2.CSE1,157,0,1994,0.4140127388535032,11,157,0
15,0,HK,0,class,0.7586599310377561,0.4722792416001536,B.RF2.CSE1,123,0,1994,0.056910569105691054,11,123,0
0,0,HK,0,class,0.17616643521579897,0.4398472147936189,B.RF2.CSE1,7,0,1994,1.0,11,7,0
9,0,HK,0,class,0.6987222699038526,0.43871704667876765,B.RF2.CSE1,164,0,1994,0.10975609756097561,11,164,0
5,0,HK,0,class,0.5237988948475145,0.46305990000792185,B.RF2.CSE1,1,0,1994,0.0,11,0,0
7,0,HK,0,class,0.7115464547305277,0.4152089016549301,B.RF2.CSE1,21,0,1994,0.19047619047619047,11,21,0
18,0,HK,0,class,0.27261089455350224,0.4228678462231522,B.RF2.CSE1,33,0,1994,0.7575757575757576,11,28,0
1,0,HK,0,class,0.8139882299315973,0.4014241553148403,B.RF2.CSE1,113,0,1994,0.0,11,113,0
10,1,HK,2,class,0.41410220157454775,0.4187509477992205,B.RF2.CSE1,150,0,1994,0.5333333333333333,11,147,0
14,0,HK,0,class,0.6058742459448463,0.44691325699930257,B.RF2.CSE1,60,0,1994,0.21666666666666667,11,60,0
20,0,HK,0,class,0.2764995445219762,0.4214121849952213,B.RF2.CSE1,66,0,1994,0.7878787878787878,11,58,0
8,1,HK,0,class,0.702546974154937,0.4316284970353796,B.RF2.CSE1,153,0,1994,0.1568627450980392,11,153,0
2,0,HK,0,class,0.7915474040987573,0.41805690221800634,B.RF2.CSE1,182,0,1994,0.04945054945054945,11,182,0
all,9,HK,4,old,0.5812476788756471,0.4356576400873971,B.RF2.CSE1,1297,0,1994,0.3091750192752506,11,1267,3
all,1,HK,0,current,0.6728186646636648,0.42378733281739367,B.RF2.CSE1,401,0,1994,0.2119700748129676,11,393,0
all,0,HK,1,tail,0.4228048876239294,0.4286232360251954,B.RF2.CSE1,49,0,1994,0.5918367346938775,11,38,0
22,0,HK,0,class,0.307220311424295,0.10639243546910292,B.RF2.CSE025,21,0,1994,0.38095238095238093,11,19,0
16,0,HK,0,class,0.1452466146356224,0.11168058450105399,B.RF2.CSE025,8,0,1994,0.5,11,5,0
12,0,HK,0,class,0.4710205399451401,0.1072488329558446,B.RF2.CSE025,41,0,1994,0.17073170731707318,11,40,0
13,1,HK,0,class,0.676609630096116,0.10884988090318215,B.RF2.CSE025,160,0,1994,0.01875,11,160,0
21,0,HK,0,class,0.3351159591258784,0.10702104779450834,B.RF2.CSE025,4,0,1994,0.0,11,1,0
4,0,HK,0,class,0.5510898216481361,0.1100818428243342,B.RF2.CSE025,165,0,1994,0.07272727272727272,11,165,0
19,0,HK,0,class,0.1367363812425162,0.10547245820798193,B.RF2.CSE025,2,0,1994,0.5,11,0,0
17,0,HK,0,class,0.08192551031422918,0.10750863820599617,B.RF2.CSE025,5,0,1994,0.6,11,4,0
6,0,HK,0,class,0.8324629352286856,0.11527333209703816,B.RF2.CSE025,1,0,1994,0.0,11,0,0
11,2,HK,0,class,0.23256838704285543,0.10476334483337223,B.RF2.CSE025,61,0,1994,0.3442622950819672,11,53,0
3,0,HK,0,class,0.552057707364719,0.11251035481623763,B.RF2.CSE025,157,0,1994,0.10828025477707007,11,157,0
15,0,HK,0,class,0.7586599310377561,0.11806981040003843,B.RF2.CSE025,123,0,1994,0.008130081300813009,11,123,0
0,0,HK,0,class,0.17616643521579897,0.10996180369840473,B.RF2.CSE025,7,0,1994,0.14285714285714285,11,7,0
9,0,HK,0,class,0.6987222699038526,0.10967926166969193,B.RF2.CSE025,164,0,1994,0.0,11,164,0
5,0,HK,0,class,0.5237988948475145,0.11576497500198046,B.RF2.CSE025,1,0,1994,0.0,11,0,0
7,0,HK,0,class,0.7115464547305277,0.10380222541373252,B.RF2.CSE025,21,0,1994,0.09523809523809523,11,21,0
18,0,HK,0,class,0.27261089455350224,0.10571696155578805,B.RF2.CSE025,33,0,1994,0.21212121212121213,11,28,0
1,0,HK,0,class,0.8139882299315973,0.1003560388287101,B.RF2.CSE025,113,0,1994,0.0,11,113,0
10,0,HK,0,class,0.41410220157454775,0.10468773694980513,B.RF2.CSE025,150,0,1994,0.11333333333333333,11,147,0
14,0,HK,0,class,0.6058742459448463,0.11172831424982563,B.RF2.CSE025,60,0,1994,0.0,11,60,0
20,0,HK,0,class,0.2764995445219762,0.10535304624880533,B.RF2.CSE025,66,0,1994,0.25757575757575757,11,58,0
8,0,HK,0,class,0.702546974154937,0.1079071242588449,B.RF2.CSE025,153,0,1994,0.032679738562091505,11,153,0
2,0,HK,0,class,0.7915474040987573,0.10451422555450159,B.RF2.CSE025,182,0,1994,0.005494505494505495,11,182,0
all,3,HK,0,old,0.5812476788756471,0.10891441002184928,B.RF2.CSE025,1297,0,1994,0.08018504240555127,11,1267,0
all,0,HK,0,current,0.6728186646636648,0.10594683320434842,B.RF2.CSE025,401,0,1994,0.057356608478802994,11,393,0
all,0,HK,0,tail,0.4228048876239294,0.10715580900629885,B.RF2.CSE025,49,0,1994,0.22448979591836735,11,38,0
22,0,HK,1,class,0.15002298512562484,0.3511107202537584,G.RF1.CSEperm1,21,0,1994,0.9523809523809523,11,20,0
16,0,HK,0,class,0.0734582032205032,0.3749826298562075,G.RF1.CSEperm1,8,0,1994,1.0,11,8,0
12,1,HK,0,class,0.22671561407448723,0.3651367116718074,G.RF1.CSEperm1,41,0,1994,0.8048780487804879,11,41,0
13,0,HK,0,class,0.41746788167827625,0.35800828237036514,G.RF1.CSEperm1,160,0,1994,0.38125,11,159,0
21,0,HK,0,class,0.0777528379632836,0.3516821861786511,G.RF1.CSEperm1,4,0,1994,1.0,11,4,0
4,0,HK,1,class,0.26332740776184266,0.3337699309063732,G.RF1.CSEperm1,165,0,1994,0.6484848484848484,11,165,1
19,0,HK,0,class,0.008592010604831293,0.34803238170169576,G.RF1.CSEperm1,2,0,1994,1.0,11,1,1
17,1,HK,0,class,0.10101523412463602,0.36022276538285275,G.RF1.CSEperm1,5,0,1994,1.0,11,5,0
6,0,HK,0,class,0.05828426741076856,0.3168373395221601,G.RF1.CSEperm1,1,0,1994,1.0,11,0,0
11,0,HK,3,class,0.08171757445246026,0.3632321576069758,G.RF1.CSEperm1,61,0,1994,1.0,11,61,3
3,4,HK,1,class,0.19974416535385361,0.33580705163619434,G.RF1.CSEperm1,157,0,1994,0.8407643312101911,11,157,1
15,0,HK,0,class,0.6090851541975362,0.3566144695939872,G.RF1.CSEperm1,123,0,1994,0.07317073170731707,11,123,0
0,0,HK,1,class,0.048241841681880296,0.3661415444112453,G.RF1.CSEperm1,7,0,1994,1.0,11,7,0
9,0,HK,0,class,0.5061590725812398,0.34946669656725177,G.RF1.CSEperm1,164,0,1994,0.21341463414634146,11,164,0
5,0,HK,0,class,0.29018490781153883,0.31713539171984173,G.RF1.CSEperm1,1,0,1994,1.0,11,1,0
7,0,HK,0,class,0.5215848013544273,0.35896345797044926,G.RF1.CSEperm1,21,0,1994,0.14285714285714285,11,21,0
18,3,HK,0,class,0.055187896879928255,0.3593057277610091,G.RF1.CSEperm1,33,0,1994,1.0,11,29,1
1,0,HK,0,class,0.4000406896155653,0.3546675498436742,G.RF1.CSEperm1,113,0,1994,0.39823008849557523,11,113,0
10,5,HK,1,class,0.16361863583570282,0.3552226125645706,G.RF1.CSEperm1,150,0,1994,0.9066666666666666,11,146,3
14,0,HK,0,class,0.3021980467574153,0.3427450896812943,G.RF1.CSEperm1,60,0,1994,0.6166666666666667,11,60,0
20,5,HK,0,class,0.05601547787898177,0.3489163856348751,G.RF1.CSEperm1,66,0,1994,1.0,11,60,4
8,0,HK,1,class,0.3825645291528425,0.34870791811102914,G.RF1.CSEperm1,153,0,1994,0.3202614379084967,11,153,0
2,0,HK,4,class,0.44311165246959233,0.3502068137261943,G.RF1.CSEperm1,182,0,1994,0.24725274725274726,11,182,0
all,14,HK,8,old,0.3236104324248119,0.35017260196459105,G.RF1.CSEperm1,1297,0,1994,0.5705474171164225,11,1285,10
all,5,HK,5,current,0.3562985417702332,0.34942252623704884,G.RF1.CSEperm1,401,0,1994,0.39900249376558605,11,395,4
all,1,HK,1,tail,0.2665383686711928,0.35997886802820556,G.RF1.CSEperm1,49,0,1994,0.6326530612244898,11,47,1
22,1,HK,0,class,0.16057612246923725,0.42683230203368056,B.RF1.CSEperm1,21,0,1994,0.9523809523809523,11,21,0
16,0,HK,0,class,0.04002753267098896,0.43378626960133776,B.RF1.CSEperm1,8,0,1994,1.0,11,8,0
12,3,HK,0,class,0.19812466308807924,0.428990780773724,B.RF1.CSEperm1,41,0,1994,0.9512195121951219,11,40,2
13,0,HK,2,class,0.4035047877186635,0.40454802571255943,B.RF1.CSEperm1,160,0,1994,0.51875,11,159,0
21,0,HK,0,class,0.12473921710882906,0.4280597886010453,B.RF1.CSEperm1,4,0,1994,1.0,11,4,0
4,3,HK,0,class,0.29841926989672707,0.4203780427241567,B.RF1.CSEperm1,165,0,1994,0.696969696969697,11,165,0
19,0,HK,0,class,0.010904671907387906,0.4102370860671293,B.RF1.CSEperm1,2,0,1994,1.0,11,1,0
17,0,HK,1,class,0.07763554830344081,0.42079907103287706,B.RF1.CSEperm1,5,0,1994,1.0,11,5,1
6,0,HK,0,class,0.05118050613905056,0.4201056513793644,B.RF1.CSEperm1,1,0,1994,1.0,11,0,0
11,1,HK,9,class,0.07349202372491703,0.42259673493227573,B.RF1.CSEperm1,61,0,1994,1.0,11,60,6
3,2,HK,7,class,0.2442636705028439,0.4436060995763368,B.RF1.CSEperm1,157,0,1994,0.89171974522293,11,157,0
15,0,HK,0,class,0.6076831204765011,0.4451687507075862,B.RF1.CSEperm1,123,0,1994,0.2032520325203252,11,123,0
0,0,HK,0,class,0.06763774754573525,0.4267273324467924,B.RF1.CSEperm1,7,0,1994,1.0,11,7,2
9,0,HK,1,class,0.4746327988093895,0.4273410243790706,B.RF1.CSEperm1,164,0,1994,0.39634146341463417,11,164,0
5,0,HK,0,class,0.1877355284007088,0.46305990000792185,B.RF1.CSEperm1,1,0,1994,1.0,11,1,0
7,0,HK,0,class,0.5223704135586418,0.43517991273560447,B.RF1.CSEperm1,21,0,1994,0.23809523809523808,11,21,0
18,2,HK,0,class,0.05687436920850638,0.4194960323644414,B.RF1.CSEperm1,33,0,1994,1.0,11,29,3
1,0,HK,0,class,0.37666496305510966,0.41498700862983134,B.RF1.CSEperm1,113,0,1994,0.5929203539823009,11,113,0
10,3,HK,2,class,0.15722576604539035,0.4152905099303642,B.RF1.CSEperm1,150,0,1994,0.9533333333333334,11,145,5
14,1,HK,1,class,0.2903099032466578,0.4306644872234377,B.RF1.CSEperm1,60,0,1994,0.7333333333333333,11,60,0
20,0,HK,4,class,0.05464310930874774,0.41894072537622296,B.RF1.CSEperm1,66,0,1994,1.0,11,61,5
8,2,HK,0,class,0.424082793776313,0.4030637064485141,B.RF1.CSEperm1,153,0,1994,0.42483660130718953,11,153,0
2,1,HK,3,class,0.42578504543154577,0.4190708262597972,B.RF1.CSEperm1,182,0,1994,0.4175824175824176,11,182,0
all,16,HK,23,old,0.3231041982605012,0.42474385888058147,B.RF1.CSEperm1,1297,0,1994,0.669236700077101,11,1283,19
all,3,HK,7,current,0.36404985269499895,0.4129419584557019,B.RF1.CSEperm1,401,0,1994,0.516209476309227,11,396,5
all,0,HK,1,tail,0.2634963911678897,0.43093946703012354,B.RF1.CSEperm1,49,0,1994,0.673469387755102,11,47,3
9,0,HK,0,class,0.9487583000709325,0.3320920705562325,G.LIN.CSE1,164,0,1995,0.0,1,164,0
13,0,HK,0,class,0.9554230950844058,0.34204751383214377,G.LIN.CSE1,160,0,1995,0.0375,1,160,0
all,0,HK,0,old,,,G.LIN.CSE1,0,0,1995,,1,0,0
all,0,HK,0,current,0.9520495568677094,0.33700833884063314,G.LIN.CSE1,324,0,1995,0.018518518518518517,1,324,0
all,0,HK,0,tail,,,G.LIN.CSE1,0,0,1995,,1,0,0
9,0,HK,0,class,0.9487583000709325,0.08302301763905813,G.LIN.CSE025,164,0,1995,0.0,1,164,0
13,0,HK,0,class,0.9554230950844058,0.08551187845803594,G.LIN.CSE025,160,0,1995,0.00625,1,160,0
all,0,HK,0,old,,,G.LIN.CSE025,0,0,1995,,1,0,0
all,0,HK,0,current,0.9520495568677094,0.0842520847101583,G.LIN.CSE025,324,0,1995,0.0030864197530864196,1,324,0
all,0,HK,0,tail,,,G.LIN.CSE025,0,0,1995,,1,0,0
9,0,HK,0,class,0.952348663932424,0.3320920705562325,G.RF1.CSE1,164,0,1995,0.0,1,164,0
13,0,HK,0,class,0.9500000779008737,0.34204751383214377,G.RF1.CSE1,160,0,1995,0.0375,1,160,0
all,0,HK,0,old,,,G.RF1.CSE1,0,0,1995,,1,0,0
all,0,HK,0,current,0.9511888683612879,0.33700833884063314,G.RF1.CSE1,324,0,1995,0.018518518518518517,1,324,0
all,0,HK,0,tail,,,G.RF1.CSE1,0,0,1995,,1,0,0
9,0,HK,0,class,0.952348663932424,0.08302301763905813,G.RF1.CSE025,164,0,1995,0.0,1,164,0
13,0,HK,0,class,0.9500000779008737,0.08551187845803593,G.RF1.CSE025,160,0,1995,0.00625,1,160,0
all,0,HK,0,old,,,G.RF1.CSE025,0,0,1995,,1,0,0
all,0,HK,0,current,0.9511888683612879,0.08425208471015828,G.RF1.CSE025,324,0,1995,0.0030864197530864196,1,324,0
all,0,HK,0,tail,,,G.RF1.CSE025,0,0,1995,,1,0,0
9,0,HK,0,class,0.9446990941165222,0.43807955137193993,B.LIN.CSE1,164,0,1995,0.006097560975609756,1,164,0
13,0,HK,0,class,0.9486848420635436,0.4313280552459865,B.LIN.CSE1,160,0,1995,0.0375,1,160,0
all,0,HK,0,old,,,B.LIN.CSE1,0,0,1995,,1,0,0
all,0,HK,0,current,0.9466673647076438,0.43474547921097534,B.LIN.CSE1,324,0,1995,0.021604938271604937,1,324,0
all,0,HK,0,tail,,,B.LIN.CSE1,0,0,1995,,1,0,0
9,0,HK,0,class,0.9446990941165222,0.10951988784298503,B.LIN.CSE025,164,0,1995,0.0,1,164,0
13,0,HK,0,class,0.9486848420635436,0.10783201381149661,B.LIN.CSE025,160,0,1995,0.0,1,160,0
all,0,HK,0,old,,,B.LIN.CSE025,0,0,1995,,1,0,0
all,0,HK,0,current,0.9466673647076438,0.10868636980274383,B.LIN.CSE025,324,0,1995,0.0,1,324,0
all,0,HK,0,tail,,,B.LIN.CSE025,0,0,1995,,1,0,0
9,0,HK,0,class,0.9479303883248671,0.43807955137194,B.RF1.CSE1,164,0,1995,0.0,1,164,0
13,1,HK,0,class,0.9495291760056348,0.4313280552459865,B.RF1.CSE1,160,0,1995,0.0375,1,160,0
all,0,HK,0,old,,,B.RF1.CSE1,0,0,1995,,1,0,0
all,1,HK,0,current,0.9487199131054931,0.43474547921097534,B.RF1.CSE1,324,0,1995,0.018518518518518517,1,324,0
all,0,HK,0,tail,,,B.RF1.CSE1,0,0,1995,,1,0,0
9,0,HK,0,class,0.9479303883248671,0.109519887842985,B.RF1.CSE025,164,0,1995,0.0,1,164,0
13,0,HK,0,class,0.9495291760056348,0.10783201381149661,B.RF1.CSE025,160,0,1995,0.00625,1,160,0
all,0,HK,0,old,,,B.RF1.CSE025,0,0,1995,,1,0,0
all,0,HK,0,current,0.9487199131054931,0.10868636980274382,B.RF1.CSE025,324,0,1995,0.0030864197530864196,1,324,0
all,0,HK,0,tail,,,B.RF1.CSE025,0,0,1995,,1,0,0
9,0,HK,0,class,0.9465991450268868,0.3320920705562326,G.RF2.CSE1,164,0,1995,0.0,1,164,0
13,0,HK,0,class,0.9502725470894934,0.34204751383214377,G.RF2.CSE1,160,0,1995,0.0375,1,160,0
all,0,HK,0,old,,,G.RF2.CSE1,0,0,1995,,1,0,0
all,0,HK,0,current,0.9484131707368159,0.33700833884063314,G.RF2.CSE1,324,0,1995,0.018518518518518517,1,324,0
all,0,HK,0,tail,,,G.RF2.CSE1,0,0,1995,,1,0,0
9,0,HK,0,class,0.9465991450268868,0.08302301763905814,G.RF2.CSE025,164,0,1995,0.0,1,164,0
13,0,HK,0,class,0.9502725470894934,0.08551187845803594,G.RF2.CSE025,160,0,1995,0.00625,1,160,0
all,0,HK,0,old,,,G.RF2.CSE025,0,0,1995,,1,0,0
all,0,HK,0,current,0.9484131707368159,0.08425208471015828,G.RF2.CSE025,324,0,1995,0.0030864197530864196,1,324,0
all,0,HK,0,tail,,,G.RF2.CSE025,0,0,1995,,1,0,0
9,0,HK,0,class,0.9448027443302754,0.43807955137193993,B.RF2.CSE1,164,0,1995,0.0,1,164,0
13,0,HK,0,class,0.9466092358877478,0.43132805524598644,B.RF2.CSE1,160,0,1995,0.04375,1,160,0
all,0,HK,0,old,,,B.RF2.CSE1,0,0,1995,,1,0,0
all,0,HK,0,current,0.945694838926558,0.4347454792109753,B.RF2.CSE1,324,0,1995,0.021604938271604937,1,324,0
all,0,HK,0,tail,,,B.RF2.CSE1,0,0,1995,,1,0,0
9,0,HK,0,class,0.9448027443302754,0.10951988784298498,B.RF2.CSE025,164,0,1995,0.0,1,164,0
13,0,HK,0,class,0.9466092358877478,0.10783201381149662,B.RF2.CSE025,160,0,1995,0.0,1,160,0
all,0,HK,0,old,,,B.RF2.CSE025,0,0,1995,,1,0,0
all,0,HK,0,current,0.945694838926558,0.10868636980274382,B.RF2.CSE025,324,0,1995,0.0,1,324,0
all,0,HK,0,tail,,,B.RF2.CSE025,0,0,1995,,1,0,0
9,0,HK,0,class,0.952348663932424,0.3320920705562326,G.RF1.CSEperm1,164,0,1995,0.0,1,164,0
13,0,HK,0,class,0.9500000779008737,0.34204751383214377,G.RF1.CSEperm1,160,0,1995,0.0375,1,160,0
all,0,HK,0,old,,,G.RF1.CSEperm1,0,0,1995,,1,0,0
all,0,HK,0,current,0.9511888683612879,0.33700833884063314,G.RF1.CSEperm1,324,0,1995,0.018518518518518517,1,324,0
all,0,HK,0,tail,,,G.RF1.CSEperm1,0,0,1995,,1,0,0
9,0,HK,0,class,0.9479303883248671,0.43807955137193993,B.RF1.CSEperm1,164,0,1995,0.0,1,164,0
13,0,HK,0,class,0.9495291760056348,0.43132805524598644,B.RF1.CSEperm1,160,0,1995,0.0375,1,160,0
all,0,HK,0,old,,,B.RF1.CSEperm1,0,0,1995,,1,0,0
all,0,HK,0,current,0.9487199131054931,0.4347454792109753,B.RF1.CSEperm1,324,0,1995,0.018518518518518517,1,324,0
all,0,HK,0,tail,,,B.RF1.CSEperm1,0,0,1995,,1,0,0
9,0,HK,0,class,0.856008423633028,0.34648829838212386,G.LIN.CSE1,164,0,1995,0.018292682926829267,2,164,0
13,0,HK,0,class,0.8713993160394136,0.34796218168699167,G.LIN.CSE1,160,0,1995,0.05,2,160,0
16,0,HK,0,class,0.8999951149875056,0.3675329441692646,G.LIN.CSE1,8,0,1995,0.0,2,8,0
14,0,HK,0,class,0.8089252153336531,0.34683492431529833,G.LIN.CSE1,60,0,1995,0.016666666666666666,2,60,0
all,0,HK,0,old,0.8636088643275394,0.347216141989466,G.LIN.CSE1,324,0,1995,0.033950617283950615,2,324,0
all,0,HK,0,current,0.8196393211752829,0.3492699854745885,G.LIN.CSE1,68,0,1995,0.014705882352941176,2,68,0
all,0,HK,0,tail,0.8999951149875056,0.3675329441692646,G.LIN.CSE1,8,0,1995,0.0,2,8,0
9,0,HK,0,class,0.856008423633028,0.08662207459553095,G.LIN.CSE025,164,0,1995,0.0,2,164,0
13,0,HK,0,class,0.8713993160394136,0.08699054542174792,G.LIN.CSE025,160,0,1995,0.0125,2,160,0
16,0,HK,0,class,0.8999951149875056,0.09188323604231614,G.LIN.CSE025,8,0,1995,0.0,2,8,0
14,0,HK,0,class,0.8089252153336531,0.08670873107882458,G.LIN.CSE025,60,0,1995,0.0,2,60,0
all,0,HK,0,old,0.8636088643275394,0.0868040354973665,G.LIN.CSE025,324,0,1995,0.006172839506172839,2,324,0
all,0,HK,0,current,0.8196393211752829,0.08731749636864714,G.LIN.CSE025,68,0,1995,0.0,2,68,0
all,0,HK,0,tail,0.8999951149875056,0.09188323604231614,G.LIN.CSE025,8,0,1995,0.0,2,8,0
9,0,HK,0,class,0.8630449211658726,0.34648829838212386,G.RF1.CSE1,164,0,1995,0.024390243902439025,2,164,0
13,0,HK,0,class,0.86791508855598,0.34796218168699167,G.RF1.CSE1,160,0,1995,0.05,2,160,0
16,0,HK,0,class,0.883398717672926,0.36753294416926463,G.RF1.CSE1,8,0,1995,0.0,2,8,0
14,0,HK,0,class,0.8102756804204805,0.34683492431529833,G.RF1.CSE1,60,0,1995,0.016666666666666666,2,60,0
all,0,HK,0,old,0.8654499420992589,0.347216141989466,G.RF1.CSE1,324,0,1995,0.037037037037037035,2,324,0
all,0,HK,0,current,0.8188783906854741,0.34926998547458854,G.RF1.CSE1,68,0,1995,0.014705882352941176,2,68,0
all,0,HK,0,tail,0.883398717672926,0.36753294416926463,G.RF1.CSE1,8,0,1995,0.0,2,8,0
9,0,HK,0,class,0.8630449211658726,0.08662207459553095,G.RF1.CSE025,164,0,1995,0.0,2,164,0
13,0,HK,0,class,0.86791508855598,0.08699054542174792,G.RF1.CSE025,160,0,1995,0.0125,2,160,0
16,0,HK,0,class,0.883398717672926,0.09188323604231614,G.RF1.CSE025,8,0,1995,0.0,2,8,0
14,0,HK,0,class,0.8102756804204805,0.08670873107882458,G.RF1.CSE025,60,0,1995,0.0,2,60,0
all,0,HK,0,old,0.8654499420992589,0.0868040354973665,G.RF1.CSE025,324,0,1995,0.006172839506172839,2,324,0
all,0,HK,0,current,0.8188783906854741,0.08731749636864714,G.RF1.CSE025,68,0,1995,0.0,2,68,0
all,0,HK,0,tail,0.883398717672926,0.09188323604231614,G.RF1.CSE025,8,0,1995,0.0,2,8,0
9,0,HK,0,class,0.8487955093230997,0.4392126643219402,B.LIN.CSE1,164,0,1995,0.03048780487804878,2,164,0
13,1,HK,0,class,0.8605457567597903,0.43277845999108655,B.LIN.CSE1,160,0,1995,0.0625,2,160,0
16,0,HK,0,class,0.9263790293487958,0.443986411663637,B.LIN.CSE1,8,0,1995,0.0,2,8,0
14,0,HK,0,class,0.8214891913548147,0.446374100455545,B.LIN.CSE1,60,0,1995,0.016666666666666666,2,60,0
all,1,HK,0,old,0.8545981006498604,0.4360352794671976,B.LIN.CSE1,324,0,1995,0.046296296296296294,2,324,0
all,0,HK,0,current,0.8338291722952831,0.44609319589179114,B.LIN.CSE1,68,0,1995,0.014705882352941176,2,68,0
all,0,HK,0,tail,0.9263790293487958,0.443986411663637,B.LIN.CSE1,8,0,1995,0.0,2,8,0
9,0,HK,0,class,0.8487955093230997,0.10980316608048506,B.LIN.CSE025,164,0,1995,0.0,2,164,0
13,0,HK,0,class,0.8605457567597903,0.10819461499777165,B.LIN.CSE025,160,0,1995,0.01875,2,160,0
16,0,HK,0,class,0.9263790293487958,0.11099660291590926,B.LIN.CSE025,8,0,1995,0.0,2,8,0
14,0,HK,0,class,0.8214891913548147,0.11159352511388626,B.LIN.CSE025,60,0,1995,0.0,2,60,0
all,0,HK,0,old,0.8545981006498604,0.1090088198667994,B.LIN.CSE025,324,0,1995,0.009259259259259259,2,324,0
all,0,HK,0,current,0.8338291722952831,0.11152329897294778,B.LIN.CSE025,68,0,1995,0.0,2,68,0
all,0,HK,0,tail,0.9263790293487958,0.11099660291590926,B.LIN.CSE025,8,0,1995,0.0,2,8,0
9,0,HK,0,class,0.8583629925817712,0.4392126643219402,B.RF1.CSE1,164,0,1995,0.03048780487804878,2,164,0
13,1,HK,0,class,0.8663123212853041,0.43277845999108655,B.RF1.CSE1,160,0,1995,0.0625,2,160,0
16,0,HK,0,class,0.9033330869701991,0.44398641166363706,B.RF1.CSE1,8,0,1995,0.0,2,8,0
14,0,HK,0,class,0.8243579823902132,0.44637410045554504,B.RF1.CSE1,60,0,1995,0.03333333333333333,2,60,0
all,1,HK,0,old,0.8622885870032689,0.4360352794671976,B.RF1.CSE1,324,0,1995,0.046296296296296294,2,324,0
all,0,HK,0,current,0.8336491711643291,0.44609319589179114,B.RF1.CSE1,68,0,1995,0.029411764705882353,2,68,0
all,0,HK,0,tail,0.9033330869701991,0.44398641166363706,B.RF1.CSE1,8,0,1995,0.0,2,8,0
9,0,HK,0,class,0.8583629925817712,0.10980316608048506,B.RF1.CSE025,164,0,1995,0.0,2,164,0
13,0,HK,0,class,0.8663123212853041,0.10819461499777165,B.RF1.CSE025,160,0,1995,0.01875,2,160,0
16,0,HK,0,class,0.9033330869701991,0.11099660291590926,B.RF1.CSE025,8,0,1995,0.0,2,8,0
14,0,HK,0,class,0.8243579823902132,0.11159352511388625,B.RF1.CSE025,60,0,1995,0.0,2,60,0
all,0,HK,0,old,0.8622885870032689,0.1090088198667994,B.RF1.CSE025,324,0,1995,0.009259259259259259,2,324,0
all,0,HK,0,current,0.8336491711643291,0.11152329897294778,B.RF1.CSE025,68,0,1995,0.0,2,68,0
all,0,HK,0,tail,0.9033330869701991,0.11099660291590926,B.RF1.CSE025,8,0,1995,0.0,2,8,0
9,0,HK,0,class,0.858023033553575,0.3464882983821238,G.RF2.CSE1,164,0,1995,0.024390243902439025,2,164,0
13,0,HK,0,class,0.8685063878063659,0.34796218168699167,G.RF2.CSE1,160,0,1995,0.05625,2,160,0
16,0,HK,0,class,0.9145471765710296,0.3675329441692646,G.RF2.CSE1,8,0,1995,0.0,2,8,0
14,0,HK,0,class,0.8115365816272363,0.34683492431529833,G.RF2.CSE1,60,0,1995,0.016666666666666666,2,60,0
all,0,HK,0,old,0.8631999986166816,0.347216141989466,G.RF2.CSE1,324,0,1995,0.040123456790123455,2,324,0
all,0,HK,0,current,0.8236554751500357,0.34926998547458854,G.RF2.CSE1,68,0,1995,0.014705882352941176,2,68,0
all,0,HK,0,tail,0.9145471765710296,0.3675329441692646,G.RF2.CSE1,8,0,1995,0.0,2,8,0
9,0,HK,0,class,0.858023033553575,0.08662207459553095,G.RF2.CSE025,164,0,1995,0.0,2,164,0
13,0,HK,0,class,0.8685063878063659,0.08699054542174792,G.RF2.CSE025,160,0,1995,0.0125,2,160,0
16,0,HK,0,class,0.9145471765710296,0.09188323604231614,G.RF2.CSE025,8,0,1995,0.0,2,8,0
14,0,HK,0,class,0.8115365816272363,0.08670873107882458,G.RF2.CSE025,60,0,1995,0.0,2,60,0
all,0,HK,0,old,0.8631999986166816,0.08680403549736648,G.RF2.CSE025,324,0,1995,0.006172839506172839,2,324,0
all,0,HK,0,current,0.8236554751500357,0.08731749636864714,G.RF2.CSE025,68,0,1995,0.0,2,68,0
all,0,HK,0,tail,0.9145471765710296,0.09188323604231614,G.RF2.CSE025,8,0,1995,0.0,2,8,0
9,0,HK,0,class,0.8614109276139192,0.4392126643219402,B.RF2.CSE1,164,0,1995,0.006097560975609756,2,164,0
13,1,HK,0,class,0.8617751011729077,0.4327784599910866,B.RF2.CSE1,160,0,1995,0.0625,2,160,0
16,0,HK,0,class,0.9271451363080039,0.4439864116636371,B.RF2.CSE1,8,0,1995,0.0,2,8,0
14,0,HK,0,class,0.8305892760000304,0.446374100455545,B.RF2.CSE1,60,0,1995,0.03333333333333333,2,60,0
all,1,HK,0,old,0.8615907664084815,0.4360352794671976,B.RF2.CSE1,324,0,1995,0.033950617283950615,2,324,0
all,0,HK,0,current,0.8419487889774392,0.44609319589179114,B.RF2.CSE1,68,0,1995,0.029411764705882353,2,68,0
all,0,HK,0,tail,0.9271451363080039,0.4439864116636371,B.RF2.CSE1,8,0,1995,0.0,2,8,0
9,0,HK,0,class,0.8614109276139192,0.10980316608048506,B.RF2.CSE025,164,0,1995,0.0,2,164,0
13,0,HK,0,class,0.8617751011729077,0.10819461499777164,B.RF2.CSE025,160,0,1995,0.01875,2,160,0
16,0,HK,0,class,0.9271451363080039,0.11099660291590926,B.RF2.CSE025,8,0,1995,0.0,2,8,0
14,0,HK,0,class,0.8305892760000304,0.11159352511388625,B.RF2.CSE025,60,0,1995,0.0,2,60,0
all,0,HK,0,old,0.8615907664084815,0.10900881986679943,B.RF2.CSE025,324,0,1995,0.009259259259259259,2,324,0
all,0,HK,0,current,0.8419487889774392,0.11152329897294778,B.RF2.CSE025,68,0,1995,0.0,2,68,0
all,0,HK,0,tail,0.9271451363080039,0.11099660291590926,B.RF2.CSE025,8,0,1995,0.0,2,8,0
9,0,HK,0,class,0.8630449211658726,0.3464882983821238,G.RF1.CSEperm1,164,0,1995,0.024390243902439025,2,164,0
13,0,HK,0,class,0.86791508855598,0.34796218168699167,G.RF1.CSEperm1,160,0,1995,0.05,2,160,0
16,0,HK,0,class,0.883398717672926,0.3675329441692645,G.RF1.CSEperm1,8,0,1995,0.0,2,8,0
14,0,HK,0,class,0.8102756804204805,0.34683492431529833,G.RF1.CSEperm1,60,0,1995,0.016666666666666666,2,60,0
all,0,HK,0,old,0.8654499420992589,0.347216141989466,G.RF1.CSEperm1,324,0,1995,0.037037037037037035,2,324,0
all,0,HK,0,current,0.8188783906854741,0.3492699854745885,G.RF1.CSEperm1,68,0,1995,0.014705882352941176,2,68,0
all,0,HK,0,tail,0.883398717672926,0.3675329441692645,G.RF1.CSEperm1,8,0,1995,0.0,2,8,0
9,0,HK,0,class,0.8583629925817712,0.4392126643219402,B.RF1.CSEperm1,164,0,1995,0.03048780487804878,2,164,0
13,1,HK,0,class,0.8663123212853041,0.43277845999108655,B.RF1.CSEperm1,160,0,1995,0.0625,2,160,0
16,0,HK,0,class,0.9033330869701991,0.4439864116636371,B.RF1.CSEperm1,8,0,1995,0.0,2,8,0
14,0,HK,0,class,0.8243579823902132,0.446374100455545,B.RF1.CSEperm1,60,0,1995,0.03333333333333333,2,60,0
all,1,HK,0,old,0.8622885870032689,0.4360352794671977,B.RF1.CSEperm1,324,0,1995,0.046296296296296294,2,324,0
all,0,HK,0,current,0.8336491711643291,0.44609319589179114,B.RF1.CSEperm1,68,0,1995,0.029411764705882353,2,68,0
all,0,HK,0,tail,0.9033330869701991,0.4439864116636371,B.RF1.CSEperm1,8,0,1995,0.0,2,8,0
9,0,HK,0,class,0.8113724721286106,0.34457060476848933,G.LIN.CSE1,164,0,1995,0.04878048780487805,3,164,0
13,0,HK,0,class,0.8326315605983545,0.3474018969166319,G.LIN.CSE1,160,0,1995,0.05,3,160,0
16,0,HK,0,class,0.8865398376582818,0.3672049439729797,G.LIN.CSE1,8,0,1995,0.0,3,8,0
14,0,HK,0,class,0.7113439364053439,0.3441362653365968,G.LIN.CSE1,60,0,1995,0.03333333333333333,3,60,0
15,0,HK,0,class,0.8531327903455695,0.3551013027645658,G.LIN.CSE1,123,0,1995,0.008130081300813009,3,123,0
5,0,HK,0,class,0.5763755236929525,0.3429734521652362,G.LIN.CSE1,1,0,1995,0.0,3,1,0
all,0,HK,0,old,0.806273188802081,0.3461216789813087,G.LIN.CSE1,392,0,1995,0.04591836734693878,3,392,0
all,0,HK,0,current,0.8509008769048226,0.35500349751779703,G.LIN.CSE1,124,0,1995,0.008064516129032258,3,124,0
all,0,HK,0,tail,0.8520771361065784,0.36451255599434157,G.LIN.CSE1,9,0,1995,0.0,3,9,0
9,0,HK,0,class,0.8113724721286106,0.08614265119212233,G.LIN.CSE025,164,0,1995,0.0,3,164,0
13,0,HK,0,class,0.8326315605983545,0.08685047422915798,G.LIN.CSE025,160,0,1995,0.00625,3,160,0
16,0,HK,0,class,0.8865398376582818,0.09180123599324493,G.LIN.CSE025,8,0,1995,0.0,3,8,0
14,0,HK,0,class,0.7113439364053439,0.08603406633414923,G.LIN.CSE025,60,0,1995,0.016666666666666666,3,60,0
15,0,HK,0,class,0.8531327903455695,0.08877532569114145,G.LIN.CSE025,123,0,1995,0.008130081300813009,3,123,0
5,0,HK,0,class,0.5763755236929525,0.08574336304130903,G.LIN.CSE025,1,0,1995,0.0,3,1,0
all,0,HK,0,old,0.806273188802081,0.08653041974532717,G.LIN.CSE025,392,0,1995,0.00510204081632653,3,392,0
all,0,HK,0,current,0.8509008769048226,0.08875087437944926,G.LIN.CSE025,124,0,1995,0.008064516129032258,3,124,0
all,0,HK,0,tail,0.8520771361065784,0.09112813899858539,G.LIN.CSE025,9,0,1995,0.0,3,9,0
9,0,HK,0,class,0.8207236609633829,0.3447945189905897,G.RF1.CSE1,164,0,1995,0.04878048780487805,3,164,0
13,0,HK,0,class,0.8342187439947997,0.3478305268326512,G.RF1.CSE1,160,0,1995,0.0625,3,160,0
16,0,HK,0,class,0.8849732374773206,0.3675329441692645,G.RF1.CSE1,8,0,1995,0.0,3,8,0
14,0,HK,0,class,0.7148620145959482,0.34441789430654596,G.RF1.CSE1,60,0,1995,0.03333333333333333,3,60,0
15,0,HK,0,class,0.8644609592989677,0.3550659188807202,G.RF1.CSE1,123,0,1995,0.008130081300813009,3,123,0
5,0,HK,0,class,0.5802706657539334,0.3429734521652362,G.RF1.CSE1,1,0,1995,0.0,3,1,0
all,0,HK,0,old,0.8113397607467812,0.34644010872303005,G.RF1.CSE1,392,0,1995,0.05102040816326531,3,392,0
all,0,HK,0,current,0.8621691020929593,0.35496839898785343,G.RF1.CSE1,124,0,1995,0.008064516129032258,3,124,0
all,0,HK,0,tail,0.851117396174722,0.3648041117243725,G.RF1.CSE1,9,0,1995,0.0,3,9,0
9,0,HK,0,class,0.8207236609633829,0.08619862974764743,G.RF1.CSE025,164,0,1995,0.0,3,164,0
13,0,HK,0,class,0.8342187439947997,0.0869576317081628,G.RF1.CSE025,160,0,1995,0.00625,3,160,0
16,0,HK,0,class,0.8849732374773206,0.09188323604231613,G.RF1.CSE025,8,0,1995,0.0,3,8,0
14,0,HK,0,class,0.7148620145959482,0.0861044735766365,G.RF1.CSE025,60,0,1995,0.0,3,60,0
15,0,HK,0,class,0.8644609592989677,0.08876647972018005,G.RF1.CSE025,123,0,1995,0.0,3,123,0
5,0,HK,0,class,0.5802706657539334,0.08574336304130903,G.RF1.CSE025,1,0,1995,0.0,3,1,0
all,0,HK,0,old,0.8113397607467812,0.0866100271807575,G.RF1.CSE025,392,0,1995,0.002551020408163265,3,392,0
all,0,HK,0,current,0.8621691020929593,0.08874209974696334,G.RF1.CSE025,124,0,1995,0.0,3,124,0
all,0,HK,0,tail,0.851117396174722,0.09120102793109314,G.RF1.CSE025,9,0,1995,0.0,3,9,0
9,0,HK,0,class,0.7995178350401755,0.4409067743796163,B.LIN.CSE1,164,0,1995,0.04878048780487805,3,164,0
13,1,HK,0,class,0.8251410627132507,0.4329171733957164,B.LIN.CSE1,160,0,1995,0.05625,3,160,0
16,0,HK,0,class,0.8832302626157472,0.44398641166363706,B.LIN.CSE1,8,0,1995,0.0,3,8,0
14,0,HK,0,class,0.7031573040235944,0.44955179242449667,B.LIN.CSE1,60,0,1995,0.13333333333333333,3,60,0
15,0,HK,0,class,0.8542697764322242,0.4721513399866846,B.LIN.CSE1,123,0,1995,0.016260162601626018,3,123,0
5,0,HK,0,class,0.4667334996955336,0.4630598875798986,B.LIN.CSE1,1,0,1995,0.0,3,1,0
all,1,HK,0,old,0.7969356513343128,0.43903177954171074,B.LIN.CSE1,392,0,1995,0.06377551020408163,3,392,0
all,0,HK,0,current,0.851144483877896,0.47207802182211367,B.LIN.CSE1,124,0,1995,0.016129032258064516,3,124,0
all,0,HK,0,tail,0.8369528445135013,0.44610568676544393,B.LIN.CSE1,9,0,1995,0.0,3,9,0
9,0,HK,0,class,0.7995178350401755,0.11022669359490407,B.LIN.CSE025,164,0,1995,0.0,3,164,0
13,0,HK,0,class,0.8251410627132507,0.1082292933489291,B.LIN.CSE025,160,0,1995,0.01875,3,160,0
16,0,HK,0,class,0.8832302626157472,0.11099660291590926,B.LIN.CSE025,8,0,1995,0.0,3,8,0
14,0,HK,0,class,0.7031573040235944,0.11238794810612417,B.LIN.CSE025,60,0,1995,0.0,3,60,0
15,0,HK,0,class,0.8542697764322242,0.11803783499667114,B.LIN.CSE025,123,0,1995,0.008130081300813009,3,123,0
5,0,HK,0,class,0.4667334996955336,0.1157649718949747,B.LIN.CSE025,1,0,1995,0.0,3,1,0
all,0,HK,0,old,0.7969356513343128,0.10975794488542769,B.LIN.CSE025,392,0,1995,0.007653061224489796,3,392,0
all,0,HK,0,current,0.851144483877896,0.11801950545552845,B.LIN.CSE025,124,0,1995,0.008064516129032258,3,124,0
all,0,HK,0,tail,0.8369528445135013,0.11152642169136098,B.LIN.CSE025,9,0,1995,0.0,3,9,0
9,0,HK,0,class,0.8130345383487094,0.4409067743796163,B.RF1.CSE1,164,0,1995,0.036585365853658534,3,164,0
13,1,HK,0,class,0.8335611107392402,0.43297640434790097,B.RF1.CSE1,160,0,1995,0.06875,3,160,0
16,0,HK,0,class,0.8857718248305588,0.4439864116636371,B.RF1.CSE1,8,0,1995,0.0,3,8,0
14,0,HK,0,class,0.721689773551308,0.44955179242449683,B.RF1.CSE1,60,0,1995,0.1,3,60,0
15,0,HK,0,class,0.8632422695894949,0.4721513399866846,B.RF1.CSE1,123,0,1995,0.032520325203252036,3,123,0
5,0,HK,0,class,0.5125411224245665,0.46305988757989847,B.RF1.CSE1,1,0,1995,0.0,3,1,0
all,1,HK,0,old,0.8089158240285451,0.4390559554405616,B.RF1.CSE1,392,0,1995,0.058673469387755105,3,392,0
all,0,HK,0,current,0.8604140345317134,0.4720780218221137,B.RF1.CSE1,124,0,1995,0.03225806451612903,3,124,0
all,0,HK,0,tail,0.8443017467854486,0.44610568676544393,B.RF1.CSE1,9,0,1995,0.0,3,9,0
9,0,HK,0,class,0.8130345383487094,0.11022669359490407,B.RF1.CSE025,164,0,1995,0.0,3,164,0
13,1,HK,0,class,0.8335611107392402,0.10824410108697527,B.RF1.CSE025,160,0,1995,0.01875,3,160,0
16,0,HK,0,class,0.8857718248305588,0.11099660291590926,B.RF1.CSE025,8,0,1995,0.0,3,8,0
14,0,HK,0,class,0.721689773551308,0.11238794810612417,B.RF1.CSE025,60,0,1995,0.0,3,60,0
15,0,HK,0,class,0.8632422695894949,0.11803783499667116,B.RF1.CSE025,123,0,1995,0.008130081300813009,3,123,0
5,0,HK,0,class,0.5125411224245665,0.11576497189497459,B.RF1.CSE025,1,0,1995,0.0,3,1,0
all,1,HK,0,old,0.8089158240285451,0.1097639888601404,B.RF1.CSE025,392,0,1995,0.007653061224489796,3,392,0
all,0,HK,0,current,0.8604140345317134,0.11801950545552845,B.RF1.CSE025,124,0,1995,0.008064516129032258,3,124,0
all,0,HK,0,tail,0.8443017467854486,0.11152642169136096,B.RF1.CSE025,9,0,1995,0.0,3,9,0
9,0,HK,0,class,0.8164930576524037,0.3449596332946453,G.RF2.CSE1,164,0,1995,0.054878048780487805,3,164,0
13,0,HK,0,class,0.8347552831391984,0.3476005949001765,G.RF2.CSE1,160,0,1995,0.0625,3,160,0
16,0,HK,0,class,0.8909355010274174,0.36676074922063995,G.RF2.CSE1,8,0,1995,0.0,3,8,0
14,0,HK,0,class,0.7115250079427647,0.34492246827103,G.RF2.CSE1,60,0,1995,0.03333333333333333,3,60,0
15,0,HK,0,class,0.8611411377836289,0.35506769958663126,G.RF2.CSE1,123,0,1995,0.008130081300813009,3,123,0
5,0,HK,0,class,0.6469024106369701,0.34297345216523634,G.RF2.CSE1,1,0,1995,0.0,3,1,0
all,0,HK,0,old,0.809399722556253,0.3464768090162678,G.RF2.CSE1,392,0,1995,0.05357142857142857,3,392,0
all,0,HK,0,current,0.8594134061130914,0.3549701653332329,G.RF2.CSE1,124,0,1995,0.008064516129032258,3,124,0
all,0,HK,0,tail,0.8638207132062565,0.364117716214484,G.RF2.CSE1,9,0,1995,0.0,3,9,0
9,0,HK,0,class,0.8164930576524037,0.08623990832366132,G.RF2.CSE025,164,0,1995,0.0,3,164,0
13,0,HK,0,class,0.8347552831391984,0.08690014872504412,G.RF2.CSE025,160,0,1995,0.0125,3,160,0
16,0,HK,0,class,0.8909355010274174,0.09169018730515999,G.RF2.CSE025,8,0,1995,0.0,3,8,0
14,0,HK,0,class,0.7115250079427647,0.08623061706775753,G.RF2.CSE025,60,0,1995,0.016666666666666666,3,60,0
15,0,HK,0,class,0.8611411377836289,0.08876692489665781,G.RF2.CSE025,123,0,1995,0.0,3,123,0
5,0,HK,0,class,0.6469024106369701,0.08574336304130903,G.RF2.CSE025,1,0,1995,0.0,3,1,0
all,0,HK,0,old,0.809399722556253,0.08661920225406697,G.RF2.CSE025,392,0,1995,0.007653061224489796,3,392,0
all,0,HK,0,current,0.8594134061130914,0.08874254133330822,G.RF2.CSE025,124,0,1995,0.0,3,124,0
all,0,HK,0,tail,0.8638207132062565,0.091029429053621,G.RF2.CSE025,9,0,1995,0.0,3,9,0
9,0,HK,0,class,0.8161197583310754,0.44071386275284563,B.RF2.CSE1,164,0,1995,0.03048780487804878,3,164,0
13,1,HK,0,class,0.8314643795964252,0.4329171733957164,B.RF2.CSE1,160,0,1995,0.06875,3,160,0
16,0,HK,0,class,0.8930850251066129,0.44398641166363706,B.RF2.CSE1,8,0,1995,0.0,3,8,0
14,0,HK,0,class,0.7285517236853285,0.4499987858801259,B.RF2.CSE1,60,0,1995,0.1,3,60,0
15,0,HK,0,class,0.8575596064765304,0.4721513399866846,B.RF2.CSE1,123,0,1995,0.016260162601626018,3,123,0
5,0,HK,0,class,0.491330868465352,0.4630598875798987,B.RF2.CSE1,1,0,1995,0.0,3,1,0
all,1,HK,0,old,0.8105503181726964,0.43901948898188253,B.RF2.CSE1,392,0,1995,0.05612244897959184,3,392,0
all,0,HK,0,current,0.8546061489119241,0.4720780218221137,B.RF2.CSE1,124,0,1995,0.016129032258064516,3,124,0
all,0,HK,0,tail,0.8484456743686949,0.44610568676544393,B.RF2.CSE1,9,0,1995,0.0,3,9,0
9,0,HK,0,class,0.8161197583310754,0.11017846568821142,B.RF2.CSE025,164,0,1995,0.0,3,164,0
13,0,HK,0,class,0.8314643795964252,0.1082292933489291,B.RF2.CSE025,160,0,1995,0.01875,3,160,0
16,0,HK,0,class,0.8930850251066129,0.11099660291590926,B.RF2.CSE025,8,0,1995,0.0,3,8,0
14,0,HK,0,class,0.7285517236853285,0.11249969647003147,B.RF2.CSE025,60,0,1995,0.0,3,60,0
15,0,HK,0,class,0.8575596064765304,0.11803783499667116,B.RF2.CSE025,123,0,1995,0.0,3,123,0
5,0,HK,0,class,0.491330868465352,0.11576497189497459,B.RF2.CSE025,1,0,1995,0.0,3,1,0
all,0,HK,0,old,0.8105503181726964,0.10975487224547063,B.RF2.CSE025,392,0,1995,0.007653061224489796,3,392,0
all,0,HK,0,current,0.8546061489119241,0.11801950545552842,B.RF2.CSE025,124,0,1995,0.0,3,124,0
all,0,HK,0,tail,0.8484456743686949,0.11152642169136096,B.RF2.CSE025,9,0,1995,0.0,3,9,0
9,0,HK,0,class,0.8207236609633829,0.34437359823617747,G.RF1.CSEperm1,164,0,1995,0.04878048780487805,3,164,0
13,0,HK,0,class,0.8342187439947997,0.3476056610346437,G.RF1.CSEperm1,160,0,1995,0.0625,3,160,0
16,0,HK,0,class,0.8849732374773206,0.36651945863081054,G.RF1.CSEperm1,8,0,1995,0.0,3,8,0
14,0,HK,0,class,0.7148620145959482,0.34567147601697407,G.RF1.CSEperm1,60,0,1995,0.03333333333333333,3,60,0
15,0,HK,0,class,0.8644609592989677,0.35574733895268235,G.RF1.CSEperm1,123,0,1995,0.008130081300813009,3,123,0
5,0,HK,0,class,0.5802706657539334,0.34297345216523634,G.RF1.CSEperm1,1,0,1995,0.0,3,1,0
all,0,HK,0,old,0.8113397607467812,0.3463434186386251,G.RF1.CSEperm1,392,0,1995,0.05102040816326531,3,392,0
all,0,HK,0,current,0.8621691020929593,0.35564432373665456,G.RF1.CSEperm1,124,0,1995,0.008064516129032258,3,124,0
all,0,HK,0,tail,0.851117396174722,0.36390323569019123,G.RF1.CSEperm1,9,0,1995,0.0,3,9,0
9,0,HK,0,class,0.8130345383487094,0.4359015015281616,B.RF1.CSEperm1,164,0,1995,0.036585365853658534,3,164,0
13,1,HK,1,class,0.8335611107392402,0.41626894704550643,B.RF1.CSEperm1,160,0,1995,0.06875,3,160,0
16,0,HK,0,class,0.8857718248305588,0.4439864116636371,B.RF1.CSEperm1,8,0,1995,0.0,3,8,0
14,0,HK,0,class,0.721689773551308,0.44701402032071685,B.RF1.CSEperm1,60,0,1995,0.1,3,60,0
15,0,HK,1,class,0.8632422695894949,0.4667751340423099,B.RF1.CSEperm1,123,0,1995,0.016260162601626018,3,123,0
5,0,HK,0,class,0.5125411224245665,0.46305988757989863,B.RF1.CSEperm1,1,0,1995,0.0,3,1,0
all,1,HK,1,old,0.8089158240285451,0.4297541078838052,B.RF1.CSEperm1,392,0,1995,0.058673469387755105,3,392,0
all,0,HK,1,current,0.8604140345317134,0.4667451723772905,B.RF1.CSEperm1,124,0,1995,0.016129032258064516,3,124,0
all,0,HK,0,tail,0.8443017467854486,0.44610568676544393,B.RF1.CSEperm1,9,0,1995,0.0,3,9,0
9,0,HK,0,class,0.7632353414017992,0.34610725574684276,G.LIN.CSE1,164,0,1995,0.04878048780487805,4,164,0
13,0,HK,0,class,0.7850425333100394,0.3515384697543091,G.LIN.CSE1,160,0,1995,0.0625,4,160,0
16,0,HK,0,class,0.39230933123803613,0.36758916833771577,G.LIN.CSE1,8,0,1995,0.5,4,8,0
14,0,HK,0,class,0.679367151186495,0.3452139189415101,G.LIN.CSE1,60,0,1995,0.05,4,60,0
15,0,HK,0,class,0.8058803082146011,0.35422692747565293,G.LIN.CSE1,123,0,1995,0.016260162601626018,4,123,0
5,0,HK,0,class,0.5605765966164468,0.34297344067455227,G.LIN.CSE1,1,0,1995,0.0,4,1,0
12,0,HK,0,class,0.5978105629997376,0.3581066445847258,G.LIN.CSE1,41,0,1995,0.2926829268292683,4,41,0
1,0,HK,0,class,0.8902373136214693,0.35586116562124914,G.LIN.CSE1,113,0,1995,0.0,4,113,0
all,0,HK,0,old,0.764266975867457,0.3499499595088059,G.LIN.CSE1,516,0,1995,0.05232558139534884,4,516,0
all,0,HK,0,current,0.8123834384559433,0.3564589879426942,G.LIN.CSE1,154,0,1995,0.07792207792207792,4,154,0
all,0,HK,0,tail,0.4110056940578595,0.36485408748625314,G.LIN.CSE1,9,0,1995,0.4444444444444444,4,9,0
9,0,HK,0,class,0.7632353414017992,0.08652681393671069,G.LIN.CSE025,164,0,1995,0.0,4,164,0
13,0,HK,0,class,0.7850425333100394,0.08788461743857727,G.LIN.CSE025,160,0,1995,0.0125,4,160,0
16,0,HK,0,class,0.39230933123803613,0.09189729208442893,G.LIN.CSE025,8,0,1995,0.0,4,8,0
14,0,HK,0,class,0.679367151186495,0.08630347973537753,G.LIN.CSE025,60,0,1995,0.016666666666666666,4,60,0
15,0,HK,0,class,0.8058803082146011,0.08855673186891323,G.LIN.CSE025,123,0,1995,0.008130081300813009,4,123,0
5,0,HK,0,class,0.5605765966164468,0.08574336016863804,G.LIN.CSE025,1,0,1995,0.0,4,1,0
12,0,HK,0,class,0.5978105629997376,0.08952666114618145,G.LIN.CSE025,41,0,1995,0.04878048780487805,4,41,0
1,0,HK,0,class,0.8902373136214693,0.08896529140531229,G.LIN.CSE025,113,0,1995,0.0,4,113,0
all,0,HK,0,old,0.764266975867457,0.08748748987720148,G.LIN.CSE025,516,0,1995,0.007751937984496124,4,516,0
all,0,HK,0,current,0.8123834384559433,0.08911474698567355,G.LIN.CSE025,154,0,1995,0.012987012987012988,4,154,0
all,0,HK,0,tail,0.4110056940578595,0.09121352187156327,G.LIN.CSE025,9,0,1995,0.0,4,9,0
9,0,HK,0,class,0.7760356284129103,0.34634740943779035,G.RF1.CSE1,164,0,1995,0.042682926829268296,4,164,0
13,0,HK,0,class,0.7864911802709696,0.35192620959798815,G.RF1.CSE1,160,0,1995,0.0625,4,160,0
16,0,HK,0,class,0.35530369489977615,0.3695682706030835,G.RF1.CSE1,8,0,1995,0.375,4,8,0
14,0,HK,0,class,0.6805728112043733,0.345564901631951,G.RF1.CSE1,60,0,1995,0.05,4,60,0
15,0,HK,0,class,0.8218387635958228,0.3541917338597014,G.RF1.CSE1,123,0,1995,0.008130081300813009,4,123,0
5,0,HK,0,class,0.5937968366499531,0.3429734406745525,G.RF1.CSE1,1,0,1995,0.0,4,1,0
12,0,HK,0,class,0.6206269898639017,0.35837812923129103,G.RF1.CSE1,41,0,1995,0.2682926829268293,4,41,0
1,0,HK,0,class,0.8920997317030497,0.35680637412704175,G.RF1.CSE1,113,0,1995,0.0,4,113,0
all,0,HK,0,old,0.7722193699485836,0.35020962335588235,G.RF1.CSE1,516,0,1995,0.046511627906976744,4,516,0
all,0,HK,0,current,0.8198245212134063,0.3572248284080431,G.RF1.CSE1,154,0,1995,0.07142857142857142,4,154,0
all,0,HK,0,tail,0.38180293287201805,0.36661328949991334,G.RF1.CSE1,9,0,1995,0.3333333333333333,4,9,0
9,0,HK,0,class,0.7760356284129103,0.08658685235944759,G.RF1.CSE025,164,0,1995,0.0,4,164,0
13,0,HK,0,class,0.7864911802709696,0.08798155239949704,G.RF1.CSE025,160,0,1995,0.01875,4,160,0
16,0,HK,0,class,0.35530369489977615,0.09239206765077086,G.RF1.CSE025,8,0,1995,0.0,4,8,0
14,0,HK,0,class,0.6805728112043733,0.08639122540798777,G.RF1.CSE025,60,0,1995,0.016666666666666666,4,60,0
15,0,HK,0,class,0.8218387635958228,0.08854793346492534,G.RF1.CSE025,123,0,1995,0.0,4,123,0
5,0,HK,0,class,0.5937968366499531,0.08574336016863804,G.RF1.CSE025,1,0,1995,0.0,4,1,0
12,0,HK,0,class,0.6206269898639017,0.08959453230782277,G.RF1.CSE025,41,0,1995,0.024390243902439025,4,41,0
1,0,HK,0,class,0.8920997317030497,0.08920159353176044,G.RF1.CSE025,113,0,1995,0.0,4,113,0
all,0,HK,0,old,0.7722193699485836,0.08755240583897059,G.RF1.CSE025,516,0,1995,0.007751937984496124,4,516,0
all,0,HK,0,current,0.8198245212134063,0.08930620710201079,G.RF1.CSE025,154,0,1995,0.006493506493506494,4,154,0
all,0,HK,0,tail,0.38180293287201805,0.09165332237497834,G.RF1.CSE025,9,0,1995,0.0,4,9,0
9,0,HK,0,class,0.7523201210022759,0.4410478330682622,B.LIN.CSE1,164,0,1995,0.06097560975609756,4,164,0
13,0,HK,1,class,0.7715183639321322,0.4330623446200125,B.LIN.CSE1,160,0,1995,0.05625,4,160,0
16,0,HK,0,class,0.3416623879876809,0.4470584974189241,B.LIN.CSE1,8,0,1995,0.875,4,8,0
14,0,HK,0,class,0.6539715131295514,0.4493689392404533,B.LIN.CSE1,60,0,1995,0.16666666666666666,4,60,0
15,0,HK,0,class,0.8117812096872109,0.47204539933520867,B.LIN.CSE1,123,0,1995,0.032520325203252036,4,123,0
5,0,HK,0,class,0.4128203698491424,0.4630598875798986,B.LIN.CSE1,1,0,1995,1.0,4,1,0
12,0,HK,0,class,0.5801793342764021,0.4298299514607078,B.LIN.CSE1,41,0,1995,0.34146341463414637,4,41,0
1,0,HK,0,class,0.8668817080690667,0.3963998041825564,B.LIN.CSE1,113,0,1995,0.0,4,113,0
all,0,HK,1,old,0.7539863122607849,0.4470640854689655,B.LIN.CSE1,516,0,1995,0.07945736434108527,4,516,0
all,0,HK,0,current,0.7905518553060846,0.40530003819816823,B.LIN.CSE1,154,0,1995,0.09090909090909091,4,154,0
all,0,HK,0,tail,0.34956883041673226,0.4488364296590324,B.LIN.CSE1,9,0,1995,0.8888888888888888,4,9,0
9,0,HK,0,class,0.7523201210022759,0.11026195826706554,B.LIN.CSE025,164,0,1995,0.0,4,164,0
13,0,HK,0,class,0.7715183639321322,0.10826558615500312,B.LIN.CSE025,160,0,1995,0.01875,4,160,0
16,0,HK,0,class,0.3416623879876809,0.11176462435473104,B.LIN.CSE025,8,0,1995,0.125,4,8,0
14,0,HK,0,class,0.6539715131295514,0.11234223481011332,B.LIN.CSE025,60,0,1995,0.016666666666666666,4,60,0
15,0,HK,0,class,0.8117812096872109,0.11801134983380218,B.LIN.CSE025,123,0,1995,0.0,4,123,0
5,0,HK,0,class,0.4128203698491424,0.1157649718949747,B.LIN.CSE025,1,0,1995,0.0,4,1,0
12,0,HK,0,class,0.5801793342764021,0.10745748786517696,B.LIN.CSE025,41,0,1995,0.0975609756097561,4,41,0
1,0,HK,0,class,0.8668817080690667,0.09909995104563912,B.LIN.CSE025,113,0,1995,0.0,4,113,0
all,0,HK,0,old,0.7539863122607849,0.11176602136724137,B.LIN.CSE025,516,0,1995,0.009689922480620155,4,516,0
all,0,HK,0,current,0.7905518553060846,0.10132500954954207,B.LIN.CSE025,154,0,1995,0.025974025974025976,4,154,0
all,0,HK,0,tail,0.34956883041673226,0.11220910741475813,B.LIN.CSE025,9,0,1995,0.1111111111111111,4,9,0
9,0,HK,0,class,0.7705897138315374,0.44095973658756815,B.RF1.CSE1,164,0,1995,0.054878048780487805,4,164,0
13,1,HK,0,class,0.7830932225623035,0.4330596164620809,B.RF1.CSE1,160,0,1995,0.06875,4,160,0
16,0,HK,0,class,0.3298464486836093,0.44705849741892406,B.RF1.CSE1,8,0,1995,0.875,4,8,0
14,0,HK,1,class,0.6746331878401064,0.4489444754282673,B.RF1.CSE1,60,0,1995,0.15,4,60,0
15,0,HK,0,class,0.8271674818662507,0.47215133998668457,B.RF1.CSE1,123,0,1995,0.016260162601626018,4,123,0
5,0,HK,0,class,0.45095735705657536,0.4630598875798986,B.RF1.CSE1,1,0,1995,1.0,4,1,0
12,1,HK,0,class,0.6084093353174651,0.42997140974551457,B.RF1.CSE1,41,0,1995,0.2682926829268293,4,41,0
1,0,HK,0,class,0.8837063723329083,0.3972491089980349,B.RF1.CSE1,113,0,1995,0.0,4,113,0
all,1,HK,1,old,0.7693429247380259,0.4470111369094644,B.RF1.CSE1,516,0,1995,0.0755813953488372,4,516,0
all,1,HK,0,current,0.8104130053352903,0.4059608903658704,B.RF1.CSE1,154,0,1995,0.07142857142857142,4,154,0
all,0,HK,0,tail,0.34330321628060556,0.4488364296590323,B.RF1.CSE1,9,0,1995,0.8888888888888888,4,9,0
9,0,HK,0,class,0.7705897138315374,0.11023993414689202,B.RF1.CSE025,164,0,1995,0.0,4,164,0
13,0,HK,0,class,0.7830932225623035,0.10826490411552023,B.RF1.CSE025,160,0,1995,0.025,4,160,0
16,0,HK,0,class,0.3298464486836093,0.11176462435473103,B.RF1.CSE025,8,0,1995,0.0,4,8,0
14,0,HK,0,class,0.6746331878401064,0.11223611885706683,B.RF1.CSE025,60,0,1995,0.016666666666666666,4,60,0
15,0,HK,0,class,0.8271674818662507,0.11803783499667116,B.RF1.CSE025,123,0,1995,0.008130081300813009,4,123,0
5,0,HK,0,class,0.45095735705657536,0.1157649718949747,B.RF1.CSE025,1,0,1995,0.0,4,1,0
12,0,HK,0,class,0.6084093353174651,0.10749285243637864,B.RF1.CSE025,41,0,1995,0.07317073170731707,4,41,0
1,0,HK,0,class,0.8837063723329083,0.09931227724950872,B.RF1.CSE025,113,0,1995,0.0,4,113,0
all,0,HK,0,old,0.7693429247380259,0.1117527842273661,B.RF1.CSE025,516,0,1995,0.011627906976744186,4,516,0
all,0,HK,0,current,0.8104130053352903,0.1014902225914676,B.RF1.CSE025,154,0,1995,0.01948051948051948,4,154,0
all,0,HK,0,tail,0.34330321628060556,0.11220910741475813,B.RF1.CSE025,9,0,1995,0.0,4,9,0
9,0,HK,0,class,0.7679358806050646,0.3458467353388241,G.RF2.CSE1,164,0,1995,0.054878048780487805,4,164,0
13,0,HK,0,class,0.7866729464304092,0.3523763823281502,G.RF2.CSE1,160,0,1995,0.0625,4,160,0
16,0,HK,0,class,0.3096517755516209,0.369150137030199,G.RF2.CSE1,8,0,1995,0.625,4,8,0
14,0,HK,0,class,0.6757560280831292,0.3464078208950906,G.RF2.CSE1,60,0,1995,0.05,4,60,0
15,0,HK,0,class,0.8228740460733615,0.35449946315119607,G.RF2.CSE1,123,0,1995,0.008130081300813009,4,123,0
5,0,HK,0,class,0.5617779157709031,0.34297344067455227,G.RF2.CSE1,1,0,1995,0.0,4,1,0
12,0,HK,0,class,0.6074493525422512,0.3584499998421926,G.RF2.CSE1,41,0,1995,0.3170731707317073,4,41,0
1,0,HK,0,class,0.8918961155568439,0.355175236481074,G.RF2.CSE1,113,0,1995,0.0,4,113,0
all,0,HK,0,old,0.7686182506207192,0.35035496807420524,G.RF2.CSE1,516,0,1995,0.05426356589147287,4,516,0
all,0,HK,0,current,0.8161667825464654,0.3560470890642289,G.RF2.CSE1,154,0,1995,0.08441558441558442,4,154,0
all,0,HK,0,tail,0.33766579113154116,0.3662416152129049,G.RF2.CSE1,9,0,1995,0.5555555555555556,4,9,0
9,0,HK,0,class,0.7679358806050646,0.08646168383470602,G.RF2.CSE025,164,0,1995,0.0,4,164,0
13,0,HK,0,class,0.7866729464304092,0.08809409558203757,G.RF2.CSE025,160,0,1995,0.01875,4,160,0
16,0,HK,0,class,0.3096517755516209,0.09228753425754974,G.RF2.CSE025,8,0,1995,0.0,4,8,0
14,0,HK,0,class,0.6757560280831292,0.08660195522377266,G.RF2.CSE025,60,0,1995,0.016666666666666666,4,60,0
15,0,HK,0,class,0.8228740460733615,0.08862486578779902,G.RF2.CSE025,123,0,1995,0.0,4,123,0
5,0,HK,0,class,0.5617779157709031,0.08574336016863804,G.RF2.CSE025,1,0,1995,0.0,4,1,0
12,0,HK,0,class,0.6074493525422512,0.08961249996054815,G.RF2.CSE025,41,0,1995,0.07317073170731707,4,41,0
1,0,HK,0,class,0.8918961155568439,0.0887938091202685,G.RF2.CSE025,113,0,1995,0.0,4,113,0
all,0,HK,0,old,0.7686182506207192,0.08758874201855131,G.RF2.CSE025,516,0,1995,0.007751937984496124,4,516,0
all,0,HK,0,current,0.8161667825464654,0.08901177226605723,G.RF2.CSE025,154,0,1995,0.01948051948051948,4,154,0
all,0,HK,0,tail,0.33766579113154116,0.09156040380322622,G.RF2.CSE025,9,0,1995,0.0,4,9,0
9,0,HK,0,class,0.767670497443047,0.44074084522031454,B.RF2.CSE1,164,0,1995,0.054878048780487805,4,164,0
13,1,HK,0,class,0.779064299477082,0.4327911167858768,B.RF2.CSE1,160,0,1995,0.06875,4,160,0
16,0,HK,0,class,0.2837775695996909,0.4467033745191652,B.RF2.CSE1,8,0,1995,0.875,4,8,0
14,0,HK,0,class,0.681863670445932,0.44896700507171056,B.RF2.CSE1,60,0,1995,0.13333333333333333,4,60,0
15,0,HK,0,class,0.8260634040646465,0.47204539933520867,B.RF2.CSE1,123,0,1995,0.024390243902439025,4,123,0
5,0,HK,0,class,0.4484093897015069,0.4630598875798986,B.RF2.CSE1,1,0,1995,1.0,4,1,0
12,0,HK,0,class,0.5963921941063859,0.43040186091882554,B.RF2.CSE1,41,0,1995,0.34146341463414637,4,41,0
1,0,HK,0,class,0.879983048542308,0.39750236009233864,B.RF2.CSE1,113,0,1995,0.0,4,113,0
all,1,HK,0,old,0.7670242216476731,0.4468301717211985,B.RF2.CSE1,516,0,1995,0.0755813953488372,4,516,0
all,0,HK,0,current,0.8044815872963808,0.4062613181045851,B.RF2.CSE1,154,0,1995,0.09090909090909091,4,154,0
all,0,HK,0,tail,0.30206999405544827,0.4485207648592467,B.RF2.CSE1,9,0,1995,0.8888888888888888,4,9,0
9,0,HK,0,class,0.767670497443047,0.11018521130507863,B.RF2.CSE025,164,0,1995,0.0,4,164,0
13,1,HK,0,class,0.779064299477082,0.1081977791964692,B.RF2.CSE025,160,0,1995,0.025,4,160,0
16,0,HK,0,class,0.2837775695996909,0.1116758436297913,B.RF2.CSE025,8,0,1995,0.0,4,8,0
14,0,HK,0,class,0.681863670445932,0.11224175126792763,B.RF2.CSE025,60,0,1995,0.016666666666666666,4,60,0
15,0,HK,0,class,0.8260634040646465,0.11801134983380218,B.RF2.CSE025,123,0,1995,0.0,4,123,0
5,0,HK,0,class,0.4484093897015069,0.1157649718949747,B.RF2.CSE025,1,0,1995,0.0,4,1,0
12,0,HK,0,class,0.5963921941063859,0.10760046522970639,B.RF2.CSE025,41,0,1995,0.12195121951219512,4,41,0
1,0,HK,0,class,0.879983048542308,0.09937559002308466,B.RF2.CSE025,113,0,1995,0.0,4,113,0
all,1,HK,0,old,0.7670242216476731,0.11170754293029962,B.RF2.CSE025,516,0,1995,0.009689922480620155,4,516,0
all,0,HK,0,current,0.8044815872963808,0.10156532952614628,B.RF2.CSE025,154,0,1995,0.032467532467532464,4,154,0
all,0,HK,0,tail,0.30206999405544827,0.11213019121481167,B.RF2.CSE025,9,0,1995,0.0,4,9,0
9,0,HK,0,class,0.7760356284129103,0.34677644011551734,G.RF1.CSEperm1,164,0,1995,0.04878048780487805,4,164,0
13,0,HK,0,class,0.7864911802709696,0.35697264176631427,G.RF1.CSEperm1,160,0,1995,0.0625,4,160,0
16,0,HK,0,class,0.35530369489977615,0.3686456781677668,G.RF1.CSEperm1,8,0,1995,0.375,4,8,0
14,0,HK,0,class,0.6805728112043733,0.3462734683275531,G.RF1.CSEperm1,60,0,1995,0.05,4,60,0
15,0,HK,0,class,0.8218387635958228,0.35501067733612945,G.RF1.CSEperm1,123,0,1995,0.008130081300813009,4,123,0
5,0,HK,0,class,0.5937968366499531,0.33831020914413523,G.RF1.CSEperm1,1,0,1995,0.0,4,1,0
12,0,HK,0,class,0.6206269898639017,0.35823903132042834,G.RF1.CSEperm1,41,0,1995,0.24390243902439024,4,41,0
1,0,HK,0,class,0.8920997317030497,0.3604783405389875,G.RF1.CSEperm1,113,0,1995,0.0,4,113,0
all,0,HK,0,old,0.7722193699485836,0.352165030829532,G.RF1.CSEperm1,516,0,1995,0.04844961240310078,4,516,0
all,0,HK,0,current,0.8198245212134063,0.35988216081196844,G.RF1.CSEperm1,154,0,1995,0.06493506493506493,4,154,0
all,0,HK,0,tail,0.38180293287201805,0.36527507049847435,G.RF1.CSEperm1,9,0,1995,0.3333333333333333,4,9,0
9,0,HK,0,class,0.7705897138315374,0.4274470343040231,B.RF1.CSEperm1,164,0,1995,0.054878048780487805,4,164,0
13,0,HK,0,class,0.7830932225623035,0.4121409380835672,B.RF1.CSEperm1,160,0,1995,0.06875,4,160,0
16,0,HK,0,class,0.3298464486836093,0.42611524335265694,B.RF1.CSEperm1,8,0,1995,0.875,4,8,0
14,0,HK,0,class,0.6746331878401064,0.4394908391455502,B.RF1.CSEperm1,60,0,1995,0.13333333333333333,4,60,0
15,0,HK,0,class,0.8271674818662507,0.45906337481150294,B.RF1.CSEperm1,123,0,1995,0.016260162601626018,4,123,0
5,0,HK,0,class,0.45095735705657536,0.4630598875798986,B.RF1.CSEperm1,1,0,1995,1.0,4,1,0
12,0,HK,1,class,0.6084093353174651,0.4237453772628179,B.RF1.CSEperm1,41,0,1995,0.2682926829268293,4,41,0
1,0,HK,0,class,0.8837063723329083,0.3920769266930097,B.RF1.CSEperm1,113,0,1995,0.0,4,113,0
all,0,HK,0,old,0.7693429247380259,0.431686222876317,B.RF1.CSEperm1,516,0,1995,0.07364341085271318,4,516,0
all,0,HK,1,current,0.8104130053352903,0.4005081375589976,B.RF1.CSEperm1,154,0,1995,0.07142857142857142,4,154,0
all,0,HK,0,tail,0.34330321628060556,0.4302202038223505,B.RF1.CSEperm1,9,0,1995,0.8888888888888888,4,9,0
9,0,HK,0,class,0.743097372148639,0.3468260976591415,G.LIN.CSE1,164,0,1995,0.06707317073170732,5,164,0
13,0,HK,0,class,0.7247710571969421,0.3533478566481151,G.LIN.CSE1,160,0,1995,0.09375,5,160,0
16,0,HK,0,class,0.4009119775126435,0.36957609396305513,G.LIN.CSE1,8,0,1995,0.5,5,8,0
14,0,HK,0,class,0.6071541539920092,0.3448837864439899,G.LIN.CSE1,60,0,1995,0.15,5,60,0
15,0,HK,0,class,0.7872849500493934,0.3543911223542912,G.LIN.CSE1,123,0,1995,0.016260162601626018,5,123,0
5,0,HK,0,class,0.46983901887290186,0.3429734700950866,G.LIN.CSE1,1,0,1995,0.0,5,1,0
12,0,HK,0,class,0.5336671536103411,0.36057723293408084,G.LIN.CSE1,41,0,1995,0.36585365853658536,5,41,0
1,0,HK,0,class,0.8474910686902519,0.3556393078723236,G.LIN.CSE1,113,0,1995,0.0,5,113,0
8,0,HK,0,class,0.7497451531067674,0.34812113463539973,G.LIN.CSE1,153,0,1995,0.0457516339869281,5,153,0
22,0,HK,0,class,0.6129166106808692,0.35300051966805474,G.LIN.CSE1,21,0,1995,0.19047619047619047,5,21,0
all,0,HK,0,old,0.7349561420574329,0.35219218339952874,G.LIN.CSE1,670,0,1995,0.08358208955223881,5,670,0
all,0,HK,0,current,0.7332313635036417,0.3487100259324443,G.LIN.CSE1,174,0,1995,0.06321839080459771,5,174,0
all,0,HK,0,tail,0.4085705376637833,0.3666202468666142,G.LIN.CSE1,9,0,1995,0.4444444444444444,5,9,0
9,0,HK,0,class,0.743097372148639,0.08670652441478538,G.LIN.CSE025,164,0,1995,0.0,5,164,0
13,0,HK,0,class,0.7247710571969421,0.08833696416202877,G.LIN.CSE025,160,0,1995,0.03125,5,160,0
16,0,HK,0,class,0.4009119775126435,0.09239402349076378,G.LIN.CSE025,8,0,1995,0.0,5,8,0
14,0,HK,0,class,0.6071541539920092,0.08622094661099747,G.LIN.CSE025,60,0,1995,0.016666666666666666,5,60,0
15,0,HK,0,class,0.7872849500493934,0.0885977805885728,G.LIN.CSE025,123,0,1995,0.0,5,123,0
5,0,HK,0,class,0.46983901887290186,0.08574336752377165,G.LIN.CSE025,1,0,1995,0.0,5,1,0
12,0,HK,0,class,0.5336671536103411,0.09014430823352022,G.LIN.CSE025,41,0,1995,0.04878048780487805,5,41,0
1,0,HK,0,class,0.8474910686902519,0.0889098269680809,G.LIN.CSE025,113,0,1995,0.0,5,113,0
8,0,HK,0,class,0.7497451531067674,0.08703028365884993,G.LIN.CSE025,153,0,1995,0.0,5,153,0
22,0,HK,0,class,0.6129166106808692,0.08825012991701367,G.LIN.CSE025,21,0,1995,0.0,5,21,0
all,0,HK,0,old,0.7349561420574329,0.08804804584988218,G.LIN.CSE025,670,0,1995,0.011940298507462687,5,670,0
all,0,HK,0,current,0.7332313635036417,0.08717750648311108,G.LIN.CSE025,174,0,1995,0.0,5,174,0
all,0,HK,0,tail,0.4085705376637833,0.09165506171665355,G.LIN.CSE025,9,0,1995,0.0,5,9,0
9,0,HK,0,class,0.7586473201218664,0.346601786025977,G.RF1.CSE1,164,0,1995,0.04878048780487805,5,164,0
13,0,HK,1,class,0.7236824647523703,0.35297420979853433,G.RF1.CSE1,160,0,1995,0.0875,5,160,0
16,0,HK,0,class,0.36601595417345734,0.37144544806249297,G.RF1.CSE1,8,0,1995,0.375,5,8,0
14,0,HK,0,class,0.612160158599423,0.34498287672167466,G.RF1.CSE1,60,0,1995,0.11666666666666667,5,60,0
15,0,HK,0,class,0.8031842269864342,0.3543758127765118,G.RF1.CSE1,123,0,1995,0.008130081300813009,5,123,0
5,0,HK,0,class,0.567471056927821,0.3429734700950866,G.RF1.CSE1,1,0,1995,0.0,5,1,0
12,0,HK,0,class,0.5672511829811251,0.35982038733528776,G.RF1.CSE1,41,0,1995,0.2926829268292683,5,41,0
1,0,HK,0,class,0.8464547322855175,0.3559190038333523,G.RF1.CSE1,113,0,1995,0.0,5,113,0
8,0,HK,0,class,0.7536617855823439,0.34811597970291464,G.RF1.CSE1,153,0,1995,0.05228758169934641,5,153,0
22,0,HK,0,class,0.6054701287940911,0.35298107268664686,G.RF1.CSE1,21,0,1995,0.14285714285714285,5,21,0
all,0,HK,1,old,0.7434789645320407,0.35207729017813105,G.RF1.CSE1,670,0,1995,0.06716417910447761,5,670,0
all,0,HK,0,current,0.7357765856251409,0.348703146097503,G.RF1.CSE1,174,0,1995,0.06321839080459771,5,174,0
all,0,HK,0,tail,0.38839985447949776,0.36828189495500335,G.RF1.CSE1,9,0,1995,0.3333333333333333,5,9,0
9,0,HK,0,class,0.7586473201218664,0.08665044650649426,G.RF1.CSE025,164,0,1995,0.0,5,164,0
13,0,HK,0,class,0.7236824647523703,0.08824355244963358,G.RF1.CSE025,160,0,1995,0.025,5,160,0
16,0,HK,0,class,0.36601595417345734,0.09286136201562324,G.RF1.CSE025,8,0,1995,0.0,5,8,0
14,0,HK,0,class,0.612160158599423,0.08624571918041868,G.RF1.CSE025,60,0,1995,0.016666666666666666,5,60,0
15,0,HK,0,class,0.8031842269864342,0.08859395319412795,G.RF1.CSE025,123,0,1995,0.0,5,123,0
5,0,HK,0,class,0.567471056927821,0.08574336752377165,G.RF1.CSE025,1,0,1995,0.0,5,1,0
12,0,HK,0,class,0.5672511829811251,0.08995509683382195,G.RF1.CSE025,41,0,1995,0.0975609756097561,5,41,0
1,0,HK,0,class,0.8464547322855175,0.08897975095833807,G.RF1.CSE025,113,0,1995,0.0,5,113,0
8,0,HK,0,class,0.7536617855823439,0.08702899492572866,G.RF1.CSE025,153,0,1995,0.006535947712418301,5,153,0
22,0,HK,0,class,0.6054701287940911,0.0882452681716617,G.RF1.CSE025,21,0,1995,0.0,5,21,0
all,0,HK,0,old,0.7434789645320407,0.08801932254453276,G.RF1.CSE025,670,0,1995,0.013432835820895522,5,670,0
all,0,HK,0,current,0.7357765856251409,0.08717578652437576,G.RF1.CSE025,174,0,1995,0.005747126436781609,5,174,0
all,0,HK,0,tail,0.38839985447949776,0.09207047373875084,G.RF1.CSE025,9,0,1995,0.0,5,9,0
9,0,HK,0,class,0.7291813324116354,0.44223309933856836,B.LIN.CSE1,164,0,1995,0.06707317073170732,5,164,0
13,1,HK,0,class,0.6977843308682015,0.43614350761764864,B.LIN.CSE1,160,0,1995,0.10625,5,160,0
16,0,HK,0,class,0.36156751664931563,0.4470584975896569,B.LIN.CSE1,8,0,1995,0.625,5,8,0
14,0,HK,0,class,0.5911434052377883,0.44960800618857977,B.LIN.CSE1,60,0,1995,0.31666666666666665,5,60,0
15,0,HK,0,class,0.7890412553585253,0.4720453858930074,B.LIN.CSE1,123,0,1995,0.056910569105691054,5,123,0
5,0,HK,0,class,0.3356924560269783,0.4630598896676209,B.LIN.CSE1,1,0,1995,1.0,5,1,0
12,1,HK,0,class,0.5097219246748362,0.4302101160560062,B.LIN.CSE1,41,0,1995,0.4146341463414634,5,41,0
1,0,HK,0,class,0.8100572864169007,0.40463487996624387,B.LIN.CSE1,113,0,1995,0.008849557522123894,5,113,0
8,0,HK,0,class,0.7358290847307367,0.4317763881040641,B.LIN.CSE1,153,0,1995,0.0718954248366013,5,153,0
22,0,HK,0,class,0.5976417599859738,0.4245487652653838,B.LIN.CSE1,21,0,1995,0.19047619047619047,5,21,0
all,2,HK,0,old,0.7155450970802775,0.4399240841960752,B.LIN.CSE1,670,0,1995,0.11641791044776119,5,670,0
all,0,HK,0,current,0.7191513041580928,0.4309040887959476,B.LIN.CSE1,174,0,1995,0.08620689655172414,5,174,0
all,0,HK,0,tail,0.3586925099135004,0.44883643004276397,B.LIN.CSE1,9,0,1995,0.6666666666666666,5,9,0
9,0,HK,0,class,0.7291813324116354,0.11055827483464212,B.LIN.CSE025,164,0,1995,0.0,5,164,0
13,0,HK,0,class,0.6977843308682015,0.10903587690441216,B.LIN.CSE025,160,0,1995,0.025,5,160,0
16,0,HK,0,class,0.36156751664931563,0.11176462439741422,B.LIN.CSE025,8,0,1995,0.125,5,8,0
14,0,HK,0,class,0.5911434052377883,0.11240200154714497,B.LIN.CSE025,60,0,1995,0.0,5,60,0
15,0,HK,0,class,0.7890412553585253,0.11801134647325186,B.LIN.CSE025,123,0,1995,0.0,5,123,0
5,0,HK,0,class,0.3356924560269783,0.1157649724169052,B.LIN.CSE025,1,0,1995,0.0,5,1,0
12,0,HK,0,class,0.5097219246748362,0.10755252901400154,B.LIN.CSE025,41,0,1995,0.0975609756097561,5,41,0
1,0,HK,0,class,0.8100572864169007,0.10115871999156095,B.LIN.CSE025,113,0,1995,0.0,5,113,0
8,0,HK,0,class,0.7358290847307367,0.10794409702601603,B.LIN.CSE025,153,0,1995,0.0,5,153,0
22,0,HK,0,class,0.5976417599859738,0.10613719131634597,B.LIN.CSE025,21,0,1995,0.047619047619047616,5,21,0
all,0,HK,0,old,0.7155450970802775,0.1099810210490188,B.LIN.CSE025,670,0,1995,0.013432835820895522,5,670,0
all,0,HK,0,current,0.7191513041580928,0.1077260221989869,B.LIN.CSE025,174,0,1995,0.005747126436781609,5,174,0
all,0,HK,0,tail,0.3586925099135004,0.11220910751069099,B.LIN.CSE025,9,0,1995,0.1111111111111111,5,9,0
9,0,HK,0,class,0.7500709969638504,0.4417781088342037,B.RF1.CSE1,164,0,1995,0.06707317073170732,5,164,0
13,1,HK,0,class,0.7108913613889936,0.4361745540563279,B.RF1.CSE1,160,0,1995,0.1125,5,160,0
16,0,HK,0,class,0.33434186445970776,0.44670337397664195,B.RF1.CSE1,8,0,1995,0.875,5,8,0
14,0,HK,0,class,0.622707633199564,0.4488606143104051,B.RF1.CSE1,60,0,1995,0.21666666666666667,5,60,0
15,0,HK,0,class,0.8082946165931699,0.47215132666007226,B.RF1.CSE1,123,0,1995,0.032520325203252036,5,123,0
5,0,HK,0,class,0.4105263220808279,0.4630598896676209,B.RF1.CSE1,1,0,1995,1.0,5,1,0
12,1,HK,0,class,0.5448505620314388,0.42972987628634746,B.RF1.CSE1,41,0,1995,0.34146341463414637,5,41,0
1,0,HK,0,class,0.8167386348075826,0.4054684417201649,B.RF1.CSE1,113,0,1995,0.008849557522123894,5,113,0
8,0,HK,0,class,0.7561717782019298,0.4317409540471362,B.RF1.CSE1,153,0,1995,0.0718954248366013,5,153,0
22,0,HK,0,class,0.6022643773360425,0.42510255275926906,B.RF1.CSE1,21,0,1995,0.2857142857142857,5,21,0
all,2,HK,0,old,0.7332127718978335,0.4398796033719921,B.RF1.CSE1,670,0,1995,0.10298507462686567,5,670,0
all,0,HK,0,current,0.7375967470629433,0.4309397676848073,B.RF1.CSE1,174,0,1995,0.09770114942528736,5,174,0
all,0,HK,0,tail,0.3428068041953878,0.44852076460897294,B.RF1.CSE1,9,0,1995,0.8888888888888888,5,9,0
9,0,HK,0,class,0.7500709969638504,0.11044452720855095,B.RF1.CSE025,164,0,1995,0.0,5,164,0
13,0,HK,0,class,0.7108913613889936,0.10904363851408197,B.RF1.CSE025,160,0,1995,0.01875,5,160,0
16,0,HK,0,class,0.33434186445970776,0.11167584349416046,B.RF1.CSE025,8,0,1995,0.0,5,8,0
14,0,HK,0,class,0.622707633199564,0.11221515357760126,B.RF1.CSE025,60,0,1995,0.03333333333333333,5,60,0
15,0,HK,0,class,0.8082946165931699,0.11803783166501809,B.RF1.CSE025,123,0,1995,0.0,5,123,0
5,0,HK,0,class,0.4105263220808279,0.1157649724169052,B.RF1.CSE025,1,0,1995,0.0,5,1,0
12,0,HK,0,class,0.5448505620314388,0.10743246907158686,B.RF1.CSE025,41,0,1995,0.07317073170731707,5,41,0
1,0,HK,0,class,0.8167386348075826,0.10136711043004122,B.RF1.CSE025,113,0,1995,0.0,5,113,0
8,0,HK,0,class,0.7561717782019298,0.10793523851178405,B.RF1.CSE025,153,0,1995,0.013071895424836602,5,153,0
22,0,HK,0,class,0.6022643773360425,0.10627563818981726,B.RF1.CSE025,21,0,1995,0.047619047619047616,5,21,0
all,0,HK,0,old,0.7332127718978335,0.10996990084299804,B.RF1.CSE025,670,0,1995,0.011940298507462687,5,670,0
all,0,HK,0,current,0.7375967470629433,0.10773494192120182,B.RF1.CSE025,174,0,1995,0.017241379310344827,5,174,0
all,0,HK,0,tail,0.3428068041953878,0.11213019115224321,B.RF1.CSE025,9,0,1995,0.0,5,9,0
9,0,HK,0,class,0.7497746138645385,0.3467063992526225,G.RF2.CSE1,164,0,1995,0.06707317073170732,5,164,0
13,0,HK,1,class,0.7245368665771094,0.35360033207039254,G.RF2.CSE1,160,0,1995,0.0875,5,160,0
16,0,HK,0,class,0.3168736931762616,0.37101266809488764,G.RF2.CSE1,8,0,1995,0.625,5,8,0
14,0,HK,0,class,0.6147852034118739,0.34516660455853926,G.RF2.CSE1,60,0,1995,0.13333333333333333,5,60,0
15,0,HK,0,class,0.8057131538896396,0.3540970135033275,G.RF2.CSE1,123,0,1995,0.016260162601626018,5,123,0
5,0,HK,0,class,0.5063915701957888,0.3429734700950866,G.RF2.CSE1,1,0,1995,0.0,5,1,0
12,0,HK,0,class,0.5446377303531962,0.35912998701786636,G.RF2.CSE1,41,0,1995,0.3170731707317073,5,41,0
1,0,HK,0,class,0.8462717519958962,0.35561888691028215,G.RF2.CSE1,113,0,1995,0.0,5,113,0
8,0,HK,0,class,0.7612083028430618,0.3477992583541374,G.RF2.CSE1,153,0,1995,0.05228758169934641,5,153,0
22,0,HK,0,class,0.6110224949731438,0.3523216084407211,G.RF2.CSE1,21,0,1995,0.19047619047619047,5,21,0
all,0,HK,1,old,0.74011791267893,0.3521196567859151,G.RF2.CSE1,670,0,1995,0.0791044776119403,5,670,0
all,0,HK,0,current,0.743082429479451,0.3483450592266561,G.RF2.CSE1,174,0,1995,0.06896551724137931,5,174,0
all,0,HK,0,tail,0.33793123506732015,0.36789720165046536,G.RF2.CSE1,9,0,1995,0.5555555555555556,5,9,0
9,0,HK,0,class,0.7497746138645385,0.08667659981315562,G.RF2.CSE025,164,0,1995,0.0,5,164,0
13,0,HK,0,class,0.7245368665771094,0.08840008301759812,G.RF2.CSE025,160,0,1995,0.04375,5,160,0
16,0,HK,0,class,0.3168736931762616,0.09275316702372191,G.RF2.CSE025,8,0,1995,0.125,5,8,0
14,0,HK,0,class,0.6147852034118739,0.08629165113963481,G.RF2.CSE025,60,0,1995,0.016666666666666666,5,60,0
15,0,HK,0,class,0.8057131538896396,0.08852425337583188,G.RF2.CSE025,123,0,1995,0.0,5,123,0
5,0,HK,0,class,0.5063915701957888,0.08574336752377165,G.RF2.CSE025,1,0,1995,0.0,5,1,0
12,0,HK,0,class,0.5446377303531962,0.08978249675446659,G.RF2.CSE025,41,0,1995,0.0975609756097561,5,41,0
1,0,HK,0,class,0.8462717519958962,0.08890472172757054,G.RF2.CSE025,113,0,1995,0.0,5,113,0
8,0,HK,0,class,0.7612083028430618,0.08694981458853435,G.RF2.CSE025,153,0,1995,0.0,5,153,0
22,0,HK,0,class,0.6110224949731438,0.08808040211018027,G.RF2.CSE025,21,0,1995,0.0,5,21,0
all,0,HK,0,old,0.74011791267893,0.08802991419647879,G.RF2.CSE025,670,0,1995,0.019402985074626865,5,670,0
all,0,HK,0,current,0.743082429479451,0.08708626480666402,G.RF2.CSE025,174,0,1995,0.0,5,174,0
all,0,HK,0,tail,0.33793123506732015,0.09197430041261634,G.RF2.CSE025,9,0,1995,0.1111111111111111,5,9,0
9,0,HK,0,class,0.7486076566866576,0.44175886421353094,B.RF2.CSE1,164,0,1995,0.06707317073170732,5,164,0
13,1,HK,0,class,0.7049910771894456,0.4357462567087678,B.RF2.CSE1,160,0,1995,0.1125,5,160,0
16,0,HK,0,class,0.28902666443803043,0.44670337397664195,B.RF2.CSE1,8,0,1995,0.875,5,8,0
14,0,HK,1,class,0.6240121698663864,0.44905069532808106,B.RF2.CSE1,60,0,1995,0.25,5,60,0
15,0,HK,0,class,0.8049218853571557,0.4720453858930074,B.RF2.CSE1,123,0,1995,0.056910569105691054,5,123,0
5,0,HK,0,class,0.3875875439463744,0.463059889667621,B.RF2.CSE1,1,0,1995,1.0,5,1,0
12,0,HK,0,class,0.5365687860062495,0.43027275946879445,B.RF2.CSE1,41,0,1995,0.36585365853658536,5,41,0
1,0,HK,0,class,0.8196162589283944,0.4047633681103472,B.RF2.CSE1,113,0,1995,0.008849557522123894,5,113,0
8,0,HK,0,class,0.7607049917847357,0.43199146237963176,B.RF2.CSE1,153,0,1995,0.0718954248366013,5,153,0
22,0,HK,0,class,0.5959876549263728,0.4239125517413058,B.RF2.CSE1,21,0,1995,0.23809523809523808,5,21,0
all,1,HK,1,old,0.7303464305708237,0.4396844919479363,B.RF2.CSE1,670,0,1995,0.11194029850746269,5,670,0
all,0,HK,0,current,0.7408253131983814,0.4310164214405234,B.RF2.CSE1,174,0,1995,0.09195402298850575,5,174,0
all,0,HK,0,tail,0.29997787327229086,0.44852076460897294,B.RF2.CSE1,9,0,1995,0.8888888888888888,5,9,0
9,0,HK,0,class,0.7486076566866576,0.11043971605338274,B.RF2.CSE025,164,0,1995,0.0,5,164,0
13,0,HK,0,class,0.7049910771894456,0.10893656417719196,B.RF2.CSE025,160,0,1995,0.03125,5,160,0
16,0,HK,0,class,0.28902666443803043,0.11167584349416046,B.RF2.CSE025,8,0,1995,0.0,5,8,0
14,0,HK,0,class,0.6240121698663864,0.1122626738320203,B.RF2.CSE025,60,0,1995,0.016666666666666666,5,60,0
15,0,HK,0,class,0.8049218853571557,0.11801134647325186,B.RF2.CSE025,123,0,1995,0.0,5,123,0
5,0,HK,0,class,0.3875875439463744,0.1157649724169052,B.RF2.CSE025,1,0,1995,0.0,5,1,0
12,0,HK,0,class,0.5365687860062495,0.10756818986719859,B.RF2.CSE025,41,0,1995,0.0975609756097561,5,41,0
1,0,HK,0,class,0.8196162589283944,0.1011908420275868,B.RF2.CSE025,113,0,1995,0.0,5,113,0
8,0,HK,0,class,0.7607049917847357,0.10799786559490794,B.RF2.CSE025,153,0,1995,0.013071895424836602,5,153,0
22,0,HK,0,class,0.5959876549263728,0.10597813793532646,B.RF2.CSE025,21,0,1995,0.047619047619047616,5,21,0
all,0,HK,0,old,0.7303464305708237,0.10992112298698407,B.RF2.CSE025,670,0,1995,0.014925373134328358,5,670,0
all,0,HK,0,current,0.7408253131983814,0.10775410536013084,B.RF2.CSE025,174,0,1995,0.017241379310344827,5,174,0
all,0,HK,0,tail,0.29997787327229086,0.11213019115224321,B.RF2.CSE025,9,0,1995,0.0,5,9,0
9,0,HK,0,class,0.7586473201218664,0.34745036796655465,G.RF1.CSEperm1,164,0,1995,0.054878048780487805,5,164,0
13,1,HK,0,class,0.7236824647523703,0.35774956514352374,G.RF1.CSEperm1,160,0,1995,0.0875,5,160,0
16,0,HK,0,class,0.36601595417345734,0.3710573092835697,G.RF1.CSEperm1,8,0,1995,0.375,5,8,0
14,0,HK,0,class,0.612160158599423,0.3462131432777713,G.RF1.CSEperm1,60,0,1995,0.11666666666666667,5,60,0
15,0,HK,0,class,0.8031842269864342,0.35577886409961207,G.RF1.CSEperm1,123,0,1995,0.008130081300813009,5,123,0
5,0,HK,0,class,0.567471056927821,0.3383102016154471,G.RF1.CSEperm1,1,0,1995,0.0,5,1,0
12,0,HK,0,class,0.5672511829811251,0.3618502095771724,G.RF1.CSEperm1,41,0,1995,0.2926829268292683,5,41,0
1,0,HK,0,class,0.8464547322855175,0.3563962163061205,G.RF1.CSEperm1,113,0,1995,0.0,5,113,0
8,0,HK,0,class,0.7536617855823439,0.3465410593867712,G.RF1.CSEperm1,153,0,1995,0.05228758169934641,5,153,0
22,0,HK,0,class,0.6054701287940911,0.3564321358906544,G.RF1.CSEperm1,21,0,1995,0.14285714285714285,5,21,0
all,1,HK,0,old,0.7434789645320407,0.35398623785304034,G.RF1.CSEperm1,670,0,1995,0.06865671641791045,5,670,0
all,0,HK,0,current,0.7357765856251409,0.34773480999930884,G.RF1.CSEperm1,174,0,1995,0.06321839080459771,5,174,0
all,0,HK,0,tail,0.38839985447949776,0.3674187417648894,G.RF1.CSEperm1,9,0,1995,0.3333333333333333,5,9,0
9,0,HK,0,class,0.7500709969638504,0.42819189506557676,B.RF1.CSEperm1,164,0,1995,0.06707317073170732,5,164,0
13,0,HK,0,class,0.7108913613889936,0.41323590319281545,B.RF1.CSEperm1,160,0,1995,0.1,5,160,0
16,0,HK,0,class,0.33434186445970776,0.42634525060446893,B.RF1.CSEperm1,8,0,1995,0.75,5,8,0
14,0,HK,0,class,0.622707633199564,0.4359560637396133,B.RF1.CSEperm1,60,0,1995,0.21666666666666667,5,60,0
15,0,HK,0,class,0.8082946165931699,0.4563260291587915,B.RF1.CSEperm1,123,0,1995,0.032520325203252036,5,123,0
5,0,HK,0,class,0.4105263220808279,0.4630598896676209,B.RF1.CSEperm1,1,0,1995,1.0,5,1,0
12,0,HK,1,class,0.5448505620314388,0.42423441042797494,B.RF1.CSEperm1,41,0,1995,0.34146341463414637,5,41,0
1,0,HK,0,class,0.8167386348075826,0.39731016495448424,B.RF1.CSEperm1,113,0,1995,0.008849557522123894,5,113,0
8,0,HK,0,class,0.7561717782019298,0.41191424103010116,B.RF1.CSEperm1,153,0,1995,0.06535947712418301,5,153,0
22,0,HK,0,class,0.6022643773360425,0.4212795706034801,B.RF1.CSEperm1,21,0,1995,0.2857142857142857,5,21,0
all,0,HK,1,old,0.7332127718978335,0.4250599433946572,B.RF1.CSEperm1,670,0,1995,0.09850746268656717,5,670,0
all,0,HK,0,current,0.7375967470629433,0.4130445394268883,B.RF1.CSEperm1,174,0,1995,0.09195402298850575,5,174,0
all,0,HK,0,tail,0.3428068041953878,0.43042465494481924,B.RF1.CSEperm1,9,0,1995,0.7777777777777778,5,9,0
9,0,HK,0,class,0.7247882007991273,0.34631202774035386,G.LIN.CSE1,164,0,1995,0.07317073170731707,6,164,0
13,0,HK,0,class,0.6976217599298333,0.3550516903730887,G.LIN.CSE1,160,0,1995,0.10625,6,160,1
16,0,HK,0,class,0.3901046434812765,0.3695500448460591,G.LIN.CSE1,8,0,1995,0.5,6,8,0
14,0,HK,0,class,0.5763301607168436,0.34611784552290903,G.LIN.CSE1,60,0,1995,0.2,6,60,0
15,0,HK,0,class,0.7754815446417518,0.3541880883595337,G.LIN.CSE1,123,0,1995,0.024390243902439025,6,123,0
5,0,HK,0,class,0.49915469878806795,0.34297346138593665,G.LIN.CSE1,1,0,1995,0.0,6,1,0
12,0,HK,0,class,0.5119165353180797,0.35894952131346924,G.LIN.CSE1,41,0,1995,0.3902439024390244,6,41,0
1,0,HK,0,class,0.8271985975447149,0.35537782756966296,G.LIN.CSE1,113,0,1995,0.0,6,113,0
8,0,HK,0,class,0.6896265070785131,0.350858519765671,G.LIN.CSE1,153,0,1995,0.10457516339869281,6,153,0
22,0,HK,0,class,0.5410631796279699,0.35329090818526054,G.LIN.CSE1,21,0,1995,0.2857142857142857,6,21,0
19,0,HK,0,class,0.12579154004653942,0.3427074983557619,G.LIN.CSE1,2,0,1995,1.0,6,2,0
17,0,HK,0,class,0.28610575951643213,0.36146434799255134,G.LIN.CSE1,5,0,1995,0.6,6,5,0
all,0,HK,0,old,0.7054573220689675,0.3521446799930404,G.LIN.CSE1,844,0,1995,0.1018957345971564,6,844,1
all,0,HK,0,current,0.24030169681074848,0.35610524809632577,G.LIN.CSE1,7,0,1995,0.7142857142857143,6,7,0
all,0,HK,0,tail,0.33138148276959495,0.36200690980179306,G.LIN.CSE1,16,0,1995,0.5625,6,16,0
9,0,HK,0,class,0.7247882007991273,0.08657800693508845,G.LIN.CSE025,164,0,1995,0.006097560975609756,6,164,0
13,0,HK,0,class,0.6976217599298333,0.08876292259327218,G.LIN.CSE025,160,0,1995,0.025,6,160,1
16,0,HK,0,class,0.3901046434812765,0.09238751121151478,G.LIN.CSE025,8,0,1995,0.0,6,8,0
14,0,HK,0,class,0.5763301607168436,0.08652946138072728,G.LIN.CSE025,60,0,1995,0.0,6,60,0
15,0,HK,0,class,0.7754815446417518,0.08854702208988342,G.LIN.CSE025,123,0,1995,0.0,6,123,0
5,0,HK,0,class,0.49915469878806795,0.08574336534648419,G.LIN.CSE025,1,0,1995,0.0,6,1,0
12,0,HK,0,class,0.5119165353180797,0.0897373803283673,G.LIN.CSE025,41,0,1995,0.04878048780487805,6,41,0
1,0,HK,0,class,0.8271985975447149,0.08884445689241573,G.LIN.CSE025,113,0,1995,0.0,6,113,0
8,0,HK,0,class,0.6896265070785131,0.08771462994141775,G.LIN.CSE025,153,0,1995,0.0,6,153,0
22,0,HK,0,class,0.5410631796279699,0.08832272704631514,G.LIN.CSE025,21,0,1995,0.0,6,21,0
19,0,HK,0,class,0.12579154004653942,0.08567687458894047,G.LIN.CSE025,2,0,1995,0.0,6,2,0
17,0,HK,0,class,0.28610575951643213,0.09036608699813782,G.LIN.CSE025,5,0,1995,0.4,6,5,0
all,0,HK,0,old,0.7054573220689675,0.0880361699982601,G.LIN.CSE025,844,0,1995,0.008293838862559242,6,844,1
all,0,HK,0,current,0.24030169681074848,0.08902631202408143,G.LIN.CSE025,7,0,1995,0.2857142857142857,6,7,0
all,0,HK,0,tail,0.33138148276959495,0.09050172745044828,G.LIN.CSE025,16,0,1995,0.125,6,16,0
9,0,HK,0,class,0.7397715364086435,0.3466122343743723,G.RF1.CSE1,164,0,1995,0.054878048780487805,6,164,0
13,0,HK,1,class,0.6909982018891901,0.35542419616409093,G.RF1.CSE1,160,0,1995,0.10625,6,160,0
16,0,HK,0,class,0.3609648528264293,0.371445446188405,G.RF1.CSE1,8,0,1995,0.375,6,8,0
14,0,HK,0,class,0.5750641244946219,0.34592599584357814,G.RF1.CSE1,60,0,1995,0.18333333333333332,6,60,0
15,0,HK,0,class,0.7872053865048859,0.35415845309969657,G.RF1.CSE1,123,0,1995,0.016260162601626018,6,123,0
5,0,HK,0,class,0.5824839120759505,0.34297346138593665,G.RF1.CSE1,1,0,1995,0.0,6,1,0
12,0,HK,0,class,0.546329054235544,0.3584629199917761,G.RF1.CSE1,41,0,1995,0.3170731707317073,6,41,0
1,0,HK,0,class,0.8306456311898186,0.35567356292009955,G.RF1.CSE1,113,0,1995,0.0,6,113,0
8,0,HK,0,class,0.6976358322144981,0.35075025323416714,G.RF1.CSE1,153,0,1995,0.0915032679738562,6,153,0
22,0,HK,0,class,0.525509931267371,0.3531003202587098,G.RF1.CSE1,21,0,1995,0.38095238095238093,6,21,0
19,0,HK,0,class,0.09706178367545623,0.342707498355762,G.RF1.CSE1,2,0,1995,1.0,6,2,0
17,0,HK,0,class,0.2886172854702154,0.36240204104047724,G.RF1.CSE1,5,0,1995,0.6,6,5,0
all,0,HK,1,old,0.7117523642787837,0.35226522764966434,G.RF1.CSE1,844,0,1995,0.09123222748815166,6,844,0
all,0,HK,0,current,0.23388714210028422,0.3567750288448443,G.RF1.CSE1,7,0,1995,0.7142857142857143,6,7,0
all,0,HK,0,tail,0.31921329558683587,0.3632476395504429,G.RF1.CSE1,16,0,1995,0.5,6,16,0
9,0,HK,0,class,0.7397715364086435,0.08665305859359307,G.RF1.CSE025,164,0,1995,0.012195121951219513,6,164,0
13,0,HK,1,class,0.6909982018891901,0.08885604904102273,G.RF1.CSE025,160,0,1995,0.01875,6,160,0
16,0,HK,0,class,0.3609648528264293,0.09286136154710126,G.RF1.CSE025,8,0,1995,0.0,6,8,0
14,0,HK,0,class,0.5750641244946219,0.08648149896089453,G.RF1.CSE025,60,0,1995,0.016666666666666666,6,60,0
15,0,HK,0,class,0.7872053865048859,0.08853961327492416,G.RF1.CSE025,123,0,1995,0.0,6,123,0
5,0,HK,0,class,0.5824839120759505,0.08574336534648419,G.RF1.CSE025,1,0,1995,0.0,6,1,0
12,0,HK,0,class,0.546329054235544,0.08961572999794401,G.RF1.CSE025,41,0,1995,0.0975609756097561,6,41,0
1,0,HK,0,class,0.8306456311898186,0.08891839073002489,G.RF1.CSE025,113,0,1995,0.0,6,113,0
8,0,HK,0,class,0.6976358322144981,0.0876875633085418,G.RF1.CSE025,153,0,1995,0.0196078431372549,6,153,0
22,0,HK,0,class,0.525509931267371,0.08827508006467746,G.RF1.CSE025,21,0,1995,0.047619047619047616,6,21,0
19,0,HK,0,class,0.09706178367545623,0.0856768745889405,G.RF1.CSE025,2,0,1995,0.0,6,2,0
17,0,HK,0,class,0.2886172854702154,0.09060051026011931,G.RF1.CSE025,5,0,1995,0.4,6,5,0
all,0,HK,1,old,0.7117523642787837,0.08806630691241608,G.RF1.CSE025,844,0,1995,0.016587677725118485,6,844,0
all,0,HK,0,current,0.23388714210028422,0.08919375721121106,G.RF1.CSE025,7,0,1995,0.2857142857142857,6,7,0
all,0,HK,0,tail,0.31921329558683587,0.09081190988761073,G.RF1.CSE025,16,0,1995,0.125,6,16,0
9,0,HK,0,class,0.7047435597920108,0.4416264690468242,B.LIN.CSE1,164,0,1995,0.07926829268292683,6,164,0
13,1,HK,0,class,0.6748187867873909,0.43589711037210394,B.LIN.CSE1,160,0,1995,0.15,6,160,0
16,0,HK,0,class,0.35513076909718166,0.4470584975896569,B.LIN.CSE1,8,0,1995,0.75,6,8,0
14,0,HK,0,class,0.530852633466642,0.44856623117845074,B.LIN.CSE1,60,0,1995,0.38333333333333336,6,60,0
15,0,HK,0,class,0.7703686829547481,0.4720453858930074,B.LIN.CSE1,123,0,1995,0.056910569105691054,6,123,0
5,0,HK,0,class,0.3594845698472132,0.4630598896676209,B.LIN.CSE1,1,0,1995,1.0,6,1,0
12,0,HK,0,class,0.48531711562369245,0.4300450583686212,B.LIN.CSE1,41,0,1995,0.4146341463414634,6,41,0
1,0,HK,0,class,0.7881238088695529,0.40163528906010004,B.LIN.CSE1,113,0,1995,0.008849557522123894,6,113,0
8,0,HK,0,class,0.6834357630724583,0.4318443592010236,B.LIN.CSE1,153,0,1995,0.1111111111111111,6,153,0
22,0,HK,0,class,0.5249242714658673,0.42407946960302,B.LIN.CSE1,21,0,1995,0.38095238095238093,6,21,0
19,0,HK,0,class,0.08770140084061703,0.4274888304753502,B.LIN.CSE1,2,0,1995,1.0,6,1,0
17,0,HK,1,class,0.22861075320501895,0.4305199576083482,B.LIN.CSE1,5,0,1995,0.8,6,5,0
all,1,HK,0,old,0.6847168957578552,0.43741688822923275,B.LIN.CSE1,844,0,1995,0.1386255924170616,6,844,0
all,0,HK,1,current,0.18835093824376123,0.4296539212846345,B.LIN.CSE1,7,0,1995,0.8571428571428571,6,6,0
all,0,HK,1,tail,0.28243670564568724,0.44044408246108235,B.LIN.CSE1,16,0,1995,0.8125,6,15,0
9,0,HK,0,class,0.7047435597920108,0.11040661726170606,B.LIN.CSE025,164,0,1995,0.0,6,164,0
13,0,HK,0,class,0.6748187867873909,0.10897427759302596,B.LIN.CSE025,160,0,1995,0.01875,6,160,0
16,0,HK,0,class,0.35513076909718166,0.1117646243974142,B.LIN.CSE025,8,0,1995,0.125,6,8,0
14,0,HK,0,class,0.530852633466642,0.11214155779461267,B.LIN.CSE025,60,0,1995,0.03333333333333333,6,60,0
15,0,HK,0,class,0.7703686829547481,0.11801134647325186,B.LIN.CSE025,123,0,1995,0.0,6,123,0
5,0,HK,0,class,0.3594845698472132,0.1157649724169052,B.LIN.CSE025,1,0,1995,0.0,6,1,0
12,0,HK,0,class,0.48531711562369245,0.1075112645921553,B.LIN.CSE025,41,0,1995,0.0975609756097561,6,41,0
1,0,HK,0,class,0.7881238088695529,0.10040882226502501,B.LIN.CSE025,113,0,1995,0.0,6,113,0
8,0,HK,0,class,0.6834357630724583,0.1079610898002559,B.LIN.CSE025,153,0,1995,0.0196078431372549,6,153,0
22,0,HK,0,class,0.5249242714658673,0.106019867400755,B.LIN.CSE025,21,0,1995,0.047619047619047616,6,21,0
19,0,HK,0,class,0.08770140084061703,0.10687220761883756,B.LIN.CSE025,2,0,1995,0.5,6,1,0
17,0,HK,0,class,0.22861075320501895,0.10762998940208705,B.LIN.CSE025,5,0,1995,0.2,6,5,0
all,0,HK,0,old,0.6847168957578552,0.10935422205730819,B.LIN.CSE025,844,0,1995,0.016587677725118485,6,844,0
all,0,HK,0,current,0.18835093824376123,0.10741348032115865,B.LIN.CSE025,7,0,1995,0.2857142857142857,6,6,0
all,0,HK,0,tail,0.28243670564568724,0.11011102061527059,B.LIN.CSE025,16,0,1995,0.1875,6,15,0
9,0,HK,0,class,0.7278879720453629,0.44153815870118196,B.RF1.CSE1,164,0,1995,0.06707317073170732,6,164,0
13,1,HK,0,class,0.683748937762127,0.43596978887226534,B.RF1.CSE1,160,0,1995,0.1375,6,160,0
16,0,HK,0,class,0.32955606414394584,0.4470584975896569,B.RF1.CSE1,8,0,1995,0.875,6,8,0
14,0,HK,0,class,0.5646801496360023,0.44846905224459516,B.RF1.CSE1,60,0,1995,0.3,6,60,0
15,0,HK,0,class,0.7946165772389289,0.4721513266600723,B.RF1.CSE1,123,0,1995,0.056910569105691054,6,123,0
5,0,HK,0,class,0.4206807968314966,0.4630598896676208,B.RF1.CSE1,1,0,1995,1.0,6,1,0
12,1,HK,0,class,0.5234466501628707,0.42972987628634746,B.RF1.CSE1,41,0,1995,0.34146341463414637,6,41,0
1,0,HK,0,class,0.7973471472303438,0.4026009734060573,B.RF1.CSE1,113,0,1995,0.008849557522123894,6,113,0
8,0,HK,0,class,0.7108861028641641,0.4317858569423098,B.RF1.CSE1,153,0,1995,0.12418300653594772,6,153,0
22,0,HK,0,class,0.5463453793631815,0.42488759541079335,B.RF1.CSE1,21,0,1995,0.38095238095238093,6,21,0
19,0,HK,0,class,0.04776006095342289,0.42748883047535025,B.RF1.CSE1,2,0,1995,1.0,6,2,0
17,0,HK,0,class,0.21700452113689855,0.43051995760834816,B.RF1.CSE1,5,0,1995,0.8,6,5,0
all,2,HK,0,old,0.7052720399815899,0.43754552010572334,B.RF1.CSE1,844,0,1995,0.12796208530805686,6,844,0
all,0,HK,0,current,0.16864896108447694,0.4296539212846344,B.RF1.CSE1,7,0,1995,0.8571428571428571,6,7,0
all,0,HK,0,tail,0.2648545023484001,0.44044408246108235,B.RF1.CSE1,16,0,1995,0.875,6,16,0
9,0,HK,0,class,0.7278879720453629,0.11038453967529549,B.RF1.CSE025,164,0,1995,0.0,6,164,0
13,0,HK,0,class,0.683748937762127,0.10899244721806636,B.RF1.CSE025,160,0,1995,0.01875,6,160,0
16,0,HK,0,class,0.32955606414394584,0.11176462439741422,B.RF1.CSE025,8,0,1995,0.0,6,8,0
14,0,HK,0,class,0.5646801496360023,0.11211726306114879,B.RF1.CSE025,60,0,1995,0.03333333333333333,6,60,0
15,0,HK,0,class,0.7946165772389289,0.11803783166501809,B.RF1.CSE025,123,0,1995,0.008130081300813009,6,123,0
5,0,HK,0,class,0.4206807968314966,0.1157649724169052,B.RF1.CSE025,1,0,1995,0.0,6,1,0
12,1,HK,0,class,0.5234466501628707,0.10743246907158686,B.RF1.CSE025,41,0,1995,0.07317073170731707,6,41,0
1,0,HK,0,class,0.7973471472303438,0.10065024335151433,B.RF1.CSE025,113,0,1995,0.0,6,113,0
8,0,HK,0,class,0.7108861028641641,0.10794646423557745,B.RF1.CSE025,153,0,1995,0.0196078431372549,6,153,0
22,0,HK,0,class,0.5463453793631815,0.10622189885269832,B.RF1.CSE025,21,0,1995,0.0,6,21,0
19,0,HK,0,class,0.04776006095342289,0.10687220761883753,B.RF1.CSE025,2,0,1995,1.0,6,2,0
17,0,HK,0,class,0.21700452113689855,0.10762998940208705,B.RF1.CSE025,5,0,1995,0.2,6,5,0
all,1,HK,0,old,0.7052720399815899,0.10938638002643084,B.RF1.CSE025,844,0,1995,0.014218009478672985,6,844,0
all,0,HK,0,current,0.16864896108447694,0.10741348032115863,B.RF1.CSE025,7,0,1995,0.42857142857142855,6,7,0
all,0,HK,0,tail,0.2648545023484001,0.11011102061527057,B.RF1.CSE025,16,0,1995,0.1875,6,16,0
9,0,HK,0,class,0.7309006098918707,0.3461882114023005,G.RF2.CSE1,164,0,1995,0.07317073170731707,6,164,0
13,0,HK,0,class,0.6931641128946051,0.3548968610231099,G.RF2.CSE1,160,0,1995,0.1,6,160,1
16,0,HK,0,class,0.31499723253804834,0.36916139997817976,G.RF2.CSE1,8,0,1995,0.75,6,8,0
14,0,HK,0,class,0.5723265594717919,0.34604975034024343,G.RF2.CSE1,60,0,1995,0.2,6,60,0
15,0,HK,0,class,0.7918619284214659,0.3540200134397809,G.RF2.CSE1,123,0,1995,0.024390243902439025,6,123,0
5,0,HK,0,class,0.5378494819701846,0.34297346138593676,G.RF2.CSE1,1,0,1995,0.0,6,1,0
12,0,HK,0,class,0.5232433363449381,0.35890794576605806,G.RF2.CSE1,41,0,1995,0.34146341463414637,6,41,0
1,0,HK,0,class,0.8274100251196075,0.3558372506374884,G.RF2.CSE1,113,0,1995,0.0,6,113,0
8,0,HK,0,class,0.7040213063272063,0.350834267925259,G.RF2.CSE1,153,0,1995,0.08496732026143791,6,153,0
22,0,HK,0,class,0.5509491495382108,0.35161015111500954,G.RF2.CSE1,21,0,1995,0.2857142857142857,6,21,0
19,0,HK,0,class,0.11171970158813642,0.3406020972528986,G.RF2.CSE1,2,0,1995,1.0,6,2,0
17,0,HK,0,class,0.2968658974216719,0.36146434799255134,G.RF2.CSE1,5,0,1995,0.6,6,5,0
all,0,HK,0,old,0.710670495057878,0.3520715249204008,G.RF2.CSE1,844,0,1995,0.0971563981042654,6,844,1
all,0,HK,0,current,0.24396698432637606,0.3555037049240792,G.RF2.CSE1,7,0,1995,0.7142857142857143,6,7,0
all,0,HK,0,tail,0.29784976453495016,0.3615494122299956,G.RF2.CSE1,16,0,1995,0.6875,6,16,0
9,0,HK,0,class,0.7309006098918707,0.08654705285057512,G.RF2.CSE025,164,0,1995,0.0,6,164,0
13,0,HK,0,class,0.6931641128946051,0.08872421525577748,G.RF2.CSE025,160,0,1995,0.025,6,160,0
16,0,HK,0,class,0.31499723253804834,0.09229034999454494,G.RF2.CSE025,8,0,1995,0.125,6,8,0
14,0,HK,0,class,0.5723265594717919,0.08651243758506087,G.RF2.CSE025,60,0,1995,0.0,6,60,0
15,0,HK,0,class,0.7918619284214659,0.08850500335994523,G.RF2.CSE025,123,0,1995,0.008130081300813009,6,123,0
5,0,HK,0,class,0.5378494819701846,0.08574336534648419,G.RF2.CSE025,1,0,1995,0.0,6,1,0
12,0,HK,0,class,0.5232433363449381,0.08972698644151451,G.RF2.CSE025,41,0,1995,0.0975609756097561,6,41,0
1,0,HK,0,class,0.8274100251196075,0.0889593126593721,G.RF2.CSE025,113,0,1995,0.0,6,113,0
8,0,HK,0,class,0.7040213063272063,0.08770856698131477,G.RF2.CSE025,153,0,1995,0.013071895424836602,6,153,0
22,0,HK,0,class,0.5509491495382108,0.08790253777875238,G.RF2.CSE025,21,0,1995,0.0,6,21,0
19,0,HK,0,class,0.11171970158813642,0.08515052431322465,G.RF2.CSE025,2,0,1995,0.5,6,2,0
17,0,HK,0,class,0.2968658974216719,0.09036608699813783,G.RF2.CSE025,5,0,1995,0.2,6,5,0
all,0,HK,0,old,0.710670495057878,0.08801788123010021,G.RF2.CSE025,844,0,1995,0.014218009478672985,6,844,0
all,0,HK,0,current,0.24396698432637606,0.0888759262310198,G.RF2.CSE025,7,0,1995,0.2857142857142857,6,7,0
all,0,HK,0,tail,0.29784976453495016,0.09038735305749888,G.RF2.CSE025,16,0,1995,0.1875,6,16,0
9,0,HK,0,class,0.7279953956942697,0.44135517773393895,B.RF2.CSE1,164,0,1995,0.06097560975609756,6,164,0
13,1,HK,1,class,0.6764838312597268,0.43596541304399994,B.RF2.CSE1,160,0,1995,0.1375,6,160,0
16,0,HK,0,class,0.28743832561355187,0.4470584975896569,B.RF2.CSE1,8,0,1995,0.875,6,8,0
14,0,HK,1,class,0.5731424405313779,0.44886689369603766,B.RF2.CSE1,60,0,1995,0.3,6,60,0
15,0,HK,0,class,0.7896511171849604,0.4720453858930074,B.RF2.CSE1,123,0,1995,0.06504065040650407,6,123,0
5,0,HK,0,class,0.41387425137922784,0.4630598896676209,B.RF2.CSE1,1,0,1995,1.0,6,1,0
12,0,HK,1,class,0.5116075448360472,0.43004505836862117,B.RF2.CSE1,41,0,1995,0.36585365853658536,6,41,0
1,0,HK,0,class,0.800155002854337,0.40241208844944765,B.RF2.CSE1,113,0,1995,0.008849557522123894,6,113,0
8,0,HK,0,class,0.7190462961428676,0.43184188949448615,B.RF2.CSE1,153,0,1995,0.11764705882352941,6,153,0
22,0,HK,0,class,0.5348210205515178,0.42407946960302007,B.RF2.CSE1,21,0,1995,0.38095238095238093,6,21,0
19,0,HK,0,class,0.10188690228376032,0.42748883047535025,B.RF2.CSE1,2,0,1995,1.0,6,1,0
17,0,HK,1,class,0.19450730881972622,0.4305199576083482,B.RF2.CSE1,5,0,1995,0.8,6,5,0
all,1,HK,3,old,0.7043796469189522,0.43750205039646195,B.RF2.CSE1,844,0,1995,0.12796208530805686,6,844,0
all,0,HK,1,current,0.16804433552373596,0.4296539212846345,B.RF2.CSE1,7,0,1995,0.8571428571428571,6,6,0
all,0,HK,1,tail,0.24310570030961215,0.44044408246108235,B.RF2.CSE1,16,0,1995,0.875,6,15,0
9,0,HK,0,class,0.7279953956942697,0.11033879443348475,B.RF2.CSE025,164,0,1995,0.006097560975609756,6,164,0
13,0,HK,0,class,0.6764838312597268,0.10899135326099998,B.RF2.CSE025,160,0,1995,0.03125,6,160,0
16,0,HK,0,class,0.28743832561355187,0.11176462439741422,B.RF2.CSE025,8,0,1995,0.0,6,8,0
14,0,HK,1,class,0.5731424405313779,0.11221672342400942,B.RF2.CSE025,60,0,1995,0.016666666666666666,6,60,0
15,0,HK,0,class,0.7896511171849604,0.11801134647325186,B.RF2.CSE025,123,0,1995,0.0,6,123,0
5,0,HK,0,class,0.41387425137922784,0.1157649724169052,B.RF2.CSE025,1,0,1995,0.0,6,1,0
12,0,HK,0,class,0.5116075448360472,0.1075112645921553,B.RF2.CSE025,41,0,1995,0.0975609756097561,6,41,0
1,0,HK,0,class,0.800155002854337,0.10060302211236191,B.RF2.CSE025,113,0,1995,0.0,6,113,0
8,0,HK,0,class,0.7190462961428676,0.10796047237362154,B.RF2.CSE025,153,0,1995,0.032679738562091505,6,153,0
22,0,HK,0,class,0.5348210205515178,0.10601986740075502,B.RF2.CSE025,21,0,1995,0.0,6,21,0
19,0,HK,0,class,0.10188690228376032,0.10687220761883756,B.RF2.CSE025,2,0,1995,0.5,6,1,0
17,0,HK,0,class,0.19450730881972622,0.10762998940208704,B.RF2.CSE025,5,0,1995,0.6,6,5,0
all,0,HK,1,old,0.7043796469189522,0.10937551259911549,B.RF2.CSE025,844,0,1995,0.018957345971563982,6,844,0
all,0,HK,0,current,0.16804433552373596,0.10741348032115862,B.RF2.CSE025,7,0,1995,0.5714285714285714,6,6,0
all,0,HK,0,tail,0.24310570030961215,0.11011102061527057,B.RF2.CSE025,16,0,1995,0.25,6,15,0
9,0,HK,0,class,0.7397715364086435,0.346958122738225,G.RF1.CSEperm1,164,0,1995,0.06097560975609756,6,164,0
13,0,HK,0,class,0.6909982018891901,0.3584217364053867,G.RF1.CSEperm1,160,0,1995,0.10625,6,160,0
16,0,HK,0,class,0.3609648528264293,0.37054605379375205,G.RF1.CSEperm1,8,0,1995,0.5,6,8,0
14,0,HK,1,class,0.5750641244946219,0.3445774435632682,G.RF1.CSEperm1,60,0,1995,0.16666666666666666,6,60,0
15,0,HK,0,class,0.7872053865048859,0.3554167918031311,G.RF1.CSEperm1,123,0,1995,0.016260162601626018,6,123,0
5,0,HK,0,class,0.5824839120759505,0.3383102287745196,G.RF1.CSEperm1,1,0,1995,0.0,6,1,0
12,0,HK,0,class,0.546329054235544,0.3602076801736815,G.RF1.CSEperm1,41,0,1995,0.3170731707317073,6,41,0
1,0,HK,0,class,0.8306456311898186,0.3571855973662073,G.RF1.CSEperm1,113,0,1995,0.0,6,113,0
8,0,HK,0,class,0.6976358322144981,0.3503652098060304,G.RF1.CSEperm1,153,0,1995,0.0915032679738562,6,153,0
22,0,HK,0,class,0.525509931267371,0.3556763575762195,G.RF1.CSEperm1,21,0,1995,0.38095238095238093,6,21,0
19,0,HK,0,class,0.09706178367545623,0.34842167740519414,G.RF1.CSEperm1,2,0,1995,1.0,6,2,0
17,0,HK,0,class,0.2886172854702154,0.3611351856638156,G.RF1.CSEperm1,5,0,1995,0.6,6,5,0
all,0,HK,1,old,0.7117523642787837,0.3532556500208083,G.RF1.CSEperm1,844,0,1995,0.0924170616113744,6,844,0
all,0,HK,0,current,0.23388714210028422,0.35750275473278087,G.RF1.CSEperm1,7,0,1995,0.7142857142857143,6,7,0
all,0,HK,0,tail,0.31921329558683587,0.36282487139087516,G.RF1.CSEperm1,16,0,1995,0.5625,6,16,0
9,0,HK,0,class,0.7278879720453629,0.42607564019112554,B.RF1.CSEperm1,164,0,1995,0.06707317073170732,6,164,0
13,0,HK,1,class,0.683748937762127,0.407619527520923,B.RF1.CSEperm1,160,0,1995,0.1375,6,160,0
16,0,HK,0,class,0.32955606414394584,0.426345250604469,B.RF1.CSEperm1,8,0,1995,0.75,6,8,0
14,0,HK,0,class,0.5646801496360023,0.4335712077990122,B.RF1.CSEperm1,60,0,1995,0.3,6,60,0
15,0,HK,0,class,0.7946165772389289,0.45314293773088576,B.RF1.CSEperm1,123,0,1995,0.04878048780487805,6,123,0
5,0,HK,0,class,0.4206807968314966,0.4630598896676209,B.RF1.CSEperm1,1,0,1995,1.0,6,1,0
12,0,HK,1,class,0.5234466501628707,0.41624854895422403,B.RF1.CSEperm1,41,0,1995,0.34146341463414637,6,41,0
1,0,HK,0,class,0.7973471472303438,0.39319696884966365,B.RF1.CSEperm1,113,0,1995,0.0,6,113,0
8,0,HK,0,class,0.7108861028641641,0.40240724072922246,B.RF1.CSEperm1,153,0,1995,0.10457516339869281,6,153,0
22,0,HK,0,class,0.5463453793631815,0.42673523401336944,B.RF1.CSEperm1,21,0,1995,0.38095238095238093,6,21,0
19,0,HK,0,class,0.04776006095342289,0.4165935695111457,B.RF1.CSEperm1,2,0,1995,1.0,6,2,0
17,0,HK,0,class,0.21700452113689855,0.4405998597984865,B.RF1.CSEperm1,5,0,1995,1.0,6,5,0
all,0,HK,2,old,0.7052720399815899,0.41794715738272786,B.RF1.CSEperm1,844,0,1995,0.12085308056872038,6,844,0
all,0,HK,0,current,0.16864896108447694,0.43374091971638906,B.RF1.CSEperm1,7,0,1995,1.0,6,7,0
all,0,HK,0,tail,0.2648545023484001,0.431875520782381,B.RF1.CSEperm1,16,0,1995,0.875,6,16,0
9,0,HK,0,class,0.7103348800181506,0.3458135150163549,G.LIN.CSE1,164,0,1995,0.06707317073170732,7,164,0
13,0,HK,0,class,0.6596882355238168,0.35444138499142414,G.LIN.CSE1,160,0,1995,0.13125,7,160,0
16,0,HK,0,class,0.3737650782046873,0.368523352445025,G.LIN.CSE1,8,0,1995,0.5,7,8,0
14,0,HK,0,class,0.5350957844060226,0.34592091611279924,G.LIN.CSE1,60,0,1995,0.23333333333333334,7,60,0
15,0,HK,0,class,0.761527170595178,0.3538538308238676,G.LIN.CSE1,123,0,1995,0.024390243902439025,7,123,0
5,0,HK,0,class,0.49911326803104217,0.3429734505363575,G.LIN.CSE1,1,0,1995,0.0,7,1,0
12,0,HK,0,class,0.4910979502017977,0.3581982581943149,G.LIN.CSE1,41,0,1995,0.3902439024390244,7,41,0
1,0,HK,0,class,0.8073879613726649,0.35540872912610333,G.LIN.CSE1,113,0,1995,0.0,7,113,0
8,0,HK,0,class,0.6323650200123657,0.35060020778509143,G.LIN.CSE1,153,0,1995,0.12418300653594772,7,153,0
22,0,HK,0,class,0.41183308245333744,0.3516521311712393,G.LIN.CSE1,21,0,1995,0.5238095238095238,7,21,0
19,0,HK,0,class,0.1295818418308511,0.3421596690449785,G.LIN.CSE1,2,0,1995,1.0,7,0,0
17,0,HK,0,class,0.18407359346097918,0.35990823235948005,G.LIN.CSE1,5,0,1995,0.8,7,4,0
18,0,HK,0,class,0.23251974335049702,0.3574408949243277,G.LIN.CSE1,33,0,1995,0.7575757575757576,7,31,0
6,0,HK,0,class,0.11872676591205777,0.31520913428028574,G.LIN.CSE1,1,0,1995,1.0,7,0,0
all,0,HK,0,old,0.6689278389962251,0.35176518979122123,G.LIN.CSE1,851,0,1995,0.12338425381903642,7,848,0
all,0,HK,0,current,0.22917289107289585,0.35619878431714996,G.LIN.CSE1,34,0,1995,0.7647058823529411,7,31,0
all,0,HK,0,tail,0.2816171947380704,0.35824881789789415,G.LIN.CSE1,17,0,1995,0.6470588235294118,7,13,0
9,0,HK,0,class,0.7103348800181506,0.08645337875408872,G.LIN.CSE025,164,0,1995,0.006097560975609756,7,164,0
13,0,HK,0,class,0.6596882355238168,0.08861034624785602,G.LIN.CSE025,160,0,1995,0.01875,7,160,0
16,0,HK,0,class,0.3737650782046873,0.09213083811125623,G.LIN.CSE025,8,0,1995,0.0,7,8,0
14,0,HK,0,class,0.5350957844060226,0.08648022902819981,G.LIN.CSE025,60,0,1995,0.0,7,60,0
15,0,HK,0,class,0.761527170595178,0.0884634577059669,G.LIN.CSE025,123,0,1995,0.0,7,123,0
5,0,HK,0,class,0.49911326803104217,0.08574336263408933,G.LIN.CSE025,1,0,1995,0.0,7,1,0
12,0,HK,0,class,0.4910979502017977,0.08954956454857872,G.LIN.CSE025,41,0,1995,0.04878048780487805,7,41,0
1,0,HK,0,class,0.8073879613726649,0.08885218228152583,G.LIN.CSE025,113,0,1995,0.0,7,113,0
8,0,HK,0,class,0.6323650200123657,0.08765005194627287,G.LIN.CSE025,153,0,1995,0.026143790849673203,7,153,0
22,0,HK,0,class,0.41183308245333744,0.0879130327928098,G.LIN.CSE025,21,0,1995,0.047619047619047616,7,21,0
19,0,HK,0,class,0.1295818418308511,0.08553991726124464,G.LIN.CSE025,2,0,1995,0.0,7,0,0
17,0,HK,0,class,0.18407359346097918,0.08997705808987003,G.LIN.CSE025,5,0,1995,0.2,7,4,0
18,0,HK,0,class,0.23251974335049702,0.0893602237310819,G.LIN.CSE025,33,0,1995,0.3333333333333333,7,31,0
6,0,HK,0,class,0.11872676591205777,0.07880228357007144,G.LIN.CSE025,1,0,1995,0.0,7,0,0
all,0,HK,0,old,0.6689278389962251,0.08794129744780531,G.LIN.CSE025,851,0,1995,0.01410105757931845,7,848,0
all,0,HK,0,current,0.22917289107289585,0.08904969607928749,G.LIN.CSE025,34,0,1995,0.3235294117647059,7,31,0
all,0,HK,0,tail,0.2816171947380704,0.08956220447447354,G.LIN.CSE025,17,0,1995,0.058823529411764705,7,13,0
9,0,HK,0,class,0.7241064683475432,0.34584521169917165,G.RF1.CSE1,164,0,1995,0.054878048780487805,7,164,0
13,0,HK,0,class,0.6574743977543462,0.3543712648308944,G.RF1.CSE1,160,0,1995,0.13125,7,160,0
16,0,HK,0,class,0.3489331948960517,0.37017319410800065,G.RF1.CSE1,8,0,1995,0.5,7,8,0
14,0,HK,0,class,0.5388495535369126,0.34622197383199105,G.RF1.CSE1,60,0,1995,0.18333333333333332,7,60,0
15,0,HK,0,class,0.7753935860323747,0.3538555291500773,G.RF1.CSE1,123,0,1995,0.024390243902439025,7,123,0
5,0,HK,0,class,0.5896327568557946,0.3429734505363575,G.RF1.CSE1,1,0,1995,0.0,7,1,0
12,0,HK,0,class,0.5270861697263804,0.35766313468675204,G.RF1.CSE1,41,0,1995,0.34146341463414637,7,41,0
1,0,HK,0,class,0.8133284325430635,0.35600936846391645,G.RF1.CSE1,113,0,1995,0.0,7,113,0
8,0,HK,0,class,0.6430619039612199,0.35042112240293055,G.RF1.CSE1,153,0,1995,0.11764705882352941,7,153,0
22,0,HK,0,class,0.4057211410241016,0.35016226056002975,G.RF1.CSE1,21,0,1995,0.47619047619047616,7,21,0
19,0,HK,0,class,0.14265208989069456,0.34270747587356043,G.RF1.CSE1,2,0,1995,1.0,7,2,0
17,0,HK,0,class,0.1945274370113383,0.3614643479795966,G.RF1.CSE1,5,0,1995,0.8,7,4,0
18,0,HK,0,class,0.2106197463122547,0.358216966612466,G.RF1.CSE1,33,0,1995,0.7272727272727273,7,32,0
6,0,HK,0,class,0.1015807173692777,0.31520913428028574,G.RF1.CSE1,1,0,1995,1.0,7,0,0
all,0,HK,0,old,0.6776945352861012,0.3517905377908579,G.RF1.CSE1,851,0,1995,0.1128084606345476,7,850,0
all,0,HK,0,current,0.20741271604922598,0.3569520303674018,G.RF1.CSE1,34,0,1995,0.7352941176470589,7,32,0
all,0,HK,0,tail,0.27886002342538624,0.3595473429015148,G.RF1.CSE1,17,0,1995,0.6470588235294118,7,15,0
9,0,HK,0,class,0.7241064683475432,0.08646130292479291,G.RF1.CSE025,164,0,1995,0.012195121951219513,7,164,0
13,0,HK,0,class,0.6574743977543462,0.0885928162077236,G.RF1.CSE025,160,0,1995,0.0125,7,160,0
16,0,HK,0,class,0.3489331948960517,0.09254329852700016,G.RF1.CSE025,8,0,1995,0.0,7,8,0
14,0,HK,0,class,0.5388495535369126,0.08655549345799775,G.RF1.CSE025,60,0,1995,0.016666666666666666,7,60,0
15,0,HK,0,class,0.7753935860323747,0.08846388228751932,G.RF1.CSE025,123,0,1995,0.0,7,123,0
5,0,HK,0,class,0.5896327568557946,0.08574336263408933,G.RF1.CSE025,1,0,1995,0.0,7,1,0
12,0,HK,0,class,0.5270861697263804,0.08941578367168801,G.RF1.CSE025,41,0,1995,0.07317073170731707,7,41,0
1,0,HK,0,class,0.8133284325430635,0.08900234211597911,G.RF1.CSE025,113,0,1995,0.0,7,113,0
8,0,HK,0,class,0.6430619039612199,0.08760528060073264,G.RF1.CSE025,153,0,1995,0.032679738562091505,7,153,0
22,0,HK,0,class,0.4057211410241016,0.08754056514000744,G.RF1.CSE025,21,0,1995,0.14285714285714285,7,21,0
19,0,HK,0,class,0.14265208989069456,0.08567686896839012,G.RF1.CSE025,2,0,1995,0.0,7,2,0
17,0,HK,0,class,0.1945274370113383,0.09036608699489915,G.RF1.CSE025,5,0,1995,0.2,7,4,0
18,0,HK,0,class,0.2106197463122547,0.0895542416531165,G.RF1.CSE025,33,0,1995,0.30303030303030304,7,32,0
6,0,HK,0,class,0.1015807173692777,0.07880228357007144,G.RF1.CSE025,1,0,1995,0.0,7,0,0
all,0,HK,0,old,0.6776945352861012,0.08794763444771447,G.RF1.CSE025,851,0,1995,0.0199764982373678,7,850,0
all,0,HK,0,current,0.20741271604922598,0.08923800759185047,G.RF1.CSE025,34,0,1995,0.29411764705882354,7,32,0
all,0,HK,0,tail,0.27886002342538624,0.08988683572537871,G.RF1.CSE025,17,0,1995,0.058823529411764705,7,15,0
9,0,HK,0,class,0.6853586341124949,0.4419494206982234,B.LIN.CSE1,164,0,1995,0.0975609756097561,7,164,0
13,2,HK,0,class,0.6322548159213389,0.4359911324783292,B.LIN.CSE1,160,0,1995,0.16875,7,159,0
16,0,HK,0,class,0.34255018654722075,0.44688169322242177,B.LIN.CSE1,8,0,1995,0.75,7,8,0
14,0,HK,0,class,0.5052732873431561,0.4489854168987576,B.LIN.CSE1,60,0,1995,0.43333333333333335,7,60,0
15,0,HK,0,class,0.756929366058495,0.4720453858930074,B.LIN.CSE1,123,0,1995,0.07317073170731707,7,123,0
5,0,HK,0,class,0.3632224559235243,0.463059889667621,B.LIN.CSE1,1,0,1995,1.0,7,1,0
12,0,HK,0,class,0.46432409487179716,0.42878625613281773,B.LIN.CSE1,41,0,1995,0.43902439024390244,7,41,0
1,0,HK,0,class,0.7677897946891731,0.40657733566625615,B.LIN.CSE1,113,0,1995,0.008849557522123894,7,113,0
8,0,HK,0,class,0.6245499093570772,0.4322882850484446,B.LIN.CSE1,153,0,1995,0.1568627450980392,7,153,0
22,0,HK,0,class,0.3823970882757529,0.4269181233989903,B.LIN.CSE1,21,0,1995,0.6190476190476191,7,21,0
19,0,HK,0,class,0.07448163504363361,0.42748883047535025,B.LIN.CSE1,2,0,1995,1.0,7,1,0
17,0,HK,1,class,0.1130882414689022,0.42815205185857536,B.LIN.CSE1,5,0,1995,1.0,7,5,0
18,0,HK,1,class,0.22387210931137913,0.4330544097782913,B.LIN.CSE1,33,0,1995,0.8787878787878788,7,31,1
6,0,HK,0,class,0.06175671521922227,0.41522854295491785,B.LIN.CSE1,1,0,1995,1.0,7,0,0
all,2,HK,1,old,0.6465103806209455,0.43819237210460693,B.LIN.CSE1,851,0,1995,0.17391304347826086,7,849,0
all,0,HK,1,current,0.21910400948513922,0.43253011957760384,B.LIN.CSE1,34,0,1995,0.8823529411764706,7,31,1
all,0,HK,1,tail,0.22822265535013475,0.4381811705085582,B.LIN.CSE1,17,0,1995,0.8823529411764706,7,15,0
9,0,HK,0,class,0.6853586341124949,0.11048735517455585,B.LIN.CSE025,164,0,1995,0.0,7,164,0
13,0,HK,0,class,0.6322548159213389,0.10899778311958228,B.LIN.CSE025,160,0,1995,0.04375,7,159,0
16,0,HK,0,class,0.34255018654722075,0.11172042330560544,B.LIN.CSE025,8,0,1995,0.125,7,8,0
14,0,HK,0,class,0.5052732873431561,0.1122463542246894,B.LIN.CSE025,60,0,1995,0.03333333333333333,7,60,0
15,0,HK,0,class,0.756929366058495,0.11801134647325186,B.LIN.CSE025,123,0,1995,0.0,7,123,0
5,0,HK,0,class,0.3632224559235243,0.1157649724169052,B.LIN.CSE025,1,0,1995,0.0,7,1,0
12,0,HK,0,class,0.46432409487179716,0.10719656403320443,B.LIN.CSE025,41,0,1995,0.12195121951219512,7,41,0
1,0,HK,0,class,0.7677897946891731,0.10164433391656404,B.LIN.CSE025,113,0,1995,0.0,7,113,0
8,0,HK,0,class,0.6245499093570772,0.10807207126211114,B.LIN.CSE025,153,0,1995,0.032679738562091505,7,153,0
22,0,HK,0,class,0.3823970882757529,0.10672953084974755,B.LIN.CSE025,21,0,1995,0.19047619047619047,7,21,0
19,0,HK,0,class,0.07448163504363361,0.10687220761883755,B.LIN.CSE025,2,0,1995,0.5,7,1,0
17,0,HK,0,class,0.1130882414689022,0.10703801296464384,B.LIN.CSE025,5,0,1995,0.6,7,5,0
18,0,HK,0,class,0.22387210931137913,0.10826360244457281,B.LIN.CSE025,33,0,1995,0.30303030303030304,7,31,0
6,0,HK,0,class,0.06175671521922227,0.10380713573872946,B.LIN.CSE025,1,0,1995,1.0,7,0,0
all,0,HK,0,old,0.6465103806209455,0.10954809302615175,B.LIN.CSE025,851,0,1995,0.03290246768507638,7,849,0
all,0,HK,0,current,0.21910400948513922,0.10813252989440095,B.LIN.CSE025,34,0,1995,0.3235294117647059,7,31,0
all,0,HK,0,tail,0.22822265535013475,0.10954529262713955,B.LIN.CSE025,17,0,1995,0.35294117647058826,7,15,0
9,0,HK,0,class,0.705356424712201,0.44200925061272356,B.RF1.CSE1,164,0,1995,0.07926829268292683,7,164,0
13,1,HK,0,class,0.6420055016567435,0.43619039064618514,B.RF1.CSE1,160,0,1995,0.1625,7,159,0
16,0,HK,0,class,0.3166417436407717,0.4468816932224219,B.RF1.CSE1,8,0,1995,0.875,7,8,0
14,0,HK,0,class,0.5341062146798985,0.44839684702580207,B.RF1.CSE1,60,0,1995,0.36666666666666664,7,60,0
15,0,HK,0,class,0.7826673789467398,0.4720453858930074,B.RF1.CSE1,123,0,1995,0.056910569105691054,7,123,0
5,0,HK,0,class,0.41807292192125955,0.463059889667621,B.RF1.CSE1,1,0,1995,1.0,7,1,0
12,0,HK,0,class,0.5027621325513084,0.42972987628634746,B.RF1.CSE1,41,0,1995,0.36585365853658536,7,41,0
1,0,HK,0,class,0.7779010757105588,0.4076504101537267,B.RF1.CSE1,113,0,1995,0.008849557522123894,7,113,0
8,0,HK,0,class,0.6552676290458963,0.4320689665602345,B.RF1.CSE1,153,0,1995,0.1568627450980392,7,153,0
22,0,HK,0,class,0.4094422378395227,0.42816893929250216,B.RF1.CSE1,21,0,1995,0.6190476190476191,7,21,0
19,0,HK,0,class,0.12797136496898512,0.4274888304753502,B.RF1.CSE1,2,0,1995,1.0,7,1,0
17,0,HK,0,class,0.1410326144544186,0.4305199576083482,B.RF1.CSE1,5,0,1995,1.0,7,5,0
18,0,HK,0,class,0.21407576684888474,0.4349732934340143,B.RF1.CSE1,33,0,1995,0.9090909090909091,7,31,0
6,0,HK,0,class,0.0808492025714031,0.4610933236656855,B.RF1.CSE1,1,0,1995,1.0,7,0,0
all,1,HK,0,old,0.6674458405533833,0.43839316646142606,B.RF1.CSE1,851,0,1995,0.1598119858989424,7,849,0
all,0,HK,0,current,0.21015733848778237,0.4357415296172988,B.RF1.CSE1,34,0,1995,0.9117647058823529,7,31,0
all,0,HK,0,tail,0.23489187504875877,0.4415755416532425,B.RF1.CSE1,17,0,1995,0.9411764705882353,7,15,0
9,0,HK,0,class,0.705356424712201,0.11050231265318089,B.RF1.CSE025,164,0,1995,0.0,7,164,0
13,0,HK,0,class,0.6420055016567435,0.10904759766154629,B.RF1.CSE025,160,0,1995,0.0375,7,159,0
16,0,HK,0,class,0.3166417436407717,0.11172042330560543,B.RF1.CSE025,8,0,1995,0.125,7,8,0
14,0,HK,0,class,0.5341062146798985,0.11209921175645052,B.RF1.CSE025,60,0,1995,0.016666666666666666,7,60,0
15,0,HK,0,class,0.7826673789467398,0.11801134647325186,B.RF1.CSE025,123,0,1995,0.0,7,123,0
5,0,HK,0,class,0.41807292192125955,0.1157649724169052,B.RF1.CSE025,1,0,1995,0.0,7,1,0
12,0,HK,0,class,0.5027621325513084,0.10743246907158686,B.RF1.CSE025,41,0,1995,0.07317073170731707,7,41,0
1,0,HK,0,class,0.7779010757105588,0.10191260253843168,B.RF1.CSE025,113,0,1995,0.0,7,113,0
8,0,HK,0,class,0.6552676290458963,0.10801724164005864,B.RF1.CSE025,153,0,1995,0.05228758169934641,7,153,0
22,0,HK,0,class,0.4094422378395227,0.10704223482312554,B.RF1.CSE025,21,0,1995,0.14285714285714285,7,21,0
19,0,HK,0,class,0.12797136496898512,0.10687220761883755,B.RF1.CSE025,2,0,1995,0.5,7,1,0
17,0,HK,0,class,0.1410326144544186,0.10762998940208705,B.RF1.CSE025,5,0,1995,0.6,7,5,0
18,0,HK,0,class,0.21407576684888474,0.10874332335850358,B.RF1.CSE025,33,0,1995,0.3333333333333333,7,31,0
6,0,HK,0,class,0.0808492025714031,0.11527333091642138,B.RF1.CSE025,1,0,1995,1.0,7,0,0
all,0,HK,0,old,0.6674458405533833,0.10959829161535652,B.RF1.CSE025,851,0,1995,0.03055229142185664,7,849,0
all,0,HK,0,current,0.21015733848778237,0.10893538240432468,B.RF1.CSE025,34,0,1995,0.35294117647058826,7,31,0
all,0,HK,0,tail,0.23489187504875877,0.1103938854133106,B.RF1.CSE025,17,0,1995,0.35294117647058826,7,15,0
9,0,HK,0,class,0.7175545608675381,0.34524735310262605,G.RF2.CSE1,164,0,1995,0.07926829268292683,7,164,0
13,0,HK,0,class,0.6537519218554138,0.35452118456508047,G.RF2.CSE1,160,0,1995,0.125,7,160,0
16,0,HK,0,class,0.30693141266266705,0.3691613996755002,G.RF2.CSE1,8,0,1995,0.75,7,8,0
14,0,HK,0,class,0.5403305068121294,0.3454125209463845,G.RF2.CSE1,60,0,1995,0.25,7,60,0
15,0,HK,0,class,0.7819585220233858,0.353792246423118,G.RF2.CSE1,123,0,1995,0.032520325203252036,7,123,0
5,0,HK,0,class,0.5549058438720844,0.3429734505363575,G.RF2.CSE1,1,0,1995,0.0,7,1,0
12,0,HK,0,class,0.5050238122000261,0.35885468956986527,G.RF2.CSE1,41,0,1995,0.34146341463414637,7,41,0
1,0,HK,0,class,0.8068138086855923,0.35555171164998944,G.RF2.CSE1,113,0,1995,0.0,7,113,0
8,0,HK,0,class,0.6464428828527128,0.350194320062824,G.RF2.CSE1,153,0,1995,0.13071895424836602,7,153,0
22,0,HK,0,class,0.4281576028753287,0.3516389850455755,G.RF2.CSE1,21,0,1995,0.5238095238095238,7,21,0
19,0,HK,0,class,0.16469439614846582,0.3427074758735605,G.RF2.CSE1,2,0,1995,1.0,7,2,0
17,0,HK,0,class,0.15601990372905736,0.3614643479795966,G.RF2.CSE1,5,0,1995,0.8,7,5,0
18,0,HK,0,class,0.20837969977426432,0.3585502665913962,G.RF2.CSE1,33,0,1995,0.7575757575757576,7,32,1
6,0,HK,0,class,0.0907704246656601,0.31520913428028574,G.RF2.CSE1,1,0,1995,1.0,7,0,0
all,0,HK,0,old,0.6754087390968064,0.3516200818919365,G.RF2.CSE1,851,0,1995,0.12808460634547592,7,851,0
all,0,HK,0,current,0.20492060344754065,0.3572755274057753,G.RF2.CSE1,34,0,1995,0.7647058823529411,7,32,1
all,0,HK,0,tail,0.24768328710478227,0.3590712043450441,G.RF2.CSE1,17,0,1995,0.7647058823529411,7,16,0
9,0,HK,0,class,0.7175545608675381,0.08631183827565651,G.RF2.CSE025,164,0,1995,0.0,7,164,0
13,0,HK,0,class,0.6537519218554138,0.08863029614127012,G.RF2.CSE025,160,0,1995,0.025,7,160,0
16,0,HK,0,class,0.30693141266266705,0.09229034991887505,G.RF2.CSE025,8,0,1995,0.125,7,8,0
14,0,HK,0,class,0.5403305068121294,0.08635313023659615,G.RF2.CSE025,60,0,1995,0.0,7,60,0
15,0,HK,0,class,0.7819585220233858,0.08844806160577952,G.RF2.CSE025,123,0,1995,0.0,7,123,0
5,0,HK,0,class,0.5549058438720844,0.08574336263408933,G.RF2.CSE025,1,0,1995,0.0,7,1,0
12,0,HK,0,class,0.5050238122000261,0.0897136723924663,G.RF2.CSE025,41,0,1995,0.0975609756097561,7,41,0
1,0,HK,0,class,0.8068138086855923,0.08888792791249736,G.RF2.CSE025,113,0,1995,0.0,7,113,0
8,0,HK,0,class,0.6464428828527128,0.08754858001570599,G.RF2.CSE025,153,0,1995,0.026143790849673203,7,153,0
22,0,HK,0,class,0.4281576028753287,0.08790974626139389,G.RF2.CSE025,21,0,1995,0.14285714285714285,7,21,0
19,0,HK,0,class,0.16469439614846582,0.08567686896839012,G.RF2.CSE025,2,0,1995,0.0,7,2,0
17,0,HK,0,class,0.15601990372905736,0.09036608699489915,G.RF2.CSE025,5,0,1995,0.4,7,5,0
18,0,HK,0,class,0.20837969977426432,0.08963756664784905,G.RF2.CSE025,33,0,1995,0.3939393939393939,7,32,1
6,0,HK,0,class,0.0907704246656601,0.07880228357007144,G.RF2.CSE025,1,0,1995,0.0,7,0,0
all,0,HK,0,old,0.6754087390968064,0.08790502047298412,G.RF2.CSE025,851,0,1995,0.021151586368977675,7,851,0
all,0,HK,0,current,0.20492060344754065,0.08931888185144383,G.RF2.CSE025,34,0,1995,0.38235294117647056,7,32,1
all,0,HK,0,tail,0.24768328710478227,0.089767801086261,G.RF2.CSE025,17,0,1995,0.17647058823529413,7,16,0
9,0,HK,0,class,0.7109594142917278,0.44185823880120684,B.RF2.CSE1,164,0,1995,0.06707317073170732,7,164,0
13,1,HK,0,class,0.6389939131371459,0.4362942209494408,B.RF2.CSE1,160,0,1995,0.1625,7,159,0
16,0,HK,0,class,0.2826548103125785,0.44688169322242177,B.RF2.CSE1,8,0,1995,0.875,7,8,0
14,0,HK,1,class,0.5480313954911673,0.4492167135525038,B.RF2.CSE1,60,0,1995,0.38333333333333336,7,60,0
15,0,HK,0,class,0.7783168906847514,0.4720453858930074,B.RF2.CSE1,123,0,1995,0.07317073170731707,7,123,0
5,0,HK,0,class,0.42875892692019707,0.4630598896676209,B.RF2.CSE1,1,0,1995,1.0,7,1,0
12,0,HK,1,class,0.4946937828836679,0.43004505836862134,B.RF2.CSE1,41,0,1995,0.4146341463414634,7,41,0
1,0,HK,0,class,0.7768698263310061,0.40889065737958563,B.RF2.CSE1,113,0,1995,0.008849557522123894,7,113,0
8,0,HK,0,class,0.659238884082325,0.4323462259779638,B.RF2.CSE1,153,0,1995,0.16993464052287582,7,153,0
22,0,HK,0,class,0.40813840699569653,0.4269181233989903,B.RF2.CSE1,21,0,1995,0.5238095238095238,7,21,0
19,0,HK,0,class,0.10216124550096778,0.42748883047535025,B.RF2.CSE1,2,0,1995,1.0,7,1,0
17,0,HK,1,class,0.14211155281247936,0.4305199576083482,B.RF2.CSE1,5,0,1995,1.0,7,5,0
18,0,HK,0,class,0.21898148015957794,0.4334750093867582,B.RF2.CSE1,33,0,1995,0.8787878787878788,7,32,1
6,0,HK,0,class,0.06959979942638822,0.42010567074020133,B.RF2.CSE1,1,0,1995,1.0,7,0,0
all,1,HK,3,old,0.6681072858743898,0.4386402438551727,B.RF2.CSE1,851,0,1995,0.16333725029377202,7,849,0
all,0,HK,0,current,0.21458790131448413,0.4330817935442124,B.RF2.CSE1,34,0,1995,0.8823529411764706,7,32,1
all,0,HK,1,tail,0.21614573317126737,0.43916450324586104,B.RF2.CSE1,17,0,1995,0.9411764705882353,7,15,0
9,0,HK,0,class,0.7109594142917278,0.11046455970030171,B.RF2.CSE025,164,0,1995,0.006097560975609756,7,164,0
13,0,HK,0,class,0.6389939131371459,0.1090735552373602,B.RF2.CSE025,160,0,1995,0.03125,7,159,0
16,0,HK,0,class,0.2826548103125785,0.11172042330560544,B.RF2.CSE025,8,0,1995,0.0,7,8,0
14,0,HK,1,class,0.5480313954911673,0.11230417838812595,B.RF2.CSE025,60,0,1995,0.016666666666666666,7,60,0
15,0,HK,0,class,0.7783168906847514,0.11801134647325186,B.RF2.CSE025,123,0,1995,0.0,7,123,0
5,0,HK,0,class,0.42875892692019707,0.1157649724169052,B.RF2.CSE025,1,0,1995,0.0,7,1,0
12,0,HK,0,class,0.4946937828836679,0.10751126459215533,B.RF2.CSE025,41,0,1995,0.0975609756097561,7,41,0
1,0,HK,0,class,0.7768698263310061,0.10222266434489641,B.RF2.CSE025,113,0,1995,0.0,7,113,0
8,0,HK,0,class,0.659238884082325,0.10808655649449095,B.RF2.CSE025,153,0,1995,0.026143790849673203,7,153,0
22,0,HK,0,class,0.40813840699569653,0.10672953084974755,B.RF2.CSE025,21,0,1995,0.23809523809523808,7,21,0
19,0,HK,0,class,0.10216124550096778,0.10687220761883755,B.RF2.CSE025,2,0,1995,0.5,7,1,0
17,0,HK,0,class,0.14211155281247936,0.10762998940208705,B.RF2.CSE025,5,0,1995,0.4,7,5,0
18,0,HK,0,class,0.21898148015957794,0.10836875234668955,B.RF2.CSE025,33,0,1995,0.3333333333333333,7,32,1
6,0,HK,0,class,0.06959979942638822,0.10502641768505033,B.RF2.CSE025,1,0,1995,1.0,7,0,0
all,0,HK,1,old,0.6681072858743898,0.10966006096379317,B.RF2.CSE025,851,0,1995,0.02702702702702703,7,849,0
all,0,HK,0,current,0.21458790131448413,0.1082704483860531,B.RF2.CSE025,34,0,1995,0.35294117647058826,7,32,1
all,0,HK,0,tail,0.21614573317126737,0.10979112581146526,B.RF2.CSE025,17,0,1995,0.23529411764705882,7,15,0
9,0,HK,0,class,0.7241064683475432,0.34605645754212927,G.RF1.CSEperm1,164,0,1995,0.054878048780487805,7,164,0
13,0,HK,0,class,0.6574743977543462,0.3585402374372228,G.RF1.CSEperm1,160,0,1995,0.13125,7,160,0
16,0,HK,0,class,0.3489331948960517,0.3705403150151828,G.RF1.CSEperm1,8,0,1995,0.5,7,8,0
14,0,HK,0,class,0.5388495535369126,0.3432318055832641,G.RF1.CSEperm1,60,0,1995,0.18333333333333332,7,60,0
15,0,HK,0,class,0.7753935860323747,0.355256674118967,G.RF1.CSEperm1,123,0,1995,0.024390243902439025,7,123,0
5,0,HK,0,class,0.5896327568557946,0.3383102159940057,G.RF1.CSEperm1,1,0,1995,0.0,7,1,0
12,0,HK,0,class,0.5270861697263804,0.3605030378850532,G.RF1.CSEperm1,41,0,1995,0.34146341463414637,7,41,0
1,0,HK,0,class,0.8133284325430635,0.3562760168564024,G.RF1.CSEperm1,113,0,1995,0.0,7,113,0
8,0,HK,0,class,0.6430619039612199,0.3502284481432966,G.RF1.CSEperm1,153,0,1995,0.11764705882352941,7,153,0
22,0,HK,0,class,0.4057211410241016,0.3555602520477448,G.RF1.CSEperm1,21,0,1995,0.5238095238095238,7,21,0
19,0,HK,0,class,0.14265208989069456,0.34842166041486655,G.RF1.CSEperm1,2,0,1995,1.0,7,2,0
17,0,HK,0,class,0.1945274370113383,0.3606669563831516,G.RF1.CSEperm1,5,0,1995,0.8,7,4,0
18,0,HK,0,class,0.2106197463122547,0.35933823650327723,G.RF1.CSEperm1,33,0,1995,0.7272727272727273,7,32,1
6,0,HK,0,class,0.1015807173692777,0.31683733803368835,G.RF1.CSEperm1,1,0,1995,1.0,7,0,0
all,0,HK,0,old,0.6776945352861012,0.35288427665610134,G.RF1.CSEperm1,851,0,1995,0.11398354876615746,7,850,0
all,0,HK,0,current,0.20741271604922598,0.3580882100777011,G.RF1.CSEperm1,34,0,1995,0.7352941176470589,7,32,1
all,0,HK,0,tail,0.27886002342538624,0.3599793045232146,G.RF1.CSEperm1,17,0,1995,0.6470588235294118,7,15,0
9,0,HK,0,class,0.705356424712201,0.4259960543300844,B.RF1.CSEperm1,164,0,1995,0.06707317073170732,7,164,0
13,0,HK,2,class,0.6420055016567435,0.4094119218670052,B.RF1.CSEperm1,160,0,1995,0.1625,7,159,0
16,0,HK,0,class,0.3166417436407717,0.42524583830261775,B.RF1.CSEperm1,8,0,1995,0.75,7,8,0
14,0,HK,0,class,0.5341062146798985,0.4292598354815637,B.RF1.CSEperm1,60,0,1995,0.3,7,60,0
15,0,HK,0,class,0.7826673789467398,0.4523272366122725,B.RF1.CSEperm1,123,0,1995,0.056910569105691054,7,123,0
5,0,HK,0,class,0.41807292192125955,0.4630598896676209,B.RF1.CSEperm1,1,0,1995,1.0,7,1,0
12,0,HK,2,class,0.5027621325513084,0.41438687050161127,B.RF1.CSEperm1,41,0,1995,0.34146341463414637,7,41,0
1,0,HK,0,class,0.7779010757105588,0.4011578143077693,B.RF1.CSEperm1,113,0,1995,0.008849557522123894,7,113,0
8,2,HK,0,class,0.6552676290458963,0.4211541381229856,B.RF1.CSEperm1,153,0,1995,0.1568627450980392,7,153,0
22,1,HK,0,class,0.4094422378395227,0.4241252385077893,B.RF1.CSEperm1,21,0,1995,0.6190476190476191,7,21,0
19,0,HK,0,class,0.12797136496898512,0.4274718858294263,B.RF1.CSEperm1,2,0,1995,1.0,7,1,0
17,0,HK,0,class,0.1410326144544186,0.4373779153228089,B.RF1.CSEperm1,5,0,1995,1.0,7,5,0
18,0,HK,0,class,0.21407576684888474,0.42811402376451657,B.RF1.CSEperm1,33,0,1995,0.8787878787878788,7,31,1
6,0,HK,0,class,0.0808492025714031,0.4201056707402014,B.RF1.CSEperm1,1,0,1995,1.0,7,0,0
all,3,HK,4,old,0.6674458405533833,0.4222466139062795,B.RF1.CSEperm1,851,0,1995,0.15041128084606345,7,849,0
all,0,HK,0,current,0.21015733848778237,0.4278784839696838,B.RF1.CSEperm1,34,0,1995,0.8823529411764706,7,31,1
all,0,HK,0,tail,0.23489187504875877,0.43099797735892126,B.RF1.CSEperm1,17,0,1995,0.8823529411764706,7,15,0
9,0,HK,0,class,0.6894751676318772,0.3448257548134776,G.LIN.CSE1,164,0,1995,0.06097560975609756,8,164,0
13,0,HK,1,class,0.6436961476742379,0.35362119497914324,G.LIN.CSE1,160,0,1995,0.13125,8,159,0
16,0,HK,0,class,0.24181451336635765,0.3641575390010503,G.LIN.CSE1,8,0,1995,0.75,8,8,0
14,0,HK,0,class,0.5091670507990155,0.3449038291586858,G.LIN.CSE1,60,0,1995,0.23333333333333334,8,60,0
15,0,HK,0,class,0.751626889350437,0.3533687051690229,G.LIN.CSE1,123,0,1995,0.024390243902439025,8,123,0
5,0,HK,0,class,0.4161818763735792,0.3429734700950867,G.LIN.CSE1,1,0,1995,0.0,8,1,0
12,0,HK,0,class,0.40380472166082104,0.35727499490056297,G.LIN.CSE1,41,0,1995,0.43902439024390244,8,41,0
1,0,HK,0,class,0.7919261968339671,0.3552948749129981,G.LIN.CSE1,113,0,1995,0.0,8,113,0
8,0,HK,0,class,0.6075362886053564,0.3501048534299277,G.LIN.CSE1,153,0,1995,0.1503267973856209,8,153,0
22,0,HK,0,class,0.292207300160596,0.35051971042148217,G.LIN.CSE1,21,0,1995,0.6666666666666666,8,21,0
19,0,HK,0,class,0.09331612287395276,0.34241869813091136,G.LIN.CSE1,2,0,1995,1.0,8,0,0
17,0,HK,0,class,0.1646998535239687,0.35936964278540834,G.LIN.CSE1,5,0,1995,0.8,8,4,0
18,0,HK,0,class,0.16029314757455201,0.3580916067772798,G.LIN.CSE1,33,0,1995,0.9090909090909091,8,30,0
6,0,HK,0,class,0.30973076046453135,0.3152091888575688,G.LIN.CSE1,1,0,1995,1.0,8,0,0
20,0,HK,1,class,0.1358467136815924,0.34962269324261525,G.LIN.CSE1,66,0,1995,0.9848484848484849,8,65,0
0,0,HK,0,class,0.15066472119576677,0.36065523134272964,G.LIN.CSE1,7,0,1995,0.8571428571428571,8,7,1
all,0,HK,1,old,0.6250381186157871,0.35128033810836873,G.LIN.CSE1,885,0,1995,0.16497175141242937,8,877,0
all,0,HK,1,current,0.1372676185117187,0.350680607854955,G.LIN.CSE1,73,0,1995,0.9726027397260274,8,72,1
all,0,HK,0,tail,0.196883887729462,0.3574048000228762,G.LIN.CSE1,24,0,1995,0.7916666666666666,8,20,1
9,0,HK,0,class,0.6894751676318772,0.0862064387033694,G.LIN.CSE025,164,0,1995,0.0,8,164,0
13,0,HK,0,class,0.6436961476742379,0.0884052987447858,G.LIN.CSE025,160,0,1995,0.01875,8,159,0
16,0,HK,0,class,0.24181451336635765,0.09103938475026258,G.LIN.CSE025,8,0,1995,0.25,8,8,0
14,0,HK,0,class,0.5091670507990155,0.08622595728967145,G.LIN.CSE025,60,0,1995,0.0,8,60,0
15,0,HK,0,class,0.751626889350437,0.08834217629225573,G.LIN.CSE025,123,0,1995,0.0,8,123,0
5,0,HK,0,class,0.4161818763735792,0.08574336752377165,G.LIN.CSE025,1,0,1995,0.0,8,1,0
12,0,HK,0,class,0.40380472166082104,0.08931874872514074,G.LIN.CSE025,41,0,1995,0.0975609756097561,8,41,0
1,0,HK,0,class,0.7919261968339671,0.08882371872824954,G.LIN.CSE025,113,0,1995,0.0,8,113,0
8,0,HK,0,class,0.6075362886053564,0.08752621335748191,G.LIN.CSE025,153,0,1995,0.013071895424836602,8,153,0
22,0,HK,0,class,0.292207300160596,0.08762992760537054,G.LIN.CSE025,21,0,1995,0.19047619047619047,8,21,0
19,0,HK,0,class,0.09331612287395276,0.08560467453272784,G.LIN.CSE025,2,0,1995,0.5,8,0,0
17,0,HK,0,class,0.1646998535239687,0.0898424106963521,G.LIN.CSE025,5,0,1995,0.4,8,4,0
18,0,HK,0,class,0.16029314757455201,0.08952290169431995,G.LIN.CSE025,33,0,1995,0.42424242424242425,8,30,0
6,0,HK,0,class,0.30973076046453135,0.07880229721439219,G.LIN.CSE025,1,0,1995,0.0,8,0,0
20,0,HK,0,class,0.1358467136815924,0.08740567331065383,G.LIN.CSE025,66,0,1995,0.4090909090909091,8,65,0
0,0,HK,0,class,0.15066472119576677,0.09016380783568238,G.LIN.CSE025,7,0,1995,0.42857142857142855,8,7,0
all,0,HK,0,old,0.6250381186157871,0.08782008452709218,G.LIN.CSE025,885,0,1995,0.03615819209039548,8,877,0
all,0,HK,0,current,0.1372676185117187,0.08767015196373877,G.LIN.CSE025,73,0,1995,0.410958904109589,8,72,0
all,0,HK,0,tail,0.196883887729462,0.08935120000571906,G.LIN.CSE025,24,0,1995,0.3333333333333333,8,20,0
9,0,HK,0,class,0.7025961332042012,0.3451116942228883,G.RF1.CSE1,164,0,1995,0.054878048780487805,8,164,0
13,0,HK,0,class,0.6406229102912444,0.3533005685385394,G.RF1.CSE1,160,0,1995,0.1375,8,159,0
16,1,HK,0,class,0.18584209877666474,0.36719365232241585,G.RF1.CSE1,8,0,1995,0.875,8,8,0
14,0,HK,0,class,0.5217713388870765,0.3447398265120381,G.RF1.CSE1,60,0,1995,0.23333333333333334,8,60,0
15,0,HK,0,class,0.7632694129338272,0.3535827045859256,G.RF1.CSE1,123,0,1995,0.024390243902439025,8,123,0
5,0,HK,0,class,0.5024039191033878,0.3429734700950867,G.RF1.CSE1,1,0,1995,0.0,8,1,0
12,0,HK,0,class,0.44911893042447887,0.3568024462898468,G.RF1.CSE1,41,0,1995,0.36585365853658536,8,41,1
1,0,HK,0,class,0.7966886232667727,0.3552986376574889,G.RF1.CSE1,113,0,1995,0.0,8,113,0
8,0,HK,0,class,0.6241165087464606,0.3502789282586262,G.RF1.CSE1,153,0,1995,0.1437908496732026,8,153,0
22,0,HK,0,class,0.29559619408505455,0.3494542776510609,G.RF1.CSE1,21,0,1995,0.7142857142857143,8,21,1
19,0,HK,0,class,0.07815432886929286,0.3424186981309114,G.RF1.CSE1,2,0,1995,1.0,8,1,0
17,0,HK,0,class,0.16018620622027788,0.3614643273558066,G.RF1.CSE1,5,0,1995,0.8,8,4,0
18,1,HK,0,class,0.12539114062912385,0.3577828711369293,G.RF1.CSE1,33,0,1995,0.9393939393939394,8,31,0
6,0,HK,0,class,0.2880683352532471,0.3152091888575688,G.RF1.CSE1,1,0,1995,1.0,8,0,0
20,0,HK,0,class,0.14670683678676924,0.3493171050081175,G.RF1.CSE1,66,0,1995,0.9545454545454546,8,65,0
0,0,HK,0,class,0.1440237799447023,0.36065523134272964,G.RF1.CSE1,7,0,1995,0.8571428571428571,8,7,0
all,2,HK,0,old,0.6332466016733199,0.35130515134353074,G.RF1.CSE1,885,0,1995,0.1638418079096045,8,879,2
all,0,HK,0,current,0.1464495573635574,0.3504043226018474,G.RF1.CSE1,73,0,1995,0.9452054794520548,8,72,0
all,1,HK,0,tail,0.17677563304261854,0.3588532304154977,G.RF1.CSE1,24,0,1995,0.8333333333333334,8,21,0
9,0,HK,0,class,0.7025961332042012,0.08627792355572207,G.RF1.CSE025,164,0,1995,0.006097560975609756,8,164,0
13,0,HK,0,class,0.6406229102912444,0.08832514213463484,G.RF1.CSE025,160,0,1995,0.01875,8,159,0
16,0,HK,0,class,0.18584209877666474,0.09179841308060398,G.RF1.CSE025,8,0,1995,0.25,8,8,0
14,0,HK,0,class,0.5217713388870765,0.08618495662800953,G.RF1.CSE025,60,0,1995,0.016666666666666666,8,60,0
15,0,HK,0,class,0.7632694129338272,0.0883956761464814,G.RF1.CSE025,123,0,1995,0.0,8,123,0
5,0,HK,0,class,0.5024039191033878,0.08574336752377165,G.RF1.CSE025,1,0,1995,0.0,8,1,0
12,0,HK,0,class,0.44911893042447887,0.08920061157246172,G.RF1.CSE025,41,0,1995,0.12195121951219512,8,41,0
1,0,HK,0,class,0.7966886232667727,0.08882465941437223,G.RF1.CSE025,113,0,1995,0.0,8,113,0
8,0,HK,0,class,0.6241165087464606,0.08756973206465656,G.RF1.CSE025,153,0,1995,0.0196078431372549,8,153,0
22,0,HK,0,class,0.29559619408505455,0.08736356941276523,G.RF1.CSE025,21,0,1995,0.23809523809523808,8,21,0
19,0,HK,0,class,0.07815432886929286,0.08560467453272784,G.RF1.CSE025,2,0,1995,1.0,8,1,0
17,0,HK,0,class,0.16018620622027788,0.09036608183895165,G.RF1.CSE025,5,0,1995,0.6,8,4,0
18,1,HK,0,class,0.12539114062912385,0.08944571778423233,G.RF1.CSE025,33,0,1995,0.5757575757575758,8,31,0
6,0,HK,0,class,0.2880683352532471,0.07880229721439219,G.RF1.CSE025,1,0,1995,0.0,8,0,0
20,0,HK,0,class,0.14670683678676924,0.08732927625202938,G.RF1.CSE025,66,0,1995,0.3181818181818182,8,65,0
0,0,HK,0,class,0.1440237799447023,0.09016380783568238,G.RF1.CSE025,7,0,1995,0.42857142857142855,8,7,0
all,1,HK,0,old,0.6332466016733199,0.08782628783588269,G.RF1.CSE025,885,0,1995,0.04971751412429379,8,879,0
all,0,HK,0,current,0.1464495573635574,0.08760108065046185,G.RF1.CSE025,73,0,1995,0.3287671232876712,8,72,0
all,0,HK,0,tail,0.17677563304261854,0.08971330760387441,G.RF1.CSE025,24,0,1995,0.4166666666666667,8,21,0
9,0,HK,0,class,0.6689833632996595,0.4419720324680547,B.LIN.CSE1,164,0,1995,0.0975609756097561,8,164,0
13,1,HK,1,class,0.621288846808025,0.4355965457150962,B.LIN.CSE1,160,0,1995,0.18125,8,159,0
16,1,HK,0,class,0.14891135564446262,0.447394970580999,B.LIN.CSE1,8,0,1995,1.0,8,8,0
14,0,HK,0,class,0.48276402675161795,0.44783316460921724,B.LIN.CSE1,60,0,1995,0.4166666666666667,8,60,0
15,0,HK,0,class,0.7425006690422794,0.4720453858930074,B.LIN.CSE1,123,0,1995,0.08943089430894309,8,123,0
5,0,HK,0,class,0.34247625117889285,0.4630598896676209,B.LIN.CSE1,1,0,1995,1.0,8,1,0
12,1,HK,0,class,0.38023155014364163,0.42966074154571265,B.LIN.CSE1,41,0,1995,0.6097560975609756,8,41,0
1,0,HK,0,class,0.7530488467202363,0.405602754380619,B.LIN.CSE1,113,0,1995,0.017699115044247787,8,113,0
8,0,HK,0,class,0.6009832871567798,0.43223324507655325,B.LIN.CSE1,153,0,1995,0.1830065359477124,8,153,0
22,0,HK,0,class,0.2613223100912778,0.42439023111689556,B.LIN.CSE1,21,0,1995,0.7142857142857143,8,21,0
19,0,HK,0,class,0.1086370343911663,0.42748883047535025,B.LIN.CSE1,2,0,1995,1.0,8,0,0
17,0,HK,1,class,0.13092452442747166,0.42734661439412386,B.LIN.CSE1,5,0,1995,1.0,8,4,0
18,0,HK,1,class,0.14843510799564968,0.4315300528043214,B.LIN.CSE1,33,0,1995,0.9696969696969697,8,28,1
6,0,HK,0,class,0.2712341013886255,0.41522854295491785,B.LIN.CSE1,1,0,1995,1.0,8,0,0
20,0,HK,1,class,0.14107734198344696,0.4229974303983203,B.LIN.CSE1,66,0,1995,1.0,8,65,0
0,0,HK,0,class,0.20075107893671035,0.4395469121064369,B.LIN.CSE1,7,0,1995,0.8571428571428571,8,7,0
all,3,HK,3,old,0.6046445108501752,0.4376193973467292,B.LIN.CSE1,885,0,1995,0.22598870056497175,8,875,1
all,0,HK,1,current,0.1467994811433489,0.4245843670004685,B.LIN.CSE1,73,0,1995,0.9863013698630136,8,72,0
all,1,HK,1,tail,0.17008981004999513,0.4385828047890379,B.LIN.CSE1,24,0,1995,0.9583333333333334,8,20,0
9,0,HK,0,class,0.6689833632996595,0.11049300811701368,B.LIN.CSE025,164,0,1995,0.0,8,164,0
13,0,HK,0,class,0.621288846808025,0.10889913642877405,B.LIN.CSE025,160,0,1995,0.025,8,159,0
16,1,HK,0,class,0.14891135564446262,0.11184874264524974,B.LIN.CSE025,8,0,1995,0.375,8,8,0
14,0,HK,0,class,0.48276402675161795,0.11195829115230431,B.LIN.CSE025,60,0,1995,0.05,8,60,0
15,0,HK,0,class,0.7425006690422794,0.11801134647325186,B.LIN.CSE025,123,0,1995,0.0,8,123,0
5,0,HK,0,class,0.34247625117889285,0.1157649724169052,B.LIN.CSE025,1,0,1995,0.0,8,1,0
12,0,HK,0,class,0.38023155014364163,0.10741518538642819,B.LIN.CSE025,41,0,1995,0.17073170731707318,8,41,0
1,0,HK,0,class,0.7530488467202363,0.10140068859515475,B.LIN.CSE025,113,0,1995,0.0,8,113,0
8,0,HK,0,class,0.6009832871567798,0.10805831126913831,B.LIN.CSE025,153,0,1995,0.0196078431372549,8,153,0
22,0,HK,0,class,0.2613223100912778,0.10609755777922392,B.LIN.CSE025,21,0,1995,0.42857142857142855,8,21,0
19,0,HK,0,class,0.1086370343911663,0.10687220761883758,B.LIN.CSE025,2,0,1995,0.5,8,0,0
17,0,HK,0,class,0.13092452442747166,0.10683665359853096,B.LIN.CSE025,5,0,1995,0.8,8,4,0
18,0,HK,0,class,0.14843510799564968,0.10788251320108035,B.LIN.CSE025,33,0,1995,0.5151515151515151,8,28,0
6,0,HK,0,class,0.2712341013886255,0.10380713573872946,B.LIN.CSE025,1,0,1995,0.0,8,0,0
20,0,HK,0,class,0.14107734198344696,0.10574935759958007,B.LIN.CSE025,66,0,1995,0.45454545454545453,8,65,0
0,0,HK,0,class,0.20075107893671035,0.10988672802660923,B.LIN.CSE025,7,0,1995,0.42857142857142855,8,7,0
all,1,HK,0,old,0.6046445108501752,0.1094048493366823,B.LIN.CSE025,885,0,1995,0.0576271186440678,8,875,0
all,0,HK,0,current,0.1467994811433489,0.10614609175011712,B.LIN.CSE025,73,0,1995,0.4520547945205479,8,72,0
all,1,HK,0,tail,0.17008981004999513,0.10964570119725946,B.LIN.CSE025,24,0,1995,0.4583333333333333,8,20,0
9,0,HK,0,class,0.6894452997276029,0.4418875538193221,B.RF1.CSE1,164,0,1995,0.06707317073170732,8,164,0
13,1,HK,0,class,0.6288058043573265,0.43611014962008826,B.RF1.CSE1,160,0,1995,0.20625,8,159,0
16,0,HK,0,class,0.11847887441312072,0.44739497058099903,B.RF1.CSE1,8,0,1995,1.0,8,8,0
14,0,HK,0,class,0.5169934905035594,0.4480176113088845,B.RF1.CSE1,60,0,1995,0.35,8,60,0
15,0,HK,0,class,0.7685103959493693,0.47204538589300743,B.RF1.CSE1,123,0,1995,0.06504065040650407,8,123,0
5,0,HK,0,class,0.39204068855169305,0.4630598896676209,B.RF1.CSE1,1,0,1995,1.0,8,1,0
12,0,HK,0,class,0.41656434611569476,0.4300739141697608,B.RF1.CSE1,41,0,1995,0.5609756097560976,8,41,0
1,0,HK,0,class,0.7593600876693489,0.4065199969770679,B.RF1.CSE1,113,0,1995,0.017699115044247787,8,113,0
8,0,HK,0,class,0.6364161713999714,0.4320220910407457,B.RF1.CSE1,153,0,1995,0.17647058823529413,8,153,0
22,0,HK,0,class,0.28870177632374616,0.4283872961804424,B.RF1.CSE1,21,0,1995,0.6190476190476191,8,21,0
19,0,HK,0,class,0.08204539496232358,0.42748883047535013,B.RF1.CSE1,2,0,1995,1.0,8,0,0
17,0,HK,0,class,0.12479736065292948,0.42815205185857536,B.RF1.CSE1,5,0,1995,1.0,8,5,0
18,0,HK,1,class,0.14477517040857862,0.432132079111441,B.RF1.CSE1,33,0,1995,0.9696969696969697,8,28,1
6,0,HK,0,class,0.31586861415112455,0.42010567074020133,B.RF1.CSE1,1,0,1995,1.0,8,0,0
20,0,HK,0,class,0.143196188988254,0.423234764170434,B.RF1.CSE1,66,0,1995,1.0,8,66,1
0,0,HK,0,class,0.17623773882114194,0.4395469121064369,B.RF1.CSE1,7,0,1995,1.0,8,7,0
all,1,HK,1,old,0.6245954622864853,0.43793621135968946,B.RF1.CSE1,885,0,1995,0.21129943502824858,8,876,1
all,0,HK,0,current,0.14636455678044877,0.42479894273963975,B.RF1.CSE1,73,0,1995,1.0,8,73,1
all,0,HK,0,tail,0.15322841928937797,0.4389538179185187,B.RF1.CSE1,24,0,1995,1.0,8,21,0
9,0,HK,0,class,0.6894452997276029,0.11047188845483052,B.RF1.CSE025,164,0,1995,0.006097560975609756,8,164,0
13,0,HK,0,class,0.6288058043573265,0.10902753740502207,B.RF1.CSE025,160,0,1995,0.03125,8,159,0
16,0,HK,0,class,0.11847887441312072,0.11184874264524974,B.RF1.CSE025,8,0,1995,0.625,8,8,0
14,0,HK,0,class,0.5169934905035594,0.11200440282722114,B.RF1.CSE025,60,0,1995,0.03333333333333333,8,60,0
15,0,HK,0,class,0.7685103959493693,0.11801134647325184,B.RF1.CSE025,123,0,1995,0.0,8,123,0
5,0,HK,0,class,0.39204068855169305,0.1157649724169052,B.RF1.CSE025,1,0,1995,0.0,8,1,0
12,0,HK,0,class,0.41656434611569476,0.1075184785424402,B.RF1.CSE025,41,0,1995,0.17073170731707318,8,41,0
1,0,HK,0,class,0.7593600876693489,0.10162999924426698,B.RF1.CSE025,113,0,1995,0.0,8,113,0
8,0,HK,0,class,0.6364161713999714,0.10800552276018642,B.RF1.CSE025,153,0,1995,0.0457516339869281,8,153,0
22,0,HK,0,class,0.28870177632374616,0.1070968240451106,B.RF1.CSE025,21,0,1995,0.3333333333333333,8,21,0
19,0,HK,0,class,0.08204539496232358,0.10687220761883753,B.RF1.CSE025,2,0,1995,1.0,8,0,0
17,0,HK,0,class,0.12479736065292948,0.10703801296464384,B.RF1.CSE025,5,0,1995,0.6,8,5,0
18,0,HK,0,class,0.14477517040857862,0.10803301977786024,B.RF1.CSE025,33,0,1995,0.5454545454545454,8,28,0
6,0,HK,0,class,0.31586861415112455,0.10502641768505033,B.RF1.CSE025,1,0,1995,0.0,8,0,0
20,0,HK,0,class,0.143196188988254,0.1058086910426085,B.RF1.CSE025,66,0,1995,0.45454545454545453,8,66,0
0,0,HK,0,class,0.17623773882114194,0.10988672802660923,B.RF1.CSE025,7,0,1995,0.5714285714285714,8,7,0
all,0,HK,0,old,0.6245954622864853,0.10948405283992235,B.RF1.CSE025,885,0,1995,0.06440677966101695,8,876,0
all,0,HK,0,current,0.14636455678044877,0.10619973568490994,B.RF1.CSE025,73,0,1995,0.4657534246575342,8,73,0
all,0,HK,0,tail,0.15322841928937797,0.10973845447962967,B.RF1.CSE025,24,0,1995,0.5833333333333334,8,21,0
9,0,HK,0,class,0.6980879451730382,0.3444358546968879,G.RF2.CSE1,164,0,1995,0.07317073170731707,8,164,0
13,0,HK,1,class,0.6400875421573045,0.3539659519569599,G.RF2.CSE1,160,0,1995,0.1375,8,160,0
16,0,HK,0,class,0.19302621510106274,0.3660941223750123,G.RF2.CSE1,8,0,1995,0.75,8,8,0
14,0,HK,0,class,0.5192689637107882,0.3444758667896827,G.RF2.CSE1,60,0,1995,0.25,8,60,0
15,0,HK,0,class,0.7716431395363377,0.35312572255972097,G.RF2.CSE1,123,0,1995,0.032520325203252036,8,123,0
5,0,HK,0,class,0.4456076432658408,0.3429734700950867,G.RF2.CSE1,1,0,1995,0.0,8,1,0
12,0,HK,0,class,0.4145664560686127,0.3574573432399645,G.RF2.CSE1,41,0,1995,0.4146341463414634,8,41,0
1,0,HK,0,class,0.790488042882304,0.3550850765644971,G.RF2.CSE1,113,0,1995,0.0,8,113,0
8,0,HK,0,class,0.6259660144792519,0.34976118124161304,G.RF2.CSE1,153,0,1995,0.13725490196078433,8,153,0
22,0,HK,0,class,0.29514689045622944,0.35205853197870796,G.RF2.CSE1,21,0,1995,0.6190476190476191,8,21,0
19,0,HK,0,class,0.0613728331138297,0.34241869813091136,G.RF2.CSE1,2,0,1995,1.0,8,0,0
17,0,HK,0,class,0.14095750513937055,0.3593696427854084,G.RF2.CSE1,5,0,1995,0.8,8,5,0
18,1,HK,0,class,0.14018593327831166,0.3580437073193679,G.RF2.CSE1,33,0,1995,0.9090909090909091,8,31,0
6,0,HK,0,class,0.23415657980528243,0.31520918885756877,G.RF2.CSE1,1,0,1995,1.0,8,0,0
20,0,HK,2,class,0.12575657857961786,0.34847869106390045,G.RF2.CSE1,66,0,1995,0.9696969696969697,8,63,1
0,0,HK,0,class,0.14661438994181378,0.36065523134272953,G.RF2.CSE1,7,0,1995,0.8571428571428571,8,7,0
all,1,HK,1,old,0.6315701413927369,0.3511821091315898,G.RF2.CSE1,885,0,1995,0.16610169491525423,8,880,0
all,0,HK,2,current,0.12775664268284215,0.34964630451529505,G.RF2.CSE1,73,0,1995,0.958904109589041,8,70,1
all,0,HK,0,tail,0.16990866105820138,0.3580503278141969,G.RF2.CSE1,24,0,1995,0.7916666666666666,8,21,0
9,0,HK,0,class,0.6980879451730382,0.08610896367422198,G.RF2.CSE025,164,0,1995,0.006097560975609756,8,164,0
13,0,HK,1,class,0.6400875421573045,0.08849148798923998,G.RF2.CSE025,160,0,1995,0.025,8,160,0
16,0,HK,0,class,0.19302621510106274,0.09152353059375308,G.RF2.CSE025,8,0,1995,0.5,8,8,0
14,0,HK,0,class,0.5192689637107882,0.08611896669742068,G.RF2.CSE025,60,0,1995,0.0,8,60,0
15,0,HK,0,class,0.7716431395363377,0.08828143063993024,G.RF2.CSE025,123,0,1995,0.0,8,123,0
5,0,HK,0,class,0.4456076432658408,0.08574336752377165,G.RF2.CSE025,1,0,1995,0.0,8,1,0
12,0,HK,0,class,0.4145664560686127,0.08936433580999113,G.RF2.CSE025,41,0,1995,0.14634146341463414,8,41,0
1,0,HK,0,class,0.790488042882304,0.08877126914112428,G.RF2.CSE025,113,0,1995,0.0,8,113,0
8,0,HK,0,class,0.6259660144792519,0.08744029531040326,G.RF2.CSE025,153,0,1995,0.013071895424836602,8,153,0
22,0,HK,0,class,0.29514689045622944,0.08801463299467699,G.RF2.CSE025,21,0,1995,0.23809523809523808,8,21,0
19,0,HK,0,class,0.0613728331138297,0.08560467453272783,G.RF2.CSE025,2,0,1995,0.5,8,0,0
17,0,HK,0,class,0.14095750513937055,0.08984241069635208,G.RF2.CSE025,5,0,1995,0.4,8,5,0
18,0,HK,0,class,0.14018593327831166,0.08951092682984198,G.RF2.CSE025,33,0,1995,0.45454545454545453,8,31,0
6,0,HK,0,class,0.23415657980528243,0.07880229721439222,G.RF2.CSE025,1,0,1995,0.0,8,0,0
20,0,HK,1,class,0.12575657857961786,0.08711967276597511,G.RF2.CSE025,66,0,1995,0.3787878787878788,8,63,1
0,0,HK,0,class,0.14661438994181378,0.09016380783568241,G.RF2.CSE025,7,0,1995,0.42857142857142855,8,7,0
all,0,HK,1,old,0.6315701413927369,0.08779552728289745,G.RF2.CSE025,885,0,1995,0.04519774011299435,8,880,0
all,0,HK,1,current,0.12775664268284215,0.08741157612882376,G.RF2.CSE025,73,0,1995,0.3835616438356164,8,70,1
all,0,HK,0,tail,0.16990866105820138,0.08951258195354922,G.RF2.CSE025,24,0,1995,0.4166666666666667,8,21,0
9,0,HK,0,class,0.6947865072367788,0.441790116037653,B.RF2.CSE1,164,0,1995,0.06707317073170732,8,164,0
13,1,HK,0,class,0.625453659493736,0.43570988161157465,B.RF2.CSE1,160,0,1995,0.16875,8,159,0
16,0,HK,0,class,0.15821517719425504,0.447394970580999,B.RF2.CSE1,8,0,1995,1.0,8,8,0
14,0,HK,1,class,0.5247087778445096,0.4487220088195123,B.RF2.CSE1,60,0,1995,0.45,8,60,0
15,0,HK,0,class,0.7654928354461068,0.4720453858930074,B.RF2.CSE1,123,0,1995,0.08130081300813008,8,123,0
5,0,HK,0,class,0.4228234407845691,0.4630598896676208,B.RF2.CSE1,1,0,1995,1.0,8,1,0
12,0,HK,0,class,0.41671197289010936,0.43038277528596514,B.RF2.CSE1,41,0,1995,0.5365853658536586,8,41,0
1,0,HK,0,class,0.7630027068472894,0.4073912852739635,B.RF2.CSE1,113,0,1995,0.017699115044247787,8,113,0
8,0,HK,0,class,0.6385801128936579,0.43186438233612423,B.RF2.CSE1,153,0,1995,0.1830065359477124,8,153,0
22,0,HK,0,class,0.2710115880394336,0.4267339973243821,B.RF2.CSE1,21,0,1995,0.6666666666666666,8,21,0
19,0,HK,0,class,0.10870597883007399,0.42748883047535025,B.RF2.CSE1,2,0,1995,1.0,8,0,0
17,1,HK,1,class,0.11135486102587913,0.42815205185857536,B.RF2.CSE1,5,0,1995,1.0,8,5,0
18,0,HK,1,class,0.1414591519528031,0.4307839123419111,B.RF2.CSE1,33,0,1995,0.9696969696969697,8,32,0
6,0,HK,0,class,0.15384102410024308,0.4229753069737321,B.RF2.CSE1,1,0,1995,1.0,8,0,0
20,0,HK,0,class,0.14791095482568142,0.4228995266418544,B.RF2.CSE1,66,0,1995,0.9848484848484849,8,64,1
0,0,HK,0,class,0.21974419817308358,0.4395469121064369,B.RF2.CSE1,7,0,1995,0.8571428571428571,8,7,0
all,2,HK,3,old,0.625580722802077,0.43790558026528265,B.RF2.CSE1,885,0,1995,0.21468926553672316,8,880,0
all,0,HK,0,current,0.15479907405077478,0.4244958512754445,B.RF2.CSE1,73,0,1995,0.9726027397260274,8,71,1
all,1,HK,1,tail,0.1731158971849992,0.43907338609491586,B.RF2.CSE1,24,0,1995,0.9583333333333334,8,21,0
9,0,HK,0,class,0.6947865072367788,0.11044752900941325,B.RF2.CSE025,164,0,1995,0.006097560975609756,8,164,0
13,0,HK,0,class,0.625453659493736,0.10892747040289366,B.RF2.CSE025,160,0,1995,0.025,8,159,0
16,0,HK,0,class,0.15821517719425504,0.11184874264524976,B.RF2.CSE025,8,0,1995,0.5,8,8,0
14,0,HK,1,class,0.5247087778445096,0.11218050220487807,B.RF2.CSE025,60,0,1995,0.03333333333333333,8,60,0
15,0,HK,0,class,0.7654928354461068,0.11801134647325184,B.RF2.CSE025,123,0,1995,0.0,8,123,0
5,0,HK,0,class,0.4228234407845691,0.1157649724169052,B.RF2.CSE025,1,0,1995,0.0,8,1,0
12,0,HK,0,class,0.41671197289010936,0.10759569382149128,B.RF2.CSE025,41,0,1995,0.12195121951219512,8,41,0
1,0,HK,0,class,0.7630027068472894,0.10184782131849088,B.RF2.CSE025,113,0,1995,0.0,8,113,0
8,0,HK,0,class,0.6385801128936579,0.10796609558403103,B.RF2.CSE025,153,0,1995,0.026143790849673203,8,153,0
22,0,HK,0,class,0.2710115880394336,0.10668349933109553,B.RF2.CSE025,21,0,1995,0.47619047619047616,8,21,0
19,0,HK,0,class,0.10870597883007399,0.10687220761883753,B.RF2.CSE025,2,0,1995,0.5,8,0,0
17,0,HK,0,class,0.11135486102587913,0.10703801296464381,B.RF2.CSE025,5,0,1995,0.6,8,5,0
18,0,HK,0,class,0.1414591519528031,0.10769597808547778,B.RF2.CSE025,33,0,1995,0.5454545454545454,8,32,0
6,0,HK,0,class,0.15384102410024308,0.10574382674343302,B.RF2.CSE025,1,0,1995,0.0,8,0,0
20,0,HK,0,class,0.14791095482568142,0.1057248816604636,B.RF2.CSE025,66,0,1995,0.42424242424242425,8,64,0
0,0,HK,0,class,0.21974419817308358,0.10988672802660923,B.RF2.CSE025,7,0,1995,0.42857142857142855,8,7,0
all,0,HK,1,old,0.625580722802077,0.10947639506632069,B.RF2.CSE025,885,0,1995,0.05875706214689266,8,880,0
all,0,HK,0,current,0.15479907405077478,0.10612396281886112,B.RF2.CSE025,73,0,1995,0.4246575342465753,8,71,0
all,0,HK,0,tail,0.1731158971849992,0.10976834652372897,B.RF2.CSE025,24,0,1995,0.4583333333333333,8,21,0
9,0,HK,0,class,0.7025961332042012,0.3458969630238604,G.RF1.CSEperm1,164,0,1995,0.054878048780487805,8,164,0
13,0,HK,0,class,0.6406229102912444,0.3581123811219601,G.RF1.CSEperm1,160,0,1995,0.1375,8,159,0
16,1,HK,0,class,0.18584209877666474,0.36631077895874375,G.RF1.CSEperm1,8,0,1995,0.875,8,8,0
14,0,HK,0,class,0.5217713388870765,0.34271597363101514,G.RF1.CSEperm1,60,0,1995,0.23333333333333334,8,60,0
15,0,HK,0,class,0.7632694129338272,0.3547860635848904,G.RF1.CSEperm1,123,0,1995,0.024390243902439025,8,123,0
5,0,HK,0,class,0.5024039191033878,0.32557824218953446,G.RF1.CSEperm1,1,0,1995,0.0,8,1,0
12,0,HK,0,class,0.44911893042447887,0.3589107849202317,G.RF1.CSEperm1,41,0,1995,0.36585365853658536,8,41,1
1,0,HK,0,class,0.7966886232667727,0.35655095590368635,G.RF1.CSEperm1,113,0,1995,0.0,8,113,0
8,0,HK,0,class,0.6241165087464606,0.3493338517102113,G.RF1.CSEperm1,153,0,1995,0.13725490196078433,8,153,0
22,0,HK,0,class,0.29559619408505455,0.3535520137186233,G.RF1.CSEperm1,21,0,1995,0.7142857142857143,8,21,0
19,0,HK,0,class,0.07815432886929286,0.3484216343533991,G.RF1.CSEperm1,2,0,1995,1.0,8,1,0
17,0,HK,0,class,0.16018620622027788,0.36066693795422167,G.RF1.CSEperm1,5,0,1995,0.8,8,4,0
18,1,HK,0,class,0.12539114062912385,0.3591938598805779,G.RF1.CSEperm1,33,0,1995,0.9393939393939394,8,31,1
6,0,HK,0,class,0.2880683352532471,0.316837270851419,G.RF1.CSEperm1,1,0,1995,1.0,8,0,0
20,2,HK,0,class,0.14670683678676924,0.35165926302234535,G.RF1.CSEperm1,66,0,1995,0.9696969696969697,8,65,0
0,0,HK,0,class,0.1440237799447023,0.36364146472717296,G.RF1.CSEperm1,7,0,1995,0.8571428571428571,8,7,0
all,2,HK,0,old,0.6332466016733199,0.3525779390192955,G.RF1.CSEperm1,885,0,1995,0.16271186440677965,8,879,2
all,2,HK,0,current,0.1464495573635574,0.3528082412680137,G.RF1.CSEperm1,73,0,1995,0.958904109589041,8,72,0
all,1,HK,0,tail,0.17677563304261854,0.3591070815116259,G.RF1.CSEperm1,24,0,1995,0.8333333333333334,8,21,0
9,0,HK,0,class,0.6894452997276029,0.42359641265231,B.RF1.CSEperm1,164,0,1995,0.054878048780487805,8,164,0
13,0,HK,1,class,0.6288058043573265,0.4061568561650807,B.RF1.CSEperm1,160,0,1995,0.18125,8,159,0
16,0,HK,1,class,0.11847887441312072,0.4175498888407407,B.RF1.CSEperm1,8,0,1995,1.0,8,8,1
14,0,HK,0,class,0.5169934905035594,0.4282415641767072,B.RF1.CSEperm1,60,0,1995,0.35,8,60,0
15,0,HK,0,class,0.7685103959493693,0.4540899596671659,B.RF1.CSEperm1,123,0,1995,0.06504065040650407,8,123,0
5,0,HK,0,class,0.39204068855169305,0.46305988966762085,B.RF1.CSEperm1,1,0,1995,1.0,8,1,0
12,0,HK,1,class,0.41656434611569476,0.41034855835792006,B.RF1.CSEperm1,41,0,1995,0.5365853658536586,8,41,0
1,0,HK,0,class,0.7593600876693489,0.39776769923318067,B.RF1.CSEperm1,113,0,1995,0.008849557522123894,8,113,0
8,2,HK,0,class,0.6364161713999714,0.4198805593168525,B.RF1.CSEperm1,153,0,1995,0.16993464052287582,8,153,0
22,0,HK,0,class,0.28870177632374616,0.4246209447231326,B.RF1.CSEperm1,21,0,1995,0.6190476190476191,8,21,0
19,0,HK,0,class,0.08204539496232358,0.42747188582942636,B.RF1.CSEperm1,2,0,1995,1.0,8,0,0
17,0,HK,2,class,0.12479736065292948,0.43198173526045974,B.RF1.CSEperm1,5,0,1995,1.0,8,5,0
18,0,HK,0,class,0.14477517040857862,0.42696060737060915,B.RF1.CSEperm1,33,0,1995,0.9696969696969697,8,28,0
6,0,HK,0,class,0.31586861415112455,0.42010567074020133,B.RF1.CSEperm1,1,0,1995,1.0,8,0,0
20,0,HK,2,class,0.143196188988254,0.4215482287583443,B.RF1.CSEperm1,66,0,1995,1.0,8,66,0
0,0,HK,1,class,0.17623773882114194,0.41045674424595363,B.RF1.CSEperm1,7,0,1995,0.8571428571428571,8,7,0
all,2,HK,5,old,0.6245954622864853,0.42063434015149037,B.RF1.CSEperm1,885,0,1995,0.20112994350282487,8,876,1
all,0,HK,3,current,0.14636455678044877,0.4204846617503068,B.RF1.CSEperm1,73,0,1995,0.9863013698630136,8,73,0
all,0,HK,4,tail,0.15322841928937797,0.42131726370069056,B.RF1.CSEperm1,24,0,1995,0.9583333333333334,8,21,1
9,0,HK,0,class,0.6685173498798979,0.3489802536571645,G.LIN.CSE1,164,0,1995,0.07926829268292683,9,164,0
13,0,HK,0,class,0.6230704815813882,0.35459263975733124,G.LIN.CSE1,160,0,1995,0.15,9,159,0
16,0,HK,0,class,0.1899673386582412,0.3774672696817921,G.LIN.CSE1,8,0,1995,0.875,9,8,0
14,0,HK,0,class,0.49408046370785497,0.3449779929228878,G.LIN.CSE1,60,0,1995,0.2833333333333333,9,60,0
15,0,HK,0,class,0.7395201395313034,0.3555715308465784,G.LIN.CSE1,123,0,1995,0.032520325203252036,9,123,0
5,0,HK,0,class,0.41092360931288185,0.3429734676438916,G.LIN.CSE1,1,0,1995,0.0,9,1,0
12,0,HK,0,class,0.32828281180042856,0.36271812497843126,G.LIN.CSE1,41,0,1995,0.5853658536585366,9,41,1
1,0,HK,0,class,0.7792451200872645,0.3545527853285,G.LIN.CSE1,113,0,1995,0.0,9,113,0
8,0,HK,0,class,0.574772122148227,0.34975224776926195,G.LIN.CSE1,153,0,1995,0.1568627450980392,9,153,0
22,0,HK,0,class,0.28427152863717603,0.3492370046394875,G.LIN.CSE1,21,0,1995,0.7142857142857143,9,21,0
19,0,HK,0,class,0.08756260586974414,0.3424187045162186,G.LIN.CSE1,2,0,1995,1.0,9,0,0
17,0,HK,0,class,0.15022660341747168,0.35985723117615537,G.LIN.CSE1,5,0,1995,0.8,9,4,0
18,1,HK,0,class,0.14593950463961838,0.35890867746118826,G.LIN.CSE1,33,0,1995,0.9090909090909091,9,29,0
6,0,HK,0,class,0.2804054409566549,0.31520918626070293,G.LIN.CSE1,1,0,1995,1.0,9,0,0
20,0,HK,1,class,0.1283352058100003,0.34907817959584525,G.LIN.CSE1,66,0,1995,1.0,9,65,0
0,0,HK,0,class,0.08211512065379704,0.3660331500352746,G.LIN.CSE1,7,0,1995,1.0,9,7,2
3,0,HK,0,class,0.7080854624228093,0.33670039733329293,G.LIN.CSE1,157,0,1995,0.08917197452229299,9,157,0
11,1,HK,0,class,0.16999737384668834,0.365350682240965,G.LIN.CSE1,61,0,1995,0.9016393442622951,9,61,0
all,1,HK,1,old,0.5661339427258781,0.3526001704998716,G.LIN.CSE1,958,0,1995,0.24843423799582465,9,948,3
all,1,HK,0,current,0.5575195293808672,0.3447172201744305,G.LIN.CSE1,218,0,1995,0.3165137614678899,9,218,0
all,0,HK,0,tail,0.15467215970578718,0.36351151777162777,G.LIN.CSE1,24,0,1995,0.875,9,20,2
9,0,HK,0,class,0.6685173498798979,0.08724506341429113,G.LIN.CSE025,164,0,1995,0.0,9,164,0
13,0,HK,0,class,0.6230704815813882,0.08864815993933281,G.LIN.CSE025,160,0,1995,0.025,9,159,0
16,0,HK,0,class,0.1899673386582412,0.09436681742044803,G.LIN.CSE025,8,0,1995,0.25,9,8,0
14,0,HK,0,class,0.49408046370785497,0.08624449823072194,G.LIN.CSE025,60,0,1995,0.0,9,60,0
15,0,HK,0,class,0.7395201395313034,0.08889288271164458,G.LIN.CSE025,123,0,1995,0.0,9,123,0
5,0,HK,0,class,0.41092360931288185,0.08574336691097284,G.LIN.CSE025,1,0,1995,0.0,9,1,0
12,0,HK,0,class,0.32828281180042856,0.09067953124460781,G.LIN.CSE025,41,0,1995,0.17073170731707318,9,41,1
1,0,HK,0,class,0.7792451200872645,0.088638196332125,G.LIN.CSE025,113,0,1995,0.0,9,113,0
8,0,HK,0,class,0.574772122148227,0.08743806194231549,G.LIN.CSE025,153,0,1995,0.013071895424836602,9,153,0
22,0,HK,0,class,0.28427152863717603,0.08730925115987184,G.LIN.CSE025,21,0,1995,0.19047619047619047,9,21,0
19,0,HK,0,class,0.08756260586974414,0.08560467612905465,G.LIN.CSE025,2,0,1995,0.5,9,0,0
17,0,HK,0,class,0.15022660341747168,0.08996430779403883,G.LIN.CSE025,5,0,1995,0.4,9,4,0
18,0,HK,0,class,0.14593950463961838,0.08972716936529707,G.LIN.CSE025,33,0,1995,0.45454545454545453,9,29,0
6,0,HK,0,class,0.2804054409566549,0.07880229656517572,G.LIN.CSE025,1,0,1995,0.0,9,0,0
20,0,HK,0,class,0.1283352058100003,0.08726954489896131,G.LIN.CSE025,66,0,1995,0.42424242424242425,9,65,0
0,0,HK,0,class,0.08211512065379704,0.09150828750881865,G.LIN.CSE025,7,0,1995,0.42857142857142855,9,7,0
3,0,HK,0,class,0.7080854624228093,0.08417509933332323,G.LIN.CSE025,157,0,1995,0.006369426751592357,9,157,0
11,0,HK,0,class,0.16999737384668834,0.09133767056024125,G.LIN.CSE025,61,0,1995,0.3770491803278688,9,61,0
all,0,HK,0,old,0.5661339427258781,0.08815004262496788,G.LIN.CSE025,958,0,1995,0.0709812108559499,9,948,1
all,0,HK,0,current,0.5575195293808672,0.08617930504360763,G.LIN.CSE025,218,0,1995,0.11009174311926606,9,218,0
all,0,HK,0,tail,0.15467215970578718,0.09087787944290694,G.LIN.CSE025,24,0,1995,0.3333333333333333,9,20,0
9,0,HK,0,class,0.6781762977027095,0.3501450944387456,G.RF1.CSE1,164,0,1995,0.07317073170731707,9,164,0
13,0,HK,0,class,0.6194132771679334,0.3545807747670011,G.RF1.CSE1,160,0,1995,0.14375,9,159,2
16,0,HK,0,class,0.15535960921061176,0.3774672696817921,G.RF1.CSE1,8,0,1995,1.0,9,8,0
14,0,HK,0,class,0.5055477210176681,0.3452177275010416,G.RF1.CSE1,60,0,1995,0.23333333333333334,9,60,0
15,0,HK,0,class,0.7499398282372006,0.35623357368694175,G.RF1.CSE1,123,0,1995,0.032520325203252036,9,123,0
5,0,HK,0,class,0.48211572850427664,0.34297346764389147,G.RF1.CSE1,1,0,1995,0.0,9,1,0
12,0,HK,2,class,0.3683858234153233,0.3627650443565679,G.RF1.CSE1,41,0,1995,0.4634146341463415,9,41,0
1,0,HK,0,class,0.7811921843447045,0.35458646341502403,G.RF1.CSE1,113,0,1995,0.0,9,113,0
8,0,HK,0,class,0.5919335071217269,0.3501122224162979,G.RF1.CSE1,153,0,1995,0.1503267973856209,9,153,0
22,0,HK,2,class,0.28586661913657,0.3497267853592076,G.RF1.CSE1,21,0,1995,0.7142857142857143,9,21,0
19,0,HK,0,class,0.06939266061258352,0.34241870451621864,G.RF1.CSE1,2,0,1995,1.0,9,1,0
17,0,HK,0,class,0.1439660369474924,0.361464330247374,G.RF1.CSE1,5,0,1995,0.8,9,4,0
18,0,HK,0,class,0.11555771882196597,0.3574289573037817,G.RF1.CSE1,33,0,1995,0.9393939393939394,9,30,0
6,0,HK,0,class,0.2633258951986413,0.31520918626070293,G.RF1.CSE1,1,0,1995,1.0,9,0,0
20,0,HK,1,class,0.13732330526373263,0.3490654992440364,G.RF1.CSE1,66,0,1995,0.9848484848484849,9,63,1
0,0,HK,0,class,0.06944551125757586,0.3660331500352746,G.RF1.CSE1,7,0,1995,1.0,9,7,1
3,0,HK,0,class,0.709880302846531,0.3369413864126103,G.RF1.CSE1,157,0,1995,0.07643312101910828,9,157,0
11,5,HK,0,class,0.18073878678866157,0.365337527737838,G.RF1.CSE1,61,0,1995,0.8688524590163934,9,61,0
all,0,HK,5,old,0.5731313736299647,0.3529283641273393,G.RF1.CSE1,958,0,1995,0.23799582463465555,9,948,4
all,5,HK,0,current,0.5618177685367602,0.3448870956825134,G.RF1.CSE1,218,0,1995,0.2981651376146789,9,218,0
all,0,HK,0,tail,0.13887719092306136,0.36384633007813166,G.RF1.CSE1,24,0,1995,0.9166666666666666,9,21,1
9,0,HK,0,class,0.6781762977027095,0.0875362736096864,G.RF1.CSE025,164,0,1995,0.006097560975609756,9,164,0
13,0,HK,0,class,0.6194132771679334,0.08864519369175028,G.RF1.CSE025,160,0,1995,0.01875,9,159,0
16,0,HK,0,class,0.15535960921061176,0.09436681742044803,G.RF1.CSE025,8,0,1995,0.375,9,8,0
14,0,HK,0,class,0.5055477210176681,0.0863044318752604,G.RF1.CSE025,60,0,1995,0.016666666666666666,9,60,0
15,0,HK,0,class,0.7499398282372006,0.08905839342173545,G.RF1.CSE025,123,0,1995,0.0,9,123,0
5,0,HK,0,class,0.48211572850427664,0.08574336691097295,G.RF1.CSE025,1,0,1995,0.0,9,1,0
12,0,HK,1,class,0.3683858234153233,0.09069126108914198,G.RF1.CSE025,41,0,1995,0.14634146341463414,9,41,0
1,0,HK,0,class,0.7811921843447045,0.08864661585375602,G.RF1.CSE025,113,0,1995,0.0,9,113,0
8,0,HK,0,class,0.5919335071217269,0.08752805560407448,G.RF1.CSE025,153,0,1995,0.0196078431372549,9,153,0
22,0,HK,1,class,0.28586661913657,0.0874316963398019,G.RF1.CSE025,21,0,1995,0.23809523809523808,9,21,0
19,0,HK,0,class,0.06939266061258352,0.08560467612905465,G.RF1.CSE025,2,0,1995,1.0,9,1,0
17,0,HK,0,class,0.1439660369474924,0.0903660825618435,G.RF1.CSE025,5,0,1995,0.6,9,4,0
18,0,HK,0,class,0.11555771882196597,0.08935723932594543,G.RF1.CSE025,33,0,1995,0.5454545454545454,9,30,0
6,0,HK,0,class,0.2633258951986413,0.07880229656517575,G.RF1.CSE025,1,0,1995,0.0,9,0,0
20,0,HK,1,class,0.13732330526373263,0.0872663748110091,G.RF1.CSE025,66,0,1995,0.3181818181818182,9,63,0
0,0,HK,0,class,0.06944551125757586,0.09150828750881865,G.RF1.CSE025,7,0,1995,0.8571428571428571,9,7,0
3,0,HK,0,class,0.709880302846531,0.08423534660315257,G.RF1.CSE025,157,0,1995,0.006369426751592357,9,157,0
11,2,HK,0,class,0.18073878678866157,0.0913343819344595,G.RF1.CSE025,61,0,1995,0.2786885245901639,9,61,0
all,0,HK,3,old,0.5731313736299647,0.08823209103183483,G.RF1.CSE025,958,0,1995,0.07515657620041753,9,948,0
all,2,HK,0,current,0.5618177685367602,0.08622177392062837,G.RF1.CSE025,218,0,1995,0.08256880733944955,9,218,0
all,0,HK,0,tail,0.13887719092306136,0.09096158251953294,G.RF1.CSE025,24,0,1995,0.5833333333333334,9,21,0
9,0,HK,0,class,0.6405484952472009,0.441834511955479,B.LIN.CSE1,164,0,1995,0.13414634146341464,9,164,0
13,1,HK,0,class,0.5936162823893517,0.43579275033762377,B.LIN.CSE1,160,0,1995,0.2375,9,159,1
16,0,HK,0,class,0.08326211859876992,0.44920548513548986,B.LIN.CSE1,8,0,1995,1.0,9,8,0
14,0,HK,1,class,0.4648127987535751,0.4482558032691877,B.LIN.CSE1,60,0,1995,0.5333333333333333,9,60,0
15,0,HK,0,class,0.724799019269424,0.47227924160015367,B.LIN.CSE1,123,0,1995,0.12195121951219512,9,123,0
5,0,HK,0,class,0.3285933861117952,0.46305990000792185,B.LIN.CSE1,1,0,1995,1.0,9,1,0
12,0,HK,0,class,0.30365629744692807,0.4332572789568084,B.LIN.CSE1,41,0,1995,0.7560975609756098,9,40,0
1,0,HK,0,class,0.7376853432313952,0.40486455503722857,B.LIN.CSE1,113,0,1995,0.017699115044247787,9,113,0
8,0,HK,0,class,0.5762604446381623,0.4320291508765608,B.LIN.CSE1,153,0,1995,0.21568627450980393,9,153,0
22,0,HK,0,class,0.25580701048568044,0.4243595293540933,B.LIN.CSE1,21,0,1995,0.7142857142857143,9,21,0
19,0,HK,0,class,0.09785248559208758,0.42748882711888503,B.LIN.CSE1,2,0,1995,1.0,9,0,0
17,0,HK,1,class,0.12071941785797442,0.4302544182577449,B.LIN.CSE1,5,0,1995,1.0,9,4,0
18,0,HK,1,class,0.13697463973096077,0.43001687237164804,B.LIN.CSE1,33,0,1995,0.9696969696969697,9,28,0
6,0,HK,0,class,0.24448436394533327,0.4152285676593448,B.LIN.CSE1,1,0,1995,1.0,9,0,0
20,0,HK,1,class,0.1288734833070208,0.42312283225706565,B.LIN.CSE1,66,0,1995,1.0,9,64,0
0,0,HK,0,class,0.11004266755370898,0.4398472147936189,B.LIN.CSE1,7,0,1995,1.0,9,7,0
3,0,HK,1,class,0.7236875898665253,0.4432728205808564,B.LIN.CSE1,157,0,1995,0.14012738853503184,9,157,0
11,1,HK,0,class,0.16102773563823308,0.42116803467639524,B.LIN.CSE1,61,0,1995,0.9836065573770492,9,61,0
all,1,HK,4,old,0.54514649412326,0.4367144306886618,B.LIN.CSE1,958,0,1995,0.3235908141962422,9,945,1
all,1,HK,1,current,0.5662460710228289,0.4370875364516263,B.LIN.CSE1,218,0,1995,0.3761467889908257,9,218,0
all,0,HK,1,tail,0.11703230967488742,0.43987969157637546,B.LIN.CSE1,24,0,1995,1.0,9,20,0
9,0,HK,0,class,0.6405484952472009,0.11045862798886975,B.LIN.CSE025,164,0,1995,0.0,9,164,0
13,1,HK,0,class,0.5936162823893517,0.10894818758440594,B.LIN.CSE025,160,0,1995,0.03125,9,159,1
16,0,HK,0,class,0.08326211859876992,0.11230137128387249,B.LIN.CSE025,8,0,1995,0.75,9,8,0
14,0,HK,0,class,0.4648127987535751,0.11206395081729693,B.LIN.CSE025,60,0,1995,0.03333333333333333,9,60,0
15,0,HK,0,class,0.724799019269424,0.11806981040003842,B.LIN.CSE025,123,0,1995,0.0,9,123,0
5,0,HK,0,class,0.3285933861117952,0.11576497500198046,B.LIN.CSE025,1,0,1995,0.0,9,1,0
12,0,HK,0,class,0.30365629744692807,0.1083143197392021,B.LIN.CSE025,41,0,1995,0.1951219512195122,9,40,0
1,0,HK,0,class,0.7376853432313952,0.10121613875930711,B.LIN.CSE025,113,0,1995,0.0,9,113,0
8,0,HK,0,class,0.5762604446381623,0.10800728771914019,B.LIN.CSE025,153,0,1995,0.032679738562091505,9,153,0
22,0,HK,0,class,0.25580701048568044,0.10608988233852333,B.LIN.CSE025,21,0,1995,0.42857142857142855,9,21,0
19,0,HK,0,class,0.09785248559208758,0.10687220677972128,B.LIN.CSE025,2,0,1995,0.5,9,0,0
17,0,HK,0,class,0.12071941785797442,0.10756360456443623,B.LIN.CSE025,5,0,1995,0.8,9,4,0
18,0,HK,1,class,0.13697463973096077,0.10750421809291201,B.LIN.CSE025,33,0,1995,0.48484848484848486,9,28,0
6,0,HK,0,class,0.24448436394533327,0.1038071419148362,B.LIN.CSE025,1,0,1995,0.0,9,0,0
20,0,HK,0,class,0.1288734833070208,0.10578070806426641,B.LIN.CSE025,66,0,1995,0.5606060606060606,9,64,0
0,0,HK,0,class,0.11004266755370898,0.10996180369840472,B.LIN.CSE025,7,0,1995,0.5714285714285714,9,7,0
3,0,HK,0,class,0.7236875898665253,0.11081820514521407,B.LIN.CSE025,157,0,1995,0.025477707006369428,9,157,0
11,1,HK,0,class,0.16102773563823308,0.10529200866909881,B.LIN.CSE025,61,0,1995,0.45901639344262296,9,61,0
all,1,HK,1,old,0.54514649412326,0.10917860767216545,B.LIN.CSE025,958,0,1995,0.10125260960334029,9,945,1
all,1,HK,0,current,0.5662460710228289,0.1092718841129066,B.LIN.CSE025,218,0,1995,0.14678899082568808,9,218,0
all,0,HK,0,tail,0.11703230967488742,0.10996992289409387,B.LIN.CSE025,24,0,1995,0.625,9,20,0
9,0,HK,0,class,0.6592650937713262,0.442062302376793,B.RF1.CSE1,164,0,1995,0.10365853658536585,9,164,0
13,0,HK,0,class,0.6014934220467822,0.43632892890748864,B.RF1.CSE1,160,0,1995,0.21875,9,159,0
16,0,HK,0,class,0.05552511741687152,0.4492054851354899,B.RF1.CSE1,8,0,1995,1.0,9,8,0
14,0,HK,1,class,0.4986564988967208,0.4478040676262099,B.RF1.CSE1,60,0,1995,0.4,9,60,0
15,0,HK,0,class,0.7463010071581295,0.47227924160015367,B.RF1.CSE1,123,0,1995,0.10569105691056911,9,123,0
5,0,HK,0,class,0.3766243443424996,0.46305990000792185,B.RF1.CSE1,1,0,1995,1.0,9,1,0
12,0,HK,1,class,0.34293652649001444,0.43322369408717754,B.RF1.CSE1,41,0,1995,0.7073170731707317,9,40,0
1,0,HK,0,class,0.744735395800986,0.40754428352399275,B.RF1.CSE1,113,0,1995,0.017699115044247787,9,113,0
8,0,HK,0,class,0.6152669607653056,0.43239049222829506,B.RF1.CSE1,153,0,1995,0.20915032679738563,9,153,0
22,0,HK,0,class,0.28341272159744363,0.4268547599051987,B.RF1.CSE1,21,0,1995,0.6666666666666666,9,21,0
19,0,HK,0,class,0.07449656175736309,0.4274888271188851,B.RF1.CSE1,2,0,1995,1.0,9,0,0
17,0,HK,0,class,0.12994853839242346,0.4302544182577449,B.RF1.CSE1,5,0,1995,1.0,9,5,0
18,0,HK,1,class,0.13277147019066157,0.4321135272458803,B.RF1.CSE1,33,0,1995,0.9696969696969697,9,28,1
6,0,HK,0,class,0.28247519799583054,0.4201056513793644,B.RF1.CSE1,1,0,1995,1.0,9,0,0
20,0,HK,0,class,0.13077706545874465,0.4237851864451672,B.RF1.CSE1,66,0,1995,1.0,9,66,0
0,0,HK,0,class,0.08694548189705861,0.4402854448689692,B.RF1.CSE1,7,0,1995,1.0,9,7,0
3,0,HK,1,class,0.7434647632784754,0.44334030270508984,B.RF1.CSE1,157,0,1995,0.12101910828025478,9,157,0
11,0,HK,0,class,0.18003708377922464,0.4242758798878355,B.RF1.CSE1,61,0,1995,0.9672131147540983,9,61,0
all,0,HK,3,old,0.563569149989013,0.43736788491720574,B.RF1.CSE1,958,0,1995,0.30062630480167013,9,948,1
all,0,HK,1,current,0.5858083942442813,0.43800576237549094,B.RF1.CSE1,218,0,1995,0.3577981651376147,9,218,0
all,0,HK,0,tail,0.10461061126789817,0.4402107205033536,B.RF1.CSE1,24,0,1995,1.0,9,21,0
9,0,HK,0,class,0.6592650937713262,0.11051557559419822,B.RF1.CSE025,164,0,1995,0.0,9,164,0
13,0,HK,0,class,0.6014934220467822,0.10908223222687216,B.RF1.CSE025,160,0,1995,0.025,9,159,0
16,0,HK,0,class,0.05552511741687152,0.11230137128387248,B.RF1.CSE025,8,0,1995,0.875,9,8,0
14,0,HK,0,class,0.4986564988967208,0.11195101690655249,B.RF1.CSE025,60,0,1995,0.03333333333333333,9,60,0
15,0,HK,0,class,0.7463010071581295,0.11806981040003843,B.RF1.CSE025,123,0,1995,0.0,9,123,0
5,0,HK,0,class,0.3766243443424996,0.11576497500198046,B.RF1.CSE025,1,0,1995,0.0,9,1,0
12,0,HK,1,class,0.34293652649001444,0.10830592352179438,B.RF1.CSE025,41,0,1995,0.1951219512195122,9,40,0
1,0,HK,0,class,0.744735395800986,0.10188607088099819,B.RF1.CSE025,113,0,1995,0.0,9,113,0
8,0,HK,0,class,0.6152669607653056,0.10809762305707377,B.RF1.CSE025,153,0,1995,0.05228758169934641,9,153,0
22,0,HK,0,class,0.28341272159744363,0.10671368997629968,B.RF1.CSE025,21,0,1995,0.3333333333333333,9,21,0
19,0,HK,0,class,0.07449656175736309,0.10687220677972126,B.RF1.CSE025,2,0,1995,1.0,9,0,0
17,0,HK,0,class,0.12994853839242346,0.10756360456443625,B.RF1.CSE025,5,0,1995,0.6,9,5,0
18,0,HK,0,class,0.13277147019066157,0.10802838181147008,B.RF1.CSE025,33,0,1995,0.5757575757575758,9,28,0
6,0,HK,0,class,0.28247519799583054,0.1050264128448411,B.RF1.CSE025,1,0,1995,0.0,9,0,0
20,0,HK,0,class,0.13077706545874465,0.10594629661129182,B.RF1.CSE025,66,0,1995,0.5,9,66,0
0,0,HK,0,class,0.08694548189705861,0.11007136121724233,B.RF1.CSE025,7,0,1995,0.8571428571428571,9,7,0
3,0,HK,0,class,0.7434647632784754,0.11083507567627242,B.RF1.CSE025,157,0,1995,0.01910828025477707,9,157,0
11,0,HK,0,class,0.18003708377922464,0.10606896997195887,B.RF1.CSE025,61,0,1995,0.36065573770491804,9,61,0
all,0,HK,1,old,0.563569149989013,0.10934197122930144,B.RF1.CSE025,958,0,1995,0.10334029227557412,9,948,0
all,0,HK,0,current,0.5858083942442813,0.10950144059387273,B.RF1.CSE025,218,0,1995,0.11467889908256881,9,218,0
all,0,HK,0,tail,0.10461061126789817,0.1100526801258384,B.RF1.CSE025,24,0,1995,0.75,9,21,0
9,0,HK,0,class,0.6753405952083537,0.348914933486828,G.RF2.CSE1,164,0,1995,0.08536585365853659,9,164,0
13,0,HK,0,class,0.6189723566990104,0.35461152076283137,G.RF2.CSE1,160,0,1995,0.1375,9,160,1
16,0,HK,0,class,0.15005571256816735,0.3774672696817921,G.RF2.CSE1,8,0,1995,0.875,9,8,0
14,0,HK,0,class,0.5052801780631248,0.34459610303801375,G.RF2.CSE1,60,0,1995,0.26666666666666666,9,60,0
15,0,HK,0,class,0.7568560170558016,0.35620488226011604,G.RF2.CSE1,123,0,1995,0.04065040650406504,9,123,0
5,0,HK,0,class,0.45082033873025207,0.3429734676438916,G.RF2.CSE1,1,0,1995,0.0,9,1,0
12,0,HK,1,class,0.3523128149895762,0.36281465516898775,G.RF2.CSE1,41,0,1995,0.5121951219512195,9,41,1
1,0,HK,0,class,0.7763882511261266,0.3550080713770832,G.RF2.CSE1,113,0,1995,0.0,9,113,0
8,0,HK,0,class,0.5956056074805783,0.3494788415310909,G.RF2.CSE1,153,0,1995,0.1503267973856209,9,153,0
22,0,HK,0,class,0.28722297903677696,0.35107825200125464,G.RF2.CSE1,21,0,1995,0.6190476190476191,9,21,0
19,0,HK,0,class,0.05757234495127776,0.3424187045162186,G.RF2.CSE1,2,0,1995,1.0,9,0,0
17,0,HK,0,class,0.12388506138317187,0.3593696473168826,G.RF2.CSE1,5,0,1995,0.8,9,5,0
18,0,HK,0,class,0.1326398038030635,0.35757647158492206,G.RF2.CSE1,33,0,1995,0.9090909090909091,9,32,0
6,0,HK,0,class,0.19765653006621586,0.31520918626070293,G.RF2.CSE1,1,0,1995,1.0,9,0,0
20,0,HK,1,class,0.11993871032246527,0.34877958328651537,G.RF2.CSE1,66,0,1995,0.9848484848484849,9,66,0
0,0,HK,1,class,0.054431981576324395,0.3660331500352746,G.RF2.CSE1,7,0,1995,1.0,9,7,0
3,0,HK,0,class,0.7167004492570815,0.3371681297764448,G.RF2.CSE1,157,0,1995,0.07643312101910828,9,157,0
11,4,HK,0,class,0.16670337614262695,0.3650183797278376,G.RF2.CSE1,61,0,1995,0.9180327868852459,9,60,0
all,0,HK,3,old,0.5718112302795061,0.3526350654012789,G.RF2.CSE1,958,0,1995,0.24008350730688935,9,954,2
all,4,HK,0,current,0.5628021856791837,0.34496108962522903,G.RF2.CSE1,218,0,1995,0.3119266055045872,9,217,0
all,0,HK,1,tail,0.1235215182164372,0.36340993780094594,G.RF2.CSE1,24,0,1995,0.875,9,21,0
9,0,HK,0,class,0.6753405952083537,0.087228733371707,G.RF2.CSE025,164,0,1995,0.006097560975609756,9,164,0
13,0,HK,0,class,0.6189723566990104,0.08865288019070784,G.RF2.CSE025,160,0,1995,0.025,9,160,0
16,0,HK,0,class,0.15005571256816735,0.09436681742044802,G.RF2.CSE025,8,0,1995,0.625,9,8,0
14,0,HK,0,class,0.5052801780631248,0.08614902575950345,G.RF2.CSE025,60,0,1995,0.0,9,60,0
15,0,HK,0,class,0.7568560170558016,0.08905122056502902,G.RF2.CSE025,123,0,1995,0.008130081300813009,9,123,0
5,0,HK,0,class,0.45082033873025207,0.08574336691097284,G.RF2.CSE025,1,0,1995,0.0,9,1,0
12,0,HK,0,class,0.3523128149895762,0.09070366379224694,G.RF2.CSE025,41,0,1995,0.14634146341463414,9,41,0
1,0,HK,0,class,0.7763882511261266,0.0887520178442708,G.RF2.CSE025,113,0,1995,0.0,9,113,0
8,0,HK,0,class,0.5956056074805783,0.0873697103827727,G.RF2.CSE025,153,0,1995,0.0196078431372549,9,153,0
22,0,HK,0,class,0.28722297903677696,0.08776956300031366,G.RF2.CSE025,21,0,1995,0.2857142857142857,9,21,0
19,0,HK,0,class,0.05757234495127776,0.08560467612905465,G.RF2.CSE025,2,0,1995,0.5,9,0,0
17,0,HK,0,class,0.12388506138317187,0.08984241182922063,G.RF2.CSE025,5,0,1995,0.6,9,5,0
18,0,HK,0,class,0.1326398038030635,0.08939411789623052,G.RF2.CSE025,33,0,1995,0.45454545454545453,9,32,0
6,0,HK,0,class,0.19765653006621586,0.07880229656517573,G.RF2.CSE025,1,0,1995,0.0,9,0,0
20,0,HK,0,class,0.11993871032246527,0.08719489582162884,G.RF2.CSE025,66,0,1995,0.42424242424242425,9,66,0
0,0,HK,0,class,0.054431981576324395,0.09150828750881865,G.RF2.CSE025,7,0,1995,0.7142857142857143,9,7,0
3,0,HK,0,class,0.7167004492570815,0.0842920324441112,G.RF2.CSE025,157,0,1995,0.006369426751592357,9,157,0
11,1,HK,0,class,0.16670337614262695,0.0912545949319594,G.RF2.CSE025,61,0,1995,0.36065573770491804,9,60,0
all,0,HK,0,old,0.5718112302795061,0.08815876635031973,G.RF2.CSE025,958,0,1995,0.081419624217119,9,954,0
all,1,HK,0,current,0.5628021856791837,0.08624027240630726,G.RF2.CSE025,218,0,1995,0.10550458715596331,9,217,0
all,0,HK,0,tail,0.1235215182164372,0.09085248445023648,G.RF2.CSE025,24,0,1995,0.5833333333333334,9,21,0
9,0,HK,0,class,0.6613028065169916,0.44143736207658063,B.RF2.CSE1,164,0,1995,0.10975609756097561,9,164,0
13,1,HK,1,class,0.5999721211268932,0.43594346590543614,B.RF2.CSE1,160,0,1995,0.2,9,159,0
16,0,HK,0,class,0.0713235021995279,0.4492054851354899,B.RF2.CSE1,8,0,1995,1.0,9,8,0
14,0,HK,1,class,0.5079181136117696,0.44927979153753306,B.RF2.CSE1,60,0,1995,0.5,9,60,0
15,0,HK,0,class,0.7462272952684761,0.47227924160015367,B.RF2.CSE1,123,0,1995,0.08943089430894309,9,123,0
5,0,HK,0,class,0.4146923146029439,0.46305990000792185,B.RF2.CSE1,1,0,1995,1.0,9,1,0
12,0,HK,0,class,0.3467537766909647,0.43288523803922263,B.RF2.CSE1,41,0,1995,0.6585365853658537,9,41,0
1,0,HK,0,class,0.7469661118515747,0.40750976881457734,B.RF2.CSE1,113,0,1995,0.008849557522123894,9,113,0
8,0,HK,0,class,0.6173182304025906,0.4319617963989671,B.RF2.CSE1,153,0,1995,0.20915032679738563,9,153,0
22,0,HK,0,class,0.2672555423075178,0.4272320027862624,B.RF2.CSE1,21,0,1995,0.7142857142857143,9,21,0
19,0,HK,0,class,0.10328594213206456,0.42748882711888503,B.RF2.CSE1,2,0,1995,1.0,9,0,0
17,1,HK,1,class,0.09889380353515412,0.4326223208576522,B.RF2.CSE1,5,0,1995,1.0,9,4,0
18,0,HK,1,class,0.1319552339561878,0.43172619406533014,B.RF2.CSE1,33,0,1995,0.9696969696969697,9,31,1
6,0,HK,0,class,0.14872948336660224,0.422975293305919,B.RF2.CSE1,1,0,1995,1.0,9,0,0
20,1,HK,0,class,0.13748045488019686,0.4238610508642065,B.RF2.CSE1,66,0,1995,0.9848484848484849,9,64,0
0,0,HK,1,class,0.11201550656942048,0.44028544486896937,B.RF2.CSE1,7,0,1995,1.0,9,7,0
3,0,HK,0,class,0.7476554001276323,0.44325481177217024,B.RF2.CSE1,157,0,1995,0.12101910828025478,9,157,0
11,1,HK,1,class,0.16864560302775314,0.42489582662833286,B.RF2.CSE1,61,0,1995,0.9344262295081968,9,61,2
all,3,HK,5,old,0.5651813850872327,0.4372174341189028,B.RF2.CSE1,958,0,1995,0.29958246346555323,9,949,1
all,1,HK,1,current,0.5856388972694093,0.4381176645530231,B.RF2.CSE1,218,0,1995,0.3486238532110092,9,218,2
all,1,HK,2,tail,0.10913163597881718,0.44082360195860737,B.RF2.CSE1,24,0,1995,1.0,9,20,0
9,0,HK,0,class,0.6613028065169916,0.11035934051914516,B.RF2.CSE025,164,0,1995,0.006097560975609756,9,164,0
13,0,HK,0,class,0.5999721211268932,0.10898586647635904,B.RF2.CSE025,160,0,1995,0.03125,9,159,0
16,0,HK,0,class,0.0713235021995279,0.11230137128387246,B.RF2.CSE025,8,0,1995,0.75,9,8,0
14,0,HK,1,class,0.5079181136117696,0.11231994788438328,B.RF2.CSE025,60,0,1995,0.03333333333333333,9,60,0
15,0,HK,0,class,0.7462272952684761,0.11806981040003842,B.RF2.CSE025,123,0,1995,0.0,9,123,0
5,0,HK,0,class,0.4146923146029439,0.11576497500198046,B.RF2.CSE025,1,0,1995,0.0,9,1,0
12,0,HK,0,class,0.3467537766909647,0.10822130950980569,B.RF2.CSE025,41,0,1995,0.0975609756097561,9,41,0
1,0,HK,0,class,0.7469661118515747,0.10187744220364435,B.RF2.CSE025,113,0,1995,0.0,9,113,0
8,0,HK,0,class,0.6173182304025906,0.10799044909974177,B.RF2.CSE025,153,0,1995,0.026143790849673203,9,153,0
22,0,HK,0,class,0.2672555423075178,0.1068080006965656,B.RF2.CSE025,21,0,1995,0.42857142857142855,9,21,0
19,0,HK,0,class,0.10328594213206456,0.10687220677972128,B.RF2.CSE025,2,0,1995,0.5,9,0,0
17,1,HK,0,class,0.09889380353515412,0.10815558021441303,B.RF2.CSE025,5,0,1995,0.8,9,4,0
18,0,HK,0,class,0.1319552339561878,0.10793154851633252,B.RF2.CSE025,33,0,1995,0.5454545454545454,9,31,1
6,0,HK,0,class,0.14872948336660224,0.10574382332647976,B.RF2.CSE025,1,0,1995,0.0,9,0,0
20,0,HK,0,class,0.13748045488019686,0.10596526271605163,B.RF2.CSE025,66,0,1995,0.48484848484848486,9,64,0
0,0,HK,0,class,0.11201550656942048,0.11007136121724233,B.RF2.CSE025,7,0,1995,0.7142857142857143,9,7,0
3,0,HK,0,class,0.7476554001276323,0.11081370294304259,B.RF2.CSE025,157,0,1995,0.01910828025477707,9,157,0
11,0,HK,0,class,0.16864560302775314,0.10622395665708322,B.RF2.CSE025,61,0,1995,0.4098360655737705,9,61,0
all,1,HK,1,old,0.5651813850872327,0.1093043585297257,B.RF2.CSE025,958,0,1995,0.09498956158663883,9,949,1
all,0,HK,0,current,0.5856388972694093,0.10952941613825577,B.RF2.CSE025,218,0,1995,0.12844036697247707,9,218,0
all,1,HK,0,tail,0.10913163597881718,0.11020590048965184,B.RF2.CSE025,24,0,1995,0.6666666666666666,9,20,0
9,0,HK,0,class,0.6781762977027095,0.3498127028698143,G.RF1.CSEperm1,164,0,1995,0.07317073170731707,9,164,0
13,0,HK,0,class,0.6194132771679334,0.3588261323276785,G.RF1.CSEperm1,160,0,1995,0.14375,9,159,0
16,0,HK,0,class,0.15535960921061176,0.3745619277564691,G.RF1.CSEperm1,8,0,1995,1.0,9,8,0
14,0,HK,0,class,0.5055477210176681,0.3431359510112964,G.RF1.CSEperm1,60,0,1995,0.23333333333333334,9,60,0
15,0,HK,0,class,0.7499398282372006,0.3573151776910119,G.RF1.CSEperm1,123,0,1995,0.04065040650406504,9,123,0
5,0,HK,0,class,0.48211572850427664,0.3255782359118265,G.RF1.CSEperm1,1,0,1995,0.0,9,1,0
12,0,HK,0,class,0.3683858234153233,0.3650271299303834,G.RF1.CSEperm1,41,0,1995,0.4878048780487805,9,41,0
1,0,HK,0,class,0.7811921843447045,0.35578412055084274,G.RF1.CSEperm1,113,0,1995,0.0,9,113,0
8,0,HK,0,class,0.5919335071217269,0.3494826963765105,G.RF1.CSEperm1,153,0,1995,0.1568627450980392,9,153,0
22,0,HK,2,class,0.28586661913657,0.35389002290792737,G.RF1.CSEperm1,21,0,1995,0.7142857142857143,9,21,0
19,0,HK,0,class,0.06939266061258352,0.3484216369673513,G.RF1.CSEperm1,2,0,1995,1.0,9,1,0
17,0,HK,0,class,0.1439660369474924,0.3597545115053679,G.RF1.CSEperm1,5,0,1995,0.8,9,4,0
18,0,HK,0,class,0.11555771882196597,0.35921916565072554,G.RF1.CSEperm1,33,0,1995,0.9393939393939394,9,30,1
6,0,HK,0,class,0.2633258951986413,0.3168372749030713,G.RF1.CSEperm1,1,0,1995,1.0,9,0,0
20,1,HK,0,class,0.13732330526373263,0.35163542788403124,G.RF1.CSEperm1,66,0,1995,0.9848484848484849,9,63,0
0,0,HK,0,class,0.06944551125757586,0.3682937429206831,G.RF1.CSEperm1,7,0,1995,1.0,9,7,0
3,0,HK,0,class,0.709880302846531,0.33704219615707676,G.RF1.CSEperm1,157,0,1995,0.07643312101910828,9,157,0
11,2,HK,0,class,0.18073878678866157,0.36421071616289613,G.RF1.CSEperm1,61,0,1995,0.8688524590163934,9,61,0
all,1,HK,2,old,0.5731313736299647,0.354035911281218,G.RF1.CSEperm1,958,0,1995,0.24112734864300625,9,948,1
all,2,HK,0,current,0.5618177685367602,0.34464439670916386,G.RF1.CSEperm1,218,0,1995,0.2981651376146789,9,218,0
all,0,HK,0,tail,0.13887719092306136,0.3630242901988739,G.RF1.CSEperm1,24,0,1995,0.9166666666666666,9,21,0
9,0,HK,0,class,0.6592650937713262,0.42545915753851093,B.RF1.CSEperm1,164,0,1995,0.0975609756097561,9,164,0
13,0,HK,1,class,0.6014934220467822,0.4104604546781657,B.RF1.CSEperm1,160,0,1995,0.2125,9,159,0
16,0,HK,2,class,0.05552511741687152,0.42745666074957217,B.RF1.CSEperm1,8,0,1995,1.0,9,8,0
14,0,HK,0,class,0.4986564988967208,0.4254992965376534,B.RF1.CSEperm1,60,0,1995,0.38333333333333336,9,60,0
15,0,HK,0,class,0.7463010071581295,0.4519640084796283,B.RF1.CSEperm1,123,0,1995,0.08130081300813008,9,123,0
5,0,HK,0,class,0.3766243443424996,0.46305990000792185,B.RF1.CSEperm1,1,0,1995,1.0,9,1,0
12,0,HK,0,class,0.34293652649001444,0.42896164619712834,B.RF1.CSEperm1,41,0,1995,0.6829268292682927,9,40,0
1,0,HK,0,class,0.744735395800986,0.39751499366518356,B.RF1.CSEperm1,113,0,1995,0.008849557522123894,9,113,0
8,2,HK,0,class,0.6152669607653056,0.4196087934306093,B.RF1.CSEperm1,153,0,1995,0.20261437908496732,9,153,0
22,0,HK,0,class,0.28341272159744363,0.42707577329113666,B.RF1.CSEperm1,21,0,1995,0.6666666666666666,9,21,0
19,0,HK,0,class,0.07449656175736309,0.4274718738585193,B.RF1.CSEperm1,2,0,1995,1.0,9,0,0
17,0,HK,1,class,0.12994853839242346,0.42470329258434497,B.RF1.CSEperm1,5,0,1995,1.0,9,5,0
18,1,HK,0,class,0.13277147019066157,0.4256772222243967,B.RF1.CSEperm1,33,0,1995,0.9696969696969697,9,28,0
6,0,HK,0,class,0.28247519799583054,0.42010565137936434,B.RF1.CSEperm1,1,0,1995,1.0,9,0,0
20,0,HK,3,class,0.13077706545874465,0.4225825222079514,B.RF1.CSEperm1,66,0,1995,1.0,9,66,1
0,1,HK,1,class,0.08694548189705861,0.42225009892910687,B.RF1.CSEperm1,7,0,1995,1.0,9,7,0
3,0,HK,0,class,0.7434647632784754,0.40437148904066217,B.RF1.CSEperm1,157,0,1995,0.12101910828025478,9,157,0
11,0,HK,3,class,0.18003708377922464,0.42386615965257673,B.RF1.CSEperm1,61,0,1995,0.9672131147540983,9,61,2
all,4,HK,8,old,0.563569149989013,0.42215103170352525,B.RF1.CSEperm1,958,0,1995,0.29123173277661796,9,948,1
all,0,HK,3,current,0.5858083942442813,0.4098264198082163,B.RF1.CSEperm1,218,0,1995,0.3577981651376147,9,218,2
all,1,HK,4,tail,0.10461061126789817,0.42654290585526566,B.RF1.CSEperm1,24,0,1995,1.0,9,21,0
9,0,HK,0,class,0.6604674069470398,0.3485338579953231,G.LIN.CSE1,164,0,1995,0.08536585365853659,10,164,0
13,0,HK,0,class,0.6132803239437109,0.35407507676660943,G.LIN.CSE1,160,0,1995,0.14375,10,159,1
16,0,HK,0,class,0.1841996028604069,0.37746726968179206,G.LIN.CSE1,8,0,1995,0.875,10,8,0
14,0,HK,0,class,0.48111807612871177,0.34489285514071216,G.LIN.CSE1,60,0,1995,0.31666666666666665,10,60,0
15,0,HK,0,class,0.7319493673284105,0.35518332294815214,G.LIN.CSE1,123,0,1995,0.04878048780487805,10,123,0
5,0,HK,0,class,0.41958997972393375,0.3429734676438916,G.LIN.CSE1,1,0,1995,0.0,10,1,0
12,0,HK,0,class,0.3213859765031336,0.36271812497843126,G.LIN.CSE1,41,0,1995,0.5609756097560976,10,41,1
1,0,HK,0,class,0.6321767205547904,0.35380989572713295,G.LIN.CSE1,113,0,1995,0.11504424778761062,10,113,0
8,0,HK,0,class,0.5606580164309891,0.34930269727026153,G.LIN.CSE1,153,0,1995,0.1568627450980392,10,153,0
22,0,HK,0,class,0.24644449923534123,0.35054928031600496,G.LIN.CSE1,21,0,1995,0.7142857142857143,10,19,0
19,0,HK,0,class,0.059640083789263776,0.34241870451621864,G.LIN.CSE1,2,0,1995,1.0,10,0,0
17,1,HK,0,class,0.13517774106658967,0.3593696473168826,G.LIN.CSE1,5,0,1995,1.0,10,4,0
18,1,HK,0,class,0.12909226969304863,0.35741706041778476,G.LIN.CSE1,33,0,1995,0.9393939393939394,10,29,0
6,0,HK,0,class,0.24242471117390085,0.31520918626070293,G.LIN.CSE1,1,0,1995,1.0,10,0,0
20,0,HK,4,class,0.10815005292569338,0.3477124749483466,G.LIN.CSE1,66,0,1995,1.0,10,62,1
0,0,HK,0,class,0.0745631685119555,0.3660331500352746,G.LIN.CSE1,7,0,1995,1.0,10,7,1
3,0,HK,1,class,0.6995294998852747,0.335839642099873,G.LIN.CSE1,157,0,1995,0.08917197452229299,10,157,0
11,2,HK,0,class,0.15904705006276926,0.365350682240965,G.LIN.CSE1,61,0,1995,0.9344262295081968,10,61,0
2,0,HK,0,class,0.6778663708709,0.3505782678834627,G.LIN.CSE1,182,0,1995,0.07692307692307693,10,182,0
21,0,HK,0,class,0.13594223692049295,0.35087643033122495,G.LIN.CSE1,4,0,1995,1.0,10,3,0
all,4,HK,5,old,0.5402090487004154,0.3506193318105469,G.LIN.CSE1,1176,0,1995,0.2780612244897959,10,1161,4
all,0,HK,0,current,0.6662120884203536,0.3505846799791134,G.LIN.CSE1,186,0,1995,0.0967741935483871,10,185,0
all,1,HK,0,tail,0.14273183978422233,0.36161943673384295,G.LIN.CSE1,28,0,1995,0.9285714285714286,10,23,1
9,0,HK,0,class,0.6604674069470398,0.08713346449883078,G.LIN.CSE025,164,0,1995,0.0,10,164,0
13,0,HK,0,class,0.6132803239437109,0.08851876919165236,G.LIN.CSE025,160,0,1995,0.025,10,159,0
16,0,HK,0,class,0.1841996028604069,0.09436681742044802,G.LIN.CSE025,8,0,1995,0.25,10,8,0
14,0,HK,0,class,0.48111807612871177,0.08622321378517804,G.LIN.CSE025,60,0,1995,0.016666666666666666,10,60,0
15,0,HK,0,class,0.7319493673284105,0.08879583073703803,G.LIN.CSE025,123,0,1995,0.0,10,123,0
5,0,HK,0,class,0.41958997972393375,0.08574336691097295,G.LIN.CSE025,1,0,1995,0.0,10,1,0
12,0,HK,0,class,0.3213859765031336,0.09067953124460781,G.LIN.CSE025,41,0,1995,0.1951219512195122,10,41,0
1,0,HK,0,class,0.6321767205547904,0.08845247393178324,G.LIN.CSE025,113,0,1995,0.008849557522123894,10,113,0
8,0,HK,0,class,0.5606580164309891,0.08732567431756538,G.LIN.CSE025,153,0,1995,0.013071895424836602,10,153,0
22,0,HK,0,class,0.24644449923534123,0.08763732007900121,G.LIN.CSE025,21,0,1995,0.2857142857142857,10,19,0
19,0,HK,0,class,0.059640083789263776,0.08560467612905467,G.LIN.CSE025,2,0,1995,1.0,10,0,0
17,0,HK,0,class,0.13517774106658967,0.08984241182922065,G.LIN.CSE025,5,0,1995,0.6,10,4,0
18,0,HK,0,class,0.12909226969304863,0.08935426510444616,G.LIN.CSE025,33,0,1995,0.45454545454545453,10,29,0
6,0,HK,0,class,0.24242471117390085,0.07880229656517573,G.LIN.CSE025,1,0,1995,0.0,10,0,0
20,0,HK,1,class,0.10815005292569338,0.08692811873708665,G.LIN.CSE025,66,0,1995,0.5,10,62,0
0,0,HK,0,class,0.0745631685119555,0.09150828750881863,G.LIN.CSE025,7,0,1995,0.5714285714285714,10,7,0
3,0,HK,0,class,0.6995294998852747,0.08395991052496825,G.LIN.CSE025,157,0,1995,0.006369426751592357,10,157,0
11,0,HK,0,class,0.15904705006276926,0.09133767056024125,G.LIN.CSE025,61,0,1995,0.39344262295081966,10,61,0
2,0,HK,0,class,0.6778663708709,0.08764456697086567,G.LIN.CSE025,182,0,1995,0.005494505494505495,10,182,0
21,0,HK,0,class,0.13594223692049295,0.08771910758280624,G.LIN.CSE025,4,0,1995,0.25,10,3,0
all,0,HK,1,old,0.5402090487004154,0.08765483295263672,G.LIN.CSE025,1176,0,1995,0.09013605442176871,10,1161,0
all,0,HK,0,current,0.6662120884203536,0.08764616999477835,G.LIN.CSE025,186,0,1995,0.010752688172043012,10,185,0
all,0,HK,0,tail,0.14273183978422233,0.09040485918346074,G.LIN.CSE025,28,0,1995,0.42857142857142855,10,23,0
9,0,HK,0,class,0.6696330321787789,0.3492818658297777,G.RF1.CSE1,164,0,1995,0.07317073170731707,10,164,0
13,0,HK,0,class,0.6076400506972386,0.35389106495416944,G.RF1.CSE1,160,0,1995,0.14375,10,159,2
16,0,HK,0,class,0.15217587808013777,0.3774672696817921,G.RF1.CSE1,8,0,1995,1.0,10,8,0
14,0,HK,0,class,0.48697598903955946,0.3450149051375645,G.RF1.CSE1,60,0,1995,0.2833333333333333,10,60,0
15,0,HK,0,class,0.743390289435651,0.3556750146112268,G.RF1.CSE1,123,0,1995,0.04065040650406504,10,123,0
5,0,HK,0,class,0.4860184870360362,0.3429734676438916,G.RF1.CSE1,1,0,1995,0.0,10,1,0
12,0,HK,2,class,0.3596829282042667,0.3627008000085763,G.RF1.CSE1,41,0,1995,0.4878048780487805,10,41,0
1,0,HK,0,class,0.6331208912668874,0.3532495638286488,G.RF1.CSE1,113,0,1995,0.10619469026548672,10,113,0
8,0,HK,0,class,0.575736601152512,0.349205440951307,G.RF1.CSE1,153,0,1995,0.16339869281045752,10,153,0
22,0,HK,0,class,0.24903800598921993,0.3492793561923221,G.RF1.CSE1,21,0,1995,0.7142857142857143,10,20,0
19,0,HK,0,class,0.03430851083491872,0.34241870451621864,G.RF1.CSE1,2,0,1995,1.0,10,0,0
17,0,HK,0,class,0.14429656779739564,0.3593696473168826,G.RF1.CSE1,5,0,1995,0.8,10,4,0
18,1,HK,0,class,0.0983749343277312,0.3562831263511252,G.RF1.CSE1,33,0,1995,0.9696969696969697,10,30,0
6,0,HK,0,class,0.2345591314469832,0.31520918626070293,G.RF1.CSE1,1,0,1995,1.0,10,0,0
20,0,HK,0,class,0.12499432956110557,0.3477934141767835,G.RF1.CSE1,66,0,1995,0.9696969696969697,10,62,0
0,0,HK,0,class,0.0659344915157015,0.3660331500352746,G.RF1.CSE1,7,0,1995,1.0,10,7,1
3,0,HK,0,class,0.7014089254206768,0.3354163384549193,G.RF1.CSE1,157,0,1995,0.08280254777070063,10,157,0
11,4,HK,0,class,0.17282508202254765,0.365337527737838,G.RF1.CSE1,61,0,1995,0.9016393442622951,10,61,0
2,0,HK,0,class,0.6891738821226631,0.34953779010849634,G.RF1.CSE1,182,0,1995,0.06593406593406594,10,182,0
21,0,HK,0,class,0.1717671628049277,0.3520105848420789,G.RF1.CSE1,4,0,1995,1.0,10,4,0
all,5,HK,2,old,0.5464745791038592,0.35058201640703324,G.RF1.CSE1,1176,0,1995,0.26785714285714285,10,1163,3
all,0,HK,0,current,0.6780468559007763,0.34959096848986365,G.RF1.CSE1,186,0,1995,0.08602150537634409,10,186,0
all,0,HK,0,tail,0.1384533784146628,0.3617814588068221,G.RF1.CSE1,28,0,1995,0.9285714285714286,10,24,1
9,0,HK,0,class,0.6696330321787789,0.08732046645744443,G.RF1.CSE025,164,0,1995,0.006097560975609756,10,164,0
13,0,HK,0,class,0.6076400506972386,0.08847276623854236,G.RF1.CSE025,160,0,1995,0.01875,10,159,1
16,0,HK,0,class,0.15217587808013777,0.09436681742044803,G.RF1.CSE025,8,0,1995,0.375,10,8,0
14,0,HK,0,class,0.48697598903955946,0.08625372628439112,G.RF1.CSE025,60,0,1995,0.016666666666666666,10,60,0
15,0,HK,0,class,0.743390289435651,0.0889187536528067,G.RF1.CSE025,123,0,1995,0.0,10,123,0
5,0,HK,0,class,0.4860184870360362,0.08574336691097295,G.RF1.CSE025,1,0,1995,0.0,10,1,0
12,0,HK,0,class,0.3596829282042667,0.09067520000214407,G.RF1.CSE025,41,0,1995,0.14634146341463414,10,41,0
1,0,HK,0,class,0.6331208912668874,0.08831239095716219,G.RF1.CSE025,113,0,1995,0.008849557522123894,10,113,0
8,0,HK,0,class,0.575736601152512,0.08730136023782675,G.RF1.CSE025,153,0,1995,0.026143790849673203,10,153,0
22,0,HK,0,class,0.24903800598921993,0.08731983904808052,G.RF1.CSE025,21,0,1995,0.3333333333333333,10,20,0
19,0,HK,0,class,0.03430851083491872,0.08560467612905466,G.RF1.CSE025,2,0,1995,1.0,10,0,0
17,0,HK,0,class,0.14429656779739564,0.08984241182922066,G.RF1.CSE025,5,0,1995,0.6,10,4,0
18,0,HK,0,class,0.0983749343277312,0.0890707815877813,G.RF1.CSE025,33,0,1995,0.6060606060606061,10,30,0
6,0,HK,0,class,0.2345591314469832,0.07880229656517573,G.RF1.CSE025,1,0,1995,0.0,10,0,0
20,0,HK,0,class,0.12499432956110557,0.08694835354419587,G.RF1.CSE025,66,0,1995,0.4090909090909091,10,62,0
0,0,HK,0,class,0.0659344915157015,0.09150828750881865,G.RF1.CSE025,7,0,1995,0.8571428571428571,10,7,0
3,0,HK,0,class,0.7014089254206768,0.08385408461372983,G.RF1.CSE025,157,0,1995,0.006369426751592357,10,157,0
11,0,HK,0,class,0.17282508202254765,0.0913343819344595,G.RF1.CSE025,61,0,1995,0.29508196721311475,10,61,0
2,0,HK,0,class,0.6891738821226631,0.08738444752712408,G.RF1.CSE025,182,0,1995,0.005494505494505495,10,182,0
21,0,HK,0,class,0.1717671628049277,0.08800264621051973,G.RF1.CSE025,4,0,1995,0.25,10,4,0
all,0,HK,0,old,0.5464745791038592,0.08764550410175831,G.RF1.CSE025,1176,0,1995,0.08758503401360544,10,1163,1
all,0,HK,0,current,0.6780468559007763,0.08739774212246591,G.RF1.CSE025,186,0,1995,0.010752688172043012,10,186,0
all,0,HK,0,tail,0.1384533784146628,0.09044536470170553,G.RF1.CSE025,28,0,1995,0.5357142857142857,10,24,0
9,0,HK,0,class,0.6304035821990804,0.44180778760239064,B.LIN.CSE1,164,0,1995,0.14634146341463414,10,164,0
13,1,HK,0,class,0.5767448719787125,0.43551526705014776,B.LIN.CSE1,160,0,1995,0.2625,10,159,0
16,1,HK,0,class,0.08183713343503313,0.4492054851354899,B.LIN.CSE1,8,0,1995,1.0,10,8,0
14,0,HK,0,class,0.44794001372269737,0.44853487292602506,B.LIN.CSE1,60,0,1995,0.5666666666666667,10,60,0
15,0,HK,0,class,0.7160407484014109,0.4722792416001537,B.LIN.CSE1,123,0,1995,0.12195121951219512,10,123,0
5,0,HK,0,class,0.30646813702410014,0.4630599000079219,B.LIN.CSE1,1,0,1995,1.0,10,1,0
12,0,HK,0,class,0.29794918042410945,0.4322054094425384,B.LIN.CSE1,41,0,1995,0.7560975609756098,10,40,0
1,0,HK,0,class,0.6077567998827195,0.4030897470600862,B.LIN.CSE1,113,0,1995,0.18584070796460178,10,113,0
8,0,HK,0,class,0.5546504171383583,0.43189948633998904,B.LIN.CSE1,153,0,1995,0.24183006535947713,10,153,0
22,0,HK,0,class,0.23285305375087256,0.4243605578407923,B.LIN.CSE1,21,0,1995,0.7142857142857143,10,20,0
19,0,HK,0,class,0.03658945905822544,0.4274888271188851,B.LIN.CSE1,2,0,1995,1.0,10,0,1
17,0,HK,0,class,0.11273083567452895,0.4274912533356633,B.LIN.CSE1,5,0,1995,1.0,10,5,0
18,0,HK,1,class,0.12280057733279066,0.42819673501800803,B.LIN.CSE1,33,0,1995,0.9696969696969697,10,28,1
6,0,HK,0,class,0.1495393621723587,0.4152285676593448,B.LIN.CSE1,1,0,1995,1.0,10,0,0
20,0,HK,1,class,0.0994434039232794,0.4210850607784225,B.LIN.CSE1,66,0,1995,1.0,10,61,1
0,0,HK,0,class,0.10468752678949114,0.4398472147936189,B.LIN.CSE1,7,0,1995,1.0,10,7,0
3,0,HK,1,class,0.7180996520590277,0.4430195209477004,B.LIN.CSE1,157,0,1995,0.1337579617834395,10,157,0
11,1,HK,0,class,0.15071230494917004,0.4209325028046188,B.LIN.CSE1,61,0,1995,0.9836065573770492,10,61,0
2,0,HK,0,class,0.6474757935795398,0.4170254269571771,B.LIN.CSE1,182,0,1995,0.07692307692307693,10,182,0
21,0,HK,0,class,0.18790602709223916,0.4447321104149464,B.LIN.CSE1,4,0,1995,1.0,10,3,0
all,3,HK,3,old,0.524055929120603,0.436309069572167,B.LIN.CSE1,1176,0,1995,0.358843537414966,10,1160,3
all,0,HK,0,current,0.6375925727948667,0.41762126961218293,B.LIN.CSE1,186,0,1995,0.0967741935483871,10,185,0
all,1,HK,0,tail,0.11542765925218623,0.4400794719600854,B.LIN.CSE1,28,0,1995,1.0,10,24,1
9,0,HK,0,class,0.6304035821990804,0.11045194690059766,B.LIN.CSE025,164,0,1995,0.0,10,164,0
13,0,HK,0,class,0.5767448719787125,0.10887881676253694,B.LIN.CSE025,160,0,1995,0.0375,10,159,0
16,1,HK,0,class,0.08183713343503313,0.11230137128387248,B.LIN.CSE025,8,0,1995,0.75,10,8,0
14,0,HK,0,class,0.44794001372269737,0.11213371823150627,B.LIN.CSE025,60,0,1995,0.03333333333333333,10,60,0
15,0,HK,0,class,0.7160407484014109,0.11806981040003842,B.LIN.CSE025,123,0,1995,0.0,10,123,0
5,0,HK,0,class,0.30646813702410014,0.11576497500198052,B.LIN.CSE025,1,0,1995,0.0,10,1,0
12,0,HK,0,class,0.29794918042410945,0.10805135236063457,B.LIN.CSE025,41,0,1995,0.17073170731707318,10,40,0
1,0,HK,0,class,0.6077567998827195,0.10077243676502157,B.LIN.CSE025,113,0,1995,0.017699115044247787,10,113,0
8,0,HK,0,class,0.5546504171383583,0.10797487158499726,B.LIN.CSE025,153,0,1995,0.0196078431372549,10,153,0
22,0,HK,0,class,0.23285305375087256,0.10609013946019807,B.LIN.CSE025,21,0,1995,0.42857142857142855,10,20,0
19,0,HK,0,class,0.03658945905822544,0.10687220677972126,B.LIN.CSE025,2,0,1995,1.0,10,0,0
17,0,HK,0,class,0.11273083567452895,0.10687281333391582,B.LIN.CSE025,5,0,1995,0.8,10,5,0
18,0,HK,0,class,0.12280057733279066,0.10704918375450201,B.LIN.CSE025,33,0,1995,0.6363636363636364,10,28,0
6,0,HK,0,class,0.1495393621723587,0.10380714191483623,B.LIN.CSE025,1,0,1995,0.0,10,0,0
20,0,HK,0,class,0.0994434039232794,0.10527126519460563,B.LIN.CSE025,66,0,1995,0.5757575757575758,10,61,0
0,0,HK,0,class,0.10468752678949114,0.10996180369840473,B.LIN.CSE025,7,0,1995,0.5714285714285714,10,7,0
3,0,HK,0,class,0.7180996520590277,0.11075488023692508,B.LIN.CSE025,157,0,1995,0.025477707006369428,10,157,0
11,1,HK,0,class,0.15071230494917004,0.1052331257011547,B.LIN.CSE025,61,0,1995,0.47540983606557374,10,61,0
2,0,HK,0,class,0.6474757935795398,0.10425635673929429,B.LIN.CSE025,182,0,1995,0.01098901098901099,10,182,0
21,0,HK,0,class,0.18790602709223916,0.1111830276037366,B.LIN.CSE025,4,0,1995,0.25,10,3,0
all,2,HK,0,old,0.524055929120603,0.10907726739304174,B.LIN.CSE025,1176,0,1995,0.11649659863945579,10,1160,0
all,0,HK,0,current,0.6375925727948667,0.10440531740304573,B.LIN.CSE025,186,0,1995,0.016129032258064516,10,185,0
all,1,HK,0,tail,0.11542765925218623,0.11001986799002135,B.LIN.CSE025,28,0,1995,0.6071428571428571,10,24,0
9,0,HK,0,class,0.6490767919431517,0.44179245023524216,B.RF1.CSE1,164,0,1995,0.10975609756097561,10,164,0
13,1,HK,0,class,0.587747098689021,0.4363280817955273,B.RF1.CSE1,160,0,1995,0.23125,10,159,0
16,0,HK,0,class,0.05372819225993083,0.44920548513548997,B.RF1.CSE1,8,0,1995,1.0,10,8,0
14,0,HK,1,class,0.4815803162037208,0.4475914356168207,B.RF1.CSE1,60,0,1995,0.48333333333333334,10,60,0
15,0,HK,0,class,0.7405890482036561,0.47227924160015367,B.RF1.CSE1,123,0,1995,0.10569105691056911,10,123,0
5,0,HK,0,class,0.3450050731027344,0.46305990000792197,B.RF1.CSE1,1,0,1995,1.0,10,1,0
12,0,HK,0,class,0.3340827578607376,0.43322369408717754,B.RF1.CSE1,41,0,1995,0.7073170731707317,10,40,0
1,0,HK,0,class,0.6261387873075676,0.4053640562377088,B.RF1.CSE1,113,0,1995,0.13274336283185842,10,113,0
8,0,HK,0,class,0.5983360440016648,0.43239986422095755,B.RF1.CSE1,153,0,1995,0.2222222222222222,10,153,0
22,0,HK,0,class,0.24738242623877793,0.4256420772852995,B.RF1.CSE1,21,0,1995,0.7142857142857143,10,20,0
19,0,HK,0,class,0.024829418969546907,0.42748882711888503,B.RF1.CSE1,2,0,1995,1.0,10,0,0
17,0,HK,0,class,0.12847954595552197,0.4274912533356633,B.RF1.CSE1,5,0,1995,1.0,10,5,0
18,0,HK,1,class,0.11082665523791808,0.4307552919429513,B.RF1.CSE1,33,0,1995,0.9696969696969697,10,28,1
6,0,HK,0,class,0.18047240442844073,0.4152285676593448,B.RF1.CSE1,1,0,1995,1.0,10,0,0
20,0,HK,1,class,0.1053776123196956,0.42149557692847106,B.RF1.CSE1,66,0,1995,1.0,10,65,0
0,0,HK,0,class,0.08972437920918473,0.4402854448689693,B.RF1.CSE1,7,0,1995,1.0,10,7,0
3,0,HK,1,class,0.7385170235342553,0.44325528688608345,B.RF1.CSE1,157,0,1995,0.12101910828025478,10,157,0
11,0,HK,0,class,0.16936795612040229,0.42306894332597567,B.RF1.CSE1,61,0,1995,0.9672131147540983,10,61,0
2,0,HK,0,class,0.6663532305176091,0.4193481032444006,B.RF1.CSE1,182,0,1995,0.08791208791208792,10,182,0
21,0,HK,0,class,0.22292006917630514,0.4462783434090045,B.RF1.CSE1,4,0,1995,1.0,10,3,0
all,1,HK,4,old,0.5449261680131574,0.43695114210890434,B.RF1.CSE1,1176,0,1995,0.33163265306122447,10,1164,1
all,0,HK,0,current,0.6568170334995166,0.41992724819417704,B.RF1.CSE1,186,0,1995,0.10752688172043011,10,185,0
all,0,HK,0,tail,0.11311108980345852,0.4404099199066455,B.RF1.CSE1,28,0,1995,1.0,10,24,0
9,0,HK,0,class,0.6490767919431517,0.11044811255881054,B.RF1.CSE025,164,0,1995,0.006097560975609756,10,164,0
13,0,HK,0,class,0.587747098689021,0.10908202044888182,B.RF1.CSE025,160,0,1995,0.025,10,159,0
16,0,HK,0,class,0.05372819225993083,0.11230137128387249,B.RF1.CSE025,8,0,1995,0.875,10,8,0
14,0,HK,1,class,0.4815803162037208,0.11189785890420517,B.RF1.CSE025,60,0,1995,0.03333333333333333,10,60,0
15,0,HK,0,class,0.7405890482036561,0.11806981040003842,B.RF1.CSE025,123,0,1995,0.0,10,123,0
5,0,HK,0,class,0.3450050731027344,0.11576497500198046,B.RF1.CSE025,1,0,1995,0.0,10,1,0
12,0,HK,0,class,0.3340827578607376,0.10830592352179438,B.RF1.CSE025,41,0,1995,0.1951219512195122,10,40,0
1,0,HK,0,class,0.6261387873075676,0.1013410140594272,B.RF1.CSE025,113,0,1995,0.02654867256637168,10,113,0
8,0,HK,0,class,0.5983360440016648,0.10809996605523939,B.RF1.CSE025,153,0,1995,0.0457516339869281,10,153,0
22,0,HK,0,class,0.24738242623877793,0.10641051932132488,B.RF1.CSE025,21,0,1995,0.42857142857142855,10,20,0
19,0,HK,0,class,0.024829418969546907,0.10687220677972128,B.RF1.CSE025,2,0,1995,1.0,10,0,0
17,0,HK,0,class,0.12847954595552197,0.10687281333391582,B.RF1.CSE025,5,0,1995,0.6,10,5,0
18,0,HK,0,class,0.11082665523791808,0.10768882298573783,B.RF1.CSE025,33,0,1995,0.6060606060606061,10,28,1
6,0,HK,0,class,0.18047240442844073,0.1038071419148362,B.RF1.CSE025,1,0,1995,0.0,10,0,0
20,0,HK,1,class,0.1053776123196956,0.10537389423211775,B.RF1.CSE025,66,0,1995,0.5454545454545454,10,65,0
0,0,HK,0,class,0.08972437920918473,0.11007136121724233,B.RF1.CSE025,7,0,1995,0.8571428571428571,10,7,0
3,0,HK,0,class,0.7385170235342553,0.11081382172152085,B.RF1.CSE025,157,0,1995,0.01910828025477707,10,157,0
11,0,HK,0,class,0.16936795612040229,0.10576723583149389,B.RF1.CSE025,61,0,1995,0.39344262295081966,10,61,0
2,0,HK,0,class,0.6663532305176091,0.10483702581110015,B.RF1.CSE025,182,0,1995,0.01098901098901099,10,182,0
21,0,HK,0,class,0.22292006917630514,0.11156958585225116,B.RF1.CSE025,4,0,1995,0.25,10,3,0
all,0,HK,2,old,0.5449261680131574,0.10923778552722609,B.RF1.CSE025,1176,0,1995,0.11479591836734694,10,1164,1
all,0,HK,0,current,0.6568170334995166,0.10498181204854426,B.RF1.CSE025,186,0,1995,0.016129032258064516,10,185,0
all,0,HK,0,tail,0.11311108980345852,0.11010247997666138,B.RF1.CSE025,28,0,1995,0.6785714285714286,10,24,0
9,0,HK,0,class,0.6675604517360166,0.3486727364199586,G.RF2.CSE1,164,0,1995,0.09146341463414634,10,164,0
13,0,HK,0,class,0.6090093450434613,0.3543641107034711,G.RF2.CSE1,160,0,1995,0.15,10,159,1
16,0,HK,0,class,0.1465676225694641,0.3774672696817921,G.RF2.CSE1,8,0,1995,0.875,10,8,0
14,0,HK,0,class,0.48426825221759506,0.34476921884720557,G.RF2.CSE1,60,0,1995,0.3,10,60,0
15,0,HK,0,class,0.7488326199223515,0.35569193732578297,G.RF2.CSE1,123,0,1995,0.04065040650406504,10,123,0
5,0,HK,0,class,0.4477598682636044,0.3429734676438916,G.RF2.CSE1,1,0,1995,0.0,10,1,0
12,0,HK,1,class,0.34377734345390365,0.3625353827667537,G.RF2.CSE1,41,0,1995,0.5609756097560976,10,41,0
1,0,HK,0,class,0.6371658543692932,0.35376918336154267,G.RF2.CSE1,113,0,1995,0.10619469026548672,10,113,0
8,0,HK,0,class,0.5835067116659506,0.3489733795672896,G.RF2.CSE1,153,0,1995,0.1503267973856209,10,153,0
22,0,HK,1,class,0.24702203790725202,0.35049338949550024,G.RF2.CSE1,21,0,1995,0.7142857142857143,10,19,1
19,0,HK,0,class,0.015476534459441943,0.3424187045162186,G.RF2.CSE1,2,0,1995,1.0,10,0,1
17,0,HK,0,class,0.11119392907217085,0.3593696473168826,G.RF2.CSE1,5,0,1995,1.0,10,5,0
18,1,HK,1,class,0.11767927569624845,0.3557800526066301,G.RF2.CSE1,33,0,1995,0.9393939393939394,10,31,0
6,0,HK,0,class,0.19250174312536394,0.31520918626070293,G.RF2.CSE1,1,0,1995,1.0,10,0,0
20,0,HK,2,class,0.10283994698029097,0.3478100248030712,G.RF2.CSE1,66,0,1995,0.9696969696969697,10,64,0
0,0,HK,0,class,0.052218867371309784,0.3660331500352746,G.RF2.CSE1,7,0,1995,1.0,10,7,0
3,0,HK,0,class,0.709263670396777,0.3359391051103986,G.RF2.CSE1,157,0,1995,0.07643312101910828,10,157,0
11,2,HK,0,class,0.15754710653864612,0.3650183797278376,G.RF2.CSE1,61,0,1995,0.9344262295081968,10,60,0
2,0,HK,0,class,0.68287350053035,0.34976807520049874,G.RF2.CSE1,182,0,1995,0.07692307692307693,10,182,0
21,0,HK,0,class,0.19612325376225564,0.3508764303312249,G.RF2.CSE1,4,0,1995,1.0,10,3,0
all,3,HK,5,old,0.5468056111471928,0.35062636659846863,G.RF2.CSE1,1176,0,1995,0.2729591836734694,10,1165,3
all,0,HK,0,current,0.6724057532880253,0.3497919107947079,G.RF2.CSE1,186,0,1995,0.0967741935483871,10,185,0
all,0,HK,0,tail,0.12677679974545036,0.361619436733843,G.RF2.CSE1,28,0,1995,0.9285714285714286,10,24,1
9,0,HK,0,class,0.6675604517360166,0.08716818410498967,G.RF2.CSE025,164,0,1995,0.006097560975609756,10,164,0
13,0,HK,0,class,0.6090093450434613,0.08859102767586777,G.RF2.CSE025,160,0,1995,0.025,10,159,0
16,0,HK,0,class,0.1465676225694641,0.09436681742044803,G.RF2.CSE025,8,0,1995,0.625,10,8,0
14,0,HK,0,class,0.48426825221759506,0.08619230471180139,G.RF2.CSE025,60,0,1995,0.0,10,60,0
15,0,HK,0,class,0.7488326199223515,0.08892298433144574,G.RF2.CSE025,123,0,1995,0.0,10,123,0
5,0,HK,0,class,0.4477598682636044,0.08574336691097284,G.RF2.CSE025,1,0,1995,0.0,10,1,0
12,0,HK,1,class,0.34377734345390365,0.09063384569168842,G.RF2.CSE025,41,0,1995,0.17073170731707318,10,41,0
1,0,HK,0,class,0.6371658543692932,0.08844229584038567,G.RF2.CSE025,113,0,1995,0.0,10,113,0
8,0,HK,0,class,0.5835067116659506,0.08724334489182237,G.RF2.CSE025,153,0,1995,0.013071895424836602,10,153,0
22,0,HK,0,class,0.24702203790725202,0.08762334737387506,G.RF2.CSE025,21,0,1995,0.23809523809523808,10,19,0
19,0,HK,0,class,0.015476534459441943,0.08560467612905466,G.RF2.CSE025,2,0,1995,1.0,10,0,1
17,0,HK,0,class,0.11119392907217085,0.08984241182922063,G.RF2.CSE025,5,0,1995,0.6,10,5,0
18,0,HK,1,class,0.11767927569624845,0.08894501315165754,G.RF2.CSE025,33,0,1995,0.5454545454545454,10,31,0
6,0,HK,0,class,0.19250174312536394,0.07880229656517573,G.RF2.CSE025,1,0,1995,0.0,10,0,0
20,0,HK,0,class,0.10283994698029097,0.0869525062007678,G.RF2.CSE025,66,0,1995,0.5151515151515151,10,64,0
0,0,HK,0,class,0.052218867371309784,0.09150828750881865,G.RF2.CSE025,7,0,1995,0.7142857142857143,10,7,0
3,0,HK,0,class,0.709263670396777,0.08398477627759965,G.RF2.CSE025,157,0,1995,0.006369426751592357,10,157,0
11,0,HK,0,class,0.15754710653864612,0.0912545949319594,G.RF2.CSE025,61,0,1995,0.4262295081967213,10,60,0
2,0,HK,0,class,0.68287350053035,0.08744201880012469,G.RF2.CSE025,182,0,1995,0.01098901098901099,10,182,0
21,0,HK,0,class,0.19612325376225564,0.08771910758280624,G.RF2.CSE025,4,0,1995,0.25,10,3,0
all,0,HK,2,old,0.5468056111471928,0.08765659164961716,G.RF2.CSE025,1176,0,1995,0.09608843537414966,10,1165,1
all,0,HK,0,current,0.6724057532880253,0.08744797769867697,G.RF2.CSE025,186,0,1995,0.016129032258064516,10,185,0
all,0,HK,0,tail,0.12677679974545036,0.09040485918346074,G.RF2.CSE025,28,0,1995,0.5714285714285714,10,24,1
9,0,HK,0,class,0.6503219465357188,0.4414233093766828,B.RF2.CSE1,164,0,1995,0.12804878048780488,10,164,0
13,0,HK,1,class,0.5835967700599889,0.43590937426868975,B.RF2.CSE1,160,0,1995,0.2125,10,159,0
16,0,HK,0,class,0.06847935725269225,0.4492054851354899,B.RF2.CSE1,8,0,1995,1.0,10,8,0
14,0,HK,0,class,0.4889735170956629,0.44886164187788963,B.RF2.CSE1,60,0,1995,0.5333333333333333,10,60,0
15,0,HK,0,class,0.7408617617816463,0.4722792416001537,B.RF2.CSE1,123,0,1995,0.08943089430894309,10,123,0
5,0,HK,0,class,0.3894394720823059,0.46305990000792174,B.RF2.CSE1,1,0,1995,1.0,10,1,0
12,0,HK,0,class,0.33692040133121587,0.4318603870206956,B.RF2.CSE1,41,0,1995,0.7317073170731707,10,41,0
1,0,HK,0,class,0.6344322397813454,0.4058717318615719,B.RF2.CSE1,113,0,1995,0.13274336283185842,10,113,0
8,0,HK,0,class,0.6021207459824256,0.4323119490480769,B.RF2.CSE1,153,0,1995,0.21568627450980393,10,153,0
22,0,HK,0,class,0.23793868417249625,0.4254037732502593,B.RF2.CSE1,21,0,1995,0.7142857142857143,10,21,0
19,0,HK,0,class,0.058646492527929264,0.4218898328319277,B.RF2.CSE1,2,0,1995,1.0,10,0,1
17,1,HK,1,class,0.09425648608476346,0.4326223208576522,B.RF2.CSE1,5,0,1995,1.0,10,4,0
18,0,HK,1,class,0.1162723905874206,0.42999843845671104,B.RF2.CSE1,33,0,1995,0.9696969696969697,10,31,3
6,0,HK,0,class,0.12314000083473187,0.4610933283881527,B.RF2.CSE1,1,0,1995,1.0,10,0,0
20,0,HK,1,class,0.1102079281068985,0.42277180160915284,B.RF2.CSE1,66,0,1995,1.0,10,60,1
0,0,HK,0,class,0.11276583966392718,0.44028544486896937,B.RF2.CSE1,7,0,1995,1.0,10,7,0
3,0,HK,0,class,0.741611197256878,0.44320397454312843,B.RF2.CSE1,157,0,1995,0.12101910828025478,10,157,0
11,0,HK,1,class,0.15913445610561922,0.4246258212135341,B.RF2.CSE1,61,0,1995,0.9672131147540983,10,61,2
2,0,HK,0,class,0.6749914552260848,0.4185119334176605,B.RF2.CSE1,182,0,1995,0.08241758241758242,10,182,0
21,0,HK,0,class,0.18228451779021942,0.4447321104149464,B.RF2.CSE1,4,0,1995,1.0,10,3,0
all,1,HK,5,old,0.546605169030121,0.4370686478122136,B.RF2.CSE1,1176,0,1995,0.3324829931972789,10,1163,7
all,0,HK,0,current,0.6643956071091844,0.4190758081917957,B.RF2.CSE1,186,0,1995,0.10215053763440861,10,185,0
all,1,HK,1,tail,0.11312459625809355,0.4423433905419529,B.RF2.CSE1,28,0,1995,1.0,10,23,1
9,0,HK,0,class,0.6503219465357188,0.1103558273441707,B.RF2.CSE025,164,0,1995,0.006097560975609756,10,164,0
13,0,HK,0,class,0.5835967700599889,0.10897734356717245,B.RF2.CSE025,160,0,1995,0.04375,10,159,0
16,0,HK,0,class,0.06847935725269225,0.11230137128387248,B.RF2.CSE025,8,0,1995,0.875,10,8,0
14,0,HK,0,class,0.4889735170956629,0.11221541046947238,B.RF2.CSE025,60,0,1995,0.03333333333333333,10,60,0
15,0,HK,0,class,0.7408617617816463,0.1180698104000384,B.RF2.CSE025,123,0,1995,0.0,10,123,0
5,0,HK,0,class,0.3894394720823059,0.11576497500198046,B.RF2.CSE025,1,0,1995,0.0,10,1,0
12,0,HK,0,class,0.33692040133121587,0.1079650967551739,B.RF2.CSE025,41,0,1995,0.0975609756097561,10,41,0
1,0,HK,0,class,0.6344322397813454,0.10146793296539297,B.RF2.CSE025,113,0,1995,0.02654867256637168,10,113,0
8,0,HK,0,class,0.6021207459824256,0.10807798726201923,B.RF2.CSE025,153,0,1995,0.026143790849673203,10,153,0
22,0,HK,0,class,0.23793868417249625,0.10635094331256482,B.RF2.CSE025,21,0,1995,0.38095238095238093,10,21,0
19,0,HK,0,class,0.058646492527929264,0.10547245820798191,B.RF2.CSE025,2,0,1995,1.0,10,0,0
17,0,HK,0,class,0.09425648608476346,0.10815558021441304,B.RF2.CSE025,5,0,1995,0.8,10,4,0
18,0,HK,0,class,0.1162723905874206,0.10749960961417775,B.RF2.CSE025,33,0,1995,0.6666666666666666,10,31,1
6,0,HK,0,class,0.12314000083473187,0.11527333209703816,B.RF2.CSE025,1,0,1995,0.0,10,0,0
20,0,HK,0,class,0.1102079281068985,0.10569295040228822,B.RF2.CSE025,66,0,1995,0.5909090909090909,10,60,0
0,0,HK,0,class,0.11276583966392718,0.11007136121724234,B.RF2.CSE025,7,0,1995,0.7142857142857143,10,7,0
3,0,HK,0,class,0.741611197256878,0.11080099363578211,B.RF2.CSE025,157,0,1995,0.01910828025477707,10,157,0
11,0,HK,1,class,0.15913445610561922,0.10615645530338354,B.RF2.CSE025,61,0,1995,0.4262295081967213,10,61,1
2,0,HK,0,class,0.6749914552260848,0.10462798335441513,B.RF2.CSE025,182,0,1995,0.01098901098901099,10,182,0
21,0,HK,0,class,0.18228451779021942,0.1111830276037366,B.RF2.CSE025,4,0,1995,0.25,10,3,0
all,0,HK,1,old,0.546605169030121,0.1092671619530534,B.RF2.CSE025,1176,0,1995,0.11649659863945579,10,1163,2
all,0,HK,0,current,0.6643956071091844,0.10476895204794892,B.RF2.CSE025,186,0,1995,0.016129032258064516,10,185,0
all,0,HK,0,tail,0.11312459625809355,0.11058584763548822,B.RF2.CSE025,28,0,1995,0.6785714285714286,10,23,0
9,0,HK,0,class,0.6696330321787789,0.34930102729207413,G.RF1.CSEperm1,164,0,1995,0.07317073170731707,10,164,0
13,0,HK,0,class,0.6076400506972386,0.35874500425885975,G.RF1.CSEperm1,160,0,1995,0.14375,10,159,1
16,0,HK,0,class,0.15217587808013777,0.3745619277564691,G.RF1.CSEperm1,8,0,1995,1.0,10,8,0
14,0,HK,0,class,0.48697598903955946,0.34237382707454966,G.RF1.CSEperm1,60,0,1995,0.26666666666666666,10,60,0
15,0,HK,0,class,0.743390289435651,0.3569245856057258,G.RF1.CSEperm1,123,0,1995,0.04065040650406504,10,123,0
5,0,HK,0,class,0.4860184870360362,0.3255782359118265,G.RF1.CSEperm1,1,0,1995,0.0,10,1,0
12,0,HK,0,class,0.3596829282042667,0.36492855339018154,G.RF1.CSEperm1,41,0,1995,0.5121951219512195,10,41,0
1,0,HK,0,class,0.6331208912668874,0.35478429496151553,G.RF1.CSEperm1,113,0,1995,0.10619469026548672,10,113,0
8,0,HK,0,class,0.575736601152512,0.34836210224593595,G.RF1.CSEperm1,153,0,1995,0.1568627450980392,10,153,0
22,0,HK,0,class,0.24903800598921993,0.35386710805902416,G.RF1.CSEperm1,21,0,1995,0.7142857142857143,10,20,0
19,0,HK,0,class,0.03430851083491872,0.3484216369673514,G.RF1.CSEperm1,2,0,1995,1.0,10,0,0
17,0,HK,0,class,0.14429656779739564,0.36041609061281216,G.RF1.CSEperm1,5,0,1995,0.8,10,4,0
18,1,HK,0,class,0.0983749343277312,0.35954628347905765,G.RF1.CSEperm1,33,0,1995,0.9696969696969697,10,30,1
6,0,HK,0,class,0.2345591314469832,0.31683727490307134,G.RF1.CSEperm1,1,0,1995,1.0,10,0,0
20,1,HK,0,class,0.12499432956110557,0.35048276968573766,G.RF1.CSEperm1,66,0,1995,0.9696969696969697,10,62,1
0,0,HK,0,class,0.0659344915157015,0.3682937429206831,G.RF1.CSEperm1,7,0,1995,1.0,10,7,0
3,0,HK,0,class,0.7014089254206768,0.3353649301904494,G.RF1.CSEperm1,157,0,1995,0.07006369426751592,10,157,0
11,2,HK,1,class,0.17282508202254765,0.36384618186261636,G.RF1.CSEperm1,61,0,1995,0.9016393442622951,10,61,0
2,0,HK,0,class,0.6891738821226631,0.35137754427845624,G.RF1.CSEperm1,182,0,1995,0.06593406593406594,10,182,0
21,0,HK,0,class,0.1717671628049277,0.3563915207387569,G.RF1.CSEperm1,4,0,1995,1.0,10,4,0
all,4,HK,1,old,0.5464745791038592,0.35159160024805214,G.RF1.CSEperm1,1176,0,1995,0.2653061224489796,10,1163,3
all,0,HK,0,current,0.6780468559007763,0.35148537172921546,G.RF1.CSEperm1,186,0,1995,0.08602150537634409,10,186,0
all,0,HK,0,tail,0.1384533784146628,0.3621948908309009,G.RF1.CSEperm1,28,0,1995,0.9285714285714286,10,24,0
9,0,HK,0,class,0.6490767919431517,0.4252552111976189,B.RF1.CSEperm1,164,0,1995,0.10365853658536585,10,164,0
13,0,HK,0,class,0.587747098689021,0.4094516462633103,B.RF1.CSEperm1,160,0,1995,0.20625,10,159,0
16,0,HK,2,class,0.05372819225993083,0.42745666074957217,B.RF1.CSEperm1,8,0,1995,1.0,10,8,0
14,0,HK,0,class,0.4815803162037208,0.4258352089609217,B.RF1.CSEperm1,60,0,1995,0.43333333333333335,10,60,0
15,0,HK,0,class,0.7405890482036561,0.45054028989471584,B.RF1.CSEperm1,123,0,1995,0.08130081300813008,10,123,0
5,0,HK,0,class,0.3450050731027344,0.4630599000079219,B.RF1.CSEperm1,1,0,1995,1.0,10,1,0
12,1,HK,0,class,0.3340827578607376,0.428990780773724,B.RF1.CSEperm1,41,0,1995,0.6829268292682927,10,40,0
1,0,HK,0,class,0.6261387873075676,0.39709555311075007,B.RF1.CSEperm1,113,0,1995,0.12389380530973451,10,113,0
8,2,HK,0,class,0.5983360440016648,0.4188151201941312,B.RF1.CSEperm1,153,0,1995,0.20915032679738563,10,153,0
22,0,HK,0,class,0.24738242623877793,0.4268538591766157,B.RF1.CSEperm1,21,0,1995,0.7142857142857143,10,20,0
19,0,HK,0,class,0.024829418969546907,0.4274718738585193,B.RF1.CSEperm1,2,0,1995,1.0,10,0,0
17,0,HK,1,class,0.12847954595552197,0.42536802245002236,B.RF1.CSEperm1,5,0,1995,1.0,10,5,0
18,2,HK,0,class,0.11082665523791808,0.42681206194302546,B.RF1.CSEperm1,33,0,1995,0.9696969696969697,10,28,0
6,0,HK,0,class,0.18047240442844073,0.4201056513793644,B.RF1.CSEperm1,1,0,1995,1.0,10,0,0
20,1,HK,2,class,0.1053776123196956,0.42102554151699145,B.RF1.CSEperm1,66,0,1995,1.0,10,65,3
0,0,HK,1,class,0.08972437920918473,0.41478135126297283,B.RF1.CSEperm1,7,0,1995,1.0,10,7,0
3,0,HK,0,class,0.7385170235342553,0.40291343048833994,B.RF1.CSEperm1,157,0,1995,0.12101910828025478,10,157,0
11,0,HK,3,class,0.16936795612040229,0.42386615965257673,B.RF1.CSEperm1,61,0,1995,0.9672131147540983,10,61,2
2,1,HK,0,class,0.6663532305176091,0.41334859399678003,B.RF1.CSEperm1,182,0,1995,0.08791208791208792,10,182,0
21,0,HK,0,class,0.22292006917630514,0.42784293651430105,B.RF1.CSEperm1,4,0,1995,1.0,10,3,0
all,6,HK,9,old,0.5449261680131574,0.41913057010612464,B.RF1.CSEperm1,1176,0,1995,0.31887755102040816,10,1164,5
all,1,HK,0,current,0.6568170334995166,0.41366030028747947,B.RF1.CSEperm1,186,0,1995,0.10752688172043011,10,185,0
all,0,HK,4,tail,0.11311108980345852,0.4249801393660366,B.RF1.CSEperm1,28,0,1995,1.0,10,24,0
9,0,HK,0,class,0.632971070987872,0.34624615917416274,G.LIN.CSE1,164,0,1995,0.10975609756097561,11,164,0
13,0,HK,0,class,0.5940840100905534,0.35217223856182,G.LIN.CSE1,160,0,1995,0.15625,11,159,0
16,0,HK,0,class,0.15569080159348542,0.37746724867567283,G.LIN.CSE1,8,0,1995,0.875,11,8,0
14,0,HK,0,class,0.46161288916859655,0.3449114325394505,G.LIN.CSE1,60,0,1995,0.35,11,60,0
15,0,HK,0,class,0.7221914551777595,0.35513694337296037,G.LIN.CSE1,123,0,1995,0.04878048780487805,11,123,0
5,0,HK,0,class,0.3864564114221253,0.3429734509990553,G.LIN.CSE1,1,0,1995,0.0,11,1,0
12,0,HK,0,class,0.30342608900525203,0.36212879456384567,G.LIN.CSE1,41,0,1995,0.6097560975609756,11,40,0
1,0,HK,0,class,0.592420935599474,0.3528623867083979,G.LIN.CSE1,113,0,1995,0.12389380530973451,11,113,0
8,1,HK,0,class,0.5347564230039848,0.34905590818809146,G.LIN.CSE1,153,0,1995,0.16339869281045752,11,153,0
22,0,HK,1,class,0.2371604172597103,0.3488066330365064,G.LIN.CSE1,21,0,1995,0.7142857142857143,11,19,0
19,0,HK,0,class,0.05041824186698127,0.3424187034691179,G.LIN.CSE1,2,0,1995,1.0,11,0,0
17,1,HK,0,class,0.12268834798208746,0.3593696762158013,G.LIN.CSE1,5,0,1995,1.0,11,4,0
18,0,HK,0,class,0.11781160599184398,0.35771681373722936,G.LIN.CSE1,33,0,1995,0.9393939393939394,11,29,0
6,0,HK,0,class,0.21798236324558184,0.3152091360360224,G.LIN.CSE1,1,0,1995,1.0,11,0,0
20,1,HK,1,class,0.0998422441840385,0.34776370410446655,G.LIN.CSE1,66,0,1995,1.0,11,61,0
0,0,HK,0,class,0.09265093658275406,0.36603313119378944,G.LIN.CSE1,7,0,1995,1.0,11,7,1
3,0,HK,4,class,0.3670589808573206,0.33829588459939675,G.LIN.CSE1,157,0,1995,0.49044585987261147,11,157,0
11,7,HK,0,class,0.11353470784725854,0.3653506590372817,G.LIN.CSE1,61,0,1995,1.0,11,61,0
2,0,HK,1,class,0.5957575373115874,0.3480530222606671,G.LIN.CSE1,182,0,1995,0.21978021978021978,11,182,0
21,0,HK,0,class,0.1274202962051585,0.35153261599502095,G.LIN.CSE1,4,0,1995,1.0,11,3,0
4,5,HK,0,class,0.4151837427690209,0.33688682359171973,G.LIN.CSE1,165,0,1995,0.3878787878787879,11,165,0
10,0,HK,5,class,0.24572069231163576,0.36187799797454756,G.LIN.CSE1,150,0,1995,0.7266666666666667,11,145,0
7,0,HK,0,class,0.6629665866265094,0.356346855981909,G.LIN.CSE1,21,0,1995,0.14285714285714285,11,21,0
all,10,HK,7,old,0.49100643001272215,0.3499186519744823,G.LIN.CSE1,1362,0,1995,0.3303964757709251,11,1344,1
all,5,HK,5,current,0.3550170229844956,0.3492598498941547,G.LIN.CSE1,336,0,1995,0.5238095238095238,11,331,0
all,1,HK,0,tail,0.3600975402268694,0.35941332086560007,G.LIN.CSE1,49,0,1995,0.5918367346938775,11,44,1
9,0,HK,0,class,0.632971070987872,0.0865615397935407,G.LIN.CSE025,164,0,1995,0.006097560975609756,11,164,0
13,0,HK,0,class,0.5940840100905534,0.088043059640455,G.LIN.CSE025,160,0,1995,0.0125,11,159,0
16,0,HK,0,class,0.15569080159348542,0.09436681216891823,G.LIN.CSE025,8,0,1995,0.25,11,8,0
14,0,HK,0,class,0.46161288916859655,0.0862278581348626,G.LIN.CSE025,60,0,1995,0.0,11,60,0
15,0,HK,0,class,0.7221914551777595,0.08878423584324009,G.LIN.CSE025,123,0,1995,0.0,11,123,0
5,0,HK,0,class,0.3864564114221253,0.0857433627497638,G.LIN.CSE025,1,0,1995,0.0,11,1,0
12,0,HK,0,class,0.30342608900525203,0.09053219864096142,G.LIN.CSE025,41,0,1995,0.14634146341463414,11,40,0
1,0,HK,0,class,0.592420935599474,0.08821559667709948,G.LIN.CSE025,113,0,1995,0.02654867256637168,11,113,0
8,0,HK,0,class,0.5347564230039848,0.08726397704702286,G.LIN.CSE025,153,0,1995,0.013071895424836602,11,153,0
22,0,HK,0,class,0.2371604172597103,0.0872016582591266,G.LIN.CSE025,21,0,1995,0.2857142857142857,11,19,0
19,0,HK,0,class,0.05041824186698127,0.08560467586727949,G.LIN.CSE025,2,0,1995,1.0,11,0,0
17,0,HK,0,class,0.12268834798208746,0.08984241905395032,G.LIN.CSE025,5,0,1995,0.6,11,4,0
18,0,HK,0,class,0.11781160599184398,0.08942920343430735,G.LIN.CSE025,33,0,1995,0.5151515151515151,11,29,0
6,0,HK,0,class,0.21798236324558184,0.0788022840090056,G.LIN.CSE025,1,0,1995,0.0,11,0,0
20,0,HK,0,class,0.0998422441840385,0.08694092602611664,G.LIN.CSE025,66,0,1995,0.5151515151515151,11,61,0
0,0,HK,0,class,0.09265093658275406,0.09150828279844735,G.LIN.CSE025,7,0,1995,0.5714285714285714,11,7,0
3,0,HK,1,class,0.3670589808573206,0.08457397114984919,G.LIN.CSE025,157,0,1995,0.10828025477707007,11,157,0
11,2,HK,0,class,0.11353470784725854,0.09133766475932041,G.LIN.CSE025,61,0,1995,0.5409836065573771,11,61,0
2,0,HK,0,class,0.5957575373115874,0.08701325556516677,G.LIN.CSE025,182,0,1995,0.07692307692307693,11,182,0
21,0,HK,0,class,0.1274202962051585,0.08788315399875524,G.LIN.CSE025,4,0,1995,0.25,11,3,0
4,0,HK,0,class,0.4151837427690209,0.08422170589792993,G.LIN.CSE025,165,0,1995,0.10303030303030303,11,165,0
10,0,HK,1,class,0.24572069231163576,0.09046949949363689,G.LIN.CSE025,150,0,1995,0.2866666666666667,11,145,0
7,0,HK,0,class,0.6629665866265094,0.08908671399547725,G.LIN.CSE025,21,0,1995,0.0,11,21,0
all,2,HK,1,old,0.49100643001272215,0.08747966299362057,G.LIN.CSE025,1362,0,1995,0.10792951541850221,11,1344,0
all,0,HK,1,current,0.3550170229844956,0.08731496247353868,G.LIN.CSE025,336,0,1995,0.17857142857142858,11,331,0
all,0,HK,0,tail,0.3600975402268694,0.08985333021640002,G.LIN.CSE025,49,0,1995,0.24489795918367346,11,44,0
9,0,HK,0,class,0.6409257796162174,0.3469710299288182,G.RF1.CSE1,164,0,1995,0.10975609756097561,11,164,0
13,0,HK,0,class,0.5866678661170012,0.3525786238173322,G.RF1.CSE1,160,0,1995,0.15625,11,159,1
16,0,HK,0,class,0.12627114295587374,0.3774672486756729,G.RF1.CSE1,8,0,1995,1.0,11,8,1
14,0,HK,0,class,0.46808960667839816,0.344617315302753,G.RF1.CSE1,60,0,1995,0.3,11,60,0
15,0,HK,0,class,0.735461133464472,0.3557521059399798,G.RF1.CSE1,123,0,1995,0.04065040650406504,11,123,0
5,0,HK,0,class,0.4350075688440884,0.3429734509990553,G.RF1.CSE1,1,0,1995,0.0,11,1,0
12,0,HK,0,class,0.33980078199833913,0.36202531089106305,G.RF1.CSE1,41,0,1995,0.5365853658536586,11,41,1
1,0,HK,0,class,0.5966965125927769,0.3528649064952301,G.RF1.CSE1,113,0,1995,0.11504424778761062,11,113,0
8,0,HK,0,class,0.5508222830063344,0.3491384614173274,G.RF1.CSE1,153,0,1995,0.16993464052287582,11,153,0
22,0,HK,0,class,0.236348758230516,0.34846991964660523,G.RF1.CSE1,21,0,1995,0.7142857142857143,11,19,0
19,0,HK,0,class,0.030040132679740483,0.3424187034691179,G.RF1.CSE1,2,0,1995,1.0,11,0,0
17,0,HK,0,class,0.13813921935545292,0.3593696762158013,G.RF1.CSE1,5,0,1995,0.8,11,4,0
18,2,HK,0,class,0.0907048009323647,0.3554440625525169,G.RF1.CSE1,33,0,1995,1.0,11,30,0
6,0,HK,0,class,0.21242759933088856,0.3152091360360224,G.RF1.CSE1,1,0,1995,1.0,11,0,0
20,0,HK,1,class,0.11361724180962166,0.347081379352546,G.RF1.CSE1,66,0,1995,0.9848484848484849,11,61,0
0,0,HK,0,class,0.07368616084300807,0.36408907484559955,G.RF1.CSE1,7,0,1995,1.0,11,7,0
3,0,HK,5,class,0.352693649394751,0.3387207097765069,G.RF1.CSE1,157,0,1995,0.4968152866242038,11,157,0
11,5,HK,0,class,0.11883140492518587,0.36533597231523607,G.RF1.CSE1,61,0,1995,1.0,11,61,1
2,0,HK,0,class,0.6007842743270435,0.34933380778425516,G.RF1.CSE1,182,0,1995,0.22527472527472528,11,182,0
21,0,HK,0,class,0.1606384315502512,0.3534388898484593,G.RF1.CSE1,4,0,1995,1.0,11,3,0
4,1,HK,0,class,0.4075439279488342,0.3373237650130496,G.RF1.CSE1,165,0,1995,0.44242424242424244,11,165,0
10,0,HK,4,class,0.24595323796465915,0.3617768471179664,G.RF1.CSE1,150,0,1995,0.7333333333333333,11,145,0
7,0,HK,0,class,0.673384861587592,0.3546387449749341,G.RF1.CSE1,21,0,1995,0.14285714285714285,11,21,0
all,7,HK,6,old,0.4949680939497338,0.3502243840454873,G.RF1.CSE1,1362,0,1995,0.3274596182085169,11,1346,4
all,1,HK,4,current,0.3520202854154641,0.349322505771791,G.RF1.CSE1,336,0,1995,0.5535714285714286,11,331,0
all,0,HK,0,tail,0.3613840738653103,0.3585591651478439,G.RF1.CSE1,49,0,1995,0.5918367346938775,11,44,1
9,0,HK,0,class,0.6409257796162174,0.08674275748220456,G.RF1.CSE025,164,0,1995,0.006097560975609756,11,164,0
13,0,HK,0,class,0.5866678661170012,0.08814465595433305,G.RF1.CSE025,160,0,1995,0.01875,11,159,0
16,0,HK,0,class,0.12627114295587374,0.09436681216891822,G.RF1.CSE025,8,0,1995,0.5,11,8,1
14,0,HK,0,class,0.46808960667839816,0.08615432882568826,G.RF1.CSE025,60,0,1995,0.016666666666666666,11,60,0
15,0,HK,0,class,0.735461133464472,0.08893802648499494,G.RF1.CSE025,123,0,1995,0.0,11,123,0
5,0,HK,0,class,0.4350075688440884,0.0857433627497638,G.RF1.CSE025,1,0,1995,0.0,11,1,0
12,0,HK,0,class,0.33980078199833913,0.09050632772276576,G.RF1.CSE025,41,0,1995,0.14634146341463414,11,41,0
1,0,HK,0,class,0.5966965125927769,0.08821622662380754,G.RF1.CSE025,113,0,1995,0.017699115044247787,11,113,0
8,0,HK,0,class,0.5508222830063344,0.08728461535433182,G.RF1.CSE025,153,0,1995,0.026143790849673203,11,153,0
22,0,HK,0,class,0.236348758230516,0.08711747991165131,G.RF1.CSE025,21,0,1995,0.38095238095238093,11,19,0
19,0,HK,0,class,0.030040132679740483,0.08560467586727946,G.RF1.CSE025,2,0,1995,1.0,11,0,0
17,0,HK,0,class,0.13813921935545292,0.08984241905395032,G.RF1.CSE025,5,0,1995,0.6,11,4,0
18,1,HK,0,class,0.0907048009323647,0.08886101563812923,G.RF1.CSE025,33,0,1995,0.5757575757575758,11,30,0
6,0,HK,0,class,0.21242759933088856,0.07880228400900559,G.RF1.CSE025,1,0,1995,0.0,11,0,0
20,0,HK,1,class,0.11361724180962166,0.0867703448381365,G.RF1.CSE025,66,0,1995,0.42424242424242425,11,61,0
0,0,HK,0,class,0.07368616084300807,0.09102226871139989,G.RF1.CSE025,7,0,1995,0.5714285714285714,11,7,0
3,0,HK,1,class,0.352693649394751,0.08468017744412674,G.RF1.CSE025,157,0,1995,0.12738853503184713,11,157,0
11,2,HK,0,class,0.11883140492518587,0.09133399307880902,G.RF1.CSE025,61,0,1995,0.45901639344262296,11,61,0
2,0,HK,0,class,0.6007842743270435,0.08733345194606379,G.RF1.CSE025,182,0,1995,0.06593406593406594,11,182,0
21,0,HK,0,class,0.1606384315502512,0.08835972246211482,G.RF1.CSE025,4,0,1995,0.25,11,3,0
4,0,HK,0,class,0.4075439279488342,0.0843309412532624,G.RF1.CSE025,165,0,1995,0.09090909090909091,11,165,0
10,0,HK,3,class,0.24595323796465915,0.0904442117794916,G.RF1.CSE025,150,0,1995,0.26666666666666666,11,145,0
7,0,HK,0,class,0.673384861587592,0.08865968624373352,G.RF1.CSE025,21,0,1995,0.0,11,21,0
all,3,HK,2,old,0.4949680939497338,0.08755609601137182,G.RF1.CSE025,1362,0,1995,0.10719530102790015,11,1346,1
all,0,HK,3,current,0.3520202854154641,0.08733062644294776,G.RF1.CSE025,336,0,1995,0.1636904761904762,11,331,0
all,0,HK,0,tail,0.3613840738653103,0.08963979128696098,G.RF1.CSE025,49,0,1995,0.2857142857142857,11,44,1
9,0,HK,0,class,0.6020165806776361,0.4420669602208306,B.LIN.CSE1,164,0,1995,0.17682926829268292,11,164,0
13,1,HK,0,class,0.5527968743106887,0.43569555982416547,B.LIN.CSE1,160,0,1995,0.28125,11,159,0
16,0,HK,0,class,0.07634769778607807,0.4485138893549838,B.LIN.CSE1,8,0,1995,1.0,11,8,0
14,0,HK,1,class,0.42256102692676667,0.4486070786135123,B.LIN.CSE1,60,0,1995,0.5833333333333334,11,60,0
15,0,HK,0,class,0.7048890511301391,0.47227924160015367,B.LIN.CSE1,123,0,1995,0.13008130081300814,11,123,0
5,0,HK,0,class,0.28204283327224144,0.4630599000079219,B.LIN.CSE1,1,0,1995,1.0,11,1,0
12,0,HK,0,class,0.27234156766029194,0.4315391675653334,B.LIN.CSE1,41,0,1995,0.7804878048780488,11,40,1
1,0,HK,0,class,0.5553551892021907,0.4117411284500814,B.LIN.CSE1,113,0,1995,0.23008849557522124,11,113,0
8,0,HK,0,class,0.5320380082419052,0.43212970467572076,B.LIN.CSE1,153,0,1995,0.27450980392156865,11,153,0
22,0,HK,0,class,0.2252711039137243,0.4244034882682984,B.LIN.CSE1,21,0,1995,0.7142857142857143,11,20,0
19,0,HK,0,class,0.027367316715528014,0.42748882711888503,B.LIN.CSE1,2,0,1995,1.0,11,0,1
17,0,HK,0,class,0.11244054470621045,0.42458345095379785,B.LIN.CSE1,5,0,1995,1.0,11,4,0
18,0,HK,1,class,0.10977815601137567,0.428063600711448,B.LIN.CSE1,33,0,1995,0.9696969696969697,11,29,1
6,0,HK,0,class,0.12363501469300897,0.4152285676593448,B.LIN.CSE1,1,0,1995,1.0,11,0,0
20,0,HK,0,class,0.09078750763836715,0.42361242544935934,B.LIN.CSE1,66,0,1995,1.0,11,60,0
0,0,HK,0,class,0.1091538518936385,0.4398472147936189,B.LIN.CSE1,7,0,1995,1.0,11,7,0
3,1,HK,0,class,0.38195973341515593,0.45213202064346997,B.LIN.CSE1,157,0,1995,0.6114649681528662,11,157,0
11,5,HK,0,class,0.10571776394434797,0.42069899106808656,B.LIN.CSE1,61,0,1995,0.9836065573770492,11,60,3
2,0,HK,1,class,0.5584074354066557,0.41876687952576624,B.LIN.CSE1,182,0,1995,0.22527472527472528,11,182,0
21,0,HK,0,class,0.17489931548372617,0.4447321104149464,B.LIN.CSE1,4,0,1995,1.0,11,3,0
4,3,HK,0,class,0.42530614154227353,0.4406559823274741,B.LIN.CSE1,165,0,1995,0.5272727272727272,11,165,0
10,0,HK,9,class,0.23482172929800546,0.42186178700065863,B.LIN.CSE1,150,0,1995,0.8266666666666667,11,145,0
7,0,HK,0,class,0.6474014313806176,0.4215027059526913,B.LIN.CSE1,21,0,1995,0.14285714285714285,11,21,0
all,7,HK,3,old,0.46993041393412993,0.4359139677279748,B.LIN.CSE1,1362,0,1995,0.4133627019089574,11,1343,6
all,3,HK,9,current,0.35414941311955034,0.43106863678315044,B.LIN.CSE1,336,0,1995,0.6369047619047619,11,331,0
all,0,HK,0,tail,0.34066328717141486,0.4317083726884803,B.LIN.CSE1,49,0,1995,0.6326530612244898,11,44,1
9,0,HK,0,class,0.6020165806776361,0.11051674005520765,B.LIN.CSE025,164,0,1995,0.0,11,164,0
13,0,HK,0,class,0.5527968743106887,0.10892388995604137,B.LIN.CSE025,160,0,1995,0.04375,11,159,0
16,0,HK,0,class,0.07634769778607807,0.11212847233874595,B.LIN.CSE025,8,0,1995,0.875,11,8,0
14,0,HK,0,class,0.42256102692676667,0.11215176965337804,B.LIN.CSE025,60,0,1995,0.03333333333333333,11,60,0
15,0,HK,0,class,0.7048890511301391,0.11806981040003842,B.LIN.CSE025,123,0,1995,0.0,11,123,0
5,0,HK,0,class,0.28204283327224144,0.11576497500198052,B.LIN.CSE025,1,0,1995,0.0,11,1,0
12,0,HK,0,class,0.27234156766029194,0.10788479189133335,B.LIN.CSE025,41,0,1995,0.2682926829268293,11,40,0
1,0,HK,0,class,0.5553551892021907,0.10293528211252033,B.LIN.CSE025,113,0,1995,0.02654867256637168,11,113,0
8,0,HK,0,class,0.5320380082419052,0.10803242616893016,B.LIN.CSE025,153,0,1995,0.026143790849673203,11,153,0
22,0,HK,0,class,0.2252711039137243,0.10610087206707457,B.LIN.CSE025,21,0,1995,0.42857142857142855,11,20,0
19,0,HK,0,class,0.027367316715528014,0.10687220677972124,B.LIN.CSE025,2,0,1995,1.0,11,0,0
17,0,HK,0,class,0.11244054470621045,0.10614586273844948,B.LIN.CSE025,5,0,1995,0.8,11,4,0
18,0,HK,0,class,0.10977815601137567,0.10701590017786201,B.LIN.CSE025,33,0,1995,0.6666666666666666,11,29,0
6,0,HK,0,class,0.12363501469300897,0.10380714191483623,B.LIN.CSE025,1,0,1995,0.0,11,0,0
20,0,HK,0,class,0.09078750763836715,0.10590310636233982,B.LIN.CSE025,66,0,1995,0.6515151515151515,11,60,0
0,0,HK,0,class,0.1091538518936385,0.10996180369840472,B.LIN.CSE025,7,0,1995,0.42857142857142855,11,7,0
3,1,HK,0,class,0.38195973341515593,0.11303300516086749,B.LIN.CSE025,157,0,1995,0.12101910828025478,11,157,0
11,2,HK,0,class,0.10571776394434797,0.10517474776702164,B.LIN.CSE025,61,0,1995,0.639344262295082,11,60,2
2,0,HK,0,class,0.5584074354066557,0.10469171988144156,B.LIN.CSE025,182,0,1995,0.08241758241758242,11,182,0
21,0,HK,0,class,0.17489931548372617,0.1111830276037366,B.LIN.CSE025,4,0,1995,0.25,11,3,0
4,0,HK,0,class,0.42530614154227353,0.11016399558186853,B.LIN.CSE025,165,0,1995,0.14545454545454545,11,165,0
10,0,HK,2,class,0.23482172929800546,0.10546544675016466,B.LIN.CSE025,150,0,1995,0.31333333333333335,11,145,0
7,0,HK,0,class,0.6474014313806176,0.10537567648817282,B.LIN.CSE025,21,0,1995,0.0,11,21,0
all,3,HK,0,old,0.46993041393412993,0.1089784919319937,B.LIN.CSE025,1362,0,1995,0.14023494860499267,11,1343,2
all,0,HK,2,current,0.35414941311955034,0.10776715919578758,B.LIN.CSE025,336,0,1995,0.2113095238095238,11,331,0
all,0,HK,0,tail,0.34066328717141486,0.10792709317212007,B.LIN.CSE025,49,0,1995,0.3469387755102041,11,44,0
9,0,HK,0,class,0.6208135348527536,0.44242262994997117,B.RF1.CSE1,164,0,1995,0.14634146341463414,11,164,0
13,1,HK,0,class,0.563919319665542,0.4358222507532486,B.RF1.CSE1,160,0,1995,0.25625,11,159,0
16,0,HK,0,class,0.053331092104414925,0.4485138893549838,B.RF1.CSE1,8,0,1995,1.0,11,8,0
14,0,HK,1,class,0.46081957530230533,0.44781406802335394,B.RF1.CSE1,60,0,1995,0.5333333333333333,11,60,0
15,0,HK,0,class,0.7312675669223684,0.4723851824431711,B.RF1.CSE1,123,0,1995,0.11382113821138211,11,123,0
5,0,HK,0,class,0.3114854286581511,0.46305990000792185,B.RF1.CSE1,1,0,1995,1.0,11,1,0
12,1,HK,0,class,0.30872264441773123,0.4321186755496426,B.RF1.CSE1,41,0,1995,0.7317073170731707,11,40,0
1,0,HK,0,class,0.5792497140792919,0.41193282668361864,B.RF1.CSE1,113,0,1995,0.168141592920354,11,113,0
8,0,HK,0,class,0.5782321498001298,0.43267183211140864,B.RF1.CSE1,153,0,1995,0.23529411764705882,11,153,0
22,0,HK,0,class,0.23463915917205905,0.4243605578407923,B.RF1.CSE1,21,0,1995,0.7142857142857143,11,20,0
19,0,HK,0,class,0.02046276524691755,0.42748882711888503,B.RF1.CSE1,2,0,1995,1.0,11,0,0
17,0,HK,0,class,0.12710029449589164,0.425388880621846,B.RF1.CSE1,5,0,1995,1.0,11,5,0
18,0,HK,1,class,0.10505778519731503,0.4304046090388695,B.RF1.CSE1,33,0,1995,1.0,11,29,0
6,0,HK,0,class,0.16020741465968125,0.41522856765934485,B.RF1.CSE1,1,0,1995,1.0,11,0,0
20,0,HK,1,class,0.09728466008506208,0.4224950317807037,B.RF1.CSE1,66,0,1995,1.0,11,63,2
0,0,HK,0,class,0.07875321422011297,0.4402854448689692,B.RF1.CSE1,7,0,1995,1.0,11,7,1
3,1,HK,1,class,0.3985253633408569,0.4523691525168875,B.RF1.CSE1,157,0,1995,0.5668789808917197,11,157,0
11,3,HK,0,class,0.12056628759878162,0.4217369835004114,B.RF1.CSE1,61,0,1995,0.9672131147540983,11,60,2
2,0,HK,0,class,0.5798000292367704,0.4205534742531803,B.RF1.CSE1,182,0,1995,0.23076923076923078,11,182,1
21,0,HK,0,class,0.21290387861685478,0.4447321104149464,B.RF1.CSE1,4,0,1995,1.0,11,3,0
4,1,HK,0,class,0.4417893427025165,0.44044092115625155,B.RF1.CSE1,165,0,1995,0.5454545454545454,11,165,0
10,0,HK,12,class,0.24362205351907804,0.4224030910820806,B.RF1.CSE1,150,0,1995,0.7933333333333333,11,145,1
7,0,HK,0,class,0.6628118142039251,0.4179771061442958,B.RF1.CSE1,21,0,1995,0.14285714285714285,11,21,0
all,6,HK,4,old,0.4915252316222031,0.4363602406305976,B.RF1.CSE1,1362,0,1995,0.3876651982378855,11,1347,6
all,1,HK,12,current,0.3671357073573195,0.4309843300063208,B.RF1.CSE1,336,0,1995,0.6309523809523809,11,331,1
all,0,HK,0,tail,0.34483070806973654,0.4303421923393249,B.RF1.CSE1,49,0,1995,0.6326530612244898,11,45,1
9,0,HK,0,class,0.6208135348527536,0.11060565748749279,B.RF1.CSE025,164,0,1995,0.006097560975609756,11,164,0
13,0,HK,0,class,0.563919319665542,0.10895556268831215,B.RF1.CSE025,160,0,1995,0.03125,11,159,0
16,0,HK,0,class,0.053331092104414925,0.11212847233874595,B.RF1.CSE025,8,0,1995,0.875,11,8,0
14,0,HK,0,class,0.46081957530230533,0.11195351700583848,B.RF1.CSE025,60,0,1995,0.03333333333333333,11,60,0
15,0,HK,0,class,0.7312675669223684,0.11809629561079277,B.RF1.CSE025,123,0,1995,0.0,11,123,0
5,0,HK,0,class,0.3114854286581511,0.11576497500198046,B.RF1.CSE025,1,0,1995,0.0,11,1,0
12,1,HK,0,class,0.30872264441773123,0.10802966888741065,B.RF1.CSE025,41,0,1995,0.21951219512195122,11,40,0
1,0,HK,0,class,0.5792497140792919,0.10298320667090466,B.RF1.CSE025,113,0,1995,0.017699115044247787,11,113,0
8,0,HK,0,class,0.5782321498001298,0.10816795802785219,B.RF1.CSE025,153,0,1995,0.05228758169934641,11,153,0
22,0,HK,0,class,0.23463915917205905,0.10609013946019807,B.RF1.CSE025,21,0,1995,0.42857142857142855,11,20,0
19,0,HK,0,class,0.02046276524691755,0.10687220677972126,B.RF1.CSE025,2,0,1995,1.0,11,0,0
17,0,HK,0,class,0.12710029449589164,0.1063472201554615,B.RF1.CSE025,5,0,1995,0.6,11,5,0
18,0,HK,0,class,0.10505778519731503,0.10760115225971738,B.RF1.CSE025,33,0,1995,0.6060606060606061,11,29,0
6,0,HK,0,class,0.16020741465968125,0.10380714191483618,B.RF1.CSE025,1,0,1995,0.0,11,0,0
20,0,HK,1,class,0.09728466008506208,0.10562375794517592,B.RF1.CSE025,66,0,1995,0.5909090909090909,11,63,0
0,0,HK,0,class,0.07875321422011297,0.11007136121724234,B.RF1.CSE025,7,0,1995,0.8571428571428571,11,7,0
3,0,HK,0,class,0.3985253633408569,0.11309228812922187,B.RF1.CSE025,157,0,1995,0.14012738853503184,11,157,0
11,0,HK,0,class,0.12056628759878162,0.10543424587510285,B.RF1.CSE025,61,0,1995,0.6065573770491803,11,60,1
2,0,HK,0,class,0.5798000292367704,0.10513836856329507,B.RF1.CSE025,182,0,1995,0.07692307692307693,11,182,0
21,0,HK,0,class,0.21290387861685478,0.11118302760373662,B.RF1.CSE025,4,0,1995,0.25,11,3,0
4,0,HK,0,class,0.4417893427025165,0.11011023028906292,B.RF1.CSE025,165,0,1995,0.12121212121212122,11,165,0
10,0,HK,4,class,0.24362205351907804,0.10560077277052014,B.RF1.CSE025,150,0,1995,0.3,11,145,0
7,0,HK,0,class,0.6628118142039251,0.10449427653607395,B.RF1.CSE025,21,0,1995,0.0,11,21,0
all,1,HK,1,old,0.4915252316222031,0.1090900601576494,B.RF1.CSE025,1362,0,1995,0.13729809104258445,11,1347,1
all,0,HK,4,current,0.3671357073573195,0.1077460825015802,B.RF1.CSE025,336,0,1995,0.19345238095238096,11,331,0
all,0,HK,0,tail,0.34483070806973654,0.10758554808483123,B.RF1.CSE025,49,0,1995,0.3877551020408163,11,45,0
9,0,HK,0,class,0.638421957379605,0.34617072667713633,G.RF2.CSE1,164,0,1995,0.11585365853658537,11,164,0
13,0,HK,0,class,0.586530851396422,0.35269986510857904,G.RF2.CSE1,160,0,1995,0.1625,11,159,0
16,0,HK,0,class,0.13061469506801915,0.37746724867567283,G.RF2.CSE1,8,0,1995,0.875,11,8,0
14,0,HK,0,class,0.4668135563669785,0.34523644824948224,G.RF2.CSE1,60,0,1995,0.35,11,60,0
15,0,HK,0,class,0.7390902176400771,0.35520631510094763,G.RF2.CSE1,123,0,1995,0.04065040650406504,11,123,0
5,0,HK,0,class,0.42696949041902177,0.3429734509990553,G.RF2.CSE1,1,0,1995,0.0,11,1,0
12,0,HK,1,class,0.3218710819215821,0.36236322071446553,G.RF2.CSE1,41,0,1995,0.5609756097560976,11,41,1
1,0,HK,0,class,0.5928145518852933,0.3529864148342875,G.RF2.CSE1,113,0,1995,0.13274336283185842,11,113,0
8,0,HK,0,class,0.5599354472984703,0.34843958629916666,G.RF2.CSE1,153,0,1995,0.16339869281045752,11,153,0
22,0,HK,1,class,0.23629339489669002,0.3497926880663467,G.RF2.CSE1,21,0,1995,0.7142857142857143,11,20,0
19,0,HK,0,class,0.013155860893228122,0.3424187034691179,G.RF2.CSE1,2,0,1995,1.0,11,0,1
17,0,HK,0,class,0.1125810351967372,0.3593696762158013,G.RF2.CSE1,5,0,1995,1.0,11,5,0
18,1,HK,1,class,0.10888902807900724,0.35620044947814117,G.RF2.CSE1,33,0,1995,0.9393939393939394,11,31,0
6,0,HK,0,class,0.1661933659944389,0.3152091360360224,G.RF2.CSE1,1,0,1995,1.0,11,0,0
20,0,HK,2,class,0.09536906578308983,0.3470629167333153,G.RF2.CSE1,66,0,1995,1.0,11,65,0
0,0,HK,0,class,0.0739636560676887,0.3640890748455995,G.RF2.CSE1,7,0,1995,1.0,11,7,0
3,0,HK,5,class,0.35523304963819824,0.3386759629929741,G.RF2.CSE1,157,0,1995,0.5159235668789809,11,157,0
11,7,HK,0,class,0.11712379060595356,0.3651456697718756,G.RF2.CSE1,61,0,1995,0.9672131147540983,11,61,2
2,0,HK,0,class,0.602830403828968,0.34879922817297127,G.RF2.CSE1,182,0,1995,0.21428571428571427,11,182,0
21,0,HK,0,class,0.18491153572266564,0.35153261599502095,G.RF2.CSE1,4,0,1995,1.0,11,3,0
4,3,HK,0,class,0.40559444765172914,0.33702191910440027,G.RF2.CSE1,165,0,1995,0.41818181818181815,11,165,0
10,0,HK,3,class,0.24477802157751835,0.36213282356309234,G.RF2.CSE1,150,0,1995,0.7266666666666667,11,145,2
7,0,HK,0,class,0.6619643341420247,0.3545327787312522,G.RF2.CSE1,21,0,1995,0.14285714285714285,11,21,0
all,8,HK,10,old,0.49506883235841875,0.3500091046890884,G.RF2.CSE1,1362,0,1995,0.3311306901615272,11,1353,4
all,3,HK,3,current,0.34982451820281424,0.34932657303585174,G.RF2.CSE1,336,0,1995,0.5386904761904762,11,331,2
all,0,HK,0,tail,0.354815103409689,0.3583581368512915,G.RF2.CSE1,49,0,1995,0.5918367346938775,11,45,1
9,0,HK,0,class,0.638421957379605,0.08654268166928408,G.RF2.CSE025,164,0,1995,0.006097560975609756,11,164,0
13,0,HK,0,class,0.586530851396422,0.08817496627714475,G.RF2.CSE025,160,0,1995,0.025,11,159,0
16,0,HK,0,class,0.13061469506801915,0.09436681216891821,G.RF2.CSE025,8,0,1995,0.5,11,8,0
14,0,HK,0,class,0.4668135563669785,0.08630911206237056,G.RF2.CSE025,60,0,1995,0.016666666666666666,11,60,0
15,0,HK,0,class,0.7390902176400771,0.08880157877523691,G.RF2.CSE025,123,0,1995,0.008130081300813009,11,123,0
5,0,HK,0,class,0.42696949041902177,0.0857433627497638,G.RF2.CSE025,1,0,1995,0.0,11,1,0
12,0,HK,0,class,0.3218710819215821,0.09059080517861637,G.RF2.CSE025,41,0,1995,0.14634146341463414,11,41,1
1,0,HK,0,class,0.5928145518852933,0.08824660370857186,G.RF2.CSE025,113,0,1995,0.0,11,113,0
8,0,HK,0,class,0.5599354472984703,0.08710989657479165,G.RF2.CSE025,153,0,1995,0.013071895424836602,11,153,0
22,0,HK,0,class,0.23629339489669002,0.08744817201658668,G.RF2.CSE025,21,0,1995,0.23809523809523808,11,20,0
19,0,HK,0,class,0.013155860893228122,0.08560467586727946,G.RF2.CSE025,2,0,1995,1.0,11,0,0
17,0,HK,0,class,0.1125810351967372,0.08984241905395032,G.RF2.CSE025,5,0,1995,0.6,11,5,0
18,1,HK,1,class,0.10888902807900724,0.08905011236953529,G.RF2.CSE025,33,0,1995,0.5757575757575758,11,31,0
6,0,HK,0,class,0.1661933659944389,0.0788022840090056,G.RF2.CSE025,1,0,1995,0.0,11,0,0
20,0,HK,1,class,0.09536906578308983,0.08676572918332882,G.RF2.CSE025,66,0,1995,0.5909090909090909,11,65,0
0,0,HK,0,class,0.0739636560676887,0.09102226871139989,G.RF2.CSE025,7,0,1995,0.7142857142857143,11,7,0
3,0,HK,1,class,0.35523304963819824,0.08466899074824352,G.RF2.CSE025,157,0,1995,0.12101910828025478,11,157,0
11,0,HK,0,class,0.11712379060595356,0.0912864174429689,G.RF2.CSE025,61,0,1995,0.5573770491803278,11,61,0
2,0,HK,0,class,0.602830403828968,0.08719980704324283,G.RF2.CSE025,182,0,1995,0.07142857142857142,11,182,0
21,0,HK,0,class,0.18491153572266564,0.08788315399875524,G.RF2.CSE025,4,0,1995,0.25,11,3,0
4,0,HK,0,class,0.40559444765172914,0.08425547977610007,G.RF2.CSE025,165,0,1995,0.10303030303030303,11,165,0
10,0,HK,2,class,0.24477802157751835,0.09053320589077309,G.RF2.CSE025,150,0,1995,0.28,11,145,0
7,0,HK,0,class,0.6619643341420247,0.08863319468281305,G.RF2.CSE025,21,0,1995,0.0,11,21,0
all,1,HK,3,old,0.49506883235841875,0.08750227617227212,G.RF2.CSE025,1362,0,1995,0.11674008810572688,11,1353,1
all,0,HK,2,current,0.34982451820281424,0.08733164325896293,G.RF2.CSE025,336,0,1995,0.17559523809523808,11,331,0
all,0,HK,0,tail,0.354815103409689,0.08958953421282287,G.RF2.CSE025,49,0,1995,0.30612244897959184,11,45,0
9,0,HK,0,class,0.6210581096687294,0.4424577968002182,B.RF2.CSE1,164,0,1995,0.15853658536585366,11,164,0
13,0,HK,0,class,0.5578623526300099,0.4359284109780859,B.RF2.CSE1,160,0,1995,0.24375,11,159,0
16,0,HK,0,class,0.062012118430203676,0.4485138893549838,B.RF2.CSE1,8,0,1995,1.0,11,8,0
14,0,HK,0,class,0.46700222106364286,0.4486868654030645,B.RF2.CSE1,60,0,1995,0.5333333333333333,11,60,0
15,0,HK,0,class,0.7307557723639123,0.4722792416001536,B.RF2.CSE1,123,0,1995,0.11382113821138211,11,123,0
5,0,HK,0,class,0.36404064133526515,0.46305990000792185,B.RF2.CSE1,1,0,1995,1.0,11,1,0
12,0,HK,0,class,0.30817001966804625,0.4327036590662512,B.RF2.CSE1,41,0,1995,0.7317073170731707,11,41,0
1,0,HK,0,class,0.5812026842794703,0.4117900979817092,B.RF2.CSE1,113,0,1995,0.168141592920354,11,113,0
8,0,HK,0,class,0.5799027028262312,0.4321126392695799,B.RF2.CSE1,153,0,1995,0.22875816993464052,11,153,0
22,0,HK,0,class,0.22752239041236338,0.4256049728306235,B.RF2.CSE1,21,0,1995,0.7142857142857143,11,21,1
19,0,HK,0,class,0.05384427958051061,0.4218898328319277,B.RF2.CSE1,2,0,1995,1.0,11,0,1
17,0,HK,1,class,0.10404084584926596,0.4297145184757868,B.RF2.CSE1,5,0,1995,1.0,11,4,0
18,0,HK,1,class,0.10620393824531475,0.4288526954618657,B.RF2.CSE1,33,0,1995,0.9696969696969697,11,31,2
6,0,HK,0,class,0.1110229689874068,0.4152285676593448,B.RF2.CSE1,1,0,1995,1.0,11,0,0
20,0,HK,2,class,0.10036182902579825,0.425144504524894,B.RF2.CSE1,66,0,1995,1.0,11,60,1
0,0,HK,0,class,0.1112465343352391,0.4402854448689693,B.RF2.CSE1,7,0,1995,1.0,11,7,0
3,2,HK,1,class,0.3971320516354932,0.45246399064705434,B.RF2.CSE1,157,0,1995,0.5859872611464968,11,157,0
11,2,HK,0,class,0.12131190865918677,0.42437669592165356,B.RF2.CSE1,61,0,1995,0.9508196721311475,11,60,3
2,2,HK,0,class,0.5863167321784448,0.4231864063555343,B.RF2.CSE1,182,0,1995,0.22527472527472528,11,182,0
21,0,HK,0,class,0.1780172411102219,0.4447321104149464,B.RF2.CSE1,4,0,1995,1.0,11,3,0
4,2,HK,0,class,0.437315373458815,0.44061622332190437,B.RF2.CSE1,165,0,1995,0.5212121212121212,11,165,0
10,1,HK,6,class,0.24980565056988563,0.42201195078216286,B.RF2.CSE1,150,0,1995,0.7866666666666666,11,145,3
7,0,HK,0,class,0.64884683568184,0.41897502390124264,B.RF2.CSE1,21,0,1995,0.14285714285714285,11,21,0
all,6,HK,5,old,0.4922954625934752,0.4369473994043783,B.RF2.CSE1,1362,0,1995,0.3869309838472834,11,1347,8
all,3,HK,6,current,0.36682639212948204,0.4309581695457283,B.RF2.CSE1,336,0,1995,0.6160714285714286,11,331,3
all,0,HK,1,tail,0.34113533878118074,0.430982732616706,B.RF2.CSE1,49,0,1995,0.6326530612244898,11,44,1
9,0,HK,0,class,0.6210581096687294,0.11061444920005455,B.RF2.CSE025,164,0,1995,0.006097560975609756,11,164,0
13,0,HK,0,class,0.5578623526300099,0.10898210274452147,B.RF2.CSE025,160,0,1995,0.04375,11,159,0
16,0,HK,0,class,0.062012118430203676,0.11212847233874595,B.RF2.CSE025,8,0,1995,0.75,11,8,0
14,0,HK,0,class,0.46700222106364286,0.11217171635076613,B.RF2.CSE025,60,0,1995,0.03333333333333333,11,60,0
15,0,HK,0,class,0.7307557723639123,0.11806981040003842,B.RF2.CSE025,123,0,1995,0.0,11,123,0
5,0,HK,0,class,0.36404064133526515,0.11576497500198046,B.RF2.CSE025,1,0,1995,0.0,11,1,0
12,0,HK,0,class,0.30817001966804625,0.1081759147665628,B.RF2.CSE025,41,0,1995,0.17073170731707318,11,41,0
1,0,HK,0,class,0.5812026842794703,0.10294752449542731,B.RF2.CSE025,113,0,1995,0.017699115044247787,11,113,0
8,0,HK,0,class,0.5799027028262312,0.10802815981739497,B.RF2.CSE025,153,0,1995,0.032679738562091505,11,153,0
22,0,HK,0,class,0.22752239041236338,0.10640124320765587,B.RF2.CSE025,21,0,1995,0.38095238095238093,11,21,0
19,0,HK,0,class,0.05384427958051061,0.10547245820798191,B.RF2.CSE025,2,0,1995,1.0,11,0,0
17,0,HK,0,class,0.10404084584926596,0.1074286296189467,B.RF2.CSE025,5,0,1995,0.8,11,4,0
18,0,HK,0,class,0.10620393824531475,0.10721317386546643,B.RF2.CSE025,33,0,1995,0.696969696969697,11,31,0
6,0,HK,0,class,0.1110229689874068,0.1038071419148362,B.RF2.CSE025,1,0,1995,0.0,11,0,0
20,0,HK,1,class,0.10036182902579825,0.1062861261312235,B.RF2.CSE025,66,0,1995,0.5909090909090909,11,60,0
0,0,HK,0,class,0.1112465343352391,0.11007136121724233,B.RF2.CSE025,7,0,1995,0.7142857142857143,11,7,0
3,1,HK,1,class,0.3971320516354932,0.11311599766176358,B.RF2.CSE025,157,0,1995,0.14012738853503184,11,157,0
11,0,HK,0,class,0.12131190865918677,0.10609417398041339,B.RF2.CSE025,61,0,1995,0.5901639344262295,11,60,1
2,1,HK,0,class,0.5863167321784448,0.10579660158888357,B.RF2.CSE025,182,0,1995,0.08241758241758242,11,182,0
21,0,HK,0,class,0.1780172411102219,0.11118302760373659,B.RF2.CSE025,4,0,1995,0.5,11,3,0
4,2,HK,0,class,0.437315373458815,0.11015405583047609,B.RF2.CSE025,165,0,1995,0.13333333333333333,11,165,0
10,0,HK,2,class,0.24980565056988563,0.10550298769554071,B.RF2.CSE025,150,0,1995,0.28,11,145,1
7,0,HK,0,class,0.64884683568184,0.10474375597531066,B.RF2.CSE025,21,0,1995,0.0,11,21,0
all,2,HK,2,old,0.4922954625934752,0.10923684985109458,B.RF2.CSE025,1362,0,1995,0.13656387665198239,11,1347,1
all,2,HK,2,current,0.36682639212948204,0.10773954238643209,B.RF2.CSE025,336,0,1995,0.19047619047619047,11,331,1
all,0,HK,0,tail,0.34113533878118074,0.1077456831541765,B.RF2.CSE025,49,0,1995,0.3877551020408163,11,44,0
9,0,HK,0,class,0.6409257796162174,0.3485674182280812,G.RF1.CSEperm1,164,0,1995,0.10975609756097561,11,164,0
13,0,HK,0,class,0.5866678661170012,0.35840701414776055,G.RF1.CSEperm1,160,0,1995,0.16875,11,159,1
16,0,HK,0,class,0.12627114295587374,0.3737627968749647,G.RF1.CSEperm1,8,0,1995,1.0,11,8,0
14,0,HK,0,class,0.46808960667839816,0.3418470858758581,G.RF1.CSEperm1,60,0,1995,0.31666666666666665,11,60,0
15,0,HK,0,class,0.735461133464472,0.3564697994046293,G.RF1.CSEperm1,123,0,1995,0.04065040650406504,11,123,0
5,0,HK,0,class,0.4350075688440884,0.3255782178100478,G.RF1.CSEperm1,1,0,1995,0.0,11,1,0
12,0,HK,0,class,0.33980078199833913,0.3649285321280054,G.RF1.CSEperm1,41,0,1995,0.5365853658536586,11,41,0
1,0,HK,0,class,0.5966965125927769,0.3553594688119471,G.RF1.CSEperm1,113,0,1995,0.11504424778761062,11,113,0
8,0,HK,0,class,0.5508222830063344,0.34903235751367956,G.RF1.CSEperm1,153,0,1995,0.16993464052287582,11,153,0
22,0,HK,0,class,0.236348758230516,0.35167250713374554,G.RF1.CSEperm1,21,0,1995,0.7142857142857143,11,19,0
19,0,HK,0,class,0.030040132679740483,0.34803238170169576,G.RF1.CSEperm1,2,0,1995,1.0,11,0,0
17,0,HK,0,class,0.13813921935545292,0.3597545366215457,G.RF1.CSEperm1,5,0,1995,0.8,11,4,1
18,2,HK,0,class,0.0907048009323647,0.3591288373613466,G.RF1.CSEperm1,33,0,1995,1.0,11,30,0
6,0,HK,0,class,0.21242759933088856,0.32024468136602435,G.RF1.CSEperm1,1,0,1995,1.0,11,0,0
20,1,HK,0,class,0.11361724180962166,0.3499468738467219,G.RF1.CSEperm1,66,0,1995,0.9848484848484849,11,61,1
0,0,HK,0,class,0.07368616084300807,0.3661415444112453,G.RF1.CSEperm1,7,0,1995,1.0,11,7,1
3,1,HK,1,class,0.352693649394751,0.33554999604846664,G.RF1.CSEperm1,157,0,1995,0.49044585987261147,11,157,0
11,1,HK,4,class,0.11883140492518587,0.3625919411584259,G.RF1.CSEperm1,61,0,1995,1.0,11,61,1
2,0,HK,2,class,0.6007842743270435,0.35095693543505674,G.RF1.CSEperm1,182,0,1995,0.22527472527472528,11,182,0
21,0,HK,0,class,0.1606384315502512,0.3610263901136497,G.RF1.CSEperm1,4,0,1995,1.0,11,3,0
4,0,HK,2,class,0.4075439279488342,0.33410989712393196,G.RF1.CSEperm1,165,0,1995,0.4303030303030303,11,165,0
10,1,HK,0,class,0.24595323796465915,0.3538062873198291,G.RF1.CSEperm1,150,0,1995,0.7133333333333334,11,145,2
7,0,HK,0,class,0.673384861587592,0.36121927631049155,G.RF1.CSEperm1,21,0,1995,0.14285714285714285,11,21,0
all,5,HK,7,old,0.4949680939497338,0.3513441827555431,G.RF1.CSEperm1,1362,0,1995,0.328928046989721,11,1346,5
all,1,HK,2,current,0.3520202854154641,0.344597264660546,G.RF1.CSEperm1,336,0,1995,0.5386904761904762,11,331,2
all,0,HK,0,tail,0.3613840738653103,0.36170334478654187,G.RF1.CSEperm1,49,0,1995,0.5918367346938775,11,44,2
9,0,HK,0,class,0.6208135348527536,0.4234063715690328,B.RF1.CSEperm1,164,0,1995,0.12804878048780488,11,164,0
13,0,HK,0,class,0.563919319665542,0.40358734432846466,B.RF1.CSEperm1,160,0,1995,0.2125,11,159,1
16,0,HK,2,class,0.053331092104414925,0.42720435297803694,B.RF1.CSEperm1,8,0,1995,1.0,11,8,1
14,0,HK,0,class,0.46081957530230533,0.42488232653394614,B.RF1.CSEperm1,60,0,1995,0.48333333333333334,11,60,0
15,0,HK,0,class,0.7312675669223684,0.4482683643786264,B.RF1.CSEperm1,123,0,1995,0.08943089430894309,11,123,0
5,0,HK,0,class,0.3114854286581511,0.4630599000079218,B.RF1.CSEperm1,1,0,1995,1.0,11,1,0
12,1,HK,0,class,0.30872264441773123,0.428990780773724,B.RF1.CSEperm1,41,0,1995,0.7317073170731707,11,40,1
1,0,HK,0,class,0.5792497140792919,0.4110940307333928,B.RF1.CSEperm1,113,0,1995,0.1592920353982301,11,113,0
8,0,HK,1,class,0.5782321498001298,0.40168685784172825,B.RF1.CSEperm1,153,0,1995,0.20261437908496732,11,153,0
22,0,HK,0,class,0.23463915917205905,0.4248332289934345,B.RF1.CSEperm1,21,0,1995,0.7142857142857143,11,20,0
19,0,HK,0,class,0.02046276524691755,0.4102370860671293,B.RF1.CSEperm1,2,0,1995,1.0,11,0,0
17,0,HK,1,class,0.12710029449589164,0.42339403316473634,B.RF1.CSEperm1,5,0,1995,1.0,11,5,0
18,2,HK,0,class,0.10505778519731503,0.4194614375856045,B.RF1.CSEperm1,33,0,1995,1.0,11,29,0
6,0,HK,0,class,0.16020741465968125,0.42010565137936434,B.RF1.CSEperm1,1,0,1995,1.0,11,0,0
20,0,HK,1,class,0.09728466008506208,0.41932954697561364,B.RF1.CSEperm1,66,0,1995,1.0,11,63,3
0,0,HK,1,class,0.07875321422011297,0.42672733244679245,B.RF1.CSEperm1,7,0,1995,1.0,11,7,2
3,2,HK,3,class,0.3985253633408569,0.43748303412587575,B.RF1.CSEperm1,157,0,1995,0.5605095541401274,11,157,0
11,1,HK,7,class,0.12056628759878162,0.42333171778045364,B.RF1.CSEperm1,61,0,1995,0.9508196721311475,11,60,1
2,1,HK,4,class,0.5798000292367704,0.4196401811370115,B.RF1.CSEperm1,182,0,1995,0.22527472527472528,11,182,0
21,0,HK,0,class,0.21290387861685478,0.4291817542891722,B.RF1.CSEperm1,4,0,1995,1.0,11,3,0
4,5,HK,0,class,0.4417893427025165,0.41488226961855307,B.RF1.CSEperm1,165,0,1995,0.509090909090909,11,165,0
10,0,HK,2,class,0.24362205351907804,0.4141719346237046,B.RF1.CSEperm1,150,0,1995,0.7666666666666667,11,145,4
7,0,HK,0,class,0.6628118142039251,0.43517991273560436,B.RF1.CSEperm1,21,0,1995,0.14285714285714285,11,21,0
all,7,HK,20,old,0.4915252316222031,0.42100369140323174,B.RF1.CSEperm1,1362,0,1995,0.36930983847283405,11,1347,9
all,5,HK,2,current,0.3671357073573195,0.4158337584763828,B.RF1.CSEperm1,336,0,1995,0.6011904761904762,11,331,4
all,0,HK,4,tail,0.34483070806973654,0.4302212494877847,B.RF1.CSEperm1,49,0,1995,0.6326530612244898,11,45,3
