candidate,class_id,comparator,corrections,dataset,destructions,n,seed,task,wrong_to_wrong
F.RF1,0,F.LIN,0,ISIC,0,44,1993,1,0
F.RF1,4,F.LIN,0,ISIC,1,41,1993,1,0
F.RF1,0,F.LIN,2,ISIC,0,44,1993,2,0
F.RF1,3,F.LIN,0,ISIC,2,40,1993,2,0
F.RF1,4,F.LIN,0,ISIC,3,41,1993,2,1
F.RF1,7,F.LIN,0,ISIC,1,24,1993,2,0
F.RF1,0,F.LIN,0,ISIC,0,44,1993,3,0
F.RF1,3,F.LIN,0,ISIC,1,40,1993,3,0
F.RF1,4,F.LIN,0,ISIC,1,41,1993,3,2
F.RF1,5,F.LIN,1,ISIC,0,37,1993,3,1
F.RF1,6,F.LIN,0,ISIC,0,26,1993,3,0
F.RF1,7,F.LIN,0,ISIC,0,24,1993,3,0
F.RF1,0,F.LIN,0,ISIC,1,44,1993,4,0
F.RF1,1,F.LIN,1,ISIC,1,37,1993,4,0
F.RF1,2,F.LIN,1,ISIC,2,46,1993,4,5
F.RF1,3,F.LIN,0,ISIC,2,40,1993,4,1
F.RF1,4,F.LIN,1,ISIC,1,41,1993,4,1
F.RF1,5,F.LIN,0,ISIC,0,37,1993,4,1
F.RF1,6,F.LIN,0,ISIC,0,26,1993,4,0
F.RF1,7,F.LIN,0,ISIC,0,24,1993,4,0
F.RF1,3,F.LIN,0,ISIC,0,40,1994,1,0
F.RF1,7,F.LIN,1,ISIC,1,24,1994,1,0
F.RF1,3,F.LIN,0,ISIC,1,40,1994,2,0
F.RF1,4,F.LIN,0,ISIC,1,41,1994,2,1
F.RF1,5,F.LIN,2,ISIC,0,37,1994,2,0
F.RF1,7,F.LIN,1,ISIC,1,24,1994,2,1
F.RF1,0,F.LIN,1,ISIC,0,44,1994,3,1
F.RF1,1,F.LIN,1,ISIC,1,37,1994,3,0
F.RF1,3,F.LIN,2,ISIC,1,40,1994,3,3
F.RF1,4,F.LIN,0,ISIC,0,41,1994,3,1
F.RF1,5,F.LIN,2,ISIC,0,37,1994,3,1
F.RF1,7,F.LIN,0,ISIC,0,24,1994,3,0
F.RF1,0,F.LIN,1,ISIC,1,44,1994,4,0
F.RF1,1,F.LIN,1,ISIC,1,37,1994,4,0
F.RF1,2,F.LIN,0,ISIC,2,46,1994,4,0
F.RF1,3,F.LIN,0,ISIC,1,40,1994,4,6
F.RF1,4,F.LIN,0,ISIC,1,41,1994,4,1
F.RF1,5,F.LIN,1,ISIC,0,37,1994,4,1
F.RF1,6,F.LIN,0,ISIC,1,26,1994,4,0
F.RF1,7,F.LIN,0,ISIC,0,24,1994,4,0
F.RF1,1,F.LIN,3,ISIC,0,37,1995,1,0
F.RF1,3,F.LIN,0,ISIC,0,40,1995,1,0
F.RF1,0,F.LIN,0,ISIC,1,44,1995,2,1
F.RF1,1,F.LIN,1,ISIC,0,37,1995,2,0
F.RF1,3,F.LIN,0,ISIC,1,40,1995,2,0
F.RF1,6,F.LIN,0,ISIC,0,26,1995,2,0
F.RF1,0,F.LIN,0,ISIC,2,44,1995,3,1
F.RF1,1,F.LIN,1,ISIC,1,37,1995,3,1
F.RF1,3,F.LIN,0,ISIC,0,40,1995,3,0
F.RF1,4,F.LIN,2,ISIC,0,41,1995,3,1
F.RF1,5,F.LIN,1,ISIC,1,37,1995,3,0
F.RF1,6,F.LIN,0,ISIC,0,26,1995,3,0
F.RF1,0,F.LIN,0,ISIC,2,44,1995,4,0
F.RF1,1,F.LIN,0,ISIC,2,37,1995,4,1
F.RF1,2,F.LIN,2,ISIC,7,46,1995,4,1
F.RF1,3,F.LIN,0,ISIC,2,40,1995,4,2
F.RF1,4,F.LIN,1,ISIC,1,41,1995,4,3
F.RF1,5,F.LIN,0,ISIC,0,37,1995,4,1
F.RF1,6,F.LIN,0,ISIC,1,26,1995,4,0
F.RF1,7,F.LIN,1,ISIC,3,24,1995,4,1
G.RF1,0,G.LIN,0,ISIC,0,44,1993,1,0
G.RF1,4,G.LIN,0,ISIC,0,41,1993,1,0
G.RF1,0,G.LIN,0,ISIC,1,44,1993,2,0
G.RF1,3,G.LIN,1,ISIC,1,40,1993,2,0
G.RF1,4,G.LIN,0,ISIC,1,41,1993,2,1
G.RF1,7,G.LIN,2,ISIC,0,24,1993,2,0
G.RF1,0,G.LIN,0,ISIC,1,44,1993,3,0
G.RF1,3,G.LIN,1,ISIC,3,40,1993,3,0
G.RF1,4,G.LIN,1,ISIC,0,41,1993,3,0
G.RF1,5,G.LIN,2,ISIC,2,37,1993,3,0
G.RF1,6,G.LIN,0,ISIC,2,26,1993,3,0
G.RF1,7,G.LIN,2,ISIC,0,24,1993,3,1
G.RF1,0,G.LIN,1,ISIC,3,44,1993,4,0
G.RF1,1,G.LIN,2,ISIC,1,37,1993,4,2
G.RF1,2,G.LIN,3,ISIC,3,46,1993,4,3
G.RF1,3,G.LIN,1,ISIC,3,40,1993,4,0
G.RF1,4,G.LIN,2,ISIC,1,41,1993,4,3
G.RF1,5,G.LIN,1,ISIC,1,37,1993,4,2
G.RF1,6,G.LIN,2,ISIC,0,26,1993,4,0
G.RF1,7,G.LIN,2,ISIC,1,24,1993,4,2
G.RF1,3,G.LIN,0,ISIC,0,40,1994,1,0
G.RF1,7,G.LIN,1,ISIC,1,24,1994,1,0
G.RF1,3,G.LIN,2,ISIC,1,40,1994,2,0
G.RF1,4,G.LIN,0,ISIC,2,41,1994,2,1
G.RF1,5,G.LIN,0,ISIC,1,37,1994,2,0
G.RF1,7,G.LIN,0,ISIC,0,24,1994,2,0
G.RF1,0,G.LIN,0,ISIC,2,44,1994,3,1
G.RF1,1,G.LIN,0,ISIC,1,37,1994,3,2
G.RF1,3,G.LIN,0,ISIC,0,40,1994,3,4
G.RF1,4,G.LIN,0,ISIC,3,41,1994,3,2
G.RF1,5,G.LIN,0,ISIC,0,37,1994,3,1
G.RF1,7,G.LIN,0,ISIC,0,24,1994,3,0
G.RF1,0,G.LIN,1,ISIC,2,44,1994,4,1
G.RF1,1,G.LIN,1,ISIC,1,37,1994,4,2
G.RF1,2,G.LIN,0,ISIC,0,46,1994,4,3
G.RF1,3,G.LIN,0,ISIC,1,40,1994,4,5
G.RF1,4,G.LIN,0,ISIC,1,41,1994,4,1
G.RF1,5,G.LIN,0,ISIC,3,37,1994,4,0
G.RF1,6,G.LIN,0,ISIC,0,26,1994,4,0
G.RF1,7,G.LIN,0,ISIC,1,24,1994,4,0
G.RF1,1,G.LIN,1,ISIC,2,37,1995,1,0
G.RF1,3,G.LIN,1,ISIC,1,40,1995,1,0
G.RF1,0,G.LIN,0,ISIC,0,44,1995,2,0
G.RF1,1,G.LIN,0,ISIC,1,37,1995,2,0
G.RF1,3,G.LIN,1,ISIC,0,40,1995,2,0
G.RF1,6,G.LIN,0,ISIC,0,26,1995,2,0
G.RF1,0,G.LIN,0,ISIC,0,44,1995,3,0
G.RF1,1,G.LIN,1,ISIC,3,37,1995,3,3
G.RF1,3,G.LIN,0,ISIC,1,40,1995,3,1
G.RF1,4,G.LIN,1,ISIC,1,41,1995,3,1
G.RF1,5,G.LIN,0,ISIC,1,37,1995,3,0
G.RF1,6,G.LIN,0,ISIC,0,26,1995,3,0
G.RF1,0,G.LIN,1,ISIC,1,44,1995,4,0
G.RF1,1,G.LIN,2,ISIC,3,37,1995,4,1
G.RF1,2,G.LIN,0,ISIC,3,46,1995,4,0
G.RF1,3,G.LIN,0,ISIC,1,40,1995,4,0
G.RF1,4,G.LIN,1,ISIC,1,41,1995,4,3
G.RF1,5,G.LIN,1,ISIC,3,37,1995,4,1
G.RF1,6,G.LIN,1,ISIC,0,26,1995,4,0
G.RF1,7,G.LIN,1,ISIC,0,24,1995,4,1
B.RF1,0,B.LIN,0,ISIC,0,44,1993,1,0
B.RF1,4,B.LIN,1,ISIC,1,41,1993,1,0
B.RF1,0,B.LIN,0,ISIC,0,44,1993,2,0
B.RF1,3,B.LIN,0,ISIC,1,40,1993,2,0
B.RF1,4,B.LIN,1,ISIC,2,41,1993,2,0
B.RF1,7,B.LIN,0,ISIC,0,24,1993,2,0
B.RF1,0,B.LIN,0,ISIC,0,44,1993,3,0
B.RF1,3,B.LIN,1,ISIC,1,40,1993,3,0
B.RF1,4,B.LIN,1,ISIC,1,41,1993,3,0
B.RF1,5,B.LIN,3,ISIC,2,37,1993,3,0
B.RF1,6,B.LIN,0,ISIC,0,26,1993,3,0
B.RF1,7,B.LIN,0,ISIC,1,24,1993,3,0
B.RF1,0,B.LIN,0,ISIC,1,44,1993,4,0
B.RF1,1,B.LIN,2,ISIC,3,37,1993,4,0
B.RF1,2,B.LIN,4,ISIC,3,46,1993,4,2
B.RF1,3,B.LIN,3,ISIC,4,40,1993,4,0
B.RF1,4,B.LIN,3,ISIC,2,41,1993,4,1
B.RF1,5,B.LIN,1,ISIC,1,37,1993,4,1
B.RF1,6,B.LIN,0,ISIC,1,26,1993,4,2
B.RF1,7,B.LIN,1,ISIC,1,24,1993,4,1
B.RF1,3,B.LIN,0,ISIC,0,40,1994,1,0
B.RF1,7,B.LIN,0,ISIC,1,24,1994,1,0
B.RF1,3,B.LIN,1,ISIC,1,40,1994,2,0
B.RF1,4,B.LIN,1,ISIC,2,41,1994,2,1
B.RF1,5,B.LIN,0,ISIC,1,37,1994,2,0
B.RF1,7,B.LIN,0,ISIC,0,24,1994,2,1
B.RF1,0,B.LIN,1,ISIC,0,44,1994,3,0
B.RF1,1,B.LIN,1,ISIC,0,37,1994,3,0
B.RF1,3,B.LIN,0,ISIC,1,40,1994,3,2
B.RF1,4,B.LIN,0,ISIC,0,41,1994,3,1
B.RF1,5,B.LIN,1,ISIC,1,37,1994,3,0
B.RF1,7,B.LIN,0,ISIC,0,24,1994,3,1
B.RF1,0,B.LIN,1,ISIC,0,44,1994,4,0
B.RF1,1,B.LIN,0,ISIC,0,37,1994,4,0
B.RF1,2,B.LIN,0,ISIC,1,46,1994,4,1
B.RF1,3,B.LIN,1,ISIC,2,40,1994,4,1
B.RF1,4,B.LIN,0,ISIC,1,41,1994,4,1
B.RF1,5,B.LIN,0,ISIC,0,37,1994,4,2
B.RF1,6,B.LIN,0,ISIC,0,26,1994,4,0
B.RF1,7,B.LIN,0,ISIC,0,24,1994,4,0
B.RF1,1,B.LIN,1,ISIC,0,37,1995,1,0
B.RF1,3,B.LIN,0,ISIC,0,40,1995,1,0
B.RF1,0,B.LIN,0,ISIC,1,44,1995,2,1
B.RF1,1,B.LIN,1,ISIC,1,37,1995,2,0
B.RF1,3,B.LIN,1,ISIC,0,40,1995,2,0
B.RF1,6,B.LIN,0,ISIC,0,26,1995,2,0
B.RF1,0,B.LIN,1,ISIC,2,44,1995,3,1
B.RF1,1,B.LIN,1,ISIC,1,37,1995,3,0
B.RF1,3,B.LIN,0,ISIC,4,40,1995,3,1
B.RF1,4,B.LIN,1,ISIC,2,41,1995,3,1
B.RF1,5,B.LIN,2,ISIC,1,37,1995,3,0
B.RF1,6,B.LIN,0,ISIC,0,26,1995,3,0
B.RF1,0,B.LIN,1,ISIC,1,44,1995,4,2
B.RF1,1,B.LIN,0,ISIC,1,37,1995,4,1
B.RF1,2,B.LIN,5,ISIC,1,46,1995,4,0
B.RF1,3,B.LIN,1,ISIC,3,40,1995,4,0
B.RF1,4,B.LIN,3,ISIC,1,41,1995,4,0
B.RF1,5,B.LIN,1,ISIC,1,37,1995,4,1
B.RF1,6,B.LIN,0,ISIC,0,26,1995,4,1
B.RF1,7,B.LIN,0,ISIC,2,24,1995,4,2
G.RF1,0,F.RF1,0,ISIC,0,44,1993,1,0
G.RF1,4,F.RF1,1,ISIC,0,41,1993,1,0
G.RF1,0,F.RF1,0,ISIC,2,44,1993,2,0
G.RF1,3,F.RF1,8,ISIC,0,40,1993,2,0
G.RF1,4,F.RF1,1,ISIC,1,41,1993,2,1
G.RF1,7,F.RF1,1,ISIC,2,24,1993,2,1
G.RF1,0,F.RF1,0,ISIC,1,44,1993,3,0
G.RF1,3,F.RF1,6,ISIC,1,40,1993,3,1
G.RF1,4,F.RF1,3,ISIC,2,41,1993,3,1
G.RF1,5,F.RF1,2,ISIC,3,37,1993,3,1
G.RF1,6,F.RF1,0,ISIC,4,26,1993,3,0
G.RF1,7,F.RF1,0,ISIC,3,24,1993,3,2
G.RF1,0,F.RF1,2,ISIC,1,44,1993,4,0
G.RF1,1,F.RF1,3,ISIC,2,37,1993,4,3
G.RF1,2,F.RF1,6,ISIC,2,46,1993,4,1
G.RF1,3,F.RF1,6,ISIC,1,40,1993,4,2
G.RF1,4,F.RF1,1,ISIC,3,41,1993,4,3
G.RF1,5,F.RF1,2,ISIC,0,37,1993,4,3
G.RF1,6,F.RF1,0,ISIC,1,26,1993,4,0
G.RF1,7,F.RF1,0,ISIC,2,24,1993,4,4
G.RF1,3,F.RF1,1,ISIC,1,40,1994,1,0
G.RF1,7,F.RF1,2,ISIC,0,24,1994,1,0
G.RF1,3,F.RF1,7,ISIC,2,40,1994,2,1
G.RF1,4,F.RF1,1,ISIC,1,41,1994,2,3
G.RF1,5,F.RF1,1,ISIC,4,37,1994,2,0
G.RF1,7,F.RF1,2,ISIC,0,24,1994,2,2
G.RF1,0,F.RF1,1,ISIC,1,44,1994,3,0
G.RF1,1,F.RF1,1,ISIC,1,37,1994,3,2
G.RF1,3,F.RF1,2,ISIC,3,40,1994,3,6
G.RF1,4,F.RF1,0,ISIC,2,41,1994,3,2
G.RF1,5,F.RF1,0,ISIC,2,37,1994,3,1
G.RF1,7,F.RF1,2,ISIC,1,24,1994,3,1
G.RF1,0,F.RF1,1,ISIC,1,44,1994,4,1
G.RF1,1,F.RF1,1,ISIC,1,37,1994,4,1
G.RF1,2,F.RF1,2,ISIC,0,46,1994,4,4
G.RF1,3,F.RF1,2,ISIC,2,40,1994,4,7
G.RF1,4,F.RF1,0,ISIC,1,41,1994,4,2
G.RF1,5,F.RF1,1,ISIC,5,37,1994,4,0
G.RF1,6,F.RF1,2,ISIC,0,26,1994,4,1
G.RF1,7,F.RF1,0,ISIC,0,24,1994,4,1
G.RF1,1,F.RF1,0,ISIC,2,37,1995,1,0
G.RF1,3,F.RF1,1,ISIC,0,40,1995,1,0
G.RF1,0,F.RF1,1,ISIC,0,44,1995,2,1
G.RF1,1,F.RF1,1,ISIC,2,37,1995,2,0
G.RF1,3,F.RF1,1,ISIC,0,40,1995,2,0
G.RF1,6,F.RF1,0,ISIC,0,26,1995,2,0
G.RF1,0,F.RF1,1,ISIC,0,44,1995,3,0
G.RF1,1,F.RF1,2,ISIC,2,37,1995,3,1
G.RF1,3,F.RF1,2,ISIC,1,40,1995,3,1
G.RF1,4,F.RF1,0,ISIC,1,41,1995,3,2
G.RF1,5,F.RF1,1,ISIC,2,37,1995,3,0
G.RF1,6,F.RF1,0,ISIC,0,26,1995,3,0
G.RF1,0,F.RF1,1,ISIC,1,44,1995,4,0
G.RF1,1,F.RF1,4,ISIC,2,37,1995,4,1
G.RF1,2,F.RF1,6,ISIC,5,46,1995,4,1
G.RF1,3,F.RF1,2,ISIC,0,40,1995,4,1
G.RF1,4,F.RF1,2,ISIC,1,41,1995,4,2
G.RF1,5,F.RF1,1,ISIC,3,37,1995,4,1
G.RF1,6,F.RF1,1,ISIC,0,26,1995,4,0
G.RF1,7,F.RF1,2,ISIC,2,24,1995,4,2
B.RF1,0,F.RF1,0,ISIC,0,44,1993,1,0
B.RF1,4,F.RF1,1,ISIC,0,41,1993,1,0
B.RF1,0,F.RF1,0,ISIC,1,44,1993,2,0
B.RF1,3,F.RF1,6,ISIC,0,40,1993,2,1
B.RF1,4,F.RF1,1,ISIC,0,41,1993,2,0
B.RF1,7,F.RF1,1,ISIC,2,24,1993,2,0
B.RF1,0,F.RF1,0,ISIC,0,44,1993,3,0
B.RF1,3,F.RF1,7,ISIC,1,40,1993,3,1
B.RF1,4,F.RF1,1,ISIC,3,41,1993,3,0
B.RF1,5,F.RF1,3,ISIC,2,37,1993,3,0
B.RF1,6,F.RF1,0,ISIC,3,26,1993,3,0
B.RF1,7,F.RF1,0,ISIC,4,24,1993,3,0
B.RF1,0,F.RF1,2,ISIC,0,44,1993,4,1
B.RF1,1,F.RF1,2,ISIC,1,37,1993,4,0
B.RF1,2,F.RF1,11,ISIC,2,46,1993,4,1
B.RF1,3,F.RF1,8,ISIC,1,40,1993,4,2
B.RF1,4,F.RF1,0,ISIC,3,41,1993,4,1
B.RF1,5,F.RF1,2,ISIC,0,37,1993,4,4
B.RF1,6,F.RF1,0,ISIC,3,26,1993,4,0
B.RF1,7,F.RF1,0,ISIC,1,24,1993,4,1
B.RF1,3,F.RF1,1,ISIC,0,40,1994,1,0
B.RF1,7,F.RF1,1,ISIC,2,24,1994,1,0
B.RF1,3,F.RF1,8,ISIC,0,40,1994,2,0
B.RF1,4,F.RF1,3,ISIC,3,41,1994,2,1
B.RF1,5,F.RF1,0,ISIC,2,37,1994,2,1
B.RF1,7,F.RF1,1,ISIC,3,24,1994,2,0
B.RF1,0,F.RF1,2,ISIC,0,44,1994,3,1
B.RF1,1,F.RF1,3,ISIC,2,37,1994,3,1
B.RF1,3,F.RF1,8,ISIC,0,40,1994,3,8
B.RF1,4,F.RF1,2,ISIC,3,41,1994,3,3
B.RF1,5,F.RF1,0,ISIC,2,37,1994,3,2
B.RF1,7,F.RF1,2,ISIC,2,24,1994,3,1
B.RF1,0,F.RF1,5,ISIC,0,44,1994,4,2
B.RF1,1,F.RF1,3,ISIC,2,37,1994,4,2
B.RF1,2,F.RF1,2,ISIC,1,46,1994,4,9
B.RF1,3,F.RF1,12,ISIC,0,40,1994,4,13
B.RF1,4,F.RF1,5,ISIC,4,41,1994,4,5
B.RF1,5,F.RF1,0,ISIC,1,37,1994,4,3
B.RF1,6,F.RF1,1,ISIC,0,26,1994,4,0
B.RF1,7,F.RF1,3,ISIC,2,24,1994,4,4
B.RF1,1,F.RF1,1,ISIC,3,37,1995,1,0
B.RF1,3,F.RF1,0,ISIC,1,40,1995,1,0
B.RF1,0,F.RF1,0,ISIC,0,44,1995,2,0
B.RF1,1,F.RF1,1,ISIC,2,37,1995,2,0
B.RF1,3,F.RF1,2,ISIC,0,40,1995,2,0
B.RF1,6,F.RF1,0,ISIC,0,26,1995,2,0
B.RF1,0,F.RF1,1,ISIC,1,44,1995,3,0
B.RF1,1,F.RF1,1,ISIC,2,37,1995,3,0
B.RF1,3,F.RF1,1,ISIC,4,40,1995,3,2
B.RF1,4,F.RF1,0,ISIC,3,41,1995,3,1
B.RF1,5,F.RF1,1,ISIC,0,37,1995,3,0
B.RF1,6,F.RF1,0,ISIC,0,26,1995,3,0
B.RF1,0,F.RF1,1,ISIC,0,44,1995,4,1
B.RF1,1,F.RF1,5,ISIC,2,37,1995,4,1
B.RF1,2,F.RF1,12,ISIC,2,46,1995,4,0
B.RF1,3,F.RF1,3,ISIC,4,40,1995,4,1
B.RF1,4,F.RF1,2,ISIC,2,41,1995,4,2
B.RF1,5,F.RF1,0,ISIC,0,37,1995,4,2
B.RF1,6,F.RF1,1,ISIC,0,26,1995,4,1
B.RF1,7,F.RF1,2,ISIC,1,24,1995,4,2
G.RF1,0,F.LIN,0,ISIC,0,44,1993,1,0
G.RF1,4,F.LIN,1,ISIC,1,41,1993,1,0
G.RF1,0,F.LIN,0,ISIC,0,44,1993,2,0
G.RF1,3,F.LIN,6,ISIC,0,40,1993,2,0
G.RF1,4,F.LIN,0,ISIC,3,41,1993,2,0
G.RF1,7,F.LIN,0,ISIC,2,24,1993,2,1
G.RF1,0,F.LIN,0,ISIC,1,44,1993,3,0
G.RF1,3,F.LIN,5,ISIC,1,40,1993,3,1
G.RF1,4,F.LIN,2,ISIC,2,41,1993,3,1
G.RF1,5,F.LIN,3,ISIC,3,37,1993,3,2
G.RF1,6,F.LIN,0,ISIC,4,26,1993,3,0
G.RF1,7,F.LIN,0,ISIC,3,24,1993,3,2
G.RF1,0,F.LIN,2,ISIC,2,44,1993,4,0
G.RF1,1,F.LIN,2,ISIC,1,37,1993,4,4
G.RF1,2,F.LIN,4,ISIC,1,46,1993,4,4
G.RF1,3,F.LIN,5,ISIC,2,40,1993,4,1
G.RF1,4,F.LIN,0,ISIC,2,41,1993,4,4
G.RF1,5,F.LIN,2,ISIC,0,37,1993,4,3
G.RF1,6,F.LIN,0,ISIC,1,26,1993,4,0
G.RF1,7,F.LIN,0,ISIC,2,24,1993,4,4
G.RF1,3,F.LIN,1,ISIC,1,40,1994,1,0
G.RF1,7,F.LIN,2,ISIC,0,24,1994,1,0
G.RF1,3,F.LIN,6,ISIC,2,40,1994,2,1
G.RF1,4,F.LIN,1,ISIC,2,41,1994,2,4
G.RF1,5,F.LIN,1,ISIC,2,37,1994,2,0
G.RF1,7,F.LIN,2,ISIC,0,24,1994,2,1
G.RF1,0,F.LIN,2,ISIC,1,44,1994,3,1
G.RF1,1,F.LIN,1,ISIC,1,37,1994,3,2
G.RF1,3,F.LIN,2,ISIC,2,40,1994,3,8
G.RF1,4,F.LIN,0,ISIC,2,41,1994,3,3
G.RF1,5,F.LIN,1,ISIC,1,37,1994,3,2
G.RF1,7,F.LIN,2,ISIC,1,24,1994,3,1
G.RF1,0,F.LIN,2,ISIC,2,44,1994,4,1
G.RF1,1,F.LIN,1,ISIC,1,37,1994,4,1
G.RF1,2,F.LIN,1,ISIC,1,46,1994,4,3
G.RF1,3,F.LIN,2,ISIC,3,40,1994,4,10
G.RF1,4,F.LIN,0,ISIC,2,41,1994,4,3
G.RF1,5,F.LIN,1,ISIC,4,37,1994,4,1
G.RF1,6,F.LIN,2,ISIC,1,26,1994,4,0
G.RF1,7,F.LIN,0,ISIC,0,24,1994,4,1
G.RF1,1,F.LIN,2,ISIC,1,37,1995,1,0
G.RF1,3,F.LIN,1,ISIC,0,40,1995,1,0
G.RF1,0,F.LIN,0,ISIC,0,44,1995,2,0
G.RF1,1,F.LIN,1,ISIC,1,37,1995,2,0
G.RF1,3,F.LIN,0,ISIC,0,40,1995,2,0
G.RF1,6,F.LIN,0,ISIC,0,26,1995,2,0
G.RF1,0,F.LIN,0,ISIC,1,44,1995,3,1
G.RF1,1,F.LIN,2,ISIC,2,37,1995,3,2
G.RF1,3,F.LIN,2,ISIC,1,40,1995,3,1
G.RF1,4,F.LIN,2,ISIC,1,41,1995,3,1
G.RF1,5,F.LIN,1,ISIC,2,37,1995,3,0
G.RF1,6,F.LIN,0,ISIC,0,26,1995,3,0
G.RF1,0,F.LIN,1,ISIC,3,44,1995,4,0
G.RF1,1,F.LIN,3,ISIC,3,37,1995,4,1
G.RF1,2,F.LIN,1,ISIC,5,46,1995,4,2
G.RF1,3,F.LIN,2,ISIC,2,40,1995,4,0
G.RF1,4,F.LIN,2,ISIC,1,41,1995,4,3
G.RF1,5,F.LIN,1,ISIC,3,37,1995,4,2
G.RF1,6,F.LIN,1,ISIC,1,26,1995,4,0
G.RF1,7,F.LIN,0,ISIC,2,24,1995,4,3
B.RF1,0,F.LIN,0,ISIC,0,44,1993,1,0
B.RF1,4,F.LIN,0,ISIC,0,41,1993,1,0
B.RF1,0,F.LIN,1,ISIC,0,44,1993,2,0
B.RF1,3,F.LIN,5,ISIC,1,40,1993,2,0
B.RF1,4,F.LIN,0,ISIC,2,41,1993,2,1
B.RF1,7,F.LIN,0,ISIC,2,24,1993,2,0
B.RF1,0,F.LIN,0,ISIC,0,44,1993,3,0
B.RF1,3,F.LIN,6,ISIC,1,40,1993,3,1
B.RF1,4,F.LIN,1,ISIC,4,41,1993,3,2
B.RF1,5,F.LIN,3,ISIC,1,37,1993,3,0
B.RF1,6,F.LIN,0,ISIC,3,26,1993,3,0
B.RF1,7,F.LIN,0,ISIC,4,24,1993,3,0
B.RF1,0,F.LIN,1,ISIC,0,44,1993,4,1
B.RF1,1,F.LIN,2,ISIC,1,37,1993,4,0
B.RF1,2,F.LIN,9,ISIC,1,46,1993,4,4
B.RF1,3,F.LIN,7,ISIC,2,40,1993,4,2
B.RF1,4,F.LIN,0,ISIC,3,41,1993,4,1
B.RF1,5,F.LIN,2,ISIC,0,37,1993,4,4
B.RF1,6,F.LIN,0,ISIC,3,26,1993,4,0
B.RF1,7,F.LIN,0,ISIC,1,24,1993,4,1
B.RF1,3,F.LIN,1,ISIC,0,40,1994,1,0
B.RF1,7,F.LIN,1,ISIC,2,24,1994,1,0
B.RF1,3,F.LIN,7,ISIC,0,40,1994,2,0
B.RF1,4,F.LIN,3,ISIC,4,41,1994,2,2
B.RF1,5,F.LIN,0,ISIC,0,37,1994,2,1
B.RF1,7,F.LIN,1,ISIC,3,24,1994,2,1
B.RF1,0,F.LIN,3,ISIC,0,44,1994,3,1
B.RF1,1,F.LIN,3,ISIC,2,37,1994,3,1
B.RF1,3,F.LIN,9,ISIC,0,40,1994,3,10
B.RF1,4,F.LIN,2,ISIC,3,41,1994,3,2
B.RF1,5,F.LIN,0,ISIC,0,37,1994,3,1
B.RF1,7,F.LIN,2,ISIC,2,24,1994,3,1
B.RF1,0,F.LIN,5,ISIC,0,44,1994,4,2
B.RF1,1,F.LIN,2,ISIC,1,37,1994,4,2
B.RF1,2,F.LIN,1,ISIC,2,46,1994,4,9
B.RF1,3,F.LIN,11,ISIC,0,40,1994,4,11
B.RF1,4,F.LIN,4,ISIC,4,41,1994,4,4
B.RF1,5,F.LIN,0,ISIC,0,37,1994,4,2
B.RF1,6,F.LIN,1,ISIC,1,26,1994,4,0
B.RF1,7,F.LIN,3,ISIC,2,24,1994,4,4
B.RF1,1,F.LIN,2,ISIC,1,37,1995,1,0
B.RF1,3,F.LIN,0,ISIC,1,40,1995,1,0
B.RF1,0,F.LIN,0,ISIC,1,44,1995,2,1
B.RF1,1,F.LIN,1,ISIC,1,37,1995,2,0
B.RF1,3,F.LIN,1,ISIC,0,40,1995,2,0
B.RF1,6,F.LIN,0,ISIC,0,26,1995,2,0
B.RF1,0,F.LIN,0,ISIC,2,44,1995,3,1
B.RF1,1,F.LIN,2,ISIC,3,37,1995,3,1
B.RF1,3,F.LIN,1,ISIC,4,40,1995,3,2
B.RF1,4,F.LIN,2,ISIC,3,41,1995,3,0
B.RF1,5,F.LIN,2,ISIC,1,37,1995,3,0
B.RF1,6,F.LIN,0,ISIC,0,26,1995,3,0
B.RF1,0,F.LIN,1,ISIC,2,44,1995,4,1
B.RF1,1,F.LIN,3,ISIC,2,37,1995,4,1
B.RF1,2,F.LIN,6,ISIC,1,46,1995,4,1
B.RF1,3,F.LIN,2,ISIC,5,40,1995,4,0
B.RF1,4,F.LIN,1,ISIC,1,41,1995,4,3
B.RF1,5,F.LIN,0,ISIC,0,37,1995,4,3
B.RF1,6,F.LIN,0,ISIC,0,26,1995,4,1
B.RF1,7,F.LIN,2,ISIC,3,24,1995,4,1
B.RF1,0,G.RF1,0,ISIC,0,44,1993,1,0
B.RF1,4,G.RF1,1,ISIC,1,41,1993,1,0
B.RF1,0,G.RF1,1,ISIC,0,44,1993,2,0
B.RF1,3,G.RF1,1,ISIC,3,40,1993,2,0
B.RF1,4,G.RF1,1,ISIC,0,41,1993,2,1
B.RF1,7,G.RF1,1,ISIC,1,24,1993,2,1
B.RF1,0,G.RF1,1,ISIC,0,44,1993,3,0
B.RF1,3,G.RF1,4,ISIC,3,40,1993,3,0
B.RF1,4,G.RF1,1,ISIC,4,41,1993,3,1
B.RF1,5,G.RF1,4,ISIC,2,37,1993,3,1
B.RF1,6,G.RF1,1,ISIC,0,26,1993,3,0
B.RF1,7,G.RF1,2,ISIC,3,24,1993,3,2
B.RF1,0,G.RF1,2,ISIC,1,44,1993,4,1
B.RF1,1,G.RF1,3,ISIC,3,37,1993,4,3
B.RF1,2,G.RF1,6,ISIC,1,46,1993,4,1
B.RF1,3,G.RF1,5,ISIC,3,40,1993,4,0
B.RF1,4,G.RF1,2,ISIC,3,41,1993,4,4
B.RF1,5,G.RF1,1,ISIC,1,37,1993,4,2
B.RF1,6,G.RF1,0,ISIC,2,26,1993,4,0
B.RF1,7,G.RF1,2,ISIC,1,24,1993,4,4
B.RF1,3,G.RF1,2,ISIC,1,40,1994,1,0
B.RF1,7,G.RF1,1,ISIC,4,24,1994,1,0
B.RF1,3,G.RF1,6,ISIC,3,40,1994,2,0
B.RF1,4,G.RF1,2,ISIC,2,41,1994,2,4
B.RF1,5,G.RF1,2,ISIC,1,37,1994,2,1
B.RF1,7,G.RF1,1,ISIC,5,24,1994,2,2
B.RF1,0,G.RF1,3,ISIC,1,44,1994,3,0
B.RF1,1,G.RF1,3,ISIC,2,37,1994,3,3
B.RF1,3,G.RF1,9,ISIC,0,40,1994,3,10
B.RF1,4,G.RF1,3,ISIC,2,41,1994,3,5
B.RF1,5,G.RF1,1,ISIC,1,37,1994,3,3
B.RF1,7,G.RF1,1,ISIC,2,24,1994,3,3
B.RF1,0,G.RF1,5,ISIC,0,44,1994,4,1
B.RF1,1,G.RF1,3,ISIC,2,37,1994,4,3
B.RF1,2,G.RF1,1,ISIC,2,46,1994,4,9
B.RF1,3,G.RF1,12,ISIC,0,40,1994,4,11
B.RF1,4,G.RF1,5,ISIC,3,41,1994,4,5
B.RF1,5,G.RF1,4,ISIC,1,37,1994,4,2
B.RF1,6,G.RF1,0,ISIC,1,26,1994,4,1
B.RF1,7,G.RF1,3,ISIC,2,24,1994,4,4
B.RF1,1,G.RF1,1,ISIC,1,37,1995,1,0
B.RF1,3,G.RF1,0,ISIC,2,40,1995,1,0
B.RF1,0,G.RF1,0,ISIC,1,44,1995,2,1
B.RF1,1,G.RF1,1,ISIC,1,37,1995,2,0
B.RF1,3,G.RF1,1,ISIC,0,40,1995,2,0
B.RF1,6,G.RF1,0,ISIC,0,26,1995,2,0
B.RF1,0,G.RF1,0,ISIC,1,44,1995,3,0
B.RF1,1,G.RF1,1,ISIC,2,37,1995,3,2
B.RF1,3,G.RF1,0,ISIC,4,40,1995,3,1
B.RF1,4,G.RF1,0,ISIC,2,41,1995,3,1
B.RF1,5,G.RF1,3,ISIC,1,37,1995,3,0
B.RF1,6,G.RF1,0,ISIC,0,26,1995,3,0
B.RF1,0,G.RF1,1,ISIC,0,44,1995,4,1
B.RF1,1,G.RF1,4,ISIC,3,37,1995,4,3
B.RF1,2,G.RF1,10,ISIC,1,46,1995,4,0
B.RF1,3,G.RF1,1,ISIC,4,40,1995,4,0
B.RF1,4,G.RF1,1,ISIC,2,41,1995,4,1
B.RF1,5,G.RF1,3,ISIC,1,37,1995,4,3
B.RF1,6,G.RF1,1,ISIC,1,26,1995,4,0
B.RF1,7,G.RF1,4,ISIC,3,24,1995,4,2
B.LIN,0,G.LIN,0,ISIC,0,44,1993,1,0
B.LIN,4,G.LIN,1,ISIC,1,41,1993,1,0
B.LIN,0,G.LIN,1,ISIC,1,44,1993,2,0
B.LIN,3,G.LIN,0,ISIC,1,40,1993,2,0
B.LIN,4,G.LIN,2,ISIC,1,41,1993,2,1
B.LIN,7,G.LIN,3,ISIC,1,24,1993,2,1
B.LIN,0,G.LIN,1,ISIC,1,44,1993,3,0
B.LIN,3,G.LIN,2,ISIC,3,40,1993,3,0
B.LIN,4,G.LIN,1,ISIC,3,41,1993,3,1
B.LIN,5,G.LIN,1,ISIC,0,37,1993,3,1
B.LIN,6,G.LIN,1,ISIC,2,26,1993,3,0
B.LIN,7,G.LIN,2,ISIC,0,24,1993,3,3
B.LIN,0,G.LIN,2,ISIC,2,44,1993,4,0
B.LIN,1,G.LIN,5,ISIC,3,37,1993,4,4
B.LIN,2,G.LIN,6,ISIC,2,46,1993,4,3
B.LIN,3,G.LIN,2,ISIC,1,40,1993,4,0
B.LIN,4,G.LIN,0,ISIC,1,41,1993,4,2
B.LIN,5,G.LIN,1,ISIC,1,37,1993,4,2
B.LIN,6,G.LIN,1,ISIC,0,26,1993,4,0
B.LIN,7,G.LIN,2,ISIC,0,24,1993,4,4
B.LIN,3,G.LIN,2,ISIC,1,40,1994,1,0
B.LIN,7,G.LIN,1,ISIC,3,24,1994,1,0
B.LIN,3,G.LIN,7,ISIC,3,40,1994,2,1
B.LIN,4,G.LIN,3,ISIC,4,41,1994,2,4
B.LIN,5,G.LIN,2,ISIC,1,37,1994,2,1
B.LIN,7,G.LIN,1,ISIC,5,24,1994,2,3
B.LIN,0,G.LIN,2,ISIC,3,44,1994,3,0
B.LIN,1,G.LIN,2,ISIC,3,37,1994,3,1
B.LIN,3,G.LIN,10,ISIC,0,40,1994,3,9
B.LIN,4,G.LIN,2,ISIC,4,41,1994,3,2
B.LIN,5,G.LIN,2,ISIC,2,37,1994,3,2
B.LIN,7,G.LIN,1,ISIC,2,24,1994,3,2
B.LIN,0,G.LIN,4,ISIC,1,44,1994,4,1
B.LIN,1,G.LIN,2,ISIC,1,37,1994,4,2
B.LIN,2,G.LIN,2,ISIC,2,46,1994,4,7
B.LIN,3,G.LIN,12,ISIC,0,40,1994,4,11
B.LIN,4,G.LIN,5,ISIC,3,41,1994,4,4
B.LIN,5,G.LIN,1,ISIC,1,37,1994,4,2
B.LIN,6,G.LIN,0,ISIC,1,26,1994,4,1
B.LIN,7,G.LIN,2,ISIC,2,24,1994,4,4
B.LIN,1,G.LIN,1,ISIC,3,37,1995,1,0
B.LIN,3,G.LIN,0,ISIC,2,40,1995,1,0
B.LIN,0,G.LIN,0,ISIC,0,44,1995,2,0
B.LIN,1,G.LIN,1,ISIC,2,37,1995,2,0
B.LIN,3,G.LIN,1,ISIC,0,40,1995,2,0
B.LIN,6,G.LIN,0,ISIC,0,26,1995,2,0
B.LIN,0,G.LIN,1,ISIC,1,44,1995,3,1
B.LIN,1,G.LIN,1,ISIC,4,37,1995,3,2
B.LIN,3,G.LIN,1,ISIC,2,40,1995,3,1
B.LIN,4,G.LIN,1,ISIC,2,41,1995,3,1
B.LIN,5,G.LIN,2,ISIC,2,37,1995,3,0
B.LIN,6,G.LIN,0,ISIC,0,26,1995,3,0
B.LIN,0,G.LIN,2,ISIC,1,44,1995,4,1
B.LIN,1,G.LIN,3,ISIC,2,37,1995,4,1
B.LIN,2,G.LIN,4,ISIC,2,46,1995,4,1
B.LIN,3,G.LIN,2,ISIC,4,40,1995,4,0
B.LIN,4,G.LIN,0,ISIC,3,41,1995,4,2
B.LIN,5,G.LIN,1,ISIC,1,37,1995,4,3
B.LIN,6,G.LIN,1,ISIC,0,26,1995,4,0
B.LIN,7,G.LIN,6,ISIC,2,24,1995,4,1
G.RF1,0,G.SPLIT1,0,ISIC,0,44,1993,1,0
G.RF1,4,G.SPLIT1,1,ISIC,0,41,1993,1,0
G.RF1,0,G.SPLIT1,0,ISIC,1,44,1993,2,0
G.RF1,3,G.SPLIT1,2,ISIC,1,40,1993,2,0
G.RF1,4,G.SPLIT1,1,ISIC,1,41,1993,2,1
G.RF1,7,G.SPLIT1,2,ISIC,0,24,1993,2,0
G.RF1,0,G.SPLIT1,0,ISIC,2,44,1993,3,0
G.RF1,3,G.SPLIT1,1,ISIC,2,40,1993,3,0
G.RF1,4,G.SPLIT1,2,ISIC,1,41,1993,3,3
G.RF1,5,G.SPLIT1,1,ISIC,2,37,1993,3,0
G.RF1,6,G.SPLIT1,0,ISIC,3,26,1993,3,0
G.RF1,7,G.SPLIT1,3,ISIC,1,24,1993,3,0
G.RF1,0,G.SPLIT1,0,ISIC,2,44,1993,4,0
G.RF1,1,G.SPLIT1,3,ISIC,1,37,1993,4,1
G.RF1,2,G.SPLIT1,2,ISIC,2,46,1993,4,4
G.RF1,3,G.SPLIT1,1,ISIC,2,40,1993,4,1
G.RF1,4,G.SPLIT1,2,ISIC,2,41,1993,4,2
G.RF1,5,G.SPLIT1,2,ISIC,1,37,1993,4,0
G.RF1,6,G.SPLIT1,1,ISIC,0,26,1993,4,0
G.RF1,7,G.SPLIT1,1,ISIC,1,24,1993,4,0
G.RF1,3,G.SPLIT1,0,ISIC,1,40,1994,1,0
G.RF1,7,G.SPLIT1,2,ISIC,0,24,1994,1,0
G.RF1,3,G.SPLIT1,3,ISIC,0,40,1994,2,0
G.RF1,4,G.SPLIT1,0,ISIC,1,41,1994,2,1
G.RF1,5,G.SPLIT1,1,ISIC,1,37,1994,2,0
G.RF1,7,G.SPLIT1,0,ISIC,0,24,1994,2,0
G.RF1,0,G.SPLIT1,1,ISIC,1,44,1994,3,0
G.RF1,1,G.SPLIT1,0,ISIC,0,37,1994,3,2
G.RF1,3,G.SPLIT1,1,ISIC,0,40,1994,3,3
G.RF1,4,G.SPLIT1,0,ISIC,3,41,1994,3,0
G.RF1,5,G.SPLIT1,0,ISIC,0,37,1994,3,1
G.RF1,7,G.SPLIT1,1,ISIC,0,24,1994,3,0
G.RF1,0,G.SPLIT1,1,ISIC,1,44,1994,4,1
G.RF1,1,G.SPLIT1,0,ISIC,0,37,1994,4,2
G.RF1,2,G.SPLIT1,1,ISIC,0,46,1994,4,3
G.RF1,3,G.SPLIT1,0,ISIC,1,40,1994,4,1
G.RF1,4,G.SPLIT1,0,ISIC,0,41,1994,4,1
G.RF1,5,G.SPLIT1,0,ISIC,3,37,1994,4,0
G.RF1,6,G.SPLIT1,0,ISIC,0,26,1994,4,0
G.RF1,7,G.SPLIT1,0,ISIC,1,24,1994,4,0
G.RF1,1,G.SPLIT1,1,ISIC,1,37,1995,1,0
G.RF1,3,G.SPLIT1,3,ISIC,0,40,1995,1,0
G.RF1,0,G.SPLIT1,2,ISIC,0,44,1995,2,1
G.RF1,1,G.SPLIT1,0,ISIC,2,37,1995,2,0
G.RF1,3,G.SPLIT1,1,ISIC,0,40,1995,2,0
G.RF1,6,G.SPLIT1,0,ISIC,0,26,1995,2,0
G.RF1,0,G.SPLIT1,0,ISIC,0,44,1995,3,1
G.RF1,1,G.SPLIT1,0,ISIC,1,37,1995,3,0
G.RF1,3,G.SPLIT1,2,ISIC,0,40,1995,3,0
G.RF1,4,G.SPLIT1,0,ISIC,0,41,1995,3,2
G.RF1,5,G.SPLIT1,1,ISIC,1,37,1995,3,1
G.RF1,6,G.SPLIT1,0,ISIC,0,26,1995,3,0
G.RF1,0,G.SPLIT1,0,ISIC,0,44,1995,4,1
G.RF1,1,G.SPLIT1,0,ISIC,1,37,1995,4,0
G.RF1,2,G.SPLIT1,3,ISIC,4,46,1995,4,0
G.RF1,3,G.SPLIT1,2,ISIC,0,40,1995,4,0
G.RF1,4,G.SPLIT1,1,ISIC,0,41,1995,4,4
G.RF1,5,G.SPLIT1,1,ISIC,2,37,1995,4,2
G.RF1,6,G.SPLIT1,0,ISIC,0,26,1995,4,0
G.RF1,7,G.SPLIT1,0,ISIC,0,24,1995,4,2
G.RF1,0,G.RPLIN1,0,ISIC,0,44,1993,1,0
G.RF1,4,G.RPLIN1,1,ISIC,0,41,1993,1,0
G.RF1,0,G.RPLIN1,0,ISIC,1,44,1993,2,0
G.RF1,3,G.RPLIN1,1,ISIC,1,40,1993,2,0
G.RF1,4,G.RPLIN1,0,ISIC,1,41,1993,2,2
G.RF1,7,G.RPLIN1,0,ISIC,0,24,1993,2,0
G.RF1,0,G.RPLIN1,1,ISIC,1,44,1993,3,0
G.RF1,3,G.RPLIN1,0,ISIC,2,40,1993,3,0
G.RF1,4,G.RPLIN1,0,ISIC,0,41,1993,3,0
G.RF1,5,G.RPLIN1,3,ISIC,0,37,1993,3,1
G.RF1,6,G.RPLIN1,0,ISIC,2,26,1993,3,0
G.RF1,7,G.RPLIN1,1,ISIC,1,24,1993,3,1
G.RF1,0,G.RPLIN1,0,ISIC,2,44,1993,4,1
G.RF1,1,G.RPLIN1,0,ISIC,1,37,1993,4,2
G.RF1,2,G.RPLIN1,3,ISIC,2,46,1993,4,2
G.RF1,3,G.RPLIN1,0,ISIC,4,40,1993,4,1
G.RF1,4,G.RPLIN1,0,ISIC,0,41,1993,4,2
G.RF1,5,G.RPLIN1,2,ISIC,0,37,1993,4,2
G.RF1,6,G.RPLIN1,2,ISIC,0,26,1993,4,0
G.RF1,7,G.RPLIN1,1,ISIC,0,24,1993,4,1
G.RF1,3,G.RPLIN1,0,ISIC,0,40,1994,1,0
G.RF1,7,G.RPLIN1,0,ISIC,1,24,1994,1,0
G.RF1,3,G.RPLIN1,0,ISIC,0,40,1994,2,0
G.RF1,4,G.RPLIN1,0,ISIC,1,41,1994,2,0
G.RF1,5,G.RPLIN1,0,ISIC,2,37,1994,2,0
G.RF1,7,G.RPLIN1,0,ISIC,1,24,1994,2,0
G.RF1,0,G.RPLIN1,0,ISIC,1,44,1994,3,1
G.RF1,1,G.RPLIN1,0,ISIC,0,37,1994,3,2
G.RF1,3,G.RPLIN1,0,ISIC,2,40,1994,3,3
G.RF1,4,G.RPLIN1,0,ISIC,3,41,1994,3,2
G.RF1,5,G.RPLIN1,0,ISIC,0,37,1994,3,1
G.RF1,7,G.RPLIN1,0,ISIC,0,24,1994,3,0
G.RF1,0,G.RPLIN1,1,ISIC,2,44,1994,4,0
G.RF1,1,G.RPLIN1,0,ISIC,1,37,1994,4,0
G.RF1,2,G.RPLIN1,0,ISIC,0,46,1994,4,2
G.RF1,3,G.RPLIN1,0,ISIC,2,40,1994,4,3
G.RF1,4,G.RPLIN1,1,ISIC,1,41,1994,4,1
G.RF1,5,G.RPLIN1,0,ISIC,2,37,1994,4,0
G.RF1,6,G.RPLIN1,0,ISIC,0,26,1994,4,0
G.RF1,7,G.RPLIN1,0,ISIC,1,24,1994,4,0
G.RF1,1,G.RPLIN1,2,ISIC,1,37,1995,1,0
G.RF1,3,G.RPLIN1,1,ISIC,0,40,1995,1,0
G.RF1,0,G.RPLIN1,1,ISIC,1,44,1995,2,0
G.RF1,1,G.RPLIN1,1,ISIC,1,37,1995,2,0
G.RF1,3,G.RPLIN1,1,ISIC,0,40,1995,2,0
G.RF1,6,G.RPLIN1,0,ISIC,0,26,1995,2,0
G.RF1,0,G.RPLIN1,1,ISIC,1,44,1995,3,0
G.RF1,1,G.RPLIN1,2,ISIC,0,37,1995,3,3
G.RF1,3,G.RPLIN1,1,ISIC,0,40,1995,3,0
G.RF1,4,G.RPLIN1,1,ISIC,1,41,1995,3,1
G.RF1,5,G.RPLIN1,0,ISIC,2,37,1995,3,0
G.RF1,6,G.RPLIN1,0,ISIC,0,26,1995,3,0
G.RF1,0,G.RPLIN1,1,ISIC,2,44,1995,4,0
G.RF1,1,G.RPLIN1,1,ISIC,2,37,1995,4,1
G.RF1,2,G.RPLIN1,2,ISIC,1,46,1995,4,0
G.RF1,3,G.RPLIN1,0,ISIC,0,40,1995,4,0
G.RF1,4,G.RPLIN1,0,ISIC,1,41,1995,4,2
G.RF1,5,G.RPLIN1,1,ISIC,3,37,1995,4,1
G.RF1,6,G.RPLIN1,1,ISIC,0,26,1995,4,0
G.RF1,7,G.RPLIN1,1,ISIC,0,24,1995,4,0
G.RF2,0,G.LIN,0,ISIC,0,44,1993,1,0
G.RF2,4,G.LIN,0,ISIC,1,41,1993,1,0
G.RF2,0,G.LIN,0,ISIC,0,44,1993,2,0
G.RF2,3,G.LIN,0,ISIC,1,40,1993,2,0
G.RF2,4,G.LIN,2,ISIC,0,41,1993,2,0
G.RF2,7,G.LIN,0,ISIC,1,24,1993,2,1
G.RF2,0,G.LIN,0,ISIC,1,44,1993,3,0
G.RF2,3,G.LIN,0,ISIC,1,40,1993,3,0
G.RF2,4,G.LIN,1,ISIC,2,41,1993,3,1
G.RF2,5,G.LIN,2,ISIC,2,37,1993,3,0
G.RF2,6,G.LIN,1,ISIC,2,26,1993,3,0
G.RF2,7,G.LIN,1,ISIC,0,24,1993,3,1
G.RF2,0,G.LIN,1,ISIC,3,44,1993,4,0
G.RF2,1,G.LIN,3,ISIC,1,37,1993,4,1
G.RF2,2,G.LIN,0,ISIC,0,46,1993,4,2
G.RF2,3,G.LIN,0,ISIC,1,40,1993,4,0
G.RF2,4,G.LIN,2,ISIC,1,41,1993,4,2
G.RF2,5,G.LIN,2,ISIC,3,37,1993,4,1
G.RF2,6,G.LIN,1,ISIC,0,26,1993,4,1
G.RF2,7,G.LIN,1,ISIC,1,24,1993,4,2
G.RF2,3,G.LIN,1,ISIC,1,40,1994,1,0
G.RF2,7,G.LIN,0,ISIC,2,24,1994,1,0
G.RF2,3,G.LIN,8,ISIC,1,40,1994,2,0
G.RF2,4,G.LIN,3,ISIC,4,41,1994,2,2
G.RF2,5,G.LIN,2,ISIC,0,37,1994,2,0
G.RF2,7,G.LIN,0,ISIC,3,24,1994,2,1
G.RF2,0,G.LIN,0,ISIC,2,44,1994,3,0
G.RF2,1,G.LIN,0,ISIC,3,37,1994,3,0
G.RF2,3,G.LIN,9,ISIC,0,40,1994,3,6
G.RF2,4,G.LIN,1,ISIC,3,41,1994,3,3
G.RF2,5,G.LIN,2,ISIC,1,37,1994,3,2
G.RF2,7,G.LIN,0,ISIC,0,24,1994,3,2
G.RF2,0,G.LIN,2,ISIC,1,44,1994,4,2
G.RF2,1,G.LIN,1,ISIC,2,37,1994,4,1
G.RF2,2,G.LIN,3,ISIC,1,46,1994,4,6
G.RF2,3,G.LIN,10,ISIC,0,40,1994,4,5
G.RF2,4,G.LIN,2,ISIC,5,41,1994,4,6
G.RF2,5,G.LIN,2,ISIC,1,37,1994,4,2
G.RF2,6,G.LIN,0,ISIC,0,26,1994,4,0
G.RF2,7,G.LIN,1,ISIC,1,24,1994,4,4
G.RF2,1,G.LIN,1,ISIC,1,37,1995,1,0
G.RF2,3,G.LIN,1,ISIC,2,40,1995,1,0
G.RF2,0,G.LIN,1,ISIC,1,44,1995,2,1
G.RF2,1,G.LIN,1,ISIC,1,37,1995,2,0
G.RF2,3,G.LIN,1,ISIC,1,40,1995,2,0
G.RF2,6,G.LIN,0,ISIC,0,26,1995,2,0
G.RF2,0,G.LIN,1,ISIC,0,44,1995,3,1
G.RF2,1,G.LIN,0,ISIC,2,37,1995,3,0
G.RF2,3,G.LIN,0,ISIC,4,40,1995,3,1
G.RF2,4,G.LIN,0,ISIC,2,41,1995,3,2
G.RF2,5,G.LIN,1,ISIC,0,37,1995,3,0
G.RF2,6,G.LIN,0,ISIC,0,26,1995,3,0
G.RF2,0,G.LIN,2,ISIC,1,44,1995,4,0
G.RF2,1,G.LIN,1,ISIC,1,37,1995,4,2
G.RF2,2,G.LIN,0,ISIC,4,46,1995,4,2
G.RF2,3,G.LIN,0,ISIC,3,40,1995,4,0
G.RF2,4,G.LIN,2,ISIC,0,41,1995,4,3
G.RF2,5,G.LIN,0,ISIC,1,37,1995,4,0
G.RF2,6,G.LIN,0,ISIC,0,26,1995,4,0
G.RF2,7,G.LIN,1,ISIC,0,24,1995,4,2
G.LIN.CSE1,0,G.LIN,0,ISIC,0,44,1993,1,0
G.LIN.CSE1,4,G.LIN,0,ISIC,0,41,1993,1,0
G.LIN.CSE1,0,G.LIN,0,ISIC,0,44,1993,2,0
G.LIN.CSE1,3,G.LIN,0,ISIC,0,40,1993,2,0
G.LIN.CSE1,4,G.LIN,0,ISIC,0,41,1993,2,0
G.LIN.CSE1,7,G.LIN,0,ISIC,0,24,1993,2,0
G.LIN.CSE1,0,G.LIN,0,ISIC,0,44,1993,3,0
G.LIN.CSE1,3,G.LIN,1,ISIC,0,40,1993,3,0
G.LIN.CSE1,4,G.LIN,0,ISIC,0,41,1993,3,1
G.LIN.CSE1,5,G.LIN,0,ISIC,0,37,1993,3,0
G.LIN.CSE1,6,G.LIN,0,ISIC,0,26,1993,3,0
G.LIN.CSE1,7,G.LIN,1,ISIC,0,24,1993,3,0
G.LIN.CSE1,0,G.LIN,0,ISIC,0,44,1993,4,0
G.LIN.CSE1,1,G.LIN,1,ISIC,0,37,1993,4,0
G.LIN.CSE1,2,G.LIN,0,ISIC,3,46,1993,4,1
G.LIN.CSE1,3,G.LIN,1,ISIC,0,40,1993,4,0
G.LIN.CSE1,4,G.LIN,1,ISIC,0,41,1993,4,0
G.LIN.CSE1,5,G.LIN,1,ISIC,0,37,1993,4,0
G.LIN.CSE1,6,G.LIN,0,ISIC,0,26,1993,4,1
G.LIN.CSE1,7,G.LIN,0,ISIC,0,24,1993,4,0
G.LIN.CSE1,3,G.LIN,1,ISIC,0,40,1994,1,0
G.LIN.CSE1,7,G.LIN,0,ISIC,0,24,1994,1,0
G.LIN.CSE1,3,G.LIN,6,ISIC,0,40,1994,2,0
G.LIN.CSE1,4,G.LIN,0,ISIC,0,41,1994,2,0
G.LIN.CSE1,5,G.LIN,1,ISIC,2,37,1994,2,0
G.LIN.CSE1,7,G.LIN,0,ISIC,0,24,1994,2,1
G.LIN.CSE1,0,G.LIN,0,ISIC,2,44,1994,3,0
G.LIN.CSE1,1,G.LIN,0,ISIC,0,37,1994,3,1
G.LIN.CSE1,3,G.LIN,5,ISIC,2,40,1994,3,3
G.LIN.CSE1,4,G.LIN,1,ISIC,0,41,1994,3,3
G.LIN.CSE1,5,G.LIN,1,ISIC,3,37,1994,3,0
G.LIN.CSE1,7,G.LIN,0,ISIC,1,24,1994,3,1
G.LIN.CSE1,0,G.LIN,0,ISIC,1,44,1994,4,3
G.LIN.CSE1,1,G.LIN,1,ISIC,1,37,1994,4,1
G.LIN.CSE1,2,G.LIN,1,ISIC,6,46,1994,4,5
G.LIN.CSE1,3,G.LIN,5,ISIC,1,40,1994,4,7
G.LIN.CSE1,4,G.LIN,4,ISIC,0,41,1994,4,3
G.LIN.CSE1,5,G.LIN,0,ISIC,4,37,1994,4,2
G.LIN.CSE1,6,G.LIN,0,ISIC,0,26,1994,4,0
G.LIN.CSE1,7,G.LIN,0,ISIC,1,24,1994,4,1
G.LIN.CSE1,1,G.LIN,1,ISIC,0,37,1995,1,0
G.LIN.CSE1,3,G.LIN,0,ISIC,0,40,1995,1,0
G.LIN.CSE1,0,G.LIN,0,ISIC,1,44,1995,2,0
G.LIN.CSE1,1,G.LIN,0,ISIC,0,37,1995,2,0
G.LIN.CSE1,3,G.LIN,1,ISIC,0,40,1995,2,0
G.LIN.CSE1,6,G.LIN,0,ISIC,0,26,1995,2,0
G.LIN.CSE1,0,G.LIN,1,ISIC,0,44,1995,3,0
G.LIN.CSE1,1,G.LIN,0,ISIC,1,37,1995,3,2
G.LIN.CSE1,3,G.LIN,0,ISIC,0,40,1995,3,0
G.LIN.CSE1,4,G.LIN,0,ISIC,0,41,1995,3,0
G.LIN.CSE1,5,G.LIN,0,ISIC,1,37,1995,3,0
G.LIN.CSE1,6,G.LIN,0,ISIC,0,26,1995,3,0
G.LIN.CSE1,0,G.LIN,3,ISIC,0,44,1995,4,0
G.LIN.CSE1,1,G.LIN,1,ISIC,2,37,1995,4,1
G.LIN.CSE1,2,G.LIN,0,ISIC,1,46,1995,4,1
G.LIN.CSE1,3,G.LIN,0,ISIC,0,40,1995,4,0
G.LIN.CSE1,4,G.LIN,1,ISIC,0,41,1995,4,2
G.LIN.CSE1,5,G.LIN,0,ISIC,0,37,1995,4,1
G.LIN.CSE1,6,G.LIN,0,ISIC,0,26,1995,4,0
G.LIN.CSE1,7,G.LIN,0,ISIC,1,24,1995,4,1
G.LIN.CSE025,0,G.LIN,0,ISIC,0,44,1993,1,0
G.LIN.CSE025,4,G.LIN,0,ISIC,0,41,1993,1,0
G.LIN.CSE025,0,G.LIN,0,ISIC,0,44,1993,2,0
G.LIN.CSE025,3,G.LIN,0,ISIC,0,40,1993,2,0
G.LIN.CSE025,4,G.LIN,0,ISIC,0,41,1993,2,0
G.LIN.CSE025,7,G.LIN,0,ISIC,0,24,1993,2,0
G.LIN.CSE025,0,G.LIN,0,ISIC,0,44,1993,3,0
G.LIN.CSE025,3,G.LIN,0,ISIC,0,40,1993,3,0
G.LIN.CSE025,4,G.LIN,0,ISIC,0,41,1993,3,0
G.LIN.CSE025,5,G.LIN,0,ISIC,0,37,1993,3,0
G.LIN.CSE025,6,G.LIN,0,ISIC,0,26,1993,3,0
G.LIN.CSE025,7,G.LIN,1,ISIC,0,24,1993,3,0
G.LIN.CSE025,0,G.LIN,0,ISIC,0,44,1993,4,0
G.LIN.CSE025,1,G.LIN,1,ISIC,0,37,1993,4,0
G.LIN.CSE025,2,G.LIN,0,ISIC,1,46,1993,4,0
G.LIN.CSE025,3,G.LIN,0,ISIC,0,40,1993,4,0
G.LIN.CSE025,4,G.LIN,0,ISIC,0,41,1993,4,0
G.LIN.CSE025,5,G.LIN,0,ISIC,0,37,1993,4,0
G.LIN.CSE025,6,G.LIN,0,ISIC,0,26,1993,4,0
G.LIN.CSE025,7,G.LIN,0,ISIC,0,24,1993,4,0
G.LIN.CSE025,3,G.LIN,1,ISIC,0,40,1994,1,0
G.LIN.CSE025,7,G.LIN,0,ISIC,0,24,1994,1,0
G.LIN.CSE025,3,G.LIN,1,ISIC,0,40,1994,2,0
G.LIN.CSE025,4,G.LIN,0,ISIC,0,41,1994,2,0
G.LIN.CSE025,5,G.LIN,0,ISIC,0,37,1994,2,0
G.LIN.CSE025,7,G.LIN,0,ISIC,0,24,1994,2,0
G.LIN.CSE025,0,G.LIN,0,ISIC,0,44,1994,3,0
G.LIN.CSE025,1,G.LIN,0,ISIC,0,37,1994,3,1
G.LIN.CSE025,3,G.LIN,0,ISIC,0,40,1994,3,0
G.LIN.CSE025,4,G.LIN,0,ISIC,0,41,1994,3,1
G.LIN.CSE025,5,G.LIN,0,ISIC,0,37,1994,3,0
G.LIN.CSE025,7,G.LIN,0,ISIC,0,24,1994,3,0
G.LIN.CSE025,0,G.LIN,0,ISIC,0,44,1994,4,1
G.LIN.CSE025,1,G.LIN,0,ISIC,1,37,1994,4,0
G.LIN.CSE025,2,G.LIN,1,ISIC,0,46,1994,4,1
G.LIN.CSE025,3,G.LIN,2,ISIC,0,40,1994,4,2
G.LIN.CSE025,4,G.LIN,0,ISIC,0,41,1994,4,0
G.LIN.CSE025,5,G.LIN,0,ISIC,0,37,1994,4,0
G.LIN.CSE025,6,G.LIN,0,ISIC,0,26,1994,4,0
G.LIN.CSE025,7,G.LIN,0,ISIC,0,24,1994,4,0
G.LIN.CSE025,1,G.LIN,0,ISIC,0,37,1995,1,0
G.LIN.CSE025,3,G.LIN,0,ISIC,0,40,1995,1,0
G.LIN.CSE025,0,G.LIN,0,ISIC,1,44,1995,2,0
G.LIN.CSE025,1,G.LIN,0,ISIC,0,37,1995,2,0
G.LIN.CSE025,3,G.LIN,0,ISIC,0,40,1995,2,0
G.LIN.CSE025,6,G.LIN,0,ISIC,0,26,1995,2,0
G.LIN.CSE025,0,G.LIN,0,ISIC,0,44,1995,3,0
G.LIN.CSE025,1,G.LIN,0,ISIC,0,37,1995,3,1
G.LIN.CSE025,3,G.LIN,0,ISIC,0,40,1995,3,0
G.LIN.CSE025,4,G.LIN,0,ISIC,0,41,1995,3,0
G.LIN.CSE025,5,G.LIN,0,ISIC,0,37,1995,3,0
G.LIN.CSE025,6,G.LIN,0,ISIC,0,26,1995,3,0
G.LIN.CSE025,0,G.LIN,0,ISIC,0,44,1995,4,0
G.LIN.CSE025,1,G.LIN,0,ISIC,0,37,1995,4,1
G.LIN.CSE025,2,G.LIN,0,ISIC,1,46,1995,4,0
G.LIN.CSE025,3,G.LIN,0,ISIC,0,40,1995,4,0
G.LIN.CSE025,4,G.LIN,0,ISIC,0,41,1995,4,1
G.LIN.CSE025,5,G.LIN,0,ISIC,0,37,1995,4,0
G.LIN.CSE025,6,G.LIN,0,ISIC,0,26,1995,4,0
G.LIN.CSE025,7,G.LIN,0,ISIC,0,24,1995,4,1
G.RF1.CSE1,0,G.RF1,0,ISIC,0,44,1993,1,0
G.RF1.CSE1,4,G.RF1,0,ISIC,0,41,1993,1,0
G.RF1.CSE1,0,G.RF1,0,ISIC,0,44,1993,2,0
G.RF1.CSE1,3,G.RF1,0,ISIC,0,40,1993,2,0
G.RF1.CSE1,4,G.RF1,0,ISIC,0,41,1993,2,0
G.RF1.CSE1,7,G.RF1,0,ISIC,0,24,1993,2,1
G.RF1.CSE1,0,G.RF1,0,ISIC,0,44,1993,3,0
G.RF1.CSE1,3,G.RF1,0,ISIC,0,40,1993,3,0
G.RF1.CSE1,4,G.RF1,1,ISIC,0,41,1993,3,1
G.RF1.CSE1,5,G.RF1,0,ISIC,1,37,1993,3,0
G.RF1.CSE1,6,G.RF1,1,ISIC,0,26,1993,3,0
G.RF1.CSE1,7,G.RF1,0,ISIC,1,24,1993,3,1
G.RF1.CSE1,0,G.RF1,0,ISIC,0,44,1993,4,0
G.RF1.CSE1,1,G.RF1,1,ISIC,0,37,1993,4,0
G.RF1.CSE1,2,G.RF1,0,ISIC,0,46,1993,4,1
G.RF1.CSE1,3,G.RF1,1,ISIC,0,40,1993,4,0
G.RF1.CSE1,4,G.RF1,2,ISIC,0,41,1993,4,0
G.RF1.CSE1,5,G.RF1,0,ISIC,1,37,1993,4,0
G.RF1.CSE1,6,G.RF1,0,ISIC,0,26,1993,4,0
G.RF1.CSE1,7,G.RF1,0,ISIC,1,24,1993,4,1
G.RF1.CSE1,3,G.RF1,1,ISIC,0,40,1994,1,0
G.RF1.CSE1,7,G.RF1,0,ISIC,2,24,1994,1,0
G.RF1.CSE1,3,G.RF1,5,ISIC,0,40,1994,2,1
G.RF1.CSE1,4,G.RF1,1,ISIC,0,41,1994,2,0
G.RF1.CSE1,5,G.RF1,1,ISIC,2,37,1994,2,1
G.RF1.CSE1,7,G.RF1,0,ISIC,1,24,1994,2,1
G.RF1.CSE1,0,G.RF1,1,ISIC,1,44,1994,3,1
G.RF1.CSE1,1,G.RF1,0,ISIC,1,37,1994,3,2
G.RF1.CSE1,3,G.RF1,4,ISIC,3,40,1994,3,6
G.RF1.CSE1,4,G.RF1,2,ISIC,0,41,1994,3,1
G.RF1.CSE1,5,G.RF1,0,ISIC,2,37,1994,3,0
G.RF1.CSE1,7,G.RF1,0,ISIC,3,24,1994,3,1
G.RF1.CSE1,0,G.RF1,2,ISIC,2,44,1994,4,3
G.RF1.CSE1,1,G.RF1,0,ISIC,1,37,1994,4,2
G.RF1.CSE1,2,G.RF1,0,ISIC,5,46,1994,4,4
G.RF1.CSE1,3,G.RF1,4,ISIC,0,40,1994,4,7
G.RF1.CSE1,4,G.RF1,5,ISIC,0,41,1994,4,4
G.RF1.CSE1,5,G.RF1,2,ISIC,4,37,1994,4,2
G.RF1.CSE1,6,G.RF1,0,ISIC,0,26,1994,4,0
G.RF1.CSE1,7,G.RF1,0,ISIC,2,24,1994,4,2
G.RF1.CSE1,1,G.RF1,1,ISIC,0,37,1995,1,0
G.RF1.CSE1,3,G.RF1,1,ISIC,0,40,1995,1,0
G.RF1.CSE1,0,G.RF1,0,ISIC,0,44,1995,2,0
G.RF1.CSE1,1,G.RF1,0,ISIC,0,37,1995,2,0
G.RF1.CSE1,3,G.RF1,0,ISIC,0,40,1995,2,0
G.RF1.CSE1,6,G.RF1,0,ISIC,0,26,1995,2,0
G.RF1.CSE1,0,G.RF1,0,ISIC,0,44,1995,3,0
G.RF1.CSE1,1,G.RF1,0,ISIC,1,37,1995,3,0
G.RF1.CSE1,3,G.RF1,0,ISIC,0,40,1995,3,0
G.RF1.CSE1,4,G.RF1,0,ISIC,0,41,1995,3,0
G.RF1.CSE1,5,G.RF1,0,ISIC,1,37,1995,3,0
G.RF1.CSE1,6,G.RF1,0,ISIC,0,26,1995,3,0
G.RF1.CSE1,0,G.RF1,1,ISIC,0,44,1995,4,0
G.RF1.CSE1,1,G.RF1,1,ISIC,1,37,1995,4,0
G.RF1.CSE1,2,G.RF1,0,ISIC,1,46,1995,4,0
G.RF1.CSE1,3,G.RF1,0,ISIC,1,40,1995,4,0
G.RF1.CSE1,4,G.RF1,2,ISIC,0,41,1995,4,0
G.RF1.CSE1,5,G.RF1,0,ISIC,0,37,1995,4,1
G.RF1.CSE1,6,G.RF1,0,ISIC,0,26,1995,4,0
G.RF1.CSE1,7,G.RF1,0,ISIC,2,24,1995,4,0
G.RF1.CSE025,0,G.RF1,0,ISIC,0,44,1993,1,0
G.RF1.CSE025,4,G.RF1,0,ISIC,0,41,1993,1,0
G.RF1.CSE025,0,G.RF1,0,ISIC,0,44,1993,2,0
G.RF1.CSE025,3,G.RF1,0,ISIC,0,40,1993,2,0
G.RF1.CSE025,4,G.RF1,0,ISIC,0,41,1993,2,0
G.RF1.CSE025,7,G.RF1,0,ISIC,0,24,1993,2,0
G.RF1.CSE025,0,G.RF1,0,ISIC,0,44,1993,3,0
G.RF1.CSE025,3,G.RF1,0,ISIC,0,40,1993,3,0
G.RF1.CSE025,4,G.RF1,0,ISIC,0,41,1993,3,0
G.RF1.CSE025,5,G.RF1,0,ISIC,0,37,1993,3,0
G.RF1.CSE025,6,G.RF1,0,ISIC,0,26,1993,3,0
G.RF1.CSE025,7,G.RF1,0,ISIC,0,24,1993,3,0
G.RF1.CSE025,0,G.RF1,0,ISIC,0,44,1993,4,0
G.RF1.CSE025,1,G.RF1,0,ISIC,0,37,1993,4,0
G.RF1.CSE025,2,G.RF1,0,ISIC,0,46,1993,4,0
G.RF1.CSE025,3,G.RF1,0,ISIC,0,40,1993,4,0
G.RF1.CSE025,4,G.RF1,0,ISIC,0,41,1993,4,0
G.RF1.CSE025,5,G.RF1,0,ISIC,1,37,1993,4,0
G.RF1.CSE025,6,G.RF1,0,ISIC,0,26,1993,4,0
G.RF1.CSE025,7,G.RF1,0,ISIC,0,24,1993,4,0
G.RF1.CSE025,3,G.RF1,1,ISIC,0,40,1994,1,0
G.RF1.CSE025,7,G.RF1,0,ISIC,1,24,1994,1,0
G.RF1.CSE025,3,G.RF1,0,ISIC,0,40,1994,2,0
G.RF1.CSE025,4,G.RF1,1,ISIC,0,41,1994,2,0
G.RF1.CSE025,5,G.RF1,0,ISIC,1,37,1994,2,0
G.RF1.CSE025,7,G.RF1,0,ISIC,0,24,1994,2,0
G.RF1.CSE025,0,G.RF1,0,ISIC,0,44,1994,3,1
G.RF1.CSE025,1,G.RF1,0,ISIC,0,37,1994,3,1
G.RF1.CSE025,3,G.RF1,0,ISIC,0,40,1994,3,1
G.RF1.CSE025,4,G.RF1,2,ISIC,0,41,1994,3,0
G.RF1.CSE025,5,G.RF1,0,ISIC,0,37,1994,3,0
G.RF1.CSE025,7,G.RF1,0,ISIC,1,24,1994,3,0
G.RF1.CSE025,0,G.RF1,0,ISIC,1,44,1994,4,1
G.RF1.CSE025,1,G.RF1,0,ISIC,0,37,1994,4,0
G.RF1.CSE025,2,G.RF1,0,ISIC,3,46,1994,4,2
G.RF1.CSE025,3,G.RF1,1,ISIC,0,40,1994,4,2
G.RF1.CSE025,4,G.RF1,1,ISIC,0,41,1994,4,2
G.RF1.CSE025,5,G.RF1,1,ISIC,0,37,1994,4,1
G.RF1.CSE025,6,G.RF1,0,ISIC,0,26,1994,4,0
G.RF1.CSE025,7,G.RF1,0,ISIC,0,24,1994,4,0
G.RF1.CSE025,1,G.RF1,0,ISIC,0,37,1995,1,0
G.RF1.CSE025,3,G.RF1,0,ISIC,0,40,1995,1,0
G.RF1.CSE025,0,G.RF1,0,ISIC,0,44,1995,2,0
G.RF1.CSE025,1,G.RF1,0,ISIC,0,37,1995,2,0
G.RF1.CSE025,3,G.RF1,0,ISIC,0,40,1995,2,0
G.RF1.CSE025,6,G.RF1,0,ISIC,0,26,1995,2,0
G.RF1.CSE025,0,G.RF1,0,ISIC,0,44,1995,3,0
G.RF1.CSE025,1,G.RF1,0,ISIC,0,37,1995,3,0
G.RF1.CSE025,3,G.RF1,0,ISIC,0,40,1995,3,0
G.RF1.CSE025,4,G.RF1,0,ISIC,0,41,1995,3,0
G.RF1.CSE025,5,G.RF1,0,ISIC,0,37,1995,3,0
G.RF1.CSE025,6,G.RF1,0,ISIC,0,26,1995,3,0
G.RF1.CSE025,0,G.RF1,0,ISIC,0,44,1995,4,0
G.RF1.CSE025,1,G.RF1,1,ISIC,0,37,1995,4,0
G.RF1.CSE025,2,G.RF1,0,ISIC,0,46,1995,4,0
G.RF1.CSE025,3,G.RF1,0,ISIC,0,40,1995,4,0
G.RF1.CSE025,4,G.RF1,1,ISIC,0,41,1995,4,0
G.RF1.CSE025,5,G.RF1,0,ISIC,0,37,1995,4,0
G.RF1.CSE025,6,G.RF1,0,ISIC,0,26,1995,4,0
G.RF1.CSE025,7,G.RF1,0,ISIC,0,24,1995,4,0
G.RF2.CSE1,0,G.RF2,0,ISIC,0,44,1993,1,0
G.RF2.CSE1,4,G.RF2,0,ISIC,0,41,1993,1,0
G.RF2.CSE1,0,G.RF2,0,ISIC,0,44,1993,2,0
G.RF2.CSE1,3,G.RF2,0,ISIC,0,40,1993,2,0
G.RF2.CSE1,4,G.RF2,0,ISIC,1,41,1993,2,0
G.RF2.CSE1,7,G.RF2,0,ISIC,0,24,1993,2,2
G.RF2.CSE1,0,G.RF2,1,ISIC,0,44,1993,3,0
G.RF2.CSE1,3,G.RF2,0,ISIC,0,40,1993,3,0
G.RF2.CSE1,4,G.RF2,0,ISIC,0,41,1993,3,0
G.RF2.CSE1,5,G.RF2,0,ISIC,1,37,1993,3,0
G.RF2.CSE1,6,G.RF2,0,ISIC,0,26,1993,3,0
G.RF2.CSE1,7,G.RF2,0,ISIC,1,24,1993,3,1
G.RF2.CSE1,0,G.RF2,1,ISIC,0,44,1993,4,0
G.RF2.CSE1,1,G.RF2,1,ISIC,1,37,1993,4,0
G.RF2.CSE1,2,G.RF2,0,ISIC,1,46,1993,4,1
G.RF2.CSE1,3,G.RF2,0,ISIC,0,40,1993,4,0
G.RF2.CSE1,4,G.RF2,0,ISIC,0,41,1993,4,0
G.RF2.CSE1,5,G.RF2,0,ISIC,0,37,1993,4,3
G.RF2.CSE1,6,G.RF2,0,ISIC,0,26,1993,4,0
G.RF2.CSE1,7,G.RF2,0,ISIC,0,24,1993,4,0
G.RF2.CSE1,3,G.RF2,0,ISIC,0,40,1994,1,0
G.RF2.CSE1,7,G.RF2,0,ISIC,1,24,1994,1,0
G.RF2.CSE1,3,G.RF2,2,ISIC,0,40,1994,2,0
G.RF2.CSE1,4,G.RF2,0,ISIC,0,41,1994,2,0
G.RF2.CSE1,5,G.RF2,0,ISIC,3,37,1994,2,1
G.RF2.CSE1,7,G.RF2,0,ISIC,0,24,1994,2,0
G.RF2.CSE1,0,G.RF2,1,ISIC,0,44,1994,3,0
G.RF2.CSE1,1,G.RF2,1,ISIC,1,37,1994,3,0
G.RF2.CSE1,3,G.RF2,3,ISIC,0,40,1994,3,3
G.RF2.CSE1,4,G.RF2,2,ISIC,0,41,1994,3,0
G.RF2.CSE1,5,G.RF2,0,ISIC,2,37,1994,3,1
G.RF2.CSE1,7,G.RF2,0,ISIC,1,24,1994,3,1
G.RF2.CSE1,0,G.RF2,1,ISIC,0,44,1994,4,0
G.RF2.CSE1,1,G.RF2,2,ISIC,1,37,1994,4,0
G.RF2.CSE1,2,G.RF2,0,ISIC,2,46,1994,4,0
G.RF2.CSE1,3,G.RF2,3,ISIC,0,40,1994,4,3
G.RF2.CSE1,4,G.RF2,5,ISIC,0,41,1994,4,2
G.RF2.CSE1,5,G.RF2,0,ISIC,3,37,1994,4,2
G.RF2.CSE1,6,G.RF2,0,ISIC,0,26,1994,4,0
G.RF2.CSE1,7,G.RF2,0,ISIC,1,24,1994,4,0
G.RF2.CSE1,1,G.RF2,0,ISIC,0,37,1995,1,0
G.RF2.CSE1,3,G.RF2,0,ISIC,0,40,1995,1,0
G.RF2.CSE1,0,G.RF2,0,ISIC,0,44,1995,2,0
G.RF2.CSE1,1,G.RF2,0,ISIC,0,37,1995,2,0
G.RF2.CSE1,3,G.RF2,1,ISIC,1,40,1995,2,0
G.RF2.CSE1,6,G.RF2,0,ISIC,0,26,1995,2,0
G.RF2.CSE1,0,G.RF2,0,ISIC,0,44,1995,3,0
G.RF2.CSE1,1,G.RF2,0,ISIC,0,37,1995,3,1
G.RF2.CSE1,3,G.RF2,3,ISIC,1,40,1995,3,0
G.RF2.CSE1,4,G.RF2,0,ISIC,0,41,1995,3,0
G.RF2.CSE1,5,G.RF2,0,ISIC,2,37,1995,3,0
G.RF2.CSE1,6,G.RF2,0,ISIC,0,26,1995,3,0
G.RF2.CSE1,0,G.RF2,3,ISIC,0,44,1995,4,0
G.RF2.CSE1,1,G.RF2,0,ISIC,0,37,1995,4,0
G.RF2.CSE1,2,G.RF2,0,ISIC,0,46,1995,4,1
G.RF2.CSE1,3,G.RF2,0,ISIC,1,40,1995,4,0
G.RF2.CSE1,4,G.RF2,1,ISIC,1,41,1995,4,0
G.RF2.CSE1,5,G.RF2,0,ISIC,0,37,1995,4,2
G.RF2.CSE1,6,G.RF2,0,ISIC,0,26,1995,4,0
G.RF2.CSE1,7,G.RF2,0,ISIC,1,24,1995,4,0
G.RF2.CSE025,0,G.RF2,0,ISIC,0,44,1993,1,0
G.RF2.CSE025,4,G.RF2,0,ISIC,0,41,1993,1,0
G.RF2.CSE025,0,G.RF2,0,ISIC,0,44,1993,2,0
G.RF2.CSE025,3,G.RF2,0,ISIC,0,40,1993,2,0
G.RF2.CSE025,4,G.RF2,0,ISIC,1,41,1993,2,0
G.RF2.CSE025,7,G.RF2,0,ISIC,0,24,1993,2,0
G.RF2.CSE025,0,G.RF2,0,ISIC,0,44,1993,3,0
G.RF2.CSE025,3,G.RF2,0,ISIC,0,40,1993,3,0
G.RF2.CSE025,4,G.RF2,0,ISIC,0,41,1993,3,0
G.RF2.CSE025,5,G.RF2,0,ISIC,0,37,1993,3,0
G.RF2.CSE025,6,G.RF2,0,ISIC,0,26,1993,3,0
G.RF2.CSE025,7,G.RF2,0,ISIC,0,24,1993,3,0
G.RF2.CSE025,0,G.RF2,0,ISIC,0,44,1993,4,0
G.RF2.CSE025,1,G.RF2,0,ISIC,1,37,1993,4,0
G.RF2.CSE025,2,G.RF2,0,ISIC,0,46,1993,4,0
G.RF2.CSE025,3,G.RF2,0,ISIC,0,40,1993,4,0
G.RF2.CSE025,4,G.RF2,0,ISIC,0,41,1993,4,0
G.RF2.CSE025,5,G.RF2,0,ISIC,0,37,1993,4,0
G.RF2.CSE025,6,G.RF2,0,ISIC,0,26,1993,4,0
G.RF2.CSE025,7,G.RF2,0,ISIC,0,24,1993,4,0
G.RF2.CSE025,3,G.RF2,0,ISIC,0,40,1994,1,0
G.RF2.CSE025,7,G.RF2,0,ISIC,1,24,1994,1,0
G.RF2.CSE025,3,G.RF2,0,ISIC,0,40,1994,2,0
G.RF2.CSE025,4,G.RF2,0,ISIC,0,41,1994,2,0
G.RF2.CSE025,5,G.RF2,0,ISIC,2,37,1994,2,0
G.RF2.CSE025,7,G.RF2,0,ISIC,0,24,1994,2,0
G.RF2.CSE025,0,G.RF2,1,ISIC,0,44,1994,3,0
G.RF2.CSE025,1,G.RF2,1,ISIC,0,37,1994,3,0
G.RF2.CSE025,3,G.RF2,2,ISIC,0,40,1994,3,2
G.RF2.CSE025,4,G.RF2,0,ISIC,0,41,1994,3,0
G.RF2.CSE025,5,G.RF2,0,ISIC,1,37,1994,3,1
G.RF2.CSE025,7,G.RF2,0,ISIC,0,24,1994,3,0
G.RF2.CSE025,0,G.RF2,1,ISIC,0,44,1994,4,0
G.RF2.CSE025,1,G.RF2,0,ISIC,0,37,1994,4,0
G.RF2.CSE025,2,G.RF2,0,ISIC,1,46,1994,4,0
G.RF2.CSE025,3,G.RF2,0,ISIC,0,40,1994,4,0
G.RF2.CSE025,4,G.RF2,1,ISIC,0,41,1994,4,2
G.RF2.CSE025,5,G.RF2,0,ISIC,0,37,1994,4,0
G.RF2.CSE025,6,G.RF2,0,ISIC,0,26,1994,4,0
G.RF2.CSE025,7,G.RF2,0,ISIC,0,24,1994,4,0
G.RF2.CSE025,1,G.RF2,0,ISIC,0,37,1995,1,0
G.RF2.CSE025,3,G.RF2,0,ISIC,0,40,1995,1,0
G.RF2.CSE025,0,G.RF2,0,ISIC,0,44,1995,2,0
G.RF2.CSE025,1,G.RF2,0,ISIC,0,37,1995,2,0
G.RF2.CSE025,3,G.RF2,1,ISIC,0,40,1995,2,0
G.RF2.CSE025,6,G.RF2,0,ISIC,0,26,1995,2,0
G.RF2.CSE025,0,G.RF2,0,ISIC,0,44,1995,3,0
G.RF2.CSE025,1,G.RF2,0,ISIC,0,37,1995,3,1
G.RF2.CSE025,3,G.RF2,1,ISIC,0,40,1995,3,0
G.RF2.CSE025,4,G.RF2,0,ISIC,0,41,1995,3,0
G.RF2.CSE025,5,G.RF2,0,ISIC,0,37,1995,3,0
G.RF2.CSE025,6,G.RF2,0,ISIC,0,26,1995,3,0
G.RF2.CSE025,0,G.RF2,1,ISIC,0,44,1995,4,0
G.RF2.CSE025,1,G.RF2,0,ISIC,0,37,1995,4,0
G.RF2.CSE025,2,G.RF2,0,ISIC,0,46,1995,4,1
G.RF2.CSE025,3,G.RF2,0,ISIC,1,40,1995,4,0
G.RF2.CSE025,4,G.RF2,0,ISIC,0,41,1995,4,0
G.RF2.CSE025,5,G.RF2,0,ISIC,0,37,1995,4,0
G.RF2.CSE025,6,G.RF2,0,ISIC,0,26,1995,4,0
G.RF2.CSE025,7,G.RF2,0,ISIC,0,24,1995,4,0
G.RF1.CSEperm1,0,G.RF1,0,ISIC,0,44,1993,1,0
G.RF1.CSEperm1,4,G.RF1,0,ISIC,0,41,1993,1,0
G.RF1.CSEperm1,0,G.RF1,0,ISIC,0,44,1993,2,0
G.RF1.CSEperm1,3,G.RF1,0,ISIC,0,40,1993,2,0
G.RF1.CSEperm1,4,G.RF1,2,ISIC,0,41,1993,2,0
G.RF1.CSEperm1,7,G.RF1,0,ISIC,1,24,1993,2,0
G.RF1.CSEperm1,0,G.RF1,0,ISIC,0,44,1993,3,0
G.RF1.CSEperm1,3,G.RF1,0,ISIC,0,40,1993,3,0
G.RF1.CSEperm1,4,G.RF1,0,ISIC,0,41,1993,3,2
G.RF1.CSEperm1,5,G.RF1,0,ISIC,0,37,1993,3,0
G.RF1.CSEperm1,6,G.RF1,1,ISIC,0,26,1993,3,0
G.RF1.CSEperm1,7,G.RF1,1,ISIC,1,24,1993,3,1
G.RF1.CSEperm1,0,G.RF1,0,ISIC,1,44,1993,4,0
G.RF1.CSEperm1,1,G.RF1,2,ISIC,0,37,1993,4,0
G.RF1.CSEperm1,2,G.RF1,1,ISIC,0,46,1993,4,2
G.RF1.CSEperm1,3,G.RF1,0,ISIC,0,40,1993,4,0
G.RF1.CSEperm1,4,G.RF1,2,ISIC,0,41,1993,4,3
G.RF1.CSEperm1,5,G.RF1,0,ISIC,1,37,1993,4,0
G.RF1.CSEperm1,6,G.RF1,0,ISIC,1,26,1993,4,0
G.RF1.CSEperm1,7,G.RF1,0,ISIC,1,24,1993,4,0
G.RF1.CSEperm1,3,G.RF1,0,ISIC,3,40,1994,1,0
G.RF1.CSEperm1,7,G.RF1,0,ISIC,0,24,1994,1,0
G.RF1.CSEperm1,3,G.RF1,0,ISIC,4,40,1994,2,0
G.RF1.CSEperm1,4,G.RF1,3,ISIC,0,41,1994,2,0
G.RF1.CSEperm1,5,G.RF1,2,ISIC,0,37,1994,2,1
G.RF1.CSEperm1,7,G.RF1,1,ISIC,1,24,1994,2,0
G.RF1.CSEperm1,0,G.RF1,0,ISIC,4,44,1994,3,0
G.RF1.CSEperm1,1,G.RF1,0,ISIC,1,37,1994,3,1
G.RF1.CSEperm1,3,G.RF1,2,ISIC,2,40,1994,3,4
G.RF1.CSEperm1,4,G.RF1,2,ISIC,0,41,1994,3,1
G.RF1.CSEperm1,5,G.RF1,0,ISIC,1,37,1994,3,0
G.RF1.CSEperm1,7,G.RF1,0,ISIC,2,24,1994,3,1
G.RF1.CSEperm1,0,G.RF1,1,ISIC,5,44,1994,4,2
G.RF1.CSEperm1,1,G.RF1,1,ISIC,1,37,1994,4,1
G.RF1.CSEperm1,2,G.RF1,0,ISIC,8,46,1994,4,4
G.RF1.CSEperm1,3,G.RF1,0,ISIC,2,40,1994,4,4
G.RF1.CSEperm1,4,G.RF1,4,ISIC,1,41,1994,4,1
G.RF1.CSEperm1,5,G.RF1,2,ISIC,0,37,1994,4,2
G.RF1.CSEperm1,6,G.RF1,0,ISIC,0,26,1994,4,0
G.RF1.CSEperm1,7,G.RF1,0,ISIC,2,24,1994,4,0
G.RF1.CSEperm1,1,G.RF1,0,ISIC,0,37,1995,1,0
G.RF1.CSEperm1,3,G.RF1,0,ISIC,0,40,1995,1,0
G.RF1.CSEperm1,0,G.RF1,0,ISIC,0,44,1995,2,0
G.RF1.CSEperm1,1,G.RF1,1,ISIC,0,37,1995,2,0
G.RF1.CSEperm1,3,G.RF1,1,ISIC,0,40,1995,2,0
G.RF1.CSEperm1,6,G.RF1,0,ISIC,1,26,1995,2,0
G.RF1.CSEperm1,0,G.RF1,0,ISIC,0,44,1995,3,0
G.RF1.CSEperm1,1,G.RF1,0,ISIC,0,37,1995,3,0
G.RF1.CSEperm1,3,G.RF1,1,ISIC,0,40,1995,3,0
G.RF1.CSEperm1,4,G.RF1,0,ISIC,0,41,1995,3,0
G.RF1.CSEperm1,5,G.RF1,0,ISIC,0,37,1995,3,0
G.RF1.CSEperm1,6,G.RF1,0,ISIC,0,26,1995,3,0
G.RF1.CSEperm1,0,G.RF1,0,ISIC,1,44,1995,4,0
G.RF1.CSEperm1,1,G.RF1,3,ISIC,0,37,1995,4,0
G.RF1.CSEperm1,2,G.RF1,2,ISIC,1,46,1995,4,0
G.RF1.CSEperm1,3,G.RF1,0,ISIC,1,40,1995,4,0
G.RF1.CSEperm1,4,G.RF1,2,ISIC,0,41,1995,4,1
G.RF1.CSEperm1,5,G.RF1,0,ISIC,0,37,1995,4,1
G.RF1.CSEperm1,6,G.RF1,0,ISIC,0,26,1995,4,0
G.RF1.CSEperm1,7,G.RF1,0,ISIC,1,24,1995,4,0
G.RF1.CSE1,0,G.RF1.CSEperm1,0,ISIC,0,44,1993,1,0
G.RF1.CSE1,4,G.RF1.CSEperm1,0,ISIC,0,41,1993,1,0
G.RF1.CSE1,0,G.RF1.CSEperm1,0,ISIC,0,44,1993,2,0
G.RF1.CSE1,3,G.RF1.CSEperm1,0,ISIC,0,40,1993,2,0
G.RF1.CSE1,4,G.RF1.CSEperm1,0,ISIC,2,41,1993,2,0
G.RF1.CSE1,7,G.RF1.CSEperm1,1,ISIC,0,24,1993,2,1
G.RF1.CSE1,0,G.RF1.CSEperm1,0,ISIC,0,44,1993,3,0
G.RF1.CSE1,3,G.RF1.CSEperm1,0,ISIC,0,40,1993,3,0
G.RF1.CSE1,4,G.RF1.CSEperm1,1,ISIC,0,41,1993,3,1
G.RF1.CSE1,5,G.RF1.CSEperm1,0,ISIC,1,37,1993,3,0
G.RF1.CSE1,6,G.RF1.CSEperm1,1,ISIC,1,26,1993,3,0
G.RF1.CSE1,7,G.RF1.CSEperm1,0,ISIC,1,24,1993,3,0
G.RF1.CSE1,0,G.RF1.CSEperm1,1,ISIC,0,44,1993,4,0
G.RF1.CSE1,1,G.RF1.CSEperm1,0,ISIC,1,37,1993,4,0
G.RF1.CSE1,2,G.RF1.CSEperm1,0,ISIC,1,46,1993,4,1
G.RF1.CSE1,3,G.RF1.CSEperm1,1,ISIC,0,40,1993,4,0
G.RF1.CSE1,4,G.RF1.CSEperm1,0,ISIC,0,41,1993,4,3
G.RF1.CSE1,5,G.RF1.CSEperm1,0,ISIC,0,37,1993,4,0
G.RF1.CSE1,6,G.RF1.CSEperm1,1,ISIC,0,26,1993,4,0
G.RF1.CSE1,7,G.RF1.CSEperm1,0,ISIC,0,24,1993,4,1
G.RF1.CSE1,3,G.RF1.CSEperm1,4,ISIC,0,40,1994,1,0
G.RF1.CSE1,7,G.RF1.CSEperm1,0,ISIC,2,24,1994,1,0
G.RF1.CSE1,3,G.RF1.CSEperm1,9,ISIC,0,40,1994,2,1
G.RF1.CSE1,4,G.RF1.CSEperm1,0,ISIC,2,41,1994,2,0
G.RF1.CSE1,5,G.RF1.CSEperm1,1,ISIC,4,37,1994,2,0
G.RF1.CSE1,7,G.RF1.CSEperm1,0,ISIC,1,24,1994,2,1
G.RF1.CSE1,0,G.RF1.CSEperm1,4,ISIC,0,44,1994,3,1
G.RF1.CSE1,1,G.RF1.CSEperm1,0,ISIC,0,37,1994,3,3
G.RF1.CSE1,3,G.RF1.CSEperm1,6,ISIC,5,40,1994,3,6
G.RF1.CSE1,4,G.RF1.CSEperm1,0,ISIC,0,41,1994,3,2
G.RF1.CSE1,5,G.RF1.CSEperm1,1,ISIC,2,37,1994,3,0
G.RF1.CSE1,7,G.RF1.CSEperm1,1,ISIC,2,24,1994,3,2
G.RF1.CSE1,0,G.RF1.CSEperm1,5,ISIC,1,44,1994,4,3
G.RF1.CSE1,1,G.RF1.CSEperm1,0,ISIC,1,37,1994,4,2
G.RF1.CSE1,2,G.RF1.CSEperm1,3,ISIC,0,46,1994,4,8
G.RF1.CSE1,3,G.RF1.CSEperm1,6,ISIC,0,40,1994,4,6
G.RF1.CSE1,4,G.RF1.CSEperm1,3,ISIC,1,41,1994,4,4
G.RF1.CSE1,5,G.RF1.CSEperm1,0,ISIC,4,37,1994,4,0
G.RF1.CSE1,6,G.RF1.CSEperm1,0,ISIC,0,26,1994,4,0
G.RF1.CSE1,7,G.RF1.CSEperm1,1,ISIC,1,24,1994,4,2
G.RF1.CSE1,1,G.RF1.CSEperm1,1,ISIC,0,37,1995,1,0
G.RF1.CSE1,3,G.RF1.CSEperm1,1,ISIC,0,40,1995,1,0
G.RF1.CSE1,0,G.RF1.CSEperm1,0,ISIC,0,44,1995,2,0
G.RF1.CSE1,1,G.RF1.CSEperm1,0,ISIC,1,37,1995,2,0
G.RF1.CSE1,3,G.RF1.CSEperm1,0,ISIC,1,40,1995,2,0
G.RF1.CSE1,6,G.RF1.CSEperm1,1,ISIC,0,26,1995,2,0
G.RF1.CSE1,0,G.RF1.CSEperm1,0,ISIC,0,44,1995,3,0
G.RF1.CSE1,1,G.RF1.CSEperm1,0,ISIC,1,37,1995,3,0
G.RF1.CSE1,3,G.RF1.CSEperm1,0,ISIC,1,40,1995,3,0
G.RF1.CSE1,4,G.RF1.CSEperm1,0,ISIC,0,41,1995,3,0
G.RF1.CSE1,5,G.RF1.CSEperm1,0,ISIC,1,37,1995,3,0
G.RF1.CSE1,6,G.RF1.CSEperm1,0,ISIC,0,26,1995,3,0
G.RF1.CSE1,0,G.RF1.CSEperm1,2,ISIC,0,44,1995,4,0
G.RF1.CSE1,1,G.RF1.CSEperm1,0,ISIC,3,37,1995,4,0
G.RF1.CSE1,2,G.RF1.CSEperm1,1,ISIC,3,46,1995,4,0
G.RF1.CSE1,3,G.RF1.CSEperm1,0,ISIC,0,40,1995,4,0
G.RF1.CSE1,4,G.RF1.CSEperm1,0,ISIC,0,41,1995,4,1
G.RF1.CSE1,5,G.RF1.CSEperm1,0,ISIC,0,37,1995,4,0
G.RF1.CSE1,6,G.RF1.CSEperm1,0,ISIC,0,26,1995,4,0
G.RF1.CSE1,7,G.RF1.CSEperm1,0,ISIC,1,24,1995,4,0
B.RF1,0,B.SPLIT1,0,ISIC,0,44,1993,1,0
B.RF1,4,B.SPLIT1,1,ISIC,1,41,1993,1,0
B.RF1,0,B.SPLIT1,0,ISIC,1,44,1993,2,0
B.RF1,3,B.SPLIT1,0,ISIC,0,40,1993,2,0
B.RF1,4,B.SPLIT1,3,ISIC,0,41,1993,2,0
B.RF1,7,B.SPLIT1,0,ISIC,0,24,1993,2,0
B.RF1,0,B.SPLIT1,0,ISIC,0,44,1993,3,0
B.RF1,3,B.SPLIT1,3,ISIC,1,40,1993,3,0
B.RF1,4,B.SPLIT1,1,ISIC,0,41,1993,3,0
B.RF1,5,B.SPLIT1,3,ISIC,1,37,1993,3,0
B.RF1,6,B.SPLIT1,0,ISIC,0,26,1993,3,0
B.RF1,7,B.SPLIT1,1,ISIC,0,24,1993,3,1
B.RF1,0,B.SPLIT1,1,ISIC,1,44,1993,4,1
B.RF1,1,B.SPLIT1,1,ISIC,2,37,1993,4,3
B.RF1,2,B.SPLIT1,4,ISIC,1,46,1993,4,1
B.RF1,3,B.SPLIT1,4,ISIC,2,40,1993,4,1
B.RF1,4,B.SPLIT1,2,ISIC,0,41,1993,4,2
B.RF1,5,B.SPLIT1,1,ISIC,0,37,1993,4,2
B.RF1,6,B.SPLIT1,0,ISIC,0,26,1993,4,0
B.RF1,7,B.SPLIT1,2,ISIC,0,24,1993,4,1
B.RF1,3,B.SPLIT1,0,ISIC,0,40,1994,1,0
B.RF1,7,B.SPLIT1,0,ISIC,0,24,1994,1,0
B.RF1,3,B.SPLIT1,0,ISIC,0,40,1994,2,0
B.RF1,4,B.SPLIT1,1,ISIC,1,41,1994,2,0
B.RF1,5,B.SPLIT1,0,ISIC,1,37,1994,2,0
B.RF1,7,B.SPLIT1,0,ISIC,0,24,1994,2,0
B.RF1,0,B.SPLIT1,1,ISIC,0,44,1994,3,0
B.RF1,1,B.SPLIT1,2,ISIC,0,37,1994,3,0
B.RF1,3,B.SPLIT1,1,ISIC,2,40,1994,3,1
B.RF1,4,B.SPLIT1,1,ISIC,0,41,1994,3,0
B.RF1,5,B.SPLIT1,1,ISIC,0,37,1994,3,1
B.RF1,7,B.SPLIT1,0,ISIC,1,24,1994,3,0
B.RF1,0,B.SPLIT1,1,ISIC,0,44,1994,4,0
B.RF1,1,B.SPLIT1,1,ISIC,1,37,1994,4,0
B.RF1,2,B.SPLIT1,0,ISIC,1,46,1994,4,0
B.RF1,3,B.SPLIT1,2,ISIC,4,40,1994,4,2
B.RF1,4,B.SPLIT1,1,ISIC,0,41,1994,4,1
B.RF1,5,B.SPLIT1,0,ISIC,0,37,1994,4,3
B.RF1,6,B.SPLIT1,1,ISIC,0,26,1994,4,0
B.RF1,7,B.SPLIT1,0,ISIC,0,24,1994,4,1
B.RF1,1,B.SPLIT1,1,ISIC,0,37,1995,1,0
B.RF1,3,B.SPLIT1,2,ISIC,1,40,1995,1,0
B.RF1,0,B.SPLIT1,0,ISIC,0,44,1995,2,0
B.RF1,1,B.SPLIT1,2,ISIC,1,37,1995,2,0
B.RF1,3,B.SPLIT1,0,ISIC,0,40,1995,2,0
B.RF1,6,B.SPLIT1,0,ISIC,0,26,1995,2,0
B.RF1,0,B.SPLIT1,1,ISIC,1,44,1995,3,1
B.RF1,1,B.SPLIT1,1,ISIC,0,37,1995,3,0
B.RF1,3,B.SPLIT1,3,ISIC,2,40,1995,3,1
B.RF1,4,B.SPLIT1,1,ISIC,2,41,1995,3,2
B.RF1,5,B.SPLIT1,1,ISIC,0,37,1995,3,1
B.RF1,6,B.SPLIT1,0,ISIC,0,26,1995,3,0
B.RF1,0,B.SPLIT1,2,ISIC,1,44,1995,4,1
B.RF1,1,B.SPLIT1,2,ISIC,0,37,1995,4,2
B.RF1,2,B.SPLIT1,4,ISIC,0,46,1995,4,1
B.RF1,3,B.SPLIT1,2,ISIC,3,40,1995,4,0
B.RF1,4,B.SPLIT1,0,ISIC,1,41,1995,4,0
B.RF1,5,B.SPLIT1,1,ISIC,1,37,1995,4,3
B.RF1,6,B.SPLIT1,0,ISIC,0,26,1995,4,1
B.RF1,7,B.SPLIT1,2,ISIC,1,24,1995,4,2
B.RF1,0,B.RPLIN1,0,ISIC,0,44,1993,1,0
B.RF1,4,B.RPLIN1,1,ISIC,1,41,1993,1,0
B.RF1,0,B.RPLIN1,0,ISIC,0,44,1993,2,0
B.RF1,3,B.RPLIN1,0,ISIC,2,40,1993,2,0
B.RF1,4,B.RPLIN1,2,ISIC,1,41,1993,2,0
B.RF1,7,B.RPLIN1,0,ISIC,0,24,1993,2,0
B.RF1,0,B.RPLIN1,1,ISIC,0,44,1993,3,0
B.RF1,3,B.RPLIN1,1,ISIC,0,40,1993,3,1
B.RF1,4,B.RPLIN1,1,ISIC,1,41,1993,3,0
B.RF1,5,B.RPLIN1,3,ISIC,2,37,1993,3,0
B.RF1,6,B.RPLIN1,0,ISIC,0,26,1993,3,0
B.RF1,7,B.RPLIN1,0,ISIC,4,24,1993,3,0
B.RF1,0,B.RPLIN1,1,ISIC,1,44,1993,4,0
B.RF1,1,B.RPLIN1,2,ISIC,2,37,1993,4,0
B.RF1,2,B.RPLIN1,4,ISIC,1,46,1993,4,1
B.RF1,3,B.RPLIN1,3,ISIC,4,40,1993,4,0
B.RF1,4,B.RPLIN1,2,ISIC,2,41,1993,4,1
B.RF1,5,B.RPLIN1,1,ISIC,1,37,1993,4,1
B.RF1,6,B.RPLIN1,0,ISIC,1,26,1993,4,2
B.RF1,7,B.RPLIN1,0,ISIC,1,24,1993,4,2
B.RF1,3,B.RPLIN1,0,ISIC,0,40,1994,1,0
B.RF1,7,B.RPLIN1,0,ISIC,0,24,1994,1,0
B.RF1,3,B.RPLIN1,0,ISIC,1,40,1994,2,0
B.RF1,4,B.RPLIN1,1,ISIC,2,41,1994,2,1
B.RF1,5,B.RPLIN1,0,ISIC,2,37,1994,2,0
B.RF1,7,B.RPLIN1,0,ISIC,0,24,1994,2,0
B.RF1,0,B.RPLIN1,1,ISIC,1,44,1994,3,0
B.RF1,1,B.RPLIN1,0,ISIC,0,37,1994,3,0
B.RF1,3,B.RPLIN1,0,ISIC,1,40,1994,3,2
B.RF1,4,B.RPLIN1,0,ISIC,0,41,1994,3,1
B.RF1,5,B.RPLIN1,1,ISIC,1,37,1994,3,0
B.RF1,7,B.RPLIN1,0,ISIC,0,24,1994,3,0
B.RF1,0,B.RPLIN1,1,ISIC,0,44,1994,4,0
B.RF1,1,B.RPLIN1,0,ISIC,0,37,1994,4,0
B.RF1,2,B.RPLIN1,0,ISIC,2,46,1994,4,1
B.RF1,3,B.RPLIN1,0,ISIC,2,40,1994,4,1
B.RF1,4,B.RPLIN1,0,ISIC,1,41,1994,4,0
B.RF1,5,B.RPLIN1,0,ISIC,0,37,1994,4,3
B.RF1,6,B.RPLIN1,1,ISIC,0,26,1994,4,0
B.RF1,7,B.RPLIN1,0,ISIC,0,24,1994,4,0
B.RF1,1,B.RPLIN1,1,ISIC,1,37,1995,1,0
B.RF1,3,B.RPLIN1,0,ISIC,2,40,1995,1,0
B.RF1,0,B.RPLIN1,0,ISIC,1,44,1995,2,0
B.RF1,1,B.RPLIN1,0,ISIC,0,37,1995,2,0
B.RF1,3,B.RPLIN1,2,ISIC,0,40,1995,2,0
B.RF1,6,B.RPLIN1,0,ISIC,0,26,1995,2,0
B.RF1,0,B.RPLIN1,1,ISIC,1,44,1995,3,1
B.RF1,1,B.RPLIN1,1,ISIC,1,37,1995,3,0
B.RF1,3,B.RPLIN1,1,ISIC,2,40,1995,3,1
B.RF1,4,B.RPLIN1,1,ISIC,1,41,1995,3,2
B.RF1,5,B.RPLIN1,1,ISIC,0,37,1995,3,0
B.RF1,6,B.RPLIN1,0,ISIC,0,26,1995,3,0
B.RF1,0,B.RPLIN1,1,ISIC,1,44,1995,4,1
B.RF1,1,B.RPLIN1,1,ISIC,1,37,1995,4,0
B.RF1,2,B.RPLIN1,6,ISIC,0,46,1995,4,0
B.RF1,3,B.RPLIN1,1,ISIC,2,40,1995,4,0
B.RF1,4,B.RPLIN1,3,ISIC,2,41,1995,4,0
B.RF1,5,B.RPLIN1,0,ISIC,1,37,1995,4,0
B.RF1,6,B.RPLIN1,0,ISIC,0,26,1995,4,1
B.RF1,7,B.RPLIN1,0,ISIC,4,24,1995,4,0
B.RF2,0,B.LIN,0,ISIC,0,44,1993,1,0
B.RF2,4,B.LIN,1,ISIC,0,41,1993,1,0
B.RF2,0,B.LIN,0,ISIC,0,44,1993,2,0
B.RF2,3,B.LIN,0,ISIC,2,40,1993,2,0
B.RF2,4,B.LIN,1,ISIC,3,41,1993,2,0
B.RF2,7,B.LIN,0,ISIC,2,24,1993,2,1
B.RF2,0,B.LIN,0,ISIC,1,44,1993,3,0
B.RF2,3,B.LIN,0,ISIC,3,40,1993,3,0
B.RF2,4,B.LIN,1,ISIC,0,41,1993,3,0
B.RF2,5,B.LIN,2,ISIC,2,37,1993,3,1
B.RF2,6,B.LIN,0,ISIC,0,26,1993,3,0
B.RF2,7,B.LIN,0,ISIC,2,24,1993,3,1
B.RF2,0,B.LIN,0,ISIC,1,44,1993,4,1
B.RF2,1,B.LIN,1,ISIC,3,37,1993,4,0
B.RF2,2,B.LIN,2,ISIC,3,46,1993,4,2
B.RF2,3,B.LIN,1,ISIC,3,40,1993,4,1
B.RF2,4,B.LIN,1,ISIC,1,41,1993,4,2
B.RF2,5,B.LIN,0,ISIC,1,37,1993,4,2
B.RF2,6,B.LIN,0,ISIC,1,26,1993,4,2
B.RF2,7,B.LIN,0,ISIC,3,24,1993,4,2
B.RF2,3,B.LIN,0,ISIC,0,40,1994,1,0
B.RF2,7,B.LIN,0,ISIC,1,24,1994,1,0
B.RF2,3,B.LIN,1,ISIC,0,40,1994,2,0
B.RF2,4,B.LIN,0,ISIC,0,41,1994,2,1
B.RF2,5,B.LIN,1,ISIC,1,37,1994,2,0
B.RF2,7,B.LIN,0,ISIC,0,24,1994,2,1
B.RF2,0,B.LIN,1,ISIC,2,44,1994,3,0
B.RF2,1,B.LIN,1,ISIC,1,37,1994,3,0
B.RF2,3,B.LIN,1,ISIC,3,40,1994,3,1
B.RF2,4,B.LIN,0,ISIC,0,41,1994,3,0
B.RF2,5,B.LIN,1,ISIC,2,37,1994,3,1
B.RF2,7,B.LIN,1,ISIC,0,24,1994,3,1
B.RF2,0,B.LIN,1,ISIC,1,44,1994,4,0
B.RF2,1,B.LIN,1,ISIC,1,37,1994,4,1
B.RF2,2,B.LIN,0,ISIC,0,46,1994,4,0
B.RF2,3,B.LIN,1,ISIC,4,40,1994,4,3
B.RF2,4,B.LIN,0,ISIC,1,41,1994,4,3
B.RF2,5,B.LIN,1,ISIC,1,37,1994,4,1
B.RF2,6,B.LIN,0,ISIC,1,26,1994,4,0
B.RF2,7,B.LIN,0,ISIC,0,24,1994,4,1
B.RF2,1,B.LIN,1,ISIC,0,37,1995,1,0
B.RF2,3,B.LIN,0,ISIC,0,40,1995,1,0
B.RF2,0,B.LIN,0,ISIC,0,44,1995,2,1
B.RF2,1,B.LIN,2,ISIC,1,37,1995,2,0
B.RF2,3,B.LIN,0,ISIC,3,40,1995,2,0
B.RF2,6,B.LIN,0,ISIC,0,26,1995,2,0
B.RF2,0,B.LIN,1,ISIC,0,44,1995,3,0
B.RF2,1,B.LIN,1,ISIC,1,37,1995,3,0
B.RF2,3,B.LIN,0,ISIC,4,40,1995,3,0
B.RF2,4,B.LIN,1,ISIC,2,41,1995,3,3
B.RF2,5,B.LIN,1,ISIC,1,37,1995,3,1
B.RF2,6,B.LIN,0,ISIC,0,26,1995,3,2
B.RF2,0,B.LIN,0,ISIC,0,44,1995,4,2
B.RF2,1,B.LIN,3,ISIC,2,37,1995,4,0
B.RF2,2,B.LIN,6,ISIC,2,46,1995,4,1
B.RF2,3,B.LIN,2,ISIC,4,40,1995,4,0
B.RF2,4,B.LIN,2,ISIC,0,41,1995,4,4
B.RF2,5,B.LIN,1,ISIC,2,37,1995,4,2
B.RF2,6,B.LIN,0,ISIC,0,26,1995,4,0
B.RF2,7,B.LIN,0,ISIC,2,24,1995,4,1
B.LIN.CSE1,0,B.LIN,0,ISIC,0,44,1993,1,0
B.LIN.CSE1,4,B.LIN,0,ISIC,0,41,1993,1,0
B.LIN.CSE1,0,B.LIN,0,ISIC,0,44,1993,2,0
B.LIN.CSE1,3,B.LIN,0,ISIC,0,40,1993,2,0
B.LIN.CSE1,4,B.LIN,0,ISIC,0,41,1993,2,1
B.LIN.CSE1,7,B.LIN,0,ISIC,0,24,1993,2,0
B.LIN.CSE1,0,B.LIN,0,ISIC,0,44,1993,3,0
B.LIN.CSE1,3,B.LIN,0,ISIC,0,40,1993,3,0
B.LIN.CSE1,4,B.LIN,1,ISIC,0,41,1993,3,0
B.LIN.CSE1,5,B.LIN,1,ISIC,0,37,1993,3,0
B.LIN.CSE1,6,B.LIN,0,ISIC,0,26,1993,3,0
B.LIN.CSE1,7,B.LIN,0,ISIC,0,24,1993,3,0
B.LIN.CSE1,0,B.LIN,0,ISIC,0,44,1993,4,0
B.LIN.CSE1,1,B.LIN,2,ISIC,0,37,1993,4,0
B.LIN.CSE1,2,B.LIN,0,ISIC,2,46,1993,4,3
B.LIN.CSE1,3,B.LIN,1,ISIC,1,40,1993,4,0
B.LIN.CSE1,4,B.LIN,1,ISIC,0,41,1993,4,0
B.LIN.CSE1,5,B.LIN,0,ISIC,0,37,1993,4,1
B.LIN.CSE1,6,B.LIN,0,ISIC,0,26,1993,4,0
B.LIN.CSE1,7,B.LIN,0,ISIC,0,24,1993,4,2
B.LIN.CSE1,3,B.LIN,0,ISIC,0,40,1994,1,0
B.LIN.CSE1,7,B.LIN,0,ISIC,0,24,1994,1,0
B.LIN.CSE1,3,B.LIN,0,ISIC,0,40,1994,2,0
B.LIN.CSE1,4,B.LIN,1,ISIC,0,41,1994,2,0
B.LIN.CSE1,5,B.LIN,1,ISIC,1,37,1994,2,0
B.LIN.CSE1,7,B.LIN,1,ISIC,0,24,1994,2,1
B.LIN.CSE1,0,B.LIN,2,ISIC,0,44,1994,3,0
B.LIN.CSE1,1,B.LIN,0,ISIC,1,37,1994,3,0
B.LIN.CSE1,3,B.LIN,1,ISIC,2,40,1994,3,1
B.LIN.CSE1,4,B.LIN,0,ISIC,0,41,1994,3,0
B.LIN.CSE1,5,B.LIN,1,ISIC,0,37,1994,3,2
B.LIN.CSE1,7,B.LIN,1,ISIC,0,24,1994,3,0
B.LIN.CSE1,0,B.LIN,0,ISIC,1,44,1994,4,0
B.LIN.CSE1,1,B.LIN,0,ISIC,1,37,1994,4,0
B.LIN.CSE1,2,B.LIN,0,ISIC,1,46,1994,4,4
B.LIN.CSE1,3,B.LIN,1,ISIC,5,40,1994,4,3
B.LIN.CSE1,4,B.LIN,2,ISIC,1,41,1994,4,1
B.LIN.CSE1,5,B.LIN,2,ISIC,1,37,1994,4,2
B.LIN.CSE1,6,B.LIN,0,ISIC,0,26,1994,4,0
B.LIN.CSE1,7,B.LIN,4,ISIC,0,24,1994,4,0
B.LIN.CSE1,1,B.LIN,1,ISIC,0,37,1995,1,0
B.LIN.CSE1,3,B.LIN,0,ISIC,0,40,1995,1,0
B.LIN.CSE1,0,B.LIN,0,ISIC,0,44,1995,2,0
B.LIN.CSE1,1,B.LIN,2,ISIC,0,37,1995,2,0
B.LIN.CSE1,3,B.LIN,0,ISIC,0,40,1995,2,0
B.LIN.CSE1,6,B.LIN,0,ISIC,0,26,1995,2,0
B.LIN.CSE1,0,B.LIN,0,ISIC,0,44,1995,3,0
B.LIN.CSE1,1,B.LIN,1,ISIC,0,37,1995,3,0
B.LIN.CSE1,3,B.LIN,1,ISIC,1,40,1995,3,0
B.LIN.CSE1,4,B.LIN,0,ISIC,0,41,1995,3,0
B.LIN.CSE1,5,B.LIN,0,ISIC,1,37,1995,3,0
B.LIN.CSE1,6,B.LIN,0,ISIC,0,26,1995,3,0
B.LIN.CSE1,0,B.LIN,0,ISIC,0,44,1995,4,0
B.LIN.CSE1,1,B.LIN,0,ISIC,0,37,1995,4,1
B.LIN.CSE1,2,B.LIN,1,ISIC,2,46,1995,4,0
B.LIN.CSE1,3,B.LIN,0,ISIC,1,40,1995,4,0
B.LIN.CSE1,4,B.LIN,2,ISIC,0,41,1995,4,1
B.LIN.CSE1,5,B.LIN,1,ISIC,1,37,1995,4,3
B.LIN.CSE1,6,B.LIN,0,ISIC,0,26,1995,4,0
B.LIN.CSE1,7,B.LIN,1,ISIC,1,24,1995,4,1
B.LIN.CSE025,0,B.LIN,0,ISIC,0,44,1993,1,0
B.LIN.CSE025,4,B.LIN,0,ISIC,0,41,1993,1,0
B.LIN.CSE025,0,B.LIN,0,ISIC,0,44,1993,2,0
B.LIN.CSE025,3,B.LIN,0,ISIC,0,40,1993,2,0
B.LIN.CSE025,4,B.LIN,0,ISIC,0,41,1993,2,1
B.LIN.CSE025,7,B.LIN,0,ISIC,0,24,1993,2,0
B.LIN.CSE025,0,B.LIN,0,ISIC,0,44,1993,3,0
B.LIN.CSE025,3,B.LIN,0,ISIC,0,40,1993,3,0
B.LIN.CSE025,4,B.LIN,0,ISIC,0,41,1993,3,0
B.LIN.CSE025,5,B.LIN,0,ISIC,0,37,1993,3,0
B.LIN.CSE025,6,B.LIN,0,ISIC,0,26,1993,3,0
B.LIN.CSE025,7,B.LIN,0,ISIC,0,24,1993,3,0
B.LIN.CSE025,0,B.LIN,0,ISIC,0,44,1993,4,0
B.LIN.CSE025,1,B.LIN,1,ISIC,0,37,1993,4,0
B.LIN.CSE025,2,B.LIN,0,ISIC,0,46,1993,4,0
B.LIN.CSE025,3,B.LIN,0,ISIC,0,40,1993,4,0
B.LIN.CSE025,4,B.LIN,1,ISIC,0,41,1993,4,0
B.LIN.CSE025,5,B.LIN,0,ISIC,0,37,1993,4,0
B.LIN.CSE025,6,B.LIN,0,ISIC,0,26,1993,4,0
B.LIN.CSE025,7,B.LIN,0,ISIC,0,24,1993,4,0
B.LIN.CSE025,3,B.LIN,0,ISIC,0,40,1994,1,0
B.LIN.CSE025,7,B.LIN,0,ISIC,0,24,1994,1,0
B.LIN.CSE025,3,B.LIN,0,ISIC,0,40,1994,2,0
B.LIN.CSE025,4,B.LIN,0,ISIC,0,41,1994,2,0
B.LIN.CSE025,5,B.LIN,0,ISIC,0,37,1994,2,0
B.LIN.CSE025,7,B.LIN,0,ISIC,0,24,1994,2,0
B.LIN.CSE025,0,B.LIN,0,ISIC,0,44,1994,3,0
B.LIN.CSE025,1,B.LIN,0,ISIC,0,37,1994,3,0
B.LIN.CSE025,3,B.LIN,1,ISIC,0,40,1994,3,0
B.LIN.CSE025,4,B.LIN,0,ISIC,0,41,1994,3,0
B.LIN.CSE025,5,B.LIN,1,ISIC,0,37,1994,3,1
B.LIN.CSE025,7,B.LIN,0,ISIC,0,24,1994,3,0
B.LIN.CSE025,0,B.LIN,0,ISIC,0,44,1994,4,0
B.LIN.CSE025,1,B.LIN,0,ISIC,0,37,1994,4,0
B.LIN.CSE025,2,B.LIN,0,ISIC,0,46,1994,4,1
B.LIN.CSE025,3,B.LIN,0,ISIC,2,40,1994,4,1
B.LIN.CSE025,4,B.LIN,0,ISIC,0,41,1994,4,1
B.LIN.CSE025,5,B.LIN,0,ISIC,0,37,1994,4,1
B.LIN.CSE025,6,B.LIN,0,ISIC,0,26,1994,4,0
B.LIN.CSE025,7,B.LIN,0,ISIC,0,24,1994,4,0
B.LIN.CSE025,1,B.LIN,0,ISIC,0,37,1995,1,0
B.LIN.CSE025,3,B.LIN,0,ISIC,0,40,1995,1,0
B.LIN.CSE025,0,B.LIN,0,ISIC,0,44,1995,2,0
B.LIN.CSE025,1,B.LIN,2,ISIC,0,37,1995,2,0
B.LIN.CSE025,3,B.LIN,0,ISIC,0,40,1995,2,0
B.LIN.CSE025,6,B.LIN,0,ISIC,0,26,1995,2,0
B.LIN.CSE025,0,B.LIN,0,ISIC,0,44,1995,3,0
B.LIN.CSE025,1,B.LIN,0,ISIC,0,37,1995,3,0
B.LIN.CSE025,3,B.LIN,0,ISIC,0,40,1995,3,0
B.LIN.CSE025,4,B.LIN,0,ISIC,0,41,1995,3,0
B.LIN.CSE025,5,B.LIN,0,ISIC,0,37,1995,3,0
B.LIN.CSE025,6,B.LIN,0,ISIC,0,26,1995,3,0
B.LIN.CSE025,0,B.LIN,0,ISIC,0,44,1995,4,0
B.LIN.CSE025,1,B.LIN,0,ISIC,0,37,1995,4,0
B.LIN.CSE025,2,B.LIN,0,ISIC,1,46,1995,4,0
B.LIN.CSE025,3,B.LIN,0,ISIC,1,40,1995,4,0
B.LIN.CSE025,4,B.LIN,1,ISIC,0,41,1995,4,0
B.LIN.CSE025,5,B.LIN,0,ISIC,0,37,1995,4,0
B.LIN.CSE025,6,B.LIN,0,ISIC,0,26,1995,4,0
B.LIN.CSE025,7,B.LIN,0,ISIC,0,24,1995,4,0
B.RF1.CSE1,0,B.RF1,0,ISIC,0,44,1993,1,0
B.RF1.CSE1,4,B.RF1,1,ISIC,1,41,1993,1,0
B.RF1.CSE1,0,B.RF1,0,ISIC,0,44,1993,2,0
B.RF1.CSE1,3,B.RF1,0,ISIC,1,40,1993,2,0
B.RF1.CSE1,4,B.RF1,0,ISIC,0,41,1993,2,0
B.RF1.CSE1,7,B.RF1,0,ISIC,0,24,1993,2,0
B.RF1.CSE1,0,B.RF1,0,ISIC,1,44,1993,3,0
B.RF1.CSE1,3,B.RF1,0,ISIC,1,40,1993,3,0
B.RF1.CSE1,4,B.RF1,1,ISIC,1,41,1993,3,0
B.RF1.CSE1,5,B.RF1,0,ISIC,1,37,1993,3,0
B.RF1.CSE1,6,B.RF1,1,ISIC,0,26,1993,3,0
B.RF1.CSE1,7,B.RF1,2,ISIC,0,24,1993,3,0
B.RF1.CSE1,0,B.RF1,0,ISIC,0,44,1993,4,0
B.RF1.CSE1,1,B.RF1,2,ISIC,0,37,1993,4,2
B.RF1.CSE1,2,B.RF1,1,ISIC,3,46,1993,4,0
B.RF1.CSE1,3,B.RF1,0,ISIC,1,40,1993,4,0
B.RF1.CSE1,4,B.RF1,2,ISIC,1,41,1993,4,0
B.RF1.CSE1,5,B.RF1,0,ISIC,1,37,1993,4,1
B.RF1.CSE1,6,B.RF1,0,ISIC,0,26,1993,4,0
B.RF1.CSE1,7,B.RF1,1,ISIC,0,24,1993,4,0
B.RF1.CSE1,3,B.RF1,0,ISIC,0,40,1994,1,0
B.RF1.CSE1,7,B.RF1,0,ISIC,0,24,1994,1,0
B.RF1.CSE1,3,B.RF1,0,ISIC,0,40,1994,2,0
B.RF1.CSE1,4,B.RF1,1,ISIC,0,41,1994,2,0
B.RF1.CSE1,5,B.RF1,2,ISIC,1,37,1994,2,0
B.RF1.CSE1,7,B.RF1,0,ISIC,0,24,1994,2,0
B.RF1.CSE1,0,B.RF1,0,ISIC,1,44,1994,3,0
B.RF1.CSE1,1,B.RF1,0,ISIC,0,37,1994,3,0
B.RF1.CSE1,3,B.RF1,1,ISIC,2,40,1994,3,1
B.RF1.CSE1,4,B.RF1,0,ISIC,0,41,1994,3,1
B.RF1.CSE1,5,B.RF1,2,ISIC,2,37,1994,3,1
B.RF1.CSE1,7,B.RF1,1,ISIC,0,24,1994,3,1
B.RF1.CSE1,0,B.RF1,0,ISIC,1,44,1994,4,0
B.RF1.CSE1,1,B.RF1,0,ISIC,0,37,1994,4,0
B.RF1.CSE1,2,B.RF1,1,ISIC,0,46,1994,4,2
B.RF1.CSE1,3,B.RF1,1,ISIC,4,40,1994,4,1
B.RF1.CSE1,4,B.RF1,2,ISIC,0,41,1994,4,1
B.RF1.CSE1,5,B.RF1,1,ISIC,2,37,1994,4,1
B.RF1.CSE1,6,B.RF1,0,ISIC,0,26,1994,4,0
B.RF1.CSE1,7,B.RF1,1,ISIC,0,24,1994,4,0
B.RF1.CSE1,1,B.RF1,0,ISIC,0,37,1995,1,0
B.RF1.CSE1,3,B.RF1,0,ISIC,1,40,1995,1,0
B.RF1.CSE1,0,B.RF1,1,ISIC,1,44,1995,2,0
B.RF1.CSE1,1,B.RF1,1,ISIC,0,37,1995,2,0
B.RF1.CSE1,3,B.RF1,0,ISIC,2,40,1995,2,0
B.RF1.CSE1,6,B.RF1,0,ISIC,0,26,1995,2,0
B.RF1.CSE1,0,B.RF1,1,ISIC,0,44,1995,3,0
B.RF1.CSE1,1,B.RF1,0,ISIC,0,37,1995,3,0
B.RF1.CSE1,3,B.RF1,2,ISIC,1,40,1995,3,0
B.RF1.CSE1,4,B.RF1,1,ISIC,0,41,1995,3,0
B.RF1.CSE1,5,B.RF1,0,ISIC,1,37,1995,3,0
B.RF1.CSE1,6,B.RF1,0,ISIC,0,26,1995,3,0
B.RF1.CSE1,0,B.RF1,0,ISIC,1,44,1995,4,0
B.RF1.CSE1,1,B.RF1,0,ISIC,1,37,1995,4,0
B.RF1.CSE1,2,B.RF1,1,ISIC,2,46,1995,4,0
B.RF1.CSE1,3,B.RF1,1,ISIC,2,40,1995,4,0
B.RF1.CSE1,4,B.RF1,2,ISIC,2,41,1995,4,0
B.RF1.CSE1,5,B.RF1,1,ISIC,1,37,1995,4,1
B.RF1.CSE1,6,B.RF1,0,ISIC,0,26,1995,4,0
B.RF1.CSE1,7,B.RF1,0,ISIC,0,24,1995,4,2
B.RF1.CSE025,0,B.RF1,0,ISIC,0,44,1993,1,0
B.RF1.CSE025,4,B.RF1,0,ISIC,0,41,1993,1,0
B.RF1.CSE025,0,B.RF1,0,ISIC,0,44,1993,2,0
B.RF1.CSE025,3,B.RF1,0,ISIC,0,40,1993,2,0
B.RF1.CSE025,4,B.RF1,0,ISIC,0,41,1993,2,0
B.RF1.CSE025,7,B.RF1,0,ISIC,0,24,1993,2,0
B.RF1.CSE025,0,B.RF1,0,ISIC,0,44,1993,3,0
B.RF1.CSE025,3,B.RF1,0,ISIC,0,40,1993,3,0
B.RF1.CSE025,4,B.RF1,0,ISIC,0,41,1993,3,0
B.RF1.CSE025,5,B.RF1,0,ISIC,0,37,1993,3,0
B.RF1.CSE025,6,B.RF1,1,ISIC,0,26,1993,3,0
B.RF1.CSE025,7,B.RF1,1,ISIC,0,24,1993,3,0
B.RF1.CSE025,0,B.RF1,0,ISIC,0,44,1993,4,0
B.RF1.CSE025,1,B.RF1,0,ISIC,0,37,1993,4,0
B.RF1.CSE025,2,B.RF1,0,ISIC,1,46,1993,4,0
B.RF1.CSE025,3,B.RF1,0,ISIC,0,40,1993,4,0
B.RF1.CSE025,4,B.RF1,1,ISIC,0,41,1993,4,0
B.RF1.CSE025,5,B.RF1,0,ISIC,1,37,1993,4,0
B.RF1.CSE025,6,B.RF1,0,ISIC,0,26,1993,4,0
B.RF1.CSE025,7,B.RF1,0,ISIC,0,24,1993,4,0
B.RF1.CSE025,3,B.RF1,0,ISIC,0,40,1994,1,0
B.RF1.CSE025,7,B.RF1,0,ISIC,0,24,1994,1,0
B.RF1.CSE025,3,B.RF1,0,ISIC,0,40,1994,2,0
B.RF1.CSE025,4,B.RF1,0,ISIC,0,41,1994,2,0
B.RF1.CSE025,5,B.RF1,0,ISIC,0,37,1994,2,0
B.RF1.CSE025,7,B.RF1,0,ISIC,0,24,1994,2,0
B.RF1.CSE025,0,B.RF1,0,ISIC,1,44,1994,3,0
B.RF1.CSE025,1,B.RF1,0,ISIC,0,37,1994,3,0
B.RF1.CSE025,3,B.RF1,0,ISIC,1,40,1994,3,0
B.RF1.CSE025,4,B.RF1,0,ISIC,0,41,1994,3,0
B.RF1.CSE025,5,B.RF1,1,ISIC,0,37,1994,3,1
B.RF1.CSE025,7,B.RF1,0,ISIC,0,24,1994,3,0
B.RF1.CSE025,0,B.RF1,0,ISIC,0,44,1994,4,0
B.RF1.CSE025,1,B.RF1,0,ISIC,0,37,1994,4,0
B.RF1.CSE025,2,B.RF1,0,ISIC,0,46,1994,4,0
B.RF1.CSE025,3,B.RF1,0,ISIC,2,40,1994,4,0
B.RF1.CSE025,4,B.RF1,0,ISIC,0,41,1994,4,0
B.RF1.CSE025,5,B.RF1,0,ISIC,0,37,1994,4,1
B.RF1.CSE025,6,B.RF1,0,ISIC,0,26,1994,4,0
B.RF1.CSE025,7,B.RF1,0,ISIC,0,24,1994,4,0
B.RF1.CSE025,1,B.RF1,0,ISIC,0,37,1995,1,0
B.RF1.CSE025,3,B.RF1,0,ISIC,1,40,1995,1,0
B.RF1.CSE025,0,B.RF1,0,ISIC,0,44,1995,2,0
B.RF1.CSE025,1,B.RF1,0,ISIC,0,37,1995,2,0
B.RF1.CSE025,3,B.RF1,0,ISIC,1,40,1995,2,0
B.RF1.CSE025,6,B.RF1,0,ISIC,0,26,1995,2,0
B.RF1.CSE025,0,B.RF1,1,ISIC,0,44,1995,3,0
B.RF1.CSE025,1,B.RF1,0,ISIC,0,37,1995,3,0
B.RF1.CSE025,3,B.RF1,0,ISIC,1,40,1995,3,0
B.RF1.CSE025,4,B.RF1,0,ISIC,0,41,1995,3,0
B.RF1.CSE025,5,B.RF1,0,ISIC,0,37,1995,3,0
B.RF1.CSE025,6,B.RF1,0,ISIC,0,26,1995,3,0
B.RF1.CSE025,0,B.RF1,0,ISIC,1,44,1995,4,0
B.RF1.CSE025,1,B.RF1,0,ISIC,0,37,1995,4,0
B.RF1.CSE025,2,B.RF1,0,ISIC,1,46,1995,4,0
B.RF1.CSE025,3,B.RF1,0,ISIC,1,40,1995,4,0
B.RF1.CSE025,4,B.RF1,1,ISIC,2,41,1995,4,0
B.RF1.CSE025,5,B.RF1,0,ISIC,0,37,1995,4,1
B.RF1.CSE025,6,B.RF1,0,ISIC,0,26,1995,4,0
B.RF1.CSE025,7,B.RF1,0,ISIC,0,24,1995,4,0
B.RF2.CSE1,0,B.RF2,0,ISIC,0,44,1993,1,0
B.RF2.CSE1,4,B.RF2,0,ISIC,0,41,1993,1,0
B.RF2.CSE1,0,B.RF2,0,ISIC,0,44,1993,2,0
B.RF2.CSE1,3,B.RF2,0,ISIC,1,40,1993,2,0
B.RF2.CSE1,4,B.RF2,1,ISIC,0,41,1993,2,0
B.RF2.CSE1,7,B.RF2,0,ISIC,0,24,1993,2,0
B.RF2.CSE1,0,B.RF2,0,ISIC,0,44,1993,3,0
B.RF2.CSE1,3,B.RF2,0,ISIC,1,40,1993,3,0
B.RF2.CSE1,4,B.RF2,1,ISIC,1,41,1993,3,0
B.RF2.CSE1,5,B.RF2,0,ISIC,0,37,1993,3,0
B.RF2.CSE1,6,B.RF2,0,ISIC,0,26,1993,3,0
B.RF2.CSE1,7,B.RF2,1,ISIC,0,24,1993,3,1
B.RF2.CSE1,0,B.RF2,0,ISIC,1,44,1993,4,0
B.RF2.CSE1,1,B.RF2,2,ISIC,0,37,1993,4,0
B.RF2.CSE1,2,B.RF2,2,ISIC,3,46,1993,4,0
B.RF2.CSE1,3,B.RF2,0,ISIC,1,40,1993,4,1
B.RF2.CSE1,4,B.RF2,4,ISIC,0,41,1993,4,0
B.RF2.CSE1,5,B.RF2,0,ISIC,0,37,1993,4,1
B.RF2.CSE1,6,B.RF2,0,ISIC,0,26,1993,4,0
B.RF2.CSE1,7,B.RF2,1,ISIC,0,24,1993,4,0
B.RF2.CSE1,3,B.RF2,0,ISIC,0,40,1994,1,0
B.RF2.CSE1,7,B.RF2,0,ISIC,0,24,1994,1,0
B.RF2.CSE1,3,B.RF2,0,ISIC,0,40,1994,2,0
B.RF2.CSE1,4,B.RF2,1,ISIC,0,41,1994,2,0
B.RF2.CSE1,5,B.RF2,1,ISIC,1,37,1994,2,0
B.RF2.CSE1,7,B.RF2,0,ISIC,0,24,1994,2,0
B.RF2.CSE1,0,B.RF2,0,ISIC,1,44,1994,3,0
B.RF2.CSE1,1,B.RF2,0,ISIC,1,37,1994,3,0
B.RF2.CSE1,3,B.RF2,1,ISIC,2,40,1994,3,1
B.RF2.CSE1,4,B.RF2,1,ISIC,0,41,1994,3,2
B.RF2.CSE1,5,B.RF2,2,ISIC,0,37,1994,3,0
B.RF2.CSE1,7,B.RF2,0,ISIC,0,24,1994,3,1
B.RF2.CSE1,0,B.RF2,0,ISIC,0,44,1994,4,0
B.RF2.CSE1,1,B.RF2,0,ISIC,1,37,1994,4,0
B.RF2.CSE1,2,B.RF2,1,ISIC,2,46,1994,4,2
B.RF2.CSE1,3,B.RF2,0,ISIC,3,40,1994,4,3
B.RF2.CSE1,4,B.RF2,3,ISIC,0,41,1994,4,2
B.RF2.CSE1,5,B.RF2,1,ISIC,2,37,1994,4,2
B.RF2.CSE1,6,B.RF2,0,ISIC,0,26,1994,4,0
B.RF2.CSE1,7,B.RF2,1,ISIC,1,24,1994,4,0
B.RF2.CSE1,1,B.RF2,1,ISIC,0,37,1995,1,0
B.RF2.CSE1,3,B.RF2,0,ISIC,1,40,1995,1,0
B.RF2.CSE1,0,B.RF2,0,ISIC,0,44,1995,2,0
B.RF2.CSE1,1,B.RF2,1,ISIC,0,37,1995,2,0
B.RF2.CSE1,3,B.RF2,0,ISIC,0,40,1995,2,0
B.RF2.CSE1,6,B.RF2,0,ISIC,0,26,1995,2,0
B.RF2.CSE1,0,B.RF2,0,ISIC,1,44,1995,3,0
B.RF2.CSE1,1,B.RF2,2,ISIC,0,37,1995,3,0
B.RF2.CSE1,3,B.RF2,1,ISIC,1,40,1995,3,0
B.RF2.CSE1,4,B.RF2,1,ISIC,0,41,1995,3,0
B.RF2.CSE1,5,B.RF2,1,ISIC,0,37,1995,3,0
B.RF2.CSE1,6,B.RF2,0,ISIC,0,26,1995,3,0
B.RF2.CSE1,0,B.RF2,0,ISIC,0,44,1995,4,0
B.RF2.CSE1,1,B.RF2,0,ISIC,1,37,1995,4,0
B.RF2.CSE1,2,B.RF2,1,ISIC,2,46,1995,4,0
B.RF2.CSE1,3,B.RF2,0,ISIC,2,40,1995,4,0
B.RF2.CSE1,4,B.RF2,1,ISIC,1,41,1995,4,1
B.RF2.CSE1,5,B.RF2,0,ISIC,0,37,1995,4,3
B.RF2.CSE1,6,B.RF2,0,ISIC,0,26,1995,4,1
B.RF2.CSE1,7,B.RF2,1,ISIC,0,24,1995,4,0
B.RF2.CSE025,0,B.RF2,0,ISIC,0,44,1993,1,0
B.RF2.CSE025,4,B.RF2,0,ISIC,0,41,1993,1,0
B.RF2.CSE025,0,B.RF2,0,ISIC,0,44,1993,2,0
B.RF2.CSE025,3,B.RF2,0,ISIC,1,40,1993,2,0
B.RF2.CSE025,4,B.RF2,0,ISIC,0,41,1993,2,0
B.RF2.CSE025,7,B.RF2,0,ISIC,0,24,1993,2,0
B.RF2.CSE025,0,B.RF2,0,ISIC,0,44,1993,3,0
B.RF2.CSE025,3,B.RF2,0,ISIC,1,40,1993,3,0
B.RF2.CSE025,4,B.RF2,0,ISIC,1,41,1993,3,0
B.RF2.CSE025,5,B.RF2,0,ISIC,0,37,1993,3,0
B.RF2.CSE025,6,B.RF2,0,ISIC,0,26,1993,3,0
B.RF2.CSE025,7,B.RF2,0,ISIC,0,24,1993,3,0
B.RF2.CSE025,0,B.RF2,0,ISIC,1,44,1993,4,0
B.RF2.CSE025,1,B.RF2,0,ISIC,0,37,1993,4,0
B.RF2.CSE025,2,B.RF2,0,ISIC,2,46,1993,4,0
B.RF2.CSE025,3,B.RF2,0,ISIC,1,40,1993,4,0
B.RF2.CSE025,4,B.RF2,1,ISIC,0,41,1993,4,0
B.RF2.CSE025,5,B.RF2,0,ISIC,0,37,1993,4,0
B.RF2.CSE025,6,B.RF2,0,ISIC,0,26,1993,4,0
B.RF2.CSE025,7,B.RF2,0,ISIC,0,24,1993,4,0
B.RF2.CSE025,3,B.RF2,0,ISIC,0,40,1994,1,0
B.RF2.CSE025,7,B.RF2,0,ISIC,0,24,1994,1,0
B.RF2.CSE025,3,B.RF2,0,ISIC,0,40,1994,2,0
B.RF2.CSE025,4,B.RF2,0,ISIC,0,41,1994,2,0
B.RF2.CSE025,5,B.RF2,0,ISIC,0,37,1994,2,0
B.RF2.CSE025,7,B.RF2,0,ISIC,0,24,1994,2,0
B.RF2.CSE025,0,B.RF2,0,ISIC,0,44,1994,3,0
B.RF2.CSE025,1,B.RF2,0,ISIC,0,37,1994,3,0
B.RF2.CSE025,3,B.RF2,1,ISIC,1,40,1994,3,0
B.RF2.CSE025,4,B.RF2,0,ISIC,0,41,1994,3,0
B.RF2.CSE025,5,B.RF2,0,ISIC,0,37,1994,3,0
B.RF2.CSE025,7,B.RF2,0,ISIC,0,24,1994,3,0
B.RF2.CSE025,0,B.RF2,0,ISIC,0,44,1994,4,0
B.RF2.CSE025,1,B.RF2,0,ISIC,0,37,1994,4,0
B.RF2.CSE025,2,B.RF2,0,ISIC,0,46,1994,4,0
B.RF2.CSE025,3,B.RF2,0,ISIC,1,40,1994,4,0
B.RF2.CSE025,4,B.RF2,0,ISIC,0,41,1994,4,1
B.RF2.CSE025,5,B.RF2,1,ISIC,1,37,1994,4,1
B.RF2.CSE025,6,B.RF2,0,ISIC,0,26,1994,4,0
B.RF2.CSE025,7,B.RF2,0,ISIC,0,24,1994,4,0
B.RF2.CSE025,1,B.RF2,0,ISIC,0,37,1995,1,0
B.RF2.CSE025,3,B.RF2,0,ISIC,1,40,1995,1,0
B.RF2.CSE025,0,B.RF2,0,ISIC,0,44,1995,2,0
B.RF2.CSE025,1,B.RF2,0,ISIC,0,37,1995,2,0
B.RF2.CSE025,3,B.RF2,0,ISIC,0,40,1995,2,0
B.RF2.CSE025,6,B.RF2,0,ISIC,0,26,1995,2,0
B.RF2.CSE025,0,B.RF2,0,ISIC,1,44,1995,3,0
B.RF2.CSE025,1,B.RF2,1,ISIC,0,37,1995,3,0
B.RF2.CSE025,3,B.RF2,1,ISIC,0,40,1995,3,0
B.RF2.CSE025,4,B.RF2,0,ISIC,0,41,1995,3,0
B.RF2.CSE025,5,B.RF2,0,ISIC,0,37,1995,3,0
B.RF2.CSE025,6,B.RF2,0,ISIC,0,26,1995,3,0
B.RF2.CSE025,0,B.RF2,0,ISIC,0,44,1995,4,0
B.RF2.CSE025,1,B.RF2,0,ISIC,1,37,1995,4,0
B.RF2.CSE025,2,B.RF2,0,ISIC,0,46,1995,4,0
B.RF2.CSE025,3,B.RF2,0,ISIC,1,40,1995,4,0
B.RF2.CSE025,4,B.RF2,0,ISIC,0,41,1995,4,0
B.RF2.CSE025,5,B.RF2,0,ISIC,0,37,1995,4,0
B.RF2.CSE025,6,B.RF2,0,ISIC,0,26,1995,4,0
B.RF2.CSE025,7,B.RF2,1,ISIC,0,24,1995,4,0
B.RF1.CSEperm1,0,B.RF1,0,ISIC,0,44,1993,1,0
B.RF1.CSEperm1,4,B.RF1,0,ISIC,0,41,1993,1,0
B.RF1.CSEperm1,0,B.RF1,0,ISIC,0,44,1993,2,0
B.RF1.CSEperm1,3,B.RF1,0,ISIC,0,40,1993,2,0
B.RF1.CSEperm1,4,B.RF1,0,ISIC,0,41,1993,2,0
B.RF1.CSEperm1,7,B.RF1,0,ISIC,0,24,1993,2,0
B.RF1.CSEperm1,0,B.RF1,0,ISIC,0,44,1993,3,0
B.RF1.CSEperm1,3,B.RF1,0,ISIC,0,40,1993,3,0
B.RF1.CSEperm1,4,B.RF1,0,ISIC,0,41,1993,3,0
B.RF1.CSEperm1,5,B.RF1,0,ISIC,1,37,1993,3,0
B.RF1.CSEperm1,6,B.RF1,0,ISIC,0,26,1993,3,1
B.RF1.CSEperm1,7,B.RF1,2,ISIC,0,24,1993,3,0
B.RF1.CSEperm1,0,B.RF1,0,ISIC,0,44,1993,4,1
B.RF1.CSEperm1,1,B.RF1,3,ISIC,0,37,1993,4,0
B.RF1.CSEperm1,2,B.RF1,1,ISIC,0,46,1993,4,0
B.RF1.CSEperm1,3,B.RF1,1,ISIC,2,40,1993,4,0
B.RF1.CSEperm1,4,B.RF1,3,ISIC,0,41,1993,4,1
B.RF1.CSEperm1,5,B.RF1,0,ISIC,0,37,1993,4,1
B.RF1.CSEperm1,6,B.RF1,0,ISIC,0,26,1993,4,0
B.RF1.CSEperm1,7,B.RF1,0,ISIC,0,24,1993,4,1
B.RF1.CSEperm1,3,B.RF1,0,ISIC,0,40,1994,1,0
B.RF1.CSEperm1,7,B.RF1,0,ISIC,0,24,1994,1,0
B.RF1.CSEperm1,3,B.RF1,0,ISIC,0,40,1994,2,0
B.RF1.CSEperm1,4,B.RF1,0,ISIC,0,41,1994,2,0
B.RF1.CSEperm1,5,B.RF1,0,ISIC,0,37,1994,2,0
B.RF1.CSEperm1,7,B.RF1,0,ISIC,0,24,1994,2,0
B.RF1.CSEperm1,0,B.RF1,0,ISIC,2,44,1994,3,0
B.RF1.CSEperm1,1,B.RF1,2,ISIC,1,37,1994,3,0
B.RF1.CSEperm1,3,B.RF1,0,ISIC,1,40,1994,3,0
B.RF1.CSEperm1,4,B.RF1,0,ISIC,0,41,1994,3,0
B.RF1.CSEperm1,5,B.RF1,0,ISIC,0,37,1994,3,0
B.RF1.CSEperm1,7,B.RF1,0,ISIC,0,24,1994,3,2
B.RF1.CSEperm1,0,B.RF1,0,ISIC,1,44,1994,4,0
B.RF1.CSEperm1,1,B.RF1,2,ISIC,1,37,1994,4,1
B.RF1.CSEperm1,2,B.RF1,2,ISIC,2,46,1994,4,2
B.RF1.CSEperm1,3,B.RF1,0,ISIC,3,40,1994,4,1
B.RF1.CSEperm1,4,B.RF1,0,ISIC,0,41,1994,4,2
B.RF1.CSEperm1,5,B.RF1,0,ISIC,0,37,1994,4,3
B.RF1.CSEperm1,6,B.RF1,0,ISIC,1,26,1994,4,0
B.RF1.CSEperm1,7,B.RF1,0,ISIC,0,24,1994,4,1
B.RF1.CSEperm1,1,B.RF1,0,ISIC,0,37,1995,1,0
B.RF1.CSEperm1,3,B.RF1,1,ISIC,0,40,1995,1,0
B.RF1.CSEperm1,0,B.RF1,0,ISIC,0,44,1995,2,0
B.RF1.CSEperm1,1,B.RF1,1,ISIC,0,37,1995,2,0
B.RF1.CSEperm1,3,B.RF1,0,ISIC,0,40,1995,2,0
B.RF1.CSEperm1,6,B.RF1,0,ISIC,0,26,1995,2,0
B.RF1.CSEperm1,0,B.RF1,0,ISIC,0,44,1995,3,0
B.RF1.CSEperm1,1,B.RF1,1,ISIC,0,37,1995,3,0
B.RF1.CSEperm1,3,B.RF1,1,ISIC,0,40,1995,3,0
B.RF1.CSEperm1,4,B.RF1,1,ISIC,0,41,1995,3,0
B.RF1.CSEperm1,5,B.RF1,0,ISIC,0,37,1995,3,0
B.RF1.CSEperm1,6,B.RF1,0,ISIC,0,26,1995,3,1
B.RF1.CSEperm1,0,B.RF1,0,ISIC,1,44,1995,4,0
B.RF1.CSEperm1,1,B.RF1,2,ISIC,1,37,1995,4,0
B.RF1.CSEperm1,2,B.RF1,1,ISIC,2,46,1995,4,0
B.RF1.CSEperm1,3,B.RF1,0,ISIC,2,40,1995,4,0
B.RF1.CSEperm1,4,B.RF1,0,ISIC,1,41,1995,4,0
B.RF1.CSEperm1,5,B.RF1,1,ISIC,0,37,1995,4,2
B.RF1.CSEperm1,6,B.RF1,0,ISIC,0,26,1995,4,0
B.RF1.CSEperm1,7,B.RF1,0,ISIC,0,24,1995,4,0
B.RF1.CSE1,0,B.RF1.CSEperm1,0,ISIC,0,44,1993,1,0
B.RF1.CSE1,4,B.RF1.CSEperm1,1,ISIC,1,41,1993,1,0
B.RF1.CSE1,0,B.RF1.CSEperm1,0,ISIC,0,44,1993,2,0
B.RF1.CSE1,3,B.RF1.CSEperm1,0,ISIC,1,40,1993,2,0
B.RF1.CSE1,4,B.RF1.CSEperm1,0,ISIC,0,41,1993,2,0
B.RF1.CSE1,7,B.RF1.CSEperm1,0,ISIC,0,24,1993,2,0
B.RF1.CSE1,0,B.RF1.CSEperm1,0,ISIC,1,44,1993,3,0
B.RF1.CSE1,3,B.RF1.CSEperm1,0,ISIC,1,40,1993,3,0
B.RF1.CSE1,4,B.RF1.CSEperm1,1,ISIC,1,41,1993,3,0
B.RF1.CSE1,5,B.RF1.CSEperm1,0,ISIC,0,37,1993,3,0
B.RF1.CSE1,6,B.RF1.CSEperm1,1,ISIC,0,26,1993,3,0
B.RF1.CSE1,7,B.RF1.CSEperm1,1,ISIC,1,24,1993,3,0
B.RF1.CSE1,0,B.RF1.CSEperm1,0,ISIC,0,44,1993,4,1
B.RF1.CSE1,1,B.RF1.CSEperm1,2,ISIC,3,37,1993,4,1
B.RF1.CSE1,2,B.RF1.CSEperm1,0,ISIC,3,46,1993,4,0
B.RF1.CSE1,3,B.RF1.CSEperm1,1,ISIC,1,40,1993,4,0
B.RF1.CSE1,4,B.RF1.CSEperm1,0,ISIC,2,41,1993,4,1
B.RF1.CSE1,5,B.RF1.CSEperm1,0,ISIC,1,37,1993,4,0
B.RF1.CSE1,6,B.RF1.CSEperm1,0,ISIC,0,26,1993,4,0
B.RF1.CSE1,7,B.RF1.CSEperm1,1,ISIC,0,24,1993,4,1
B.RF1.CSE1,3,B.RF1.CSEperm1,0,ISIC,0,40,1994,1,0
B.RF1.CSE1,7,B.RF1.CSEperm1,0,ISIC,0,24,1994,1,0
B.RF1.CSE1,3,B.RF1.CSEperm1,0,ISIC,0,40,1994,2,0
B.RF1.CSE1,4,B.RF1.CSEperm1,1,ISIC,0,41,1994,2,0
B.RF1.CSE1,5,B.RF1.CSEperm1,2,ISIC,1,37,1994,2,0
B.RF1.CSE1,7,B.RF1.CSEperm1,0,ISIC,0,24,1994,2,0
B.RF1.CSE1,0,B.RF1.CSEperm1,1,ISIC,0,44,1994,3,0
B.RF1.CSE1,1,B.RF1.CSEperm1,1,ISIC,2,37,1994,3,0
B.RF1.CSE1,3,B.RF1.CSEperm1,2,ISIC,2,40,1994,3,1
B.RF1.CSE1,4,B.RF1.CSEperm1,0,ISIC,0,41,1994,3,1
B.RF1.CSE1,5,B.RF1.CSEperm1,2,ISIC,2,37,1994,3,1
B.RF1.CSE1,7,B.RF1.CSEperm1,1,ISIC,0,24,1994,3,0
B.RF1.CSE1,0,B.RF1.CSEperm1,1,ISIC,1,44,1994,4,0
B.RF1.CSE1,1,B.RF1.CSEperm1,1,ISIC,2,37,1994,4,1
B.RF1.CSE1,2,B.RF1.CSEperm1,3,ISIC,2,46,1994,4,3
B.RF1.CSE1,3,B.RF1.CSEperm1,3,ISIC,3,40,1994,4,2
B.RF1.CSE1,4,B.RF1.CSEperm1,2,ISIC,0,41,1994,4,3
B.RF1.CSE1,5,B.RF1.CSEperm1,1,ISIC,2,37,1994,4,4
B.RF1.CSE1,6,B.RF1.CSEperm1,1,ISIC,0,26,1994,4,0
B.RF1.CSE1,7,B.RF1.CSEperm1,1,ISIC,0,24,1994,4,0
B.RF1.CSE1,1,B.RF1.CSEperm1,0,ISIC,0,37,1995,1,0
B.RF1.CSE1,3,B.RF1.CSEperm1,0,ISIC,2,40,1995,1,0
B.RF1.CSE1,0,B.RF1.CSEperm1,1,ISIC,1,44,1995,2,0
B.RF1.CSE1,1,B.RF1.CSEperm1,1,ISIC,1,37,1995,2,0
B.RF1.CSE1,3,B.RF1.CSEperm1,0,ISIC,2,40,1995,2,0
B.RF1.CSE1,6,B.RF1.CSEperm1,0,ISIC,0,26,1995,2,0
B.RF1.CSE1,0,B.RF1.CSEperm1,1,ISIC,0,44,1995,3,0
B.RF1.CSE1,1,B.RF1.CSEperm1,0,ISIC,1,37,1995,3,0
B.RF1.CSE1,3,B.RF1.CSEperm1,2,ISIC,2,40,1995,3,0
B.RF1.CSE1,4,B.RF1.CSEperm1,1,ISIC,1,41,1995,3,0
B.RF1.CSE1,5,B.RF1.CSEperm1,0,ISIC,1,37,1995,3,0
B.RF1.CSE1,6,B.RF1.CSEperm1,0,ISIC,0,26,1995,3,1
B.RF1.CSE1,0,B.RF1.CSEperm1,1,ISIC,1,44,1995,4,0
B.RF1.CSE1,1,B.RF1.CSEperm1,0,ISIC,2,37,1995,4,1
B.RF1.CSE1,2,B.RF1.CSEperm1,1,ISIC,1,46,1995,4,0
B.RF1.CSE1,3,B.RF1.CSEperm1,1,ISIC,0,40,1995,4,0
B.RF1.CSE1,4,B.RF1.CSEperm1,2,ISIC,1,41,1995,4,0
B.RF1.CSE1,5,B.RF1.CSEperm1,0,ISIC,1,37,1995,4,1
B.RF1.CSE1,6,B.RF1.CSEperm1,0,ISIC,0,26,1995,4,0
B.RF1.CSE1,7,B.RF1.CSEperm1,0,ISIC,0,24,1995,4,2
F.RF1,0,F.LIN,0,HK,0,7,1993,1,0
F.RF1,4,F.LIN,0,HK,0,165,1993,1,0
F.RF1,0,F.LIN,0,HK,0,7,1993,2,0
F.RF1,4,F.LIN,0,HK,0,165,1993,2,0
F.RF1,8,F.LIN,0,HK,0,153,1993,2,0
F.RF1,12,F.LIN,0,HK,0,41,1993,2,0
F.RF1,0,F.LIN,0,HK,0,7,1993,3,0
F.RF1,2,F.LIN,0,HK,0,182,1993,3,0
F.RF1,4,F.LIN,0,HK,0,165,1993,3,0
F.RF1,8,F.LIN,0,HK,0,153,1993,3,0
F.RF1,11,F.LIN,3,HK,0,61,1993,3,1
F.RF1,12,F.LIN,0,HK,1,41,1993,3,1
F.RF1,0,F.LIN,0,HK,0,7,1993,4,0
F.RF1,2,F.LIN,0,HK,0,182,1993,4,0
F.RF1,3,F.LIN,3,HK,1,157,1993,4,0
F.RF1,4,F.LIN,1,HK,1,165,1993,4,1
F.RF1,8,F.LIN,0,HK,1,153,1993,4,0
F.RF1,11,F.LIN,1,HK,0,61,1993,4,1
F.RF1,12,F.LIN,0,HK,1,41,1993,4,1
F.RF1,17,F.LIN,0,HK,0,5,1993,4,0
F.RF1,0,F.LIN,1,HK,0,7,1993,5,0
F.RF1,2,F.LIN,0,HK,0,182,1993,5,0
F.RF1,3,F.LIN,3,HK,1,157,1993,5,0
F.RF1,4,F.LIN,3,HK,3,165,1993,5,1
F.RF1,8,F.LIN,0,HK,0,153,1993,5,0
F.RF1,11,F.LIN,5,HK,0,61,1993,5,3
F.RF1,12,F.LIN,0,HK,0,41,1993,5,1
F.RF1,16,F.LIN,0,HK,0,8,1993,5,0
F.RF1,17,F.LIN,0,HK,0,5,1993,5,0
F.RF1,21,F.LIN,0,HK,0,4,1993,5,0
F.RF1,0,F.LIN,0,HK,0,7,1993,6,0
F.RF1,2,F.LIN,0,HK,0,182,1993,6,0
F.RF1,3,F.LIN,1,HK,4,157,1993,6,0
F.RF1,4,F.LIN,3,HK,1,165,1993,6,1
F.RF1,8,F.LIN,0,HK,0,153,1993,6,0
F.RF1,11,F.LIN,4,HK,0,61,1993,6,3
F.RF1,12,F.LIN,0,HK,3,41,1993,6,1
F.RF1,13,F.LIN,1,HK,0,160,1993,6,0
F.RF1,16,F.LIN,0,HK,0,8,1993,6,0
F.RF1,17,F.LIN,0,HK,0,5,1993,6,0
F.RF1,21,F.LIN,0,HK,0,4,1993,6,0
F.RF1,22,F.LIN,1,HK,0,21,1993,6,0
F.RF1,0,F.LIN,0,HK,0,7,1993,7,0
F.RF1,2,F.LIN,0,HK,0,182,1993,7,0
F.RF1,3,F.LIN,1,HK,4,157,1993,7,0
F.RF1,4,F.LIN,1,HK,1,165,1993,7,0
F.RF1,8,F.LIN,1,HK,1,153,1993,7,0
F.RF1,11,F.LIN,4,HK,0,61,1993,7,3
F.RF1,12,F.LIN,0,HK,2,41,1993,7,2
F.RF1,13,F.LIN,0,HK,0,160,1993,7,1
F.RF1,14,F.LIN,0,HK,0,60,1993,7,0
F.RF1,16,F.LIN,0,HK,0,8,1993,7,0
F.RF1,17,F.LIN,0,HK,0,5,1993,7,0
F.RF1,18,F.LIN,0,HK,0,33,1993,7,1
F.RF1,21,F.LIN,0,HK,0,4,1993,7,0
F.RF1,22,F.LIN,1,HK,0,21,1993,7,0
F.RF1,0,F.LIN,0,HK,0,7,1993,8,0
F.RF1,2,F.LIN,0,HK,0,182,1993,8,0
F.RF1,3,F.LIN,1,HK,1,157,1993,8,0
F.RF1,4,F.LIN,2,HK,2,165,1993,8,0
F.RF1,8,F.LIN,1,HK,0,153,1993,8,0
F.RF1,9,F.LIN,0,HK,0,164,1993,8,0
F.RF1,11,F.LIN,1,HK,1,61,1993,8,2
F.RF1,12,F.LIN,1,HK,1,41,1993,8,1
F.RF1,13,F.LIN,1,HK,1,160,1993,8,1
F.RF1,14,F.LIN,0,HK,0,60,1993,8,0
F.RF1,16,F.LIN,0,HK,0,8,1993,8,0
F.RF1,17,F.LIN,0,HK,0,5,1993,8,0
F.RF1,18,F.LIN,1,HK,1,33,1993,8,2
F.RF1,19,F.LIN,0,HK,0,2,1993,8,0
F.RF1,21,F.LIN,0,HK,0,4,1993,8,0
F.RF1,22,F.LIN,1,HK,0,21,1993,8,0
F.RF1,0,F.LIN,0,HK,0,7,1993,9,0
F.RF1,2,F.LIN,0,HK,0,182,1993,9,0
F.RF1,3,F.LIN,2,HK,2,157,1993,9,0
F.RF1,4,F.LIN,2,HK,1,165,1993,9,0
F.RF1,6,F.LIN,0,HK,0,1,1993,9,1
F.RF1,8,F.LIN,0,HK,1,153,1993,9,0
F.RF1,9,F.LIN,0,HK,0,164,1993,9,0
F.RF1,11,F.LIN,2,HK,1,61,1993,9,1
F.RF1,12,F.LIN,1,HK,2,41,1993,9,1
F.RF1,13,F.LIN,0,HK,1,160,1993,9,1
F.RF1,14,F.LIN,0,HK,0,60,1993,9,0
F.RF1,15,F.LIN,0,HK,0,123,1993,9,0
F.RF1,16,F.LIN,0,HK,0,8,1993,9,0
F.RF1,17,F.LIN,0,HK,0,5,1993,9,0
F.RF1,18,F.LIN,1,HK,1,33,1993,9,3
F.RF1,19,F.LIN,0,HK,0,2,1993,9,0
F.RF1,21,F.LIN,0,HK,0,4,1993,9,0
F.RF1,22,F.LIN,1,HK,0,21,1993,9,0
F.RF1,0,F.LIN,0,HK,0,7,1993,10,0
F.RF1,2,F.LIN,0,HK,0,182,1993,10,0
F.RF1,3,F.LIN,3,HK,5,157,1993,10,0
F.RF1,4,F.LIN,2,HK,1,165,1993,10,0
F.RF1,5,F.LIN,0,HK,0,1,1993,10,0
F.RF1,6,F.LIN,0,HK,0,1,1993,10,0
F.RF1,8,F.LIN,1,HK,1,153,1993,10,0
F.RF1,9,F.LIN,1,HK,0,164,1993,10,0
F.RF1,11,F.LIN,3,HK,1,61,1993,10,2
F.RF1,12,F.LIN,2,HK,1,41,1993,10,1
F.RF1,13,F.LIN,0,HK,0,160,1993,10,1
F.RF1,14,F.LIN,1,HK,1,60,1993,10,0
F.RF1,15,F.LIN,0,HK,0,123,1993,10,0
F.RF1,16,F.LIN,0,HK,0,8,1993,10,0
F.RF1,17,F.LIN,0,HK,1,5,1993,10,0
F.RF1,18,F.LIN,0,HK,2,33,1993,10,3
F.RF1,19,F.LIN,0,HK,0,2,1993,10,0
F.RF1,20,F.LIN,0,HK,4,66,1993,10,2
F.RF1,21,F.LIN,0,HK,0,4,1993,10,0
F.RF1,22,F.LIN,0,HK,0,21,1993,10,0
F.RF1,0,F.LIN,0,HK,0,7,1993,11,1
F.RF1,1,F.LIN,0,HK,0,113,1993,11,0
F.RF1,2,F.LIN,0,HK,1,182,1993,11,0
F.RF1,3,F.LIN,3,HK,5,157,1993,11,0
F.RF1,4,F.LIN,0,HK,1,165,1993,11,1
F.RF1,5,F.LIN,0,HK,0,1,1993,11,0
F.RF1,6,F.LIN,0,HK,0,1,1993,11,0
F.RF1,7,F.LIN,0,HK,0,21,1993,11,0
F.RF1,8,F.LIN,1,HK,1,153,1993,11,0
F.RF1,9,F.LIN,0,HK,0,164,1993,11,0
F.RF1,10,F.LIN,2,HK,0,150,1993,11,6
F.RF1,11,F.LIN,2,HK,0,61,1993,11,4
F.RF1,12,F.LIN,1,HK,0,41,1993,11,1
F.RF1,13,F.LIN,0,HK,0,160,1993,11,2
F.RF1,14,F.LIN,3,HK,1,60,1993,11,0
F.RF1,15,F.LIN,0,HK,0,123,1993,11,0
F.RF1,16,F.LIN,0,HK,0,8,1993,11,0
F.RF1,17,F.LIN,0,HK,0,5,1993,11,0
F.RF1,18,F.LIN,1,HK,1,33,1993,11,3
F.RF1,19,F.LIN,0,HK,0,2,1993,11,0
F.RF1,20,F.LIN,1,HK,2,66,1993,11,5
F.RF1,21,F.LIN,1,HK,0,4,1993,11,0
F.RF1,22,F.LIN,0,HK,0,21,1993,11,0
F.RF1,16,F.LIN,0,HK,0,8,1994,1,0
F.RF1,22,F.LIN,0,HK,0,21,1994,1,0
F.RF1,12,F.LIN,0,HK,0,41,1994,2,0
F.RF1,13,F.LIN,2,HK,1,160,1994,2,0
F.RF1,16,F.LIN,0,HK,0,8,1994,2,0
F.RF1,22,F.LIN,0,HK,0,21,1994,2,0
F.RF1,4,F.LIN,0,HK,0,165,1994,3,0
F.RF1,12,F.LIN,1,HK,0,41,1994,3,0
F.RF1,13,F.LIN,1,HK,0,160,1994,3,1
F.RF1,16,F.LIN,0,HK,0,8,1994,3,0
F.RF1,21,F.LIN,0,HK,0,4,1994,3,0
F.RF1,22,F.LIN,0,HK,0,21,1994,3,0
F.RF1,4,F.LIN,0,HK,0,165,1994,4,0
F.RF1,12,F.LIN,1,HK,0,41,1994,4,0
F.RF1,13,F.LIN,0,HK,1,160,1994,4,0
F.RF1,16,F.LIN,0,HK,0,8,1994,4,0
F.RF1,17,F.LIN,0,HK,0,5,1994,4,0
F.RF1,19,F.LIN,0,HK,0,2,1994,4,0
F.RF1,21,F.LIN,0,HK,0,4,1994,4,0
F.RF1,22,F.LIN,2,HK,0,21,1994,4,0
F.RF1,4,F.LIN,0,HK,0,165,1994,5,0
F.RF1,6,F.LIN,0,HK,0,1,1994,5,0
F.RF1,11,F.LIN,2,HK,0,61,1994,5,0
F.RF1,12,F.LIN,1,HK,1,41,1994,5,0
F.RF1,13,F.LIN,1,HK,0,160,1994,5,0
F.RF1,16,F.LIN,0,HK,1,8,1994,5,0
F.RF1,17,F.LIN,0,HK,0,5,1994,5,0
F.RF1,19,F.LIN,0,HK,0,2,1994,5,0
F.RF1,21,F.LIN,0,HK,0,4,1994,5,0
F.RF1,22,F.LIN,0,HK,0,21,1994,5,0
F.RF1,3,F.LIN,0,HK,3,157,1994,6,0
F.RF1,4,F.LIN,2,HK,2,165,1994,6,0
F.RF1,6,F.LIN,0,HK,0,1,1994,6,0
F.RF1,11,F.LIN,3,HK,1,61,1994,6,0
F.RF1,12,F.LIN,1,HK,1,41,1994,6,1
F.RF1,13,F.LIN,1,HK,0,160,1994,6,0
F.RF1,15,F.LIN,0,HK,0,123,1994,6,0
F.RF1,16,F.LIN,0,HK,1,8,1994,6,0
F.RF1,17,F.LIN,0,HK,0,5,1994,6,0
F.RF1,19,F.LIN,0,HK,0,2,1994,6,0
F.RF1,21,F.LIN,0,HK,0,4,1994,6,0
F.RF1,22,F.LIN,1,HK,0,21,1994,6,0
F.RF1,0,F.LIN,0,HK,0,7,1994,7,1
F.RF1,3,F.LIN,1,HK,3,157,1994,7,0
F.RF1,4,F.LIN,1,HK,2,165,1994,7,0
F.RF1,6,F.LIN,0,HK,0,1,1994,7,0
F.RF1,9,F.LIN,1,HK,0,164,1994,7,0
F.RF1,11,F.LIN,2,HK,1,61,1994,7,1
F.RF1,12,F.LIN,0,HK,0,41,1994,7,2
F.RF1,13,F.LIN,0,HK,0,160,1994,7,0
F.RF1,15,F.LIN,0,HK,0,123,1994,7,0
F.RF1,16,F.LIN,0,HK,0,8,1994,7,0
F.RF1,17,F.LIN,0,HK,0,5,1994,7,0
F.RF1,19,F.LIN,0,HK,0,2,1994,7,0
F.RF1,21,F.LIN,0,HK,0,4,1994,7,0
F.RF1,22,F.LIN,0,HK,0,21,1994,7,0
F.RF1,0,F.LIN,1,HK,0,7,1994,8,1
F.RF1,3,F.LIN,2,HK,3,157,1994,8,0
F.RF1,4,F.LIN,1,HK,2,165,1994,8,0
F.RF1,5,F.LIN,0,HK,0,1,1994,8,0
F.RF1,6,F.LIN,0,HK,0,1,1994,8,0
F.RF1,7,F.LIN,0,HK,0,21,1994,8,0
F.RF1,9,F.LIN,0,HK,0,164,1994,8,0
F.RF1,11,F.LIN,4,HK,1,61,1994,8,2
F.RF1,12,F.LIN,1,HK,0,41,1994,8,1
F.RF1,13,F.LIN,0,HK,0,160,1994,8,0
F.RF1,15,F.LIN,0,HK,0,123,1994,8,0
F.RF1,16,F.LIN,0,HK,0,8,1994,8,0
F.RF1,17,F.LIN,0,HK,0,5,1994,8,0
F.RF1,19,F.LIN,0,HK,0,2,1994,8,1
F.RF1,21,F.LIN,0,HK,0,4,1994,8,0
F.RF1,22,F.LIN,0,HK,0,21,1994,8,0
F.RF1,0,F.LIN,1,HK,0,7,1994,9,1
F.RF1,1,F.LIN,0,HK,0,113,1994,9,0
F.RF1,3,F.LIN,3,HK,3,157,1994,9,0
F.RF1,4,F.LIN,1,HK,2,165,1994,9,0
F.RF1,5,F.LIN,0,HK,0,1,1994,9,0
F.RF1,6,F.LIN,0,HK,0,1,1994,9,1
F.RF1,7,F.LIN,0,HK,0,21,1994,9,0
F.RF1,9,F.LIN,1,HK,0,164,1994,9,0
F.RF1,11,F.LIN,4,HK,0,61,1994,9,2
F.RF1,12,F.LIN,1,HK,0,41,1994,9,1
F.RF1,13,F.LIN,0,HK,0,160,1994,9,0
F.RF1,15,F.LIN,0,HK,0,123,1994,9,0
F.RF1,16,F.LIN,0,HK,0,8,1994,9,0
F.RF1,17,F.LIN,0,HK,0,5,1994,9,0
F.RF1,18,F.LIN,0,HK,1,33,1994,9,3
F.RF1,19,F.LIN,0,HK,0,2,1994,9,0
F.RF1,21,F.LIN,0,HK,0,4,1994,9,0
F.RF1,22,F.LIN,1,HK,1,21,1994,9,0
F.RF1,0,F.LIN,1,HK,0,7,1994,10,0
F.RF1,1,F.LIN,0,HK,0,113,1994,10,0
F.RF1,3,F.LIN,3,HK,3,157,1994,10,0
F.RF1,4,F.LIN,1,HK,1,165,1994,10,0
F.RF1,5,F.LIN,0,HK,0,1,1994,10,0
F.RF1,6,F.LIN,0,HK,0,1,1994,10,0
F.RF1,7,F.LIN,0,HK,0,21,1994,10,0
F.RF1,9,F.LIN,1,HK,0,164,1994,10,0
F.RF1,10,F.LIN,4,HK,2,150,1994,10,4
F.RF1,11,F.LIN,3,HK,1,61,1994,10,4
F.RF1,12,F.LIN,1,HK,0,41,1994,10,2
F.RF1,13,F.LIN,0,HK,0,160,1994,10,1
F.RF1,14,F.LIN,0,HK,1,60,1994,10,0
F.RF1,15,F.LIN,0,HK,0,123,1994,10,0
F.RF1,16,F.LIN,0,HK,0,8,1994,10,0
F.RF1,17,F.LIN,0,HK,0,5,1994,10,0
F.RF1,18,F.LIN,2,HK,0,33,1994,10,3
F.RF1,19,F.LIN,0,HK,0,2,1994,10,0
F.RF1,21,F.LIN,0,HK,0,4,1994,10,0
F.RF1,22,F.LIN,1,HK,0,21,1994,10,0
F.RF1,0,F.LIN,1,HK,0,7,1994,11,0
F.RF1,1,F.LIN,0,HK,0,113,1994,11,0
F.RF1,2,F.LIN,1,HK,2,182,1994,11,0
F.RF1,3,F.LIN,3,HK,4,157,1994,11,0
F.RF1,4,F.LIN,0,HK,1,165,1994,11,0
F.RF1,5,F.LIN,0,HK,0,1,1994,11,0
F.RF1,6,F.LIN,0,HK,0,1,1994,11,0
F.RF1,7,F.LIN,0,HK,0,21,1994,11,0
F.RF1,8,F.LIN,1,HK,0,153,1994,11,0
F.RF1,9,F.LIN,1,HK,0,164,1994,11,0
F.RF1,10,F.LIN,4,HK,1,150,1994,11,3
F.RF1,11,F.LIN,3,HK,1,61,1994,11,4
F.RF1,12,F.LIN,1,HK,0,41,1994,11,2
F.RF1,13,F.LIN,0,HK,0,160,1994,11,2
F.RF1,14,F.LIN,0,HK,0,60,1994,11,0
F.RF1,15,F.LIN,0,HK,0,123,1994,11,0
F.RF1,16,F.LIN,0,HK,0,8,1994,11,0
F.RF1,17,F.LIN,0,HK,0,5,1994,11,0
F.RF1,18,F.LIN,2,HK,0,33,1994,11,3
F.RF1,19,F.LIN,0,HK,0,2,1994,11,0
F.RF1,20,F.LIN,4,HK,6,66,1994,11,3
F.RF1,21,F.LIN,1,HK,0,4,1994,11,0
F.RF1,22,F.LIN,0,HK,1,21,1994,11,1
F.RF1,9,F.LIN,0,HK,0,164,1995,1,0
F.RF1,13,F.LIN,0,HK,0,160,1995,1,0
F.RF1,9,F.LIN,0,HK,0,164,1995,2,0
F.RF1,13,F.LIN,0,HK,0,160,1995,2,0
F.RF1,14,F.LIN,0,HK,0,60,1995,2,0
F.RF1,16,F.LIN,0,HK,0,8,1995,2,0
F.RF1,5,F.LIN,0,HK,0,1,1995,3,0
F.RF1,9,F.LIN,1,HK,0,164,1995,3,0
F.RF1,13,F.LIN,0,HK,0,160,1995,3,0
F.RF1,14,F.LIN,0,HK,0,60,1995,3,0
F.RF1,15,F.LIN,0,HK,0,123,1995,3,0
F.RF1,16,F.LIN,0,HK,0,8,1995,3,0
F.RF1,1,F.LIN,0,HK,0,113,1995,4,0
F.RF1,5,F.LIN,0,HK,0,1,1995,4,0
F.RF1,9,F.LIN,0,HK,0,164,1995,4,0
F.RF1,12,F.LIN,0,HK,0,41,1995,4,0
F.RF1,13,F.LIN,0,HK,0,160,1995,4,0
F.RF1,14,F.LIN,0,HK,1,60,1995,4,0
F.RF1,15,F.LIN,0,HK,0,123,1995,4,0
F.RF1,16,F.LIN,0,HK,0,8,1995,4,0
F.RF1,1,F.LIN,0,HK,0,113,1995,5,0
F.RF1,5,F.LIN,0,HK,0,1,1995,5,0
F.RF1,8,F.LIN,0,HK,0,153,1995,5,0
F.RF1,9,F.LIN,0,HK,0,164,1995,5,0
F.RF1,12,F.LIN,0,HK,0,41,1995,5,0
F.RF1,13,F.LIN,1,HK,0,160,1995,5,0
F.RF1,14,F.LIN,0,HK,0,60,1995,5,0
F.RF1,15,F.LIN,0,HK,0,123,1995,5,0
F.RF1,16,F.LIN,0,HK,0,8,1995,5,0
F.RF1,22,F.LIN,0,HK,0,21,1995,5,0
F.RF1,1,F.LIN,0,HK,0,113,1995,6,0
F.RF1,5,F.LIN,0,HK,0,1,1995,6,0
F.RF1,8,F.LIN,1,HK,0,153,1995,6,0
F.RF1,9,F.LIN,0,HK,0,164,1995,6,0
F.RF1,12,F.LIN,0,HK,0,41,1995,6,0
F.RF1,13,F.LIN,0,HK,0,160,1995,6,0
F.RF1,14,F.LIN,0,HK,1,60,1995,6,0
F.RF1,15,F.LIN,0,HK,0,123,1995,6,0
F.RF1,16,F.LIN,0,HK,0,8,1995,6,0
F.RF1,17,F.LIN,0,HK,0,5,1995,6,0
F.RF1,19,F.LIN,0,HK,0,2,1995,6,0
F.RF1,22,F.LIN,0,HK,0,21,1995,6,0
F.RF1,1,F.LIN,0,HK,0,113,1995,7,0
F.RF1,5,F.LIN,0,HK,0,1,1995,7,0
F.RF1,6,F.LIN,0,HK,0,1,1995,7,1
F.RF1,8,F.LIN,2,HK,0,153,1995,7,0
F.RF1,9,F.LIN,0,HK,0,164,1995,7,0
F.RF1,12,F.LIN,0,HK,0,41,1995,7,0
F.RF1,13,F.LIN,0,HK,1,160,1995,7,1
F.RF1,14,F.LIN,0,HK,0,60,1995,7,0
F.RF1,15,F.LIN,0,HK,0,123,1995,7,0
F.RF1,16,F.LIN,0,HK,0,8,1995,7,0
F.RF1,17,F.LIN,0,HK,1,5,1995,7,1
F.RF1,18,F.LIN,0,HK,1,33,1995,7,1
F.RF1,19,F.LIN,0,HK,0,2,1995,7,0
F.RF1,22,F.LIN,0,HK,0,21,1995,7,0
F.RF1,0,F.LIN,3,HK,0,7,1995,8,0
F.RF1,1,F.LIN,0,HK,0,113,1995,8,0
F.RF1,5,F.LIN,0,HK,0,1,1995,8,0
F.RF1,6,F.LIN,0,HK,0,1,1995,8,0
F.RF1,8,F.LIN,1,HK,0,153,1995,8,0
F.RF1,9,F.LIN,0,HK,0,164,1995,8,0
F.RF1,12,F.LIN,1,HK,0,41,1995,8,0
F.RF1,13,F.LIN,0,HK,1,160,1995,8,0
F.RF1,14,F.LIN,0,HK,0,60,1995,8,0
F.RF1,15,F.LIN,0,HK,0,123,1995,8,0
F.RF1,16,F.LIN,0,HK,0,8,1995,8,0
F.RF1,17,F.LIN,0,HK,0,5,1995,8,1
F.RF1,18,F.LIN,1,HK,1,33,1995,8,2
F.RF1,19,F.LIN,0,HK,0,2,1995,8,1
F.RF1,20,F.LIN,1,HK,2,66,1995,8,2
F.RF1,22,F.LIN,1,HK,0,21,1995,8,0
F.RF1,0,F.LIN,2,HK,0,7,1995,9,1
F.RF1,1,F.LIN,0,HK,0,113,1995,9,0
F.RF1,3,F.LIN,0,HK,0,157,1995,9,0
F.RF1,5,F.LIN,0,HK,0,1,1995,9,0
F.RF1,6,F.LIN,0,HK,0,1,1995,9,0
F.RF1,8,F.LIN,1,HK,0,153,1995,9,0
F.RF1,9,F.LIN,0,HK,0,164,1995,9,0
F.RF1,11,F.LIN,3,HK,1,61,1995,9,4
F.RF1,12,F.LIN,2,HK,2,41,1995,9,1
F.RF1,13,F.LIN,0,HK,0,160,1995,9,0
F.RF1,14,F.LIN,0,HK,0,60,1995,9,0
F.RF1,15,F.LIN,0,HK,0,123,1995,9,0
F.RF1,16,F.LIN,0,HK,1,8,1995,9,1
F.RF1,17,F.LIN,0,HK,0,5,1995,9,0
F.RF1,18,F.LIN,1,HK,0,33,1995,9,1
F.RF1,19,F.LIN,0,HK,0,2,1995,9,1
F.RF1,20,F.LIN,0,HK,4,66,1995,9,2
F.RF1,22,F.LIN,0,HK,1,21,1995,9,0
F.RF1,0,F.LIN,1,HK,1,7,1995,10,0
F.RF1,1,F.LIN,0,HK,0,113,1995,10,0
F.RF1,2,F.LIN,0,HK,0,182,1995,10,0
F.RF1,3,F.LIN,0,HK,0,157,1995,10,0
F.RF1,5,F.LIN,0,HK,0,1,1995,10,0
F.RF1,6,F.LIN,0,HK,0,1,1995,10,0
F.RF1,8,F.LIN,1,HK,0,153,1995,10,0
F.RF1,9,F.LIN,0,HK,0,164,1995,10,0
F.RF1,11,F.LIN,4,HK,1,61,1995,10,4
F.RF1,12,F.LIN,1,HK,1,41,1995,10,0
F.RF1,13,F.LIN,0,HK,0,160,1995,10,0
F.RF1,14,F.LIN,0,HK,0,60,1995,10,0
F.RF1,15,F.LIN,0,HK,0,123,1995,10,0
F.RF1,16,F.LIN,0,HK,0,8,1995,10,1
F.RF1,17,F.LIN,0,HK,0,5,1995,10,0
F.RF1,18,F.LIN,1,HK,0,33,1995,10,2
F.RF1,19,F.LIN,0,HK,0,2,1995,10,0
F.RF1,20,F.LIN,7,HK,4,66,1995,10,4
F.RF1,21,F.LIN,0,HK,0,4,1995,10,0
F.RF1,22,F.LIN,0,HK,2,21,1995,10,0
F.RF1,0,F.LIN,1,HK,1,7,1995,11,0
F.RF1,1,F.LIN,0,HK,0,113,1995,11,0
F.RF1,2,F.LIN,0,HK,1,182,1995,11,0
F.RF1,3,F.LIN,2,HK,3,157,1995,11,0
F.RF1,4,F.LIN,0,HK,2,165,1995,11,0
F.RF1,5,F.LIN,0,HK,0,1,1995,11,0
F.RF1,6,F.LIN,0,HK,0,1,1995,11,0
F.RF1,7,F.LIN,0,HK,0,21,1995,11,0
F.RF1,8,F.LIN,1,HK,0,153,1995,11,0
F.RF1,9,F.LIN,0,HK,0,164,1995,11,0
F.RF1,10,F.LIN,2,HK,2,150,1995,11,5
F.RF1,11,F.LIN,3,HK,1,61,1995,11,4
F.RF1,12,F.LIN,0,HK,1,41,1995,11,0
F.RF1,13,F.LIN,0,HK,0,160,1995,11,0
F.RF1,14,F.LIN,0,HK,0,60,1995,11,0
F.RF1,15,F.LIN,0,HK,0,123,1995,11,0
F.RF1,16,F.LIN,0,HK,0,8,1995,11,0
F.RF1,17,F.LIN,0,HK,0,5,1995,11,0
F.RF1,18,F.LIN,1,HK,0,33,1995,11,5
F.RF1,19,F.LIN,0,HK,0,2,1995,11,0
F.RF1,20,F.LIN,4,HK,3,66,1995,11,4
F.RF1,21,F.LIN,0,HK,0,4,1995,11,0
F.RF1,22,F.LIN,0,HK,2,21,1995,11,0
G.RF1,0,G.LIN,0,HK,0,7,1993,1,0
G.RF1,4,G.LIN,0,HK,0,165,1993,1,0
G.RF1,0,G.LIN,0,HK,1,7,1993,2,0
G.RF1,4,G.LIN,0,HK,0,165,1993,2,0
G.RF1,8,G.LIN,0,HK,0,153,1993,2,0
G.RF1,12,G.LIN,1,HK,0,41,1993,2,0
G.RF1,0,G.LIN,0,HK,0,7,1993,3,1
G.RF1,2,G.LIN,0,HK,0,182,1993,3,0
G.RF1,4,G.LIN,0,HK,1,165,1993,3,0
G.RF1,8,G.LIN,0,HK,0,153,1993,3,0
G.RF1,11,G.LIN,2,HK,2,61,1993,3,1
G.RF1,12,G.LIN,1,HK,1,41,1993,3,0
G.RF1,0,G.LIN,0,HK,0,7,1993,4,1
G.RF1,2,G.LIN,0,HK,0,182,1993,4,0
G.RF1,3,G.LIN,0,HK,4,157,1993,4,0
G.RF1,4,G.LIN,3,HK,1,165,1993,4,1
G.RF1,8,G.LIN,0,HK,1,153,1993,4,0
G.RF1,11,G.LIN,3,HK,1,61,1993,4,1
G.RF1,12,G.LIN,1,HK,0,41,1993,4,0
G.RF1,17,G.LIN,0,HK,0,5,1993,4,0
G.RF1,0,G.LIN,0,HK,0,7,1993,5,1
G.RF1,2,G.LIN,0,HK,0,182,1993,5,0
G.RF1,3,G.LIN,0,HK,4,157,1993,5,0
G.RF1,4,G.LIN,2,HK,0,165,1993,5,1
G.RF1,8,G.LIN,0,HK,1,153,1993,5,0
G.RF1,11,G.LIN,1,HK,0,61,1993,5,1
G.RF1,12,G.LIN,1,HK,1,41,1993,5,1
G.RF1,16,G.LIN,0,HK,0,8,1993,5,0
G.RF1,17,G.LIN,0,HK,0,5,1993,5,0
G.RF1,21,G.LIN,0,HK,0,4,1993,5,0
G.RF1,0,G.LIN,0,HK,0,7,1993,6,0
G.RF1,2,G.LIN,0,HK,0,182,1993,6,0
G.RF1,3,G.LIN,0,HK,2,157,1993,6,0
G.RF1,4,G.LIN,3,HK,2,165,1993,6,2
G.RF1,8,G.LIN,0,HK,0,153,1993,6,0
G.RF1,11,G.LIN,1,HK,0,61,1993,6,0
G.RF1,12,G.LIN,1,HK,0,41,1993,6,1
G.RF1,13,G.LIN,0,HK,1,160,1993,6,0
G.RF1,16,G.LIN,0,HK,0,8,1993,6,0
G.RF1,17,G.LIN,0,HK,0,5,1993,6,0
G.RF1,21,G.LIN,0,HK,0,4,1993,6,0
G.RF1,22,G.LIN,0,HK,1,21,1993,6,0
G.RF1,0,G.LIN,0,HK,0,7,1993,7,0
G.RF1,2,G.LIN,0,HK,0,182,1993,7,0
G.RF1,3,G.LIN,0,HK,5,157,1993,7,1
G.RF1,4,G.LIN,1,HK,1,165,1993,7,0
G.RF1,8,G.LIN,1,HK,0,153,1993,7,0
G.RF1,11,G.LIN,1,HK,0,61,1993,7,0
G.RF1,12,G.LIN,1,HK,1,41,1993,7,1
G.RF1,13,G.LIN,0,HK,2,160,1993,7,0
G.RF1,14,G.LIN,0,HK,0,60,1993,7,0
G.RF1,16,G.LIN,0,HK,0,8,1993,7,0
G.RF1,17,G.LIN,0,HK,1,5,1993,7,0
G.RF1,18,G.LIN,0,HK,2,33,1993,7,3
G.RF1,21,G.LIN,0,HK,0,4,1993,7,0
G.RF1,22,G.LIN,0,HK,1,21,1993,7,0
G.RF1,0,G.LIN,0,HK,0,7,1993,8,0
G.RF1,2,G.LIN,0,HK,0,182,1993,8,0
G.RF1,3,G.LIN,0,HK,11,157,1993,8,0
G.RF1,4,G.LIN,1,HK,1,165,1993,8,2
G.RF1,8,G.LIN,0,HK,0,153,1993,8,0
G.RF1,9,G.LIN,0,HK,0,164,1993,8,0
G.RF1,11,G.LIN,2,HK,1,61,1993,8,0
G.RF1,12,G.LIN,1,HK,1,41,1993,8,1
G.RF1,13,G.LIN,0,HK,0,160,1993,8,0
G.RF1,14,G.LIN,0,HK,0,60,1993,8,0
G.RF1,16,G.LIN,0,HK,0,8,1993,8,0
G.RF1,17,G.LIN,0,HK,1,5,1993,8,0
G.RF1,18,G.LIN,0,HK,2,33,1993,8,5
G.RF1,19,G.LIN,0,HK,0,2,1993,8,0
G.RF1,21,G.LIN,0,HK,0,4,1993,8,0
G.RF1,22,G.LIN,0,HK,0,21,1993,8,0
G.RF1,0,G.LIN,0,HK,0,7,1993,9,0
G.RF1,2,G.LIN,0,HK,0,182,1993,9,0
G.RF1,3,G.LIN,0,HK,8,157,1993,9,0
G.RF1,4,G.LIN,1,HK,1,165,1993,9,0
G.RF1,6,G.LIN,0,HK,0,1,1993,9,0
G.RF1,8,G.LIN,1,HK,1,153,1993,9,0
G.RF1,9,G.LIN,0,HK,0,164,1993,9,0
G.RF1,11,G.LIN,1,HK,1,61,1993,9,1
G.RF1,12,G.LIN,1,HK,1,41,1993,9,1
G.RF1,13,G.LIN,0,HK,0,160,1993,9,0
G.RF1,14,G.LIN,0,HK,1,60,1993,9,0
G.RF1,15,G.LIN,0,HK,0,123,1993,9,0
G.RF1,16,G.LIN,0,HK,0,8,1993,9,0
G.RF1,17,G.LIN,0,HK,0,5,1993,9,0
G.RF1,18,G.LIN,0,HK,2,33,1993,9,4
G.RF1,19,G.LIN,0,HK,0,2,1993,9,0
G.RF1,21,G.LIN,0,HK,0,4,1993,9,0
G.RF1,22,G.LIN,0,HK,0,21,1993,9,0
G.RF1,0,G.LIN,0,HK,0,7,1993,10,0
G.RF1,2,G.LIN,0,HK,0,182,1993,10,0
G.RF1,3,G.LIN,1,HK,6,157,1993,10,0
G.RF1,4,G.LIN,3,HK,1,165,1993,10,0
G.RF1,5,G.LIN,0,HK,0,1,1993,10,0
G.RF1,6,G.LIN,0,HK,0,1,1993,10,0
G.RF1,8,G.LIN,0,HK,1,153,1993,10,0
G.RF1,9,G.LIN,0,HK,0,164,1993,10,0
G.RF1,11,G.LIN,3,HK,1,61,1993,10,1
G.RF1,12,G.LIN,1,HK,0,41,1993,10,1
G.RF1,13,G.LIN,0,HK,0,160,1993,10,0
G.RF1,14,G.LIN,0,HK,1,60,1993,10,0
G.RF1,15,G.LIN,0,HK,0,123,1993,10,0
G.RF1,16,G.LIN,1,HK,0,8,1993,10,0
G.RF1,17,G.LIN,0,HK,0,5,1993,10,0
G.RF1,18,G.LIN,0,HK,5,33,1993,10,3
G.RF1,19,G.LIN,0,HK,0,2,1993,10,0
G.RF1,20,G.LIN,4,HK,4,66,1993,10,6
G.RF1,21,G.LIN,0,HK,0,4,1993,10,0
G.RF1,22,G.LIN,0,HK,1,21,1993,10,0
G.RF1,0,G.LIN,0,HK,0,7,1993,11,0
G.RF1,1,G.LIN,0,HK,1,113,1993,11,0
G.RF1,2,G.LIN,1,HK,4,182,1993,11,0
G.RF1,3,G.LIN,1,HK,6,157,1993,11,0
G.RF1,4,G.LIN,3,HK,1,165,1993,11,0
G.RF1,5,G.LIN,0,HK,0,1,1993,11,0
G.RF1,6,G.LIN,0,HK,0,1,1993,11,0
G.RF1,7,G.LIN,0,HK,0,21,1993,11,0
G.RF1,8,G.LIN,1,HK,1,153,1993,11,0
G.RF1,9,G.LIN,0,HK,0,164,1993,11,0
G.RF1,10,G.LIN,3,HK,4,150,1993,11,3
G.RF1,11,G.LIN,1,HK,0,61,1993,11,1
G.RF1,12,G.LIN,1,HK,1,41,1993,11,0
G.RF1,13,G.LIN,0,HK,0,160,1993,11,1
G.RF1,14,G.LIN,0,HK,2,60,1993,11,0
G.RF1,15,G.LIN,0,HK,0,123,1993,11,0
G.RF1,16,G.LIN,0,HK,0,8,1993,11,0
G.RF1,17,G.LIN,0,HK,0,5,1993,11,0
G.RF1,18,G.LIN,0,HK,3,33,1993,11,3
G.RF1,19,G.LIN,0,HK,0,2,1993,11,0
G.RF1,20,G.LIN,2,HK,2,66,1993,11,7
G.RF1,21,G.LIN,0,HK,0,4,1993,11,0
G.RF1,22,G.LIN,0,HK,1,21,1993,11,1
G.RF1,16,G.LIN,0,HK,0,8,1994,1,0
G.RF1,22,G.LIN,0,HK,0,21,1994,1,0
G.RF1,12,G.LIN,0,HK,0,41,1994,2,0
G.RF1,13,G.LIN,0,HK,1,160,1994,2,0
G.RF1,16,G.LIN,0,HK,0,8,1994,2,0
G.RF1,22,G.LIN,0,HK,0,21,1994,2,0
G.RF1,4,G.LIN,0,HK,0,165,1994,3,0
G.RF1,12,G.LIN,1,HK,0,41,1994,3,0
G.RF1,13,G.LIN,0,HK,1,160,1994,3,0
G.RF1,16,G.LIN,0,HK,0,8,1994,3,0
G.RF1,21,G.LIN,0,HK,0,4,1994,3,0
G.RF1,22,G.LIN,1,HK,0,21,1994,3,0
G.RF1,4,G.LIN,0,HK,0,165,1994,4,0
G.RF1,12,G.LIN,1,HK,1,41,1994,4,0
G.RF1,13,G.LIN,0,HK,1,160,1994,4,0
G.RF1,16,G.LIN,0,HK,0,8,1994,4,0
G.RF1,17,G.LIN,0,HK,0,5,1994,4,0
G.RF1,19,G.LIN,0,HK,0,2,1994,4,0
G.RF1,21,G.LIN,0,HK,0,4,1994,4,0
G.RF1,22,G.LIN,0,HK,2,21,1994,4,0
G.RF1,4,G.LIN,0,HK,0,165,1994,5,0
G.RF1,6,G.LIN,0,HK,0,1,1994,5,0
G.RF1,11,G.LIN,4,HK,1,61,1994,5,0
G.RF1,12,G.LIN,1,HK,0,41,1994,5,0
G.RF1,13,G.LIN,0,HK,0,160,1994,5,0
G.RF1,16,G.LIN,0,HK,0,8,1994,5,0
G.RF1,17,G.LIN,0,HK,0,5,1994,5,0
G.RF1,19,G.LIN,0,HK,0,2,1994,5,0
G.RF1,21,G.LIN,0,HK,0,4,1994,5,0
G.RF1,22,G.LIN,0,HK,2,21,1994,5,0
G.RF1,3,G.LIN,2,HK,5,157,1994,6,0
G.RF1,4,G.LIN,1,HK,1,165,1994,6,0
G.RF1,6,G.LIN,0,HK,0,1,1994,6,0
G.RF1,11,G.LIN,1,HK,2,61,1994,6,0
G.RF1,12,G.LIN,1,HK,1,41,1994,6,0
G.RF1,13,G.LIN,0,HK,1,160,1994,6,0
G.RF1,15,G.LIN,0,HK,0,123,1994,6,0
G.RF1,16,G.LIN,0,HK,0,8,1994,6,0
G.RF1,17,G.LIN,0,HK,0,5,1994,6,0
G.RF1,19,G.LIN,0,HK,0,2,1994,6,0
G.RF1,21,G.LIN,0,HK,0,4,1994,6,0
G.RF1,22,G.LIN,1,HK,1,21,1994,6,0
G.RF1,0,G.LIN,0,HK,1,7,1994,7,2
G.RF1,3,G.LIN,2,HK,4,157,1994,7,0
G.RF1,4,G.LIN,2,HK,1,165,1994,7,0
G.RF1,6,G.LIN,0,HK,0,1,1994,7,0
G.RF1,9,G.LIN,0,HK,0,164,1994,7,0
G.RF1,11,G.LIN,1,HK,1,61,1994,7,0
G.RF1,12,G.LIN,1,HK,2,41,1994,7,1
G.RF1,13,G.LIN,0,HK,0,160,1994,7,0
G.RF1,15,G.LIN,0,HK,0,123,1994,7,0
G.RF1,16,G.LIN,0,HK,0,8,1994,7,0
G.RF1,17,G.LIN,0,HK,0,5,1994,7,0
G.RF1,19,G.LIN,0,HK,0,2,1994,7,0
G.RF1,21,G.LIN,0,HK,0,4,1994,7,0
G.RF1,22,G.LIN,0,HK,1,21,1994,7,0
G.RF1,0,G.LIN,0,HK,0,7,1994,8,2
G.RF1,3,G.LIN,1,HK,7,157,1994,8,0
G.RF1,4,G.LIN,1,HK,2,165,1994,8,0
G.RF1,5,G.LIN,0,HK,0,1,1994,8,0
G.RF1,6,G.LIN,0,HK,0,1,1994,8,0
G.RF1,7,G.LIN,0,HK,0,21,1994,8,0
G.RF1,9,G.LIN,0,HK,0,164,1994,8,0
G.RF1,11,G.LIN,1,HK,1,61,1994,8,0
G.RF1,12,G.LIN,1,HK,1,41,1994,8,1
G.RF1,13,G.LIN,0,HK,0,160,1994,8,0
G.RF1,15,G.LIN,0,HK,0,123,1994,8,0
G.RF1,16,G.LIN,0,HK,0,8,1994,8,0
G.RF1,17,G.LIN,0,HK,0,5,1994,8,0
G.RF1,19,G.LIN,0,HK,0,2,1994,8,0
G.RF1,21,G.LIN,0,HK,0,4,1994,8,0
G.RF1,22,G.LIN,0,HK,0,21,1994,8,0
G.RF1,0,G.LIN,0,HK,0,7,1994,9,2
G.RF1,1,G.LIN,0,HK,0,113,1994,9,0
G.RF1,3,G.LIN,1,HK,5,157,1994,9,0
G.RF1,4,G.LIN,2,HK,2,165,1994,9,0
G.RF1,5,G.LIN,0,HK,0,1,1994,9,0
G.RF1,6,G.LIN,0,HK,0,1,1994,9,0
G.RF1,7,G.LIN,0,HK,0,21,1994,9,0
G.RF1,9,G.LIN,0,HK,0,164,1994,9,0
G.RF1,11,G.LIN,3,HK,1,61,1994,9,0
G.RF1,12,G.LIN,1,HK,0,41,1994,9,1
G.RF1,13,G.LIN,0,HK,0,160,1994,9,1
G.RF1,15,G.LIN,0,HK,0,123,1994,9,0
G.RF1,16,G.LIN,0,HK,0,8,1994,9,0
G.RF1,17,G.LIN,0,HK,1,5,1994,9,1
G.RF1,18,G.LIN,1,HK,2,33,1994,9,2
G.RF1,19,G.LIN,0,HK,0,2,1994,9,0
G.RF1,21,G.LIN,0,HK,0,4,1994,9,0
G.RF1,22,G.LIN,0,HK,0,21,1994,9,0
G.RF1,0,G.LIN,0,HK,0,7,1994,10,0
G.RF1,1,G.LIN,0,HK,0,113,1994,10,0
G.RF1,3,G.LIN,1,HK,5,157,1994,10,0
G.RF1,4,G.LIN,3,HK,1,165,1994,10,0
G.RF1,5,G.LIN,0,HK,0,1,1994,10,0
G.RF1,6,G.LIN,0,HK,0,1,1994,10,0
G.RF1,7,G.LIN,0,HK,0,21,1994,10,0
G.RF1,9,G.LIN,0,HK,0,164,1994,10,0
G.RF1,10,G.LIN,4,HK,1,150,1994,10,4
G.RF1,11,G.LIN,2,HK,0,61,1994,10,3
G.RF1,12,G.LIN,1,HK,0,41,1994,10,0
G.RF1,13,G.LIN,0,HK,0,160,1994,10,1
G.RF1,14,G.LIN,0,HK,0,60,1994,10,0
G.RF1,15,G.LIN,0,HK,0,123,1994,10,0
G.RF1,16,G.LIN,0,HK,0,8,1994,10,0
G.RF1,17,G.LIN,0,HK,1,5,1994,10,0
G.RF1,18,G.LIN,0,HK,1,33,1994,10,2
G.RF1,19,G.LIN,0,HK,0,2,1994,10,0
G.RF1,21,G.LIN,0,HK,0,4,1994,10,0
G.RF1,22,G.LIN,0,HK,0,21,1994,10,0
G.RF1,0,G.LIN,0,HK,0,7,1994,11,0
G.RF1,1,G.LIN,1,HK,0,113,1994,11,0
G.RF1,2,G.LIN,1,HK,0,182,1994,11,0
G.RF1,3,G.LIN,0,HK,8,157,1994,11,0
G.RF1,4,G.LIN,2,HK,1,165,1994,11,0
G.RF1,5,G.LIN,0,HK,0,1,1994,11,0
G.RF1,6,G.LIN,0,HK,0,1,1994,11,0
G.RF1,7,G.LIN,0,HK,0,21,1994,11,0
G.RF1,8,G.LIN,1,HK,0,153,1994,11,0
G.RF1,9,G.LIN,0,HK,0,164,1994,11,0
G.RF1,10,G.LIN,3,HK,2,150,1994,11,5
G.RF1,11,G.LIN,3,HK,1,61,1994,11,1
G.RF1,12,G.LIN,1,HK,0,41,1994,11,0
G.RF1,13,G.LIN,0,HK,0,160,1994,11,0
G.RF1,14,G.LIN,0,HK,0,60,1994,11,0
G.RF1,15,G.LIN,0,HK,0,123,1994,11,0
G.RF1,16,G.LIN,0,HK,0,8,1994,11,0
G.RF1,17,G.LIN,0,HK,0,5,1994,11,0
G.RF1,18,G.LIN,0,HK,4,33,1994,11,3
G.RF1,19,G.LIN,0,HK,0,2,1994,11,0
G.RF1,20,G.LIN,3,HK,4,66,1994,11,6
G.RF1,21,G.LIN,0,HK,0,4,1994,11,0
G.RF1,22,G.LIN,0,HK,0,21,1994,11,0
G.RF1,9,G.LIN,0,HK,0,164,1995,1,0
G.RF1,13,G.LIN,0,HK,0,160,1995,1,0
G.RF1,9,G.LIN,0,HK,0,164,1995,2,0
G.RF1,13,G.LIN,0,HK,1,160,1995,2,0
G.RF1,14,G.LIN,0,HK,0,60,1995,2,0
G.RF1,16,G.LIN,0,HK,0,8,1995,2,0
G.RF1,5,G.LIN,0,HK,0,1,1995,3,0
G.RF1,9,G.LIN,0,HK,0,164,1995,3,0
G.RF1,13,G.LIN,0,HK,1,160,1995,3,0
G.RF1,14,G.LIN,0,HK,0,60,1995,3,0
G.RF1,15,G.LIN,0,HK,0,123,1995,3,0
G.RF1,16,G.LIN,0,HK,0,8,1995,3,0
G.RF1,1,G.LIN,0,HK,0,113,1995,4,0
G.RF1,5,G.LIN,0,HK,0,1,1995,4,0
G.RF1,9,G.LIN,0,HK,0,164,1995,4,0
G.RF1,12,G.LIN,1,HK,1,41,1995,4,0
G.RF1,13,G.LIN,0,HK,1,160,1995,4,0
G.RF1,14,G.LIN,0,HK,1,60,1995,4,0
G.RF1,15,G.LIN,0,HK,0,123,1995,4,0
G.RF1,16,G.LIN,0,HK,0,8,1995,4,0
G.RF1,1,G.LIN,0,HK,0,113,1995,5,0
G.RF1,5,G.LIN,0,HK,0,1,1995,5,0
G.RF1,8,G.LIN,0,HK,0,153,1995,5,0
G.RF1,9,G.LIN,0,HK,0,164,1995,5,0
G.RF1,12,G.LIN,1,HK,1,41,1995,5,0
G.RF1,13,G.LIN,0,HK,1,160,1995,5,0
G.RF1,14,G.LIN,0,HK,1,60,1995,5,0
G.RF1,15,G.LIN,0,HK,0,123,1995,5,0
G.RF1,16,G.LIN,0,HK,0,8,1995,5,0
G.RF1,22,G.LIN,0,HK,0,21,1995,5,0
G.RF1,1,G.LIN,0,HK,0,113,1995,6,0
G.RF1,5,G.LIN,0,HK,0,1,1995,6,0
G.RF1,8,G.LIN,0,HK,0,153,1995,6,0
G.RF1,9,G.LIN,0,HK,0,164,1995,6,0
G.RF1,12,G.LIN,0,HK,1,41,1995,6,0
G.RF1,13,G.LIN,0,HK,1,160,1995,6,1
G.RF1,14,G.LIN,0,HK,0,60,1995,6,0
G.RF1,15,G.LIN,0,HK,0,123,1995,6,0
G.RF1,16,G.LIN,0,HK,0,8,1995,6,0
G.RF1,17,G.LIN,0,HK,0,5,1995,6,0
G.RF1,19,G.LIN,0,HK,0,2,1995,6,0
G.RF1,22,G.LIN,0,HK,0,21,1995,6,0
G.RF1,1,G.LIN,0,HK,0,113,1995,7,0
G.RF1,5,G.LIN,0,HK,0,1,1995,7,0
G.RF1,6,G.LIN,0,HK,0,1,1995,7,0
G.RF1,8,G.LIN,1,HK,0,153,1995,7,0
G.RF1,9,G.LIN,0,HK,0,164,1995,7,0
G.RF1,12,G.LIN,0,HK,1,41,1995,7,0
G.RF1,13,G.LIN,0,HK,1,160,1995,7,0
G.RF1,14,G.LIN,0,HK,0,60,1995,7,0
G.RF1,15,G.LIN,0,HK,0,123,1995,7,0
G.RF1,16,G.LIN,0,HK,0,8,1995,7,0
G.RF1,17,G.LIN,0,HK,0,5,1995,7,0
G.RF1,18,G.LIN,1,HK,2,33,1995,7,0
G.RF1,19,G.LIN,0,HK,0,2,1995,7,0
G.RF1,22,G.LIN,0,HK,1,21,1995,7,0
G.RF1,0,G.LIN,0,HK,1,7,1995,8,1
G.RF1,1,G.LIN,0,HK,0,113,1995,8,0
G.RF1,5,G.LIN,0,HK,0,1,1995,8,0
G.RF1,6,G.LIN,0,HK,0,1,1995,8,0
G.RF1,8,G.LIN,1,HK,0,153,1995,8,0
G.RF1,9,G.LIN,0,HK,0,164,1995,8,0
G.RF1,12,G.LIN,0,HK,1,41,1995,8,1
G.RF1,13,G.LIN,0,HK,1,160,1995,8,0
G.RF1,14,G.LIN,0,HK,0,60,1995,8,0
G.RF1,15,G.LIN,0,HK,0,123,1995,8,0
G.RF1,16,G.LIN,0,HK,0,8,1995,8,0
G.RF1,17,G.LIN,0,HK,0,5,1995,8,0
G.RF1,18,G.LIN,0,HK,2,33,1995,8,2
G.RF1,19,G.LIN,0,HK,0,2,1995,8,0
G.RF1,20,G.LIN,2,HK,3,66,1995,8,1
G.RF1,22,G.LIN,0,HK,3,21,1995,8,0
G.RF1,0,G.LIN,0,HK,1,7,1995,9,1
G.RF1,1,G.LIN,0,HK,0,113,1995,9,0
G.RF1,3,G.LIN,0,HK,1,157,1995,9,0
G.RF1,5,G.LIN,0,HK,0,1,1995,9,0
G.RF1,6,G.LIN,0,HK,0,1,1995,9,0
G.RF1,8,G.LIN,1,HK,0,153,1995,9,0
G.RF1,9,G.LIN,0,HK,0,164,1995,9,0
G.RF1,11,G.LIN,1,HK,3,61,1995,9,1
G.RF1,12,G.LIN,1,HK,1,41,1995,9,2
G.RF1,13,G.LIN,0,HK,0,160,1995,9,1
G.RF1,14,G.LIN,0,HK,0,60,1995,9,0
G.RF1,15,G.LIN,0,HK,0,123,1995,9,0
G.RF1,16,G.LIN,0,HK,0,8,1995,9,1
G.RF1,17,G.LIN,0,HK,0,5,1995,9,0
G.RF1,18,G.LIN,0,HK,1,33,1995,9,2
G.RF1,19,G.LIN,0,HK,0,2,1995,9,0
G.RF1,20,G.LIN,1,HK,2,66,1995,9,1
G.RF1,22,G.LIN,0,HK,1,21,1995,9,0
G.RF1,0,G.LIN,0,HK,1,7,1995,10,2
G.RF1,1,G.LIN,0,HK,0,113,1995,10,0
G.RF1,2,G.LIN,0,HK,0,182,1995,10,0
G.RF1,3,G.LIN,0,HK,1,157,1995,10,0
G.RF1,5,G.LIN,0,HK,0,1,1995,10,0
G.RF1,6,G.LIN,0,HK,0,1,1995,10,0
G.RF1,8,G.LIN,1,HK,0,153,1995,10,0
G.RF1,9,G.LIN,0,HK,0,164,1995,10,0
G.RF1,11,G.LIN,2,HK,4,61,1995,10,1
G.RF1,12,G.LIN,1,HK,1,41,1995,10,2
G.RF1,13,G.LIN,0,HK,0,160,1995,10,1
G.RF1,14,G.LIN,0,HK,0,60,1995,10,0
G.RF1,15,G.LIN,0,HK,0,123,1995,10,0
G.RF1,16,G.LIN,0,HK,0,8,1995,10,1
G.RF1,17,G.LIN,0,HK,0,5,1995,10,0
G.RF1,18,G.LIN,2,HK,1,33,1995,10,2
G.RF1,19,G.LIN,0,HK,0,2,1995,10,0
G.RF1,20,G.LIN,1,HK,3,66,1995,10,2
G.RF1,21,G.LIN,0,HK,0,4,1995,10,1
G.RF1,22,G.LIN,0,HK,0,21,1995,10,1
G.RF1,0,G.LIN,0,HK,1,7,1995,11,1
G.RF1,1,G.LIN,0,HK,0,113,1995,11,0
G.RF1,2,G.LIN,1,HK,0,182,1995,11,0
G.RF1,3,G.LIN,2,HK,4,157,1995,11,0
G.RF1,4,G.LIN,4,HK,2,165,1995,11,0
G.RF1,5,G.LIN,0,HK,0,1,1995,11,0
G.RF1,6,G.LIN,0,HK,0,1,1995,11,0
G.RF1,7,G.LIN,0,HK,0,21,1995,11,0
G.RF1,8,G.LIN,1,HK,0,153,1995,11,0
G.RF1,9,G.LIN,0,HK,0,164,1995,11,0
G.RF1,10,G.LIN,2,HK,0,150,1995,11,6
G.RF1,11,G.LIN,3,HK,0,61,1995,11,3
G.RF1,12,G.LIN,0,HK,1,41,1995,11,0
G.RF1,13,G.LIN,0,HK,0,160,1995,11,1
G.RF1,14,G.LIN,0,HK,0,60,1995,11,0
G.RF1,15,G.LIN,0,HK,0,123,1995,11,0
G.RF1,16,G.LIN,0,HK,0,8,1995,11,0
G.RF1,17,G.LIN,0,HK,0,5,1995,11,1
G.RF1,18,G.LIN,1,HK,3,33,1995,11,2
G.RF1,19,G.LIN,0,HK,0,2,1995,11,0
G.RF1,20,G.LIN,3,HK,4,66,1995,11,2
G.RF1,21,G.LIN,0,HK,0,4,1995,11,1
G.RF1,22,G.LIN,0,HK,1,21,1995,11,1
B.RF1,0,B.LIN,0,HK,0,7,1993,1,0
B.RF1,4,B.LIN,0,HK,0,165,1993,1,0
B.RF1,0,B.LIN,0,HK,1,7,1993,2,0
B.RF1,4,B.LIN,0,HK,0,165,1993,2,0
B.RF1,8,B.LIN,0,HK,0,153,1993,2,0
B.RF1,12,B.LIN,0,HK,1,41,1993,2,0
B.RF1,0,B.LIN,0,HK,1,7,1993,3,0
B.RF1,2,B.LIN,0,HK,0,182,1993,3,0
B.RF1,4,B.LIN,0,HK,0,165,1993,3,0
B.RF1,8,B.LIN,0,HK,0,153,1993,3,0
B.RF1,11,B.LIN,3,HK,0,61,1993,3,0
B.RF1,12,B.LIN,0,HK,2,41,1993,3,0
B.RF1,0,B.LIN,0,HK,1,7,1993,4,0
B.RF1,2,B.LIN,0,HK,0,182,1993,4,0
B.RF1,3,B.LIN,1,HK,3,157,1993,4,0
B.RF1,4,B.LIN,3,HK,1,165,1993,4,0
B.RF1,8,B.LIN,0,HK,0,153,1993,4,0
B.RF1,11,B.LIN,3,HK,1,61,1993,4,1
B.RF1,12,B.LIN,0,HK,1,41,1993,4,0
B.RF1,17,B.LIN,0,HK,0,5,1993,4,0
B.RF1,0,B.LIN,0,HK,0,7,1993,5,0
B.RF1,2,B.LIN,0,HK,0,182,1993,5,0
B.RF1,3,B.LIN,0,HK,3,157,1993,5,0
B.RF1,4,B.LIN,3,HK,1,165,1993,5,0
B.RF1,8,B.LIN,0,HK,0,153,1993,5,0
B.RF1,11,B.LIN,2,HK,0,61,1993,5,2
B.RF1,12,B.LIN,1,HK,1,41,1993,5,1
B.RF1,16,B.LIN,0,HK,0,8,1993,5,0
B.RF1,17,B.LIN,0,HK,0,5,1993,5,0
B.RF1,21,B.LIN,0,HK,0,4,1993,5,0
B.RF1,0,B.LIN,0,HK,0,7,1993,6,0
B.RF1,2,B.LIN,0,HK,0,182,1993,6,0
B.RF1,3,B.LIN,3,HK,2,157,1993,6,0
B.RF1,4,B.LIN,1,HK,0,165,1993,6,0
B.RF1,8,B.LIN,1,HK,1,153,1993,6,0
B.RF1,11,B.LIN,3,HK,1,61,1993,6,3
B.RF1,12,B.LIN,1,HK,0,41,1993,6,1
B.RF1,13,B.LIN,0,HK,1,160,1993,6,0
B.RF1,16,B.LIN,0,HK,0,8,1993,6,0
B.RF1,17,B.LIN,0,HK,0,5,1993,6,0
B.RF1,21,B.LIN,0,HK,0,4,1993,6,0
B.RF1,22,B.LIN,2,HK,0,21,1993,6,0
B.RF1,0,B.LIN,0,HK,0,7,1993,7,0
B.RF1,2,B.LIN,0,HK,0,182,1993,7,0
B.RF1,3,B.LIN,4,HK,1,157,1993,7,1
B.RF1,4,B.LIN,2,HK,0,165,1993,7,0
B.RF1,8,B.LIN,0,HK,1,153,1993,7,0
B.RF1,11,B.LIN,5,HK,0,61,1993,7,2
B.RF1,12,B.LIN,0,HK,1,41,1993,7,0
B.RF1,13,B.LIN,0,HK,1,160,1993,7,1
B.RF1,14,B.LIN,0,HK,0,60,1993,7,0
B.RF1,16,B.LIN,0,HK,0,8,1993,7,0
B.RF1,17,B.LIN,0,HK,0,5,1993,7,0
B.RF1,18,B.LIN,2,HK,0,33,1993,7,1
B.RF1,21,B.LIN,0,HK,0,4,1993,7,0
B.RF1,22,B.LIN,2,HK,0,21,1993,7,0
B.RF1,0,B.LIN,0,HK,0,7,1993,8,1
B.RF1,2,B.LIN,0,HK,0,182,1993,8,0
B.RF1,3,B.LIN,6,HK,1,157,1993,8,1
B.RF1,4,B.LIN,3,HK,0,165,1993,8,0
B.RF1,8,B.LIN,2,HK,1,153,1993,8,0
B.RF1,9,B.LIN,0,HK,1,164,1993,8,0
B.RF1,11,B.LIN,6,HK,1,61,1993,8,2
B.RF1,12,B.LIN,1,HK,1,41,1993,8,0
B.RF1,13,B.LIN,0,HK,0,160,1993,8,1
B.RF1,14,B.LIN,0,HK,0,60,1993,8,0
B.RF1,16,B.LIN,0,HK,0,8,1993,8,0
B.RF1,17,B.LIN,0,HK,0,5,1993,8,1
B.RF1,18,B.LIN,3,HK,0,33,1993,8,3
B.RF1,19,B.LIN,0,HK,0,2,1993,8,1
B.RF1,21,B.LIN,0,HK,0,4,1993,8,0
B.RF1,22,B.LIN,1,HK,0,21,1993,8,0
B.RF1,0,B.LIN,0,HK,0,7,1993,9,0
B.RF1,2,B.LIN,0,HK,0,182,1993,9,0
B.RF1,3,B.LIN,9,HK,2,157,1993,9,1
B.RF1,4,B.LIN,3,HK,1,165,1993,9,0
B.RF1,6,B.LIN,0,HK,0,1,1993,9,0
B.RF1,8,B.LIN,0,HK,0,153,1993,9,0
B.RF1,9,B.LIN,0,HK,0,164,1993,9,0
B.RF1,11,B.LIN,6,HK,0,61,1993,9,4
B.RF1,12,B.LIN,0,HK,0,41,1993,9,2
B.RF1,13,B.LIN,0,HK,0,160,1993,9,2
B.RF1,14,B.LIN,0,HK,0,60,1993,9,0
B.RF1,15,B.LIN,0,HK,0,123,1993,9,0
B.RF1,16,B.LIN,0,HK,0,8,1993,9,0
B.RF1,17,B.LIN,1,HK,0,5,1993,9,0
B.RF1,18,B.LIN,4,HK,1,33,1993,9,3
B.RF1,19,B.LIN,0,HK,0,2,1993,9,1
B.RF1,21,B.LIN,0,HK,0,4,1993,9,0
B.RF1,22,B.LIN,1,HK,0,21,1993,9,0
B.RF1,0,B.LIN,0,HK,1,7,1993,10,0
B.RF1,2,B.LIN,0,HK,0,182,1993,10,0
B.RF1,3,B.LIN,8,HK,3,157,1993,10,0
B.RF1,4,B.LIN,4,HK,1,165,1993,10,0
B.RF1,5,B.LIN,0,HK,0,1,1993,10,0
B.RF1,6,B.LIN,0,HK,0,1,1993,10,0
B.RF1,8,B.LIN,0,HK,0,153,1993,10,0
B.RF1,9,B.LIN,0,HK,0,164,1993,10,0
B.RF1,11,B.LIN,7,HK,0,61,1993,10,4
B.RF1,12,B.LIN,0,HK,0,41,1993,10,2
B.RF1,13,B.LIN,0,HK,0,160,1993,10,0
B.RF1,14,B.LIN,2,HK,0,60,1993,10,0
B.RF1,15,B.LIN,0,HK,0,123,1993,10,0
B.RF1,16,B.LIN,0,HK,0,8,1993,10,0
B.RF1,17,B.LIN,1,HK,0,5,1993,10,0
B.RF1,18,B.LIN,1,HK,0,33,1993,10,4
B.RF1,19,B.LIN,0,HK,0,2,1993,10,2
B.RF1,20,B.LIN,10,HK,1,66,1993,10,5
B.RF1,21,B.LIN,0,HK,0,4,1993,10,0
B.RF1,22,B.LIN,0,HK,0,21,1993,10,0
B.RF1,0,B.LIN,0,HK,1,7,1993,11,2
B.RF1,1,B.LIN,4,HK,0,113,1993,11,0
B.RF1,2,B.LIN,3,HK,0,182,1993,11,0
B.RF1,3,B.LIN,7,HK,2,157,1993,11,0
B.RF1,4,B.LIN,3,HK,1,165,1993,11,0
B.RF1,5,B.LIN,0,HK,0,1,1993,11,0
B.RF1,6,B.LIN,0,HK,0,1,1993,11,0
B.RF1,7,B.LIN,0,HK,0,21,1993,11,0
B.RF1,8,B.LIN,1,HK,0,153,1993,11,0
B.RF1,9,B.LIN,0,HK,0,164,1993,11,0
B.RF1,10,B.LIN,6,HK,1,150,1993,11,2
B.RF1,11,B.LIN,4,HK,0,61,1993,11,5
B.RF1,12,B.LIN,0,HK,0,41,1993,11,2
B.RF1,13,B.LIN,1,HK,0,160,1993,11,0
B.RF1,14,B.LIN,2,HK,0,60,1993,11,0
B.RF1,15,B.LIN,0,HK,0,123,1993,11,0
B.RF1,16,B.LIN,0,HK,0,8,1993,11,0
B.RF1,17,B.LIN,1,HK,0,5,1993,11,0
B.RF1,18,B.LIN,1,HK,0,33,1993,11,5
B.RF1,19,B.LIN,0,HK,0,2,1993,11,1
B.RF1,20,B.LIN,7,HK,1,66,1993,11,8
B.RF1,21,B.LIN,0,HK,0,4,1993,11,0
B.RF1,22,B.LIN,0,HK,0,21,1993,11,0
B.RF1,16,B.LIN,0,HK,0,8,1994,1,0
B.RF1,22,B.LIN,0,HK,0,21,1994,1,0
B.RF1,12,B.LIN,0,HK,0,41,1994,2,0
B.RF1,13,B.LIN,0,HK,0,160,1994,2,0
B.RF1,16,B.LIN,0,HK,0,8,1994,2,0
B.RF1,22,B.LIN,0,HK,0,21,1994,2,0
B.RF1,4,B.LIN,0,HK,0,165,1994,3,0
B.RF1,12,B.LIN,0,HK,1,41,1994,3,0
B.RF1,13,B.LIN,1,HK,0,160,1994,3,0
B.RF1,16,B.LIN,0,HK,0,8,1994,3,0
B.RF1,21,B.LIN,1,HK,0,4,1994,3,0
B.RF1,22,B.LIN,1,HK,0,21,1994,3,0
B.RF1,4,B.LIN,0,HK,0,165,1994,4,0
B.RF1,12,B.LIN,0,HK,1,41,1994,4,0
B.RF1,13,B.LIN,0,HK,0,160,1994,4,0
B.RF1,16,B.LIN,0,HK,0,8,1994,4,0
B.RF1,17,B.LIN,0,HK,0,5,1994,4,0
B.RF1,19,B.LIN,0,HK,0,2,1994,4,0
B.RF1,21,B.LIN,0,HK,0,4,1994,4,0
B.RF1,22,B.LIN,0,HK,0,21,1994,4,0
B.RF1,4,B.LIN,0,HK,0,165,1994,5,0
B.RF1,6,B.LIN,0,HK,0,1,1994,5,1
B.RF1,11,B.LIN,2,HK,1,61,1994,5,0
B.RF1,12,B.LIN,0,HK,0,41,1994,5,0
B.RF1,13,B.LIN,0,HK,0,160,1994,5,0
B.RF1,16,B.LIN,0,HK,1,8,1994,5,0
B.RF1,17,B.LIN,0,HK,0,5,1994,5,0
B.RF1,19,B.LIN,0,HK,0,2,1994,5,0
B.RF1,21,B.LIN,0,HK,0,4,1994,5,0
B.RF1,22,B.LIN,1,HK,0,21,1994,5,0
B.RF1,3,B.LIN,2,HK,1,157,1994,6,0
B.RF1,4,B.LIN,2,HK,1,165,1994,6,0
B.RF1,6,B.LIN,0,HK,0,1,1994,6,1
B.RF1,11,B.LIN,2,HK,1,61,1994,6,0
B.RF1,12,B.LIN,0,HK,0,41,1994,6,1
B.RF1,13,B.LIN,0,HK,0,160,1994,6,1
B.RF1,15,B.LIN,0,HK,1,123,1994,6,0
B.RF1,16,B.LIN,0,HK,1,8,1994,6,0
B.RF1,17,B.LIN,0,HK,0,5,1994,6,0
B.RF1,19,B.LIN,0,HK,0,2,1994,6,0
B.RF1,21,B.LIN,0,HK,0,4,1994,6,0
B.RF1,22,B.LIN,2,HK,0,21,1994,6,0
B.RF1,0,B.LIN,0,HK,0,7,1994,7,0
B.RF1,3,B.LIN,2,HK,3,157,1994,7,0
B.RF1,4,B.LIN,1,HK,1,165,1994,7,0
B.RF1,6,B.LIN,0,HK,0,1,1994,7,1
B.RF1,9,B.LIN,0,HK,0,164,1994,7,0
B.RF1,11,B.LIN,1,HK,2,61,1994,7,5
B.RF1,12,B.LIN,1,HK,0,41,1994,7,0
B.RF1,13,B.LIN,0,HK,0,160,1994,7,0
B.RF1,15,B.LIN,0,HK,0,123,1994,7,0
B.RF1,16,B.LIN,0,HK,0,8,1994,7,0
B.RF1,17,B.LIN,0,HK,0,5,1994,7,0
B.RF1,19,B.LIN,0,HK,0,2,1994,7,0
B.RF1,21,B.LIN,0,HK,0,4,1994,7,0
B.RF1,22,B.LIN,0,HK,0,21,1994,7,0
B.RF1,0,B.LIN,0,HK,0,7,1994,8,0
B.RF1,3,B.LIN,3,HK,4,157,1994,8,0
B.RF1,4,B.LIN,2,HK,1,165,1994,8,0
B.RF1,5,B.LIN,0,HK,0,1,1994,8,0
B.RF1,6,B.LIN,0,HK,0,1,1994,8,1
B.RF1,7,B.LIN,0,HK,0,21,1994,8,0
B.RF1,9,B.LIN,0,HK,0,164,1994,8,0
B.RF1,11,B.LIN,0,HK,1,61,1994,8,4
B.RF1,12,B.LIN,1,HK,0,41,1994,8,0
B.RF1,13,B.LIN,1,HK,0,160,1994,8,0
B.RF1,15,B.LIN,0,HK,1,123,1994,8,0
B.RF1,16,B.LIN,0,HK,0,8,1994,8,0
B.RF1,17,B.LIN,0,HK,0,5,1994,8,0
B.RF1,19,B.LIN,0,HK,0,2,1994,8,0
B.RF1,21,B.LIN,0,HK,0,4,1994,8,0
B.RF1,22,B.LIN,0,HK,0,21,1994,8,0
B.RF1,0,B.LIN,0,HK,0,7,1994,9,0
B.RF1,1,B.LIN,0,HK,0,113,1994,9,0
B.RF1,3,B.LIN,6,HK,5,157,1994,9,0
B.RF1,4,B.LIN,3,HK,1,165,1994,9,0
B.RF1,5,B.LIN,0,HK,0,1,1994,9,0
B.RF1,6,B.LIN,0,HK,0,1,1994,9,1
B.RF1,7,B.LIN,0,HK,0,21,1994,9,0
B.RF1,9,B.LIN,0,HK,0,164,1994,9,0
B.RF1,11,B.LIN,2,HK,0,61,1994,9,3
B.RF1,12,B.LIN,0,HK,0,41,1994,9,1
B.RF1,13,B.LIN,0,HK,0,160,1994,9,0
B.RF1,15,B.LIN,0,HK,0,123,1994,9,0
B.RF1,16,B.LIN,0,HK,0,8,1994,9,0
B.RF1,17,B.LIN,0,HK,0,5,1994,9,0
B.RF1,18,B.LIN,0,HK,2,33,1994,9,2
B.RF1,19,B.LIN,0,HK,0,2,1994,9,0
B.RF1,21,B.LIN,0,HK,0,4,1994,9,0
B.RF1,22,B.LIN,1,HK,0,21,1994,9,0
B.RF1,0,B.LIN,0,HK,0,7,1994,10,0
B.RF1,1,B.LIN,0,HK,0,113,1994,10,0
B.RF1,3,B.LIN,4,HK,5,157,1994,10,0
B.RF1,4,B.LIN,5,HK,2,165,1994,10,0
B.RF1,5,B.LIN,0,HK,0,1,1994,10,0
B.RF1,6,B.LIN,0,HK,0,1,1994,10,1
B.RF1,7,B.LIN,0,HK,0,21,1994,10,0
B.RF1,9,B.LIN,0,HK,0,164,1994,10,0
B.RF1,10,B.LIN,4,HK,4,150,1994,10,3
B.RF1,11,B.LIN,2,HK,0,61,1994,10,0
B.RF1,12,B.LIN,0,HK,0,41,1994,10,1
B.RF1,13,B.LIN,0,HK,0,160,1994,10,1
B.RF1,14,B.LIN,1,HK,0,60,1994,10,0
B.RF1,15,B.LIN,0,HK,0,123,1994,10,0
B.RF1,16,B.LIN,0,HK,0,8,1994,10,1
B.RF1,17,B.LIN,0,HK,0,5,1994,10,0
B.RF1,18,B.LIN,0,HK,2,33,1994,10,2
B.RF1,19,B.LIN,0,HK,0,2,1994,10,1
B.RF1,21,B.LIN,0,HK,0,4,1994,10,0
B.RF1,22,B.LIN,1,HK,0,21,1994,10,0
B.RF1,0,B.LIN,0,HK,0,7,1994,11,0
B.RF1,1,B.LIN,0,HK,0,113,1994,11,0
B.RF1,2,B.LIN,1,HK,1,182,1994,11,0
B.RF1,3,B.LIN,5,HK,7,157,1994,11,0
B.RF1,4,B.LIN,5,HK,2,165,1994,11,0
B.RF1,5,B.LIN,0,HK,0,1,1994,11,0
B.RF1,6,B.LIN,0,HK,0,1,1994,11,0
B.RF1,7,B.LIN,0,HK,0,21,1994,11,0
B.RF1,8,B.LIN,0,HK,2,153,1994,11,0
B.RF1,9,B.LIN,0,HK,0,164,1994,11,0
B.RF1,10,B.LIN,4,HK,4,150,1994,11,3
B.RF1,11,B.LIN,2,HK,0,61,1994,11,1
B.RF1,12,B.LIN,0,HK,0,41,1994,11,1
B.RF1,13,B.LIN,1,HK,0,160,1994,11,2
B.RF1,14,B.LIN,1,HK,1,60,1994,11,0
B.RF1,15,B.LIN,0,HK,0,123,1994,11,0
B.RF1,16,B.LIN,0,HK,0,8,1994,11,0
B.RF1,17,B.LIN,0,HK,1,5,1994,11,0
B.RF1,18,B.LIN,0,HK,1,33,1994,11,1
B.RF1,19,B.LIN,0,HK,0,2,1994,11,2
B.RF1,20,B.LIN,3,HK,1,66,1994,11,6
B.RF1,21,B.LIN,0,HK,0,4,1994,11,0
B.RF1,22,B.LIN,1,HK,0,21,1994,11,0
B.RF1,9,B.LIN,0,HK,0,164,1995,1,0
B.RF1,13,B.LIN,0,HK,0,160,1995,1,0
B.RF1,9,B.LIN,0,HK,0,164,1995,2,0
B.RF1,13,B.LIN,0,HK,0,160,1995,2,0
B.RF1,14,B.LIN,0,HK,0,60,1995,2,0
B.RF1,16,B.LIN,0,HK,0,8,1995,2,0
B.RF1,5,B.LIN,0,HK,0,1,1995,3,0
B.RF1,9,B.LIN,0,HK,0,164,1995,3,0
B.RF1,13,B.LIN,0,HK,0,160,1995,3,0
B.RF1,14,B.LIN,0,HK,0,60,1995,3,0
B.RF1,15,B.LIN,1,HK,0,123,1995,3,0
B.RF1,16,B.LIN,0,HK,0,8,1995,3,0
B.RF1,1,B.LIN,0,HK,0,113,1995,4,0
B.RF1,5,B.LIN,0,HK,0,1,1995,4,0
B.RF1,9,B.LIN,0,HK,0,164,1995,4,0
B.RF1,12,B.LIN,0,HK,1,41,1995,4,0
B.RF1,13,B.LIN,0,HK,2,160,1995,4,0
B.RF1,14,B.LIN,0,HK,0,60,1995,4,0
B.RF1,15,B.LIN,0,HK,0,123,1995,4,0
B.RF1,16,B.LIN,0,HK,0,8,1995,4,0
B.RF1,1,B.LIN,0,HK,0,113,1995,5,0
B.RF1,5,B.LIN,0,HK,0,1,1995,5,0
B.RF1,8,B.LIN,0,HK,0,153,1995,5,0
B.RF1,9,B.LIN,0,HK,0,164,1995,5,0
B.RF1,12,B.LIN,1,HK,0,41,1995,5,0
B.RF1,13,B.LIN,0,HK,0,160,1995,5,0
B.RF1,14,B.LIN,0,HK,0,60,1995,5,0
B.RF1,15,B.LIN,0,HK,0,123,1995,5,0
B.RF1,16,B.LIN,0,HK,0,8,1995,5,0
B.RF1,22,B.LIN,0,HK,0,21,1995,5,0
B.RF1,1,B.LIN,0,HK,0,113,1995,6,0
B.RF1,5,B.LIN,0,HK,0,1,1995,6,0
B.RF1,8,B.LIN,0,HK,1,153,1995,6,0
B.RF1,9,B.LIN,0,HK,0,164,1995,6,0
B.RF1,12,B.LIN,1,HK,1,41,1995,6,0
B.RF1,13,B.LIN,0,HK,0,160,1995,6,0
B.RF1,14,B.LIN,0,HK,0,60,1995,6,0
B.RF1,15,B.LIN,0,HK,0,123,1995,6,0
B.RF1,16,B.LIN,0,HK,0,8,1995,6,0
B.RF1,17,B.LIN,1,HK,0,5,1995,6,0
B.RF1,19,B.LIN,0,HK,0,2,1995,6,0
B.RF1,22,B.LIN,0,HK,0,21,1995,6,0
B.RF1,1,B.LIN,0,HK,0,113,1995,7,0
B.RF1,5,B.LIN,0,HK,0,1,1995,7,0
B.RF1,6,B.LIN,0,HK,0,1,1995,7,0
B.RF1,8,B.LIN,0,HK,1,153,1995,7,0
B.RF1,9,B.LIN,0,HK,0,164,1995,7,0
B.RF1,12,B.LIN,1,HK,0,41,1995,7,0
B.RF1,13,B.LIN,0,HK,1,160,1995,7,1
B.RF1,14,B.LIN,0,HK,0,60,1995,7,0
B.RF1,15,B.LIN,0,HK,0,123,1995,7,0
B.RF1,16,B.LIN,0,HK,0,8,1995,7,0
B.RF1,17,B.LIN,0,HK,1,5,1995,7,0
B.RF1,18,B.LIN,1,HK,0,33,1995,7,0
B.RF1,19,B.LIN,0,HK,0,2,1995,7,0
B.RF1,22,B.LIN,0,HK,1,21,1995,7,0
B.RF1,0,B.LIN,1,HK,0,7,1995,8,0
B.RF1,1,B.LIN,0,HK,0,113,1995,8,0
B.RF1,5,B.LIN,0,HK,0,1,1995,8,0
B.RF1,6,B.LIN,0,HK,0,1,1995,8,0
B.RF1,8,B.LIN,0,HK,1,153,1995,8,0
B.RF1,9,B.LIN,0,HK,0,164,1995,8,0
B.RF1,12,B.LIN,1,HK,1,41,1995,8,0
B.RF1,13,B.LIN,0,HK,1,160,1995,8,0
B.RF1,14,B.LIN,0,HK,0,60,1995,8,0
B.RF1,15,B.LIN,0,HK,0,123,1995,8,0
B.RF1,16,B.LIN,1,HK,0,8,1995,8,1
B.RF1,17,B.LIN,0,HK,0,5,1995,8,1
B.RF1,18,B.LIN,1,HK,1,33,1995,8,1
B.RF1,19,B.LIN,0,HK,0,2,1995,8,0
B.RF1,20,B.LIN,2,HK,1,66,1995,8,0
B.RF1,22,B.LIN,0,HK,0,21,1995,8,0
B.RF1,0,B.LIN,0,HK,1,7,1995,9,0
B.RF1,1,B.LIN,0,HK,0,113,1995,9,0
B.RF1,3,B.LIN,0,HK,0,157,1995,9,0
B.RF1,5,B.LIN,0,HK,0,1,1995,9,0
B.RF1,6,B.LIN,0,HK,0,1,1995,9,0
B.RF1,8,B.LIN,0,HK,1,153,1995,9,0
B.RF1,9,B.LIN,0,HK,0,164,1995,9,0
B.RF1,11,B.LIN,1,HK,1,61,1995,9,2
B.RF1,12,B.LIN,1,HK,0,41,1995,9,1
B.RF1,13,B.LIN,1,HK,0,160,1995,9,1
B.RF1,14,B.LIN,0,HK,0,60,1995,9,0
B.RF1,15,B.LIN,0,HK,0,123,1995,9,0
B.RF1,16,B.LIN,0,HK,1,8,1995,9,1
B.RF1,17,B.LIN,0,HK,0,5,1995,9,0
B.RF1,18,B.LIN,1,HK,2,33,1995,9,1
B.RF1,19,B.LIN,0,HK,0,2,1995,9,0
B.RF1,20,B.LIN,3,HK,2,66,1995,9,0
B.RF1,22,B.LIN,0,HK,0,21,1995,9,0
B.RF1,0,B.LIN,0,HK,1,7,1995,10,0
B.RF1,1,B.LIN,0,HK,0,113,1995,10,0
B.RF1,2,B.LIN,0,HK,1,182,1995,10,0
B.RF1,3,B.LIN,0,HK,0,157,1995,10,0
B.RF1,5,B.LIN,0,HK,0,1,1995,10,0
B.RF1,6,B.LIN,0,HK,0,1,1995,10,0
B.RF1,8,B.LIN,0,HK,0,153,1995,10,0
B.RF1,9,B.LIN,0,HK,0,164,1995,10,0
B.RF1,11,B.LIN,1,HK,1,61,1995,10,2
B.RF1,12,B.LIN,0,HK,0,41,1995,10,1
B.RF1,13,B.LIN,0,HK,0,160,1995,10,0
B.RF1,14,B.LIN,1,HK,0,60,1995,10,0
B.RF1,15,B.LIN,0,HK,0,123,1995,10,0
B.RF1,16,B.LIN,1,HK,1,8,1995,10,1
B.RF1,17,B.LIN,0,HK,0,5,1995,10,0
B.RF1,18,B.LIN,1,HK,2,33,1995,10,5
B.RF1,19,B.LIN,0,HK,0,2,1995,10,1
B.RF1,20,B.LIN,1,HK,4,66,1995,10,3
B.RF1,21,B.LIN,0,HK,0,4,1995,10,0
B.RF1,22,B.LIN,0,HK,2,21,1995,10,1
B.RF1,0,B.LIN,0,HK,0,7,1995,11,0
B.RF1,1,B.LIN,0,HK,0,113,1995,11,0
B.RF1,2,B.LIN,1,HK,2,182,1995,11,1
B.RF1,3,B.LIN,4,HK,1,157,1995,11,1
B.RF1,4,B.LIN,3,HK,1,165,1995,11,0
B.RF1,5,B.LIN,0,HK,0,1,1995,11,0
B.RF1,6,B.LIN,0,HK,0,1,1995,11,0
B.RF1,7,B.LIN,0,HK,0,21,1995,11,0
B.RF1,8,B.LIN,0,HK,0,153,1995,11,0
B.RF1,9,B.LIN,0,HK,0,164,1995,11,0
B.RF1,10,B.LIN,4,HK,4,150,1995,11,2
B.RF1,11,B.LIN,6,HK,0,61,1995,11,3
B.RF1,12,B.LIN,1,HK,1,41,1995,11,2
B.RF1,13,B.LIN,0,HK,0,160,1995,11,0
B.RF1,14,B.LIN,0,HK,0,60,1995,11,0
B.RF1,15,B.LIN,0,HK,0,123,1995,11,0
B.RF1,16,B.LIN,1,HK,1,8,1995,11,0
B.RF1,17,B.LIN,0,HK,0,5,1995,11,0
B.RF1,18,B.LIN,1,HK,2,33,1995,11,5
B.RF1,19,B.LIN,0,HK,0,2,1995,11,1
B.RF1,20,B.LIN,4,HK,4,66,1995,11,2
B.RF1,21,B.LIN,0,HK,0,4,1995,11,0
B.RF1,22,B.LIN,0,HK,2,21,1995,11,1
G.RF1,0,F.RF1,0,HK,0,7,1993,1,0
G.RF1,4,F.RF1,0,HK,0,165,1993,1,0
G.RF1,0,F.RF1,0,HK,1,7,1993,2,0
G.RF1,4,F.RF1,0,HK,0,165,1993,2,0
G.RF1,8,F.RF1,0,HK,0,153,1993,2,0
G.RF1,12,F.RF1,1,HK,0,41,1993,2,0
G.RF1,0,F.RF1,0,HK,0,7,1993,3,1
G.RF1,2,F.RF1,0,HK,0,182,1993,3,0
G.RF1,4,F.RF1,0,HK,1,165,1993,3,0
G.RF1,8,F.RF1,0,HK,0,153,1993,3,0
G.RF1,11,F.RF1,3,HK,2,61,1993,3,0
G.RF1,12,F.RF1,2,HK,0,41,1993,3,1
G.RF1,0,F.RF1,0,HK,0,7,1993,4,1
G.RF1,2,F.RF1,0,HK,0,182,1993,4,0
G.RF1,3,F.RF1,1,HK,8,157,1993,4,1
G.RF1,4,F.RF1,4,HK,1,165,1993,4,2
G.RF1,8,F.RF1,2,HK,2,153,1993,4,0
G.RF1,11,F.RF1,5,HK,1,61,1993,4,0
G.RF1,12,F.RF1,2,HK,0,41,1993,4,1
G.RF1,17,F.RF1,0,HK,0,5,1993,4,0
G.RF1,0,F.RF1,0,HK,0,7,1993,5,2
G.RF1,2,F.RF1,0,HK,0,182,1993,5,0
G.RF1,3,F.RF1,2,HK,8,157,1993,5,1
G.RF1,4,F.RF1,4,HK,1,165,1993,5,3
G.RF1,8,F.RF1,1,HK,0,153,1993,5,0
G.RF1,11,F.RF1,2,HK,5,61,1993,5,4
G.RF1,12,F.RF1,1,HK,2,41,1993,5,1
G.RF1,16,F.RF1,0,HK,0,8,1993,5,0
G.RF1,17,F.RF1,1,HK,0,5,1993,5,0
G.RF1,21,F.RF1,0,HK,0,4,1993,5,0
G.RF1,0,F.RF1,0,HK,0,7,1993,6,1
G.RF1,2,F.RF1,0,HK,0,182,1993,6,0
G.RF1,3,F.RF1,4,HK,6,157,1993,6,0
G.RF1,4,F.RF1,5,HK,3,165,1993,6,1
G.RF1,8,F.RF1,1,HK,0,153,1993,6,0
G.RF1,11,F.RF1,2,HK,5,61,1993,6,4
G.RF1,12,F.RF1,1,HK,1,41,1993,6,2
G.RF1,13,F.RF1,2,HK,0,160,1993,6,0
G.RF1,16,F.RF1,0,HK,0,8,1993,6,0
G.RF1,17,F.RF1,1,HK,0,5,1993,6,0
G.RF1,21,F.RF1,0,HK,0,4,1993,6,0
G.RF1,22,F.RF1,0,HK,1,21,1993,6,0
G.RF1,0,F.RF1,0,HK,0,7,1993,7,1
G.RF1,2,F.RF1,0,HK,0,182,1993,7,0
G.RF1,3,F.RF1,3,HK,6,157,1993,7,1
G.RF1,4,F.RF1,4,HK,3,165,1993,7,0
G.RF1,8,F.RF1,2,HK,0,153,1993,7,0
G.RF1,11,F.RF1,2,HK,5,61,1993,7,4
G.RF1,12,F.RF1,1,HK,2,41,1993,7,2
G.RF1,13,F.RF1,2,HK,1,160,1993,7,0
G.RF1,14,F.RF1,0,HK,0,60,1993,7,0
G.RF1,16,F.RF1,0,HK,0,8,1993,7,0
G.RF1,17,F.RF1,0,HK,0,5,1993,7,0
G.RF1,18,F.RF1,1,HK,3,33,1993,7,3
G.RF1,21,F.RF1,0,HK,0,4,1993,7,0
G.RF1,22,F.RF1,0,HK,1,21,1993,7,0
G.RF1,0,F.RF1,0,HK,0,7,1993,8,1
G.RF1,2,F.RF1,0,HK,0,182,1993,8,0
G.RF1,3,F.RF1,2,HK,9,157,1993,8,1
G.RF1,4,F.RF1,4,HK,2,165,1993,8,2
G.RF1,8,F.RF1,2,HK,1,153,1993,8,0
G.RF1,9,F.RF1,1,HK,0,164,1993,8,0
G.RF1,11,F.RF1,4,HK,3,61,1993,8,5
G.RF1,12,F.RF1,0,HK,3,41,1993,8,1
G.RF1,13,F.RF1,2,HK,0,160,1993,8,0
G.RF1,14,F.RF1,0,HK,0,60,1993,8,0
G.RF1,16,F.RF1,0,HK,0,8,1993,8,0
G.RF1,17,F.RF1,0,HK,0,5,1993,8,1
G.RF1,18,F.RF1,2,HK,4,33,1993,8,4
G.RF1,19,F.RF1,0,HK,0,2,1993,8,1
G.RF1,21,F.RF1,0,HK,0,4,1993,8,1
G.RF1,22,F.RF1,0,HK,0,21,1993,8,0
G.RF1,0,F.RF1,0,HK,0,7,1993,9,1
G.RF1,2,F.RF1,0,HK,0,182,1993,9,0
G.RF1,3,F.RF1,3,HK,7,157,1993,9,1
G.RF1,4,F.RF1,3,HK,2,165,1993,9,1
G.RF1,6,F.RF1,0,HK,0,1,1993,9,1
G.RF1,8,F.RF1,2,HK,0,153,1993,9,0
G.RF1,9,F.RF1,1,HK,0,164,1993,9,0
G.RF1,11,F.RF1,4,HK,3,61,1993,9,5
G.RF1,12,F.RF1,0,HK,2,41,1993,9,1
G.RF1,13,F.RF1,2,HK,0,160,1993,9,1
G.RF1,14,F.RF1,0,HK,0,60,1993,9,0
G.RF1,15,F.RF1,0,HK,0,123,1993,9,0
G.RF1,16,F.RF1,0,HK,0,8,1993,9,0
G.RF1,17,F.RF1,1,HK,0,5,1993,9,0
G.RF1,18,F.RF1,2,HK,3,33,1993,9,6
G.RF1,19,F.RF1,0,HK,0,2,1993,9,1
G.RF1,21,F.RF1,0,HK,0,4,1993,9,1
G.RF1,22,F.RF1,0,HK,0,21,1993,9,1
G.RF1,0,F.RF1,0,HK,0,7,1993,10,1
G.RF1,2,F.RF1,0,HK,0,182,1993,10,0
G.RF1,3,F.RF1,4,HK,8,157,1993,10,0
G.RF1,4,F.RF1,4,HK,1,165,1993,10,1
G.RF1,5,F.RF1,0,HK,0,1,1993,10,0
G.RF1,6,F.RF1,0,HK,0,1,1993,10,0
G.RF1,8,F.RF1,1,HK,1,153,1993,10,0
G.RF1,9,F.RF1,0,HK,0,164,1993,10,0
G.RF1,11,F.RF1,5,HK,3,61,1993,10,5
G.RF1,12,F.RF1,0,HK,3,41,1993,10,1
G.RF1,13,F.RF1,2,HK,0,160,1993,10,0
G.RF1,14,F.RF1,0,HK,1,60,1993,10,0
G.RF1,15,F.RF1,0,HK,0,123,1993,10,0
G.RF1,16,F.RF1,1,HK,0,8,1993,10,0
G.RF1,17,F.RF1,1,HK,0,5,1993,10,0
G.RF1,18,F.RF1,1,HK,4,33,1993,10,8
G.RF1,19,F.RF1,0,HK,0,2,1993,10,1
G.RF1,20,F.RF1,7,HK,3,66,1993,10,13
G.RF1,21,F.RF1,0,HK,0,4,1993,10,1
G.RF1,22,F.RF1,1,HK,1,21,1993,10,1
G.RF1,0,F.RF1,0,HK,0,7,1993,11,1
G.RF1,1,F.RF1,0,HK,5,113,1993,11,0
G.RF1,2,F.RF1,1,HK,2,182,1993,11,0
G.RF1,3,F.RF1,4,HK,8,157,1993,11,0
G.RF1,4,F.RF1,5,HK,1,165,1993,11,2
G.RF1,5,F.RF1,0,HK,0,1,1993,11,0
G.RF1,6,F.RF1,0,HK,0,1,1993,11,0
G.RF1,7,F.RF1,0,HK,0,21,1993,11,0
G.RF1,8,F.RF1,1,HK,0,153,1993,11,0
G.RF1,9,F.RF1,1,HK,0,164,1993,11,0
G.RF1,10,F.RF1,1,HK,8,150,1993,11,8
G.RF1,11,F.RF1,4,HK,2,61,1993,11,5
G.RF1,12,F.RF1,0,HK,3,41,1993,11,2
G.RF1,13,F.RF1,2,HK,0,160,1993,11,1
G.RF1,14,F.RF1,1,HK,3,60,1993,11,0
G.RF1,15,F.RF1,0,HK,0,123,1993,11,0
G.RF1,16,F.RF1,0,HK,1,8,1993,11,0
G.RF1,17,F.RF1,1,HK,0,5,1993,11,0
G.RF1,18,F.RF1,1,HK,4,33,1993,11,7
G.RF1,19,F.RF1,0,HK,0,2,1993,11,1
G.RF1,20,F.RF1,6,HK,2,66,1993,11,15
G.RF1,21,F.RF1,0,HK,1,4,1993,11,1
G.RF1,22,F.RF1,1,HK,1,21,1993,11,2
G.RF1,16,F.RF1,0,HK,0,8,1994,1,0
G.RF1,22,F.RF1,0,HK,0,21,1994,1,0
G.RF1,12,F.RF1,0,HK,0,41,1994,2,0
G.RF1,13,F.RF1,2,HK,2,160,1994,2,0
G.RF1,16,F.RF1,0,HK,0,8,1994,2,0
G.RF1,22,F.RF1,0,HK,0,21,1994,2,0
G.RF1,4,F.RF1,0,HK,0,165,1994,3,0
G.RF1,12,F.RF1,0,HK,1,41,1994,3,0
G.RF1,13,F.RF1,0,HK,0,160,1994,3,1
G.RF1,16,F.RF1,0,HK,0,8,1994,3,0
G.RF1,21,F.RF1,0,HK,0,4,1994,3,0
G.RF1,22,F.RF1,1,HK,1,21,1994,3,0
G.RF1,4,F.RF1,0,HK,0,165,1994,4,0
G.RF1,12,F.RF1,0,HK,2,41,1994,4,0
G.RF1,13,F.RF1,3,HK,0,160,1994,4,1
G.RF1,16,F.RF1,0,HK,0,8,1994,4,0
G.RF1,17,F.RF1,1,HK,0,5,1994,4,0
G.RF1,19,F.RF1,0,HK,0,2,1994,4,1
G.RF1,21,F.RF1,0,HK,0,4,1994,4,1
G.RF1,22,F.RF1,0,HK,3,21,1994,4,0
G.RF1,4,F.RF1,0,HK,0,165,1994,5,0
G.RF1,6,F.RF1,0,HK,0,1,1994,5,1
G.RF1,11,F.RF1,4,HK,4,61,1994,5,0
G.RF1,12,F.RF1,0,HK,1,41,1994,5,1
G.RF1,13,F.RF1,2,HK,0,160,1994,5,1
G.RF1,16,F.RF1,1,HK,0,8,1994,5,0
G.RF1,17,F.RF1,1,HK,0,5,1994,5,0
G.RF1,19,F.RF1,0,HK,0,2,1994,5,1
G.RF1,21,F.RF1,0,HK,0,4,1994,5,1
G.RF1,22,F.RF1,1,HK,1,21,1994,5,1
G.RF1,3,F.RF1,3,HK,9,157,1994,6,1
G.RF1,4,F.RF1,3,HK,2,165,1994,6,0
G.RF1,6,F.RF1,0,HK,0,1,1994,6,1
G.RF1,11,F.RF1,3,HK,3,61,1994,6,1
G.RF1,12,F.RF1,0,HK,2,41,1994,6,1
G.RF1,13,F.RF1,2,HK,0,160,1994,6,1
G.RF1,15,F.RF1,0,HK,0,123,1994,6,0
G.RF1,16,F.RF1,1,HK,0,8,1994,6,0
G.RF1,17,F.RF1,0,HK,0,5,1994,6,0
G.RF1,19,F.RF1,0,HK,0,2,1994,6,1
G.RF1,21,F.RF1,0,HK,0,4,1994,6,1
G.RF1,22,F.RF1,0,HK,1,21,1994,6,1
G.RF1,0,F.RF1,0,HK,1,7,1994,7,1
G.RF1,3,F.RF1,4,HK,7,157,1994,7,1
G.RF1,4,F.RF1,3,HK,2,165,1994,7,0
G.RF1,6,F.RF1,0,HK,0,1,1994,7,1
G.RF1,9,F.RF1,0,HK,0,164,1994,7,0
G.RF1,11,F.RF1,5,HK,2,61,1994,7,4
G.RF1,12,F.RF1,1,HK,3,41,1994,7,1
G.RF1,13,F.RF1,1,HK,0,160,1994,7,1
G.RF1,15,F.RF1,0,HK,0,123,1994,7,0
G.RF1,16,F.RF1,0,HK,0,8,1994,7,0
G.RF1,17,F.RF1,1,HK,0,5,1994,7,0
G.RF1,19,F.RF1,0,HK,0,2,1994,7,1
G.RF1,21,F.RF1,0,HK,0,4,1994,7,1
G.RF1,22,F.RF1,0,HK,1,21,1994,7,1
G.RF1,0,F.RF1,0,HK,1,7,1994,8,1
G.RF1,3,F.RF1,4,HK,9,157,1994,8,0
G.RF1,4,F.RF1,4,HK,4,165,1994,8,0
G.RF1,5,F.RF1,0,HK,0,1,1994,8,0
G.RF1,6,F.RF1,0,HK,0,1,1994,8,1
G.RF1,7,F.RF1,0,HK,0,21,1994,8,0
G.RF1,9,F.RF1,1,HK,0,164,1994,8,0
G.RF1,11,F.RF1,5,HK,2,61,1994,8,4
G.RF1,12,F.RF1,0,HK,3,41,1994,8,1
G.RF1,13,F.RF1,1,HK,0,160,1994,8,0
G.RF1,15,F.RF1,0,HK,0,123,1994,8,0
G.RF1,16,F.RF1,0,HK,0,8,1994,8,0
G.RF1,17,F.RF1,1,HK,0,5,1994,8,0
G.RF1,19,F.RF1,0,HK,0,2,1994,8,0
G.RF1,21,F.RF1,0,HK,0,4,1994,8,1
G.RF1,22,F.RF1,0,HK,0,21,1994,8,1
G.RF1,0,F.RF1,0,HK,1,7,1994,9,1
G.RF1,1,F.RF1,1,HK,0,113,1994,9,0
G.RF1,3,F.RF1,3,HK,5,157,1994,9,0
G.RF1,4,F.RF1,4,HK,4,165,1994,9,0
G.RF1,5,F.RF1,0,HK,0,1,1994,9,0
G.RF1,6,F.RF1,0,HK,0,1,1994,9,1
G.RF1,7,F.RF1,0,HK,0,21,1994,9,0
G.RF1,9,F.RF1,0,HK,0,164,1994,9,0
G.RF1,11,F.RF1,5,HK,2,61,1994,9,3
G.RF1,12,F.RF1,0,HK,3,41,1994,9,1
G.RF1,13,F.RF1,1,HK,0,160,1994,9,1
G.RF1,15,F.RF1,0,HK,0,123,1994,9,0
G.RF1,16,F.RF1,0,HK,0,8,1994,9,0
G.RF1,17,F.RF1,0,HK,0,5,1994,9,0
G.RF1,18,F.RF1,2,HK,2,33,1994,9,2
G.RF1,19,F.RF1,0,HK,0,2,1994,9,1
G.RF1,21,F.RF1,0,HK,0,4,1994,9,1
G.RF1,22,F.RF1,2,HK,0,21,1994,9,1
G.RF1,0,F.RF1,0,HK,1,7,1994,10,1
G.RF1,1,F.RF1,1,HK,0,113,1994,10,0
G.RF1,3,F.RF1,3,HK,5,157,1994,10,0
G.RF1,4,F.RF1,3,HK,3,165,1994,10,0
G.RF1,5,F.RF1,0,HK,0,1,1994,10,0
G.RF1,6,F.RF1,0,HK,0,1,1994,10,1
G.RF1,7,F.RF1,0,HK,0,21,1994,10,0
G.RF1,9,F.RF1,0,HK,0,164,1994,10,0
G.RF1,10,F.RF1,3,HK,3,150,1994,10,7
G.RF1,11,F.RF1,5,HK,3,61,1994,10,4
G.RF1,12,F.RF1,0,HK,1,41,1994,10,1
G.RF1,13,F.RF1,1,HK,0,160,1994,10,2
G.RF1,14,F.RF1,1,HK,1,60,1994,10,0
G.RF1,15,F.RF1,0,HK,0,123,1994,10,0
G.RF1,16,F.RF1,0,HK,1,8,1994,10,0
G.RF1,17,F.RF1,0,HK,0,5,1994,10,0
G.RF1,18,F.RF1,2,HK,2,33,1994,10,3
G.RF1,19,F.RF1,0,HK,0,2,1994,10,1
G.RF1,21,F.RF1,0,HK,0,4,1994,10,1
G.RF1,22,F.RF1,1,HK,0,21,1994,10,1
G.RF1,0,F.RF1,0,HK,1,7,1994,11,1
G.RF1,1,F.RF1,0,HK,3,113,1994,11,0
G.RF1,2,F.RF1,3,HK,4,182,1994,11,0
G.RF1,3,F.RF1,2,HK,7,157,1994,11,0
G.RF1,4,F.RF1,3,HK,2,165,1994,11,1
G.RF1,5,F.RF1,0,HK,0,1,1994,11,0
G.RF1,6,F.RF1,0,HK,0,1,1994,11,0
G.RF1,7,F.RF1,0,HK,0,21,1994,11,0
G.RF1,8,F.RF1,2,HK,0,153,1994,11,0
G.RF1,9,F.RF1,0,HK,0,164,1994,11,0
G.RF1,10,F.RF1,3,HK,6,150,1994,11,8
G.RF1,11,F.RF1,4,HK,2,61,1994,11,4
G.RF1,12,F.RF1,0,HK,1,41,1994,11,1
G.RF1,13,F.RF1,1,HK,0,160,1994,11,0
G.RF1,14,F.RF1,1,HK,1,60,1994,11,0
G.RF1,15,F.RF1,0,HK,0,123,1994,11,0
G.RF1,16,F.RF1,0,HK,1,8,1994,11,0
G.RF1,17,F.RF1,1,HK,0,5,1994,11,0
G.RF1,18,F.RF1,0,HK,5,33,1994,11,3
G.RF1,19,F.RF1,0,HK,0,2,1994,11,0
G.RF1,20,F.RF1,8,HK,5,66,1994,11,12
G.RF1,21,F.RF1,0,HK,1,4,1994,11,1
G.RF1,22,F.RF1,2,HK,0,21,1994,11,2
G.RF1,9,F.RF1,0,HK,0,164,1995,1,0
G.RF1,13,F.RF1,0,HK,0,160,1995,1,0
G.RF1,9,F.RF1,0,HK,0,164,1995,2,0
G.RF1,13,F.RF1,0,HK,0,160,1995,2,0
G.RF1,14,F.RF1,0,HK,0,60,1995,2,0
G.RF1,16,F.RF1,0,HK,0,8,1995,2,0
G.RF1,5,F.RF1,0,HK,0,1,1995,3,0
G.RF1,9,F.RF1,0,HK,0,164,1995,3,0
G.RF1,13,F.RF1,1,HK,0,160,1995,3,0
G.RF1,14,F.RF1,0,HK,0,60,1995,3,0
G.RF1,15,F.RF1,0,HK,0,123,1995,3,0
G.RF1,16,F.RF1,0,HK,0,8,1995,3,0
G.RF1,1,F.RF1,0,HK,0,113,1995,4,0
G.RF1,5,F.RF1,0,HK,0,1,1995,4,0
G.RF1,9,F.RF1,0,HK,0,164,1995,4,0
G.RF1,12,F.RF1,1,HK,1,41,1995,4,0
G.RF1,13,F.RF1,1,HK,0,160,1995,4,0
G.RF1,14,F.RF1,0,HK,0,60,1995,4,0
G.RF1,15,F.RF1,0,HK,0,123,1995,4,0
G.RF1,16,F.RF1,0,HK,0,8,1995,4,0
G.RF1,1,F.RF1,0,HK,0,113,1995,5,0
G.RF1,5,F.RF1,0,HK,0,1,1995,5,0
G.RF1,8,F.RF1,0,HK,0,153,1995,5,0
G.RF1,9,F.RF1,0,HK,0,164,1995,5,0
G.RF1,12,F.RF1,1,HK,1,41,1995,5,0
G.RF1,13,F.RF1,1,HK,1,160,1995,5,1
G.RF1,14,F.RF1,0,HK,1,60,1995,5,0
G.RF1,15,F.RF1,0,HK,0,123,1995,5,0
G.RF1,16,F.RF1,0,HK,0,8,1995,5,0
G.RF1,22,F.RF1,0,HK,0,21,1995,5,0
G.RF1,1,F.RF1,0,HK,0,113,1995,6,0
G.RF1,5,F.RF1,0,HK,0,1,1995,6,0
G.RF1,8,F.RF1,0,HK,1,153,1995,6,0
G.RF1,9,F.RF1,0,HK,0,164,1995,6,0
G.RF1,12,F.RF1,0,HK,1,41,1995,6,0
G.RF1,13,F.RF1,1,HK,0,160,1995,6,1
G.RF1,14,F.RF1,1,HK,0,60,1995,6,0
G.RF1,15,F.RF1,0,HK,0,123,1995,6,0
G.RF1,16,F.RF1,0,HK,0,8,1995,6,0
G.RF1,17,F.RF1,1,HK,0,5,1995,6,0
G.RF1,19,F.RF1,0,HK,0,2,1995,6,1
G.RF1,22,F.RF1,0,HK,0,21,1995,6,0
G.RF1,1,F.RF1,0,HK,0,113,1995,7,0
G.RF1,5,F.RF1,0,HK,0,1,1995,7,0
G.RF1,6,F.RF1,0,HK,0,1,1995,7,1
G.RF1,8,F.RF1,0,HK,0,153,1995,7,0
G.RF1,9,F.RF1,0,HK,0,164,1995,7,0
G.RF1,12,F.RF1,0,HK,1,41,1995,7,0
G.RF1,13,F.RF1,1,HK,0,160,1995,7,0
G.RF1,14,F.RF1,0,HK,0,60,1995,7,0
G.RF1,15,F.RF1,0,HK,0,123,1995,7,0
G.RF1,16,F.RF1,0,HK,0,8,1995,7,0
G.RF1,17,F.RF1,1,HK,0,5,1995,7,1
G.RF1,18,F.RF1,3,HK,1,33,1995,7,2
G.RF1,19,F.RF1,0,HK,0,2,1995,7,0
G.RF1,22,F.RF1,0,HK,1,21,1995,7,0
G.RF1,0,F.RF1,0,HK,3,7,1995,8,1
G.RF1,1,F.RF1,0,HK,0,113,1995,8,0
G.RF1,5,F.RF1,0,HK,0,1,1995,8,0
G.RF1,6,F.RF1,0,HK,0,1,1995,8,0
G.RF1,8,F.RF1,0,HK,0,153,1995,8,0
G.RF1,9,F.RF1,0,HK,0,164,1995,8,0
G.RF1,12,F.RF1,0,HK,2,41,1995,8,2
G.RF1,13,F.RF1,1,HK,0,160,1995,8,1
G.RF1,14,F.RF1,0,HK,0,60,1995,8,0
G.RF1,15,F.RF1,0,HK,0,123,1995,8,0
G.RF1,16,F.RF1,0,HK,0,8,1995,8,0
G.RF1,17,F.RF1,0,HK,0,5,1995,8,1
G.RF1,18,F.RF1,3,HK,2,33,1995,8,4
G.RF1,19,F.RF1,0,HK,0,2,1995,8,1
G.RF1,20,F.RF1,4,HK,7,66,1995,8,0
G.RF1,22,F.RF1,0,HK,2,21,1995,8,0
G.RF1,0,F.RF1,0,HK,2,7,1995,9,1
G.RF1,1,F.RF1,0,HK,0,113,1995,9,0
G.RF1,3,F.RF1,0,HK,0,157,1995,9,0
G.RF1,5,F.RF1,0,HK,0,1,1995,9,0
G.RF1,6,F.RF1,0,HK,0,1,1995,9,0
G.RF1,8,F.RF1,0,HK,0,153,1995,9,0
G.RF1,9,F.RF1,0,HK,0,164,1995,9,0
G.RF1,11,F.RF1,2,HK,4,61,1995,9,5
G.RF1,12,F.RF1,1,HK,1,41,1995,9,2
G.RF1,13,F.RF1,0,HK,0,160,1995,9,2
G.RF1,14,F.RF1,0,HK,0,60,1995,9,0
G.RF1,15,F.RF1,0,HK,0,123,1995,9,0
G.RF1,16,F.RF1,1,HK,0,8,1995,9,0
G.RF1,17,F.RF1,0,HK,0,5,1995,9,1
G.RF1,18,F.RF1,4,HK,2,33,1995,9,4
G.RF1,19,F.RF1,0,HK,0,2,1995,9,1
G.RF1,20,F.RF1,4,HK,3,66,1995,9,0
G.RF1,22,F.RF1,0,HK,0,21,1995,9,0
G.RF1,0,F.RF1,0,HK,2,7,1995,10,1
G.RF1,1,F.RF1,0,HK,0,113,1995,10,0
G.RF1,2,F.RF1,0,HK,0,182,1995,10,0
G.RF1,3,F.RF1,0,HK,0,157,1995,10,0
G.RF1,5,F.RF1,0,HK,0,1,1995,10,0
G.RF1,6,F.RF1,0,HK,0,1,1995,10,0
G.RF1,8,F.RF1,0,HK,0,153,1995,10,0
G.RF1,9,F.RF1,0,HK,0,164,1995,10,0
G.RF1,11,F.RF1,3,HK,4,61,1995,10,5
G.RF1,12,F.RF1,0,HK,1,41,1995,10,3
G.RF1,13,F.RF1,0,HK,0,160,1995,10,2
G.RF1,14,F.RF1,0,HK,0,60,1995,10,0
G.RF1,15,F.RF1,0,HK,0,123,1995,10,0
G.RF1,16,F.RF1,0,HK,0,8,1995,10,0
G.RF1,17,F.RF1,0,HK,0,5,1995,10,1
G.RF1,18,F.RF1,4,HK,2,33,1995,10,5
G.RF1,19,F.RF1,0,HK,0,2,1995,10,0
G.RF1,20,F.RF1,5,HK,6,66,1995,10,0
G.RF1,21,F.RF1,0,HK,0,4,1995,10,1
G.RF1,22,F.RF1,1,HK,0,21,1995,10,1
G.RF1,0,F.RF1,0,HK,2,7,1995,11,0
G.RF1,1,F.RF1,1,HK,0,113,1995,11,0
G.RF1,2,F.RF1,3,HK,2,182,1995,11,0
G.RF1,3,F.RF1,3,HK,7,157,1995,11,0
G.RF1,4,F.RF1,3,HK,3,165,1995,11,0
G.RF1,5,F.RF1,0,HK,0,1,1995,11,0
G.RF1,6,F.RF1,0,HK,0,1,1995,11,0
G.RF1,7,F.RF1,0,HK,0,21,1995,11,0
G.RF1,8,F.RF1,0,HK,0,153,1995,11,0
G.RF1,9,F.RF1,0,HK,0,164,1995,11,0
G.RF1,10,F.RF1,4,HK,1,150,1995,11,7
G.RF1,11,F.RF1,4,HK,2,61,1995,11,8
G.RF1,12,F.RF1,0,HK,0,41,1995,11,1
G.RF1,13,F.RF1,0,HK,0,160,1995,11,2
G.RF1,14,F.RF1,0,HK,0,60,1995,11,0
G.RF1,15,F.RF1,0,HK,0,123,1995,11,0
G.RF1,16,F.RF1,0,HK,0,8,1995,11,0
G.RF1,17,F.RF1,0,HK,0,5,1995,11,0
G.RF1,18,F.RF1,2,HK,2,33,1995,11,6
G.RF1,19,F.RF1,0,HK,0,2,1995,11,0
G.RF1,20,F.RF1,7,HK,5,66,1995,11,2
G.RF1,21,F.RF1,0,HK,0,4,1995,11,1
G.RF1,22,F.RF1,1,HK,0,21,1995,11,1
B.RF1,0,F.RF1,0,HK,0,7,1993,1,0
B.RF1,4,F.RF1,0,HK,0,165,1993,1,0
B.RF1,0,F.RF1,0,HK,1,7,1993,2,0
B.RF1,4,F.RF1,0,HK,0,165,1993,2,0
B.RF1,8,F.RF1,0,HK,0,153,1993,2,0
B.RF1,12,F.RF1,1,HK,0,41,1993,2,0
B.RF1,0,F.RF1,0,HK,0,7,1993,3,1
B.RF1,2,F.RF1,0,HK,0,182,1993,3,0
B.RF1,4,F.RF1,0,HK,0,165,1993,3,0
B.RF1,8,F.RF1,0,HK,0,153,1993,3,0
B.RF1,11,F.RF1,4,HK,0,61,1993,3,2
B.RF1,12,F.RF1,1,HK,0,41,1993,3,1
B.RF1,0,F.RF1,0,HK,0,7,1993,4,1
B.RF1,2,F.RF1,0,HK,0,182,1993,4,0
B.RF1,3,F.RF1,6,HK,5,157,1993,4,0
B.RF1,4,F.RF1,7,HK,4,165,1993,4,0
B.RF1,8,F.RF1,2,HK,2,153,1993,4,0
B.RF1,11,F.RF1,5,HK,1,61,1993,4,2
B.RF1,12,F.RF1,3,HK,0,41,1993,4,1
B.RF1,17,F.RF1,0,HK,0,5,1993,4,0
B.RF1,0,F.RF1,0,HK,1,7,1993,5,1
B.RF1,2,F.RF1,0,HK,0,182,1993,5,0
B.RF1,3,F.RF1,6,HK,5,157,1993,5,0
B.RF1,4,F.RF1,6,HK,3,165,1993,5,0
B.RF1,8,F.RF1,2,HK,1,153,1993,5,0
B.RF1,11,F.RF1,1,HK,3,61,1993,5,6
B.RF1,12,F.RF1,2,HK,0,41,1993,5,0
B.RF1,16,F.RF1,0,HK,1,8,1993,5,0
B.RF1,17,F.RF1,1,HK,0,5,1993,5,0
B.RF1,21,F.RF1,0,HK,0,4,1993,5,0
B.RF1,0,F.RF1,0,HK,1,7,1993,6,1
B.RF1,2,F.RF1,0,HK,0,182,1993,6,0
B.RF1,3,F.RF1,9,HK,4,157,1993,6,0
B.RF1,4,F.RF1,6,HK,3,165,1993,6,0
B.RF1,8,F.RF1,2,HK,1,153,1993,6,0
B.RF1,11,F.RF1,1,HK,3,61,1993,6,5
B.RF1,12,F.RF1,3,HK,0,41,1993,6,0
B.RF1,13,F.RF1,2,HK,0,160,1993,6,1
B.RF1,16,F.RF1,0,HK,1,8,1993,6,0
B.RF1,17,F.RF1,1,HK,0,5,1993,6,0
B.RF1,21,F.RF1,0,HK,0,4,1993,6,0
B.RF1,22,F.RF1,1,HK,2,21,1993,6,0
B.RF1,0,F.RF1,0,HK,1,7,1993,7,1
B.RF1,2,F.RF1,0,HK,0,182,1993,7,0
B.RF1,3,F.RF1,8,HK,3,157,1993,7,0
B.RF1,4,F.RF1,6,HK,3,165,1993,7,0
B.RF1,8,F.RF1,2,HK,2,153,1993,7,0
B.RF1,11,F.RF1,1,HK,3,61,1993,7,5
B.RF1,12,F.RF1,2,HK,0,41,1993,7,0
B.RF1,13,F.RF1,2,HK,0,160,1993,7,1
B.RF1,14,F.RF1,0,HK,0,60,1993,7,0
B.RF1,16,F.RF1,0,HK,1,8,1993,7,0
B.RF1,17,F.RF1,0,HK,0,5,1993,7,0
B.RF1,18,F.RF1,1,HK,0,33,1993,7,4
B.RF1,21,F.RF1,0,HK,0,4,1993,7,0
B.RF1,22,F.RF1,1,HK,2,21,1993,7,0
B.RF1,0,F.RF1,0,HK,1,7,1993,8,1
B.RF1,2,F.RF1,0,HK,0,182,1993,8,0
B.RF1,3,F.RF1,9,HK,3,157,1993,8,0
B.RF1,4,F.RF1,6,HK,2,165,1993,8,0
B.RF1,8,F.RF1,3,HK,2,153,1993,8,0
B.RF1,9,F.RF1,1,HK,0,164,1993,8,0
B.RF1,11,F.RF1,4,HK,3,61,1993,8,6
B.RF1,12,F.RF1,1,HK,1,41,1993,8,0
B.RF1,13,F.RF1,2,HK,0,160,1993,8,1
B.RF1,14,F.RF1,0,HK,0,60,1993,8,0
B.RF1,16,F.RF1,0,HK,1,8,1993,8,0
B.RF1,17,F.RF1,0,HK,0,5,1993,8,0
B.RF1,18,F.RF1,3,HK,1,33,1993,8,5
B.RF1,19,F.RF1,0,HK,0,2,1993,8,1
B.RF1,21,F.RF1,0,HK,0,4,1993,8,0
B.RF1,22,F.RF1,1,HK,2,21,1993,8,0
B.RF1,0,F.RF1,0,HK,1,7,1993,9,1
B.RF1,2,F.RF1,0,HK,0,182,1993,9,0
B.RF1,3,F.RF1,11,HK,4,157,1993,9,0
B.RF1,4,F.RF1,6,HK,3,165,1993,9,0
B.RF1,6,F.RF1,0,HK,0,1,1993,9,0
B.RF1,8,F.RF1,2,HK,1,153,1993,9,0
B.RF1,9,F.RF1,2,HK,0,164,1993,9,0
B.RF1,11,F.RF1,5,HK,3,61,1993,9,5
B.RF1,12,F.RF1,2,HK,1,41,1993,9,0
B.RF1,13,F.RF1,3,HK,0,160,1993,9,1
B.RF1,14,F.RF1,0,HK,0,60,1993,9,0
B.RF1,15,F.RF1,0,HK,0,123,1993,9,0
B.RF1,16,F.RF1,0,HK,1,8,1993,9,0
B.RF1,17,F.RF1,1,HK,0,5,1993,9,0
B.RF1,18,F.RF1,3,HK,1,33,1993,9,6
B.RF1,19,F.RF1,0,HK,0,2,1993,9,1
B.RF1,21,F.RF1,0,HK,0,4,1993,9,0
B.RF1,22,F.RF1,0,HK,1,21,1993,9,0
B.RF1,0,F.RF1,0,HK,1,7,1993,10,1
B.RF1,2,F.RF1,0,HK,0,182,1993,10,0
B.RF1,3,F.RF1,10,HK,5,157,1993,10,0
B.RF1,4,F.RF1,5,HK,3,165,1993,10,0
B.RF1,5,F.RF1,0,HK,0,1,1993,10,0
B.RF1,6,F.RF1,0,HK,0,1,1993,10,0
B.RF1,8,F.RF1,2,HK,2,153,1993,10,0
B.RF1,9,F.RF1,1,HK,0,164,1993,10,0
B.RF1,11,F.RF1,5,HK,3,61,1993,10,5
B.RF1,12,F.RF1,1,HK,1,41,1993,10,0
B.RF1,13,F.RF1,4,HK,0,160,1993,10,1
B.RF1,14,F.RF1,1,HK,0,60,1993,10,0
B.RF1,15,F.RF1,0,HK,0,123,1993,10,0
B.RF1,16,F.RF1,0,HK,1,8,1993,10,0
B.RF1,17,F.RF1,1,HK,0,5,1993,10,0
B.RF1,18,F.RF1,1,HK,0,33,1993,10,5
B.RF1,19,F.RF1,0,HK,0,2,1993,10,1
B.RF1,20,F.RF1,9,HK,5,66,1993,10,14
B.RF1,21,F.RF1,1,HK,0,4,1993,10,0
B.RF1,22,F.RF1,0,HK,1,21,1993,10,1
B.RF1,0,F.RF1,0,HK,1,7,1993,11,1
B.RF1,1,F.RF1,1,HK,0,113,1993,11,0
B.RF1,2,F.RF1,1,HK,6,182,1993,11,0
B.RF1,3,F.RF1,11,HK,5,157,1993,11,0
B.RF1,4,F.RF1,4,HK,2,165,1993,11,1
B.RF1,5,F.RF1,0,HK,0,1,1993,11,0
B.RF1,6,F.RF1,0,HK,0,1,1993,11,0
B.RF1,7,F.RF1,0,HK,0,21,1993,11,0
B.RF1,8,F.RF1,2,HK,3,153,1993,11,0
B.RF1,9,F.RF1,2,HK,0,164,1993,11,0
B.RF1,10,F.RF1,3,HK,7,150,1993,11,8
B.RF1,11,F.RF1,2,HK,3,61,1993,11,10
B.RF1,12,F.RF1,0,HK,0,41,1993,11,1
B.RF1,13,F.RF1,3,HK,0,160,1993,11,1
B.RF1,14,F.RF1,2,HK,1,60,1993,11,0
B.RF1,15,F.RF1,0,HK,0,123,1993,11,0
B.RF1,16,F.RF1,0,HK,1,8,1993,11,1
B.RF1,17,F.RF1,0,HK,0,5,1993,11,1
B.RF1,18,F.RF1,1,HK,0,33,1993,11,6
B.RF1,19,F.RF1,0,HK,0,2,1993,11,2
B.RF1,20,F.RF1,7,HK,3,66,1993,11,16
B.RF1,21,F.RF1,0,HK,0,4,1993,11,0
B.RF1,22,F.RF1,0,HK,1,21,1993,11,2
B.RF1,16,F.RF1,0,HK,0,8,1994,1,0
B.RF1,22,F.RF1,0,HK,0,21,1994,1,0
B.RF1,12,F.RF1,0,HK,1,41,1994,2,0
B.RF1,13,F.RF1,3,HK,0,160,1994,2,0
B.RF1,16,F.RF1,0,HK,1,8,1994,2,0
B.RF1,22,F.RF1,0,HK,0,21,1994,2,0
B.RF1,4,F.RF1,0,HK,0,165,1994,3,0
B.RF1,12,F.RF1,0,HK,2,41,1994,3,0
B.RF1,13,F.RF1,2,HK,0,160,1994,3,0
B.RF1,16,F.RF1,0,HK,1,8,1994,3,0
B.RF1,21,F.RF1,0,HK,0,4,1994,3,0
B.RF1,22,F.RF1,0,HK,1,21,1994,3,0
B.RF1,4,F.RF1,0,HK,0,165,1994,4,0
B.RF1,12,F.RF1,0,HK,2,41,1994,4,0
B.RF1,13,F.RF1,5,HK,0,160,1994,4,0
B.RF1,16,F.RF1,0,HK,1,8,1994,4,0
B.RF1,17,F.RF1,0,HK,0,5,1994,4,0
B.RF1,19,F.RF1,0,HK,0,2,1994,4,1
B.RF1,21,F.RF1,0,HK,0,4,1994,4,0
B.RF1,22,F.RF1,0,HK,3,21,1994,4,0
B.RF1,4,F.RF1,0,HK,0,165,1994,5,0
B.RF1,6,F.RF1,0,HK,0,1,1994,5,1
B.RF1,11,F.RF1,2,HK,7,61,1994,5,0
B.RF1,12,F.RF1,2,HK,1,41,1994,5,1
B.RF1,13,F.RF1,4,HK,0,160,1994,5,0
B.RF1,16,F.RF1,0,HK,0,8,1994,5,0
B.RF1,17,F.RF1,0,HK,0,5,1994,5,0
B.RF1,19,F.RF1,0,HK,0,2,1994,5,1
B.RF1,21,F.RF1,0,HK,0,4,1994,5,0
B.RF1,22,F.RF1,1,HK,1,21,1994,5,0
B.RF1,3,F.RF1,5,HK,5,157,1994,6,0
B.RF1,4,F.RF1,7,HK,4,165,1994,6,0
B.RF1,6,F.RF1,0,HK,0,1,1994,6,1
B.RF1,11,F.RF1,3,HK,4,61,1994,6,0
B.RF1,12,F.RF1,2,HK,1,41,1994,6,0
B.RF1,13,F.RF1,3,HK,0,160,1994,6,1
B.RF1,15,F.RF1,0,HK,1,123,1994,6,0
B.RF1,16,F.RF1,0,HK,0,8,1994,6,0
B.RF1,17,F.RF1,0,HK,0,5,1994,6,0
B.RF1,19,F.RF1,0,HK,0,2,1994,6,1
B.RF1,21,F.RF1,0,HK,0,4,1994,6,0
B.RF1,22,F.RF1,1,HK,1,21,1994,6,0
B.RF1,0,F.RF1,0,HK,0,7,1994,7,1
B.RF1,3,F.RF1,6,HK,6,157,1994,7,0
B.RF1,4,F.RF1,7,HK,4,165,1994,7,0
B.RF1,6,F.RF1,0,HK,0,1,1994,7,1
B.RF1,9,F.RF1,1,HK,0,164,1994,7,0
B.RF1,11,F.RF1,3,HK,5,61,1994,7,7
B.RF1,12,F.RF1,0,HK,0,41,1994,7,1
B.RF1,13,F.RF1,2,HK,0,160,1994,7,0
B.RF1,15,F.RF1,0,HK,0,123,1994,7,0
B.RF1,16,F.RF1,0,HK,1,8,1994,7,0
B.RF1,17,F.RF1,0,HK,0,5,1994,7,0
B.RF1,19,F.RF1,0,HK,0,2,1994,7,1
B.RF1,21,F.RF1,0,HK,0,4,1994,7,0
B.RF1,22,F.RF1,0,HK,2,21,1994,7,0
B.RF1,0,F.RF1,0,HK,1,7,1994,8,1
B.RF1,3,F.RF1,7,HK,6,157,1994,8,0
B.RF1,4,F.RF1,7,HK,5,165,1994,8,0
B.RF1,5,F.RF1,0,HK,0,1,1994,8,0
B.RF1,6,F.RF1,0,HK,0,1,1994,8,1
B.RF1,7,F.RF1,0,HK,0,21,1994,8,0
B.RF1,9,F.RF1,2,HK,0,164,1994,8,0
B.RF1,11,F.RF1,3,HK,4,61,1994,8,8
B.RF1,12,F.RF1,0,HK,1,41,1994,8,0
B.RF1,13,F.RF1,2,HK,0,160,1994,8,1
B.RF1,15,F.RF1,0,HK,1,123,1994,8,0
B.RF1,16,F.RF1,0,HK,1,8,1994,8,0
B.RF1,17,F.RF1,1,HK,0,5,1994,8,0
B.RF1,19,F.RF1,0,HK,0,2,1994,8,0
B.RF1,21,F.RF1,0,HK,0,4,1994,8,0
B.RF1,22,F.RF1,0,HK,2,21,1994,8,0
B.RF1,0,F.RF1,0,HK,1,7,1994,9,1
B.RF1,1,F.RF1,0,HK,0,113,1994,9,0
B.RF1,3,F.RF1,7,HK,5,157,1994,9,0
B.RF1,4,F.RF1,7,HK,5,165,1994,9,0
B.RF1,5,F.RF1,0,HK,0,1,1994,9,0
B.RF1,6,F.RF1,0,HK,0,1,1994,9,0
B.RF1,7,F.RF1,0,HK,0,21,1994,9,0
B.RF1,9,F.RF1,1,HK,0,164,1994,9,0
B.RF1,11,F.RF1,2,HK,4,61,1994,9,7
B.RF1,12,F.RF1,0,HK,1,41,1994,9,0
B.RF1,13,F.RF1,1,HK,0,160,1994,9,1
B.RF1,15,F.RF1,0,HK,0,123,1994,9,0
B.RF1,16,F.RF1,0,HK,1,8,1994,9,0
B.RF1,17,F.RF1,0,HK,0,5,1994,9,0
B.RF1,18,F.RF1,1,HK,3,33,1994,9,4
B.RF1,19,F.RF1,0,HK,0,2,1994,9,2
B.RF1,21,F.RF1,0,HK,0,4,1994,9,0
B.RF1,22,F.RF1,1,HK,1,21,1994,9,1
B.RF1,0,F.RF1,0,HK,1,7,1994,10,0
B.RF1,1,F.RF1,0,HK,0,113,1994,10,0
B.RF1,3,F.RF1,5,HK,6,157,1994,10,0
B.RF1,4,F.RF1,5,HK,5,165,1994,10,0
B.RF1,5,F.RF1,0,HK,0,1,1994,10,0
B.RF1,6,F.RF1,0,HK,0,1,1994,10,1
B.RF1,7,F.RF1,0,HK,0,21,1994,10,0
B.RF1,9,F.RF1,1,HK,0,164,1994,10,0
B.RF1,10,F.RF1,3,HK,6,150,1994,10,9
B.RF1,11,F.RF1,0,HK,2,61,1994,10,10
B.RF1,12,F.RF1,0,HK,1,41,1994,10,0
B.RF1,13,F.RF1,1,HK,0,160,1994,10,1
B.RF1,14,F.RF1,1,HK,0,60,1994,10,0
B.RF1,15,F.RF1,0,HK,0,123,1994,10,0
B.RF1,16,F.RF1,0,HK,1,8,1994,10,1
B.RF1,17,F.RF1,0,HK,0,5,1994,10,0
B.RF1,18,F.RF1,1,HK,2,33,1994,10,3
B.RF1,19,F.RF1,0,HK,0,2,1994,10,1
B.RF1,21,F.RF1,0,HK,0,4,1994,10,0
B.RF1,22,F.RF1,0,HK,1,21,1994,10,1
B.RF1,0,F.RF1,0,HK,1,7,1994,11,0
B.RF1,1,F.RF1,0,HK,1,113,1994,11,0
B.RF1,2,F.RF1,1,HK,11,182,1994,11,0
B.RF1,3,F.RF1,6,HK,7,157,1994,11,0
B.RF1,4,F.RF1,5,HK,4,165,1994,11,1
B.RF1,5,F.RF1,0,HK,0,1,1994,11,0
B.RF1,6,F.RF1,0,HK,0,1,1994,11,0
B.RF1,7,F.RF1,0,HK,0,21,1994,11,0
B.RF1,8,F.RF1,1,HK,3,153,1994,11,0
B.RF1,9,F.RF1,1,HK,0,164,1994,11,0
B.RF1,10,F.RF1,3,HK,7,150,1994,11,8
B.RF1,11,F.RF1,1,HK,3,61,1994,11,10
B.RF1,12,F.RF1,1,HK,1,41,1994,11,0
B.RF1,13,F.RF1,2,HK,0,160,1994,11,1
B.RF1,14,F.RF1,0,HK,0,60,1994,11,0
B.RF1,15,F.RF1,0,HK,0,123,1994,11,0
B.RF1,16,F.RF1,0,HK,1,8,1994,11,1
B.RF1,17,F.RF1,0,HK,0,5,1994,11,1
B.RF1,18,F.RF1,0,HK,3,33,1994,11,4
B.RF1,19,F.RF1,0,HK,0,2,1994,11,2
B.RF1,20,F.RF1,7,HK,7,66,1994,11,14
B.RF1,21,F.RF1,0,HK,0,4,1994,11,0
B.RF1,22,F.RF1,1,HK,1,21,1994,11,3
B.RF1,9,F.RF1,0,HK,0,164,1995,1,0
B.RF1,13,F.RF1,0,HK,0,160,1995,1,0
B.RF1,9,F.RF1,0,HK,0,164,1995,2,0
B.RF1,13,F.RF1,1,HK,0,160,1995,2,0
B.RF1,14,F.RF1,0,HK,0,60,1995,2,0
B.RF1,16,F.RF1,0,HK,0,8,1995,2,0
B.RF1,5,F.RF1,0,HK,0,1,1995,3,0
B.RF1,9,F.RF1,0,HK,0,164,1995,3,0
B.RF1,13,F.RF1,2,HK,0,160,1995,3,0
B.RF1,14,F.RF1,1,HK,0,60,1995,3,0
B.RF1,15,F.RF1,1,HK,0,123,1995,3,0
B.RF1,16,F.RF1,0,HK,0,8,1995,3,0
B.RF1,1,F.RF1,0,HK,0,113,1995,4,0
B.RF1,5,F.RF1,0,HK,0,1,1995,4,0
B.RF1,9,F.RF1,0,HK,0,164,1995,4,0
B.RF1,12,F.RF1,1,HK,0,41,1995,4,0
B.RF1,13,F.RF1,1,HK,0,160,1995,4,0
B.RF1,14,F.RF1,1,HK,0,60,1995,4,0
B.RF1,15,F.RF1,0,HK,0,123,1995,4,0
B.RF1,16,F.RF1,0,HK,1,8,1995,4,0
B.RF1,1,F.RF1,0,HK,0,113,1995,5,0
B.RF1,5,F.RF1,0,HK,0,1,1995,5,0
B.RF1,8,F.RF1,0,HK,0,153,1995,5,0
B.RF1,9,F.RF1,0,HK,0,164,1995,5,0
B.RF1,12,F.RF1,1,HK,0,41,1995,5,0
B.RF1,13,F.RF1,1,HK,0,160,1995,5,0
B.RF1,14,F.RF1,0,HK,0,60,1995,5,0
B.RF1,15,F.RF1,0,HK,0,123,1995,5,0
B.RF1,16,F.RF1,0,HK,1,8,1995,5,0
B.RF1,22,F.RF1,0,HK,0,21,1995,5,0
B.RF1,1,F.RF1,0,HK,0,113,1995,6,0
B.RF1,5,F.RF1,0,HK,0,1,1995,6,0
B.RF1,8,F.RF1,0,HK,2,153,1995,6,0
B.RF1,9,F.RF1,0,HK,0,164,1995,6,0
B.RF1,12,F.RF1,0,HK,0,41,1995,6,0
B.RF1,13,F.RF1,1,HK,0,160,1995,6,0
B.RF1,14,F.RF1,1,HK,0,60,1995,6,0
B.RF1,15,F.RF1,0,HK,0,123,1995,6,0
B.RF1,16,F.RF1,0,HK,1,8,1995,6,0
B.RF1,17,F.RF1,1,HK,0,5,1995,6,0
B.RF1,19,F.RF1,0,HK,0,2,1995,6,0
B.RF1,22,F.RF1,0,HK,0,21,1995,6,0
B.RF1,1,F.RF1,0,HK,0,113,1995,7,0
B.RF1,5,F.RF1,0,HK,0,1,1995,7,0
B.RF1,6,F.RF1,0,HK,0,1,1995,7,0
B.RF1,8,F.RF1,0,HK,2,153,1995,7,0
B.RF1,9,F.RF1,0,HK,0,164,1995,7,0
B.RF1,12,F.RF1,1,HK,0,41,1995,7,0
B.RF1,13,F.RF1,1,HK,0,160,1995,7,2
B.RF1,14,F.RF1,0,HK,0,60,1995,7,0
B.RF1,15,F.RF1,0,HK,0,123,1995,7,0
B.RF1,16,F.RF1,0,HK,1,8,1995,7,0
B.RF1,17,F.RF1,0,HK,0,5,1995,7,1
B.RF1,18,F.RF1,2,HK,0,33,1995,7,1
B.RF1,19,F.RF1,0,HK,0,2,1995,7,1
B.RF1,22,F.RF1,0,HK,0,21,1995,7,0
B.RF1,0,F.RF1,0,HK,1,7,1995,8,1
B.RF1,1,F.RF1,0,HK,0,113,1995,8,0
B.RF1,5,F.RF1,0,HK,0,1,1995,8,0
B.RF1,6,F.RF1,0,HK,0,1,1995,8,0
B.RF1,8,F.RF1,0,HK,2,153,1995,8,0
B.RF1,9,F.RF1,0,HK,0,164,1995,8,0
B.RF1,12,F.RF1,0,HK,0,41,1995,8,1
B.RF1,13,F.RF1,1,HK,0,160,1995,8,0
B.RF1,14,F.RF1,0,HK,0,60,1995,8,0
B.RF1,15,F.RF1,0,HK,0,123,1995,8,0
B.RF1,16,F.RF1,0,HK,1,8,1995,8,0
B.RF1,17,F.RF1,0,HK,0,5,1995,8,1
B.RF1,18,F.RF1,2,HK,1,33,1995,8,5
B.RF1,19,F.RF1,0,HK,0,2,1995,8,1
B.RF1,20,F.RF1,3,HK,6,66,1995,8,3
B.RF1,22,F.RF1,0,HK,2,21,1995,8,0
B.RF1,0,F.RF1,1,HK,2,7,1995,9,1
B.RF1,1,F.RF1,0,HK,0,113,1995,9,0
B.RF1,3,F.RF1,1,HK,0,157,1995,9,0
B.RF1,5,F.RF1,0,HK,0,1,1995,9,0
B.RF1,6,F.RF1,0,HK,0,1,1995,9,0
B.RF1,8,F.RF1,0,HK,2,153,1995,9,0
B.RF1,9,F.RF1,0,HK,0,164,1995,9,0
B.RF1,11,F.RF1,0,HK,2,61,1995,9,2
B.RF1,12,F.RF1,2,HK,0,41,1995,9,2
B.RF1,13,F.RF1,1,HK,0,160,1995,9,0
B.RF1,14,F.RF1,0,HK,0,60,1995,9,0
B.RF1,15,F.RF1,0,HK,0,123,1995,9,0
B.RF1,16,F.RF1,1,HK,1,8,1995,9,0
B.RF1,17,F.RF1,0,HK,0,5,1995,9,0
B.RF1,18,F.RF1,1,HK,1,33,1995,9,5
B.RF1,19,F.RF1,0,HK,0,2,1995,9,1
B.RF1,20,F.RF1,4,HK,4,66,1995,9,3
B.RF1,22,F.RF1,0,HK,2,21,1995,9,0
B.RF1,0,F.RF1,1,HK,2,7,1995,10,1
B.RF1,1,F.RF1,0,HK,0,113,1995,10,0
B.RF1,2,F.RF1,0,HK,1,182,1995,10,0
B.RF1,3,F.RF1,1,HK,0,157,1995,10,0
B.RF1,5,F.RF1,0,HK,0,1,1995,10,0
B.RF1,6,F.RF1,0,HK,0,1,1995,10,0
B.RF1,8,F.RF1,0,HK,2,153,1995,10,0
B.RF1,9,F.RF1,0,HK,0,164,1995,10,0
B.RF1,11,F.RF1,1,HK,2,61,1995,10,3
B.RF1,12,F.RF1,1,HK,1,41,1995,10,1
B.RF1,13,F.RF1,0,HK,0,160,1995,10,0
B.RF1,14,F.RF1,0,HK,0,60,1995,10,0
B.RF1,15,F.RF1,0,HK,0,123,1995,10,0
B.RF1,16,F.RF1,0,HK,1,8,1995,10,0
B.RF1,17,F.RF1,0,HK,0,5,1995,10,0
B.RF1,18,F.RF1,1,HK,2,33,1995,10,4
B.RF1,19,F.RF1,0,HK,0,2,1995,10,1
B.RF1,20,F.RF1,3,HK,6,66,1995,10,3
B.RF1,21,F.RF1,0,HK,0,4,1995,10,0
B.RF1,22,F.RF1,1,HK,2,21,1995,10,0
B.RF1,0,F.RF1,1,HK,1,7,1995,11,0
B.RF1,1,F.RF1,1,HK,0,113,1995,11,0
B.RF1,2,F.RF1,1,HK,3,182,1995,11,1
B.RF1,3,F.RF1,5,HK,5,157,1995,11,0
B.RF1,4,F.RF1,5,HK,6,165,1995,11,0
B.RF1,5,F.RF1,0,HK,0,1,1995,11,0
B.RF1,6,F.RF1,0,HK,0,1,1995,11,0
B.RF1,7,F.RF1,0,HK,0,21,1995,11,0
B.RF1,8,F.RF1,0,HK,1,153,1995,11,0
B.RF1,9,F.RF1,0,HK,0,164,1995,11,0
B.RF1,10,F.RF1,8,HK,3,150,1995,11,7
B.RF1,11,F.RF1,3,HK,1,61,1995,11,5
B.RF1,12,F.RF1,1,HK,0,41,1995,11,2
B.RF1,13,F.RF1,0,HK,0,160,1995,11,0
B.RF1,14,F.RF1,0,HK,0,60,1995,11,0
B.RF1,15,F.RF1,0,HK,0,123,1995,11,0
B.RF1,16,F.RF1,0,HK,1,8,1995,11,0
B.RF1,17,F.RF1,0,HK,0,5,1995,11,0
B.RF1,18,F.RF1,1,HK,2,33,1995,11,4
B.RF1,19,F.RF1,0,HK,0,2,1995,11,1
B.RF1,20,F.RF1,5,HK,5,66,1995,11,3
B.RF1,21,F.RF1,0,HK,0,4,1995,11,0
B.RF1,22,F.RF1,1,HK,2,21,1995,11,0
G.RF1,0,F.LIN,0,HK,0,7,1993,1,0
G.RF1,4,F.LIN,0,HK,0,165,1993,1,0
G.RF1,0,F.LIN,0,HK,1,7,1993,2,0
G.RF1,4,F.LIN,0,HK,0,165,1993,2,0
G.RF1,8,F.LIN,0,HK,0,153,1993,2,0
G.RF1,12,F.LIN,1,HK,0,41,1993,2,0
G.RF1,0,F.LIN,0,HK,0,7,1993,3,1
G.RF1,2,F.LIN,0,HK,0,182,1993,3,0
G.RF1,4,F.LIN,0,HK,1,165,1993,3,0
G.RF1,8,F.LIN,0,HK,0,153,1993,3,0
G.RF1,11,F.LIN,5,HK,1,61,1993,3,1
G.RF1,12,F.LIN,1,HK,0,41,1993,3,0
G.RF1,0,F.LIN,0,HK,0,7,1993,4,1
G.RF1,2,F.LIN,0,HK,0,182,1993,4,0
G.RF1,3,F.LIN,3,HK,8,157,1993,4,1
G.RF1,4,F.LIN,4,HK,1,165,1993,4,1
G.RF1,8,F.LIN,1,HK,2,153,1993,4,0
G.RF1,11,F.LIN,6,HK,1,61,1993,4,1
G.RF1,12,F.LIN,1,HK,0,41,1993,4,0
G.RF1,17,F.LIN,0,HK,0,5,1993,4,0
G.RF1,0,F.LIN,1,HK,0,7,1993,5,2
G.RF1,2,F.LIN,0,HK,0,182,1993,5,0
G.RF1,3,F.LIN,3,HK,7,157,1993,5,1
G.RF1,4,F.LIN,4,HK,1,165,1993,5,1
G.RF1,8,F.LIN,1,HK,0,153,1993,5,0
G.RF1,11,F.LIN,5,HK,3,61,1993,5,5
G.RF1,12,F.LIN,1,HK,2,41,1993,5,2
G.RF1,16,F.LIN,0,HK,0,8,1993,5,0
G.RF1,17,F.LIN,1,HK,0,5,1993,5,0
G.RF1,21,F.LIN,0,HK,0,4,1993,5,0
G.RF1,0,F.LIN,0,HK,0,7,1993,6,1
G.RF1,2,F.LIN,0,HK,0,182,1993,6,0
G.RF1,3,F.LIN,1,HK,6,157,1993,6,0
G.RF1,4,F.LIN,5,HK,1,165,1993,6,3
G.RF1,8,F.LIN,1,HK,0,153,1993,6,0
G.RF1,11,F.LIN,4,HK,3,61,1993,6,5
G.RF1,12,F.LIN,1,HK,4,41,1993,6,2
G.RF1,13,F.LIN,3,HK,0,160,1993,6,0
G.RF1,16,F.LIN,0,HK,0,8,1993,6,0
G.RF1,17,F.LIN,1,HK,0,5,1993,6,0
G.RF1,21,F.LIN,0,HK,0,4,1993,6,0
G.RF1,22,F.LIN,1,HK,1,21,1993,6,0
G.RF1,0,F.LIN,0,HK,0,7,1993,7,1
G.RF1,2,F.LIN,0,HK,0,182,1993,7,0
G.RF1,3,F.LIN,1,HK,7,157,1993,7,1
G.RF1,4,F.LIN,3,HK,2,165,1993,7,0
G.RF1,8,F.LIN,2,HK,0,153,1993,7,0
G.RF1,11,F.LIN,4,HK,3,61,1993,7,5
G.RF1,12,F.LIN,1,HK,4,41,1993,7,2
G.RF1,13,F.LIN,2,HK,1,160,1993,7,0
G.RF1,14,F.LIN,0,HK,0,60,1993,7,0
G.RF1,16,F.LIN,0,HK,0,8,1993,7,0
G.RF1,17,F.LIN,0,HK,0,5,1993,7,0
G.RF1,18,F.LIN,1,HK,3,33,1993,7,3
G.RF1,21,F.LIN,0,HK,0,4,1993,7,0
G.RF1,22,F.LIN,1,HK,1,21,1993,7,0
G.RF1,0,F.LIN,0,HK,0,7,1993,8,1
G.RF1,2,F.LIN,0,HK,0,182,1993,8,0
G.RF1,3,F.LIN,2,HK,9,157,1993,8,1
G.RF1,4,F.LIN,4,HK,2,165,1993,8,1
G.RF1,8,F.LIN,2,HK,0,153,1993,8,0
G.RF1,9,F.LIN,1,HK,0,164,1993,8,0
G.RF1,11,F.LIN,5,HK,4,61,1993,8,4
G.RF1,12,F.LIN,1,HK,4,41,1993,8,2
G.RF1,13,F.LIN,2,HK,0,160,1993,8,1
G.RF1,14,F.LIN,0,HK,0,60,1993,8,0
G.RF1,16,F.LIN,0,HK,0,8,1993,8,0
G.RF1,17,F.LIN,0,HK,0,5,1993,8,1
G.RF1,18,F.LIN,3,HK,5,33,1993,8,2
G.RF1,19,F.LIN,0,HK,0,2,1993,8,1
G.RF1,21,F.LIN,0,HK,0,4,1993,8,1
G.RF1,22,F.LIN,1,HK,0,21,1993,8,0
G.RF1,0,F.LIN,0,HK,0,7,1993,9,1
G.RF1,2,F.LIN,0,HK,0,182,1993,9,0
G.RF1,3,F.LIN,3,HK,7,157,1993,9,1
G.RF1,4,F.LIN,4,HK,2,165,1993,9,0
G.RF1,6,F.LIN,0,HK,0,1,1993,9,1
G.RF1,8,F.LIN,2,HK,1,153,1993,9,0
G.RF1,9,F.LIN,1,HK,0,164,1993,9,0
G.RF1,11,F.LIN,6,HK,4,61,1993,9,4
G.RF1,12,F.LIN,1,HK,4,41,1993,9,2
G.RF1,13,F.LIN,1,HK,0,160,1993,9,2
G.RF1,14,F.LIN,0,HK,0,60,1993,9,0
G.RF1,15,F.LIN,0,HK,0,123,1993,9,0
G.RF1,16,F.LIN,0,HK,0,8,1993,9,0
G.RF1,17,F.LIN,1,HK,0,5,1993,9,0
G.RF1,18,F.LIN,2,HK,3,33,1993,9,4
G.RF1,19,F.LIN,0,HK,0,2,1993,9,1
G.RF1,21,F.LIN,0,HK,0,4,1993,9,1
G.RF1,22,F.LIN,1,HK,0,21,1993,9,1
G.RF1,0,F.LIN,0,HK,0,7,1993,10,1
G.RF1,2,F.LIN,0,HK,0,182,1993,10,0
G.RF1,3,F.LIN,1,HK,7,157,1993,10,0
G.RF1,4,F.LIN,6,HK,2,165,1993,10,0
G.RF1,5,F.LIN,0,HK,0,1,1993,10,0
G.RF1,6,F.LIN,0,HK,0,1,1993,10,0
G.RF1,8,F.LIN,1,HK,1,153,1993,10,0
G.RF1,9,F.LIN,1,HK,0,164,1993,10,0
G.RF1,11,F.LIN,8,HK,4,61,1993,10,5
G.RF1,12,F.LIN,1,HK,3,41,1993,10,2
G.RF1,13,F.LIN,2,HK,0,160,1993,10,1
G.RF1,14,F.LIN,1,HK,2,60,1993,10,0
G.RF1,15,F.LIN,0,HK,0,123,1993,10,0
G.RF1,16,F.LIN,1,HK,0,8,1993,10,0
G.RF1,17,F.LIN,0,HK,0,5,1993,10,0
G.RF1,18,F.LIN,0,HK,5,33,1993,10,9
G.RF1,19,F.LIN,0,HK,0,2,1993,10,1
G.RF1,20,F.LIN,6,HK,6,66,1993,10,14
G.RF1,21,F.LIN,0,HK,0,4,1993,10,1
G.RF1,22,F.LIN,1,HK,1,21,1993,10,1
G.RF1,0,F.LIN,0,HK,0,7,1993,11,0
G.RF1,1,F.LIN,0,HK,5,113,1993,11,0
G.RF1,2,F.LIN,1,HK,3,182,1993,11,0
G.RF1,3,F.LIN,2,HK,8,157,1993,11,0
G.RF1,4,F.LIN,5,HK,2,165,1993,11,0
G.RF1,5,F.LIN,0,HK,0,1,1993,11,0
G.RF1,6,F.LIN,0,HK,0,1,1993,11,0
G.RF1,7,F.LIN,0,HK,0,21,1993,11,0
G.RF1,8,F.LIN,2,HK,1,153,1993,11,0
G.RF1,9,F.LIN,1,HK,0,164,1993,11,0
G.RF1,10,F.LIN,2,HK,7,150,1993,11,6
G.RF1,11,F.LIN,5,HK,1,61,1993,11,7
G.RF1,12,F.LIN,1,HK,3,41,1993,11,1
G.RF1,13,F.LIN,2,HK,0,160,1993,11,2
G.RF1,14,F.LIN,2,HK,2,60,1993,11,0
G.RF1,15,F.LIN,0,HK,0,123,1993,11,0
G.RF1,16,F.LIN,0,HK,1,8,1993,11,0
G.RF1,17,F.LIN,1,HK,0,5,1993,11,0
G.RF1,18,F.LIN,1,HK,4,33,1993,11,8
G.RF1,19,F.LIN,0,HK,0,2,1993,11,1
G.RF1,20,F.LIN,7,HK,4,66,1993,11,14
G.RF1,21,F.LIN,0,HK,0,4,1993,11,1
G.RF1,22,F.LIN,1,HK,1,21,1993,11,2
G.RF1,16,F.LIN,0,HK,0,8,1994,1,0
G.RF1,22,F.LIN,0,HK,0,21,1994,1,0
G.RF1,12,F.LIN,0,HK,0,41,1994,2,0
G.RF1,13,F.LIN,3,HK,2,160,1994,2,0
G.RF1,16,F.LIN,0,HK,0,8,1994,2,0
G.RF1,22,F.LIN,0,HK,0,21,1994,2,0
G.RF1,4,F.LIN,0,HK,0,165,1994,3,0
G.RF1,12,F.LIN,1,HK,1,41,1994,3,0
G.RF1,13,F.LIN,1,HK,0,160,1994,3,0
G.RF1,16,F.LIN,0,HK,0,8,1994,3,0
G.RF1,21,F.LIN,0,HK,0,4,1994,3,0
G.RF1,22,F.LIN,1,HK,1,21,1994,3,0
G.RF1,4,F.LIN,0,HK,0,165,1994,4,0
G.RF1,12,F.LIN,1,HK,2,41,1994,4,0
G.RF1,13,F.LIN,3,HK,1,160,1994,4,1
G.RF1,16,F.LIN,0,HK,0,8,1994,4,0
G.RF1,17,F.LIN,1,HK,0,5,1994,4,0
G.RF1,19,F.LIN,0,HK,0,2,1994,4,1
G.RF1,21,F.LIN,0,HK,0,4,1994,4,1
G.RF1,22,F.LIN,1,HK,2,21,1994,4,0
G.RF1,4,F.LIN,0,HK,0,165,1994,5,0
G.RF1,6,F.LIN,0,HK,0,1,1994,5,1
G.RF1,11,F.LIN,5,HK,3,61,1994,5,0
G.RF1,12,F.LIN,1,HK,2,41,1994,5,1
G.RF1,13,F.LIN,3,HK,0,160,1994,5,1
G.RF1,16,F.LIN,0,HK,0,8,1994,5,0
G.RF1,17,F.LIN,1,HK,0,5,1994,5,0
G.RF1,19,F.LIN,0,HK,0,2,1994,5,1
G.RF1,21,F.LIN,0,HK,0,4,1994,5,1
G.RF1,22,F.LIN,1,HK,1,21,1994,5,1
G.RF1,3,F.LIN,1,HK,10,157,1994,6,1
G.RF1,4,F.LIN,3,HK,2,165,1994,6,0
G.RF1,6,F.LIN,0,HK,0,1,1994,6,1
G.RF1,11,F.LIN,6,HK,4,61,1994,6,0
G.RF1,12,F.LIN,1,HK,3,41,1994,6,2
G.RF1,13,F.LIN,3,HK,0,160,1994,6,1
G.RF1,15,F.LIN,0,HK,0,123,1994,6,0
G.RF1,16,F.LIN,0,HK,0,8,1994,6,0
G.RF1,17,F.LIN,0,HK,0,5,1994,6,0
G.RF1,19,F.LIN,0,HK,0,2,1994,6,1
G.RF1,21,F.LIN,0,HK,0,4,1994,6,1
G.RF1,22,F.LIN,1,HK,1,21,1994,6,1
G.RF1,0,F.LIN,0,HK,1,7,1994,7,1
G.RF1,3,F.LIN,2,HK,7,157,1994,7,1
G.RF1,4,F.LIN,2,HK,2,165,1994,7,0
G.RF1,6,F.LIN,0,HK,0,1,1994,7,1
G.RF1,9,F.LIN,1,HK,0,164,1994,7,0
G.RF1,11,F.LIN,7,HK,3,61,1994,7,5
G.RF1,12,F.LIN,1,HK,3,41,1994,7,2
G.RF1,13,F.LIN,1,HK,0,160,1994,7,1
G.RF1,15,F.LIN,0,HK,0,123,1994,7,0
G.RF1,16,F.LIN,0,HK,0,8,1994,7,0
G.RF1,17,F.LIN,1,HK,0,5,1994,7,0
G.RF1,19,F.LIN,0,HK,0,2,1994,7,1
G.RF1,21,F.LIN,0,HK,0,4,1994,7,1
G.RF1,22,F.LIN,0,HK,1,21,1994,7,1
G.RF1,0,F.LIN,1,HK,1,7,1994,8,1
G.RF1,3,F.LIN,3,HK,9,157,1994,8,0
G.RF1,4,F.LIN,2,HK,3,165,1994,8,0
G.RF1,5,F.LIN,0,HK,0,1,1994,8,0
G.RF1,6,F.LIN,0,HK,0,1,1994,8,1
G.RF1,7,F.LIN,0,HK,0,21,1994,8,0
G.RF1,9,F.LIN,1,HK,0,164,1994,8,0
G.RF1,11,F.LIN,9,HK,3,61,1994,8,6
G.RF1,12,F.LIN,1,HK,3,41,1994,8,2
G.RF1,13,F.LIN,1,HK,0,160,1994,8,0
G.RF1,15,F.LIN,0,HK,0,123,1994,8,0
G.RF1,16,F.LIN,0,HK,0,8,1994,8,0
G.RF1,17,F.LIN,1,HK,0,5,1994,8,0
G.RF1,19,F.LIN,0,HK,0,2,1994,8,1
G.RF1,21,F.LIN,0,HK,0,4,1994,8,1
G.RF1,22,F.LIN,0,HK,0,21,1994,8,1
G.RF1,0,F.LIN,1,HK,1,7,1994,9,1
G.RF1,1,F.LIN,1,HK,0,113,1994,9,0
G.RF1,3,F.LIN,3,HK,5,157,1994,9,0
G.RF1,4,F.LIN,2,HK,3,165,1994,9,0
G.RF1,5,F.LIN,0,HK,0,1,1994,9,0
G.RF1,6,F.LIN,0,HK,0,1,1994,9,1
G.RF1,7,F.LIN,0,HK,0,21,1994,9,0
G.RF1,9,F.LIN,1,HK,0,164,1994,9,0
G.RF1,11,F.LIN,9,HK,2,61,1994,9,5
G.RF1,12,F.LIN,1,HK,3,41,1994,9,2
G.RF1,13,F.LIN,1,HK,0,160,1994,9,1
G.RF1,15,F.LIN,0,HK,0,123,1994,9,0
G.RF1,16,F.LIN,0,HK,0,8,1994,9,0
G.RF1,17,F.LIN,0,HK,0,5,1994,9,0
G.RF1,18,F.LIN,1,HK,2,33,1994,9,3
G.RF1,19,F.LIN,0,HK,0,2,1994,9,1
G.RF1,21,F.LIN,0,HK,0,4,1994,9,1
G.RF1,22,F.LIN,2,HK,0,21,1994,9,1
G.RF1,0,F.LIN,1,HK,1,7,1994,10,1
G.RF1,1,F.LIN,1,HK,0,113,1994,10,0
G.RF1,3,F.LIN,4,HK,6,157,1994,10,0
G.RF1,4,F.LIN,2,HK,2,165,1994,10,0
G.RF1,5,F.LIN,0,HK,0,1,1994,10,0
G.RF1,6,F.LIN,0,HK,0,1,1994,10,1
G.RF1,7,F.LIN,0,HK,0,21,1994,10,0
G.RF1,9,F.LIN,1,HK,0,164,1994,10,0
G.RF1,10,F.LIN,4,HK,2,150,1994,10,6
G.RF1,11,F.LIN,5,HK,1,61,1994,10,7
G.RF1,12,F.LIN,1,HK,1,41,1994,10,1
G.RF1,13,F.LIN,1,HK,0,160,1994,10,3
G.RF1,14,F.LIN,0,HK,1,60,1994,10,0
G.RF1,15,F.LIN,0,HK,0,123,1994,10,0
G.RF1,16,F.LIN,0,HK,1,8,1994,10,0
G.RF1,17,F.LIN,0,HK,0,5,1994,10,0
G.RF1,18,F.LIN,3,HK,1,33,1994,10,4
G.RF1,19,F.LIN,0,HK,0,2,1994,10,1
G.RF1,21,F.LIN,0,HK,0,4,1994,10,1
G.RF1,22,F.LIN,2,HK,0,21,1994,10,1
G.RF1,0,F.LIN,1,HK,1,7,1994,11,1
G.RF1,1,F.LIN,0,HK,3,113,1994,11,0
G.RF1,2,F.LIN,2,HK,4,182,1994,11,0
G.RF1,3,F.LIN,3,HK,9,157,1994,11,0
G.RF1,4,F.LIN,2,HK,2,165,1994,11,1
G.RF1,5,F.LIN,0,HK,0,1,1994,11,0
G.RF1,6,F.LIN,0,HK,0,1,1994,11,0
G.RF1,7,F.LIN,0,HK,0,21,1994,11,0
G.RF1,8,F.LIN,3,HK,0,153,1994,11,0
G.RF1,9,F.LIN,1,HK,0,164,1994,11,0
G.RF1,10,F.LIN,4,HK,4,150,1994,11,6
G.RF1,11,F.LIN,5,HK,1,61,1994,11,7
G.RF1,12,F.LIN,1,HK,1,41,1994,11,1
G.RF1,13,F.LIN,1,HK,0,160,1994,11,2
G.RF1,14,F.LIN,1,HK,1,60,1994,11,0
G.RF1,15,F.LIN,0,HK,0,123,1994,11,0
G.RF1,16,F.LIN,0,HK,1,8,1994,11,0
G.RF1,17,F.LIN,1,HK,0,5,1994,11,0
G.RF1,18,F.LIN,0,HK,3,33,1994,11,2
G.RF1,19,F.LIN,0,HK,0,2,1994,11,0
G.RF1,20,F.LIN,6,HK,5,66,1994,11,13
G.RF1,21,F.LIN,0,HK,0,4,1994,11,1
G.RF1,22,F.LIN,1,HK,0,21,1994,11,1
G.RF1,9,F.LIN,0,HK,0,164,1995,1,0
G.RF1,13,F.LIN,0,HK,0,160,1995,1,0
G.RF1,9,F.LIN,0,HK,0,164,1995,2,0
G.RF1,13,F.LIN,0,HK,0,160,1995,2,0
G.RF1,14,F.LIN,0,HK,0,60,1995,2,0
G.RF1,16,F.LIN,0,HK,0,8,1995,2,0
G.RF1,5,F.LIN,0,HK,0,1,1995,3,0
G.RF1,9,F.LIN,1,HK,0,164,1995,3,0
G.RF1,13,F.LIN,1,HK,0,160,1995,3,0
G.RF1,14,F.LIN,0,HK,0,60,1995,3,0
G.RF1,15,F.LIN,0,HK,0,123,1995,3,0
G.RF1,16,F.LIN,0,HK,0,8,1995,3,0
G.RF1,1,F.LIN,0,HK,0,113,1995,4,0
G.RF1,5,F.LIN,0,HK,0,1,1995,4,0
G.RF1,9,F.LIN,0,HK,0,164,1995,4,0
G.RF1,12,F.LIN,1,HK,1,41,1995,4,0
G.RF1,13,F.LIN,1,HK,0,160,1995,4,0
G.RF1,14,F.LIN,0,HK,1,60,1995,4,0
G.RF1,15,F.LIN,0,HK,0,123,1995,4,0
G.RF1,16,F.LIN,0,HK,0,8,1995,4,0
G.RF1,1,F.LIN,0,HK,0,113,1995,5,0
G.RF1,5,F.LIN,0,HK,0,1,1995,5,0
G.RF1,8,F.LIN,0,HK,0,153,1995,5,0
G.RF1,9,F.LIN,0,HK,0,164,1995,5,0
G.RF1,12,F.LIN,1,HK,1,41,1995,5,0
G.RF1,13,F.LIN,1,HK,0,160,1995,5,1
G.RF1,14,F.LIN,0,HK,1,60,1995,5,0
G.RF1,15,F.LIN,0,HK,0,123,1995,5,0
G.RF1,16,F.LIN,0,HK,0,8,1995,5,0
G.RF1,22,F.LIN,0,HK,0,21,1995,5,0
G.RF1,1,F.LIN,0,HK,0,113,1995,6,0
G.RF1,5,F.LIN,0,HK,0,1,1995,6,0
G.RF1,8,F.LIN,0,HK,0,153,1995,6,0
G.RF1,9,F.LIN,0,HK,0,164,1995,6,0
G.RF1,12,F.LIN,0,HK,1,41,1995,6,0
G.RF1,13,F.LIN,1,HK,0,160,1995,6,1
G.RF1,14,F.LIN,0,HK,0,60,1995,6,0
G.RF1,15,F.LIN,0,HK,0,123,1995,6,0
G.RF1,16,F.LIN,0,HK,0,8,1995,6,0
G.RF1,17,F.LIN,1,HK,0,5,1995,6,0
G.RF1,19,F.LIN,0,HK,0,2,1995,6,1
G.RF1,22,F.LIN,0,HK,0,21,1995,6,0
G.RF1,1,F.LIN,0,HK,0,113,1995,7,0
G.RF1,5,F.LIN,0,HK,0,1,1995,7,0
G.RF1,6,F.LIN,0,HK,0,1,1995,7,0
G.RF1,8,F.LIN,2,HK,0,153,1995,7,0
G.RF1,9,F.LIN,0,HK,0,164,1995,7,0
G.RF1,12,F.LIN,0,HK,1,41,1995,7,0
G.RF1,13,F.LIN,0,HK,0,160,1995,7,1
G.RF1,14,F.LIN,0,HK,0,60,1995,7,0
G.RF1,15,F.LIN,0,HK,0,123,1995,7,0
G.RF1,16,F.LIN,0,HK,0,8,1995,7,0
G.RF1,17,F.LIN,0,HK,0,5,1995,7,0
G.RF1,18,F.LIN,2,HK,1,33,1995,7,1
G.RF1,19,F.LIN,0,HK,0,2,1995,7,0
G.RF1,22,F.LIN,0,HK,1,21,1995,7,0
G.RF1,0,F.LIN,0,HK,0,7,1995,8,1
G.RF1,1,F.LIN,0,HK,0,113,1995,8,0
G.RF1,5,F.LIN,0,HK,0,1,1995,8,0
G.RF1,6,F.LIN,0,HK,0,1,1995,8,0
G.RF1,8,F.LIN,1,HK,0,153,1995,8,0
G.RF1,9,F.LIN,0,HK,0,164,1995,8,0
G.RF1,12,F.LIN,0,HK,1,41,1995,8,2
G.RF1,13,F.LIN,0,HK,0,160,1995,8,1
G.RF1,14,F.LIN,0,HK,0,60,1995,8,0
G.RF1,15,F.LIN,0,HK,0,123,1995,8,0
G.RF1,16,F.LIN,0,HK,0,8,1995,8,0
G.RF1,17,F.LIN,0,HK,0,5,1995,8,1
G.RF1,18,F.LIN,2,HK,1,33,1995,8,3
G.RF1,19,F.LIN,0,HK,0,2,1995,8,0
G.RF1,20,F.LIN,2,HK,6,66,1995,8,2
G.RF1,22,F.LIN,0,HK,1,21,1995,8,1
G.RF1,0,F.LIN,0,HK,0,7,1995,9,0
G.RF1,1,F.LIN,0,HK,0,113,1995,9,0
G.RF1,3,F.LIN,0,HK,0,157,1995,9,0
G.RF1,5,F.LIN,0,HK,0,1,1995,9,0
G.RF1,6,F.LIN,0,HK,0,1,1995,9,0
G.RF1,8,F.LIN,1,HK,0,153,1995,9,0
G.RF1,9,F.LIN,0,HK,0,164,1995,9,0
G.RF1,11,F.LIN,4,HK,4,61,1995,9,4
G.RF1,12,F.LIN,1,HK,1,41,1995,9,2
G.RF1,13,F.LIN,0,HK,0,160,1995,9,2
G.RF1,14,F.LIN,0,HK,0,60,1995,9,0
G.RF1,15,F.LIN,0,HK,0,123,1995,9,0
G.RF1,16,F.LIN,0,HK,0,8,1995,9,1
G.RF1,17,F.LIN,0,HK,0,5,1995,9,1
G.RF1,18,F.LIN,4,HK,1,33,1995,9,3
G.RF1,19,F.LIN,0,HK,0,2,1995,9,0
G.RF1,20,F.LIN,2,HK,5,66,1995,9,1
G.RF1,22,F.LIN,0,HK,1,21,1995,9,0
G.RF1,0,F.LIN,0,HK,2,7,1995,10,1
G.RF1,1,F.LIN,0,HK,0,113,1995,10,0
G.RF1,2,F.LIN,0,HK,0,182,1995,10,0
G.RF1,3,F.LIN,0,HK,0,157,1995,10,0
G.RF1,5,F.LIN,0,HK,0,1,1995,10,0
G.RF1,6,F.LIN,0,HK,0,1,1995,10,0
G.RF1,8,F.LIN,1,HK,0,153,1995,10,0
G.RF1,9,F.LIN,0,HK,0,164,1995,10,0
G.RF1,11,F.LIN,6,HK,4,61,1995,10,4
G.RF1,12,F.LIN,1,HK,2,41,1995,10,2
G.RF1,13,F.LIN,0,HK,0,160,1995,10,2
G.RF1,14,F.LIN,0,HK,0,60,1995,10,0
G.RF1,15,F.LIN,0,HK,0,123,1995,10,0
G.RF1,16,F.LIN,0,HK,0,8,1995,10,1
G.RF1,17,F.LIN,0,HK,0,5,1995,10,1
G.RF1,18,F.LIN,4,HK,1,33,1995,10,3
G.RF1,19,F.LIN,0,HK,0,2,1995,10,0
G.RF1,20,F.LIN,8,HK,6,66,1995,10,4
G.RF1,21,F.LIN,0,HK,0,4,1995,10,1
G.RF1,22,F.LIN,0,HK,1,21,1995,10,0
G.RF1,0,F.LIN,0,HK,2,7,1995,11,0
G.RF1,1,F.LIN,1,HK,0,113,1995,11,0
G.RF1,2,F.LIN,3,HK,3,182,1995,11,0
G.RF1,3,F.LIN,2,HK,7,157,1995,11,1
G.RF1,4,F.LIN,1,HK,3,165,1995,11,0
G.RF1,5,F.LIN,0,HK,0,1,1995,11,0
G.RF1,6,F.LIN,0,HK,0,1,1995,11,0
G.RF1,7,F.LIN,0,HK,0,21,1995,11,0
G.RF1,8,F.LIN,1,HK,0,153,1995,11,0
G.RF1,9,F.LIN,0,HK,0,164,1995,11,0
G.RF1,10,F.LIN,3,HK,0,150,1995,11,4
G.RF1,11,F.LIN,6,HK,2,61,1995,11,8
G.RF1,12,F.LIN,0,HK,1,41,1995,11,0
G.RF1,13,F.LIN,0,HK,0,160,1995,11,2
G.RF1,14,F.LIN,0,HK,0,60,1995,11,0
G.RF1,15,F.LIN,0,HK,0,123,1995,11,0
G.RF1,16,F.LIN,0,HK,0,8,1995,11,0
G.RF1,17,F.LIN,0,HK,0,5,1995,11,0
G.RF1,18,F.LIN,2,HK,1,33,1995,11,2
G.RF1,19,F.LIN,0,HK,0,2,1995,11,0
G.RF1,20,F.LIN,8,HK,5,66,1995,11,4
G.RF1,21,F.LIN,0,HK,0,4,1995,11,1
G.RF1,22,F.LIN,0,HK,1,21,1995,11,0
B.RF1,0,F.LIN,0,HK,0,7,1993,1,0
B.RF1,4,F.LIN,0,HK,0,165,1993,1,0
B.RF1,0,F.LIN,0,HK,1,7,1993,2,0
B.RF1,4,F.LIN,0,HK,0,165,1993,2,0
B.RF1,8,F.LIN,0,HK,0,153,1993,2,0
B.RF1,12,F.LIN,1,HK,0,41,1993,2,0
B.RF1,0,F.LIN,0,HK,0,7,1993,3,1
B.RF1,2,F.LIN,0,HK,0,182,1993,3,0
B.RF1,4,F.LIN,0,HK,0,165,1993,3,0
B.RF1,8,F.LIN,0,HK,0,153,1993,3,0
B.RF1,11,F.LIN,7,HK,0,61,1993,3,2
B.RF1,12,F.LIN,1,HK,1,41,1993,3,0
B.RF1,0,F.LIN,0,HK,0,7,1993,4,1
B.RF1,2,F.LIN,0,HK,0,182,1993,4,0
B.RF1,3,F.LIN,8,HK,5,157,1993,4,0
B.RF1,4,F.LIN,7,HK,4,165,1993,4,1
B.RF1,8,F.LIN,1,HK,2,153,1993,4,0
B.RF1,11,F.LIN,5,HK,0,61,1993,4,3
B.RF1,12,F.LIN,2,HK,0,41,1993,4,0
B.RF1,17,F.LIN,0,HK,0,5,1993,4,0
B.RF1,0,F.LIN,0,HK,0,7,1993,5,1
B.RF1,2,F.LIN,0,HK,0,182,1993,5,0
B.RF1,3,F.LIN,8,HK,5,157,1993,5,0
B.RF1,4,F.LIN,6,HK,3,165,1993,5,1
B.RF1,8,F.LIN,2,HK,1,153,1993,5,0
B.RF1,11,F.LIN,4,HK,1,61,1993,5,7
B.RF1,12,F.LIN,2,HK,0,41,1993,5,1
B.RF1,16,F.LIN,0,HK,1,8,1993,5,0
B.RF1,17,F.LIN,1,HK,0,5,1993,5,0
B.RF1,21,F.LIN,0,HK,0,4,1993,5,0
B.RF1,0,F.LIN,0,HK,1,7,1993,6,1
B.RF1,2,F.LIN,0,HK,0,182,1993,6,0
B.RF1,3,F.LIN,7,HK,5,157,1993,6,0
B.RF1,4,F.LIN,8,HK,3,165,1993,6,1
B.RF1,8,F.LIN,2,HK,1,153,1993,6,0
B.RF1,11,F.LIN,4,HK,2,61,1993,6,7
B.RF1,12,F.LIN,0,HK,0,41,1993,6,1
B.RF1,13,F.LIN,3,HK,0,160,1993,6,1
B.RF1,16,F.LIN,0,HK,1,8,1993,6,0
B.RF1,17,F.LIN,1,HK,0,5,1993,6,0
B.RF1,21,F.LIN,0,HK,0,4,1993,6,0
B.RF1,22,F.LIN,1,HK,1,21,1993,6,0
B.RF1,0,F.LIN,0,HK,1,7,1993,7,1
B.RF1,2,F.LIN,0,HK,0,182,1993,7,0
B.RF1,3,F.LIN,6,HK,4,157,1993,7,0
B.RF1,4,F.LIN,6,HK,3,165,1993,7,0
B.RF1,8,F.LIN,1,HK,1,153,1993,7,0
B.RF1,11,F.LIN,4,HK,2,61,1993,7,7
B.RF1,12,F.LIN,0,HK,0,41,1993,7,2
B.RF1,13,F.LIN,2,HK,0,160,1993,7,1
B.RF1,14,F.LIN,0,HK,0,60,1993,7,0
B.RF1,16,F.LIN,0,HK,1,8,1993,7,0
B.RF1,17,F.LIN,0,HK,0,5,1993,7,0
B.RF1,18,F.LIN,1,HK,0,33,1993,7,4
B.RF1,21,F.LIN,0,HK,0,4,1993,7,0
B.RF1,22,F.LIN,1,HK,1,21,1993,7,0
B.RF1,0,F.LIN,0,HK,1,7,1993,8,1
B.RF1,2,F.LIN,0,HK,0,182,1993,8,0
B.RF1,3,F.LIN,9,HK,3,157,1993,8,0
B.RF1,4,F.LIN,6,HK,2,165,1993,8,0
B.RF1,8,F.LIN,3,HK,1,153,1993,8,0
B.RF1,9,F.LIN,1,HK,0,164,1993,8,0
B.RF1,11,F.LIN,5,HK,4,61,1993,8,6
B.RF1,12,F.LIN,0,HK,0,41,1993,8,2
B.RF1,13,F.LIN,2,HK,0,160,1993,8,2
B.RF1,14,F.LIN,0,HK,0,60,1993,8,0
B.RF1,16,F.LIN,0,HK,1,8,1993,8,0
B.RF1,17,F.LIN,0,HK,0,5,1993,8,0
B.RF1,18,F.LIN,3,HK,1,33,1993,8,5
B.RF1,19,F.LIN,0,HK,0,2,1993,8,1
B.RF1,21,F.LIN,0,HK,0,4,1993,8,0
B.RF1,22,F.LIN,1,HK,1,21,1993,8,0
B.RF1,0,F.LIN,0,HK,1,7,1993,9,1
B.RF1,2,F.LIN,0,HK,0,182,1993,9,0
B.RF1,3,F.LIN,10,HK,3,157,1993,9,0
B.RF1,4,F.LIN,6,HK,2,165,1993,9,0
B.RF1,6,F.LIN,0,HK,0,1,1993,9,1
B.RF1,8,F.LIN,1,HK,1,153,1993,9,0
B.RF1,9,F.LIN,2,HK,0,164,1993,9,0
B.RF1,11,F.LIN,5,HK,2,61,1993,9,6
B.RF1,12,F.LIN,0,HK,0,41,1993,9,2
B.RF1,13,F.LIN,2,HK,0,160,1993,9,2
B.RF1,14,F.LIN,0,HK,0,60,1993,9,0
B.RF1,15,F.LIN,0,HK,0,123,1993,9,0
B.RF1,16,F.LIN,0,HK,1,8,1993,9,0
B.RF1,17,F.LIN,1,HK,0,5,1993,9,0
B.RF1,18,F.LIN,2,HK,0,33,1993,9,6
B.RF1,19,F.LIN,0,HK,0,2,1993,9,1
B.RF1,21,F.LIN,0,HK,0,4,1993,9,0
B.RF1,22,F.LIN,0,HK,0,21,1993,9,0
B.RF1,0,F.LIN,0,HK,1,7,1993,10,1
B.RF1,2,F.LIN,0,HK,0,182,1993,10,0
B.RF1,3,F.LIN,7,HK,4,157,1993,10,0
B.RF1,4,F.LIN,6,HK,3,165,1993,10,0
B.RF1,5,F.LIN,0,HK,0,1,1993,10,0
B.RF1,6,F.LIN,0,HK,0,1,1993,10,0
B.RF1,8,F.LIN,1,HK,1,153,1993,10,0
B.RF1,9,F.LIN,2,HK,0,164,1993,10,0
B.RF1,11,F.LIN,6,HK,2,61,1993,10,5
B.RF1,12,F.LIN,1,HK,0,41,1993,10,2
B.RF1,13,F.LIN,4,HK,0,160,1993,10,2
B.RF1,14,F.LIN,1,HK,0,60,1993,10,0
B.RF1,15,F.LIN,0,HK,0,123,1993,10,0
B.RF1,16,F.LIN,0,HK,1,8,1993,10,0
B.RF1,17,F.LIN,0,HK,0,5,1993,10,0
B.RF1,18,F.LIN,0,HK,1,33,1993,10,5
B.RF1,19,F.LIN,0,HK,0,2,1993,10,1
B.RF1,20,F.LIN,7,HK,7,66,1993,10,13
B.RF1,21,F.LIN,1,HK,0,4,1993,10,0
B.RF1,22,F.LIN,0,HK,1,21,1993,10,1
B.RF1,0,F.LIN,0,HK,1,7,1993,11,2
B.RF1,1,F.LIN,1,HK,0,113,1993,11,0
B.RF1,2,F.LIN,1,HK,7,182,1993,11,0
B.RF1,3,F.LIN,10,HK,6,157,1993,11,0
B.RF1,4,F.LIN,4,HK,3,165,1993,11,0
B.RF1,5,F.LIN,0,HK,0,1,1993,11,0
B.RF1,6,F.LIN,0,HK,0,1,1993,11,0
B.RF1,7,F.LIN,0,HK,0,21,1993,11,0
B.RF1,8,F.LIN,1,HK,2,153,1993,11,0
B.RF1,9,F.LIN,2,HK,0,164,1993,11,0
B.RF1,10,F.LIN,4,HK,6,150,1993,11,9
B.RF1,11,F.LIN,3,HK,2,61,1993,11,12
B.RF1,12,F.LIN,1,HK,0,41,1993,11,2
B.RF1,13,F.LIN,3,HK,0,160,1993,11,2
B.RF1,14,F.LIN,4,HK,1,60,1993,11,0
B.RF1,15,F.LIN,0,HK,0,123,1993,11,0
B.RF1,16,F.LIN,0,HK,1,8,1993,11,1
B.RF1,17,F.LIN,0,HK,0,5,1993,11,1
B.RF1,18,F.LIN,1,HK,0,33,1993,11,7
B.RF1,19,F.LIN,0,HK,0,2,1993,11,2
B.RF1,20,F.LIN,8,HK,5,66,1993,11,15
B.RF1,21,F.LIN,1,HK,0,4,1993,11,0
B.RF1,22,F.LIN,0,HK,1,21,1993,11,2
B.RF1,16,F.LIN,0,HK,0,8,1994,1,0
B.RF1,22,F.LIN,0,HK,0,21,1994,1,0
B.RF1,12,F.LIN,0,HK,1,41,1994,2,0
B.RF1,13,F.LIN,4,HK,0,160,1994,2,0
B.RF1,16,F.LIN,0,HK,1,8,1994,2,0
B.RF1,22,F.LIN,0,HK,0,21,1994,2,0
B.RF1,4,F.LIN,0,HK,0,165,1994,3,0
B.RF1,12,F.LIN,0,HK,1,41,1994,3,0
B.RF1,13,F.LIN,3,HK,0,160,1994,3,1
B.RF1,16,F.LIN,0,HK,1,8,1994,3,0
B.RF1,21,F.LIN,0,HK,0,4,1994,3,0
B.RF1,22,F.LIN,0,HK,1,21,1994,3,0
B.RF1,4,F.LIN,0,HK,0,165,1994,4,0
B.RF1,12,F.LIN,0,HK,1,41,1994,4,0
B.RF1,13,F.LIN,4,HK,0,160,1994,4,0
B.RF1,16,F.LIN,0,HK,1,8,1994,4,0
B.RF1,17,F.LIN,0,HK,0,5,1994,4,0
B.RF1,19,F.LIN,0,HK,0,2,1994,4,1
B.RF1,21,F.LIN,0,HK,0,4,1994,4,0
B.RF1,22,F.LIN,0,HK,1,21,1994,4,0
B.RF1,4,F.LIN,0,HK,0,165,1994,5,0
B.RF1,6,F.LIN,0,HK,0,1,1994,5,1
B.RF1,11,F.LIN,3,HK,6,61,1994,5,0
B.RF1,12,F.LIN,1,HK,0,41,1994,5,1
B.RF1,13,F.LIN,5,HK,0,160,1994,5,0
B.RF1,16,F.LIN,0,HK,1,8,1994,5,0
B.RF1,17,F.LIN,0,HK,0,5,1994,5,0
B.RF1,19,F.LIN,0,HK,0,2,1994,5,1
B.RF1,21,F.LIN,0,HK,0,4,1994,5,0
B.RF1,22,F.LIN,1,HK,1,21,1994,5,0
B.RF1,3,F.LIN,4,HK,7,157,1994,6,0
B.RF1,4,F.LIN,8,HK,5,165,1994,6,0
B.RF1,6,F.LIN,0,HK,0,1,1994,6,1
B.RF1,11,F.LIN,5,HK,4,61,1994,6,0
B.RF1,12,F.LIN,1,HK,0,41,1994,6,1
B.RF1,13,F.LIN,4,HK,0,160,1994,6,1
B.RF1,15,F.LIN,0,HK,1,123,1994,6,0
B.RF1,16,F.LIN,0,HK,1,8,1994,6,0
B.RF1,17,F.LIN,0,HK,0,5,1994,6,0
B.RF1,19,F.LIN,0,HK,0,2,1994,6,1
B.RF1,21,F.LIN,0,HK,0,4,1994,6,0
B.RF1,22,F.LIN,1,HK,0,21,1994,6,0
B.RF1,0,F.LIN,0,HK,0,7,1994,7,1
B.RF1,3,F.LIN,5,HK,7,157,1994,7,0
B.RF1,4,F.LIN,7,HK,5,165,1994,7,0
B.RF1,6,F.LIN,0,HK,0,1,1994,7,1
B.RF1,9,F.LIN,2,HK,0,164,1994,7,0
B.RF1,11,F.LIN,4,HK,5,61,1994,7,7
B.RF1,12,F.LIN,0,HK,0,41,1994,7,1
B.RF1,13,F.LIN,2,HK,0,160,1994,7,0
B.RF1,15,F.LIN,0,HK,0,123,1994,7,0
B.RF1,16,F.LIN,0,HK,1,8,1994,7,0
B.RF1,17,F.LIN,0,HK,0,5,1994,7,0
B.RF1,19,F.LIN,0,HK,0,2,1994,7,1
B.RF1,21,F.LIN,0,HK,0,4,1994,7,0
B.RF1,22,F.LIN,0,HK,2,21,1994,7,0
B.RF1,0,F.LIN,0,HK,0,7,1994,8,1
B.RF1,3,F.LIN,6,HK,6,157,1994,8,0
B.RF1,4,F.LIN,6,HK,5,165,1994,8,0
B.RF1,5,F.LIN,0,HK,0,1,1994,8,0
B.RF1,6,F.LIN,0,HK,0,1,1994,8,1
B.RF1,7,F.LIN,0,HK,0,21,1994,8,0
B.RF1,9,F.LIN,2,HK,0,164,1994,8,0
B.RF1,11,F.LIN,6,HK,4,61,1994,8,7
B.RF1,12,F.LIN,0,HK,0,41,1994,8,1
B.RF1,13,F.LIN,2,HK,0,160,1994,8,1
B.RF1,15,F.LIN,0,HK,1,123,1994,8,0
B.RF1,16,F.LIN,0,HK,1,8,1994,8,0
B.RF1,17,F.LIN,1,HK,0,5,1994,8,0
B.RF1,19,F.LIN,0,HK,0,2,1994,8,1
B.RF1,21,F.LIN,0,HK,0,4,1994,8,0
B.RF1,22,F.LIN,0,HK,2,21,1994,8,0
B.RF1,0,F.LIN,0,HK,0,7,1994,9,1
B.RF1,1,F.LIN,0,HK,0,113,1994,9,0
B.RF1,3,F.LIN,8,HK,6,157,1994,9,0
B.RF1,4,F.LIN,6,HK,5,165,1994,9,0
B.RF1,5,F.LIN,0,HK,0,1,1994,9,0
B.RF1,6,F.LIN,0,HK,0,1,1994,9,1
B.RF1,7,F.LIN,0,HK,0,21,1994,9,0
B.RF1,9,F.LIN,2,HK,0,164,1994,9,0
B.RF1,11,F.LIN,5,HK,3,61,1994,9,5
B.RF1,12,F.LIN,0,HK,0,41,1994,9,1
B.RF1,13,F.LIN,1,HK,0,160,1994,9,1
B.RF1,15,F.LIN,0,HK,0,123,1994,9,0
B.RF1,16,F.LIN,0,HK,1,8,1994,9,0
B.RF1,17,F.LIN,0,HK,0,5,1994,9,0
B.RF1,18,F.LIN,0,HK,3,33,1994,9,4
B.RF1,19,F.LIN,0,HK,0,2,1994,9,2
B.RF1,21,F.LIN,0,HK,0,4,1994,9,0
B.RF1,22,F.LIN,1,HK,1,21,1994,9,1
B.RF1,0,F.LIN,0,HK,0,7,1994,10,0
B.RF1,1,F.LIN,0,HK,0,113,1994,10,0
B.RF1,3,F.LIN,5,HK,6,157,1994,10,0
B.RF1,4,F.LIN,5,HK,5,165,1994,10,0
B.RF1,5,F.LIN,0,HK,0,1,1994,10,0
B.RF1,6,F.LIN,0,HK,0,1,1994,10,1
B.RF1,7,F.LIN,0,HK,0,21,1994,10,0
B.RF1,9,F.LIN,2,HK,0,164,1994,10,0
B.RF1,10,F.LIN,5,HK,6,150,1994,10,9
B.RF1,11,F.LIN,3,HK,3,61,1994,10,9
B.RF1,12,F.LIN,0,HK,0,41,1994,10,2
B.RF1,13,F.LIN,1,HK,0,160,1994,10,2
B.RF1,14,F.LIN,0,HK,0,60,1994,10,0
B.RF1,15,F.LIN,0,HK,0,123,1994,10,0
B.RF1,16,F.LIN,0,HK,1,8,1994,10,1
B.RF1,17,F.LIN,0,HK,0,5,1994,10,0
B.RF1,18,F.LIN,2,HK,1,33,1994,10,5
B.RF1,19,F.LIN,0,HK,0,2,1994,10,1
B.RF1,21,F.LIN,0,HK,0,4,1994,10,0
B.RF1,22,F.LIN,1,HK,1,21,1994,10,1
B.RF1,0,F.LIN,0,HK,0,7,1994,11,0
B.RF1,1,F.LIN,0,HK,1,113,1994,11,0
B.RF1,2,F.LIN,1,HK,12,182,1994,11,0
B.RF1,3,F.LIN,5,HK,7,157,1994,11,0
B.RF1,4,F.LIN,5,HK,5,165,1994,11,1
B.RF1,5,F.LIN,0,HK,0,1,1994,11,0
B.RF1,6,F.LIN,0,HK,0,1,1994,11,0
B.RF1,7,F.LIN,0,HK,0,21,1994,11,0
B.RF1,8,F.LIN,1,HK,2,153,1994,11,0
B.RF1,9,F.LIN,2,HK,0,164,1994,11,0
B.RF1,10,F.LIN,5,HK,6,150,1994,11,9
B.RF1,11,F.LIN,3,HK,3,61,1994,11,9
B.RF1,12,F.LIN,1,HK,0,41,1994,11,2
B.RF1,13,F.LIN,2,HK,0,160,1994,11,2
B.RF1,14,F.LIN,0,HK,0,60,1994,11,0
B.RF1,15,F.LIN,0,HK,0,123,1994,11,0
B.RF1,16,F.LIN,0,HK,1,8,1994,11,1
B.RF1,17,F.LIN,0,HK,0,5,1994,11,1
B.RF1,18,F.LIN,0,HK,1,33,1994,11,4
B.RF1,19,F.LIN,0,HK,0,2,1994,11,2
B.RF1,20,F.LIN,5,HK,7,66,1994,11,13
B.RF1,21,F.LIN,1,HK,0,4,1994,11,0
B.RF1,22,F.LIN,0,HK,1,21,1994,11,2
B.RF1,9,F.LIN,0,HK,0,164,1995,1,0
B.RF1,13,F.LIN,0,HK,0,160,1995,1,0
B.RF1,9,F.LIN,0,HK,0,164,1995,2,0
B.RF1,13,F.LIN,1,HK,0,160,1995,2,0
B.RF1,14,F.LIN,0,HK,0,60,1995,2,0
B.RF1,16,F.LIN,0,HK,0,8,1995,2,0
B.RF1,5,F.LIN,0,HK,0,1,1995,3,0
B.RF1,9,F.LIN,1,HK,0,164,1995,3,0
B.RF1,13,F.LIN,2,HK,0,160,1995,3,0
B.RF1,14,F.LIN,1,HK,0,60,1995,3,0
B.RF1,15,F.LIN,1,HK,0,123,1995,3,0
B.RF1,16,F.LIN,0,HK,0,8,1995,3,0
B.RF1,1,F.LIN,0,HK,0,113,1995,4,0
B.RF1,5,F.LIN,0,HK,0,1,1995,4,0
B.RF1,9,F.LIN,0,HK,0,164,1995,4,0
B.RF1,12,F.LIN,1,HK,0,41,1995,4,0
B.RF1,13,F.LIN,1,HK,0,160,1995,4,0
B.RF1,14,F.LIN,0,HK,0,60,1995,4,0
B.RF1,15,F.LIN,0,HK,0,123,1995,4,0
B.RF1,16,F.LIN,0,HK,1,8,1995,4,0
B.RF1,1,F.LIN,0,HK,0,113,1995,5,0
B.RF1,5,F.LIN,0,HK,0,1,1995,5,0
B.RF1,8,F.LIN,0,HK,0,153,1995,5,0
B.RF1,9,F.LIN,0,HK,0,164,1995,5,0
B.RF1,12,F.LIN,1,HK,0,41,1995,5,0
B.RF1,13,F.LIN,2,HK,0,160,1995,5,0
B.RF1,14,F.LIN,0,HK,0,60,1995,5,0
B.RF1,15,F.LIN,0,HK,0,123,1995,5,0
B.RF1,16,F.LIN,0,HK,1,8,1995,5,0
B.RF1,22,F.LIN,0,HK,0,21,1995,5,0
B.RF1,1,F.LIN,0,HK,0,113,1995,6,0
B.RF1,5,F.LIN,0,HK,0,1,1995,6,0
B.RF1,8,F.LIN,0,HK,1,153,1995,6,0
B.RF1,9,F.LIN,0,HK,0,164,1995,6,0
B.RF1,12,F.LIN,0,HK,0,41,1995,6,0
B.RF1,13,F.LIN,1,HK,0,160,1995,6,0
B.RF1,14,F.LIN,0,HK,0,60,1995,6,0
B.RF1,15,F.LIN,0,HK,0,123,1995,6,0
B.RF1,16,F.LIN,0,HK,1,8,1995,6,0
B.RF1,17,F.LIN,1,HK,0,5,1995,6,0
B.RF1,19,F.LIN,0,HK,0,2,1995,6,0
B.RF1,22,F.LIN,0,HK,0,21,1995,6,0
B.RF1,1,F.LIN,0,HK,0,113,1995,7,0
B.RF1,5,F.LIN,0,HK,0,1,1995,7,0
B.RF1,6,F.LIN,0,HK,0,1,1995,7,1
B.RF1,8,F.LIN,1,HK,1,153,1995,7,0
B.RF1,9,F.LIN,0,HK,0,164,1995,7,0
B.RF1,12,F.LIN,1,HK,0,41,1995,7,0
B.RF1,13,F.LIN,1,HK,1,160,1995,7,1
B.RF1,14,F.LIN,0,HK,0,60,1995,7,0
B.RF1,15,F.LIN,0,HK,0,123,1995,7,0
B.RF1,16,F.LIN,0,HK,1,8,1995,7,0
B.RF1,17,F.LIN,0,HK,1,5,1995,7,0
B.RF1,18,F.LIN,2,HK,1,33,1995,7,0
B.RF1,19,F.LIN,0,HK,0,2,1995,7,1
B.RF1,22,F.LIN,0,HK,0,21,1995,7,0
B.RF1,0,F.LIN,2,HK,0,7,1995,8,1
B.RF1,1,F.LIN,0,HK,0,113,1995,8,0
B.RF1,5,F.LIN,0,HK,0,1,1995,8,0
B.RF1,6,F.LIN,0,HK,0,1,1995,8,0
B.RF1,8,F.LIN,0,HK,1,153,1995,8,0
B.RF1,9,F.LIN,0,HK,0,164,1995,8,0
B.RF1,12,F.LIN,1,HK,0,41,1995,8,1
B.RF1,13,F.LIN,1,HK,1,160,1995,8,0
B.RF1,14,F.LIN,0,HK,0,60,1995,8,0
B.RF1,15,F.LIN,0,HK,0,123,1995,8,0
B.RF1,16,F.LIN,0,HK,1,8,1995,8,0
B.RF1,17,F.LIN,0,HK,0,5,1995,8,1
B.RF1,18,F.LIN,1,HK,0,33,1995,8,4
B.RF1,19,F.LIN,0,HK,0,2,1995,8,0
B.RF1,20,F.LIN,2,HK,6,66,1995,8,1
B.RF1,22,F.LIN,0,HK,1,21,1995,8,0
B.RF1,0,F.LIN,2,HK,1,7,1995,9,0
B.RF1,1,F.LIN,0,HK,0,113,1995,9,0
B.RF1,3,F.LIN,1,HK,0,157,1995,9,0
B.RF1,5,F.LIN,0,HK,0,1,1995,9,0
B.RF1,6,F.LIN,0,HK,0,1,1995,9,0
B.RF1,8,F.LIN,0,HK,1,153,1995,9,0
B.RF1,9,F.LIN,0,HK,0,164,1995,9,0
B.RF1,11,F.LIN,2,HK,2,61,1995,9,6
B.RF1,12,F.LIN,2,HK,0,41,1995,9,1
B.RF1,13,F.LIN,1,HK,0,160,1995,9,0
B.RF1,14,F.LIN,0,HK,0,60,1995,9,0
B.RF1,15,F.LIN,0,HK,0,123,1995,9,0
B.RF1,16,F.LIN,0,HK,1,8,1995,9,1
B.RF1,17,F.LIN,0,HK,0,5,1995,9,0
B.RF1,18,F.LIN,1,HK,0,33,1995,9,4
B.RF1,19,F.LIN,0,HK,0,2,1995,9,0
B.RF1,20,F.LIN,2,HK,6,66,1995,9,2
B.RF1,22,F.LIN,0,HK,3,21,1995,9,0
B.RF1,0,F.LIN,0,HK,1,7,1995,10,1
B.RF1,1,F.LIN,0,HK,0,113,1995,10,0
B.RF1,2,F.LIN,0,HK,1,182,1995,10,0
B.RF1,3,F.LIN,1,HK,0,157,1995,10,0
B.RF1,5,F.LIN,0,HK,0,1,1995,10,0
B.RF1,6,F.LIN,0,HK,0,1,1995,10,0
B.RF1,8,F.LIN,0,HK,1,153,1995,10,0
B.RF1,9,F.LIN,0,HK,0,164,1995,10,0
B.RF1,11,F.LIN,4,HK,2,61,1995,10,6
B.RF1,12,F.LIN,0,HK,0,41,1995,10,1
B.RF1,13,F.LIN,0,HK,0,160,1995,10,0
B.RF1,14,F.LIN,0,HK,0,60,1995,10,0
B.RF1,15,F.LIN,0,HK,0,123,1995,10,0
B.RF1,16,F.LIN,0,HK,1,8,1995,10,1
B.RF1,17,F.LIN,0,HK,0,5,1995,10,0
B.RF1,18,F.LIN,2,HK,2,33,1995,10,4
B.RF1,19,F.LIN,0,HK,0,2,1995,10,1
B.RF1,20,F.LIN,6,HK,6,66,1995,10,8
B.RF1,21,F.LIN,0,HK,0,4,1995,10,0
B.RF1,22,F.LIN,0,HK,3,21,1995,10,0
B.RF1,0,F.LIN,0,HK,0,7,1995,11,0
B.RF1,1,F.LIN,1,HK,0,113,1995,11,0
B.RF1,2,F.LIN,1,HK,4,182,1995,11,1
B.RF1,3,F.LIN,4,HK,5,157,1995,11,1
B.RF1,4,F.LIN,4,HK,7,165,1995,11,0
B.RF1,5,F.LIN,0,HK,0,1,1995,11,0
B.RF1,6,F.LIN,0,HK,0,1,1995,11,0
B.RF1,7,F.LIN,0,HK,0,21,1995,11,0
B.RF1,8,F.LIN,0,HK,0,153,1995,11,0
B.RF1,9,F.LIN,0,HK,0,164,1995,11,0
B.RF1,10,F.LIN,9,HK,4,150,1995,11,7
B.RF1,11,F.LIN,5,HK,1,61,1995,11,8
B.RF1,12,F.LIN,0,HK,0,41,1995,11,2
B.RF1,13,F.LIN,0,HK,0,160,1995,11,0
B.RF1,14,F.LIN,0,HK,0,60,1995,11,0
B.RF1,15,F.LIN,0,HK,0,123,1995,11,0
B.RF1,16,F.LIN,0,HK,1,8,1995,11,0
B.RF1,17,F.LIN,0,HK,0,5,1995,11,0
B.RF1,18,F.LIN,2,HK,2,33,1995,11,5
B.RF1,19,F.LIN,0,HK,0,2,1995,11,1
B.RF1,20,F.LIN,6,HK,5,66,1995,11,8
B.RF1,21,F.LIN,0,HK,0,4,1995,11,0
B.RF1,22,F.LIN,0,HK,3,21,1995,11,0
B.RF1,0,G.RF1,0,HK,0,7,1993,1,0
B.RF1,4,G.RF1,0,HK,0,165,1993,1,0
B.RF1,0,G.RF1,0,HK,0,7,1993,2,0
B.RF1,4,G.RF1,0,HK,0,165,1993,2,0
B.RF1,8,G.RF1,0,HK,0,153,1993,2,0
B.RF1,12,G.RF1,1,HK,1,41,1993,2,0
B.RF1,0,G.RF1,0,HK,0,7,1993,3,0
B.RF1,2,G.RF1,0,HK,0,182,1993,3,0
B.RF1,4,G.RF1,1,HK,0,165,1993,3,0
B.RF1,8,G.RF1,0,HK,0,153,1993,3,0
B.RF1,11,G.RF1,4,HK,1,61,1993,3,2
B.RF1,12,G.RF1,1,HK,2,41,1993,3,0
B.RF1,0,G.RF1,0,HK,0,7,1993,4,0
B.RF1,2,G.RF1,0,HK,0,182,1993,4,0
B.RF1,3,G.RF1,13,HK,5,157,1993,4,0
B.RF1,4,G.RF1,5,HK,5,165,1993,4,3
B.RF1,8,G.RF1,0,HK,0,153,1993,4,0
B.RF1,11,G.RF1,2,HK,2,61,1993,4,2
B.RF1,12,G.RF1,2,HK,1,41,1993,4,0
B.RF1,17,G.RF1,0,HK,0,5,1993,4,0
B.RF1,0,G.RF1,0,HK,1,7,1993,5,1
B.RF1,2,G.RF1,0,HK,0,182,1993,5,0
B.RF1,3,G.RF1,12,HK,5,157,1993,5,0
B.RF1,4,G.RF1,4,HK,4,165,1993,5,3
B.RF1,8,G.RF1,1,HK,1,153,1993,5,0
B.RF1,11,G.RF1,5,HK,4,61,1993,5,9
B.RF1,12,G.RF1,4,HK,1,41,1993,5,1
B.RF1,16,G.RF1,0,HK,1,8,1993,5,0
B.RF1,17,G.RF1,0,HK,0,5,1993,5,0
B.RF1,21,G.RF1,0,HK,0,4,1993,5,0
B.RF1,0,G.RF1,0,HK,1,7,1993,6,2
B.RF1,2,G.RF1,0,HK,0,182,1993,6,0
B.RF1,3,G.RF1,12,HK,5,157,1993,6,0
B.RF1,4,G.RF1,5,HK,4,165,1993,6,2
B.RF1,8,G.RF1,1,HK,1,153,1993,6,0
B.RF1,11,G.RF1,5,HK,4,61,1993,6,8
B.RF1,12,G.RF1,4,HK,1,41,1993,6,1
B.RF1,13,G.RF1,0,HK,0,160,1993,6,1
B.RF1,16,G.RF1,0,HK,1,8,1993,6,0
B.RF1,17,G.RF1,0,HK,0,5,1993,6,0
B.RF1,21,G.RF1,0,HK,0,4,1993,6,0
B.RF1,22,G.RF1,1,HK,1,21,1993,6,0
B.RF1,0,G.RF1,0,HK,1,7,1993,7,2
B.RF1,2,G.RF1,0,HK,0,182,1993,7,0
B.RF1,3,G.RF1,12,HK,4,157,1993,7,0
B.RF1,4,G.RF1,6,HK,4,165,1993,7,1
B.RF1,8,G.RF1,0,HK,2,153,1993,7,0
B.RF1,11,G.RF1,5,HK,4,61,1993,7,8
B.RF1,12,G.RF1,4,HK,1,41,1993,7,1
B.RF1,13,G.RF1,1,HK,0,160,1993,7,1
B.RF1,14,G.RF1,0,HK,0,60,1993,7,0
B.RF1,16,G.RF1,0,HK,1,8,1993,7,0
B.RF1,17,G.RF1,0,HK,0,5,1993,7,0
B.RF1,18,G.RF1,4,HK,1,33,1993,7,3
B.RF1,21,G.RF1,0,HK,0,4,1993,7,0
B.RF1,22,G.RF1,1,HK,1,21,1993,7,0
B.RF1,0,G.RF1,0,HK,1,7,1993,8,2
B.RF1,2,G.RF1,0,HK,0,182,1993,8,0
B.RF1,3,G.RF1,15,HK,2,157,1993,8,0
B.RF1,4,G.RF1,6,HK,4,165,1993,8,2
B.RF1,8,G.RF1,1,HK,1,153,1993,8,0
B.RF1,9,G.RF1,0,HK,0,164,1993,8,0
B.RF1,11,G.RF1,5,HK,5,61,1993,8,9
B.RF1,12,G.RF1,4,HK,1,41,1993,8,1
B.RF1,13,G.RF1,0,HK,0,160,1993,8,1
B.RF1,14,G.RF1,0,HK,0,60,1993,8,0
B.RF1,16,G.RF1,0,HK,1,8,1993,8,0
B.RF1,17,G.RF1,0,HK,0,5,1993,8,1
B.RF1,18,G.RF1,5,HK,1,33,1993,8,6
B.RF1,19,G.RF1,0,HK,0,2,1993,8,0
B.RF1,21,G.RF1,0,HK,0,4,1993,8,1
B.RF1,22,G.RF1,1,HK,2,21,1993,8,0
B.RF1,0,G.RF1,0,HK,1,7,1993,9,2
B.RF1,2,G.RF1,0,HK,0,182,1993,9,0
B.RF1,3,G.RF1,14,HK,3,157,1993,9,0
B.RF1,4,G.RF1,6,HK,4,165,1993,9,1
B.RF1,6,G.RF1,0,HK,0,1,1993,9,1
B.RF1,8,G.RF1,1,HK,2,153,1993,9,0
B.RF1,9,G.RF1,1,HK,0,164,1993,9,0
B.RF1,11,G.RF1,6,HK,5,61,1993,9,8
B.RF1,12,G.RF1,4,HK,1,41,1993,9,1
B.RF1,13,G.RF1,1,HK,0,160,1993,9,2
B.RF1,14,G.RF1,0,HK,0,60,1993,9,0
B.RF1,15,G.RF1,0,HK,0,123,1993,9,0
B.RF1,16,G.RF1,0,HK,1,8,1993,9,0
B.RF1,17,G.RF1,0,HK,0,5,1993,9,0
B.RF1,18,G.RF1,4,HK,1,33,1993,9,4
B.RF1,19,G.RF1,0,HK,0,2,1993,9,0
B.RF1,21,G.RF1,0,HK,0,4,1993,9,1
B.RF1,22,G.RF1,0,HK,1,21,1993,9,1
B.RF1,0,G.RF1,0,HK,1,7,1993,10,2
B.RF1,2,G.RF1,0,HK,0,182,1993,10,0
B.RF1,3,G.RF1,11,HK,2,157,1993,10,0
B.RF1,4,G.RF1,4,HK,5,165,1993,10,1
B.RF1,5,G.RF1,0,HK,0,1,1993,10,0
B.RF1,6,G.RF1,0,HK,0,1,1993,10,0
B.RF1,8,G.RF1,1,HK,1,153,1993,10,0
B.RF1,9,G.RF1,1,HK,0,164,1993,10,0
B.RF1,11,G.RF1,6,HK,6,61,1993,10,7
B.RF1,12,G.RF1,4,HK,1,41,1993,10,1
B.RF1,13,G.RF1,2,HK,0,160,1993,10,1
B.RF1,14,G.RF1,2,HK,0,60,1993,10,0
B.RF1,15,G.RF1,0,HK,0,123,1993,10,0
B.RF1,16,G.RF1,0,HK,2,8,1993,10,0
B.RF1,17,G.RF1,0,HK,0,5,1993,10,0
B.RF1,18,G.RF1,4,HK,0,33,1993,10,7
B.RF1,19,G.RF1,0,HK,0,2,1993,10,0
B.RF1,20,G.RF1,6,HK,6,66,1993,10,19
B.RF1,21,G.RF1,1,HK,0,4,1993,10,1
B.RF1,22,G.RF1,0,HK,1,21,1993,10,2
B.RF1,0,G.RF1,0,HK,1,7,1993,11,2
B.RF1,1,G.RF1,6,HK,0,113,1993,11,0
B.RF1,2,G.RF1,1,HK,5,182,1993,11,0
B.RF1,3,G.RF1,14,HK,4,157,1993,11,0
B.RF1,4,G.RF1,3,HK,5,165,1993,11,1
B.RF1,5,G.RF1,0,HK,0,1,1993,11,0
B.RF1,6,G.RF1,0,HK,0,1,1993,11,0
B.RF1,7,G.RF1,0,HK,0,21,1993,11,0
B.RF1,8,G.RF1,1,HK,3,153,1993,11,0
B.RF1,9,G.RF1,1,HK,0,164,1993,11,0
B.RF1,10,G.RF1,9,HK,6,150,1993,11,6
B.RF1,11,G.RF1,3,HK,6,61,1993,11,10
B.RF1,12,G.RF1,3,HK,0,41,1993,11,1
B.RF1,13,G.RF1,1,HK,0,160,1993,11,1
B.RF1,14,G.RF1,4,HK,1,60,1993,11,0
B.RF1,15,G.RF1,0,HK,0,123,1993,11,0
B.RF1,16,G.RF1,1,HK,1,8,1993,11,1
B.RF1,17,G.RF1,0,HK,1,5,1993,11,0
B.RF1,18,G.RF1,4,HK,0,33,1993,11,6
B.RF1,19,G.RF1,0,HK,0,2,1993,11,1
B.RF1,20,G.RF1,5,HK,5,66,1993,11,17
B.RF1,21,G.RF1,1,HK,0,4,1993,11,1
B.RF1,22,G.RF1,0,HK,1,21,1993,11,2
B.RF1,16,G.RF1,0,HK,0,8,1994,1,0
B.RF1,22,G.RF1,0,HK,0,21,1994,1,0
B.RF1,12,G.RF1,0,HK,1,41,1994,2,0
B.RF1,13,G.RF1,3,HK,0,160,1994,2,0
B.RF1,16,G.RF1,0,HK,1,8,1994,2,0
B.RF1,22,G.RF1,0,HK,0,21,1994,2,0
B.RF1,4,G.RF1,0,HK,0,165,1994,3,0
B.RF1,12,G.RF1,1,HK,2,41,1994,3,0
B.RF1,13,G.RF1,2,HK,0,160,1994,3,1
B.RF1,16,G.RF1,0,HK,1,8,1994,3,0
B.RF1,21,G.RF1,0,HK,0,4,1994,3,0
B.RF1,22,G.RF1,1,HK,2,21,1994,3,0
B.RF1,4,G.RF1,0,HK,0,165,1994,4,0
B.RF1,12,G.RF1,2,HK,2,41,1994,4,0
B.RF1,13,G.RF1,2,HK,0,160,1994,4,1
B.RF1,16,G.RF1,0,HK,1,8,1994,4,0
B.RF1,17,G.RF1,0,HK,1,5,1994,4,0
B.RF1,19,G.RF1,0,HK,0,2,1994,4,0
B.RF1,21,G.RF1,0,HK,0,4,1994,4,1
B.RF1,22,G.RF1,1,HK,1,21,1994,4,0
B.RF1,4,G.RF1,0,HK,0,165,1994,5,0
B.RF1,6,G.RF1,0,HK,0,1,1994,5,1
B.RF1,11,G.RF1,2,HK,7,61,1994,5,1
B.RF1,12,G.RF1,3,HK,1,41,1994,5,0
B.RF1,13,G.RF1,2,HK,0,160,1994,5,1
B.RF1,16,G.RF1,0,HK,1,8,1994,5,0
B.RF1,17,G.RF1,0,HK,1,5,1994,5,0
B.RF1,19,G.RF1,0,HK,0,2,1994,5,0
B.RF1,21,G.RF1,0,HK,0,4,1994,5,1
B.RF1,22,G.RF1,1,HK,1,21,1994,5,0
B.RF1,3,G.RF1,11,HK,5,157,1994,6,0
B.RF1,4,G.RF1,6,HK,4,165,1994,6,0
B.RF1,6,G.RF1,0,HK,0,1,1994,6,1
B.RF1,11,G.RF1,4,HK,5,61,1994,6,1
B.RF1,12,G.RF1,4,HK,1,41,1994,6,1
B.RF1,13,G.RF1,1,HK,0,160,1994,6,2
B.RF1,15,G.RF1,0,HK,1,123,1994,6,0
B.RF1,16,G.RF1,0,HK,1,8,1994,6,0
B.RF1,17,G.RF1,0,HK,0,5,1994,6,0
B.RF1,19,G.RF1,0,HK,0,2,1994,6,0
B.RF1,21,G.RF1,0,HK,0,4,1994,6,1
B.RF1,22,G.RF1,2,HK,1,21,1994,6,0
B.RF1,0,G.RF1,1,HK,0,7,1994,7,0
B.RF1,3,G.RF1,9,HK,6,157,1994,7,0
B.RF1,4,G.RF1,6,HK,4,165,1994,7,0
B.RF1,6,G.RF1,0,HK,0,1,1994,7,1
B.RF1,9,G.RF1,1,HK,0,164,1994,7,0
B.RF1,11,G.RF1,4,HK,9,61,1994,7,5
B.RF1,12,G.RF1,3,HK,1,41,1994,7,1
B.RF1,13,G.RF1,1,HK,0,160,1994,7,1
B.RF1,15,G.RF1,0,HK,0,123,1994,7,0
B.RF1,16,G.RF1,0,HK,1,8,1994,7,0
B.RF1,17,G.RF1,0,HK,1,5,1994,7,0
B.RF1,19,G.RF1,0,HK,0,2,1994,7,0
B.RF1,21,G.RF1,0,HK,0,4,1994,7,1
B.RF1,22,G.RF1,0,HK,1,21,1994,7,1
B.RF1,0,G.RF1,1,HK,1,7,1994,8,0
B.RF1,3,G.RF1,12,HK,6,157,1994,8,0
B.RF1,4,G.RF1,7,HK,5,165,1994,8,0
B.RF1,5,G.RF1,0,HK,0,1,1994,8,0
B.RF1,6,G.RF1,0,HK,0,1,1994,8,1
B.RF1,7,G.RF1,0,HK,0,21,1994,8,0
B.RF1,9,G.RF1,1,HK,0,164,1994,8,0
B.RF1,11,G.RF1,4,HK,8,61,1994,8,6
B.RF1,12,G.RF1,3,HK,1,41,1994,8,1
B.RF1,13,G.RF1,1,HK,0,160,1994,8,1
B.RF1,15,G.RF1,0,HK,1,123,1994,8,0
B.RF1,16,G.RF1,0,HK,1,8,1994,8,0
B.RF1,17,G.RF1,0,HK,0,5,1994,8,0
B.RF1,19,G.RF1,0,HK,0,2,1994,8,0
B.RF1,21,G.RF1,0,HK,0,4,1994,8,1
B.RF1,22,G.RF1,0,HK,2,21,1994,8,1
B.RF1,0,G.RF1,1,HK,1,7,1994,9,0
B.RF1,1,G.RF1,0,HK,1,113,1994,9,0
B.RF1,3,G.RF1,9,HK,5,157,1994,9,0
B.RF1,4,G.RF1,7,HK,5,165,1994,9,0
B.RF1,5,G.RF1,0,HK,0,1,1994,9,0
B.RF1,6,G.RF1,0,HK,0,1,1994,9,1
B.RF1,7,G.RF1,0,HK,0,21,1994,9,0
B.RF1,9,G.RF1,1,HK,0,164,1994,9,0
B.RF1,11,G.RF1,4,HK,9,61,1994,9,6
B.RF1,12,G.RF1,3,HK,1,41,1994,9,1
B.RF1,13,G.RF1,0,HK,0,160,1994,9,1
B.RF1,15,G.RF1,0,HK,0,123,1994,9,0
B.RF1,16,G.RF1,0,HK,1,8,1994,9,0
B.RF1,17,G.RF1,0,HK,0,5,1994,9,0
B.RF1,18,G.RF1,1,HK,3,33,1994,9,2
B.RF1,19,G.RF1,0,HK,0,2,1994,9,1
B.RF1,21,G.RF1,0,HK,0,4,1994,9,1
B.RF1,22,G.RF1,0,HK,2,21,1994,9,1
B.RF1,0,G.RF1,1,HK,1,7,1994,10,1
B.RF1,1,G.RF1,0,HK,1,113,1994,10,0
B.RF1,3,G.RF1,7,HK,6,157,1994,10,0
B.RF1,4,G.RF1,5,HK,5,165,1994,10,0
B.RF1,5,G.RF1,0,HK,0,1,1994,10,0
B.RF1,6,G.RF1,0,HK,0,1,1994,10,1
B.RF1,7,G.RF1,0,HK,0,21,1994,10,0
B.RF1,9,G.RF1,1,HK,0,164,1994,10,0
B.RF1,10,G.RF1,6,HK,9,150,1994,10,7
B.RF1,11,G.RF1,3,HK,7,61,1994,10,10
B.RF1,12,G.RF1,1,HK,1,41,1994,10,1
B.RF1,13,G.RF1,0,HK,0,160,1994,10,2
B.RF1,14,G.RF1,1,HK,0,60,1994,10,0
B.RF1,15,G.RF1,0,HK,0,123,1994,10,0
B.RF1,16,G.RF1,1,HK,1,8,1994,10,1
B.RF1,17,G.RF1,0,HK,0,5,1994,10,0
B.RF1,18,G.RF1,1,HK,2,33,1994,10,3
B.RF1,19,G.RF1,0,HK,0,2,1994,10,0
B.RF1,21,G.RF1,0,HK,0,4,1994,10,1
B.RF1,22,G.RF1,0,HK,2,21,1994,10,1
B.RF1,0,G.RF1,1,HK,1,7,1994,11,1
B.RF1,1,G.RF1,2,HK,0,113,1994,11,0
B.RF1,2,G.RF1,1,HK,10,182,1994,11,0
B.RF1,3,G.RF1,10,HK,6,157,1994,11,0
B.RF1,4,G.RF1,5,HK,5,165,1994,11,1
B.RF1,5,G.RF1,0,HK,0,1,1994,11,0
B.RF1,6,G.RF1,0,HK,0,1,1994,11,0
B.RF1,7,G.RF1,0,HK,0,21,1994,11,0
B.RF1,8,G.RF1,0,HK,4,153,1994,11,0
B.RF1,9,G.RF1,1,HK,0,164,1994,11,0
B.RF1,10,G.RF1,8,HK,9,150,1994,11,7
B.RF1,11,G.RF1,3,HK,7,61,1994,11,10
B.RF1,12,G.RF1,2,HK,1,41,1994,11,1
B.RF1,13,G.RF1,1,HK,0,160,1994,11,1
B.RF1,14,G.RF1,1,HK,1,60,1994,11,0
B.RF1,15,G.RF1,0,HK,0,123,1994,11,0
B.RF1,16,G.RF1,1,HK,1,8,1994,11,1
B.RF1,17,G.RF1,0,HK,1,5,1994,11,0
B.RF1,18,G.RF1,2,HK,0,33,1994,11,5
B.RF1,19,G.RF1,0,HK,0,2,1994,11,2
B.RF1,20,G.RF1,2,HK,5,66,1994,11,18
B.RF1,21,G.RF1,1,HK,0,4,1994,11,1
B.RF1,22,G.RF1,0,HK,2,21,1994,11,2
B.RF1,9,G.RF1,0,HK,0,164,1995,1,0
B.RF1,13,G.RF1,0,HK,0,160,1995,1,0
B.RF1,9,G.RF1,0,HK,0,164,1995,2,0
B.RF1,13,G.RF1,1,HK,0,160,1995,2,0
B.RF1,14,G.RF1,0,HK,0,60,1995,2,0
B.RF1,16,G.RF1,0,HK,0,8,1995,2,0
B.RF1,5,G.RF1,0,HK,0,1,1995,3,0
B.RF1,9,G.RF1,0,HK,0,164,1995,3,0
B.RF1,13,G.RF1,1,HK,0,160,1995,3,0
B.RF1,14,G.RF1,1,HK,0,60,1995,3,0
B.RF1,15,G.RF1,1,HK,0,123,1995,3,0
B.RF1,16,G.RF1,0,HK,0,8,1995,3,0
B.RF1,1,G.RF1,0,HK,0,113,1995,4,0
B.RF1,5,G.RF1,0,HK,0,1,1995,4,0
B.RF1,9,G.RF1,0,HK,0,164,1995,4,0
B.RF1,12,G.RF1,1,HK,0,41,1995,4,0
B.RF1,13,G.RF1,1,HK,1,160,1995,4,0
B.RF1,14,G.RF1,1,HK,0,60,1995,4,0
B.RF1,15,G.RF1,0,HK,0,123,1995,4,0
B.RF1,16,G.RF1,0,HK,1,8,1995,4,0
B.RF1,1,G.RF1,0,HK,0,113,1995,5,0
B.RF1,5,G.RF1,0,HK,0,1,1995,5,0
B.RF1,8,G.RF1,0,HK,0,153,1995,5,0
B.RF1,9,G.RF1,0,HK,0,164,1995,5,0
B.RF1,12,G.RF1,1,HK,0,41,1995,5,0
B.RF1,13,G.RF1,2,HK,1,160,1995,5,1
B.RF1,14,G.RF1,1,HK,0,60,1995,5,0
B.RF1,15,G.RF1,0,HK,0,123,1995,5,0
B.RF1,16,G.RF1,0,HK,1,8,1995,5,0
B.RF1,22,G.RF1,0,HK,0,21,1995,5,0
B.RF1,1,G.RF1,0,HK,0,113,1995,6,0
B.RF1,5,G.RF1,0,HK,0,1,1995,6,0
B.RF1,8,G.RF1,0,HK,1,153,1995,6,0
B.RF1,9,G.RF1,0,HK,0,164,1995,6,0
B.RF1,12,G.RF1,1,HK,0,41,1995,6,0
B.RF1,13,G.RF1,1,HK,1,160,1995,6,1
B.RF1,14,G.RF1,0,HK,0,60,1995,6,0
B.RF1,15,G.RF1,0,HK,0,123,1995,6,0
B.RF1,16,G.RF1,0,HK,1,8,1995,6,0
B.RF1,17,G.RF1,0,HK,0,5,1995,6,0
B.RF1,19,G.RF1,0,HK,0,2,1995,6,1
B.RF1,22,G.RF1,0,HK,0,21,1995,6,0
B.RF1,1,G.RF1,0,HK,0,113,1995,7,0
B.RF1,5,G.RF1,0,HK,0,1,1995,7,0
B.RF1,6,G.RF1,0,HK,0,1,1995,7,1
B.RF1,8,G.RF1,0,HK,2,153,1995,7,0
B.RF1,9,G.RF1,0,HK,0,164,1995,7,0
B.RF1,12,G.RF1,2,HK,0,41,1995,7,0
B.RF1,13,G.RF1,1,HK,1,160,1995,7,2
B.RF1,14,G.RF1,0,HK,0,60,1995,7,0
B.RF1,15,G.RF1,0,HK,0,123,1995,7,0
B.RF1,16,G.RF1,0,HK,1,8,1995,7,0
B.RF1,17,G.RF1,0,HK,1,5,1995,7,0
B.RF1,18,G.RF1,2,HK,2,33,1995,7,0
B.RF1,19,G.RF1,0,HK,0,2,1995,7,1
B.RF1,22,G.RF1,1,HK,0,21,1995,7,0
B.RF1,0,G.RF1,2,HK,0,7,1995,8,0
B.RF1,1,G.RF1,0,HK,0,113,1995,8,0
B.RF1,5,G.RF1,0,HK,0,1,1995,8,0
B.RF1,6,G.RF1,0,HK,0,1,1995,8,0
B.RF1,8,G.RF1,0,HK,2,153,1995,8,0
B.RF1,9,G.RF1,0,HK,0,164,1995,8,0
B.RF1,12,G.RF1,2,HK,0,41,1995,8,1
B.RF1,13,G.RF1,1,HK,1,160,1995,8,1
B.RF1,14,G.RF1,0,HK,0,60,1995,8,0
B.RF1,15,G.RF1,0,HK,0,123,1995,8,0
B.RF1,16,G.RF1,0,HK,1,8,1995,8,0
B.RF1,17,G.RF1,0,HK,0,5,1995,8,0
B.RF1,18,G.RF1,2,HK,2,33,1995,8,1
B.RF1,19,G.RF1,0,HK,0,2,1995,8,0
B.RF1,20,G.RF1,4,HK,4,66,1995,8,3
B.RF1,22,G.RF1,1,HK,1,21,1995,8,1
B.RF1,0,G.RF1,2,HK,1,7,1995,9,0
B.RF1,1,G.RF1,0,HK,0,113,1995,9,0
B.RF1,3,G.RF1,1,HK,0,157,1995,9,0
B.RF1,5,G.RF1,0,HK,0,1,1995,9,0
B.RF1,6,G.RF1,0,HK,0,1,1995,9,0
B.RF1,8,G.RF1,0,HK,2,153,1995,9,0
B.RF1,9,G.RF1,0,HK,0,164,1995,9,0
B.RF1,11,G.RF1,2,HK,2,61,1995,9,6
B.RF1,12,G.RF1,2,HK,0,41,1995,9,1
B.RF1,13,G.RF1,1,HK,0,160,1995,9,2
B.RF1,14,G.RF1,0,HK,0,60,1995,9,0
B.RF1,15,G.RF1,0,HK,0,123,1995,9,0
B.RF1,16,G.RF1,0,HK,1,8,1995,9,0
B.RF1,17,G.RF1,0,HK,0,5,1995,9,1
B.RF1,18,G.RF1,1,HK,3,33,1995,9,1
B.RF1,19,G.RF1,0,HK,0,2,1995,9,0
B.RF1,20,G.RF1,3,HK,4,66,1995,9,3
B.RF1,22,G.RF1,0,HK,2,21,1995,9,0
B.RF1,0,G.RF1,2,HK,1,7,1995,10,0
B.RF1,1,G.RF1,0,HK,0,113,1995,10,0
B.RF1,2,G.RF1,0,HK,1,182,1995,10,0
B.RF1,3,G.RF1,1,HK,0,157,1995,10,0
B.RF1,5,G.RF1,0,HK,0,1,1995,10,0
B.RF1,6,G.RF1,0,HK,0,1,1995,10,0
B.RF1,8,G.RF1,0,HK,2,153,1995,10,0
B.RF1,9,G.RF1,0,HK,0,164,1995,10,0
B.RF1,11,G.RF1,2,HK,2,61,1995,10,7
B.RF1,12,G.RF1,2,HK,1,41,1995,10,1
B.RF1,13,G.RF1,0,HK,0,160,1995,10,2
B.RF1,14,G.RF1,0,HK,0,60,1995,10,0
B.RF1,15,G.RF1,0,HK,0,123,1995,10,0
B.RF1,16,G.RF1,0,HK,1,8,1995,10,0
B.RF1,17,G.RF1,0,HK,0,5,1995,10,1
B.RF1,18,G.RF1,2,HK,5,33,1995,10,3
B.RF1,19,G.RF1,0,HK,0,2,1995,10,1
B.RF1,20,G.RF1,4,HK,6,66,1995,10,2
B.RF1,21,G.RF1,0,HK,0,4,1995,10,1
B.RF1,22,G.RF1,1,HK,3,21,1995,10,0
B.RF1,0,G.RF1,2,HK,0,7,1995,11,0
B.RF1,1,G.RF1,0,HK,0,113,1995,11,0
B.RF1,2,G.RF1,1,HK,4,182,1995,11,0
B.RF1,3,G.RF1,8,HK,4,157,1995,11,1
B.RF1,4,G.RF1,5,HK,6,165,1995,11,0
B.RF1,5,G.RF1,0,HK,0,1,1995,11,0
B.RF1,6,G.RF1,0,HK,0,1,1995,11,0
B.RF1,7,G.RF1,0,HK,0,21,1995,11,0
B.RF1,8,G.RF1,0,HK,1,153,1995,11,0
B.RF1,9,G.RF1,0,HK,0,164,1995,11,0
B.RF1,10,G.RF1,6,HK,4,150,1995,11,8
B.RF1,11,G.RF1,5,HK,5,61,1995,11,10
B.RF1,12,G.RF1,1,HK,0,41,1995,11,2
B.RF1,13,G.RF1,0,HK,0,160,1995,11,2
B.RF1,14,G.RF1,0,HK,0,60,1995,11,0
B.RF1,15,G.RF1,0,HK,0,123,1995,11,0
B.RF1,16,G.RF1,0,HK,1,8,1995,11,0
B.RF1,17,G.RF1,0,HK,0,5,1995,11,0
B.RF1,18,G.RF1,2,HK,3,33,1995,11,4
B.RF1,19,G.RF1,0,HK,0,2,1995,11,1
B.RF1,20,G.RF1,5,HK,7,66,1995,11,2
B.RF1,21,G.RF1,0,HK,0,4,1995,11,1
B.RF1,22,G.RF1,1,HK,3,21,1995,11,0
B.LIN,0,G.LIN,0,HK,0,7,1993,1,0
B.LIN,4,G.LIN,0,HK,0,165,1993,1,0
B.LIN,0,G.LIN,0,HK,0,7,1993,2,0
B.LIN,4,G.LIN,0,HK,0,165,1993,2,0
B.LIN,8,G.LIN,0,HK,0,153,1993,2,0
B.LIN,12,G.LIN,2,HK,0,41,1993,2,0
B.LIN,0,G.LIN,1,HK,0,7,1993,3,0
B.LIN,2,G.LIN,0,HK,0,182,1993,3,0
B.LIN,4,G.LIN,0,HK,0,165,1993,3,0
B.LIN,8,G.LIN,0,HK,0,153,1993,3,0
B.LIN,11,G.LIN,4,HK,4,61,1993,3,2
B.LIN,12,G.LIN,2,HK,1,41,1993,3,0
B.LIN,0,G.LIN,1,HK,0,7,1993,4,0
B.LIN,2,G.LIN,0,HK,0,182,1993,4,0
B.LIN,3,G.LIN,11,HK,5,157,1993,4,0
B.LIN,4,G.LIN,7,HK,7,165,1993,4,1
B.LIN,8,G.LIN,0,HK,1,153,1993,4,0
B.LIN,11,G.LIN,3,HK,3,61,1993,4,2
B.LIN,12,G.LIN,3,HK,0,41,1993,4,0
B.LIN,17,G.LIN,0,HK,0,5,1993,4,0
B.LIN,0,G.LIN,0,HK,1,7,1993,5,2
B.LIN,2,G.LIN,0,HK,0,182,1993,5,0
B.LIN,3,G.LIN,10,HK,4,157,1993,5,0
B.LIN,4,G.LIN,5,HK,5,165,1993,5,2
B.LIN,8,G.LIN,0,HK,1,153,1993,5,0
B.LIN,11,G.LIN,5,HK,5,61,1993,5,7
B.LIN,12,G.LIN,4,HK,1,41,1993,5,1
B.LIN,16,G.LIN,0,HK,1,8,1993,5,0
B.LIN,17,G.LIN,0,HK,0,5,1993,5,0
B.LIN,21,G.LIN,0,HK,0,4,1993,5,0
B.LIN,0,G.LIN,0,HK,1,7,1993,6,2
B.LIN,2,G.LIN,0,HK,0,182,1993,6,0
B.LIN,3,G.LIN,8,HK,4,157,1993,6,0
B.LIN,4,G.LIN,6,HK,5,165,1993,6,2
B.LIN,8,G.LIN,0,HK,0,153,1993,6,0
B.LIN,11,G.LIN,5,HK,5,61,1993,6,7
B.LIN,12,G.LIN,4,HK,1,41,1993,6,2
B.LIN,13,G.LIN,1,HK,1,160,1993,6,1
B.LIN,16,G.LIN,0,HK,1,8,1993,6,0
B.LIN,17,G.LIN,0,HK,0,5,1993,6,0
B.LIN,21,G.LIN,0,HK,0,4,1993,6,0
B.LIN,22,G.LIN,0,HK,3,21,1993,6,0
B.LIN,0,G.LIN,0,HK,1,7,1993,7,2
B.LIN,2,G.LIN,0,HK,0,182,1993,7,0
B.LIN,3,G.LIN,5,HK,5,157,1993,7,0
B.LIN,4,G.LIN,5,HK,5,165,1993,7,1
B.LIN,8,G.LIN,0,HK,0,153,1993,7,0
B.LIN,11,G.LIN,5,HK,8,61,1993,7,8
B.LIN,12,G.LIN,4,HK,0,41,1993,7,0
B.LIN,13,G.LIN,1,HK,1,160,1993,7,2
B.LIN,14,G.LIN,0,HK,0,60,1993,7,0
B.LIN,16,G.LIN,0,HK,1,8,1993,7,0
B.LIN,17,G.LIN,0,HK,1,5,1993,7,0
B.LIN,18,G.LIN,2,HK,3,33,1993,7,1
B.LIN,21,G.LIN,0,HK,0,4,1993,7,0
B.LIN,22,G.LIN,0,HK,3,21,1993,7,0
B.LIN,0,G.LIN,0,HK,1,7,1993,8,1
B.LIN,2,G.LIN,0,HK,0,182,1993,8,0
B.LIN,3,G.LIN,5,HK,8,157,1993,8,0
B.LIN,4,G.LIN,4,HK,5,165,1993,8,0
B.LIN,8,G.LIN,0,HK,1,153,1993,8,0
B.LIN,9,G.LIN,1,HK,0,164,1993,8,0
B.LIN,11,G.LIN,5,HK,9,61,1993,8,6
B.LIN,12,G.LIN,4,HK,1,41,1993,8,0
B.LIN,13,G.LIN,0,HK,0,160,1993,8,2
B.LIN,14,G.LIN,0,HK,0,60,1993,8,0
B.LIN,16,G.LIN,0,HK,1,8,1993,8,0
B.LIN,17,G.LIN,0,HK,1,5,1993,8,1
B.LIN,18,G.LIN,1,HK,2,33,1993,8,4
B.LIN,19,G.LIN,0,HK,0,2,1993,8,1
B.LIN,21,G.LIN,0,HK,0,4,1993,8,1
B.LIN,22,G.LIN,0,HK,2,21,1993,8,0
B.LIN,0,G.LIN,0,HK,1,7,1993,9,2
B.LIN,2,G.LIN,0,HK,0,182,1993,9,0
B.LIN,3,G.LIN,6,HK,10,157,1993,9,0
B.LIN,4,G.LIN,5,HK,5,165,1993,9,1
B.LIN,6,G.LIN,0,HK,0,1,1993,9,1
B.LIN,8,G.LIN,0,HK,1,153,1993,9,0
B.LIN,9,G.LIN,1,HK,0,164,1993,9,0
B.LIN,11,G.LIN,4,HK,9,61,1993,9,8
B.LIN,12,G.LIN,3,HK,0,41,1993,9,1
B.LIN,13,G.LIN,1,HK,0,160,1993,9,2
B.LIN,14,G.LIN,0,HK,1,60,1993,9,0
B.LIN,15,G.LIN,0,HK,0,123,1993,9,0
B.LIN,16,G.LIN,0,HK,1,8,1993,9,0
B.LIN,17,G.LIN,0,HK,1,5,1993,9,0
B.LIN,18,G.LIN,0,HK,2,33,1993,9,6
B.LIN,19,G.LIN,0,HK,0,2,1993,9,1
B.LIN,21,G.LIN,0,HK,0,4,1993,9,1
B.LIN,22,G.LIN,0,HK,2,21,1993,9,1
B.LIN,0,G.LIN,0,HK,0,7,1993,10,2
B.LIN,2,G.LIN,0,HK,0,182,1993,10,0
B.LIN,3,G.LIN,5,HK,6,157,1993,10,0
B.LIN,4,G.LIN,3,HK,5,165,1993,10,1
B.LIN,5,G.LIN,0,HK,0,1,1993,10,0
B.LIN,6,G.LIN,0,HK,0,1,1993,10,0
B.LIN,8,G.LIN,0,HK,1,153,1993,10,0
B.LIN,9,G.LIN,1,HK,0,164,1993,10,0
B.LIN,11,G.LIN,5,HK,10,61,1993,10,8
B.LIN,12,G.LIN,4,HK,0,41,1993,10,1
B.LIN,13,G.LIN,2,HK,0,160,1993,10,1
B.LIN,14,G.LIN,1,HK,2,60,1993,10,0
B.LIN,15,G.LIN,0,HK,0,123,1993,10,0
B.LIN,16,G.LIN,0,HK,1,8,1993,10,0
B.LIN,17,G.LIN,0,HK,1,5,1993,10,0
B.LIN,18,G.LIN,0,HK,2,33,1993,10,4
B.LIN,19,G.LIN,0,HK,0,2,1993,10,2
B.LIN,20,G.LIN,2,HK,11,66,1993,10,16
B.LIN,21,G.LIN,1,HK,0,4,1993,10,1
B.LIN,22,G.LIN,0,HK,2,21,1993,10,2
B.LIN,0,G.LIN,0,HK,0,7,1993,11,0
B.LIN,1,G.LIN,2,HK,1,113,1993,11,0
B.LIN,2,G.LIN,0,HK,10,182,1993,11,0
B.LIN,3,G.LIN,4,HK,4,157,1993,11,0
B.LIN,4,G.LIN,3,HK,5,165,1993,11,1
B.LIN,5,G.LIN,0,HK,0,1,1993,11,0
B.LIN,6,G.LIN,0,HK,0,1,1993,11,0
B.LIN,7,G.LIN,0,HK,0,21,1993,11,0
B.LIN,8,G.LIN,0,HK,3,153,1993,11,0
B.LIN,9,G.LIN,1,HK,0,164,1993,11,0
B.LIN,10,G.LIN,5,HK,8,150,1993,11,8
B.LIN,11,G.LIN,1,HK,7,61,1993,11,11
B.LIN,12,G.LIN,3,HK,0,41,1993,11,1
B.LIN,13,G.LIN,0,HK,0,160,1993,11,1
B.LIN,14,G.LIN,1,HK,2,60,1993,11,0
B.LIN,15,G.LIN,0,HK,0,123,1993,11,0
B.LIN,16,G.LIN,1,HK,1,8,1993,11,1
B.LIN,17,G.LIN,0,HK,2,5,1993,11,0
B.LIN,18,G.LIN,2,HK,2,33,1993,11,5
B.LIN,19,G.LIN,0,HK,0,2,1993,11,2
B.LIN,20,G.LIN,2,HK,8,66,1993,11,14
B.LIN,21,G.LIN,1,HK,0,4,1993,11,1
B.LIN,22,G.LIN,0,HK,2,21,1993,11,2
B.LIN,16,G.LIN,0,HK,0,8,1994,1,0
B.LIN,22,G.LIN,0,HK,0,21,1994,1,0
B.LIN,12,G.LIN,0,HK,1,41,1994,2,0
B.LIN,13,G.LIN,2,HK,0,160,1994,2,0
B.LIN,16,G.LIN,0,HK,1,8,1994,2,0
B.LIN,22,G.LIN,0,HK,0,21,1994,2,0
B.LIN,4,G.LIN,0,HK,0,165,1994,3,0
B.LIN,12,G.LIN,2,HK,1,41,1994,3,0
B.LIN,13,G.LIN,0,HK,0,160,1994,3,1
B.LIN,16,G.LIN,0,HK,1,8,1994,3,0
B.LIN,21,G.LIN,0,HK,1,4,1994,3,0
B.LIN,22,G.LIN,2,HK,3,21,1994,3,0
B.LIN,4,G.LIN,0,HK,0,165,1994,4,0
B.LIN,12,G.LIN,2,HK,1,41,1994,4,0
B.LIN,13,G.LIN,1,HK,0,160,1994,4,1
B.LIN,16,G.LIN,0,HK,1,8,1994,4,0
B.LIN,17,G.LIN,0,HK,1,5,1994,4,0
B.LIN,19,G.LIN,0,HK,0,2,1994,4,0
B.LIN,21,G.LIN,0,HK,0,4,1994,4,1
B.LIN,22,G.LIN,1,HK,3,21,1994,4,0
B.LIN,4,G.LIN,0,HK,0,165,1994,5,0
B.LIN,6,G.LIN,0,HK,0,1,1994,5,1
B.LIN,11,G.LIN,3,HK,6,61,1994,5,1
B.LIN,12,G.LIN,3,HK,0,41,1994,5,0
B.LIN,13,G.LIN,2,HK,0,160,1994,5,1
B.LIN,16,G.LIN,0,HK,0,8,1994,5,0
B.LIN,17,G.LIN,0,HK,1,5,1994,5,0
B.LIN,19,G.LIN,0,HK,0,2,1994,5,0
B.LIN,21,G.LIN,0,HK,0,4,1994,5,1
B.LIN,22,G.LIN,0,HK,3,21,1994,5,1
B.LIN,3,G.LIN,7,HK,5,157,1994,6,1
B.LIN,4,G.LIN,6,HK,5,165,1994,6,1
B.LIN,6,G.LIN,0,HK,0,1,1994,6,1
B.LIN,11,G.LIN,3,HK,6,61,1994,6,1
B.LIN,12,G.LIN,3,HK,0,41,1994,6,0
B.LIN,13,G.LIN,1,HK,1,160,1994,6,1
B.LIN,15,G.LIN,0,HK,0,123,1994,6,0
B.LIN,16,G.LIN,0,HK,0,8,1994,6,0
B.LIN,17,G.LIN,0,HK,0,5,1994,6,0
B.LIN,19,G.LIN,0,HK,0,2,1994,6,0
B.LIN,21,G.LIN,0,HK,0,4,1994,6,1
B.LIN,22,G.LIN,1,HK,2,21,1994,6,1
B.LIN,0,G.LIN,1,HK,1,7,1994,7,2
B.LIN,3,G.LIN,7,HK,5,157,1994,7,1
B.LIN,4,G.LIN,7,HK,4,165,1994,7,0
B.LIN,6,G.LIN,0,HK,0,1,1994,7,1
B.LIN,9,G.LIN,1,HK,0,164,1994,7,0
B.LIN,11,G.LIN,4,HK,8,61,1994,7,6
B.LIN,12,G.LIN,1,HK,1,41,1994,7,0
B.LIN,13,G.LIN,1,HK,0,160,1994,7,1
B.LIN,15,G.LIN,0,HK,0,123,1994,7,0
B.LIN,16,G.LIN,0,HK,1,8,1994,7,0
B.LIN,17,G.LIN,0,HK,1,5,1994,7,0
B.LIN,19,G.LIN,0,HK,0,2,1994,7,0
B.LIN,21,G.LIN,0,HK,0,4,1994,7,1
B.LIN,22,G.LIN,0,HK,2,21,1994,7,1
B.LIN,0,G.LIN,1,HK,1,7,1994,8,2
B.LIN,3,G.LIN,5,HK,4,157,1994,8,1
B.LIN,4,G.LIN,5,HK,5,165,1994,8,0
B.LIN,5,G.LIN,0,HK,0,1,1994,8,0
B.LIN,6,G.LIN,0,HK,0,1,1994,8,1
B.LIN,7,G.LIN,0,HK,0,21,1994,8,0
B.LIN,9,G.LIN,1,HK,0,164,1994,8,0
B.LIN,11,G.LIN,4,HK,7,61,1994,8,7
B.LIN,12,G.LIN,2,HK,1,41,1994,8,0
B.LIN,13,G.LIN,0,HK,0,160,1994,8,1
B.LIN,15,G.LIN,0,HK,0,123,1994,8,0
B.LIN,16,G.LIN,0,HK,1,8,1994,8,0
B.LIN,17,G.LIN,0,HK,0,5,1994,8,0
B.LIN,19,G.LIN,0,HK,0,2,1994,8,0
B.LIN,21,G.LIN,0,HK,0,4,1994,8,1
B.LIN,22,G.LIN,0,HK,2,21,1994,8,1
B.LIN,0,G.LIN,1,HK,1,7,1994,9,2
B.LIN,1,G.LIN,0,HK,1,113,1994,9,0
B.LIN,3,G.LIN,6,HK,7,157,1994,9,0
B.LIN,4,G.LIN,6,HK,6,165,1994,9,0
B.LIN,5,G.LIN,0,HK,0,1,1994,9,0
B.LIN,6,G.LIN,0,HK,0,1,1994,9,1
B.LIN,7,G.LIN,0,HK,0,21,1994,9,0
B.LIN,9,G.LIN,1,HK,0,164,1994,9,0
B.LIN,11,G.LIN,4,HK,9,61,1994,9,7
B.LIN,12,G.LIN,3,HK,0,41,1994,9,1
B.LIN,13,G.LIN,0,HK,0,160,1994,9,1
B.LIN,15,G.LIN,0,HK,0,123,1994,9,0
B.LIN,16,G.LIN,0,HK,1,8,1994,9,0
B.LIN,17,G.LIN,0,HK,1,5,1994,9,1
B.LIN,18,G.LIN,1,HK,2,33,1994,9,3
B.LIN,19,G.LIN,0,HK,0,2,1994,9,1
B.LIN,21,G.LIN,0,HK,0,4,1994,9,1
B.LIN,22,G.LIN,0,HK,3,21,1994,9,1
B.LIN,0,G.LIN,1,HK,1,7,1994,10,1
B.LIN,1,G.LIN,0,HK,1,113,1994,10,0
B.LIN,3,G.LIN,5,HK,7,157,1994,10,1
B.LIN,4,G.LIN,5,HK,6,165,1994,10,0
B.LIN,5,G.LIN,0,HK,0,1,1994,10,0
B.LIN,6,G.LIN,0,HK,0,1,1994,10,1
B.LIN,7,G.LIN,0,HK,0,21,1994,10,0
B.LIN,9,G.LIN,1,HK,0,164,1994,10,0
B.LIN,10,G.LIN,5,HK,5,150,1994,10,9
B.LIN,11,G.LIN,1,HK,5,61,1994,10,9
B.LIN,12,G.LIN,1,HK,0,41,1994,10,2
B.LIN,13,G.LIN,0,HK,0,160,1994,10,3
B.LIN,14,G.LIN,1,HK,1,60,1994,10,0
B.LIN,15,G.LIN,0,HK,0,123,1994,10,0
B.LIN,16,G.LIN,1,HK,1,8,1994,10,0
B.LIN,17,G.LIN,0,HK,1,5,1994,10,0
B.LIN,18,G.LIN,1,HK,1,33,1994,10,4
B.LIN,19,G.LIN,0,HK,0,2,1994,10,1
B.LIN,21,G.LIN,0,HK,0,4,1994,10,1
B.LIN,22,G.LIN,0,HK,3,21,1994,10,1
B.LIN,0,G.LIN,1,HK,1,7,1994,11,1
B.LIN,1,G.LIN,3,HK,0,113,1994,11,0
B.LIN,2,G.LIN,1,HK,9,182,1994,11,0
B.LIN,3,G.LIN,4,HK,6,157,1994,11,0
B.LIN,4,G.LIN,4,HK,6,165,1994,11,1
B.LIN,5,G.LIN,0,HK,0,1,1994,11,0
B.LIN,6,G.LIN,0,HK,0,1,1994,11,0
B.LIN,7,G.LIN,0,HK,0,21,1994,11,0
B.LIN,8,G.LIN,0,HK,1,153,1994,11,0
B.LIN,9,G.LIN,1,HK,0,164,1994,11,0
B.LIN,10,G.LIN,4,HK,4,150,1994,11,8
B.LIN,11,G.LIN,1,HK,5,61,1994,11,11
B.LIN,12,G.LIN,2,HK,0,41,1994,11,2
B.LIN,13,G.LIN,0,HK,0,160,1994,11,2
B.LIN,14,G.LIN,1,HK,1,60,1994,11,0
B.LIN,15,G.LIN,0,HK,0,123,1994,11,0
B.LIN,16,G.LIN,1,HK,1,8,1994,11,1
B.LIN,17,G.LIN,0,HK,0,5,1994,11,0
B.LIN,18,G.LIN,1,HK,2,33,1994,11,3
B.LIN,19,G.LIN,0,HK,0,2,1994,11,1
B.LIN,20,G.LIN,2,HK,8,66,1994,11,15
B.LIN,21,G.LIN,1,HK,0,4,1994,11,1
B.LIN,22,G.LIN,0,HK,3,21,1994,11,2
B.LIN,9,G.LIN,0,HK,0,164,1995,1,0
B.LIN,13,G.LIN,0,HK,0,160,1995,1,0
B.LIN,9,G.LIN,0,HK,0,164,1995,2,0
B.LIN,13,G.LIN,0,HK,0,160,1995,2,0
B.LIN,14,G.LIN,0,HK,0,60,1995,2,0
B.LIN,16,G.LIN,0,HK,0,8,1995,2,0
B.LIN,5,G.LIN,0,HK,0,1,1995,3,0
B.LIN,9,G.LIN,0,HK,0,164,1995,3,0
B.LIN,13,G.LIN,0,HK,0,160,1995,3,0
B.LIN,14,G.LIN,1,HK,0,60,1995,3,0
B.LIN,15,G.LIN,0,HK,0,123,1995,3,0
B.LIN,16,G.LIN,0,HK,0,8,1995,3,0
B.LIN,1,G.LIN,0,HK,0,113,1995,4,0
B.LIN,5,G.LIN,0,HK,0,1,1995,4,0
B.LIN,9,G.LIN,0,HK,0,164,1995,4,0
B.LIN,12,G.LIN,2,HK,0,41,1995,4,0
B.LIN,13,G.LIN,1,HK,0,160,1995,4,0
B.LIN,14,G.LIN,0,HK,0,60,1995,4,0
B.LIN,15,G.LIN,0,HK,0,123,1995,4,0
B.LIN,16,G.LIN,0,HK,1,8,1995,4,0
B.LIN,1,G.LIN,0,HK,0,113,1995,5,0
B.LIN,5,G.LIN,0,HK,0,1,1995,5,0
B.LIN,8,G.LIN,0,HK,0,153,1995,5,0
B.LIN,9,G.LIN,0,HK,0,164,1995,5,0
B.LIN,12,G.LIN,0,HK,0,41,1995,5,0
B.LIN,13,G.LIN,1,HK,1,160,1995,5,1
B.LIN,14,G.LIN,0,HK,0,60,1995,5,0
B.LIN,15,G.LIN,0,HK,0,123,1995,5,0
B.LIN,16,G.LIN,0,HK,1,8,1995,5,0
B.LIN,22,G.LIN,0,HK,0,21,1995,5,0
B.LIN,1,G.LIN,0,HK,0,113,1995,6,0
B.LIN,5,G.LIN,0,HK,0,1,1995,6,0
B.LIN,8,G.LIN,0,HK,0,153,1995,6,0
B.LIN,9,G.LIN,0,HK,0,164,1995,6,0
B.LIN,12,G.LIN,1,HK,1,41,1995,6,0
B.LIN,13,G.LIN,0,HK,1,160,1995,6,2
B.LIN,14,G.LIN,0,HK,0,60,1995,6,0
B.LIN,15,G.LIN,0,HK,0,123,1995,6,0
B.LIN,16,G.LIN,0,HK,1,8,1995,6,0
B.LIN,17,G.LIN,0,HK,1,5,1995,6,0
B.LIN,19,G.LIN,0,HK,0,2,1995,6,1
B.LIN,22,G.LIN,0,HK,0,21,1995,6,0
B.LIN,1,G.LIN,0,HK,0,113,1995,7,0
B.LIN,5,G.LIN,0,HK,0,1,1995,7,0
B.LIN,6,G.LIN,0,HK,0,1,1995,7,1
B.LIN,8,G.LIN,0,HK,0,153,1995,7,0
B.LIN,9,G.LIN,0,HK,0,164,1995,7,0
B.LIN,12,G.LIN,1,HK,1,41,1995,7,0
B.LIN,13,G.LIN,0,HK,0,160,1995,7,1
B.LIN,14,G.LIN,0,HK,0,60,1995,7,0
B.LIN,15,G.LIN,0,HK,0,123,1995,7,0
B.LIN,16,G.LIN,0,HK,1,8,1995,7,0
B.LIN,17,G.LIN,0,HK,0,5,1995,7,0
B.LIN,18,G.LIN,1,HK,3,33,1995,7,1
B.LIN,19,G.LIN,0,HK,0,2,1995,7,1
B.LIN,22,G.LIN,1,HK,0,21,1995,7,0
B.LIN,0,G.LIN,1,HK,1,7,1995,8,1
B.LIN,1,G.LIN,0,HK,0,113,1995,8,0
B.LIN,5,G.LIN,0,HK,0,1,1995,8,0
B.LIN,6,G.LIN,0,HK,0,1,1995,8,0
B.LIN,8,G.LIN,0,HK,0,153,1995,8,0
B.LIN,9,G.LIN,0,HK,0,164,1995,8,0
B.LIN,12,G.LIN,2,HK,1,41,1995,8,0
B.LIN,13,G.LIN,0,HK,0,160,1995,8,1
B.LIN,14,G.LIN,0,HK,0,60,1995,8,0
B.LIN,15,G.LIN,0,HK,0,123,1995,8,0
B.LIN,16,G.LIN,0,HK,2,8,1995,8,0
B.LIN,17,G.LIN,0,HK,0,5,1995,8,1
B.LIN,18,G.LIN,2,HK,4,33,1995,8,2
B.LIN,19,G.LIN,0,HK,0,2,1995,8,0
B.LIN,20,G.LIN,4,HK,6,66,1995,8,2
B.LIN,22,G.LIN,0,HK,3,21,1995,8,0
B.LIN,0,G.LIN,2,HK,1,7,1995,9,1
B.LIN,1,G.LIN,0,HK,0,113,1995,9,0
B.LIN,3,G.LIN,0,HK,0,157,1995,9,0
B.LIN,5,G.LIN,0,HK,0,1,1995,9,0
B.LIN,6,G.LIN,0,HK,0,1,1995,9,0
B.LIN,8,G.LIN,0,HK,0,153,1995,9,0
B.LIN,9,G.LIN,0,HK,0,164,1995,9,0
B.LIN,11,G.LIN,3,HK,5,61,1995,9,5
B.LIN,12,G.LIN,1,HK,0,41,1995,9,0
B.LIN,13,G.LIN,0,HK,0,160,1995,9,1
B.LIN,14,G.LIN,0,HK,0,60,1995,9,0
B.LIN,15,G.LIN,0,HK,0,123,1995,9,0
B.LIN,16,G.LIN,0,HK,0,8,1995,9,0
B.LIN,17,G.LIN,0,HK,0,5,1995,9,1
B.LIN,18,G.LIN,2,HK,4,33,1995,9,2
B.LIN,19,G.LIN,0,HK,0,2,1995,9,0
B.LIN,20,G.LIN,3,HK,6,66,1995,9,2
B.LIN,22,G.LIN,0,HK,3,21,1995,9,0
B.LIN,0,G.LIN,2,HK,1,7,1995,10,2
B.LIN,1,G.LIN,0,HK,0,113,1995,10,0
B.LIN,2,G.LIN,0,HK,0,182,1995,10,0
B.LIN,3,G.LIN,0,HK,0,157,1995,10,0
B.LIN,5,G.LIN,0,HK,0,1,1995,10,0
B.LIN,6,G.LIN,0,HK,0,1,1995,10,0
B.LIN,8,G.LIN,0,HK,1,153,1995,10,0
B.LIN,9,G.LIN,0,HK,0,164,1995,10,0
B.LIN,11,G.LIN,3,HK,5,61,1995,10,5
B.LIN,12,G.LIN,1,HK,0,41,1995,10,0
B.LIN,13,G.LIN,0,HK,0,160,1995,10,2
B.LIN,14,G.LIN,0,HK,1,60,1995,10,0
B.LIN,15,G.LIN,0,HK,0,123,1995,10,0
B.LIN,16,G.LIN,0,HK,1,8,1995,10,0
B.LIN,17,G.LIN,0,HK,0,5,1995,10,1
B.LIN,18,G.LIN,2,HK,3,33,1995,10,2
B.LIN,19,G.LIN,0,HK,0,2,1995,10,0
B.LIN,20,G.LIN,4,HK,5,66,1995,10,3
B.LIN,21,G.LIN,0,HK,0,4,1995,10,0
B.LIN,22,G.LIN,1,HK,1,21,1995,10,0
B.LIN,0,G.LIN,2,HK,1,7,1995,11,1
B.LIN,1,G.LIN,0,HK,0,113,1995,11,0
B.LIN,2,G.LIN,2,HK,3,182,1995,11,0
B.LIN,3,G.LIN,3,HK,4,157,1995,11,2
B.LIN,4,G.LIN,4,HK,5,165,1995,11,0
B.LIN,5,G.LIN,0,HK,0,1,1995,11,0
B.LIN,6,G.LIN,0,HK,0,1,1995,11,0
B.LIN,7,G.LIN,0,HK,0,21,1995,11,0
B.LIN,8,G.LIN,0,HK,0,153,1995,11,0
B.LIN,9,G.LIN,0,HK,0,164,1995,11,0
B.LIN,10,G.LIN,6,HK,2,150,1995,11,5
B.LIN,11,G.LIN,3,HK,6,61,1995,11,7
B.LIN,12,G.LIN,1,HK,1,41,1995,11,0
B.LIN,13,G.LIN,0,HK,0,160,1995,11,2
B.LIN,14,G.LIN,0,HK,0,60,1995,11,0
B.LIN,15,G.LIN,0,HK,0,123,1995,11,0
B.LIN,16,G.LIN,0,HK,1,8,1995,11,0
B.LIN,17,G.LIN,0,HK,0,5,1995,11,1
B.LIN,18,G.LIN,2,HK,4,33,1995,11,2
B.LIN,19,G.LIN,0,HK,0,2,1995,11,1
B.LIN,20,G.LIN,3,HK,6,66,1995,11,2
B.LIN,21,G.LIN,0,HK,0,4,1995,11,0
B.LIN,22,G.LIN,1,HK,2,21,1995,11,0
G.RF1,0,G.SPLIT1,0,HK,0,7,1993,1,0
G.RF1,4,G.SPLIT1,0,HK,0,165,1993,1,0
G.RF1,0,G.SPLIT1,0,HK,0,7,1993,2,0
G.RF1,4,G.SPLIT1,0,HK,0,165,1993,2,0
G.RF1,8,G.SPLIT1,0,HK,0,153,1993,2,0
G.RF1,12,G.SPLIT1,0,HK,0,41,1993,2,0
G.RF1,0,G.SPLIT1,1,HK,0,7,1993,3,0
G.RF1,2,G.SPLIT1,0,HK,0,182,1993,3,0
G.RF1,4,G.SPLIT1,0,HK,1,165,1993,3,0
G.RF1,8,G.SPLIT1,0,HK,0,153,1993,3,0
G.RF1,11,G.SPLIT1,0,HK,3,61,1993,3,0
G.RF1,12,G.SPLIT1,1,HK,0,41,1993,3,0
G.RF1,0,G.SPLIT1,0,HK,0,7,1993,4,1
G.RF1,2,G.SPLIT1,0,HK,0,182,1993,4,0
G.RF1,3,G.SPLIT1,0,HK,6,157,1993,4,0
G.RF1,4,G.SPLIT1,0,HK,2,165,1993,4,1
G.RF1,8,G.SPLIT1,0,HK,1,153,1993,4,0
G.RF1,11,G.SPLIT1,2,HK,3,61,1993,4,0
G.RF1,12,G.SPLIT1,1,HK,0,41,1993,4,0
G.RF1,17,G.SPLIT1,0,HK,0,5,1993,4,0
G.RF1,0,G.SPLIT1,0,HK,1,7,1993,5,0
G.RF1,2,G.SPLIT1,0,HK,0,182,1993,5,0
G.RF1,3,G.SPLIT1,0,HK,6,157,1993,5,0
G.RF1,4,G.SPLIT1,1,HK,4,165,1993,5,1
G.RF1,8,G.SPLIT1,0,HK,1,153,1993,5,0
G.RF1,11,G.SPLIT1,0,HK,2,61,1993,5,1
G.RF1,12,G.SPLIT1,1,HK,0,41,1993,5,1
G.RF1,16,G.SPLIT1,0,HK,0,8,1993,5,0
G.RF1,17,G.SPLIT1,0,HK,0,5,1993,5,0
G.RF1,21,G.SPLIT1,0,HK,0,4,1993,5,0
G.RF1,0,G.SPLIT1,0,HK,1,7,1993,6,1
G.RF1,2,G.SPLIT1,0,HK,0,182,1993,6,0
G.RF1,3,G.SPLIT1,1,HK,5,157,1993,6,0
G.RF1,4,G.SPLIT1,1,HK,4,165,1993,6,2
G.RF1,8,G.SPLIT1,0,HK,1,153,1993,6,0
G.RF1,11,G.SPLIT1,0,HK,1,61,1993,6,1
G.RF1,12,G.SPLIT1,1,HK,1,41,1993,6,1
G.RF1,13,G.SPLIT1,0,HK,0,160,1993,6,0
G.RF1,16,G.SPLIT1,0,HK,0,8,1993,6,0
G.RF1,17,G.SPLIT1,0,HK,0,5,1993,6,0
G.RF1,21,G.SPLIT1,0,HK,0,4,1993,6,0
G.RF1,22,G.SPLIT1,0,HK,1,21,1993,6,0
G.RF1,0,G.SPLIT1,0,HK,1,7,1993,7,0
G.RF1,2,G.SPLIT1,0,HK,0,182,1993,7,0
G.RF1,3,G.SPLIT1,1,HK,6,157,1993,7,0
G.RF1,4,G.SPLIT1,2,HK,4,165,1993,7,0
G.RF1,8,G.SPLIT1,0,HK,0,153,1993,7,0
G.RF1,11,G.SPLIT1,0,HK,1,61,1993,7,0
G.RF1,12,G.SPLIT1,0,HK,2,41,1993,7,1
G.RF1,13,G.SPLIT1,0,HK,1,160,1993,7,0
G.RF1,14,G.SPLIT1,0,HK,0,60,1993,7,0
G.RF1,16,G.SPLIT1,0,HK,0,8,1993,7,0
G.RF1,17,G.SPLIT1,0,HK,0,5,1993,7,0
G.RF1,18,G.SPLIT1,0,HK,2,33,1993,7,4
G.RF1,21,G.SPLIT1,0,HK,0,4,1993,7,0
G.RF1,22,G.SPLIT1,0,HK,1,21,1993,7,0
G.RF1,0,G.SPLIT1,0,HK,1,7,1993,8,0
G.RF1,2,G.SPLIT1,0,HK,0,182,1993,8,0
G.RF1,3,G.SPLIT1,0,HK,9,157,1993,8,0
G.RF1,4,G.SPLIT1,2,HK,4,165,1993,8,1
G.RF1,8,G.SPLIT1,0,HK,2,153,1993,8,0
G.RF1,9,G.SPLIT1,0,HK,0,164,1993,8,0
G.RF1,11,G.SPLIT1,1,HK,3,61,1993,8,0
G.RF1,12,G.SPLIT1,0,HK,2,41,1993,8,1
G.RF1,13,G.SPLIT1,0,HK,0,160,1993,8,0
G.RF1,14,G.SPLIT1,0,HK,0,60,1993,8,0
G.RF1,16,G.SPLIT1,0,HK,0,8,1993,8,0
G.RF1,17,G.SPLIT1,0,HK,0,5,1993,8,0
G.RF1,18,G.SPLIT1,1,HK,3,33,1993,8,4
G.RF1,19,G.SPLIT1,0,HK,0,2,1993,8,0
G.RF1,21,G.SPLIT1,0,HK,0,4,1993,8,1
G.RF1,22,G.SPLIT1,0,HK,0,21,1993,8,0
G.RF1,0,G.SPLIT1,0,HK,1,7,1993,9,1
G.RF1,2,G.SPLIT1,0,HK,0,182,1993,9,0
G.RF1,3,G.SPLIT1,0,HK,9,157,1993,9,0
G.RF1,4,G.SPLIT1,1,HK,3,165,1993,9,0
G.RF1,6,G.SPLIT1,0,HK,0,1,1993,9,0
G.RF1,8,G.SPLIT1,0,HK,1,153,1993,9,0
G.RF1,9,G.SPLIT1,0,HK,0,164,1993,9,0
G.RF1,11,G.SPLIT1,0,HK,3,61,1993,9,0
G.RF1,12,G.SPLIT1,0,HK,2,41,1993,9,1
G.RF1,13,G.SPLIT1,0,HK,0,160,1993,9,1
G.RF1,14,G.SPLIT1,0,HK,0,60,1993,9,0
G.RF1,15,G.SPLIT1,0,HK,1,123,1993,9,0
G.RF1,16,G.SPLIT1,0,HK,0,8,1993,9,0
G.RF1,17,G.SPLIT1,0,HK,0,5,1993,9,0
G.RF1,18,G.SPLIT1,1,HK,2,33,1993,9,3
G.RF1,19,G.SPLIT1,0,HK,0,2,1993,9,0
G.RF1,21,G.SPLIT1,0,HK,0,4,1993,9,1
G.RF1,22,G.SPLIT1,0,HK,0,21,1993,9,0
G.RF1,0,G.SPLIT1,0,HK,1,7,1993,10,1
G.RF1,2,G.SPLIT1,0,HK,0,182,1993,10,0
G.RF1,3,G.SPLIT1,0,HK,8,157,1993,10,1
G.RF1,4,G.SPLIT1,2,HK,2,165,1993,10,0
G.RF1,5,G.SPLIT1,0,HK,0,1,1993,10,0
G.RF1,6,G.SPLIT1,0,HK,0,1,1993,10,0
G.RF1,8,G.SPLIT1,0,HK,2,153,1993,10,0
G.RF1,9,G.SPLIT1,0,HK,0,164,1993,10,0
G.RF1,11,G.SPLIT1,0,HK,2,61,1993,10,0
G.RF1,12,G.SPLIT1,0,HK,1,41,1993,10,1
G.RF1,13,G.SPLIT1,0,HK,0,160,1993,10,0
G.RF1,14,G.SPLIT1,0,HK,2,60,1993,10,0
G.RF1,15,G.SPLIT1,0,HK,1,123,1993,10,0
G.RF1,16,G.SPLIT1,1,HK,0,8,1993,10,0
G.RF1,17,G.SPLIT1,0,HK,0,5,1993,10,0
G.RF1,18,G.SPLIT1,0,HK,4,33,1993,10,4
G.RF1,19,G.SPLIT1,0,HK,0,2,1993,10,1
G.RF1,20,G.SPLIT1,0,HK,7,66,1993,10,11
G.RF1,21,G.SPLIT1,0,HK,1,4,1993,10,1
G.RF1,22,G.SPLIT1,0,HK,1,21,1993,10,0
G.RF1,0,G.SPLIT1,0,HK,1,7,1993,11,0
G.RF1,1,G.SPLIT1,0,HK,3,113,1993,11,0
G.RF1,2,G.SPLIT1,0,HK,5,182,1993,11,0
G.RF1,3,G.SPLIT1,0,HK,8,157,1993,11,1
G.RF1,4,G.SPLIT1,2,HK,1,165,1993,11,0
G.RF1,5,G.SPLIT1,0,HK,0,1,1993,11,0
G.RF1,6,G.SPLIT1,0,HK,0,1,1993,11,0
G.RF1,7,G.SPLIT1,0,HK,0,21,1993,11,0
G.RF1,8,G.SPLIT1,0,HK,1,153,1993,11,0
G.RF1,9,G.SPLIT1,0,HK,0,164,1993,11,0
G.RF1,10,G.SPLIT1,2,HK,3,150,1993,11,5
G.RF1,11,G.SPLIT1,1,HK,1,61,1993,11,0
G.RF1,12,G.SPLIT1,0,HK,1,41,1993,11,0
G.RF1,13,G.SPLIT1,0,HK,0,160,1993,11,0
G.RF1,14,G.SPLIT1,0,HK,4,60,1993,11,0
G.RF1,15,G.SPLIT1,0,HK,1,123,1993,11,0
G.RF1,16,G.SPLIT1,0,HK,1,8,1993,11,0
G.RF1,17,G.SPLIT1,0,HK,0,5,1993,11,0
G.RF1,18,G.SPLIT1,0,HK,3,33,1993,11,4
G.RF1,19,G.SPLIT1,0,HK,0,2,1993,11,1
G.RF1,20,G.SPLIT1,0,HK,7,66,1993,11,10
G.RF1,21,G.SPLIT1,0,HK,1,4,1993,11,1
G.RF1,22,G.SPLIT1,2,HK,1,21,1993,11,1
G.RF1,16,G.SPLIT1,0,HK,0,8,1994,1,0
G.RF1,22,G.SPLIT1,0,HK,0,21,1994,1,0
G.RF1,12,G.SPLIT1,0,HK,2,41,1994,2,0
G.RF1,13,G.SPLIT1,0,HK,2,160,1994,2,0
G.RF1,16,G.SPLIT1,2,HK,0,8,1994,2,0
G.RF1,22,G.SPLIT1,0,HK,0,21,1994,2,0
G.RF1,4,G.SPLIT1,0,HK,0,165,1994,3,0
G.RF1,12,G.SPLIT1,0,HK,2,41,1994,3,0
G.RF1,13,G.SPLIT1,0,HK,1,160,1994,3,0
G.RF1,16,G.SPLIT1,1,HK,0,8,1994,3,0
G.RF1,21,G.SPLIT1,0,HK,0,4,1994,3,0
G.RF1,22,G.SPLIT1,1,HK,1,21,1994,3,0
G.RF1,4,G.SPLIT1,0,HK,0,165,1994,4,0
G.RF1,12,G.SPLIT1,0,HK,2,41,1994,4,0
G.RF1,13,G.SPLIT1,0,HK,2,160,1994,4,0
G.RF1,16,G.SPLIT1,0,HK,0,8,1994,4,0
G.RF1,17,G.SPLIT1,0,HK,0,5,1994,4,0
G.RF1,19,G.SPLIT1,0,HK,0,2,1994,4,0
G.RF1,21,G.SPLIT1,0,HK,0,4,1994,4,1
G.RF1,22,G.SPLIT1,1,HK,3,21,1994,4,0
G.RF1,4,G.SPLIT1,0,HK,0,165,1994,5,0
G.RF1,6,G.SPLIT1,0,HK,0,1,1994,5,0
G.RF1,11,G.SPLIT1,3,HK,7,61,1994,5,0
G.RF1,12,G.SPLIT1,0,HK,0,41,1994,5,1
G.RF1,13,G.SPLIT1,0,HK,0,160,1994,5,0
G.RF1,16,G.SPLIT1,2,HK,0,8,1994,5,0
G.RF1,17,G.SPLIT1,0,HK,0,5,1994,5,0
G.RF1,19,G.SPLIT1,0,HK,0,2,1994,5,0
G.RF1,21,G.SPLIT1,0,HK,0,4,1994,5,1
G.RF1,22,G.SPLIT1,1,HK,2,21,1994,5,0
G.RF1,3,G.SPLIT1,2,HK,11,157,1994,6,0
G.RF1,4,G.SPLIT1,1,HK,4,165,1994,6,0
G.RF1,6,G.SPLIT1,0,HK,0,1,1994,6,0
G.RF1,11,G.SPLIT1,2,HK,9,61,1994,6,0
G.RF1,12,G.SPLIT1,0,HK,1,41,1994,6,1
G.RF1,13,G.SPLIT1,0,HK,0,160,1994,6,1
G.RF1,15,G.SPLIT1,0,HK,0,123,1994,6,0
G.RF1,16,G.SPLIT1,2,HK,0,8,1994,6,0
G.RF1,17,G.SPLIT1,0,HK,0,5,1994,6,0
G.RF1,19,G.SPLIT1,0,HK,0,2,1994,6,0
G.RF1,21,G.SPLIT1,0,HK,0,4,1994,6,1
G.RF1,22,G.SPLIT1,1,HK,3,21,1994,6,0
G.RF1,0,G.SPLIT1,1,HK,1,7,1994,7,1
G.RF1,3,G.SPLIT1,2,HK,9,157,1994,7,0
G.RF1,4,G.SPLIT1,2,HK,4,165,1994,7,0
G.RF1,6,G.SPLIT1,0,HK,0,1,1994,7,0
G.RF1,9,G.SPLIT1,0,HK,1,164,1994,7,0
G.RF1,11,G.SPLIT1,2,HK,5,61,1994,7,0
G.RF1,12,G.SPLIT1,1,HK,1,41,1994,7,1
G.RF1,13,G.SPLIT1,0,HK,0,160,1994,7,2
G.RF1,15,G.SPLIT1,0,HK,0,123,1994,7,0
G.RF1,16,G.SPLIT1,1,HK,0,8,1994,7,0
G.RF1,17,G.SPLIT1,1,HK,0,5,1994,7,0
G.RF1,19,G.SPLIT1,0,HK,0,2,1994,7,0
G.RF1,21,G.SPLIT1,0,HK,0,4,1994,7,1
G.RF1,22,G.SPLIT1,1,HK,2,21,1994,7,0
G.RF1,0,G.SPLIT1,1,HK,1,7,1994,8,0
G.RF1,3,G.SPLIT1,2,HK,11,157,1994,8,0
G.RF1,4,G.SPLIT1,2,HK,4,165,1994,8,0
G.RF1,5,G.SPLIT1,0,HK,0,1,1994,8,0
G.RF1,6,G.SPLIT1,0,HK,0,1,1994,8,0
G.RF1,7,G.SPLIT1,0,HK,0,21,1994,8,0
G.RF1,9,G.SPLIT1,0,HK,1,164,1994,8,0
G.RF1,11,G.SPLIT1,2,HK,5,61,1994,8,0
G.RF1,12,G.SPLIT1,1,HK,1,41,1994,8,1
G.RF1,13,G.SPLIT1,0,HK,0,160,1994,8,1
G.RF1,15,G.SPLIT1,0,HK,0,123,1994,8,0
G.RF1,16,G.SPLIT1,1,HK,0,8,1994,8,0
G.RF1,17,G.SPLIT1,1,HK,0,5,1994,8,0
G.RF1,19,G.SPLIT1,0,HK,0,2,1994,8,0
G.RF1,21,G.SPLIT1,0,HK,0,4,1994,8,1
G.RF1,22,G.SPLIT1,1,HK,1,21,1994,8,0
G.RF1,0,G.SPLIT1,1,HK,1,7,1994,9,0
G.RF1,1,G.SPLIT1,0,HK,0,113,1994,9,0
G.RF1,3,G.SPLIT1,1,HK,8,157,1994,9,0
G.RF1,4,G.SPLIT1,1,HK,3,165,1994,9,0
G.RF1,5,G.SPLIT1,0,HK,0,1,1994,9,0
G.RF1,6,G.SPLIT1,0,HK,0,1,1994,9,1
G.RF1,7,G.SPLIT1,0,HK,0,21,1994,9,0
G.RF1,9,G.SPLIT1,0,HK,1,164,1994,9,0
G.RF1,11,G.SPLIT1,2,HK,5,61,1994,9,0
G.RF1,12,G.SPLIT1,1,HK,1,41,1994,9,1
G.RF1,13,G.SPLIT1,0,HK,0,160,1994,9,2
G.RF1,15,G.SPLIT1,0,HK,0,123,1994,9,0
G.RF1,16,G.SPLIT1,1,HK,0,8,1994,9,0
G.RF1,17,G.SPLIT1,0,HK,0,5,1994,9,0
G.RF1,18,G.SPLIT1,1,HK,6,33,1994,9,1
G.RF1,19,G.SPLIT1,0,HK,0,2,1994,9,1
G.RF1,21,G.SPLIT1,0,HK,0,4,1994,9,1
G.RF1,22,G.SPLIT1,1,HK,1,21,1994,9,1
G.RF1,0,G.SPLIT1,1,HK,1,7,1994,10,0
G.RF1,1,G.SPLIT1,0,HK,0,113,1994,10,0
G.RF1,3,G.SPLIT1,2,HK,6,157,1994,10,0
G.RF1,4,G.SPLIT1,2,HK,3,165,1994,10,0
G.RF1,5,G.SPLIT1,0,HK,0,1,1994,10,0
G.RF1,6,G.SPLIT1,0,HK,0,1,1994,10,1
G.RF1,7,G.SPLIT1,0,HK,0,21,1994,10,0
G.RF1,9,G.SPLIT1,0,HK,1,164,1994,10,0
G.RF1,10,G.SPLIT1,4,HK,1,150,1994,10,8
G.RF1,11,G.SPLIT1,1,HK,6,61,1994,10,1
G.RF1,12,G.SPLIT1,0,HK,1,41,1994,10,0
G.RF1,13,G.SPLIT1,0,HK,0,160,1994,10,2
G.RF1,14,G.SPLIT1,0,HK,1,60,1994,10,0
G.RF1,15,G.SPLIT1,0,HK,1,123,1994,10,0
G.RF1,16,G.SPLIT1,0,HK,1,8,1994,10,0
G.RF1,17,G.SPLIT1,0,HK,0,5,1994,10,0
G.RF1,18,G.SPLIT1,1,HK,7,33,1994,10,1
G.RF1,19,G.SPLIT1,0,HK,0,2,1994,10,1
G.RF1,21,G.SPLIT1,0,HK,0,4,1994,10,1
G.RF1,22,G.SPLIT1,1,HK,1,21,1994,10,1
G.RF1,0,G.SPLIT1,1,HK,1,7,1994,11,0
G.RF1,1,G.SPLIT1,0,HK,6,113,1994,11,0
G.RF1,2,G.SPLIT1,0,HK,11,182,1994,11,0
G.RF1,3,G.SPLIT1,1,HK,10,157,1994,11,1
G.RF1,4,G.SPLIT1,2,HK,3,165,1994,11,0
G.RF1,5,G.SPLIT1,0,HK,0,1,1994,11,0
G.RF1,6,G.SPLIT1,0,HK,0,1,1994,11,0
G.RF1,7,G.SPLIT1,0,HK,0,21,1994,11,0
G.RF1,8,G.SPLIT1,0,HK,0,153,1994,11,0
G.RF1,9,G.SPLIT1,0,HK,1,164,1994,11,0
G.RF1,10,G.SPLIT1,3,HK,4,150,1994,11,6
G.RF1,11,G.SPLIT1,1,HK,6,61,1994,11,2
G.RF1,12,G.SPLIT1,0,HK,1,41,1994,11,0
G.RF1,13,G.SPLIT1,0,HK,0,160,1994,11,1
G.RF1,14,G.SPLIT1,0,HK,1,60,1994,11,0
G.RF1,15,G.SPLIT1,0,HK,1,123,1994,11,0
G.RF1,16,G.SPLIT1,0,HK,1,8,1994,11,0
G.RF1,17,G.SPLIT1,1,HK,0,5,1994,11,0
G.RF1,18,G.SPLIT1,0,HK,8,33,1994,11,3
G.RF1,19,G.SPLIT1,0,HK,0,2,1994,11,0
G.RF1,20,G.SPLIT1,2,HK,12,66,1994,11,9
G.RF1,21,G.SPLIT1,0,HK,0,4,1994,11,1
G.RF1,22,G.SPLIT1,1,HK,0,21,1994,11,1
G.RF1,9,G.SPLIT1,0,HK,0,164,1995,1,0
G.RF1,13,G.SPLIT1,0,HK,0,160,1995,1,0
G.RF1,9,G.SPLIT1,0,HK,0,164,1995,2,0
G.RF1,13,G.SPLIT1,0,HK,1,160,1995,2,0
G.RF1,14,G.SPLIT1,0,HK,0,60,1995,2,0
G.RF1,16,G.SPLIT1,0,HK,0,8,1995,2,0
G.RF1,5,G.SPLIT1,0,HK,0,1,1995,3,0
G.RF1,9,G.SPLIT1,0,HK,0,164,1995,3,0
G.RF1,13,G.SPLIT1,0,HK,0,160,1995,3,0
G.RF1,14,G.SPLIT1,0,HK,0,60,1995,3,0
G.RF1,15,G.SPLIT1,0,HK,1,123,1995,3,0
G.RF1,16,G.SPLIT1,0,HK,0,8,1995,3,0
G.RF1,1,G.SPLIT1,0,HK,0,113,1995,4,0
G.RF1,5,G.SPLIT1,0,HK,0,1,1995,4,0
G.RF1,9,G.SPLIT1,0,HK,0,164,1995,4,0
G.RF1,12,G.SPLIT1,1,HK,1,41,1995,4,0
G.RF1,13,G.SPLIT1,0,HK,0,160,1995,4,0
G.RF1,14,G.SPLIT1,0,HK,0,60,1995,4,0
G.RF1,15,G.SPLIT1,0,HK,1,123,1995,4,0
G.RF1,16,G.SPLIT1,0,HK,0,8,1995,4,0
G.RF1,1,G.SPLIT1,0,HK,0,113,1995,5,0
G.RF1,5,G.SPLIT1,0,HK,0,1,1995,5,0
G.RF1,8,G.SPLIT1,0,HK,0,153,1995,5,0
G.RF1,9,G.SPLIT1,0,HK,0,164,1995,5,0
G.RF1,12,G.SPLIT1,1,HK,1,41,1995,5,0
G.RF1,13,G.SPLIT1,0,HK,2,160,1995,5,0
G.RF1,14,G.SPLIT1,0,HK,1,60,1995,5,0
G.RF1,15,G.SPLIT1,0,HK,1,123,1995,5,0
G.RF1,16,G.SPLIT1,0,HK,0,8,1995,5,0
G.RF1,22,G.SPLIT1,0,HK,0,21,1995,5,0
G.RF1,1,G.SPLIT1,0,HK,0,113,1995,6,0
G.RF1,5,G.SPLIT1,0,HK,0,1,1995,6,0
G.RF1,8,G.SPLIT1,0,HK,0,153,1995,6,0
G.RF1,9,G.SPLIT1,0,HK,0,164,1995,6,0
G.RF1,12,G.SPLIT1,0,HK,1,41,1995,6,0
G.RF1,13,G.SPLIT1,0,HK,1,160,1995,6,0
G.RF1,14,G.SPLIT1,0,HK,0,60,1995,6,0
G.RF1,15,G.SPLIT1,0,HK,1,123,1995,6,0
G.RF1,16,G.SPLIT1,0,HK,0,8,1995,6,0
G.RF1,17,G.SPLIT1,0,HK,0,5,1995,6,0
G.RF1,19,G.SPLIT1,0,HK,0,2,1995,6,0
G.RF1,22,G.SPLIT1,0,HK,0,21,1995,6,0
G.RF1,1,G.SPLIT1,0,HK,0,113,1995,7,0
G.RF1,5,G.SPLIT1,0,HK,0,1,1995,7,0
G.RF1,6,G.SPLIT1,0,HK,0,1,1995,7,0
G.RF1,8,G.SPLIT1,1,HK,0,153,1995,7,0
G.RF1,9,G.SPLIT1,0,HK,0,164,1995,7,0
G.RF1,12,G.SPLIT1,0,HK,1,41,1995,7,0
G.RF1,13,G.SPLIT1,0,HK,0,160,1995,7,0
G.RF1,14,G.SPLIT1,0,HK,0,60,1995,7,0
G.RF1,15,G.SPLIT1,0,HK,1,123,1995,7,0
G.RF1,16,G.SPLIT1,0,HK,0,8,1995,7,0
G.RF1,17,G.SPLIT1,0,HK,0,5,1995,7,0
G.RF1,18,G.SPLIT1,3,HK,1,33,1995,7,1
G.RF1,19,G.SPLIT1,0,HK,0,2,1995,7,0
G.RF1,22,G.SPLIT1,1,HK,1,21,1995,7,0
G.RF1,0,G.SPLIT1,0,HK,2,7,1995,8,1
G.RF1,1,G.SPLIT1,0,HK,0,113,1995,8,0
G.RF1,5,G.SPLIT1,0,HK,0,1,1995,8,0
G.RF1,6,G.SPLIT1,0,HK,0,1,1995,8,0
G.RF1,8,G.SPLIT1,0,HK,0,153,1995,8,0
G.RF1,9,G.SPLIT1,0,HK,0,164,1995,8,0
G.RF1,12,G.SPLIT1,0,HK,1,41,1995,8,0
G.RF1,13,G.SPLIT1,1,HK,0,160,1995,8,0
G.RF1,14,G.SPLIT1,0,HK,0,60,1995,8,0
G.RF1,15,G.SPLIT1,0,HK,0,123,1995,8,0
G.RF1,16,G.SPLIT1,0,HK,0,8,1995,8,0
G.RF1,17,G.SPLIT1,0,HK,0,5,1995,8,0
G.RF1,18,G.SPLIT1,1,HK,4,33,1995,8,1
G.RF1,19,G.SPLIT1,0,HK,0,2,1995,8,0
G.RF1,20,G.SPLIT1,2,HK,3,66,1995,8,1
G.RF1,22,G.SPLIT1,1,HK,1,21,1995,8,1
G.RF1,0,G.SPLIT1,0,HK,2,7,1995,9,1
G.RF1,1,G.SPLIT1,0,HK,0,113,1995,9,0
G.RF1,3,G.SPLIT1,0,HK,1,157,1995,9,0
G.RF1,5,G.SPLIT1,0,HK,0,1,1995,9,0
G.RF1,6,G.SPLIT1,0,HK,0,1,1995,9,0
G.RF1,8,G.SPLIT1,0,HK,0,153,1995,9,0
G.RF1,9,G.SPLIT1,0,HK,0,164,1995,9,0
G.RF1,11,G.SPLIT1,0,HK,4,61,1995,9,0
G.RF1,12,G.SPLIT1,1,HK,1,41,1995,9,2
G.RF1,13,G.SPLIT1,0,HK,0,160,1995,9,1
G.RF1,14,G.SPLIT1,0,HK,0,60,1995,9,0
G.RF1,15,G.SPLIT1,0,HK,1,123,1995,9,0
G.RF1,16,G.SPLIT1,0,HK,0,8,1995,9,1
G.RF1,17,G.SPLIT1,0,HK,0,5,1995,9,0
G.RF1,18,G.SPLIT1,1,HK,3,33,1995,9,2
G.RF1,19,G.SPLIT1,0,HK,0,2,1995,9,0
G.RF1,20,G.SPLIT1,2,HK,2,66,1995,9,1
G.RF1,22,G.SPLIT1,1,HK,0,21,1995,9,0
G.RF1,0,G.SPLIT1,0,HK,2,7,1995,10,1
G.RF1,1,G.SPLIT1,0,HK,0,113,1995,10,0
G.RF1,2,G.SPLIT1,0,HK,0,182,1995,10,0
G.RF1,3,G.SPLIT1,0,HK,1,157,1995,10,0
G.RF1,5,G.SPLIT1,0,HK,0,1,1995,10,0
G.RF1,6,G.SPLIT1,0,HK,0,1,1995,10,0
G.RF1,8,G.SPLIT1,0,HK,0,153,1995,10,0
G.RF1,9,G.SPLIT1,0,HK,0,164,1995,10,0
G.RF1,11,G.SPLIT1,3,HK,4,61,1995,10,0
G.RF1,12,G.SPLIT1,1,HK,1,41,1995,10,2
G.RF1,13,G.SPLIT1,0,HK,0,160,1995,10,1
G.RF1,14,G.SPLIT1,0,HK,0,60,1995,10,0
G.RF1,15,G.SPLIT1,0,HK,0,123,1995,10,0
G.RF1,16,G.SPLIT1,0,HK,0,8,1995,10,1
G.RF1,17,G.SPLIT1,0,HK,0,5,1995,10,0
G.RF1,18,G.SPLIT1,2,HK,2,33,1995,10,3
G.RF1,19,G.SPLIT1,0,HK,0,2,1995,10,0
G.RF1,20,G.SPLIT1,1,HK,2,66,1995,10,1
G.RF1,21,G.SPLIT1,0,HK,0,4,1995,10,0
G.RF1,22,G.SPLIT1,3,HK,1,21,1995,10,0
G.RF1,0,G.SPLIT1,0,HK,2,7,1995,11,0
G.RF1,1,G.SPLIT1,0,HK,0,113,1995,11,0
G.RF1,2,G.SPLIT1,3,HK,2,182,1995,11,0
G.RF1,3,G.SPLIT1,2,HK,3,157,1995,11,0
G.RF1,4,G.SPLIT1,4,HK,1,165,1995,11,0
G.RF1,5,G.SPLIT1,0,HK,0,1,1995,11,0
G.RF1,6,G.SPLIT1,0,HK,0,1,1995,11,0
G.RF1,7,G.SPLIT1,0,HK,0,21,1995,11,0
G.RF1,8,G.SPLIT1,0,HK,0,153,1995,11,0
G.RF1,9,G.SPLIT1,0,HK,0,164,1995,11,0
G.RF1,10,G.SPLIT1,3,HK,0,150,1995,11,4
G.RF1,11,G.SPLIT1,2,HK,1,61,1995,11,2
G.RF1,12,G.SPLIT1,0,HK,1,41,1995,11,0
G.RF1,13,G.SPLIT1,0,HK,0,160,1995,11,1
G.RF1,14,G.SPLIT1,0,HK,0,60,1995,11,0
G.RF1,15,G.SPLIT1,0,HK,0,123,1995,11,0
G.RF1,16,G.SPLIT1,0,HK,0,8,1995,11,0
G.RF1,17,G.SPLIT1,0,HK,0,5,1995,11,0
G.RF1,18,G.SPLIT1,1,HK,4,33,1995,11,2
G.RF1,19,G.SPLIT1,0,HK,0,2,1995,11,0
G.RF1,20,G.SPLIT1,3,HK,2,66,1995,11,2
G.RF1,21,G.SPLIT1,0,HK,0,4,1995,11,0
G.RF1,22,G.SPLIT1,3,HK,1,21,1995,11,0
G.RF1,0,G.RPLIN1,0,HK,0,7,1993,1,0
G.RF1,4,G.RPLIN1,0,HK,0,165,1993,1,0
G.RF1,0,G.RPLIN1,0,HK,1,7,1993,2,0
G.RF1,4,G.RPLIN1,0,HK,0,165,1993,2,0
G.RF1,8,G.RPLIN1,0,HK,0,153,1993,2,0
G.RF1,12,G.RPLIN1,1,HK,0,41,1993,2,0
G.RF1,0,G.RPLIN1,0,HK,0,7,1993,3,1
G.RF1,2,G.RPLIN1,0,HK,0,182,1993,3,0
G.RF1,4,G.RPLIN1,0,HK,1,165,1993,3,0
G.RF1,8,G.RPLIN1,0,HK,0,153,1993,3,0
G.RF1,11,G.RPLIN1,2,HK,2,61,1993,3,1
G.RF1,12,G.RPLIN1,1,HK,0,41,1993,3,0
G.RF1,0,G.RPLIN1,0,HK,0,7,1993,4,1
G.RF1,2,G.RPLIN1,0,HK,0,182,1993,4,0
G.RF1,3,G.RPLIN1,0,HK,4,157,1993,4,0
G.RF1,4,G.RPLIN1,1,HK,0,165,1993,4,1
G.RF1,8,G.RPLIN1,0,HK,1,153,1993,4,0
G.RF1,11,G.RPLIN1,2,HK,1,61,1993,4,0
G.RF1,12,G.RPLIN1,1,HK,0,41,1993,4,0
G.RF1,17,G.RPLIN1,0,HK,0,5,1993,4,0
G.RF1,0,G.RPLIN1,0,HK,0,7,1993,5,1
G.RF1,2,G.RPLIN1,0,HK,0,182,1993,5,0
G.RF1,3,G.RPLIN1,0,HK,2,157,1993,5,0
G.RF1,4,G.RPLIN1,1,HK,0,165,1993,5,1
G.RF1,8,G.RPLIN1,0,HK,1,153,1993,5,0
G.RF1,11,G.RPLIN1,1,HK,1,61,1993,5,1
G.RF1,12,G.RPLIN1,0,HK,0,41,1993,5,1
G.RF1,16,G.RPLIN1,0,HK,0,8,1993,5,0
G.RF1,17,G.RPLIN1,0,HK,0,5,1993,5,0
G.RF1,21,G.RPLIN1,0,HK,0,4,1993,5,0
G.RF1,0,G.RPLIN1,0,HK,0,7,1993,6,0
G.RF1,2,G.RPLIN1,0,HK,0,182,1993,6,0
G.RF1,3,G.RPLIN1,1,HK,1,157,1993,6,1
G.RF1,4,G.RPLIN1,2,HK,1,165,1993,6,1
G.RF1,8,G.RPLIN1,0,HK,0,153,1993,6,0
G.RF1,11,G.RPLIN1,1,HK,1,61,1993,6,1
G.RF1,12,G.RPLIN1,0,HK,1,41,1993,6,1
G.RF1,13,G.RPLIN1,1,HK,0,160,1993,6,0
G.RF1,16,G.RPLIN1,0,HK,0,8,1993,6,0
G.RF1,17,G.RPLIN1,0,HK,0,5,1993,6,0
G.RF1,21,G.RPLIN1,0,HK,0,4,1993,6,0
G.RF1,22,G.RPLIN1,0,HK,1,21,1993,6,0
G.RF1,0,G.RPLIN1,0,HK,0,7,1993,7,0
G.RF1,2,G.RPLIN1,0,HK,0,182,1993,7,0
G.RF1,3,G.RPLIN1,2,HK,3,157,1993,7,0
G.RF1,4,G.RPLIN1,1,HK,0,165,1993,7,0
G.RF1,8,G.RPLIN1,1,HK,0,153,1993,7,0
G.RF1,11,G.RPLIN1,3,HK,1,61,1993,7,1
G.RF1,12,G.RPLIN1,0,HK,1,41,1993,7,1
G.RF1,13,G.RPLIN1,0,HK,1,160,1993,7,0
G.RF1,14,G.RPLIN1,0,HK,0,60,1993,7,0
G.RF1,16,G.RPLIN1,0,HK,0,8,1993,7,0
G.RF1,17,G.RPLIN1,0,HK,1,5,1993,7,0
G.RF1,18,G.RPLIN1,1,HK,0,33,1993,7,1
G.RF1,21,G.RPLIN1,0,HK,0,4,1993,7,0
G.RF1,22,G.RPLIN1,0,HK,1,21,1993,7,0
G.RF1,0,G.RPLIN1,0,HK,0,7,1993,8,0
G.RF1,2,G.RPLIN1,0,HK,0,182,1993,8,0
G.RF1,3,G.RPLIN1,0,HK,5,157,1993,8,0
G.RF1,4,G.RPLIN1,1,HK,0,165,1993,8,1
G.RF1,8,G.RPLIN1,0,HK,0,153,1993,8,0
G.RF1,9,G.RPLIN1,0,HK,0,164,1993,8,0
G.RF1,11,G.RPLIN1,3,HK,1,61,1993,8,0
G.RF1,12,G.RPLIN1,0,HK,0,41,1993,8,1
G.RF1,13,G.RPLIN1,0,HK,0,160,1993,8,0
G.RF1,14,G.RPLIN1,0,HK,0,60,1993,8,0
G.RF1,16,G.RPLIN1,0,HK,0,8,1993,8,0
G.RF1,17,G.RPLIN1,0,HK,1,5,1993,8,0
G.RF1,18,G.RPLIN1,1,HK,1,33,1993,8,4
G.RF1,19,G.RPLIN1,0,HK,0,2,1993,8,0
G.RF1,21,G.RPLIN1,0,HK,0,4,1993,8,0
G.RF1,22,G.RPLIN1,0,HK,0,21,1993,8,0
G.RF1,0,G.RPLIN1,0,HK,0,7,1993,9,0
G.RF1,2,G.RPLIN1,0,HK,0,182,1993,9,0
G.RF1,3,G.RPLIN1,0,HK,4,157,1993,9,0
G.RF1,4,G.RPLIN1,1,HK,0,165,1993,9,0
G.RF1,6,G.RPLIN1,0,HK,0,1,1993,9,0
G.RF1,8,G.RPLIN1,1,HK,1,153,1993,9,0
G.RF1,9,G.RPLIN1,0,HK,0,164,1993,9,0
G.RF1,11,G.RPLIN1,3,HK,1,61,1993,9,0
G.RF1,12,G.RPLIN1,0,HK,0,41,1993,9,1
G.RF1,13,G.RPLIN1,0,HK,0,160,1993,9,0
G.RF1,14,G.RPLIN1,0,HK,1,60,1993,9,0
G.RF1,15,G.RPLIN1,0,HK,0,123,1993,9,0
G.RF1,16,G.RPLIN1,0,HK,0,8,1993,9,0
G.RF1,17,G.RPLIN1,0,HK,0,5,1993,9,0
G.RF1,18,G.RPLIN1,2,HK,1,33,1993,9,3
G.RF1,19,G.RPLIN1,0,HK,0,2,1993,9,0
G.RF1,21,G.RPLIN1,0,HK,0,4,1993,9,0
G.RF1,22,G.RPLIN1,0,HK,0,21,1993,9,0
G.RF1,0,G.RPLIN1,0,HK,0,7,1993,10,0
G.RF1,2,G.RPLIN1,0,HK,0,182,1993,10,0
G.RF1,3,G.RPLIN1,1,HK,3,157,1993,10,0
G.RF1,4,G.RPLIN1,3,HK,0,165,1993,10,0
G.RF1,5,G.RPLIN1,0,HK,0,1,1993,10,0
G.RF1,6,G.RPLIN1,0,HK,0,1,1993,10,0
G.RF1,8,G.RPLIN1,0,HK,1,153,1993,10,0
G.RF1,9,G.RPLIN1,0,HK,0,164,1993,10,0
G.RF1,11,G.RPLIN1,5,HK,1,61,1993,10,0
G.RF1,12,G.RPLIN1,1,HK,0,41,1993,10,1
G.RF1,13,G.RPLIN1,0,HK,0,160,1993,10,0
G.RF1,14,G.RPLIN1,1,HK,1,60,1993,10,0
G.RF1,15,G.RPLIN1,0,HK,0,123,1993,10,0
G.RF1,16,G.RPLIN1,1,HK,0,8,1993,10,0
G.RF1,17,G.RPLIN1,0,HK,0,5,1993,10,0
G.RF1,18,G.RPLIN1,0,HK,2,33,1993,10,3
G.RF1,19,G.RPLIN1,0,HK,0,2,1993,10,0
G.RF1,20,G.RPLIN1,3,HK,4,66,1993,10,6
G.RF1,21,G.RPLIN1,0,HK,0,4,1993,10,0
G.RF1,22,G.RPLIN1,0,HK,1,21,1993,10,0
G.RF1,0,G.RPLIN1,0,HK,0,7,1993,11,0
G.RF1,1,G.RPLIN1,0,HK,1,113,1993,11,0
G.RF1,2,G.RPLIN1,1,HK,2,182,1993,11,0
G.RF1,3,G.RPLIN1,1,HK,3,157,1993,11,0
G.RF1,4,G.RPLIN1,3,HK,0,165,1993,11,0
G.RF1,5,G.RPLIN1,0,HK,0,1,1993,11,0
G.RF1,6,G.RPLIN1,0,HK,0,1,1993,11,0
G.RF1,7,G.RPLIN1,0,HK,0,21,1993,11,0
G.RF1,8,G.RPLIN1,1,HK,1,153,1993,11,0
G.RF1,9,G.RPLIN1,0,HK,0,164,1993,11,0
G.RF1,10,G.RPLIN1,1,HK,2,150,1993,11,3
G.RF1,11,G.RPLIN1,2,HK,0,61,1993,11,1
G.RF1,12,G.RPLIN1,0,HK,1,41,1993,11,1
G.RF1,13,G.RPLIN1,0,HK,0,160,1993,11,1
G.RF1,14,G.RPLIN1,0,HK,3,60,1993,11,0
G.RF1,15,G.RPLIN1,0,HK,1,123,1993,11,0
G.RF1,16,G.RPLIN1,0,HK,0,8,1993,11,0
G.RF1,17,G.RPLIN1,0,HK,0,5,1993,11,0
G.RF1,18,G.RPLIN1,0,HK,2,33,1993,11,2
G.RF1,19,G.RPLIN1,0,HK,0,2,1993,11,0
G.RF1,20,G.RPLIN1,2,HK,2,66,1993,11,5
G.RF1,21,G.RPLIN1,0,HK,0,4,1993,11,0
G.RF1,22,G.RPLIN1,0,HK,1,21,1993,11,1
G.RF1,16,G.RPLIN1,0,HK,0,8,1994,1,0
G.RF1,22,G.RPLIN1,0,HK,0,21,1994,1,0
G.RF1,12,G.RPLIN1,1,HK,0,41,1994,2,0
G.RF1,13,G.RPLIN1,0,HK,0,160,1994,2,0
G.RF1,16,G.RPLIN1,0,HK,0,8,1994,2,0
G.RF1,22,G.RPLIN1,0,HK,0,21,1994,2,0
G.RF1,4,G.RPLIN1,0,HK,0,165,1994,3,0
G.RF1,12,G.RPLIN1,0,HK,0,41,1994,3,0
G.RF1,13,G.RPLIN1,0,HK,1,160,1994,3,0
G.RF1,16,G.RPLIN1,0,HK,0,8,1994,3,0
G.RF1,21,G.RPLIN1,0,HK,0,4,1994,3,0
G.RF1,22,G.RPLIN1,0,HK,0,21,1994,3,0
G.RF1,4,G.RPLIN1,0,HK,0,165,1994,4,0
G.RF1,12,G.RPLIN1,1,HK,1,41,1994,4,0
G.RF1,13,G.RPLIN1,0,HK,1,160,1994,4,0
G.RF1,16,G.RPLIN1,0,HK,0,8,1994,4,0
G.RF1,17,G.RPLIN1,1,HK,0,5,1994,4,0
G.RF1,19,G.RPLIN1,0,HK,0,2,1994,4,0
G.RF1,21,G.RPLIN1,0,HK,0,4,1994,4,0
G.RF1,22,G.RPLIN1,0,HK,1,21,1994,4,0
G.RF1,4,G.RPLIN1,0,HK,0,165,1994,5,0
G.RF1,6,G.RPLIN1,0,HK,0,1,1994,5,0
G.RF1,11,G.RPLIN1,2,HK,0,61,1994,5,0
G.RF1,12,G.RPLIN1,1,HK,0,41,1994,5,0
G.RF1,13,G.RPLIN1,0,HK,0,160,1994,5,0
G.RF1,16,G.RPLIN1,0,HK,0,8,1994,5,0
G.RF1,17,G.RPLIN1,1,HK,0,5,1994,5,0
G.RF1,19,G.RPLIN1,0,HK,0,2,1994,5,0
G.RF1,21,G.RPLIN1,0,HK,0,4,1994,5,0
G.RF1,22,G.RPLIN1,0,HK,1,21,1994,5,0
G.RF1,3,G.RPLIN1,0,HK,4,157,1994,6,0
G.RF1,4,G.RPLIN1,0,HK,1,165,1994,6,0
G.RF1,6,G.RPLIN1,0,HK,0,1,1994,6,0
G.RF1,11,G.RPLIN1,0,HK,1,61,1994,6,0
G.RF1,12,G.RPLIN1,1,HK,1,41,1994,6,0
G.RF1,13,G.RPLIN1,0,HK,0,160,1994,6,0
G.RF1,15,G.RPLIN1,0,HK,0,123,1994,6,0
G.RF1,16,G.RPLIN1,0,HK,0,8,1994,6,0
G.RF1,17,G.RPLIN1,0,HK,0,5,1994,6,0
G.RF1,19,G.RPLIN1,0,HK,0,2,1994,6,0
G.RF1,21,G.RPLIN1,0,HK,0,4,1994,6,0
G.RF1,22,G.RPLIN1,0,HK,1,21,1994,6,0
G.RF1,0,G.RPLIN1,0,HK,1,7,1994,7,0
G.RF1,3,G.RPLIN1,2,HK,2,157,1994,7,0
G.RF1,4,G.RPLIN1,1,HK,0,165,1994,7,0
G.RF1,6,G.RPLIN1,0,HK,0,1,1994,7,0
G.RF1,9,G.RPLIN1,0,HK,0,164,1994,7,0
G.RF1,11,G.RPLIN1,2,HK,0,61,1994,7,1
G.RF1,12,G.RPLIN1,0,HK,1,41,1994,7,1
G.RF1,13,G.RPLIN1,0,HK,0,160,1994,7,0
G.RF1,15,G.RPLIN1,0,HK,0,123,1994,7,0
G.RF1,16,G.RPLIN1,0,HK,0,8,1994,7,0
G.RF1,17,G.RPLIN1,1,HK,0,5,1994,7,0
G.RF1,19,G.RPLIN1,0,HK,0,2,1994,7,0
G.RF1,21,G.RPLIN1,0,HK,0,4,1994,7,0
G.RF1,22,G.RPLIN1,0,HK,1,21,1994,7,0
G.RF1,0,G.RPLIN1,0,HK,0,7,1994,8,1
G.RF1,3,G.RPLIN1,2,HK,5,157,1994,8,0
G.RF1,4,G.RPLIN1,1,HK,1,165,1994,8,0
G.RF1,5,G.RPLIN1,0,HK,0,1,1994,8,0
G.RF1,6,G.RPLIN1,0,HK,0,1,1994,8,0
G.RF1,7,G.RPLIN1,0,HK,0,21,1994,8,0
G.RF1,9,G.RPLIN1,0,HK,0,164,1994,8,0
G.RF1,11,G.RPLIN1,1,HK,0,61,1994,8,1
G.RF1,12,G.RPLIN1,0,HK,1,41,1994,8,1
G.RF1,13,G.RPLIN1,0,HK,0,160,1994,8,0
G.RF1,15,G.RPLIN1,0,HK,0,123,1994,8,0
G.RF1,16,G.RPLIN1,0,HK,0,8,1994,8,0
G.RF1,17,G.RPLIN1,0,HK,0,5,1994,8,0
G.RF1,19,G.RPLIN1,0,HK,0,2,1994,8,0
G.RF1,21,G.RPLIN1,0,HK,0,4,1994,8,0
G.RF1,22,G.RPLIN1,0,HK,0,21,1994,8,0
G.RF1,0,G.RPLIN1,0,HK,0,7,1994,9,2
G.RF1,1,G.RPLIN1,0,HK,0,113,1994,9,0
G.RF1,3,G.RPLIN1,1,HK,4,157,1994,9,0
G.RF1,4,G.RPLIN1,1,HK,0,165,1994,9,0
G.RF1,5,G.RPLIN1,0,HK,0,1,1994,9,0
G.RF1,6,G.RPLIN1,0,HK,0,1,1994,9,0
G.RF1,7,G.RPLIN1,0,HK,0,21,1994,9,0
G.RF1,9,G.RPLIN1,0,HK,0,164,1994,9,0
G.RF1,11,G.RPLIN1,4,HK,1,61,1994,9,2
G.RF1,12,G.RPLIN1,1,HK,1,41,1994,9,1
G.RF1,13,G.RPLIN1,0,HK,0,160,1994,9,1
G.RF1,15,G.RPLIN1,0,HK,0,123,1994,9,0
G.RF1,16,G.RPLIN1,0,HK,0,8,1994,9,0
G.RF1,17,G.RPLIN1,0,HK,1,5,1994,9,0
G.RF1,18,G.RPLIN1,2,HK,1,33,1994,9,2
G.RF1,19,G.RPLIN1,0,HK,0,2,1994,9,0
G.RF1,21,G.RPLIN1,0,HK,0,4,1994,9,0
G.RF1,22,G.RPLIN1,0,HK,0,21,1994,9,0
G.RF1,0,G.RPLIN1,0,HK,0,7,1994,10,0
G.RF1,1,G.RPLIN1,0,HK,0,113,1994,10,0
G.RF1,3,G.RPLIN1,4,HK,3,157,1994,10,0
G.RF1,4,G.RPLIN1,1,HK,0,165,1994,10,0
G.RF1,5,G.RPLIN1,0,HK,0,1,1994,10,0
G.RF1,6,G.RPLIN1,0,HK,0,1,1994,10,0
G.RF1,7,G.RPLIN1,0,HK,0,21,1994,10,0
G.RF1,9,G.RPLIN1,0,HK,0,164,1994,10,0
G.RF1,10,G.RPLIN1,4,HK,1,150,1994,10,4
G.RF1,11,G.RPLIN1,4,HK,2,61,1994,10,2
G.RF1,12,G.RPLIN1,0,HK,1,41,1994,10,0
G.RF1,13,G.RPLIN1,0,HK,0,160,1994,10,1
G.RF1,14,G.RPLIN1,1,HK,0,60,1994,10,0
G.RF1,15,G.RPLIN1,0,HK,0,123,1994,10,0
G.RF1,16,G.RPLIN1,0,HK,0,8,1994,10,0
G.RF1,17,G.RPLIN1,0,HK,1,5,1994,10,0
G.RF1,18,G.RPLIN1,1,HK,0,33,1994,10,1
G.RF1,19,G.RPLIN1,0,HK,0,2,1994,10,0
G.RF1,21,G.RPLIN1,0,HK,0,4,1994,10,0
G.RF1,22,G.RPLIN1,0,HK,0,21,1994,10,0
G.RF1,0,G.RPLIN1,0,HK,1,7,1994,11,0
G.RF1,1,G.RPLIN1,0,HK,0,113,1994,11,0
G.RF1,2,G.RPLIN1,1,HK,0,182,1994,11,0
G.RF1,3,G.RPLIN1,0,HK,6,157,1994,11,1
G.RF1,4,G.RPLIN1,0,HK,0,165,1994,11,0
G.RF1,5,G.RPLIN1,0,HK,0,1,1994,11,0
G.RF1,6,G.RPLIN1,0,HK,0,1,1994,11,0
G.RF1,7,G.RPLIN1,0,HK,0,21,1994,11,0
G.RF1,8,G.RPLIN1,1,HK,0,153,1994,11,0
G.RF1,9,G.RPLIN1,0,HK,0,164,1994,11,0
G.RF1,10,G.RPLIN1,3,HK,2,150,1994,11,4
G.RF1,11,G.RPLIN1,3,HK,0,61,1994,11,3
G.RF1,12,G.RPLIN1,0,HK,1,41,1994,11,0
G.RF1,13,G.RPLIN1,0,HK,0,160,1994,11,0
G.RF1,14,G.RPLIN1,0,HK,0,60,1994,11,0
G.RF1,15,G.RPLIN1,0,HK,0,123,1994,11,0
G.RF1,16,G.RPLIN1,0,HK,0,8,1994,11,0
G.RF1,17,G.RPLIN1,0,HK,0,5,1994,11,0
G.RF1,18,G.RPLIN1,1,HK,2,33,1994,11,2
G.RF1,19,G.RPLIN1,0,HK,0,2,1994,11,1
G.RF1,20,G.RPLIN1,2,HK,6,66,1994,11,6
G.RF1,21,G.RPLIN1,0,HK,0,4,1994,11,0
G.RF1,22,G.RPLIN1,0,HK,0,21,1994,11,0
G.RF1,9,G.RPLIN1,0,HK,0,164,1995,1,0
G.RF1,13,G.RPLIN1,0,HK,0,160,1995,1,0
G.RF1,9,G.RPLIN1,0,HK,0,164,1995,2,0
G.RF1,13,G.RPLIN1,0,HK,0,160,1995,2,0
G.RF1,14,G.RPLIN1,0,HK,0,60,1995,2,0
G.RF1,16,G.RPLIN1,0,HK,0,8,1995,2,0
G.RF1,5,G.RPLIN1,0,HK,0,1,1995,3,0
G.RF1,9,G.RPLIN1,0,HK,0,164,1995,3,0
G.RF1,13,G.RPLIN1,0,HK,0,160,1995,3,0
G.RF1,14,G.RPLIN1,0,HK,0,60,1995,3,0
G.RF1,15,G.RPLIN1,0,HK,0,123,1995,3,0
G.RF1,16,G.RPLIN1,0,HK,0,8,1995,3,0
G.RF1,1,G.RPLIN1,0,HK,0,113,1995,4,0
G.RF1,5,G.RPLIN1,0,HK,0,1,1995,4,0
G.RF1,9,G.RPLIN1,0,HK,0,164,1995,4,0
G.RF1,12,G.RPLIN1,1,HK,1,41,1995,4,0
G.RF1,13,G.RPLIN1,0,HK,1,160,1995,4,0
G.RF1,14,G.RPLIN1,0,HK,1,60,1995,4,0
G.RF1,15,G.RPLIN1,0,HK,0,123,1995,4,0
G.RF1,16,G.RPLIN1,0,HK,0,8,1995,4,0
G.RF1,1,G.RPLIN1,0,HK,0,113,1995,5,0
G.RF1,5,G.RPLIN1,0,HK,0,1,1995,5,0
G.RF1,8,G.RPLIN1,0,HK,0,153,1995,5,0
G.RF1,9,G.RPLIN1,0,HK,0,164,1995,5,0
G.RF1,12,G.RPLIN1,1,HK,1,41,1995,5,0
G.RF1,13,G.RPLIN1,0,HK,1,160,1995,5,0
G.RF1,14,G.RPLIN1,0,HK,1,60,1995,5,0
G.RF1,15,G.RPLIN1,0,HK,0,123,1995,5,0
G.RF1,16,G.RPLIN1,0,HK,0,8,1995,5,0
G.RF1,22,G.RPLIN1,0,HK,0,21,1995,5,0
G.RF1,1,G.RPLIN1,0,HK,0,113,1995,6,0
G.RF1,5,G.RPLIN1,0,HK,0,1,1995,6,0
G.RF1,8,G.RPLIN1,0,HK,0,153,1995,6,0
G.RF1,9,G.RPLIN1,0,HK,0,164,1995,6,0
G.RF1,12,G.RPLIN1,0,HK,1,41,1995,6,0
G.RF1,13,G.RPLIN1,0,HK,1,160,1995,6,1
G.RF1,14,G.RPLIN1,0,HK,0,60,1995,6,0
G.RF1,15,G.RPLIN1,0,HK,0,123,1995,6,0
G.RF1,16,G.RPLIN1,0,HK,0,8,1995,6,0
G.RF1,17,G.RPLIN1,1,HK,0,5,1995,6,0
G.RF1,19,G.RPLIN1,0,HK,0,2,1995,6,0
G.RF1,22,G.RPLIN1,0,HK,0,21,1995,6,0
G.RF1,1,G.RPLIN1,0,HK,0,113,1995,7,0
G.RF1,5,G.RPLIN1,0,HK,0,1,1995,7,0
G.RF1,6,G.RPLIN1,0,HK,0,1,1995,7,0
G.RF1,8,G.RPLIN1,2,HK,0,153,1995,7,0
G.RF1,9,G.RPLIN1,0,HK,0,164,1995,7,0
G.RF1,12,G.RPLIN1,0,HK,1,41,1995,7,0
G.RF1,13,G.RPLIN1,0,HK,1,160,1995,7,0
G.RF1,14,G.RPLIN1,0,HK,0,60,1995,7,0
G.RF1,15,G.RPLIN1,0,HK,0,123,1995,7,0
G.RF1,16,G.RPLIN1,0,HK,0,8,1995,7,0
G.RF1,17,G.RPLIN1,0,HK,0,5,1995,7,0
G.RF1,18,G.RPLIN1,1,HK,3,33,1995,7,1
G.RF1,19,G.RPLIN1,0,HK,0,2,1995,7,0
G.RF1,22,G.RPLIN1,0,HK,1,21,1995,7,0
G.RF1,0,G.RPLIN1,0,HK,0,7,1995,8,0
G.RF1,1,G.RPLIN1,0,HK,0,113,1995,8,0
G.RF1,5,G.RPLIN1,0,HK,0,1,1995,8,0
G.RF1,6,G.RPLIN1,0,HK,0,1,1995,8,0
G.RF1,8,G.RPLIN1,1,HK,0,153,1995,8,0
G.RF1,9,G.RPLIN1,0,HK,0,164,1995,8,0
G.RF1,12,G.RPLIN1,0,HK,1,41,1995,8,1
G.RF1,13,G.RPLIN1,0,HK,0,160,1995,8,0
G.RF1,14,G.RPLIN1,0,HK,0,60,1995,8,0
G.RF1,15,G.RPLIN1,0,HK,0,123,1995,8,0
G.RF1,16,G.RPLIN1,0,HK,0,8,1995,8,0
G.RF1,17,G.RPLIN1,0,HK,0,5,1995,8,0
G.RF1,18,G.RPLIN1,0,HK,1,33,1995,8,2
G.RF1,19,G.RPLIN1,0,HK,0,2,1995,8,0
G.RF1,20,G.RPLIN1,1,HK,2,66,1995,8,1
G.RF1,22,G.RPLIN1,0,HK,2,21,1995,8,1
G.RF1,0,G.RPLIN1,0,HK,0,7,1995,9,1
G.RF1,1,G.RPLIN1,0,HK,0,113,1995,9,0
G.RF1,3,G.RPLIN1,0,HK,1,157,1995,9,0
G.RF1,5,G.RPLIN1,0,HK,0,1,1995,9,0
G.RF1,6,G.RPLIN1,0,HK,0,1,1995,9,0
G.RF1,8,G.RPLIN1,1,HK,0,153,1995,9,0
G.RF1,9,G.RPLIN1,0,HK,0,164,1995,9,0
G.RF1,11,G.RPLIN1,1,HK,2,61,1995,9,1
G.RF1,12,G.RPLIN1,0,HK,1,41,1995,9,1
G.RF1,13,G.RPLIN1,0,HK,0,160,1995,9,0
G.RF1,14,G.RPLIN1,0,HK,0,60,1995,9,0
G.RF1,15,G.RPLIN1,0,HK,0,123,1995,9,0
G.RF1,16,G.RPLIN1,0,HK,0,8,1995,9,1
G.RF1,17,G.RPLIN1,0,HK,0,5,1995,9,0
G.RF1,18,G.RPLIN1,1,HK,0,33,1995,9,2
G.RF1,19,G.RPLIN1,0,HK,0,2,1995,9,0
G.RF1,20,G.RPLIN1,1,HK,2,66,1995,9,1
G.RF1,22,G.RPLIN1,1,HK,1,21,1995,9,0
G.RF1,0,G.RPLIN1,0,HK,1,7,1995,10,1
G.RF1,1,G.RPLIN1,0,HK,0,113,1995,10,0
G.RF1,2,G.RPLIN1,0,HK,0,182,1995,10,0
G.RF1,3,G.RPLIN1,0,HK,1,157,1995,10,0
G.RF1,5,G.RPLIN1,0,HK,0,1,1995,10,0
G.RF1,6,G.RPLIN1,0,HK,0,1,1995,10,0
G.RF1,8,G.RPLIN1,1,HK,0,153,1995,10,0
G.RF1,9,G.RPLIN1,0,HK,0,164,1995,10,0
G.RF1,11,G.RPLIN1,2,HK,3,61,1995,10,1
G.RF1,12,G.RPLIN1,0,HK,1,41,1995,10,1
G.RF1,13,G.RPLIN1,0,HK,0,160,1995,10,0
G.RF1,14,G.RPLIN1,0,HK,0,60,1995,10,0
G.RF1,15,G.RPLIN1,0,HK,0,123,1995,10,0
G.RF1,16,G.RPLIN1,0,HK,0,8,1995,10,1
G.RF1,17,G.RPLIN1,0,HK,1,5,1995,10,0
G.RF1,18,G.RPLIN1,1,HK,0,33,1995,10,3
G.RF1,19,G.RPLIN1,0,HK,0,2,1995,10,0
G.RF1,20,G.RPLIN1,4,HK,3,66,1995,10,2
G.RF1,21,G.RPLIN1,0,HK,0,4,1995,10,1
G.RF1,22,G.RPLIN1,0,HK,0,21,1995,10,1
G.RF1,0,G.RPLIN1,0,HK,1,7,1995,11,1
G.RF1,1,G.RPLIN1,0,HK,0,113,1995,11,0
G.RF1,2,G.RPLIN1,2,HK,0,182,1995,11,0
G.RF1,3,G.RPLIN1,2,HK,1,157,1995,11,0
G.RF1,4,G.RPLIN1,3,HK,1,165,1995,11,0
G.RF1,5,G.RPLIN1,0,HK,0,1,1995,11,0
G.RF1,6,G.RPLIN1,0,HK,0,1,1995,11,0
G.RF1,7,G.RPLIN1,0,HK,0,21,1995,11,0
G.RF1,8,G.RPLIN1,1,HK,0,153,1995,11,0
G.RF1,9,G.RPLIN1,0,HK,0,164,1995,11,0
G.RF1,10,G.RPLIN1,1,HK,0,150,1995,11,5
G.RF1,11,G.RPLIN1,2,HK,0,61,1995,11,2
G.RF1,12,G.RPLIN1,0,HK,1,41,1995,11,0
G.RF1,13,G.RPLIN1,0,HK,0,160,1995,11,0
G.RF1,14,G.RPLIN1,0,HK,0,60,1995,11,0
G.RF1,15,G.RPLIN1,0,HK,0,123,1995,11,0
G.RF1,16,G.RPLIN1,0,HK,0,8,1995,11,0
G.RF1,17,G.RPLIN1,0,HK,1,5,1995,11,0
G.RF1,18,G.RPLIN1,0,HK,2,33,1995,11,2
G.RF1,19,G.RPLIN1,0,HK,0,2,1995,11,0
G.RF1,20,G.RPLIN1,5,HK,3,66,1995,11,2
G.RF1,21,G.RPLIN1,0,HK,0,4,1995,11,1
G.RF1,22,G.RPLIN1,0,HK,1,21,1995,11,1
G.RF2,0,G.LIN,0,HK,0,7,1993,1,0
G.RF2,4,G.LIN,0,HK,0,165,1993,1,0
G.RF2,0,G.LIN,0,HK,0,7,1993,2,0
G.RF2,4,G.LIN,0,HK,0,165,1993,2,0
G.RF2,8,G.LIN,0,HK,0,153,1993,2,0
G.RF2,12,G.LIN,0,HK,0,41,1993,2,0
G.RF2,0,G.LIN,0,HK,0,7,1993,3,0
G.RF2,2,G.LIN,0,HK,0,182,1993,3,0
G.RF2,4,G.LIN,0,HK,0,165,1993,3,0
G.RF2,8,G.LIN,0,HK,0,153,1993,3,0
G.RF2,11,G.LIN,3,HK,0,61,1993,3,1
G.RF2,12,G.LIN,0,HK,1,41,1993,3,1
G.RF2,0,G.LIN,0,HK,0,7,1993,4,0
G.RF2,2,G.LIN,0,HK,0,182,1993,4,0
G.RF2,3,G.LIN,5,HK,2,157,1993,4,0
G.RF2,4,G.LIN,2,HK,3,165,1993,4,0
G.RF2,8,G.LIN,0,HK,0,153,1993,4,0
G.RF2,11,G.LIN,2,HK,0,61,1993,4,1
G.RF2,12,G.LIN,0,HK,0,41,1993,4,1
G.RF2,17,G.LIN,0,HK,0,5,1993,4,0
G.RF2,0,G.LIN,0,HK,0,7,1993,5,1
G.RF2,2,G.LIN,0,HK,0,182,1993,5,0
G.RF2,3,G.LIN,3,HK,1,157,1993,5,0
G.RF2,4,G.LIN,1,HK,2,165,1993,5,0
G.RF2,8,G.LIN,0,HK,1,153,1993,5,0
G.RF2,11,G.LIN,1,HK,0,61,1993,5,1
G.RF2,12,G.LIN,0,HK,1,41,1993,5,0
G.RF2,16,G.LIN,1,HK,1,8,1993,5,0
G.RF2,17,G.LIN,0,HK,0,5,1993,5,0
G.RF2,21,G.LIN,0,HK,0,4,1993,5,0
G.RF2,0,G.LIN,0,HK,0,7,1993,6,0
G.RF2,2,G.LIN,0,HK,0,182,1993,6,0
G.RF2,3,G.LIN,3,HK,1,157,1993,6,0
G.RF2,4,G.LIN,2,HK,3,165,1993,6,2
G.RF2,8,G.LIN,1,HK,0,153,1993,6,0
G.RF2,11,G.LIN,1,HK,0,61,1993,6,2
G.RF2,12,G.LIN,0,HK,0,41,1993,6,1
G.RF2,13,G.LIN,0,HK,3,160,1993,6,0
G.RF2,16,G.LIN,1,HK,1,8,1993,6,0
G.RF2,17,G.LIN,0,HK,0,5,1993,6,0
G.RF2,21,G.LIN,0,HK,0,4,1993,6,0
G.RF2,22,G.LIN,0,HK,1,21,1993,6,0
G.RF2,0,G.LIN,0,HK,0,7,1993,7,0
G.RF2,2,G.LIN,0,HK,0,182,1993,7,0
G.RF2,3,G.LIN,3,HK,4,157,1993,7,0
G.RF2,4,G.LIN,1,HK,5,165,1993,7,0
G.RF2,8,G.LIN,0,HK,0,153,1993,7,0
G.RF2,11,G.LIN,1,HK,0,61,1993,7,2
G.RF2,12,G.LIN,0,HK,1,41,1993,7,1
G.RF2,13,G.LIN,0,HK,3,160,1993,7,0
G.RF2,14,G.LIN,0,HK,0,60,1993,7,0
G.RF2,16,G.LIN,1,HK,1,8,1993,7,0
G.RF2,17,G.LIN,0,HK,0,5,1993,7,0
G.RF2,18,G.LIN,1,HK,2,33,1993,7,1
G.RF2,21,G.LIN,0,HK,0,4,1993,7,0
G.RF2,22,G.LIN,0,HK,1,21,1993,7,0
G.RF2,0,G.LIN,0,HK,0,7,1993,8,0
G.RF2,2,G.LIN,0,HK,0,182,1993,8,0
G.RF2,3,G.LIN,1,HK,5,157,1993,8,0
G.RF2,4,G.LIN,1,HK,3,165,1993,8,1
G.RF2,8,G.LIN,1,HK,1,153,1993,8,0
G.RF2,9,G.LIN,0,HK,0,164,1993,8,0
G.RF2,11,G.LIN,0,HK,1,61,1993,8,1
G.RF2,12,G.LIN,0,HK,1,41,1993,8,1
G.RF2,13,G.LIN,0,HK,2,160,1993,8,0
G.RF2,14,G.LIN,0,HK,0,60,1993,8,0
G.RF2,16,G.LIN,1,HK,1,8,1993,8,0
G.RF2,17,G.LIN,0,HK,0,5,1993,8,1
G.RF2,18,G.LIN,0,HK,1,33,1993,8,2
G.RF2,19,G.LIN,0,HK,0,2,1993,8,0
G.RF2,21,G.LIN,0,HK,0,4,1993,8,0
G.RF2,22,G.LIN,0,HK,1,21,1993,8,0
G.RF2,0,G.LIN,0,HK,0,7,1993,9,0
G.RF2,2,G.LIN,0,HK,0,182,1993,9,0
G.RF2,3,G.LIN,2,HK,3,157,1993,9,0
G.RF2,4,G.LIN,1,HK,3,165,1993,9,0
G.RF2,6,G.LIN,0,HK,0,1,1993,9,0
G.RF2,8,G.LIN,1,HK,1,153,1993,9,0
G.RF2,9,G.LIN,0,HK,0,164,1993,9,0
G.RF2,11,G.LIN,0,HK,3,61,1993,9,1
G.RF2,12,G.LIN,0,HK,1,41,1993,9,0
G.RF2,13,G.LIN,0,HK,2,160,1993,9,0
G.RF2,14,G.LIN,0,HK,1,60,1993,9,0
G.RF2,15,G.LIN,0,HK,0,123,1993,9,0
G.RF2,16,G.LIN,1,HK,1,8,1993,9,0
G.RF2,17,G.LIN,0,HK,0,5,1993,9,0
G.RF2,18,G.LIN,0,HK,2,33,1993,9,3
G.RF2,19,G.LIN,0,HK,0,2,1993,9,0
G.RF2,21,G.LIN,0,HK,0,4,1993,9,0
G.RF2,22,G.LIN,0,HK,1,21,1993,9,0
G.RF2,0,G.LIN,0,HK,0,7,1993,10,0
G.RF2,2,G.LIN,0,HK,0,182,1993,10,0
G.RF2,3,G.LIN,4,HK,2,157,1993,10,0
G.RF2,4,G.LIN,1,HK,3,165,1993,10,0
G.RF2,5,G.LIN,0,HK,0,1,1993,10,0
G.RF2,6,G.LIN,0,HK,0,1,1993,10,1
G.RF2,8,G.LIN,0,HK,1,153,1993,10,0
G.RF2,9,G.LIN,0,HK,0,164,1993,10,0
G.RF2,11,G.LIN,1,HK,1,61,1993,10,1
G.RF2,12,G.LIN,0,HK,0,41,1993,10,0
G.RF2,13,G.LIN,0,HK,1,160,1993,10,1
G.RF2,14,G.LIN,0,HK,0,60,1993,10,0
G.RF2,15,G.LIN,0,HK,0,123,1993,10,0
G.RF2,16,G.LIN,1,HK,1,8,1993,10,0
G.RF2,17,G.LIN,0,HK,0,5,1993,10,0
G.RF2,18,G.LIN,0,HK,2,33,1993,10,1
G.RF2,19,G.LIN,0,HK,0,2,1993,10,0
G.RF2,20,G.LIN,4,HK,6,66,1993,10,8
G.RF2,21,G.LIN,0,HK,0,4,1993,10,0
G.RF2,22,G.LIN,0,HK,1,21,1993,10,0
G.RF2,0,G.LIN,0,HK,0,7,1993,11,0
G.RF2,1,G.LIN,1,HK,1,113,1993,11,0
G.RF2,2,G.LIN,0,HK,1,182,1993,11,0
G.RF2,3,G.LIN,4,HK,4,157,1993,11,0
G.RF2,4,G.LIN,1,HK,2,165,1993,11,0
G.RF2,5,G.LIN,0,HK,0,1,1993,11,0
G.RF2,6,G.LIN,0,HK,0,1,1993,11,1
G.RF2,7,G.LIN,0,HK,0,21,1993,11,0
G.RF2,8,G.LIN,0,HK,0,153,1993,11,0
G.RF2,9,G.LIN,0,HK,0,164,1993,11,0
G.RF2,10,G.LIN,3,HK,4,150,1993,11,2
G.RF2,11,G.LIN,0,HK,2,61,1993,11,2
G.RF2,12,G.LIN,0,HK,1,41,1993,11,1
G.RF2,13,G.LIN,0,HK,1,160,1993,11,0
G.RF2,14,G.LIN,1,HK,0,60,1993,11,0
G.RF2,15,G.LIN,0,HK,0,123,1993,11,0
G.RF2,16,G.LIN,1,HK,0,8,1993,11,0
G.RF2,17,G.LIN,1,HK,0,5,1993,11,0
G.RF2,18,G.LIN,1,HK,1,33,1993,11,4
G.RF2,19,G.LIN,0,HK,0,2,1993,11,0
G.RF2,20,G.LIN,3,HK,4,66,1993,11,5
G.RF2,21,G.LIN,0,HK,0,4,1993,11,0
G.RF2,22,G.LIN,0,HK,1,21,1993,11,1
G.RF2,16,G.LIN,0,HK,0,8,1994,1,0
G.RF2,22,G.LIN,0,HK,0,21,1994,1,0
G.RF2,12,G.LIN,2,HK,0,41,1994,2,0
G.RF2,13,G.LIN,1,HK,0,160,1994,2,0
G.RF2,16,G.LIN,0,HK,1,8,1994,2,0
G.RF2,22,G.LIN,0,HK,0,21,1994,2,0
G.RF2,4,G.LIN,0,HK,0,165,1994,3,0
G.RF2,12,G.LIN,4,HK,0,41,1994,3,0
G.RF2,13,G.LIN,1,HK,1,160,1994,3,0
G.RF2,16,G.LIN,0,HK,0,8,1994,3,0
G.RF2,21,G.LIN,0,HK,0,4,1994,3,0
G.RF2,22,G.LIN,3,HK,1,21,1994,3,0
G.RF2,4,G.LIN,0,HK,0,165,1994,4,0
G.RF2,12,G.LIN,4,HK,0,41,1994,4,0
G.RF2,13,G.LIN,1,HK,1,160,1994,4,0
G.RF2,16,G.LIN,0,HK,0,8,1994,4,0
G.RF2,17,G.LIN,0,HK,1,5,1994,4,0
G.RF2,19,G.LIN,0,HK,0,2,1994,4,0
G.RF2,21,G.LIN,0,HK,0,4,1994,4,1
G.RF2,22,G.LIN,1,HK,1,21,1994,4,0
G.RF2,4,G.LIN,0,HK,0,165,1994,5,0
G.RF2,6,G.LIN,0,HK,0,1,1994,5,0
G.RF2,11,G.LIN,7,HK,2,61,1994,5,0
G.RF2,12,G.LIN,1,HK,0,41,1994,5,0
G.RF2,13,G.LIN,1,HK,0,160,1994,5,0
G.RF2,16,G.LIN,0,HK,2,8,1994,5,0
G.RF2,17,G.LIN,0,HK,1,5,1994,5,0
G.RF2,19,G.LIN,0,HK,0,2,1994,5,0
G.RF2,21,G.LIN,0,HK,0,4,1994,5,1
G.RF2,22,G.LIN,1,HK,0,21,1994,5,0
G.RF2,3,G.LIN,6,HK,1,157,1994,6,0
G.RF2,4,G.LIN,5,HK,3,165,1994,6,0
G.RF2,6,G.LIN,0,HK,0,1,1994,6,0
G.RF2,11,G.LIN,6,HK,1,61,1994,6,0
G.RF2,12,G.LIN,1,HK,0,41,1994,6,0
G.RF2,13,G.LIN,0,HK,1,160,1994,6,0
G.RF2,15,G.LIN,0,HK,0,123,1994,6,0
G.RF2,16,G.LIN,0,HK,2,8,1994,6,0
G.RF2,17,G.LIN,0,HK,0,5,1994,6,0
G.RF2,19,G.LIN,0,HK,0,2,1994,6,0
G.RF2,21,G.LIN,0,HK,0,4,1994,6,1
G.RF2,22,G.LIN,3,HK,0,21,1994,6,0
G.RF2,0,G.LIN,0,HK,2,7,1994,7,2
G.RF2,3,G.LIN,4,HK,1,157,1994,7,0
G.RF2,4,G.LIN,4,HK,2,165,1994,7,0
G.RF2,6,G.LIN,0,HK,0,1,1994,7,0
G.RF2,9,G.LIN,1,HK,0,164,1994,7,0
G.RF2,11,G.LIN,6,HK,2,61,1994,7,2
G.RF2,12,G.LIN,0,HK,1,41,1994,7,1
G.RF2,13,G.LIN,0,HK,0,160,1994,7,1
G.RF2,15,G.LIN,0,HK,0,123,1994,7,0
G.RF2,16,G.LIN,0,HK,0,8,1994,7,0
G.RF2,17,G.LIN,0,HK,1,5,1994,7,0
G.RF2,19,G.LIN,0,HK,0,2,1994,7,0
G.RF2,21,G.LIN,0,HK,0,4,1994,7,1
G.RF2,22,G.LIN,2,HK,0,21,1994,7,0
G.RF2,0,G.LIN,0,HK,1,7,1994,8,2
G.RF2,3,G.LIN,3,HK,2,157,1994,8,0
G.RF2,4,G.LIN,3,HK,2,165,1994,8,0
G.RF2,5,G.LIN,0,HK,0,1,1994,8,0
G.RF2,6,G.LIN,0,HK,0,1,1994,8,0
G.RF2,7,G.LIN,0,HK,0,21,1994,8,0
G.RF2,9,G.LIN,1,HK,0,164,1994,8,0
G.RF2,11,G.LIN,5,HK,1,61,1994,8,2
G.RF2,12,G.LIN,1,HK,0,41,1994,8,1
G.RF2,13,G.LIN,0,HK,0,160,1994,8,1
G.RF2,15,G.LIN,0,HK,0,123,1994,8,0
G.RF2,16,G.LIN,0,HK,0,8,1994,8,0
G.RF2,17,G.LIN,0,HK,1,5,1994,8,0
G.RF2,19,G.LIN,0,HK,0,2,1994,8,0
G.RF2,21,G.LIN,0,HK,0,4,1994,8,1
G.RF2,22,G.LIN,2,HK,0,21,1994,8,0
G.RF2,0,G.LIN,0,HK,1,7,1994,9,2
G.RF2,1,G.LIN,0,HK,0,113,1994,9,0
G.RF2,3,G.LIN,4,HK,2,157,1994,9,0
G.RF2,4,G.LIN,2,HK,2,165,1994,9,0
G.RF2,5,G.LIN,0,HK,0,1,1994,9,0
G.RF2,6,G.LIN,0,HK,0,1,1994,9,0
G.RF2,7,G.LIN,0,HK,0,21,1994,9,0
G.RF2,9,G.LIN,1,HK,0,164,1994,9,0
G.RF2,11,G.LIN,7,HK,1,61,1994,9,1
G.RF2,12,G.LIN,2,HK,0,41,1994,9,1
G.RF2,13,G.LIN,0,HK,0,160,1994,9,1
G.RF2,15,G.LIN,0,HK,0,123,1994,9,0
G.RF2,16,G.LIN,0,HK,0,8,1994,9,0
G.RF2,17,G.LIN,0,HK,1,5,1994,9,1
G.RF2,18,G.LIN,4,HK,0,33,1994,9,1
G.RF2,19,G.LIN,0,HK,0,2,1994,9,1
G.RF2,21,G.LIN,0,HK,0,4,1994,9,1
G.RF2,22,G.LIN,2,HK,0,21,1994,9,0
G.RF2,0,G.LIN,0,HK,1,7,1994,10,1
G.RF2,1,G.LIN,0,HK,0,113,1994,10,0
G.RF2,3,G.LIN,3,HK,1,157,1994,10,0
G.RF2,4,G.LIN,2,HK,2,165,1994,10,0
G.RF2,5,G.LIN,0,HK,0,1,1994,10,0
G.RF2,6,G.LIN,0,HK,0,1,1994,10,0
G.RF2,7,G.LIN,0,HK,0,21,1994,10,0
G.RF2,9,G.LIN,1,HK,0,164,1994,10,0
G.RF2,10,G.LIN,3,HK,1,150,1994,10,9
G.RF2,11,G.LIN,5,HK,1,61,1994,10,3
G.RF2,12,G.LIN,2,HK,0,41,1994,10,0
G.RF2,13,G.LIN,0,HK,0,160,1994,10,1
G.RF2,14,G.LIN,1,HK,0,60,1994,10,0
G.RF2,15,G.LIN,0,HK,0,123,1994,10,0
G.RF2,16,G.LIN,0,HK,0,8,1994,10,1
G.RF2,17,G.LIN,0,HK,0,5,1994,10,0
G.RF2,18,G.LIN,5,HK,0,33,1994,10,1
G.RF2,19,G.LIN,0,HK,0,2,1994,10,1
G.RF2,21,G.LIN,0,HK,0,4,1994,10,1
G.RF2,22,G.LIN,2,HK,0,21,1994,10,0
G.RF2,0,G.LIN,0,HK,1,7,1994,11,1
G.RF2,1,G.LIN,7,HK,0,113,1994,11,0
G.RF2,2,G.LIN,14,HK,0,182,1994,11,0
G.RF2,3,G.LIN,4,HK,1,157,1994,11,0
G.RF2,4,G.LIN,2,HK,3,165,1994,11,0
G.RF2,5,G.LIN,0,HK,0,1,1994,11,0
G.RF2,6,G.LIN,0,HK,0,1,1994,11,0
G.RF2,7,G.LIN,0,HK,0,21,1994,11,0
G.RF2,8,G.LIN,1,HK,0,153,1994,11,0
G.RF2,9,G.LIN,1,HK,0,164,1994,11,0
G.RF2,10,G.LIN,2,HK,3,150,1994,11,10
G.RF2,11,G.LIN,7,HK,1,61,1994,11,1
G.RF2,12,G.LIN,2,HK,0,41,1994,11,0
G.RF2,13,G.LIN,0,HK,0,160,1994,11,1
G.RF2,14,G.LIN,1,HK,0,60,1994,11,0
G.RF2,15,G.LIN,0,HK,0,123,1994,11,0
G.RF2,16,G.LIN,0,HK,0,8,1994,11,1
G.RF2,17,G.LIN,0,HK,0,5,1994,11,0
G.RF2,18,G.LIN,2,HK,1,33,1994,11,3
G.RF2,19,G.LIN,0,HK,0,2,1994,11,1
G.RF2,20,G.LIN,8,HK,1,66,1994,11,10
G.RF2,21,G.LIN,0,HK,0,4,1994,11,1
G.RF2,22,G.LIN,1,HK,0,21,1994,11,1
G.RF2,9,G.LIN,0,HK,0,164,1995,1,0
G.RF2,13,G.LIN,0,HK,0,160,1995,1,0
G.RF2,9,G.LIN,0,HK,0,164,1995,2,0
G.RF2,13,G.LIN,1,HK,1,160,1995,2,0
G.RF2,14,G.LIN,0,HK,0,60,1995,2,0
G.RF2,16,G.LIN,0,HK,0,8,1995,2,0
G.RF2,5,G.LIN,0,HK,0,1,1995,3,0
G.RF2,9,G.LIN,0,HK,0,164,1995,3,0
G.RF2,13,G.LIN,0,HK,1,160,1995,3,0
G.RF2,14,G.LIN,0,HK,0,60,1995,3,0
G.RF2,15,G.LIN,0,HK,0,123,1995,3,0
G.RF2,16,G.LIN,0,HK,0,8,1995,3,0
G.RF2,1,G.LIN,0,HK,0,113,1995,4,0
G.RF2,5,G.LIN,0,HK,0,1,1995,4,0
G.RF2,9,G.LIN,0,HK,0,164,1995,4,0
G.RF2,12,G.LIN,1,HK,0,41,1995,4,0
G.RF2,13,G.LIN,0,HK,1,160,1995,4,0
G.RF2,14,G.LIN,0,HK,0,60,1995,4,0
G.RF2,15,G.LIN,0,HK,0,123,1995,4,0
G.RF2,16,G.LIN,0,HK,0,8,1995,4,0
G.RF2,1,G.LIN,0,HK,0,113,1995,5,0
G.RF2,5,G.LIN,0,HK,0,1,1995,5,0
G.RF2,8,G.LIN,0,HK,0,153,1995,5,0
G.RF2,9,G.LIN,0,HK,0,164,1995,5,0
G.RF2,12,G.LIN,0,HK,0,41,1995,5,0
G.RF2,13,G.LIN,1,HK,1,160,1995,5,0
G.RF2,14,G.LIN,0,HK,0,60,1995,5,0
G.RF2,15,G.LIN,0,HK,0,123,1995,5,0
G.RF2,16,G.LIN,0,HK,0,8,1995,5,0
G.RF2,22,G.LIN,0,HK,0,21,1995,5,0
G.RF2,1,G.LIN,0,HK,0,113,1995,6,0
G.RF2,5,G.LIN,0,HK,0,1,1995,6,0
G.RF2,8,G.LIN,0,HK,0,153,1995,6,0
G.RF2,9,G.LIN,0,HK,0,164,1995,6,0
G.RF2,12,G.LIN,0,HK,0,41,1995,6,0
G.RF2,13,G.LIN,0,HK,1,160,1995,6,0
G.RF2,14,G.LIN,0,HK,0,60,1995,6,0
G.RF2,15,G.LIN,0,HK,0,123,1995,6,0
G.RF2,16,G.LIN,0,HK,0,8,1995,6,0
G.RF2,17,G.LIN,0,HK,0,5,1995,6,0
G.RF2,19,G.LIN,0,HK,0,2,1995,6,0
G.RF2,22,G.LIN,0,HK,0,21,1995,6,0
G.RF2,1,G.LIN,0,HK,0,113,1995,7,0
G.RF2,5,G.LIN,0,HK,0,1,1995,7,0
G.RF2,6,G.LIN,0,HK,0,1,1995,7,0
G.RF2,8,G.LIN,1,HK,0,153,1995,7,0
G.RF2,9,G.LIN,0,HK,0,164,1995,7,0
G.RF2,12,G.LIN,0,HK,1,41,1995,7,0
G.RF2,13,G.LIN,0,HK,1,160,1995,7,0
G.RF2,14,G.LIN,0,HK,0,60,1995,7,0
G.RF2,15,G.LIN,0,HK,0,123,1995,7,0
G.RF2,16,G.LIN,0,HK,0,8,1995,7,0
G.RF2,17,G.LIN,0,HK,0,5,1995,7,0
G.RF2,18,G.LIN,3,HK,3,33,1995,7,1
G.RF2,19,G.LIN,0,HK,0,2,1995,7,0
G.RF2,22,G.LIN,1,HK,0,21,1995,7,0
G.RF2,0,G.LIN,0,HK,1,7,1995,8,0
G.RF2,1,G.LIN,0,HK,0,113,1995,8,0
G.RF2,5,G.LIN,0,HK,0,1,1995,8,0
G.RF2,6,G.LIN,0,HK,0,1,1995,8,0
G.RF2,8,G.LIN,1,HK,0,153,1995,8,0
G.RF2,9,G.LIN,0,HK,0,164,1995,8,0
G.RF2,12,G.LIN,1,HK,0,41,1995,8,0
G.RF2,13,G.LIN,0,HK,1,160,1995,8,0
G.RF2,14,G.LIN,0,HK,0,60,1995,8,0
G.RF2,15,G.LIN,0,HK,0,123,1995,8,0
G.RF2,16,G.LIN,0,HK,0,8,1995,8,0
G.RF2,17,G.LIN,0,HK,0,5,1995,8,0
G.RF2,18,G.LIN,1,HK,4,33,1995,8,1
G.RF2,19,G.LIN,0,HK,0,2,1995,8,0
G.RF2,20,G.LIN,5,HK,2,66,1995,8,1
G.RF2,22,G.LIN,0,HK,2,21,1995,8,0
G.RF2,0,G.LIN,1,HK,1,7,1995,9,2
G.RF2,1,G.LIN,0,HK,0,113,1995,9,0
G.RF2,3,G.LIN,0,HK,1,157,1995,9,0
G.RF2,5,G.LIN,0,HK,0,1,1995,9,0
G.RF2,6,G.LIN,0,HK,0,1,1995,9,0
G.RF2,8,G.LIN,1,HK,0,153,1995,9,0
G.RF2,9,G.LIN,0,HK,0,164,1995,9,0
G.RF2,11,G.LIN,2,HK,1,61,1995,9,0
G.RF2,12,G.LIN,0,HK,0,41,1995,9,1
G.RF2,13,G.LIN,0,HK,0,160,1995,9,0
G.RF2,14,G.LIN,0,HK,0,60,1995,9,0
G.RF2,15,G.LIN,0,HK,0,123,1995,9,0
G.RF2,16,G.LIN,0,HK,1,8,1995,9,0
G.RF2,17,G.LIN,0,HK,0,5,1995,9,0
G.RF2,18,G.LIN,1,HK,4,33,1995,9,1
G.RF2,19,G.LIN,0,HK,0,2,1995,9,0
G.RF2,20,G.LIN,2,HK,3,66,1995,9,0
G.RF2,22,G.LIN,0,HK,3,21,1995,9,0
G.RF2,0,G.LIN,1,HK,1,7,1995,10,1
G.RF2,1,G.LIN,0,HK,0,113,1995,10,0
G.RF2,2,G.LIN,0,HK,1,182,1995,10,0
G.RF2,3,G.LIN,0,HK,1,157,1995,10,0
G.RF2,5,G.LIN,0,HK,0,1,1995,10,0
G.RF2,6,G.LIN,0,HK,0,1,1995,10,0
G.RF2,8,G.LIN,1,HK,0,153,1995,10,0
G.RF2,9,G.LIN,0,HK,0,164,1995,10,0
G.RF2,11,G.LIN,4,HK,2,61,1995,10,0
G.RF2,12,G.LIN,0,HK,0,41,1995,10,1
G.RF2,13,G.LIN,0,HK,0,160,1995,10,0
G.RF2,14,G.LIN,0,HK,0,60,1995,10,0
G.RF2,15,G.LIN,0,HK,0,123,1995,10,0
G.RF2,16,G.LIN,0,HK,1,8,1995,10,0
G.RF2,17,G.LIN,1,HK,0,5,1995,10,0
G.RF2,18,G.LIN,2,HK,3,33,1995,10,2
G.RF2,19,G.LIN,0,HK,0,2,1995,10,0
G.RF2,20,G.LIN,1,HK,6,66,1995,10,2
G.RF2,21,G.LIN,0,HK,0,4,1995,10,1
G.RF2,22,G.LIN,1,HK,1,21,1995,10,1
G.RF2,0,G.LIN,1,HK,1,7,1995,11,1
G.RF2,1,G.LIN,0,HK,0,113,1995,11,0
G.RF2,2,G.LIN,1,HK,1,182,1995,11,0
G.RF2,3,G.LIN,4,HK,3,157,1995,11,0
G.RF2,4,G.LIN,1,HK,4,165,1995,11,0
G.RF2,5,G.LIN,0,HK,0,1,1995,11,0
G.RF2,6,G.LIN,0,HK,0,1,1995,11,0
G.RF2,7,G.LIN,0,HK,0,21,1995,11,0
G.RF2,8,G.LIN,1,HK,0,153,1995,11,0
G.RF2,9,G.LIN,0,HK,0,164,1995,11,0
G.RF2,10,G.LIN,0,HK,1,150,1995,11,5
G.RF2,11,G.LIN,2,HK,0,61,1995,11,1
G.RF2,12,G.LIN,0,HK,0,41,1995,11,0
G.RF2,13,G.LIN,0,HK,0,160,1995,11,0
G.RF2,14,G.LIN,0,HK,0,60,1995,11,0
G.RF2,15,G.LIN,0,HK,0,123,1995,11,0
G.RF2,16,G.LIN,0,HK,2,8,1995,11,0
G.RF2,17,G.LIN,1,HK,0,5,1995,11,1
G.RF2,18,G.LIN,2,HK,4,33,1995,11,2
G.RF2,19,G.LIN,0,HK,0,2,1995,11,0
G.RF2,20,G.LIN,2,HK,7,66,1995,11,1
G.RF2,21,G.LIN,0,HK,0,4,1995,11,1
G.RF2,22,G.LIN,0,HK,1,21,1995,11,1
G.LIN.CSE1,0,G.LIN,0,HK,0,7,1993,1,0
G.LIN.CSE1,4,G.LIN,0,HK,0,165,1993,1,0
G.LIN.CSE1,0,G.LIN,0,HK,1,7,1993,2,0
G.LIN.CSE1,4,G.LIN,0,HK,0,165,1993,2,0
G.LIN.CSE1,8,G.LIN,0,HK,0,153,1993,2,0
G.LIN.CSE1,12,G.LIN,0,HK,0,41,1993,2,0
G.LIN.CSE1,0,G.LIN,0,HK,0,7,1993,3,0
G.LIN.CSE1,2,G.LIN,0,HK,0,182,1993,3,0
G.LIN.CSE1,4,G.LIN,0,HK,0,165,1993,3,0
G.LIN.CSE1,8,G.LIN,0,HK,0,153,1993,3,0
G.LIN.CSE1,11,G.LIN,3,HK,0,61,1993,3,1
G.LIN.CSE1,12,G.LIN,0,HK,1,41,1993,3,0
G.LIN.CSE1,0,G.LIN,0,HK,0,7,1993,4,0
G.LIN.CSE1,2,G.LIN,0,HK,0,182,1993,4,0
G.LIN.CSE1,3,G.LIN,0,HK,4,157,1993,4,0
G.LIN.CSE1,4,G.LIN,3,HK,1,165,1993,4,1
G.LIN.CSE1,8,G.LIN,0,HK,0,153,1993,4,0
G.LIN.CSE1,11,G.LIN,3,HK,0,61,1993,4,1
G.LIN.CSE1,12,G.LIN,0,HK,0,41,1993,4,0
G.LIN.CSE1,17,G.LIN,0,HK,0,5,1993,4,0
G.LIN.CSE1,0,G.LIN,0,HK,0,7,1993,5,0
G.LIN.CSE1,2,G.LIN,0,HK,0,182,1993,5,0
G.LIN.CSE1,3,G.LIN,0,HK,4,157,1993,5,0
G.LIN.CSE1,4,G.LIN,3,HK,0,165,1993,5,1
G.LIN.CSE1,8,G.LIN,0,HK,1,153,1993,5,0
G.LIN.CSE1,11,G.LIN,3,HK,0,61,1993,5,1
G.LIN.CSE1,12,G.LIN,1,HK,0,41,1993,5,1
G.LIN.CSE1,16,G.LIN,0,HK,0,8,1993,5,0
G.LIN.CSE1,17,G.LIN,0,HK,0,5,1993,5,0
G.LIN.CSE1,21,G.LIN,0,HK,0,4,1993,5,0
G.LIN.CSE1,0,G.LIN,0,HK,0,7,1993,6,0
G.LIN.CSE1,2,G.LIN,0,HK,0,182,1993,6,0
G.LIN.CSE1,3,G.LIN,0,HK,2,157,1993,6,1
G.LIN.CSE1,4,G.LIN,5,HK,0,165,1993,6,1
G.LIN.CSE1,8,G.LIN,0,HK,0,153,1993,6,0
G.LIN.CSE1,11,G.LIN,3,HK,0,61,1993,6,1
G.LIN.CSE1,12,G.LIN,0,HK,0,41,1993,6,2
G.LIN.CSE1,13,G.LIN,0,HK,2,160,1993,6,0
G.LIN.CSE1,16,G.LIN,0,HK,0,8,1993,6,0
G.LIN.CSE1,17,G.LIN,0,HK,0,5,1993,6,0
G.LIN.CSE1,21,G.LIN,0,HK,0,4,1993,6,0
G.LIN.CSE1,22,G.LIN,0,HK,0,21,1993,6,0
G.LIN.CSE1,0,G.LIN,0,HK,0,7,1993,7,0
G.LIN.CSE1,2,G.LIN,0,HK,0,182,1993,7,0
G.LIN.CSE1,3,G.LIN,0,HK,8,157,1993,7,1
G.LIN.CSE1,4,G.LIN,5,HK,0,165,1993,7,1
G.LIN.CSE1,8,G.LIN,0,HK,0,153,1993,7,0
G.LIN.CSE1,11,G.LIN,3,HK,0,61,1993,7,1
G.LIN.CSE1,12,G.LIN,0,HK,0,41,1993,7,1
G.LIN.CSE1,13,G.LIN,0,HK,2,160,1993,7,0
G.LIN.CSE1,14,G.LIN,0,HK,0,60,1993,7,0
G.LIN.CSE1,16,G.LIN,0,HK,0,8,1993,7,0
G.LIN.CSE1,17,G.LIN,0,HK,0,5,1993,7,1
G.LIN.CSE1,18,G.LIN,0,HK,1,33,1993,7,1
G.LIN.CSE1,21,G.LIN,0,HK,0,4,1993,7,0
G.LIN.CSE1,22,G.LIN,0,HK,0,21,1993,7,0
G.LIN.CSE1,0,G.LIN,0,HK,0,7,1993,8,0
G.LIN.CSE1,2,G.LIN,0,HK,0,182,1993,8,0
G.LIN.CSE1,3,G.LIN,0,HK,14,157,1993,8,0
G.LIN.CSE1,4,G.LIN,5,HK,0,165,1993,8,2
G.LIN.CSE1,8,G.LIN,0,HK,1,153,1993,8,0
G.LIN.CSE1,9,G.LIN,0,HK,0,164,1993,8,0
G.LIN.CSE1,11,G.LIN,4,HK,0,61,1993,8,0
G.LIN.CSE1,12,G.LIN,1,HK,0,41,1993,8,1
G.LIN.CSE1,13,G.LIN,0,HK,0,160,1993,8,0
G.LIN.CSE1,14,G.LIN,0,HK,0,60,1993,8,0
G.LIN.CSE1,16,G.LIN,0,HK,0,8,1993,8,0
G.LIN.CSE1,17,G.LIN,0,HK,0,5,1993,8,0
G.LIN.CSE1,18,G.LIN,0,HK,0,33,1993,8,1
G.LIN.CSE1,19,G.LIN,0,HK,0,2,1993,8,0
G.LIN.CSE1,21,G.LIN,0,HK,0,4,1993,8,0
G.LIN.CSE1,22,G.LIN,0,HK,0,21,1993,8,0
G.LIN.CSE1,0,G.LIN,0,HK,0,7,1993,9,0
G.LIN.CSE1,2,G.LIN,0,HK,0,182,1993,9,0
G.LIN.CSE1,3,G.LIN,0,HK,14,157,1993,9,0
G.LIN.CSE1,4,G.LIN,5,HK,0,165,1993,9,1
G.LIN.CSE1,6,G.LIN,0,HK,0,1,1993,9,0
G.LIN.CSE1,8,G.LIN,0,HK,0,153,1993,9,0
G.LIN.CSE1,9,G.LIN,0,HK,0,164,1993,9,0
G.LIN.CSE1,11,G.LIN,5,HK,0,61,1993,9,0
G.LIN.CSE1,12,G.LIN,0,HK,0,41,1993,9,1
G.LIN.CSE1,13,G.LIN,0,HK,0,160,1993,9,0
G.LIN.CSE1,14,G.LIN,0,HK,0,60,1993,9,0
G.LIN.CSE1,15,G.LIN,0,HK,0,123,1993,9,0
G.LIN.CSE1,16,G.LIN,0,HK,0,8,1993,9,0
G.LIN.CSE1,17,G.LIN,1,HK,0,5,1993,9,0
G.LIN.CSE1,18,G.LIN,0,HK,0,33,1993,9,0
G.LIN.CSE1,19,G.LIN,0,HK,0,2,1993,9,0
G.LIN.CSE1,21,G.LIN,0,HK,0,4,1993,9,0
G.LIN.CSE1,22,G.LIN,0,HK,0,21,1993,9,0
G.LIN.CSE1,0,G.LIN,0,HK,0,7,1993,10,0
G.LIN.CSE1,2,G.LIN,0,HK,0,182,1993,10,0
G.LIN.CSE1,3,G.LIN,0,HK,13,157,1993,10,0
G.LIN.CSE1,4,G.LIN,5,HK,0,165,1993,10,1
G.LIN.CSE1,5,G.LIN,0,HK,0,1,1993,10,0
G.LIN.CSE1,6,G.LIN,0,HK,0,1,1993,10,0
G.LIN.CSE1,8,G.LIN,0,HK,0,153,1993,10,0
G.LIN.CSE1,9,G.LIN,0,HK,0,164,1993,10,0
G.LIN.CSE1,11,G.LIN,5,HK,0,61,1993,10,1
G.LIN.CSE1,12,G.LIN,0,HK,0,41,1993,10,1
G.LIN.CSE1,13,G.LIN,0,HK,0,160,1993,10,0
G.LIN.CSE1,14,G.LIN,0,HK,0,60,1993,10,0
G.LIN.CSE1,15,G.LIN,0,HK,0,123,1993,10,0
G.LIN.CSE1,16,G.LIN,0,HK,0,8,1993,10,0
G.LIN.CSE1,17,G.LIN,0,HK,0,5,1993,10,0
G.LIN.CSE1,18,G.LIN,0,HK,1,33,1993,10,0
G.LIN.CSE1,19,G.LIN,0,HK,0,2,1993,10,0
G.LIN.CSE1,20,G.LIN,2,HK,3,66,1993,10,2
G.LIN.CSE1,21,G.LIN,0,HK,0,4,1993,10,0
G.LIN.CSE1,22,G.LIN,0,HK,0,21,1993,10,0
G.LIN.CSE1,0,G.LIN,0,HK,0,7,1993,11,0
G.LIN.CSE1,1,G.LIN,1,HK,0,113,1993,11,0
G.LIN.CSE1,2,G.LIN,0,HK,4,182,1993,11,0
G.LIN.CSE1,3,G.LIN,0,HK,15,157,1993,11,0
G.LIN.CSE1,4,G.LIN,6,HK,0,165,1993,11,1
G.LIN.CSE1,5,G.LIN,0,HK,0,1,1993,11,0
G.LIN.CSE1,6,G.LIN,0,HK,0,1,1993,11,0
G.LIN.CSE1,7,G.LIN,0,HK,0,21,1993,11,0
G.LIN.CSE1,8,G.LIN,0,HK,0,153,1993,11,0
G.LIN.CSE1,9,G.LIN,0,HK,0,164,1993,11,0
G.LIN.CSE1,10,G.LIN,0,HK,9,150,1993,11,5
G.LIN.CSE1,11,G.LIN,8,HK,0,61,1993,11,2
G.LIN.CSE1,12,G.LIN,1,HK,1,41,1993,11,0
G.LIN.CSE1,13,G.LIN,0,HK,0,160,1993,11,1
G.LIN.CSE1,14,G.LIN,2,HK,0,60,1993,11,0
G.LIN.CSE1,15,G.LIN,0,HK,0,123,1993,11,0
G.LIN.CSE1,16,G.LIN,0,HK,0,8,1993,11,0
G.LIN.CSE1,17,G.LIN,1,HK,0,5,1993,11,0
G.LIN.CSE1,18,G.LIN,1,HK,0,33,1993,11,1
G.LIN.CSE1,19,G.LIN,0,HK,0,2,1993,11,0
G.LIN.CSE1,20,G.LIN,1,HK,5,66,1993,11,2
G.LIN.CSE1,21,G.LIN,0,HK,0,4,1993,11,0
G.LIN.CSE1,22,G.LIN,0,HK,0,21,1993,11,0
G.LIN.CSE1,16,G.LIN,0,HK,0,8,1994,1,0
G.LIN.CSE1,22,G.LIN,0,HK,0,21,1994,1,0
G.LIN.CSE1,12,G.LIN,0,HK,0,41,1994,2,0
G.LIN.CSE1,13,G.LIN,0,HK,1,160,1994,2,0
G.LIN.CSE1,16,G.LIN,0,HK,0,8,1994,2,0
G.LIN.CSE1,22,G.LIN,0,HK,0,21,1994,2,0
G.LIN.CSE1,4,G.LIN,0,HK,0,165,1994,3,0
G.LIN.CSE1,12,G.LIN,0,HK,0,41,1994,3,0
G.LIN.CSE1,13,G.LIN,0,HK,1,160,1994,3,0
G.LIN.CSE1,16,G.LIN,0,HK,0,8,1994,3,0
G.LIN.CSE1,21,G.LIN,0,HK,0,4,1994,3,0
G.LIN.CSE1,22,G.LIN,0,HK,0,21,1994,3,0
G.LIN.CSE1,4,G.LIN,0,HK,0,165,1994,4,0
G.LIN.CSE1,12,G.LIN,0,HK,0,41,1994,4,0
G.LIN.CSE1,13,G.LIN,0,HK,1,160,1994,4,0
G.LIN.CSE1,16,G.LIN,0,HK,0,8,1994,4,0
G.LIN.CSE1,17,G.LIN,0,HK,0,5,1994,4,0
G.LIN.CSE1,19,G.LIN,0,HK,0,2,1994,4,0
G.LIN.CSE1,21,G.LIN,0,HK,0,4,1994,4,0
G.LIN.CSE1,22,G.LIN,0,HK,0,21,1994,4,0
G.LIN.CSE1,4,G.LIN,0,HK,0,165,1994,5,0
G.LIN.CSE1,6,G.LIN,0,HK,0,1,1994,5,0
G.LIN.CSE1,11,G.LIN,2,HK,0,61,1994,5,0
G.LIN.CSE1,12,G.LIN,0,HK,0,41,1994,5,0
G.LIN.CSE1,13,G.LIN,0,HK,0,160,1994,5,0
G.LIN.CSE1,16,G.LIN,0,HK,0,8,1994,5,0
G.LIN.CSE1,17,G.LIN,0,HK,0,5,1994,5,0
G.LIN.CSE1,19,G.LIN,0,HK,0,2,1994,5,0
G.LIN.CSE1,21,G.LIN,0,HK,0,4,1994,5,0
G.LIN.CSE1,22,G.LIN,0,HK,0,21,1994,5,0
G.LIN.CSE1,3,G.LIN,0,HK,3,157,1994,6,0
G.LIN.CSE1,4,G.LIN,3,HK,0,165,1994,6,1
G.LIN.CSE1,6,G.LIN,0,HK,0,1,1994,6,0
G.LIN.CSE1,11,G.LIN,3,HK,0,61,1994,6,0
G.LIN.CSE1,12,G.LIN,0,HK,0,41,1994,6,0
G.LIN.CSE1,13,G.LIN,0,HK,1,160,1994,6,1
G.LIN.CSE1,15,G.LIN,0,HK,0,123,1994,6,0
G.LIN.CSE1,16,G.LIN,0,HK,0,8,1994,6,0
G.LIN.CSE1,17,G.LIN,1,HK,0,5,1994,6,0
G.LIN.CSE1,19,G.LIN,0,HK,0,2,1994,6,0
G.LIN.CSE1,21,G.LIN,0,HK,0,4,1994,6,0
G.LIN.CSE1,22,G.LIN,0,HK,0,21,1994,6,0
G.LIN.CSE1,0,G.LIN,0,HK,0,7,1994,7,2
G.LIN.CSE1,3,G.LIN,0,HK,4,157,1994,7,0
G.LIN.CSE1,4,G.LIN,4,HK,0,165,1994,7,1
G.LIN.CSE1,6,G.LIN,0,HK,0,1,1994,7,0
G.LIN.CSE1,9,G.LIN,0,HK,0,164,1994,7,0
G.LIN.CSE1,11,G.LIN,2,HK,0,61,1994,7,0
G.LIN.CSE1,12,G.LIN,0,HK,1,41,1994,7,1
G.LIN.CSE1,13,G.LIN,0,HK,0,160,1994,7,0
G.LIN.CSE1,15,G.LIN,0,HK,0,123,1994,7,0
G.LIN.CSE1,16,G.LIN,0,HK,0,8,1994,7,0
G.LIN.CSE1,17,G.LIN,0,HK,0,5,1994,7,0
G.LIN.CSE1,19,G.LIN,0,HK,0,2,1994,7,0
G.LIN.CSE1,21,G.LIN,0,HK,0,4,1994,7,0
G.LIN.CSE1,22,G.LIN,0,HK,0,21,1994,7,0
G.LIN.CSE1,0,G.LIN,0,HK,0,7,1994,8,2
G.LIN.CSE1,3,G.LIN,0,HK,7,157,1994,8,0
G.LIN.CSE1,4,G.LIN,4,HK,0,165,1994,8,1
G.LIN.CSE1,5,G.LIN,0,HK,0,1,1994,8,0
G.LIN.CSE1,6,G.LIN,0,HK,0,1,1994,8,0
G.LIN.CSE1,7,G.LIN,0,HK,0,21,1994,8,0
G.LIN.CSE1,9,G.LIN,0,HK,0,164,1994,8,0
G.LIN.CSE1,11,G.LIN,1,HK,0,61,1994,8,1
G.LIN.CSE1,12,G.LIN,1,HK,0,41,1994,8,1
G.LIN.CSE1,13,G.LIN,0,HK,0,160,1994,8,0
G.LIN.CSE1,15,G.LIN,0,HK,0,123,1994,8,0
G.LIN.CSE1,16,G.LIN,0,HK,0,8,1994,8,0
G.LIN.CSE1,17,G.LIN,0,HK,0,5,1994,8,0
G.LIN.CSE1,19,G.LIN,0,HK,0,2,1994,8,0
G.LIN.CSE1,21,G.LIN,0,HK,0,4,1994,8,0
G.LIN.CSE1,22,G.LIN,0,HK,0,21,1994,8,0
G.LIN.CSE1,0,G.LIN,0,HK,0,7,1994,9,2
G.LIN.CSE1,1,G.LIN,0,HK,0,113,1994,9,0
G.LIN.CSE1,3,G.LIN,0,HK,6,157,1994,9,0
G.LIN.CSE1,4,G.LIN,5,HK,0,165,1994,9,0
G.LIN.CSE1,5,G.LIN,0,HK,0,1,1994,9,0
G.LIN.CSE1,6,G.LIN,0,HK,0,1,1994,9,0
G.LIN.CSE1,7,G.LIN,0,HK,0,21,1994,9,0
G.LIN.CSE1,9,G.LIN,0,HK,0,164,1994,9,0
G.LIN.CSE1,11,G.LIN,3,HK,0,61,1994,9,2
G.LIN.CSE1,12,G.LIN,0,HK,0,41,1994,9,1
G.LIN.CSE1,13,G.LIN,0,HK,0,160,1994,9,1
G.LIN.CSE1,15,G.LIN,0,HK,0,123,1994,9,0
G.LIN.CSE1,16,G.LIN,0,HK,0,8,1994,9,0
G.LIN.CSE1,17,G.LIN,0,HK,0,5,1994,9,0
G.LIN.CSE1,18,G.LIN,0,HK,0,33,1994,9,0
G.LIN.CSE1,19,G.LIN,0,HK,0,2,1994,9,0
G.LIN.CSE1,21,G.LIN,0,HK,0,4,1994,9,0
G.LIN.CSE1,22,G.LIN,0,HK,0,21,1994,9,0
G.LIN.CSE1,0,G.LIN,0,HK,0,7,1994,10,1
G.LIN.CSE1,1,G.LIN,0,HK,0,113,1994,10,0
G.LIN.CSE1,3,G.LIN,0,HK,7,157,1994,10,0
G.LIN.CSE1,4,G.LIN,6,HK,0,165,1994,10,0
G.LIN.CSE1,5,G.LIN,0,HK,0,1,1994,10,0
G.LIN.CSE1,6,G.LIN,0,HK,0,1,1994,10,0
G.LIN.CSE1,7,G.LIN,0,HK,0,21,1994,10,0
G.LIN.CSE1,9,G.LIN,0,HK,0,164,1994,10,0
G.LIN.CSE1,10,G.LIN,0,HK,8,150,1994,10,3
G.LIN.CSE1,11,G.LIN,8,HK,0,61,1994,10,0
G.LIN.CSE1,12,G.LIN,1,HK,0,41,1994,10,0
G.LIN.CSE1,13,G.LIN,0,HK,0,160,1994,10,2
G.LIN.CSE1,14,G.LIN,1,HK,0,60,1994,10,0
G.LIN.CSE1,15,G.LIN,0,HK,0,123,1994,10,0
G.LIN.CSE1,16,G.LIN,0,HK,0,8,1994,10,0
G.LIN.CSE1,17,G.LIN,0,HK,0,5,1994,10,1
G.LIN.CSE1,18,G.LIN,0,HK,0,33,1994,10,0
G.LIN.CSE1,19,G.LIN,0,HK,0,2,1994,10,0
G.LIN.CSE1,21,G.LIN,0,HK,0,4,1994,10,0
G.LIN.CSE1,22,G.LIN,0,HK,0,21,1994,10,0
G.LIN.CSE1,0,G.LIN,0,HK,0,7,1994,11,0
G.LIN.CSE1,1,G.LIN,2,HK,0,113,1994,11,0
G.LIN.CSE1,2,G.LIN,0,HK,1,182,1994,11,0
G.LIN.CSE1,3,G.LIN,0,HK,8,157,1994,11,1
G.LIN.CSE1,4,G.LIN,5,HK,0,165,1994,11,1
G.LIN.CSE1,5,G.LIN,0,HK,0,1,1994,11,0
G.LIN.CSE1,6,G.LIN,0,HK,0,1,1994,11,0
G.LIN.CSE1,7,G.LIN,0,HK,0,21,1994,11,0
G.LIN.CSE1,8,G.LIN,0,HK,1,153,1994,11,0
G.LIN.CSE1,9,G.LIN,0,HK,0,164,1994,11,0
G.LIN.CSE1,10,G.LIN,0,HK,7,150,1994,11,4
G.LIN.CSE1,11,G.LIN,8,HK,0,61,1994,11,2
G.LIN.CSE1,12,G.LIN,0,HK,0,41,1994,11,0
G.LIN.CSE1,13,G.LIN,0,HK,0,160,1994,11,0
G.LIN.CSE1,14,G.LIN,0,HK,0,60,1994,11,0
G.LIN.CSE1,15,G.LIN,0,HK,0,123,1994,11,0
G.LIN.CSE1,16,G.LIN,0,HK,0,8,1994,11,0
G.LIN.CSE1,17,G.LIN,0,HK,0,5,1994,11,0
G.LIN.CSE1,18,G.LIN,1,HK,1,33,1994,11,0
G.LIN.CSE1,19,G.LIN,0,HK,0,2,1994,11,0
G.LIN.CSE1,20,G.LIN,0,HK,0,66,1994,11,2
G.LIN.CSE1,21,G.LIN,0,HK,0,4,1994,11,0
G.LIN.CSE1,22,G.LIN,0,HK,0,21,1994,11,0
G.LIN.CSE1,9,G.LIN,0,HK,0,164,1995,1,0
G.LIN.CSE1,13,G.LIN,0,HK,0,160,1995,1,0
G.LIN.CSE1,9,G.LIN,0,HK,0,164,1995,2,0
G.LIN.CSE1,13,G.LIN,0,HK,0,160,1995,2,0
G.LIN.CSE1,14,G.LIN,0,HK,0,60,1995,2,0
G.LIN.CSE1,16,G.LIN,0,HK,0,8,1995,2,0
G.LIN.CSE1,5,G.LIN,0,HK,0,1,1995,3,0
G.LIN.CSE1,9,G.LIN,0,HK,0,164,1995,3,0
G.LIN.CSE1,13,G.LIN,0,HK,0,160,1995,3,0
G.LIN.CSE1,14,G.LIN,0,HK,0,60,1995,3,0
G.LIN.CSE1,15,G.LIN,0,HK,0,123,1995,3,0
G.LIN.CSE1,16,G.LIN,0,HK,0,8,1995,3,0
G.LIN.CSE1,1,G.LIN,0,HK,0,113,1995,4,0
G.LIN.CSE1,5,G.LIN,0,HK,0,1,1995,4,0
G.LIN.CSE1,9,G.LIN,0,HK,0,164,1995,4,0
G.LIN.CSE1,12,G.LIN,0,HK,0,41,1995,4,0
G.LIN.CSE1,13,G.LIN,0,HK,0,160,1995,4,0
G.LIN.CSE1,14,G.LIN,0,HK,0,60,1995,4,0
G.LIN.CSE1,15,G.LIN,0,HK,0,123,1995,4,0
G.LIN.CSE1,16,G.LIN,0,HK,0,8,1995,4,0
G.LIN.CSE1,1,G.LIN,0,HK,0,113,1995,5,0
G.LIN.CSE1,5,G.LIN,0,HK,0,1,1995,5,0
G.LIN.CSE1,8,G.LIN,0,HK,0,153,1995,5,0
G.LIN.CSE1,9,G.LIN,0,HK,0,164,1995,5,0
G.LIN.CSE1,12,G.LIN,0,HK,0,41,1995,5,0
G.LIN.CSE1,13,G.LIN,0,HK,0,160,1995,5,0
G.LIN.CSE1,14,G.LIN,0,HK,0,60,1995,5,0
G.LIN.CSE1,15,G.LIN,0,HK,0,123,1995,5,0
G.LIN.CSE1,16,G.LIN,0,HK,0,8,1995,5,0
G.LIN.CSE1,22,G.LIN,0,HK,0,21,1995,5,0
G.LIN.CSE1,1,G.LIN,0,HK,0,113,1995,6,0
G.LIN.CSE1,5,G.LIN,0,HK,0,1,1995,6,0
G.LIN.CSE1,8,G.LIN,0,HK,0,153,1995,6,0
G.LIN.CSE1,9,G.LIN,0,HK,0,164,1995,6,0
G.LIN.CSE1,12,G.LIN,0,HK,0,41,1995,6,0
G.LIN.CSE1,13,G.LIN,0,HK,0,160,1995,6,1
G.LIN.CSE1,14,G.LIN,0,HK,0,60,1995,6,0
G.LIN.CSE1,15,G.LIN,0,HK,0,123,1995,6,0
G.LIN.CSE1,16,G.LIN,0,HK,0,8,1995,6,0
G.LIN.CSE1,17,G.LIN,0,HK,0,5,1995,6,0
G.LIN.CSE1,19,G.LIN,0,HK,0,2,1995,6,0
G.LIN.CSE1,22,G.LIN,0,HK,0,21,1995,6,0
G.LIN.CSE1,1,G.LIN,0,HK,0,113,1995,7,0
G.LIN.CSE1,5,G.LIN,0,HK,0,1,1995,7,0
G.LIN.CSE1,6,G.LIN,0,HK,0,1,1995,7,0
G.LIN.CSE1,8,G.LIN,0,HK,0,153,1995,7,0
G.LIN.CSE1,9,G.LIN,0,HK,0,164,1995,7,0
G.LIN.CSE1,12,G.LIN,0,HK,0,41,1995,7,0
G.LIN.CSE1,13,G.LIN,0,HK,0,160,1995,7,0
G.LIN.CSE1,14,G.LIN,0,HK,0,60,1995,7,0
G.LIN.CSE1,15,G.LIN,0,HK,0,123,1995,7,0
G.LIN.CSE1,16,G.LIN,0,HK,0,8,1995,7,0
G.LIN.CSE1,17,G.LIN,0,HK,0,5,1995,7,0
G.LIN.CSE1,18,G.LIN,0,HK,0,33,1995,7,0
G.LIN.CSE1,19,G.LIN,0,HK,0,2,1995,7,0
G.LIN.CSE1,22,G.LIN,0,HK,0,21,1995,7,0
G.LIN.CSE1,0,G.LIN,0,HK,0,7,1995,8,1
G.LIN.CSE1,1,G.LIN,0,HK,0,113,1995,8,0
G.LIN.CSE1,5,G.LIN,0,HK,0,1,1995,8,0
G.LIN.CSE1,6,G.LIN,0,HK,0,1,1995,8,0
G.LIN.CSE1,8,G.LIN,0,HK,0,153,1995,8,0
G.LIN.CSE1,9,G.LIN,0,HK,0,164,1995,8,0
G.LIN.CSE1,12,G.LIN,0,HK,0,41,1995,8,0
G.LIN.CSE1,13,G.LIN,0,HK,1,160,1995,8,0
G.LIN.CSE1,14,G.LIN,0,HK,0,60,1995,8,0
G.LIN.CSE1,15,G.LIN,0,HK,0,123,1995,8,0
G.LIN.CSE1,16,G.LIN,0,HK,0,8,1995,8,0
G.LIN.CSE1,17,G.LIN,0,HK,0,5,1995,8,0
G.LIN.CSE1,18,G.LIN,0,HK,0,33,1995,8,0
G.LIN.CSE1,19,G.LIN,0,HK,0,2,1995,8,0
G.LIN.CSE1,20,G.LIN,0,HK,1,66,1995,8,0
G.LIN.CSE1,22,G.LIN,0,HK,0,21,1995,8,0
G.LIN.CSE1,0,G.LIN,0,HK,0,7,1995,9,2
G.LIN.CSE1,1,G.LIN,0,HK,0,113,1995,9,0
G.LIN.CSE1,3,G.LIN,0,HK,0,157,1995,9,0
G.LIN.CSE1,5,G.LIN,0,HK,0,1,1995,9,0
G.LIN.CSE1,6,G.LIN,0,HK,0,1,1995,9,0
G.LIN.CSE1,8,G.LIN,0,HK,0,153,1995,9,0
G.LIN.CSE1,9,G.LIN,0,HK,0,164,1995,9,0
G.LIN.CSE1,11,G.LIN,1,HK,0,61,1995,9,0
G.LIN.CSE1,12,G.LIN,0,HK,0,41,1995,9,1
G.LIN.CSE1,13,G.LIN,0,HK,0,160,1995,9,0
G.LIN.CSE1,14,G.LIN,0,HK,0,60,1995,9,0
G.LIN.CSE1,15,G.LIN,0,HK,0,123,1995,9,0
G.LIN.CSE1,16,G.LIN,0,HK,0,8,1995,9,0
G.LIN.CSE1,17,G.LIN,0,HK,0,5,1995,9,0
G.LIN.CSE1,18,G.LIN,1,HK,0,33,1995,9,0
G.LIN.CSE1,19,G.LIN,0,HK,0,2,1995,9,0
G.LIN.CSE1,20,G.LIN,0,HK,1,66,1995,9,0
G.LIN.CSE1,22,G.LIN,0,HK,0,21,1995,9,0
G.LIN.CSE1,0,G.LIN,0,HK,0,7,1995,10,1
G.LIN.CSE1,1,G.LIN,0,HK,0,113,1995,10,0
G.LIN.CSE1,2,G.LIN,0,HK,0,182,1995,10,0
G.LIN.CSE1,3,G.LIN,0,HK,1,157,1995,10,0
G.LIN.CSE1,5,G.LIN,0,HK,0,1,1995,10,0
G.LIN.CSE1,6,G.LIN,0,HK,0,1,1995,10,0
G.LIN.CSE1,8,G.LIN,0,HK,0,153,1995,10,0
G.LIN.CSE1,9,G.LIN,0,HK,0,164,1995,10,0
G.LIN.CSE1,11,G.LIN,2,HK,0,61,1995,10,0
G.LIN.CSE1,12,G.LIN,0,HK,0,41,1995,10,1
G.LIN.CSE1,13,G.LIN,0,HK,0,160,1995,10,1
G.LIN.CSE1,14,G.LIN,0,HK,0,60,1995,10,0
G.LIN.CSE1,15,G.LIN,0,HK,0,123,1995,10,0
G.LIN.CSE1,16,G.LIN,0,HK,0,8,1995,10,0
G.LIN.CSE1,17,G.LIN,1,HK,0,5,1995,10,0
G.LIN.CSE1,18,G.LIN,1,HK,0,33,1995,10,0
G.LIN.CSE1,19,G.LIN,0,HK,0,2,1995,10,0
G.LIN.CSE1,20,G.LIN,0,HK,4,66,1995,10,1
G.LIN.CSE1,21,G.LIN,0,HK,0,4,1995,10,0
G.LIN.CSE1,22,G.LIN,0,HK,0,21,1995,10,0
G.LIN.CSE1,0,G.LIN,0,HK,0,7,1995,11,1
G.LIN.CSE1,1,G.LIN,0,HK,0,113,1995,11,0
G.LIN.CSE1,2,G.LIN,0,HK,1,182,1995,11,0
G.LIN.CSE1,3,G.LIN,0,HK,4,157,1995,11,0
G.LIN.CSE1,4,G.LIN,5,HK,0,165,1995,11,0
G.LIN.CSE1,5,G.LIN,0,HK,0,1,1995,11,0
G.LIN.CSE1,6,G.LIN,0,HK,0,1,1995,11,0
G.LIN.CSE1,7,G.LIN,0,HK,0,21,1995,11,0
G.LIN.CSE1,8,G.LIN,1,HK,0,153,1995,11,0
G.LIN.CSE1,9,G.LIN,0,HK,0,164,1995,11,0
G.LIN.CSE1,10,G.LIN,0,HK,5,150,1995,11,0
G.LIN.CSE1,11,G.LIN,7,HK,0,61,1995,11,0
G.LIN.CSE1,12,G.LIN,0,HK,0,41,1995,11,0
G.LIN.CSE1,13,G.LIN,0,HK,0,160,1995,11,0
G.LIN.CSE1,14,G.LIN,0,HK,0,60,1995,11,0
G.LIN.CSE1,15,G.LIN,0,HK,0,123,1995,11,0
G.LIN.CSE1,16,G.LIN,0,HK,0,8,1995,11,0
G.LIN.CSE1,17,G.LIN,1,HK,0,5,1995,11,0
G.LIN.CSE1,18,G.LIN,0,HK,0,33,1995,11,0
G.LIN.CSE1,19,G.LIN,0,HK,0,2,1995,11,0
G.LIN.CSE1,20,G.LIN,1,HK,1,66,1995,11,0
G.LIN.CSE1,21,G.LIN,0,HK,0,4,1995,11,0
G.LIN.CSE1,22,G.LIN,0,HK,1,21,1995,11,0
G.LIN.CSE025,0,G.LIN,0,HK,0,7,1993,1,0
G.LIN.CSE025,4,G.LIN,0,HK,0,165,1993,1,0
G.LIN.CSE025,0,G.LIN,0,HK,0,7,1993,2,0
G.LIN.CSE025,4,G.LIN,0,HK,0,165,1993,2,0
G.LIN.CSE025,8,G.LIN,0,HK,0,153,1993,2,0
G.LIN.CSE025,12,G.LIN,0,HK,0,41,1993,2,0
G.LIN.CSE025,0,G.LIN,0,HK,0,7,1993,3,0
G.LIN.CSE025,2,G.LIN,0,HK,0,182,1993,3,0
G.LIN.CSE025,4,G.LIN,0,HK,0,165,1993,3,0
G.LIN.CSE025,8,G.LIN,0,HK,0,153,1993,3,0
G.LIN.CSE025,11,G.LIN,0,HK,0,61,1993,3,1
G.LIN.CSE025,12,G.LIN,0,HK,1,41,1993,3,0
G.LIN.CSE025,0,G.LIN,0,HK,0,7,1993,4,0
G.LIN.CSE025,2,G.LIN,0,HK,0,182,1993,4,0
G.LIN.CSE025,3,G.LIN,0,HK,1,157,1993,4,0
G.LIN.CSE025,4,G.LIN,1,HK,0,165,1993,4,0
G.LIN.CSE025,8,G.LIN,0,HK,0,153,1993,4,0
G.LIN.CSE025,11,G.LIN,1,HK,0,61,1993,4,1
G.LIN.CSE025,12,G.LIN,0,HK,0,41,1993,4,0
G.LIN.CSE025,17,G.LIN,0,HK,0,5,1993,4,0
G.LIN.CSE025,0,G.LIN,0,HK,0,7,1993,5,0
G.LIN.CSE025,2,G.LIN,0,HK,0,182,1993,5,0
G.LIN.CSE025,3,G.LIN,0,HK,2,157,1993,5,0
G.LIN.CSE025,4,G.LIN,0,HK,0,165,1993,5,1
G.LIN.CSE025,8,G.LIN,0,HK,0,153,1993,5,0
G.LIN.CSE025,11,G.LIN,1,HK,0,61,1993,5,1
G.LIN.CSE025,12,G.LIN,0,HK,0,41,1993,5,0
G.LIN.CSE025,16,G.LIN,0,HK,0,8,1993,5,0
G.LIN.CSE025,17,G.LIN,0,HK,0,5,1993,5,0
G.LIN.CSE025,21,G.LIN,0,HK,0,4,1993,5,0
G.LIN.CSE025,0,G.LIN,0,HK,0,7,1993,6,0
G.LIN.CSE025,2,G.LIN,0,HK,0,182,1993,6,0
G.LIN.CSE025,3,G.LIN,0,HK,0,157,1993,6,0
G.LIN.CSE025,4,G.LIN,1,HK,0,165,1993,6,1
G.LIN.CSE025,8,G.LIN,0,HK,0,153,1993,6,0
G.LIN.CSE025,11,G.LIN,0,HK,0,61,1993,6,0
G.LIN.CSE025,12,G.LIN,0,HK,0,41,1993,6,0
G.LIN.CSE025,13,G.LIN,0,HK,1,160,1993,6,0
G.LIN.CSE025,16,G.LIN,0,HK,0,8,1993,6,0
G.LIN.CSE025,17,G.LIN,0,HK,0,5,1993,6,0
G.LIN.CSE025,21,G.LIN,0,HK,0,4,1993,6,0
G.LIN.CSE025,22,G.LIN,0,HK,0,21,1993,6,0
G.LIN.CSE025,0,G.LIN,0,HK,0,7,1993,7,0
G.LIN.CSE025,2,G.LIN,0,HK,0,182,1993,7,0
G.LIN.CSE025,3,G.LIN,0,HK,2,157,1993,7,0
G.LIN.CSE025,4,G.LIN,1,HK,0,165,1993,7,0
G.LIN.CSE025,8,G.LIN,0,HK,0,153,1993,7,0
G.LIN.CSE025,11,G.LIN,0,HK,0,61,1993,7,0
G.LIN.CSE025,12,G.LIN,0,HK,0,41,1993,7,0
G.LIN.CSE025,13,G.LIN,0,HK,1,160,1993,7,0
G.LIN.CSE025,14,G.LIN,0,HK,0,60,1993,7,0
G.LIN.CSE025,16,G.LIN,0,HK,0,8,1993,7,0
G.LIN.CSE025,17,G.LIN,0,HK,0,5,1993,7,0
G.LIN.CSE025,18,G.LIN,0,HK,0,33,1993,7,0
G.LIN.CSE025,21,G.LIN,0,HK,0,4,1993,7,0
G.LIN.CSE025,22,G.LIN,0,HK,0,21,1993,7,0
G.LIN.CSE025,0,G.LIN,0,HK,0,7,1993,8,0
G.LIN.CSE025,2,G.LIN,0,HK,0,182,1993,8,0
G.LIN.CSE025,3,G.LIN,0,HK,5,157,1993,8,0
G.LIN.CSE025,4,G.LIN,1,HK,0,165,1993,8,1
G.LIN.CSE025,8,G.LIN,0,HK,0,153,1993,8,0
G.LIN.CSE025,9,G.LIN,0,HK,0,164,1993,8,0
G.LIN.CSE025,11,G.LIN,1,HK,0,61,1993,8,0
G.LIN.CSE025,12,G.LIN,0,HK,0,41,1993,8,1
G.LIN.CSE025,13,G.LIN,0,HK,0,160,1993,8,0
G.LIN.CSE025,14,G.LIN,0,HK,0,60,1993,8,0
G.LIN.CSE025,16,G.LIN,0,HK,0,8,1993,8,0
G.LIN.CSE025,17,G.LIN,0,HK,0,5,1993,8,0
G.LIN.CSE025,18,G.LIN,0,HK,0,33,1993,8,0
G.LIN.CSE025,19,G.LIN,0,HK,0,2,1993,8,0
G.LIN.CSE025,21,G.LIN,0,HK,0,4,1993,8,0
G.LIN.CSE025,22,G.LIN,0,HK,0,21,1993,8,0
G.LIN.CSE025,0,G.LIN,0,HK,0,7,1993,9,0
G.LIN.CSE025,2,G.LIN,0,HK,0,182,1993,9,0
G.LIN.CSE025,3,G.LIN,0,HK,4,157,1993,9,0
G.LIN.CSE025,4,G.LIN,1,HK,0,165,1993,9,0
G.LIN.CSE025,6,G.LIN,0,HK,0,1,1993,9,0
G.LIN.CSE025,8,G.LIN,0,HK,0,153,1993,9,0
G.LIN.CSE025,9,G.LIN,0,HK,0,164,1993,9,0
G.LIN.CSE025,11,G.LIN,1,HK,0,61,1993,9,0
G.LIN.CSE025,12,G.LIN,0,HK,0,41,1993,9,0
G.LIN.CSE025,13,G.LIN,0,HK,0,160,1993,9,0
G.LIN.CSE025,14,G.LIN,0,HK,0,60,1993,9,0
G.LIN.CSE025,15,G.LIN,0,HK,0,123,1993,9,0
G.LIN.CSE025,16,G.LIN,0,HK,0,8,1993,9,0
G.LIN.CSE025,17,G.LIN,0,HK,0,5,1993,9,0
G.LIN.CSE025,18,G.LIN,0,HK,0,33,1993,9,0
G.LIN.CSE025,19,G.LIN,0,HK,0,2,1993,9,0
G.LIN.CSE025,21,G.LIN,0,HK,0,4,1993,9,0
G.LIN.CSE025,22,G.LIN,0,HK,0,21,1993,9,0
G.LIN.CSE025,0,G.LIN,0,HK,0,7,1993,10,0
G.LIN.CSE025,2,G.LIN,0,HK,0,182,1993,10,0
G.LIN.CSE025,3,G.LIN,0,HK,1,157,1993,10,0
G.LIN.CSE025,4,G.LIN,1,HK,0,165,1993,10,0
G.LIN.CSE025,5,G.LIN,0,HK,0,1,1993,10,0
G.LIN.CSE025,6,G.LIN,0,HK,0,1,1993,10,0
G.LIN.CSE025,8,G.LIN,0,HK,0,153,1993,10,0
G.LIN.CSE025,9,G.LIN,0,HK,0,164,1993,10,0
G.LIN.CSE025,11,G.LIN,3,HK,0,61,1993,10,0
G.LIN.CSE025,12,G.LIN,0,HK,0,41,1993,10,0
G.LIN.CSE025,13,G.LIN,0,HK,0,160,1993,10,0
G.LIN.CSE025,14,G.LIN,0,HK,0,60,1993,10,0
G.LIN.CSE025,15,G.LIN,0,HK,0,123,1993,10,0
G.LIN.CSE025,16,G.LIN,0,HK,0,8,1993,10,0
G.LIN.CSE025,17,G.LIN,0,HK,0,5,1993,10,0
G.LIN.CSE025,18,G.LIN,0,HK,0,33,1993,10,0
G.LIN.CSE025,19,G.LIN,0,HK,0,2,1993,10,0
G.LIN.CSE025,20,G.LIN,0,HK,1,66,1993,10,0
G.LIN.CSE025,21,G.LIN,0,HK,0,4,1993,10,0
G.LIN.CSE025,22,G.LIN,0,HK,0,21,1993,10,0
G.LIN.CSE025,0,G.LIN,0,HK,0,7,1993,11,0
G.LIN.CSE025,1,G.LIN,0,HK,0,113,1993,11,0
G.LIN.CSE025,2,G.LIN,0,HK,1,182,1993,11,0
G.LIN.CSE025,3,G.LIN,0,HK,2,157,1993,11,0
G.LIN.CSE025,4,G.LIN,1,HK,0,165,1993,11,0
G.LIN.CSE025,5,G.LIN,0,HK,0,1,1993,11,0
G.LIN.CSE025,6,G.LIN,0,HK,0,1,1993,11,0
G.LIN.CSE025,7,G.LIN,0,HK,0,21,1993,11,0
G.LIN.CSE025,8,G.LIN,0,HK,0,153,1993,11,0
G.LIN.CSE025,9,G.LIN,0,HK,0,164,1993,11,0
G.LIN.CSE025,10,G.LIN,0,HK,3,150,1993,11,0
G.LIN.CSE025,11,G.LIN,0,HK,0,61,1993,11,0
G.LIN.CSE025,12,G.LIN,0,HK,1,41,1993,11,0
G.LIN.CSE025,13,G.LIN,0,HK,0,160,1993,11,0
G.LIN.CSE025,14,G.LIN,1,HK,0,60,1993,11,0
G.LIN.CSE025,15,G.LIN,0,HK,0,123,1993,11,0
G.LIN.CSE025,16,G.LIN,0,HK,0,8,1993,11,0
G.LIN.CSE025,17,G.LIN,0,HK,0,5,1993,11,0
G.LIN.CSE025,18,G.LIN,1,HK,0,33,1993,11,0
G.LIN.CSE025,19,G.LIN,0,HK,0,2,1993,11,0
G.LIN.CSE025,20,G.LIN,0,HK,1,66,1993,11,2
G.LIN.CSE025,21,G.LIN,0,HK,0,4,1993,11,0
G.LIN.CSE025,22,G.LIN,0,HK,0,21,1993,11,0
G.LIN.CSE025,16,G.LIN,0,HK,0,8,1994,1,0
G.LIN.CSE025,22,G.LIN,0,HK,0,21,1994,1,0
G.LIN.CSE025,12,G.LIN,0,HK,0,41,1994,2,0
G.LIN.CSE025,13,G.LIN,0,HK,0,160,1994,2,0
G.LIN.CSE025,16,G.LIN,0,HK,0,8,1994,2,0
G.LIN.CSE025,22,G.LIN,0,HK,0,21,1994,2,0
G.LIN.CSE025,4,G.LIN,0,HK,0,165,1994,3,0
G.LIN.CSE025,12,G.LIN,0,HK,0,41,1994,3,0
G.LIN.CSE025,13,G.LIN,0,HK,1,160,1994,3,0
G.LIN.CSE025,16,G.LIN,0,HK,0,8,1994,3,0
G.LIN.CSE025,21,G.LIN,0,HK,0,4,1994,3,0
G.LIN.CSE025,22,G.LIN,0,HK,0,21,1994,3,0
G.LIN.CSE025,4,G.LIN,0,HK,0,165,1994,4,0
G.LIN.CSE025,12,G.LIN,0,HK,0,41,1994,4,0
G.LIN.CSE025,13,G.LIN,0,HK,0,160,1994,4,0
G.LIN.CSE025,16,G.LIN,0,HK,0,8,1994,4,0
G.LIN.CSE025,17,G.LIN,0,HK,0,5,1994,4,0
G.LIN.CSE025,19,G.LIN,0,HK,0,2,1994,4,0
G.LIN.CSE025,21,G.LIN,0,HK,0,4,1994,4,0
G.LIN.CSE025,22,G.LIN,0,HK,0,21,1994,4,0
G.LIN.CSE025,4,G.LIN,0,HK,0,165,1994,5,0
G.LIN.CSE025,6,G.LIN,0,HK,0,1,1994,5,0
G.LIN.CSE025,11,G.LIN,1,HK,0,61,1994,5,0
G.LIN.CSE025,12,G.LIN,0,HK,0,41,1994,5,0
G.LIN.CSE025,13,G.LIN,0,HK,0,160,1994,5,0
G.LIN.CSE025,16,G.LIN,0,HK,0,8,1994,5,0
G.LIN.CSE025,17,G.LIN,0,HK,0,5,1994,5,0
G.LIN.CSE025,19,G.LIN,0,HK,0,2,1994,5,0
G.LIN.CSE025,21,G.LIN,0,HK,0,4,1994,5,0
G.LIN.CSE025,22,G.LIN,0,HK,0,21,1994,5,0
G.LIN.CSE025,3,G.LIN,0,HK,0,157,1994,6,0
G.LIN.CSE025,4,G.LIN,0,HK,0,165,1994,6,0
G.LIN.CSE025,6,G.LIN,0,HK,0,1,1994,6,0
G.LIN.CSE025,11,G.LIN,0,HK,0,61,1994,6,0
G.LIN.CSE025,12,G.LIN,0,HK,0,41,1994,6,0
G.LIN.CSE025,13,G.LIN,0,HK,0,160,1994,6,0
G.LIN.CSE025,15,G.LIN,0,HK,0,123,1994,6,0
G.LIN.CSE025,16,G.LIN,0,HK,0,8,1994,6,0
G.LIN.CSE025,17,G.LIN,0,HK,0,5,1994,6,0
G.LIN.CSE025,19,G.LIN,0,HK,0,2,1994,6,0
G.LIN.CSE025,21,G.LIN,0,HK,0,4,1994,6,0
G.LIN.CSE025,22,G.LIN,0,HK,0,21,1994,6,0
G.LIN.CSE025,0,G.LIN,0,HK,0,7,1994,7,2
G.LIN.CSE025,3,G.LIN,0,HK,0,157,1994,7,0
G.LIN.CSE025,4,G.LIN,1,HK,0,165,1994,7,0
G.LIN.CSE025,6,G.LIN,0,HK,0,1,1994,7,0
G.LIN.CSE025,9,G.LIN,0,HK,0,164,1994,7,0
G.LIN.CSE025,11,G.LIN,0,HK,0,61,1994,7,0
G.LIN.CSE025,12,G.LIN,0,HK,1,41,1994,7,0
G.LIN.CSE025,13,G.LIN,0,HK,0,160,1994,7,0
G.LIN.CSE025,15,G.LIN,0,HK,0,123,1994,7,0
G.LIN.CSE025,16,G.LIN,0,HK,0,8,1994,7,0
G.LIN.CSE025,17,G.LIN,0,HK,0,5,1994,7,0
G.LIN.CSE025,19,G.LIN,0,HK,0,2,1994,7,0
G.LIN.CSE025,21,G.LIN,0,HK,0,4,1994,7,0
G.LIN.CSE025,22,G.LIN,0,HK,0,21,1994,7,0
G.LIN.CSE025,0,G.LIN,0,HK,0,7,1994,8,0
G.LIN.CSE025,3,G.LIN,0,HK,5,157,1994,8,0
G.LIN.CSE025,4,G.LIN,0,HK,0,165,1994,8,0
G.LIN.CSE025,5,G.LIN,0,HK,0,1,1994,8,0
G.LIN.CSE025,6,G.LIN,0,HK,0,1,1994,8,0
G.LIN.CSE025,7,G.LIN,0,HK,0,21,1994,8,0
G.LIN.CSE025,9,G.LIN,0,HK,0,164,1994,8,0
G.LIN.CSE025,11,G.LIN,0,HK,0,61,1994,8,0
G.LIN.CSE025,12,G.LIN,0,HK,0,41,1994,8,0
G.LIN.CSE025,13,G.LIN,0,HK,0,160,1994,8,0
G.LIN.CSE025,15,G.LIN,0,HK,0,123,1994,8,0
G.LIN.CSE025,16,G.LIN,0,HK,0,8,1994,8,0
G.LIN.CSE025,17,G.LIN,0,HK,0,5,1994,8,0
G.LIN.CSE025,19,G.LIN,0,HK,0,2,1994,8,0
G.LIN.CSE025,21,G.LIN,0,HK,0,4,1994,8,0
G.LIN.CSE025,22,G.LIN,0,HK,0,21,1994,8,0
G.LIN.CSE025,0,G.LIN,0,HK,0,7,1994,9,0
G.LIN.CSE025,1,G.LIN,0,HK,0,113,1994,9,0
G.LIN.CSE025,3,G.LIN,0,HK,1,157,1994,9,0
G.LIN.CSE025,4,G.LIN,1,HK,0,165,1994,9,0
G.LIN.CSE025,5,G.LIN,0,HK,0,1,1994,9,0
G.LIN.CSE025,6,G.LIN,0,HK,0,1,1994,9,0
G.LIN.CSE025,7,G.LIN,0,HK,0,21,1994,9,0
G.LIN.CSE025,9,G.LIN,0,HK,0,164,1994,9,0
G.LIN.CSE025,11,G.LIN,2,HK,0,61,1994,9,1
G.LIN.CSE025,12,G.LIN,0,HK,0,41,1994,9,0
G.LIN.CSE025,13,G.LIN,0,HK,0,160,1994,9,0
G.LIN.CSE025,15,G.LIN,0,HK,0,123,1994,9,0
G.LIN.CSE025,16,G.LIN,0,HK,0,8,1994,9,0
G.LIN.CSE025,17,G.LIN,0,HK,0,5,1994,9,0
G.LIN.CSE025,18,G.LIN,0,HK,0,33,1994,9,0
G.LIN.CSE025,19,G.LIN,0,HK,0,2,1994,9,0
G.LIN.CSE025,21,G.LIN,0,HK,0,4,1994,9,0
G.LIN.CSE025,22,G.LIN,0,HK,0,21,1994,9,0
G.LIN.CSE025,0,G.LIN,0,HK,0,7,1994,10,0
G.LIN.CSE025,1,G.LIN,0,HK,0,113,1994,10,0
G.LIN.CSE025,3,G.LIN,0,HK,1,157,1994,10,0
G.LIN.CSE025,4,G.LIN,3,HK,0,165,1994,10,0
G.LIN.CSE025,5,G.LIN,0,HK,0,1,1994,10,0
G.LIN.CSE025,6,G.LIN,0,HK,0,1,1994,10,0
G.LIN.CSE025,7,G.LIN,0,HK,0,21,1994,10,0
G.LIN.CSE025,9,G.LIN,0,HK,0,164,1994,10,0
G.LIN.CSE025,10,G.LIN,0,HK,3,150,1994,10,1
G.LIN.CSE025,11,G.LIN,2,HK,0,61,1994,10,0
G.LIN.CSE025,12,G.LIN,0,HK,0,41,1994,10,0
G.LIN.CSE025,13,G.LIN,0,HK,0,160,1994,10,1
G.LIN.CSE025,14,G.LIN,0,HK,0,60,1994,10,0
G.LIN.CSE025,15,G.LIN,0,HK,0,123,1994,10,0
G.LIN.CSE025,16,G.LIN,0,HK,0,8,1994,10,0
G.LIN.CSE025,17,G.LIN,0,HK,0,5,1994,10,0
G.LIN.CSE025,18,G.LIN,0,HK,0,33,1994,10,0
G.LIN.CSE025,19,G.LIN,0,HK,0,2,1994,10,0
G.LIN.CSE025,21,G.LIN,0,HK,0,4,1994,10,0
G.LIN.CSE025,22,G.LIN,0,HK,0,21,1994,10,0
G.LIN.CSE025,0,G.LIN,0,HK,0,7,1994,11,0
G.LIN.CSE025,1,G.LIN,1,HK,0,113,1994,11,0
G.LIN.CSE025,2,G.LIN,0,HK,0,182,1994,11,0
G.LIN.CSE025,3,G.LIN,0,HK,3,157,1994,11,1
G.LIN.CSE025,4,G.LIN,1,HK,0,165,1994,11,0
G.LIN.CSE025,5,G.LIN,0,HK,0,1,1994,11,0
G.LIN.CSE025,6,G.LIN,0,HK,0,1,1994,11,0
G.LIN.CSE025,7,G.LIN,0,HK,0,21,1994,11,0
G.LIN.CSE025,8,G.LIN,0,HK,0,153,1994,11,0
G.LIN.CSE025,9,G.LIN,0,HK,0,164,1994,11,0
G.LIN.CSE025,10,G.LIN,0,HK,3,150,1994,11,0
G.LIN.CSE025,11,G.LIN,1,HK,0,61,1994,11,1
G.LIN.CSE025,12,G.LIN,0,HK,0,41,1994,11,0
G.LIN.CSE025,13,G.LIN,0,HK,0,160,1994,11,0
G.LIN.CSE025,14,G.LIN,0,HK,0,60,1994,11,0
G.LIN.CSE025,15,G.LIN,0,HK,0,123,1994,11,0
G.LIN.CSE025,16,G.LIN,0,HK,0,8,1994,11,0
G.LIN.CSE025,17,G.LIN,0,HK,0,5,1994,11,0
G.LIN.CSE025,18,G.LIN,0,HK,0,33,1994,11,0
G.LIN.CSE025,19,G.LIN,0,HK,0,2,1994,11,0
G.LIN.CSE025,20,G.LIN,0,HK,0,66,1994,11,0
G.LIN.CSE025,21,G.LIN,0,HK,0,4,1994,11,0
G.LIN.CSE025,22,G.LIN,0,HK,0,21,1994,11,0
G.LIN.CSE025,9,G.LIN,0,HK,0,164,1995,1,0
G.LIN.CSE025,13,G.LIN,0,HK,0,160,1995,1,0
G.LIN.CSE025,9,G.LIN,0,HK,0,164,1995,2,0
G.LIN.CSE025,13,G.LIN,0,HK,0,160,1995,2,0
G.LIN.CSE025,14,G.LIN,0,HK,0,60,1995,2,0
G.LIN.CSE025,16,G.LIN,0,HK,0,8,1995,2,0
G.LIN.CSE025,5,G.LIN,0,HK,0,1,1995,3,0
G.LIN.CSE025,9,G.LIN,0,HK,0,164,1995,3,0
G.LIN.CSE025,13,G.LIN,0,HK,0,160,1995,3,0
G.LIN.CSE025,14,G.LIN,0,HK,0,60,1995,3,0
G.LIN.CSE025,15,G.LIN,0,HK,0,123,1995,3,0
G.LIN.CSE025,16,G.LIN,0,HK,0,8,1995,3,0
G.LIN.CSE025,1,G.LIN,0,HK,0,113,1995,4,0
G.LIN.CSE025,5,G.LIN,0,HK,0,1,1995,4,0
G.LIN.CSE025,9,G.LIN,0,HK,0,164,1995,4,0
G.LIN.CSE025,12,G.LIN,0,HK,0,41,1995,4,0
G.LIN.CSE025,13,G.LIN,0,HK,0,160,1995,4,0
G.LIN.CSE025,14,G.LIN,0,HK,0,60,1995,4,0
G.LIN.CSE025,15,G.LIN,0,HK,0,123,1995,4,0
G.LIN.CSE025,16,G.LIN,0,HK,0,8,1995,4,0
G.LIN.CSE025,1,G.LIN,0,HK,0,113,1995,5,0
G.LIN.CSE025,5,G.LIN,0,HK,0,1,1995,5,0
G.LIN.CSE025,8,G.LIN,0,HK,0,153,1995,5,0
G.LIN.CSE025,9,G.LIN,0,HK,0,164,1995,5,0
G.LIN.CSE025,12,G.LIN,0,HK,0,41,1995,5,0
G.LIN.CSE025,13,G.LIN,0,HK,0,160,1995,5,0
G.LIN.CSE025,14,G.LIN,0,HK,0,60,1995,5,0
G.LIN.CSE025,15,G.LIN,0,HK,0,123,1995,5,0
G.LIN.CSE025,16,G.LIN,0,HK,0,8,1995,5,0
G.LIN.CSE025,22,G.LIN,0,HK,0,21,1995,5,0
G.LIN.CSE025,1,G.LIN,0,HK,0,113,1995,6,0
G.LIN.CSE025,5,G.LIN,0,HK,0,1,1995,6,0
G.LIN.CSE025,8,G.LIN,0,HK,0,153,1995,6,0
G.LIN.CSE025,9,G.LIN,0,HK,0,164,1995,6,0
G.LIN.CSE025,12,G.LIN,0,HK,0,41,1995,6,0
G.LIN.CSE025,13,G.LIN,0,HK,0,160,1995,6,1
G.LIN.CSE025,14,G.LIN,0,HK,0,60,1995,6,0
G.LIN.CSE025,15,G.LIN,0,HK,0,123,1995,6,0
G.LIN.CSE025,16,G.LIN,0,HK,0,8,1995,6,0
G.LIN.CSE025,17,G.LIN,0,HK,0,5,1995,6,0
G.LIN.CSE025,19,G.LIN,0,HK,0,2,1995,6,0
G.LIN.CSE025,22,G.LIN,0,HK,0,21,1995,6,0
G.LIN.CSE025,1,G.LIN,0,HK,0,113,1995,7,0
G.LIN.CSE025,5,G.LIN,0,HK,0,1,1995,7,0
G.LIN.CSE025,6,G.LIN,0,HK,0,1,1995,7,0
G.LIN.CSE025,8,G.LIN,0,HK,0,153,1995,7,0
G.LIN.CSE025,9,G.LIN,0,HK,0,164,1995,7,0
G.LIN.CSE025,12,G.LIN,0,HK,0,41,1995,7,0
G.LIN.CSE025,13,G.LIN,0,HK,0,160,1995,7,0
G.LIN.CSE025,14,G.LIN,0,HK,0,60,1995,7,0
G.LIN.CSE025,15,G.LIN,0,HK,0,123,1995,7,0
G.LIN.CSE025,16,G.LIN,0,HK,0,8,1995,7,0
G.LIN.CSE025,17,G.LIN,0,HK,0,5,1995,7,0
G.LIN.CSE025,18,G.LIN,0,HK,0,33,1995,7,0
G.LIN.CSE025,19,G.LIN,0,HK,0,2,1995,7,0
G.LIN.CSE025,22,G.LIN,0,HK,0,21,1995,7,0
G.LIN.CSE025,0,G.LIN,0,HK,0,7,1995,8,0
G.LIN.CSE025,1,G.LIN,0,HK,0,113,1995,8,0
G.LIN.CSE025,5,G.LIN,0,HK,0,1,1995,8,0
G.LIN.CSE025,6,G.LIN,0,HK,0,1,1995,8,0
G.LIN.CSE025,8,G.LIN,0,HK,0,153,1995,8,0
G.LIN.CSE025,9,G.LIN,0,HK,0,164,1995,8,0
G.LIN.CSE025,12,G.LIN,0,HK,0,41,1995,8,0
G.LIN.CSE025,13,G.LIN,0,HK,0,160,1995,8,0
G.LIN.CSE025,14,G.LIN,0,HK,0,60,1995,8,0
G.LIN.CSE025,15,G.LIN,0,HK,0,123,1995,8,0
G.LIN.CSE025,16,G.LIN,0,HK,0,8,1995,8,0
G.LIN.CSE025,17,G.LIN,0,HK,0,5,1995,8,0
G.LIN.CSE025,18,G.LIN,0,HK,0,33,1995,8,0
G.LIN.CSE025,19,G.LIN,0,HK,0,2,1995,8,0
G.LIN.CSE025,20,G.LIN,0,HK,0,66,1995,8,0
G.LIN.CSE025,22,G.LIN,0,HK,0,21,1995,8,0
G.LIN.CSE025,0,G.LIN,0,HK,0,7,1995,9,0
G.LIN.CSE025,1,G.LIN,0,HK,0,113,1995,9,0
G.LIN.CSE025,3,G.LIN,0,HK,0,157,1995,9,0
G.LIN.CSE025,5,G.LIN,0,HK,0,1,1995,9,0
G.LIN.CSE025,6,G.LIN,0,HK,0,1,1995,9,0
G.LIN.CSE025,8,G.LIN,0,HK,0,153,1995,9,0
G.LIN.CSE025,9,G.LIN,0,HK,0,164,1995,9,0
G.LIN.CSE025,11,G.LIN,0,HK,0,61,1995,9,0
G.LIN.CSE025,12,G.LIN,0,HK,0,41,1995,9,1
G.LIN.CSE025,13,G.LIN,0,HK,0,160,1995,9,0
G.LIN.CSE025,14,G.LIN,0,HK,0,60,1995,9,0
G.LIN.CSE025,15,G.LIN,0,HK,0,123,1995,9,0
G.LIN.CSE025,16,G.LIN,0,HK,0,8,1995,9,0
G.LIN.CSE025,17,G.LIN,0,HK,0,5,1995,9,0
G.LIN.CSE025,18,G.LIN,0,HK,0,33,1995,9,0
G.LIN.CSE025,19,G.LIN,0,HK,0,2,1995,9,0
G.LIN.CSE025,20,G.LIN,0,HK,0,66,1995,9,0
G.LIN.CSE025,22,G.LIN,0,HK,0,21,1995,9,0
G.LIN.CSE025,0,G.LIN,0,HK,0,7,1995,10,0
G.LIN.CSE025,1,G.LIN,0,HK,0,113,1995,10,0
G.LIN.CSE025,2,G.LIN,0,HK,0,182,1995,10,0
G.LIN.CSE025,3,G.LIN,0,HK,0,157,1995,10,0
G.LIN.CSE025,5,G.LIN,0,HK,0,1,1995,10,0
G.LIN.CSE025,6,G.LIN,0,HK,0,1,1995,10,0
G.LIN.CSE025,8,G.LIN,0,HK,0,153,1995,10,0
G.LIN.CSE025,9,G.LIN,0,HK,0,164,1995,10,0
G.LIN.CSE025,11,G.LIN,0,HK,0,61,1995,10,0
G.LIN.CSE025,12,G.LIN,0,HK,0,41,1995,10,0
G.LIN.CSE025,13,G.LIN,0,HK,0,160,1995,10,0
G.LIN.CSE025,14,G.LIN,0,HK,0,60,1995,10,0
G.LIN.CSE025,15,G.LIN,0,HK,0,123,1995,10,0
G.LIN.CSE025,16,G.LIN,0,HK,0,8,1995,10,0
G.LIN.CSE025,17,G.LIN,0,HK,0,5,1995,10,0
G.LIN.CSE025,18,G.LIN,0,HK,0,33,1995,10,0
G.LIN.CSE025,19,G.LIN,0,HK,0,2,1995,10,0
G.LIN.CSE025,20,G.LIN,0,HK,1,66,1995,10,0
G.LIN.CSE025,21,G.LIN,0,HK,0,4,1995,10,0
G.LIN.CSE025,22,G.LIN,0,HK,0,21,1995,10,0
G.LIN.CSE025,0,G.LIN,0,HK,0,7,1995,11,0
G.LIN.CSE025,1,G.LIN,0,HK,0,113,1995,11,0
G.LIN.CSE025,2,G.LIN,0,HK,0,182,1995,11,0
G.LIN.CSE025,3,G.LIN,0,HK,1,157,1995,11,0
G.LIN.CSE025,4,G.LIN,0,HK,0,165,1995,11,0
G.LIN.CSE025,5,G.LIN,0,HK,0,1,1995,11,0
G.LIN.CSE025,6,G.LIN,0,HK,0,1,1995,11,0
G.LIN.CSE025,7,G.LIN,0,HK,0,21,1995,11,0
G.LIN.CSE025,8,G.LIN,0,HK,0,153,1995,11,0
G.LIN.CSE025,9,G.LIN,0,HK,0,164,1995,11,0
G.LIN.CSE025,10,G.LIN,0,HK,1,150,1995,11,0
G.LIN.CSE025,11,G.LIN,2,HK,0,61,1995,11,0
G.LIN.CSE025,12,G.LIN,0,HK,0,41,1995,11,0
G.LIN.CSE025,13,G.LIN,0,HK,0,160,1995,11,0
G.LIN.CSE025,14,G.LIN,0,HK,0,60,1995,11,0
G.LIN.CSE025,15,G.LIN,0,HK,0,123,1995,11,0
G.LIN.CSE025,16,G.LIN,0,HK,0,8,1995,11,0
G.LIN.CSE025,17,G.LIN,0,HK,0,5,1995,11,0
G.LIN.CSE025,18,G.LIN,0,HK,0,33,1995,11,0
G.LIN.CSE025,19,G.LIN,0,HK,0,2,1995,11,0
G.LIN.CSE025,20,G.LIN,0,HK,0,66,1995,11,0
G.LIN.CSE025,21,G.LIN,0,HK,0,4,1995,11,0
G.LIN.CSE025,22,G.LIN,0,HK,0,21,1995,11,0
G.RF1.CSE1,0,G.RF1,0,HK,0,7,1993,1,0
G.RF1.CSE1,4,G.RF1,0,HK,0,165,1993,1,0
G.RF1.CSE1,0,G.RF1,0,HK,0,7,1993,2,0
G.RF1.CSE1,4,G.RF1,0,HK,0,165,1993,2,0
G.RF1.CSE1,8,G.RF1,0,HK,0,153,1993,2,0
G.RF1.CSE1,12,G.RF1,0,HK,0,41,1993,2,0
G.RF1.CSE1,0,G.RF1,0,HK,0,7,1993,3,0
G.RF1.CSE1,2,G.RF1,0,HK,0,182,1993,3,0
G.RF1.CSE1,4,G.RF1,0,HK,0,165,1993,3,0
G.RF1.CSE1,8,G.RF1,0,HK,0,153,1993,3,0
G.RF1.CSE1,11,G.RF1,4,HK,0,61,1993,3,0
G.RF1.CSE1,12,G.RF1,0,HK,1,41,1993,3,0
G.RF1.CSE1,0,G.RF1,0,HK,0,7,1993,4,1
G.RF1.CSE1,2,G.RF1,0,HK,0,182,1993,4,0
G.RF1.CSE1,3,G.RF1,0,HK,6,157,1993,4,0
G.RF1.CSE1,4,G.RF1,1,HK,0,165,1993,4,0
G.RF1.CSE1,8,G.RF1,0,HK,0,153,1993,4,0
G.RF1.CSE1,11,G.RF1,3,HK,0,61,1993,4,1
G.RF1.CSE1,12,G.RF1,0,HK,1,41,1993,4,0
G.RF1.CSE1,17,G.RF1,0,HK,0,5,1993,4,0
G.RF1.CSE1,0,G.RF1,0,HK,0,7,1993,5,1
G.RF1.CSE1,2,G.RF1,0,HK,0,182,1993,5,0
G.RF1.CSE1,3,G.RF1,0,HK,7,157,1993,5,0
G.RF1.CSE1,4,G.RF1,2,HK,0,165,1993,5,0
G.RF1.CSE1,8,G.RF1,1,HK,1,153,1993,5,0
G.RF1.CSE1,11,G.RF1,5,HK,0,61,1993,5,1
G.RF1.CSE1,12,G.RF1,0,HK,0,41,1993,5,0
G.RF1.CSE1,16,G.RF1,0,HK,0,8,1993,5,0
G.RF1.CSE1,17,G.RF1,0,HK,0,5,1993,5,0
G.RF1.CSE1,21,G.RF1,0,HK,0,4,1993,5,0
G.RF1.CSE1,0,G.RF1,0,HK,0,7,1993,6,2
G.RF1.CSE1,2,G.RF1,0,HK,0,182,1993,6,0
G.RF1.CSE1,3,G.RF1,0,HK,11,157,1993,6,1
G.RF1.CSE1,4,G.RF1,4,HK,0,165,1993,6,1
G.RF1.CSE1,8,G.RF1,0,HK,0,153,1993,6,0
G.RF1.CSE1,11,G.RF1,5,HK,0,61,1993,6,1
G.RF1.CSE1,12,G.RF1,0,HK,0,41,1993,6,1
G.RF1.CSE1,13,G.RF1,0,HK,1,160,1993,6,0
G.RF1.CSE1,16,G.RF1,0,HK,1,8,1993,6,0
G.RF1.CSE1,17,G.RF1,0,HK,0,5,1993,6,0
G.RF1.CSE1,21,G.RF1,0,HK,0,4,1993,6,0
G.RF1.CSE1,22,G.RF1,0,HK,0,21,1993,6,0
G.RF1.CSE1,0,G.RF1,0,HK,0,7,1993,7,1
G.RF1.CSE1,2,G.RF1,0,HK,0,182,1993,7,0
G.RF1.CSE1,3,G.RF1,0,HK,13,157,1993,7,0
G.RF1.CSE1,4,G.RF1,5,HK,0,165,1993,7,1
G.RF1.CSE1,8,G.RF1,0,HK,0,153,1993,7,0
G.RF1.CSE1,11,G.RF1,4,HK,0,61,1993,7,1
G.RF1.CSE1,12,G.RF1,0,HK,0,41,1993,7,1
G.RF1.CSE1,13,G.RF1,0,HK,0,160,1993,7,0
G.RF1.CSE1,14,G.RF1,0,HK,0,60,1993,7,0
G.RF1.CSE1,16,G.RF1,0,HK,1,8,1993,7,0
G.RF1.CSE1,17,G.RF1,0,HK,0,5,1993,7,1
G.RF1.CSE1,18,G.RF1,1,HK,0,33,1993,7,0
G.RF1.CSE1,21,G.RF1,0,HK,0,4,1993,7,0
G.RF1.CSE1,22,G.RF1,0,HK,0,21,1993,7,0
G.RF1.CSE1,0,G.RF1,0,HK,0,7,1993,8,1
G.RF1.CSE1,2,G.RF1,0,HK,0,182,1993,8,0
G.RF1.CSE1,3,G.RF1,0,HK,10,157,1993,8,0
G.RF1.CSE1,4,G.RF1,5,HK,0,165,1993,8,0
G.RF1.CSE1,8,G.RF1,1,HK,0,153,1993,8,0
G.RF1.CSE1,9,G.RF1,0,HK,0,164,1993,8,0
G.RF1.CSE1,11,G.RF1,6,HK,0,61,1993,8,0
G.RF1.CSE1,12,G.RF1,0,HK,0,41,1993,8,0
G.RF1.CSE1,13,G.RF1,0,HK,1,160,1993,8,0
G.RF1.CSE1,14,G.RF1,0,HK,0,60,1993,8,0
G.RF1.CSE1,16,G.RF1,1,HK,1,8,1993,8,0
G.RF1.CSE1,17,G.RF1,1,HK,0,5,1993,8,0
G.RF1.CSE1,18,G.RF1,0,HK,1,33,1993,8,1
G.RF1.CSE1,19,G.RF1,0,HK,0,2,1993,8,0
G.RF1.CSE1,21,G.RF1,0,HK,0,4,1993,8,0
G.RF1.CSE1,22,G.RF1,0,HK,0,21,1993,8,0
G.RF1.CSE1,0,G.RF1,0,HK,0,7,1993,9,2
G.RF1.CSE1,2,G.RF1,0,HK,0,182,1993,9,0
G.RF1.CSE1,3,G.RF1,0,HK,12,157,1993,9,0
G.RF1.CSE1,4,G.RF1,5,HK,0,165,1993,9,1
G.RF1.CSE1,6,G.RF1,0,HK,0,1,1993,9,0
G.RF1.CSE1,8,G.RF1,0,HK,1,153,1993,9,0
G.RF1.CSE1,9,G.RF1,0,HK,0,164,1993,9,0
G.RF1.CSE1,11,G.RF1,5,HK,0,61,1993,9,0
G.RF1.CSE1,12,G.RF1,0,HK,0,41,1993,9,0
G.RF1.CSE1,13,G.RF1,0,HK,0,160,1993,9,0
G.RF1.CSE1,14,G.RF1,0,HK,0,60,1993,9,0
G.RF1.CSE1,15,G.RF1,0,HK,0,123,1993,9,0
G.RF1.CSE1,16,G.RF1,1,HK,1,8,1993,9,0
G.RF1.CSE1,17,G.RF1,1,HK,0,5,1993,9,0
G.RF1.CSE1,18,G.RF1,0,HK,2,33,1993,9,4
G.RF1.CSE1,19,G.RF1,0,HK,0,2,1993,9,0
G.RF1.CSE1,21,G.RF1,0,HK,0,4,1993,9,0
G.RF1.CSE1,22,G.RF1,0,HK,1,21,1993,9,0
G.RF1.CSE1,0,G.RF1,0,HK,0,7,1993,10,2
G.RF1.CSE1,2,G.RF1,0,HK,0,182,1993,10,0
G.RF1.CSE1,3,G.RF1,0,HK,12,157,1993,10,0
G.RF1.CSE1,4,G.RF1,3,HK,0,165,1993,10,1
G.RF1.CSE1,5,G.RF1,0,HK,0,1,1993,10,0
G.RF1.CSE1,6,G.RF1,0,HK,0,1,1993,10,0
G.RF1.CSE1,8,G.RF1,1,HK,0,153,1993,10,0
G.RF1.CSE1,9,G.RF1,0,HK,0,164,1993,10,0
G.RF1.CSE1,11,G.RF1,5,HK,0,61,1993,10,0
G.RF1.CSE1,12,G.RF1,0,HK,0,41,1993,10,0
G.RF1.CSE1,13,G.RF1,0,HK,0,160,1993,10,0
G.RF1.CSE1,14,G.RF1,1,HK,0,60,1993,10,0
G.RF1.CSE1,15,G.RF1,0,HK,0,123,1993,10,0
G.RF1.CSE1,16,G.RF1,0,HK,1,8,1993,10,0
G.RF1.CSE1,17,G.RF1,1,HK,0,5,1993,10,0
G.RF1.CSE1,18,G.RF1,2,HK,0,33,1993,10,2
G.RF1.CSE1,19,G.RF1,0,HK,0,2,1993,10,0
G.RF1.CSE1,20,G.RF1,1,HK,2,66,1993,10,6
G.RF1.CSE1,21,G.RF1,0,HK,0,4,1993,10,0
G.RF1.CSE1,22,G.RF1,0,HK,0,21,1993,10,1
G.RF1.CSE1,0,G.RF1,0,HK,0,7,1993,11,1
G.RF1.CSE1,1,G.RF1,2,HK,0,113,1993,11,0
G.RF1.CSE1,2,G.RF1,1,HK,1,182,1993,11,0
G.RF1.CSE1,3,G.RF1,0,HK,13,157,1993,11,0
G.RF1.CSE1,4,G.RF1,4,HK,0,165,1993,11,1
G.RF1.CSE1,5,G.RF1,0,HK,0,1,1993,11,0
G.RF1.CSE1,6,G.RF1,0,HK,0,1,1993,11,0
G.RF1.CSE1,7,G.RF1,0,HK,0,21,1993,11,0
G.RF1.CSE1,8,G.RF1,0,HK,0,153,1993,11,0
G.RF1.CSE1,9,G.RF1,0,HK,0,164,1993,11,0
G.RF1.CSE1,10,G.RF1,0,HK,8,150,1993,11,5
G.RF1.CSE1,11,G.RF1,8,HK,0,61,1993,11,2
G.RF1.CSE1,12,G.RF1,0,HK,0,41,1993,11,0
G.RF1.CSE1,13,G.RF1,0,HK,0,160,1993,11,0
G.RF1.CSE1,14,G.RF1,2,HK,0,60,1993,11,0
G.RF1.CSE1,15,G.RF1,0,HK,0,123,1993,11,0
G.RF1.CSE1,16,G.RF1,1,HK,0,8,1993,11,0
G.RF1.CSE1,17,G.RF1,1,HK,0,5,1993,11,0
G.RF1.CSE1,18,G.RF1,1,HK,0,33,1993,11,3
G.RF1.CSE1,19,G.RF1,0,HK,0,2,1993,11,0
G.RF1.CSE1,20,G.RF1,0,HK,3,66,1993,11,9
G.RF1.CSE1,21,G.RF1,0,HK,0,4,1993,11,0
G.RF1.CSE1,22,G.RF1,0,HK,1,21,1993,11,2
G.RF1.CSE1,16,G.RF1,0,HK,0,8,1994,1,0
G.RF1.CSE1,22,G.RF1,0,HK,0,21,1994,1,0
G.RF1.CSE1,12,G.RF1,0,HK,1,41,1994,2,0
G.RF1.CSE1,13,G.RF1,0,HK,0,160,1994,2,0
G.RF1.CSE1,16,G.RF1,0,HK,0,8,1994,2,0
G.RF1.CSE1,22,G.RF1,0,HK,0,21,1994,2,0
G.RF1.CSE1,4,G.RF1,0,HK,0,165,1994,3,0
G.RF1.CSE1,12,G.RF1,0,HK,0,41,1994,3,0
G.RF1.CSE1,13,G.RF1,0,HK,0,160,1994,3,0
G.RF1.CSE1,16,G.RF1,0,HK,0,8,1994,3,0
G.RF1.CSE1,21,G.RF1,0,HK,0,4,1994,3,0
G.RF1.CSE1,22,G.RF1,0,HK,0,21,1994,3,0
G.RF1.CSE1,4,G.RF1,0,HK,0,165,1994,4,0
G.RF1.CSE1,12,G.RF1,0,HK,0,41,1994,4,0
G.RF1.CSE1,13,G.RF1,0,HK,0,160,1994,4,0
G.RF1.CSE1,16,G.RF1,0,HK,0,8,1994,4,0
G.RF1.CSE1,17,G.RF1,0,HK,0,5,1994,4,0
G.RF1.CSE1,19,G.RF1,0,HK,0,2,1994,4,0
G.RF1.CSE1,21,G.RF1,0,HK,0,4,1994,4,0
G.RF1.CSE1,22,G.RF1,0,HK,0,21,1994,4,0
G.RF1.CSE1,4,G.RF1,0,HK,0,165,1994,5,0
G.RF1.CSE1,6,G.RF1,0,HK,0,1,1994,5,0
G.RF1.CSE1,11,G.RF1,0,HK,0,61,1994,5,0
G.RF1.CSE1,12,G.RF1,0,HK,1,41,1994,5,0
G.RF1.CSE1,13,G.RF1,0,HK,0,160,1994,5,0
G.RF1.CSE1,16,G.RF1,0,HK,0,8,1994,5,0
G.RF1.CSE1,17,G.RF1,0,HK,0,5,1994,5,0
G.RF1.CSE1,19,G.RF1,0,HK,0,2,1994,5,0
G.RF1.CSE1,21,G.RF1,0,HK,0,4,1994,5,0
G.RF1.CSE1,22,G.RF1,0,HK,0,21,1994,5,0
G.RF1.CSE1,3,G.RF1,0,HK,4,157,1994,6,0
G.RF1.CSE1,4,G.RF1,3,HK,0,165,1994,6,1
G.RF1.CSE1,6,G.RF1,0,HK,0,1,1994,6,0
G.RF1.CSE1,11,G.RF1,2,HK,0,61,1994,6,0
G.RF1.CSE1,12,G.RF1,0,HK,0,41,1994,6,0
G.RF1.CSE1,13,G.RF1,0,HK,0,160,1994,6,0
G.RF1.CSE1,15,G.RF1,0,HK,0,123,1994,6,0
G.RF1.CSE1,16,G.RF1,0,HK,1,8,1994,6,0
G.RF1.CSE1,17,G.RF1,1,HK,0,5,1994,6,0
G.RF1.CSE1,19,G.RF1,0,HK,0,2,1994,6,0
G.RF1.CSE1,21,G.RF1,0,HK,0,4,1994,6,0
G.RF1.CSE1,22,G.RF1,0,HK,0,21,1994,6,0
G.RF1.CSE1,0,G.RF1,0,HK,0,7,1994,7,1
G.RF1.CSE1,3,G.RF1,0,HK,6,157,1994,7,0
G.RF1.CSE1,4,G.RF1,4,HK,0,165,1994,7,1
G.RF1.CSE1,6,G.RF1,0,HK,0,1,1994,7,0
G.RF1.CSE1,9,G.RF1,0,HK,0,164,1994,7,0
G.RF1.CSE1,11,G.RF1,1,HK,0,61,1994,7,0
G.RF1.CSE1,12,G.RF1,0,HK,0,41,1994,7,0
G.RF1.CSE1,13,G.RF1,0,HK,1,160,1994,7,0
G.RF1.CSE1,15,G.RF1,0,HK,0,123,1994,7,0
G.RF1.CSE1,16,G.RF1,0,HK,0,8,1994,7,0
G.RF1.CSE1,17,G.RF1,0,HK,0,5,1994,7,0
G.RF1.CSE1,19,G.RF1,0,HK,0,2,1994,7,0
G.RF1.CSE1,21,G.RF1,0,HK,0,4,1994,7,0
G.RF1.CSE1,22,G.RF1,0,HK,0,21,1994,7,0
G.RF1.CSE1,0,G.RF1,0,HK,0,7,1994,8,1
G.RF1.CSE1,3,G.RF1,0,HK,6,157,1994,8,0
G.RF1.CSE1,4,G.RF1,5,HK,0,165,1994,8,1
G.RF1.CSE1,5,G.RF1,0,HK,0,1,1994,8,0
G.RF1.CSE1,6,G.RF1,0,HK,0,1,1994,8,0
G.RF1.CSE1,7,G.RF1,0,HK,0,21,1994,8,0
G.RF1.CSE1,9,G.RF1,0,HK,0,164,1994,8,0
G.RF1.CSE1,11,G.RF1,2,HK,0,61,1994,8,0
G.RF1.CSE1,12,G.RF1,0,HK,0,41,1994,8,0
G.RF1.CSE1,13,G.RF1,0,HK,0,160,1994,8,0
G.RF1.CSE1,15,G.RF1,0,HK,0,123,1994,8,0
G.RF1.CSE1,16,G.RF1,0,HK,0,8,1994,8,0
G.RF1.CSE1,17,G.RF1,0,HK,0,5,1994,8,0
G.RF1.CSE1,19,G.RF1,0,HK,0,2,1994,8,0
G.RF1.CSE1,21,G.RF1,0,HK,0,4,1994,8,0
G.RF1.CSE1,22,G.RF1,0,HK,0,21,1994,8,0
G.RF1.CSE1,0,G.RF1,0,HK,0,7,1994,9,1
G.RF1.CSE1,1,G.RF1,0,HK,0,113,1994,9,0
G.RF1.CSE1,3,G.RF1,0,HK,6,157,1994,9,0
G.RF1.CSE1,4,G.RF1,6,HK,0,165,1994,9,0
G.RF1.CSE1,5,G.RF1,0,HK,0,1,1994,9,0
G.RF1.CSE1,6,G.RF1,0,HK,0,1,1994,9,0
G.RF1.CSE1,7,G.RF1,0,HK,0,21,1994,9,0
G.RF1.CSE1,9,G.RF1,0,HK,0,164,1994,9,0
G.RF1.CSE1,11,G.RF1,2,HK,0,61,1994,9,0
G.RF1.CSE1,12,G.RF1,0,HK,0,41,1994,9,0
G.RF1.CSE1,13,G.RF1,0,HK,1,160,1994,9,0
G.RF1.CSE1,15,G.RF1,0,HK,0,123,1994,9,0
G.RF1.CSE1,16,G.RF1,0,HK,1,8,1994,9,0
G.RF1.CSE1,17,G.RF1,1,HK,0,5,1994,9,0
G.RF1.CSE1,18,G.RF1,0,HK,0,33,1994,9,2
G.RF1.CSE1,19,G.RF1,0,HK,0,2,1994,9,0
G.RF1.CSE1,21,G.RF1,0,HK,0,4,1994,9,0
G.RF1.CSE1,22,G.RF1,0,HK,0,21,1994,9,0
G.RF1.CSE1,0,G.RF1,0,HK,1,7,1994,10,1
G.RF1.CSE1,1,G.RF1,0,HK,0,113,1994,10,0
G.RF1.CSE1,3,G.RF1,0,HK,7,157,1994,10,0
G.RF1.CSE1,4,G.RF1,5,HK,0,165,1994,10,0
G.RF1.CSE1,5,G.RF1,0,HK,0,1,1994,10,0
G.RF1.CSE1,6,G.RF1,0,HK,0,1,1994,10,0
G.RF1.CSE1,7,G.RF1,0,HK,0,21,1994,10,0
G.RF1.CSE1,9,G.RF1,0,HK,0,164,1994,10,0
G.RF1.CSE1,10,G.RF1,0,HK,9,150,1994,10,1
G.RF1.CSE1,11,G.RF1,6,HK,0,61,1994,10,0
G.RF1.CSE1,12,G.RF1,0,HK,1,41,1994,10,0
G.RF1.CSE1,13,G.RF1,0,HK,0,160,1994,10,0
G.RF1.CSE1,14,G.RF1,0,HK,0,60,1994,10,0
G.RF1.CSE1,15,G.RF1,0,HK,0,123,1994,10,0
G.RF1.CSE1,16,G.RF1,0,HK,0,8,1994,10,0
G.RF1.CSE1,17,G.RF1,0,HK,0,5,1994,10,0
G.RF1.CSE1,18,G.RF1,0,HK,0,33,1994,10,2
G.RF1.CSE1,19,G.RF1,0,HK,0,2,1994,10,0
G.RF1.CSE1,21,G.RF1,0,HK,0,4,1994,10,0
G.RF1.CSE1,22,G.RF1,0,HK,0,21,1994,10,0
G.RF1.CSE1,0,G.RF1,0,HK,0,7,1994,11,1
G.RF1.CSE1,1,G.RF1,0,HK,0,113,1994,11,0
G.RF1.CSE1,2,G.RF1,0,HK,3,182,1994,11,0
G.RF1.CSE1,3,G.RF1,0,HK,7,157,1994,11,1
G.RF1.CSE1,4,G.RF1,4,HK,0,165,1994,11,1
G.RF1.CSE1,5,G.RF1,0,HK,0,1,1994,11,0
G.RF1.CSE1,6,G.RF1,0,HK,0,1,1994,11,0
G.RF1.CSE1,7,G.RF1,0,HK,0,21,1994,11,0
G.RF1.CSE1,8,G.RF1,0,HK,1,153,1994,11,0
G.RF1.CSE1,9,G.RF1,0,HK,0,164,1994,11,0
G.RF1.CSE1,10,G.RF1,0,HK,8,150,1994,11,1
G.RF1.CSE1,11,G.RF1,6,HK,0,61,1994,11,0
G.RF1.CSE1,12,G.RF1,0,HK,1,41,1994,11,0
G.RF1.CSE1,13,G.RF1,0,HK,0,160,1994,11,0
G.RF1.CSE1,14,G.RF1,0,HK,0,60,1994,11,0
G.RF1.CSE1,15,G.RF1,0,HK,0,123,1994,11,0
G.RF1.CSE1,16,G.RF1,0,HK,0,8,1994,11,0
G.RF1.CSE1,17,G.RF1,0,HK,0,5,1994,11,0
G.RF1.CSE1,18,G.RF1,2,HK,0,33,1994,11,3
G.RF1.CSE1,19,G.RF1,0,HK,0,2,1994,11,0
G.RF1.CSE1,20,G.RF1,1,HK,1,66,1994,11,3
G.RF1.CSE1,21,G.RF1,0,HK,0,4,1994,11,0
G.RF1.CSE1,22,G.RF1,0,HK,0,21,1994,11,1
G.RF1.CSE1,9,G.RF1,0,HK,0,164,1995,1,0
G.RF1.CSE1,13,G.RF1,0,HK,0,160,1995,1,0
G.RF1.CSE1,9,G.RF1,0,HK,0,164,1995,2,0
G.RF1.CSE1,13,G.RF1,0,HK,0,160,1995,2,0
G.RF1.CSE1,14,G.RF1,0,HK,0,60,1995,2,0
G.RF1.CSE1,16,G.RF1,0,HK,0,8,1995,2,0
G.RF1.CSE1,5,G.RF1,0,HK,0,1,1995,3,0
G.RF1.CSE1,9,G.RF1,0,HK,0,164,1995,3,0
G.RF1.CSE1,13,G.RF1,0,HK,0,160,1995,3,0
G.RF1.CSE1,14,G.RF1,0,HK,0,60,1995,3,0
G.RF1.CSE1,15,G.RF1,0,HK,0,123,1995,3,0
G.RF1.CSE1,16,G.RF1,0,HK,0,8,1995,3,0
G.RF1.CSE1,1,G.RF1,0,HK,0,113,1995,4,0
G.RF1.CSE1,5,G.RF1,0,HK,0,1,1995,4,0
G.RF1.CSE1,9,G.RF1,0,HK,0,164,1995,4,0
G.RF1.CSE1,12,G.RF1,0,HK,0,41,1995,4,0
G.RF1.CSE1,13,G.RF1,0,HK,0,160,1995,4,0
G.RF1.CSE1,14,G.RF1,0,HK,0,60,1995,4,0
G.RF1.CSE1,15,G.RF1,0,HK,0,123,1995,4,0
G.RF1.CSE1,16,G.RF1,0,HK,0,8,1995,4,0
G.RF1.CSE1,1,G.RF1,0,HK,0,113,1995,5,0
G.RF1.CSE1,5,G.RF1,0,HK,0,1,1995,5,0
G.RF1.CSE1,8,G.RF1,0,HK,0,153,1995,5,0
G.RF1.CSE1,9,G.RF1,0,HK,0,164,1995,5,0
G.RF1.CSE1,12,G.RF1,0,HK,0,41,1995,5,0
G.RF1.CSE1,13,G.RF1,0,HK,1,160,1995,5,0
G.RF1.CSE1,14,G.RF1,0,HK,0,60,1995,5,0
G.RF1.CSE1,15,G.RF1,0,HK,0,123,1995,5,0
G.RF1.CSE1,16,G.RF1,0,HK,0,8,1995,5,0
G.RF1.CSE1,22,G.RF1,0,HK,0,21,1995,5,0
G.RF1.CSE1,1,G.RF1,0,HK,0,113,1995,6,0
G.RF1.CSE1,5,G.RF1,0,HK,0,1,1995,6,0
G.RF1.CSE1,8,G.RF1,0,HK,0,153,1995,6,0
G.RF1.CSE1,9,G.RF1,0,HK,0,164,1995,6,0
G.RF1.CSE1,12,G.RF1,0,HK,0,41,1995,6,0
G.RF1.CSE1,13,G.RF1,0,HK,1,160,1995,6,0
G.RF1.CSE1,14,G.RF1,0,HK,0,60,1995,6,0
G.RF1.CSE1,15,G.RF1,0,HK,0,123,1995,6,0
G.RF1.CSE1,16,G.RF1,0,HK,0,8,1995,6,0
G.RF1.CSE1,17,G.RF1,0,HK,0,5,1995,6,0
G.RF1.CSE1,19,G.RF1,0,HK,0,2,1995,6,0
G.RF1.CSE1,22,G.RF1,0,HK,0,21,1995,6,0
G.RF1.CSE1,1,G.RF1,0,HK,0,113,1995,7,0
G.RF1.CSE1,5,G.RF1,0,HK,0,1,1995,7,0
G.RF1.CSE1,6,G.RF1,0,HK,0,1,1995,7,0
G.RF1.CSE1,8,G.RF1,0,HK,0,153,1995,7,0
G.RF1.CSE1,9,G.RF1,0,HK,0,164,1995,7,0
G.RF1.CSE1,12,G.RF1,0,HK,0,41,1995,7,0
G.RF1.CSE1,13,G.RF1,0,HK,0,160,1995,7,0
G.RF1.CSE1,14,G.RF1,0,HK,0,60,1995,7,0
G.RF1.CSE1,15,G.RF1,0,HK,0,123,1995,7,0
G.RF1.CSE1,16,G.RF1,0,HK,0,8,1995,7,0
G.RF1.CSE1,17,G.RF1,0,HK,0,5,1995,7,0
G.RF1.CSE1,18,G.RF1,0,HK,0,33,1995,7,0
G.RF1.CSE1,19,G.RF1,0,HK,0,2,1995,7,0
G.RF1.CSE1,22,G.RF1,0,HK,0,21,1995,7,0
G.RF1.CSE1,0,G.RF1,0,HK,0,7,1995,8,0
G.RF1.CSE1,1,G.RF1,0,HK,0,113,1995,8,0
G.RF1.CSE1,5,G.RF1,0,HK,0,1,1995,8,0
G.RF1.CSE1,6,G.RF1,0,HK,0,1,1995,8,0
G.RF1.CSE1,8,G.RF1,0,HK,0,153,1995,8,0
G.RF1.CSE1,9,G.RF1,0,HK,0,164,1995,8,0
G.RF1.CSE1,12,G.RF1,0,HK,0,41,1995,8,1
G.RF1.CSE1,13,G.RF1,0,HK,0,160,1995,8,0
G.RF1.CSE1,14,G.RF1,0,HK,0,60,1995,8,0
G.RF1.CSE1,15,G.RF1,0,HK,0,123,1995,8,0
G.RF1.CSE1,16,G.RF1,1,HK,0,8,1995,8,0
G.RF1.CSE1,17,G.RF1,0,HK,0,5,1995,8,0
G.RF1.CSE1,18,G.RF1,1,HK,0,33,1995,8,0
G.RF1.CSE1,19,G.RF1,0,HK,0,2,1995,8,0
G.RF1.CSE1,20,G.RF1,0,HK,0,66,1995,8,0
G.RF1.CSE1,22,G.RF1,0,HK,0,21,1995,8,1
G.RF1.CSE1,0,G.RF1,0,HK,0,7,1995,9,1
G.RF1.CSE1,1,G.RF1,0,HK,0,113,1995,9,0
G.RF1.CSE1,3,G.RF1,0,HK,0,157,1995,9,0
G.RF1.CSE1,5,G.RF1,0,HK,0,1,1995,9,0
G.RF1.CSE1,6,G.RF1,0,HK,0,1,1995,9,0
G.RF1.CSE1,8,G.RF1,0,HK,0,153,1995,9,0
G.RF1.CSE1,9,G.RF1,0,HK,0,164,1995,9,0
G.RF1.CSE1,11,G.RF1,5,HK,0,61,1995,9,0
G.RF1.CSE1,12,G.RF1,0,HK,2,41,1995,9,0
G.RF1.CSE1,13,G.RF1,0,HK,0,160,1995,9,2
G.RF1.CSE1,14,G.RF1,0,HK,0,60,1995,9,0
G.RF1.CSE1,15,G.RF1,0,HK,0,123,1995,9,0
G.RF1.CSE1,16,G.RF1,0,HK,0,8,1995,9,0
G.RF1.CSE1,17,G.RF1,0,HK,0,5,1995,9,0
G.RF1.CSE1,18,G.RF1,0,HK,0,33,1995,9,0
G.RF1.CSE1,19,G.RF1,0,HK,0,2,1995,9,0
G.RF1.CSE1,20,G.RF1,0,HK,1,66,1995,9,1
G.RF1.CSE1,22,G.RF1,0,HK,2,21,1995,9,0
G.RF1.CSE1,0,G.RF1,0,HK,0,7,1995,10,1
G.RF1.CSE1,1,G.RF1,0,HK,0,113,1995,10,0
G.RF1.CSE1,2,G.RF1,0,HK,0,182,1995,10,0
G.RF1.CSE1,3,G.RF1,0,HK,0,157,1995,10,0
G.RF1.CSE1,5,G.RF1,0,HK,0,1,1995,10,0
G.RF1.CSE1,6,G.RF1,0,HK,0,1,1995,10,0
G.RF1.CSE1,8,G.RF1,0,HK,0,153,1995,10,0
G.RF1.CSE1,9,G.RF1,0,HK,0,164,1995,10,0
G.RF1.CSE1,11,G.RF1,4,HK,0,61,1995,10,0
G.RF1.CSE1,12,G.RF1,0,HK,2,41,1995,10,0
G.RF1.CSE1,13,G.RF1,0,HK,0,160,1995,10,2
G.RF1.CSE1,14,G.RF1,0,HK,0,60,1995,10,0
G.RF1.CSE1,15,G.RF1,0,HK,0,123,1995,10,0
G.RF1.CSE1,16,G.RF1,0,HK,0,8,1995,10,0
G.RF1.CSE1,17,G.RF1,0,HK,0,5,1995,10,0
G.RF1.CSE1,18,G.RF1,1,HK,0,33,1995,10,0
G.RF1.CSE1,19,G.RF1,0,HK,0,2,1995,10,0
G.RF1.CSE1,20,G.RF1,0,HK,0,66,1995,10,0
G.RF1.CSE1,21,G.RF1,0,HK,0,4,1995,10,0
G.RF1.CSE1,22,G.RF1,0,HK,0,21,1995,10,0
G.RF1.CSE1,0,G.RF1,0,HK,0,7,1995,11,0
G.RF1.CSE1,1,G.RF1,0,HK,0,113,1995,11,0
G.RF1.CSE1,2,G.RF1,0,HK,0,182,1995,11,0
G.RF1.CSE1,3,G.RF1,0,HK,5,157,1995,11,0
G.RF1.CSE1,4,G.RF1,1,HK,0,165,1995,11,0
G.RF1.CSE1,5,G.RF1,0,HK,0,1,1995,11,0
G.RF1.CSE1,6,G.RF1,0,HK,0,1,1995,11,0
G.RF1.CSE1,7,G.RF1,0,HK,0,21,1995,11,0
G.RF1.CSE1,8,G.RF1,0,HK,0,153,1995,11,0
G.RF1.CSE1,9,G.RF1,0,HK,0,164,1995,11,0
G.RF1.CSE1,10,G.RF1,0,HK,4,150,1995,11,0
G.RF1.CSE1,11,G.RF1,5,HK,0,61,1995,11,1
G.RF1.CSE1,12,G.RF1,0,HK,0,41,1995,11,1
G.RF1.CSE1,13,G.RF1,0,HK,0,160,1995,11,1
G.RF1.CSE1,14,G.RF1,0,HK,0,60,1995,11,0
G.RF1.CSE1,15,G.RF1,0,HK,0,123,1995,11,0
G.RF1.CSE1,16,G.RF1,0,HK,0,8,1995,11,1
G.RF1.CSE1,17,G.RF1,0,HK,0,5,1995,11,0
G.RF1.CSE1,18,G.RF1,2,HK,0,33,1995,11,0
G.RF1.CSE1,19,G.RF1,0,HK,0,2,1995,11,0
G.RF1.CSE1,20,G.RF1,0,HK,1,66,1995,11,0
G.RF1.CSE1,21,G.RF1,0,HK,0,4,1995,11,0
G.RF1.CSE1,22,G.RF1,0,HK,0,21,1995,11,0
G.RF1.CSE025,0,G.RF1,0,HK,0,7,1993,1,0
G.RF1.CSE025,4,G.RF1,0,HK,0,165,1993,1,0
G.RF1.CSE025,0,G.RF1,0,HK,0,7,1993,2,0
G.RF1.CSE025,4,G.RF1,0,HK,0,165,1993,2,0
G.RF1.CSE025,8,G.RF1,0,HK,0,153,1993,2,0
G.RF1.CSE025,12,G.RF1,0,HK,0,41,1993,2,0
G.RF1.CSE025,0,G.RF1,0,HK,0,7,1993,3,0
G.RF1.CSE025,2,G.RF1,0,HK,0,182,1993,3,0
G.RF1.CSE025,4,G.RF1,0,HK,0,165,1993,3,0
G.RF1.CSE025,8,G.RF1,0,HK,0,153,1993,3,0
G.RF1.CSE025,11,G.RF1,1,HK,0,61,1993,3,0
G.RF1.CSE025,12,G.RF1,0,HK,0,41,1993,3,0
G.RF1.CSE025,0,G.RF1,0,HK,0,7,1993,4,1
G.RF1.CSE025,2,G.RF1,0,HK,0,182,1993,4,0
G.RF1.CSE025,3,G.RF1,0,HK,1,157,1993,4,0
G.RF1.CSE025,4,G.RF1,0,HK,0,165,1993,4,0
G.RF1.CSE025,8,G.RF1,0,HK,0,153,1993,4,0
G.RF1.CSE025,11,G.RF1,0,HK,0,61,1993,4,0
G.RF1.CSE025,12,G.RF1,0,HK,0,41,1993,4,0
G.RF1.CSE025,17,G.RF1,0,HK,0,5,1993,4,0
G.RF1.CSE025,0,G.RF1,0,HK,0,7,1993,5,1
G.RF1.CSE025,2,G.RF1,0,HK,0,182,1993,5,0
G.RF1.CSE025,3,G.RF1,0,HK,1,157,1993,5,0
G.RF1.CSE025,4,G.RF1,2,HK,0,165,1993,5,0
G.RF1.CSE025,8,G.RF1,1,HK,0,153,1993,5,0
G.RF1.CSE025,11,G.RF1,0,HK,0,61,1993,5,0
G.RF1.CSE025,12,G.RF1,0,HK,0,41,1993,5,0
G.RF1.CSE025,16,G.RF1,0,HK,0,8,1993,5,0
G.RF1.CSE025,17,G.RF1,0,HK,0,5,1993,5,0
G.RF1.CSE025,21,G.RF1,0,HK,0,4,1993,5,0
G.RF1.CSE025,0,G.RF1,0,HK,0,7,1993,6,0
G.RF1.CSE025,2,G.RF1,0,HK,0,182,1993,6,0
G.RF1.CSE025,3,G.RF1,0,HK,4,157,1993,6,0
G.RF1.CSE025,4,G.RF1,2,HK,0,165,1993,6,0
G.RF1.CSE025,8,G.RF1,0,HK,0,153,1993,6,0
G.RF1.CSE025,11,G.RF1,1,HK,0,61,1993,6,0
G.RF1.CSE025,12,G.RF1,0,HK,0,41,1993,6,1
G.RF1.CSE025,13,G.RF1,0,HK,1,160,1993,6,0
G.RF1.CSE025,16,G.RF1,0,HK,0,8,1993,6,0
G.RF1.CSE025,17,G.RF1,0,HK,0,5,1993,6,0
G.RF1.CSE025,21,G.RF1,0,HK,0,4,1993,6,0
G.RF1.CSE025,22,G.RF1,0,HK,0,21,1993,6,0
G.RF1.CSE025,0,G.RF1,0,HK,0,7,1993,7,0
G.RF1.CSE025,2,G.RF1,0,HK,0,182,1993,7,0
G.RF1.CSE025,3,G.RF1,0,HK,4,157,1993,7,0
G.RF1.CSE025,4,G.RF1,2,HK,0,165,1993,7,1
G.RF1.CSE025,8,G.RF1,0,HK,0,153,1993,7,0
G.RF1.CSE025,11,G.RF1,1,HK,0,61,1993,7,0
G.RF1.CSE025,12,G.RF1,0,HK,0,41,1993,7,0
G.RF1.CSE025,13,G.RF1,0,HK,0,160,1993,7,0
G.RF1.CSE025,14,G.RF1,0,HK,0,60,1993,7,0
G.RF1.CSE025,16,G.RF1,0,HK,0,8,1993,7,0
G.RF1.CSE025,17,G.RF1,0,HK,0,5,1993,7,1
G.RF1.CSE025,18,G.RF1,0,HK,0,33,1993,7,0
G.RF1.CSE025,21,G.RF1,0,HK,0,4,1993,7,0
G.RF1.CSE025,22,G.RF1,0,HK,0,21,1993,7,0
G.RF1.CSE025,0,G.RF1,0,HK,0,7,1993,8,0
G.RF1.CSE025,2,G.RF1,0,HK,0,182,1993,8,0
G.RF1.CSE025,3,G.RF1,0,HK,4,157,1993,8,0
G.RF1.CSE025,4,G.RF1,2,HK,0,165,1993,8,0
G.RF1.CSE025,8,G.RF1,0,HK,0,153,1993,8,0
G.RF1.CSE025,9,G.RF1,0,HK,0,164,1993,8,0
G.RF1.CSE025,11,G.RF1,2,HK,0,61,1993,8,0
G.RF1.CSE025,12,G.RF1,0,HK,0,41,1993,8,0
G.RF1.CSE025,13,G.RF1,0,HK,0,160,1993,8,0
G.RF1.CSE025,14,G.RF1,0,HK,0,60,1993,8,0
G.RF1.CSE025,16,G.RF1,0,HK,0,8,1993,8,0
G.RF1.CSE025,17,G.RF1,1,HK,0,5,1993,8,0
G.RF1.CSE025,18,G.RF1,0,HK,1,33,1993,8,0
G.RF1.CSE025,19,G.RF1,0,HK,0,2,1993,8,0
G.RF1.CSE025,21,G.RF1,0,HK,0,4,1993,8,0
G.RF1.CSE025,22,G.RF1,0,HK,0,21,1993,8,0
G.RF1.CSE025,0,G.RF1,0,HK,0,7,1993,9,0
G.RF1.CSE025,2,G.RF1,0,HK,0,182,1993,9,0
G.RF1.CSE025,3,G.RF1,0,HK,4,157,1993,9,0
G.RF1.CSE025,4,G.RF1,2,HK,0,165,1993,9,0
G.RF1.CSE025,6,G.RF1,0,HK,0,1,1993,9,0
G.RF1.CSE025,8,G.RF1,0,HK,1,153,1993,9,0
G.RF1.CSE025,9,G.RF1,0,HK,0,164,1993,9,0
G.RF1.CSE025,11,G.RF1,3,HK,0,61,1993,9,0
G.RF1.CSE025,12,G.RF1,0,HK,0,41,1993,9,0
G.RF1.CSE025,13,G.RF1,0,HK,0,160,1993,9,0
G.RF1.CSE025,14,G.RF1,0,HK,0,60,1993,9,0
G.RF1.CSE025,15,G.RF1,0,HK,0,123,1993,9,0
G.RF1.CSE025,16,G.RF1,0,HK,0,8,1993,9,0
G.RF1.CSE025,17,G.RF1,0,HK,0,5,1993,9,0
G.RF1.CSE025,18,G.RF1,0,HK,1,33,1993,9,1
G.RF1.CSE025,19,G.RF1,0,HK,0,2,1993,9,0
G.RF1.CSE025,21,G.RF1,0,HK,0,4,1993,9,0
G.RF1.CSE025,22,G.RF1,0,HK,1,21,1993,9,0
G.RF1.CSE025,0,G.RF1,0,HK,0,7,1993,10,0
G.RF1.CSE025,2,G.RF1,0,HK,0,182,1993,10,0
G.RF1.CSE025,3,G.RF1,0,HK,5,157,1993,10,0
G.RF1.CSE025,4,G.RF1,0,HK,0,165,1993,10,0
G.RF1.CSE025,5,G.RF1,0,HK,0,1,1993,10,0
G.RF1.CSE025,6,G.RF1,0,HK,0,1,1993,10,0
G.RF1.CSE025,8,G.RF1,0,HK,0,153,1993,10,0
G.RF1.CSE025,9,G.RF1,0,HK,0,164,1993,10,0
G.RF1.CSE025,11,G.RF1,1,HK,0,61,1993,10,0
G.RF1.CSE025,12,G.RF1,0,HK,0,41,1993,10,0
G.RF1.CSE025,13,G.RF1,0,HK,0,160,1993,10,0
G.RF1.CSE025,14,G.RF1,1,HK,0,60,1993,10,0
G.RF1.CSE025,15,G.RF1,0,HK,0,123,1993,10,0
G.RF1.CSE025,16,G.RF1,0,HK,0,8,1993,10,0
G.RF1.CSE025,17,G.RF1,0,HK,0,5,1993,10,0
G.RF1.CSE025,18,G.RF1,0,HK,0,33,1993,10,0
G.RF1.CSE025,19,G.RF1,0,HK,0,2,1993,10,0
G.RF1.CSE025,20,G.RF1,0,HK,0,66,1993,10,1
G.RF1.CSE025,21,G.RF1,0,HK,0,4,1993,10,0
G.RF1.CSE025,22,G.RF1,0,HK,0,21,1993,10,0
G.RF1.CSE025,0,G.RF1,0,HK,0,7,1993,11,0
G.RF1.CSE025,1,G.RF1,1,HK,0,113,1993,11,0
G.RF1.CSE025,2,G.RF1,1,HK,0,182,1993,11,0
G.RF1.CSE025,3,G.RF1,0,HK,4,157,1993,11,0
G.RF1.CSE025,4,G.RF1,0,HK,0,165,1993,11,1
G.RF1.CSE025,5,G.RF1,0,HK,0,1,1993,11,0
G.RF1.CSE025,6,G.RF1,0,HK,0,1,1993,11,0
G.RF1.CSE025,7,G.RF1,0,HK,0,21,1993,11,0
G.RF1.CSE025,8,G.RF1,0,HK,0,153,1993,11,0
G.RF1.CSE025,9,G.RF1,0,HK,0,164,1993,11,0
G.RF1.CSE025,10,G.RF1,0,HK,2,150,1993,11,1
G.RF1.CSE025,11,G.RF1,0,HK,0,61,1993,11,0
G.RF1.CSE025,12,G.RF1,0,HK,0,41,1993,11,0
G.RF1.CSE025,13,G.RF1,0,HK,0,160,1993,11,0
G.RF1.CSE025,14,G.RF1,1,HK,0,60,1993,11,0
G.RF1.CSE025,15,G.RF1,0,HK,0,123,1993,11,0
G.RF1.CSE025,16,G.RF1,0,HK,0,8,1993,11,0
G.RF1.CSE025,17,G.RF1,0,HK,0,5,1993,11,0
G.RF1.CSE025,18,G.RF1,0,HK,0,33,1993,11,1
G.RF1.CSE025,19,G.RF1,0,HK,0,2,1993,11,0
G.RF1.CSE025,20,G.RF1,0,HK,1,66,1993,11,0
G.RF1.CSE025,21,G.RF1,0,HK,0,4,1993,11,0
G.RF1.CSE025,22,G.RF1,0,HK,0,21,1993,11,0
G.RF1.CSE025,16,G.RF1,0,HK,0,8,1994,1,0
G.RF1.CSE025,22,G.RF1,0,HK,0,21,1994,1,0
G.RF1.CSE025,12,G.RF1,0,HK,1,41,1994,2,0
G.RF1.CSE025,13,G.RF1,0,HK,0,160,1994,2,0
G.RF1.CSE025,16,G.RF1,0,HK,0,8,1994,2,0
G.RF1.CSE025,22,G.RF1,0,HK,0,21,1994,2,0
G.RF1.CSE025,4,G.RF1,0,HK,0,165,1994,3,0
G.RF1.CSE025,12,G.RF1,0,HK,0,41,1994,3,0
G.RF1.CSE025,13,G.RF1,0,HK,0,160,1994,3,0
G.RF1.CSE025,16,G.RF1,0,HK,0,8,1994,3,0
G.RF1.CSE025,21,G.RF1,0,HK,0,4,1994,3,0
G.RF1.CSE025,22,G.RF1,0,HK,0,21,1994,3,0
G.RF1.CSE025,4,G.RF1,0,HK,0,165,1994,4,0
G.RF1.CSE025,12,G.RF1,0,HK,0,41,1994,4,0
G.RF1.CSE025,13,G.RF1,0,HK,0,160,1994,4,0
G.RF1.CSE025,16,G.RF1,0,HK,0,8,1994,4,0
G.RF1.CSE025,17,G.RF1,0,HK,0,5,1994,4,0
G.RF1.CSE025,19,G.RF1,0,HK,0,2,1994,4,0
G.RF1.CSE025,21,G.RF1,0,HK,0,4,1994,4,0
G.RF1.CSE025,22,G.RF1,0,HK,0,21,1994,4,0
G.RF1.CSE025,4,G.RF1,0,HK,0,165,1994,5,0
G.RF1.CSE025,6,G.RF1,0,HK,0,1,1994,5,0
G.RF1.CSE025,11,G.RF1,0,HK,0,61,1994,5,0
G.RF1.CSE025,12,G.RF1,0,HK,0,41,1994,5,0
G.RF1.CSE025,13,G.RF1,0,HK,0,160,1994,5,0
G.RF1.CSE025,16,G.RF1,0,HK,0,8,1994,5,0
G.RF1.CSE025,17,G.RF1,0,HK,0,5,1994,5,0
G.RF1.CSE025,19,G.RF1,0,HK,0,2,1994,5,0
G.RF1.CSE025,21,G.RF1,0,HK,0,4,1994,5,0
G.RF1.CSE025,22,G.RF1,0,HK,0,21,1994,5,0
G.RF1.CSE025,3,G.RF1,0,HK,1,157,1994,6,0
G.RF1.CSE025,4,G.RF1,2,HK,0,165,1994,6,0
G.RF1.CSE025,6,G.RF1,0,HK,0,1,1994,6,0
G.RF1.CSE025,11,G.RF1,0,HK,0,61,1994,6,0
G.RF1.CSE025,12,G.RF1,0,HK,0,41,1994,6,0
G.RF1.CSE025,13,G.RF1,0,HK,0,160,1994,6,0
G.RF1.CSE025,15,G.RF1,0,HK,0,123,1994,6,0
G.RF1.CSE025,16,G.RF1,0,HK,0,8,1994,6,0
G.RF1.CSE025,17,G.RF1,1,HK,0,5,1994,6,0
G.RF1.CSE025,19,G.RF1,0,HK,0,2,1994,6,0
G.RF1.CSE025,21,G.RF1,0,HK,0,4,1994,6,0
G.RF1.CSE025,22,G.RF1,0,HK,0,21,1994,6,0
G.RF1.CSE025,0,G.RF1,0,HK,0,7,1994,7,0
G.RF1.CSE025,3,G.RF1,0,HK,3,157,1994,7,0
G.RF1.CSE025,4,G.RF1,0,HK,0,165,1994,7,0
G.RF1.CSE025,6,G.RF1,0,HK,0,1,1994,7,0
G.RF1.CSE025,9,G.RF1,0,HK,0,164,1994,7,0
G.RF1.CSE025,11,G.RF1,0,HK,0,61,1994,7,0
G.RF1.CSE025,12,G.RF1,0,HK,0,41,1994,7,0
G.RF1.CSE025,13,G.RF1,0,HK,0,160,1994,7,0
G.RF1.CSE025,15,G.RF1,0,HK,0,123,1994,7,0
G.RF1.CSE025,16,G.RF1,0,HK,0,8,1994,7,0
G.RF1.CSE025,17,G.RF1,0,HK,0,5,1994,7,0
G.RF1.CSE025,19,G.RF1,0,HK,0,2,1994,7,0
G.RF1.CSE025,21,G.RF1,0,HK,0,4,1994,7,0
G.RF1.CSE025,22,G.RF1,0,HK,0,21,1994,7,0
G.RF1.CSE025,0,G.RF1,0,HK,0,7,1994,8,0
G.RF1.CSE025,3,G.RF1,0,HK,1,157,1994,8,0
G.RF1.CSE025,4,G.RF1,0,HK,0,165,1994,8,0
G.RF1.CSE025,5,G.RF1,0,HK,0,1,1994,8,0
G.RF1.CSE025,6,G.RF1,0,HK,0,1,1994,8,0
G.RF1.CSE025,7,G.RF1,0,HK,0,21,1994,8,0
G.RF1.CSE025,9,G.RF1,0,HK,0,164,1994,8,0
G.RF1.CSE025,11,G.RF1,0,HK,0,61,1994,8,0
G.RF1.CSE025,12,G.RF1,0,HK,0,41,1994,8,0
G.RF1.CSE025,13,G.RF1,0,HK,0,160,1994,8,0
G.RF1.CSE025,15,G.RF1,0,HK,0,123,1994,8,0
G.RF1.CSE025,16,G.RF1,0,HK,0,8,1994,8,0
G.RF1.CSE025,17,G.RF1,0,HK,0,5,1994,8,0
G.RF1.CSE025,19,G.RF1,0,HK,0,2,1994,8,0
G.RF1.CSE025,21,G.RF1,0,HK,0,4,1994,8,0
G.RF1.CSE025,22,G.RF1,0,HK,0,21,1994,8,0
G.RF1.CSE025,0,G.RF1,0,HK,0,7,1994,9,0
G.RF1.CSE025,1,G.RF1,0,HK,0,113,1994,9,0
G.RF1.CSE025,3,G.RF1,0,HK,2,157,1994,9,0
G.RF1.CSE025,4,G.RF1,0,HK,0,165,1994,9,0
G.RF1.CSE025,5,G.RF1,0,HK,0,1,1994,9,0
G.RF1.CSE025,6,G.RF1,0,HK,0,1,1994,9,0
G.RF1.CSE025,7,G.RF1,0,HK,0,21,1994,9,0
G.RF1.CSE025,9,G.RF1,0,HK,0,164,1994,9,0
G.RF1.CSE025,11,G.RF1,0,HK,0,61,1994,9,0
G.RF1.CSE025,12,G.RF1,0,HK,0,41,1994,9,0
G.RF1.CSE025,13,G.RF1,0,HK,0,160,1994,9,0
G.RF1.CSE025,15,G.RF1,0,HK,0,123,1994,9,0
G.RF1.CSE025,16,G.RF1,0,HK,0,8,1994,9,0
G.RF1.CSE025,17,G.RF1,0,HK,0,5,1994,9,0
G.RF1.CSE025,18,G.RF1,0,HK,0,33,1994,9,1
G.RF1.CSE025,19,G.RF1,0,HK,0,2,1994,9,0
G.RF1.CSE025,21,G.RF1,0,HK,0,4,1994,9,0
G.RF1.CSE025,22,G.RF1,0,HK,0,21,1994,9,0
G.RF1.CSE025,0,G.RF1,0,HK,0,7,1994,10,1
G.RF1.CSE025,1,G.RF1,0,HK,0,113,1994,10,0
G.RF1.CSE025,3,G.RF1,0,HK,3,157,1994,10,0
G.RF1.CSE025,4,G.RF1,0,HK,0,165,1994,10,0
G.RF1.CSE025,5,G.RF1,0,HK,0,1,1994,10,0
G.RF1.CSE025,6,G.RF1,0,HK,0,1,1994,10,0
G.RF1.CSE025,7,G.RF1,0,HK,0,21,1994,10,0
G.RF1.CSE025,9,G.RF1,0,HK,0,164,1994,10,0
G.RF1.CSE025,10,G.RF1,0,HK,4,150,1994,10,0
G.RF1.CSE025,11,G.RF1,0,HK,0,61,1994,10,0
G.RF1.CSE025,12,G.RF1,0,HK,0,41,1994,10,0
G.RF1.CSE025,13,G.RF1,0,HK,0,160,1994,10,0
G.RF1.CSE025,14,G.RF1,0,HK,0,60,1994,10,0
G.RF1.CSE025,15,G.RF1,0,HK,0,123,1994,10,0
G.RF1.CSE025,16,G.RF1,0,HK,0,8,1994,10,0
G.RF1.CSE025,17,G.RF1,0,HK,0,5,1994,10,0
G.RF1.CSE025,18,G.RF1,0,HK,0,33,1994,10,0
G.RF1.CSE025,19,G.RF1,0,HK,0,2,1994,10,0
G.RF1.CSE025,21,G.RF1,0,HK,0,4,1994,10,0
G.RF1.CSE025,22,G.RF1,0,HK,0,21,1994,10,0
G.RF1.CSE025,0,G.RF1,0,HK,0,7,1994,11,0
G.RF1.CSE025,1,G.RF1,0,HK,0,113,1994,11,0
G.RF1.CSE025,2,G.RF1,0,HK,1,182,1994,11,0
G.RF1.CSE025,3,G.RF1,0,HK,0,157,1994,11,0
G.RF1.CSE025,4,G.RF1,0,HK,0,165,1994,11,0
G.RF1.CSE025,5,G.RF1,0,HK,0,1,1994,11,0
G.RF1.CSE025,6,G.RF1,0,HK,0,1,1994,11,0
G.RF1.CSE025,7,G.RF1,0,HK,0,21,1994,11,0
G.RF1.CSE025,8,G.RF1,0,HK,0,153,1994,11,0
G.RF1.CSE025,9,G.RF1,0,HK,0,164,1994,11,0
G.RF1.CSE025,10,G.RF1,0,HK,2,150,1994,11,0
G.RF1.CSE025,11,G.RF1,1,HK,0,61,1994,11,0
G.RF1.CSE025,12,G.RF1,0,HK,0,41,1994,11,0
G.RF1.CSE025,13,G.RF1,0,HK,0,160,1994,11,0
G.RF1.CSE025,14,G.RF1,0,HK,0,60,1994,11,0
G.RF1.CSE025,15,G.RF1,0,HK,0,123,1994,11,0
G.RF1.CSE025,16,G.RF1,0,HK,0,8,1994,11,0
G.RF1.CSE025,17,G.RF1,0,HK,0,5,1994,11,0
G.RF1.CSE025,18,G.RF1,0,HK,0,33,1994,11,0
G.RF1.CSE025,19,G.RF1,0,HK,0,2,1994,11,0
G.RF1.CSE025,20,G.RF1,1,HK,0,66,1994,11,2
G.RF1.CSE025,21,G.RF1,0,HK,0,4,1994,11,0
G.RF1.CSE025,22,G.RF1,0,HK,0,21,1994,11,0
G.RF1.CSE025,9,G.RF1,0,HK,0,164,1995,1,0
G.RF1.CSE025,13,G.RF1,0,HK,0,160,1995,1,0
G.RF1.CSE025,9,G.RF1,0,HK,0,164,1995,2,0
G.RF1.CSE025,13,G.RF1,0,HK,0,160,1995,2,0
G.RF1.CSE025,14,G.RF1,0,HK,0,60,1995,2,0
G.RF1.CSE025,16,G.RF1,0,HK,0,8,1995,2,0
G.RF1.CSE025,5,G.RF1,0,HK,0,1,1995,3,0
G.RF1.CSE025,9,G.RF1,0,HK,0,164,1995,3,0
G.RF1.CSE025,13,G.RF1,0,HK,0,160,1995,3,0
G.RF1.CSE025,14,G.RF1,0,HK,0,60,1995,3,0
G.RF1.CSE025,15,G.RF1,0,HK,0,123,1995,3,0
G.RF1.CSE025,16,G.RF1,0,HK,0,8,1995,3,0
G.RF1.CSE025,1,G.RF1,0,HK,0,113,1995,4,0
G.RF1.CSE025,5,G.RF1,0,HK,0,1,1995,4,0
G.RF1.CSE025,9,G.RF1,0,HK,0,164,1995,4,0
G.RF1.CSE025,12,G.RF1,0,HK,0,41,1995,4,0
G.RF1.CSE025,13,G.RF1,0,HK,0,160,1995,4,0
G.RF1.CSE025,14,G.RF1,0,HK,0,60,1995,4,0
G.RF1.CSE025,15,G.RF1,0,HK,0,123,1995,4,0
G.RF1.CSE025,16,G.RF1,0,HK,0,8,1995,4,0
G.RF1.CSE025,1,G.RF1,0,HK,0,113,1995,5,0
G.RF1.CSE025,5,G.RF1,0,HK,0,1,1995,5,0
G.RF1.CSE025,8,G.RF1,0,HK,0,153,1995,5,0
G.RF1.CSE025,9,G.RF1,0,HK,0,164,1995,5,0
G.RF1.CSE025,12,G.RF1,0,HK,0,41,1995,5,0
G.RF1.CSE025,13,G.RF1,0,HK,0,160,1995,5,0
G.RF1.CSE025,14,G.RF1,0,HK,0,60,1995,5,0
G.RF1.CSE025,15,G.RF1,0,HK,0,123,1995,5,0
G.RF1.CSE025,16,G.RF1,0,HK,0,8,1995,5,0
G.RF1.CSE025,22,G.RF1,0,HK,0,21,1995,5,0
G.RF1.CSE025,1,G.RF1,0,HK,0,113,1995,6,0
G.RF1.CSE025,5,G.RF1,0,HK,0,1,1995,6,0
G.RF1.CSE025,8,G.RF1,0,HK,0,153,1995,6,0
G.RF1.CSE025,9,G.RF1,0,HK,0,164,1995,6,0
G.RF1.CSE025,12,G.RF1,0,HK,0,41,1995,6,0
G.RF1.CSE025,13,G.RF1,0,HK,1,160,1995,6,0
G.RF1.CSE025,14,G.RF1,0,HK,0,60,1995,6,0
G.RF1.CSE025,15,G.RF1,0,HK,0,123,1995,6,0
G.RF1.CSE025,16,G.RF1,0,HK,0,8,1995,6,0
G.RF1.CSE025,17,G.RF1,0,HK,0,5,1995,6,0
G.RF1.CSE025,19,G.RF1,0,HK,0,2,1995,6,0
G.RF1.CSE025,22,G.RF1,0,HK,0,21,1995,6,0
G.RF1.CSE025,1,G.RF1,0,HK,0,113,1995,7,0
G.RF1.CSE025,5,G.RF1,0,HK,0,1,1995,7,0
G.RF1.CSE025,6,G.RF1,0,HK,0,1,1995,7,0
G.RF1.CSE025,8,G.RF1,0,HK,0,153,1995,7,0
G.RF1.CSE025,9,G.RF1,0,HK,0,164,1995,7,0
G.RF1.CSE025,12,G.RF1,0,HK,0,41,1995,7,0
G.RF1.CSE025,13,G.RF1,0,HK,0,160,1995,7,0
G.RF1.CSE025,14,G.RF1,0,HK,0,60,1995,7,0
G.RF1.CSE025,15,G.RF1,0,HK,0,123,1995,7,0
G.RF1.CSE025,16,G.RF1,0,HK,0,8,1995,7,0
G.RF1.CSE025,17,G.RF1,0,HK,0,5,1995,7,0
G.RF1.CSE025,18,G.RF1,0,HK,0,33,1995,7,0
G.RF1.CSE025,19,G.RF1,0,HK,0,2,1995,7,0
G.RF1.CSE025,22,G.RF1,0,HK,0,21,1995,7,0
G.RF1.CSE025,0,G.RF1,0,HK,0,7,1995,8,0
G.RF1.CSE025,1,G.RF1,0,HK,0,113,1995,8,0
G.RF1.CSE025,5,G.RF1,0,HK,0,1,1995,8,0
G.RF1.CSE025,6,G.RF1,0,HK,0,1,1995,8,0
G.RF1.CSE025,8,G.RF1,0,HK,0,153,1995,8,0
G.RF1.CSE025,9,G.RF1,0,HK,0,164,1995,8,0
G.RF1.CSE025,12,G.RF1,0,HK,0,41,1995,8,0
G.RF1.CSE025,13,G.RF1,0,HK,0,160,1995,8,0
G.RF1.CSE025,14,G.RF1,0,HK,0,60,1995,8,0
G.RF1.CSE025,15,G.RF1,0,HK,0,123,1995,8,0
G.RF1.CSE025,16,G.RF1,0,HK,0,8,1995,8,0
G.RF1.CSE025,17,G.RF1,0,HK,0,5,1995,8,0
G.RF1.CSE025,18,G.RF1,1,HK,0,33,1995,8,0
G.RF1.CSE025,19,G.RF1,0,HK,0,2,1995,8,0
G.RF1.CSE025,20,G.RF1,0,HK,0,66,1995,8,0
G.RF1.CSE025,22,G.RF1,0,HK,0,21,1995,8,0
G.RF1.CSE025,0,G.RF1,0,HK,0,7,1995,9,0
G.RF1.CSE025,1,G.RF1,0,HK,0,113,1995,9,0
G.RF1.CSE025,3,G.RF1,0,HK,0,157,1995,9,0
G.RF1.CSE025,5,G.RF1,0,HK,0,1,1995,9,0
G.RF1.CSE025,6,G.RF1,0,HK,0,1,1995,9,0
G.RF1.CSE025,8,G.RF1,0,HK,0,153,1995,9,0
G.RF1.CSE025,9,G.RF1,0,HK,0,164,1995,9,0
G.RF1.CSE025,11,G.RF1,2,HK,0,61,1995,9,0
G.RF1.CSE025,12,G.RF1,0,HK,1,41,1995,9,0
G.RF1.CSE025,13,G.RF1,0,HK,0,160,1995,9,0
G.RF1.CSE025,14,G.RF1,0,HK,0,60,1995,9,0
G.RF1.CSE025,15,G.RF1,0,HK,0,123,1995,9,0
G.RF1.CSE025,16,G.RF1,0,HK,0,8,1995,9,0
G.RF1.CSE025,17,G.RF1,0,HK,0,5,1995,9,0
G.RF1.CSE025,18,G.RF1,0,HK,0,33,1995,9,0
G.RF1.CSE025,19,G.RF1,0,HK,0,2,1995,9,0
G.RF1.CSE025,20,G.RF1,0,HK,1,66,1995,9,0
G.RF1.CSE025,22,G.RF1,0,HK,1,21,1995,9,0
G.RF1.CSE025,0,G.RF1,0,HK,0,7,1995,10,0
G.RF1.CSE025,1,G.RF1,0,HK,0,113,1995,10,0
G.RF1.CSE025,2,G.RF1,0,HK,0,182,1995,10,0
G.RF1.CSE025,3,G.RF1,0,HK,0,157,1995,10,0
G.RF1.CSE025,5,G.RF1,0,HK,0,1,1995,10,0
G.RF1.CSE025,6,G.RF1,0,HK,0,1,1995,10,0
G.RF1.CSE025,8,G.RF1,0,HK,0,153,1995,10,0
G.RF1.CSE025,9,G.RF1,0,HK,0,164,1995,10,0
G.RF1.CSE025,11,G.RF1,0,HK,0,61,1995,10,0
G.RF1.CSE025,12,G.RF1,0,HK,0,41,1995,10,0
G.RF1.CSE025,13,G.RF1,0,HK,0,160,1995,10,1
G.RF1.CSE025,14,G.RF1,0,HK,0,60,1995,10,0
G.RF1.CSE025,15,G.RF1,0,HK,0,123,1995,10,0
G.RF1.CSE025,16,G.RF1,0,HK,0,8,1995,10,0
G.RF1.CSE025,17,G.RF1,0,HK,0,5,1995,10,0
G.RF1.CSE025,18,G.RF1,0,HK,0,33,1995,10,0
G.RF1.CSE025,19,G.RF1,0,HK,0,2,1995,10,0
G.RF1.CSE025,20,G.RF1,0,HK,0,66,1995,10,0
G.RF1.CSE025,21,G.RF1,0,HK,0,4,1995,10,0
G.RF1.CSE025,22,G.RF1,0,HK,0,21,1995,10,0
G.RF1.CSE025,0,G.RF1,0,HK,0,7,1995,11,0
G.RF1.CSE025,1,G.RF1,0,HK,0,113,1995,11,0
G.RF1.CSE025,2,G.RF1,0,HK,0,182,1995,11,0
G.RF1.CSE025,3,G.RF1,0,HK,1,157,1995,11,0
G.RF1.CSE025,4,G.RF1,0,HK,0,165,1995,11,0
G.RF1.CSE025,5,G.RF1,0,HK,0,1,1995,11,0
G.RF1.CSE025,6,G.RF1,0,HK,0,1,1995,11,0
G.RF1.CSE025,7,G.RF1,0,HK,0,21,1995,11,0
G.RF1.CSE025,8,G.RF1,0,HK,0,153,1995,11,0
G.RF1.CSE025,9,G.RF1,0,HK,0,164,1995,11,0
G.RF1.CSE025,10,G.RF1,0,HK,3,150,1995,11,0
G.RF1.CSE025,11,G.RF1,2,HK,0,61,1995,11,0
G.RF1.CSE025,12,G.RF1,0,HK,0,41,1995,11,0
G.RF1.CSE025,13,G.RF1,0,HK,0,160,1995,11,0
G.RF1.CSE025,14,G.RF1,0,HK,0,60,1995,11,0
G.RF1.CSE025,15,G.RF1,0,HK,0,123,1995,11,0
G.RF1.CSE025,16,G.RF1,0,HK,0,8,1995,11,1
G.RF1.CSE025,17,G.RF1,0,HK,0,5,1995,11,0
G.RF1.CSE025,18,G.RF1,1,HK,0,33,1995,11,0
G.RF1.CSE025,19,G.RF1,0,HK,0,2,1995,11,0
G.RF1.CSE025,20,G.RF1,0,HK,1,66,1995,11,0
G.RF1.CSE025,21,G.RF1,0,HK,0,4,1995,11,0
G.RF1.CSE025,22,G.RF1,0,HK,0,21,1995,11,0
G.RF2.CSE1,0,G.RF2,0,HK,0,7,1993,1,0
G.RF2.CSE1,4,G.RF2,0,HK,0,165,1993,1,0
G.RF2.CSE1,0,G.RF2,0,HK,0,7,1993,2,0
G.RF2.CSE1,4,G.RF2,0,HK,0,165,1993,2,0
G.RF2.CSE1,8,G.RF2,0,HK,0,153,1993,2,0
G.RF2.CSE1,12,G.RF2,0,HK,0,41,1993,2,0
G.RF2.CSE1,0,G.RF2,0,HK,0,7,1993,3,0
G.RF2.CSE1,2,G.RF2,0,HK,0,182,1993,3,0
G.RF2.CSE1,4,G.RF2,0,HK,0,165,1993,3,0
G.RF2.CSE1,8,G.RF2,0,HK,0,153,1993,3,0
G.RF2.CSE1,11,G.RF2,0,HK,0,61,1993,3,0
G.RF2.CSE1,12,G.RF2,0,HK,0,41,1993,3,1
G.RF2.CSE1,0,G.RF2,0,HK,0,7,1993,4,0
G.RF2.CSE1,2,G.RF2,0,HK,0,182,1993,4,0
G.RF2.CSE1,3,G.RF2,0,HK,6,157,1993,4,0
G.RF2.CSE1,4,G.RF2,5,HK,0,165,1993,4,0
G.RF2.CSE1,8,G.RF2,0,HK,0,153,1993,4,0
G.RF2.CSE1,11,G.RF2,3,HK,0,61,1993,4,0
G.RF2.CSE1,12,G.RF2,0,HK,0,41,1993,4,1
G.RF2.CSE1,17,G.RF2,0,HK,0,5,1993,4,0
G.RF2.CSE1,0,G.RF2,0,HK,0,7,1993,5,0
G.RF2.CSE1,2,G.RF2,0,HK,0,182,1993,5,0
G.RF2.CSE1,3,G.RF2,0,HK,9,157,1993,5,0
G.RF2.CSE1,4,G.RF2,6,HK,1,165,1993,5,0
G.RF2.CSE1,8,G.RF2,1,HK,0,153,1993,5,0
G.RF2.CSE1,11,G.RF2,4,HK,0,61,1993,5,0
G.RF2.CSE1,12,G.RF2,0,HK,0,41,1993,5,0
G.RF2.CSE1,16,G.RF2,0,HK,0,8,1993,5,0
G.RF2.CSE1,17,G.RF2,0,HK,0,5,1993,5,0
G.RF2.CSE1,21,G.RF2,0,HK,0,4,1993,5,0
G.RF2.CSE1,0,G.RF2,0,HK,0,7,1993,6,1
G.RF2.CSE1,2,G.RF2,0,HK,0,182,1993,6,0
G.RF2.CSE1,3,G.RF2,0,HK,10,157,1993,6,0
G.RF2.CSE1,4,G.RF2,4,HK,0,165,1993,6,1
G.RF2.CSE1,8,G.RF2,0,HK,0,153,1993,6,0
G.RF2.CSE1,11,G.RF2,4,HK,0,61,1993,6,0
G.RF2.CSE1,12,G.RF2,0,HK,0,41,1993,6,0
G.RF2.CSE1,13,G.RF2,0,HK,0,160,1993,6,0
G.RF2.CSE1,16,G.RF2,0,HK,1,8,1993,6,0
G.RF2.CSE1,17,G.RF2,0,HK,0,5,1993,6,0
G.RF2.CSE1,21,G.RF2,0,HK,0,4,1993,6,0
G.RF2.CSE1,22,G.RF2,0,HK,0,21,1993,6,0
G.RF2.CSE1,0,G.RF2,0,HK,0,7,1993,7,1
G.RF2.CSE1,2,G.RF2,0,HK,0,182,1993,7,0
G.RF2.CSE1,3,G.RF2,0,HK,11,157,1993,7,0
G.RF2.CSE1,4,G.RF2,6,HK,0,165,1993,7,1
G.RF2.CSE1,8,G.RF2,0,HK,0,153,1993,7,0
G.RF2.CSE1,11,G.RF2,4,HK,0,61,1993,7,0
G.RF2.CSE1,12,G.RF2,0,HK,0,41,1993,7,0
G.RF2.CSE1,13,G.RF2,0,HK,0,160,1993,7,1
G.RF2.CSE1,14,G.RF2,0,HK,0,60,1993,7,0
G.RF2.CSE1,16,G.RF2,0,HK,1,8,1993,7,0
G.RF2.CSE1,17,G.RF2,0,HK,0,5,1993,7,1
G.RF2.CSE1,18,G.RF2,0,HK,1,33,1993,7,2
G.RF2.CSE1,21,G.RF2,0,HK,0,4,1993,7,0
G.RF2.CSE1,22,G.RF2,0,HK,0,21,1993,7,0
G.RF2.CSE1,0,G.RF2,0,HK,0,7,1993,8,1
G.RF2.CSE1,2,G.RF2,0,HK,0,182,1993,8,0
G.RF2.CSE1,3,G.RF2,0,HK,15,157,1993,8,0
G.RF2.CSE1,4,G.RF2,4,HK,0,165,1993,8,1
G.RF2.CSE1,8,G.RF2,1,HK,0,153,1993,8,0
G.RF2.CSE1,9,G.RF2,0,HK,0,164,1993,8,0
G.RF2.CSE1,11,G.RF2,6,HK,0,61,1993,8,0
G.RF2.CSE1,12,G.RF2,0,HK,0,41,1993,8,1
G.RF2.CSE1,13,G.RF2,0,HK,0,160,1993,8,1
G.RF2.CSE1,14,G.RF2,0,HK,1,60,1993,8,0
G.RF2.CSE1,16,G.RF2,0,HK,1,8,1993,8,0
G.RF2.CSE1,17,G.RF2,0,HK,0,5,1993,8,1
G.RF2.CSE1,18,G.RF2,0,HK,0,33,1993,8,1
G.RF2.CSE1,19,G.RF2,0,HK,0,2,1993,8,0
G.RF2.CSE1,21,G.RF2,0,HK,0,4,1993,8,0
G.RF2.CSE1,22,G.RF2,0,HK,0,21,1993,8,0
G.RF2.CSE1,0,G.RF2,0,HK,0,7,1993,9,1
G.RF2.CSE1,2,G.RF2,0,HK,0,182,1993,9,0
G.RF2.CSE1,3,G.RF2,0,HK,16,157,1993,9,0
G.RF2.CSE1,4,G.RF2,6,HK,0,165,1993,9,1
G.RF2.CSE1,6,G.RF2,0,HK,0,1,1993,9,0
G.RF2.CSE1,8,G.RF2,1,HK,1,153,1993,9,0
G.RF2.CSE1,9,G.RF2,0,HK,0,164,1993,9,0
G.RF2.CSE1,11,G.RF2,9,HK,0,61,1993,9,0
G.RF2.CSE1,12,G.RF2,0,HK,0,41,1993,9,1
G.RF2.CSE1,13,G.RF2,0,HK,0,160,1993,9,1
G.RF2.CSE1,14,G.RF2,0,HK,0,60,1993,9,0
G.RF2.CSE1,15,G.RF2,0,HK,0,123,1993,9,0
G.RF2.CSE1,16,G.RF2,0,HK,1,8,1993,9,0
G.RF2.CSE1,17,G.RF2,1,HK,0,5,1993,9,0
G.RF2.CSE1,18,G.RF2,0,HK,0,33,1993,9,3
G.RF2.CSE1,19,G.RF2,0,HK,0,2,1993,9,0
G.RF2.CSE1,21,G.RF2,0,HK,0,4,1993,9,0
G.RF2.CSE1,22,G.RF2,0,HK,0,21,1993,9,0
G.RF2.CSE1,0,G.RF2,0,HK,0,7,1993,10,1
G.RF2.CSE1,2,G.RF2,0,HK,0,182,1993,10,0
G.RF2.CSE1,3,G.RF2,0,HK,18,157,1993,10,0
G.RF2.CSE1,4,G.RF2,7,HK,0,165,1993,10,1
G.RF2.CSE1,5,G.RF2,0,HK,0,1,1993,10,0
G.RF2.CSE1,6,G.RF2,0,HK,0,1,1993,10,0
G.RF2.CSE1,8,G.RF2,0,HK,0,153,1993,10,0
G.RF2.CSE1,9,G.RF2,0,HK,0,164,1993,10,0
G.RF2.CSE1,11,G.RF2,8,HK,0,61,1993,10,0
G.RF2.CSE1,12,G.RF2,0,HK,0,41,1993,10,1
G.RF2.CSE1,13,G.RF2,0,HK,0,160,1993,10,1
G.RF2.CSE1,14,G.RF2,0,HK,0,60,1993,10,0
G.RF2.CSE1,15,G.RF2,0,HK,0,123,1993,10,0
G.RF2.CSE1,16,G.RF2,0,HK,1,8,1993,10,0
G.RF2.CSE1,17,G.RF2,1,HK,0,5,1993,10,0
G.RF2.CSE1,18,G.RF2,1,HK,1,33,1993,10,1
G.RF2.CSE1,19,G.RF2,0,HK,0,2,1993,10,0
G.RF2.CSE1,20,G.RF2,0,HK,0,66,1993,10,3
G.RF2.CSE1,21,G.RF2,0,HK,0,4,1993,10,0
G.RF2.CSE1,22,G.RF2,0,HK,0,21,1993,10,0
G.RF2.CSE1,0,G.RF2,0,HK,0,7,1993,11,1
G.RF2.CSE1,1,G.RF2,2,HK,0,113,1993,11,0
G.RF2.CSE1,2,G.RF2,0,HK,1,182,1993,11,0
G.RF2.CSE1,3,G.RF2,0,HK,18,157,1993,11,0
G.RF2.CSE1,4,G.RF2,7,HK,0,165,1993,11,1
G.RF2.CSE1,5,G.RF2,0,HK,0,1,1993,11,0
G.RF2.CSE1,6,G.RF2,0,HK,0,1,1993,11,0
G.RF2.CSE1,7,G.RF2,0,HK,0,21,1993,11,0
G.RF2.CSE1,8,G.RF2,1,HK,0,153,1993,11,0
G.RF2.CSE1,9,G.RF2,0,HK,0,164,1993,11,0
G.RF2.CSE1,10,G.RF2,0,HK,8,150,1993,11,6
G.RF2.CSE1,11,G.RF2,11,HK,0,61,1993,11,1
G.RF2.CSE1,12,G.RF2,0,HK,0,41,1993,11,1
G.RF2.CSE1,13,G.RF2,0,HK,0,160,1993,11,2
G.RF2.CSE1,14,G.RF2,0,HK,0,60,1993,11,0
G.RF2.CSE1,15,G.RF2,0,HK,0,123,1993,11,0
G.RF2.CSE1,16,G.RF2,0,HK,1,8,1993,11,0
G.RF2.CSE1,17,G.RF2,0,HK,0,5,1993,11,0
G.RF2.CSE1,18,G.RF2,1,HK,1,33,1993,11,4
G.RF2.CSE1,19,G.RF2,0,HK,0,2,1993,11,0
G.RF2.CSE1,20,G.RF2,0,HK,2,66,1993,11,7
G.RF2.CSE1,21,G.RF2,0,HK,0,4,1993,11,0
G.RF2.CSE1,22,G.RF2,0,HK,0,21,1993,11,1
G.RF2.CSE1,16,G.RF2,0,HK,0,8,1994,1,0
G.RF2.CSE1,22,G.RF2,0,HK,0,21,1994,1,0
G.RF2.CSE1,12,G.RF2,0,HK,0,41,1994,2,0
G.RF2.CSE1,13,G.RF2,0,HK,1,160,1994,2,0
G.RF2.CSE1,16,G.RF2,1,HK,0,8,1994,2,0
G.RF2.CSE1,22,G.RF2,0,HK,0,21,1994,2,0
G.RF2.CSE1,4,G.RF2,0,HK,0,165,1994,3,0
G.RF2.CSE1,12,G.RF2,0,HK,0,41,1994,3,0
G.RF2.CSE1,13,G.RF2,0,HK,0,160,1994,3,0
G.RF2.CSE1,16,G.RF2,0,HK,0,8,1994,3,0
G.RF2.CSE1,21,G.RF2,0,HK,0,4,1994,3,0
G.RF2.CSE1,22,G.RF2,0,HK,0,21,1994,3,0
G.RF2.CSE1,4,G.RF2,0,HK,0,165,1994,4,0
G.RF2.CSE1,12,G.RF2,0,HK,0,41,1994,4,0
G.RF2.CSE1,13,G.RF2,0,HK,0,160,1994,4,0
G.RF2.CSE1,16,G.RF2,0,HK,0,8,1994,4,0
G.RF2.CSE1,17,G.RF2,1,HK,0,5,1994,4,0
G.RF2.CSE1,19,G.RF2,0,HK,0,2,1994,4,1
G.RF2.CSE1,21,G.RF2,0,HK,0,4,1994,4,0
G.RF2.CSE1,22,G.RF2,0,HK,0,21,1994,4,0
G.RF2.CSE1,4,G.RF2,0,HK,0,165,1994,5,0
G.RF2.CSE1,6,G.RF2,0,HK,0,1,1994,5,0
G.RF2.CSE1,11,G.RF2,2,HK,0,61,1994,5,0
G.RF2.CSE1,12,G.RF2,0,HK,0,41,1994,5,0
G.RF2.CSE1,13,G.RF2,0,HK,1,160,1994,5,0
G.RF2.CSE1,16,G.RF2,0,HK,1,8,1994,5,0
G.RF2.CSE1,17,G.RF2,1,HK,0,5,1994,5,0
G.RF2.CSE1,19,G.RF2,0,HK,0,2,1994,5,1
G.RF2.CSE1,21,G.RF2,0,HK,0,4,1994,5,0
G.RF2.CSE1,22,G.RF2,0,HK,0,21,1994,5,0
G.RF2.CSE1,3,G.RF2,0,HK,3,157,1994,6,0
G.RF2.CSE1,4,G.RF2,4,HK,0,165,1994,6,0
G.RF2.CSE1,6,G.RF2,0,HK,0,1,1994,6,0
G.RF2.CSE1,11,G.RF2,1,HK,0,61,1994,6,0
G.RF2.CSE1,12,G.RF2,0,HK,0,41,1994,6,0
G.RF2.CSE1,13,G.RF2,0,HK,0,160,1994,6,1
G.RF2.CSE1,15,G.RF2,0,HK,0,123,1994,6,0
G.RF2.CSE1,16,G.RF2,0,HK,1,8,1994,6,0
G.RF2.CSE1,17,G.RF2,0,HK,0,5,1994,6,0
G.RF2.CSE1,19,G.RF2,0,HK,0,2,1994,6,0
G.RF2.CSE1,21,G.RF2,0,HK,0,4,1994,6,0
G.RF2.CSE1,22,G.RF2,0,HK,0,21,1994,6,0
G.RF2.CSE1,0,G.RF2,0,HK,0,7,1994,7,0
G.RF2.CSE1,3,G.RF2,0,HK,1,157,1994,7,0
G.RF2.CSE1,4,G.RF2,4,HK,0,165,1994,7,0
G.RF2.CSE1,6,G.RF2,0,HK,0,1,1994,7,0
G.RF2.CSE1,9,G.RF2,0,HK,0,164,1994,7,0
G.RF2.CSE1,11,G.RF2,3,HK,0,61,1994,7,0
G.RF2.CSE1,12,G.RF2,0,HK,0,41,1994,7,0
G.RF2.CSE1,13,G.RF2,0,HK,0,160,1994,7,0
G.RF2.CSE1,15,G.RF2,0,HK,0,123,1994,7,0
G.RF2.CSE1,16,G.RF2,0,HK,2,8,1994,7,0
G.RF2.CSE1,17,G.RF2,0,HK,0,5,1994,7,0
G.RF2.CSE1,19,G.RF2,0,HK,0,2,1994,7,0
G.RF2.CSE1,21,G.RF2,0,HK,0,4,1994,7,0
G.RF2.CSE1,22,G.RF2,0,HK,0,21,1994,7,0
G.RF2.CSE1,0,G.RF2,0,HK,0,7,1994,8,0
G.RF2.CSE1,3,G.RF2,0,HK,1,157,1994,8,0
G.RF2.CSE1,4,G.RF2,3,HK,0,165,1994,8,0
G.RF2.CSE1,5,G.RF2,0,HK,0,1,1994,8,0
G.RF2.CSE1,6,G.RF2,0,HK,0,1,1994,8,0
G.RF2.CSE1,7,G.RF2,0,HK,0,21,1994,8,0
G.RF2.CSE1,9,G.RF2,0,HK,0,164,1994,8,0
G.RF2.CSE1,11,G.RF2,2,HK,0,61,1994,8,0
G.RF2.CSE1,12,G.RF2,0,HK,0,41,1994,8,0
G.RF2.CSE1,13,G.RF2,0,HK,0,160,1994,8,0
G.RF2.CSE1,15,G.RF2,0,HK,0,123,1994,8,0
G.RF2.CSE1,16,G.RF2,0,HK,1,8,1994,8,0
G.RF2.CSE1,17,G.RF2,0,HK,0,5,1994,8,0
G.RF2.CSE1,19,G.RF2,0,HK,0,2,1994,8,0
G.RF2.CSE1,21,G.RF2,0,HK,0,4,1994,8,0
G.RF2.CSE1,22,G.RF2,0,HK,0,21,1994,8,0
G.RF2.CSE1,0,G.RF2,0,HK,0,7,1994,9,0
G.RF2.CSE1,1,G.RF2,0,HK,0,113,1994,9,0
G.RF2.CSE1,3,G.RF2,0,HK,3,157,1994,9,0
G.RF2.CSE1,4,G.RF2,6,HK,0,165,1994,9,0
G.RF2.CSE1,5,G.RF2,0,HK,0,1,1994,9,0
G.RF2.CSE1,6,G.RF2,0,HK,0,1,1994,9,0
G.RF2.CSE1,7,G.RF2,0,HK,0,21,1994,9,0
G.RF2.CSE1,9,G.RF2,0,HK,0,164,1994,9,0
G.RF2.CSE1,11,G.RF2,1,HK,0,61,1994,9,0
G.RF2.CSE1,12,G.RF2,0,HK,0,41,1994,9,0
G.RF2.CSE1,13,G.RF2,0,HK,0,160,1994,9,2
G.RF2.CSE1,15,G.RF2,0,HK,0,123,1994,9,0
G.RF2.CSE1,16,G.RF2,0,HK,1,8,1994,9,0
G.RF2.CSE1,17,G.RF2,1,HK,0,5,1994,9,0
G.RF2.CSE1,18,G.RF2,1,HK,0,33,1994,9,0
G.RF2.CSE1,19,G.RF2,0,HK,0,2,1994,9,0
G.RF2.CSE1,21,G.RF2,0,HK,0,4,1994,9,0
G.RF2.CSE1,22,G.RF2,0,HK,0,21,1994,9,0
G.RF2.CSE1,0,G.RF2,0,HK,0,7,1994,10,0
G.RF2.CSE1,1,G.RF2,0,HK,0,113,1994,10,0
G.RF2.CSE1,3,G.RF2,0,HK,4,157,1994,10,0
G.RF2.CSE1,4,G.RF2,6,HK,0,165,1994,10,0
G.RF2.CSE1,5,G.RF2,0,HK,0,1,1994,10,0
G.RF2.CSE1,6,G.RF2,0,HK,0,1,1994,10,0
G.RF2.CSE1,7,G.RF2,0,HK,0,21,1994,10,0
G.RF2.CSE1,9,G.RF2,0,HK,0,164,1994,10,0
G.RF2.CSE1,10,G.RF2,0,HK,7,150,1994,10,1
G.RF2.CSE1,11,G.RF2,6,HK,0,61,1994,10,1
G.RF2.CSE1,12,G.RF2,0,HK,1,41,1994,10,0
G.RF2.CSE1,13,G.RF2,0,HK,0,160,1994,10,1
G.RF2.CSE1,14,G.RF2,0,HK,0,60,1994,10,0
G.RF2.CSE1,15,G.RF2,0,HK,0,123,1994,10,0
G.RF2.CSE1,16,G.RF2,0,HK,0,8,1994,10,0
G.RF2.CSE1,17,G.RF2,0,HK,0,5,1994,10,0
G.RF2.CSE1,18,G.RF2,1,HK,1,33,1994,10,0
G.RF2.CSE1,19,G.RF2,0,HK,0,2,1994,10,0
G.RF2.CSE1,21,G.RF2,0,HK,0,4,1994,10,0
G.RF2.CSE1,22,G.RF2,0,HK,0,21,1994,10,0
G.RF2.CSE1,0,G.RF2,0,HK,0,7,1994,11,0
G.RF2.CSE1,1,G.RF2,0,HK,0,113,1994,11,0
G.RF2.CSE1,2,G.RF2,0,HK,2,182,1994,11,0
G.RF2.CSE1,3,G.RF2,0,HK,5,157,1994,11,0
G.RF2.CSE1,4,G.RF2,4,HK,0,165,1994,11,0
G.RF2.CSE1,5,G.RF2,0,HK,0,1,1994,11,0
G.RF2.CSE1,6,G.RF2,0,HK,0,1,1994,11,0
G.RF2.CSE1,7,G.RF2,0,HK,0,21,1994,11,0
G.RF2.CSE1,8,G.RF2,0,HK,0,153,1994,11,0
G.RF2.CSE1,9,G.RF2,0,HK,0,164,1994,11,0
G.RF2.CSE1,10,G.RF2,0,HK,3,150,1994,11,2
G.RF2.CSE1,11,G.RF2,5,HK,0,61,1994,11,1
G.RF2.CSE1,12,G.RF2,0,HK,0,41,1994,11,0
G.RF2.CSE1,13,G.RF2,0,HK,0,160,1994,11,0
G.RF2.CSE1,14,G.RF2,0,HK,0,60,1994,11,0
G.RF2.CSE1,15,G.RF2,0,HK,0,123,1994,11,0
G.RF2.CSE1,16,G.RF2,0,HK,0,8,1994,11,0
G.RF2.CSE1,17,G.RF2,0,HK,0,5,1994,11,0
G.RF2.CSE1,18,G.RF2,2,HK,1,33,1994,11,0
G.RF2.CSE1,19,G.RF2,0,HK,0,2,1994,11,0
G.RF2.CSE1,20,G.RF2,0,HK,1,66,1994,11,1
G.RF2.CSE1,21,G.RF2,0,HK,0,4,1994,11,0
G.RF2.CSE1,22,G.RF2,0,HK,0,21,1994,11,0
G.RF2.CSE1,9,G.RF2,0,HK,0,164,1995,1,0
G.RF2.CSE1,13,G.RF2,0,HK,0,160,1995,1,0
G.RF2.CSE1,9,G.RF2,0,HK,0,164,1995,2,0
G.RF2.CSE1,13,G.RF2,0,HK,0,160,1995,2,0
G.RF2.CSE1,14,G.RF2,0,HK,0,60,1995,2,0
G.RF2.CSE1,16,G.RF2,0,HK,0,8,1995,2,0
G.RF2.CSE1,5,G.RF2,0,HK,0,1,1995,3,0
G.RF2.CSE1,9,G.RF2,0,HK,0,164,1995,3,0
G.RF2.CSE1,13,G.RF2,0,HK,0,160,1995,3,0
G.RF2.CSE1,14,G.RF2,0,HK,0,60,1995,3,0
G.RF2.CSE1,15,G.RF2,0,HK,0,123,1995,3,0
G.RF2.CSE1,16,G.RF2,0,HK,0,8,1995,3,0
G.RF2.CSE1,1,G.RF2,0,HK,0,113,1995,4,0
G.RF2.CSE1,5,G.RF2,0,HK,0,1,1995,4,0
G.RF2.CSE1,9,G.RF2,0,HK,0,164,1995,4,0
G.RF2.CSE1,12,G.RF2,0,HK,0,41,1995,4,0
G.RF2.CSE1,13,G.RF2,0,HK,0,160,1995,4,0
G.RF2.CSE1,14,G.RF2,0,HK,0,60,1995,4,0
G.RF2.CSE1,15,G.RF2,0,HK,0,123,1995,4,0
G.RF2.CSE1,16,G.RF2,0,HK,0,8,1995,4,0
G.RF2.CSE1,1,G.RF2,0,HK,0,113,1995,5,0
G.RF2.CSE1,5,G.RF2,0,HK,0,1,1995,5,0
G.RF2.CSE1,8,G.RF2,0,HK,0,153,1995,5,0
G.RF2.CSE1,9,G.RF2,0,HK,0,164,1995,5,0
G.RF2.CSE1,12,G.RF2,0,HK,0,41,1995,5,0
G.RF2.CSE1,13,G.RF2,0,HK,1,160,1995,5,0
G.RF2.CSE1,14,G.RF2,0,HK,0,60,1995,5,0
G.RF2.CSE1,15,G.RF2,0,HK,0,123,1995,5,0
G.RF2.CSE1,16,G.RF2,0,HK,0,8,1995,5,0
G.RF2.CSE1,22,G.RF2,0,HK,0,21,1995,5,0
G.RF2.CSE1,1,G.RF2,0,HK,0,113,1995,6,0
G.RF2.CSE1,5,G.RF2,0,HK,0,1,1995,6,0
G.RF2.CSE1,8,G.RF2,0,HK,0,153,1995,6,0
G.RF2.CSE1,9,G.RF2,0,HK,0,164,1995,6,0
G.RF2.CSE1,12,G.RF2,0,HK,0,41,1995,6,0
G.RF2.CSE1,13,G.RF2,0,HK,0,160,1995,6,1
G.RF2.CSE1,14,G.RF2,0,HK,0,60,1995,6,0
G.RF2.CSE1,15,G.RF2,0,HK,0,123,1995,6,0
G.RF2.CSE1,16,G.RF2,0,HK,0,8,1995,6,0
G.RF2.CSE1,17,G.RF2,0,HK,0,5,1995,6,0
G.RF2.CSE1,19,G.RF2,0,HK,0,2,1995,6,0
G.RF2.CSE1,22,G.RF2,0,HK,0,21,1995,6,0
G.RF2.CSE1,1,G.RF2,0,HK,0,113,1995,7,0
G.RF2.CSE1,5,G.RF2,0,HK,0,1,1995,7,0
G.RF2.CSE1,6,G.RF2,0,HK,0,1,1995,7,0
G.RF2.CSE1,8,G.RF2,0,HK,0,153,1995,7,0
G.RF2.CSE1,9,G.RF2,0,HK,0,164,1995,7,0
G.RF2.CSE1,12,G.RF2,0,HK,0,41,1995,7,0
G.RF2.CSE1,13,G.RF2,0,HK,0,160,1995,7,0
G.RF2.CSE1,14,G.RF2,0,HK,0,60,1995,7,0
G.RF2.CSE1,15,G.RF2,0,HK,0,123,1995,7,0
G.RF2.CSE1,16,G.RF2,0,HK,0,8,1995,7,0
G.RF2.CSE1,17,G.RF2,0,HK,0,5,1995,7,0
G.RF2.CSE1,18,G.RF2,0,HK,0,33,1995,7,1
G.RF2.CSE1,19,G.RF2,0,HK,0,2,1995,7,0
G.RF2.CSE1,22,G.RF2,0,HK,0,21,1995,7,0
G.RF2.CSE1,0,G.RF2,0,HK,0,7,1995,8,0
G.RF2.CSE1,1,G.RF2,0,HK,0,113,1995,8,0
G.RF2.CSE1,5,G.RF2,0,HK,0,1,1995,8,0
G.RF2.CSE1,6,G.RF2,0,HK,0,1,1995,8,0
G.RF2.CSE1,8,G.RF2,0,HK,0,153,1995,8,0
G.RF2.CSE1,9,G.RF2,0,HK,0,164,1995,8,0
G.RF2.CSE1,12,G.RF2,0,HK,0,41,1995,8,0
G.RF2.CSE1,13,G.RF2,0,HK,1,160,1995,8,0
G.RF2.CSE1,14,G.RF2,0,HK,0,60,1995,8,0
G.RF2.CSE1,15,G.RF2,0,HK,0,123,1995,8,0
G.RF2.CSE1,16,G.RF2,0,HK,0,8,1995,8,0
G.RF2.CSE1,17,G.RF2,0,HK,0,5,1995,8,0
G.RF2.CSE1,18,G.RF2,1,HK,0,33,1995,8,0
G.RF2.CSE1,19,G.RF2,0,HK,0,2,1995,8,0
G.RF2.CSE1,20,G.RF2,0,HK,2,66,1995,8,1
G.RF2.CSE1,22,G.RF2,0,HK,0,21,1995,8,0
G.RF2.CSE1,0,G.RF2,0,HK,1,7,1995,9,0
G.RF2.CSE1,1,G.RF2,0,HK,0,113,1995,9,0
G.RF2.CSE1,3,G.RF2,0,HK,0,157,1995,9,0
G.RF2.CSE1,5,G.RF2,0,HK,0,1,1995,9,0
G.RF2.CSE1,6,G.RF2,0,HK,0,1,1995,9,0
G.RF2.CSE1,8,G.RF2,0,HK,0,153,1995,9,0
G.RF2.CSE1,9,G.RF2,0,HK,0,164,1995,9,0
G.RF2.CSE1,11,G.RF2,4,HK,0,61,1995,9,0
G.RF2.CSE1,12,G.RF2,0,HK,1,41,1995,9,1
G.RF2.CSE1,13,G.RF2,0,HK,0,160,1995,9,1
G.RF2.CSE1,14,G.RF2,0,HK,0,60,1995,9,0
G.RF2.CSE1,15,G.RF2,0,HK,0,123,1995,9,0
G.RF2.CSE1,16,G.RF2,0,HK,0,8,1995,9,0
G.RF2.CSE1,17,G.RF2,0,HK,0,5,1995,9,0
G.RF2.CSE1,18,G.RF2,0,HK,0,33,1995,9,0
G.RF2.CSE1,19,G.RF2,0,HK,0,2,1995,9,0
G.RF2.CSE1,20,G.RF2,0,HK,1,66,1995,9,0
G.RF2.CSE1,22,G.RF2,0,HK,0,21,1995,9,0
G.RF2.CSE1,0,G.RF2,0,HK,0,7,1995,10,0
G.RF2.CSE1,1,G.RF2,0,HK,0,113,1995,10,0
G.RF2.CSE1,2,G.RF2,0,HK,0,182,1995,10,0
G.RF2.CSE1,3,G.RF2,0,HK,0,157,1995,10,0
G.RF2.CSE1,5,G.RF2,0,HK,0,1,1995,10,0
G.RF2.CSE1,6,G.RF2,0,HK,0,1,1995,10,0
G.RF2.CSE1,8,G.RF2,0,HK,0,153,1995,10,0
G.RF2.CSE1,9,G.RF2,0,HK,0,164,1995,10,0
G.RF2.CSE1,11,G.RF2,2,HK,0,61,1995,10,0
G.RF2.CSE1,12,G.RF2,0,HK,1,41,1995,10,0
G.RF2.CSE1,13,G.RF2,0,HK,0,160,1995,10,1
G.RF2.CSE1,14,G.RF2,0,HK,0,60,1995,10,0
G.RF2.CSE1,15,G.RF2,0,HK,0,123,1995,10,0
G.RF2.CSE1,16,G.RF2,0,HK,0,8,1995,10,0
G.RF2.CSE1,17,G.RF2,0,HK,0,5,1995,10,0
G.RF2.CSE1,18,G.RF2,1,HK,1,33,1995,10,0
G.RF2.CSE1,19,G.RF2,0,HK,0,2,1995,10,1
G.RF2.CSE1,20,G.RF2,0,HK,2,66,1995,10,0
G.RF2.CSE1,21,G.RF2,0,HK,0,4,1995,10,0
G.RF2.CSE1,22,G.RF2,0,HK,1,21,1995,10,1
G.RF2.CSE1,0,G.RF2,0,HK,0,7,1995,11,0
G.RF2.CSE1,1,G.RF2,0,HK,0,113,1995,11,0
G.RF2.CSE1,2,G.RF2,0,HK,0,182,1995,11,0
G.RF2.CSE1,3,G.RF2,0,HK,5,157,1995,11,0
G.RF2.CSE1,4,G.RF2,3,HK,0,165,1995,11,0
G.RF2.CSE1,5,G.RF2,0,HK,0,1,1995,11,0
G.RF2.CSE1,6,G.RF2,0,HK,0,1,1995,11,0
G.RF2.CSE1,7,G.RF2,0,HK,0,21,1995,11,0
G.RF2.CSE1,8,G.RF2,0,HK,0,153,1995,11,0
G.RF2.CSE1,9,G.RF2,0,HK,0,164,1995,11,0
G.RF2.CSE1,10,G.RF2,0,HK,3,150,1995,11,2
G.RF2.CSE1,11,G.RF2,7,HK,0,61,1995,11,2
G.RF2.CSE1,12,G.RF2,0,HK,1,41,1995,11,1
G.RF2.CSE1,13,G.RF2,0,HK,0,160,1995,11,0
G.RF2.CSE1,14,G.RF2,0,HK,0,60,1995,11,0
G.RF2.CSE1,15,G.RF2,0,HK,0,123,1995,11,0
G.RF2.CSE1,16,G.RF2,0,HK,0,8,1995,11,0
G.RF2.CSE1,17,G.RF2,0,HK,0,5,1995,11,0
G.RF2.CSE1,18,G.RF2,1,HK,1,33,1995,11,0
G.RF2.CSE1,19,G.RF2,0,HK,0,2,1995,11,1
G.RF2.CSE1,20,G.RF2,0,HK,2,66,1995,11,0
G.RF2.CSE1,21,G.RF2,0,HK,0,4,1995,11,0
G.RF2.CSE1,22,G.RF2,0,HK,1,21,1995,11,0
G.RF2.CSE025,0,G.RF2,0,HK,0,7,1993,1,0
G.RF2.CSE025,4,G.RF2,0,HK,0,165,1993,1,0
G.RF2.CSE025,0,G.RF2,0,HK,0,7,1993,2,0
G.RF2.CSE025,4,G.RF2,0,HK,0,165,1993,2,0
G.RF2.CSE025,8,G.RF2,0,HK,0,153,1993,2,0
G.RF2.CSE025,12,G.RF2,0,HK,0,41,1993,2,0
G.RF2.CSE025,0,G.RF2,0,HK,0,7,1993,3,0
G.RF2.CSE025,2,G.RF2,0,HK,0,182,1993,3,0
G.RF2.CSE025,4,G.RF2,0,HK,0,165,1993,3,0
G.RF2.CSE025,8,G.RF2,0,HK,0,153,1993,3,0
G.RF2.CSE025,11,G.RF2,0,HK,0,61,1993,3,0
G.RF2.CSE025,12,G.RF2,0,HK,0,41,1993,3,0
G.RF2.CSE025,0,G.RF2,0,HK,0,7,1993,4,0
G.RF2.CSE025,2,G.RF2,0,HK,0,182,1993,4,0
G.RF2.CSE025,3,G.RF2,0,HK,0,157,1993,4,0
G.RF2.CSE025,4,G.RF2,1,HK,0,165,1993,4,0
G.RF2.CSE025,8,G.RF2,0,HK,0,153,1993,4,0
G.RF2.CSE025,11,G.RF2,2,HK,0,61,1993,4,0
G.RF2.CSE025,12,G.RF2,0,HK,0,41,1993,4,0
G.RF2.CSE025,17,G.RF2,0,HK,0,5,1993,4,0
G.RF2.CSE025,0,G.RF2,0,HK,0,7,1993,5,0
G.RF2.CSE025,2,G.RF2,0,HK,0,182,1993,5,0
G.RF2.CSE025,3,G.RF2,0,HK,2,157,1993,5,0
G.RF2.CSE025,4,G.RF2,1,HK,0,165,1993,5,0
G.RF2.CSE025,8,G.RF2,0,HK,0,153,1993,5,0
G.RF2.CSE025,11,G.RF2,0,HK,0,61,1993,5,0
G.RF2.CSE025,12,G.RF2,0,HK,0,41,1993,5,0
G.RF2.CSE025,16,G.RF2,0,HK,0,8,1993,5,0
G.RF2.CSE025,17,G.RF2,0,HK,0,5,1993,5,0
G.RF2.CSE025,21,G.RF2,0,HK,0,4,1993,5,0
G.RF2.CSE025,0,G.RF2,0,HK,0,7,1993,6,1
G.RF2.CSE025,2,G.RF2,0,HK,0,182,1993,6,0
G.RF2.CSE025,3,G.RF2,0,HK,2,157,1993,6,0
G.RF2.CSE025,4,G.RF2,3,HK,0,165,1993,6,0
G.RF2.CSE025,8,G.RF2,0,HK,0,153,1993,6,0
G.RF2.CSE025,11,G.RF2,0,HK,0,61,1993,6,0
G.RF2.CSE025,12,G.RF2,0,HK,0,41,1993,6,0
G.RF2.CSE025,13,G.RF2,0,HK,0,160,1993,6,0
G.RF2.CSE025,16,G.RF2,0,HK,0,8,1993,6,0
G.RF2.CSE025,17,G.RF2,0,HK,0,5,1993,6,0
G.RF2.CSE025,21,G.RF2,0,HK,0,4,1993,6,0
G.RF2.CSE025,22,G.RF2,0,HK,0,21,1993,6,0
G.RF2.CSE025,0,G.RF2,0,HK,0,7,1993,7,1
G.RF2.CSE025,2,G.RF2,0,HK,0,182,1993,7,0
G.RF2.CSE025,3,G.RF2,0,HK,2,157,1993,7,0
G.RF2.CSE025,4,G.RF2,5,HK,0,165,1993,7,1
G.RF2.CSE025,8,G.RF2,0,HK,0,153,1993,7,0
G.RF2.CSE025,11,G.RF2,0,HK,0,61,1993,7,0
G.RF2.CSE025,12,G.RF2,0,HK,0,41,1993,7,0
G.RF2.CSE025,13,G.RF2,0,HK,0,160,1993,7,0
G.RF2.CSE025,14,G.RF2,0,HK,0,60,1993,7,0
G.RF2.CSE025,16,G.RF2,0,HK,0,8,1993,7,0
G.RF2.CSE025,17,G.RF2,0,HK,0,5,1993,7,0
G.RF2.CSE025,18,G.RF2,0,HK,0,33,1993,7,0
G.RF2.CSE025,21,G.RF2,0,HK,0,4,1993,7,0
G.RF2.CSE025,22,G.RF2,0,HK,0,21,1993,7,0
G.RF2.CSE025,0,G.RF2,0,HK,0,7,1993,8,0
G.RF2.CSE025,2,G.RF2,0,HK,0,182,1993,8,0
G.RF2.CSE025,3,G.RF2,0,HK,2,157,1993,8,0
G.RF2.CSE025,4,G.RF2,1,HK,0,165,1993,8,1
G.RF2.CSE025,8,G.RF2,0,HK,0,153,1993,8,0
G.RF2.CSE025,9,G.RF2,0,HK,0,164,1993,8,0
G.RF2.CSE025,11,G.RF2,1,HK,0,61,1993,8,0
G.RF2.CSE025,12,G.RF2,0,HK,0,41,1993,8,0
G.RF2.CSE025,13,G.RF2,0,HK,0,160,1993,8,0
G.RF2.CSE025,14,G.RF2,0,HK,0,60,1993,8,0
G.RF2.CSE025,16,G.RF2,0,HK,0,8,1993,8,0
G.RF2.CSE025,17,G.RF2,0,HK,0,5,1993,8,0
G.RF2.CSE025,18,G.RF2,0,HK,0,33,1993,8,0
G.RF2.CSE025,19,G.RF2,0,HK,0,2,1993,8,0
G.RF2.CSE025,21,G.RF2,0,HK,0,4,1993,8,0
G.RF2.CSE025,22,G.RF2,0,HK,0,21,1993,8,0
G.RF2.CSE025,0,G.RF2,0,HK,0,7,1993,9,0
G.RF2.CSE025,2,G.RF2,0,HK,0,182,1993,9,0
G.RF2.CSE025,3,G.RF2,0,HK,5,157,1993,9,0
G.RF2.CSE025,4,G.RF2,2,HK,0,165,1993,9,0
G.RF2.CSE025,6,G.RF2,0,HK,0,1,1993,9,0
G.RF2.CSE025,8,G.RF2,0,HK,0,153,1993,9,0
G.RF2.CSE025,9,G.RF2,0,HK,0,164,1993,9,0
G.RF2.CSE025,11,G.RF2,2,HK,0,61,1993,9,0
G.RF2.CSE025,12,G.RF2,0,HK,0,41,1993,9,0
G.RF2.CSE025,13,G.RF2,0,HK,0,160,1993,9,1
G.RF2.CSE025,14,G.RF2,0,HK,0,60,1993,9,0
G.RF2.CSE025,15,G.RF2,0,HK,0,123,1993,9,0
G.RF2.CSE025,16,G.RF2,0,HK,0,8,1993,9,0
G.RF2.CSE025,17,G.RF2,0,HK,0,5,1993,9,0
G.RF2.CSE025,18,G.RF2,0,HK,0,33,1993,9,2
G.RF2.CSE025,19,G.RF2,0,HK,0,2,1993,9,0
G.RF2.CSE025,21,G.RF2,0,HK,0,4,1993,9,0
G.RF2.CSE025,22,G.RF2,0,HK,0,21,1993,9,0
G.RF2.CSE025,0,G.RF2,0,HK,0,7,1993,10,0
G.RF2.CSE025,2,G.RF2,0,HK,0,182,1993,10,0
G.RF2.CSE025,3,G.RF2,0,HK,4,157,1993,10,0
G.RF2.CSE025,4,G.RF2,1,HK,0,165,1993,10,0
G.RF2.CSE025,5,G.RF2,0,HK,0,1,1993,10,0
G.RF2.CSE025,6,G.RF2,0,HK,0,1,1993,10,0
G.RF2.CSE025,8,G.RF2,0,HK,0,153,1993,10,0
G.RF2.CSE025,9,G.RF2,0,HK,0,164,1993,10,0
G.RF2.CSE025,11,G.RF2,1,HK,0,61,1993,10,0
G.RF2.CSE025,12,G.RF2,0,HK,0,41,1993,10,0
G.RF2.CSE025,13,G.RF2,0,HK,0,160,1993,10,0
G.RF2.CSE025,14,G.RF2,0,HK,0,60,1993,10,0
G.RF2.CSE025,15,G.RF2,0,HK,0,123,1993,10,0
G.RF2.CSE025,16,G.RF2,0,HK,0,8,1993,10,0
G.RF2.CSE025,17,G.RF2,0,HK,0,5,1993,10,0
G.RF2.CSE025,18,G.RF2,0,HK,0,33,1993,10,0
G.RF2.CSE025,19,G.RF2,0,HK,0,2,1993,10,0
G.RF2.CSE025,20,G.RF2,0,HK,0,66,1993,10,2
G.RF2.CSE025,21,G.RF2,0,HK,0,4,1993,10,0
G.RF2.CSE025,22,G.RF2,0,HK,0,21,1993,10,0
G.RF2.CSE025,0,G.RF2,0,HK,0,7,1993,11,0
G.RF2.CSE025,1,G.RF2,0,HK,0,113,1993,11,0
G.RF2.CSE025,2,G.RF2,0,HK,0,182,1993,11,0
G.RF2.CSE025,3,G.RF2,0,HK,7,157,1993,11,0
G.RF2.CSE025,4,G.RF2,2,HK,0,165,1993,11,1
G.RF2.CSE025,5,G.RF2,0,HK,0,1,1993,11,0
G.RF2.CSE025,6,G.RF2,0,HK,0,1,1993,11,0
G.RF2.CSE025,7,G.RF2,0,HK,0,21,1993,11,0
G.RF2.CSE025,8,G.RF2,0,HK,0,153,1993,11,0
G.RF2.CSE025,9,G.RF2,0,HK,0,164,1993,11,0
G.RF2.CSE025,10,G.RF2,0,HK,2,150,1993,11,1
G.RF2.CSE025,11,G.RF2,2,HK,0,61,1993,11,0
G.RF2.CSE025,12,G.RF2,0,HK,0,41,1993,11,1
G.RF2.CSE025,13,G.RF2,0,HK,0,160,1993,11,0
G.RF2.CSE025,14,G.RF2,0,HK,0,60,1993,11,0
G.RF2.CSE025,15,G.RF2,0,HK,0,123,1993,11,0
G.RF2.CSE025,16,G.RF2,0,HK,0,8,1993,11,0
G.RF2.CSE025,17,G.RF2,0,HK,0,5,1993,11,0
G.RF2.CSE025,18,G.RF2,0,HK,0,33,1993,11,1
G.RF2.CSE025,19,G.RF2,0,HK,0,2,1993,11,0
G.RF2.CSE025,20,G.RF2,0,HK,0,66,1993,11,3
G.RF2.CSE025,21,G.RF2,0,HK,0,4,1993,11,0
G.RF2.CSE025,22,G.RF2,0,HK,0,21,1993,11,1
G.RF2.CSE025,16,G.RF2,0,HK,0,8,1994,1,0
G.RF2.CSE025,22,G.RF2,0,HK,0,21,1994,1,0
G.RF2.CSE025,12,G.RF2,0,HK,0,41,1994,2,0
G.RF2.CSE025,13,G.RF2,0,HK,0,160,1994,2,0
G.RF2.CSE025,16,G.RF2,0,HK,0,8,1994,2,0
G.RF2.CSE025,22,G.RF2,0,HK,0,21,1994,2,0
G.RF2.CSE025,4,G.RF2,0,HK,0,165,1994,3,0
G.RF2.CSE025,12,G.RF2,0,HK,0,41,1994,3,0
G.RF2.CSE025,13,G.RF2,0,HK,0,160,1994,3,0
G.RF2.CSE025,16,G.RF2,0,HK,0,8,1994,3,0
G.RF2.CSE025,21,G.RF2,0,HK,0,4,1994,3,0
G.RF2.CSE025,22,G.RF2,0,HK,0,21,1994,3,0
G.RF2.CSE025,4,G.RF2,0,HK,0,165,1994,4,0
G.RF2.CSE025,12,G.RF2,0,HK,0,41,1994,4,0
G.RF2.CSE025,13,G.RF2,0,HK,0,160,1994,4,0
G.RF2.CSE025,16,G.RF2,0,HK,0,8,1994,4,0
G.RF2.CSE025,17,G.RF2,0,HK,0,5,1994,4,0
G.RF2.CSE025,19,G.RF2,0,HK,0,2,1994,4,0
G.RF2.CSE025,21,G.RF2,0,HK,0,4,1994,4,0
G.RF2.CSE025,22,G.RF2,0,HK,0,21,1994,4,0
G.RF2.CSE025,4,G.RF2,0,HK,0,165,1994,5,0
G.RF2.CSE025,6,G.RF2,0,HK,0,1,1994,5,0
G.RF2.CSE025,11,G.RF2,1,HK,0,61,1994,5,0
G.RF2.CSE025,12,G.RF2,0,HK,0,41,1994,5,0
G.RF2.CSE025,13,G.RF2,0,HK,0,160,1994,5,0
G.RF2.CSE025,16,G.RF2,0,HK,0,8,1994,5,0
G.RF2.CSE025,17,G.RF2,0,HK,0,5,1994,5,0
G.RF2.CSE025,19,G.RF2,0,HK,0,2,1994,5,1
G.RF2.CSE025,21,G.RF2,0,HK,0,4,1994,5,0
G.RF2.CSE025,22,G.RF2,0,HK,0,21,1994,5,0
G.RF2.CSE025,3,G.RF2,0,HK,0,157,1994,6,0
G.RF2.CSE025,4,G.RF2,1,HK,0,165,1994,6,0
G.RF2.CSE025,6,G.RF2,0,HK,0,1,1994,6,0
G.RF2.CSE025,11,G.RF2,0,HK,0,61,1994,6,0
G.RF2.CSE025,12,G.RF2,0,HK,0,41,1994,6,0
G.RF2.CSE025,13,G.RF2,0,HK,0,160,1994,6,1
G.RF2.CSE025,15,G.RF2,0,HK,0,123,1994,6,0
G.RF2.CSE025,16,G.RF2,0,HK,0,8,1994,6,0
G.RF2.CSE025,17,G.RF2,0,HK,0,5,1994,6,0
G.RF2.CSE025,19,G.RF2,0,HK,0,2,1994,6,0
G.RF2.CSE025,21,G.RF2,0,HK,0,4,1994,6,0
G.RF2.CSE025,22,G.RF2,0,HK,0,21,1994,6,0
G.RF2.CSE025,0,G.RF2,0,HK,0,7,1994,7,0
G.RF2.CSE025,3,G.RF2,0,HK,0,157,1994,7,0
G.RF2.CSE025,4,G.RF2,2,HK,0,165,1994,7,0
G.RF2.CSE025,6,G.RF2,0,HK,0,1,1994,7,0
G.RF2.CSE025,9,G.RF2,0,HK,0,164,1994,7,0
G.RF2.CSE025,11,G.RF2,1,HK,0,61,1994,7,0
G.RF2.CSE025,12,G.RF2,0,HK,0,41,1994,7,0
G.RF2.CSE025,13,G.RF2,0,HK,0,160,1994,7,0
G.RF2.CSE025,15,G.RF2,0,HK,0,123,1994,7,0
G.RF2.CSE025,16,G.RF2,0,HK,0,8,1994,7,0
G.RF2.CSE025,17,G.RF2,0,HK,0,5,1994,7,0
G.RF2.CSE025,19,G.RF2,0,HK,0,2,1994,7,0
G.RF2.CSE025,21,G.RF2,0,HK,0,4,1994,7,0
G.RF2.CSE025,22,G.RF2,0,HK,0,21,1994,7,0
G.RF2.CSE025,0,G.RF2,0,HK,0,7,1994,8,0
G.RF2.CSE025,3,G.RF2,0,HK,0,157,1994,8,0
G.RF2.CSE025,4,G.RF2,1,HK,0,165,1994,8,0
G.RF2.CSE025,5,G.RF2,0,HK,0,1,1994,8,0
G.RF2.CSE025,6,G.RF2,0,HK,0,1,1994,8,0
G.RF2.CSE025,7,G.RF2,0,HK,0,21,1994,8,0
G.RF2.CSE025,9,G.RF2,0,HK,0,164,1994,8,0
G.RF2.CSE025,11,G.RF2,0,HK,0,61,1994,8,0
G.RF2.CSE025,12,G.RF2,0,HK,0,41,1994,8,0
G.RF2.CSE025,13,G.RF2,0,HK,0,160,1994,8,0
G.RF2.CSE025,15,G.RF2,0,HK,0,123,1994,8,0
G.RF2.CSE025,16,G.RF2,0,HK,0,8,1994,8,0
G.RF2.CSE025,17,G.RF2,0,HK,0,5,1994,8,0
G.RF2.CSE025,19,G.RF2,0,HK,0,2,1994,8,0
G.RF2.CSE025,21,G.RF2,0,HK,0,4,1994,8,0
G.RF2.CSE025,22,G.RF2,0,HK,0,21,1994,8,0
G.RF2.CSE025,0,G.RF2,0,HK,0,7,1994,9,0
G.RF2.CSE025,1,G.RF2,0,HK,0,113,1994,9,0
G.RF2.CSE025,3,G.RF2,0,HK,2,157,1994,9,0
G.RF2.CSE025,4,G.RF2,1,HK,0,165,1994,9,0
G.RF2.CSE025,5,G.RF2,0,HK,0,1,1994,9,0
G.RF2.CSE025,6,G.RF2,0,HK,0,1,1994,9,0
G.RF2.CSE025,7,G.RF2,0,HK,0,21,1994,9,0
G.RF2.CSE025,9,G.RF2,0,HK,0,164,1994,9,0
G.RF2.CSE025,11,G.RF2,0,HK,0,61,1994,9,0
G.RF2.CSE025,12,G.RF2,0,HK,0,41,1994,9,0
G.RF2.CSE025,13,G.RF2,0,HK,0,160,1994,9,0
G.RF2.CSE025,15,G.RF2,0,HK,0,123,1994,9,0
G.RF2.CSE025,16,G.RF2,0,HK,0,8,1994,9,0
G.RF2.CSE025,17,G.RF2,1,HK,0,5,1994,9,0
G.RF2.CSE025,18,G.RF2,0,HK,0,33,1994,9,0
G.RF2.CSE025,19,G.RF2,0,HK,0,2,1994,9,0
G.RF2.CSE025,21,G.RF2,0,HK,0,4,1994,9,0
G.RF2.CSE025,22,G.RF2,0,HK,0,21,1994,9,0
G.RF2.CSE025,0,G.RF2,0,HK,0,7,1994,10,0
G.RF2.CSE025,1,G.RF2,0,HK,0,113,1994,10,0
G.RF2.CSE025,3,G.RF2,0,HK,2,157,1994,10,0
G.RF2.CSE025,4,G.RF2,1,HK,0,165,1994,10,0
G.RF2.CSE025,5,G.RF2,0,HK,0,1,1994,10,0
G.RF2.CSE025,6,G.RF2,0,HK,0,1,1994,10,0
G.RF2.CSE025,7,G.RF2,0,HK,0,21,1994,10,0
G.RF2.CSE025,9,G.RF2,0,HK,0,164,1994,10,0
G.RF2.CSE025,10,G.RF2,0,HK,5,150,1994,10,0
G.RF2.CSE025,11,G.RF2,2,HK,0,61,1994,10,0
G.RF2.CSE025,12,G.RF2,0,HK,0,41,1994,10,0
G.RF2.CSE025,13,G.RF2,0,HK,0,160,1994,10,0
G.RF2.CSE025,14,G.RF2,0,HK,0,60,1994,10,0
G.RF2.CSE025,15,G.RF2,0,HK,0,123,1994,10,0
G.RF2.CSE025,16,G.RF2,0,HK,0,8,1994,10,0
G.RF2.CSE025,17,G.RF2,0,HK,0,5,1994,10,0
G.RF2.CSE025,18,G.RF2,0,HK,0,33,1994,10,0
G.RF2.CSE025,19,G.RF2,0,HK,0,2,1994,10,0
G.RF2.CSE025,21,G.RF2,0,HK,0,4,1994,10,0
G.RF2.CSE025,22,G.RF2,0,HK,0,21,1994,10,0
G.RF2.CSE025,0,G.RF2,0,HK,0,7,1994,11,0
G.RF2.CSE025,1,G.RF2,0,HK,0,113,1994,11,0
G.RF2.CSE025,2,G.RF2,0,HK,0,182,1994,11,0
G.RF2.CSE025,3,G.RF2,0,HK,1,157,1994,11,0
G.RF2.CSE025,4,G.RF2,3,HK,0,165,1994,11,0
G.RF2.CSE025,5,G.RF2,0,HK,0,1,1994,11,0
G.RF2.CSE025,6,G.RF2,0,HK,0,1,1994,11,0
G.RF2.CSE025,7,G.RF2,0,HK,0,21,1994,11,0
G.RF2.CSE025,8,G.RF2,0,HK,0,153,1994,11,0
G.RF2.CSE025,9,G.RF2,0,HK,0,164,1994,11,0
G.RF2.CSE025,10,G.RF2,0,HK,1,150,1994,11,0
G.RF2.CSE025,11,G.RF2,1,HK,0,61,1994,11,1
G.RF2.CSE025,12,G.RF2,0,HK,0,41,1994,11,0
G.RF2.CSE025,13,G.RF2,0,HK,0,160,1994,11,0
G.RF2.CSE025,14,G.RF2,0,HK,0,60,1994,11,0
G.RF2.CSE025,15,G.RF2,0,HK,0,123,1994,11,0
G.RF2.CSE025,16,G.RF2,0,HK,0,8,1994,11,0
G.RF2.CSE025,17,G.RF2,0,HK,0,5,1994,11,0
G.RF2.CSE025,18,G.RF2,1,HK,1,33,1994,11,0
G.RF2.CSE025,19,G.RF2,0,HK,0,2,1994,11,0
G.RF2.CSE025,20,G.RF2,0,HK,1,66,1994,11,0
G.RF2.CSE025,21,G.RF2,0,HK,0,4,1994,11,0
G.RF2.CSE025,22,G.RF2,0,HK,0,21,1994,11,0
G.RF2.CSE025,9,G.RF2,0,HK,0,164,1995,1,0
G.RF2.CSE025,13,G.RF2,0,HK,0,160,1995,1,0
G.RF2.CSE025,9,G.RF2,0,HK,0,164,1995,2,0
G.RF2.CSE025,13,G.RF2,0,HK,0,160,1995,2,0
G.RF2.CSE025,14,G.RF2,0,HK,0,60,1995,2,0
G.RF2.CSE025,16,G.RF2,0,HK,0,8,1995,2,0
G.RF2.CSE025,5,G.RF2,0,HK,0,1,1995,3,0
G.RF2.CSE025,9,G.RF2,0,HK,0,164,1995,3,0
G.RF2.CSE025,13,G.RF2,0,HK,0,160,1995,3,0
G.RF2.CSE025,14,G.RF2,0,HK,0,60,1995,3,0
G.RF2.CSE025,15,G.RF2,0,HK,0,123,1995,3,0
G.RF2.CSE025,16,G.RF2,0,HK,0,8,1995,3,0
G.RF2.CSE025,1,G.RF2,0,HK,0,113,1995,4,0
G.RF2.CSE025,5,G.RF2,0,HK,0,1,1995,4,0
G.RF2.CSE025,9,G.RF2,0,HK,0,164,1995,4,0
G.RF2.CSE025,12,G.RF2,0,HK,0,41,1995,4,0
G.RF2.CSE025,13,G.RF2,0,HK,0,160,1995,4,0
G.RF2.CSE025,14,G.RF2,0,HK,0,60,1995,4,0
G.RF2.CSE025,15,G.RF2,0,HK,0,123,1995,4,0
G.RF2.CSE025,16,G.RF2,0,HK,0,8,1995,4,0
G.RF2.CSE025,1,G.RF2,0,HK,0,113,1995,5,0
G.RF2.CSE025,5,G.RF2,0,HK,0,1,1995,5,0
G.RF2.CSE025,8,G.RF2,0,HK,0,153,1995,5,0
G.RF2.CSE025,9,G.RF2,0,HK,0,164,1995,5,0
G.RF2.CSE025,12,G.RF2,0,HK,0,41,1995,5,0
G.RF2.CSE025,13,G.RF2,0,HK,0,160,1995,5,0
G.RF2.CSE025,14,G.RF2,0,HK,0,60,1995,5,0
G.RF2.CSE025,15,G.RF2,0,HK,0,123,1995,5,0
G.RF2.CSE025,16,G.RF2,0,HK,0,8,1995,5,0
G.RF2.CSE025,22,G.RF2,0,HK,0,21,1995,5,0
G.RF2.CSE025,1,G.RF2,0,HK,0,113,1995,6,0
G.RF2.CSE025,5,G.RF2,0,HK,0,1,1995,6,0
G.RF2.CSE025,8,G.RF2,0,HK,0,153,1995,6,0
G.RF2.CSE025,9,G.RF2,0,HK,0,164,1995,6,0
G.RF2.CSE025,12,G.RF2,0,HK,0,41,1995,6,0
G.RF2.CSE025,13,G.RF2,0,HK,0,160,1995,6,0
G.RF2.CSE025,14,G.RF2,0,HK,0,60,1995,6,0
G.RF2.CSE025,15,G.RF2,0,HK,0,123,1995,6,0
G.RF2.CSE025,16,G.RF2,0,HK,0,8,1995,6,0
G.RF2.CSE025,17,G.RF2,0,HK,0,5,1995,6,0
G.RF2.CSE025,19,G.RF2,0,HK,0,2,1995,6,0
G.RF2.CSE025,22,G.RF2,0,HK,0,21,1995,6,0
G.RF2.CSE025,1,G.RF2,0,HK,0,113,1995,7,0
G.RF2.CSE025,5,G.RF2,0,HK,0,1,1995,7,0
G.RF2.CSE025,6,G.RF2,0,HK,0,1,1995,7,0
G.RF2.CSE025,8,G.RF2,0,HK,0,153,1995,7,0
G.RF2.CSE025,9,G.RF2,0,HK,0,164,1995,7,0
G.RF2.CSE025,12,G.RF2,0,HK,0,41,1995,7,0
G.RF2.CSE025,13,G.RF2,0,HK,0,160,1995,7,0
G.RF2.CSE025,14,G.RF2,0,HK,0,60,1995,7,0
G.RF2.CSE025,15,G.RF2,0,HK,0,123,1995,7,0
G.RF2.CSE025,16,G.RF2,0,HK,0,8,1995,7,0
G.RF2.CSE025,17,G.RF2,0,HK,0,5,1995,7,0
G.RF2.CSE025,18,G.RF2,0,HK,0,33,1995,7,1
G.RF2.CSE025,19,G.RF2,0,HK,0,2,1995,7,0
G.RF2.CSE025,22,G.RF2,0,HK,0,21,1995,7,0
G.RF2.CSE025,0,G.RF2,0,HK,0,7,1995,8,0
G.RF2.CSE025,1,G.RF2,0,HK,0,113,1995,8,0
G.RF2.CSE025,5,G.RF2,0,HK,0,1,1995,8,0
G.RF2.CSE025,6,G.RF2,0,HK,0,1,1995,8,0
G.RF2.CSE025,8,G.RF2,0,HK,0,153,1995,8,0
G.RF2.CSE025,9,G.RF2,0,HK,0,164,1995,8,0
G.RF2.CSE025,12,G.RF2,0,HK,0,41,1995,8,0
G.RF2.CSE025,13,G.RF2,0,HK,1,160,1995,8,0
G.RF2.CSE025,14,G.RF2,0,HK,0,60,1995,8,0
G.RF2.CSE025,15,G.RF2,0,HK,0,123,1995,8,0
G.RF2.CSE025,16,G.RF2,0,HK,0,8,1995,8,0
G.RF2.CSE025,17,G.RF2,0,HK,0,5,1995,8,0
G.RF2.CSE025,18,G.RF2,0,HK,0,33,1995,8,0
G.RF2.CSE025,19,G.RF2,0,HK,0,2,1995,8,0
G.RF2.CSE025,20,G.RF2,0,HK,1,66,1995,8,1
G.RF2.CSE025,22,G.RF2,0,HK,0,21,1995,8,0
G.RF2.CSE025,0,G.RF2,0,HK,0,7,1995,9,0
G.RF2.CSE025,1,G.RF2,0,HK,0,113,1995,9,0
G.RF2.CSE025,3,G.RF2,0,HK,0,157,1995,9,0
G.RF2.CSE025,5,G.RF2,0,HK,0,1,1995,9,0
G.RF2.CSE025,6,G.RF2,0,HK,0,1,1995,9,0
G.RF2.CSE025,8,G.RF2,0,HK,0,153,1995,9,0
G.RF2.CSE025,9,G.RF2,0,HK,0,164,1995,9,0
G.RF2.CSE025,11,G.RF2,1,HK,0,61,1995,9,0
G.RF2.CSE025,12,G.RF2,0,HK,0,41,1995,9,0
G.RF2.CSE025,13,G.RF2,0,HK,0,160,1995,9,0
G.RF2.CSE025,14,G.RF2,0,HK,0,60,1995,9,0
G.RF2.CSE025,15,G.RF2,0,HK,0,123,1995,9,0
G.RF2.CSE025,16,G.RF2,0,HK,0,8,1995,9,0
G.RF2.CSE025,17,G.RF2,0,HK,0,5,1995,9,0
G.RF2.CSE025,18,G.RF2,0,HK,0,33,1995,9,0
G.RF2.CSE025,19,G.RF2,0,HK,0,2,1995,9,0
G.RF2.CSE025,20,G.RF2,0,HK,0,66,1995,9,0
G.RF2.CSE025,22,G.RF2,0,HK,0,21,1995,9,0
G.RF2.CSE025,0,G.RF2,0,HK,0,7,1995,10,0
G.RF2.CSE025,1,G.RF2,0,HK,0,113,1995,10,0
G.RF2.CSE025,2,G.RF2,0,HK,0,182,1995,10,0
G.RF2.CSE025,3,G.RF2,0,HK,0,157,1995,10,0
G.RF2.CSE025,5,G.RF2,0,HK,0,1,1995,10,0
G.RF2.CSE025,6,G.RF2,0,HK,0,1,1995,10,0
G.RF2.CSE025,8,G.RF2,0,HK,0,153,1995,10,0
G.RF2.CSE025,9,G.RF2,0,HK,0,164,1995,10,0
G.RF2.CSE025,11,G.RF2,0,HK,0,61,1995,10,0
G.RF2.CSE025,12,G.RF2,0,HK,1,41,1995,10,0
G.RF2.CSE025,13,G.RF2,0,HK,0,160,1995,10,0
G.RF2.CSE025,14,G.RF2,0,HK,0,60,1995,10,0
G.RF2.CSE025,15,G.RF2,0,HK,0,123,1995,10,0
G.RF2.CSE025,16,G.RF2,0,HK,0,8,1995,10,0
G.RF2.CSE025,17,G.RF2,0,HK,0,5,1995,10,0
G.RF2.CSE025,18,G.RF2,0,HK,1,33,1995,10,0
G.RF2.CSE025,19,G.RF2,0,HK,0,2,1995,10,1
G.RF2.CSE025,20,G.RF2,0,HK,0,66,1995,10,0
G.RF2.CSE025,21,G.RF2,0,HK,0,4,1995,10,0
G.RF2.CSE025,22,G.RF2,0,HK,0,21,1995,10,0
G.RF2.CSE025,0,G.RF2,0,HK,0,7,1995,11,0
G.RF2.CSE025,1,G.RF2,0,HK,0,113,1995,11,0
G.RF2.CSE025,2,G.RF2,0,HK,0,182,1995,11,0
G.RF2.CSE025,3,G.RF2,0,HK,1,157,1995,11,0
G.RF2.CSE025,4,G.RF2,0,HK,0,165,1995,11,0
G.RF2.CSE025,5,G.RF2,0,HK,0,1,1995,11,0
G.RF2.CSE025,6,G.RF2,0,HK,0,1,1995,11,0
G.RF2.CSE025,7,G.RF2,0,HK,0,21,1995,11,0
G.RF2.CSE025,8,G.RF2,0,HK,0,153,1995,11,0
G.RF2.CSE025,9,G.RF2,0,HK,0,164,1995,11,0
G.RF2.CSE025,10,G.RF2,0,HK,2,150,1995,11,0
G.RF2.CSE025,11,G.RF2,0,HK,0,61,1995,11,0
G.RF2.CSE025,12,G.RF2,0,HK,0,41,1995,11,1
G.RF2.CSE025,13,G.RF2,0,HK,0,160,1995,11,0
G.RF2.CSE025,14,G.RF2,0,HK,0,60,1995,11,0
G.RF2.CSE025,15,G.RF2,0,HK,0,123,1995,11,0
G.RF2.CSE025,16,G.RF2,0,HK,0,8,1995,11,0
G.RF2.CSE025,17,G.RF2,0,HK,0,5,1995,11,0
G.RF2.CSE025,18,G.RF2,1,HK,1,33,1995,11,0
G.RF2.CSE025,19,G.RF2,0,HK,0,2,1995,11,0
G.RF2.CSE025,20,G.RF2,0,HK,1,66,1995,11,0
G.RF2.CSE025,21,G.RF2,0,HK,0,4,1995,11,0
G.RF2.CSE025,22,G.RF2,0,HK,0,21,1995,11,0
G.RF1.CSEperm1,0,G.RF1,0,HK,0,7,1993,1,0
G.RF1.CSEperm1,4,G.RF1,0,HK,0,165,1993,1,0
G.RF1.CSEperm1,0,G.RF1,0,HK,0,7,1993,2,0
G.RF1.CSEperm1,4,G.RF1,0,HK,0,165,1993,2,0
G.RF1.CSEperm1,8,G.RF1,0,HK,0,153,1993,2,0
G.RF1.CSEperm1,12,G.RF1,0,HK,0,41,1993,2,0
G.RF1.CSEperm1,0,G.RF1,0,HK,0,7,1993,3,0
G.RF1.CSEperm1,2,G.RF1,0,HK,0,182,1993,3,0
G.RF1.CSEperm1,4,G.RF1,0,HK,0,165,1993,3,0
G.RF1.CSEperm1,8,G.RF1,0,HK,0,153,1993,3,0
G.RF1.CSEperm1,11,G.RF1,0,HK,0,61,1993,3,0
G.RF1.CSEperm1,12,G.RF1,0,HK,0,41,1993,3,0
G.RF1.CSEperm1,0,G.RF1,0,HK,0,7,1993,4,0
G.RF1.CSEperm1,2,G.RF1,0,HK,0,182,1993,4,0
G.RF1.CSEperm1,3,G.RF1,5,HK,1,157,1993,4,0
G.RF1.CSEperm1,4,G.RF1,0,HK,2,165,1993,4,0
G.RF1.CSEperm1,8,G.RF1,0,HK,0,153,1993,4,0
G.RF1.CSEperm1,11,G.RF1,1,HK,1,61,1993,4,1
G.RF1.CSEperm1,12,G.RF1,0,HK,0,41,1993,4,0
G.RF1.CSEperm1,17,G.RF1,0,HK,0,5,1993,4,0
G.RF1.CSEperm1,0,G.RF1,0,HK,0,7,1993,5,1
G.RF1.CSEperm1,2,G.RF1,0,HK,0,182,1993,5,0
G.RF1.CSEperm1,3,G.RF1,3,HK,1,157,1993,5,0
G.RF1.CSEperm1,4,G.RF1,0,HK,2,165,1993,5,1
G.RF1.CSEperm1,8,G.RF1,0,HK,2,153,1993,5,0
G.RF1.CSEperm1,11,G.RF1,2,HK,0,61,1993,5,1
G.RF1.CSEperm1,12,G.RF1,0,HK,0,41,1993,5,0
G.RF1.CSEperm1,16,G.RF1,0,HK,0,8,1993,5,0
G.RF1.CSEperm1,17,G.RF1,0,HK,0,5,1993,5,0
G.RF1.CSEperm1,21,G.RF1,0,HK,0,4,1993,5,0
G.RF1.CSEperm1,0,G.RF1,0,HK,1,7,1993,6,2
G.RF1.CSEperm1,2,G.RF1,0,HK,0,182,1993,6,0
G.RF1.CSEperm1,3,G.RF1,1,HK,3,157,1993,6,1
G.RF1.CSEperm1,4,G.RF1,0,HK,1,165,1993,6,1
G.RF1.CSEperm1,8,G.RF1,0,HK,0,153,1993,6,0
G.RF1.CSEperm1,11,G.RF1,3,HK,0,61,1993,6,0
G.RF1.CSEperm1,12,G.RF1,0,HK,0,41,1993,6,1
G.RF1.CSEperm1,13,G.RF1,0,HK,0,160,1993,6,0
G.RF1.CSEperm1,16,G.RF1,0,HK,0,8,1993,6,0
G.RF1.CSEperm1,17,G.RF1,0,HK,0,5,1993,6,0
G.RF1.CSEperm1,21,G.RF1,0,HK,0,4,1993,6,0
G.RF1.CSEperm1,22,G.RF1,0,HK,0,21,1993,6,0
G.RF1.CSEperm1,0,G.RF1,0,HK,2,7,1993,7,1
G.RF1.CSEperm1,2,G.RF1,0,HK,0,182,1993,7,0
G.RF1.CSEperm1,3,G.RF1,3,HK,3,157,1993,7,0
G.RF1.CSEperm1,4,G.RF1,0,HK,1,165,1993,7,2
G.RF1.CSEperm1,8,G.RF1,0,HK,3,153,1993,7,0
G.RF1.CSEperm1,11,G.RF1,2,HK,0,61,1993,7,1
G.RF1.CSEperm1,12,G.RF1,0,HK,0,41,1993,7,0
G.RF1.CSEperm1,13,G.RF1,1,HK,0,160,1993,7,0
G.RF1.CSEperm1,14,G.RF1,0,HK,0,60,1993,7,0
G.RF1.CSEperm1,16,G.RF1,1,HK,0,8,1993,7,0
G.RF1.CSEperm1,17,G.RF1,0,HK,0,5,1993,7,1
G.RF1.CSEperm1,18,G.RF1,1,HK,1,33,1993,7,1
G.RF1.CSEperm1,21,G.RF1,0,HK,0,4,1993,7,0
G.RF1.CSEperm1,22,G.RF1,0,HK,0,21,1993,7,0
G.RF1.CSEperm1,0,G.RF1,0,HK,2,7,1993,8,1
G.RF1.CSEperm1,2,G.RF1,0,HK,0,182,1993,8,0
G.RF1.CSEperm1,3,G.RF1,4,HK,3,157,1993,8,0
G.RF1.CSEperm1,4,G.RF1,0,HK,1,165,1993,8,1
G.RF1.CSEperm1,8,G.RF1,0,HK,1,153,1993,8,0
G.RF1.CSEperm1,9,G.RF1,0,HK,0,164,1993,8,0
G.RF1.CSEperm1,11,G.RF1,1,HK,1,61,1993,8,1
G.RF1.CSEperm1,12,G.RF1,1,HK,0,41,1993,8,0
G.RF1.CSEperm1,13,G.RF1,0,HK,0,160,1993,8,0
G.RF1.CSEperm1,14,G.RF1,0,HK,0,60,1993,8,0
G.RF1.CSEperm1,16,G.RF1,1,HK,0,8,1993,8,0
G.RF1.CSEperm1,17,G.RF1,1,HK,0,5,1993,8,0
G.RF1.CSEperm1,18,G.RF1,1,HK,0,33,1993,8,1
G.RF1.CSEperm1,19,G.RF1,0,HK,0,2,1993,8,0
G.RF1.CSEperm1,21,G.RF1,0,HK,0,4,1993,8,0
G.RF1.CSEperm1,22,G.RF1,0,HK,1,21,1993,8,0
G.RF1.CSEperm1,0,G.RF1,0,HK,0,7,1993,9,1
G.RF1.CSEperm1,2,G.RF1,0,HK,0,182,1993,9,0
G.RF1.CSEperm1,3,G.RF1,4,HK,3,157,1993,9,0
G.RF1.CSEperm1,4,G.RF1,0,HK,0,165,1993,9,2
G.RF1.CSEperm1,6,G.RF1,0,HK,0,1,1993,9,0
G.RF1.CSEperm1,8,G.RF1,0,HK,1,153,1993,9,0
G.RF1.CSEperm1,9,G.RF1,0,HK,0,164,1993,9,0
G.RF1.CSEperm1,11,G.RF1,2,HK,1,61,1993,9,1
G.RF1.CSEperm1,12,G.RF1,0,HK,0,41,1993,9,0
G.RF1.CSEperm1,13,G.RF1,0,HK,0,160,1993,9,0
G.RF1.CSEperm1,14,G.RF1,0,HK,1,60,1993,9,0
G.RF1.CSEperm1,15,G.RF1,0,HK,0,123,1993,9,0
G.RF1.CSEperm1,16,G.RF1,1,HK,0,8,1993,9,0
G.RF1.CSEperm1,17,G.RF1,1,HK,0,5,1993,9,0
G.RF1.CSEperm1,18,G.RF1,1,HK,0,33,1993,9,1
G.RF1.CSEperm1,19,G.RF1,0,HK,0,2,1993,9,0
G.RF1.CSEperm1,21,G.RF1,0,HK,0,4,1993,9,0
G.RF1.CSEperm1,22,G.RF1,0,HK,1,21,1993,9,0
G.RF1.CSEperm1,0,G.RF1,0,HK,0,7,1993,10,1
G.RF1.CSEperm1,2,G.RF1,0,HK,0,182,1993,10,0
G.RF1.CSEperm1,3,G.RF1,5,HK,3,157,1993,10,1
G.RF1.CSEperm1,4,G.RF1,0,HK,2,165,1993,10,2
G.RF1.CSEperm1,5,G.RF1,0,HK,0,1,1993,10,0
G.RF1.CSEperm1,6,G.RF1,0,HK,0,1,1993,10,0
G.RF1.CSEperm1,8,G.RF1,0,HK,1,153,1993,10,0
G.RF1.CSEperm1,9,G.RF1,0,HK,0,164,1993,10,0
G.RF1.CSEperm1,11,G.RF1,0,HK,1,61,1993,10,1
G.RF1.CSEperm1,12,G.RF1,0,HK,0,41,1993,10,0
G.RF1.CSEperm1,13,G.RF1,0,HK,0,160,1993,10,0
G.RF1.CSEperm1,14,G.RF1,0,HK,1,60,1993,10,0
G.RF1.CSEperm1,15,G.RF1,1,HK,0,123,1993,10,0
G.RF1.CSEperm1,16,G.RF1,0,HK,0,8,1993,10,0
G.RF1.CSEperm1,17,G.RF1,1,HK,0,5,1993,10,0
G.RF1.CSEperm1,18,G.RF1,4,HK,0,33,1993,10,2
G.RF1.CSEperm1,19,G.RF1,0,HK,0,2,1993,10,1
G.RF1.CSEperm1,20,G.RF1,2,HK,0,66,1993,10,2
G.RF1.CSEperm1,21,G.RF1,0,HK,0,4,1993,10,0
G.RF1.CSEperm1,22,G.RF1,1,HK,0,21,1993,10,0
G.RF1.CSEperm1,0,G.RF1,0,HK,0,7,1993,11,0
G.RF1.CSEperm1,1,G.RF1,1,HK,0,113,1993,11,0
G.RF1.CSEperm1,2,G.RF1,0,HK,3,182,1993,11,0
G.RF1.CSEperm1,3,G.RF1,4,HK,3,157,1993,11,0
G.RF1.CSEperm1,4,G.RF1,0,HK,1,165,1993,11,1
G.RF1.CSEperm1,5,G.RF1,0,HK,0,1,1993,11,0
G.RF1.CSEperm1,6,G.RF1,0,HK,0,1,1993,11,0
G.RF1.CSEperm1,7,G.RF1,0,HK,0,21,1993,11,0
G.RF1.CSEperm1,8,G.RF1,1,HK,0,153,1993,11,0
G.RF1.CSEperm1,9,G.RF1,0,HK,0,164,1993,11,0
G.RF1.CSEperm1,10,G.RF1,10,HK,0,150,1993,11,3
G.RF1.CSEperm1,11,G.RF1,0,HK,4,61,1993,11,3
G.RF1.CSEperm1,12,G.RF1,2,HK,0,41,1993,11,1
G.RF1.CSEperm1,13,G.RF1,0,HK,0,160,1993,11,0
G.RF1.CSEperm1,14,G.RF1,1,HK,0,60,1993,11,0
G.RF1.CSEperm1,15,G.RF1,1,HK,0,123,1993,11,0
G.RF1.CSEperm1,16,G.RF1,1,HK,0,8,1993,11,0
G.RF1.CSEperm1,17,G.RF1,1,HK,0,5,1993,11,0
G.RF1.CSEperm1,18,G.RF1,1,HK,0,33,1993,11,3
G.RF1.CSEperm1,19,G.RF1,0,HK,0,2,1993,11,1
G.RF1.CSEperm1,20,G.RF1,1,HK,0,66,1993,11,3
G.RF1.CSEperm1,21,G.RF1,0,HK,0,4,1993,11,0
G.RF1.CSEperm1,22,G.RF1,1,HK,1,21,1993,11,0
G.RF1.CSEperm1,16,G.RF1,0,HK,0,8,1994,1,0
G.RF1.CSEperm1,22,G.RF1,0,HK,0,21,1994,1,0
G.RF1.CSEperm1,12,G.RF1,0,HK,1,41,1994,2,0
G.RF1.CSEperm1,13,G.RF1,1,HK,0,160,1994,2,0
G.RF1.CSEperm1,16,G.RF1,0,HK,0,8,1994,2,0
G.RF1.CSEperm1,22,G.RF1,0,HK,0,21,1994,2,0
G.RF1.CSEperm1,4,G.RF1,0,HK,0,165,1994,3,0
G.RF1.CSEperm1,12,G.RF1,0,HK,0,41,1994,3,0
G.RF1.CSEperm1,13,G.RF1,2,HK,0,160,1994,3,0
G.RF1.CSEperm1,16,G.RF1,0,HK,0,8,1994,3,0
G.RF1.CSEperm1,21,G.RF1,0,HK,0,4,1994,3,0
G.RF1.CSEperm1,22,G.RF1,0,HK,1,21,1994,3,0
G.RF1.CSEperm1,4,G.RF1,0,HK,0,165,1994,4,0
G.RF1.CSEperm1,12,G.RF1,1,HK,0,41,1994,4,0
G.RF1.CSEperm1,13,G.RF1,2,HK,0,160,1994,4,0
G.RF1.CSEperm1,16,G.RF1,0,HK,0,8,1994,4,0
G.RF1.CSEperm1,17,G.RF1,0,HK,0,5,1994,4,0
G.RF1.CSEperm1,19,G.RF1,0,HK,0,2,1994,4,0
G.RF1.CSEperm1,21,G.RF1,0,HK,0,4,1994,4,0
G.RF1.CSEperm1,22,G.RF1,0,HK,0,21,1994,4,0
G.RF1.CSEperm1,4,G.RF1,0,HK,0,165,1994,5,0
G.RF1.CSEperm1,6,G.RF1,0,HK,0,1,1994,5,0
G.RF1.CSEperm1,11,G.RF1,0,HK,0,61,1994,5,0
G.RF1.CSEperm1,12,G.RF1,0,HK,0,41,1994,5,0
G.RF1.CSEperm1,13,G.RF1,0,HK,0,160,1994,5,0
G.RF1.CSEperm1,16,G.RF1,0,HK,0,8,1994,5,0
G.RF1.CSEperm1,17,G.RF1,0,HK,0,5,1994,5,0
G.RF1.CSEperm1,19,G.RF1,0,HK,0,2,1994,5,0
G.RF1.CSEperm1,21,G.RF1,0,HK,0,4,1994,5,0
G.RF1.CSEperm1,22,G.RF1,0,HK,0,21,1994,5,0
G.RF1.CSEperm1,3,G.RF1,3,HK,2,157,1994,6,0
G.RF1.CSEperm1,4,G.RF1,0,HK,2,165,1994,6,0
G.RF1.CSEperm1,6,G.RF1,0,HK,0,1,1994,6,0
G.RF1.CSEperm1,11,G.RF1,0,HK,1,61,1994,6,0
G.RF1.CSEperm1,12,G.RF1,1,HK,0,41,1994,6,0
G.RF1.CSEperm1,13,G.RF1,0,HK,0,160,1994,6,0
G.RF1.CSEperm1,15,G.RF1,0,HK,0,123,1994,6,0
G.RF1.CSEperm1,16,G.RF1,0,HK,0,8,1994,6,0
G.RF1.CSEperm1,17,G.RF1,1,HK,0,5,1994,6,0
G.RF1.CSEperm1,19,G.RF1,0,HK,0,2,1994,6,0
G.RF1.CSEperm1,21,G.RF1,0,HK,0,4,1994,6,0
G.RF1.CSEperm1,22,G.RF1,0,HK,0,21,1994,6,0
G.RF1.CSEperm1,0,G.RF1,0,HK,0,7,1994,7,0
G.RF1.CSEperm1,3,G.RF1,2,HK,1,157,1994,7,0
G.RF1.CSEperm1,4,G.RF1,0,HK,3,165,1994,7,0
G.RF1.CSEperm1,6,G.RF1,0,HK,0,1,1994,7,0
G.RF1.CSEperm1,9,G.RF1,0,HK,0,164,1994,7,0
G.RF1.CSEperm1,11,G.RF1,0,HK,1,61,1994,7,0
G.RF1.CSEperm1,12,G.RF1,0,HK,0,41,1994,7,0
G.RF1.CSEperm1,13,G.RF1,0,HK,0,160,1994,7,0
G.RF1.CSEperm1,15,G.RF1,0,HK,0,123,1994,7,0
G.RF1.CSEperm1,16,G.RF1,0,HK,0,8,1994,7,0
G.RF1.CSEperm1,17,G.RF1,0,HK,0,5,1994,7,0
G.RF1.CSEperm1,19,G.RF1,0,HK,0,2,1994,7,0
G.RF1.CSEperm1,21,G.RF1,0,HK,0,4,1994,7,0
G.RF1.CSEperm1,22,G.RF1,0,HK,0,21,1994,7,0
G.RF1.CSEperm1,0,G.RF1,0,HK,1,7,1994,8,0
G.RF1.CSEperm1,3,G.RF1,4,HK,0,157,1994,8,0
G.RF1.CSEperm1,4,G.RF1,0,HK,2,165,1994,8,0
G.RF1.CSEperm1,5,G.RF1,0,HK,0,1,1994,8,0
G.RF1.CSEperm1,6,G.RF1,0,HK,0,1,1994,8,0
G.RF1.CSEperm1,7,G.RF1,0,HK,0,21,1994,8,0
G.RF1.CSEperm1,9,G.RF1,0,HK,0,164,1994,8,0
G.RF1.CSEperm1,11,G.RF1,0,HK,1,61,1994,8,0
G.RF1.CSEperm1,12,G.RF1,0,HK,0,41,1994,8,0
G.RF1.CSEperm1,13,G.RF1,0,HK,0,160,1994,8,0
G.RF1.CSEperm1,15,G.RF1,0,HK,0,123,1994,8,0
G.RF1.CSEperm1,16,G.RF1,0,HK,0,8,1994,8,0
G.RF1.CSEperm1,17,G.RF1,0,HK,0,5,1994,8,0
G.RF1.CSEperm1,19,G.RF1,0,HK,0,2,1994,8,0
G.RF1.CSEperm1,21,G.RF1,0,HK,0,4,1994,8,0
G.RF1.CSEperm1,22,G.RF1,0,HK,0,21,1994,8,0
G.RF1.CSEperm1,0,G.RF1,0,HK,1,7,1994,9,0
G.RF1.CSEperm1,1,G.RF1,0,HK,0,113,1994,9,0
G.RF1.CSEperm1,3,G.RF1,2,HK,0,157,1994,9,0
G.RF1.CSEperm1,4,G.RF1,0,HK,2,165,1994,9,0
G.RF1.CSEperm1,5,G.RF1,0,HK,0,1,1994,9,0
G.RF1.CSEperm1,6,G.RF1,0,HK,0,1,1994,9,0
G.RF1.CSEperm1,7,G.RF1,0,HK,0,21,1994,9,0
G.RF1.CSEperm1,9,G.RF1,0,HK,0,164,1994,9,0
G.RF1.CSEperm1,11,G.RF1,0,HK,2,61,1994,9,0
G.RF1.CSEperm1,12,G.RF1,0,HK,0,41,1994,9,0
G.RF1.CSEperm1,13,G.RF1,0,HK,0,160,1994,9,0
G.RF1.CSEperm1,15,G.RF1,0,HK,0,123,1994,9,0
G.RF1.CSEperm1,16,G.RF1,0,HK,0,8,1994,9,0
G.RF1.CSEperm1,17,G.RF1,1,HK,0,5,1994,9,0
G.RF1.CSEperm1,18,G.RF1,0,HK,0,33,1994,9,1
G.RF1.CSEperm1,19,G.RF1,0,HK,0,2,1994,9,0
G.RF1.CSEperm1,21,G.RF1,0,HK,0,4,1994,9,0
G.RF1.CSEperm1,22,G.RF1,0,HK,0,21,1994,9,0
G.RF1.CSEperm1,0,G.RF1,0,HK,1,7,1994,10,0
G.RF1.CSEperm1,1,G.RF1,0,HK,0,113,1994,10,0
G.RF1.CSEperm1,3,G.RF1,3,HK,2,157,1994,10,0
G.RF1.CSEperm1,4,G.RF1,0,HK,3,165,1994,10,0
G.RF1.CSEperm1,5,G.RF1,0,HK,0,1,1994,10,0
G.RF1.CSEperm1,6,G.RF1,0,HK,0,1,1994,10,0
G.RF1.CSEperm1,7,G.RF1,0,HK,0,21,1994,10,0
G.RF1.CSEperm1,9,G.RF1,0,HK,0,164,1994,10,0
G.RF1.CSEperm1,10,G.RF1,3,HK,1,150,1994,10,3
G.RF1.CSEperm1,11,G.RF1,0,HK,2,61,1994,10,1
G.RF1.CSEperm1,12,G.RF1,1,HK,0,41,1994,10,0
G.RF1.CSEperm1,13,G.RF1,0,HK,0,160,1994,10,0
G.RF1.CSEperm1,14,G.RF1,1,HK,0,60,1994,10,0
G.RF1.CSEperm1,15,G.RF1,0,HK,0,123,1994,10,0
G.RF1.CSEperm1,16,G.RF1,0,HK,0,8,1994,10,0
G.RF1.CSEperm1,17,G.RF1,0,HK,0,5,1994,10,1
G.RF1.CSEperm1,18,G.RF1,1,HK,0,33,1994,10,0
G.RF1.CSEperm1,19,G.RF1,0,HK,0,2,1994,10,0
G.RF1.CSEperm1,21,G.RF1,0,HK,0,4,1994,10,0
G.RF1.CSEperm1,22,G.RF1,0,HK,2,21,1994,10,0
G.RF1.CSEperm1,0,G.RF1,0,HK,1,7,1994,11,0
G.RF1.CSEperm1,1,G.RF1,0,HK,0,113,1994,11,0
G.RF1.CSEperm1,2,G.RF1,0,HK,4,182,1994,11,0
G.RF1.CSEperm1,3,G.RF1,4,HK,1,157,1994,11,1
G.RF1.CSEperm1,4,G.RF1,0,HK,1,165,1994,11,1
G.RF1.CSEperm1,5,G.RF1,0,HK,0,1,1994,11,0
G.RF1.CSEperm1,6,G.RF1,0,HK,0,1,1994,11,0
G.RF1.CSEperm1,7,G.RF1,0,HK,0,21,1994,11,0
G.RF1.CSEperm1,8,G.RF1,0,HK,1,153,1994,11,0
G.RF1.CSEperm1,9,G.RF1,0,HK,0,164,1994,11,0
G.RF1.CSEperm1,10,G.RF1,5,HK,1,150,1994,11,3
G.RF1.CSEperm1,11,G.RF1,0,HK,3,61,1994,11,3
G.RF1.CSEperm1,12,G.RF1,1,HK,0,41,1994,11,0
G.RF1.CSEperm1,13,G.RF1,0,HK,0,160,1994,11,0
G.RF1.CSEperm1,14,G.RF1,0,HK,0,60,1994,11,0
G.RF1.CSEperm1,15,G.RF1,0,HK,0,123,1994,11,0
G.RF1.CSEperm1,16,G.RF1,0,HK,0,8,1994,11,0
G.RF1.CSEperm1,17,G.RF1,1,HK,0,5,1994,11,0
G.RF1.CSEperm1,18,G.RF1,3,HK,0,33,1994,11,1
G.RF1.CSEperm1,19,G.RF1,0,HK,0,2,1994,11,1
G.RF1.CSEperm1,20,G.RF1,5,HK,0,66,1994,11,4
G.RF1.CSEperm1,21,G.RF1,0,HK,0,4,1994,11,0
G.RF1.CSEperm1,22,G.RF1,0,HK,1,21,1994,11,0
G.RF1.CSEperm1,9,G.RF1,0,HK,0,164,1995,1,0
G.RF1.CSEperm1,13,G.RF1,0,HK,0,160,1995,1,0
G.RF1.CSEperm1,9,G.RF1,0,HK,0,164,1995,2,0
G.RF1.CSEperm1,13,G.RF1,0,HK,0,160,1995,2,0
G.RF1.CSEperm1,14,G.RF1,0,HK,0,60,1995,2,0
G.RF1.CSEperm1,16,G.RF1,0,HK,0,8,1995,2,0
G.RF1.CSEperm1,5,G.RF1,0,HK,0,1,1995,3,0
G.RF1.CSEperm1,9,G.RF1,0,HK,0,164,1995,3,0
G.RF1.CSEperm1,13,G.RF1,0,HK,0,160,1995,3,0
G.RF1.CSEperm1,14,G.RF1,0,HK,0,60,1995,3,0
G.RF1.CSEperm1,15,G.RF1,0,HK,0,123,1995,3,0
G.RF1.CSEperm1,16,G.RF1,0,HK,0,8,1995,3,0
G.RF1.CSEperm1,1,G.RF1,0,HK,0,113,1995,4,0
G.RF1.CSEperm1,5,G.RF1,0,HK,0,1,1995,4,0
G.RF1.CSEperm1,9,G.RF1,0,HK,0,164,1995,4,0
G.RF1.CSEperm1,12,G.RF1,0,HK,0,41,1995,4,0
G.RF1.CSEperm1,13,G.RF1,0,HK,0,160,1995,4,0
G.RF1.CSEperm1,14,G.RF1,0,HK,0,60,1995,4,0
G.RF1.CSEperm1,15,G.RF1,0,HK,0,123,1995,4,0
G.RF1.CSEperm1,16,G.RF1,0,HK,0,8,1995,4,0
G.RF1.CSEperm1,1,G.RF1,0,HK,0,113,1995,5,0
G.RF1.CSEperm1,5,G.RF1,0,HK,0,1,1995,5,0
G.RF1.CSEperm1,8,G.RF1,0,HK,0,153,1995,5,0
G.RF1.CSEperm1,9,G.RF1,0,HK,0,164,1995,5,0
G.RF1.CSEperm1,12,G.RF1,0,HK,0,41,1995,5,0
G.RF1.CSEperm1,13,G.RF1,1,HK,0,160,1995,5,0
G.RF1.CSEperm1,14,G.RF1,0,HK,0,60,1995,5,0
G.RF1.CSEperm1,15,G.RF1,0,HK,0,123,1995,5,0
G.RF1.CSEperm1,16,G.RF1,0,HK,0,8,1995,5,0
G.RF1.CSEperm1,22,G.RF1,0,HK,0,21,1995,5,0
G.RF1.CSEperm1,1,G.RF1,0,HK,0,113,1995,6,0
G.RF1.CSEperm1,5,G.RF1,0,HK,0,1,1995,6,0
G.RF1.CSEperm1,8,G.RF1,0,HK,0,153,1995,6,0
G.RF1.CSEperm1,9,G.RF1,0,HK,0,164,1995,6,0
G.RF1.CSEperm1,12,G.RF1,0,HK,0,41,1995,6,0
G.RF1.CSEperm1,13,G.RF1,0,HK,0,160,1995,6,0
G.RF1.CSEperm1,14,G.RF1,0,HK,1,60,1995,6,0
G.RF1.CSEperm1,15,G.RF1,0,HK,0,123,1995,6,0
G.RF1.CSEperm1,16,G.RF1,0,HK,0,8,1995,6,0
G.RF1.CSEperm1,17,G.RF1,0,HK,0,5,1995,6,0
G.RF1.CSEperm1,19,G.RF1,0,HK,0,2,1995,6,0
G.RF1.CSEperm1,22,G.RF1,0,HK,0,21,1995,6,0
G.RF1.CSEperm1,1,G.RF1,0,HK,0,113,1995,7,0
G.RF1.CSEperm1,5,G.RF1,0,HK,0,1,1995,7,0
G.RF1.CSEperm1,6,G.RF1,0,HK,0,1,1995,7,0
G.RF1.CSEperm1,8,G.RF1,0,HK,0,153,1995,7,0
G.RF1.CSEperm1,9,G.RF1,0,HK,0,164,1995,7,0
G.RF1.CSEperm1,12,G.RF1,0,HK,0,41,1995,7,0
G.RF1.CSEperm1,13,G.RF1,0,HK,0,160,1995,7,0
G.RF1.CSEperm1,14,G.RF1,0,HK,0,60,1995,7,0
G.RF1.CSEperm1,15,G.RF1,0,HK,0,123,1995,7,0
G.RF1.CSEperm1,16,G.RF1,0,HK,0,8,1995,7,0
G.RF1.CSEperm1,17,G.RF1,0,HK,0,5,1995,7,0
G.RF1.CSEperm1,18,G.RF1,0,HK,0,33,1995,7,1
G.RF1.CSEperm1,19,G.RF1,0,HK,0,2,1995,7,0
G.RF1.CSEperm1,22,G.RF1,0,HK,0,21,1995,7,0
G.RF1.CSEperm1,0,G.RF1,0,HK,0,7,1995,8,0
G.RF1.CSEperm1,1,G.RF1,0,HK,0,113,1995,8,0
G.RF1.CSEperm1,5,G.RF1,0,HK,0,1,1995,8,0
G.RF1.CSEperm1,6,G.RF1,0,HK,0,1,1995,8,0
G.RF1.CSEperm1,8,G.RF1,0,HK,0,153,1995,8,0
G.RF1.CSEperm1,9,G.RF1,0,HK,0,164,1995,8,0
G.RF1.CSEperm1,12,G.RF1,0,HK,0,41,1995,8,1
G.RF1.CSEperm1,13,G.RF1,0,HK,0,160,1995,8,0
G.RF1.CSEperm1,14,G.RF1,0,HK,0,60,1995,8,0
G.RF1.CSEperm1,15,G.RF1,0,HK,0,123,1995,8,0
G.RF1.CSEperm1,16,G.RF1,1,HK,0,8,1995,8,0
G.RF1.CSEperm1,17,G.RF1,0,HK,0,5,1995,8,0
G.RF1.CSEperm1,18,G.RF1,1,HK,0,33,1995,8,1
G.RF1.CSEperm1,19,G.RF1,0,HK,0,2,1995,8,0
G.RF1.CSEperm1,20,G.RF1,2,HK,0,66,1995,8,0
G.RF1.CSEperm1,22,G.RF1,0,HK,0,21,1995,8,0
G.RF1.CSEperm1,0,G.RF1,0,HK,0,7,1995,9,0
G.RF1.CSEperm1,1,G.RF1,0,HK,0,113,1995,9,0
G.RF1.CSEperm1,3,G.RF1,0,HK,0,157,1995,9,0
G.RF1.CSEperm1,5,G.RF1,0,HK,0,1,1995,9,0
G.RF1.CSEperm1,6,G.RF1,0,HK,0,1,1995,9,0
G.RF1.CSEperm1,8,G.RF1,0,HK,0,153,1995,9,0
G.RF1.CSEperm1,9,G.RF1,0,HK,0,164,1995,9,0
G.RF1.CSEperm1,11,G.RF1,2,HK,0,61,1995,9,0
G.RF1.CSEperm1,12,G.RF1,0,HK,0,41,1995,9,0
G.RF1.CSEperm1,13,G.RF1,0,HK,0,160,1995,9,0
G.RF1.CSEperm1,14,G.RF1,0,HK,0,60,1995,9,0
G.RF1.CSEperm1,15,G.RF1,0,HK,0,123,1995,9,0
G.RF1.CSEperm1,16,G.RF1,0,HK,0,8,1995,9,0
G.RF1.CSEperm1,17,G.RF1,0,HK,0,5,1995,9,0
G.RF1.CSEperm1,18,G.RF1,0,HK,0,33,1995,9,1
G.RF1.CSEperm1,19,G.RF1,0,HK,0,2,1995,9,0
G.RF1.CSEperm1,20,G.RF1,1,HK,0,66,1995,9,0
G.RF1.CSEperm1,22,G.RF1,0,HK,2,21,1995,9,0
G.RF1.CSEperm1,0,G.RF1,0,HK,0,7,1995,10,0
G.RF1.CSEperm1,1,G.RF1,0,HK,0,113,1995,10,0
G.RF1.CSEperm1,2,G.RF1,0,HK,0,182,1995,10,0
G.RF1.CSEperm1,3,G.RF1,0,HK,0,157,1995,10,0
G.RF1.CSEperm1,5,G.RF1,0,HK,0,1,1995,10,0
G.RF1.CSEperm1,6,G.RF1,0,HK,0,1,1995,10,0
G.RF1.CSEperm1,8,G.RF1,0,HK,0,153,1995,10,0
G.RF1.CSEperm1,9,G.RF1,0,HK,0,164,1995,10,0
G.RF1.CSEperm1,11,G.RF1,2,HK,1,61,1995,10,0
G.RF1.CSEperm1,12,G.RF1,0,HK,0,41,1995,10,0
G.RF1.CSEperm1,13,G.RF1,0,HK,0,160,1995,10,1
G.RF1.CSEperm1,14,G.RF1,0,HK,0,60,1995,10,0
G.RF1.CSEperm1,15,G.RF1,0,HK,0,123,1995,10,0
G.RF1.CSEperm1,16,G.RF1,0,HK,0,8,1995,10,0
G.RF1.CSEperm1,17,G.RF1,0,HK,0,5,1995,10,0
G.RF1.CSEperm1,18,G.RF1,1,HK,0,33,1995,10,1
G.RF1.CSEperm1,19,G.RF1,0,HK,0,2,1995,10,0
G.RF1.CSEperm1,20,G.RF1,1,HK,0,66,1995,10,1
G.RF1.CSEperm1,21,G.RF1,0,HK,0,4,1995,10,0
G.RF1.CSEperm1,22,G.RF1,0,HK,0,21,1995,10,0
G.RF1.CSEperm1,0,G.RF1,0,HK,0,7,1995,11,1
G.RF1.CSEperm1,1,G.RF1,0,HK,0,113,1995,11,0
G.RF1.CSEperm1,2,G.RF1,0,HK,2,182,1995,11,0
G.RF1.CSEperm1,3,G.RF1,1,HK,1,157,1995,11,0
G.RF1.CSEperm1,4,G.RF1,0,HK,2,165,1995,11,0
G.RF1.CSEperm1,5,G.RF1,0,HK,0,1,1995,11,0
G.RF1.CSEperm1,6,G.RF1,0,HK,0,1,1995,11,0
G.RF1.CSEperm1,7,G.RF1,0,HK,0,21,1995,11,0
G.RF1.CSEperm1,8,G.RF1,0,HK,0,153,1995,11,0
G.RF1.CSEperm1,9,G.RF1,0,HK,0,164,1995,11,0
G.RF1.CSEperm1,10,G.RF1,1,HK,0,150,1995,11,2
G.RF1.CSEperm1,11,G.RF1,1,HK,4,61,1995,11,1
G.RF1.CSEperm1,12,G.RF1,0,HK,0,41,1995,11,0
G.RF1.CSEperm1,13,G.RF1,0,HK,0,160,1995,11,1
G.RF1.CSEperm1,14,G.RF1,0,HK,0,60,1995,11,0
G.RF1.CSEperm1,15,G.RF1,0,HK,0,123,1995,11,0
G.RF1.CSEperm1,16,G.RF1,0,HK,0,8,1995,11,0
G.RF1.CSEperm1,17,G.RF1,0,HK,0,5,1995,11,1
G.RF1.CSEperm1,18,G.RF1,2,HK,0,33,1995,11,0
G.RF1.CSEperm1,19,G.RF1,0,HK,0,2,1995,11,0
G.RF1.CSEperm1,20,G.RF1,1,HK,0,66,1995,11,1
G.RF1.CSEperm1,21,G.RF1,0,HK,0,4,1995,11,0
G.RF1.CSEperm1,22,G.RF1,0,HK,0,21,1995,11,0
G.RF1.CSE1,0,G.RF1.CSEperm1,0,HK,0,7,1993,1,0
G.RF1.CSE1,4,G.RF1.CSEperm1,0,HK,0,165,1993,1,0
G.RF1.CSE1,0,G.RF1.CSEperm1,0,HK,0,7,1993,2,0
G.RF1.CSE1,4,G.RF1.CSEperm1,0,HK,0,165,1993,2,0
G.RF1.CSE1,8,G.RF1.CSEperm1,0,HK,0,153,1993,2,0
G.RF1.CSE1,12,G.RF1.CSEperm1,0,HK,0,41,1993,2,0
G.RF1.CSE1,0,G.RF1.CSEperm1,0,HK,0,7,1993,3,0
G.RF1.CSE1,2,G.RF1.CSEperm1,0,HK,0,182,1993,3,0
G.RF1.CSE1,4,G.RF1.CSEperm1,0,HK,0,165,1993,3,0
G.RF1.CSE1,8,G.RF1.CSEperm1,0,HK,0,153,1993,3,0
G.RF1.CSE1,11,G.RF1.CSEperm1,4,HK,0,61,1993,3,0
G.RF1.CSE1,12,G.RF1.CSEperm1,0,HK,1,41,1993,3,0
G.RF1.CSE1,0,G.RF1.CSEperm1,0,HK,0,7,1993,4,1
G.RF1.CSE1,2,G.RF1.CSEperm1,0,HK,0,182,1993,4,0
G.RF1.CSE1,3,G.RF1.CSEperm1,0,HK,10,157,1993,4,0
G.RF1.CSE1,4,G.RF1.CSEperm1,3,HK,0,165,1993,4,0
G.RF1.CSE1,8,G.RF1.CSEperm1,0,HK,0,153,1993,4,0
G.RF1.CSE1,11,G.RF1.CSEperm1,3,HK,0,61,1993,4,0
G.RF1.CSE1,12,G.RF1.CSEperm1,0,HK,1,41,1993,4,0
G.RF1.CSE1,17,G.RF1.CSEperm1,0,HK,0,5,1993,4,0
G.RF1.CSE1,0,G.RF1.CSEperm1,0,HK,0,7,1993,5,0
G.RF1.CSE1,2,G.RF1.CSEperm1,0,HK,0,182,1993,5,0
G.RF1.CSE1,3,G.RF1.CSEperm1,0,HK,9,157,1993,5,0
G.RF1.CSE1,4,G.RF1.CSEperm1,4,HK,0,165,1993,5,0
G.RF1.CSE1,8,G.RF1.CSEperm1,2,HK,0,153,1993,5,0
G.RF1.CSE1,11,G.RF1.CSEperm1,3,HK,0,61,1993,5,0
G.RF1.CSE1,12,G.RF1.CSEperm1,0,HK,0,41,1993,5,0
G.RF1.CSE1,16,G.RF1.CSEperm1,0,HK,0,8,1993,5,0
G.RF1.CSE1,17,G.RF1.CSEperm1,0,HK,0,5,1993,5,0
G.RF1.CSE1,21,G.RF1.CSEperm1,0,HK,0,4,1993,5,0
G.RF1.CSE1,0,G.RF1.CSEperm1,1,HK,0,7,1993,6,0
G.RF1.CSE1,2,G.RF1.CSEperm1,0,HK,0,182,1993,6,0
G.RF1.CSE1,3,G.RF1.CSEperm1,0,HK,9,157,1993,6,0
G.RF1.CSE1,4,G.RF1.CSEperm1,5,HK,0,165,1993,6,1
G.RF1.CSE1,8,G.RF1.CSEperm1,0,HK,0,153,1993,6,0
G.RF1.CSE1,11,G.RF1.CSEperm1,2,HK,0,61,1993,6,1
G.RF1.CSE1,12,G.RF1.CSEperm1,0,HK,0,41,1993,6,0
G.RF1.CSE1,13,G.RF1.CSEperm1,0,HK,1,160,1993,6,0
G.RF1.CSE1,16,G.RF1.CSEperm1,0,HK,1,8,1993,6,0
G.RF1.CSE1,17,G.RF1.CSEperm1,0,HK,0,5,1993,6,0
G.RF1.CSE1,21,G.RF1.CSEperm1,0,HK,0,4,1993,6,0
G.RF1.CSE1,22,G.RF1.CSEperm1,0,HK,0,21,1993,6,0
G.RF1.CSE1,0,G.RF1.CSEperm1,2,HK,0,7,1993,7,2
G.RF1.CSE1,2,G.RF1.CSEperm1,0,HK,0,182,1993,7,0
G.RF1.CSE1,3,G.RF1.CSEperm1,0,HK,13,157,1993,7,0
G.RF1.CSE1,4,G.RF1.CSEperm1,6,HK,0,165,1993,7,0
G.RF1.CSE1,8,G.RF1.CSEperm1,3,HK,0,153,1993,7,0
G.RF1.CSE1,11,G.RF1.CSEperm1,2,HK,0,61,1993,7,0
G.RF1.CSE1,12,G.RF1.CSEperm1,0,HK,0,41,1993,7,1
G.RF1.CSE1,13,G.RF1.CSEperm1,0,HK,1,160,1993,7,0
G.RF1.CSE1,14,G.RF1.CSEperm1,0,HK,0,60,1993,7,0
G.RF1.CSE1,16,G.RF1.CSEperm1,0,HK,2,8,1993,7,0
G.RF1.CSE1,17,G.RF1.CSEperm1,0,HK,0,5,1993,7,0
G.RF1.CSE1,18,G.RF1.CSEperm1,1,HK,0,33,1993,7,1
G.RF1.CSE1,21,G.RF1.CSEperm1,0,HK,0,4,1993,7,0
G.RF1.CSE1,22,G.RF1.CSEperm1,0,HK,0,21,1993,7,0
G.RF1.CSE1,0,G.RF1.CSEperm1,2,HK,0,7,1993,8,2
G.RF1.CSE1,2,G.RF1.CSEperm1,0,HK,0,182,1993,8,0
G.RF1.CSE1,3,G.RF1.CSEperm1,0,HK,11,157,1993,8,0
G.RF1.CSE1,4,G.RF1.CSEperm1,6,HK,0,165,1993,8,0
G.RF1.CSE1,8,G.RF1.CSEperm1,2,HK,0,153,1993,8,0
G.RF1.CSE1,9,G.RF1.CSEperm1,0,HK,0,164,1993,8,0
G.RF1.CSE1,11,G.RF1.CSEperm1,6,HK,0,61,1993,8,1
G.RF1.CSE1,12,G.RF1.CSEperm1,0,HK,1,41,1993,8,0
G.RF1.CSE1,13,G.RF1.CSEperm1,0,HK,1,160,1993,8,0
G.RF1.CSE1,14,G.RF1.CSEperm1,0,HK,0,60,1993,8,0
G.RF1.CSE1,16,G.RF1.CSEperm1,0,HK,1,8,1993,8,0
G.RF1.CSE1,17,G.RF1.CSEperm1,0,HK,0,5,1993,8,0
G.RF1.CSE1,18,G.RF1.CSEperm1,0,HK,2,33,1993,8,2
G.RF1.CSE1,19,G.RF1.CSEperm1,0,HK,0,2,1993,8,0
G.RF1.CSE1,21,G.RF1.CSEperm1,0,HK,0,4,1993,8,0
G.RF1.CSE1,22,G.RF1.CSEperm1,1,HK,0,21,1993,8,0
G.RF1.CSE1,0,G.RF1.CSEperm1,0,HK,0,7,1993,9,2
G.RF1.CSE1,2,G.RF1.CSEperm1,0,HK,0,182,1993,9,0
G.RF1.CSE1,3,G.RF1.CSEperm1,0,HK,13,157,1993,9,0
G.RF1.CSE1,4,G.RF1.CSEperm1,5,HK,0,165,1993,9,0
G.RF1.CSE1,6,G.RF1.CSEperm1,0,HK,0,1,1993,9,0
G.RF1.CSE1,8,G.RF1.CSEperm1,0,HK,0,153,1993,9,0
G.RF1.CSE1,9,G.RF1.CSEperm1,0,HK,0,164,1993,9,0
G.RF1.CSE1,11,G.RF1.CSEperm1,4,HK,0,61,1993,9,1
G.RF1.CSE1,12,G.RF1.CSEperm1,0,HK,0,41,1993,9,0
G.RF1.CSE1,13,G.RF1.CSEperm1,0,HK,0,160,1993,9,0
G.RF1.CSE1,14,G.RF1.CSEperm1,1,HK,0,60,1993,9,0
G.RF1.CSE1,15,G.RF1.CSEperm1,0,HK,0,123,1993,9,0
G.RF1.CSE1,16,G.RF1.CSEperm1,0,HK,1,8,1993,9,0
G.RF1.CSE1,17,G.RF1.CSEperm1,0,HK,0,5,1993,9,0
G.RF1.CSE1,18,G.RF1.CSEperm1,0,HK,3,33,1993,9,3
G.RF1.CSE1,19,G.RF1.CSEperm1,0,HK,0,2,1993,9,0
G.RF1.CSE1,21,G.RF1.CSEperm1,0,HK,0,4,1993,9,0
G.RF1.CSE1,22,G.RF1.CSEperm1,0,HK,0,21,1993,9,0
G.RF1.CSE1,0,G.RF1.CSEperm1,0,HK,0,7,1993,10,2
G.RF1.CSE1,2,G.RF1.CSEperm1,0,HK,0,182,1993,10,0
G.RF1.CSE1,3,G.RF1.CSEperm1,0,HK,14,157,1993,10,1
G.RF1.CSE1,4,G.RF1.CSEperm1,5,HK,0,165,1993,10,0
G.RF1.CSE1,5,G.RF1.CSEperm1,0,HK,0,1,1993,10,0
G.RF1.CSE1,6,G.RF1.CSEperm1,0,HK,0,1,1993,10,0
G.RF1.CSE1,8,G.RF1.CSEperm1,2,HK,0,153,1993,10,0
G.RF1.CSE1,9,G.RF1.CSEperm1,0,HK,0,164,1993,10,0
G.RF1.CSE1,11,G.RF1.CSEperm1,6,HK,0,61,1993,10,1
G.RF1.CSE1,12,G.RF1.CSEperm1,0,HK,0,41,1993,10,0
G.RF1.CSE1,13,G.RF1.CSEperm1,0,HK,0,160,1993,10,0
G.RF1.CSE1,14,G.RF1.CSEperm1,2,HK,0,60,1993,10,0
G.RF1.CSE1,15,G.RF1.CSEperm1,0,HK,1,123,1993,10,0
G.RF1.CSE1,16,G.RF1.CSEperm1,0,HK,1,8,1993,10,0
G.RF1.CSE1,17,G.RF1.CSEperm1,0,HK,0,5,1993,10,0
G.RF1.CSE1,18,G.RF1.CSEperm1,1,HK,3,33,1993,10,4
G.RF1.CSE1,19,G.RF1.CSEperm1,0,HK,0,2,1993,10,1
G.RF1.CSE1,20,G.RF1.CSEperm1,1,HK,4,66,1993,10,6
G.RF1.CSE1,21,G.RF1.CSEperm1,0,HK,0,4,1993,10,0
G.RF1.CSE1,22,G.RF1.CSEperm1,0,HK,1,21,1993,10,1
G.RF1.CSE1,0,G.RF1.CSEperm1,0,HK,0,7,1993,11,1
G.RF1.CSE1,1,G.RF1.CSEperm1,1,HK,0,113,1993,11,0
G.RF1.CSE1,2,G.RF1.CSEperm1,3,HK,0,182,1993,11,0
G.RF1.CSE1,3,G.RF1.CSEperm1,0,HK,14,157,1993,11,0
G.RF1.CSE1,4,G.RF1.CSEperm1,5,HK,0,165,1993,11,0
G.RF1.CSE1,5,G.RF1.CSEperm1,0,HK,0,1,1993,11,0
G.RF1.CSE1,6,G.RF1.CSEperm1,0,HK,0,1,1993,11,0
G.RF1.CSE1,7,G.RF1.CSEperm1,0,HK,0,21,1993,11,0
G.RF1.CSE1,8,G.RF1.CSEperm1,0,HK,1,153,1993,11,0
G.RF1.CSE1,9,G.RF1.CSEperm1,0,HK,0,164,1993,11,0
G.RF1.CSE1,10,G.RF1.CSEperm1,0,HK,18,150,1993,11,7
G.RF1.CSE1,11,G.RF1.CSEperm1,12,HK,0,61,1993,11,2
G.RF1.CSE1,12,G.RF1.CSEperm1,0,HK,2,41,1993,11,1
G.RF1.CSE1,13,G.RF1.CSEperm1,0,HK,0,160,1993,11,0
G.RF1.CSE1,14,G.RF1.CSEperm1,1,HK,0,60,1993,11,0
G.RF1.CSE1,15,G.RF1.CSEperm1,0,HK,1,123,1993,11,0
G.RF1.CSE1,16,G.RF1.CSEperm1,0,HK,0,8,1993,11,0
G.RF1.CSE1,17,G.RF1.CSEperm1,0,HK,0,5,1993,11,0
G.RF1.CSE1,18,G.RF1.CSEperm1,1,HK,1,33,1993,11,4
G.RF1.CSE1,19,G.RF1.CSEperm1,0,HK,0,2,1993,11,1
G.RF1.CSE1,20,G.RF1.CSEperm1,0,HK,4,66,1993,11,7
G.RF1.CSE1,21,G.RF1.CSEperm1,0,HK,0,4,1993,11,0
G.RF1.CSE1,22,G.RF1.CSEperm1,0,HK,1,21,1993,11,2
G.RF1.CSE1,16,G.RF1.CSEperm1,0,HK,0,8,1994,1,0
G.RF1.CSE1,22,G.RF1.CSEperm1,0,HK,0,21,1994,1,0
G.RF1.CSE1,12,G.RF1.CSEperm1,0,HK,0,41,1994,2,0
G.RF1.CSE1,13,G.RF1.CSEperm1,0,HK,1,160,1994,2,0
G.RF1.CSE1,16,G.RF1.CSEperm1,0,HK,0,8,1994,2,0
G.RF1.CSE1,22,G.RF1.CSEperm1,0,HK,0,21,1994,2,0
G.RF1.CSE1,4,G.RF1.CSEperm1,0,HK,0,165,1994,3,0
G.RF1.CSE1,12,G.RF1.CSEperm1,0,HK,0,41,1994,3,0
G.RF1.CSE1,13,G.RF1.CSEperm1,0,HK,2,160,1994,3,0
G.RF1.CSE1,16,G.RF1.CSEperm1,0,HK,0,8,1994,3,0
G.RF1.CSE1,21,G.RF1.CSEperm1,0,HK,0,4,1994,3,0
G.RF1.CSE1,22,G.RF1.CSEperm1,1,HK,0,21,1994,3,0
G.RF1.CSE1,4,G.RF1.CSEperm1,0,HK,0,165,1994,4,0
G.RF1.CSE1,12,G.RF1.CSEperm1,0,HK,1,41,1994,4,0
G.RF1.CSE1,13,G.RF1.CSEperm1,0,HK,2,160,1994,4,0
G.RF1.CSE1,16,G.RF1.CSEperm1,0,HK,0,8,1994,4,0
G.RF1.CSE1,17,G.RF1.CSEperm1,0,HK,0,5,1994,4,0
G.RF1.CSE1,19,G.RF1.CSEperm1,0,HK,0,2,1994,4,0
G.RF1.CSE1,21,G.RF1.CSEperm1,0,HK,0,4,1994,4,0
G.RF1.CSE1,22,G.RF1.CSEperm1,0,HK,0,21,1994,4,0
G.RF1.CSE1,4,G.RF1.CSEperm1,0,HK,0,165,1994,5,0
G.RF1.CSE1,6,G.RF1.CSEperm1,0,HK,0,1,1994,5,0
G.RF1.CSE1,11,G.RF1.CSEperm1,0,HK,0,61,1994,5,0
G.RF1.CSE1,12,G.RF1.CSEperm1,0,HK,1,41,1994,5,0
G.RF1.CSE1,13,G.RF1.CSEperm1,0,HK,0,160,1994,5,0
G.RF1.CSE1,16,G.RF1.CSEperm1,0,HK,0,8,1994,5,0
G.RF1.CSE1,17,G.RF1.CSEperm1,0,HK,0,5,1994,5,0
G.RF1.CSE1,19,G.RF1.CSEperm1,0,HK,0,2,1994,5,0
G.RF1.CSE1,21,G.RF1.CSEperm1,0,HK,0,4,1994,5,0
G.RF1.CSE1,22,G.RF1.CSEperm1,0,HK,0,21,1994,5,0
G.RF1.CSE1,3,G.RF1.CSEperm1,1,HK,6,157,1994,6,0
G.RF1.CSE1,4,G.RF1.CSEperm1,5,HK,0,165,1994,6,1
G.RF1.CSE1,6,G.RF1.CSEperm1,0,HK,0,1,1994,6,0
G.RF1.CSE1,11,G.RF1.CSEperm1,3,HK,0,61,1994,6,0
G.RF1.CSE1,12,G.RF1.CSEperm1,0,HK,1,41,1994,6,0
G.RF1.CSE1,13,G.RF1.CSEperm1,0,HK,0,160,1994,6,0
G.RF1.CSE1,15,G.RF1.CSEperm1,0,HK,0,123,1994,6,0
G.RF1.CSE1,16,G.RF1.CSEperm1,0,HK,1,8,1994,6,0
G.RF1.CSE1,17,G.RF1.CSEperm1,0,HK,0,5,1994,6,0
G.RF1.CSE1,19,G.RF1.CSEperm1,0,HK,0,2,1994,6,0
G.RF1.CSE1,21,G.RF1.CSEperm1,0,HK,0,4,1994,6,0
G.RF1.CSE1,22,G.RF1.CSEperm1,0,HK,0,21,1994,6,0
G.RF1.CSE1,0,G.RF1.CSEperm1,0,HK,0,7,1994,7,1
G.RF1.CSE1,3,G.RF1.CSEperm1,0,HK,7,157,1994,7,0
G.RF1.CSE1,4,G.RF1.CSEperm1,7,HK,0,165,1994,7,1
G.RF1.CSE1,6,G.RF1.CSEperm1,0,HK,0,1,1994,7,0
G.RF1.CSE1,9,G.RF1.CSEperm1,0,HK,0,164,1994,7,0
G.RF1.CSE1,11,G.RF1.CSEperm1,2,HK,0,61,1994,7,0
G.RF1.CSE1,12,G.RF1.CSEperm1,0,HK,0,41,1994,7,0
G.RF1.CSE1,13,G.RF1.CSEperm1,0,HK,1,160,1994,7,0
G.RF1.CSE1,15,G.RF1.CSEperm1,0,HK,0,123,1994,7,0
G.RF1.CSE1,16,G.RF1.CSEperm1,0,HK,0,8,1994,7,0
G.RF1.CSE1,17,G.RF1.CSEperm1,0,HK,0,5,1994,7,0
G.RF1.CSE1,19,G.RF1.CSEperm1,0,HK,0,2,1994,7,0
G.RF1.CSE1,21,G.RF1.CSEperm1,0,HK,0,4,1994,7,0
G.RF1.CSE1,22,G.RF1.CSEperm1,0,HK,0,21,1994,7,0
G.RF1.CSE1,0,G.RF1.CSEperm1,1,HK,0,7,1994,8,1
G.RF1.CSE1,3,G.RF1.CSEperm1,0,HK,10,157,1994,8,0
G.RF1.CSE1,4,G.RF1.CSEperm1,7,HK,0,165,1994,8,1
G.RF1.CSE1,5,G.RF1.CSEperm1,0,HK,0,1,1994,8,0
G.RF1.CSE1,6,G.RF1.CSEperm1,0,HK,0,1,1994,8,0
G.RF1.CSE1,7,G.RF1.CSEperm1,0,HK,0,21,1994,8,0
G.RF1.CSE1,9,G.RF1.CSEperm1,0,HK,0,164,1994,8,0
G.RF1.CSE1,11,G.RF1.CSEperm1,3,HK,0,61,1994,8,0
G.RF1.CSE1,12,G.RF1.CSEperm1,0,HK,0,41,1994,8,0
G.RF1.CSE1,13,G.RF1.CSEperm1,0,HK,0,160,1994,8,0
G.RF1.CSE1,15,G.RF1.CSEperm1,0,HK,0,123,1994,8,0
G.RF1.CSE1,16,G.RF1.CSEperm1,0,HK,0,8,1994,8,0
G.RF1.CSE1,17,G.RF1.CSEperm1,0,HK,0,5,1994,8,0
G.RF1.CSE1,19,G.RF1.CSEperm1,0,HK,0,2,1994,8,0
G.RF1.CSE1,21,G.RF1.CSEperm1,0,HK,0,4,1994,8,0
G.RF1.CSE1,22,G.RF1.CSEperm1,0,HK,0,21,1994,8,0
G.RF1.CSE1,0,G.RF1.CSEperm1,1,HK,0,7,1994,9,1
G.RF1.CSE1,1,G.RF1.CSEperm1,0,HK,0,113,1994,9,0
G.RF1.CSE1,3,G.RF1.CSEperm1,0,HK,8,157,1994,9,0
G.RF1.CSE1,4,G.RF1.CSEperm1,8,HK,0,165,1994,9,0
G.RF1.CSE1,5,G.RF1.CSEperm1,0,HK,0,1,1994,9,0
G.RF1.CSE1,6,G.RF1.CSEperm1,0,HK,0,1,1994,9,0
G.RF1.CSE1,7,G.RF1.CSEperm1,0,HK,0,21,1994,9,0
G.RF1.CSE1,9,G.RF1.CSEperm1,0,HK,0,164,1994,9,0
G.RF1.CSE1,11,G.RF1.CSEperm1,4,HK,0,61,1994,9,0
G.RF1.CSE1,12,G.RF1.CSEperm1,0,HK,0,41,1994,9,0
G.RF1.CSE1,13,G.RF1.CSEperm1,0,HK,1,160,1994,9,0
G.RF1.CSE1,15,G.RF1.CSEperm1,0,HK,0,123,1994,9,0
G.RF1.CSE1,16,G.RF1.CSEperm1,0,HK,1,8,1994,9,0
G.RF1.CSE1,17,G.RF1.CSEperm1,0,HK,0,5,1994,9,0
G.RF1.CSE1,18,G.RF1.CSEperm1,0,HK,0,33,1994,9,1
G.RF1.CSE1,19,G.RF1.CSEperm1,0,HK,0,2,1994,9,0
G.RF1.CSE1,21,G.RF1.CSEperm1,0,HK,0,4,1994,9,0
G.RF1.CSE1,22,G.RF1.CSEperm1,0,HK,0,21,1994,9,0
G.RF1.CSE1,0,G.RF1.CSEperm1,0,HK,0,7,1994,10,1
G.RF1.CSE1,1,G.RF1.CSEperm1,0,HK,0,113,1994,10,0
G.RF1.CSE1,3,G.RF1.CSEperm1,0,HK,8,157,1994,10,0
G.RF1.CSE1,4,G.RF1.CSEperm1,8,HK,0,165,1994,10,0
G.RF1.CSE1,5,G.RF1.CSEperm1,0,HK,0,1,1994,10,0
G.RF1.CSE1,6,G.RF1.CSEperm1,0,HK,0,1,1994,10,0
G.RF1.CSE1,7,G.RF1.CSEperm1,0,HK,0,21,1994,10,0
G.RF1.CSE1,9,G.RF1.CSEperm1,0,HK,0,164,1994,10,0
G.RF1.CSE1,10,G.RF1.CSEperm1,0,HK,11,150,1994,10,5
G.RF1.CSE1,11,G.RF1.CSEperm1,8,HK,0,61,1994,10,1
G.RF1.CSE1,12,G.RF1.CSEperm1,0,HK,2,41,1994,10,0
G.RF1.CSE1,13,G.RF1.CSEperm1,0,HK,0,160,1994,10,0
G.RF1.CSE1,14,G.RF1.CSEperm1,0,HK,1,60,1994,10,0
G.RF1.CSE1,15,G.RF1.CSEperm1,0,HK,0,123,1994,10,0
G.RF1.CSE1,16,G.RF1.CSEperm1,0,HK,0,8,1994,10,0
G.RF1.CSE1,17,G.RF1.CSEperm1,0,HK,0,5,1994,10,1
G.RF1.CSE1,18,G.RF1.CSEperm1,0,HK,1,33,1994,10,2
G.RF1.CSE1,19,G.RF1.CSEperm1,0,HK,0,2,1994,10,0
G.RF1.CSE1,21,G.RF1.CSEperm1,0,HK,0,4,1994,10,0
G.RF1.CSE1,22,G.RF1.CSEperm1,2,HK,0,21,1994,10,0
G.RF1.CSE1,0,G.RF1.CSEperm1,1,HK,0,7,1994,11,1
G.RF1.CSE1,1,G.RF1.CSEperm1,0,HK,0,113,1994,11,0
G.RF1.CSE1,2,G.RF1.CSEperm1,1,HK,0,182,1994,11,0
G.RF1.CSE1,3,G.RF1.CSEperm1,0,HK,10,157,1994,11,0
G.RF1.CSE1,4,G.RF1.CSEperm1,5,HK,0,165,1994,11,0
G.RF1.CSE1,5,G.RF1.CSEperm1,0,HK,0,1,1994,11,0
G.RF1.CSE1,6,G.RF1.CSEperm1,0,HK,0,1,1994,11,0
G.RF1.CSE1,7,G.RF1.CSEperm1,0,HK,0,21,1994,11,0
G.RF1.CSE1,8,G.RF1.CSEperm1,0,HK,0,153,1994,11,0
G.RF1.CSE1,9,G.RF1.CSEperm1,0,HK,0,164,1994,11,0
G.RF1.CSE1,10,G.RF1.CSEperm1,0,HK,12,150,1994,11,5
G.RF1.CSE1,11,G.RF1.CSEperm1,9,HK,0,61,1994,11,3
G.RF1.CSE1,12,G.RF1.CSEperm1,0,HK,2,41,1994,11,0
G.RF1.CSE1,13,G.RF1.CSEperm1,0,HK,0,160,1994,11,0
G.RF1.CSE1,14,G.RF1.CSEperm1,0,HK,0,60,1994,11,0
G.RF1.CSE1,15,G.RF1.CSEperm1,0,HK,0,123,1994,11,0
G.RF1.CSE1,16,G.RF1.CSEperm1,0,HK,0,8,1994,11,0
G.RF1.CSE1,17,G.RF1.CSEperm1,0,HK,1,5,1994,11,0
G.RF1.CSE1,18,G.RF1.CSEperm1,1,HK,2,33,1994,11,4
G.RF1.CSE1,19,G.RF1.CSEperm1,0,HK,0,2,1994,11,1
G.RF1.CSE1,20,G.RF1.CSEperm1,0,HK,5,66,1994,11,4
G.RF1.CSE1,21,G.RF1.CSEperm1,0,HK,0,4,1994,11,0
G.RF1.CSE1,22,G.RF1.CSEperm1,1,HK,0,21,1994,11,1
G.RF1.CSE1,9,G.RF1.CSEperm1,0,HK,0,164,1995,1,0
G.RF1.CSE1,13,G.RF1.CSEperm1,0,HK,0,160,1995,1,0
G.RF1.CSE1,9,G.RF1.CSEperm1,0,HK,0,164,1995,2,0
G.RF1.CSE1,13,G.RF1.CSEperm1,0,HK,0,160,1995,2,0
G.RF1.CSE1,14,G.RF1.CSEperm1,0,HK,0,60,1995,2,0
G.RF1.CSE1,16,G.RF1.CSEperm1,0,HK,0,8,1995,2,0
G.RF1.CSE1,5,G.RF1.CSEperm1,0,HK,0,1,1995,3,0
G.RF1.CSE1,9,G.RF1.CSEperm1,0,HK,0,164,1995,3,0
G.RF1.CSE1,13,G.RF1.CSEperm1,0,HK,0,160,1995,3,0
G.RF1.CSE1,14,G.RF1.CSEperm1,0,HK,0,60,1995,3,0
G.RF1.CSE1,15,G.RF1.CSEperm1,0,HK,0,123,1995,3,0
G.RF1.CSE1,16,G.RF1.CSEperm1,0,HK,0,8,1995,3,0
G.RF1.CSE1,1,G.RF1.CSEperm1,0,HK,0,113,1995,4,0
G.RF1.CSE1,5,G.RF1.CSEperm1,0,HK,0,1,1995,4,0
G.RF1.CSE1,9,G.RF1.CSEperm1,0,HK,0,164,1995,4,0
G.RF1.CSE1,12,G.RF1.CSEperm1,0,HK,0,41,1995,4,0
G.RF1.CSE1,13,G.RF1.CSEperm1,0,HK,0,160,1995,4,0
G.RF1.CSE1,14,G.RF1.CSEperm1,0,HK,0,60,1995,4,0
G.RF1.CSE1,15,G.RF1.CSEperm1,0,HK,0,123,1995,4,0
G.RF1.CSE1,16,G.RF1.CSEperm1,0,HK,0,8,1995,4,0
G.RF1.CSE1,1,G.RF1.CSEperm1,0,HK,0,113,1995,5,0
G.RF1.CSE1,5,G.RF1.CSEperm1,0,HK,0,1,1995,5,0
G.RF1.CSE1,8,G.RF1.CSEperm1,0,HK,0,153,1995,5,0
G.RF1.CSE1,9,G.RF1.CSEperm1,0,HK,0,164,1995,5,0
G.RF1.CSE1,12,G.RF1.CSEperm1,0,HK,0,41,1995,5,0
G.RF1.CSE1,13,G.RF1.CSEperm1,0,HK,2,160,1995,5,0
G.RF1.CSE1,14,G.RF1.CSEperm1,0,HK,0,60,1995,5,0
G.RF1.CSE1,15,G.RF1.CSEperm1,0,HK,0,123,1995,5,0
G.RF1.CSE1,16,G.RF1.CSEperm1,0,HK,0,8,1995,5,0
G.RF1.CSE1,22,G.RF1.CSEperm1,0,HK,0,21,1995,5,0
G.RF1.CSE1,1,G.RF1.CSEperm1,0,HK,0,113,1995,6,0
G.RF1.CSE1,5,G.RF1.CSEperm1,0,HK,0,1,1995,6,0
G.RF1.CSE1,8,G.RF1.CSEperm1,0,HK,0,153,1995,6,0
G.RF1.CSE1,9,G.RF1.CSEperm1,0,HK,0,164,1995,6,0
G.RF1.CSE1,12,G.RF1.CSEperm1,0,HK,0,41,1995,6,0
G.RF1.CSE1,13,G.RF1.CSEperm1,0,HK,1,160,1995,6,0
G.RF1.CSE1,14,G.RF1.CSEperm1,1,HK,0,60,1995,6,0
G.RF1.CSE1,15,G.RF1.CSEperm1,0,HK,0,123,1995,6,0
G.RF1.CSE1,16,G.RF1.CSEperm1,0,HK,0,8,1995,6,0
G.RF1.CSE1,17,G.RF1.CSEperm1,0,HK,0,5,1995,6,0
G.RF1.CSE1,19,G.RF1.CSEperm1,0,HK,0,2,1995,6,0
G.RF1.CSE1,22,G.RF1.CSEperm1,0,HK,0,21,1995,6,0
G.RF1.CSE1,1,G.RF1.CSEperm1,0,HK,0,113,1995,7,0
G.RF1.CSE1,5,G.RF1.CSEperm1,0,HK,0,1,1995,7,0
G.RF1.CSE1,6,G.RF1.CSEperm1,0,HK,0,1,1995,7,0
G.RF1.CSE1,8,G.RF1.CSEperm1,0,HK,0,153,1995,7,0
G.RF1.CSE1,9,G.RF1.CSEperm1,0,HK,0,164,1995,7,0
G.RF1.CSE1,12,G.RF1.CSEperm1,0,HK,0,41,1995,7,0
G.RF1.CSE1,13,G.RF1.CSEperm1,0,HK,0,160,1995,7,0
G.RF1.CSE1,14,G.RF1.CSEperm1,0,HK,0,60,1995,7,0
G.RF1.CSE1,15,G.RF1.CSEperm1,0,HK,0,123,1995,7,0
G.RF1.CSE1,16,G.RF1.CSEperm1,0,HK,0,8,1995,7,0
G.RF1.CSE1,17,G.RF1.CSEperm1,0,HK,0,5,1995,7,0
G.RF1.CSE1,18,G.RF1.CSEperm1,0,HK,0,33,1995,7,1
G.RF1.CSE1,19,G.RF1.CSEperm1,0,HK,0,2,1995,7,0
G.RF1.CSE1,22,G.RF1.CSEperm1,0,HK,0,21,1995,7,0
G.RF1.CSE1,0,G.RF1.CSEperm1,0,HK,0,7,1995,8,0
G.RF1.CSE1,1,G.RF1.CSEperm1,0,HK,0,113,1995,8,0
G.RF1.CSE1,5,G.RF1.CSEperm1,0,HK,0,1,1995,8,0
G.RF1.CSE1,6,G.RF1.CSEperm1,0,HK,0,1,1995,8,0
G.RF1.CSE1,8,G.RF1.CSEperm1,0,HK,0,153,1995,8,0
G.RF1.CSE1,9,G.RF1.CSEperm1,0,HK,0,164,1995,8,0
G.RF1.CSE1,12,G.RF1.CSEperm1,0,HK,0,41,1995,8,0
G.RF1.CSE1,13,G.RF1.CSEperm1,0,HK,0,160,1995,8,0
G.RF1.CSE1,14,G.RF1.CSEperm1,0,HK,0,60,1995,8,0
G.RF1.CSE1,15,G.RF1.CSEperm1,0,HK,0,123,1995,8,0
G.RF1.CSE1,16,G.RF1.CSEperm1,0,HK,0,8,1995,8,0
G.RF1.CSE1,17,G.RF1.CSEperm1,0,HK,0,5,1995,8,0
G.RF1.CSE1,18,G.RF1.CSEperm1,0,HK,0,33,1995,8,1
G.RF1.CSE1,19,G.RF1.CSEperm1,0,HK,0,2,1995,8,0
G.RF1.CSE1,20,G.RF1.CSEperm1,0,HK,2,66,1995,8,0
G.RF1.CSE1,22,G.RF1.CSEperm1,0,HK,0,21,1995,8,1
G.RF1.CSE1,0,G.RF1.CSEperm1,0,HK,0,7,1995,9,1
G.RF1.CSE1,1,G.RF1.CSEperm1,0,HK,0,113,1995,9,0
G.RF1.CSE1,3,G.RF1.CSEperm1,0,HK,0,157,1995,9,0
G.RF1.CSE1,5,G.RF1.CSEperm1,0,HK,0,1,1995,9,0
G.RF1.CSE1,6,G.RF1.CSEperm1,0,HK,0,1,1995,9,0
G.RF1.CSE1,8,G.RF1.CSEperm1,0,HK,0,153,1995,9,0
G.RF1.CSE1,9,G.RF1.CSEperm1,0,HK,0,164,1995,9,0
G.RF1.CSE1,11,G.RF1.CSEperm1,3,HK,0,61,1995,9,0
G.RF1.CSE1,12,G.RF1.CSEperm1,0,HK,2,41,1995,9,0
G.RF1.CSE1,13,G.RF1.CSEperm1,0,HK,0,160,1995,9,2
G.RF1.CSE1,14,G.RF1.CSEperm1,0,HK,0,60,1995,9,0
G.RF1.CSE1,15,G.RF1.CSEperm1,0,HK,0,123,1995,9,0
G.RF1.CSE1,16,G.RF1.CSEperm1,0,HK,0,8,1995,9,0
G.RF1.CSE1,17,G.RF1.CSEperm1,0,HK,0,5,1995,9,0
G.RF1.CSE1,18,G.RF1.CSEperm1,0,HK,0,33,1995,9,1
G.RF1.CSE1,19,G.RF1.CSEperm1,0,HK,0,2,1995,9,0
G.RF1.CSE1,20,G.RF1.CSEperm1,0,HK,2,66,1995,9,1
G.RF1.CSE1,22,G.RF1.CSEperm1,0,HK,0,21,1995,9,1
G.RF1.CSE1,0,G.RF1.CSEperm1,0,HK,0,7,1995,10,1
G.RF1.CSE1,1,G.RF1.CSEperm1,0,HK,0,113,1995,10,0
G.RF1.CSE1,2,G.RF1.CSEperm1,0,HK,0,182,1995,10,0
G.RF1.CSE1,3,G.RF1.CSEperm1,0,HK,0,157,1995,10,0
G.RF1.CSE1,5,G.RF1.CSEperm1,0,HK,0,1,1995,10,0
G.RF1.CSE1,6,G.RF1.CSEperm1,0,HK,0,1,1995,10,0
G.RF1.CSE1,8,G.RF1.CSEperm1,0,HK,0,153,1995,10,0
G.RF1.CSE1,9,G.RF1.CSEperm1,0,HK,0,164,1995,10,0
G.RF1.CSE1,11,G.RF1.CSEperm1,3,HK,0,61,1995,10,0
G.RF1.CSE1,12,G.RF1.CSEperm1,0,HK,2,41,1995,10,0
G.RF1.CSE1,13,G.RF1.CSEperm1,0,HK,0,160,1995,10,1
G.RF1.CSE1,14,G.RF1.CSEperm1,0,HK,0,60,1995,10,0
G.RF1.CSE1,15,G.RF1.CSEperm1,0,HK,0,123,1995,10,0
G.RF1.CSE1,16,G.RF1.CSEperm1,0,HK,0,8,1995,10,0
G.RF1.CSE1,17,G.RF1.CSEperm1,0,HK,0,5,1995,10,0
G.RF1.CSE1,18,G.RF1.CSEperm1,0,HK,0,33,1995,10,1
G.RF1.CSE1,19,G.RF1.CSEperm1,0,HK,0,2,1995,10,0
G.RF1.CSE1,20,G.RF1.CSEperm1,0,HK,1,66,1995,10,1
G.RF1.CSE1,21,G.RF1.CSEperm1,0,HK,0,4,1995,10,0
G.RF1.CSE1,22,G.RF1.CSEperm1,0,HK,0,21,1995,10,0
G.RF1.CSE1,0,G.RF1.CSEperm1,0,HK,0,7,1995,11,1
G.RF1.CSE1,1,G.RF1.CSEperm1,0,HK,0,113,1995,11,0
G.RF1.CSE1,2,G.RF1.CSEperm1,2,HK,0,182,1995,11,0
G.RF1.CSE1,3,G.RF1.CSEperm1,0,HK,5,157,1995,11,0
G.RF1.CSE1,4,G.RF1.CSEperm1,3,HK,0,165,1995,11,0
G.RF1.CSE1,5,G.RF1.CSEperm1,0,HK,0,1,1995,11,0
G.RF1.CSE1,6,G.RF1.CSEperm1,0,HK,0,1,1995,11,0
G.RF1.CSE1,7,G.RF1.CSEperm1,0,HK,0,21,1995,11,0
G.RF1.CSE1,8,G.RF1.CSEperm1,0,HK,0,153,1995,11,0
G.RF1.CSE1,9,G.RF1.CSEperm1,0,HK,0,164,1995,11,0
G.RF1.CSE1,10,G.RF1.CSEperm1,0,HK,5,150,1995,11,2
G.RF1.CSE1,11,G.RF1.CSEperm1,8,HK,0,61,1995,11,0
G.RF1.CSE1,12,G.RF1.CSEperm1,0,HK,0,41,1995,11,1
G.RF1.CSE1,13,G.RF1.CSEperm1,0,HK,0,160,1995,11,0
G.RF1.CSE1,14,G.RF1.CSEperm1,0,HK,0,60,1995,11,0
G.RF1.CSE1,15,G.RF1.CSEperm1,0,HK,0,123,1995,11,0
G.RF1.CSE1,16,G.RF1.CSEperm1,0,HK,0,8,1995,11,1
G.RF1.CSE1,17,G.RF1.CSEperm1,0,HK,0,5,1995,11,1
G.RF1.CSE1,18,G.RF1.CSEperm1,1,HK,1,33,1995,11,0
G.RF1.CSE1,19,G.RF1.CSEperm1,0,HK,0,2,1995,11,0
G.RF1.CSE1,20,G.RF1.CSEperm1,0,HK,2,66,1995,11,1
G.RF1.CSE1,21,G.RF1.CSEperm1,0,HK,0,4,1995,11,0
G.RF1.CSE1,22,G.RF1.CSEperm1,0,HK,0,21,1995,11,0
B.RF1,0,B.SPLIT1,0,HK,0,7,1993,1,0
B.RF1,4,B.SPLIT1,0,HK,0,165,1993,1,0
B.RF1,0,B.SPLIT1,0,HK,1,7,1993,2,0
B.RF1,4,B.SPLIT1,0,HK,0,165,1993,2,0
B.RF1,8,B.SPLIT1,0,HK,0,153,1993,2,0
B.RF1,12,B.SPLIT1,1,HK,0,41,1993,2,0
B.RF1,0,B.SPLIT1,0,HK,0,7,1993,3,0
B.RF1,2,B.SPLIT1,0,HK,0,182,1993,3,0
B.RF1,4,B.SPLIT1,0,HK,0,165,1993,3,0
B.RF1,8,B.SPLIT1,0,HK,0,153,1993,3,0
B.RF1,11,B.SPLIT1,1,HK,1,61,1993,3,0
B.RF1,12,B.SPLIT1,0,HK,2,41,1993,3,0
B.RF1,0,B.SPLIT1,0,HK,1,7,1993,4,0
B.RF1,2,B.SPLIT1,0,HK,0,182,1993,4,0
B.RF1,3,B.SPLIT1,1,HK,2,157,1993,4,0
B.RF1,4,B.SPLIT1,1,HK,2,165,1993,4,0
B.RF1,8,B.SPLIT1,0,HK,1,153,1993,4,0
B.RF1,11,B.SPLIT1,1,HK,1,61,1993,4,2
B.RF1,12,B.SPLIT1,0,HK,1,41,1993,4,0
B.RF1,17,B.SPLIT1,0,HK,0,5,1993,4,0
B.RF1,0,B.SPLIT1,0,HK,0,7,1993,5,0
B.RF1,2,B.SPLIT1,0,HK,0,182,1993,5,0
B.RF1,3,B.SPLIT1,1,HK,3,157,1993,5,0
B.RF1,4,B.SPLIT1,0,HK,1,165,1993,5,0
B.RF1,8,B.SPLIT1,0,HK,0,153,1993,5,0
B.RF1,11,B.SPLIT1,2,HK,4,61,1993,5,3
B.RF1,12,B.SPLIT1,0,HK,1,41,1993,5,0
B.RF1,16,B.SPLIT1,0,HK,0,8,1993,5,1
B.RF1,17,B.SPLIT1,1,HK,0,5,1993,5,0
B.RF1,21,B.SPLIT1,0,HK,0,4,1993,5,0
B.RF1,0,B.SPLIT1,0,HK,0,7,1993,6,0
B.RF1,2,B.SPLIT1,0,HK,0,182,1993,6,0
B.RF1,3,B.SPLIT1,3,HK,1,157,1993,6,0
B.RF1,4,B.SPLIT1,1,HK,1,165,1993,6,0
B.RF1,8,B.SPLIT1,0,HK,0,153,1993,6,0
B.RF1,11,B.SPLIT1,1,HK,2,61,1993,6,4
B.RF1,12,B.SPLIT1,0,HK,0,41,1993,6,0
B.RF1,13,B.SPLIT1,0,HK,1,160,1993,6,0
B.RF1,16,B.SPLIT1,0,HK,0,8,1993,6,0
B.RF1,17,B.SPLIT1,1,HK,0,5,1993,6,0
B.RF1,21,B.SPLIT1,0,HK,0,4,1993,6,0
B.RF1,22,B.SPLIT1,1,HK,0,21,1993,6,0
B.RF1,0,B.SPLIT1,0,HK,0,7,1993,7,0
B.RF1,2,B.SPLIT1,0,HK,0,182,1993,7,0
B.RF1,3,B.SPLIT1,5,HK,1,157,1993,7,1
B.RF1,4,B.SPLIT1,1,HK,0,165,1993,7,0
B.RF1,8,B.SPLIT1,1,HK,0,153,1993,7,0
B.RF1,11,B.SPLIT1,2,HK,4,61,1993,7,3
B.RF1,12,B.SPLIT1,0,HK,0,41,1993,7,0
B.RF1,13,B.SPLIT1,0,HK,0,160,1993,7,1
B.RF1,14,B.SPLIT1,0,HK,0,60,1993,7,0
B.RF1,16,B.SPLIT1,0,HK,0,8,1993,7,0
B.RF1,17,B.SPLIT1,0,HK,0,5,1993,7,0
B.RF1,18,B.SPLIT1,1,HK,1,33,1993,7,0
B.RF1,21,B.SPLIT1,0,HK,0,4,1993,7,0
B.RF1,22,B.SPLIT1,0,HK,0,21,1993,7,0
B.RF1,0,B.SPLIT1,0,HK,0,7,1993,8,0
B.RF1,2,B.SPLIT1,0,HK,0,182,1993,8,0
B.RF1,3,B.SPLIT1,6,HK,1,157,1993,8,1
B.RF1,4,B.SPLIT1,1,HK,0,165,1993,8,0
B.RF1,8,B.SPLIT1,1,HK,0,153,1993,8,0
B.RF1,9,B.SPLIT1,0,HK,1,164,1993,8,0
B.RF1,11,B.SPLIT1,1,HK,1,61,1993,8,4
B.RF1,12,B.SPLIT1,0,HK,0,41,1993,8,0
B.RF1,13,B.SPLIT1,0,HK,1,160,1993,8,1
B.RF1,14,B.SPLIT1,0,HK,0,60,1993,8,0
B.RF1,16,B.SPLIT1,0,HK,0,8,1993,8,0
B.RF1,17,B.SPLIT1,0,HK,0,5,1993,8,0
B.RF1,18,B.SPLIT1,2,HK,1,33,1993,8,2
B.RF1,19,B.SPLIT1,0,HK,0,2,1993,8,0
B.RF1,21,B.SPLIT1,0,HK,0,4,1993,8,0
B.RF1,22,B.SPLIT1,0,HK,0,21,1993,8,0
B.RF1,0,B.SPLIT1,0,HK,0,7,1993,9,0
B.RF1,2,B.SPLIT1,0,HK,0,182,1993,9,0
B.RF1,3,B.SPLIT1,5,HK,1,157,1993,9,1
B.RF1,4,B.SPLIT1,1,HK,0,165,1993,9,0
B.RF1,6,B.SPLIT1,0,HK,0,1,1993,9,0
B.RF1,8,B.SPLIT1,0,HK,1,153,1993,9,0
B.RF1,9,B.SPLIT1,0,HK,0,164,1993,9,0
B.RF1,11,B.SPLIT1,1,HK,1,61,1993,9,3
B.RF1,12,B.SPLIT1,0,HK,0,41,1993,9,0
B.RF1,13,B.SPLIT1,0,HK,0,160,1993,9,2
B.RF1,14,B.SPLIT1,0,HK,0,60,1993,9,0
B.RF1,15,B.SPLIT1,0,HK,0,123,1993,9,0
B.RF1,16,B.SPLIT1,0,HK,0,8,1993,9,0
B.RF1,17,B.SPLIT1,1,HK,0,5,1993,9,0
B.RF1,18,B.SPLIT1,2,HK,0,33,1993,9,3
B.RF1,19,B.SPLIT1,0,HK,0,2,1993,9,0
B.RF1,21,B.SPLIT1,0,HK,0,4,1993,9,0
B.RF1,22,B.SPLIT1,1,HK,0,21,1993,9,0
B.RF1,0,B.SPLIT1,0,HK,0,7,1993,10,0
B.RF1,2,B.SPLIT1,0,HK,0,182,1993,10,0
B.RF1,3,B.SPLIT1,4,HK,3,157,1993,10,1
B.RF1,4,B.SPLIT1,1,HK,0,165,1993,10,0
B.RF1,5,B.SPLIT1,0,HK,0,1,1993,10,0
B.RF1,6,B.SPLIT1,0,HK,0,1,1993,10,0
B.RF1,8,B.SPLIT1,0,HK,0,153,1993,10,0
B.RF1,9,B.SPLIT1,0,HK,0,164,1993,10,0
B.RF1,11,B.SPLIT1,1,HK,1,61,1993,10,3
B.RF1,12,B.SPLIT1,0,HK,0,41,1993,10,0
B.RF1,13,B.SPLIT1,0,HK,0,160,1993,10,0
B.RF1,14,B.SPLIT1,1,HK,0,60,1993,10,0
B.RF1,15,B.SPLIT1,0,HK,0,123,1993,10,0
B.RF1,16,B.SPLIT1,0,HK,0,8,1993,10,0
B.RF1,17,B.SPLIT1,1,HK,0,5,1993,10,0
B.RF1,18,B.SPLIT1,1,HK,0,33,1993,10,3
B.RF1,19,B.SPLIT1,0,HK,0,2,1993,10,2
B.RF1,20,B.SPLIT1,4,HK,1,66,1993,10,6
B.RF1,21,B.SPLIT1,1,HK,0,4,1993,10,0
B.RF1,22,B.SPLIT1,0,HK,0,21,1993,10,1
B.RF1,0,B.SPLIT1,0,HK,0,7,1993,11,0
B.RF1,1,B.SPLIT1,0,HK,1,113,1993,11,0
B.RF1,2,B.SPLIT1,1,HK,1,182,1993,11,0
B.RF1,3,B.SPLIT1,7,HK,5,157,1993,11,1
B.RF1,4,B.SPLIT1,1,HK,1,165,1993,11,0
B.RF1,5,B.SPLIT1,0,HK,0,1,1993,11,0
B.RF1,6,B.SPLIT1,0,HK,0,1,1993,11,0
B.RF1,7,B.SPLIT1,0,HK,0,21,1993,11,0
B.RF1,8,B.SPLIT1,1,HK,1,153,1993,11,0
B.RF1,9,B.SPLIT1,0,HK,0,164,1993,11,0
B.RF1,10,B.SPLIT1,7,HK,2,150,1993,11,1
B.RF1,11,B.SPLIT1,2,HK,4,61,1993,11,5
B.RF1,12,B.SPLIT1,0,HK,0,41,1993,11,0
B.RF1,13,B.SPLIT1,0,HK,1,160,1993,11,0
B.RF1,14,B.SPLIT1,1,HK,0,60,1993,11,0
B.RF1,15,B.SPLIT1,0,HK,0,123,1993,11,0
B.RF1,16,B.SPLIT1,0,HK,0,8,1993,11,0
B.RF1,17,B.SPLIT1,0,HK,0,5,1993,11,0
B.RF1,18,B.SPLIT1,1,HK,0,33,1993,11,2
B.RF1,19,B.SPLIT1,0,HK,0,2,1993,11,1
B.RF1,20,B.SPLIT1,3,HK,2,66,1993,11,6
B.RF1,21,B.SPLIT1,0,HK,0,4,1993,11,0
B.RF1,22,B.SPLIT1,0,HK,0,21,1993,11,0
B.RF1,16,B.SPLIT1,0,HK,0,8,1994,1,0
B.RF1,22,B.SPLIT1,0,HK,0,21,1994,1,0
B.RF1,12,B.SPLIT1,0,HK,3,41,1994,2,0
B.RF1,13,B.SPLIT1,0,HK,0,160,1994,2,0
B.RF1,16,B.SPLIT1,2,HK,0,8,1994,2,0
B.RF1,22,B.SPLIT1,0,HK,0,21,1994,2,0
B.RF1,4,B.SPLIT1,0,HK,0,165,1994,3,0
B.RF1,12,B.SPLIT1,0,HK,4,41,1994,3,0
B.RF1,13,B.SPLIT1,0,HK,0,160,1994,3,0
B.RF1,16,B.SPLIT1,0,HK,0,8,1994,3,0
B.RF1,21,B.SPLIT1,0,HK,0,4,1994,3,0
B.RF1,22,B.SPLIT1,0,HK,1,21,1994,3,0
B.RF1,4,B.SPLIT1,0,HK,0,165,1994,4,0
B.RF1,12,B.SPLIT1,0,HK,4,41,1994,4,0
B.RF1,13,B.SPLIT1,0,HK,1,160,1994,4,0
B.RF1,16,B.SPLIT1,0,HK,0,8,1994,4,0
B.RF1,17,B.SPLIT1,0,HK,0,5,1994,4,0
B.RF1,19,B.SPLIT1,0,HK,0,2,1994,4,1
B.RF1,21,B.SPLIT1,1,HK,0,4,1994,4,0
B.RF1,22,B.SPLIT1,0,HK,1,21,1994,4,0
B.RF1,4,B.SPLIT1,0,HK,0,165,1994,5,0
B.RF1,6,B.SPLIT1,0,HK,0,1,1994,5,0
B.RF1,11,B.SPLIT1,2,HK,8,61,1994,5,1
B.RF1,12,B.SPLIT1,1,HK,1,41,1994,5,1
B.RF1,13,B.SPLIT1,1,HK,0,160,1994,5,0
B.RF1,16,B.SPLIT1,1,HK,0,8,1994,5,0
B.RF1,17,B.SPLIT1,0,HK,0,5,1994,5,0
B.RF1,19,B.SPLIT1,0,HK,0,2,1994,5,0
B.RF1,21,B.SPLIT1,0,HK,0,4,1994,5,0
B.RF1,22,B.SPLIT1,0,HK,1,21,1994,5,0
B.RF1,3,B.SPLIT1,0,HK,1,157,1994,6,0
B.RF1,4,B.SPLIT1,1,HK,6,165,1994,6,0
B.RF1,6,B.SPLIT1,0,HK,0,1,1994,6,0
B.RF1,11,B.SPLIT1,2,HK,7,61,1994,6,1
B.RF1,12,B.SPLIT1,1,HK,1,41,1994,6,0
B.RF1,13,B.SPLIT1,1,HK,0,160,1994,6,1
B.RF1,15,B.SPLIT1,0,HK,1,123,1994,6,0
B.RF1,16,B.SPLIT1,0,HK,0,8,1994,6,0
B.RF1,17,B.SPLIT1,0,HK,0,5,1994,6,0
B.RF1,19,B.SPLIT1,0,HK,0,2,1994,6,0
B.RF1,21,B.SPLIT1,0,HK,0,4,1994,6,0
B.RF1,22,B.SPLIT1,0,HK,0,21,1994,6,0
B.RF1,0,B.SPLIT1,0,HK,0,7,1994,7,0
B.RF1,3,B.SPLIT1,0,HK,3,157,1994,7,0
B.RF1,4,B.SPLIT1,0,HK,3,165,1994,7,0
B.RF1,6,B.SPLIT1,0,HK,0,1,1994,7,0
B.RF1,9,B.SPLIT1,0,HK,0,164,1994,7,0
B.RF1,11,B.SPLIT1,0,HK,5,61,1994,7,1
B.RF1,12,B.SPLIT1,0,HK,0,41,1994,7,1
B.RF1,13,B.SPLIT1,0,HK,0,160,1994,7,0
B.RF1,15,B.SPLIT1,0,HK,0,123,1994,7,0
B.RF1,16,B.SPLIT1,0,HK,1,8,1994,7,0
B.RF1,17,B.SPLIT1,0,HK,0,5,1994,7,0
B.RF1,19,B.SPLIT1,0,HK,0,2,1994,7,0
B.RF1,21,B.SPLIT1,0,HK,0,4,1994,7,0
B.RF1,22,B.SPLIT1,0,HK,2,21,1994,7,0
B.RF1,0,B.SPLIT1,0,HK,0,7,1994,8,0
B.RF1,3,B.SPLIT1,2,HK,2,157,1994,8,0
B.RF1,4,B.SPLIT1,0,HK,4,165,1994,8,0
B.RF1,5,B.SPLIT1,0,HK,0,1,1994,8,0
B.RF1,6,B.SPLIT1,0,HK,0,1,1994,8,0
B.RF1,7,B.SPLIT1,0,HK,0,21,1994,8,0
B.RF1,9,B.SPLIT1,0,HK,0,164,1994,8,0
B.RF1,11,B.SPLIT1,0,HK,5,61,1994,8,2
B.RF1,12,B.SPLIT1,0,HK,0,41,1994,8,1
B.RF1,13,B.SPLIT1,0,HK,0,160,1994,8,1
B.RF1,15,B.SPLIT1,0,HK,1,123,1994,8,0
B.RF1,16,B.SPLIT1,0,HK,1,8,1994,8,0
B.RF1,17,B.SPLIT1,1,HK,0,5,1994,8,0
B.RF1,19,B.SPLIT1,0,HK,0,2,1994,8,0
B.RF1,21,B.SPLIT1,0,HK,0,4,1994,8,0
B.RF1,22,B.SPLIT1,0,HK,2,21,1994,8,0
B.RF1,0,B.SPLIT1,0,HK,0,7,1994,9,0
B.RF1,1,B.SPLIT1,0,HK,0,113,1994,9,0
B.RF1,3,B.SPLIT1,3,HK,4,157,1994,9,0
B.RF1,4,B.SPLIT1,0,HK,4,165,1994,9,0
B.RF1,5,B.SPLIT1,0,HK,0,1,1994,9,0
B.RF1,6,B.SPLIT1,0,HK,0,1,1994,9,0
B.RF1,7,B.SPLIT1,0,HK,0,21,1994,9,0
B.RF1,9,B.SPLIT1,0,HK,0,164,1994,9,0
B.RF1,11,B.SPLIT1,1,HK,5,61,1994,9,3
B.RF1,12,B.SPLIT1,0,HK,0,41,1994,9,1
B.RF1,13,B.SPLIT1,0,HK,1,160,1994,9,1
B.RF1,15,B.SPLIT1,0,HK,0,123,1994,9,0
B.RF1,16,B.SPLIT1,1,HK,0,8,1994,9,0
B.RF1,17,B.SPLIT1,0,HK,0,5,1994,9,0
B.RF1,18,B.SPLIT1,0,HK,7,33,1994,9,0
B.RF1,19,B.SPLIT1,0,HK,0,2,1994,9,1
B.RF1,21,B.SPLIT1,0,HK,0,4,1994,9,0
B.RF1,22,B.SPLIT1,2,HK,2,21,1994,9,0
B.RF1,0,B.SPLIT1,0,HK,0,7,1994,10,0
B.RF1,1,B.SPLIT1,0,HK,0,113,1994,10,0
B.RF1,3,B.SPLIT1,2,HK,5,157,1994,10,1
B.RF1,4,B.SPLIT1,0,HK,5,165,1994,10,0
B.RF1,5,B.SPLIT1,0,HK,0,1,1994,10,0
B.RF1,6,B.SPLIT1,0,HK,0,1,1994,10,0
B.RF1,7,B.SPLIT1,0,HK,0,21,1994,10,0
B.RF1,9,B.SPLIT1,0,HK,0,164,1994,10,0
B.RF1,10,B.SPLIT1,2,HK,6,150,1994,10,2
B.RF1,11,B.SPLIT1,1,HK,8,61,1994,10,5
B.RF1,12,B.SPLIT1,0,HK,1,41,1994,10,0
B.RF1,13,B.SPLIT1,0,HK,1,160,1994,10,1
B.RF1,14,B.SPLIT1,0,HK,0,60,1994,10,0
B.RF1,15,B.SPLIT1,0,HK,0,123,1994,10,0
B.RF1,16,B.SPLIT1,0,HK,0,8,1994,10,0
B.RF1,17,B.SPLIT1,0,HK,0,5,1994,10,0
B.RF1,18,B.SPLIT1,0,HK,6,33,1994,10,1
B.RF1,19,B.SPLIT1,0,HK,0,2,1994,10,2
B.RF1,21,B.SPLIT1,0,HK,0,4,1994,10,0
B.RF1,22,B.SPLIT1,1,HK,2,21,1994,10,0
B.RF1,0,B.SPLIT1,0,HK,0,7,1994,11,0
B.RF1,1,B.SPLIT1,0,HK,4,113,1994,11,0
B.RF1,2,B.SPLIT1,0,HK,19,182,1994,11,0
B.RF1,3,B.SPLIT1,2,HK,7,157,1994,11,0
B.RF1,4,B.SPLIT1,0,HK,5,165,1994,11,0
B.RF1,5,B.SPLIT1,0,HK,0,1,1994,11,0
B.RF1,6,B.SPLIT1,0,HK,0,1,1994,11,0
B.RF1,7,B.SPLIT1,0,HK,0,21,1994,11,0
B.RF1,8,B.SPLIT1,0,HK,3,153,1994,11,0
B.RF1,9,B.SPLIT1,0,HK,0,164,1994,11,0
B.RF1,10,B.SPLIT1,4,HK,6,150,1994,11,2
B.RF1,11,B.SPLIT1,1,HK,9,61,1994,11,4
B.RF1,12,B.SPLIT1,1,HK,1,41,1994,11,0
B.RF1,13,B.SPLIT1,1,HK,1,160,1994,11,2
B.RF1,14,B.SPLIT1,0,HK,1,60,1994,11,0
B.RF1,15,B.SPLIT1,0,HK,0,123,1994,11,0
B.RF1,16,B.SPLIT1,0,HK,0,8,1994,11,0
B.RF1,17,B.SPLIT1,0,HK,0,5,1994,11,1
B.RF1,18,B.SPLIT1,1,HK,4,33,1994,11,4
B.RF1,19,B.SPLIT1,0,HK,0,2,1994,11,2
B.RF1,20,B.SPLIT1,3,HK,10,66,1994,11,8
B.RF1,21,B.SPLIT1,1,HK,0,4,1994,11,0
B.RF1,22,B.SPLIT1,2,HK,1,21,1994,11,1
B.RF1,9,B.SPLIT1,0,HK,0,164,1995,1,0
B.RF1,13,B.SPLIT1,0,HK,0,160,1995,1,0
B.RF1,9,B.SPLIT1,0,HK,0,164,1995,2,0
B.RF1,13,B.SPLIT1,0,HK,1,160,1995,2,0
B.RF1,14,B.SPLIT1,0,HK,0,60,1995,2,0
B.RF1,16,B.SPLIT1,0,HK,0,8,1995,2,0
B.RF1,5,B.SPLIT1,0,HK,0,1,1995,3,0
B.RF1,9,B.SPLIT1,0,HK,0,164,1995,3,0
B.RF1,13,B.SPLIT1,0,HK,0,160,1995,3,0
B.RF1,14,B.SPLIT1,0,HK,0,60,1995,3,0
B.RF1,15,B.SPLIT1,1,HK,0,123,1995,3,0
B.RF1,16,B.SPLIT1,0,HK,0,8,1995,3,0
B.RF1,1,B.SPLIT1,0,HK,0,113,1995,4,0
B.RF1,5,B.SPLIT1,0,HK,0,1,1995,4,0
B.RF1,9,B.SPLIT1,0,HK,0,164,1995,4,0
B.RF1,12,B.SPLIT1,0,HK,1,41,1995,4,0
B.RF1,13,B.SPLIT1,0,HK,2,160,1995,4,0
B.RF1,14,B.SPLIT1,0,HK,0,60,1995,4,0
B.RF1,15,B.SPLIT1,0,HK,0,123,1995,4,0
B.RF1,16,B.SPLIT1,0,HK,0,8,1995,4,0
B.RF1,1,B.SPLIT1,0,HK,0,113,1995,5,0
B.RF1,5,B.SPLIT1,0,HK,0,1,1995,5,0
B.RF1,8,B.SPLIT1,1,HK,0,153,1995,5,0
B.RF1,9,B.SPLIT1,0,HK,0,164,1995,5,0
B.RF1,12,B.SPLIT1,0,HK,1,41,1995,5,0
B.RF1,13,B.SPLIT1,0,HK,1,160,1995,5,1
B.RF1,14,B.SPLIT1,0,HK,0,60,1995,5,0
B.RF1,15,B.SPLIT1,0,HK,0,123,1995,5,0
B.RF1,16,B.SPLIT1,0,HK,0,8,1995,5,0
B.RF1,22,B.SPLIT1,0,HK,0,21,1995,5,0
B.RF1,1,B.SPLIT1,0,HK,0,113,1995,6,0
B.RF1,5,B.SPLIT1,0,HK,0,1,1995,6,0
B.RF1,8,B.SPLIT1,0,HK,0,153,1995,6,0
B.RF1,9,B.SPLIT1,0,HK,0,164,1995,6,0
B.RF1,12,B.SPLIT1,0,HK,2,41,1995,6,0
B.RF1,13,B.SPLIT1,0,HK,1,160,1995,6,1
B.RF1,14,B.SPLIT1,0,HK,0,60,1995,6,0
B.RF1,15,B.SPLIT1,0,HK,0,123,1995,6,0
B.RF1,16,B.SPLIT1,0,HK,0,8,1995,6,0
B.RF1,17,B.SPLIT1,1,HK,0,5,1995,6,0
B.RF1,19,B.SPLIT1,0,HK,0,2,1995,6,0
B.RF1,22,B.SPLIT1,0,HK,0,21,1995,6,0
B.RF1,1,B.SPLIT1,0,HK,0,113,1995,7,0
B.RF1,5,B.SPLIT1,0,HK,0,1,1995,7,0
B.RF1,6,B.SPLIT1,0,HK,0,1,1995,7,0
B.RF1,8,B.SPLIT1,1,HK,0,153,1995,7,0
B.RF1,9,B.SPLIT1,0,HK,0,164,1995,7,0
B.RF1,12,B.SPLIT1,0,HK,0,41,1995,7,0
B.RF1,13,B.SPLIT1,0,HK,2,160,1995,7,1
B.RF1,14,B.SPLIT1,0,HK,0,60,1995,7,0
B.RF1,15,B.SPLIT1,0,HK,0,123,1995,7,0
B.RF1,16,B.SPLIT1,0,HK,0,8,1995,7,0
B.RF1,17,B.SPLIT1,0,HK,1,5,1995,7,0
B.RF1,18,B.SPLIT1,0,HK,0,33,1995,7,1
B.RF1,19,B.SPLIT1,0,HK,0,2,1995,7,0
B.RF1,22,B.SPLIT1,0,HK,0,21,1995,7,0
B.RF1,0,B.SPLIT1,0,HK,0,7,1995,8,0
B.RF1,1,B.SPLIT1,0,HK,0,113,1995,8,0
B.RF1,5,B.SPLIT1,0,HK,0,1,1995,8,0
B.RF1,6,B.SPLIT1,0,HK,0,1,1995,8,0
B.RF1,8,B.SPLIT1,0,HK,0,153,1995,8,0
B.RF1,9,B.SPLIT1,0,HK,0,164,1995,8,0
B.RF1,12,B.SPLIT1,0,HK,0,41,1995,8,0
B.RF1,13,B.SPLIT1,0,HK,2,160,1995,8,0
B.RF1,14,B.SPLIT1,0,HK,0,60,1995,8,0
B.RF1,15,B.SPLIT1,0,HK,0,123,1995,8,0
B.RF1,16,B.SPLIT1,1,HK,0,8,1995,8,1
B.RF1,17,B.SPLIT1,0,HK,0,5,1995,8,1
B.RF1,18,B.SPLIT1,2,HK,1,33,1995,8,1
B.RF1,19,B.SPLIT1,0,HK,0,2,1995,8,0
B.RF1,20,B.SPLIT1,4,HK,2,66,1995,8,0
B.RF1,22,B.SPLIT1,2,HK,1,21,1995,8,0
B.RF1,0,B.SPLIT1,1,HK,1,7,1995,9,0
B.RF1,1,B.SPLIT1,0,HK,0,113,1995,9,0
B.RF1,3,B.SPLIT1,1,HK,0,157,1995,9,0
B.RF1,5,B.SPLIT1,0,HK,0,1,1995,9,0
B.RF1,6,B.SPLIT1,0,HK,0,1,1995,9,0
B.RF1,8,B.SPLIT1,1,HK,0,153,1995,9,0
B.RF1,9,B.SPLIT1,0,HK,0,164,1995,9,0
B.RF1,11,B.SPLIT1,0,HK,1,61,1995,9,1
B.RF1,12,B.SPLIT1,1,HK,0,41,1995,9,1
B.RF1,13,B.SPLIT1,0,HK,1,160,1995,9,0
B.RF1,14,B.SPLIT1,0,HK,0,60,1995,9,0
B.RF1,15,B.SPLIT1,0,HK,0,123,1995,9,0
B.RF1,16,B.SPLIT1,1,HK,0,8,1995,9,1
B.RF1,17,B.SPLIT1,0,HK,0,5,1995,9,1
B.RF1,18,B.SPLIT1,1,HK,2,33,1995,9,1
B.RF1,19,B.SPLIT1,0,HK,0,2,1995,9,0
B.RF1,20,B.SPLIT1,6,HK,2,66,1995,9,0
B.RF1,22,B.SPLIT1,1,HK,1,21,1995,9,0
B.RF1,0,B.SPLIT1,1,HK,1,7,1995,10,0
B.RF1,1,B.SPLIT1,0,HK,0,113,1995,10,0
B.RF1,2,B.SPLIT1,1,HK,0,182,1995,10,0
B.RF1,3,B.SPLIT1,1,HK,0,157,1995,10,0
B.RF1,5,B.SPLIT1,0,HK,0,1,1995,10,0
B.RF1,6,B.SPLIT1,0,HK,0,1,1995,10,0
B.RF1,8,B.SPLIT1,0,HK,0,153,1995,10,0
B.RF1,9,B.SPLIT1,0,HK,0,164,1995,10,0
B.RF1,11,B.SPLIT1,0,HK,1,61,1995,10,1
B.RF1,12,B.SPLIT1,0,HK,0,41,1995,10,1
B.RF1,13,B.SPLIT1,0,HK,2,160,1995,10,1
B.RF1,14,B.SPLIT1,0,HK,0,60,1995,10,0
B.RF1,15,B.SPLIT1,0,HK,0,123,1995,10,0
B.RF1,16,B.SPLIT1,1,HK,1,8,1995,10,1
B.RF1,17,B.SPLIT1,0,HK,0,5,1995,10,0
B.RF1,18,B.SPLIT1,3,HK,2,33,1995,10,5
B.RF1,19,B.SPLIT1,0,HK,0,2,1995,10,1
B.RF1,20,B.SPLIT1,7,HK,1,66,1995,10,3
B.RF1,21,B.SPLIT1,0,HK,0,4,1995,10,0
B.RF1,22,B.SPLIT1,2,HK,0,21,1995,10,1
B.RF1,0,B.SPLIT1,0,HK,0,7,1995,11,0
B.RF1,1,B.SPLIT1,0,HK,0,113,1995,11,0
B.RF1,2,B.SPLIT1,0,HK,1,182,1995,11,1
B.RF1,3,B.SPLIT1,3,HK,1,157,1995,11,1
B.RF1,4,B.SPLIT1,1,HK,1,165,1995,11,0
B.RF1,5,B.SPLIT1,0,HK,0,1,1995,11,0
B.RF1,6,B.SPLIT1,0,HK,0,1,1995,11,0
B.RF1,7,B.SPLIT1,0,HK,0,21,1995,11,0
B.RF1,8,B.SPLIT1,1,HK,0,153,1995,11,0
B.RF1,9,B.SPLIT1,0,HK,0,164,1995,11,0
B.RF1,10,B.SPLIT1,5,HK,2,150,1995,11,3
B.RF1,11,B.SPLIT1,2,HK,1,61,1995,11,4
B.RF1,12,B.SPLIT1,0,HK,0,41,1995,11,1
B.RF1,13,B.SPLIT1,0,HK,2,160,1995,11,1
B.RF1,14,B.SPLIT1,0,HK,0,60,1995,11,0
B.RF1,15,B.SPLIT1,0,HK,0,123,1995,11,0
B.RF1,16,B.SPLIT1,1,HK,1,8,1995,11,0
B.RF1,17,B.SPLIT1,0,HK,0,5,1995,11,0
B.RF1,18,B.SPLIT1,3,HK,2,33,1995,11,5
B.RF1,19,B.SPLIT1,0,HK,0,2,1995,11,1
B.RF1,20,B.SPLIT1,8,HK,1,66,1995,11,4
B.RF1,21,B.SPLIT1,0,HK,0,4,1995,11,0
B.RF1,22,B.SPLIT1,1,HK,0,21,1995,11,1
B.RF1,0,B.RPLIN1,0,HK,0,7,1993,1,0
B.RF1,4,B.RPLIN1,0,HK,0,165,1993,1,0
B.RF1,0,B.RPLIN1,0,HK,1,7,1993,2,0
B.RF1,4,B.RPLIN1,0,HK,0,165,1993,2,0
B.RF1,8,B.RPLIN1,0,HK,0,153,1993,2,0
B.RF1,12,B.RPLIN1,0,HK,0,41,1993,2,0
B.RF1,0,B.RPLIN1,0,HK,0,7,1993,3,0
B.RF1,2,B.RPLIN1,0,HK,0,182,1993,3,0
B.RF1,4,B.RPLIN1,0,HK,0,165,1993,3,0
B.RF1,8,B.RPLIN1,0,HK,0,153,1993,3,0
B.RF1,11,B.RPLIN1,3,HK,1,61,1993,3,0
B.RF1,12,B.RPLIN1,0,HK,1,41,1993,3,0
B.RF1,0,B.RPLIN1,0,HK,1,7,1993,4,0
B.RF1,2,B.RPLIN1,0,HK,0,182,1993,4,0
B.RF1,3,B.RPLIN1,2,HK,1,157,1993,4,0
B.RF1,4,B.RPLIN1,1,HK,2,165,1993,4,0
B.RF1,8,B.RPLIN1,0,HK,1,153,1993,4,0
B.RF1,11,B.RPLIN1,2,HK,0,61,1993,4,1
B.RF1,12,B.RPLIN1,0,HK,0,41,1993,4,0
B.RF1,17,B.RPLIN1,0,HK,0,5,1993,4,0
B.RF1,0,B.RPLIN1,0,HK,0,7,1993,5,0
B.RF1,2,B.RPLIN1,0,HK,0,182,1993,5,0
B.RF1,3,B.RPLIN1,0,HK,1,157,1993,5,0
B.RF1,4,B.RPLIN1,1,HK,0,165,1993,5,0
B.RF1,8,B.RPLIN1,0,HK,1,153,1993,5,0
B.RF1,11,B.RPLIN1,1,HK,0,61,1993,5,1
B.RF1,12,B.RPLIN1,0,HK,0,41,1993,5,0
B.RF1,16,B.RPLIN1,0,HK,1,8,1993,5,0
B.RF1,17,B.RPLIN1,0,HK,0,5,1993,5,0
B.RF1,21,B.RPLIN1,0,HK,0,4,1993,5,0
B.RF1,0,B.RPLIN1,0,HK,0,7,1993,6,0
B.RF1,2,B.RPLIN1,0,HK,0,182,1993,6,0
B.RF1,3,B.RPLIN1,3,HK,2,157,1993,6,0
B.RF1,4,B.RPLIN1,1,HK,0,165,1993,6,0
B.RF1,8,B.RPLIN1,0,HK,1,153,1993,6,0
B.RF1,11,B.RPLIN1,2,HK,1,61,1993,6,2
B.RF1,12,B.RPLIN1,0,HK,0,41,1993,6,0
B.RF1,13,B.RPLIN1,0,HK,0,160,1993,6,0
B.RF1,16,B.RPLIN1,0,HK,1,8,1993,6,0
B.RF1,17,B.RPLIN1,0,HK,0,5,1993,6,0
B.RF1,21,B.RPLIN1,0,HK,0,4,1993,6,0
B.RF1,22,B.RPLIN1,0,HK,0,21,1993,6,0
B.RF1,0,B.RPLIN1,0,HK,0,7,1993,7,0
B.RF1,2,B.RPLIN1,0,HK,0,182,1993,7,0
B.RF1,3,B.RPLIN1,3,HK,2,157,1993,7,0
B.RF1,4,B.RPLIN1,2,HK,0,165,1993,7,0
B.RF1,8,B.RPLIN1,0,HK,1,153,1993,7,0
B.RF1,11,B.RPLIN1,4,HK,1,61,1993,7,2
B.RF1,12,B.RPLIN1,0,HK,0,41,1993,7,0
B.RF1,13,B.RPLIN1,0,HK,0,160,1993,7,1
B.RF1,14,B.RPLIN1,0,HK,0,60,1993,7,0
B.RF1,16,B.RPLIN1,0,HK,0,8,1993,7,0
B.RF1,17,B.RPLIN1,0,HK,0,5,1993,7,0
B.RF1,18,B.RPLIN1,0,HK,0,33,1993,7,1
B.RF1,21,B.RPLIN1,0,HK,0,4,1993,7,0
B.RF1,22,B.RPLIN1,1,HK,0,21,1993,7,0
B.RF1,0,B.RPLIN1,0,HK,0,7,1993,8,0
B.RF1,2,B.RPLIN1,0,HK,0,182,1993,8,0
B.RF1,3,B.RPLIN1,5,HK,2,157,1993,8,0
B.RF1,4,B.RPLIN1,4,HK,0,165,1993,8,0
B.RF1,8,B.RPLIN1,0,HK,1,153,1993,8,0
B.RF1,9,B.RPLIN1,0,HK,0,164,1993,8,0
B.RF1,11,B.RPLIN1,4,HK,0,61,1993,8,3
B.RF1,12,B.RPLIN1,0,HK,0,41,1993,8,1
B.RF1,13,B.RPLIN1,0,HK,0,160,1993,8,1
B.RF1,14,B.RPLIN1,0,HK,0,60,1993,8,0
B.RF1,16,B.RPLIN1,0,HK,0,8,1993,8,0
B.RF1,17,B.RPLIN1,0,HK,0,5,1993,8,0
B.RF1,18,B.RPLIN1,2,HK,1,33,1993,8,1
B.RF1,19,B.RPLIN1,0,HK,0,2,1993,8,0
B.RF1,21,B.RPLIN1,0,HK,0,4,1993,8,0
B.RF1,22,B.RPLIN1,1,HK,1,21,1993,8,0
B.RF1,0,B.RPLIN1,0,HK,0,7,1993,9,0
B.RF1,2,B.RPLIN1,0,HK,0,182,1993,9,0
B.RF1,3,B.RPLIN1,6,HK,2,157,1993,9,1
B.RF1,4,B.RPLIN1,4,HK,0,165,1993,9,0
B.RF1,6,B.RPLIN1,0,HK,0,1,1993,9,0
B.RF1,8,B.RPLIN1,0,HK,0,153,1993,9,0
B.RF1,9,B.RPLIN1,0,HK,0,164,1993,9,0
B.RF1,11,B.RPLIN1,3,HK,0,61,1993,9,1
B.RF1,12,B.RPLIN1,0,HK,0,41,1993,9,2
B.RF1,13,B.RPLIN1,1,HK,0,160,1993,9,1
B.RF1,14,B.RPLIN1,0,HK,0,60,1993,9,0
B.RF1,15,B.RPLIN1,0,HK,0,123,1993,9,0
B.RF1,16,B.RPLIN1,0,HK,0,8,1993,9,0
B.RF1,17,B.RPLIN1,0,HK,0,5,1993,9,0
B.RF1,18,B.RPLIN1,1,HK,1,33,1993,9,2
B.RF1,19,B.RPLIN1,0,HK,0,2,1993,9,0
B.RF1,21,B.RPLIN1,0,HK,0,4,1993,9,0
B.RF1,22,B.RPLIN1,1,HK,0,21,1993,9,0
B.RF1,0,B.RPLIN1,0,HK,0,7,1993,10,0
B.RF1,2,B.RPLIN1,0,HK,0,182,1993,10,0
B.RF1,3,B.RPLIN1,5,HK,5,157,1993,10,0
B.RF1,4,B.RPLIN1,3,HK,1,165,1993,10,0
B.RF1,5,B.RPLIN1,0,HK,0,1,1993,10,0
B.RF1,6,B.RPLIN1,0,HK,0,1,1993,10,0
B.RF1,8,B.RPLIN1,0,HK,0,153,1993,10,0
B.RF1,9,B.RPLIN1,0,HK,0,164,1993,10,0
B.RF1,11,B.RPLIN1,2,HK,0,61,1993,10,2
B.RF1,12,B.RPLIN1,0,HK,0,41,1993,10,2
B.RF1,13,B.RPLIN1,2,HK,0,160,1993,10,0
B.RF1,14,B.RPLIN1,0,HK,0,60,1993,10,0
B.RF1,15,B.RPLIN1,0,HK,0,123,1993,10,0
B.RF1,16,B.RPLIN1,0,HK,0,8,1993,10,0
B.RF1,17,B.RPLIN1,0,HK,0,5,1993,10,0
B.RF1,18,B.RPLIN1,1,HK,1,33,1993,10,1
B.RF1,19,B.RPLIN1,0,HK,0,2,1993,10,2
B.RF1,20,B.RPLIN1,4,HK,2,66,1993,10,5
B.RF1,21,B.RPLIN1,0,HK,0,4,1993,10,0
B.RF1,22,B.RPLIN1,1,HK,0,21,1993,10,0
B.RF1,0,B.RPLIN1,0,HK,0,7,1993,11,0
B.RF1,1,B.RPLIN1,0,HK,0,113,1993,11,0
B.RF1,2,B.RPLIN1,1,HK,2,182,1993,11,0
B.RF1,3,B.RPLIN1,7,HK,6,157,1993,11,0
B.RF1,4,B.RPLIN1,6,HK,2,165,1993,11,0
B.RF1,5,B.RPLIN1,0,HK,0,1,1993,11,0
B.RF1,6,B.RPLIN1,0,HK,0,1,1993,11,0
B.RF1,7,B.RPLIN1,0,HK,0,21,1993,11,0
B.RF1,8,B.RPLIN1,0,HK,2,153,1993,11,0
B.RF1,9,B.RPLIN1,0,HK,0,164,1993,11,0
B.RF1,10,B.RPLIN1,4,HK,1,150,1993,11,1
B.RF1,11,B.RPLIN1,2,HK,0,61,1993,11,3
B.RF1,12,B.RPLIN1,1,HK,0,41,1993,11,1
B.RF1,13,B.RPLIN1,1,HK,0,160,1993,11,0
B.RF1,14,B.RPLIN1,0,HK,0,60,1993,11,0
B.RF1,15,B.RPLIN1,0,HK,0,123,1993,11,0
B.RF1,16,B.RPLIN1,0,HK,0,8,1993,11,0
B.RF1,17,B.RPLIN1,0,HK,1,5,1993,11,0
B.RF1,18,B.RPLIN1,1,HK,0,33,1993,11,1
B.RF1,19,B.RPLIN1,0,HK,0,2,1993,11,1
B.RF1,20,B.RPLIN1,4,HK,1,66,1993,11,9
B.RF1,21,B.RPLIN1,0,HK,0,4,1993,11,0
B.RF1,22,B.RPLIN1,1,HK,0,21,1993,11,0
B.RF1,16,B.RPLIN1,0,HK,0,8,1994,1,0
B.RF1,22,B.RPLIN1,0,HK,0,21,1994,1,0
B.RF1,12,B.RPLIN1,0,HK,0,41,1994,2,0
B.RF1,13,B.RPLIN1,0,HK,0,160,1994,2,0
B.RF1,16,B.RPLIN1,0,HK,0,8,1994,2,0
B.RF1,22,B.RPLIN1,0,HK,0,21,1994,2,0
B.RF1,4,B.RPLIN1,0,HK,0,165,1994,3,0
B.RF1,12,B.RPLIN1,0,HK,0,41,1994,3,0
B.RF1,13,B.RPLIN1,0,HK,0,160,1994,3,0
B.RF1,16,B.RPLIN1,0,HK,0,8,1994,3,0
B.RF1,21,B.RPLIN1,0,HK,0,4,1994,3,0
B.RF1,22,B.RPLIN1,2,HK,0,21,1994,3,0
B.RF1,4,B.RPLIN1,0,HK,0,165,1994,4,0
B.RF1,12,B.RPLIN1,0,HK,1,41,1994,4,0
B.RF1,13,B.RPLIN1,0,HK,0,160,1994,4,0
B.RF1,16,B.RPLIN1,0,HK,0,8,1994,4,0
B.RF1,17,B.RPLIN1,0,HK,0,5,1994,4,0
B.RF1,19,B.RPLIN1,0,HK,0,2,1994,4,0
B.RF1,21,B.RPLIN1,0,HK,0,4,1994,4,0
B.RF1,22,B.RPLIN1,1,HK,0,21,1994,4,0
B.RF1,4,B.RPLIN1,0,HK,0,165,1994,5,0
B.RF1,6,B.RPLIN1,0,HK,0,1,1994,5,1
B.RF1,11,B.RPLIN1,4,HK,2,61,1994,5,0
B.RF1,12,B.RPLIN1,0,HK,0,41,1994,5,1
B.RF1,13,B.RPLIN1,1,HK,1,160,1994,5,0
B.RF1,16,B.RPLIN1,0,HK,1,8,1994,5,0
B.RF1,17,B.RPLIN1,0,HK,0,5,1994,5,0
B.RF1,19,B.RPLIN1,0,HK,0,2,1994,5,0
B.RF1,21,B.RPLIN1,0,HK,0,4,1994,5,0
B.RF1,22,B.RPLIN1,1,HK,0,21,1994,5,0
B.RF1,3,B.RPLIN1,4,HK,1,157,1994,6,0
B.RF1,4,B.RPLIN1,2,HK,1,165,1994,6,0
B.RF1,6,B.RPLIN1,0,HK,0,1,1994,6,1
B.RF1,11,B.RPLIN1,3,HK,0,61,1994,6,0
B.RF1,12,B.RPLIN1,0,HK,0,41,1994,6,0
B.RF1,13,B.RPLIN1,0,HK,1,160,1994,6,1
B.RF1,15,B.RPLIN1,0,HK,1,123,1994,6,0
B.RF1,16,B.RPLIN1,0,HK,1,8,1994,6,0
B.RF1,17,B.RPLIN1,0,HK,0,5,1994,6,0
B.RF1,19,B.RPLIN1,0,HK,0,2,1994,6,0
B.RF1,21,B.RPLIN1,0,HK,0,4,1994,6,0
B.RF1,22,B.RPLIN1,2,HK,0,21,1994,6,0
B.RF1,0,B.RPLIN1,0,HK,0,7,1994,7,0
B.RF1,3,B.RPLIN1,6,HK,2,157,1994,7,0
B.RF1,4,B.RPLIN1,2,HK,0,165,1994,7,0
B.RF1,6,B.RPLIN1,0,HK,0,1,1994,7,1
B.RF1,9,B.RPLIN1,0,HK,0,164,1994,7,0
B.RF1,11,B.RPLIN1,4,HK,2,61,1994,7,2
B.RF1,12,B.RPLIN1,0,HK,1,41,1994,7,0
B.RF1,13,B.RPLIN1,1,HK,0,160,1994,7,0
B.RF1,15,B.RPLIN1,0,HK,0,123,1994,7,0
B.RF1,16,B.RPLIN1,0,HK,0,8,1994,7,0
B.RF1,17,B.RPLIN1,0,HK,0,5,1994,7,0
B.RF1,19,B.RPLIN1,0,HK,0,2,1994,7,0
B.RF1,21,B.RPLIN1,0,HK,0,4,1994,7,0
B.RF1,22,B.RPLIN1,0,HK,0,21,1994,7,0
B.RF1,0,B.RPLIN1,0,HK,0,7,1994,8,0
B.RF1,3,B.RPLIN1,8,HK,2,157,1994,8,0
B.RF1,4,B.RPLIN1,4,HK,1,165,1994,8,0
B.RF1,5,B.RPLIN1,0,HK,0,1,1994,8,0
B.RF1,6,B.RPLIN1,0,HK,0,1,1994,8,1
B.RF1,7,B.RPLIN1,0,HK,0,21,1994,8,0
B.RF1,9,B.RPLIN1,0,HK,0,164,1994,8,0
B.RF1,11,B.RPLIN1,5,HK,0,61,1994,8,1
B.RF1,12,B.RPLIN1,1,HK,1,41,1994,8,0
B.RF1,13,B.RPLIN1,0,HK,1,160,1994,8,0
B.RF1,15,B.RPLIN1,0,HK,1,123,1994,8,0
B.RF1,16,B.RPLIN1,0,HK,0,8,1994,8,0
B.RF1,17,B.RPLIN1,1,HK,0,5,1994,8,0
B.RF1,19,B.RPLIN1,0,HK,0,2,1994,8,0
B.RF1,21,B.RPLIN1,0,HK,0,4,1994,8,0
B.RF1,22,B.RPLIN1,0,HK,0,21,1994,8,0
B.RF1,0,B.RPLIN1,0,HK,0,7,1994,9,0
B.RF1,1,B.RPLIN1,0,HK,0,113,1994,9,0
B.RF1,3,B.RPLIN1,7,HK,2,157,1994,9,0
B.RF1,4,B.RPLIN1,4,HK,1,165,1994,9,0
B.RF1,5,B.RPLIN1,0,HK,0,1,1994,9,0
B.RF1,6,B.RPLIN1,0,HK,0,1,1994,9,1
B.RF1,7,B.RPLIN1,0,HK,0,21,1994,9,0
B.RF1,9,B.RPLIN1,0,HK,0,164,1994,9,0
B.RF1,11,B.RPLIN1,3,HK,0,61,1994,9,1
B.RF1,12,B.RPLIN1,0,HK,1,41,1994,9,0
B.RF1,13,B.RPLIN1,0,HK,0,160,1994,9,0
B.RF1,15,B.RPLIN1,0,HK,0,123,1994,9,0
B.RF1,16,B.RPLIN1,0,HK,0,8,1994,9,0
B.RF1,17,B.RPLIN1,0,HK,0,5,1994,9,1
B.RF1,18,B.RPLIN1,2,HK,0,33,1994,9,3
B.RF1,19,B.RPLIN1,0,HK,0,2,1994,9,0
B.RF1,21,B.RPLIN1,0,HK,0,4,1994,9,0
B.RF1,22,B.RPLIN1,1,HK,0,21,1994,9,0
B.RF1,0,B.RPLIN1,0,HK,0,7,1994,10,1
B.RF1,1,B.RPLIN1,0,HK,0,113,1994,10,0
B.RF1,3,B.RPLIN1,5,HK,1,157,1994,10,0
B.RF1,4,B.RPLIN1,4,HK,2,165,1994,10,0
B.RF1,5,B.RPLIN1,0,HK,0,1,1994,10,0
B.RF1,6,B.RPLIN1,0,HK,0,1,1994,10,1
B.RF1,7,B.RPLIN1,0,HK,0,21,1994,10,0
B.RF1,9,B.RPLIN1,0,HK,0,164,1994,10,0
B.RF1,10,B.RPLIN1,5,HK,3,150,1994,10,1
B.RF1,11,B.RPLIN1,6,HK,0,61,1994,10,3
B.RF1,12,B.RPLIN1,0,HK,2,41,1994,10,1
B.RF1,13,B.RPLIN1,0,HK,0,160,1994,10,2
B.RF1,14,B.RPLIN1,4,HK,0,60,1994,10,0
B.RF1,15,B.RPLIN1,0,HK,0,123,1994,10,0
B.RF1,16,B.RPLIN1,0,HK,0,8,1994,10,0
B.RF1,17,B.RPLIN1,0,HK,0,5,1994,10,1
B.RF1,18,B.RPLIN1,2,HK,0,33,1994,10,2
B.RF1,19,B.RPLIN1,0,HK,0,2,1994,10,1
B.RF1,21,B.RPLIN1,0,HK,0,4,1994,10,0
B.RF1,22,B.RPLIN1,1,HK,0,21,1994,10,0
B.RF1,0,B.RPLIN1,0,HK,0,7,1994,11,1
B.RF1,1,B.RPLIN1,4,HK,0,113,1994,11,0
B.RF1,2,B.RPLIN1,4,HK,1,182,1994,11,0
B.RF1,3,B.RPLIN1,4,HK,3,157,1994,11,0
B.RF1,4,B.RPLIN1,5,HK,2,165,1994,11,0
B.RF1,5,B.RPLIN1,0,HK,0,1,1994,11,0
B.RF1,6,B.RPLIN1,0,HK,0,1,1994,11,0
B.RF1,7,B.RPLIN1,0,HK,0,21,1994,11,0
B.RF1,8,B.RPLIN1,0,HK,0,153,1994,11,0
B.RF1,9,B.RPLIN1,0,HK,0,164,1994,11,0
B.RF1,10,B.RPLIN1,5,HK,3,150,1994,11,1
B.RF1,11,B.RPLIN1,5,HK,0,61,1994,11,4
B.RF1,12,B.RPLIN1,0,HK,1,41,1994,11,1
B.RF1,13,B.RPLIN1,1,HK,0,160,1994,11,0
B.RF1,14,B.RPLIN1,6,HK,0,60,1994,11,0
B.RF1,15,B.RPLIN1,0,HK,0,123,1994,11,0
B.RF1,16,B.RPLIN1,1,HK,0,8,1994,11,0
B.RF1,17,B.RPLIN1,0,HK,0,5,1994,11,0
B.RF1,18,B.RPLIN1,1,HK,0,33,1994,11,3
B.RF1,19,B.RPLIN1,0,HK,0,2,1994,11,0
B.RF1,20,B.RPLIN1,8,HK,0,66,1994,11,7
B.RF1,21,B.RPLIN1,0,HK,0,4,1994,11,0
B.RF1,22,B.RPLIN1,1,HK,0,21,1994,11,0
B.RF1,9,B.RPLIN1,0,HK,0,164,1995,1,0
B.RF1,13,B.RPLIN1,0,HK,0,160,1995,1,0
B.RF1,9,B.RPLIN1,0,HK,0,164,1995,2,0
B.RF1,13,B.RPLIN1,0,HK,0,160,1995,2,0
B.RF1,14,B.RPLIN1,0,HK,0,60,1995,2,0
B.RF1,16,B.RPLIN1,0,HK,0,8,1995,2,0
B.RF1,5,B.RPLIN1,0,HK,0,1,1995,3,0
B.RF1,9,B.RPLIN1,0,HK,0,164,1995,3,0
B.RF1,13,B.RPLIN1,0,HK,0,160,1995,3,0
B.RF1,14,B.RPLIN1,0,HK,0,60,1995,3,0
B.RF1,15,B.RPLIN1,1,HK,0,123,1995,3,0
B.RF1,16,B.RPLIN1,0,HK,0,8,1995,3,0
B.RF1,1,B.RPLIN1,0,HK,0,113,1995,4,0
B.RF1,5,B.RPLIN1,0,HK,0,1,1995,4,0
B.RF1,9,B.RPLIN1,0,HK,0,164,1995,4,0
B.RF1,12,B.RPLIN1,0,HK,0,41,1995,4,0
B.RF1,13,B.RPLIN1,0,HK,0,160,1995,4,0
B.RF1,14,B.RPLIN1,0,HK,0,60,1995,4,0
B.RF1,15,B.RPLIN1,0,HK,0,123,1995,4,0
B.RF1,16,B.RPLIN1,0,HK,0,8,1995,4,0
B.RF1,1,B.RPLIN1,0,HK,0,113,1995,5,0
B.RF1,5,B.RPLIN1,0,HK,0,1,1995,5,0
B.RF1,8,B.RPLIN1,0,HK,0,153,1995,5,0
B.RF1,9,B.RPLIN1,0,HK,0,164,1995,5,0
B.RF1,12,B.RPLIN1,2,HK,0,41,1995,5,0
B.RF1,13,B.RPLIN1,0,HK,0,160,1995,5,0
B.RF1,14,B.RPLIN1,0,HK,0,60,1995,5,0
B.RF1,15,B.RPLIN1,0,HK,0,123,1995,5,0
B.RF1,16,B.RPLIN1,0,HK,0,8,1995,5,0
B.RF1,22,B.RPLIN1,0,HK,0,21,1995,5,0
B.RF1,1,B.RPLIN1,0,HK,0,113,1995,6,0
B.RF1,5,B.RPLIN1,0,HK,0,1,1995,6,0
B.RF1,8,B.RPLIN1,0,HK,1,153,1995,6,0
B.RF1,9,B.RPLIN1,0,HK,0,164,1995,6,0
B.RF1,12,B.RPLIN1,1,HK,1,41,1995,6,0
B.RF1,13,B.RPLIN1,0,HK,0,160,1995,6,0
B.RF1,14,B.RPLIN1,0,HK,0,60,1995,6,0
B.RF1,15,B.RPLIN1,0,HK,0,123,1995,6,0
B.RF1,16,B.RPLIN1,0,HK,0,8,1995,6,0
B.RF1,17,B.RPLIN1,1,HK,0,5,1995,6,0
B.RF1,19,B.RPLIN1,0,HK,0,2,1995,6,0
B.RF1,22,B.RPLIN1,0,HK,0,21,1995,6,0
B.RF1,1,B.RPLIN1,0,HK,0,113,1995,7,0
B.RF1,5,B.RPLIN1,0,HK,0,1,1995,7,0
B.RF1,6,B.RPLIN1,0,HK,0,1,1995,7,0
B.RF1,8,B.RPLIN1,0,HK,1,153,1995,7,0
B.RF1,9,B.RPLIN1,0,HK,0,164,1995,7,0
B.RF1,12,B.RPLIN1,1,HK,0,41,1995,7,0
B.RF1,13,B.RPLIN1,0,HK,1,160,1995,7,1
B.RF1,14,B.RPLIN1,0,HK,0,60,1995,7,0
B.RF1,15,B.RPLIN1,0,HK,0,123,1995,7,0
B.RF1,16,B.RPLIN1,0,HK,0,8,1995,7,0
B.RF1,17,B.RPLIN1,0,HK,1,5,1995,7,0
B.RF1,18,B.RPLIN1,2,HK,0,33,1995,7,0
B.RF1,19,B.RPLIN1,0,HK,0,2,1995,7,0
B.RF1,22,B.RPLIN1,0,HK,0,21,1995,7,0
B.RF1,0,B.RPLIN1,0,HK,0,7,1995,8,0
B.RF1,1,B.RPLIN1,0,HK,0,113,1995,8,0
B.RF1,5,B.RPLIN1,0,HK,0,1,1995,8,0
B.RF1,6,B.RPLIN1,0,HK,0,1,1995,8,0
B.RF1,8,B.RPLIN1,0,HK,1,153,1995,8,0
B.RF1,9,B.RPLIN1,0,HK,0,164,1995,8,0
B.RF1,12,B.RPLIN1,1,HK,0,41,1995,8,0
B.RF1,13,B.RPLIN1,0,HK,1,160,1995,8,0
B.RF1,14,B.RPLIN1,0,HK,0,60,1995,8,0
B.RF1,15,B.RPLIN1,0,HK,0,123,1995,8,0
B.RF1,16,B.RPLIN1,0,HK,0,8,1995,8,1
B.RF1,17,B.RPLIN1,0,HK,0,5,1995,8,1
B.RF1,18,B.RPLIN1,3,HK,0,33,1995,8,0
B.RF1,19,B.RPLIN1,0,HK,0,2,1995,8,0
B.RF1,20,B.RPLIN1,3,HK,1,66,1995,8,0
B.RF1,22,B.RPLIN1,0,HK,0,21,1995,8,0
B.RF1,0,B.RPLIN1,0,HK,1,7,1995,9,0
B.RF1,1,B.RPLIN1,0,HK,0,113,1995,9,0
B.RF1,3,B.RPLIN1,0,HK,0,157,1995,9,0
B.RF1,5,B.RPLIN1,0,HK,0,1,1995,9,0
B.RF1,6,B.RPLIN1,0,HK,0,1,1995,9,0
B.RF1,8,B.RPLIN1,0,HK,1,153,1995,9,0
B.RF1,9,B.RPLIN1,0,HK,0,164,1995,9,0
B.RF1,11,B.RPLIN1,0,HK,1,61,1995,9,1
B.RF1,12,B.RPLIN1,1,HK,0,41,1995,9,1
B.RF1,13,B.RPLIN1,1,HK,0,160,1995,9,0
B.RF1,14,B.RPLIN1,0,HK,0,60,1995,9,0
B.RF1,15,B.RPLIN1,0,HK,0,123,1995,9,0
B.RF1,16,B.RPLIN1,0,HK,1,8,1995,9,1
B.RF1,17,B.RPLIN1,0,HK,0,5,1995,9,0
B.RF1,18,B.RPLIN1,3,HK,1,33,1995,9,1
B.RF1,19,B.RPLIN1,0,HK,0,2,1995,9,0
B.RF1,20,B.RPLIN1,2,HK,2,66,1995,9,0
B.RF1,22,B.RPLIN1,0,HK,2,21,1995,9,0
B.RF1,0,B.RPLIN1,0,HK,1,7,1995,10,0
B.RF1,1,B.RPLIN1,0,HK,0,113,1995,10,0
B.RF1,2,B.RPLIN1,0,HK,1,182,1995,10,0
B.RF1,3,B.RPLIN1,0,HK,0,157,1995,10,0
B.RF1,5,B.RPLIN1,0,HK,0,1,1995,10,0
B.RF1,6,B.RPLIN1,0,HK,0,1,1995,10,0
B.RF1,8,B.RPLIN1,0,HK,1,153,1995,10,0
B.RF1,9,B.RPLIN1,0,HK,0,164,1995,10,0
B.RF1,11,B.RPLIN1,1,HK,1,61,1995,10,2
B.RF1,12,B.RPLIN1,0,HK,0,41,1995,10,1
B.RF1,13,B.RPLIN1,0,HK,0,160,1995,10,0
B.RF1,14,B.RPLIN1,1,HK,0,60,1995,10,0
B.RF1,15,B.RPLIN1,0,HK,0,123,1995,10,0
B.RF1,16,B.RPLIN1,0,HK,1,8,1995,10,1
B.RF1,17,B.RPLIN1,0,HK,0,5,1995,10,0
B.RF1,18,B.RPLIN1,2,HK,1,33,1995,10,5
B.RF1,19,B.RPLIN1,0,HK,0,2,1995,10,1
B.RF1,20,B.RPLIN1,0,HK,2,66,1995,10,3
B.RF1,21,B.RPLIN1,0,HK,0,4,1995,10,0
B.RF1,22,B.RPLIN1,0,HK,1,21,1995,10,1
B.RF1,0,B.RPLIN1,0,HK,0,7,1995,11,0
B.RF1,1,B.RPLIN1,0,HK,0,113,1995,11,0
B.RF1,2,B.RPLIN1,2,HK,1,182,1995,11,1
B.RF1,3,B.RPLIN1,4,HK,1,157,1995,11,1
B.RF1,4,B.RPLIN1,3,HK,4,165,1995,11,0
B.RF1,5,B.RPLIN1,0,HK,0,1,1995,11,0
B.RF1,6,B.RPLIN1,0,HK,0,1,1995,11,0
B.RF1,7,B.RPLIN1,0,HK,0,21,1995,11,0
B.RF1,8,B.RPLIN1,0,HK,0,153,1995,11,0
B.RF1,9,B.RPLIN1,0,HK,0,164,1995,11,0
B.RF1,10,B.RPLIN1,3,HK,2,150,1995,11,3
B.RF1,11,B.RPLIN1,5,HK,0,61,1995,11,3
B.RF1,12,B.RPLIN1,1,HK,0,41,1995,11,1
B.RF1,13,B.RPLIN1,0,HK,0,160,1995,11,0
B.RF1,14,B.RPLIN1,0,HK,0,60,1995,11,0
B.RF1,15,B.RPLIN1,0,HK,0,123,1995,11,0
B.RF1,16,B.RPLIN1,0,HK,1,8,1995,11,0
B.RF1,17,B.RPLIN1,0,HK,0,5,1995,11,0
B.RF1,18,B.RPLIN1,2,HK,1,33,1995,11,5
B.RF1,19,B.RPLIN1,0,HK,0,2,1995,11,1
B.RF1,20,B.RPLIN1,3,HK,2,66,1995,11,3
B.RF1,21,B.RPLIN1,0,HK,0,4,1995,11,0
B.RF1,22,B.RPLIN1,0,HK,1,21,1995,11,1
B.RF2,0,B.LIN,0,HK,0,7,1993,1,0
B.RF2,4,B.LIN,0,HK,0,165,1993,1,0
B.RF2,0,B.LIN,0,HK,0,7,1993,2,0
B.RF2,4,B.LIN,0,HK,0,165,1993,2,0
B.RF2,8,B.LIN,0,HK,0,153,1993,2,0
B.RF2,12,B.LIN,0,HK,0,41,1993,2,0
B.RF2,0,B.LIN,0,HK,0,7,1993,3,0
B.RF2,2,B.LIN,0,HK,0,182,1993,3,0
B.RF2,4,B.LIN,0,HK,0,165,1993,3,0
B.RF2,8,B.LIN,0,HK,0,153,1993,3,0
B.RF2,11,B.LIN,2,HK,0,61,1993,3,0
B.RF2,12,B.LIN,1,HK,1,41,1993,3,1
B.RF2,0,B.LIN,0,HK,0,7,1993,4,0
B.RF2,2,B.LIN,0,HK,0,182,1993,4,0
B.RF2,3,B.LIN,2,HK,5,157,1993,4,0
B.RF2,4,B.LIN,0,HK,1,165,1993,4,0
B.RF2,8,B.LIN,1,HK,0,153,1993,4,0
B.RF2,11,B.LIN,3,HK,1,61,1993,4,0
B.RF2,12,B.LIN,1,HK,2,41,1993,4,1
B.RF2,17,B.LIN,0,HK,0,5,1993,4,0
B.RF2,0,B.LIN,0,HK,0,7,1993,5,0
B.RF2,2,B.LIN,0,HK,0,182,1993,5,0
B.RF2,3,B.LIN,2,HK,5,157,1993,5,0
B.RF2,4,B.LIN,1,HK,2,165,1993,5,0
B.RF2,8,B.LIN,0,HK,0,153,1993,5,0
B.RF2,11,B.LIN,5,HK,1,61,1993,5,2
B.RF2,12,B.LIN,0,HK,0,41,1993,5,1
B.RF2,16,B.LIN,0,HK,0,8,1993,5,1
B.RF2,17,B.LIN,0,HK,0,5,1993,5,0
B.RF2,21,B.LIN,0,HK,0,4,1993,5,0
B.RF2,0,B.LIN,0,HK,0,7,1993,6,0
B.RF2,2,B.LIN,0,HK,0,182,1993,6,0
B.RF2,3,B.LIN,3,HK,3,157,1993,6,0
B.RF2,4,B.LIN,2,HK,2,165,1993,6,0
B.RF2,8,B.LIN,1,HK,1,153,1993,6,0
B.RF2,11,B.LIN,2,HK,1,61,1993,6,1
B.RF2,12,B.LIN,0,HK,1,41,1993,6,1
B.RF2,13,B.LIN,0,HK,1,160,1993,6,0
B.RF2,16,B.LIN,0,HK,0,8,1993,6,1
B.RF2,17,B.LIN,0,HK,1,5,1993,6,0
B.RF2,21,B.LIN,0,HK,1,4,1993,6,0
B.RF2,22,B.LIN,0,HK,0,21,1993,6,0
B.RF2,0,B.LIN,0,HK,0,7,1993,7,0
B.RF2,2,B.LIN,0,HK,0,182,1993,7,0
B.RF2,3,B.LIN,4,HK,2,157,1993,7,0
B.RF2,4,B.LIN,2,HK,2,165,1993,7,0
B.RF2,8,B.LIN,0,HK,0,153,1993,7,0
B.RF2,11,B.LIN,4,HK,1,61,1993,7,2
B.RF2,12,B.LIN,0,HK,3,41,1993,7,0
B.RF2,13,B.LIN,0,HK,1,160,1993,7,0
B.RF2,14,B.LIN,0,HK,0,60,1993,7,0
B.RF2,16,B.LIN,0,HK,0,8,1993,7,0
B.RF2,17,B.LIN,0,HK,0,5,1993,7,0
B.RF2,18,B.LIN,3,HK,0,33,1993,7,0
B.RF2,21,B.LIN,0,HK,1,4,1993,7,0
B.RF2,22,B.LIN,0,HK,0,21,1993,7,0
B.RF2,0,B.LIN,0,HK,0,7,1993,8,1
B.RF2,2,B.LIN,0,HK,0,182,1993,8,0
B.RF2,3,B.LIN,5,HK,2,157,1993,8,0
B.RF2,4,B.LIN,1,HK,1,165,1993,8,0
B.RF2,8,B.LIN,1,HK,0,153,1993,8,0
B.RF2,9,B.LIN,0,HK,0,164,1993,8,0
B.RF2,11,B.LIN,5,HK,0,61,1993,8,2
B.RF2,12,B.LIN,0,HK,2,41,1993,8,0
B.RF2,13,B.LIN,0,HK,0,160,1993,8,0
B.RF2,14,B.LIN,0,HK,0,60,1993,8,0
B.RF2,16,B.LIN,0,HK,0,8,1993,8,0
B.RF2,17,B.LIN,0,HK,0,5,1993,8,0
B.RF2,18,B.LIN,3,HK,0,33,1993,8,3
B.RF2,19,B.LIN,0,HK,0,2,1993,8,1
B.RF2,21,B.LIN,0,HK,1,4,1993,8,0
B.RF2,22,B.LIN,0,HK,1,21,1993,8,0
B.RF2,0,B.LIN,0,HK,0,7,1993,9,0
B.RF2,2,B.LIN,0,HK,0,182,1993,9,0
B.RF2,3,B.LIN,6,HK,1,157,1993,9,0
B.RF2,4,B.LIN,0,HK,2,165,1993,9,0
B.RF2,6,B.LIN,0,HK,0,1,1993,9,0
B.RF2,8,B.LIN,2,HK,0,153,1993,9,0
B.RF2,9,B.LIN,0,HK,0,164,1993,9,0
B.RF2,11,B.LIN,6,HK,0,61,1993,9,2
B.RF2,12,B.LIN,0,HK,2,41,1993,9,1
B.RF2,13,B.LIN,1,HK,1,160,1993,9,0
B.RF2,14,B.LIN,0,HK,0,60,1993,9,0
B.RF2,15,B.LIN,0,HK,0,123,1993,9,0
B.RF2,16,B.LIN,1,HK,0,8,1993,9,0
B.RF2,17,B.LIN,0,HK,0,5,1993,9,0
B.RF2,18,B.LIN,3,HK,0,33,1993,9,4
B.RF2,19,B.LIN,0,HK,0,2,1993,9,1
B.RF2,21,B.LIN,0,HK,1,4,1993,9,0
B.RF2,22,B.LIN,0,HK,1,21,1993,9,0
B.RF2,0,B.LIN,0,HK,1,7,1993,10,0
B.RF2,2,B.LIN,0,HK,0,182,1993,10,0
B.RF2,3,B.LIN,5,HK,1,157,1993,10,0
B.RF2,4,B.LIN,1,HK,2,165,1993,10,0
B.RF2,5,B.LIN,0,HK,0,1,1993,10,0
B.RF2,6,B.LIN,0,HK,0,1,1993,10,0
B.RF2,8,B.LIN,2,HK,0,153,1993,10,0
B.RF2,9,B.LIN,0,HK,0,164,1993,10,0
B.RF2,11,B.LIN,8,HK,0,61,1993,10,2
B.RF2,12,B.LIN,0,HK,2,41,1993,10,1
B.RF2,13,B.LIN,0,HK,1,160,1993,10,1
B.RF2,14,B.LIN,3,HK,0,60,1993,10,0
B.RF2,15,B.LIN,0,HK,0,123,1993,10,0
B.RF2,16,B.LIN,1,HK,0,8,1993,10,0
B.RF2,17,B.LIN,0,HK,0,5,1993,10,0
B.RF2,18,B.LIN,2,HK,0,33,1993,10,2
B.RF2,19,B.LIN,0,HK,0,2,1993,10,1
B.RF2,20,B.LIN,5,HK,0,66,1993,10,5
B.RF2,21,B.LIN,0,HK,1,4,1993,10,0
B.RF2,22,B.LIN,0,HK,1,21,1993,10,1
B.RF2,0,B.LIN,0,HK,1,7,1993,11,1
B.RF2,1,B.LIN,4,HK,0,113,1993,11,0
B.RF2,2,B.LIN,4,HK,0,182,1993,11,0
B.RF2,3,B.LIN,7,HK,1,157,1993,11,0
B.RF2,4,B.LIN,2,HK,2,165,1993,11,0
B.RF2,5,B.LIN,0,HK,0,1,1993,11,0
B.RF2,6,B.LIN,0,HK,0,1,1993,11,0
B.RF2,7,B.LIN,0,HK,0,21,1993,11,0
B.RF2,8,B.LIN,2,HK,0,153,1993,11,0
B.RF2,9,B.LIN,0,HK,0,164,1993,11,0
B.RF2,10,B.LIN,1,HK,2,150,1993,11,6
B.RF2,11,B.LIN,7,HK,0,61,1993,11,6
B.RF2,12,B.LIN,0,HK,3,41,1993,11,2
B.RF2,13,B.LIN,1,HK,0,160,1993,11,0
B.RF2,14,B.LIN,3,HK,0,60,1993,11,0
B.RF2,15,B.LIN,0,HK,0,123,1993,11,0
B.RF2,16,B.LIN,1,HK,0,8,1993,11,0
B.RF2,17,B.LIN,0,HK,0,5,1993,11,0
B.RF2,18,B.LIN,1,HK,0,33,1993,11,4
B.RF2,19,B.LIN,0,HK,0,2,1993,11,1
B.RF2,20,B.LIN,1,HK,0,66,1993,11,6
B.RF2,21,B.LIN,0,HK,1,4,1993,11,0
B.RF2,22,B.LIN,0,HK,1,21,1993,11,1
B.RF2,16,B.LIN,0,HK,0,8,1994,1,0
B.RF2,22,B.LIN,0,HK,0,21,1994,1,0
B.RF2,12,B.LIN,2,HK,0,41,1994,2,0
B.RF2,13,B.LIN,1,HK,0,160,1994,2,0
B.RF2,16,B.LIN,0,HK,3,8,1994,2,0
B.RF2,22,B.LIN,0,HK,2,21,1994,2,0
B.RF2,4,B.LIN,0,HK,0,165,1994,3,0
B.RF2,12,B.LIN,2,HK,0,41,1994,3,0
B.RF2,13,B.LIN,2,HK,0,160,1994,3,0
B.RF2,16,B.LIN,0,HK,3,8,1994,3,0
B.RF2,21,B.LIN,0,HK,0,4,1994,3,1
B.RF2,22,B.LIN,4,HK,2,21,1994,3,0
B.RF2,4,B.LIN,0,HK,0,165,1994,4,0
B.RF2,12,B.LIN,3,HK,1,41,1994,4,0
B.RF2,13,B.LIN,2,HK,0,160,1994,4,0
B.RF2,16,B.LIN,0,HK,3,8,1994,4,0
B.RF2,17,B.LIN,0,HK,2,5,1994,4,0
B.RF2,19,B.LIN,0,HK,0,2,1994,4,2
B.RF2,21,B.LIN,0,HK,1,4,1994,4,0
B.RF2,22,B.LIN,4,HK,2,21,1994,4,0
B.RF2,4,B.LIN,0,HK,0,165,1994,5,0
B.RF2,6,B.LIN,0,HK,0,1,1994,5,1
B.RF2,11,B.LIN,12,HK,0,61,1994,5,0
B.RF2,12,B.LIN,0,HK,3,41,1994,5,1
B.RF2,13,B.LIN,2,HK,1,160,1994,5,0
B.RF2,16,B.LIN,0,HK,5,8,1994,5,0
B.RF2,17,B.LIN,0,HK,1,5,1994,5,0
B.RF2,19,B.LIN,0,HK,0,2,1994,5,2
B.RF2,21,B.LIN,0,HK,1,4,1994,5,0
B.RF2,22,B.LIN,4,HK,0,21,1994,5,1
B.RF2,3,B.LIN,13,HK,4,157,1994,6,0
B.RF2,4,B.LIN,10,HK,15,165,1994,6,0
B.RF2,6,B.LIN,0,HK,0,1,1994,6,1
B.RF2,11,B.LIN,11,HK,2,61,1994,6,0
B.RF2,12,B.LIN,0,HK,3,41,1994,6,1
B.RF2,13,B.LIN,3,HK,0,160,1994,6,0
B.RF2,15,B.LIN,0,HK,0,123,1994,6,0
B.RF2,16,B.LIN,0,HK,6,8,1994,6,0
B.RF2,17,B.LIN,0,HK,1,5,1994,6,0
B.RF2,19,B.LIN,0,HK,0,2,1994,6,2
B.RF2,21,B.LIN,0,HK,1,4,1994,6,0
B.RF2,22,B.LIN,5,HK,0,21,1994,6,0
B.RF2,0,B.LIN,0,HK,2,7,1994,7,1
B.RF2,3,B.LIN,12,HK,4,157,1994,7,0
B.RF2,4,B.LIN,12,HK,12,165,1994,7,0
B.RF2,6,B.LIN,0,HK,0,1,1994,7,1
B.RF2,9,B.LIN,0,HK,1,164,1994,7,0
B.RF2,11,B.LIN,12,HK,2,61,1994,7,2
B.RF2,12,B.LIN,1,HK,3,41,1994,7,2
B.RF2,13,B.LIN,3,HK,1,160,1994,7,0
B.RF2,15,B.LIN,0,HK,0,123,1994,7,0
B.RF2,16,B.LIN,1,HK,3,8,1994,7,2
B.RF2,17,B.LIN,0,HK,1,5,1994,7,0
B.RF2,19,B.LIN,0,HK,0,2,1994,7,2
B.RF2,21,B.LIN,0,HK,1,4,1994,7,0
B.RF2,22,B.LIN,5,HK,0,21,1994,7,0
B.RF2,0,B.LIN,0,HK,2,7,1994,8,1
B.RF2,3,B.LIN,11,HK,3,157,1994,8,0
B.RF2,4,B.LIN,14,HK,11,165,1994,8,0
B.RF2,5,B.LIN,0,HK,1,1,1994,8,0
B.RF2,6,B.LIN,0,HK,0,1,1994,8,1
B.RF2,7,B.LIN,0,HK,0,21,1994,8,0
B.RF2,9,B.LIN,0,HK,1,164,1994,8,0
B.RF2,11,B.LIN,10,HK,2,61,1994,8,3
B.RF2,12,B.LIN,1,HK,3,41,1994,8,2
B.RF2,13,B.LIN,4,HK,0,160,1994,8,0
B.RF2,15,B.LIN,0,HK,0,123,1994,8,0
B.RF2,16,B.LIN,1,HK,3,8,1994,8,2
B.RF2,17,B.LIN,0,HK,2,5,1994,8,0
B.RF2,19,B.LIN,0,HK,0,2,1994,8,2
B.RF2,21,B.LIN,0,HK,1,4,1994,8,0
B.RF2,22,B.LIN,5,HK,0,21,1994,8,0
B.RF2,0,B.LIN,0,HK,2,7,1994,9,1
B.RF2,1,B.LIN,1,HK,0,113,1994,9,0
B.RF2,3,B.LIN,12,HK,3,157,1994,9,0
B.RF2,4,B.LIN,14,HK,9,165,1994,9,0
B.RF2,5,B.LIN,0,HK,1,1,1994,9,0
B.RF2,6,B.LIN,0,HK,0,1,1994,9,1
B.RF2,7,B.LIN,0,HK,0,21,1994,9,0
B.RF2,9,B.LIN,0,HK,1,164,1994,9,0
B.RF2,11,B.LIN,14,HK,2,61,1994,9,1
B.RF2,12,B.LIN,0,HK,3,41,1994,9,3
B.RF2,13,B.LIN,3,HK,0,160,1994,9,0
B.RF2,15,B.LIN,0,HK,0,123,1994,9,0
B.RF2,16,B.LIN,1,HK,2,8,1994,9,2
B.RF2,17,B.LIN,0,HK,3,5,1994,9,0
B.RF2,18,B.LIN,11,HK,2,33,1994,9,1
B.RF2,19,B.LIN,0,HK,0,2,1994,9,1
B.RF2,21,B.LIN,0,HK,1,4,1994,9,0
B.RF2,22,B.LIN,4,HK,2,21,1994,9,2
B.RF2,0,B.LIN,0,HK,2,7,1994,10,1
B.RF2,1,B.LIN,0,HK,0,113,1994,10,0
B.RF2,3,B.LIN,12,HK,2,157,1994,10,0
B.RF2,4,B.LIN,15,HK,4,165,1994,10,0
B.RF2,5,B.LIN,0,HK,0,1,1994,10,0
B.RF2,6,B.LIN,0,HK,0,1,1994,10,1
B.RF2,7,B.LIN,0,HK,0,21,1994,10,0
B.RF2,9,B.LIN,0,HK,0,164,1994,10,0
B.RF2,10,B.LIN,18,HK,8,150,1994,10,7
B.RF2,11,B.LIN,14,HK,3,61,1994,10,8
B.RF2,12,B.LIN,1,HK,3,41,1994,10,3
B.RF2,13,B.LIN,1,HK,0,160,1994,10,1
B.RF2,14,B.LIN,1,HK,0,60,1994,10,0
B.RF2,15,B.LIN,1,HK,0,123,1994,10,0
B.RF2,16,B.LIN,1,HK,2,8,1994,10,2
B.RF2,17,B.LIN,0,HK,3,5,1994,10,1
B.RF2,18,B.LIN,11,HK,1,33,1994,10,1
B.RF2,19,B.LIN,0,HK,0,2,1994,10,1
B.RF2,21,B.LIN,0,HK,1,4,1994,10,0
B.RF2,22,B.LIN,3,HK,2,21,1994,10,3
B.RF2,0,B.LIN,0,HK,2,7,1994,11,1
B.RF2,1,B.LIN,4,HK,0,113,1994,11,0
B.RF2,2,B.LIN,29,HK,0,182,1994,11,0
B.RF2,3,B.LIN,11,HK,3,157,1994,11,0
B.RF2,4,B.LIN,13,HK,4,165,1994,11,0
B.RF2,5,B.LIN,0,HK,0,1,1994,11,0
B.RF2,6,B.LIN,0,HK,0,1,1994,11,0
B.RF2,7,B.LIN,0,HK,2,21,1994,11,0
B.RF2,8,B.LIN,1,HK,2,153,1994,11,0
B.RF2,9,B.LIN,0,HK,0,164,1994,11,0
B.RF2,10,B.LIN,17,HK,8,150,1994,11,10
B.RF2,11,B.LIN,12,HK,2,61,1994,11,10
B.RF2,12,B.LIN,0,HK,3,41,1994,11,3
B.RF2,13,B.LIN,1,HK,0,160,1994,11,2
B.RF2,14,B.LIN,1,HK,0,60,1994,11,0
B.RF2,15,B.LIN,1,HK,0,123,1994,11,0
B.RF2,16,B.LIN,1,HK,2,8,1994,11,3
B.RF2,17,B.LIN,0,HK,3,5,1994,11,1
B.RF2,18,B.LIN,8,HK,6,33,1994,11,6
B.RF2,19,B.LIN,0,HK,0,2,1994,11,0
B.RF2,20,B.LIN,31,HK,2,66,1994,11,7
B.RF2,21,B.LIN,0,HK,1,4,1994,11,0
B.RF2,22,B.LIN,2,HK,4,21,1994,11,4
B.RF2,9,B.LIN,0,HK,0,164,1995,1,0
B.RF2,13,B.LIN,0,HK,0,160,1995,1,0
B.RF2,9,B.LIN,0,HK,0,164,1995,2,0
B.RF2,13,B.LIN,0,HK,0,160,1995,2,0
B.RF2,14,B.LIN,0,HK,0,60,1995,2,0
B.RF2,16,B.LIN,0,HK,0,8,1995,2,0
B.RF2,5,B.LIN,0,HK,0,1,1995,3,0
B.RF2,9,B.LIN,0,HK,0,164,1995,3,0
B.RF2,13,B.LIN,0,HK,0,160,1995,3,0
B.RF2,14,B.LIN,0,HK,0,60,1995,3,0
B.RF2,15,B.LIN,0,HK,0,123,1995,3,0
B.RF2,16,B.LIN,0,HK,0,8,1995,3,0
B.RF2,1,B.LIN,0,HK,0,113,1995,4,0
B.RF2,5,B.LIN,0,HK,0,1,1995,4,0
B.RF2,9,B.LIN,0,HK,0,164,1995,4,0
B.RF2,12,B.LIN,1,HK,0,41,1995,4,0
B.RF2,13,B.LIN,0,HK,2,160,1995,4,0
B.RF2,14,B.LIN,0,HK,1,60,1995,4,0
B.RF2,15,B.LIN,0,HK,0,123,1995,4,0
B.RF2,16,B.LIN,0,HK,0,8,1995,4,0
B.RF2,1,B.LIN,0,HK,0,113,1995,5,0
B.RF2,5,B.LIN,0,HK,0,1,1995,5,0
B.RF2,8,B.LIN,0,HK,0,153,1995,5,0
B.RF2,9,B.LIN,0,HK,0,164,1995,5,0
B.RF2,12,B.LIN,3,HK,0,41,1995,5,0
B.RF2,13,B.LIN,0,HK,0,160,1995,5,0
B.RF2,14,B.LIN,0,HK,0,60,1995,5,0
B.RF2,15,B.LIN,0,HK,0,123,1995,5,0
B.RF2,16,B.LIN,0,HK,0,8,1995,5,0
B.RF2,22,B.LIN,0,HK,0,21,1995,5,0
B.RF2,1,B.LIN,0,HK,0,113,1995,6,0
B.RF2,5,B.LIN,0,HK,0,1,1995,6,0
B.RF2,8,B.LIN,0,HK,1,153,1995,6,0
B.RF2,9,B.LIN,0,HK,0,164,1995,6,0
B.RF2,12,B.LIN,3,HK,0,41,1995,6,0
B.RF2,13,B.LIN,1,HK,0,160,1995,6,0
B.RF2,14,B.LIN,0,HK,0,60,1995,6,0
B.RF2,15,B.LIN,0,HK,0,123,1995,6,0
B.RF2,16,B.LIN,0,HK,0,8,1995,6,0
B.RF2,17,B.LIN,1,HK,0,5,1995,6,0
B.RF2,19,B.LIN,0,HK,0,2,1995,6,0
B.RF2,22,B.LIN,0,HK,0,21,1995,6,0
B.RF2,1,B.LIN,0,HK,0,113,1995,7,0
B.RF2,5,B.LIN,0,HK,0,1,1995,7,0
B.RF2,6,B.LIN,0,HK,0,1,1995,7,0
B.RF2,8,B.LIN,0,HK,1,153,1995,7,0
B.RF2,9,B.LIN,0,HK,0,164,1995,7,0
B.RF2,12,B.LIN,3,HK,0,41,1995,7,0
B.RF2,13,B.LIN,0,HK,0,160,1995,7,1
B.RF2,14,B.LIN,0,HK,0,60,1995,7,0
B.RF2,15,B.LIN,0,HK,0,123,1995,7,0
B.RF2,16,B.LIN,0,HK,0,8,1995,7,0
B.RF2,17,B.LIN,0,HK,1,5,1995,7,0
B.RF2,18,B.LIN,1,HK,0,33,1995,7,1
B.RF2,19,B.LIN,0,HK,0,2,1995,7,1
B.RF2,22,B.LIN,0,HK,0,21,1995,7,0
B.RF2,0,B.LIN,0,HK,0,7,1995,8,0
B.RF2,1,B.LIN,0,HK,0,113,1995,8,0
B.RF2,5,B.LIN,0,HK,0,1,1995,8,0
B.RF2,6,B.LIN,0,HK,0,1,1995,8,0
B.RF2,8,B.LIN,0,HK,1,153,1995,8,0
B.RF2,9,B.LIN,0,HK,0,164,1995,8,0
B.RF2,12,B.LIN,2,HK,0,41,1995,8,0
B.RF2,13,B.LIN,0,HK,0,160,1995,8,0
B.RF2,14,B.LIN,0,HK,0,60,1995,8,0
B.RF2,15,B.LIN,0,HK,0,123,1995,8,0
B.RF2,16,B.LIN,0,HK,0,8,1995,8,1
B.RF2,17,B.LIN,0,HK,1,5,1995,8,1
B.RF2,18,B.LIN,0,HK,1,33,1995,8,1
B.RF2,19,B.LIN,0,HK,0,2,1995,8,0
B.RF2,20,B.LIN,0,HK,1,66,1995,8,0
B.RF2,22,B.LIN,1,HK,0,21,1995,8,0
B.RF2,0,B.LIN,0,HK,1,7,1995,9,0
B.RF2,1,B.LIN,0,HK,0,113,1995,9,0
B.RF2,3,B.LIN,0,HK,0,157,1995,9,0
B.RF2,5,B.LIN,0,HK,0,1,1995,9,0
B.RF2,6,B.LIN,0,HK,0,1,1995,9,0
B.RF2,8,B.LIN,0,HK,1,153,1995,9,0
B.RF2,9,B.LIN,0,HK,0,164,1995,9,0
B.RF2,11,B.LIN,3,HK,1,61,1995,9,3
B.RF2,12,B.LIN,0,HK,0,41,1995,9,1
B.RF2,13,B.LIN,1,HK,0,160,1995,9,0
B.RF2,14,B.LIN,0,HK,0,60,1995,9,0
B.RF2,15,B.LIN,0,HK,0,123,1995,9,0
B.RF2,16,B.LIN,0,HK,1,8,1995,9,0
B.RF2,17,B.LIN,0,HK,1,5,1995,9,1
B.RF2,18,B.LIN,0,HK,1,33,1995,9,2
B.RF2,19,B.LIN,0,HK,0,2,1995,9,0
B.RF2,20,B.LIN,0,HK,2,66,1995,9,0
B.RF2,22,B.LIN,1,HK,0,21,1995,9,0
B.RF2,0,B.LIN,0,HK,1,7,1995,10,0
B.RF2,1,B.LIN,0,HK,0,113,1995,10,0
B.RF2,2,B.LIN,0,HK,1,182,1995,10,0
B.RF2,3,B.LIN,0,HK,0,157,1995,10,0
B.RF2,5,B.LIN,0,HK,0,1,1995,10,0
B.RF2,6,B.LIN,0,HK,0,1,1995,10,0
B.RF2,8,B.LIN,0,HK,0,153,1995,10,0
B.RF2,9,B.LIN,0,HK,0,164,1995,10,0
B.RF2,11,B.LIN,3,HK,1,61,1995,10,4
B.RF2,12,B.LIN,0,HK,0,41,1995,10,1
B.RF2,13,B.LIN,1,HK,0,160,1995,10,0
B.RF2,14,B.LIN,0,HK,0,60,1995,10,0
B.RF2,15,B.LIN,0,HK,0,123,1995,10,0
B.RF2,16,B.LIN,0,HK,0,8,1995,10,0
B.RF2,17,B.LIN,0,HK,1,5,1995,10,0
B.RF2,18,B.LIN,1,HK,0,33,1995,10,4
B.RF2,19,B.LIN,0,HK,0,2,1995,10,1
B.RF2,20,B.LIN,0,HK,3,66,1995,10,1
B.RF2,21,B.LIN,0,HK,0,4,1995,10,0
B.RF2,22,B.LIN,0,HK,4,21,1995,10,1
B.RF2,0,B.LIN,0,HK,0,7,1995,11,0
B.RF2,1,B.LIN,0,HK,0,113,1995,11,0
B.RF2,2,B.LIN,1,HK,1,182,1995,11,1
B.RF2,3,B.LIN,4,HK,0,157,1995,11,0
B.RF2,4,B.LIN,2,HK,3,165,1995,11,0
B.RF2,5,B.LIN,0,HK,0,1,1995,11,0
B.RF2,6,B.LIN,0,HK,0,1,1995,11,0
B.RF2,7,B.LIN,0,HK,0,21,1995,11,0
B.RF2,8,B.LIN,0,HK,1,153,1995,11,0
B.RF2,9,B.LIN,0,HK,0,164,1995,11,0
B.RF2,10,B.LIN,2,HK,3,150,1995,11,3
B.RF2,11,B.LIN,6,HK,1,61,1995,11,4
B.RF2,12,B.LIN,2,HK,0,41,1995,11,1
B.RF2,13,B.LIN,0,HK,0,160,1995,11,0
B.RF2,14,B.LIN,0,HK,1,60,1995,11,0
B.RF2,15,B.LIN,0,HK,0,123,1995,11,0
B.RF2,16,B.LIN,0,HK,0,8,1995,11,0
B.RF2,17,B.LIN,0,HK,0,5,1995,11,0
B.RF2,18,B.LIN,1,HK,1,33,1995,11,2
B.RF2,19,B.LIN,0,HK,0,2,1995,11,0
B.RF2,20,B.LIN,4,HK,3,66,1995,11,1
B.RF2,21,B.LIN,0,HK,0,4,1995,11,0
B.RF2,22,B.LIN,0,HK,4,21,1995,11,1
B.LIN.CSE1,0,B.LIN,0,HK,0,7,1993,1,0
B.LIN.CSE1,4,B.LIN,0,HK,0,165,1993,1,0
B.LIN.CSE1,0,B.LIN,0,HK,0,7,1993,2,0
B.LIN.CSE1,4,B.LIN,0,HK,0,165,1993,2,0
B.LIN.CSE1,8,B.LIN,0,HK,0,153,1993,2,0
B.LIN.CSE1,12,B.LIN,0,HK,0,41,1993,2,0
B.LIN.CSE1,0,B.LIN,0,HK,0,7,1993,3,0
B.LIN.CSE1,2,B.LIN,0,HK,0,182,1993,3,0
B.LIN.CSE1,4,B.LIN,0,HK,0,165,1993,3,0
B.LIN.CSE1,8,B.LIN,0,HK,0,153,1993,3,0
B.LIN.CSE1,11,B.LIN,2,HK,0,61,1993,3,0
B.LIN.CSE1,12,B.LIN,0,HK,0,41,1993,3,0
B.LIN.CSE1,0,B.LIN,0,HK,0,7,1993,4,0
B.LIN.CSE1,2,B.LIN,0,HK,0,182,1993,4,0
B.LIN.CSE1,3,B.LIN,1,HK,7,157,1993,4,0
B.LIN.CSE1,4,B.LIN,1,HK,0,165,1993,4,0
B.LIN.CSE1,8,B.LIN,0,HK,0,153,1993,4,0
B.LIN.CSE1,11,B.LIN,1,HK,0,61,1993,4,0
B.LIN.CSE1,12,B.LIN,0,HK,0,41,1993,4,0
B.LIN.CSE1,17,B.LIN,0,HK,1,5,1993,4,0
B.LIN.CSE1,0,B.LIN,0,HK,0,7,1993,5,0
B.LIN.CSE1,2,B.LIN,0,HK,0,182,1993,5,0
B.LIN.CSE1,3,B.LIN,0,HK,6,157,1993,5,0
B.LIN.CSE1,4,B.LIN,2,HK,0,165,1993,5,0
B.LIN.CSE1,8,B.LIN,1,HK,0,153,1993,5,0
B.LIN.CSE1,11,B.LIN,2,HK,1,61,1993,5,1
B.LIN.CSE1,12,B.LIN,1,HK,0,41,1993,5,0
B.LIN.CSE1,16,B.LIN,0,HK,0,8,1993,5,0
B.LIN.CSE1,17,B.LIN,0,HK,0,5,1993,5,0
B.LIN.CSE1,21,B.LIN,0,HK,0,4,1993,5,0
B.LIN.CSE1,0,B.LIN,0,HK,0,7,1993,6,0
B.LIN.CSE1,2,B.LIN,0,HK,0,182,1993,6,0
B.LIN.CSE1,3,B.LIN,1,HK,5,157,1993,6,0
B.LIN.CSE1,4,B.LIN,1,HK,0,165,1993,6,0
B.LIN.CSE1,8,B.LIN,1,HK,0,153,1993,6,0
B.LIN.CSE1,11,B.LIN,1,HK,0,61,1993,6,0
B.LIN.CSE1,12,B.LIN,1,HK,0,41,1993,6,0
B.LIN.CSE1,13,B.LIN,2,HK,0,160,1993,6,0
B.LIN.CSE1,16,B.LIN,0,HK,0,8,1993,6,0
B.LIN.CSE1,17,B.LIN,0,HK,1,5,1993,6,0
B.LIN.CSE1,21,B.LIN,0,HK,0,4,1993,6,0
B.LIN.CSE1,22,B.LIN,0,HK,0,21,1993,6,0
B.LIN.CSE1,0,B.LIN,0,HK,0,7,1993,7,0
B.LIN.CSE1,2,B.LIN,0,HK,0,182,1993,7,0
B.LIN.CSE1,3,B.LIN,1,HK,5,157,1993,7,0
B.LIN.CSE1,4,B.LIN,1,HK,0,165,1993,7,0
B.LIN.CSE1,8,B.LIN,0,HK,0,153,1993,7,0
B.LIN.CSE1,11,B.LIN,4,HK,0,61,1993,7,0
B.LIN.CSE1,12,B.LIN,0,HK,1,41,1993,7,0
B.LIN.CSE1,13,B.LIN,1,HK,0,160,1993,7,0
B.LIN.CSE1,14,B.LIN,0,HK,0,60,1993,7,0
B.LIN.CSE1,16,B.LIN,0,HK,0,8,1993,7,0
B.LIN.CSE1,17,B.LIN,1,HK,1,5,1993,7,0
B.LIN.CSE1,18,B.LIN,0,HK,0,33,1993,7,2
B.LIN.CSE1,21,B.LIN,0,HK,0,4,1993,7,0
B.LIN.CSE1,22,B.LIN,0,HK,0,21,1993,7,0
B.LIN.CSE1,0,B.LIN,0,HK,0,7,1993,8,0
B.LIN.CSE1,2,B.LIN,0,HK,0,182,1993,8,0
B.LIN.CSE1,3,B.LIN,1,HK,5,157,1993,8,0
B.LIN.CSE1,4,B.LIN,2,HK,0,165,1993,8,0
B.LIN.CSE1,8,B.LIN,2,HK,0,153,1993,8,0
B.LIN.CSE1,9,B.LIN,0,HK,0,164,1993,8,0
B.LIN.CSE1,11,B.LIN,3,HK,0,61,1993,8,1
B.LIN.CSE1,12,B.LIN,1,HK,1,41,1993,8,0
B.LIN.CSE1,13,B.LIN,1,HK,0,160,1993,8,0
B.LIN.CSE1,14,B.LIN,0,HK,0,60,1993,8,0
B.LIN.CSE1,16,B.LIN,0,HK,0,8,1993,8,0
B.LIN.CSE1,17,B.LIN,0,HK,1,5,1993,8,0
B.LIN.CSE1,18,B.LIN,0,HK,2,33,1993,8,0
B.LIN.CSE1,19,B.LIN,0,HK,0,2,1993,8,0
B.LIN.CSE1,21,B.LIN,0,HK,0,4,1993,8,0
B.LIN.CSE1,22,B.LIN,0,HK,1,21,1993,8,0
B.LIN.CSE1,0,B.LIN,0,HK,0,7,1993,9,0
B.LIN.CSE1,2,B.LIN,0,HK,0,182,1993,9,0
B.LIN.CSE1,3,B.LIN,3,HK,5,157,1993,9,0
B.LIN.CSE1,4,B.LIN,2,HK,1,165,1993,9,0
B.LIN.CSE1,6,B.LIN,0,HK,0,1,1993,9,0
B.LIN.CSE1,8,B.LIN,1,HK,0,153,1993,9,0
B.LIN.CSE1,9,B.LIN,0,HK,0,164,1993,9,0
B.LIN.CSE1,11,B.LIN,4,HK,0,61,1993,9,2
B.LIN.CSE1,12,B.LIN,0,HK,0,41,1993,9,2
B.LIN.CSE1,13,B.LIN,1,HK,1,160,1993,9,0
B.LIN.CSE1,14,B.LIN,0,HK,0,60,1993,9,0
B.LIN.CSE1,15,B.LIN,0,HK,0,123,1993,9,0
B.LIN.CSE1,16,B.LIN,0,HK,0,8,1993,9,0
B.LIN.CSE1,17,B.LIN,0,HK,1,5,1993,9,0
B.LIN.CSE1,18,B.LIN,0,HK,4,33,1993,9,0
B.LIN.CSE1,19,B.LIN,0,HK,0,2,1993,9,0
B.LIN.CSE1,21,B.LIN,0,HK,0,4,1993,9,0
B.LIN.CSE1,22,B.LIN,0,HK,1,21,1993,9,0
B.LIN.CSE1,0,B.LIN,0,HK,1,7,1993,10,1
B.LIN.CSE1,2,B.LIN,0,HK,0,182,1993,10,0
B.LIN.CSE1,3,B.LIN,2,HK,6,157,1993,10,0
B.LIN.CSE1,4,B.LIN,3,HK,0,165,1993,10,0
B.LIN.CSE1,5,B.LIN,0,HK,0,1,1993,10,0
B.LIN.CSE1,6,B.LIN,0,HK,0,1,1993,10,0
B.LIN.CSE1,8,B.LIN,1,HK,0,153,1993,10,0
B.LIN.CSE1,9,B.LIN,0,HK,0,164,1993,10,0
B.LIN.CSE1,11,B.LIN,4,HK,0,61,1993,10,2
B.LIN.CSE1,12,B.LIN,0,HK,0,41,1993,10,2
B.LIN.CSE1,13,B.LIN,1,HK,0,160,1993,10,0
B.LIN.CSE1,14,B.LIN,3,HK,1,60,1993,10,0
B.LIN.CSE1,15,B.LIN,0,HK,0,123,1993,10,0
B.LIN.CSE1,16,B.LIN,0,HK,0,8,1993,10,0
B.LIN.CSE1,17,B.LIN,0,HK,1,5,1993,10,0
B.LIN.CSE1,18,B.LIN,0,HK,3,33,1993,10,1
B.LIN.CSE1,19,B.LIN,0,HK,0,2,1993,10,0
B.LIN.CSE1,20,B.LIN,0,HK,3,66,1993,10,4
B.LIN.CSE1,21,B.LIN,0,HK,0,4,1993,10,0
B.LIN.CSE1,22,B.LIN,0,HK,1,21,1993,10,0
B.LIN.CSE1,0,B.LIN,0,HK,1,7,1993,11,1
B.LIN.CSE1,1,B.LIN,0,HK,1,113,1993,11,0
B.LIN.CSE1,2,B.LIN,4,HK,0,182,1993,11,0
B.LIN.CSE1,3,B.LIN,2,HK,7,157,1993,11,0
B.LIN.CSE1,4,B.LIN,4,HK,0,165,1993,11,0
B.LIN.CSE1,5,B.LIN,0,HK,0,1,1993,11,0
B.LIN.CSE1,6,B.LIN,0,HK,0,1,1993,11,0
B.LIN.CSE1,7,B.LIN,0,HK,0,21,1993,11,0
B.LIN.CSE1,8,B.LIN,3,HK,0,153,1993,11,0
B.LIN.CSE1,9,B.LIN,0,HK,0,164,1993,11,0
B.LIN.CSE1,10,B.LIN,1,HK,11,150,1993,11,5
B.LIN.CSE1,11,B.LIN,10,HK,0,61,1993,11,3
B.LIN.CSE1,12,B.LIN,0,HK,0,41,1993,11,2
B.LIN.CSE1,13,B.LIN,3,HK,1,160,1993,11,0
B.LIN.CSE1,14,B.LIN,3,HK,0,60,1993,11,0
B.LIN.CSE1,15,B.LIN,0,HK,0,123,1993,11,0
B.LIN.CSE1,16,B.LIN,0,HK,0,8,1993,11,0
B.LIN.CSE1,17,B.LIN,0,HK,0,5,1993,11,0
B.LIN.CSE1,18,B.LIN,0,HK,3,33,1993,11,1
B.LIN.CSE1,19,B.LIN,0,HK,0,2,1993,11,0
B.LIN.CSE1,20,B.LIN,0,HK,4,66,1993,11,5
B.LIN.CSE1,21,B.LIN,0,HK,0,4,1993,11,0
B.LIN.CSE1,22,B.LIN,0,HK,1,21,1993,11,0
B.LIN.CSE1,16,B.LIN,0,HK,0,8,1994,1,0
B.LIN.CSE1,22,B.LIN,0,HK,0,21,1994,1,0
B.LIN.CSE1,12,B.LIN,0,HK,0,41,1994,2,0
B.LIN.CSE1,13,B.LIN,0,HK,0,160,1994,2,0
B.LIN.CSE1,16,B.LIN,0,HK,0,8,1994,2,0
B.LIN.CSE1,22,B.LIN,0,HK,0,21,1994,2,0
B.LIN.CSE1,4,B.LIN,0,HK,0,165,1994,3,0
B.LIN.CSE1,12,B.LIN,1,HK,0,41,1994,3,0
B.LIN.CSE1,13,B.LIN,1,HK,0,160,1994,3,0
B.LIN.CSE1,16,B.LIN,0,HK,0,8,1994,3,0
B.LIN.CSE1,21,B.LIN,0,HK,0,4,1994,3,0
B.LIN.CSE1,22,B.LIN,0,HK,0,21,1994,3,0
B.LIN.CSE1,4,B.LIN,0,HK,0,165,1994,4,0
B.LIN.CSE1,12,B.LIN,0,HK,0,41,1994,4,0
B.LIN.CSE1,13,B.LIN,1,HK,0,160,1994,4,0
B.LIN.CSE1,16,B.LIN,0,HK,0,8,1994,4,0
B.LIN.CSE1,17,B.LIN,1,HK,0,5,1994,4,0
B.LIN.CSE1,19,B.LIN,0,HK,0,2,1994,4,0
B.LIN.CSE1,21,B.LIN,0,HK,0,4,1994,4,0
B.LIN.CSE1,22,B.LIN,0,HK,0,21,1994,4,0
B.LIN.CSE1,4,B.LIN,0,HK,0,165,1994,5,0
B.LIN.CSE1,6,B.LIN,0,HK,0,1,1994,5,0
B.LIN.CSE1,11,B.LIN,2,HK,1,61,1994,5,0
B.LIN.CSE1,12,B.LIN,0,HK,0,41,1994,5,0
B.LIN.CSE1,13,B.LIN,1,HK,0,160,1994,5,0
B.LIN.CSE1,16,B.LIN,0,HK,0,8,1994,5,0
B.LIN.CSE1,17,B.LIN,0,HK,0,5,1994,5,0
B.LIN.CSE1,19,B.LIN,0,HK,0,2,1994,5,0
B.LIN.CSE1,21,B.LIN,0,HK,0,4,1994,5,0
B.LIN.CSE1,22,B.LIN,0,HK,0,21,1994,5,0
B.LIN.CSE1,3,B.LIN,1,HK,1,157,1994,6,0
B.LIN.CSE1,4,B.LIN,1,HK,0,165,1994,6,0
B.LIN.CSE1,6,B.LIN,0,HK,0,1,1994,6,0
B.LIN.CSE1,11,B.LIN,0,HK,0,61,1994,6,0
B.LIN.CSE1,12,B.LIN,0,HK,0,41,1994,6,0
B.LIN.CSE1,13,B.LIN,1,HK,0,160,1994,6,0
B.LIN.CSE1,15,B.LIN,0,HK,0,123,1994,6,0
B.LIN.CSE1,16,B.LIN,0,HK,0,8,1994,6,0
B.LIN.CSE1,17,B.LIN,0,HK,0,5,1994,6,0
B.LIN.CSE1,19,B.LIN,0,HK,0,2,1994,6,0
B.LIN.CSE1,21,B.LIN,0,HK,0,4,1994,6,0
B.LIN.CSE1,22,B.LIN,0,HK,0,21,1994,6,0
B.LIN.CSE1,0,B.LIN,0,HK,0,7,1994,7,0
B.LIN.CSE1,3,B.LIN,1,HK,3,157,1994,7,0
B.LIN.CSE1,4,B.LIN,0,HK,1,165,1994,7,0
B.LIN.CSE1,6,B.LIN,0,HK,0,1,1994,7,0
B.LIN.CSE1,9,B.LIN,0,HK,0,164,1994,7,0
B.LIN.CSE1,11,B.LIN,1,HK,0,61,1994,7,1
B.LIN.CSE1,12,B.LIN,1,HK,0,41,1994,7,0
B.LIN.CSE1,13,B.LIN,0,HK,1,160,1994,7,0
B.LIN.CSE1,15,B.LIN,0,HK,0,123,1994,7,0
B.LIN.CSE1,16,B.LIN,1,HK,0,8,1994,7,0
B.LIN.CSE1,17,B.LIN,0,HK,0,5,1994,7,0
B.LIN.CSE1,19,B.LIN,0,HK,0,2,1994,7,0
B.LIN.CSE1,21,B.LIN,0,HK,0,4,1994,7,0
B.LIN.CSE1,22,B.LIN,0,HK,0,21,1994,7,0
B.LIN.CSE1,0,B.LIN,0,HK,0,7,1994,8,0
B.LIN.CSE1,3,B.LIN,0,HK,4,157,1994,8,0
B.LIN.CSE1,4,B.LIN,1,HK,0,165,1994,8,0
B.LIN.CSE1,5,B.LIN,0,HK,0,1,1994,8,0
B.LIN.CSE1,6,B.LIN,0,HK,0,1,1994,8,0
B.LIN.CSE1,7,B.LIN,0,HK,0,21,1994,8,0
B.LIN.CSE1,9,B.LIN,0,HK,0,164,1994,8,0
B.LIN.CSE1,11,B.LIN,0,HK,1,61,1994,8,0
B.LIN.CSE1,12,B.LIN,2,HK,0,41,1994,8,0
B.LIN.CSE1,13,B.LIN,1,HK,0,160,1994,8,0
B.LIN.CSE1,15,B.LIN,0,HK,0,123,1994,8,0
B.LIN.CSE1,16,B.LIN,1,HK,0,8,1994,8,0
B.LIN.CSE1,17,B.LIN,0,HK,0,5,1994,8,0
B.LIN.CSE1,19,B.LIN,0,HK,0,2,1994,8,0
B.LIN.CSE1,21,B.LIN,0,HK,0,4,1994,8,0
B.LIN.CSE1,22,B.LIN,0,HK,0,21,1994,8,0
B.LIN.CSE1,0,B.LIN,0,HK,0,7,1994,9,0
B.LIN.CSE1,1,B.LIN,0,HK,0,113,1994,9,0
B.LIN.CSE1,3,B.LIN,0,HK,2,157,1994,9,0
B.LIN.CSE1,4,B.LIN,2,HK,0,165,1994,9,0
B.LIN.CSE1,5,B.LIN,0,HK,1,1,1994,9,0
B.LIN.CSE1,6,B.LIN,0,HK,0,1,1994,9,0
B.LIN.CSE1,7,B.LIN,0,HK,0,21,1994,9,0
B.LIN.CSE1,9,B.LIN,0,HK,0,164,1994,9,0
B.LIN.CSE1,11,B.LIN,4,HK,1,61,1994,9,1
B.LIN.CSE1,12,B.LIN,1,HK,0,41,1994,9,1
B.LIN.CSE1,13,B.LIN,1,HK,0,160,1994,9,0
B.LIN.CSE1,15,B.LIN,0,HK,0,123,1994,9,0
B.LIN.CSE1,16,B.LIN,1,HK,0,8,1994,9,0
B.LIN.CSE1,17,B.LIN,0,HK,0,5,1994,9,0
B.LIN.CSE1,18,B.LIN,0,HK,1,33,1994,9,1
B.LIN.CSE1,19,B.LIN,0,HK,0,2,1994,9,0
B.LIN.CSE1,21,B.LIN,0,HK,0,4,1994,9,0
B.LIN.CSE1,22,B.LIN,0,HK,0,21,1994,9,0
B.LIN.CSE1,0,B.LIN,0,HK,0,7,1994,10,1
B.LIN.CSE1,1,B.LIN,0,HK,0,113,1994,10,0
B.LIN.CSE1,3,B.LIN,0,HK,4,157,1994,10,0
B.LIN.CSE1,4,B.LIN,4,HK,0,165,1994,10,0
B.LIN.CSE1,5,B.LIN,0,HK,0,1,1994,10,0
B.LIN.CSE1,6,B.LIN,0,HK,0,1,1994,10,0
B.LIN.CSE1,7,B.LIN,0,HK,0,21,1994,10,0
B.LIN.CSE1,9,B.LIN,0,HK,0,164,1994,10,0
B.LIN.CSE1,10,B.LIN,0,HK,9,150,1994,10,3
B.LIN.CSE1,11,B.LIN,7,HK,0,61,1994,10,2
B.LIN.CSE1,12,B.LIN,3,HK,0,41,1994,10,1
B.LIN.CSE1,13,B.LIN,1,HK,0,160,1994,10,1
B.LIN.CSE1,14,B.LIN,0,HK,0,60,1994,10,0
B.LIN.CSE1,15,B.LIN,0,HK,0,123,1994,10,0
B.LIN.CSE1,16,B.LIN,0,HK,0,8,1994,10,0
B.LIN.CSE1,17,B.LIN,1,HK,0,5,1994,10,0
B.LIN.CSE1,18,B.LIN,0,HK,2,33,1994,10,1
B.LIN.CSE1,19,B.LIN,0,HK,0,2,1994,10,0
B.LIN.CSE1,21,B.LIN,0,HK,0,4,1994,10,0
B.LIN.CSE1,22,B.LIN,0,HK,0,21,1994,10,0
B.LIN.CSE1,0,B.LIN,0,HK,0,7,1994,11,1
B.LIN.CSE1,1,B.LIN,1,HK,0,113,1994,11,0
B.LIN.CSE1,2,B.LIN,5,HK,0,182,1994,11,0
B.LIN.CSE1,3,B.LIN,1,HK,5,157,1994,11,0
B.LIN.CSE1,4,B.LIN,4,HK,0,165,1994,11,0
B.LIN.CSE1,5,B.LIN,0,HK,0,1,1994,11,0
B.LIN.CSE1,6,B.LIN,0,HK,0,1,1994,11,0
B.LIN.CSE1,7,B.LIN,0,HK,0,21,1994,11,0
B.LIN.CSE1,8,B.LIN,1,HK,0,153,1994,11,0
B.LIN.CSE1,9,B.LIN,0,HK,0,164,1994,11,0
B.LIN.CSE1,10,B.LIN,0,HK,11,150,1994,11,2
B.LIN.CSE1,11,B.LIN,7,HK,0,61,1994,11,3
B.LIN.CSE1,12,B.LIN,0,HK,0,41,1994,11,1
B.LIN.CSE1,13,B.LIN,2,HK,0,160,1994,11,1
B.LIN.CSE1,14,B.LIN,0,HK,0,60,1994,11,0
B.LIN.CSE1,15,B.LIN,0,HK,0,123,1994,11,0
B.LIN.CSE1,16,B.LIN,0,HK,0,8,1994,11,1
B.LIN.CSE1,17,B.LIN,0,HK,1,5,1994,11,0
B.LIN.CSE1,18,B.LIN,0,HK,3,33,1994,11,4
B.LIN.CSE1,19,B.LIN,0,HK,0,2,1994,11,1
B.LIN.CSE1,20,B.LIN,1,HK,1,66,1994,11,3
B.LIN.CSE1,21,B.LIN,0,HK,0,4,1994,11,0
B.LIN.CSE1,22,B.LIN,0,HK,0,21,1994,11,1
B.LIN.CSE1,9,B.LIN,0,HK,0,164,1995,1,0
B.LIN.CSE1,13,B.LIN,0,HK,0,160,1995,1,0
B.LIN.CSE1,9,B.LIN,0,HK,0,164,1995,2,0
B.LIN.CSE1,13,B.LIN,1,HK,0,160,1995,2,0
B.LIN.CSE1,14,B.LIN,0,HK,0,60,1995,2,0
B.LIN.CSE1,16,B.LIN,0,HK,0,8,1995,2,0
B.LIN.CSE1,5,B.LIN,0,HK,0,1,1995,3,0
B.LIN.CSE1,9,B.LIN,0,HK,0,164,1995,3,0
B.LIN.CSE1,13,B.LIN,1,HK,0,160,1995,3,0
B.LIN.CSE1,14,B.LIN,0,HK,0,60,1995,3,0
B.LIN.CSE1,15,B.LIN,0,HK,0,123,1995,3,0
B.LIN.CSE1,16,B.LIN,0,HK,0,8,1995,3,0
B.LIN.CSE1,1,B.LIN,0,HK,0,113,1995,4,0
B.LIN.CSE1,5,B.LIN,0,HK,0,1,1995,4,0
B.LIN.CSE1,9,B.LIN,0,HK,0,164,1995,4,0
B.LIN.CSE1,12,B.LIN,0,HK,0,41,1995,4,0
B.LIN.CSE1,13,B.LIN,0,HK,1,160,1995,4,0
B.LIN.CSE1,14,B.LIN,0,HK,0,60,1995,4,0
B.LIN.CSE1,15,B.LIN,0,HK,0,123,1995,4,0
B.LIN.CSE1,16,B.LIN,0,HK,0,8,1995,4,0
B.LIN.CSE1,1,B.LIN,0,HK,0,113,1995,5,0
B.LIN.CSE1,5,B.LIN,0,HK,0,1,1995,5,0
B.LIN.CSE1,8,B.LIN,0,HK,0,153,1995,5,0
B.LIN.CSE1,9,B.LIN,0,HK,0,164,1995,5,0
B.LIN.CSE1,12,B.LIN,1,HK,0,41,1995,5,0
B.LIN.CSE1,13,B.LIN,1,HK,0,160,1995,5,0
B.LIN.CSE1,14,B.LIN,0,HK,0,60,1995,5,0
B.LIN.CSE1,15,B.LIN,0,HK,0,123,1995,5,0
B.LIN.CSE1,16,B.LIN,0,HK,0,8,1995,5,0
B.LIN.CSE1,22,B.LIN,0,HK,0,21,1995,5,0
B.LIN.CSE1,1,B.LIN,0,HK,0,113,1995,6,0
B.LIN.CSE1,5,B.LIN,0,HK,0,1,1995,6,0
B.LIN.CSE1,8,B.LIN,0,HK,0,153,1995,6,0
B.LIN.CSE1,9,B.LIN,0,HK,0,164,1995,6,0
B.LIN.CSE1,12,B.LIN,0,HK,0,41,1995,6,0
B.LIN.CSE1,13,B.LIN,1,HK,0,160,1995,6,0
B.LIN.CSE1,14,B.LIN,0,HK,0,60,1995,6,0
B.LIN.CSE1,15,B.LIN,0,HK,0,123,1995,6,0
B.LIN.CSE1,16,B.LIN,0,HK,0,8,1995,6,0
B.LIN.CSE1,17,B.LIN,0,HK,1,5,1995,6,0
B.LIN.CSE1,19,B.LIN,0,HK,0,2,1995,6,0
B.LIN.CSE1,22,B.LIN,0,HK,0,21,1995,6,0
B.LIN.CSE1,1,B.LIN,0,HK,0,113,1995,7,0
B.LIN.CSE1,5,B.LIN,0,HK,0,1,1995,7,0
B.LIN.CSE1,6,B.LIN,0,HK,0,1,1995,7,0
B.LIN.CSE1,8,B.LIN,0,HK,0,153,1995,7,0
B.LIN.CSE1,9,B.LIN,0,HK,0,164,1995,7,0
B.LIN.CSE1,12,B.LIN,0,HK,0,41,1995,7,0
B.LIN.CSE1,13,B.LIN,2,HK,0,160,1995,7,0
B.LIN.CSE1,14,B.LIN,0,HK,0,60,1995,7,0
B.LIN.CSE1,15,B.LIN,0,HK,0,123,1995,7,0
B.LIN.CSE1,16,B.LIN,0,HK,0,8,1995,7,0
B.LIN.CSE1,17,B.LIN,0,HK,1,5,1995,7,0
B.LIN.CSE1,18,B.LIN,0,HK,1,33,1995,7,1
B.LIN.CSE1,19,B.LIN,0,HK,0,2,1995,7,0
B.LIN.CSE1,22,B.LIN,0,HK,0,21,1995,7,0
B.LIN.CSE1,0,B.LIN,0,HK,0,7,1995,8,0
B.LIN.CSE1,1,B.LIN,0,HK,0,113,1995,8,0
B.LIN.CSE1,5,B.LIN,0,HK,0,1,1995,8,0
B.LIN.CSE1,6,B.LIN,0,HK,0,1,1995,8,0
B.LIN.CSE1,8,B.LIN,0,HK,0,153,1995,8,0
B.LIN.CSE1,9,B.LIN,0,HK,0,164,1995,8,0
B.LIN.CSE1,12,B.LIN,1,HK,0,41,1995,8,0
B.LIN.CSE1,13,B.LIN,1,HK,1,160,1995,8,0
B.LIN.CSE1,14,B.LIN,0,HK,0,60,1995,8,0
B.LIN.CSE1,15,B.LIN,0,HK,0,123,1995,8,0
B.LIN.CSE1,16,B.LIN,1,HK,0,8,1995,8,0
B.LIN.CSE1,17,B.LIN,0,HK,1,5,1995,8,0
B.LIN.CSE1,18,B.LIN,0,HK,1,33,1995,8,1
B.LIN.CSE1,19,B.LIN,0,HK,0,2,1995,8,0
B.LIN.CSE1,20,B.LIN,0,HK,1,66,1995,8,0
B.LIN.CSE1,22,B.LIN,0,HK,0,21,1995,8,0
B.LIN.CSE1,0,B.LIN,0,HK,0,7,1995,9,0
B.LIN.CSE1,1,B.LIN,0,HK,0,113,1995,9,0
B.LIN.CSE1,3,B.LIN,0,HK,1,157,1995,9,0
B.LIN.CSE1,5,B.LIN,0,HK,0,1,1995,9,0
B.LIN.CSE1,6,B.LIN,0,HK,0,1,1995,9,0
B.LIN.CSE1,8,B.LIN,0,HK,0,153,1995,9,0
B.LIN.CSE1,9,B.LIN,0,HK,0,164,1995,9,0
B.LIN.CSE1,11,B.LIN,1,HK,0,61,1995,9,0
B.LIN.CSE1,12,B.LIN,0,HK,0,41,1995,9,0
B.LIN.CSE1,13,B.LIN,1,HK,0,160,1995,9,1
B.LIN.CSE1,14,B.LIN,0,HK,1,60,1995,9,0
B.LIN.CSE1,15,B.LIN,0,HK,0,123,1995,9,0
B.LIN.CSE1,16,B.LIN,0,HK,0,8,1995,9,0
B.LIN.CSE1,17,B.LIN,0,HK,1,5,1995,9,0
B.LIN.CSE1,18,B.LIN,0,HK,1,33,1995,9,0
B.LIN.CSE1,19,B.LIN,0,HK,0,2,1995,9,0
B.LIN.CSE1,20,B.LIN,0,HK,1,66,1995,9,0
B.LIN.CSE1,22,B.LIN,0,HK,0,21,1995,9,0
B.LIN.CSE1,0,B.LIN,0,HK,0,7,1995,10,0
B.LIN.CSE1,1,B.LIN,0,HK,0,113,1995,10,0
B.LIN.CSE1,2,B.LIN,0,HK,0,182,1995,10,0
B.LIN.CSE1,3,B.LIN,0,HK,1,157,1995,10,0
B.LIN.CSE1,5,B.LIN,0,HK,0,1,1995,10,0
B.LIN.CSE1,6,B.LIN,0,HK,0,1,1995,10,0
B.LIN.CSE1,8,B.LIN,0,HK,0,153,1995,10,0
B.LIN.CSE1,9,B.LIN,0,HK,0,164,1995,10,0
B.LIN.CSE1,11,B.LIN,1,HK,0,61,1995,10,0
B.LIN.CSE1,12,B.LIN,0,HK,0,41,1995,10,0
B.LIN.CSE1,13,B.LIN,1,HK,0,160,1995,10,0
B.LIN.CSE1,14,B.LIN,0,HK,0,60,1995,10,0
B.LIN.CSE1,15,B.LIN,0,HK,0,123,1995,10,0
B.LIN.CSE1,16,B.LIN,1,HK,0,8,1995,10,0
B.LIN.CSE1,17,B.LIN,0,HK,0,5,1995,10,0
B.LIN.CSE1,18,B.LIN,0,HK,1,33,1995,10,1
B.LIN.CSE1,19,B.LIN,0,HK,0,2,1995,10,1
B.LIN.CSE1,20,B.LIN,0,HK,1,66,1995,10,1
B.LIN.CSE1,21,B.LIN,0,HK,0,4,1995,10,0
B.LIN.CSE1,22,B.LIN,0,HK,0,21,1995,10,0
B.LIN.CSE1,0,B.LIN,0,HK,0,7,1995,11,0
B.LIN.CSE1,1,B.LIN,0,HK,0,113,1995,11,0
B.LIN.CSE1,2,B.LIN,0,HK,1,182,1995,11,0
B.LIN.CSE1,3,B.LIN,1,HK,0,157,1995,11,0
B.LIN.CSE1,4,B.LIN,3,HK,0,165,1995,11,0
B.LIN.CSE1,5,B.LIN,0,HK,0,1,1995,11,0
B.LIN.CSE1,6,B.LIN,0,HK,0,1,1995,11,0
B.LIN.CSE1,7,B.LIN,0,HK,0,21,1995,11,0
B.LIN.CSE1,8,B.LIN,0,HK,0,153,1995,11,0
B.LIN.CSE1,9,B.LIN,0,HK,0,164,1995,11,0
B.LIN.CSE1,10,B.LIN,0,HK,9,150,1995,11,0
B.LIN.CSE1,11,B.LIN,5,HK,0,61,1995,11,3
B.LIN.CSE1,12,B.LIN,0,HK,0,41,1995,11,1
B.LIN.CSE1,13,B.LIN,1,HK,0,160,1995,11,0
B.LIN.CSE1,14,B.LIN,0,HK,1,60,1995,11,0
B.LIN.CSE1,15,B.LIN,0,HK,0,123,1995,11,0
B.LIN.CSE1,16,B.LIN,0,HK,0,8,1995,11,0
B.LIN.CSE1,17,B.LIN,0,HK,0,5,1995,11,0
B.LIN.CSE1,18,B.LIN,0,HK,1,33,1995,11,1
B.LIN.CSE1,19,B.LIN,0,HK,0,2,1995,11,1
B.LIN.CSE1,20,B.LIN,0,HK,0,66,1995,11,0
B.LIN.CSE1,21,B.LIN,0,HK,0,4,1995,11,0
B.LIN.CSE1,22,B.LIN,0,HK,0,21,1995,11,0
B.LIN.CSE025,0,B.LIN,0,HK,0,7,1993,1,0
B.LIN.CSE025,4,B.LIN,0,HK,0,165,1993,1,0
B.LIN.CSE025,0,B.LIN,0,HK,0,7,1993,2,0
B.LIN.CSE025,4,B.LIN,0,HK,0,165,1993,2,0
B.LIN.CSE025,8,B.LIN,0,HK,0,153,1993,2,0
B.LIN.CSE025,12,B.LIN,0,HK,0,41,1993,2,0
B.LIN.CSE025,0,B.LIN,0,HK,0,7,1993,3,0
B.LIN.CSE025,2,B.LIN,0,HK,0,182,1993,3,0
B.LIN.CSE025,4,B.LIN,0,HK,0,165,1993,3,0
B.LIN.CSE025,8,B.LIN,0,HK,0,153,1993,3,0
B.LIN.CSE025,11,B.LIN,0,HK,0,61,1993,3,0
B.LIN.CSE025,12,B.LIN,0,HK,0,41,1993,3,0
B.LIN.CSE025,0,B.LIN,0,HK,0,7,1993,4,0
B.LIN.CSE025,2,B.LIN,0,HK,0,182,1993,4,0
B.LIN.CSE025,3,B.LIN,0,HK,2,157,1993,4,0
B.LIN.CSE025,4,B.LIN,0,HK,0,165,1993,4,0
B.LIN.CSE025,8,B.LIN,0,HK,0,153,1993,4,0
B.LIN.CSE025,11,B.LIN,0,HK,0,61,1993,4,0
B.LIN.CSE025,12,B.LIN,0,HK,0,41,1993,4,0
B.LIN.CSE025,17,B.LIN,0,HK,0,5,1993,4,0
B.LIN.CSE025,0,B.LIN,0,HK,0,7,1993,5,0
B.LIN.CSE025,2,B.LIN,0,HK,0,182,1993,5,0
B.LIN.CSE025,3,B.LIN,0,HK,0,157,1993,5,0
B.LIN.CSE025,4,B.LIN,1,HK,0,165,1993,5,0
B.LIN.CSE025,8,B.LIN,0,HK,0,153,1993,5,0
B.LIN.CSE025,11,B.LIN,0,HK,1,61,1993,5,0
B.LIN.CSE025,12,B.LIN,0,HK,0,41,1993,5,0
B.LIN.CSE025,16,B.LIN,0,HK,0,8,1993,5,0
B.LIN.CSE025,17,B.LIN,0,HK,0,5,1993,5,0
B.LIN.CSE025,21,B.LIN,0,HK,0,4,1993,5,0
B.LIN.CSE025,0,B.LIN,0,HK,0,7,1993,6,0
B.LIN.CSE025,2,B.LIN,0,HK,0,182,1993,6,0
B.LIN.CSE025,3,B.LIN,0,HK,2,157,1993,6,0
B.LIN.CSE025,4,B.LIN,0,HK,0,165,1993,6,0
B.LIN.CSE025,8,B.LIN,0,HK,0,153,1993,6,0
B.LIN.CSE025,11,B.LIN,0,HK,0,61,1993,6,0
B.LIN.CSE025,12,B.LIN,1,HK,0,41,1993,6,0
B.LIN.CSE025,13,B.LIN,1,HK,0,160,1993,6,0
B.LIN.CSE025,16,B.LIN,0,HK,0,8,1993,6,0
B.LIN.CSE025,17,B.LIN,0,HK,0,5,1993,6,0
B.LIN.CSE025,21,B.LIN,0,HK,0,4,1993,6,0
B.LIN.CSE025,22,B.LIN,0,HK,0,21,1993,6,0
B.LIN.CSE025,0,B.LIN,0,HK,0,7,1993,7,0
B.LIN.CSE025,2,B.LIN,0,HK,0,182,1993,7,0
B.LIN.CSE025,3,B.LIN,0,HK,1,157,1993,7,0
B.LIN.CSE025,4,B.LIN,1,HK,0,165,1993,7,0
B.LIN.CSE025,8,B.LIN,0,HK,0,153,1993,7,0
B.LIN.CSE025,11,B.LIN,1,HK,0,61,1993,7,0
B.LIN.CSE025,12,B.LIN,0,HK,0,41,1993,7,0
B.LIN.CSE025,13,B.LIN,0,HK,0,160,1993,7,0
B.LIN.CSE025,14,B.LIN,0,HK,0,60,1993,7,0
B.LIN.CSE025,16,B.LIN,0,HK,0,8,1993,7,0
B.LIN.CSE025,17,B.LIN,1,HK,0,5,1993,7,0
B.LIN.CSE025,18,B.LIN,0,HK,0,33,1993,7,1
B.LIN.CSE025,21,B.LIN,0,HK,0,4,1993,7,0
B.LIN.CSE025,22,B.LIN,0,HK,0,21,1993,7,0
B.LIN.CSE025,0,B.LIN,0,HK,0,7,1993,8,0
B.LIN.CSE025,2,B.LIN,0,HK,0,182,1993,8,0
B.LIN.CSE025,3,B.LIN,0,HK,2,157,1993,8,0
B.LIN.CSE025,4,B.LIN,1,HK,0,165,1993,8,0
B.LIN.CSE025,8,B.LIN,1,HK,0,153,1993,8,0
B.LIN.CSE025,9,B.LIN,0,HK,0,164,1993,8,0
B.LIN.CSE025,11,B.LIN,1,HK,0,61,1993,8,0
B.LIN.CSE025,12,B.LIN,1,HK,0,41,1993,8,0
B.LIN.CSE025,13,B.LIN,0,HK,0,160,1993,8,0
B.LIN.CSE025,14,B.LIN,0,HK,0,60,1993,8,0
B.LIN.CSE025,16,B.LIN,0,HK,0,8,1993,8,0
B.LIN.CSE025,17,B.LIN,0,HK,1,5,1993,8,0
B.LIN.CSE025,18,B.LIN,0,HK,0,33,1993,8,0
B.LIN.CSE025,19,B.LIN,0,HK,0,2,1993,8,0
B.LIN.CSE025,21,B.LIN,0,HK,0,4,1993,8,0
B.LIN.CSE025,22,B.LIN,0,HK,0,21,1993,8,0
B.LIN.CSE025,0,B.LIN,0,HK,0,7,1993,9,0
B.LIN.CSE025,2,B.LIN,0,HK,0,182,1993,9,0
B.LIN.CSE025,3,B.LIN,2,HK,2,157,1993,9,0
B.LIN.CSE025,4,B.LIN,1,HK,0,165,1993,9,0
B.LIN.CSE025,6,B.LIN,0,HK,0,1,1993,9,0
B.LIN.CSE025,8,B.LIN,0,HK,0,153,1993,9,0
B.LIN.CSE025,9,B.LIN,0,HK,0,164,1993,9,0
B.LIN.CSE025,11,B.LIN,3,HK,0,61,1993,9,0
B.LIN.CSE025,12,B.LIN,0,HK,0,41,1993,9,0
B.LIN.CSE025,13,B.LIN,0,HK,0,160,1993,9,0
B.LIN.CSE025,14,B.LIN,0,HK,0,60,1993,9,0
B.LIN.CSE025,15,B.LIN,0,HK,0,123,1993,9,0
B.LIN.CSE025,16,B.LIN,0,HK,0,8,1993,9,0
B.LIN.CSE025,17,B.LIN,0,HK,1,5,1993,9,0
B.LIN.CSE025,18,B.LIN,0,HK,1,33,1993,9,0
B.LIN.CSE025,19,B.LIN,0,HK,0,2,1993,9,0
B.LIN.CSE025,21,B.LIN,0,HK,0,4,1993,9,0
B.LIN.CSE025,22,B.LIN,0,HK,0,21,1993,9,0
B.LIN.CSE025,0,B.LIN,0,HK,0,7,1993,10,0
B.LIN.CSE025,2,B.LIN,0,HK,0,182,1993,10,0
B.LIN.CSE025,3,B.LIN,1,HK,0,157,1993,10,0
B.LIN.CSE025,4,B.LIN,3,HK,0,165,1993,10,0
B.LIN.CSE025,5,B.LIN,0,HK,0,1,1993,10,0
B.LIN.CSE025,6,B.LIN,0,HK,0,1,1993,10,0
B.LIN.CSE025,8,B.LIN,0,HK,0,153,1993,10,0
B.LIN.CSE025,9,B.LIN,0,HK,0,164,1993,10,0
B.LIN.CSE025,11,B.LIN,2,HK,0,61,1993,10,0
B.LIN.CSE025,12,B.LIN,0,HK,0,41,1993,10,0
B.LIN.CSE025,13,B.LIN,0,HK,0,160,1993,10,0
B.LIN.CSE025,14,B.LIN,1,HK,0,60,1993,10,0
B.LIN.CSE025,15,B.LIN,0,HK,0,123,1993,10,0
B.LIN.CSE025,16,B.LIN,0,HK,0,8,1993,10,0
B.LIN.CSE025,17,B.LIN,0,HK,1,5,1993,10,0
B.LIN.CSE025,18,B.LIN,0,HK,0,33,1993,10,0
B.LIN.CSE025,19,B.LIN,0,HK,0,2,1993,10,0
B.LIN.CSE025,20,B.LIN,0,HK,0,66,1993,10,1
B.LIN.CSE025,21,B.LIN,0,HK,0,4,1993,10,0
B.LIN.CSE025,22,B.LIN,0,HK,0,21,1993,10,0
B.LIN.CSE025,0,B.LIN,0,HK,0,7,1993,11,1
B.LIN.CSE025,1,B.LIN,0,HK,0,113,1993,11,0
B.LIN.CSE025,2,B.LIN,1,HK,0,182,1993,11,0
B.LIN.CSE025,3,B.LIN,2,HK,1,157,1993,11,0
B.LIN.CSE025,4,B.LIN,1,HK,0,165,1993,11,0
B.LIN.CSE025,5,B.LIN,0,HK,0,1,1993,11,0
B.LIN.CSE025,6,B.LIN,0,HK,0,1,1993,11,0
B.LIN.CSE025,7,B.LIN,0,HK,0,21,1993,11,0
B.LIN.CSE025,8,B.LIN,2,HK,0,153,1993,11,0
B.LIN.CSE025,9,B.LIN,0,HK,0,164,1993,11,0
B.LIN.CSE025,10,B.LIN,1,HK,4,150,1993,11,1
B.LIN.CSE025,11,B.LIN,2,HK,0,61,1993,11,3
B.LIN.CSE025,12,B.LIN,0,HK,0,41,1993,11,1
B.LIN.CSE025,13,B.LIN,1,HK,0,160,1993,11,0
B.LIN.CSE025,14,B.LIN,1,HK,0,60,1993,11,0
B.LIN.CSE025,15,B.LIN,0,HK,0,123,1993,11,0
B.LIN.CSE025,16,B.LIN,0,HK,0,8,1993,11,0
B.LIN.CSE025,17,B.LIN,0,HK,0,5,1993,11,0
B.LIN.CSE025,18,B.LIN,0,HK,1,33,1993,11,1
B.LIN.CSE025,19,B.LIN,0,HK,0,2,1993,11,0
B.LIN.CSE025,20,B.LIN,0,HK,0,66,1993,11,1
B.LIN.CSE025,21,B.LIN,0,HK,0,4,1993,11,0
B.LIN.CSE025,22,B.LIN,0,HK,0,21,1993,11,0
B.LIN.CSE025,16,B.LIN,0,HK,0,8,1994,1,0
B.LIN.CSE025,22,B.LIN,0,HK,0,21,1994,1,0
B.LIN.CSE025,12,B.LIN,0,HK,0,41,1994,2,0
B.LIN.CSE025,13,B.LIN,0,HK,0,160,1994,2,0
B.LIN.CSE025,16,B.LIN,0,HK,0,8,1994,2,0
B.LIN.CSE025,22,B.LIN,0,HK,0,21,1994,2,0
B.LIN.CSE025,4,B.LIN,0,HK,0,165,1994,3,0
B.LIN.CSE025,12,B.LIN,1,HK,0,41,1994,3,0
B.LIN.CSE025,13,B.LIN,1,HK,0,160,1994,3,0
B.LIN.CSE025,16,B.LIN,0,HK,0,8,1994,3,0
B.LIN.CSE025,21,B.LIN,0,HK,0,4,1994,3,0
B.LIN.CSE025,22,B.LIN,0,HK,0,21,1994,3,0
B.LIN.CSE025,4,B.LIN,0,HK,0,165,1994,4,0
B.LIN.CSE025,12,B.LIN,0,HK,0,41,1994,4,0
B.LIN.CSE025,13,B.LIN,0,HK,0,160,1994,4,0
B.LIN.CSE025,16,B.LIN,0,HK,0,8,1994,4,0
B.LIN.CSE025,17,B.LIN,0,HK,0,5,1994,4,0
B.LIN.CSE025,19,B.LIN,0,HK,0,2,1994,4,0
B.LIN.CSE025,21,B.LIN,0,HK,0,4,1994,4,0
B.LIN.CSE025,22,B.LIN,0,HK,0,21,1994,4,0
B.LIN.CSE025,4,B.LIN,0,HK,0,165,1994,5,0
B.LIN.CSE025,6,B.LIN,0,HK,0,1,1994,5,0
B.LIN.CSE025,11,B.LIN,1,HK,0,61,1994,5,0
B.LIN.CSE025,12,B.LIN,0,HK,0,41,1994,5,0
B.LIN.CSE025,13,B.LIN,0,HK,0,160,1994,5,0
B.LIN.CSE025,16,B.LIN,0,HK,0,8,1994,5,0
B.LIN.CSE025,17,B.LIN,0,HK,0,5,1994,5,0
B.LIN.CSE025,19,B.LIN,0,HK,0,2,1994,5,0
B.LIN.CSE025,21,B.LIN,0,HK,0,4,1994,5,0
B.LIN.CSE025,22,B.LIN,0,HK,0,21,1994,5,0
B.LIN.CSE025,3,B.LIN,0,HK,0,157,1994,6,0
B.LIN.CSE025,4,B.LIN,1,HK,0,165,1994,6,0
B.LIN.CSE025,6,B.LIN,0,HK,0,1,1994,6,0
B.LIN.CSE025,11,B.LIN,0,HK,0,61,1994,6,0
B.LIN.CSE025,12,B.LIN,0,HK,0,41,1994,6,0
B.LIN.CSE025,13,B.LIN,0,HK,0,160,1994,6,0
B.LIN.CSE025,15,B.LIN,0,HK,0,123,1994,6,0
B.LIN.CSE025,16,B.LIN,0,HK,0,8,1994,6,0
B.LIN.CSE025,17,B.LIN,0,HK,0,5,1994,6,0
B.LIN.CSE025,19,B.LIN,0,HK,0,2,1994,6,0
B.LIN.CSE025,21,B.LIN,0,HK,0,4,1994,6,0
B.LIN.CSE025,22,B.LIN,0,HK,0,21,1994,6,0
B.LIN.CSE025,0,B.LIN,0,HK,0,7,1994,7,0
B.LIN.CSE025,3,B.LIN,0,HK,0,157,1994,7,0
B.LIN.CSE025,4,B.LIN,0,HK,0,165,1994,7,0
B.LIN.CSE025,6,B.LIN,0,HK,0,1,1994,7,0
B.LIN.CSE025,9,B.LIN,0,HK,0,164,1994,7,0
B.LIN.CSE025,11,B.LIN,0,HK,0,61,1994,7,0
B.LIN.CSE025,12,B.LIN,0,HK,0,41,1994,7,0
B.LIN.CSE025,13,B.LIN,0,HK,0,160,1994,7,0
B.LIN.CSE025,15,B.LIN,0,HK,0,123,1994,7,0
B.LIN.CSE025,16,B.LIN,0,HK,0,8,1994,7,0
B.LIN.CSE025,17,B.LIN,0,HK,0,5,1994,7,0
B.LIN.CSE025,19,B.LIN,0,HK,0,2,1994,7,0
B.LIN.CSE025,21,B.LIN,0,HK,0,4,1994,7,0
B.LIN.CSE025,22,B.LIN,0,HK,0,21,1994,7,0
B.LIN.CSE025,0,B.LIN,0,HK,0,7,1994,8,0
B.LIN.CSE025,3,B.LIN,0,HK,1,157,1994,8,0
B.LIN.CSE025,4,B.LIN,0,HK,0,165,1994,8,0
B.LIN.CSE025,5,B.LIN,0,HK,0,1,1994,8,0
B.LIN.CSE025,6,B.LIN,0,HK,0,1,1994,8,0
B.LIN.CSE025,7,B.LIN,0,HK,0,21,1994,8,0
B.LIN.CSE025,9,B.LIN,0,HK,0,164,1994,8,0
B.LIN.CSE025,11,B.LIN,0,HK,0,61,1994,8,0
B.LIN.CSE025,12,B.LIN,0,HK,0,41,1994,8,0
B.LIN.CSE025,13,B.LIN,0,HK,0,160,1994,8,0
B.LIN.CSE025,15,B.LIN,0,HK,0,123,1994,8,0
B.LIN.CSE025,16,B.LIN,0,HK,0,8,1994,8,0
B.LIN.CSE025,17,B.LIN,0,HK,0,5,1994,8,0
B.LIN.CSE025,19,B.LIN,0,HK,0,2,1994,8,0
B.LIN.CSE025,21,B.LIN,0,HK,0,4,1994,8,0
B.LIN.CSE025,22,B.LIN,0,HK,0,21,1994,8,0
B.LIN.CSE025,0,B.LIN,0,HK,0,7,1994,9,0
B.LIN.CSE025,1,B.LIN,0,HK,0,113,1994,9,0
B.LIN.CSE025,3,B.LIN,0,HK,0,157,1994,9,0
B.LIN.CSE025,4,B.LIN,1,HK,0,165,1994,9,0
B.LIN.CSE025,5,B.LIN,0,HK,0,1,1994,9,0
B.LIN.CSE025,6,B.LIN,0,HK,0,1,1994,9,0
B.LIN.CSE025,7,B.LIN,0,HK,0,21,1994,9,0
B.LIN.CSE025,9,B.LIN,0,HK,0,164,1994,9,0
B.LIN.CSE025,11,B.LIN,1,HK,1,61,1994,9,0
B.LIN.CSE025,12,B.LIN,0,HK,0,41,1994,9,1
B.LIN.CSE025,13,B.LIN,0,HK,0,160,1994,9,0
B.LIN.CSE025,15,B.LIN,0,HK,0,123,1994,9,0
B.LIN.CSE025,16,B.LIN,0,HK,0,8,1994,9,0
B.LIN.CSE025,17,B.LIN,0,HK,0,5,1994,9,0
B.LIN.CSE025,18,B.LIN,0,HK,0,33,1994,9,1
B.LIN.CSE025,19,B.LIN,0,HK,0,2,1994,9,0
B.LIN.CSE025,21,B.LIN,0,HK,0,4,1994,9,0
B.LIN.CSE025,22,B.LIN,0,HK,0,21,1994,9,0
B.LIN.CSE025,0,B.LIN,0,HK,0,7,1994,10,0
B.LIN.CSE025,1,B.LIN,0,HK,0,113,1994,10,0
B.LIN.CSE025,3,B.LIN,0,HK,0,157,1994,10,0
B.LIN.CSE025,4,B.LIN,2,HK,0,165,1994,10,0
B.LIN.CSE025,5,B.LIN,0,HK,0,1,1994,10,0
B.LIN.CSE025,6,B.LIN,0,HK,0,1,1994,10,0
B.LIN.CSE025,7,B.LIN,0,HK,0,21,1994,10,0
B.LIN.CSE025,9,B.LIN,0,HK,0,164,1994,10,0
B.LIN.CSE025,10,B.LIN,0,HK,5,150,1994,10,1
B.LIN.CSE025,11,B.LIN,1,HK,0,61,1994,10,1
B.LIN.CSE025,12,B.LIN,0,HK,0,41,1994,10,0
B.LIN.CSE025,13,B.LIN,0,HK,0,160,1994,10,0
B.LIN.CSE025,14,B.LIN,0,HK,0,60,1994,10,0
B.LIN.CSE025,15,B.LIN,0,HK,0,123,1994,10,0
B.LIN.CSE025,16,B.LIN,0,HK,0,8,1994,10,0
B.LIN.CSE025,17,B.LIN,0,HK,0,5,1994,10,0
B.LIN.CSE025,18,B.LIN,0,HK,0,33,1994,10,0
B.LIN.CSE025,19,B.LIN,0,HK,0,2,1994,10,0
B.LIN.CSE025,21,B.LIN,0,HK,0,4,1994,10,0
B.LIN.CSE025,22,B.LIN,0,HK,0,21,1994,10,0
B.LIN.CSE025,0,B.LIN,0,HK,0,7,1994,11,0
B.LIN.CSE025,1,B.LIN,0,HK,0,113,1994,11,0
B.LIN.CSE025,2,B.LIN,2,HK,0,182,1994,11,0
B.LIN.CSE025,3,B.LIN,1,HK,1,157,1994,11,0
B.LIN.CSE025,4,B.LIN,3,HK,0,165,1994,11,0
B.LIN.CSE025,5,B.LIN,0,HK,0,1,1994,11,0
B.LIN.CSE025,6,B.LIN,0,HK,0,1,1994,11,0
B.LIN.CSE025,7,B.LIN,0,HK,0,21,1994,11,0
B.LIN.CSE025,8,B.LIN,0,HK,0,153,1994,11,0
B.LIN.CSE025,9,B.LIN,0,HK,0,164,1994,11,0
B.LIN.CSE025,10,B.LIN,0,HK,4,150,1994,11,2
B.LIN.CSE025,11,B.LIN,2,HK,0,61,1994,11,1
B.LIN.CSE025,12,B.LIN,0,HK,0,41,1994,11,0
B.LIN.CSE025,13,B.LIN,0,HK,0,160,1994,11,1
B.LIN.CSE025,14,B.LIN,0,HK,0,60,1994,11,0
B.LIN.CSE025,15,B.LIN,0,HK,0,123,1994,11,0
B.LIN.CSE025,16,B.LIN,0,HK,0,8,1994,11,1
B.LIN.CSE025,17,B.LIN,0,HK,1,5,1994,11,0
B.LIN.CSE025,18,B.LIN,0,HK,1,33,1994,11,1
B.LIN.CSE025,19,B.LIN,0,HK,0,2,1994,11,1
B.LIN.CSE025,20,B.LIN,1,HK,1,66,1994,11,1
B.LIN.CSE025,21,B.LIN,0,HK,0,4,1994,11,0
B.LIN.CSE025,22,B.LIN,0,HK,0,21,1994,11,0
B.LIN.CSE025,9,B.LIN,0,HK,0,164,1995,1,0
B.LIN.CSE025,13,B.LIN,0,HK,0,160,1995,1,0
B.LIN.CSE025,9,B.LIN,0,HK,0,164,1995,2,0
B.LIN.CSE025,13,B.LIN,0,HK,0,160,1995,2,0
B.LIN.CSE025,14,B.LIN,0,HK,0,60,1995,2,0
B.LIN.CSE025,16,B.LIN,0,HK,0,8,1995,2,0
B.LIN.CSE025,5,B.LIN,0,HK,0,1,1995,3,0
B.LIN.CSE025,9,B.LIN,0,HK,0,164,1995,3,0
B.LIN.CSE025,13,B.LIN,0,HK,0,160,1995,3,0
B.LIN.CSE025,14,B.LIN,0,HK,0,60,1995,3,0
B.LIN.CSE025,15,B.LIN,0,HK,0,123,1995,3,0
B.LIN.CSE025,16,B.LIN,0,HK,0,8,1995,3,0
B.LIN.CSE025,1,B.LIN,0,HK,0,113,1995,4,0
B.LIN.CSE025,5,B.LIN,0,HK,0,1,1995,4,0
B.LIN.CSE025,9,B.LIN,0,HK,0,164,1995,4,0
B.LIN.CSE025,12,B.LIN,0,HK,0,41,1995,4,0
B.LIN.CSE025,13,B.LIN,0,HK,0,160,1995,4,0
B.LIN.CSE025,14,B.LIN,0,HK,0,60,1995,4,0
B.LIN.CSE025,15,B.LIN,0,HK,0,123,1995,4,0
B.LIN.CSE025,16,B.LIN,0,HK,0,8,1995,4,0
B.LIN.CSE025,1,B.LIN,0,HK,0,113,1995,5,0
B.LIN.CSE025,5,B.LIN,0,HK,0,1,1995,5,0
B.LIN.CSE025,8,B.LIN,0,HK,0,153,1995,5,0
B.LIN.CSE025,9,B.LIN,0,HK,0,164,1995,5,0
B.LIN.CSE025,12,B.LIN,0,HK,0,41,1995,5,0
B.LIN.CSE025,13,B.LIN,0,HK,0,160,1995,5,0
B.LIN.CSE025,14,B.LIN,0,HK,0,60,1995,5,0
B.LIN.CSE025,15,B.LIN,0,HK,0,123,1995,5,0
B.LIN.CSE025,16,B.LIN,0,HK,0,8,1995,5,0
B.LIN.CSE025,22,B.LIN,0,HK,0,21,1995,5,0
B.LIN.CSE025,1,B.LIN,0,HK,0,113,1995,6,0
B.LIN.CSE025,5,B.LIN,0,HK,0,1,1995,6,0
B.LIN.CSE025,8,B.LIN,0,HK,0,153,1995,6,0
B.LIN.CSE025,9,B.LIN,0,HK,0,164,1995,6,0
B.LIN.CSE025,12,B.LIN,0,HK,0,41,1995,6,0
B.LIN.CSE025,13,B.LIN,0,HK,0,160,1995,6,0
B.LIN.CSE025,14,B.LIN,0,HK,0,60,1995,6,0
B.LIN.CSE025,15,B.LIN,0,HK,0,123,1995,6,0
B.LIN.CSE025,16,B.LIN,0,HK,0,8,1995,6,0
B.LIN.CSE025,17,B.LIN,0,HK,0,5,1995,6,0
B.LIN.CSE025,19,B.LIN,0,HK,0,2,1995,6,0
B.LIN.CSE025,22,B.LIN,0,HK,0,21,1995,6,0
B.LIN.CSE025,1,B.LIN,0,HK,0,113,1995,7,0
B.LIN.CSE025,5,B.LIN,0,HK,0,1,1995,7,0
B.LIN.CSE025,6,B.LIN,0,HK,0,1,1995,7,0
B.LIN.CSE025,8,B.LIN,0,HK,0,153,1995,7,0
B.LIN.CSE025,9,B.LIN,0,HK,0,164,1995,7,0
B.LIN.CSE025,12,B.LIN,0,HK,0,41,1995,7,0
B.LIN.CSE025,13,B.LIN,0,HK,0,160,1995,7,0
B.LIN.CSE025,14,B.LIN,0,HK,0,60,1995,7,0
B.LIN.CSE025,15,B.LIN,0,HK,0,123,1995,7,0
B.LIN.CSE025,16,B.LIN,0,HK,0,8,1995,7,0
B.LIN.CSE025,17,B.LIN,0,HK,0,5,1995,7,0
B.LIN.CSE025,18,B.LIN,0,HK,0,33,1995,7,0
B.LIN.CSE025,19,B.LIN,0,HK,0,2,1995,7,0
B.LIN.CSE025,22,B.LIN,0,HK,0,21,1995,7,0
B.LIN.CSE025,0,B.LIN,0,HK,0,7,1995,8,0
B.LIN.CSE025,1,B.LIN,0,HK,0,113,1995,8,0
B.LIN.CSE025,5,B.LIN,0,HK,0,1,1995,8,0
B.LIN.CSE025,6,B.LIN,0,HK,0,1,1995,8,0
B.LIN.CSE025,8,B.LIN,0,HK,0,153,1995,8,0
B.LIN.CSE025,9,B.LIN,0,HK,0,164,1995,8,0
B.LIN.CSE025,12,B.LIN,0,HK,0,41,1995,8,0
B.LIN.CSE025,13,B.LIN,0,HK,0,160,1995,8,0
B.LIN.CSE025,14,B.LIN,0,HK,0,60,1995,8,0
B.LIN.CSE025,15,B.LIN,0,HK,0,123,1995,8,0
B.LIN.CSE025,16,B.LIN,1,HK,0,8,1995,8,0
B.LIN.CSE025,17,B.LIN,0,HK,0,5,1995,8,0
B.LIN.CSE025,18,B.LIN,0,HK,0,33,1995,8,0
B.LIN.CSE025,19,B.LIN,0,HK,0,2,1995,8,0
B.LIN.CSE025,20,B.LIN,0,HK,0,66,1995,8,0
B.LIN.CSE025,22,B.LIN,0,HK,0,21,1995,8,0
B.LIN.CSE025,0,B.LIN,0,HK,0,7,1995,9,0
B.LIN.CSE025,1,B.LIN,0,HK,0,113,1995,9,0
B.LIN.CSE025,3,B.LIN,0,HK,0,157,1995,9,0
B.LIN.CSE025,5,B.LIN,0,HK,0,1,1995,9,0
B.LIN.CSE025,6,B.LIN,0,HK,0,1,1995,9,0
B.LIN.CSE025,8,B.LIN,0,HK,0,153,1995,9,0
B.LIN.CSE025,9,B.LIN,0,HK,0,164,1995,9,0
B.LIN.CSE025,11,B.LIN,1,HK,0,61,1995,9,0
B.LIN.CSE025,12,B.LIN,0,HK,0,41,1995,9,0
B.LIN.CSE025,13,B.LIN,1,HK,0,160,1995,9,1
B.LIN.CSE025,14,B.LIN,0,HK,0,60,1995,9,0
B.LIN.CSE025,15,B.LIN,0,HK,0,123,1995,9,0
B.LIN.CSE025,16,B.LIN,0,HK,0,8,1995,9,0
B.LIN.CSE025,17,B.LIN,0,HK,0,5,1995,9,0
B.LIN.CSE025,18,B.LIN,0,HK,1,33,1995,9,0
B.LIN.CSE025,19,B.LIN,0,HK,0,2,1995,9,0
B.LIN.CSE025,20,B.LIN,0,HK,0,66,1995,9,0
B.LIN.CSE025,22,B.LIN,0,HK,0,21,1995,9,0
B.LIN.CSE025,0,B.LIN,0,HK,0,7,1995,10,0
B.LIN.CSE025,1,B.LIN,0,HK,0,113,1995,10,0
B.LIN.CSE025,2,B.LIN,0,HK,0,182,1995,10,0
B.LIN.CSE025,3,B.LIN,0,HK,0,157,1995,10,0
B.LIN.CSE025,5,B.LIN,0,HK,0,1,1995,10,0
B.LIN.CSE025,6,B.LIN,0,HK,0,1,1995,10,0
B.LIN.CSE025,8,B.LIN,0,HK,0,153,1995,10,0
B.LIN.CSE025,9,B.LIN,0,HK,0,164,1995,10,0
B.LIN.CSE025,11,B.LIN,1,HK,0,61,1995,10,0
B.LIN.CSE025,12,B.LIN,0,HK,0,41,1995,10,0
B.LIN.CSE025,13,B.LIN,0,HK,0,160,1995,10,0
B.LIN.CSE025,14,B.LIN,0,HK,0,60,1995,10,0
B.LIN.CSE025,15,B.LIN,0,HK,0,123,1995,10,0
B.LIN.CSE025,16,B.LIN,1,HK,0,8,1995,10,0
B.LIN.CSE025,17,B.LIN,0,HK,0,5,1995,10,0
B.LIN.CSE025,18,B.LIN,0,HK,0,33,1995,10,0
B.LIN.CSE025,19,B.LIN,0,HK,0,2,1995,10,0
B.LIN.CSE025,20,B.LIN,0,HK,0,66,1995,10,0
B.LIN.CSE025,21,B.LIN,0,HK,0,4,1995,10,0
B.LIN.CSE025,22,B.LIN,0,HK,0,21,1995,10,0
B.LIN.CSE025,0,B.LIN,0,HK,0,7,1995,11,0
B.LIN.CSE025,1,B.LIN,0,HK,0,113,1995,11,0
B.LIN.CSE025,2,B.LIN,0,HK,0,182,1995,11,0
B.LIN.CSE025,3,B.LIN,1,HK,0,157,1995,11,0
B.LIN.CSE025,4,B.LIN,0,HK,0,165,1995,11,0
B.LIN.CSE025,5,B.LIN,0,HK,0,1,1995,11,0
B.LIN.CSE025,6,B.LIN,0,HK,0,1,1995,11,0
B.LIN.CSE025,7,B.LIN,0,HK,0,21,1995,11,0
B.LIN.CSE025,8,B.LIN,0,HK,0,153,1995,11,0
B.LIN.CSE025,9,B.LIN,0,HK,0,164,1995,11,0
B.LIN.CSE025,10,B.LIN,0,HK,2,150,1995,11,0
B.LIN.CSE025,11,B.LIN,2,HK,0,61,1995,11,2
B.LIN.CSE025,12,B.LIN,0,HK,0,41,1995,11,0
B.LIN.CSE025,13,B.LIN,0,HK,0,160,1995,11,0
B.LIN.CSE025,14,B.LIN,0,HK,0,60,1995,11,0
B.LIN.CSE025,15,B.LIN,0,HK,0,123,1995,11,0
B.LIN.CSE025,16,B.LIN,0,HK,0,8,1995,11,0
B.LIN.CSE025,17,B.LIN,0,HK,0,5,1995,11,0
B.LIN.CSE025,18,B.LIN,0,HK,0,33,1995,11,0
B.LIN.CSE025,19,B.LIN,0,HK,0,2,1995,11,0
B.LIN.CSE025,20,B.LIN,0,HK,0,66,1995,11,0
B.LIN.CSE025,21,B.LIN,0,HK,0,4,1995,11,0
B.LIN.CSE025,22,B.LIN,0,HK,0,21,1995,11,0
B.RF1.CSE1,0,B.RF1,0,HK,0,7,1993,1,0
B.RF1.CSE1,4,B.RF1,0,HK,0,165,1993,1,0
B.RF1.CSE1,0,B.RF1,0,HK,0,7,1993,2,0
B.RF1.CSE1,4,B.RF1,0,HK,0,165,1993,2,0
B.RF1.CSE1,8,B.RF1,0,HK,0,153,1993,2,0
B.RF1.CSE1,12,B.RF1,0,HK,0,41,1993,2,0
B.RF1.CSE1,0,B.RF1,0,HK,0,7,1993,3,0
B.RF1.CSE1,2,B.RF1,0,HK,0,182,1993,3,0
B.RF1.CSE1,4,B.RF1,0,HK,0,165,1993,3,0
B.RF1.CSE1,8,B.RF1,0,HK,0,153,1993,3,0
B.RF1.CSE1,11,B.RF1,1,HK,0,61,1993,3,0
B.RF1.CSE1,12,B.RF1,0,HK,0,41,1993,3,0
B.RF1.CSE1,0,B.RF1,0,HK,0,7,1993,4,0
B.RF1.CSE1,2,B.RF1,0,HK,0,182,1993,4,0
B.RF1.CSE1,3,B.RF1,1,HK,1,157,1993,4,0
B.RF1.CSE1,4,B.RF1,1,HK,0,165,1993,4,0
B.RF1.CSE1,8,B.RF1,0,HK,0,153,1993,4,0
B.RF1.CSE1,11,B.RF1,1,HK,0,61,1993,4,0
B.RF1.CSE1,12,B.RF1,0,HK,0,41,1993,4,0
B.RF1.CSE1,17,B.RF1,0,HK,0,5,1993,4,0
B.RF1.CSE1,0,B.RF1,0,HK,0,7,1993,5,0
B.RF1.CSE1,2,B.RF1,0,HK,0,182,1993,5,0
B.RF1.CSE1,3,B.RF1,2,HK,1,157,1993,5,0
B.RF1.CSE1,4,B.RF1,1,HK,0,165,1993,5,0
B.RF1.CSE1,8,B.RF1,1,HK,0,153,1993,5,0
B.RF1.CSE1,11,B.RF1,1,HK,0,61,1993,5,0
B.RF1.CSE1,12,B.RF1,0,HK,1,41,1993,5,0
B.RF1.CSE1,16,B.RF1,1,HK,0,8,1993,5,0
B.RF1.CSE1,17,B.RF1,0,HK,0,5,1993,5,0
B.RF1.CSE1,21,B.RF1,0,HK,0,4,1993,5,0
B.RF1.CSE1,0,B.RF1,0,HK,0,7,1993,6,0
B.RF1.CSE1,2,B.RF1,0,HK,0,182,1993,6,0
B.RF1.CSE1,3,B.RF1,1,HK,2,157,1993,6,0
B.RF1.CSE1,4,B.RF1,0,HK,0,165,1993,6,0
B.RF1.CSE1,8,B.RF1,0,HK,0,153,1993,6,0
B.RF1.CSE1,11,B.RF1,1,HK,0,61,1993,6,0
B.RF1.CSE1,12,B.RF1,0,HK,0,41,1993,6,0
B.RF1.CSE1,13,B.RF1,3,HK,0,160,1993,6,0
B.RF1.CSE1,16,B.RF1,1,HK,0,8,1993,6,0
B.RF1.CSE1,17,B.RF1,0,HK,0,5,1993,6,0
B.RF1.CSE1,21,B.RF1,0,HK,0,4,1993,6,0
B.RF1.CSE1,22,B.RF1,0,HK,1,21,1993,6,0
B.RF1.CSE1,0,B.RF1,0,HK,0,7,1993,7,0
B.RF1.CSE1,2,B.RF1,0,HK,0,182,1993,7,0
B.RF1.CSE1,3,B.RF1,1,HK,3,157,1993,7,0
B.RF1.CSE1,4,B.RF1,0,HK,0,165,1993,7,0
B.RF1.CSE1,8,B.RF1,0,HK,0,153,1993,7,0
B.RF1.CSE1,11,B.RF1,3,HK,1,61,1993,7,0
B.RF1.CSE1,12,B.RF1,0,HK,0,41,1993,7,0
B.RF1.CSE1,13,B.RF1,2,HK,1,160,1993,7,0
B.RF1.CSE1,14,B.RF1,0,HK,0,60,1993,7,0
B.RF1.CSE1,16,B.RF1,1,HK,0,8,1993,7,0
B.RF1.CSE1,17,B.RF1,0,HK,0,5,1993,7,0
B.RF1.CSE1,18,B.RF1,1,HK,0,33,1993,7,1
B.RF1.CSE1,21,B.RF1,0,HK,0,4,1993,7,0
B.RF1.CSE1,22,B.RF1,0,HK,0,21,1993,7,0
B.RF1.CSE1,0,B.RF1,0,HK,0,7,1993,8,0
B.RF1.CSE1,2,B.RF1,0,HK,0,182,1993,8,0
B.RF1.CSE1,3,B.RF1,1,HK,4,157,1993,8,0
B.RF1.CSE1,4,B.RF1,0,HK,0,165,1993,8,0
B.RF1.CSE1,8,B.RF1,0,HK,0,153,1993,8,0
B.RF1.CSE1,9,B.RF1,1,HK,0,164,1993,8,0
B.RF1.CSE1,11,B.RF1,2,HK,1,61,1993,8,0
B.RF1.CSE1,12,B.RF1,0,HK,0,41,1993,8,0
B.RF1.CSE1,13,B.RF1,1,HK,0,160,1993,8,0
B.RF1.CSE1,14,B.RF1,0,HK,0,60,1993,8,0
B.RF1.CSE1,16,B.RF1,1,HK,0,8,1993,8,0
B.RF1.CSE1,17,B.RF1,1,HK,1,5,1993,8,0
B.RF1.CSE1,18,B.RF1,0,HK,1,33,1993,8,2
B.RF1.CSE1,19,B.RF1,0,HK,0,2,1993,8,1
B.RF1.CSE1,21,B.RF1,0,HK,0,4,1993,8,0
B.RF1.CSE1,22,B.RF1,0,HK,0,21,1993,8,0
B.RF1.CSE1,0,B.RF1,0,HK,0,7,1993,9,0
B.RF1.CSE1,2,B.RF1,0,HK,0,182,1993,9,0
B.RF1.CSE1,3,B.RF1,0,HK,5,157,1993,9,0
B.RF1.CSE1,4,B.RF1,0,HK,0,165,1993,9,0
B.RF1.CSE1,6,B.RF1,0,HK,0,1,1993,9,0
B.RF1.CSE1,8,B.RF1,1,HK,0,153,1993,9,0
B.RF1.CSE1,9,B.RF1,0,HK,0,164,1993,9,0
B.RF1.CSE1,11,B.RF1,1,HK,0,61,1993,9,2
B.RF1.CSE1,12,B.RF1,0,HK,0,41,1993,9,0
B.RF1.CSE1,13,B.RF1,0,HK,0,160,1993,9,0
B.RF1.CSE1,14,B.RF1,0,HK,0,60,1993,9,0
B.RF1.CSE1,15,B.RF1,0,HK,0,123,1993,9,0
B.RF1.CSE1,16,B.RF1,0,HK,0,8,1993,9,0
B.RF1.CSE1,17,B.RF1,0,HK,1,5,1993,9,0
B.RF1.CSE1,18,B.RF1,0,HK,2,33,1993,9,2
B.RF1.CSE1,19,B.RF1,0,HK,0,2,1993,9,1
B.RF1.CSE1,21,B.RF1,0,HK,0,4,1993,9,0
B.RF1.CSE1,22,B.RF1,0,HK,0,21,1993,9,0
B.RF1.CSE1,0,B.RF1,0,HK,0,7,1993,10,0
B.RF1.CSE1,2,B.RF1,0,HK,0,182,1993,10,0
B.RF1.CSE1,3,B.RF1,1,HK,4,157,1993,10,0
B.RF1.CSE1,4,B.RF1,1,HK,0,165,1993,10,0
B.RF1.CSE1,5,B.RF1,0,HK,0,1,1993,10,0
B.RF1.CSE1,6,B.RF1,0,HK,0,1,1993,10,0
B.RF1.CSE1,8,B.RF1,1,HK,0,153,1993,10,0
B.RF1.CSE1,9,B.RF1,0,HK,0,164,1993,10,0
B.RF1.CSE1,11,B.RF1,1,HK,0,61,1993,10,2
B.RF1.CSE1,12,B.RF1,0,HK,0,41,1993,10,0
B.RF1.CSE1,13,B.RF1,0,HK,0,160,1993,10,0
B.RF1.CSE1,14,B.RF1,1,HK,0,60,1993,10,0
B.RF1.CSE1,15,B.RF1,0,HK,0,123,1993,10,0
B.RF1.CSE1,16,B.RF1,0,HK,0,8,1993,10,0
B.RF1.CSE1,17,B.RF1,0,HK,1,5,1993,10,0
B.RF1.CSE1,18,B.RF1,0,HK,3,33,1993,10,2
B.RF1.CSE1,19,B.RF1,0,HK,0,2,1993,10,1
B.RF1.CSE1,20,B.RF1,0,HK,2,66,1993,10,6
B.RF1.CSE1,21,B.RF1,0,HK,0,4,1993,10,0
B.RF1.CSE1,22,B.RF1,1,HK,0,21,1993,10,0
B.RF1.CSE1,0,B.RF1,0,HK,0,7,1993,11,0
B.RF1.CSE1,1,B.RF1,1,HK,0,113,1993,11,0
B.RF1.CSE1,2,B.RF1,4,HK,0,182,1993,11,0
B.RF1.CSE1,3,B.RF1,2,HK,4,157,1993,11,0
B.RF1.CSE1,4,B.RF1,2,HK,0,165,1993,11,0
B.RF1.CSE1,5,B.RF1,0,HK,0,1,1993,11,0
B.RF1.CSE1,6,B.RF1,0,HK,0,1,1993,11,0
B.RF1.CSE1,7,B.RF1,0,HK,0,21,1993,11,0
B.RF1.CSE1,8,B.RF1,2,HK,0,153,1993,11,0
B.RF1.CSE1,9,B.RF1,0,HK,0,164,1993,11,0
B.RF1.CSE1,10,B.RF1,0,HK,12,150,1993,11,0
B.RF1.CSE1,11,B.RF1,8,HK,0,61,1993,11,2
B.RF1.CSE1,12,B.RF1,1,HK,0,41,1993,11,0
B.RF1.CSE1,13,B.RF1,1,HK,0,160,1993,11,0
B.RF1.CSE1,14,B.RF1,1,HK,0,60,1993,11,0
B.RF1.CSE1,15,B.RF1,0,HK,0,123,1993,11,0
B.RF1.CSE1,16,B.RF1,0,HK,0,8,1993,11,0
B.RF1.CSE1,17,B.RF1,1,HK,1,5,1993,11,0
B.RF1.CSE1,18,B.RF1,0,HK,3,33,1993,11,3
B.RF1.CSE1,19,B.RF1,0,HK,0,2,1993,11,0
B.RF1.CSE1,20,B.RF1,1,HK,2,66,1993,11,7
B.RF1.CSE1,21,B.RF1,0,HK,0,4,1993,11,0
B.RF1.CSE1,22,B.RF1,0,HK,0,21,1993,11,0
B.RF1.CSE1,16,B.RF1,0,HK,0,8,1994,1,0
B.RF1.CSE1,22,B.RF1,0,HK,0,21,1994,1,0
B.RF1.CSE1,12,B.RF1,0,HK,0,41,1994,2,0
B.RF1.CSE1,13,B.RF1,0,HK,0,160,1994,2,0
B.RF1.CSE1,16,B.RF1,0,HK,0,8,1994,2,0
B.RF1.CSE1,22,B.RF1,0,HK,0,21,1994,2,0
B.RF1.CSE1,4,B.RF1,0,HK,0,165,1994,3,0
B.RF1.CSE1,12,B.RF1,1,HK,0,41,1994,3,0
B.RF1.CSE1,13,B.RF1,0,HK,0,160,1994,3,0
B.RF1.CSE1,16,B.RF1,0,HK,0,8,1994,3,0
B.RF1.CSE1,21,B.RF1,0,HK,0,4,1994,3,0
B.RF1.CSE1,22,B.RF1,0,HK,0,21,1994,3,0
B.RF1.CSE1,4,B.RF1,0,HK,0,165,1994,4,0
B.RF1.CSE1,12,B.RF1,1,HK,0,41,1994,4,0
B.RF1.CSE1,13,B.RF1,1,HK,0,160,1994,4,0
B.RF1.CSE1,16,B.RF1,0,HK,0,8,1994,4,0
B.RF1.CSE1,17,B.RF1,0,HK,0,5,1994,4,0
B.RF1.CSE1,19,B.RF1,0,HK,0,2,1994,4,0
B.RF1.CSE1,21,B.RF1,0,HK,0,4,1994,4,0
B.RF1.CSE1,22,B.RF1,1,HK,0,21,1994,4,0
B.RF1.CSE1,4,B.RF1,0,HK,0,165,1994,5,0
B.RF1.CSE1,6,B.RF1,0,HK,0,1,1994,5,0
B.RF1.CSE1,11,B.RF1,2,HK,0,61,1994,5,1
B.RF1.CSE1,12,B.RF1,0,HK,0,41,1994,5,0
B.RF1.CSE1,13,B.RF1,1,HK,0,160,1994,5,0
B.RF1.CSE1,16,B.RF1,0,HK,0,8,1994,5,0
B.RF1.CSE1,17,B.RF1,0,HK,0,5,1994,5,0
B.RF1.CSE1,19,B.RF1,0,HK,0,2,1994,5,0
B.RF1.CSE1,21,B.RF1,0,HK,0,4,1994,5,0
B.RF1.CSE1,22,B.RF1,0,HK,0,21,1994,5,0
B.RF1.CSE1,3,B.RF1,0,HK,2,157,1994,6,0
B.RF1.CSE1,4,B.RF1,0,HK,0,165,1994,6,0
B.RF1.CSE1,6,B.RF1,0,HK,0,1,1994,6,0
B.RF1.CSE1,11,B.RF1,1,HK,0,61,1994,6,0
B.RF1.CSE1,12,B.RF1,0,HK,0,41,1994,6,0
B.RF1.CSE1,13,B.RF1,1,HK,0,160,1994,6,1
B.RF1.CSE1,15,B.RF1,0,HK,0,123,1994,6,0
B.RF1.CSE1,16,B.RF1,0,HK,0,8,1994,6,0
B.RF1.CSE1,17,B.RF1,0,HK,0,5,1994,6,0
B.RF1.CSE1,19,B.RF1,0,HK,0,2,1994,6,0
B.RF1.CSE1,21,B.RF1,0,HK,0,4,1994,6,0
B.RF1.CSE1,22,B.RF1,0,HK,0,21,1994,6,0
B.RF1.CSE1,0,B.RF1,0,HK,0,7,1994,7,0
B.RF1.CSE1,3,B.RF1,1,HK,1,157,1994,7,0
B.RF1.CSE1,4,B.RF1,0,HK,0,165,1994,7,0
B.RF1.CSE1,6,B.RF1,0,HK,0,1,1994,7,0
B.RF1.CSE1,9,B.RF1,0,HK,0,164,1994,7,0
B.RF1.CSE1,11,B.RF1,3,HK,0,61,1994,7,3
B.RF1.CSE1,12,B.RF1,0,HK,0,41,1994,7,1
B.RF1.CSE1,13,B.RF1,0,HK,0,160,1994,7,0
B.RF1.CSE1,15,B.RF1,0,HK,1,123,1994,7,0
B.RF1.CSE1,16,B.RF1,1,HK,0,8,1994,7,0
B.RF1.CSE1,17,B.RF1,1,HK,0,5,1994,7,0
B.RF1.CSE1,19,B.RF1,0,HK,0,2,1994,7,0
B.RF1.CSE1,21,B.RF1,0,HK,0,4,1994,7,0
B.RF1.CSE1,22,B.RF1,0,HK,0,21,1994,7,0
B.RF1.CSE1,0,B.RF1,0,HK,0,7,1994,8,0
B.RF1.CSE1,3,B.RF1,2,HK,4,157,1994,8,0
B.RF1.CSE1,4,B.RF1,1,HK,0,165,1994,8,0
B.RF1.CSE1,5,B.RF1,0,HK,0,1,1994,8,0
B.RF1.CSE1,6,B.RF1,0,HK,0,1,1994,8,0
B.RF1.CSE1,7,B.RF1,0,HK,0,21,1994,8,0
B.RF1.CSE1,9,B.RF1,0,HK,0,164,1994,8,0
B.RF1.CSE1,11,B.RF1,1,HK,0,61,1994,8,3
B.RF1.CSE1,12,B.RF1,1,HK,0,41,1994,8,1
B.RF1.CSE1,13,B.RF1,0,HK,0,160,1994,8,0
B.RF1.CSE1,15,B.RF1,0,HK,0,123,1994,8,0
B.RF1.CSE1,16,B.RF1,1,HK,0,8,1994,8,0
B.RF1.CSE1,17,B.RF1,0,HK,0,5,1994,8,0
B.RF1.CSE1,19,B.RF1,0,HK,0,2,1994,8,0
B.RF1.CSE1,21,B.RF1,0,HK,0,4,1994,8,0
B.RF1.CSE1,22,B.RF1,0,HK,0,21,1994,8,0
B.RF1.CSE1,0,B.RF1,0,HK,0,7,1994,9,0
B.RF1.CSE1,1,B.RF1,0,HK,0,113,1994,9,0
B.RF1.CSE1,3,B.RF1,2,HK,5,157,1994,9,0
B.RF1.CSE1,4,B.RF1,1,HK,0,165,1994,9,0
B.RF1.CSE1,5,B.RF1,0,HK,1,1,1994,9,0
B.RF1.CSE1,6,B.RF1,0,HK,0,1,1994,9,0
B.RF1.CSE1,7,B.RF1,0,HK,0,21,1994,9,0
B.RF1.CSE1,9,B.RF1,0,HK,0,164,1994,9,0
B.RF1.CSE1,11,B.RF1,0,HK,0,61,1994,9,3
B.RF1.CSE1,12,B.RF1,1,HK,0,41,1994,9,1
B.RF1.CSE1,13,B.RF1,1,HK,0,160,1994,9,0
B.RF1.CSE1,15,B.RF1,0,HK,1,123,1994,9,0
B.RF1.CSE1,16,B.RF1,1,HK,0,8,1994,9,0
B.RF1.CSE1,17,B.RF1,1,HK,0,5,1994,9,0
B.RF1.CSE1,18,B.RF1,1,HK,1,33,1994,9,1
B.RF1.CSE1,19,B.RF1,0,HK,0,2,1994,9,0
B.RF1.CSE1,21,B.RF1,0,HK,0,4,1994,9,0
B.RF1.CSE1,22,B.RF1,0,HK,0,21,1994,9,0
B.RF1.CSE1,0,B.RF1,0,HK,0,7,1994,10,1
B.RF1.CSE1,1,B.RF1,0,HK,0,113,1994,10,0
B.RF1.CSE1,3,B.RF1,2,HK,3,157,1994,10,0
B.RF1.CSE1,4,B.RF1,2,HK,0,165,1994,10,0
B.RF1.CSE1,5,B.RF1,0,HK,0,1,1994,10,0
B.RF1.CSE1,6,B.RF1,0,HK,0,1,1994,10,0
B.RF1.CSE1,7,B.RF1,0,HK,0,21,1994,10,0
B.RF1.CSE1,9,B.RF1,0,HK,0,164,1994,10,0
B.RF1.CSE1,10,B.RF1,0,HK,9,150,1994,10,2
B.RF1.CSE1,11,B.RF1,6,HK,0,61,1994,10,3
B.RF1.CSE1,12,B.RF1,2,HK,0,41,1994,10,0
B.RF1.CSE1,13,B.RF1,2,HK,0,160,1994,10,0
B.RF1.CSE1,14,B.RF1,0,HK,1,60,1994,10,0
B.RF1.CSE1,15,B.RF1,0,HK,0,123,1994,10,0
B.RF1.CSE1,16,B.RF1,1,HK,0,8,1994,10,1
B.RF1.CSE1,17,B.RF1,1,HK,0,5,1994,10,0
B.RF1.CSE1,18,B.RF1,0,HK,1,33,1994,10,1
B.RF1.CSE1,19,B.RF1,0,HK,0,2,1994,10,1
B.RF1.CSE1,21,B.RF1,0,HK,0,4,1994,10,0
B.RF1.CSE1,22,B.RF1,0,HK,0,21,1994,10,0
B.RF1.CSE1,0,B.RF1,0,HK,0,7,1994,11,1
B.RF1.CSE1,1,B.RF1,1,HK,0,113,1994,11,0
B.RF1.CSE1,2,B.RF1,4,HK,0,182,1994,11,0
B.RF1.CSE1,3,B.RF1,2,HK,3,157,1994,11,0
B.RF1.CSE1,4,B.RF1,2,HK,0,165,1994,11,0
B.RF1.CSE1,5,B.RF1,0,HK,0,1,1994,11,0
B.RF1.CSE1,6,B.RF1,0,HK,0,1,1994,11,0
B.RF1.CSE1,7,B.RF1,0,HK,0,21,1994,11,0
B.RF1.CSE1,8,B.RF1,2,HK,0,153,1994,11,0
B.RF1.CSE1,9,B.RF1,0,HK,0,164,1994,11,0
B.RF1.CSE1,10,B.RF1,0,HK,11,150,1994,11,3
B.RF1.CSE1,11,B.RF1,7,HK,0,61,1994,11,3
B.RF1.CSE1,12,B.RF1,1,HK,0,41,1994,11,0
B.RF1.CSE1,13,B.RF1,1,HK,0,160,1994,11,0
B.RF1.CSE1,14,B.RF1,1,HK,1,60,1994,11,0
B.RF1.CSE1,15,B.RF1,0,HK,0,123,1994,11,0
B.RF1.CSE1,16,B.RF1,1,HK,0,8,1994,11,0
B.RF1.CSE1,17,B.RF1,1,HK,1,5,1994,11,0
B.RF1.CSE1,18,B.RF1,0,HK,4,33,1994,11,5
B.RF1.CSE1,19,B.RF1,0,HK,0,2,1994,11,0
B.RF1.CSE1,20,B.RF1,0,HK,2,66,1994,11,5
B.RF1.CSE1,21,B.RF1,0,HK,0,4,1994,11,0
B.RF1.CSE1,22,B.RF1,0,HK,0,21,1994,11,0
B.RF1.CSE1,9,B.RF1,0,HK,0,164,1995,1,0
B.RF1.CSE1,13,B.RF1,1,HK,0,160,1995,1,0
B.RF1.CSE1,9,B.RF1,0,HK,0,164,1995,2,0
B.RF1.CSE1,13,B.RF1,1,HK,0,160,1995,2,0
B.RF1.CSE1,14,B.RF1,0,HK,0,60,1995,2,0
B.RF1.CSE1,16,B.RF1,0,HK,0,8,1995,2,0
B.RF1.CSE1,5,B.RF1,0,HK,0,1,1995,3,0
B.RF1.CSE1,9,B.RF1,0,HK,0,164,1995,3,0
B.RF1.CSE1,13,B.RF1,1,HK,0,160,1995,3,0
B.RF1.CSE1,14,B.RF1,0,HK,0,60,1995,3,0
B.RF1.CSE1,15,B.RF1,0,HK,0,123,1995,3,0
B.RF1.CSE1,16,B.RF1,0,HK,0,8,1995,3,0
B.RF1.CSE1,1,B.RF1,0,HK,0,113,1995,4,0
B.RF1.CSE1,5,B.RF1,0,HK,0,1,1995,4,0
B.RF1.CSE1,9,B.RF1,0,HK,0,164,1995,4,0
B.RF1.CSE1,12,B.RF1,1,HK,0,41,1995,4,0
B.RF1.CSE1,13,B.RF1,1,HK,0,160,1995,4,0
B.RF1.CSE1,14,B.RF1,0,HK,1,60,1995,4,0
B.RF1.CSE1,15,B.RF1,0,HK,0,123,1995,4,0
B.RF1.CSE1,16,B.RF1,0,HK,0,8,1995,4,0
B.RF1.CSE1,1,B.RF1,0,HK,0,113,1995,5,0
B.RF1.CSE1,5,B.RF1,0,HK,0,1,1995,5,0
B.RF1.CSE1,8,B.RF1,0,HK,0,153,1995,5,0
B.RF1.CSE1,9,B.RF1,0,HK,0,164,1995,5,0
B.RF1.CSE1,12,B.RF1,1,HK,0,41,1995,5,0
B.RF1.CSE1,13,B.RF1,1,HK,0,160,1995,5,0
B.RF1.CSE1,14,B.RF1,0,HK,0,60,1995,5,0
B.RF1.CSE1,15,B.RF1,0,HK,0,123,1995,5,0
B.RF1.CSE1,16,B.RF1,0,HK,0,8,1995,5,0
B.RF1.CSE1,22,B.RF1,0,HK,0,21,1995,5,0
B.RF1.CSE1,1,B.RF1,0,HK,0,113,1995,6,0
B.RF1.CSE1,5,B.RF1,0,HK,0,1,1995,6,0
B.RF1.CSE1,8,B.RF1,0,HK,0,153,1995,6,0
B.RF1.CSE1,9,B.RF1,0,HK,0,164,1995,6,0
B.RF1.CSE1,12,B.RF1,1,HK,0,41,1995,6,0
B.RF1.CSE1,13,B.RF1,1,HK,0,160,1995,6,0
B.RF1.CSE1,14,B.RF1,0,HK,0,60,1995,6,0
B.RF1.CSE1,15,B.RF1,0,HK,0,123,1995,6,0
B.RF1.CSE1,16,B.RF1,0,HK,0,8,1995,6,0
B.RF1.CSE1,17,B.RF1,0,HK,0,5,1995,6,0
B.RF1.CSE1,19,B.RF1,0,HK,0,2,1995,6,0
B.RF1.CSE1,22,B.RF1,0,HK,0,21,1995,6,0
B.RF1.CSE1,1,B.RF1,0,HK,0,113,1995,7,0
B.RF1.CSE1,5,B.RF1,0,HK,0,1,1995,7,0
B.RF1.CSE1,6,B.RF1,0,HK,0,1,1995,7,0
B.RF1.CSE1,8,B.RF1,0,HK,0,153,1995,7,0
B.RF1.CSE1,9,B.RF1,0,HK,0,164,1995,7,0
B.RF1.CSE1,12,B.RF1,0,HK,0,41,1995,7,0
B.RF1.CSE1,13,B.RF1,1,HK,0,160,1995,7,0
B.RF1.CSE1,14,B.RF1,0,HK,0,60,1995,7,0
B.RF1.CSE1,15,B.RF1,0,HK,0,123,1995,7,0
B.RF1.CSE1,16,B.RF1,0,HK,0,8,1995,7,0
B.RF1.CSE1,17,B.RF1,0,HK,0,5,1995,7,0
B.RF1.CSE1,18,B.RF1,0,HK,0,33,1995,7,0
B.RF1.CSE1,19,B.RF1,0,HK,0,2,1995,7,0
B.RF1.CSE1,22,B.RF1,0,HK,0,21,1995,7,0
B.RF1.CSE1,0,B.RF1,0,HK,0,7,1995,8,0
B.RF1.CSE1,1,B.RF1,0,HK,0,113,1995,8,0
B.RF1.CSE1,5,B.RF1,0,HK,0,1,1995,8,0
B.RF1.CSE1,6,B.RF1,0,HK,0,1,1995,8,0
B.RF1.CSE1,8,B.RF1,0,HK,0,153,1995,8,0
B.RF1.CSE1,9,B.RF1,0,HK,0,164,1995,8,0
B.RF1.CSE1,12,B.RF1,0,HK,0,41,1995,8,0
B.RF1.CSE1,13,B.RF1,1,HK,0,160,1995,8,0
B.RF1.CSE1,14,B.RF1,0,HK,0,60,1995,8,0
B.RF1.CSE1,15,B.RF1,0,HK,0,123,1995,8,0
B.RF1.CSE1,16,B.RF1,0,HK,0,8,1995,8,0
B.RF1.CSE1,17,B.RF1,0,HK,0,5,1995,8,0
B.RF1.CSE1,18,B.RF1,0,HK,1,33,1995,8,1
B.RF1.CSE1,19,B.RF1,0,HK,0,2,1995,8,0
B.RF1.CSE1,20,B.RF1,0,HK,0,66,1995,8,1
B.RF1.CSE1,22,B.RF1,0,HK,0,21,1995,8,0
B.RF1.CSE1,0,B.RF1,0,HK,0,7,1995,9,0
B.RF1.CSE1,1,B.RF1,0,HK,0,113,1995,9,0
B.RF1.CSE1,3,B.RF1,0,HK,1,157,1995,9,0
B.RF1.CSE1,5,B.RF1,0,HK,0,1,1995,9,0
B.RF1.CSE1,6,B.RF1,0,HK,0,1,1995,9,0
B.RF1.CSE1,8,B.RF1,0,HK,0,153,1995,9,0
B.RF1.CSE1,9,B.RF1,0,HK,0,164,1995,9,0
B.RF1.CSE1,11,B.RF1,0,HK,0,61,1995,9,0
B.RF1.CSE1,12,B.RF1,0,HK,1,41,1995,9,0
B.RF1.CSE1,13,B.RF1,0,HK,0,160,1995,9,0
B.RF1.CSE1,14,B.RF1,0,HK,1,60,1995,9,0
B.RF1.CSE1,15,B.RF1,0,HK,0,123,1995,9,0
B.RF1.CSE1,16,B.RF1,0,HK,0,8,1995,9,0
B.RF1.CSE1,17,B.RF1,0,HK,0,5,1995,9,0
B.RF1.CSE1,18,B.RF1,0,HK,1,33,1995,9,1
B.RF1.CSE1,19,B.RF1,0,HK,0,2,1995,9,0
B.RF1.CSE1,20,B.RF1,0,HK,0,66,1995,9,0
B.RF1.CSE1,22,B.RF1,0,HK,0,21,1995,9,0
B.RF1.CSE1,0,B.RF1,0,HK,0,7,1995,10,0
B.RF1.CSE1,1,B.RF1,0,HK,0,113,1995,10,0
B.RF1.CSE1,2,B.RF1,0,HK,0,182,1995,10,0
B.RF1.CSE1,3,B.RF1,0,HK,1,157,1995,10,0
B.RF1.CSE1,5,B.RF1,0,HK,0,1,1995,10,0
B.RF1.CSE1,6,B.RF1,0,HK,0,1,1995,10,0
B.RF1.CSE1,8,B.RF1,0,HK,0,153,1995,10,0
B.RF1.CSE1,9,B.RF1,0,HK,0,164,1995,10,0
B.RF1.CSE1,11,B.RF1,0,HK,0,61,1995,10,0
B.RF1.CSE1,12,B.RF1,0,HK,0,41,1995,10,0
B.RF1.CSE1,13,B.RF1,1,HK,0,160,1995,10,0
B.RF1.CSE1,14,B.RF1,0,HK,1,60,1995,10,0
B.RF1.CSE1,15,B.RF1,0,HK,0,123,1995,10,0
B.RF1.CSE1,16,B.RF1,0,HK,0,8,1995,10,0
B.RF1.CSE1,17,B.RF1,0,HK,0,5,1995,10,0
B.RF1.CSE1,18,B.RF1,0,HK,1,33,1995,10,1
B.RF1.CSE1,19,B.RF1,0,HK,0,2,1995,10,0
B.RF1.CSE1,20,B.RF1,0,HK,1,66,1995,10,0
B.RF1.CSE1,21,B.RF1,0,HK,0,4,1995,10,0
B.RF1.CSE1,22,B.RF1,0,HK,0,21,1995,10,0
B.RF1.CSE1,0,B.RF1,0,HK,0,7,1995,11,1
B.RF1.CSE1,1,B.RF1,0,HK,0,113,1995,11,0
B.RF1.CSE1,2,B.RF1,0,HK,0,182,1995,11,1
B.RF1.CSE1,3,B.RF1,1,HK,1,157,1995,11,0
B.RF1.CSE1,4,B.RF1,1,HK,0,165,1995,11,0
B.RF1.CSE1,5,B.RF1,0,HK,0,1,1995,11,0
B.RF1.CSE1,6,B.RF1,0,HK,0,1,1995,11,0
B.RF1.CSE1,7,B.RF1,0,HK,0,21,1995,11,0
B.RF1.CSE1,8,B.RF1,0,HK,0,153,1995,11,0
B.RF1.CSE1,9,B.RF1,0,HK,0,164,1995,11,0
B.RF1.CSE1,10,B.RF1,0,HK,12,150,1995,11,1
B.RF1.CSE1,11,B.RF1,3,HK,0,61,1995,11,2
B.RF1.CSE1,12,B.RF1,1,HK,0,41,1995,11,0
B.RF1.CSE1,13,B.RF1,1,HK,0,160,1995,11,0
B.RF1.CSE1,14,B.RF1,0,HK,1,60,1995,11,0
B.RF1.CSE1,15,B.RF1,0,HK,0,123,1995,11,0
B.RF1.CSE1,16,B.RF1,0,HK,0,8,1995,11,0
B.RF1.CSE1,17,B.RF1,0,HK,0,5,1995,11,0
B.RF1.CSE1,18,B.RF1,0,HK,1,33,1995,11,0
B.RF1.CSE1,19,B.RF1,0,HK,0,2,1995,11,0
B.RF1.CSE1,20,B.RF1,0,HK,1,66,1995,11,2
B.RF1.CSE1,21,B.RF1,0,HK,0,4,1995,11,0
B.RF1.CSE1,22,B.RF1,0,HK,0,21,1995,11,0
B.RF1.CSE025,0,B.RF1,0,HK,0,7,1993,1,0
B.RF1.CSE025,4,B.RF1,0,HK,0,165,1993,1,0
B.RF1.CSE025,0,B.RF1,0,HK,0,7,1993,2,0
B.RF1.CSE025,4,B.RF1,0,HK,0,165,1993,2,0
B.RF1.CSE025,8,B.RF1,0,HK,0,153,1993,2,0
B.RF1.CSE025,12,B.RF1,0,HK,0,41,1993,2,0
B.RF1.CSE025,0,B.RF1,0,HK,0,7,1993,3,0
B.RF1.CSE025,2,B.RF1,0,HK,0,182,1993,3,0
B.RF1.CSE025,4,B.RF1,0,HK,0,165,1993,3,0
B.RF1.CSE025,8,B.RF1,0,HK,0,153,1993,3,0
B.RF1.CSE025,11,B.RF1,0,HK,0,61,1993,3,0
B.RF1.CSE025,12,B.RF1,0,HK,0,41,1993,3,0
B.RF1.CSE025,0,B.RF1,0,HK,0,7,1993,4,0
B.RF1.CSE025,2,B.RF1,0,HK,0,182,1993,4,0
B.RF1.CSE025,3,B.RF1,0,HK,0,157,1993,4,0
B.RF1.CSE025,4,B.RF1,0,HK,0,165,1993,4,0
B.RF1.CSE025,8,B.RF1,0,HK,0,153,1993,4,0
B.RF1.CSE025,11,B.RF1,0,HK,0,61,1993,4,0
B.RF1.CSE025,12,B.RF1,0,HK,0,41,1993,4,0
B.RF1.CSE025,17,B.RF1,0,HK,0,5,1993,4,0
B.RF1.CSE025,0,B.RF1,0,HK,0,7,1993,5,0
B.RF1.CSE025,2,B.RF1,0,HK,0,182,1993,5,0
B.RF1.CSE025,3,B.RF1,2,HK,0,157,1993,5,0
B.RF1.CSE025,4,B.RF1,0,HK,0,165,1993,5,0
B.RF1.CSE025,8,B.RF1,1,HK,0,153,1993,5,0
B.RF1.CSE025,11,B.RF1,0,HK,0,61,1993,5,0
B.RF1.CSE025,12,B.RF1,0,HK,0,41,1993,5,0
B.RF1.CSE025,16,B.RF1,0,HK,0,8,1993,5,0
B.RF1.CSE025,17,B.RF1,0,HK,0,5,1993,5,0
B.RF1.CSE025,21,B.RF1,0,HK,0,4,1993,5,0
B.RF1.CSE025,0,B.RF1,0,HK,0,7,1993,6,0
B.RF1.CSE025,2,B.RF1,0,HK,0,182,1993,6,0
B.RF1.CSE025,3,B.RF1,0,HK,0,157,1993,6,0
B.RF1.CSE025,4,B.RF1,0,HK,0,165,1993,6,0
B.RF1.CSE025,8,B.RF1,0,HK,0,153,1993,6,0
B.RF1.CSE025,11,B.RF1,0,HK,0,61,1993,6,0
B.RF1.CSE025,12,B.RF1,0,HK,0,41,1993,6,0
B.RF1.CSE025,13,B.RF1,0,HK,0,160,1993,6,0
B.RF1.CSE025,16,B.RF1,0,HK,0,8,1993,6,0
B.RF1.CSE025,17,B.RF1,0,HK,0,5,1993,6,0
B.RF1.CSE025,21,B.RF1,0,HK,0,4,1993,6,0
B.RF1.CSE025,22,B.RF1,0,HK,0,21,1993,6,0
B.RF1.CSE025,0,B.RF1,0,HK,0,7,1993,7,0
B.RF1.CSE025,2,B.RF1,0,HK,0,182,1993,7,0
B.RF1.CSE025,3,B.RF1,0,HK,2,157,1993,7,0
B.RF1.CSE025,4,B.RF1,0,HK,0,165,1993,7,0
B.RF1.CSE025,8,B.RF1,0,HK,0,153,1993,7,0
B.RF1.CSE025,11,B.RF1,1,HK,0,61,1993,7,0
B.RF1.CSE025,12,B.RF1,0,HK,0,41,1993,7,0
B.RF1.CSE025,13,B.RF1,0,HK,0,160,1993,7,0
B.RF1.CSE025,14,B.RF1,0,HK,0,60,1993,7,0
B.RF1.CSE025,16,B.RF1,0,HK,0,8,1993,7,0
B.RF1.CSE025,17,B.RF1,0,HK,0,5,1993,7,0
B.RF1.CSE025,18,B.RF1,0,HK,0,33,1993,7,0
B.RF1.CSE025,21,B.RF1,0,HK,0,4,1993,7,0
B.RF1.CSE025,22,B.RF1,0,HK,0,21,1993,7,0
B.RF1.CSE025,0,B.RF1,0,HK,0,7,1993,8,0
B.RF1.CSE025,2,B.RF1,0,HK,0,182,1993,8,0
B.RF1.CSE025,3,B.RF1,0,HK,2,157,1993,8,0
B.RF1.CSE025,4,B.RF1,0,HK,0,165,1993,8,0
B.RF1.CSE025,8,B.RF1,0,HK,0,153,1993,8,0
B.RF1.CSE025,9,B.RF1,0,HK,0,164,1993,8,0
B.RF1.CSE025,11,B.RF1,0,HK,1,61,1993,8,0
B.RF1.CSE025,12,B.RF1,0,HK,0,41,1993,8,0
B.RF1.CSE025,13,B.RF1,0,HK,0,160,1993,8,0
B.RF1.CSE025,14,B.RF1,0,HK,0,60,1993,8,0
B.RF1.CSE025,16,B.RF1,0,HK,0,8,1993,8,0
B.RF1.CSE025,17,B.RF1,0,HK,0,5,1993,8,0
B.RF1.CSE025,18,B.RF1,0,HK,0,33,1993,8,1
B.RF1.CSE025,19,B.RF1,0,HK,0,2,1993,8,0
B.RF1.CSE025,21,B.RF1,0,HK,0,4,1993,8,0
B.RF1.CSE025,22,B.RF1,0,HK,0,21,1993,8,0
B.RF1.CSE025,0,B.RF1,0,HK,0,7,1993,9,0
B.RF1.CSE025,2,B.RF1,0,HK,0,182,1993,9,0
B.RF1.CSE025,3,B.RF1,0,HK,1,157,1993,9,0
B.RF1.CSE025,4,B.RF1,0,HK,0,165,1993,9,0
B.RF1.CSE025,6,B.RF1,0,HK,0,1,1993,9,0
B.RF1.CSE025,8,B.RF1,0,HK,0,153,1993,9,0
B.RF1.CSE025,9,B.RF1,0,HK,0,164,1993,9,0
B.RF1.CSE025,11,B.RF1,2,HK,0,61,1993,9,0
B.RF1.CSE025,12,B.RF1,0,HK,0,41,1993,9,0
B.RF1.CSE025,13,B.RF1,0,HK,0,160,1993,9,0
B.RF1.CSE025,14,B.RF1,0,HK,0,60,1993,9,0
B.RF1.CSE025,15,B.RF1,0,HK,0,123,1993,9,0
B.RF1.CSE025,16,B.RF1,0,HK,0,8,1993,9,0
B.RF1.CSE025,17,B.RF1,0,HK,0,5,1993,9,0
B.RF1.CSE025,18,B.RF1,0,HK,1,33,1993,9,2
B.RF1.CSE025,19,B.RF1,0,HK,0,2,1993,9,0
B.RF1.CSE025,21,B.RF1,0,HK,0,4,1993,9,0
B.RF1.CSE025,22,B.RF1,0,HK,0,21,1993,9,0
B.RF1.CSE025,0,B.RF1,0,HK,0,7,1993,10,0
B.RF1.CSE025,2,B.RF1,0,HK,0,182,1993,10,0
B.RF1.CSE025,3,B.RF1,1,HK,1,157,1993,10,0
B.RF1.CSE025,4,B.RF1,1,HK,0,165,1993,10,0
B.RF1.CSE025,5,B.RF1,0,HK,0,1,1993,10,0
B.RF1.CSE025,6,B.RF1,0,HK,0,1,1993,10,0
B.RF1.CSE025,8,B.RF1,0,HK,0,153,1993,10,0
B.RF1.CSE025,9,B.RF1,0,HK,0,164,1993,10,0
B.RF1.CSE025,11,B.RF1,0,HK,0,61,1993,10,1
B.RF1.CSE025,12,B.RF1,0,HK,0,41,1993,10,0
B.RF1.CSE025,13,B.RF1,0,HK,0,160,1993,10,0
B.RF1.CSE025,14,B.RF1,0,HK,0,60,1993,10,0
B.RF1.CSE025,15,B.RF1,0,HK,0,123,1993,10,0
B.RF1.CSE025,16,B.RF1,0,HK,0,8,1993,10,0
B.RF1.CSE025,17,B.RF1,0,HK,0,5,1993,10,0
B.RF1.CSE025,18,B.RF1,0,HK,0,33,1993,10,1
B.RF1.CSE025,19,B.RF1,0,HK,0,2,1993,10,1
B.RF1.CSE025,20,B.RF1,0,HK,0,66,1993,10,1
B.RF1.CSE025,21,B.RF1,0,HK,0,4,1993,10,0
B.RF1.CSE025,22,B.RF1,0,HK,0,21,1993,10,0
B.RF1.CSE025,0,B.RF1,0,HK,0,7,1993,11,0
B.RF1.CSE025,1,B.RF1,1,HK,0,113,1993,11,0
B.RF1.CSE025,2,B.RF1,1,HK,0,182,1993,11,0
B.RF1.CSE025,3,B.RF1,1,HK,2,157,1993,11,0
B.RF1.CSE025,4,B.RF1,1,HK,0,165,1993,11,0
B.RF1.CSE025,5,B.RF1,0,HK,0,1,1993,11,0
B.RF1.CSE025,6,B.RF1,0,HK,0,1,1993,11,0
B.RF1.CSE025,7,B.RF1,0,HK,0,21,1993,11,0
B.RF1.CSE025,8,B.RF1,1,HK,0,153,1993,11,0
B.RF1.CSE025,9,B.RF1,0,HK,0,164,1993,11,0
B.RF1.CSE025,10,B.RF1,0,HK,5,150,1993,11,0
B.RF1.CSE025,11,B.RF1,3,HK,0,61,1993,11,0
B.RF1.CSE025,12,B.RF1,0,HK,0,41,1993,11,0
B.RF1.CSE025,13,B.RF1,1,HK,0,160,1993,11,0
B.RF1.CSE025,14,B.RF1,0,HK,0,60,1993,11,0
B.RF1.CSE025,15,B.RF1,0,HK,0,123,1993,11,0
B.RF1.CSE025,16,B.RF1,0,HK,0,8,1993,11,0
B.RF1.CSE025,17,B.RF1,0,HK,0,5,1993,11,0
B.RF1.CSE025,18,B.RF1,0,HK,0,33,1993,11,2
B.RF1.CSE025,19,B.RF1,0,HK,0,2,1993,11,0
B.RF1.CSE025,20,B.RF1,0,HK,0,66,1993,11,2
B.RF1.CSE025,21,B.RF1,0,HK,0,4,1993,11,0
B.RF1.CSE025,22,B.RF1,0,HK,0,21,1993,11,0
B.RF1.CSE025,16,B.RF1,0,HK,0,8,1994,1,0
B.RF1.CSE025,22,B.RF1,0,HK,0,21,1994,1,0
B.RF1.CSE025,12,B.RF1,0,HK,0,41,1994,2,0
B.RF1.CSE025,13,B.RF1,0,HK,0,160,1994,2,0
B.RF1.CSE025,16,B.RF1,0,HK,0,8,1994,2,0
B.RF1.CSE025,22,B.RF1,0,HK,0,21,1994,2,0
B.RF1.CSE025,4,B.RF1,0,HK,0,165,1994,3,0
B.RF1.CSE025,12,B.RF1,0,HK,0,41,1994,3,0
B.RF1.CSE025,13,B.RF1,0,HK,0,160,1994,3,0
B.RF1.CSE025,16,B.RF1,0,HK,0,8,1994,3,0
B.RF1.CSE025,21,B.RF1,0,HK,0,4,1994,3,0
B.RF1.CSE025,22,B.RF1,0,HK,0,21,1994,3,0
B.RF1.CSE025,4,B.RF1,0,HK,0,165,1994,4,0
B.RF1.CSE025,12,B.RF1,0,HK,0,41,1994,4,0
B.RF1.CSE025,13,B.RF1,1,HK,0,160,1994,4,0
B.RF1.CSE025,16,B.RF1,0,HK,0,8,1994,4,0
B.RF1.CSE025,17,B.RF1,0,HK,0,5,1994,4,0
B.RF1.CSE025,19,B.RF1,0,HK,0,2,1994,4,0
B.RF1.CSE025,21,B.RF1,0,HK,0,4,1994,4,0
B.RF1.CSE025,22,B.RF1,0,HK,0,21,1994,4,0
B.RF1.CSE025,4,B.RF1,0,HK,0,165,1994,5,0
B.RF1.CSE025,6,B.RF1,0,HK,0,1,1994,5,0
B.RF1.CSE025,11,B.RF1,0,HK,0,61,1994,5,0
B.RF1.CSE025,12,B.RF1,0,HK,0,41,1994,5,0
B.RF1.CSE025,13,B.RF1,0,HK,0,160,1994,5,0
B.RF1.CSE025,16,B.RF1,0,HK,0,8,1994,5,0
B.RF1.CSE025,17,B.RF1,0,HK,0,5,1994,5,0
B.RF1.CSE025,19,B.RF1,0,HK,0,2,1994,5,0
B.RF1.CSE025,21,B.RF1,0,HK,0,4,1994,5,0
B.RF1.CSE025,22,B.RF1,0,HK,0,21,1994,5,0
B.RF1.CSE025,3,B.RF1,0,HK,2,157,1994,6,0
B.RF1.CSE025,4,B.RF1,0,HK,0,165,1994,6,0
B.RF1.CSE025,6,B.RF1,0,HK,0,1,1994,6,0
B.RF1.CSE025,11,B.RF1,0,HK,0,61,1994,6,0
B.RF1.CSE025,12,B.RF1,0,HK,0,41,1994,6,0
B.RF1.CSE025,13,B.RF1,0,HK,0,160,1994,6,0
B.RF1.CSE025,15,B.RF1,0,HK,0,123,1994,6,0
B.RF1.CSE025,16,B.RF1,0,HK,0,8,1994,6,0
B.RF1.CSE025,17,B.RF1,0,HK,0,5,1994,6,0
B.RF1.CSE025,19,B.RF1,0,HK,0,2,1994,6,0
B.RF1.CSE025,21,B.RF1,0,HK,0,4,1994,6,0
B.RF1.CSE025,22,B.RF1,0,HK,0,21,1994,6,0
B.RF1.CSE025,0,B.RF1,0,HK,0,7,1994,7,0
B.RF1.CSE025,3,B.RF1,1,HK,1,157,1994,7,0
B.RF1.CSE025,4,B.RF1,0,HK,0,165,1994,7,0
B.RF1.CSE025,6,B.RF1,0,HK,0,1,1994,7,0
B.RF1.CSE025,9,B.RF1,0,HK,0,164,1994,7,0
B.RF1.CSE025,11,B.RF1,1,HK,0,61,1994,7,0
B.RF1.CSE025,12,B.RF1,0,HK,0,41,1994,7,0
B.RF1.CSE025,13,B.RF1,0,HK,0,160,1994,7,0
B.RF1.CSE025,15,B.RF1,0,HK,0,123,1994,7,0
B.RF1.CSE025,16,B.RF1,0,HK,0,8,1994,7,0
B.RF1.CSE025,17,B.RF1,0,HK,0,5,1994,7,0
B.RF1.CSE025,19,B.RF1,0,HK,0,2,1994,7,0
B.RF1.CSE025,21,B.RF1,0,HK,0,4,1994,7,0
B.RF1.CSE025,22,B.RF1,0,HK,0,21,1994,7,0
B.RF1.CSE025,0,B.RF1,0,HK,0,7,1994,8,0
B.RF1.CSE025,3,B.RF1,0,HK,2,157,1994,8,0
B.RF1.CSE025,4,B.RF1,1,HK,0,165,1994,8,0
B.RF1.CSE025,5,B.RF1,0,HK,0,1,1994,8,0
B.RF1.CSE025,6,B.RF1,0,HK,0,1,1994,8,0
B.RF1.CSE025,7,B.RF1,0,HK,0,21,1994,8,0
B.RF1.CSE025,9,B.RF1,0,HK,0,164,1994,8,0
B.RF1.CSE025,11,B.RF1,0,HK,0,61,1994,8,1
B.RF1.CSE025,12,B.RF1,0,HK,0,41,1994,8,0
B.RF1.CSE025,13,B.RF1,0,HK,0,160,1994,8,0
B.RF1.CSE025,15,B.RF1,0,HK,0,123,1994,8,0
B.RF1.CSE025,16,B.RF1,0,HK,0,8,1994,8,0
B.RF1.CSE025,17,B.RF1,0,HK,0,5,1994,8,0
B.RF1.CSE025,19,B.RF1,0,HK,0,2,1994,8,0
B.RF1.CSE025,21,B.RF1,0,HK,0,4,1994,8,0
B.RF1.CSE025,22,B.RF1,0,HK,0,21,1994,8,0
B.RF1.CSE025,0,B.RF1,0,HK,0,7,1994,9,0
B.RF1.CSE025,1,B.RF1,0,HK,0,113,1994,9,0
B.RF1.CSE025,3,B.RF1,1,HK,3,157,1994,9,0
B.RF1.CSE025,4,B.RF1,1,HK,0,165,1994,9,0
B.RF1.CSE025,5,B.RF1,0,HK,0,1,1994,9,0
B.RF1.CSE025,6,B.RF1,0,HK,0,1,1994,9,0
B.RF1.CSE025,7,B.RF1,0,HK,0,21,1994,9,0
B.RF1.CSE025,9,B.RF1,0,HK,0,164,1994,9,0
B.RF1.CSE025,11,B.RF1,0,HK,0,61,1994,9,1
B.RF1.CSE025,12,B.RF1,0,HK,0,41,1994,9,0
B.RF1.CSE025,13,B.RF1,1,HK,0,160,1994,9,0
B.RF1.CSE025,15,B.RF1,0,HK,0,123,1994,9,0
B.RF1.CSE025,16,B.RF1,0,HK,0,8,1994,9,0
B.RF1.CSE025,17,B.RF1,0,HK,0,5,1994,9,0
B.RF1.CSE025,18,B.RF1,0,HK,0,33,1994,9,0
B.RF1.CSE025,19,B.RF1,0,HK,0,2,1994,9,0
B.RF1.CSE025,21,B.RF1,0,HK,0,4,1994,9,0
B.RF1.CSE025,22,B.RF1,0,HK,0,21,1994,9,0
B.RF1.CSE025,0,B.RF1,0,HK,0,7,1994,10,1
B.RF1.CSE025,1,B.RF1,0,HK,0,113,1994,10,0
B.RF1.CSE025,3,B.RF1,0,HK,0,157,1994,10,0
B.RF1.CSE025,4,B.RF1,1,HK,0,165,1994,10,0
B.RF1.CSE025,5,B.RF1,0,HK,0,1,1994,10,0
B.RF1.CSE025,6,B.RF1,0,HK,0,1,1994,10,0
B.RF1.CSE025,7,B.RF1,0,HK,0,21,1994,10,0
B.RF1.CSE025,9,B.RF1,0,HK,0,164,1994,10,0
B.RF1.CSE025,10,B.RF1,0,HK,5,150,1994,10,0
B.RF1.CSE025,11,B.RF1,3,HK,0,61,1994,10,0
B.RF1.CSE025,12,B.RF1,1,HK,0,41,1994,10,0
B.RF1.CSE025,13,B.RF1,1,HK,0,160,1994,10,0
B.RF1.CSE025,14,B.RF1,0,HK,1,60,1994,10,0
B.RF1.CSE025,15,B.RF1,0,HK,0,123,1994,10,0
B.RF1.CSE025,16,B.RF1,0,HK,0,8,1994,10,0
B.RF1.CSE025,17,B.RF1,0,HK,0,5,1994,10,0
B.RF1.CSE025,18,B.RF1,0,HK,1,33,1994,10,1
B.RF1.CSE025,19,B.RF1,0,HK,0,2,1994,10,0
B.RF1.CSE025,21,B.RF1,0,HK,0,4,1994,10,0
B.RF1.CSE025,22,B.RF1,0,HK,0,21,1994,10,0
B.RF1.CSE025,0,B.RF1,0,HK,0,7,1994,11,1
B.RF1.CSE025,1,B.RF1,0,HK,0,113,1994,11,0
B.RF1.CSE025,2,B.RF1,1,HK,0,182,1994,11,0
B.RF1.CSE025,3,B.RF1,1,HK,0,157,1994,11,0
B.RF1.CSE025,4,B.RF1,2,HK,0,165,1994,11,0
B.RF1.CSE025,5,B.RF1,0,HK,0,1,1994,11,0
B.RF1.CSE025,6,B.RF1,0,HK,0,1,1994,11,0
B.RF1.CSE025,7,B.RF1,0,HK,0,21,1994,11,0
B.RF1.CSE025,8,B.RF1,1,HK,0,153,1994,11,0
B.RF1.CSE025,9,B.RF1,0,HK,0,164,1994,11,0
B.RF1.CSE025,10,B.RF1,0,HK,5,150,1994,11,0
B.RF1.CSE025,11,B.RF1,2,HK,0,61,1994,11,0
B.RF1.CSE025,12,B.RF1,1,HK,0,41,1994,11,0
B.RF1.CSE025,13,B.RF1,1,HK,0,160,1994,11,0
B.RF1.CSE025,14,B.RF1,1,HK,1,60,1994,11,0
B.RF1.CSE025,15,B.RF1,0,HK,0,123,1994,11,0
B.RF1.CSE025,16,B.RF1,0,HK,0,8,1994,11,0
B.RF1.CSE025,17,B.RF1,0,HK,1,5,1994,11,0
B.RF1.CSE025,18,B.RF1,0,HK,0,33,1994,11,3
B.RF1.CSE025,19,B.RF1,0,HK,0,2,1994,11,0
B.RF1.CSE025,20,B.RF1,0,HK,0,66,1994,11,0
B.RF1.CSE025,21,B.RF1,0,HK,0,4,1994,11,0
B.RF1.CSE025,22,B.RF1,0,HK,0,21,1994,11,0
B.RF1.CSE025,9,B.RF1,0,HK,0,164,1995,1,0
B.RF1.CSE025,13,B.RF1,0,HK,0,160,1995,1,0
B.RF1.CSE025,9,B.RF1,0,HK,0,164,1995,2,0
B.RF1.CSE025,13,B.RF1,0,HK,0,160,1995,2,0
B.RF1.CSE025,14,B.RF1,0,HK,0,60,1995,2,0
B.RF1.CSE025,16,B.RF1,0,HK,0,8,1995,2,0
B.RF1.CSE025,5,B.RF1,0,HK,0,1,1995,3,0
B.RF1.CSE025,9,B.RF1,0,HK,0,164,1995,3,0
B.RF1.CSE025,13,B.RF1,1,HK,0,160,1995,3,0
B.RF1.CSE025,14,B.RF1,0,HK,0,60,1995,3,0
B.RF1.CSE025,15,B.RF1,0,HK,0,123,1995,3,0
B.RF1.CSE025,16,B.RF1,0,HK,0,8,1995,3,0
B.RF1.CSE025,1,B.RF1,0,HK,0,113,1995,4,0
B.RF1.CSE025,5,B.RF1,0,HK,0,1,1995,4,0
B.RF1.CSE025,9,B.RF1,0,HK,0,164,1995,4,0
B.RF1.CSE025,12,B.RF1,0,HK,0,41,1995,4,0
B.RF1.CSE025,13,B.RF1,0,HK,0,160,1995,4,0
B.RF1.CSE025,14,B.RF1,0,HK,0,60,1995,4,0
B.RF1.CSE025,15,B.RF1,0,HK,0,123,1995,4,0
B.RF1.CSE025,16,B.RF1,0,HK,0,8,1995,4,0
B.RF1.CSE025,1,B.RF1,0,HK,0,113,1995,5,0
B.RF1.CSE025,5,B.RF1,0,HK,0,1,1995,5,0
B.RF1.CSE025,8,B.RF1,0,HK,0,153,1995,5,0
B.RF1.CSE025,9,B.RF1,0,HK,0,164,1995,5,0
B.RF1.CSE025,12,B.RF1,0,HK,0,41,1995,5,0
B.RF1.CSE025,13,B.RF1,0,HK,0,160,1995,5,0
B.RF1.CSE025,14,B.RF1,0,HK,0,60,1995,5,0
B.RF1.CSE025,15,B.RF1,0,HK,0,123,1995,5,0
B.RF1.CSE025,16,B.RF1,0,HK,0,8,1995,5,0
B.RF1.CSE025,22,B.RF1,0,HK,0,21,1995,5,0
B.RF1.CSE025,1,B.RF1,0,HK,0,113,1995,6,0
B.RF1.CSE025,5,B.RF1,0,HK,0,1,1995,6,0
B.RF1.CSE025,8,B.RF1,0,HK,0,153,1995,6,0
B.RF1.CSE025,9,B.RF1,0,HK,0,164,1995,6,0
B.RF1.CSE025,12,B.RF1,1,HK,0,41,1995,6,0
B.RF1.CSE025,13,B.RF1,0,HK,0,160,1995,6,0
B.RF1.CSE025,14,B.RF1,0,HK,0,60,1995,6,0
B.RF1.CSE025,15,B.RF1,0,HK,0,123,1995,6,0
B.RF1.CSE025,16,B.RF1,0,HK,0,8,1995,6,0
B.RF1.CSE025,17,B.RF1,0,HK,0,5,1995,6,0
B.RF1.CSE025,19,B.RF1,0,HK,0,2,1995,6,0
B.RF1.CSE025,22,B.RF1,0,HK,0,21,1995,6,0
B.RF1.CSE025,1,B.RF1,0,HK,0,113,1995,7,0
B.RF1.CSE025,5,B.RF1,0,HK,0,1,1995,7,0
B.RF1.CSE025,6,B.RF1,0,HK,0,1,1995,7,0
B.RF1.CSE025,8,B.RF1,0,HK,0,153,1995,7,0
B.RF1.CSE025,9,B.RF1,0,HK,0,164,1995,7,0
B.RF1.CSE025,12,B.RF1,0,HK,0,41,1995,7,0
B.RF1.CSE025,13,B.RF1,0,HK,0,160,1995,7,0
B.RF1.CSE025,14,B.RF1,0,HK,0,60,1995,7,0
B.RF1.CSE025,15,B.RF1,0,HK,0,123,1995,7,0
B.RF1.CSE025,16,B.RF1,0,HK,0,8,1995,7,0
B.RF1.CSE025,17,B.RF1,0,HK,0,5,1995,7,0
B.RF1.CSE025,18,B.RF1,0,HK,0,33,1995,7,0
B.RF1.CSE025,19,B.RF1,0,HK,0,2,1995,7,0
B.RF1.CSE025,22,B.RF1,0,HK,0,21,1995,7,0
B.RF1.CSE025,0,B.RF1,0,HK,0,7,1995,8,0
B.RF1.CSE025,1,B.RF1,0,HK,0,113,1995,8,0
B.RF1.CSE025,5,B.RF1,0,HK,0,1,1995,8,0
B.RF1.CSE025,6,B.RF1,0,HK,0,1,1995,8,0
B.RF1.CSE025,8,B.RF1,0,HK,0,153,1995,8,0
B.RF1.CSE025,9,B.RF1,0,HK,0,164,1995,8,0
B.RF1.CSE025,12,B.RF1,0,HK,0,41,1995,8,0
B.RF1.CSE025,13,B.RF1,0,HK,0,160,1995,8,0
B.RF1.CSE025,14,B.RF1,0,HK,0,60,1995,8,0
B.RF1.CSE025,15,B.RF1,0,HK,0,123,1995,8,0
B.RF1.CSE025,16,B.RF1,0,HK,0,8,1995,8,0
B.RF1.CSE025,17,B.RF1,0,HK,0,5,1995,8,0
B.RF1.CSE025,18,B.RF1,0,HK,0,33,1995,8,0
B.RF1.CSE025,19,B.RF1,0,HK,0,2,1995,8,0
B.RF1.CSE025,20,B.RF1,0,HK,0,66,1995,8,0
B.RF1.CSE025,22,B.RF1,0,HK,0,21,1995,8,0
B.RF1.CSE025,0,B.RF1,0,HK,0,7,1995,9,0
B.RF1.CSE025,1,B.RF1,0,HK,0,113,1995,9,0
B.RF1.CSE025,3,B.RF1,0,HK,0,157,1995,9,0
B.RF1.CSE025,5,B.RF1,0,HK,0,1,1995,9,0
B.RF1.CSE025,6,B.RF1,0,HK,0,1,1995,9,0
B.RF1.CSE025,8,B.RF1,0,HK,0,153,1995,9,0
B.RF1.CSE025,9,B.RF1,0,HK,0,164,1995,9,0
B.RF1.CSE025,11,B.RF1,0,HK,0,61,1995,9,0
B.RF1.CSE025,12,B.RF1,0,HK,1,41,1995,9,0
B.RF1.CSE025,13,B.RF1,0,HK,0,160,1995,9,0
B.RF1.CSE025,14,B.RF1,0,HK,0,60,1995,9,0
B.RF1.CSE025,15,B.RF1,0,HK,0,123,1995,9,0
B.RF1.CSE025,16,B.RF1,0,HK,0,8,1995,9,0
B.RF1.CSE025,17,B.RF1,0,HK,0,5,1995,9,0
B.RF1.CSE025,18,B.RF1,0,HK,0,33,1995,9,0
B.RF1.CSE025,19,B.RF1,0,HK,0,2,1995,9,0
B.RF1.CSE025,20,B.RF1,0,HK,0,66,1995,9,0
B.RF1.CSE025,22,B.RF1,0,HK,0,21,1995,9,0
B.RF1.CSE025,0,B.RF1,0,HK,0,7,1995,10,0
B.RF1.CSE025,1,B.RF1,0,HK,0,113,1995,10,0
B.RF1.CSE025,2,B.RF1,0,HK,0,182,1995,10,0
B.RF1.CSE025,3,B.RF1,0,HK,0,157,1995,10,0
B.RF1.CSE025,5,B.RF1,0,HK,0,1,1995,10,0
B.RF1.CSE025,6,B.RF1,0,HK,0,1,1995,10,0
B.RF1.CSE025,8,B.RF1,0,HK,0,153,1995,10,0
B.RF1.CSE025,9,B.RF1,0,HK,0,164,1995,10,0
B.RF1.CSE025,11,B.RF1,0,HK,0,61,1995,10,0
B.RF1.CSE025,12,B.RF1,0,HK,0,41,1995,10,0
B.RF1.CSE025,13,B.RF1,0,HK,0,160,1995,10,0
B.RF1.CSE025,14,B.RF1,0,HK,1,60,1995,10,0
B.RF1.CSE025,15,B.RF1,0,HK,0,123,1995,10,0
B.RF1.CSE025,16,B.RF1,0,HK,0,8,1995,10,0
B.RF1.CSE025,17,B.RF1,0,HK,0,5,1995,10,0
B.RF1.CSE025,18,B.RF1,0,HK,0,33,1995,10,1
B.RF1.CSE025,19,B.RF1,0,HK,0,2,1995,10,0
B.RF1.CSE025,20,B.RF1,0,HK,1,66,1995,10,0
B.RF1.CSE025,21,B.RF1,0,HK,0,4,1995,10,0
B.RF1.CSE025,22,B.RF1,0,HK,0,21,1995,10,0
B.RF1.CSE025,0,B.RF1,0,HK,0,7,1995,11,0
B.RF1.CSE025,1,B.RF1,0,HK,0,113,1995,11,0
B.RF1.CSE025,2,B.RF1,0,HK,0,182,1995,11,0
B.RF1.CSE025,3,B.RF1,0,HK,0,157,1995,11,0
B.RF1.CSE025,4,B.RF1,0,HK,0,165,1995,11,0
B.RF1.CSE025,5,B.RF1,0,HK,0,1,1995,11,0
B.RF1.CSE025,6,B.RF1,0,HK,0,1,1995,11,0
B.RF1.CSE025,7,B.RF1,0,HK,0,21,1995,11,0
B.RF1.CSE025,8,B.RF1,0,HK,0,153,1995,11,0
B.RF1.CSE025,9,B.RF1,0,HK,0,164,1995,11,0
B.RF1.CSE025,10,B.RF1,0,HK,4,150,1995,11,0
B.RF1.CSE025,11,B.RF1,0,HK,0,61,1995,11,1
B.RF1.CSE025,12,B.RF1,1,HK,0,41,1995,11,0
B.RF1.CSE025,13,B.RF1,0,HK,0,160,1995,11,0
B.RF1.CSE025,14,B.RF1,0,HK,0,60,1995,11,0
B.RF1.CSE025,15,B.RF1,0,HK,0,123,1995,11,0
B.RF1.CSE025,16,B.RF1,0,HK,0,8,1995,11,0
B.RF1.CSE025,17,B.RF1,0,HK,0,5,1995,11,0
B.RF1.CSE025,18,B.RF1,0,HK,0,33,1995,11,0
B.RF1.CSE025,19,B.RF1,0,HK,0,2,1995,11,0
B.RF1.CSE025,20,B.RF1,0,HK,1,66,1995,11,0
B.RF1.CSE025,21,B.RF1,0,HK,0,4,1995,11,0
B.RF1.CSE025,22,B.RF1,0,HK,0,21,1995,11,0
B.RF2.CSE1,0,B.RF2,0,HK,0,7,1993,1,0
B.RF2.CSE1,4,B.RF2,0,HK,0,165,1993,1,0
B.RF2.CSE1,0,B.RF2,0,HK,0,7,1993,2,0
B.RF2.CSE1,4,B.RF2,0,HK,0,165,1993,2,0
B.RF2.CSE1,8,B.RF2,0,HK,0,153,1993,2,0
B.RF2.CSE1,12,B.RF2,0,HK,0,41,1993,2,0
B.RF2.CSE1,0,B.RF2,0,HK,0,7,1993,3,0
B.RF2.CSE1,2,B.RF2,0,HK,0,182,1993,3,0
B.RF2.CSE1,4,B.RF2,0,HK,0,165,1993,3,0
B.RF2.CSE1,8,B.RF2,0,HK,0,153,1993,3,0
B.RF2.CSE1,11,B.RF2,0,HK,2,61,1993,3,0
B.RF2.CSE1,12,B.RF2,0,HK,1,41,1993,3,0
B.RF2.CSE1,0,B.RF2,0,HK,0,7,1993,4,0
B.RF2.CSE1,2,B.RF2,0,HK,0,182,1993,4,0
B.RF2.CSE1,3,B.RF2,1,HK,3,157,1993,4,0
B.RF2.CSE1,4,B.RF2,1,HK,1,165,1993,4,0
B.RF2.CSE1,8,B.RF2,0,HK,0,153,1993,4,0
B.RF2.CSE1,11,B.RF2,0,HK,0,61,1993,4,0
B.RF2.CSE1,12,B.RF2,0,HK,0,41,1993,4,0
B.RF2.CSE1,17,B.RF2,0,HK,1,5,1993,4,0
B.RF2.CSE1,0,B.RF2,0,HK,0,7,1993,5,0
B.RF2.CSE1,2,B.RF2,0,HK,0,182,1993,5,0
B.RF2.CSE1,3,B.RF2,0,HK,2,157,1993,5,0
B.RF2.CSE1,4,B.RF2,1,HK,0,165,1993,5,0
B.RF2.CSE1,8,B.RF2,1,HK,0,153,1993,5,0
B.RF2.CSE1,11,B.RF2,1,HK,1,61,1993,5,0
B.RF2.CSE1,12,B.RF2,0,HK,1,41,1993,5,0
B.RF2.CSE1,16,B.RF2,0,HK,0,8,1993,5,0
B.RF2.CSE1,17,B.RF2,0,HK,0,5,1993,5,0
B.RF2.CSE1,21,B.RF2,0,HK,0,4,1993,5,0
B.RF2.CSE1,0,B.RF2,0,HK,0,7,1993,6,0
B.RF2.CSE1,2,B.RF2,0,HK,0,182,1993,6,0
B.RF2.CSE1,3,B.RF2,0,HK,4,157,1993,6,0
B.RF2.CSE1,4,B.RF2,2,HK,0,165,1993,6,0
B.RF2.CSE1,8,B.RF2,1,HK,0,153,1993,6,0
B.RF2.CSE1,11,B.RF2,3,HK,0,61,1993,6,0
B.RF2.CSE1,12,B.RF2,0,HK,0,41,1993,6,0
B.RF2.CSE1,13,B.RF2,2,HK,0,160,1993,6,0
B.RF2.CSE1,16,B.RF2,0,HK,0,8,1993,6,1
B.RF2.CSE1,17,B.RF2,0,HK,0,5,1993,6,0
B.RF2.CSE1,21,B.RF2,0,HK,0,4,1993,6,0
B.RF2.CSE1,22,B.RF2,0,HK,0,21,1993,6,0
B.RF2.CSE1,0,B.RF2,0,HK,0,7,1993,7,0
B.RF2.CSE1,2,B.RF2,0,HK,0,182,1993,7,0
B.RF2.CSE1,3,B.RF2,1,HK,4,157,1993,7,0
B.RF2.CSE1,4,B.RF2,3,HK,0,165,1993,7,0
B.RF2.CSE1,8,B.RF2,0,HK,0,153,1993,7,0
B.RF2.CSE1,11,B.RF2,2,HK,0,61,1993,7,0
B.RF2.CSE1,12,B.RF2,1,HK,0,41,1993,7,0
B.RF2.CSE1,13,B.RF2,1,HK,0,160,1993,7,0
B.RF2.CSE1,14,B.RF2,0,HK,0,60,1993,7,0
B.RF2.CSE1,16,B.RF2,0,HK,0,8,1993,7,0
B.RF2.CSE1,17,B.RF2,0,HK,1,5,1993,7,0
B.RF2.CSE1,18,B.RF2,0,HK,1,33,1993,7,1
B.RF2.CSE1,21,B.RF2,0,HK,0,4,1993,7,0
B.RF2.CSE1,22,B.RF2,0,HK,0,21,1993,7,0
B.RF2.CSE1,0,B.RF2,0,HK,0,7,1993,8,0
B.RF2.CSE1,2,B.RF2,0,HK,0,182,1993,8,0
B.RF2.CSE1,3,B.RF2,1,HK,4,157,1993,8,0
B.RF2.CSE1,4,B.RF2,4,HK,0,165,1993,8,0
B.RF2.CSE1,8,B.RF2,1,HK,0,153,1993,8,0
B.RF2.CSE1,9,B.RF2,0,HK,0,164,1993,8,0
B.RF2.CSE1,11,B.RF2,3,HK,0,61,1993,8,0
B.RF2.CSE1,12,B.RF2,0,HK,0,41,1993,8,1
B.RF2.CSE1,13,B.RF2,0,HK,0,160,1993,8,0
B.RF2.CSE1,14,B.RF2,0,HK,0,60,1993,8,0
B.RF2.CSE1,16,B.RF2,0,HK,0,8,1993,8,0
B.RF2.CSE1,17,B.RF2,0,HK,1,5,1993,8,0
B.RF2.CSE1,18,B.RF2,0,HK,2,33,1993,8,1
B.RF2.CSE1,19,B.RF2,0,HK,0,2,1993,8,0
B.RF2.CSE1,21,B.RF2,0,HK,0,4,1993,8,0
B.RF2.CSE1,22,B.RF2,0,HK,0,21,1993,8,0
B.RF2.CSE1,0,B.RF2,0,HK,0,7,1993,9,0
B.RF2.CSE1,2,B.RF2,0,HK,0,182,1993,9,0
B.RF2.CSE1,3,B.RF2,1,HK,3,157,1993,9,0
B.RF2.CSE1,4,B.RF2,4,HK,1,165,1993,9,0
B.RF2.CSE1,6,B.RF2,0,HK,0,1,1993,9,0
B.RF2.CSE1,8,B.RF2,0,HK,0,153,1993,9,0
B.RF2.CSE1,9,B.RF2,0,HK,0,164,1993,9,0
B.RF2.CSE1,11,B.RF2,2,HK,0,61,1993,9,0
B.RF2.CSE1,12,B.RF2,0,HK,0,41,1993,9,0
B.RF2.CSE1,13,B.RF2,1,HK,0,160,1993,9,0
B.RF2.CSE1,14,B.RF2,0,HK,0,60,1993,9,0
B.RF2.CSE1,15,B.RF2,0,HK,0,123,1993,9,0
B.RF2.CSE1,16,B.RF2,0,HK,0,8,1993,9,0
B.RF2.CSE1,17,B.RF2,0,HK,1,5,1993,9,0
B.RF2.CSE1,18,B.RF2,0,HK,3,33,1993,9,1
B.RF2.CSE1,19,B.RF2,0,HK,0,2,1993,9,0
B.RF2.CSE1,21,B.RF2,0,HK,0,4,1993,9,0
B.RF2.CSE1,22,B.RF2,0,HK,0,21,1993,9,1
B.RF2.CSE1,0,B.RF2,0,HK,0,7,1993,10,0
B.RF2.CSE1,2,B.RF2,0,HK,0,182,1993,10,0
B.RF2.CSE1,3,B.RF2,1,HK,4,157,1993,10,0
B.RF2.CSE1,4,B.RF2,4,HK,1,165,1993,10,0
B.RF2.CSE1,5,B.RF2,0,HK,0,1,1993,10,0
B.RF2.CSE1,6,B.RF2,0,HK,0,1,1993,10,0
B.RF2.CSE1,8,B.RF2,0,HK,1,153,1993,10,0
B.RF2.CSE1,9,B.RF2,0,HK,0,164,1993,10,0
B.RF2.CSE1,11,B.RF2,2,HK,1,61,1993,10,0
B.RF2.CSE1,12,B.RF2,0,HK,0,41,1993,10,0
B.RF2.CSE1,13,B.RF2,1,HK,1,160,1993,10,0
B.RF2.CSE1,14,B.RF2,0,HK,0,60,1993,10,0
B.RF2.CSE1,15,B.RF2,0,HK,0,123,1993,10,0
B.RF2.CSE1,16,B.RF2,0,HK,0,8,1993,10,0
B.RF2.CSE1,17,B.RF2,0,HK,1,5,1993,10,0
B.RF2.CSE1,18,B.RF2,0,HK,2,33,1993,10,1
B.RF2.CSE1,19,B.RF2,0,HK,0,2,1993,10,1
B.RF2.CSE1,20,B.RF2,0,HK,1,66,1993,10,3
B.RF2.CSE1,21,B.RF2,0,HK,0,4,1993,10,0
B.RF2.CSE1,22,B.RF2,0,HK,0,21,1993,10,0
B.RF2.CSE1,0,B.RF2,0,HK,0,7,1993,11,1
B.RF2.CSE1,1,B.RF2,1,HK,0,113,1993,11,0
B.RF2.CSE1,2,B.RF2,4,HK,0,182,1993,11,0
B.RF2.CSE1,3,B.RF2,0,HK,7,157,1993,11,0
B.RF2.CSE1,4,B.RF2,4,HK,1,165,1993,11,0
B.RF2.CSE1,5,B.RF2,0,HK,0,1,1993,11,0
B.RF2.CSE1,6,B.RF2,0,HK,0,1,1993,11,0
B.RF2.CSE1,7,B.RF2,0,HK,0,21,1993,11,0
B.RF2.CSE1,8,B.RF2,2,HK,0,153,1993,11,0
B.RF2.CSE1,9,B.RF2,0,HK,0,164,1993,11,0
B.RF2.CSE1,10,B.RF2,2,HK,8,150,1993,11,4
B.RF2.CSE1,11,B.RF2,6,HK,0,61,1993,11,3
B.RF2.CSE1,12,B.RF2,2,HK,0,41,1993,11,0
B.RF2.CSE1,13,B.RF2,1,HK,1,160,1993,11,0
B.RF2.CSE1,14,B.RF2,0,HK,1,60,1993,11,0
B.RF2.CSE1,15,B.RF2,0,HK,0,123,1993,11,0
B.RF2.CSE1,16,B.RF2,0,HK,0,8,1993,11,0
B.RF2.CSE1,17,B.RF2,0,HK,0,5,1993,11,0
B.RF2.CSE1,18,B.RF2,0,HK,1,33,1993,11,2
B.RF2.CSE1,19,B.RF2,0,HK,0,2,1993,11,1
B.RF2.CSE1,20,B.RF2,1,HK,0,66,1993,11,3
B.RF2.CSE1,21,B.RF2,0,HK,0,4,1993,11,0
B.RF2.CSE1,22,B.RF2,0,HK,0,21,1993,11,0
B.RF2.CSE1,16,B.RF2,0,HK,0,8,1994,1,0
B.RF2.CSE1,22,B.RF2,0,HK,0,21,1994,1,0
B.RF2.CSE1,12,B.RF2,0,HK,0,41,1994,2,0
B.RF2.CSE1,13,B.RF2,0,HK,0,160,1994,2,0
B.RF2.CSE1,16,B.RF2,0,HK,0,8,1994,2,0
B.RF2.CSE1,22,B.RF2,2,HK,0,21,1994,2,0
B.RF2.CSE1,4,B.RF2,0,HK,0,165,1994,3,0
B.RF2.CSE1,12,B.RF2,0,HK,0,41,1994,3,0
B.RF2.CSE1,13,B.RF2,0,HK,0,160,1994,3,0
B.RF2.CSE1,16,B.RF2,0,HK,0,8,1994,3,0
B.RF2.CSE1,21,B.RF2,0,HK,0,4,1994,3,0
B.RF2.CSE1,22,B.RF2,1,HK,0,21,1994,3,0
B.RF2.CSE1,4,B.RF2,0,HK,0,165,1994,4,0
B.RF2.CSE1,12,B.RF2,0,HK,0,41,1994,4,0
B.RF2.CSE1,13,B.RF2,0,HK,0,160,1994,4,0
B.RF2.CSE1,16,B.RF2,0,HK,0,8,1994,4,0
B.RF2.CSE1,17,B.RF2,0,HK,0,5,1994,4,0
B.RF2.CSE1,19,B.RF2,0,HK,0,2,1994,4,0
B.RF2.CSE1,21,B.RF2,0,HK,0,4,1994,4,0
B.RF2.CSE1,22,B.RF2,1,HK,0,21,1994,4,0
B.RF2.CSE1,4,B.RF2,0,HK,0,165,1994,5,0
B.RF2.CSE1,6,B.RF2,0,HK,0,1,1994,5,0
B.RF2.CSE1,11,B.RF2,0,HK,0,61,1994,5,0
B.RF2.CSE1,12,B.RF2,0,HK,0,41,1994,5,0
B.RF2.CSE1,13,B.RF2,1,HK,0,160,1994,5,0
B.RF2.CSE1,16,B.RF2,0,HK,0,8,1994,5,0
B.RF2.CSE1,17,B.RF2,0,HK,1,5,1994,5,0
B.RF2.CSE1,19,B.RF2,0,HK,0,2,1994,5,0
B.RF2.CSE1,21,B.RF2,0,HK,0,4,1994,5,0
B.RF2.CSE1,22,B.RF2,0,HK,0,21,1994,5,0
B.RF2.CSE1,3,B.RF2,0,HK,3,157,1994,6,0
B.RF2.CSE1,4,B.RF2,5,HK,1,165,1994,6,0
B.RF2.CSE1,6,B.RF2,0,HK,0,1,1994,6,0
B.RF2.CSE1,11,B.RF2,0,HK,0,61,1994,6,0
B.RF2.CSE1,12,B.RF2,0,HK,0,41,1994,6,1
B.RF2.CSE1,13,B.RF2,0,HK,0,160,1994,6,0
B.RF2.CSE1,15,B.RF2,0,HK,0,123,1994,6,0
B.RF2.CSE1,16,B.RF2,1,HK,0,8,1994,6,0
B.RF2.CSE1,17,B.RF2,0,HK,0,5,1994,6,1
B.RF2.CSE1,19,B.RF2,0,HK,0,2,1994,6,0
B.RF2.CSE1,21,B.RF2,0,HK,0,4,1994,6,0
B.RF2.CSE1,22,B.RF2,0,HK,0,21,1994,6,0
B.RF2.CSE1,0,B.RF2,0,HK,0,7,1994,7,0
B.RF2.CSE1,3,B.RF2,0,HK,3,157,1994,7,0
B.RF2.CSE1,4,B.RF2,2,HK,0,165,1994,7,0
B.RF2.CSE1,6,B.RF2,0,HK,0,1,1994,7,0
B.RF2.CSE1,9,B.RF2,0,HK,0,164,1994,7,0
B.RF2.CSE1,11,B.RF2,0,HK,0,61,1994,7,0
B.RF2.CSE1,12,B.RF2,0,HK,0,41,1994,7,0
B.RF2.CSE1,13,B.RF2,0,HK,0,160,1994,7,0
B.RF2.CSE1,15,B.RF2,0,HK,0,123,1994,7,0
B.RF2.CSE1,16,B.RF2,0,HK,0,8,1994,7,0
B.RF2.CSE1,17,B.RF2,0,HK,0,5,1994,7,1
B.RF2.CSE1,19,B.RF2,0,HK,0,2,1994,7,0
B.RF2.CSE1,21,B.RF2,0,HK,0,4,1994,7,0
B.RF2.CSE1,22,B.RF2,0,HK,0,21,1994,7,0
B.RF2.CSE1,0,B.RF2,0,HK,0,7,1994,8,0
B.RF2.CSE1,3,B.RF2,0,HK,2,157,1994,8,0
B.RF2.CSE1,4,B.RF2,2,HK,0,165,1994,8,0
B.RF2.CSE1,5,B.RF2,0,HK,0,1,1994,8,1
B.RF2.CSE1,6,B.RF2,0,HK,0,1,1994,8,0
B.RF2.CSE1,7,B.RF2,0,HK,0,21,1994,8,0
B.RF2.CSE1,9,B.RF2,0,HK,0,164,1994,8,0
B.RF2.CSE1,11,B.RF2,0,HK,0,61,1994,8,0
B.RF2.CSE1,12,B.RF2,0,HK,0,41,1994,8,0
B.RF2.CSE1,13,B.RF2,0,HK,0,160,1994,8,0
B.RF2.CSE1,15,B.RF2,0,HK,0,123,1994,8,0
B.RF2.CSE1,16,B.RF2,0,HK,0,8,1994,8,0
B.RF2.CSE1,17,B.RF2,0,HK,0,5,1994,8,0
B.RF2.CSE1,19,B.RF2,0,HK,0,2,1994,8,0
B.RF2.CSE1,21,B.RF2,0,HK,0,4,1994,8,0
B.RF2.CSE1,22,B.RF2,0,HK,0,21,1994,8,0
B.RF2.CSE1,0,B.RF2,0,HK,0,7,1994,9,0
B.RF2.CSE1,1,B.RF2,0,HK,0,113,1994,9,0
B.RF2.CSE1,3,B.RF2,0,HK,1,157,1994,9,0
B.RF2.CSE1,4,B.RF2,2,HK,1,165,1994,9,0
B.RF2.CSE1,5,B.RF2,0,HK,0,1,1994,9,0
B.RF2.CSE1,6,B.RF2,0,HK,0,1,1994,9,0
B.RF2.CSE1,7,B.RF2,0,HK,0,21,1994,9,0
B.RF2.CSE1,9,B.RF2,0,HK,0,164,1994,9,0
B.RF2.CSE1,11,B.RF2,0,HK,0,61,1994,9,0
B.RF2.CSE1,12,B.RF2,0,HK,0,41,1994,9,0
B.RF2.CSE1,13,B.RF2,1,HK,0,160,1994,9,0
B.RF2.CSE1,15,B.RF2,0,HK,0,123,1994,9,0
B.RF2.CSE1,16,B.RF2,0,HK,0,8,1994,9,0
B.RF2.CSE1,17,B.RF2,0,HK,0,5,1994,9,0
B.RF2.CSE1,18,B.RF2,0,HK,0,33,1994,9,1
B.RF2.CSE1,19,B.RF2,0,HK,0,2,1994,9,0
B.RF2.CSE1,21,B.RF2,0,HK,0,4,1994,9,0
B.RF2.CSE1,22,B.RF2,0,HK,0,21,1994,9,0
B.RF2.CSE1,0,B.RF2,0,HK,0,7,1994,10,0
B.RF2.CSE1,1,B.RF2,1,HK,0,113,1994,10,0
B.RF2.CSE1,3,B.RF2,0,HK,0,157,1994,10,0
B.RF2.CSE1,4,B.RF2,1,HK,0,165,1994,10,0
B.RF2.CSE1,5,B.RF2,0,HK,0,1,1994,10,0
B.RF2.CSE1,6,B.RF2,0,HK,0,1,1994,10,0
B.RF2.CSE1,7,B.RF2,0,HK,0,21,1994,10,0
B.RF2.CSE1,9,B.RF2,0,HK,0,164,1994,10,0
B.RF2.CSE1,10,B.RF2,1,HK,3,150,1994,10,1
B.RF2.CSE1,11,B.RF2,0,HK,0,61,1994,10,3
B.RF2.CSE1,12,B.RF2,1,HK,0,41,1994,10,1
B.RF2.CSE1,13,B.RF2,1,HK,0,160,1994,10,0
B.RF2.CSE1,14,B.RF2,0,HK,0,60,1994,10,0
B.RF2.CSE1,15,B.RF2,0,HK,0,123,1994,10,0
B.RF2.CSE1,16,B.RF2,0,HK,0,8,1994,10,0
B.RF2.CSE1,17,B.RF2,0,HK,0,5,1994,10,1
B.RF2.CSE1,18,B.RF2,0,HK,0,33,1994,10,0
B.RF2.CSE1,19,B.RF2,0,HK,0,2,1994,10,0
B.RF2.CSE1,21,B.RF2,0,HK,0,4,1994,10,0
B.RF2.CSE1,22,B.RF2,0,HK,0,21,1994,10,0
B.RF2.CSE1,0,B.RF2,0,HK,0,7,1994,11,0
B.RF2.CSE1,1,B.RF2,0,HK,0,113,1994,11,0
B.RF2.CSE1,2,B.RF2,0,HK,0,182,1994,11,0
B.RF2.CSE1,3,B.RF2,1,HK,1,157,1994,11,0
B.RF2.CSE1,4,B.RF2,3,HK,0,165,1994,11,0
B.RF2.CSE1,5,B.RF2,0,HK,0,1,1994,11,0
B.RF2.CSE1,6,B.RF2,0,HK,0,1,1994,11,0
B.RF2.CSE1,7,B.RF2,0,HK,0,21,1994,11,0
B.RF2.CSE1,8,B.RF2,1,HK,0,153,1994,11,0
B.RF2.CSE1,9,B.RF2,0,HK,0,164,1994,11,0
B.RF2.CSE1,10,B.RF2,1,HK,2,150,1994,11,0
B.RF2.CSE1,11,B.RF2,3,HK,0,61,1994,11,2
B.RF2.CSE1,12,B.RF2,0,HK,0,41,1994,11,1
B.RF2.CSE1,13,B.RF2,1,HK,0,160,1994,11,0
B.RF2.CSE1,14,B.RF2,0,HK,0,60,1994,11,0
B.RF2.CSE1,15,B.RF2,0,HK,0,123,1994,11,0
B.RF2.CSE1,16,B.RF2,0,HK,0,8,1994,11,0
B.RF2.CSE1,17,B.RF2,0,HK,1,5,1994,11,0
B.RF2.CSE1,18,B.RF2,0,HK,0,33,1994,11,0
B.RF2.CSE1,19,B.RF2,0,HK,0,2,1994,11,0
B.RF2.CSE1,20,B.RF2,0,HK,0,66,1994,11,0
B.RF2.CSE1,21,B.RF2,0,HK,0,4,1994,11,0
B.RF2.CSE1,22,B.RF2,0,HK,0,21,1994,11,0
B.RF2.CSE1,9,B.RF2,0,HK,0,164,1995,1,0
B.RF2.CSE1,13,B.RF2,0,HK,0,160,1995,1,0
B.RF2.CSE1,9,B.RF2,0,HK,0,164,1995,2,0
B.RF2.CSE1,13,B.RF2,1,HK,0,160,1995,2,0
B.RF2.CSE1,14,B.RF2,0,HK,0,60,1995,2,0
B.RF2.CSE1,16,B.RF2,0,HK,0,8,1995,2,0
B.RF2.CSE1,5,B.RF2,0,HK,0,1,1995,3,0
B.RF2.CSE1,9,B.RF2,0,HK,0,164,1995,3,0
B.RF2.CSE1,13,B.RF2,1,HK,0,160,1995,3,0
B.RF2.CSE1,14,B.RF2,0,HK,0,60,1995,3,0
B.RF2.CSE1,15,B.RF2,0,HK,0,123,1995,3,0
B.RF2.CSE1,16,B.RF2,0,HK,0,8,1995,3,0
B.RF2.CSE1,1,B.RF2,0,HK,0,113,1995,4,0
B.RF2.CSE1,5,B.RF2,0,HK,0,1,1995,4,0
B.RF2.CSE1,9,B.RF2,0,HK,0,164,1995,4,0
B.RF2.CSE1,12,B.RF2,0,HK,0,41,1995,4,0
B.RF2.CSE1,13,B.RF2,1,HK,0,160,1995,4,0
B.RF2.CSE1,14,B.RF2,0,HK,0,60,1995,4,0
B.RF2.CSE1,15,B.RF2,0,HK,0,123,1995,4,0
B.RF2.CSE1,16,B.RF2,0,HK,0,8,1995,4,0
B.RF2.CSE1,1,B.RF2,0,HK,0,113,1995,5,0
B.RF2.CSE1,5,B.RF2,0,HK,0,1,1995,5,0
B.RF2.CSE1,8,B.RF2,0,HK,0,153,1995,5,0
B.RF2.CSE1,9,B.RF2,0,HK,0,164,1995,5,0
B.RF2.CSE1,12,B.RF2,0,HK,0,41,1995,5,0
B.RF2.CSE1,13,B.RF2,1,HK,0,160,1995,5,0
B.RF2.CSE1,14,B.RF2,0,HK,1,60,1995,5,0
B.RF2.CSE1,15,B.RF2,0,HK,0,123,1995,5,0
B.RF2.CSE1,16,B.RF2,0,HK,0,8,1995,5,0
B.RF2.CSE1,22,B.RF2,0,HK,0,21,1995,5,0
B.RF2.CSE1,1,B.RF2,0,HK,0,113,1995,6,0
B.RF2.CSE1,5,B.RF2,0,HK,0,1,1995,6,0
B.RF2.CSE1,8,B.RF2,0,HK,0,153,1995,6,0
B.RF2.CSE1,9,B.RF2,0,HK,0,164,1995,6,0
B.RF2.CSE1,12,B.RF2,0,HK,1,41,1995,6,0
B.RF2.CSE1,13,B.RF2,1,HK,1,160,1995,6,0
B.RF2.CSE1,14,B.RF2,0,HK,1,60,1995,6,0
B.RF2.CSE1,15,B.RF2,0,HK,0,123,1995,6,0
B.RF2.CSE1,16,B.RF2,0,HK,0,8,1995,6,0
B.RF2.CSE1,17,B.RF2,0,HK,1,5,1995,6,0
B.RF2.CSE1,19,B.RF2,0,HK,0,2,1995,6,0
B.RF2.CSE1,22,B.RF2,0,HK,0,21,1995,6,0
B.RF2.CSE1,1,B.RF2,0,HK,0,113,1995,7,0
B.RF2.CSE1,5,B.RF2,0,HK,0,1,1995,7,0
B.RF2.CSE1,6,B.RF2,0,HK,0,1,1995,7,0
B.RF2.CSE1,8,B.RF2,0,HK,0,153,1995,7,0
B.RF2.CSE1,9,B.RF2,0,HK,0,164,1995,7,0
B.RF2.CSE1,12,B.RF2,0,HK,1,41,1995,7,0
B.RF2.CSE1,13,B.RF2,1,HK,0,160,1995,7,0
B.RF2.CSE1,14,B.RF2,0,HK,1,60,1995,7,0
B.RF2.CSE1,15,B.RF2,0,HK,0,123,1995,7,0
B.RF2.CSE1,16,B.RF2,0,HK,0,8,1995,7,0
B.RF2.CSE1,17,B.RF2,0,HK,1,5,1995,7,0
B.RF2.CSE1,18,B.RF2,0,HK,0,33,1995,7,1
B.RF2.CSE1,19,B.RF2,0,HK,0,2,1995,7,0
B.RF2.CSE1,22,B.RF2,0,HK,0,21,1995,7,0
B.RF2.CSE1,0,B.RF2,0,HK,0,7,1995,8,0
B.RF2.CSE1,1,B.RF2,0,HK,0,113,1995,8,0
B.RF2.CSE1,5,B.RF2,0,HK,0,1,1995,8,0
B.RF2.CSE1,6,B.RF2,0,HK,0,1,1995,8,0
B.RF2.CSE1,8,B.RF2,0,HK,0,153,1995,8,0
B.RF2.CSE1,9,B.RF2,0,HK,0,164,1995,8,0
B.RF2.CSE1,12,B.RF2,0,HK,0,41,1995,8,0
B.RF2.CSE1,13,B.RF2,1,HK,0,160,1995,8,0
B.RF2.CSE1,14,B.RF2,0,HK,1,60,1995,8,0
B.RF2.CSE1,15,B.RF2,0,HK,0,123,1995,8,0
B.RF2.CSE1,16,B.RF2,0,HK,0,8,1995,8,0
B.RF2.CSE1,17,B.RF2,1,HK,1,5,1995,8,0
B.RF2.CSE1,18,B.RF2,0,HK,1,33,1995,8,0
B.RF2.CSE1,19,B.RF2,0,HK,0,2,1995,8,0
B.RF2.CSE1,20,B.RF2,0,HK,0,66,1995,8,1
B.RF2.CSE1,22,B.RF2,0,HK,0,21,1995,8,0
B.RF2.CSE1,0,B.RF2,0,HK,1,7,1995,9,0
B.RF2.CSE1,1,B.RF2,0,HK,0,113,1995,9,0
B.RF2.CSE1,3,B.RF2,0,HK,0,157,1995,9,0
B.RF2.CSE1,5,B.RF2,0,HK,0,1,1995,9,0
B.RF2.CSE1,6,B.RF2,0,HK,0,1,1995,9,0
B.RF2.CSE1,8,B.RF2,0,HK,0,153,1995,9,0
B.RF2.CSE1,9,B.RF2,0,HK,0,164,1995,9,0
B.RF2.CSE1,11,B.RF2,1,HK,1,61,1995,9,2
B.RF2.CSE1,12,B.RF2,0,HK,0,41,1995,9,0
B.RF2.CSE1,13,B.RF2,1,HK,1,160,1995,9,0
B.RF2.CSE1,14,B.RF2,0,HK,1,60,1995,9,0
B.RF2.CSE1,15,B.RF2,0,HK,0,123,1995,9,0
B.RF2.CSE1,16,B.RF2,0,HK,0,8,1995,9,0
B.RF2.CSE1,17,B.RF2,1,HK,1,5,1995,9,0
B.RF2.CSE1,18,B.RF2,0,HK,1,33,1995,9,1
B.RF2.CSE1,19,B.RF2,0,HK,0,2,1995,9,0
B.RF2.CSE1,20,B.RF2,1,HK,0,66,1995,9,0
B.RF2.CSE1,22,B.RF2,0,HK,0,21,1995,9,0
B.RF2.CSE1,0,B.RF2,0,HK,0,7,1995,10,0
B.RF2.CSE1,1,B.RF2,0,HK,0,113,1995,10,0
B.RF2.CSE1,2,B.RF2,0,HK,0,182,1995,10,0
B.RF2.CSE1,3,B.RF2,0,HK,0,157,1995,10,0
B.RF2.CSE1,5,B.RF2,0,HK,0,1,1995,10,0
B.RF2.CSE1,6,B.RF2,0,HK,0,1,1995,10,0
B.RF2.CSE1,8,B.RF2,0,HK,0,153,1995,10,0
B.RF2.CSE1,9,B.RF2,0,HK,0,164,1995,10,0
B.RF2.CSE1,11,B.RF2,0,HK,1,61,1995,10,2
B.RF2.CSE1,12,B.RF2,0,HK,0,41,1995,10,0
B.RF2.CSE1,13,B.RF2,0,HK,1,160,1995,10,0
B.RF2.CSE1,14,B.RF2,0,HK,0,60,1995,10,0
B.RF2.CSE1,15,B.RF2,0,HK,0,123,1995,10,0
B.RF2.CSE1,16,B.RF2,0,HK,0,8,1995,10,0
B.RF2.CSE1,17,B.RF2,1,HK,1,5,1995,10,0
B.RF2.CSE1,18,B.RF2,0,HK,1,33,1995,10,3
B.RF2.CSE1,19,B.RF2,0,HK,0,2,1995,10,1
B.RF2.CSE1,20,B.RF2,0,HK,1,66,1995,10,1
B.RF2.CSE1,21,B.RF2,0,HK,0,4,1995,10,0
B.RF2.CSE1,22,B.RF2,0,HK,0,21,1995,10,0
B.RF2.CSE1,0,B.RF2,0,HK,0,7,1995,11,0
B.RF2.CSE1,1,B.RF2,0,HK,0,113,1995,11,0
B.RF2.CSE1,2,B.RF2,2,HK,0,182,1995,11,0
B.RF2.CSE1,3,B.RF2,2,HK,1,157,1995,11,0
B.RF2.CSE1,4,B.RF2,2,HK,0,165,1995,11,0
B.RF2.CSE1,5,B.RF2,0,HK,0,1,1995,11,0
B.RF2.CSE1,6,B.RF2,0,HK,0,1,1995,11,0
B.RF2.CSE1,7,B.RF2,0,HK,0,21,1995,11,0
B.RF2.CSE1,8,B.RF2,0,HK,0,153,1995,11,0
B.RF2.CSE1,9,B.RF2,0,HK,0,164,1995,11,0
B.RF2.CSE1,10,B.RF2,1,HK,6,150,1995,11,3
B.RF2.CSE1,11,B.RF2,2,HK,0,61,1995,11,3
B.RF2.CSE1,12,B.RF2,0,HK,0,41,1995,11,0
B.RF2.CSE1,13,B.RF2,0,HK,0,160,1995,11,0
B.RF2.CSE1,14,B.RF2,0,HK,0,60,1995,11,0
B.RF2.CSE1,15,B.RF2,0,HK,0,123,1995,11,0
B.RF2.CSE1,16,B.RF2,0,HK,0,8,1995,11,0
B.RF2.CSE1,17,B.RF2,0,HK,1,5,1995,11,0
B.RF2.CSE1,18,B.RF2,0,HK,1,33,1995,11,2
B.RF2.CSE1,19,B.RF2,0,HK,0,2,1995,11,1
B.RF2.CSE1,20,B.RF2,0,HK,2,66,1995,11,1
B.RF2.CSE1,21,B.RF2,0,HK,0,4,1995,11,0
B.RF2.CSE1,22,B.RF2,0,HK,0,21,1995,11,1
B.RF2.CSE025,0,B.RF2,0,HK,0,7,1993,1,0
B.RF2.CSE025,4,B.RF2,0,HK,0,165,1993,1,0
B.RF2.CSE025,0,B.RF2,0,HK,0,7,1993,2,0
B.RF2.CSE025,4,B.RF2,0,HK,0,165,1993,2,0
B.RF2.CSE025,8,B.RF2,0,HK,0,153,1993,2,0
B.RF2.CSE025,12,B.RF2,0,HK,0,41,1993,2,0
B.RF2.CSE025,0,B.RF2,0,HK,0,7,1993,3,0
B.RF2.CSE025,2,B.RF2,0,HK,0,182,1993,3,0
B.RF2.CSE025,4,B.RF2,0,HK,0,165,1993,3,0
B.RF2.CSE025,8,B.RF2,0,HK,0,153,1993,3,0
B.RF2.CSE025,11,B.RF2,0,HK,0,61,1993,3,0
B.RF2.CSE025,12,B.RF2,0,HK,0,41,1993,3,0
B.RF2.CSE025,0,B.RF2,0,HK,0,7,1993,4,0
B.RF2.CSE025,2,B.RF2,0,HK,0,182,1993,4,0
B.RF2.CSE025,3,B.RF2,1,HK,1,157,1993,4,0
B.RF2.CSE025,4,B.RF2,0,HK,0,165,1993,4,0
B.RF2.CSE025,8,B.RF2,0,HK,0,153,1993,4,0
B.RF2.CSE025,11,B.RF2,0,HK,0,61,1993,4,0
B.RF2.CSE025,12,B.RF2,0,HK,0,41,1993,4,0
B.RF2.CSE025,17,B.RF2,0,HK,0,5,1993,4,0
B.RF2.CSE025,0,B.RF2,0,HK,0,7,1993,5,0
B.RF2.CSE025,2,B.RF2,0,HK,0,182,1993,5,0
B.RF2.CSE025,3,B.RF2,0,HK,0,157,1993,5,0
B.RF2.CSE025,4,B.RF2,0,HK,0,165,1993,5,0
B.RF2.CSE025,8,B.RF2,0,HK,0,153,1993,5,0
B.RF2.CSE025,11,B.RF2,0,HK,1,61,1993,5,0
B.RF2.CSE025,12,B.RF2,0,HK,0,41,1993,5,0
B.RF2.CSE025,16,B.RF2,0,HK,0,8,1993,5,0
B.RF2.CSE025,17,B.RF2,0,HK,0,5,1993,5,0
B.RF2.CSE025,21,B.RF2,0,HK,0,4,1993,5,0
B.RF2.CSE025,0,B.RF2,0,HK,0,7,1993,6,0
B.RF2.CSE025,2,B.RF2,0,HK,0,182,1993,6,0
B.RF2.CSE025,3,B.RF2,0,HK,2,157,1993,6,0
B.RF2.CSE025,4,B.RF2,1,HK,0,165,1993,6,0
B.RF2.CSE025,8,B.RF2,1,HK,0,153,1993,6,0
B.RF2.CSE025,11,B.RF2,0,HK,0,61,1993,6,0
B.RF2.CSE025,12,B.RF2,0,HK,0,41,1993,6,0
B.RF2.CSE025,13,B.RF2,1,HK,0,160,1993,6,0
B.RF2.CSE025,16,B.RF2,0,HK,0,8,1993,6,1
B.RF2.CSE025,17,B.RF2,0,HK,0,5,1993,6,0
B.RF2.CSE025,21,B.RF2,0,HK,0,4,1993,6,0
B.RF2.CSE025,22,B.RF2,0,HK,0,21,1993,6,0
B.RF2.CSE025,0,B.RF2,0,HK,0,7,1993,7,0
B.RF2.CSE025,2,B.RF2,0,HK,0,182,1993,7,0
B.RF2.CSE025,3,B.RF2,0,HK,0,157,1993,7,0
B.RF2.CSE025,4,B.RF2,1,HK,0,165,1993,7,0
B.RF2.CSE025,8,B.RF2,0,HK,0,153,1993,7,0
B.RF2.CSE025,11,B.RF2,0,HK,0,61,1993,7,0
B.RF2.CSE025,12,B.RF2,0,HK,0,41,1993,7,0
B.RF2.CSE025,13,B.RF2,1,HK,0,160,1993,7,0
B.RF2.CSE025,14,B.RF2,0,HK,0,60,1993,7,0
B.RF2.CSE025,16,B.RF2,0,HK,0,8,1993,7,0
B.RF2.CSE025,17,B.RF2,0,HK,0,5,1993,7,0
B.RF2.CSE025,18,B.RF2,0,HK,0,33,1993,7,0
B.RF2.CSE025,21,B.RF2,0,HK,0,4,1993,7,0
B.RF2.CSE025,22,B.RF2,0,HK,0,21,1993,7,0
B.RF2.CSE025,0,B.RF2,0,HK,0,7,1993,8,0
B.RF2.CSE025,2,B.RF2,0,HK,0,182,1993,8,0
B.RF2.CSE025,3,B.RF2,0,HK,1,157,1993,8,0
B.RF2.CSE025,4,B.RF2,1,HK,0,165,1993,8,0
B.RF2.CSE025,8,B.RF2,1,HK,0,153,1993,8,0
B.RF2.CSE025,9,B.RF2,0,HK,0,164,1993,8,0
B.RF2.CSE025,11,B.RF2,0,HK,0,61,1993,8,0
B.RF2.CSE025,12,B.RF2,0,HK,0,41,1993,8,0
B.RF2.CSE025,13,B.RF2,0,HK,0,160,1993,8,0
B.RF2.CSE025,14,B.RF2,0,HK,0,60,1993,8,0
B.RF2.CSE025,16,B.RF2,0,HK,0,8,1993,8,0
B.RF2.CSE025,17,B.RF2,0,HK,0,5,1993,8,0
B.RF2.CSE025,18,B.RF2,0,HK,2,33,1993,8,0
B.RF2.CSE025,19,B.RF2,0,HK,0,2,1993,8,0
B.RF2.CSE025,21,B.RF2,0,HK,0,4,1993,8,0
B.RF2.CSE025,22,B.RF2,0,HK,0,21,1993,8,0
B.RF2.CSE025,0,B.RF2,0,HK,0,7,1993,9,0
B.RF2.CSE025,2,B.RF2,0,HK,0,182,1993,9,0
B.RF2.CSE025,3,B.RF2,0,HK,1,157,1993,9,0
B.RF2.CSE025,4,B.RF2,1,HK,0,165,1993,9,0
B.RF2.CSE025,6,B.RF2,0,HK,0,1,1993,9,0
B.RF2.CSE025,8,B.RF2,0,HK,0,153,1993,9,0
B.RF2.CSE025,9,B.RF2,0,HK,0,164,1993,9,0
B.RF2.CSE025,11,B.RF2,0,HK,0,61,1993,9,0
B.RF2.CSE025,12,B.RF2,0,HK,0,41,1993,9,0
B.RF2.CSE025,13,B.RF2,0,HK,0,160,1993,9,0
B.RF2.CSE025,14,B.RF2,0,HK,0,60,1993,9,0
B.RF2.CSE025,15,B.RF2,0,HK,0,123,1993,9,0
B.RF2.CSE025,16,B.RF2,0,HK,0,8,1993,9,0
B.RF2.CSE025,17,B.RF2,0,HK,1,5,1993,9,0
B.RF2.CSE025,18,B.RF2,0,HK,1,33,1993,9,1
B.RF2.CSE025,19,B.RF2,0,HK,0,2,1993,9,0
B.RF2.CSE025,21,B.RF2,0,HK,0,4,1993,9,0
B.RF2.CSE025,22,B.RF2,0,HK,0,21,1993,9,0
B.RF2.CSE025,0,B.RF2,0,HK,0,7,1993,10,0
B.RF2.CSE025,2,B.RF2,0,HK,0,182,1993,10,0
B.RF2.CSE025,3,B.RF2,0,HK,0,157,1993,10,0
B.RF2.CSE025,4,B.RF2,1,HK,0,165,1993,10,0
B.RF2.CSE025,5,B.RF2,0,HK,0,1,1993,10,0
B.RF2.CSE025,6,B.RF2,0,HK,0,1,1993,10,0
B.RF2.CSE025,8,B.RF2,0,HK,1,153,1993,10,0
B.RF2.CSE025,9,B.RF2,0,HK,0,164,1993,10,0
B.RF2.CSE025,11,B.RF2,0,HK,1,61,1993,10,0
B.RF2.CSE025,12,B.RF2,0,HK,0,41,1993,10,0
B.RF2.CSE025,13,B.RF2,0,HK,0,160,1993,10,0
B.RF2.CSE025,14,B.RF2,0,HK,0,60,1993,10,0
B.RF2.CSE025,15,B.RF2,0,HK,0,123,1993,10,0
B.RF2.CSE025,16,B.RF2,0,HK,0,8,1993,10,0
B.RF2.CSE025,17,B.RF2,0,HK,1,5,1993,10,0
B.RF2.CSE025,18,B.RF2,0,HK,1,33,1993,10,1
B.RF2.CSE025,19,B.RF2,0,HK,0,2,1993,10,0
B.RF2.CSE025,20,B.RF2,0,HK,1,66,1993,10,1
B.RF2.CSE025,21,B.RF2,0,HK,0,4,1993,10,0
B.RF2.CSE025,22,B.RF2,0,HK,0,21,1993,10,0
B.RF2.CSE025,0,B.RF2,0,HK,0,7,1993,11,0
B.RF2.CSE025,1,B.RF2,0,HK,0,113,1993,11,0
B.RF2.CSE025,2,B.RF2,1,HK,0,182,1993,11,0
B.RF2.CSE025,3,B.RF2,0,HK,3,157,1993,11,0
B.RF2.CSE025,4,B.RF2,2,HK,1,165,1993,11,0
B.RF2.CSE025,5,B.RF2,0,HK,0,1,1993,11,0
B.RF2.CSE025,6,B.RF2,0,HK,0,1,1993,11,0
B.RF2.CSE025,7,B.RF2,0,HK,0,21,1993,11,0
B.RF2.CSE025,8,B.RF2,2,HK,0,153,1993,11,0
B.RF2.CSE025,9,B.RF2,0,HK,0,164,1993,11,0
B.RF2.CSE025,10,B.RF2,0,HK,3,150,1993,11,0
B.RF2.CSE025,11,B.RF2,0,HK,0,61,1993,11,1
B.RF2.CSE025,12,B.RF2,0,HK,0,41,1993,11,0
B.RF2.CSE025,13,B.RF2,0,HK,0,160,1993,11,0
B.RF2.CSE025,14,B.RF2,0,HK,0,60,1993,11,0
B.RF2.CSE025,15,B.RF2,0,HK,0,123,1993,11,0
B.RF2.CSE025,16,B.RF2,0,HK,0,8,1993,11,0
B.RF2.CSE025,17,B.RF2,0,HK,0,5,1993,11,0
B.RF2.CSE025,18,B.RF2,0,HK,0,33,1993,11,1
B.RF2.CSE025,19,B.RF2,0,HK,0,2,1993,11,1
B.RF2.CSE025,20,B.RF2,0,HK,0,66,1993,11,0
B.RF2.CSE025,21,B.RF2,0,HK,0,4,1993,11,0
B.RF2.CSE025,22,B.RF2,0,HK,0,21,1993,11,0
B.RF2.CSE025,16,B.RF2,0,HK,0,8,1994,1,0
B.RF2.CSE025,22,B.RF2,0,HK,0,21,1994,1,0
B.RF2.CSE025,12,B.RF2,0,HK,0,41,1994,2,0
B.RF2.CSE025,13,B.RF2,0,HK,0,160,1994,2,0
B.RF2.CSE025,16,B.RF2,0,HK,0,8,1994,2,0
B.RF2.CSE025,22,B.RF2,2,HK,0,21,1994,2,0
B.RF2.CSE025,4,B.RF2,0,HK,0,165,1994,3,0
B.RF2.CSE025,12,B.RF2,0,HK,0,41,1994,3,0
B.RF2.CSE025,13,B.RF2,0,HK,0,160,1994,3,0
B.RF2.CSE025,16,B.RF2,0,HK,0,8,1994,3,0
B.RF2.CSE025,21,B.RF2,0,HK,0,4,1994,3,0
B.RF2.CSE025,22,B.RF2,0,HK,0,21,1994,3,0
B.RF2.CSE025,4,B.RF2,0,HK,0,165,1994,4,0
B.RF2.CSE025,12,B.RF2,0,HK,0,41,1994,4,0
B.RF2.CSE025,13,B.RF2,0,HK,0,160,1994,4,0
B.RF2.CSE025,16,B.RF2,0,HK,0,8,1994,4,0
B.RF2.CSE025,17,B.RF2,0,HK,0,5,1994,4,0
B.RF2.CSE025,19,B.RF2,0,HK,0,2,1994,4,0
B.RF2.CSE025,21,B.RF2,0,HK,0,4,1994,4,0
B.RF2.CSE025,22,B.RF2,1,HK,0,21,1994,4,0
B.RF2.CSE025,4,B.RF2,0,HK,0,165,1994,5,0
B.RF2.CSE025,6,B.RF2,0,HK,0,1,1994,5,0
B.RF2.CSE025,11,B.RF2,0,HK,0,61,1994,5,0
B.RF2.CSE025,12,B.RF2,0,HK,0,41,1994,5,0
B.RF2.CSE025,13,B.RF2,0,HK,0,160,1994,5,0
B.RF2.CSE025,16,B.RF2,0,HK,0,8,1994,5,0
B.RF2.CSE025,17,B.RF2,0,HK,0,5,1994,5,0
B.RF2.CSE025,19,B.RF2,0,HK,0,2,1994,5,0
B.RF2.CSE025,21,B.RF2,0,HK,0,4,1994,5,0
B.RF2.CSE025,22,B.RF2,0,HK,0,21,1994,5,0
B.RF2.CSE025,3,B.RF2,0,HK,0,157,1994,6,0
B.RF2.CSE025,4,B.RF2,1,HK,0,165,1994,6,0
B.RF2.CSE025,6,B.RF2,0,HK,0,1,1994,6,0
B.RF2.CSE025,11,B.RF2,0,HK,0,61,1994,6,0
B.RF2.CSE025,12,B.RF2,0,HK,0,41,1994,6,0
B.RF2.CSE025,13,B.RF2,0,HK,0,160,1994,6,0
B.RF2.CSE025,15,B.RF2,0,HK,0,123,1994,6,0
B.RF2.CSE025,16,B.RF2,0,HK,0,8,1994,6,0
B.RF2.CSE025,17,B.RF2,0,HK,0,5,1994,6,1
B.RF2.CSE025,19,B.RF2,0,HK,0,2,1994,6,0
B.RF2.CSE025,21,B.RF2,0,HK,0,4,1994,6,0
B.RF2.CSE025,22,B.RF2,0,HK,0,21,1994,6,0
B.RF2.CSE025,0,B.RF2,0,HK,0,7,1994,7,0
B.RF2.CSE025,3,B.RF2,0,HK,1,157,1994,7,0
B.RF2.CSE025,4,B.RF2,0,HK,0,165,1994,7,0
B.RF2.CSE025,6,B.RF2,0,HK,0,1,1994,7,0
B.RF2.CSE025,9,B.RF2,0,HK,0,164,1994,7,0
B.RF2.CSE025,11,B.RF2,0,HK,0,61,1994,7,0
B.RF2.CSE025,12,B.RF2,0,HK,0,41,1994,7,0
B.RF2.CSE025,13,B.RF2,0,HK,0,160,1994,7,0
B.RF2.CSE025,15,B.RF2,0,HK,0,123,1994,7,0
B.RF2.CSE025,16,B.RF2,0,HK,0,8,1994,7,0
B.RF2.CSE025,17,B.RF2,0,HK,0,5,1994,7,1
B.RF2.CSE025,19,B.RF2,0,HK,0,2,1994,7,0
B.RF2.CSE025,21,B.RF2,0,HK,0,4,1994,7,0
B.RF2.CSE025,22,B.RF2,0,HK,0,21,1994,7,0
B.RF2.CSE025,0,B.RF2,0,HK,0,7,1994,8,0
B.RF2.CSE025,3,B.RF2,0,HK,0,157,1994,8,0
B.RF2.CSE025,4,B.RF2,0,HK,0,165,1994,8,0
B.RF2.CSE025,5,B.RF2,0,HK,0,1,1994,8,0
B.RF2.CSE025,6,B.RF2,0,HK,0,1,1994,8,0
B.RF2.CSE025,7,B.RF2,0,HK,0,21,1994,8,0
B.RF2.CSE025,9,B.RF2,0,HK,0,164,1994,8,0
B.RF2.CSE025,11,B.RF2,0,HK,0,61,1994,8,0
B.RF2.CSE025,12,B.RF2,0,HK,0,41,1994,8,0
B.RF2.CSE025,13,B.RF2,0,HK,0,160,1994,8,0
B.RF2.CSE025,15,B.RF2,0,HK,0,123,1994,8,0
B.RF2.CSE025,16,B.RF2,0,HK,0,8,1994,8,0
B.RF2.CSE025,17,B.RF2,0,HK,0,5,1994,8,0
B.RF2.CSE025,19,B.RF2,0,HK,0,2,1994,8,0
B.RF2.CSE025,21,B.RF2,0,HK,0,4,1994,8,0
B.RF2.CSE025,22,B.RF2,0,HK,0,21,1994,8,0
B.RF2.CSE025,0,B.RF2,0,HK,0,7,1994,9,0
B.RF2.CSE025,1,B.RF2,0,HK,0,113,1994,9,0
B.RF2.CSE025,3,B.RF2,0,HK,0,157,1994,9,0
B.RF2.CSE025,4,B.RF2,2,HK,0,165,1994,9,0
B.RF2.CSE025,5,B.RF2,0,HK,0,1,1994,9,0
B.RF2.CSE025,6,B.RF2,0,HK,0,1,1994,9,0
B.RF2.CSE025,7,B.RF2,0,HK,0,21,1994,9,0
B.RF2.CSE025,9,B.RF2,0,HK,0,164,1994,9,0
B.RF2.CSE025,11,B.RF2,0,HK,0,61,1994,9,0
B.RF2.CSE025,12,B.RF2,0,HK,0,41,1994,9,0
B.RF2.CSE025,13,B.RF2,0,HK,0,160,1994,9,0
B.RF2.CSE025,15,B.RF2,0,HK,0,123,1994,9,0
B.RF2.CSE025,16,B.RF2,0,HK,0,8,1994,9,0
B.RF2.CSE025,17,B.RF2,0,HK,0,5,1994,9,0
B.RF2.CSE025,18,B.RF2,0,HK,0,33,1994,9,0
B.RF2.CSE025,19,B.RF2,0,HK,0,2,1994,9,0
B.RF2.CSE025,21,B.RF2,0,HK,0,4,1994,9,0
B.RF2.CSE025,22,B.RF2,0,HK,0,21,1994,9,0
B.RF2.CSE025,0,B.RF2,0,HK,0,7,1994,10,0
B.RF2.CSE025,1,B.RF2,0,HK,0,113,1994,10,0
B.RF2.CSE025,3,B.RF2,0,HK,0,157,1994,10,0
B.RF2.CSE025,4,B.RF2,0,HK,0,165,1994,10,0
B.RF2.CSE025,5,B.RF2,0,HK,0,1,1994,10,0
B.RF2.CSE025,6,B.RF2,0,HK,0,1,1994,10,0
B.RF2.CSE025,7,B.RF2,0,HK,0,21,1994,10,0
B.RF2.CSE025,9,B.RF2,0,HK,0,164,1994,10,0
B.RF2.CSE025,10,B.RF2,0,HK,1,150,1994,10,0
B.RF2.CSE025,11,B.RF2,0,HK,0,61,1994,10,0
B.RF2.CSE025,12,B.RF2,0,HK,0,41,1994,10,0
B.RF2.CSE025,13,B.RF2,0,HK,0,160,1994,10,0
B.RF2.CSE025,14,B.RF2,0,HK,0,60,1994,10,0
B.RF2.CSE025,15,B.RF2,0,HK,0,123,1994,10,0
B.RF2.CSE025,16,B.RF2,0,HK,0,8,1994,10,0
B.RF2.CSE025,17,B.RF2,0,HK,0,5,1994,10,1
B.RF2.CSE025,18,B.RF2,0,HK,0,33,1994,10,0
B.RF2.CSE025,19,B.RF2,0,HK,0,2,1994,10,0
B.RF2.CSE025,21,B.RF2,0,HK,0,4,1994,10,0
B.RF2.CSE025,22,B.RF2,0,HK,0,21,1994,10,0
B.RF2.CSE025,0,B.RF2,0,HK,0,7,1994,11,0
B.RF2.CSE025,1,B.RF2,0,HK,0,113,1994,11,0
B.RF2.CSE025,2,B.RF2,0,HK,0,182,1994,11,0
B.RF2.CSE025,3,B.RF2,0,HK,0,157,1994,11,0
B.RF2.CSE025,4,B.RF2,0,HK,0,165,1994,11,0
B.RF2.CSE025,5,B.RF2,0,HK,0,1,1994,11,0
B.RF2.CSE025,6,B.RF2,0,HK,0,1,1994,11,0
B.RF2.CSE025,7,B.RF2,0,HK,0,21,1994,11,0
B.RF2.CSE025,8,B.RF2,0,HK,0,153,1994,11,0
B.RF2.CSE025,9,B.RF2,0,HK,0,164,1994,11,0
B.RF2.CSE025,10,B.RF2,0,HK,0,150,1994,11,0
B.RF2.CSE025,11,B.RF2,2,HK,0,61,1994,11,0
B.RF2.CSE025,12,B.RF2,0,HK,0,41,1994,11,0
B.RF2.CSE025,13,B.RF2,1,HK,0,160,1994,11,0
B.RF2.CSE025,14,B.RF2,0,HK,0,60,1994,11,0
B.RF2.CSE025,15,B.RF2,0,HK,0,123,1994,11,0
B.RF2.CSE025,16,B.RF2,0,HK,0,8,1994,11,0
B.RF2.CSE025,17,B.RF2,0,HK,0,5,1994,11,0
B.RF2.CSE025,18,B.RF2,0,HK,0,33,1994,11,0
B.RF2.CSE025,19,B.RF2,0,HK,0,2,1994,11,0
B.RF2.CSE025,20,B.RF2,0,HK,0,66,1994,11,0
B.RF2.CSE025,21,B.RF2,0,HK,0,4,1994,11,0
B.RF2.CSE025,22,B.RF2,0,HK,0,21,1994,11,0
B.RF2.CSE025,9,B.RF2,0,HK,0,164,1995,1,0
B.RF2.CSE025,13,B.RF2,0,HK,0,160,1995,1,0
B.RF2.CSE025,9,B.RF2,0,HK,0,164,1995,2,0
B.RF2.CSE025,13,B.RF2,0,HK,0,160,1995,2,0
B.RF2.CSE025,14,B.RF2,0,HK,0,60,1995,2,0
B.RF2.CSE025,16,B.RF2,0,HK,0,8,1995,2,0
B.RF2.CSE025,5,B.RF2,0,HK,0,1,1995,3,0
B.RF2.CSE025,9,B.RF2,0,HK,0,164,1995,3,0
B.RF2.CSE025,13,B.RF2,0,HK,0,160,1995,3,0
B.RF2.CSE025,14,B.RF2,0,HK,0,60,1995,3,0
B.RF2.CSE025,15,B.RF2,0,HK,0,123,1995,3,0
B.RF2.CSE025,16,B.RF2,0,HK,0,8,1995,3,0
B.RF2.CSE025,1,B.RF2,0,HK,0,113,1995,4,0
B.RF2.CSE025,5,B.RF2,0,HK,0,1,1995,4,0
B.RF2.CSE025,9,B.RF2,0,HK,0,164,1995,4,0
B.RF2.CSE025,12,B.RF2,0,HK,0,41,1995,4,0
B.RF2.CSE025,13,B.RF2,1,HK,0,160,1995,4,0
B.RF2.CSE025,14,B.RF2,0,HK,0,60,1995,4,0
B.RF2.CSE025,15,B.RF2,0,HK,0,123,1995,4,0
B.RF2.CSE025,16,B.RF2,0,HK,0,8,1995,4,0
B.RF2.CSE025,1,B.RF2,0,HK,0,113,1995,5,0
B.RF2.CSE025,5,B.RF2,0,HK,0,1,1995,5,0
B.RF2.CSE025,8,B.RF2,0,HK,0,153,1995,5,0
B.RF2.CSE025,9,B.RF2,0,HK,0,164,1995,5,0
B.RF2.CSE025,12,B.RF2,0,HK,0,41,1995,5,0
B.RF2.CSE025,13,B.RF2,0,HK,0,160,1995,5,0
B.RF2.CSE025,14,B.RF2,0,HK,0,60,1995,5,0
B.RF2.CSE025,15,B.RF2,0,HK,0,123,1995,5,0
B.RF2.CSE025,16,B.RF2,0,HK,0,8,1995,5,0
B.RF2.CSE025,22,B.RF2,0,HK,0,21,1995,5,0
B.RF2.CSE025,1,B.RF2,0,HK,0,113,1995,6,0
B.RF2.CSE025,5,B.RF2,0,HK,0,1,1995,6,0
B.RF2.CSE025,8,B.RF2,0,HK,0,153,1995,6,0
B.RF2.CSE025,9,B.RF2,0,HK,0,164,1995,6,0
B.RF2.CSE025,12,B.RF2,0,HK,0,41,1995,6,0
B.RF2.CSE025,13,B.RF2,0,HK,0,160,1995,6,0
B.RF2.CSE025,14,B.RF2,0,HK,1,60,1995,6,0
B.RF2.CSE025,15,B.RF2,0,HK,0,123,1995,6,0
B.RF2.CSE025,16,B.RF2,0,HK,0,8,1995,6,0
B.RF2.CSE025,17,B.RF2,0,HK,0,5,1995,6,0
B.RF2.CSE025,19,B.RF2,0,HK,0,2,1995,6,0
B.RF2.CSE025,22,B.RF2,0,HK,0,21,1995,6,0
B.RF2.CSE025,1,B.RF2,0,HK,0,113,1995,7,0
B.RF2.CSE025,5,B.RF2,0,HK,0,1,1995,7,0
B.RF2.CSE025,6,B.RF2,0,HK,0,1,1995,7,0
B.RF2.CSE025,8,B.RF2,0,HK,0,153,1995,7,0
B.RF2.CSE025,9,B.RF2,0,HK,0,164,1995,7,0
B.RF2.CSE025,12,B.RF2,0,HK,0,41,1995,7,0
B.RF2.CSE025,13,B.RF2,0,HK,0,160,1995,7,0
B.RF2.CSE025,14,B.RF2,0,HK,1,60,1995,7,0
B.RF2.CSE025,15,B.RF2,0,HK,0,123,1995,7,0
B.RF2.CSE025,16,B.RF2,0,HK,0,8,1995,7,0
B.RF2.CSE025,17,B.RF2,0,HK,0,5,1995,7,0
B.RF2.CSE025,18,B.RF2,0,HK,0,33,1995,7,1
B.RF2.CSE025,19,B.RF2,0,HK,0,2,1995,7,0
B.RF2.CSE025,22,B.RF2,0,HK,0,21,1995,7,0
B.RF2.CSE025,0,B.RF2,0,HK,0,7,1995,8,0
B.RF2.CSE025,1,B.RF2,0,HK,0,113,1995,8,0
B.RF2.CSE025,5,B.RF2,0,HK,0,1,1995,8,0
B.RF2.CSE025,6,B.RF2,0,HK,0,1,1995,8,0
B.RF2.CSE025,8,B.RF2,0,HK,0,153,1995,8,0
B.RF2.CSE025,9,B.RF2,0,HK,0,164,1995,8,0
B.RF2.CSE025,12,B.RF2,0,HK,0,41,1995,8,0
B.RF2.CSE025,13,B.RF2,0,HK,0,160,1995,8,0
B.RF2.CSE025,14,B.RF2,0,HK,1,60,1995,8,0
B.RF2.CSE025,15,B.RF2,0,HK,0,123,1995,8,0
B.RF2.CSE025,16,B.RF2,0,HK,0,8,1995,8,0
B.RF2.CSE025,17,B.RF2,0,HK,0,5,1995,8,0
B.RF2.CSE025,18,B.RF2,0,HK,0,33,1995,8,0
B.RF2.CSE025,19,B.RF2,0,HK,0,2,1995,8,0
B.RF2.CSE025,20,B.RF2,0,HK,0,66,1995,8,0
B.RF2.CSE025,22,B.RF2,0,HK,0,21,1995,8,0
B.RF2.CSE025,0,B.RF2,0,HK,0,7,1995,9,0
B.RF2.CSE025,1,B.RF2,0,HK,0,113,1995,9,0
B.RF2.CSE025,3,B.RF2,0,HK,0,157,1995,9,0
B.RF2.CSE025,5,B.RF2,0,HK,0,1,1995,9,0
B.RF2.CSE025,6,B.RF2,0,HK,0,1,1995,9,0
B.RF2.CSE025,8,B.RF2,0,HK,0,153,1995,9,0
B.RF2.CSE025,9,B.RF2,0,HK,0,164,1995,9,0
B.RF2.CSE025,11,B.RF2,0,HK,0,61,1995,9,0
B.RF2.CSE025,12,B.RF2,0,HK,0,41,1995,9,0
B.RF2.CSE025,13,B.RF2,0,HK,0,160,1995,9,0
B.RF2.CSE025,14,B.RF2,0,HK,1,60,1995,9,0
B.RF2.CSE025,15,B.RF2,0,HK,0,123,1995,9,0
B.RF2.CSE025,16,B.RF2,0,HK,0,8,1995,9,0
B.RF2.CSE025,17,B.RF2,1,HK,0,5,1995,9,0
B.RF2.CSE025,18,B.RF2,0,HK,0,33,1995,9,1
B.RF2.CSE025,19,B.RF2,0,HK,0,2,1995,9,0
B.RF2.CSE025,20,B.RF2,0,HK,0,66,1995,9,0
B.RF2.CSE025,22,B.RF2,0,HK,0,21,1995,9,0
B.RF2.CSE025,0,B.RF2,0,HK,0,7,1995,10,0
B.RF2.CSE025,1,B.RF2,0,HK,0,113,1995,10,0
B.RF2.CSE025,2,B.RF2,0,HK,0,182,1995,10,0
B.RF2.CSE025,3,B.RF2,0,HK,0,157,1995,10,0
B.RF2.CSE025,5,B.RF2,0,HK,0,1,1995,10,0
B.RF2.CSE025,6,B.RF2,0,HK,0,1,1995,10,0
B.RF2.CSE025,8,B.RF2,0,HK,0,153,1995,10,0
B.RF2.CSE025,9,B.RF2,0,HK,0,164,1995,10,0
B.RF2.CSE025,11,B.RF2,0,HK,1,61,1995,10,1
B.RF2.CSE025,12,B.RF2,0,HK,0,41,1995,10,0
B.RF2.CSE025,13,B.RF2,0,HK,0,160,1995,10,0
B.RF2.CSE025,14,B.RF2,0,HK,0,60,1995,10,0
B.RF2.CSE025,15,B.RF2,0,HK,0,123,1995,10,0
B.RF2.CSE025,16,B.RF2,0,HK,0,8,1995,10,0
B.RF2.CSE025,17,B.RF2,0,HK,0,5,1995,10,0
B.RF2.CSE025,18,B.RF2,0,HK,0,33,1995,10,1
B.RF2.CSE025,19,B.RF2,0,HK,0,2,1995,10,0
B.RF2.CSE025,20,B.RF2,0,HK,0,66,1995,10,0
B.RF2.CSE025,21,B.RF2,0,HK,0,4,1995,10,0
B.RF2.CSE025,22,B.RF2,0,HK,0,21,1995,10,0
B.RF2.CSE025,0,B.RF2,0,HK,0,7,1995,11,0
B.RF2.CSE025,1,B.RF2,0,HK,0,113,1995,11,0
B.RF2.CSE025,2,B.RF2,1,HK,0,182,1995,11,0
B.RF2.CSE025,3,B.RF2,1,HK,1,157,1995,11,0
B.RF2.CSE025,4,B.RF2,2,HK,0,165,1995,11,0
B.RF2.CSE025,5,B.RF2,0,HK,0,1,1995,11,0
B.RF2.CSE025,6,B.RF2,0,HK,0,1,1995,11,0
B.RF2.CSE025,7,B.RF2,0,HK,0,21,1995,11,0
B.RF2.CSE025,8,B.RF2,0,HK,0,153,1995,11,0
B.RF2.CSE025,9,B.RF2,0,HK,0,164,1995,11,0
B.RF2.CSE025,10,B.RF2,0,HK,2,150,1995,11,1
B.RF2.CSE025,11,B.RF2,0,HK,0,61,1995,11,1
B.RF2.CSE025,12,B.RF2,0,HK,0,41,1995,11,0
B.RF2.CSE025,13,B.RF2,0,HK,0,160,1995,11,0
B.RF2.CSE025,14,B.RF2,0,HK,0,60,1995,11,0
B.RF2.CSE025,15,B.RF2,0,HK,0,123,1995,11,0
B.RF2.CSE025,16,B.RF2,0,HK,0,8,1995,11,0
B.RF2.CSE025,17,B.RF2,0,HK,0,5,1995,11,0
B.RF2.CSE025,18,B.RF2,0,HK,0,33,1995,11,0
B.RF2.CSE025,19,B.RF2,0,HK,0,2,1995,11,0
B.RF2.CSE025,20,B.RF2,0,HK,1,66,1995,11,0
B.RF2.CSE025,21,B.RF2,0,HK,0,4,1995,11,0
B.RF2.CSE025,22,B.RF2,0,HK,0,21,1995,11,0
B.RF1.CSEperm1,0,B.RF1,0,HK,0,7,1993,1,0
B.RF1.CSEperm1,4,B.RF1,0,HK,0,165,1993,1,0
B.RF1.CSEperm1,0,B.RF1,1,HK,0,7,1993,2,0
B.RF1.CSEperm1,4,B.RF1,0,HK,0,165,1993,2,0
B.RF1.CSEperm1,8,B.RF1,0,HK,0,153,1993,2,0
B.RF1.CSEperm1,12,B.RF1,0,HK,2,41,1993,2,0
B.RF1.CSEperm1,0,B.RF1,0,HK,0,7,1993,3,0
B.RF1.CSEperm1,2,B.RF1,0,HK,0,182,1993,3,0
B.RF1.CSEperm1,4,B.RF1,0,HK,0,165,1993,3,0
B.RF1.CSEperm1,8,B.RF1,0,HK,0,153,1993,3,0
B.RF1.CSEperm1,11,B.RF1,0,HK,12,61,1993,3,0
B.RF1.CSEperm1,12,B.RF1,3,HK,0,41,1993,3,1
B.RF1.CSEperm1,0,B.RF1,0,HK,0,7,1993,4,0
B.RF1.CSEperm1,2,B.RF1,0,HK,0,182,1993,4,0
B.RF1.CSEperm1,3,B.RF1,1,HK,2,157,1993,4,0
B.RF1.CSEperm1,4,B.RF1,4,HK,0,165,1993,4,0
B.RF1.CSEperm1,8,B.RF1,1,HK,0,153,1993,4,0
B.RF1.CSEperm1,11,B.RF1,0,HK,9,61,1993,4,0
B.RF1.CSEperm1,12,B.RF1,3,HK,0,41,1993,4,1
B.RF1.CSEperm1,17,B.RF1,0,HK,0,5,1993,4,0
B.RF1.CSEperm1,0,B.RF1,0,HK,0,7,1993,5,1
B.RF1.CSEperm1,2,B.RF1,0,HK,0,182,1993,5,0
B.RF1.CSEperm1,3,B.RF1,1,HK,3,157,1993,5,0
B.RF1.CSEperm1,4,B.RF1,3,HK,0,165,1993,5,0
B.RF1.CSEperm1,8,B.RF1,1,HK,1,153,1993,5,0
B.RF1.CSEperm1,11,B.RF1,0,HK,14,61,1993,5,0
B.RF1.CSEperm1,12,B.RF1,1,HK,0,41,1993,5,0
B.RF1.CSEperm1,16,B.RF1,1,HK,0,8,1993,5,1
B.RF1.CSEperm1,17,B.RF1,0,HK,0,5,1993,5,0
B.RF1.CSEperm1,21,B.RF1,0,HK,0,4,1993,5,0
B.RF1.CSEperm1,0,B.RF1,1,HK,0,7,1993,6,0
B.RF1.CSEperm1,2,B.RF1,0,HK,0,182,1993,6,0
B.RF1.CSEperm1,3,B.RF1,1,HK,4,157,1993,6,0
B.RF1.CSEperm1,4,B.RF1,1,HK,0,165,1993,6,0
B.RF1.CSEperm1,8,B.RF1,1,HK,1,153,1993,6,0
B.RF1.CSEperm1,11,B.RF1,0,HK,11,61,1993,6,3
B.RF1.CSEperm1,12,B.RF1,1,HK,0,41,1993,6,0
B.RF1.CSEperm1,13,B.RF1,0,HK,0,160,1993,6,0
B.RF1.CSEperm1,16,B.RF1,0,HK,1,8,1993,6,1
B.RF1.CSEperm1,17,B.RF1,0,HK,0,5,1993,6,0
B.RF1.CSEperm1,21,B.RF1,0,HK,0,4,1993,6,0
B.RF1.CSEperm1,22,B.RF1,0,HK,0,21,1993,6,0
B.RF1.CSEperm1,0,B.RF1,0,HK,0,7,1993,7,1
B.RF1.CSEperm1,2,B.RF1,0,HK,0,182,1993,7,0
B.RF1.CSEperm1,3,B.RF1,0,HK,9,157,1993,7,1
B.RF1.CSEperm1,4,B.RF1,2,HK,0,165,1993,7,0
B.RF1.CSEperm1,8,B.RF1,0,HK,2,153,1993,7,1
B.RF1.CSEperm1,11,B.RF1,0,HK,16,61,1993,7,1
B.RF1.CSEperm1,12,B.RF1,1,HK,0,41,1993,7,0
B.RF1.CSEperm1,13,B.RF1,0,HK,1,160,1993,7,1
B.RF1.CSEperm1,14,B.RF1,0,HK,0,60,1993,7,0
B.RF1.CSEperm1,16,B.RF1,0,HK,0,8,1993,7,1
B.RF1.CSEperm1,17,B.RF1,0,HK,1,5,1993,7,0
B.RF1.CSEperm1,18,B.RF1,2,HK,0,33,1993,7,0
B.RF1.CSEperm1,21,B.RF1,0,HK,0,4,1993,7,0
B.RF1.CSEperm1,22,B.RF1,0,HK,0,21,1993,7,0
B.RF1.CSEperm1,0,B.RF1,0,HK,0,7,1993,8,0
B.RF1.CSEperm1,2,B.RF1,0,HK,0,182,1993,8,0
B.RF1.CSEperm1,3,B.RF1,0,HK,10,157,1993,8,1
B.RF1.CSEperm1,4,B.RF1,3,HK,1,165,1993,8,0
B.RF1.CSEperm1,8,B.RF1,0,HK,2,153,1993,8,1
B.RF1.CSEperm1,9,B.RF1,1,HK,0,164,1993,8,0
B.RF1.CSEperm1,11,B.RF1,1,HK,4,61,1993,8,2
B.RF1.CSEperm1,12,B.RF1,1,HK,0,41,1993,8,0
B.RF1.CSEperm1,13,B.RF1,0,HK,1,160,1993,8,1
B.RF1.CSEperm1,14,B.RF1,0,HK,0,60,1993,8,0
B.RF1.CSEperm1,16,B.RF1,0,HK,0,8,1993,8,1
B.RF1.CSEperm1,17,B.RF1,0,HK,1,5,1993,8,0
B.RF1.CSEperm1,18,B.RF1,3,HK,0,33,1993,8,0
B.RF1.CSEperm1,19,B.RF1,0,HK,0,2,1993,8,0
B.RF1.CSEperm1,21,B.RF1,0,HK,0,4,1993,8,0
B.RF1.CSEperm1,22,B.RF1,1,HK,0,21,1993,8,0
B.RF1.CSEperm1,0,B.RF1,0,HK,0,7,1993,9,0
B.RF1.CSEperm1,2,B.RF1,0,HK,0,182,1993,9,0
B.RF1.CSEperm1,3,B.RF1,0,HK,10,157,1993,9,1
B.RF1.CSEperm1,4,B.RF1,4,HK,1,165,1993,9,0
B.RF1.CSEperm1,6,B.RF1,0,HK,0,1,1993,9,0
B.RF1.CSEperm1,8,B.RF1,3,HK,0,153,1993,9,0
B.RF1.CSEperm1,9,B.RF1,0,HK,1,164,1993,9,0
B.RF1.CSEperm1,11,B.RF1,2,HK,7,61,1993,9,1
B.RF1.CSEperm1,12,B.RF1,1,HK,0,41,1993,9,1
B.RF1.CSEperm1,13,B.RF1,0,HK,2,160,1993,9,1
B.RF1.CSEperm1,14,B.RF1,0,HK,0,60,1993,9,0
B.RF1.CSEperm1,15,B.RF1,0,HK,0,123,1993,9,0
B.RF1.CSEperm1,16,B.RF1,0,HK,1,8,1993,9,1
B.RF1.CSEperm1,17,B.RF1,0,HK,3,5,1993,9,0
B.RF1.CSEperm1,18,B.RF1,0,HK,0,33,1993,9,1
B.RF1.CSEperm1,19,B.RF1,0,HK,0,2,1993,9,1
B.RF1.CSEperm1,21,B.RF1,0,HK,0,4,1993,9,0
B.RF1.CSEperm1,22,B.RF1,1,HK,0,21,1993,9,0
B.RF1.CSEperm1,0,B.RF1,0,HK,0,7,1993,10,1
B.RF1.CSEperm1,2,B.RF1,0,HK,0,182,1993,10,0
B.RF1.CSEperm1,3,B.RF1,2,HK,9,157,1993,10,0
B.RF1.CSEperm1,4,B.RF1,5,HK,1,165,1993,10,0
B.RF1.CSEperm1,5,B.RF1,0,HK,0,1,1993,10,0
B.RF1.CSEperm1,6,B.RF1,0,HK,0,1,1993,10,0
B.RF1.CSEperm1,8,B.RF1,3,HK,0,153,1993,10,0
B.RF1.CSEperm1,9,B.RF1,0,HK,1,164,1993,10,0
B.RF1.CSEperm1,11,B.RF1,2,HK,8,61,1993,10,1
B.RF1.CSEperm1,12,B.RF1,1,HK,0,41,1993,10,1
B.RF1.CSEperm1,13,B.RF1,0,HK,3,160,1993,10,0
B.RF1.CSEperm1,14,B.RF1,1,HK,0,60,1993,10,0
B.RF1.CSEperm1,15,B.RF1,0,HK,0,123,1993,10,0
B.RF1.CSEperm1,16,B.RF1,0,HK,1,8,1993,10,1
B.RF1.CSEperm1,17,B.RF1,0,HK,2,5,1993,10,0
B.RF1.CSEperm1,18,B.RF1,2,HK,0,33,1993,10,4
B.RF1.CSEperm1,19,B.RF1,0,HK,0,2,1993,10,1
B.RF1.CSEperm1,20,B.RF1,0,HK,2,66,1993,10,7
B.RF1.CSEperm1,21,B.RF1,0,HK,0,4,1993,10,0
B.RF1.CSEperm1,22,B.RF1,1,HK,0,21,1993,10,0
B.RF1.CSEperm1,0,B.RF1,0,HK,0,7,1993,11,1
B.RF1.CSEperm1,1,B.RF1,0,HK,1,113,1993,11,0
B.RF1.CSEperm1,2,B.RF1,1,HK,2,182,1993,11,0
B.RF1.CSEperm1,3,B.RF1,2,HK,10,157,1993,11,0
B.RF1.CSEperm1,4,B.RF1,4,HK,0,165,1993,11,0
B.RF1.CSEperm1,5,B.RF1,0,HK,0,1,1993,11,0
B.RF1.CSEperm1,6,B.RF1,0,HK,0,1,1993,11,0
B.RF1.CSEperm1,7,B.RF1,0,HK,0,21,1993,11,0
B.RF1.CSEperm1,8,B.RF1,2,HK,0,153,1993,11,0
B.RF1.CSEperm1,9,B.RF1,0,HK,1,164,1993,11,0
B.RF1.CSEperm1,10,B.RF1,3,HK,3,150,1993,11,4
B.RF1.CSEperm1,11,B.RF1,1,HK,9,61,1993,11,7
B.RF1.CSEperm1,12,B.RF1,2,HK,0,41,1993,11,2
B.RF1.CSEperm1,13,B.RF1,0,HK,2,160,1993,11,0
B.RF1.CSEperm1,14,B.RF1,1,HK,1,60,1993,11,0
B.RF1.CSEperm1,15,B.RF1,0,HK,0,123,1993,11,0
B.RF1.CSEperm1,16,B.RF1,0,HK,0,8,1993,11,0
B.RF1.CSEperm1,17,B.RF1,0,HK,0,5,1993,11,1
B.RF1.CSEperm1,18,B.RF1,2,HK,0,33,1993,11,3
B.RF1.CSEperm1,19,B.RF1,0,HK,0,2,1993,11,0
B.RF1.CSEperm1,20,B.RF1,0,HK,3,66,1993,11,5
B.RF1.CSEperm1,21,B.RF1,0,HK,0,4,1993,11,0
B.RF1.CSEperm1,22,B.RF1,1,HK,0,21,1993,11,0
B.RF1.CSEperm1,16,B.RF1,0,HK,0,8,1994,1,0
B.RF1.CSEperm1,22,B.RF1,0,HK,0,21,1994,1,0
B.RF1.CSEperm1,12,B.RF1,1,HK,0,41,1994,2,0
B.RF1.CSEperm1,13,B.RF1,0,HK,0,160,1994,2,0
B.RF1.CSEperm1,16,B.RF1,0,HK,0,8,1994,2,0
B.RF1.CSEperm1,22,B.RF1,0,HK,0,21,1994,2,0
B.RF1.CSEperm1,4,B.RF1,0,HK,0,165,1994,3,0
B.RF1.CSEperm1,12,B.RF1,1,HK,0,41,1994,3,0
B.RF1.CSEperm1,13,B.RF1,0,HK,1,160,1994,3,0
B.RF1.CSEperm1,16,B.RF1,0,HK,0,8,1994,3,0
B.RF1.CSEperm1,21,B.RF1,0,HK,0,4,1994,3,0
B.RF1.CSEperm1,22,B.RF1,1,HK,1,21,1994,3,0
B.RF1.CSEperm1,4,B.RF1,0,HK,0,165,1994,4,0
B.RF1.CSEperm1,12,B.RF1,0,HK,0,41,1994,4,0
B.RF1.CSEperm1,13,B.RF1,0,HK,1,160,1994,4,0
B.RF1.CSEperm1,16,B.RF1,0,HK,0,8,1994,4,0
B.RF1.CSEperm1,17,B.RF1,0,HK,0,5,1994,4,0
B.RF1.CSEperm1,19,B.RF1,0,HK,0,2,1994,4,0
B.RF1.CSEperm1,21,B.RF1,0,HK,0,4,1994,4,0
B.RF1.CSEperm1,22,B.RF1,1,HK,0,21,1994,4,0
B.RF1.CSEperm1,4,B.RF1,0,HK,0,165,1994,5,0
B.RF1.CSEperm1,6,B.RF1,0,HK,0,1,1994,5,1
B.RF1.CSEperm1,11,B.RF1,1,HK,3,61,1994,5,1
B.RF1.CSEperm1,12,B.RF1,1,HK,0,41,1994,5,0
B.RF1.CSEperm1,13,B.RF1,0,HK,2,160,1994,5,0
B.RF1.CSEperm1,16,B.RF1,0,HK,1,8,1994,5,1
B.RF1.CSEperm1,17,B.RF1,0,HK,0,5,1994,5,0
B.RF1.CSEperm1,19,B.RF1,0,HK,0,2,1994,5,0
B.RF1.CSEperm1,21,B.RF1,0,HK,0,4,1994,5,0
B.RF1.CSEperm1,22,B.RF1,0,HK,0,21,1994,5,0
B.RF1.CSEperm1,3,B.RF1,1,HK,14,157,1994,6,0
B.RF1.CSEperm1,4,B.RF1,7,HK,0,165,1994,6,0
B.RF1.CSEperm1,6,B.RF1,0,HK,0,1,1994,6,1
B.RF1.CSEperm1,11,B.RF1,0,HK,10,61,1994,6,0
B.RF1.CSEperm1,12,B.RF1,0,HK,0,41,1994,6,1
B.RF1.CSEperm1,13,B.RF1,0,HK,0,160,1994,6,1
B.RF1.CSEperm1,15,B.RF1,1,HK,0,123,1994,6,0
B.RF1.CSEperm1,16,B.RF1,1,HK,0,8,1994,6,1
B.RF1.CSEperm1,17,B.RF1,0,HK,0,5,1994,6,0
B.RF1.CSEperm1,19,B.RF1,0,HK,0,2,1994,6,0
B.RF1.CSEperm1,21,B.RF1,0,HK,0,4,1994,6,0
B.RF1.CSEperm1,22,B.RF1,0,HK,0,21,1994,6,0
B.RF1.CSEperm1,0,B.RF1,0,HK,0,7,1994,7,0
B.RF1.CSEperm1,3,B.RF1,0,HK,20,157,1994,7,0
B.RF1.CSEperm1,4,B.RF1,9,HK,0,165,1994,7,0
B.RF1.CSEperm1,6,B.RF1,0,HK,0,1,1994,7,1
B.RF1.CSEperm1,9,B.RF1,0,HK,0,164,1994,7,0
B.RF1.CSEperm1,11,B.RF1,2,HK,4,61,1994,7,3
B.RF1.CSEperm1,12,B.RF1,1,HK,0,41,1994,7,1
B.RF1.CSEperm1,13,B.RF1,0,HK,1,160,1994,7,0
B.RF1.CSEperm1,15,B.RF1,0,HK,0,123,1994,7,0
B.RF1.CSEperm1,16,B.RF1,0,HK,1,8,1994,7,1
B.RF1.CSEperm1,17,B.RF1,0,HK,0,5,1994,7,0
B.RF1.CSEperm1,19,B.RF1,0,HK,0,2,1994,7,0
B.RF1.CSEperm1,21,B.RF1,0,HK,0,4,1994,7,0
B.RF1.CSEperm1,22,B.RF1,1,HK,0,21,1994,7,0
B.RF1.CSEperm1,0,B.RF1,0,HK,0,7,1994,8,0
B.RF1.CSEperm1,3,B.RF1,0,HK,25,157,1994,8,0
B.RF1.CSEperm1,4,B.RF1,11,HK,0,165,1994,8,0
B.RF1.CSEperm1,5,B.RF1,0,HK,0,1,1994,8,0
B.RF1.CSEperm1,6,B.RF1,0,HK,0,1,1994,8,0
B.RF1.CSEperm1,7,B.RF1,0,HK,0,21,1994,8,0
B.RF1.CSEperm1,9,B.RF1,0,HK,2,164,1994,8,0
B.RF1.CSEperm1,11,B.RF1,2,HK,5,61,1994,8,2
B.RF1.CSEperm1,12,B.RF1,1,HK,0,41,1994,8,1
B.RF1.CSEperm1,13,B.RF1,0,HK,1,160,1994,8,0
B.RF1.CSEperm1,15,B.RF1,1,HK,0,123,1994,8,0
B.RF1.CSEperm1,16,B.RF1,0,HK,1,8,1994,8,1
B.RF1.CSEperm1,17,B.RF1,0,HK,1,5,1994,8,0
B.RF1.CSEperm1,19,B.RF1,0,HK,0,2,1994,8,0
B.RF1.CSEperm1,21,B.RF1,0,HK,0,4,1994,8,0
B.RF1.CSEperm1,22,B.RF1,1,HK,0,21,1994,8,0
B.RF1.CSEperm1,0,B.RF1,0,HK,0,7,1994,9,0
B.RF1.CSEperm1,1,B.RF1,0,HK,0,113,1994,9,0
B.RF1.CSEperm1,3,B.RF1,2,HK,8,157,1994,9,0
B.RF1.CSEperm1,4,B.RF1,3,HK,1,165,1994,9,0
B.RF1.CSEperm1,5,B.RF1,0,HK,0,1,1994,9,0
B.RF1.CSEperm1,6,B.RF1,0,HK,0,1,1994,9,0
B.RF1.CSEperm1,7,B.RF1,0,HK,0,21,1994,9,0
B.RF1.CSEperm1,9,B.RF1,0,HK,2,164,1994,9,0
B.RF1.CSEperm1,11,B.RF1,2,HK,5,61,1994,9,2
B.RF1.CSEperm1,12,B.RF1,1,HK,0,41,1994,9,1
B.RF1.CSEperm1,13,B.RF1,0,HK,2,160,1994,9,0
B.RF1.CSEperm1,15,B.RF1,0,HK,0,123,1994,9,0
B.RF1.CSEperm1,16,B.RF1,0,HK,1,8,1994,9,1
B.RF1.CSEperm1,17,B.RF1,0,HK,2,5,1994,9,0
B.RF1.CSEperm1,18,B.RF1,3,HK,0,33,1994,9,1
B.RF1.CSEperm1,19,B.RF1,0,HK,0,2,1994,9,0
B.RF1.CSEperm1,21,B.RF1,0,HK,0,4,1994,9,0
B.RF1.CSEperm1,22,B.RF1,1,HK,0,21,1994,9,0
B.RF1.CSEperm1,0,B.RF1,0,HK,0,7,1994,10,2
B.RF1.CSEperm1,1,B.RF1,0,HK,0,113,1994,10,0
B.RF1.CSEperm1,3,B.RF1,1,HK,7,157,1994,10,0
B.RF1.CSEperm1,4,B.RF1,4,HK,0,165,1994,10,0
B.RF1.CSEperm1,5,B.RF1,0,HK,0,1,1994,10,0
B.RF1.CSEperm1,6,B.RF1,0,HK,0,1,1994,10,0
B.RF1.CSEperm1,7,B.RF1,0,HK,0,21,1994,10,0
B.RF1.CSEperm1,9,B.RF1,0,HK,2,164,1994,10,0
B.RF1.CSEperm1,10,B.RF1,5,HK,2,150,1994,10,4
B.RF1.CSEperm1,11,B.RF1,1,HK,9,61,1994,10,6
B.RF1.CSEperm1,12,B.RF1,4,HK,0,41,1994,10,2
B.RF1.CSEperm1,13,B.RF1,0,HK,1,160,1994,10,2
B.RF1.CSEperm1,14,B.RF1,0,HK,0,60,1994,10,0
B.RF1.CSEperm1,15,B.RF1,0,HK,0,123,1994,10,0
B.RF1.CSEperm1,16,B.RF1,0,HK,0,8,1994,10,0
B.RF1.CSEperm1,17,B.RF1,0,HK,2,5,1994,10,0
B.RF1.CSEperm1,18,B.RF1,2,HK,0,33,1994,10,2
B.RF1.CSEperm1,19,B.RF1,0,HK,0,2,1994,10,1
B.RF1.CSEperm1,21,B.RF1,0,HK,0,4,1994,10,0
B.RF1.CSEperm1,22,B.RF1,1,HK,0,21,1994,10,0
B.RF1.CSEperm1,0,B.RF1,0,HK,0,7,1994,11,2
B.RF1.CSEperm1,1,B.RF1,0,HK,0,113,1994,11,0
B.RF1.CSEperm1,2,B.RF1,1,HK,3,182,1994,11,0
B.RF1.CSEperm1,3,B.RF1,2,HK,7,157,1994,11,0
B.RF1.CSEperm1,4,B.RF1,3,HK,0,165,1994,11,0
B.RF1.CSEperm1,5,B.RF1,0,HK,0,1,1994,11,0
B.RF1.CSEperm1,6,B.RF1,0,HK,0,1,1994,11,0
B.RF1.CSEperm1,7,B.RF1,0,HK,0,21,1994,11,0
B.RF1.CSEperm1,8,B.RF1,2,HK,0,153,1994,11,0
B.RF1.CSEperm1,9,B.RF1,0,HK,1,164,1994,11,0
B.RF1.CSEperm1,10,B.RF1,3,HK,2,150,1994,11,5
B.RF1.CSEperm1,11,B.RF1,1,HK,9,61,1994,11,6
B.RF1.CSEperm1,12,B.RF1,3,HK,0,41,1994,11,2
B.RF1.CSEperm1,13,B.RF1,0,HK,2,160,1994,11,0
B.RF1.CSEperm1,14,B.RF1,1,HK,1,60,1994,11,0
B.RF1.CSEperm1,15,B.RF1,0,HK,0,123,1994,11,0
B.RF1.CSEperm1,16,B.RF1,0,HK,0,8,1994,11,0
B.RF1.CSEperm1,17,B.RF1,0,HK,1,5,1994,11,1
B.RF1.CSEperm1,18,B.RF1,2,HK,0,33,1994,11,3
B.RF1.CSEperm1,19,B.RF1,0,HK,0,2,1994,11,0
B.RF1.CSEperm1,20,B.RF1,0,HK,4,66,1994,11,5
B.RF1.CSEperm1,21,B.RF1,0,HK,0,4,1994,11,0
B.RF1.CSEperm1,22,B.RF1,1,HK,0,21,1994,11,0
B.RF1.CSEperm1,9,B.RF1,0,HK,0,164,1995,1,0
B.RF1.CSEperm1,13,B.RF1,0,HK,0,160,1995,1,0
B.RF1.CSEperm1,9,B.RF1,0,HK,0,164,1995,2,0
B.RF1.CSEperm1,13,B.RF1,1,HK,0,160,1995,2,0
B.RF1.CSEperm1,14,B.RF1,0,HK,0,60,1995,2,0
B.RF1.CSEperm1,16,B.RF1,0,HK,0,8,1995,2,0
B.RF1.CSEperm1,5,B.RF1,0,HK,0,1,1995,3,0
B.RF1.CSEperm1,9,B.RF1,0,HK,0,164,1995,3,0
B.RF1.CSEperm1,13,B.RF1,1,HK,1,160,1995,3,0
B.RF1.CSEperm1,14,B.RF1,0,HK,0,60,1995,3,0
B.RF1.CSEperm1,15,B.RF1,0,HK,1,123,1995,3,0
B.RF1.CSEperm1,16,B.RF1,0,HK,0,8,1995,3,0
B.RF1.CSEperm1,1,B.RF1,0,HK,0,113,1995,4,0
B.RF1.CSEperm1,5,B.RF1,0,HK,0,1,1995,4,0
B.RF1.CSEperm1,9,B.RF1,0,HK,0,164,1995,4,0
B.RF1.CSEperm1,12,B.RF1,0,HK,1,41,1995,4,0
B.RF1.CSEperm1,13,B.RF1,0,HK,0,160,1995,4,0
B.RF1.CSEperm1,14,B.RF1,0,HK,0,60,1995,4,0
B.RF1.CSEperm1,15,B.RF1,0,HK,0,123,1995,4,0
B.RF1.CSEperm1,16,B.RF1,0,HK,0,8,1995,4,0
B.RF1.CSEperm1,1,B.RF1,0,HK,0,113,1995,5,0
B.RF1.CSEperm1,5,B.RF1,0,HK,0,1,1995,5,0
B.RF1.CSEperm1,8,B.RF1,0,HK,0,153,1995,5,0
B.RF1.CSEperm1,9,B.RF1,0,HK,0,164,1995,5,0
B.RF1.CSEperm1,12,B.RF1,0,HK,1,41,1995,5,0
B.RF1.CSEperm1,13,B.RF1,0,HK,0,160,1995,5,0
B.RF1.CSEperm1,14,B.RF1,0,HK,0,60,1995,5,0
B.RF1.CSEperm1,15,B.RF1,0,HK,0,123,1995,5,0
B.RF1.CSEperm1,16,B.RF1,0,HK,0,8,1995,5,0
B.RF1.CSEperm1,22,B.RF1,0,HK,0,21,1995,5,0
B.RF1.CSEperm1,1,B.RF1,0,HK,0,113,1995,6,0
B.RF1.CSEperm1,5,B.RF1,0,HK,0,1,1995,6,0
B.RF1.CSEperm1,8,B.RF1,0,HK,0,153,1995,6,0
B.RF1.CSEperm1,9,B.RF1,0,HK,0,164,1995,6,0
B.RF1.CSEperm1,12,B.RF1,0,HK,1,41,1995,6,0
B.RF1.CSEperm1,13,B.RF1,0,HK,1,160,1995,6,0
B.RF1.CSEperm1,14,B.RF1,0,HK,0,60,1995,6,0
B.RF1.CSEperm1,15,B.RF1,0,HK,0,123,1995,6,0
B.RF1.CSEperm1,16,B.RF1,0,HK,0,8,1995,6,0
B.RF1.CSEperm1,17,B.RF1,0,HK,0,5,1995,6,0
B.RF1.CSEperm1,19,B.RF1,0,HK,0,2,1995,6,0
B.RF1.CSEperm1,22,B.RF1,0,HK,0,21,1995,6,0
B.RF1.CSEperm1,1,B.RF1,0,HK,0,113,1995,7,0
B.RF1.CSEperm1,5,B.RF1,0,HK,0,1,1995,7,0
B.RF1.CSEperm1,6,B.RF1,0,HK,0,1,1995,7,0
B.RF1.CSEperm1,8,B.RF1,2,HK,0,153,1995,7,0
B.RF1.CSEperm1,9,B.RF1,0,HK,0,164,1995,7,0
B.RF1.CSEperm1,12,B.RF1,0,HK,2,41,1995,7,0
B.RF1.CSEperm1,13,B.RF1,0,HK,2,160,1995,7,0
B.RF1.CSEperm1,14,B.RF1,0,HK,0,60,1995,7,0
B.RF1.CSEperm1,15,B.RF1,0,HK,0,123,1995,7,0
B.RF1.CSEperm1,16,B.RF1,0,HK,0,8,1995,7,0
B.RF1.CSEperm1,17,B.RF1,0,HK,0,5,1995,7,0
B.RF1.CSEperm1,18,B.RF1,0,HK,0,33,1995,7,1
B.RF1.CSEperm1,19,B.RF1,0,HK,0,2,1995,7,0
B.RF1.CSEperm1,22,B.RF1,1,HK,0,21,1995,7,0
B.RF1.CSEperm1,0,B.RF1,0,HK,1,7,1995,8,0
B.RF1.CSEperm1,1,B.RF1,0,HK,0,113,1995,8,0
B.RF1.CSEperm1,5,B.RF1,0,HK,0,1,1995,8,0
B.RF1.CSEperm1,6,B.RF1,0,HK,0,1,1995,8,0
B.RF1.CSEperm1,8,B.RF1,2,HK,0,153,1995,8,0
B.RF1.CSEperm1,9,B.RF1,0,HK,0,164,1995,8,0
B.RF1.CSEperm1,12,B.RF1,0,HK,1,41,1995,8,0
B.RF1.CSEperm1,13,B.RF1,0,HK,1,160,1995,8,0
B.RF1.CSEperm1,14,B.RF1,0,HK,0,60,1995,8,0
B.RF1.CSEperm1,15,B.RF1,0,HK,0,123,1995,8,0
B.RF1.CSEperm1,16,B.RF1,0,HK,1,8,1995,8,1
B.RF1.CSEperm1,17,B.RF1,0,HK,2,5,1995,8,0
B.RF1.CSEperm1,18,B.RF1,0,HK,0,33,1995,8,0
B.RF1.CSEperm1,19,B.RF1,0,HK,0,2,1995,8,0
B.RF1.CSEperm1,20,B.RF1,0,HK,2,66,1995,8,0
B.RF1.CSEperm1,22,B.RF1,0,HK,0,21,1995,8,0
B.RF1.CSEperm1,0,B.RF1,1,HK,1,7,1995,9,0
B.RF1.CSEperm1,1,B.RF1,0,HK,0,113,1995,9,0
B.RF1.CSEperm1,3,B.RF1,0,HK,0,157,1995,9,0
B.RF1.CSEperm1,5,B.RF1,0,HK,0,1,1995,9,0
B.RF1.CSEperm1,6,B.RF1,0,HK,0,1,1995,9,0
B.RF1.CSEperm1,8,B.RF1,2,HK,0,153,1995,9,0
B.RF1.CSEperm1,9,B.RF1,0,HK,0,164,1995,9,0
B.RF1.CSEperm1,11,B.RF1,0,HK,3,61,1995,9,2
B.RF1.CSEperm1,12,B.RF1,0,HK,0,41,1995,9,0
B.RF1.CSEperm1,13,B.RF1,0,HK,1,160,1995,9,0
B.RF1.CSEperm1,14,B.RF1,0,HK,0,60,1995,9,0
B.RF1.CSEperm1,15,B.RF1,0,HK,0,123,1995,9,0
B.RF1.CSEperm1,16,B.RF1,0,HK,2,8,1995,9,0
B.RF1.CSEperm1,17,B.RF1,0,HK,1,5,1995,9,0
B.RF1.CSEperm1,18,B.RF1,1,HK,0,33,1995,9,0
B.RF1.CSEperm1,19,B.RF1,0,HK,0,2,1995,9,0
B.RF1.CSEperm1,20,B.RF1,0,HK,3,66,1995,9,1
B.RF1.CSEperm1,22,B.RF1,0,HK,0,21,1995,9,0
B.RF1.CSEperm1,0,B.RF1,0,HK,1,7,1995,10,0
B.RF1.CSEperm1,1,B.RF1,0,HK,0,113,1995,10,0
B.RF1.CSEperm1,2,B.RF1,1,HK,0,182,1995,10,0
B.RF1.CSEperm1,3,B.RF1,0,HK,0,157,1995,10,0
B.RF1.CSEperm1,5,B.RF1,0,HK,0,1,1995,10,0
B.RF1.CSEperm1,6,B.RF1,0,HK,0,1,1995,10,0
B.RF1.CSEperm1,8,B.RF1,2,HK,0,153,1995,10,0
B.RF1.CSEperm1,9,B.RF1,0,HK,0,164,1995,10,0
B.RF1.CSEperm1,11,B.RF1,0,HK,3,61,1995,10,2
B.RF1.CSEperm1,12,B.RF1,1,HK,0,41,1995,10,0
B.RF1.CSEperm1,13,B.RF1,0,HK,0,160,1995,10,0
B.RF1.CSEperm1,14,B.RF1,0,HK,0,60,1995,10,0
B.RF1.CSEperm1,15,B.RF1,0,HK,0,123,1995,10,0
B.RF1.CSEperm1,16,B.RF1,0,HK,2,8,1995,10,0
B.RF1.CSEperm1,17,B.RF1,0,HK,1,5,1995,10,0
B.RF1.CSEperm1,18,B.RF1,2,HK,0,33,1995,10,0
B.RF1.CSEperm1,19,B.RF1,0,HK,0,2,1995,10,0
B.RF1.CSEperm1,20,B.RF1,1,HK,2,66,1995,10,3
B.RF1.CSEperm1,21,B.RF1,0,HK,0,4,1995,10,0
B.RF1.CSEperm1,22,B.RF1,0,HK,0,21,1995,10,0
B.RF1.CSEperm1,0,B.RF1,0,HK,1,7,1995,11,2
B.RF1.CSEperm1,1,B.RF1,0,HK,0,113,1995,11,0
B.RF1.CSEperm1,2,B.RF1,1,HK,4,182,1995,11,0
B.RF1.CSEperm1,3,B.RF1,2,HK,3,157,1995,11,0
B.RF1.CSEperm1,4,B.RF1,5,HK,0,165,1995,11,0
B.RF1.CSEperm1,5,B.RF1,0,HK,0,1,1995,11,0
B.RF1.CSEperm1,6,B.RF1,0,HK,0,1,1995,11,0
B.RF1.CSEperm1,7,B.RF1,0,HK,0,21,1995,11,0
B.RF1.CSEperm1,8,B.RF1,0,HK,1,153,1995,11,0
B.RF1.CSEperm1,9,B.RF1,0,HK,0,164,1995,11,0
B.RF1.CSEperm1,10,B.RF1,0,HK,2,150,1995,11,4
B.RF1.CSEperm1,11,B.RF1,1,HK,7,61,1995,11,1
B.RF1.CSEperm1,12,B.RF1,1,HK,0,41,1995,11,1
B.RF1.CSEperm1,13,B.RF1,0,HK,0,160,1995,11,1
B.RF1.CSEperm1,14,B.RF1,0,HK,0,60,1995,11,0
B.RF1.CSEperm1,15,B.RF1,0,HK,0,123,1995,11,0
B.RF1.CSEperm1,16,B.RF1,0,HK,2,8,1995,11,1
B.RF1.CSEperm1,17,B.RF1,0,HK,1,5,1995,11,0
B.RF1.CSEperm1,18,B.RF1,2,HK,0,33,1995,11,0
B.RF1.CSEperm1,19,B.RF1,0,HK,0,2,1995,11,0
B.RF1.CSEperm1,20,B.RF1,0,HK,1,66,1995,11,3
B.RF1.CSEperm1,21,B.RF1,0,HK,0,4,1995,11,0
B.RF1.CSEperm1,22,B.RF1,0,HK,0,21,1995,11,0
B.RF1.CSE1,0,B.RF1.CSEperm1,0,HK,0,7,1993,1,0
B.RF1.CSE1,4,B.RF1.CSEperm1,0,HK,0,165,1993,1,0
B.RF1.CSE1,0,B.RF1.CSEperm1,0,HK,1,7,1993,2,0
B.RF1.CSE1,4,B.RF1.CSEperm1,0,HK,0,165,1993,2,0
B.RF1.CSE1,8,B.RF1.CSEperm1,0,HK,0,153,1993,2,0
B.RF1.CSE1,12,B.RF1.CSEperm1,2,HK,0,41,1993,2,0
B.RF1.CSE1,0,B.RF1.CSEperm1,0,HK,0,7,1993,3,0
B.RF1.CSE1,2,B.RF1.CSEperm1,0,HK,0,182,1993,3,0
B.RF1.CSE1,4,B.RF1.CSEperm1,0,HK,0,165,1993,3,0
B.RF1.CSE1,8,B.RF1.CSEperm1,0,HK,0,153,1993,3,0
B.RF1.CSE1,11,B.RF1.CSEperm1,13,HK,0,61,1993,3,0
B.RF1.CSE1,12,B.RF1.CSEperm1,0,HK,3,41,1993,3,1
B.RF1.CSE1,0,B.RF1.CSEperm1,0,HK,0,7,1993,4,0
B.RF1.CSE1,2,B.RF1.CSEperm1,0,HK,0,182,1993,4,0
B.RF1.CSE1,3,B.RF1.CSEperm1,3,HK,2,157,1993,4,0
B.RF1.CSE1,4,B.RF1.CSEperm1,0,HK,3,165,1993,4,0
B.RF1.CSE1,8,B.RF1.CSEperm1,0,HK,1,153,1993,4,0
B.RF1.CSE1,11,B.RF1.CSEperm1,10,HK,0,61,1993,4,0
B.RF1.CSE1,12,B.RF1.CSEperm1,0,HK,3,41,1993,4,1
B.RF1.CSE1,17,B.RF1.CSEperm1,0,HK,0,5,1993,4,0
B.RF1.CSE1,0,B.RF1.CSEperm1,0,HK,0,7,1993,5,1
B.RF1.CSE1,2,B.RF1.CSEperm1,0,HK,0,182,1993,5,0
B.RF1.CSE1,3,B.RF1.CSEperm1,4,HK,1,157,1993,5,0
B.RF1.CSE1,4,B.RF1.CSEperm1,0,HK,2,165,1993,5,0
B.RF1.CSE1,8,B.RF1.CSEperm1,1,HK,0,153,1993,5,0
B.RF1.CSE1,11,B.RF1.CSEperm1,15,HK,0,61,1993,5,0
B.RF1.CSE1,12,B.RF1.CSEperm1,0,HK,2,41,1993,5,0
B.RF1.CSE1,16,B.RF1.CSEperm1,0,HK,0,8,1993,5,1
B.RF1.CSE1,17,B.RF1.CSEperm1,0,HK,0,5,1993,5,0
B.RF1.CSE1,21,B.RF1.CSEperm1,0,HK,0,4,1993,5,0
B.RF1.CSE1,0,B.RF1.CSEperm1,0,HK,1,7,1993,6,0
B.RF1.CSE1,2,B.RF1.CSEperm1,0,HK,0,182,1993,6,0
B.RF1.CSE1,3,B.RF1.CSEperm1,5,HK,3,157,1993,6,0
B.RF1.CSE1,4,B.RF1.CSEperm1,0,HK,1,165,1993,6,0
B.RF1.CSE1,8,B.RF1.CSEperm1,1,HK,1,153,1993,6,0
B.RF1.CSE1,11,B.RF1.CSEperm1,12,HK,0,61,1993,6,3
B.RF1.CSE1,12,B.RF1.CSEperm1,0,HK,1,41,1993,6,0
B.RF1.CSE1,13,B.RF1.CSEperm1,3,HK,0,160,1993,6,0
B.RF1.CSE1,16,B.RF1.CSEperm1,2,HK,0,8,1993,6,1
B.RF1.CSE1,17,B.RF1.CSEperm1,0,HK,0,5,1993,6,0
B.RF1.CSE1,21,B.RF1.CSEperm1,0,HK,0,4,1993,6,0
B.RF1.CSE1,22,B.RF1.CSEperm1,0,HK,1,21,1993,6,0
B.RF1.CSE1,0,B.RF1.CSEperm1,0,HK,0,7,1993,7,1
B.RF1.CSE1,2,B.RF1.CSEperm1,0,HK,0,182,1993,7,0
B.RF1.CSE1,3,B.RF1.CSEperm1,8,HK,1,157,1993,7,1
B.RF1.CSE1,4,B.RF1.CSEperm1,0,HK,2,165,1993,7,0
B.RF1.CSE1,8,B.RF1.CSEperm1,2,HK,0,153,1993,7,1
B.RF1.CSE1,11,B.RF1.CSEperm1,18,HK,0,61,1993,7,1
B.RF1.CSE1,12,B.RF1.CSEperm1,0,HK,1,41,1993,7,0
B.RF1.CSE1,13,B.RF1.CSEperm1,2,HK,0,160,1993,7,1
B.RF1.CSE1,14,B.RF1.CSEperm1,0,HK,0,60,1993,7,0
B.RF1.CSE1,16,B.RF1.CSEperm1,1,HK,0,8,1993,7,1
B.RF1.CSE1,17,B.RF1.CSEperm1,1,HK,0,5,1993,7,0
B.RF1.CSE1,18,B.RF1.CSEperm1,0,HK,1,33,1993,7,0
B.RF1.CSE1,21,B.RF1.CSEperm1,0,HK,0,4,1993,7,0
B.RF1.CSE1,22,B.RF1.CSEperm1,0,HK,0,21,1993,7,0
B.RF1.CSE1,0,B.RF1.CSEperm1,0,HK,0,7,1993,8,0
B.RF1.CSE1,2,B.RF1.CSEperm1,0,HK,0,182,1993,8,0
B.RF1.CSE1,3,B.RF1.CSEperm1,9,HK,2,157,1993,8,1
B.RF1.CSE1,4,B.RF1.CSEperm1,1,HK,3,165,1993,8,0
B.RF1.CSE1,8,B.RF1.CSEperm1,2,HK,0,153,1993,8,1
B.RF1.CSE1,9,B.RF1.CSEperm1,0,HK,0,164,1993,8,0
B.RF1.CSE1,11,B.RF1.CSEperm1,6,HK,2,61,1993,8,2
B.RF1.CSE1,12,B.RF1.CSEperm1,0,HK,1,41,1993,8,0
B.RF1.CSE1,13,B.RF1.CSEperm1,2,HK,0,160,1993,8,1
B.RF1.CSE1,14,B.RF1.CSEperm1,0,HK,0,60,1993,8,0
B.RF1.CSE1,16,B.RF1.CSEperm1,1,HK,0,8,1993,8,1
B.RF1.CSE1,17,B.RF1.CSEperm1,2,HK,1,5,1993,8,0
B.RF1.CSE1,18,B.RF1.CSEperm1,0,HK,4,33,1993,8,0
B.RF1.CSE1,19,B.RF1.CSEperm1,0,HK,0,2,1993,8,1
B.RF1.CSE1,21,B.RF1.CSEperm1,0,HK,0,4,1993,8,0
B.RF1.CSE1,22,B.RF1.CSEperm1,0,HK,1,21,1993,8,0
B.RF1.CSE1,0,B.RF1.CSEperm1,0,HK,0,7,1993,9,0
B.RF1.CSE1,2,B.RF1.CSEperm1,0,HK,0,182,1993,9,0
B.RF1.CSE1,3,B.RF1.CSEperm1,7,HK,2,157,1993,9,1
B.RF1.CSE1,4,B.RF1.CSEperm1,1,HK,4,165,1993,9,0
B.RF1.CSE1,6,B.RF1.CSEperm1,0,HK,0,1,1993,9,0
B.RF1.CSE1,8,B.RF1.CSEperm1,0,HK,2,153,1993,9,0
B.RF1.CSE1,9,B.RF1.CSEperm1,1,HK,0,164,1993,9,0
B.RF1.CSE1,11,B.RF1.CSEperm1,8,HK,2,61,1993,9,2
B.RF1.CSE1,12,B.RF1.CSEperm1,0,HK,1,41,1993,9,1
B.RF1.CSE1,13,B.RF1.CSEperm1,2,HK,0,160,1993,9,1
B.RF1.CSE1,14,B.RF1.CSEperm1,0,HK,0,60,1993,9,0
B.RF1.CSE1,15,B.RF1.CSEperm1,0,HK,0,123,1993,9,0
B.RF1.CSE1,16,B.RF1.CSEperm1,1,HK,0,8,1993,9,1
B.RF1.CSE1,17,B.RF1.CSEperm1,2,HK,0,5,1993,9,0
B.RF1.CSE1,18,B.RF1.CSEperm1,0,HK,2,33,1993,9,1
B.RF1.CSE1,19,B.RF1.CSEperm1,0,HK,0,2,1993,9,0
B.RF1.CSE1,21,B.RF1.CSEperm1,0,HK,0,4,1993,9,0
B.RF1.CSE1,22,B.RF1.CSEperm1,0,HK,1,21,1993,9,0
B.RF1.CSE1,0,B.RF1.CSEperm1,0,HK,0,7,1993,10,1
B.RF1.CSE1,2,B.RF1.CSEperm1,0,HK,0,182,1993,10,0
B.RF1.CSE1,3,B.RF1.CSEperm1,7,HK,3,157,1993,10,0
B.RF1.CSE1,4,B.RF1.CSEperm1,1,HK,4,165,1993,10,0
B.RF1.CSE1,5,B.RF1.CSEperm1,0,HK,0,1,1993,10,0
B.RF1.CSE1,6,B.RF1.CSEperm1,0,HK,0,1,1993,10,0
B.RF1.CSE1,8,B.RF1.CSEperm1,0,HK,2,153,1993,10,0
B.RF1.CSE1,9,B.RF1.CSEperm1,1,HK,0,164,1993,10,0
B.RF1.CSE1,11,B.RF1.CSEperm1,9,HK,2,61,1993,10,2
B.RF1.CSE1,12,B.RF1.CSEperm1,0,HK,1,41,1993,10,1
B.RF1.CSE1,13,B.RF1.CSEperm1,3,HK,0,160,1993,10,0
B.RF1.CSE1,14,B.RF1.CSEperm1,0,HK,0,60,1993,10,0
B.RF1.CSE1,15,B.RF1.CSEperm1,0,HK,0,123,1993,10,0
B.RF1.CSE1,16,B.RF1.CSEperm1,1,HK,0,8,1993,10,1
B.RF1.CSE1,17,B.RF1.CSEperm1,1,HK,0,5,1993,10,0
B.RF1.CSE1,18,B.RF1.CSEperm1,0,HK,5,33,1993,10,2
B.RF1.CSE1,19,B.RF1.CSEperm1,0,HK,0,2,1993,10,0
B.RF1.CSE1,20,B.RF1.CSEperm1,1,HK,1,66,1993,10,6
B.RF1.CSE1,21,B.RF1.CSEperm1,0,HK,0,4,1993,10,0
B.RF1.CSE1,22,B.RF1.CSEperm1,1,HK,1,21,1993,10,0
B.RF1.CSE1,0,B.RF1.CSEperm1,0,HK,0,7,1993,11,1
B.RF1.CSE1,1,B.RF1.CSEperm1,2,HK,0,113,1993,11,0
B.RF1.CSE1,2,B.RF1.CSEperm1,6,HK,1,182,1993,11,0
B.RF1.CSE1,3,B.RF1.CSEperm1,8,HK,2,157,1993,11,0
B.RF1.CSE1,4,B.RF1.CSEperm1,2,HK,4,165,1993,11,0
B.RF1.CSE1,5,B.RF1.CSEperm1,0,HK,0,1,1993,11,0
B.RF1.CSE1,6,B.RF1.CSEperm1,0,HK,0,1,1993,11,0
B.RF1.CSE1,7,B.RF1.CSEperm1,0,HK,0,21,1993,11,0
B.RF1.CSE1,8,B.RF1.CSEperm1,1,HK,1,153,1993,11,0
B.RF1.CSE1,9,B.RF1.CSEperm1,1,HK,0,164,1993,11,0
B.RF1.CSE1,10,B.RF1.CSEperm1,1,HK,13,150,1993,11,4
B.RF1.CSE1,11,B.RF1.CSEperm1,16,HK,0,61,1993,11,6
B.RF1.CSE1,12,B.RF1.CSEperm1,0,HK,1,41,1993,11,2
B.RF1.CSE1,13,B.RF1.CSEperm1,3,HK,0,160,1993,11,0
B.RF1.CSE1,14,B.RF1.CSEperm1,2,HK,1,60,1993,11,0
B.RF1.CSE1,15,B.RF1.CSEperm1,0,HK,0,123,1993,11,0
B.RF1.CSE1,16,B.RF1.CSEperm1,0,HK,0,8,1993,11,0
B.RF1.CSE1,17,B.RF1.CSEperm1,1,HK,1,5,1993,11,0
B.RF1.CSE1,18,B.RF1.CSEperm1,0,HK,5,33,1993,11,3
B.RF1.CSE1,19,B.RF1.CSEperm1,0,HK,0,2,1993,11,0
B.RF1.CSE1,20,B.RF1.CSEperm1,3,HK,1,66,1993,11,7
B.RF1.CSE1,21,B.RF1.CSEperm1,0,HK,0,4,1993,11,0
B.RF1.CSE1,22,B.RF1.CSEperm1,0,HK,1,21,1993,11,0
B.RF1.CSE1,16,B.RF1.CSEperm1,0,HK,0,8,1994,1,0
B.RF1.CSE1,22,B.RF1.CSEperm1,0,HK,0,21,1994,1,0
B.RF1.CSE1,12,B.RF1.CSEperm1,0,HK,1,41,1994,2,0
B.RF1.CSE1,13,B.RF1.CSEperm1,0,HK,0,160,1994,2,0
B.RF1.CSE1,16,B.RF1.CSEperm1,0,HK,0,8,1994,2,0
B.RF1.CSE1,22,B.RF1.CSEperm1,0,HK,0,21,1994,2,0
B.RF1.CSE1,4,B.RF1.CSEperm1,0,HK,0,165,1994,3,0
B.RF1.CSE1,12,B.RF1.CSEperm1,1,HK,1,41,1994,3,0
B.RF1.CSE1,13,B.RF1.CSEperm1,1,HK,0,160,1994,3,0
B.RF1.CSE1,16,B.RF1.CSEperm1,0,HK,0,8,1994,3,0
B.RF1.CSE1,21,B.RF1.CSEperm1,0,HK,0,4,1994,3,0
B.RF1.CSE1,22,B.RF1.CSEperm1,1,HK,1,21,1994,3,0
B.RF1.CSE1,4,B.RF1.CSEperm1,0,HK,0,165,1994,4,0
B.RF1.CSE1,12,B.RF1.CSEperm1,1,HK,0,41,1994,4,0
B.RF1.CSE1,13,B.RF1.CSEperm1,2,HK,0,160,1994,4,0
B.RF1.CSE1,16,B.RF1.CSEperm1,0,HK,0,8,1994,4,0
B.RF1.CSE1,17,B.RF1.CSEperm1,0,HK,0,5,1994,4,0
B.RF1.CSE1,19,B.RF1.CSEperm1,0,HK,0,2,1994,4,0
B.RF1.CSE1,21,B.RF1.CSEperm1,0,HK,0,4,1994,4,0
B.RF1.CSE1,22,B.RF1.CSEperm1,0,HK,0,21,1994,4,0
B.RF1.CSE1,4,B.RF1.CSEperm1,0,HK,0,165,1994,5,0
B.RF1.CSE1,6,B.RF1.CSEperm1,0,HK,0,1,1994,5,1
B.RF1.CSE1,11,B.RF1.CSEperm1,5,HK,1,61,1994,5,2
B.RF1.CSE1,12,B.RF1.CSEperm1,0,HK,1,41,1994,5,0
B.RF1.CSE1,13,B.RF1.CSEperm1,3,HK,0,160,1994,5,0
B.RF1.CSE1,16,B.RF1.CSEperm1,1,HK,0,8,1994,5,1
B.RF1.CSE1,17,B.RF1.CSEperm1,0,HK,0,5,1994,5,0
B.RF1.CSE1,19,B.RF1.CSEperm1,0,HK,0,2,1994,5,0
B.RF1.CSE1,21,B.RF1.CSEperm1,0,HK,0,4,1994,5,0
B.RF1.CSE1,22,B.RF1.CSEperm1,0,HK,0,21,1994,5,0
B.RF1.CSE1,3,B.RF1.CSEperm1,12,HK,1,157,1994,6,0
B.RF1.CSE1,4,B.RF1.CSEperm1,0,HK,7,165,1994,6,0
B.RF1.CSE1,6,B.RF1.CSEperm1,0,HK,0,1,1994,6,1
B.RF1.CSE1,11,B.RF1.CSEperm1,11,HK,0,61,1994,6,0
B.RF1.CSE1,12,B.RF1.CSEperm1,0,HK,0,41,1994,6,1
B.RF1.CSE1,13,B.RF1.CSEperm1,1,HK,0,160,1994,6,0
B.RF1.CSE1,15,B.RF1.CSEperm1,0,HK,1,123,1994,6,0
B.RF1.CSE1,16,B.RF1.CSEperm1,0,HK,1,8,1994,6,1
B.RF1.CSE1,17,B.RF1.CSEperm1,0,HK,0,5,1994,6,0
B.RF1.CSE1,19,B.RF1.CSEperm1,0,HK,0,2,1994,6,0
B.RF1.CSE1,21,B.RF1.CSEperm1,0,HK,0,4,1994,6,0
B.RF1.CSE1,22,B.RF1.CSEperm1,0,HK,0,21,1994,6,0
B.RF1.CSE1,0,B.RF1.CSEperm1,0,HK,0,7,1994,7,0
B.RF1.CSE1,3,B.RF1.CSEperm1,20,HK,0,157,1994,7,0
B.RF1.CSE1,4,B.RF1.CSEperm1,0,HK,9,165,1994,7,0
B.RF1.CSE1,6,B.RF1.CSEperm1,0,HK,0,1,1994,7,1
B.RF1.CSE1,9,B.RF1.CSEperm1,0,HK,0,164,1994,7,0
B.RF1.CSE1,11,B.RF1.CSEperm1,6,HK,1,61,1994,7,2
B.RF1.CSE1,12,B.RF1.CSEperm1,0,HK,1,41,1994,7,2
B.RF1.CSE1,13,B.RF1.CSEperm1,1,HK,0,160,1994,7,0
B.RF1.CSE1,15,B.RF1.CSEperm1,0,HK,1,123,1994,7,0
B.RF1.CSE1,16,B.RF1.CSEperm1,2,HK,0,8,1994,7,1
B.RF1.CSE1,17,B.RF1.CSEperm1,1,HK,0,5,1994,7,0
B.RF1.CSE1,19,B.RF1.CSEperm1,0,HK,0,2,1994,7,0
B.RF1.CSE1,21,B.RF1.CSEperm1,0,HK,0,4,1994,7,0
B.RF1.CSE1,22,B.RF1.CSEperm1,0,HK,1,21,1994,7,0
B.RF1.CSE1,0,B.RF1.CSEperm1,0,HK,0,7,1994,8,0
B.RF1.CSE1,3,B.RF1.CSEperm1,23,HK,0,157,1994,8,0
B.RF1.CSE1,4,B.RF1.CSEperm1,0,HK,10,165,1994,8,0
B.RF1.CSE1,5,B.RF1.CSEperm1,0,HK,0,1,1994,8,0
B.RF1.CSE1,6,B.RF1.CSEperm1,0,HK,0,1,1994,8,0
B.RF1.CSE1,7,B.RF1.CSEperm1,0,HK,0,21,1994,8,0
B.RF1.CSE1,9,B.RF1.CSEperm1,2,HK,0,164,1994,8,0
B.RF1.CSE1,11,B.RF1.CSEperm1,6,HK,2,61,1994,8,2
B.RF1.CSE1,12,B.RF1.CSEperm1,0,HK,0,41,1994,8,2
B.RF1.CSE1,13,B.RF1.CSEperm1,1,HK,0,160,1994,8,0
B.RF1.CSE1,15,B.RF1.CSEperm1,0,HK,1,123,1994,8,0
B.RF1.CSE1,16,B.RF1.CSEperm1,2,HK,0,8,1994,8,1
B.RF1.CSE1,17,B.RF1.CSEperm1,1,HK,0,5,1994,8,0
B.RF1.CSE1,19,B.RF1.CSEperm1,0,HK,0,2,1994,8,0
B.RF1.CSE1,21,B.RF1.CSEperm1,0,HK,0,4,1994,8,0
B.RF1.CSE1,22,B.RF1.CSEperm1,0,HK,1,21,1994,8,0
B.RF1.CSE1,0,B.RF1.CSEperm1,0,HK,0,7,1994,9,0
B.RF1.CSE1,1,B.RF1.CSEperm1,0,HK,0,113,1994,9,0
B.RF1.CSE1,3,B.RF1.CSEperm1,5,HK,2,157,1994,9,0
B.RF1.CSE1,4,B.RF1.CSEperm1,1,HK,2,165,1994,9,0
B.RF1.CSE1,5,B.RF1.CSEperm1,0,HK,1,1,1994,9,0
B.RF1.CSE1,6,B.RF1.CSEperm1,0,HK,0,1,1994,9,0
B.RF1.CSE1,7,B.RF1.CSEperm1,0,HK,0,21,1994,9,0
B.RF1.CSE1,9,B.RF1.CSEperm1,2,HK,0,164,1994,9,0
B.RF1.CSE1,11,B.RF1.CSEperm1,5,HK,2,61,1994,9,2
B.RF1.CSE1,12,B.RF1.CSEperm1,0,HK,0,41,1994,9,2
B.RF1.CSE1,13,B.RF1.CSEperm1,3,HK,0,160,1994,9,0
B.RF1.CSE1,15,B.RF1.CSEperm1,0,HK,1,123,1994,9,0
B.RF1.CSE1,16,B.RF1.CSEperm1,2,HK,0,8,1994,9,1
B.RF1.CSE1,17,B.RF1.CSEperm1,3,HK,0,5,1994,9,0
B.RF1.CSE1,18,B.RF1.CSEperm1,0,HK,3,33,1994,9,2
B.RF1.CSE1,19,B.RF1.CSEperm1,0,HK,0,2,1994,9,0
B.RF1.CSE1,21,B.RF1.CSEperm1,0,HK,0,4,1994,9,0
B.RF1.CSE1,22,B.RF1.CSEperm1,0,HK,1,21,1994,9,0
B.RF1.CSE1,0,B.RF1.CSEperm1,0,HK,0,7,1994,10,1
B.RF1.CSE1,1,B.RF1.CSEperm1,0,HK,0,113,1994,10,0
B.RF1.CSE1,3,B.RF1.CSEperm1,6,HK,1,157,1994,10,0
B.RF1.CSE1,4,B.RF1.CSEperm1,1,HK,3,165,1994,10,0
B.RF1.CSE1,5,B.RF1.CSEperm1,0,HK,0,1,1994,10,0
B.RF1.CSE1,6,B.RF1.CSEperm1,0,HK,0,1,1994,10,0
B.RF1.CSE1,7,B.RF1.CSEperm1,0,HK,0,21,1994,10,0
B.RF1.CSE1,9,B.RF1.CSEperm1,2,HK,0,164,1994,10,0
B.RF1.CSE1,10,B.RF1.CSEperm1,0,HK,12,150,1994,10,5
B.RF1.CSE1,11,B.RF1.CSEperm1,14,HK,0,61,1994,10,5
B.RF1.CSE1,12,B.RF1.CSEperm1,0,HK,2,41,1994,10,2
B.RF1.CSE1,13,B.RF1.CSEperm1,3,HK,0,160,1994,10,1
B.RF1.CSE1,14,B.RF1.CSEperm1,0,HK,1,60,1994,10,0
B.RF1.CSE1,15,B.RF1.CSEperm1,0,HK,0,123,1994,10,0
B.RF1.CSE1,16,B.RF1.CSEperm1,1,HK,0,8,1994,10,1
B.RF1.CSE1,17,B.RF1.CSEperm1,3,HK,0,5,1994,10,0
B.RF1.CSE1,18,B.RF1.CSEperm1,0,HK,3,33,1994,10,3
B.RF1.CSE1,19,B.RF1.CSEperm1,0,HK,0,2,1994,10,0
B.RF1.CSE1,21,B.RF1.CSEperm1,0,HK,0,4,1994,10,0
B.RF1.CSE1,22,B.RF1.CSEperm1,0,HK,1,21,1994,10,0
B.RF1.CSE1,0,B.RF1.CSEperm1,0,HK,0,7,1994,11,1
B.RF1.CSE1,1,B.RF1.CSEperm1,1,HK,0,113,1994,11,0
B.RF1.CSE1,2,B.RF1.CSEperm1,7,HK,1,182,1994,11,0
B.RF1.CSE1,3,B.RF1.CSEperm1,7,HK,3,157,1994,11,0
B.RF1.CSE1,4,B.RF1.CSEperm1,2,HK,3,165,1994,11,0
B.RF1.CSE1,5,B.RF1.CSEperm1,0,HK,0,1,1994,11,0
B.RF1.CSE1,6,B.RF1.CSEperm1,0,HK,0,1,1994,11,0
B.RF1.CSE1,7,B.RF1.CSEperm1,0,HK,0,21,1994,11,0
B.RF1.CSE1,8,B.RF1.CSEperm1,1,HK,1,153,1994,11,0
B.RF1.CSE1,9,B.RF1.CSEperm1,1,HK,0,164,1994,11,0
B.RF1.CSE1,10,B.RF1.CSEperm1,0,HK,12,150,1994,11,5
B.RF1.CSE1,11,B.RF1.CSEperm1,15,HK,0,61,1994,11,5
B.RF1.CSE1,12,B.RF1.CSEperm1,0,HK,2,41,1994,11,2
B.RF1.CSE1,13,B.RF1.CSEperm1,3,HK,0,160,1994,11,0
B.RF1.CSE1,14,B.RF1.CSEperm1,1,HK,1,60,1994,11,0
B.RF1.CSE1,15,B.RF1.CSEperm1,0,HK,0,123,1994,11,0
B.RF1.CSE1,16,B.RF1.CSEperm1,1,HK,0,8,1994,11,0
B.RF1.CSE1,17,B.RF1.CSEperm1,1,HK,0,5,1994,11,1
B.RF1.CSE1,18,B.RF1.CSEperm1,0,HK,6,33,1994,11,3
B.RF1.CSE1,19,B.RF1.CSEperm1,0,HK,0,2,1994,11,0
B.RF1.CSE1,20,B.RF1.CSEperm1,3,HK,1,66,1994,11,6
B.RF1.CSE1,21,B.RF1.CSEperm1,0,HK,0,4,1994,11,0
B.RF1.CSE1,22,B.RF1.CSEperm1,0,HK,1,21,1994,11,0
B.RF1.CSE1,9,B.RF1.CSEperm1,0,HK,0,164,1995,1,0
B.RF1.CSE1,13,B.RF1.CSEperm1,1,HK,0,160,1995,1,0
B.RF1.CSE1,9,B.RF1.CSEperm1,0,HK,0,164,1995,2,0
B.RF1.CSE1,13,B.RF1.CSEperm1,0,HK,0,160,1995,2,0
B.RF1.CSE1,14,B.RF1.CSEperm1,0,HK,0,60,1995,2,0
B.RF1.CSE1,16,B.RF1.CSEperm1,0,HK,0,8,1995,2,0
B.RF1.CSE1,5,B.RF1.CSEperm1,0,HK,0,1,1995,3,0
B.RF1.CSE1,9,B.RF1.CSEperm1,0,HK,0,164,1995,3,0
B.RF1.CSE1,13,B.RF1.CSEperm1,1,HK,0,160,1995,3,0
B.RF1.CSE1,14,B.RF1.CSEperm1,0,HK,0,60,1995,3,0
B.RF1.CSE1,15,B.RF1.CSEperm1,1,HK,0,123,1995,3,0
B.RF1.CSE1,16,B.RF1.CSEperm1,0,HK,0,8,1995,3,0
B.RF1.CSE1,1,B.RF1.CSEperm1,0,HK,0,113,1995,4,0
B.RF1.CSE1,5,B.RF1.CSEperm1,0,HK,0,1,1995,4,0
B.RF1.CSE1,9,B.RF1.CSEperm1,0,HK,0,164,1995,4,0
B.RF1.CSE1,12,B.RF1.CSEperm1,2,HK,0,41,1995,4,0
B.RF1.CSE1,13,B.RF1.CSEperm1,1,HK,0,160,1995,4,0
B.RF1.CSE1,14,B.RF1.CSEperm1,0,HK,1,60,1995,4,0
B.RF1.CSE1,15,B.RF1.CSEperm1,0,HK,0,123,1995,4,0
B.RF1.CSE1,16,B.RF1.CSEperm1,0,HK,0,8,1995,4,0
B.RF1.CSE1,1,B.RF1.CSEperm1,0,HK,0,113,1995,5,0
B.RF1.CSE1,5,B.RF1.CSEperm1,0,HK,0,1,1995,5,0
B.RF1.CSE1,8,B.RF1.CSEperm1,0,HK,0,153,1995,5,0
B.RF1.CSE1,9,B.RF1.CSEperm1,0,HK,0,164,1995,5,0
B.RF1.CSE1,12,B.RF1.CSEperm1,2,HK,0,41,1995,5,0
B.RF1.CSE1,13,B.RF1.CSEperm1,1,HK,0,160,1995,5,0
B.RF1.CSE1,14,B.RF1.CSEperm1,0,HK,0,60,1995,5,0
B.RF1.CSE1,15,B.RF1.CSEperm1,0,HK,0,123,1995,5,0
B.RF1.CSE1,16,B.RF1.CSEperm1,0,HK,0,8,1995,5,0
B.RF1.CSE1,22,B.RF1.CSEperm1,0,HK,0,21,1995,5,0
B.RF1.CSE1,1,B.RF1.CSEperm1,0,HK,0,113,1995,6,0
B.RF1.CSE1,5,B.RF1.CSEperm1,0,HK,0,1,1995,6,0
B.RF1.CSE1,8,B.RF1.CSEperm1,0,HK,0,153,1995,6,0
B.RF1.CSE1,9,B.RF1.CSEperm1,0,HK,0,164,1995,6,0
B.RF1.CSE1,12,B.RF1.CSEperm1,2,HK,0,41,1995,6,0
B.RF1.CSE1,13,B.RF1.CSEperm1,2,HK,0,160,1995,6,0
B.RF1.CSE1,14,B.RF1.CSEperm1,0,HK,0,60,1995,6,0
B.RF1.CSE1,15,B.RF1.CSEperm1,0,HK,0,123,1995,6,0
B.RF1.CSE1,16,B.RF1.CSEperm1,0,HK,0,8,1995,6,0
B.RF1.CSE1,17,B.RF1.CSEperm1,0,HK,0,5,1995,6,0
B.RF1.CSE1,19,B.RF1.CSEperm1,0,HK,0,2,1995,6,0
B.RF1.CSE1,22,B.RF1.CSEperm1,0,HK,0,21,1995,6,0
B.RF1.CSE1,1,B.RF1.CSEperm1,0,HK,0,113,1995,7,0
B.RF1.CSE1,5,B.RF1.CSEperm1,0,HK,0,1,1995,7,0
B.RF1.CSE1,6,B.RF1.CSEperm1,0,HK,0,1,1995,7,0
B.RF1.CSE1,8,B.RF1.CSEperm1,0,HK,2,153,1995,7,0
B.RF1.CSE1,9,B.RF1.CSEperm1,0,HK,0,164,1995,7,0
B.RF1.CSE1,12,B.RF1.CSEperm1,2,HK,0,41,1995,7,0
B.RF1.CSE1,13,B.RF1.CSEperm1,3,HK,0,160,1995,7,0
B.RF1.CSE1,14,B.RF1.CSEperm1,0,HK,0,60,1995,7,0
B.RF1.CSE1,15,B.RF1.CSEperm1,0,HK,0,123,1995,7,0
B.RF1.CSE1,16,B.RF1.CSEperm1,0,HK,0,8,1995,7,0
B.RF1.CSE1,17,B.RF1.CSEperm1,0,HK,0,5,1995,7,0
B.RF1.CSE1,18,B.RF1.CSEperm1,0,HK,0,33,1995,7,1
B.RF1.CSE1,19,B.RF1.CSEperm1,0,HK,0,2,1995,7,0
B.RF1.CSE1,22,B.RF1.CSEperm1,0,HK,1,21,1995,7,0
B.RF1.CSE1,0,B.RF1.CSEperm1,1,HK,0,7,1995,8,0
B.RF1.CSE1,1,B.RF1.CSEperm1,0,HK,0,113,1995,8,0
B.RF1.CSE1,5,B.RF1.CSEperm1,0,HK,0,1,1995,8,0
B.RF1.CSE1,6,B.RF1.CSEperm1,0,HK,0,1,1995,8,0
B.RF1.CSE1,8,B.RF1.CSEperm1,0,HK,2,153,1995,8,0
B.RF1.CSE1,9,B.RF1.CSEperm1,0,HK,0,164,1995,8,0
B.RF1.CSE1,12,B.RF1.CSEperm1,1,HK,0,41,1995,8,0
B.RF1.CSE1,13,B.RF1.CSEperm1,2,HK,0,160,1995,8,0
B.RF1.CSE1,14,B.RF1.CSEperm1,0,HK,0,60,1995,8,0
B.RF1.CSE1,15,B.RF1.CSEperm1,0,HK,0,123,1995,8,0
B.RF1.CSE1,16,B.RF1.CSEperm1,1,HK,0,8,1995,8,1
B.RF1.CSE1,17,B.RF1.CSEperm1,2,HK,0,5,1995,8,0
B.RF1.CSE1,18,B.RF1.CSEperm1,0,HK,1,33,1995,8,1
B.RF1.CSE1,19,B.RF1.CSEperm1,0,HK,0,2,1995,8,0
B.RF1.CSE1,20,B.RF1.CSEperm1,2,HK,0,66,1995,8,1
B.RF1.CSE1,22,B.RF1.CSEperm1,0,HK,0,21,1995,8,0
B.RF1.CSE1,0,B.RF1.CSEperm1,1,HK,1,7,1995,9,0
B.RF1.CSE1,1,B.RF1.CSEperm1,0,HK,0,113,1995,9,0
B.RF1.CSE1,3,B.RF1.CSEperm1,0,HK,1,157,1995,9,0
B.RF1.CSE1,5,B.RF1.CSEperm1,0,HK,0,1,1995,9,0
B.RF1.CSE1,6,B.RF1.CSEperm1,0,HK,0,1,1995,9,0
B.RF1.CSE1,8,B.RF1.CSEperm1,0,HK,2,153,1995,9,0
B.RF1.CSE1,9,B.RF1.CSEperm1,0,HK,0,164,1995,9,0
B.RF1.CSE1,11,B.RF1.CSEperm1,3,HK,0,61,1995,9,2
B.RF1.CSE1,12,B.RF1.CSEperm1,0,HK,1,41,1995,9,0
B.RF1.CSE1,13,B.RF1.CSEperm1,1,HK,0,160,1995,9,0
B.RF1.CSE1,14,B.RF1.CSEperm1,0,HK,1,60,1995,9,0
B.RF1.CSE1,15,B.RF1.CSEperm1,0,HK,0,123,1995,9,0
B.RF1.CSE1,16,B.RF1.CSEperm1,2,HK,0,8,1995,9,0
B.RF1.CSE1,17,B.RF1.CSEperm1,1,HK,0,5,1995,9,0
B.RF1.CSE1,18,B.RF1.CSEperm1,0,HK,2,33,1995,9,1
B.RF1.CSE1,19,B.RF1.CSEperm1,0,HK,0,2,1995,9,0
B.RF1.CSE1,20,B.RF1.CSEperm1,3,HK,0,66,1995,9,1
B.RF1.CSE1,22,B.RF1.CSEperm1,0,HK,0,21,1995,9,0
B.RF1.CSE1,0,B.RF1.CSEperm1,1,HK,0,7,1995,10,0
B.RF1.CSE1,1,B.RF1.CSEperm1,0,HK,0,113,1995,10,0
B.RF1.CSE1,2,B.RF1.CSEperm1,0,HK,1,182,1995,10,0
B.RF1.CSE1,3,B.RF1.CSEperm1,0,HK,1,157,1995,10,0
B.RF1.CSE1,5,B.RF1.CSEperm1,0,HK,0,1,1995,10,0
B.RF1.CSE1,6,B.RF1.CSEperm1,0,HK,0,1,1995,10,0
B.RF1.CSE1,8,B.RF1.CSEperm1,0,HK,2,153,1995,10,0
B.RF1.CSE1,9,B.RF1.CSEperm1,0,HK,0,164,1995,10,0
B.RF1.CSE1,11,B.RF1.CSEperm1,3,HK,0,61,1995,10,2
B.RF1.CSE1,12,B.RF1.CSEperm1,0,HK,1,41,1995,10,0
B.RF1.CSE1,13,B.RF1.CSEperm1,1,HK,0,160,1995,10,0
B.RF1.CSE1,14,B.RF1.CSEperm1,0,HK,1,60,1995,10,0
B.RF1.CSE1,15,B.RF1.CSEperm1,0,HK,0,123,1995,10,0
B.RF1.CSE1,16,B.RF1.CSEperm1,2,HK,0,8,1995,10,0
B.RF1.CSE1,17,B.RF1.CSEperm1,1,HK,0,5,1995,10,0
B.RF1.CSE1,18,B.RF1.CSEperm1,0,HK,3,33,1995,10,1
B.RF1.CSE1,19,B.RF1.CSEperm1,0,HK,0,2,1995,10,0
B.RF1.CSE1,20,B.RF1.CSEperm1,1,HK,1,66,1995,10,3
B.RF1.CSE1,21,B.RF1.CSEperm1,0,HK,0,4,1995,10,0
B.RF1.CSE1,22,B.RF1.CSEperm1,0,HK,0,21,1995,10,0
B.RF1.CSE1,0,B.RF1.CSEperm1,1,HK,0,7,1995,11,1
B.RF1.CSE1,1,B.RF1.CSEperm1,0,HK,0,113,1995,11,0
B.RF1.CSE1,2,B.RF1.CSEperm1,4,HK,1,182,1995,11,1
B.RF1.CSE1,3,B.RF1.CSEperm1,3,HK,2,157,1995,11,0
B.RF1.CSE1,4,B.RF1.CSEperm1,0,HK,4,165,1995,11,0
B.RF1.CSE1,5,B.RF1.CSEperm1,0,HK,0,1,1995,11,0
B.RF1.CSE1,6,B.RF1.CSEperm1,0,HK,0,1,1995,11,0
B.RF1.CSE1,7,B.RF1.CSEperm1,0,HK,0,21,1995,11,0
B.RF1.CSE1,8,B.RF1.CSEperm1,1,HK,0,153,1995,11,0
B.RF1.CSE1,9,B.RF1.CSEperm1,0,HK,0,164,1995,11,0
B.RF1.CSE1,10,B.RF1.CSEperm1,0,HK,10,150,1995,11,5
B.RF1.CSE1,11,B.RF1.CSEperm1,9,HK,0,61,1995,11,3
B.RF1.CSE1,12,B.RF1.CSEperm1,0,HK,0,41,1995,11,1
B.RF1.CSE1,13,B.RF1.CSEperm1,1,HK,0,160,1995,11,1
B.RF1.CSE1,14,B.RF1.CSEperm1,0,HK,1,60,1995,11,0
B.RF1.CSE1,15,B.RF1.CSEperm1,0,HK,0,123,1995,11,0
B.RF1.CSE1,16,B.RF1.CSEperm1,2,HK,0,8,1995,11,1
B.RF1.CSE1,17,B.RF1.CSEperm1,1,HK,0,5,1995,11,0
B.RF1.CSE1,18,B.RF1.CSEperm1,0,HK,3,33,1995,11,0
B.RF1.CSE1,19,B.RF1.CSEperm1,0,HK,0,2,1995,11,0
B.RF1.CSE1,20,B.RF1.CSEperm1,0,HK,0,66,1995,11,1
B.RF1.CSE1,21,B.RF1.CSEperm1,0,HK,0,4,1995,11,0
B.RF1.CSE1,22,B.RF1.CSEperm1,0,HK,0,21,1995,11,0
