class_id,dataset,final_recall,first_recall,maximum_forgetting,method,seed,signed_forgetting
4,ISIC,0.5365853658536586,0.926829268292683,0.3902439024390244,F.LIN,1993,0.3902439024390244
0,ISIC,0.8181818181818182,1.0,0.18181818181818177,F.LIN,1993,0.18181818181818177
4,ISIC,0.4634146341463415,0.926829268292683,0.4634146341463415,G.LIN,1993,0.4634146341463415
0,ISIC,0.8636363636363636,1.0,0.13636363636363635,G.LIN,1993,0.13636363636363635
4,ISIC,0.43902439024390244,0.926829268292683,0.48780487804878053,B.LIN,1993,0.48780487804878053
0,ISIC,0.8636363636363636,1.0,0.13636363636363635,B.LIN,1993,0.13636363636363635
4,ISIC,0.5365853658536586,0.9024390243902439,0.36585365853658536,F.RF1,1993,0.36585365853658536
0,ISIC,0.7954545454545454,1.0,0.20454545454545459,F.RF1,1993,0.20454545454545459
4,ISIC,0.4878048780487805,0.926829268292683,0.4390243902439025,G.RF1,1993,0.4390243902439025
0,ISIC,0.8181818181818182,1.0,0.18181818181818177,G.RF1,1993,0.18181818181818177
4,ISIC,0.4634146341463415,0.926829268292683,0.4634146341463415,B.RF1,1993,0.4634146341463415
0,ISIC,0.8409090909090909,1.0,0.15909090909090906,B.RF1,1993,0.15909090909090906
4,ISIC,0.4878048780487805,0.926829268292683,0.4390243902439025,G.LIN.CSE1,1993,0.4390243902439025
0,ISIC,0.8636363636363636,1.0,0.13636363636363635,G.LIN.CSE1,1993,0.13636363636363635
4,ISIC,0.4634146341463415,0.926829268292683,0.4634146341463415,G.LIN.CSE025,1993,0.4634146341463415
0,ISIC,0.8636363636363636,1.0,0.13636363636363635,G.LIN.CSE025,1993,0.13636363636363635
4,ISIC,0.5365853658536586,0.926829268292683,0.3902439024390244,G.RF1.CSE1,1993,0.3902439024390244
0,ISIC,0.8181818181818182,1.0,0.18181818181818177,G.RF1.CSE1,1993,0.18181818181818177
4,ISIC,0.4878048780487805,0.926829268292683,0.4390243902439025,G.RF1.CSE025,1993,0.4390243902439025
0,ISIC,0.8181818181818182,1.0,0.18181818181818177,G.RF1.CSE025,1993,0.18181818181818177
4,ISIC,0.4634146341463415,0.926829268292683,0.4634146341463415,B.LIN.CSE1,1993,0.4634146341463415
0,ISIC,0.8636363636363636,1.0,0.13636363636363635,B.LIN.CSE1,1993,0.13636363636363635
4,ISIC,0.4634146341463415,0.926829268292683,0.4634146341463415,B.LIN.CSE025,1993,0.4634146341463415
0,ISIC,0.8636363636363636,1.0,0.13636363636363635,B.LIN.CSE025,1993,0.13636363636363635
4,ISIC,0.4878048780487805,0.926829268292683,0.4390243902439025,B.RF1.CSE1,1993,0.4390243902439025
0,ISIC,0.8409090909090909,1.0,0.15909090909090906,B.RF1.CSE1,1993,0.15909090909090906
4,ISIC,0.4878048780487805,0.926829268292683,0.4390243902439025,B.RF1.CSE025,1993,0.4390243902439025
0,ISIC,0.8409090909090909,1.0,0.15909090909090906,B.RF1.CSE025,1993,0.15909090909090906
4,ISIC,0.6097560975609756,0.9512195121951219,0.3414634146341463,F.LOCK1e3,1993,0.3414634146341463
0,ISIC,0.7954545454545454,1.0,0.20454545454545459,F.LOCK1e3,1993,0.20454545454545459
4,ISIC,0.5365853658536586,0.9512195121951219,0.41463414634146334,G.LOCK5e4,1993,0.41463414634146334
0,ISIC,0.7954545454545454,1.0,0.20454545454545459,G.LOCK5e4,1993,0.20454545454545459
4,ISIC,0.5853658536585366,0.9512195121951219,0.36585365853658536,G.LOCK1e3,1993,0.36585365853658536
0,ISIC,0.7954545454545454,1.0,0.20454545454545459,G.LOCK1e3,1993,0.20454545454545459
4,ISIC,0.5365853658536586,0.9512195121951219,0.41463414634146334,B.LOCK5e4,1993,0.41463414634146334
0,ISIC,0.8181818181818182,1.0,0.18181818181818177,B.LOCK5e4,1993,0.18181818181818177
4,ISIC,0.5853658536585366,0.9512195121951219,0.36585365853658536,B.LOCK1e3,1993,0.36585365853658536
0,ISIC,0.8181818181818182,1.0,0.18181818181818177,B.LOCK1e3,1993,0.18181818181818177
4,ISIC,0.5609756097560976,0.926829268292683,0.36585365853658536,F.RF2,1993,0.36585365853658536
0,ISIC,0.7954545454545454,1.0,0.20454545454545459,F.RF2,1993,0.20454545454545459
4,ISIC,0.4878048780487805,0.9024390243902439,0.41463414634146345,G.RF2,1993,0.41463414634146345
0,ISIC,0.8181818181818182,1.0,0.18181818181818177,G.RF2,1993,0.18181818181818177
4,ISIC,0.43902439024390244,0.9512195121951219,0.5121951219512195,B.RF2,1993,0.5121951219512195
0,ISIC,0.8409090909090909,1.0,0.15909090909090906,B.RF2,1993,0.15909090909090906
4,ISIC,0.4878048780487805,0.9024390243902439,0.41463414634146345,G.RF2.CSE1,1993,0.41463414634146345
0,ISIC,0.8409090909090909,1.0,0.15909090909090906,G.RF2.CSE1,1993,0.15909090909090906
4,ISIC,0.4878048780487805,0.9024390243902439,0.41463414634146345,G.RF2.CSE025,1993,0.41463414634146345
0,ISIC,0.8181818181818182,1.0,0.18181818181818177,G.RF2.CSE025,1993,0.18181818181818177
4,ISIC,0.5365853658536586,0.9512195121951219,0.41463414634146334,B.RF2.CSE1,1993,0.41463414634146334
0,ISIC,0.8181818181818182,1.0,0.18181818181818177,B.RF2.CSE1,1993,0.18181818181818177
4,ISIC,0.4634146341463415,0.9512195121951219,0.4878048780487804,B.RF2.CSE025,1993,0.4878048780487804
0,ISIC,0.8181818181818182,1.0,0.18181818181818177,B.RF2.CSE025,1993,0.18181818181818177
4,ISIC,0.4878048780487805,0.9024390243902439,0.41463414634146345,G.SPLIT1,1993,0.41463414634146345
0,ISIC,0.8636363636363636,1.0,0.13636363636363635,G.SPLIT1,1993,0.13636363636363635
4,ISIC,0.4146341463414634,0.926829268292683,0.5121951219512195,B.SPLIT1,1993,0.5121951219512195
0,ISIC,0.8409090909090909,1.0,0.15909090909090906,B.SPLIT1,1993,0.15909090909090906
4,ISIC,0.4878048780487805,0.9024390243902439,0.41463414634146345,G.RPLIN1,1993,0.41463414634146345
0,ISIC,0.8636363636363636,1.0,0.13636363636363635,G.RPLIN1,1993,0.13636363636363635
4,ISIC,0.4634146341463415,0.926829268292683,0.4634146341463415,B.RPLIN1,1993,0.4634146341463415
0,ISIC,0.8409090909090909,1.0,0.15909090909090906,B.RPLIN1,1993,0.15909090909090906
4,ISIC,0.5365853658536586,0.926829268292683,0.3902439024390244,G.RF1.CSEperm1,1993,0.3902439024390244
0,ISIC,0.7954545454545454,1.0,0.20454545454545459,G.RF1.CSEperm1,1993,0.20454545454545459
4,ISIC,0.5365853658536586,0.926829268292683,0.3902439024390244,B.RF1.CSEperm1,1993,0.3902439024390244
0,ISIC,0.8409090909090909,1.0,0.15909090909090906,B.RF1.CSEperm1,1993,0.15909090909090906
3,ISIC,0.55,0.7,0.1499999999999999,F.LIN,1993,0.1499999999999999
7,ISIC,0.5416666666666666,0.5833333333333334,0.04166666666666674,F.LIN,1993,0.04166666666666674
3,ISIC,0.675,0.85,0.17499999999999993,G.LIN,1993,0.17499999999999993
7,ISIC,0.4166666666666667,0.4166666666666667,0.0,G.LIN,1993,0.0
3,ISIC,0.7,0.825,0.125,B.LIN,1993,0.125
7,ISIC,0.5,0.5,0.0,B.LIN,1993,0.0
3,ISIC,0.5,0.65,0.15000000000000002,F.RF1,1993,0.15000000000000002
7,ISIC,0.5416666666666666,0.5416666666666666,0.04166666666666674,F.RF1,1993,0.0
3,ISIC,0.625,0.85,0.22499999999999998,G.RF1,1993,0.22499999999999998
7,ISIC,0.4583333333333333,0.5,0.041666666666666685,G.RF1,1993,0.041666666666666685
3,ISIC,0.675,0.8,0.125,B.RF1,1993,0.125
7,ISIC,0.5,0.5,0.0,B.RF1,1993,0.0
3,ISIC,0.7,0.85,0.15000000000000002,G.LIN.CSE1,1993,0.15000000000000002
7,ISIC,0.4166666666666667,0.4166666666666667,0.0,G.LIN.CSE1,1993,0.0
3,ISIC,0.675,0.85,0.17499999999999993,G.LIN.CSE025,1993,0.17499999999999993
7,ISIC,0.4166666666666667,0.4166666666666667,0.0,G.LIN.CSE025,1993,0.0
3,ISIC,0.65,0.85,0.19999999999999996,G.RF1.CSE1,1993,0.19999999999999996
7,ISIC,0.4166666666666667,0.5,0.08333333333333331,G.RF1.CSE1,1993,0.08333333333333331
3,ISIC,0.625,0.85,0.22499999999999998,G.RF1.CSE025,1993,0.22499999999999998
7,ISIC,0.4583333333333333,0.5,0.041666666666666685,G.RF1.CSE025,1993,0.041666666666666685
3,ISIC,0.7,0.825,0.125,B.LIN.CSE1,1993,0.125
7,ISIC,0.5,0.5,0.0,B.LIN.CSE1,1993,0.0
3,ISIC,0.7,0.825,0.125,B.LIN.CSE025,1993,0.125
7,ISIC,0.5,0.5,0.0,B.LIN.CSE025,1993,0.0
3,ISIC,0.65,0.775,0.125,B.RF1.CSE1,1993,0.125
7,ISIC,0.5416666666666666,0.5,0.0,B.RF1.CSE1,1993,-0.04166666666666663
3,ISIC,0.675,0.8,0.125,B.RF1.CSE025,1993,0.125
7,ISIC,0.5,0.5,0.0,B.RF1.CSE025,1993,0.0
3,ISIC,0.475,0.65,0.17500000000000004,F.LOCK1e3,1993,0.17500000000000004
7,ISIC,0.5416666666666666,0.5833333333333334,0.04166666666666674,F.LOCK1e3,1993,0.04166666666666674
3,ISIC,0.625,0.775,0.15000000000000002,G.LOCK5e4,1993,0.15000000000000002
7,ISIC,0.5,0.5,0.04166666666666663,G.LOCK5e4,1993,0.0
3,ISIC,0.575,0.7,0.125,G.LOCK1e3,1993,0.125
7,ISIC,0.5416666666666666,0.5416666666666666,0.0,G.LOCK1e3,1993,0.0
3,ISIC,0.6,0.725,0.125,B.LOCK5e4,1993,0.125
7,ISIC,0.5833333333333334,0.5416666666666666,0.0,B.LOCK5e4,1993,-0.04166666666666674
3,ISIC,0.55,0.725,0.17499999999999993,B.LOCK1e3,1993,0.17499999999999993
7,ISIC,0.5833333333333334,0.625,0.04166666666666663,B.LOCK1e3,1993,0.04166666666666663
3,ISIC,0.5,0.7,0.19999999999999996,F.RF2,1993,0.19999999999999996
7,ISIC,0.5416666666666666,0.5416666666666666,0.0,F.RF2,1993,0.0
3,ISIC,0.65,0.825,0.17499999999999993,G.RF2,1993,0.17499999999999993
7,ISIC,0.4166666666666667,0.375,0.0,G.RF2,1993,-0.041666666666666685
3,ISIC,0.65,0.775,0.125,B.RF2,1993,0.125
7,ISIC,0.375,0.4166666666666667,0.041666666666666685,B.RF2,1993,0.041666666666666685
3,ISIC,0.65,0.825,0.17499999999999993,G.RF2.CSE1,1993,0.17499999999999993
7,ISIC,0.4166666666666667,0.375,0.0,G.RF2.CSE1,1993,-0.041666666666666685
3,ISIC,0.65,0.825,0.17499999999999993,G.RF2.CSE025,1993,0.17499999999999993
7,ISIC,0.4166666666666667,0.375,0.0,G.RF2.CSE025,1993,-0.041666666666666685
3,ISIC,0.625,0.75,0.125,B.RF2.CSE1,1993,0.125
7,ISIC,0.4166666666666667,0.4166666666666667,0.0,B.RF2.CSE1,1993,0.0
3,ISIC,0.625,0.75,0.125,B.RF2.CSE025,1993,0.125
7,ISIC,0.375,0.4166666666666667,0.041666666666666685,B.RF2.CSE025,1993,0.041666666666666685
3,ISIC,0.65,0.825,0.17499999999999993,G.SPLIT1,1993,0.17499999999999993
7,ISIC,0.4583333333333333,0.4166666666666667,0.0,G.SPLIT1,1993,-0.04166666666666663
3,ISIC,0.625,0.8,0.17500000000000004,B.SPLIT1,1993,0.17500000000000004
7,ISIC,0.4166666666666667,0.5,0.08333333333333331,B.SPLIT1,1993,0.08333333333333331
3,ISIC,0.725,0.85,0.125,G.RPLIN1,1993,0.125
7,ISIC,0.4166666666666667,0.5,0.08333333333333331,G.RPLIN1,1993,0.08333333333333331
3,ISIC,0.7,0.85,0.15000000000000002,B.RPLIN1,1993,0.15000000000000002
7,ISIC,0.5416666666666666,0.5,0.04166666666666674,B.RPLIN1,1993,-0.04166666666666663
3,ISIC,0.625,0.85,0.22499999999999998,G.RF1.CSEperm1,1993,0.22499999999999998
7,ISIC,0.4166666666666667,0.4583333333333333,0.04166666666666663,G.RF1.CSEperm1,1993,0.04166666666666663
3,ISIC,0.65,0.8,0.15000000000000002,B.RF1.CSEperm1,1993,0.15000000000000002
7,ISIC,0.5,0.5,0.0,B.RF1.CSEperm1,1993,0.0
5,ISIC,0.4594594594594595,0.5135135135135135,0.054054054054054,F.LIN,1993,0.054054054054054
6,ISIC,0.8846153846153846,0.9230769230769231,0.03846153846153855,F.LIN,1993,0.03846153846153855
5,ISIC,0.5135135135135135,0.5135135135135135,0.0,G.LIN,1993,0.0
6,ISIC,0.7692307692307693,0.8461538461538461,0.07692307692307687,G.LIN,1993,0.07692307692307687
5,ISIC,0.5135135135135135,0.5405405405405406,0.027027027027027084,B.LIN,1993,0.027027027027027084
6,ISIC,0.8076923076923077,0.8076923076923077,0.0,B.LIN,1993,0.0
5,ISIC,0.4594594594594595,0.5405405405405406,0.08108108108108109,F.RF1,1993,0.08108108108108109
6,ISIC,0.8846153846153846,0.9230769230769231,0.03846153846153855,F.RF1,1993,0.03846153846153855
5,ISIC,0.5135135135135135,0.5135135135135135,0.0,G.RF1,1993,0.0
6,ISIC,0.8461538461538461,0.7692307692307693,0.0,G.RF1,1993,-0.07692307692307687
5,ISIC,0.5135135135135135,0.5675675675675675,0.05405405405405406,B.RF1,1993,0.05405405405405406
6,ISIC,0.7692307692307693,0.8076923076923077,0.038461538461538436,B.RF1,1993,0.038461538461538436
5,ISIC,0.5405405405405406,0.5135135135135135,0.0,G.LIN.CSE1,1993,-0.027027027027027084
6,ISIC,0.7692307692307693,0.8461538461538461,0.07692307692307687,G.LIN.CSE1,1993,0.07692307692307687
5,ISIC,0.5135135135135135,0.5135135135135135,0.0,G.LIN.CSE025,1993,0.0
6,ISIC,0.7692307692307693,0.8461538461538461,0.07692307692307687,G.LIN.CSE025,1993,0.07692307692307687
5,ISIC,0.4864864864864865,0.4864864864864865,0.0,G.RF1.CSE1,1993,0.0
6,ISIC,0.8461538461538461,0.8076923076923077,0.0,G.RF1.CSE1,1993,-0.038461538461538436
5,ISIC,0.4864864864864865,0.5135135135135135,0.027027027027026973,G.RF1.CSE025,1993,0.027027027027026973
6,ISIC,0.8461538461538461,0.7692307692307693,0.0,G.RF1.CSE025,1993,-0.07692307692307687
5,ISIC,0.5135135135135135,0.5675675675675675,0.05405405405405406,B.LIN.CSE1,1993,0.05405405405405406
6,ISIC,0.8076923076923077,0.8076923076923077,0.0,B.LIN.CSE1,1993,0.0
5,ISIC,0.5135135135135135,0.5405405405405406,0.027027027027027084,B.LIN.CSE025,1993,0.027027027027027084
6,ISIC,0.8076923076923077,0.8076923076923077,0.0,B.LIN.CSE025,1993,0.0
5,ISIC,0.4864864864864865,0.5405405405405406,0.05405405405405406,B.RF1.CSE1,1993,0.05405405405405406
6,ISIC,0.7692307692307693,0.8461538461538461,0.07692307692307687,B.RF1.CSE1,1993,0.07692307692307687
5,ISIC,0.4864864864864865,0.5675675675675675,0.08108108108108103,B.RF1.CSE025,1993,0.08108108108108103
6,ISIC,0.7692307692307693,0.8461538461538461,0.07692307692307687,B.RF1.CSE025,1993,0.07692307692307687
5,ISIC,0.4594594594594595,0.5135135135135135,0.054054054054054,F.LOCK1e3,1993,0.054054054054054
6,ISIC,0.8846153846153846,0.9230769230769231,0.03846153846153855,F.LOCK1e3,1993,0.03846153846153855
5,ISIC,0.4864864864864865,0.5135135135135135,0.027027027027026973,G.LOCK5e4,1993,0.027027027027026973
6,ISIC,0.8846153846153846,0.9230769230769231,0.03846153846153855,G.LOCK5e4,1993,0.03846153846153855
5,ISIC,0.4864864864864865,0.5135135135135135,0.027027027027026973,G.LOCK1e3,1993,0.027027027027026973
6,ISIC,0.8846153846153846,0.9230769230769231,0.03846153846153855,G.LOCK1e3,1993,0.03846153846153855
5,ISIC,0.5135135135135135,0.4864864864864865,0.0,B.LOCK5e4,1993,-0.027027027027026973
6,ISIC,0.8846153846153846,0.8461538461538461,0.0,B.LOCK5e4,1993,-0.038461538461538436
5,ISIC,0.5135135135135135,0.4864864864864865,0.0,B.LOCK1e3,1993,-0.027027027027026973
6,ISIC,0.8461538461538461,0.8461538461538461,0.0,B.LOCK1e3,1993,0.0
5,ISIC,0.4594594594594595,0.5135135135135135,0.054054054054054,F.RF2,1993,0.054054054054054
6,ISIC,0.8846153846153846,0.8461538461538461,0.0,F.RF2,1993,-0.038461538461538436
5,ISIC,0.4864864864864865,0.5135135135135135,0.027027027027026973,G.RF2,1993,0.027027027027026973
6,ISIC,0.8076923076923077,0.8076923076923077,0.0,G.RF2,1993,0.0
5,ISIC,0.4864864864864865,0.5405405405405406,0.05405405405405406,B.RF2,1993,0.05405405405405406
6,ISIC,0.7692307692307693,0.8076923076923077,0.038461538461538436,B.RF2,1993,0.038461538461538436
5,ISIC,0.4864864864864865,0.4864864864864865,0.0,G.RF2.CSE1,1993,0.0
6,ISIC,0.8076923076923077,0.8076923076923077,0.0,G.RF2.CSE1,1993,0.0
5,ISIC,0.4864864864864865,0.5135135135135135,0.027027027027026973,G.RF2.CSE025,1993,0.027027027027026973
6,ISIC,0.8076923076923077,0.8076923076923077,0.0,G.RF2.CSE025,1993,0.0
5,ISIC,0.4864864864864865,0.5405405405405406,0.05405405405405406,B.RF2.CSE1,1993,0.05405405405405406
6,ISIC,0.7692307692307693,0.8076923076923077,0.038461538461538436,B.RF2.CSE1,1993,0.038461538461538436
5,ISIC,0.4864864864864865,0.5405405405405406,0.05405405405405406,B.RF2.CSE025,1993,0.05405405405405406
6,ISIC,0.7692307692307693,0.8076923076923077,0.038461538461538436,B.RF2.CSE025,1993,0.038461538461538436
5,ISIC,0.4864864864864865,0.5405405405405406,0.05405405405405406,G.SPLIT1,1993,0.05405405405405406
6,ISIC,0.8076923076923077,0.8846153846153846,0.07692307692307687,G.SPLIT1,1993,0.07692307692307687
5,ISIC,0.4864864864864865,0.5135135135135135,0.027027027027026973,B.SPLIT1,1993,0.027027027027026973
6,ISIC,0.7692307692307693,0.8076923076923077,0.038461538461538436,B.SPLIT1,1993,0.038461538461538436
5,ISIC,0.4594594594594595,0.43243243243243246,0.0,G.RPLIN1,1993,-0.02702702702702703
6,ISIC,0.7692307692307693,0.8461538461538461,0.07692307692307687,G.RPLIN1,1993,0.07692307692307687
5,ISIC,0.5135135135135135,0.5405405405405406,0.027027027027027084,B.RPLIN1,1993,0.027027027027027084
6,ISIC,0.8076923076923077,0.8076923076923077,0.0,B.RPLIN1,1993,0.0
5,ISIC,0.4864864864864865,0.5135135135135135,0.027027027027026973,G.RF1.CSEperm1,1993,0.027027027027026973
6,ISIC,0.8076923076923077,0.8076923076923077,0.0,G.RF1.CSEperm1,1993,0.0
5,ISIC,0.5135135135135135,0.5405405405405406,0.027027027027027084,B.RF1.CSEperm1,1993,0.027027027027027084
6,ISIC,0.7692307692307693,0.8076923076923077,0.038461538461538436,B.RF1.CSEperm1,1993,0.038461538461538436
2,ISIC,0.43478260869565216,0.43478260869565216,0.0,F.LIN,1993,0.0
1,ISIC,0.5675675675675675,0.5675675675675675,0.0,F.LIN,1993,0.0
2,ISIC,0.5,0.5,0.0,G.LIN,1993,0.0
1,ISIC,0.5675675675675675,0.5675675675675675,0.0,G.LIN,1993,0.0
2,ISIC,0.5869565217391305,0.5869565217391305,0.0,B.LIN,1993,0.0
1,ISIC,0.6216216216216216,0.6216216216216216,0.0,B.LIN,1993,0.0
2,ISIC,0.41304347826086957,0.41304347826086957,0.0,F.RF1,1993,0.0
1,ISIC,0.5675675675675675,0.5675675675675675,0.0,F.RF1,1993,0.0
2,ISIC,0.5,0.5,0.0,G.RF1,1993,0.0
1,ISIC,0.5945945945945946,0.5945945945945946,0.0,G.RF1,1993,0.0
2,ISIC,0.6086956521739131,0.6086956521739131,0.0,B.RF1,1993,0.0
1,ISIC,0.5945945945945946,0.5945945945945946,0.0,B.RF1,1993,0.0
2,ISIC,0.43478260869565216,0.43478260869565216,0.0,G.LIN.CSE1,1993,0.0
1,ISIC,0.5945945945945946,0.5945945945945946,0.0,G.LIN.CSE1,1993,0.0
2,ISIC,0.4782608695652174,0.4782608695652174,0.0,G.LIN.CSE025,1993,0.0
1,ISIC,0.5945945945945946,0.5945945945945946,0.0,G.LIN.CSE025,1993,0.0
2,ISIC,0.5,0.5,0.0,G.RF1.CSE1,1993,0.0
1,ISIC,0.6216216216216216,0.6216216216216216,0.0,G.RF1.CSE1,1993,0.0
2,ISIC,0.5,0.5,0.0,G.RF1.CSE025,1993,0.0
1,ISIC,0.5945945945945946,0.5945945945945946,0.0,G.RF1.CSE025,1993,0.0
2,ISIC,0.5434782608695652,0.5434782608695652,0.0,B.LIN.CSE1,1993,0.0
1,ISIC,0.6756756756756757,0.6756756756756757,0.0,B.LIN.CSE1,1993,0.0
2,ISIC,0.5869565217391305,0.5869565217391305,0.0,B.LIN.CSE025,1993,0.0
1,ISIC,0.6486486486486487,0.6486486486486487,0.0,B.LIN.CSE025,1993,0.0
2,ISIC,0.5652173913043478,0.5652173913043478,0.0,B.RF1.CSE1,1993,0.0
1,ISIC,0.6486486486486487,0.6486486486486487,0.0,B.RF1.CSE1,1993,0.0
2,ISIC,0.5869565217391305,0.5869565217391305,0.0,B.RF1.CSE025,1993,0.0
1,ISIC,0.5945945945945946,0.5945945945945946,0.0,B.RF1.CSE025,1993,0.0
2,ISIC,0.41304347826086957,0.41304347826086957,0.0,F.LOCK1e3,1993,0.0
1,ISIC,0.5405405405405406,0.5405405405405406,0.0,F.LOCK1e3,1993,0.0
2,ISIC,0.45652173913043476,0.45652173913043476,0.0,G.LOCK5e4,1993,0.0
1,ISIC,0.5405405405405406,0.5405405405405406,0.0,G.LOCK5e4,1993,0.0
2,ISIC,0.41304347826086957,0.41304347826086957,0.0,G.LOCK1e3,1993,0.0
1,ISIC,0.5405405405405406,0.5405405405405406,0.0,G.LOCK1e3,1993,0.0
2,ISIC,0.4782608695652174,0.4782608695652174,0.0,B.LOCK5e4,1993,0.0
1,ISIC,0.5945945945945946,0.5945945945945946,0.0,B.LOCK5e4,1993,0.0
2,ISIC,0.43478260869565216,0.43478260869565216,0.0,B.LOCK1e3,1993,0.0
1,ISIC,0.5675675675675675,0.5675675675675675,0.0,B.LOCK1e3,1993,0.0
2,ISIC,0.4782608695652174,0.4782608695652174,0.0,F.RF2,1993,0.0
1,ISIC,0.5945945945945946,0.5945945945945946,0.0,F.RF2,1993,0.0
2,ISIC,0.5,0.5,0.0,G.RF2,1993,0.0
1,ISIC,0.6216216216216216,0.6216216216216216,0.0,G.RF2,1993,0.0
2,ISIC,0.5652173913043478,0.5652173913043478,0.0,B.RF2,1993,0.0
1,ISIC,0.5675675675675675,0.5675675675675675,0.0,B.RF2,1993,0.0
2,ISIC,0.4782608695652174,0.4782608695652174,0.0,G.RF2.CSE1,1993,0.0
1,ISIC,0.6216216216216216,0.6216216216216216,0.0,G.RF2.CSE1,1993,0.0
2,ISIC,0.5,0.5,0.0,G.RF2.CSE025,1993,0.0
1,ISIC,0.5945945945945946,0.5945945945945946,0.0,G.RF2.CSE025,1993,0.0
2,ISIC,0.5434782608695652,0.5434782608695652,0.0,B.RF2.CSE1,1993,0.0
1,ISIC,0.6216216216216216,0.6216216216216216,0.0,B.RF2.CSE1,1993,0.0
2,ISIC,0.5217391304347826,0.5217391304347826,0.0,B.RF2.CSE025,1993,0.0
1,ISIC,0.5675675675675675,0.5675675675675675,0.0,B.RF2.CSE025,1993,0.0
2,ISIC,0.5,0.5,0.0,G.SPLIT1,1993,0.0
1,ISIC,0.5405405405405406,0.5405405405405406,0.0,G.SPLIT1,1993,0.0
2,ISIC,0.5434782608695652,0.5434782608695652,0.0,B.SPLIT1,1993,0.0
1,ISIC,0.6216216216216216,0.6216216216216216,0.0,B.SPLIT1,1993,0.0
2,ISIC,0.4782608695652174,0.4782608695652174,0.0,G.RPLIN1,1993,0.0
1,ISIC,0.6216216216216216,0.6216216216216216,0.0,G.RPLIN1,1993,0.0
2,ISIC,0.5434782608695652,0.5434782608695652,0.0,B.RPLIN1,1993,0.0
1,ISIC,0.5945945945945946,0.5945945945945946,0.0,B.RPLIN1,1993,0.0
2,ISIC,0.5217391304347826,0.5217391304347826,0.0,G.RF1.CSEperm1,1993,0.0
1,ISIC,0.6486486486486487,0.6486486486486487,0.0,G.RF1.CSEperm1,1993,0.0
2,ISIC,0.6304347826086957,0.6304347826086957,0.0,B.RF1.CSEperm1,1993,0.0
1,ISIC,0.6756756756756757,0.6756756756756757,0.0,B.RF1.CSEperm1,1993,0.0
3,ISIC,0.075,0.925,0.8500000000000001,F.LIN,1994,0.8500000000000001
7,ISIC,0.4166666666666667,0.5,0.12499999999999994,F.LIN,1994,0.08333333333333331
3,ISIC,0.075,0.925,0.8500000000000001,G.LIN,1994,0.8500000000000001
7,ISIC,0.4583333333333333,0.5833333333333334,0.16666666666666669,G.LIN,1994,0.12500000000000006
3,ISIC,0.375,0.95,0.575,B.LIN,1994,0.575
7,ISIC,0.4583333333333333,0.5,0.041666666666666685,B.LIN,1994,0.041666666666666685
3,ISIC,0.05,0.925,0.875,F.RF1,1994,0.875
7,ISIC,0.4166666666666667,0.5,0.12499999999999994,F.RF1,1994,0.08333333333333331
3,ISIC,0.05,0.925,0.875,G.RF1,1994,0.875
7,ISIC,0.4166666666666667,0.5833333333333334,0.20833333333333331,G.RF1,1994,0.16666666666666669
3,ISIC,0.35,0.95,0.6,B.RF1,1994,0.6
7,ISIC,0.4583333333333333,0.4583333333333333,0.0,B.RF1,1994,0.0
3,ISIC,0.175,0.95,0.7749999999999999,G.LIN.CSE1,1994,0.7749999999999999
7,ISIC,0.4166666666666667,0.5833333333333334,0.20833333333333331,G.LIN.CSE1,1994,0.16666666666666669
3,ISIC,0.125,0.95,0.825,G.LIN.CSE025,1994,0.825
7,ISIC,0.4583333333333333,0.5833333333333334,0.16666666666666669,G.LIN.CSE025,1994,0.12500000000000006
3,ISIC,0.15,0.95,0.7999999999999999,G.RF1.CSE1,1994,0.7999999999999999
7,ISIC,0.3333333333333333,0.5,0.25000000000000006,G.RF1.CSE1,1994,0.16666666666666669
3,ISIC,0.075,0.95,0.875,G.RF1.CSE025,1994,0.875
7,ISIC,0.4166666666666667,0.5416666666666666,0.20833333333333331,G.RF1.CSE025,1994,0.12499999999999994
3,ISIC,0.275,0.95,0.6749999999999999,B.LIN.CSE1,1994,0.6749999999999999
7,ISIC,0.625,0.5,0.0,B.LIN.CSE1,1994,-0.125
3,ISIC,0.325,0.95,0.625,B.LIN.CSE025,1994,0.625
7,ISIC,0.4583333333333333,0.5,0.041666666666666685,B.LIN.CSE025,1994,0.041666666666666685
3,ISIC,0.275,0.95,0.6749999999999999,B.RF1.CSE1,1994,0.6749999999999999
7,ISIC,0.5,0.4583333333333333,0.0,B.RF1.CSE1,1994,-0.041666666666666685
3,ISIC,0.3,0.95,0.6499999999999999,B.RF1.CSE025,1994,0.6499999999999999
7,ISIC,0.4583333333333333,0.4583333333333333,0.0,B.RF1.CSE025,1994,0.0
3,ISIC,0.3,0.975,0.675,F.LOCK1e3,1994,0.675
7,ISIC,0.5416666666666666,0.5,0.0,F.LOCK1e3,1994,-0.04166666666666663
3,ISIC,0.6,1.0,0.4,G.LOCK5e4,1994,0.4
7,ISIC,0.4166666666666667,0.4583333333333333,0.04166666666666663,G.LOCK5e4,1994,0.04166666666666663
3,ISIC,0.45,0.975,0.5249999999999999,G.LOCK1e3,1994,0.5249999999999999
7,ISIC,0.4583333333333333,0.5833333333333334,0.12500000000000006,G.LOCK1e3,1994,0.12500000000000006
3,ISIC,0.4,1.0,0.6,B.LOCK5e4,1994,0.6
7,ISIC,0.5,0.4583333333333333,0.0,B.LOCK5e4,1994,-0.041666666666666685
3,ISIC,0.4,0.95,0.5499999999999999,B.LOCK1e3,1994,0.5499999999999999
7,ISIC,0.4583333333333333,0.5,0.041666666666666685,B.LOCK1e3,1994,0.041666666666666685
3,ISIC,0.225,0.9,0.675,F.RF2,1994,0.675
7,ISIC,0.4583333333333333,0.4166666666666667,0.041666666666666685,F.RF2,1994,-0.04166666666666663
3,ISIC,0.325,0.925,0.6000000000000001,G.RF2,1994,0.6000000000000001
7,ISIC,0.4583333333333333,0.5,0.041666666666666685,G.RF2,1994,0.041666666666666685
3,ISIC,0.3,0.95,0.6499999999999999,B.RF2,1994,0.6499999999999999
7,ISIC,0.4583333333333333,0.4583333333333333,0.041666666666666685,B.RF2,1994,0.0
3,ISIC,0.4,0.925,0.525,G.RF2.CSE1,1994,0.525
7,ISIC,0.4166666666666667,0.4583333333333333,0.08333333333333331,G.RF2.CSE1,1994,0.04166666666666663
3,ISIC,0.325,0.925,0.6000000000000001,G.RF2.CSE025,1994,0.6000000000000001
7,ISIC,0.4583333333333333,0.4583333333333333,0.041666666666666685,G.RF2.CSE025,1994,0.0
3,ISIC,0.225,0.95,0.725,B.RF2.CSE1,1994,0.725
7,ISIC,0.4583333333333333,0.4583333333333333,0.041666666666666685,B.RF2.CSE1,1994,0.0
3,ISIC,0.275,0.95,0.6749999999999999,B.RF2.CSE025,1994,0.6749999999999999
7,ISIC,0.4583333333333333,0.4583333333333333,0.041666666666666685,B.RF2.CSE025,1994,0.0
3,ISIC,0.075,0.95,0.875,G.SPLIT1,1994,0.875
7,ISIC,0.4583333333333333,0.5,0.16666666666666669,G.SPLIT1,1994,0.041666666666666685
3,ISIC,0.4,0.95,0.5499999999999999,B.SPLIT1,1994,0.5499999999999999
7,ISIC,0.4583333333333333,0.4583333333333333,0.041666666666666685,B.SPLIT1,1994,0.0
3,ISIC,0.1,0.925,0.8250000000000001,G.RPLIN1,1994,0.8250000000000001
7,ISIC,0.4583333333333333,0.625,0.20833333333333331,G.RPLIN1,1994,0.16666666666666669
3,ISIC,0.4,0.95,0.5499999999999999,B.RPLIN1,1994,0.5499999999999999
7,ISIC,0.4583333333333333,0.4583333333333333,0.0,B.RPLIN1,1994,0.0
3,ISIC,0.0,0.85,0.85,G.RF1.CSEperm1,1994,0.85
7,ISIC,0.3333333333333333,0.5833333333333334,0.2916666666666667,G.RF1.CSEperm1,1994,0.25000000000000006
3,ISIC,0.275,0.95,0.6749999999999999,B.RF1.CSEperm1,1994,0.6749999999999999
7,ISIC,0.4583333333333333,0.4583333333333333,0.0,B.RF1.CSEperm1,1994,0.0
4,ISIC,0.5365853658536586,0.5853658536585366,0.07317073170731703,F.LIN,1994,0.04878048780487798
5,ISIC,0.5135135135135135,0.4864864864864865,0.0,F.LIN,1994,-0.027027027027026973
4,ISIC,0.5121951219512195,0.6097560975609756,0.12195121951219512,G.LIN,1994,0.09756097560975607
5,ISIC,0.5135135135135135,0.4864864864864865,0.0,G.LIN,1994,-0.027027027027026973
4,ISIC,0.5609756097560976,0.5853658536585366,0.024390243902438935,B.LIN,1994,0.024390243902438935
5,ISIC,0.5135135135135135,0.5135135135135135,0.0,B.LIN,1994,0.0
4,ISIC,0.5121951219512195,0.5609756097560976,0.09756097560975607,F.RF1,1994,0.04878048780487809
5,ISIC,0.5405405405405406,0.5405405405405406,0.027027027027026973,F.RF1,1994,0.0
4,ISIC,0.4878048780487805,0.5609756097560976,0.07317073170731714,G.RF1,1994,0.07317073170731714
5,ISIC,0.43243243243243246,0.4594594594594595,0.08108108108108103,G.RF1,1994,0.02702702702702703
4,ISIC,0.5365853658536586,0.5609756097560976,0.04878048780487798,B.RF1,1994,0.024390243902439046
5,ISIC,0.5135135135135135,0.4864864864864865,0.0,B.RF1,1994,-0.027027027027026973
4,ISIC,0.6097560975609756,0.6097560975609756,0.04878048780487809,G.LIN.CSE1,1994,0.0
5,ISIC,0.40540540540540543,0.4594594594594595,0.05405405405405406,G.LIN.CSE1,1994,0.05405405405405406
4,ISIC,0.5121951219512195,0.6097560975609756,0.12195121951219512,G.LIN.CSE025,1994,0.09756097560975607
5,ISIC,0.5135135135135135,0.4864864864864865,0.0,G.LIN.CSE025,1994,-0.027027027027026973
4,ISIC,0.6097560975609756,0.5853658536585366,0.0,G.RF1.CSE1,1994,-0.024390243902439046
5,ISIC,0.3783783783783784,0.43243243243243246,0.08108108108108109,G.RF1.CSE1,1994,0.05405405405405406
4,ISIC,0.5121951219512195,0.5853658536585366,0.09756097560975607,G.RF1.CSE025,1994,0.07317073170731703
5,ISIC,0.4594594594594595,0.43243243243243246,0.054054054054054,G.RF1.CSE025,1994,-0.02702702702702703
4,ISIC,0.5853658536585366,0.6097560975609756,0.024390243902439046,B.LIN.CSE1,1994,0.024390243902439046
5,ISIC,0.5405405405405406,0.5135135135135135,0.0,B.LIN.CSE1,1994,-0.027027027027027084
4,ISIC,0.5609756097560976,0.5853658536585366,0.024390243902438935,B.LIN.CSE025,1994,0.024390243902438935
5,ISIC,0.5135135135135135,0.5135135135135135,0.027027027027027084,B.LIN.CSE025,1994,0.0
4,ISIC,0.5853658536585366,0.5853658536585366,0.0,B.RF1.CSE1,1994,0.0
5,ISIC,0.4864864864864865,0.5135135135135135,0.027027027027026973,B.RF1.CSE1,1994,0.027027027027026973
4,ISIC,0.5365853658536586,0.5609756097560976,0.04878048780487798,B.RF1.CSE025,1994,0.024390243902439046
5,ISIC,0.5135135135135135,0.4864864864864865,0.027027027027027084,B.RF1.CSE025,1994,-0.027027027027026973
4,ISIC,0.6097560975609756,0.5609756097560976,0.0,F.LOCK1e3,1994,-0.04878048780487798
5,ISIC,0.4864864864864865,0.5405405405405406,0.05405405405405406,F.LOCK1e3,1994,0.05405405405405406
4,ISIC,0.4634146341463415,0.4878048780487805,0.07317073170731708,G.LOCK5e4,1994,0.02439024390243899
5,ISIC,0.43243243243243246,0.4864864864864865,0.05405405405405406,G.LOCK5e4,1994,0.05405405405405406
4,ISIC,0.5365853658536586,0.5121951219512195,0.04878048780487798,G.LOCK1e3,1994,-0.024390243902439046
5,ISIC,0.4864864864864865,0.4864864864864865,0.05405405405405406,G.LOCK1e3,1994,0.0
4,ISIC,0.4878048780487805,0.5365853658536586,0.07317073170731714,B.LOCK5e4,1994,0.04878048780487809
5,ISIC,0.5135135135135135,0.4864864864864865,0.0,B.LOCK5e4,1994,-0.027027027027026973
4,ISIC,0.5609756097560976,0.5609756097560976,0.024390243902438935,B.LOCK1e3,1994,0.0
5,ISIC,0.5135135135135135,0.4864864864864865,0.027027027027027084,B.LOCK1e3,1994,-0.027027027027026973
4,ISIC,0.4878048780487805,0.5609756097560976,0.09756097560975607,F.RF2,1994,0.07317073170731714
5,ISIC,0.5135135135135135,0.5135135135135135,0.05405405405405406,F.RF2,1994,0.0
4,ISIC,0.43902439024390244,0.5853658536585366,0.1463414634146341,G.RF2,1994,0.1463414634146341
5,ISIC,0.5405405405405406,0.5405405405405406,0.0,G.RF2,1994,0.0
4,ISIC,0.5365853658536586,0.5853658536585366,0.04878048780487798,B.RF2,1994,0.04878048780487798
5,ISIC,0.5135135135135135,0.5135135135135135,0.0,B.RF2,1994,0.0
4,ISIC,0.5609756097560976,0.5853658536585366,0.07317073170731703,G.RF2.CSE1,1994,0.024390243902438935
5,ISIC,0.4594594594594595,0.4594594594594595,0.02702702702702703,G.RF2.CSE1,1994,0.0
4,ISIC,0.4634146341463415,0.5853658536585366,0.12195121951219506,G.RF2.CSE025,1994,0.12195121951219506
5,ISIC,0.5405405405405406,0.4864864864864865,0.0,G.RF2.CSE025,1994,-0.05405405405405406
4,ISIC,0.6097560975609756,0.6097560975609756,0.0,B.RF2.CSE1,1994,0.0
5,ISIC,0.4864864864864865,0.5135135135135135,0.05405405405405406,B.RF2.CSE1,1994,0.027027027027026973
4,ISIC,0.5365853658536586,0.5853658536585366,0.04878048780487798,B.RF2.CSE025,1994,0.04878048780487798
5,ISIC,0.5135135135135135,0.5135135135135135,0.0,B.RF2.CSE025,1994,0.0
4,ISIC,0.4878048780487805,0.5853658536585366,0.14634146341463417,G.SPLIT1,1994,0.09756097560975607
5,ISIC,0.5135135135135135,0.4594594594594595,0.0,G.SPLIT1,1994,-0.054054054054054
4,ISIC,0.5121951219512195,0.5609756097560976,0.04878048780487809,B.SPLIT1,1994,0.04878048780487809
5,ISIC,0.5135135135135135,0.5135135135135135,0.0,B.SPLIT1,1994,0.0
4,ISIC,0.4878048780487805,0.5853658536585366,0.14634146341463417,G.RPLIN1,1994,0.09756097560975607
5,ISIC,0.4864864864864865,0.5135135135135135,0.027027027027026973,G.RPLIN1,1994,0.027027027027026973
4,ISIC,0.5609756097560976,0.5853658536585366,0.024390243902438935,B.RPLIN1,1994,0.024390243902438935
5,ISIC,0.5135135135135135,0.5405405405405406,0.027027027027027084,B.RPLIN1,1994,0.027027027027027084
4,ISIC,0.5609756097560976,0.6341463414634146,0.07317073170731703,G.RF1.CSEperm1,1994,0.07317073170731703
5,ISIC,0.4864864864864865,0.5135135135135135,0.027027027027026973,G.RF1.CSEperm1,1994,0.027027027027026973
4,ISIC,0.5365853658536586,0.5609756097560976,0.04878048780487798,B.RF1.CSEperm1,1994,0.024390243902439046
5,ISIC,0.5135135135135135,0.4864864864864865,0.0,B.RF1.CSEperm1,1994,-0.027027027027026973
1,ISIC,0.5135135135135135,0.5405405405405406,0.027027027027027084,F.LIN,1994,0.027027027027027084
0,ISIC,0.7045454545454546,0.75,0.045454545454545414,F.LIN,1994,0.045454545454545414
1,ISIC,0.5135135135135135,0.5675675675675675,0.05405405405405406,G.LIN,1994,0.05405405405405406
0,ISIC,0.7272727272727273,0.8181818181818182,0.09090909090909094,G.LIN,1994,0.09090909090909094
1,ISIC,0.5405405405405406,0.5405405405405406,0.0,B.LIN,1994,0.0
0,ISIC,0.7954545454545454,0.7954545454545454,0.0,B.LIN,1994,0.0
1,ISIC,0.5135135135135135,0.5405405405405406,0.027027027027027084,F.RF1,1994,0.027027027027027084
0,ISIC,0.7045454545454546,0.7727272727272727,0.06818181818181812,F.RF1,1994,0.06818181818181812
1,ISIC,0.5135135135135135,0.5405405405405406,0.027027027027027084,G.RF1,1994,0.027027027027027084
0,ISIC,0.7045454545454546,0.7727272727272727,0.06818181818181812,G.RF1,1994,0.06818181818181812
1,ISIC,0.5405405405405406,0.5675675675675675,0.027027027027026973,B.RF1,1994,0.027027027027026973
0,ISIC,0.8181818181818182,0.8181818181818182,0.0,B.RF1,1994,0.0
1,ISIC,0.5135135135135135,0.5675675675675675,0.05405405405405406,G.LIN.CSE1,1994,0.05405405405405406
0,ISIC,0.7045454545454546,0.7727272727272727,0.06818181818181812,G.LIN.CSE1,1994,0.06818181818181812
1,ISIC,0.4864864864864865,0.5675675675675675,0.08108108108108103,G.LIN.CSE025,1994,0.08108108108108103
0,ISIC,0.7272727272727273,0.8181818181818182,0.09090909090909094,G.LIN.CSE025,1994,0.09090909090909094
1,ISIC,0.4864864864864865,0.5135135135135135,0.027027027027026973,G.RF1.CSE1,1994,0.027027027027026973
0,ISIC,0.7045454545454546,0.7727272727272727,0.06818181818181812,G.RF1.CSE1,1994,0.06818181818181812
1,ISIC,0.5135135135135135,0.5405405405405406,0.027027027027027084,G.RF1.CSE025,1994,0.027027027027027084
0,ISIC,0.6818181818181818,0.7727272727272727,0.09090909090909094,G.RF1.CSE025,1994,0.09090909090909094
1,ISIC,0.5135135135135135,0.5135135135135135,0.0,B.LIN.CSE1,1994,0.0
0,ISIC,0.7727272727272727,0.8409090909090909,0.06818181818181823,B.LIN.CSE1,1994,0.06818181818181823
1,ISIC,0.5405405405405406,0.5405405405405406,0.0,B.LIN.CSE025,1994,0.0
0,ISIC,0.7954545454545454,0.7954545454545454,0.0,B.LIN.CSE025,1994,0.0
1,ISIC,0.5405405405405406,0.5675675675675675,0.027027027027026973,B.RF1.CSE1,1994,0.027027027027026973
0,ISIC,0.7954545454545454,0.7954545454545454,0.0,B.RF1.CSE1,1994,0.0
1,ISIC,0.5405405405405406,0.5675675675675675,0.027027027027026973,B.RF1.CSE025,1994,0.027027027027026973
0,ISIC,0.8181818181818182,0.7954545454545454,0.0,B.RF1.CSE025,1994,-0.022727272727272818
1,ISIC,0.5135135135135135,0.4864864864864865,0.0,F.LOCK1e3,1994,-0.027027027027026973
0,ISIC,0.75,0.75,0.0,F.LOCK1e3,1994,0.0
1,ISIC,0.5945945945945946,0.5675675675675675,0.0,G.LOCK5e4,1994,-0.027027027027027084
0,ISIC,0.7727272727272727,0.7954545454545454,0.022727272727272707,G.LOCK5e4,1994,0.022727272727272707
1,ISIC,0.5405405405405406,0.5405405405405406,0.0,G.LOCK1e3,1994,0.0
0,ISIC,0.7727272727272727,0.7954545454545454,0.022727272727272707,G.LOCK1e3,1994,0.022727272727272707
1,ISIC,0.5945945945945946,0.5675675675675675,0.0,B.LOCK5e4,1994,-0.027027027027027084
0,ISIC,0.7954545454545454,0.7727272727272727,0.0,B.LOCK5e4,1994,-0.022727272727272707
1,ISIC,0.5405405405405406,0.5675675675675675,0.027027027027026973,B.LOCK1e3,1994,0.027027027027026973
0,ISIC,0.8181818181818182,0.7727272727272727,0.0,B.LOCK1e3,1994,-0.045454545454545525
1,ISIC,0.4864864864864865,0.4864864864864865,0.0,F.RF2,1994,0.0
0,ISIC,0.7272727272727273,0.75,0.022727272727272707,F.RF2,1994,0.022727272727272707
1,ISIC,0.4864864864864865,0.4864864864864865,0.0,G.RF2,1994,0.0
0,ISIC,0.75,0.7727272727272727,0.022727272727272707,G.RF2,1994,0.022727272727272707
1,ISIC,0.5405405405405406,0.5405405405405406,0.0,B.RF2,1994,0.0
0,ISIC,0.7954545454545454,0.7727272727272727,0.0,B.RF2,1994,-0.022727272727272707
1,ISIC,0.5135135135135135,0.4864864864864865,0.0,G.RF2.CSE1,1994,-0.027027027027026973
0,ISIC,0.7727272727272727,0.7954545454545454,0.022727272727272707,G.RF2.CSE1,1994,0.022727272727272707
1,ISIC,0.4864864864864865,0.5135135135135135,0.027027027027026973,G.RF2.CSE025,1994,0.027027027027026973
0,ISIC,0.7727272727272727,0.7954545454545454,0.022727272727272707,G.RF2.CSE025,1994,0.022727272727272707
1,ISIC,0.5135135135135135,0.5135135135135135,0.0,B.RF2.CSE1,1994,0.0
0,ISIC,0.7954545454545454,0.75,0.0,B.RF2.CSE1,1994,-0.045454545454545414
1,ISIC,0.5405405405405406,0.5405405405405406,0.0,B.RF2.CSE025,1994,0.0
0,ISIC,0.7954545454545454,0.7727272727272727,0.0,B.RF2.CSE025,1994,-0.022727272727272707
1,ISIC,0.5135135135135135,0.5405405405405406,0.027027027027027084,G.SPLIT1,1994,0.027027027027027084
0,ISIC,0.7045454545454546,0.7727272727272727,0.06818181818181812,G.SPLIT1,1994,0.06818181818181812
1,ISIC,0.5405405405405406,0.5135135135135135,0.0,B.SPLIT1,1994,-0.027027027027027084
0,ISIC,0.7954545454545454,0.7954545454545454,0.0,B.SPLIT1,1994,0.0
1,ISIC,0.5405405405405406,0.5405405405405406,0.0,G.RPLIN1,1994,0.0
0,ISIC,0.7272727272727273,0.7954545454545454,0.06818181818181812,G.RPLIN1,1994,0.06818181818181812
1,ISIC,0.5405405405405406,0.5675675675675675,0.027027027027026973,B.RPLIN1,1994,0.027027027027026973
0,ISIC,0.7954545454545454,0.8181818181818182,0.022727272727272818,B.RPLIN1,1994,0.022727272727272818
1,ISIC,0.5135135135135135,0.5135135135135135,0.0,G.RF1.CSEperm1,1994,0.0
0,ISIC,0.6136363636363636,0.6818181818181818,0.06818181818181812,G.RF1.CSEperm1,1994,0.06818181818181812
1,ISIC,0.5675675675675675,0.5945945945945946,0.027027027027027084,B.RF1.CSEperm1,1994,0.027027027027027084
0,ISIC,0.7954545454545454,0.7727272727272727,0.0,B.RF1.CSEperm1,1994,-0.022727272727272707
6,ISIC,0.8846153846153846,0.8846153846153846,0.0,F.LIN,1994,0.0
2,ISIC,0.3695652173913043,0.3695652173913043,0.0,F.LIN,1994,0.0
6,ISIC,0.9230769230769231,0.9230769230769231,0.0,G.LIN,1994,0.0
2,ISIC,0.3695652173913043,0.3695652173913043,0.0,G.LIN,1994,0.0
6,ISIC,0.8846153846153846,0.8846153846153846,0.0,B.LIN,1994,0.0
2,ISIC,0.3695652173913043,0.3695652173913043,0.0,B.LIN,1994,0.0
6,ISIC,0.8461538461538461,0.8461538461538461,0.0,F.RF1,1994,0.0
2,ISIC,0.32608695652173914,0.32608695652173914,0.0,F.RF1,1994,0.0
6,ISIC,0.9230769230769231,0.9230769230769231,0.0,G.RF1,1994,0.0
2,ISIC,0.3695652173913043,0.3695652173913043,0.0,G.RF1,1994,0.0
6,ISIC,0.8846153846153846,0.8846153846153846,0.0,B.RF1,1994,0.0
2,ISIC,0.34782608695652173,0.34782608695652173,0.0,B.RF1,1994,0.0
6,ISIC,0.9230769230769231,0.9230769230769231,0.0,G.LIN.CSE1,1994,0.0
2,ISIC,0.2608695652173913,0.2608695652173913,0.0,G.LIN.CSE1,1994,0.0
6,ISIC,0.9230769230769231,0.9230769230769231,0.0,G.LIN.CSE025,1994,0.0
2,ISIC,0.391304347826087,0.391304347826087,0.0,G.LIN.CSE025,1994,0.0
6,ISIC,0.9230769230769231,0.9230769230769231,0.0,G.RF1.CSE1,1994,0.0
2,ISIC,0.2608695652173913,0.2608695652173913,0.0,G.RF1.CSE1,1994,0.0
6,ISIC,0.9230769230769231,0.9230769230769231,0.0,G.RF1.CSE025,1994,0.0
2,ISIC,0.30434782608695654,0.30434782608695654,0.0,G.RF1.CSE025,1994,0.0
6,ISIC,0.8846153846153846,0.8846153846153846,0.0,B.LIN.CSE1,1994,0.0
2,ISIC,0.34782608695652173,0.34782608695652173,0.0,B.LIN.CSE1,1994,0.0
6,ISIC,0.8846153846153846,0.8846153846153846,0.0,B.LIN.CSE025,1994,0.0
2,ISIC,0.3695652173913043,0.3695652173913043,0.0,B.LIN.CSE025,1994,0.0
6,ISIC,0.8846153846153846,0.8846153846153846,0.0,B.RF1.CSE1,1994,0.0
2,ISIC,0.3695652173913043,0.3695652173913043,0.0,B.RF1.CSE1,1994,0.0
6,ISIC,0.8846153846153846,0.8846153846153846,0.0,B.RF1.CSE025,1994,0.0
2,ISIC,0.34782608695652173,0.34782608695652173,0.0,B.RF1.CSE025,1994,0.0
6,ISIC,0.8461538461538461,0.8461538461538461,0.0,F.LOCK1e3,1994,0.0
2,ISIC,0.3695652173913043,0.3695652173913043,0.0,F.LOCK1e3,1994,0.0
6,ISIC,0.8846153846153846,0.8846153846153846,0.0,G.LOCK5e4,1994,0.0
2,ISIC,0.41304347826086957,0.41304347826086957,0.0,G.LOCK5e4,1994,0.0
6,ISIC,0.9230769230769231,0.9230769230769231,0.0,G.LOCK1e3,1994,0.0
2,ISIC,0.43478260869565216,0.43478260869565216,0.0,G.LOCK1e3,1994,0.0
6,ISIC,0.8076923076923077,0.8076923076923077,0.0,B.LOCK5e4,1994,0.0
2,ISIC,0.5217391304347826,0.5217391304347826,0.0,B.LOCK5e4,1994,0.0
6,ISIC,0.8076923076923077,0.8076923076923077,0.0,B.LOCK1e3,1994,0.0
2,ISIC,0.4782608695652174,0.4782608695652174,0.0,B.LOCK1e3,1994,0.0
6,ISIC,0.8846153846153846,0.8846153846153846,0.0,F.RF2,1994,0.0
2,ISIC,0.41304347826086957,0.41304347826086957,0.0,F.RF2,1994,0.0
6,ISIC,0.9230769230769231,0.9230769230769231,0.0,G.RF2,1994,0.0
2,ISIC,0.41304347826086957,0.41304347826086957,0.0,G.RF2,1994,0.0
6,ISIC,0.8461538461538461,0.8461538461538461,0.0,B.RF2,1994,0.0
2,ISIC,0.3695652173913043,0.3695652173913043,0.0,B.RF2,1994,0.0
6,ISIC,0.9230769230769231,0.9230769230769231,0.0,G.RF2.CSE1,1994,0.0
2,ISIC,0.3695652173913043,0.3695652173913043,0.0,G.RF2.CSE1,1994,0.0
6,ISIC,0.9230769230769231,0.9230769230769231,0.0,G.RF2.CSE025,1994,0.0
2,ISIC,0.391304347826087,0.391304347826087,0.0,G.RF2.CSE025,1994,0.0
6,ISIC,0.8461538461538461,0.8461538461538461,0.0,B.RF2.CSE1,1994,0.0
2,ISIC,0.34782608695652173,0.34782608695652173,0.0,B.RF2.CSE1,1994,0.0
6,ISIC,0.8461538461538461,0.8461538461538461,0.0,B.RF2.CSE025,1994,0.0
2,ISIC,0.3695652173913043,0.3695652173913043,0.0,B.RF2.CSE025,1994,0.0
6,ISIC,0.9230769230769231,0.9230769230769231,0.0,G.SPLIT1,1994,0.0
2,ISIC,0.34782608695652173,0.34782608695652173,0.0,G.SPLIT1,1994,0.0
6,ISIC,0.8461538461538461,0.8461538461538461,0.0,B.SPLIT1,1994,0.0
2,ISIC,0.3695652173913043,0.3695652173913043,0.0,B.SPLIT1,1994,0.0
6,ISIC,0.9230769230769231,0.9230769230769231,0.0,G.RPLIN1,1994,0.0
2,ISIC,0.3695652173913043,0.3695652173913043,0.0,G.RPLIN1,1994,0.0
6,ISIC,0.8461538461538461,0.8461538461538461,0.0,B.RPLIN1,1994,0.0
2,ISIC,0.391304347826087,0.391304347826087,0.0,B.RPLIN1,1994,0.0
6,ISIC,0.9230769230769231,0.9230769230769231,0.0,G.RF1.CSEperm1,1994,0.0
2,ISIC,0.1956521739130435,0.1956521739130435,0.0,G.RF1.CSEperm1,1994,0.0
6,ISIC,0.8461538461538461,0.8461538461538461,0.0,B.RF1.CSEperm1,1994,0.0
2,ISIC,0.34782608695652173,0.34782608695652173,0.0,B.RF1.CSEperm1,1994,0.0
1,ISIC,0.5945945945945946,0.8108108108108109,0.21621621621621623,F.LIN,1995,0.21621621621621623
3,ISIC,0.7,0.9,0.20000000000000007,F.LIN,1995,0.20000000000000007
1,ISIC,0.6216216216216216,0.8648648648648649,0.2432432432432433,G.LIN,1995,0.2432432432432433
3,ISIC,0.725,0.925,0.20000000000000007,G.LIN,1995,0.20000000000000007
1,ISIC,0.6486486486486487,0.8108108108108109,0.16216216216216217,B.LIN,1995,0.16216216216216217
3,ISIC,0.675,0.875,0.22499999999999998,B.LIN,1995,0.19999999999999996
1,ISIC,0.5405405405405406,0.8918918918918919,0.3513513513513513,F.RF1,1995,0.3513513513513513
3,ISIC,0.65,0.9,0.25,F.RF1,1995,0.25
1,ISIC,0.5945945945945946,0.8378378378378378,0.2432432432432432,G.RF1,1995,0.2432432432432432
3,ISIC,0.7,0.925,0.2250000000000001,G.RF1,1995,0.2250000000000001
1,ISIC,0.6216216216216216,0.8378378378378378,0.21621621621621623,B.RF1,1995,0.21621621621621623
3,ISIC,0.625,0.875,0.30000000000000004,B.RF1,1995,0.25
1,ISIC,0.5945945945945946,0.8918918918918919,0.29729729729729726,G.LIN.CSE1,1995,0.29729729729729726
3,ISIC,0.725,0.925,0.20000000000000007,G.LIN.CSE1,1995,0.20000000000000007
1,ISIC,0.6216216216216216,0.8648648648648649,0.2432432432432433,G.LIN.CSE025,1995,0.2432432432432433
3,ISIC,0.725,0.925,0.20000000000000007,G.LIN.CSE025,1995,0.20000000000000007
1,ISIC,0.5945945945945946,0.8648648648648649,0.2702702702702703,G.RF1.CSE1,1995,0.2702702702702703
3,ISIC,0.675,0.95,0.2749999999999999,G.RF1.CSE1,1995,0.2749999999999999
1,ISIC,0.6216216216216216,0.8378378378378378,0.21621621621621623,G.RF1.CSE025,1995,0.21621621621621623
3,ISIC,0.7,0.925,0.2250000000000001,G.RF1.CSE025,1995,0.2250000000000001
1,ISIC,0.6486486486486487,0.8378378378378378,0.18918918918918914,B.LIN.CSE1,1995,0.18918918918918914
3,ISIC,0.65,0.875,0.25,B.LIN.CSE1,1995,0.22499999999999998
1,ISIC,0.6486486486486487,0.8108108108108109,0.16216216216216217,B.LIN.CSE025,1995,0.16216216216216217
3,ISIC,0.65,0.875,0.25,B.LIN.CSE025,1995,0.22499999999999998
1,ISIC,0.5945945945945946,0.8378378378378378,0.2432432432432432,B.RF1.CSE1,1995,0.2432432432432432
3,ISIC,0.6,0.85,0.275,B.RF1.CSE1,1995,0.25
1,ISIC,0.6216216216216216,0.8378378378378378,0.21621621621621623,B.RF1.CSE025,1995,0.21621621621621623
3,ISIC,0.6,0.85,0.30000000000000004,B.RF1.CSE025,1995,0.25
1,ISIC,0.5675675675675675,0.8648648648648649,0.29729729729729737,F.LOCK1e3,1995,0.29729729729729737
3,ISIC,0.45,0.85,0.39999999999999997,F.LOCK1e3,1995,0.39999999999999997
1,ISIC,0.5135135135135135,0.8648648648648649,0.3513513513513514,G.LOCK5e4,1995,0.3513513513513514
3,ISIC,0.6,0.875,0.275,G.LOCK5e4,1995,0.275
1,ISIC,0.5405405405405406,0.8378378378378378,0.29729729729729726,G.LOCK1e3,1995,0.29729729729729726
3,ISIC,0.5,0.875,0.375,G.LOCK1e3,1995,0.375
1,ISIC,0.6216216216216216,0.8648648648648649,0.2432432432432433,B.LOCK5e4,1995,0.2432432432432433
3,ISIC,0.525,0.825,0.29999999999999993,B.LOCK5e4,1995,0.29999999999999993
1,ISIC,0.5675675675675675,0.8648648648648649,0.29729729729729737,B.LOCK1e3,1995,0.29729729729729737
3,ISIC,0.5,0.825,0.32499999999999996,B.LOCK1e3,1995,0.32499999999999996
1,ISIC,0.6486486486486487,0.8378378378378378,0.18918918918918914,F.RF2,1995,0.18918918918918914
3,ISIC,0.625,0.925,0.30000000000000004,F.RF2,1995,0.30000000000000004
1,ISIC,0.6216216216216216,0.8648648648648649,0.2432432432432433,G.RF2,1995,0.2432432432432433
3,ISIC,0.65,0.9,0.25,G.RF2,1995,0.25
1,ISIC,0.6756756756756757,0.8378378378378378,0.16216216216216217,B.RF2,1995,0.16216216216216217
3,ISIC,0.625,0.875,0.25,B.RF2,1995,0.25
1,ISIC,0.6216216216216216,0.8648648648648649,0.2432432432432433,G.RF2.CSE1,1995,0.2432432432432433
3,ISIC,0.625,0.9,0.275,G.RF2.CSE1,1995,0.275
1,ISIC,0.6216216216216216,0.8648648648648649,0.2432432432432433,G.RF2.CSE025,1995,0.2432432432432433
3,ISIC,0.625,0.9,0.275,G.RF2.CSE025,1995,0.275
1,ISIC,0.6486486486486487,0.8648648648648649,0.21621621621621623,B.RF2.CSE1,1995,0.21621621621621623
3,ISIC,0.575,0.85,0.275,B.RF2.CSE1,1995,0.275
1,ISIC,0.6486486486486487,0.8378378378378378,0.18918918918918914,B.RF2.CSE025,1995,0.18918918918918914
3,ISIC,0.6,0.85,0.25,B.RF2.CSE025,1995,0.25
1,ISIC,0.6216216216216216,0.8378378378378378,0.21621621621621623,G.SPLIT1,1995,0.21621621621621623
3,ISIC,0.65,0.85,0.22499999999999998,G.SPLIT1,1995,0.19999999999999996
1,ISIC,0.5675675675675675,0.8108108108108109,0.2432432432432433,B.SPLIT1,1995,0.2432432432432433
3,ISIC,0.65,0.85,0.275,B.SPLIT1,1995,0.19999999999999996
1,ISIC,0.6216216216216216,0.8108108108108109,0.18918918918918926,G.RPLIN1,1995,0.18918918918918926
3,ISIC,0.7,0.9,0.20000000000000007,G.RPLIN1,1995,0.20000000000000007
1,ISIC,0.6216216216216216,0.8378378378378378,0.21621621621621623,B.RPLIN1,1995,0.21621621621621623
3,ISIC,0.65,0.925,0.275,B.RPLIN1,1995,0.275
1,ISIC,0.6756756756756757,0.8378378378378378,0.16216216216216217,G.RF1.CSEperm1,1995,0.16216216216216217
3,ISIC,0.675,0.925,0.25,G.RF1.CSEperm1,1995,0.25
1,ISIC,0.6486486486486487,0.8378378378378378,0.18918918918918914,B.RF1.CSEperm1,1995,0.18918918918918914
3,ISIC,0.575,0.9,0.3500000000000001,B.RF1.CSEperm1,1995,0.32500000000000007
0,ISIC,0.7954545454545454,0.8181818181818182,0.045454545454545525,F.LIN,1995,0.022727272727272818
6,ISIC,0.8076923076923077,0.8076923076923077,0.0,F.LIN,1995,0.0
0,ISIC,0.75,0.8181818181818182,0.06818181818181823,G.LIN,1995,0.06818181818181823
6,ISIC,0.7692307692307693,0.8076923076923077,0.038461538461538436,G.LIN,1995,0.038461538461538436
0,ISIC,0.7727272727272727,0.8181818181818182,0.045454545454545525,B.LIN,1995,0.045454545454545525
6,ISIC,0.8076923076923077,0.8076923076923077,0.0,B.LIN,1995,0.0
0,ISIC,0.75,0.7954545454545454,0.045454545454545414,F.RF1,1995,0.045454545454545414
6,ISIC,0.7692307692307693,0.8076923076923077,0.038461538461538436,F.RF1,1995,0.038461538461538436
0,ISIC,0.75,0.8181818181818182,0.06818181818181823,G.RF1,1995,0.06818181818181823
6,ISIC,0.8076923076923077,0.8076923076923077,0.0,G.RF1,1995,0.0
0,ISIC,0.7727272727272727,0.7954545454545454,0.022727272727272707,B.RF1,1995,0.022727272727272707
6,ISIC,0.8076923076923077,0.8076923076923077,0.0,B.RF1,1995,0.0
0,ISIC,0.8181818181818182,0.7954545454545454,0.022727272727272707,G.LIN.CSE1,1995,-0.022727272727272818
6,ISIC,0.7692307692307693,0.8076923076923077,0.038461538461538436,G.LIN.CSE1,1995,0.038461538461538436
0,ISIC,0.75,0.7954545454545454,0.06818181818181823,G.LIN.CSE025,1995,0.045454545454545414
6,ISIC,0.7692307692307693,0.8076923076923077,0.038461538461538436,G.LIN.CSE025,1995,0.038461538461538436
0,ISIC,0.7727272727272727,0.8181818181818182,0.045454545454545525,G.RF1.CSE1,1995,0.045454545454545525
6,ISIC,0.8076923076923077,0.8076923076923077,0.0,G.RF1.CSE1,1995,0.0
0,ISIC,0.75,0.8181818181818182,0.06818181818181823,G.RF1.CSE025,1995,0.06818181818181823
6,ISIC,0.8076923076923077,0.8076923076923077,0.0,G.RF1.CSE025,1995,0.0
0,ISIC,0.7727272727272727,0.8181818181818182,0.045454545454545525,B.LIN.CSE1,1995,0.045454545454545525
6,ISIC,0.8076923076923077,0.8076923076923077,0.0,B.LIN.CSE1,1995,0.0
0,ISIC,0.7727272727272727,0.8181818181818182,0.045454545454545525,B.LIN.CSE025,1995,0.045454545454545525
6,ISIC,0.8076923076923077,0.8076923076923077,0.0,B.LIN.CSE025,1995,0.0
0,ISIC,0.75,0.7954545454545454,0.06818181818181823,B.RF1.CSE1,1995,0.045454545454545414
6,ISIC,0.8076923076923077,0.8076923076923077,0.0,B.RF1.CSE1,1995,0.0
0,ISIC,0.75,0.7954545454545454,0.06818181818181823,B.RF1.CSE025,1995,0.045454545454545414
6,ISIC,0.8076923076923077,0.8076923076923077,0.0,B.RF1.CSE025,1995,0.0
0,ISIC,0.7727272727272727,0.7954545454545454,0.045454545454545525,F.LOCK1e3,1995,0.022727272727272707
6,ISIC,0.9230769230769231,0.8846153846153846,0.0,F.LOCK1e3,1995,-0.03846153846153855
0,ISIC,0.7954545454545454,0.7954545454545454,0.045454545454545525,G.LOCK5e4,1995,0.0
6,ISIC,0.8846153846153846,0.8461538461538461,0.0,G.LOCK5e4,1995,-0.038461538461538436
0,ISIC,0.7954545454545454,0.7954545454545454,0.045454545454545525,G.LOCK1e3,1995,0.0
6,ISIC,0.8846153846153846,0.9230769230769231,0.03846153846153855,G.LOCK1e3,1995,0.03846153846153855
0,ISIC,0.8409090909090909,0.7727272727272727,0.0,B.LOCK5e4,1995,-0.06818181818181823
6,ISIC,0.8076923076923077,0.8076923076923077,0.038461538461538436,B.LOCK5e4,1995,0.0
0,ISIC,0.8181818181818182,0.7727272727272727,0.0,B.LOCK1e3,1995,-0.045454545454545525
6,ISIC,0.8461538461538461,0.8846153846153846,0.038461538461538436,B.LOCK1e3,1995,0.038461538461538436
0,ISIC,0.75,0.8181818181818182,0.09090909090909094,F.RF2,1995,0.06818181818181823
6,ISIC,0.7307692307692307,0.7692307692307693,0.07692307692307698,F.RF2,1995,0.03846153846153855
0,ISIC,0.7727272727272727,0.8181818181818182,0.06818181818181823,G.RF2,1995,0.045454545454545525
6,ISIC,0.7692307692307693,0.8076923076923077,0.038461538461538436,G.RF2,1995,0.038461538461538436
0,ISIC,0.7727272727272727,0.8181818181818182,0.06818181818181823,B.RF2,1995,0.045454545454545525
6,ISIC,0.8076923076923077,0.8076923076923077,0.0,B.RF2,1995,0.0
0,ISIC,0.8409090909090909,0.8181818181818182,0.0,G.RF2.CSE1,1995,-0.022727272727272707
6,ISIC,0.7692307692307693,0.8076923076923077,0.038461538461538436,G.RF2.CSE1,1995,0.038461538461538436
0,ISIC,0.7954545454545454,0.8181818181818182,0.045454545454545525,G.RF2.CSE025,1995,0.022727272727272818
6,ISIC,0.7692307692307693,0.8076923076923077,0.038461538461538436,G.RF2.CSE025,1995,0.038461538461538436
0,ISIC,0.7727272727272727,0.8181818181818182,0.045454545454545525,B.RF2.CSE1,1995,0.045454545454545525
6,ISIC,0.8076923076923077,0.8076923076923077,0.0,B.RF2.CSE1,1995,0.0
0,ISIC,0.7727272727272727,0.8181818181818182,0.045454545454545525,B.RF2.CSE025,1995,0.045454545454545525
6,ISIC,0.8076923076923077,0.8076923076923077,0.0,B.RF2.CSE025,1995,0.0
0,ISIC,0.75,0.7727272727272727,0.06818181818181823,G.SPLIT1,1995,0.022727272727272707
6,ISIC,0.8076923076923077,0.8076923076923077,0.0,G.SPLIT1,1995,0.0
0,ISIC,0.75,0.7954545454545454,0.045454545454545414,B.SPLIT1,1995,0.045454545454545414
6,ISIC,0.8076923076923077,0.8076923076923077,0.0,B.SPLIT1,1995,0.0
0,ISIC,0.7727272727272727,0.8181818181818182,0.045454545454545525,G.RPLIN1,1995,0.045454545454545525
6,ISIC,0.7692307692307693,0.8076923076923077,0.038461538461538436,G.RPLIN1,1995,0.038461538461538436
0,ISIC,0.7727272727272727,0.8181818181818182,0.045454545454545525,B.RPLIN1,1995,0.045454545454545525
6,ISIC,0.8076923076923077,0.8076923076923077,0.0,B.RPLIN1,1995,0.0
0,ISIC,0.7272727272727273,0.8181818181818182,0.09090909090909094,G.RF1.CSEperm1,1995,0.09090909090909094
6,ISIC,0.8076923076923077,0.7692307692307693,0.0,G.RF1.CSEperm1,1995,-0.038461538461538436
0,ISIC,0.75,0.7954545454545454,0.045454545454545414,B.RF1.CSEperm1,1995,0.045454545454545414
6,ISIC,0.8076923076923077,0.8076923076923077,0.0,B.RF1.CSEperm1,1995,0.0
4,ISIC,0.4634146341463415,0.5365853658536586,0.07317073170731708,F.LIN,1995,0.07317073170731708
5,ISIC,0.5135135135135135,0.4864864864864865,0.0,F.LIN,1995,-0.027027027027026973
4,ISIC,0.4878048780487805,0.5609756097560976,0.07317073170731714,G.LIN,1995,0.07317073170731714
5,ISIC,0.5135135135135135,0.4864864864864865,0.0,G.LIN,1995,-0.027027027027026973
4,ISIC,0.4146341463414634,0.5365853658536586,0.12195121951219517,B.LIN,1995,0.12195121951219517
5,ISIC,0.5135135135135135,0.4864864864864865,0.0,B.LIN,1995,-0.027027027027026973
4,ISIC,0.4634146341463415,0.5853658536585366,0.12195121951219506,F.RF1,1995,0.12195121951219506
5,ISIC,0.5135135135135135,0.4864864864864865,0.0,F.RF1,1995,-0.027027027027026973
4,ISIC,0.4878048780487805,0.5609756097560976,0.07317073170731714,G.RF1,1995,0.07317073170731714
5,ISIC,0.4594594594594595,0.4594594594594595,0.0,G.RF1,1995,0.0
4,ISIC,0.4634146341463415,0.5121951219512195,0.04878048780487804,B.RF1,1995,0.04878048780487804
5,ISIC,0.5135135135135135,0.5135135135135135,0.0,B.RF1,1995,0.0
4,ISIC,0.5121951219512195,0.5609756097560976,0.04878048780487809,G.LIN.CSE1,1995,0.04878048780487809
5,ISIC,0.5135135135135135,0.4594594594594595,0.0,G.LIN.CSE1,1995,-0.054054054054054
4,ISIC,0.4878048780487805,0.5609756097560976,0.07317073170731714,G.LIN.CSE025,1995,0.07317073170731714
5,ISIC,0.5135135135135135,0.4864864864864865,0.0,G.LIN.CSE025,1995,-0.027027027027026973
4,ISIC,0.5365853658536586,0.5609756097560976,0.024390243902439046,G.RF1.CSE1,1995,0.024390243902439046
5,ISIC,0.4594594594594595,0.43243243243243246,0.0,G.RF1.CSE1,1995,-0.02702702702702703
4,ISIC,0.5121951219512195,0.5609756097560976,0.04878048780487809,G.RF1.CSE025,1995,0.04878048780487809
5,ISIC,0.4594594594594595,0.4594594594594595,0.0,G.RF1.CSE025,1995,0.0
4,ISIC,0.4634146341463415,0.5365853658536586,0.07317073170731708,B.LIN.CSE1,1995,0.07317073170731708
5,ISIC,0.5135135135135135,0.4594594594594595,0.0,B.LIN.CSE1,1995,-0.054054054054054
4,ISIC,0.43902439024390244,0.5365853658536586,0.09756097560975613,B.LIN.CSE025,1995,0.09756097560975613
5,ISIC,0.5135135135135135,0.4864864864864865,0.0,B.LIN.CSE025,1995,-0.027027027027026973
4,ISIC,0.4634146341463415,0.5365853658536586,0.07317073170731708,B.RF1.CSE1,1995,0.07317073170731708
5,ISIC,0.5135135135135135,0.4864864864864865,0.0,B.RF1.CSE1,1995,-0.027027027027026973
4,ISIC,0.43902439024390244,0.5121951219512195,0.07317073170731708,B.RF1.CSE025,1995,0.07317073170731708
5,ISIC,0.5135135135135135,0.5135135135135135,0.0,B.RF1.CSE025,1995,0.0
4,ISIC,0.5609756097560976,0.5853658536585366,0.024390243902438935,F.LOCK1e3,1995,0.024390243902438935
5,ISIC,0.5135135135135135,0.4864864864864865,0.0,F.LOCK1e3,1995,-0.027027027027026973
4,ISIC,0.5121951219512195,0.5609756097560976,0.04878048780487809,G.LOCK5e4,1995,0.04878048780487809
5,ISIC,0.4864864864864865,0.5135135135135135,0.027027027027026973,G.LOCK5e4,1995,0.027027027027026973
4,ISIC,0.5365853658536586,0.6097560975609756,0.07317073170731703,G.LOCK1e3,1995,0.07317073170731703
5,ISIC,0.4864864864864865,0.5135135135135135,0.027027027027026973,G.LOCK1e3,1995,0.027027027027026973
4,ISIC,0.5365853658536586,0.5365853658536586,0.0,B.LOCK5e4,1995,0.0
5,ISIC,0.4864864864864865,0.4864864864864865,0.0,B.LOCK5e4,1995,0.0
4,ISIC,0.5365853658536586,0.5609756097560976,0.024390243902439046,B.LOCK1e3,1995,0.024390243902439046
5,ISIC,0.5135135135135135,0.5135135135135135,0.0,B.LOCK1e3,1995,0.0
4,ISIC,0.5121951219512195,0.5121951219512195,0.0,F.RF2,1995,0.0
5,ISIC,0.4864864864864865,0.4864864864864865,0.0,F.RF2,1995,0.0
4,ISIC,0.5365853658536586,0.5121951219512195,0.0,G.RF2,1995,-0.024390243902439046
5,ISIC,0.4864864864864865,0.5135135135135135,0.027027027027026973,G.RF2,1995,0.027027027027026973
4,ISIC,0.4634146341463415,0.5121951219512195,0.04878048780487804,B.RF2,1995,0.04878048780487804
5,ISIC,0.4864864864864865,0.4864864864864865,0.0,B.RF2,1995,0.0
4,ISIC,0.5365853658536586,0.5121951219512195,0.0,G.RF2.CSE1,1995,-0.024390243902439046
5,ISIC,0.4864864864864865,0.4594594594594595,0.0,G.RF2.CSE1,1995,-0.02702702702702703
4,ISIC,0.5365853658536586,0.5121951219512195,0.0,G.RF2.CSE025,1995,-0.024390243902439046
5,ISIC,0.4864864864864865,0.5135135135135135,0.027027027027026973,G.RF2.CSE025,1995,0.027027027027026973
4,ISIC,0.4634146341463415,0.5365853658536586,0.07317073170731708,B.RF2.CSE1,1995,0.07317073170731708
5,ISIC,0.4864864864864865,0.5135135135135135,0.027027027027026973,B.RF2.CSE1,1995,0.027027027027026973
4,ISIC,0.4634146341463415,0.5121951219512195,0.04878048780487804,B.RF2.CSE025,1995,0.04878048780487804
5,ISIC,0.4864864864864865,0.4864864864864865,0.0,B.RF2.CSE025,1995,0.0
4,ISIC,0.4634146341463415,0.5609756097560976,0.09756097560975613,G.SPLIT1,1995,0.09756097560975613
5,ISIC,0.4864864864864865,0.4594594594594595,0.0,G.SPLIT1,1995,-0.02702702702702703
4,ISIC,0.4878048780487805,0.5365853658536586,0.04878048780487809,B.SPLIT1,1995,0.04878048780487809
5,ISIC,0.5135135135135135,0.4864864864864865,0.0,B.SPLIT1,1995,-0.027027027027026973
4,ISIC,0.5121951219512195,0.5609756097560976,0.04878048780487809,G.RPLIN1,1995,0.04878048780487809
5,ISIC,0.5135135135135135,0.5135135135135135,0.0,G.RPLIN1,1995,0.0
4,ISIC,0.43902439024390244,0.5121951219512195,0.07317073170731708,B.RPLIN1,1995,0.07317073170731708
5,ISIC,0.5405405405405406,0.4864864864864865,0.0,B.RPLIN1,1995,-0.05405405405405406
4,ISIC,0.5365853658536586,0.5609756097560976,0.024390243902439046,G.RF1.CSEperm1,1995,0.024390243902439046
5,ISIC,0.4594594594594595,0.4594594594594595,0.0,G.RF1.CSEperm1,1995,0.0
4,ISIC,0.43902439024390244,0.5365853658536586,0.09756097560975613,B.RF1.CSEperm1,1995,0.09756097560975613
5,ISIC,0.5405405405405406,0.5135135135135135,0.0,B.RF1.CSEperm1,1995,-0.027027027027027084
2,ISIC,0.6086956521739131,0.6086956521739131,0.0,F.LIN,1995,0.0
7,ISIC,0.5,0.5,0.0,F.LIN,1995,0.0
2,ISIC,0.5869565217391305,0.5869565217391305,0.0,G.LIN,1995,0.0
7,ISIC,0.375,0.375,0.0,G.LIN,1995,0.0
2,ISIC,0.6304347826086957,0.6304347826086957,0.0,B.LIN,1995,0.0
7,ISIC,0.5416666666666666,0.5416666666666666,0.0,B.LIN,1995,0.0
2,ISIC,0.5,0.5,0.0,F.RF1,1995,0.0
7,ISIC,0.4166666666666667,0.4166666666666667,0.0,F.RF1,1995,0.0
2,ISIC,0.5217391304347826,0.5217391304347826,0.0,G.RF1,1995,0.0
7,ISIC,0.4166666666666667,0.4166666666666667,0.0,G.RF1,1995,0.0
2,ISIC,0.717391304347826,0.717391304347826,0.0,B.RF1,1995,0.0
7,ISIC,0.4583333333333333,0.4583333333333333,0.0,B.RF1,1995,0.0
2,ISIC,0.5652173913043478,0.5652173913043478,0.0,G.LIN.CSE1,1995,0.0
7,ISIC,0.3333333333333333,0.3333333333333333,0.0,G.LIN.CSE1,1995,0.0
2,ISIC,0.5652173913043478,0.5652173913043478,0.0,G.LIN.CSE025,1995,0.0
7,ISIC,0.375,0.375,0.0,G.LIN.CSE025,1995,0.0
2,ISIC,0.5,0.5,0.0,G.RF1.CSE1,1995,0.0
7,ISIC,0.3333333333333333,0.3333333333333333,0.0,G.RF1.CSE1,1995,0.0
2,ISIC,0.5217391304347826,0.5217391304347826,0.0,G.RF1.CSE025,1995,0.0
7,ISIC,0.4166666666666667,0.4166666666666667,0.0,G.RF1.CSE025,1995,0.0
2,ISIC,0.6086956521739131,0.6086956521739131,0.0,B.LIN.CSE1,1995,0.0
7,ISIC,0.5416666666666666,0.5416666666666666,0.0,B.LIN.CSE1,1995,0.0
2,ISIC,0.6086956521739131,0.6086956521739131,0.0,B.LIN.CSE025,1995,0.0
7,ISIC,0.5416666666666666,0.5416666666666666,0.0,B.LIN.CSE025,1995,0.0
2,ISIC,0.6956521739130435,0.6956521739130435,0.0,B.RF1.CSE1,1995,0.0
7,ISIC,0.4583333333333333,0.4583333333333333,0.0,B.RF1.CSE1,1995,0.0
2,ISIC,0.6956521739130435,0.6956521739130435,0.0,B.RF1.CSE025,1995,0.0
7,ISIC,0.4583333333333333,0.4583333333333333,0.0,B.RF1.CSE025,1995,0.0
2,ISIC,0.4782608695652174,0.4782608695652174,0.0,F.LOCK1e3,1995,0.0
7,ISIC,0.5833333333333334,0.5833333333333334,0.0,F.LOCK1e3,1995,0.0
2,ISIC,0.4782608695652174,0.4782608695652174,0.0,G.LOCK5e4,1995,0.0
7,ISIC,0.5,0.5,0.0,G.LOCK5e4,1995,0.0
2,ISIC,0.4782608695652174,0.4782608695652174,0.0,G.LOCK1e3,1995,0.0
7,ISIC,0.5,0.5,0.0,G.LOCK1e3,1995,0.0
2,ISIC,0.6086956521739131,0.6086956521739131,0.0,B.LOCK5e4,1995,0.0
7,ISIC,0.5833333333333334,0.5833333333333334,0.0,B.LOCK5e4,1995,0.0
2,ISIC,0.5434782608695652,0.5434782608695652,0.0,B.LOCK1e3,1995,0.0
7,ISIC,0.625,0.625,0.0,B.LOCK1e3,1995,0.0
2,ISIC,0.5869565217391305,0.5869565217391305,0.0,F.RF2,1995,0.0
7,ISIC,0.5,0.5,0.0,F.RF2,1995,0.0
2,ISIC,0.5,0.5,0.0,G.RF2,1995,0.0
7,ISIC,0.4166666666666667,0.4166666666666667,0.0,G.RF2,1995,0.0
2,ISIC,0.717391304347826,0.717391304347826,0.0,B.RF2,1995,0.0
7,ISIC,0.4583333333333333,0.4583333333333333,0.0,B.RF2,1995,0.0
2,ISIC,0.5,0.5,0.0,G.RF2.CSE1,1995,0.0
7,ISIC,0.375,0.375,0.0,G.RF2.CSE1,1995,0.0
2,ISIC,0.5,0.5,0.0,G.RF2.CSE025,1995,0.0
7,ISIC,0.4166666666666667,0.4166666666666667,0.0,G.RF2.CSE025,1995,0.0
2,ISIC,0.6956521739130435,0.6956521739130435,0.0,B.RF2.CSE1,1995,0.0
7,ISIC,0.5,0.5,0.0,B.RF2.CSE1,1995,0.0
2,ISIC,0.717391304347826,0.717391304347826,0.0,B.RF2.CSE025,1995,0.0
7,ISIC,0.5,0.5,0.0,B.RF2.CSE025,1995,0.0
2,ISIC,0.5434782608695652,0.5434782608695652,0.0,G.SPLIT1,1995,0.0
7,ISIC,0.4166666666666667,0.4166666666666667,0.0,G.SPLIT1,1995,0.0
2,ISIC,0.6304347826086957,0.6304347826086957,0.0,B.SPLIT1,1995,0.0
7,ISIC,0.4166666666666667,0.4166666666666667,0.0,B.SPLIT1,1995,0.0
2,ISIC,0.5,0.5,0.0,G.RPLIN1,1995,0.0
7,ISIC,0.375,0.375,0.0,G.RPLIN1,1995,0.0
2,ISIC,0.5869565217391305,0.5869565217391305,0.0,B.RPLIN1,1995,0.0
7,ISIC,0.625,0.625,0.0,B.RPLIN1,1995,0.0
2,ISIC,0.5434782608695652,0.5434782608695652,0.0,G.RF1.CSEperm1,1995,0.0
7,ISIC,0.375,0.375,0.0,G.RF1.CSEperm1,1995,0.0
2,ISIC,0.6956521739130435,0.6956521739130435,0.0,B.RF1.CSEperm1,1995,0.0
7,ISIC,0.4583333333333333,0.4583333333333333,0.0,B.RF1.CSEperm1,1995,0.0
0,HK,0.7142857142857143,1.0,0.2857142857142857,F.LIN,1993,0.2857142857142857
4,HK,0.8666666666666667,1.0,0.1333333333333333,F.LIN,1993,0.1333333333333333
0,HK,0.7142857142857143,1.0,0.2857142857142857,G.LIN,1993,0.2857142857142857
4,HK,0.8727272727272727,1.0,0.12727272727272732,G.LIN,1993,0.12727272727272732
0,HK,0.7142857142857143,1.0,0.2857142857142857,B.LIN,1993,0.2857142857142857
4,HK,0.8606060606060606,1.0,0.1393939393939394,B.LIN,1993,0.1393939393939394
0,HK,0.7142857142857143,1.0,0.2857142857142857,F.RF1,1993,0.2857142857142857
4,HK,0.8606060606060606,1.0,0.1393939393939394,F.RF1,1993,0.1393939393939394
0,HK,0.7142857142857143,1.0,0.2857142857142857,G.RF1,1993,0.2857142857142857
4,HK,0.8848484848484849,1.0,0.11515151515151512,G.RF1,1993,0.11515151515151512
0,HK,0.5714285714285714,1.0,0.4285714285714286,B.RF1,1993,0.4285714285714286
4,HK,0.8727272727272727,1.0,0.12727272727272732,B.RF1,1993,0.12727272727272732
0,HK,0.7142857142857143,1.0,0.2857142857142857,G.LIN.CSE1,1993,0.2857142857142857
4,HK,0.9090909090909091,1.0,0.09090909090909094,G.LIN.CSE1,1993,0.09090909090909094
0,HK,0.7142857142857143,1.0,0.2857142857142857,G.LIN.CSE025,1993,0.2857142857142857
4,HK,0.8787878787878788,1.0,0.12121212121212122,G.LIN.CSE025,1993,0.12121212121212122
0,HK,0.7142857142857143,1.0,0.2857142857142857,G.RF1.CSE1,1993,0.2857142857142857
4,HK,0.9090909090909091,1.0,0.09090909090909094,G.RF1.CSE1,1993,0.09090909090909094
0,HK,0.7142857142857143,1.0,0.2857142857142857,G.RF1.CSE025,1993,0.2857142857142857
4,HK,0.8848484848484849,1.0,0.11515151515151512,G.RF1.CSE025,1993,0.11515151515151512
0,HK,0.5714285714285714,1.0,0.4285714285714286,B.LIN.CSE1,1993,0.4285714285714286
4,HK,0.8848484848484849,1.0,0.11515151515151512,B.LIN.CSE1,1993,0.11515151515151512
0,HK,0.7142857142857143,1.0,0.2857142857142857,B.LIN.CSE025,1993,0.2857142857142857
4,HK,0.8666666666666667,1.0,0.1333333333333333,B.LIN.CSE025,1993,0.1333333333333333
0,HK,0.5714285714285714,1.0,0.4285714285714286,B.RF1.CSE1,1993,0.4285714285714286
4,HK,0.8848484848484849,1.0,0.11515151515151512,B.RF1.CSE1,1993,0.11515151515151512
0,HK,0.5714285714285714,1.0,0.4285714285714286,B.RF1.CSE025,1993,0.4285714285714286
4,HK,0.8787878787878788,1.0,0.12121212121212122,B.RF1.CSE025,1993,0.12121212121212122
0,HK,0.7142857142857143,1.0,0.2857142857142857,F.LOCK1e3,1993,0.2857142857142857
4,HK,0.8666666666666667,1.0,0.1333333333333333,F.LOCK1e3,1993,0.1333333333333333
0,HK,0.7142857142857143,1.0,0.2857142857142857,G.LOCK5e4,1993,0.2857142857142857
4,HK,0.8666666666666667,1.0,0.1333333333333333,G.LOCK5e4,1993,0.1333333333333333
0,HK,0.7142857142857143,1.0,0.2857142857142857,G.LOCK1e3,1993,0.2857142857142857
4,HK,0.8727272727272727,1.0,0.12727272727272732,G.LOCK1e3,1993,0.12727272727272732
0,HK,0.5714285714285714,1.0,0.4285714285714286,B.LOCK5e4,1993,0.4285714285714286
4,HK,0.8606060606060606,1.0,0.1393939393939394,B.LOCK5e4,1993,0.1393939393939394
0,HK,0.7142857142857143,1.0,0.2857142857142857,B.LOCK1e3,1993,0.2857142857142857
4,HK,0.8606060606060606,1.0,0.1393939393939394,B.LOCK1e3,1993,0.1393939393939394
0,HK,0.7142857142857143,1.0,0.2857142857142857,F.RF2,1993,0.2857142857142857
4,HK,0.8545454545454545,1.0,0.1454545454545455,F.RF2,1993,0.1454545454545455
0,HK,0.7142857142857143,1.0,0.2857142857142857,G.RF2,1993,0.2857142857142857
4,HK,0.8666666666666667,1.0,0.1333333333333333,G.RF2,1993,0.1333333333333333
0,HK,0.5714285714285714,1.0,0.4285714285714286,B.RF2,1993,0.4285714285714286
4,HK,0.8606060606060606,1.0,0.1393939393939394,B.RF2,1993,0.1393939393939394
0,HK,0.7142857142857143,1.0,0.2857142857142857,G.RF2.CSE1,1993,0.2857142857142857
4,HK,0.9090909090909091,1.0,0.09090909090909094,G.RF2.CSE1,1993,0.09090909090909094
0,HK,0.7142857142857143,1.0,0.2857142857142857,G.RF2.CSE025,1993,0.2857142857142857
4,HK,0.8787878787878788,1.0,0.12121212121212122,G.RF2.CSE025,1993,0.12121212121212122
0,HK,0.5714285714285714,1.0,0.4285714285714286,B.RF2.CSE1,1993,0.4285714285714286
4,HK,0.8787878787878788,1.0,0.12121212121212122,B.RF2.CSE1,1993,0.12121212121212122
0,HK,0.5714285714285714,1.0,0.4285714285714286,B.RF2.CSE025,1993,0.4285714285714286
4,HK,0.8666666666666667,1.0,0.1333333333333333,B.RF2.CSE025,1993,0.1333333333333333
0,HK,0.8571428571428571,1.0,0.1428571428571429,G.SPLIT1,1993,0.1428571428571429
4,HK,0.8787878787878788,1.0,0.12121212121212122,G.SPLIT1,1993,0.12121212121212122
0,HK,0.5714285714285714,1.0,0.4285714285714286,B.SPLIT1,1993,0.4285714285714286
4,HK,0.8727272727272727,1.0,0.12727272727272732,B.SPLIT1,1993,0.12727272727272732
0,HK,0.7142857142857143,1.0,0.2857142857142857,G.RPLIN1,1993,0.2857142857142857
4,HK,0.8666666666666667,1.0,0.1333333333333333,G.RPLIN1,1993,0.1333333333333333
0,HK,0.5714285714285714,1.0,0.4285714285714286,B.RPLIN1,1993,0.4285714285714286
4,HK,0.8484848484848485,1.0,0.1515151515151515,B.RPLIN1,1993,0.1515151515151515
0,HK,0.7142857142857143,1.0,0.2857142857142857,G.RF1.CSEperm1,1993,0.2857142857142857
4,HK,0.8787878787878788,1.0,0.12121212121212122,G.RF1.CSEperm1,1993,0.12121212121212122
0,HK,0.5714285714285714,1.0,0.4285714285714286,B.RF1.CSEperm1,1993,0.4285714285714286
4,HK,0.896969696969697,1.0,0.10303030303030303,B.RF1.CSEperm1,1993,0.10303030303030303
12,HK,0.8292682926829268,0.8780487804878049,0.04878048780487809,F.LIN,1993,0.04878048780487809
8,HK,0.9803921568627451,1.0,0.019607843137254943,F.LIN,1993,0.019607843137254943
12,HK,0.7804878048780488,0.8780487804878049,0.09756097560975607,G.LIN,1993,0.09756097560975607
8,HK,0.9869281045751634,1.0,0.013071895424836555,G.LIN,1993,0.013071895424836555
12,HK,0.8536585365853658,0.926829268292683,0.07317073170731714,B.LIN,1993,0.07317073170731714
8,HK,0.9673202614379085,1.0,0.0326797385620915,B.LIN,1993,0.0326797385620915
12,HK,0.8536585365853658,0.8780487804878049,0.024390243902439046,F.RF1,1993,0.024390243902439046
8,HK,0.9803921568627451,1.0,0.019607843137254943,F.RF1,1993,0.019607843137254943
12,HK,0.7804878048780488,0.9024390243902439,0.12195121951219512,G.RF1,1993,0.12195121951219512
8,HK,0.9869281045751634,1.0,0.013071895424836555,G.RF1,1993,0.013071895424836555
12,HK,0.8536585365853658,0.9024390243902439,0.04878048780487809,B.RF1,1993,0.04878048780487809
8,HK,0.9738562091503268,1.0,0.02614379084967322,B.RF1,1993,0.02614379084967322
12,HK,0.7804878048780488,0.8780487804878049,0.09756097560975607,G.LIN.CSE1,1993,0.09756097560975607
8,HK,0.9869281045751634,1.0,0.013071895424836555,G.LIN.CSE1,1993,0.013071895424836555
12,HK,0.7560975609756098,0.8780487804878049,0.12195121951219512,G.LIN.CSE025,1993,0.12195121951219512
8,HK,0.9869281045751634,1.0,0.013071895424836555,G.LIN.CSE025,1993,0.013071895424836555
12,HK,0.7804878048780488,0.9024390243902439,0.12195121951219512,G.RF1.CSE1,1993,0.12195121951219512
8,HK,0.9869281045751634,1.0,0.013071895424836555,G.RF1.CSE1,1993,0.013071895424836555
12,HK,0.7804878048780488,0.9024390243902439,0.12195121951219512,G.RF1.CSE025,1993,0.12195121951219512
8,HK,0.9869281045751634,1.0,0.013071895424836555,G.RF1.CSE025,1993,0.013071895424836555
12,HK,0.8536585365853658,0.926829268292683,0.07317073170731714,B.LIN.CSE1,1993,0.07317073170731714
8,HK,0.9869281045751634,1.0,0.013071895424836555,B.LIN.CSE1,1993,0.013071895424836555
12,HK,0.8536585365853658,0.926829268292683,0.07317073170731714,B.LIN.CSE025,1993,0.07317073170731714
8,HK,0.9803921568627451,1.0,0.019607843137254943,B.LIN.CSE025,1993,0.019607843137254943
12,HK,0.8780487804878049,0.9024390243902439,0.024390243902439046,B.RF1.CSE1,1993,0.024390243902439046
8,HK,0.9869281045751634,1.0,0.013071895424836555,B.RF1.CSE1,1993,0.013071895424836555
12,HK,0.8536585365853658,0.9024390243902439,0.04878048780487809,B.RF1.CSE025,1993,0.04878048780487809
8,HK,0.9803921568627451,1.0,0.019607843137254943,B.RF1.CSE025,1993,0.019607843137254943
12,HK,0.8292682926829268,0.8780487804878049,0.04878048780487809,F.LOCK1e3,1993,0.04878048780487809
8,HK,0.9803921568627451,1.0,0.019607843137254943,F.LOCK1e3,1993,0.019607843137254943
12,HK,0.7804878048780488,0.8780487804878049,0.09756097560975607,G.LOCK5e4,1993,0.09756097560975607
8,HK,0.9934640522875817,1.0,0.006535947712418277,G.LOCK5e4,1993,0.006535947712418277
12,HK,0.7804878048780488,0.8780487804878049,0.09756097560975607,G.LOCK1e3,1993,0.09756097560975607
8,HK,0.9869281045751634,1.0,0.013071895424836555,G.LOCK1e3,1993,0.013071895424836555
12,HK,0.8292682926829268,0.926829268292683,0.09756097560975618,B.LOCK5e4,1993,0.09756097560975618
8,HK,0.9869281045751634,1.0,0.013071895424836555,B.LOCK5e4,1993,0.013071895424836555
12,HK,0.8536585365853658,0.926829268292683,0.07317073170731714,B.LOCK1e3,1993,0.07317073170731714
8,HK,0.9673202614379085,1.0,0.0326797385620915,B.LOCK1e3,1993,0.0326797385620915
12,HK,0.8292682926829268,0.8780487804878049,0.04878048780487809,F.RF2,1993,0.04878048780487809
8,HK,0.9803921568627451,1.0,0.019607843137254943,F.RF2,1993,0.019607843137254943
12,HK,0.7560975609756098,0.8780487804878049,0.12195121951219512,G.RF2,1993,0.12195121951219512
8,HK,0.9869281045751634,1.0,0.013071895424836555,G.RF2,1993,0.013071895424836555
12,HK,0.7804878048780488,0.926829268292683,0.14634146341463417,B.RF2,1993,0.14634146341463417
8,HK,0.9803921568627451,1.0,0.019607843137254943,B.RF2,1993,0.019607843137254943
12,HK,0.7560975609756098,0.8780487804878049,0.12195121951219512,G.RF2.CSE1,1993,0.12195121951219512
8,HK,0.9934640522875817,1.0,0.006535947712418277,G.RF2.CSE1,1993,0.006535947712418277
12,HK,0.7560975609756098,0.8780487804878049,0.12195121951219512,G.RF2.CSE025,1993,0.12195121951219512
8,HK,0.9869281045751634,1.0,0.013071895424836555,G.RF2.CSE025,1993,0.013071895424836555
12,HK,0.8292682926829268,0.926829268292683,0.09756097560975618,B.RF2.CSE1,1993,0.09756097560975618
8,HK,0.9934640522875817,1.0,0.006535947712418277,B.RF2.CSE1,1993,0.006535947712418277
12,HK,0.7804878048780488,0.926829268292683,0.14634146341463417,B.RF2.CSE025,1993,0.14634146341463417
8,HK,0.9934640522875817,1.0,0.006535947712418277,B.RF2.CSE025,1993,0.006535947712418277
12,HK,0.8048780487804879,0.9024390243902439,0.09756097560975607,G.SPLIT1,1993,0.09756097560975607
8,HK,0.9934640522875817,1.0,0.006535947712418277,G.SPLIT1,1993,0.006535947712418277
12,HK,0.8536585365853658,0.8780487804878049,0.024390243902439046,B.SPLIT1,1993,0.024390243902439046
8,HK,0.9738562091503268,1.0,0.02614379084967322,B.SPLIT1,1993,0.02614379084967322
12,HK,0.8048780487804879,0.8780487804878049,0.07317073170731703,G.RPLIN1,1993,0.07317073170731703
8,HK,0.9869281045751634,1.0,0.013071895424836555,G.RPLIN1,1993,0.013071895424836555
12,HK,0.8292682926829268,0.9024390243902439,0.07317073170731714,B.RPLIN1,1993,0.07317073170731714
8,HK,0.9869281045751634,1.0,0.013071895424836555,B.RPLIN1,1993,0.013071895424836555
12,HK,0.8292682926829268,0.9024390243902439,0.07317073170731714,G.RF1.CSEperm1,1993,0.07317073170731714
8,HK,0.9934640522875817,1.0,0.006535947712418277,G.RF1.CSEperm1,1993,0.006535947712418277
12,HK,0.9024390243902439,0.8536585365853658,0.0,B.RF1.CSEperm1,1993,-0.04878048780487809
8,HK,0.9869281045751634,1.0,0.013071895424836555,B.RF1.CSEperm1,1993,0.013071895424836555
2,HK,0.8296703296703297,1.0,0.17032967032967028,F.LIN,1993,0.17032967032967028
11,HK,0.22950819672131148,0.6557377049180327,0.42622950819672123,F.LIN,1993,0.42622950819672123
2,HK,0.8351648351648352,1.0,0.1648351648351648,G.LIN,1993,0.1648351648351648
11,HK,0.2786885245901639,0.7213114754098361,0.4426229508196722,G.LIN,1993,0.4426229508196722
2,HK,0.7802197802197802,1.0,0.21978021978021978,B.LIN,1993,0.21978021978021978
11,HK,0.18032786885245902,0.7213114754098361,0.5409836065573771,B.LIN,1993,0.5409836065573771
2,HK,0.8241758241758241,1.0,0.17582417582417587,F.RF1,1993,0.17582417582417587
11,HK,0.26229508196721313,0.7049180327868853,0.4426229508196721,F.RF1,1993,0.4426229508196721
2,HK,0.8186813186813187,1.0,0.18131868131868134,G.RF1,1993,0.18131868131868134
11,HK,0.29508196721311475,0.7213114754098361,0.4426229508196722,G.RF1,1993,0.42622950819672134
2,HK,0.7967032967032966,1.0,0.20329670329670335,B.RF1,1993,0.20329670329670335
11,HK,0.2459016393442623,0.7704918032786885,0.5245901639344261,B.RF1,1993,0.5245901639344261
2,HK,0.8131868131868132,1.0,0.18681318681318682,G.LIN.CSE1,1993,0.18681318681318682
11,HK,0.4098360655737705,0.7704918032786885,0.360655737704918,G.LIN.CSE1,1993,0.360655737704918
2,HK,0.8296703296703297,1.0,0.17032967032967028,G.LIN.CSE025,1993,0.17032967032967028
11,HK,0.2786885245901639,0.7213114754098361,0.4426229508196722,G.LIN.CSE025,1993,0.4426229508196722
2,HK,0.8186813186813187,1.0,0.18131868131868134,G.RF1.CSE1,1993,0.18131868131868134
11,HK,0.4262295081967213,0.7868852459016393,0.36065573770491804,G.RF1.CSE1,1993,0.36065573770491804
2,HK,0.8241758241758241,1.0,0.17582417582417587,G.RF1.CSE025,1993,0.17582417582417587
11,HK,0.29508196721311475,0.7377049180327869,0.4426229508196722,G.RF1.CSE025,1993,0.4426229508196722
2,HK,0.8021978021978022,1.0,0.19780219780219777,B.LIN.CSE1,1993,0.19780219780219777
11,HK,0.3442622950819672,0.7540983606557377,0.40983606557377045,B.LIN.CSE1,1993,0.40983606557377045
2,HK,0.7857142857142857,1.0,0.2142857142857143,B.LIN.CSE025,1993,0.2142857142857143
11,HK,0.21311475409836064,0.7213114754098361,0.5081967213114754,B.LIN.CSE025,1993,0.5081967213114754
2,HK,0.8186813186813187,1.0,0.18131868131868134,B.RF1.CSE1,1993,0.18131868131868134
11,HK,0.3770491803278688,0.7868852459016393,0.4098360655737705,B.RF1.CSE1,1993,0.4098360655737705
2,HK,0.8021978021978022,1.0,0.19780219780219777,B.RF1.CSE025,1993,0.19780219780219777
11,HK,0.29508196721311475,0.7704918032786885,0.47540983606557374,B.RF1.CSE025,1993,0.47540983606557374
2,HK,0.8296703296703297,1.0,0.17032967032967028,F.LOCK1e3,1993,0.17032967032967028
11,HK,0.22950819672131148,0.6557377049180327,0.42622950819672123,F.LOCK1e3,1993,0.42622950819672123
2,HK,0.8461538461538461,1.0,0.15384615384615385,G.LOCK5e4,1993,0.15384615384615385
11,HK,0.3114754098360656,0.7540983606557377,0.44262295081967207,G.LOCK5e4,1993,0.44262295081967207
2,HK,0.8351648351648352,1.0,0.1648351648351648,G.LOCK1e3,1993,0.1648351648351648
11,HK,0.2786885245901639,0.7213114754098361,0.4426229508196722,G.LOCK1e3,1993,0.4426229508196722
2,HK,0.8021978021978022,1.0,0.19780219780219777,B.LOCK5e4,1993,0.19780219780219777
11,HK,0.22950819672131148,0.7704918032786885,0.540983606557377,B.LOCK5e4,1993,0.540983606557377
2,HK,0.7802197802197802,1.0,0.21978021978021978,B.LOCK1e3,1993,0.21978021978021978
11,HK,0.18032786885245902,0.7213114754098361,0.5409836065573771,B.LOCK1e3,1993,0.5409836065573771
2,HK,0.8296703296703297,1.0,0.17032967032967028,F.RF2,1993,0.17032967032967028
11,HK,0.26229508196721313,0.7049180327868853,0.4426229508196721,F.RF2,1993,0.4426229508196721
2,HK,0.8296703296703297,1.0,0.17032967032967028,G.RF2,1993,0.17032967032967028
11,HK,0.2459016393442623,0.7704918032786885,0.5245901639344261,G.RF2,1993,0.5245901639344261
2,HK,0.8021978021978022,1.0,0.19780219780219777,B.RF2,1993,0.19780219780219777
11,HK,0.29508196721311475,0.7540983606557377,0.4590163934426229,B.RF2,1993,0.4590163934426229
2,HK,0.8241758241758241,1.0,0.17582417582417587,G.RF2.CSE1,1993,0.17582417582417587
11,HK,0.4262295081967213,0.7704918032786885,0.36065573770491804,G.RF2.CSE1,1993,0.3442622950819672
2,HK,0.8296703296703297,1.0,0.17032967032967028,G.RF2.CSE025,1993,0.17032967032967028
11,HK,0.2786885245901639,0.7704918032786885,0.4918032786885246,G.RF2.CSE025,1993,0.4918032786885246
2,HK,0.8241758241758241,1.0,0.17582417582417587,B.RF2.CSE1,1993,0.17582417582417587
11,HK,0.39344262295081966,0.7213114754098361,0.34426229508196726,B.RF2.CSE1,1993,0.3278688524590164
2,HK,0.8076923076923077,1.0,0.1923076923076923,B.RF2.CSE025,1993,0.1923076923076923
11,HK,0.29508196721311475,0.7540983606557377,0.4590163934426229,B.RF2.CSE025,1993,0.4590163934426229
2,HK,0.8461538461538461,1.0,0.15384615384615385,G.SPLIT1,1993,0.15384615384615385
11,HK,0.29508196721311475,0.7704918032786885,0.47540983606557374,G.SPLIT1,1993,0.47540983606557374
2,HK,0.7967032967032966,1.0,0.20329670329670335,B.SPLIT1,1993,0.20329670329670335
11,HK,0.2786885245901639,0.7704918032786885,0.4918032786885246,B.SPLIT1,1993,0.4918032786885246
2,HK,0.8241758241758241,1.0,0.17582417582417587,G.RPLIN1,1993,0.17582417582417587
11,HK,0.26229508196721313,0.7213114754098361,0.45901639344262296,G.RPLIN1,1993,0.45901639344262296
2,HK,0.8021978021978022,1.0,0.19780219780219777,B.RPLIN1,1993,0.19780219780219777
11,HK,0.21311475409836064,0.7377049180327869,0.5245901639344263,B.RPLIN1,1993,0.5245901639344263
2,HK,0.8021978021978022,1.0,0.19780219780219777,G.RF1.CSEperm1,1993,0.19780219780219777
11,HK,0.22950819672131148,0.7213114754098361,0.5081967213114754,G.RF1.CSEperm1,1993,0.4918032786885246
2,HK,0.7912087912087912,1.0,0.20879120879120883,B.RF1.CSEperm1,1993,0.20879120879120883
11,HK,0.11475409836065574,0.5737704918032787,0.47540983606557374,B.RF1.CSEperm1,1993,0.4590163934426229
17,HK,0.6,1.0,0.4,F.LIN,1993,0.4
3,HK,0.8280254777070064,0.8471337579617835,0.031847133757961776,F.LIN,1993,0.019108280254777066
17,HK,0.8,1.0,0.19999999999999996,G.LIN,1993,0.19999999999999996
3,HK,0.821656050955414,0.8407643312101911,0.03821656050955413,G.LIN,1993,0.019108280254777066
17,HK,0.4,1.0,0.6,B.LIN,1993,0.6
3,HK,0.821656050955414,0.8789808917197452,0.06369426751592355,B.LIN,1993,0.0573248407643312
17,HK,0.6,1.0,0.4,F.RF1,1993,0.4
3,HK,0.8152866242038217,0.8598726114649682,0.04458598726114649,F.RF1,1993,0.04458598726114649
17,HK,0.8,1.0,0.19999999999999996,G.RF1,1993,0.19999999999999996
3,HK,0.7898089171974523,0.8152866242038217,0.03821656050955413,G.RF1,1993,0.02547770700636942
17,HK,0.6,1.0,0.4,B.RF1,1993,0.4
3,HK,0.8535031847133758,0.8662420382165605,0.019108280254777066,B.RF1,1993,0.01273885350318471
17,HK,1.0,1.0,0.0,G.LIN.CSE1,1993,0.0
3,HK,0.7261146496815286,0.8152866242038217,0.1019108280254778,G.LIN.CSE1,1993,0.08917197452229308
17,HK,0.8,1.0,0.19999999999999996,G.LIN.CSE025,1993,0.19999999999999996
3,HK,0.8089171974522293,0.8343949044585988,0.031847133757961776,G.LIN.CSE025,1993,0.02547770700636942
17,HK,1.0,1.0,0.0,G.RF1.CSE1,1993,0.0
3,HK,0.7070063694267515,0.7770700636942676,0.07006369426751602,G.RF1.CSE1,1993,0.07006369426751602
17,HK,0.8,1.0,0.19999999999999996,G.RF1.CSE025,1993,0.19999999999999996
3,HK,0.7643312101910829,0.8089171974522293,0.05095541401273884,G.RF1.CSE025,1993,0.04458598726114649
17,HK,0.4,0.8,0.6,B.LIN.CSE1,1993,0.4
3,HK,0.7898089171974523,0.8407643312101911,0.0573248407643312,B.LIN.CSE1,1993,0.05095541401273884
17,HK,0.4,1.0,0.6,B.LIN.CSE025,1993,0.6
3,HK,0.8280254777070064,0.8662420382165605,0.0573248407643312,B.LIN.CSE025,1993,0.03821656050955413
17,HK,0.6,1.0,0.4,B.RF1.CSE1,1993,0.4
3,HK,0.8407643312101911,0.8662420382165605,0.031847133757961776,B.RF1.CSE1,1993,0.02547770700636942
17,HK,0.6,1.0,0.4,B.RF1.CSE025,1993,0.4
3,HK,0.8471337579617835,0.8662420382165605,0.031847133757961776,B.RF1.CSE025,1993,0.019108280254777066
17,HK,0.6,1.0,0.4,F.LOCK1e3,1993,0.4
3,HK,0.8280254777070064,0.8471337579617835,0.031847133757961776,F.LOCK1e3,1993,0.019108280254777066
17,HK,0.8,1.0,0.19999999999999996,G.LOCK5e4,1993,0.19999999999999996
3,HK,0.8662420382165605,0.8471337579617835,0.0,G.LOCK5e4,1993,-0.019108280254777066
17,HK,0.8,1.0,0.19999999999999996,G.LOCK1e3,1993,0.19999999999999996
3,HK,0.821656050955414,0.8407643312101911,0.03821656050955413,G.LOCK1e3,1993,0.019108280254777066
17,HK,0.8,1.0,0.19999999999999996,B.LOCK5e4,1993,0.19999999999999996
3,HK,0.8407643312101911,0.8789808917197452,0.03821656050955413,B.LOCK5e4,1993,0.03821656050955413
17,HK,0.4,1.0,0.6,B.LOCK1e3,1993,0.6
3,HK,0.821656050955414,0.8789808917197452,0.06369426751592355,B.LOCK1e3,1993,0.0573248407643312
17,HK,0.6,1.0,0.4,F.RF2,1993,0.4
3,HK,0.821656050955414,0.8598726114649682,0.03821656050955413,F.RF2,1993,0.03821656050955413
17,HK,1.0,1.0,0.0,G.RF2,1993,0.0
3,HK,0.821656050955414,0.8598726114649682,0.03821656050955413,G.RF2,1993,0.03821656050955413
17,HK,0.4,1.0,0.6,B.RF2,1993,0.6
3,HK,0.8598726114649682,0.8598726114649682,0.006369426751592355,B.RF2,1993,0.0
17,HK,1.0,1.0,0.0,G.RF2.CSE1,1993,0.0
3,HK,0.7070063694267515,0.821656050955414,0.1146496815286625,G.RF2.CSE1,1993,0.1146496815286625
17,HK,1.0,1.0,0.0,G.RF2.CSE025,1993,0.0
3,HK,0.7770700636942676,0.8598726114649682,0.08280254777070062,G.RF2.CSE025,1993,0.08280254777070062
17,HK,0.4,0.8,0.6,B.RF2.CSE1,1993,0.4
3,HK,0.8152866242038217,0.8471337579617835,0.03821656050955413,B.RF2.CSE1,1993,0.031847133757961776
17,HK,0.4,1.0,0.6,B.RF2.CSE025,1993,0.6
3,HK,0.8407643312101911,0.8598726114649682,0.02547770700636942,B.RF2.CSE025,1993,0.019108280254777066
17,HK,0.8,1.0,0.19999999999999996,G.SPLIT1,1993,0.19999999999999996
3,HK,0.8407643312101911,0.8535031847133758,0.019108280254777066,G.SPLIT1,1993,0.01273885350318471
17,HK,0.6,1.0,0.4,B.SPLIT1,1993,0.4
3,HK,0.8407643312101911,0.8726114649681529,0.03821656050955413,B.SPLIT1,1993,0.031847133757961776
17,HK,0.8,1.0,0.19999999999999996,G.RPLIN1,1993,0.19999999999999996
3,HK,0.802547770700637,0.8407643312101911,0.03821656050955413,G.RPLIN1,1993,0.03821656050955413
17,HK,0.8,1.0,0.19999999999999996,B.RPLIN1,1993,0.19999999999999996
3,HK,0.8471337579617835,0.8598726114649682,0.02547770700636942,B.RPLIN1,1993,0.01273885350318471
17,HK,1.0,1.0,0.0,G.RF1.CSEperm1,1993,0.0
3,HK,0.7961783439490446,0.8407643312101911,0.04458598726114649,G.RF1.CSEperm1,1993,0.04458598726114649
17,HK,0.6,1.0,0.4,B.RF1.CSEperm1,1993,0.4
3,HK,0.802547770700637,0.8598726114649682,0.0573248407643312,B.RF1.CSEperm1,1993,0.0573248407643312
21,HK,0.0,1.0,1.0,F.LIN,1993,1.0
16,HK,0.375,0.5,0.125,F.LIN,1993,0.125
21,HK,0.0,1.0,1.0,G.LIN,1993,1.0
16,HK,0.25,0.5,0.25,G.LIN,1993,0.25
21,HK,0.25,1.0,0.75,B.LIN,1993,0.75
16,HK,0.25,0.375,0.125,B.LIN,1993,0.125
21,HK,0.25,1.0,0.75,F.RF1,1993,0.75
16,HK,0.375,0.5,0.125,F.RF1,1993,0.125
21,HK,0.0,1.0,1.0,G.RF1,1993,1.0
16,HK,0.25,0.5,0.375,G.RF1,1993,0.25
21,HK,0.25,1.0,0.75,B.RF1,1993,0.75
16,HK,0.25,0.375,0.125,B.RF1,1993,0.125
21,HK,0.0,1.0,1.0,G.LIN.CSE1,1993,1.0
16,HK,0.25,0.5,0.25,G.LIN.CSE1,1993,0.25
21,HK,0.0,1.0,1.0,G.LIN.CSE025,1993,1.0
16,HK,0.25,0.5,0.25,G.LIN.CSE025,1993,0.25
21,HK,0.0,1.0,1.0,G.RF1.CSE1,1993,1.0
16,HK,0.375,0.5,0.125,G.RF1.CSE1,1993,0.125
21,HK,0.0,1.0,1.0,G.RF1.CSE025,1993,1.0
16,HK,0.25,0.5,0.375,G.RF1.CSE025,1993,0.25
21,HK,0.25,1.0,0.75,B.LIN.CSE1,1993,0.75
16,HK,0.25,0.375,0.125,B.LIN.CSE1,1993,0.125
21,HK,0.25,1.0,0.75,B.LIN.CSE025,1993,0.75
16,HK,0.25,0.375,0.125,B.LIN.CSE025,1993,0.125
21,HK,0.25,1.0,0.75,B.RF1.CSE1,1993,0.75
16,HK,0.25,0.5,0.25,B.RF1.CSE1,1993,0.25
21,HK,0.25,1.0,0.75,B.RF1.CSE025,1993,0.75
16,HK,0.25,0.375,0.125,B.RF1.CSE025,1993,0.125
21,HK,0.0,1.0,1.0,F.LOCK1e3,1993,1.0
16,HK,0.375,0.5,0.125,F.LOCK1e3,1993,0.125
21,HK,0.0,1.0,1.0,G.LOCK5e4,1993,1.0
16,HK,0.25,0.5,0.25,G.LOCK5e4,1993,0.25
21,HK,0.0,1.0,1.0,G.LOCK1e3,1993,1.0
16,HK,0.25,0.5,0.25,G.LOCK1e3,1993,0.25
21,HK,0.0,1.0,1.0,B.LOCK5e4,1993,1.0
16,HK,0.25,0.375,0.125,B.LOCK5e4,1993,0.125
21,HK,0.25,1.0,0.75,B.LOCK1e3,1993,0.75
16,HK,0.25,0.375,0.125,B.LOCK1e3,1993,0.125
21,HK,0.0,1.0,1.0,F.RF2,1993,1.0
16,HK,0.375,0.5,0.125,F.RF2,1993,0.125
21,HK,0.0,1.0,1.0,G.RF2,1993,1.0
16,HK,0.375,0.5,0.125,G.RF2,1993,0.125
21,HK,0.0,1.0,1.0,B.RF2,1993,1.0
16,HK,0.375,0.375,0.125,B.RF2,1993,0.0
21,HK,0.0,1.0,1.0,G.RF2.CSE1,1993,1.0
16,HK,0.25,0.5,0.25,G.RF2.CSE1,1993,0.25
21,HK,0.0,1.0,1.0,G.RF2.CSE025,1993,1.0
16,HK,0.375,0.5,0.125,G.RF2.CSE025,1993,0.125
21,HK,0.0,1.0,1.0,B.RF2.CSE1,1993,1.0
16,HK,0.375,0.375,0.125,B.RF2.CSE1,1993,0.0
21,HK,0.0,1.0,1.0,B.RF2.CSE025,1993,1.0
16,HK,0.375,0.375,0.125,B.RF2.CSE025,1993,0.0
21,HK,0.25,1.0,0.75,G.SPLIT1,1993,0.75
16,HK,0.375,0.5,0.125,G.SPLIT1,1993,0.125
21,HK,0.25,1.0,0.75,B.SPLIT1,1993,0.75
16,HK,0.25,0.375,0.125,B.SPLIT1,1993,0.125
21,HK,0.0,1.0,1.0,G.RPLIN1,1993,1.0
16,HK,0.25,0.5,0.25,G.RPLIN1,1993,0.25
21,HK,0.25,1.0,0.75,B.RPLIN1,1993,0.75
16,HK,0.25,0.5,0.25,B.RPLIN1,1993,0.25
21,HK,0.0,1.0,1.0,G.RF1.CSEperm1,1993,1.0
16,HK,0.375,0.5,0.25,G.RF1.CSEperm1,1993,0.125
21,HK,0.25,1.0,0.75,B.RF1.CSEperm1,1993,0.75
16,HK,0.25,0.5,0.25,B.RF1.CSEperm1,1993,0.25
22,HK,0.7619047619047619,0.7619047619047619,0.0,F.LIN,1993,0.0
13,HK,0.94375,0.95,0.012500000000000067,F.LIN,1993,0.006249999999999978
22,HK,0.8095238095238095,0.8095238095238095,0.0,G.LIN,1993,0.0
13,HK,0.95625,0.975,0.018749999999999933,G.LIN,1993,0.018749999999999933
22,HK,0.7142857142857143,0.6666666666666666,0.0,B.LIN,1993,-0.04761904761904767
13,HK,0.95625,0.975,0.018749999999999933,B.LIN,1993,0.018749999999999933
22,HK,0.7619047619047619,0.8095238095238095,0.04761904761904767,F.RF1,1993,0.04761904761904767
13,HK,0.94375,0.95625,0.012500000000000067,F.RF1,1993,0.012500000000000067
22,HK,0.7619047619047619,0.7619047619047619,0.04761904761904767,G.RF1,1993,0.0
13,HK,0.95625,0.96875,0.012499999999999956,G.RF1,1993,0.012499999999999956
22,HK,0.7142857142857143,0.7619047619047619,0.04761904761904756,B.RF1,1993,0.04761904761904756
13,HK,0.9625,0.96875,0.006249999999999978,B.RF1,1993,0.006249999999999978
22,HK,0.8095238095238095,0.8095238095238095,0.0,G.LIN.CSE1,1993,0.0
13,HK,0.95625,0.9625,0.006249999999999978,G.LIN.CSE1,1993,0.006249999999999978
22,HK,0.8095238095238095,0.8095238095238095,0.0,G.LIN.CSE025,1993,0.0
13,HK,0.95625,0.96875,0.012499999999999956,G.LIN.CSE025,1993,0.012499999999999956
22,HK,0.7142857142857143,0.7619047619047619,0.09523809523809523,G.RF1.CSE1,1993,0.04761904761904756
13,HK,0.95625,0.9625,0.006249999999999978,G.RF1.CSE1,1993,0.006249999999999978
22,HK,0.7619047619047619,0.7619047619047619,0.04761904761904767,G.RF1.CSE025,1993,0.0
13,HK,0.95625,0.9625,0.006249999999999978,G.RF1.CSE025,1993,0.006249999999999978
22,HK,0.6666666666666666,0.6666666666666666,0.0,B.LIN.CSE1,1993,0.0
13,HK,0.96875,0.9875,0.018750000000000044,B.LIN.CSE1,1993,0.018750000000000044
22,HK,0.7142857142857143,0.6666666666666666,0.0,B.LIN.CSE025,1993,-0.04761904761904767
13,HK,0.9625,0.98125,0.018749999999999933,B.LIN.CSE025,1993,0.018749999999999933
22,HK,0.7142857142857143,0.7142857142857143,0.04761904761904756,B.RF1.CSE1,1993,0.0
13,HK,0.96875,0.9875,0.018750000000000044,B.RF1.CSE1,1993,0.018750000000000044
22,HK,0.7142857142857143,0.7619047619047619,0.04761904761904756,B.RF1.CSE025,1993,0.04761904761904756
13,HK,0.96875,0.96875,0.0,B.RF1.CSE025,1993,0.0
22,HK,0.7619047619047619,0.7619047619047619,0.0,F.LOCK1e3,1993,0.0
13,HK,0.94375,0.95,0.012500000000000067,F.LOCK1e3,1993,0.006249999999999978
22,HK,0.8095238095238095,0.8095238095238095,0.0,G.LOCK5e4,1993,0.0
13,HK,0.95625,0.96875,0.012499999999999956,G.LOCK5e4,1993,0.012499999999999956
22,HK,0.8095238095238095,0.8095238095238095,0.0,G.LOCK1e3,1993,0.0
13,HK,0.95625,0.975,0.018749999999999933,G.LOCK1e3,1993,0.018749999999999933
22,HK,0.7142857142857143,0.6666666666666666,0.0,B.LOCK5e4,1993,-0.04761904761904767
13,HK,0.95625,0.96875,0.012499999999999956,B.LOCK5e4,1993,0.012499999999999956
22,HK,0.7142857142857143,0.6666666666666666,0.0,B.LOCK1e3,1993,-0.04761904761904767
13,HK,0.95625,0.975,0.018749999999999933,B.LOCK1e3,1993,0.018749999999999933
22,HK,0.7619047619047619,0.7142857142857143,0.0,F.RF2,1993,-0.04761904761904756
13,HK,0.94375,0.94375,0.0,F.RF2,1993,0.0
22,HK,0.7619047619047619,0.7619047619047619,0.0,G.RF2,1993,0.0
13,HK,0.95,0.95625,0.006250000000000089,G.RF2,1993,0.006250000000000089
22,HK,0.6666666666666666,0.6666666666666666,0.0,B.RF2,1993,0.0
13,HK,0.9625,0.96875,0.006249999999999978,B.RF2,1993,0.006249999999999978
22,HK,0.7619047619047619,0.7619047619047619,0.0,G.RF2.CSE1,1993,0.0
13,HK,0.95,0.95625,0.006250000000000089,G.RF2.CSE1,1993,0.006250000000000089
22,HK,0.7619047619047619,0.7619047619047619,0.0,G.RF2.CSE025,1993,0.0
13,HK,0.95,0.95625,0.006250000000000089,G.RF2.CSE025,1993,0.006250000000000089
22,HK,0.6666666666666666,0.6666666666666666,0.0,B.RF2.CSE1,1993,0.0
13,HK,0.9625,0.98125,0.018749999999999933,B.RF2.CSE1,1993,0.018749999999999933
22,HK,0.6666666666666666,0.6666666666666666,0.0,B.RF2.CSE025,1993,0.0
13,HK,0.9625,0.975,0.012499999999999956,B.RF2.CSE025,1993,0.012499999999999956
22,HK,0.7142857142857143,0.8095238095238095,0.09523809523809523,G.SPLIT1,1993,0.09523809523809523
13,HK,0.95625,0.96875,0.012499999999999956,G.SPLIT1,1993,0.012499999999999956
22,HK,0.7142857142857143,0.7142857142857143,0.04761904761904756,B.SPLIT1,1993,0.0
13,HK,0.96875,0.975,0.006249999999999978,B.SPLIT1,1993,0.006249999999999978
22,HK,0.8095238095238095,0.8095238095238095,0.0,G.RPLIN1,1993,0.0
13,HK,0.95625,0.9625,0.012499999999999956,G.RPLIN1,1993,0.006249999999999978
22,HK,0.6666666666666666,0.7619047619047619,0.09523809523809523,B.RPLIN1,1993,0.09523809523809523
13,HK,0.95625,0.96875,0.012499999999999956,B.RPLIN1,1993,0.012499999999999956
22,HK,0.7619047619047619,0.7619047619047619,0.04761904761904767,G.RF1.CSEperm1,1993,0.0
13,HK,0.95625,0.96875,0.012499999999999956,G.RF1.CSEperm1,1993,0.012499999999999956
22,HK,0.7619047619047619,0.7619047619047619,0.04761904761904767,B.RF1.CSEperm1,1993,0.0
13,HK,0.95,0.96875,0.018750000000000044,B.RF1.CSEperm1,1993,0.018750000000000044
18,HK,0.3333333333333333,0.5151515151515151,0.18181818181818182,F.LIN,1993,0.18181818181818182
14,HK,0.9,0.9833333333333333,0.08333333333333326,F.LIN,1993,0.08333333333333326
18,HK,0.3333333333333333,0.5151515151515151,0.18181818181818182,G.LIN,1993,0.18181818181818182
14,HK,0.9333333333333333,0.9833333333333333,0.06666666666666665,G.LIN,1993,0.04999999999999993
18,HK,0.3333333333333333,0.48484848484848486,0.15151515151515155,B.LIN,1993,0.15151515151515155
14,HK,0.9166666666666666,0.9833333333333333,0.06666666666666665,B.LIN,1993,0.06666666666666665
18,HK,0.3333333333333333,0.5151515151515151,0.18181818181818182,F.RF1,1993,0.18181818181818182
14,HK,0.9333333333333333,0.9833333333333333,0.04999999999999993,F.RF1,1993,0.04999999999999993
18,HK,0.24242424242424243,0.45454545454545453,0.2121212121212121,G.RF1,1993,0.2121212121212121
14,HK,0.9,0.9833333333333333,0.08333333333333326,G.RF1,1993,0.08333333333333326
18,HK,0.36363636363636365,0.5454545454545454,0.18181818181818177,B.RF1,1993,0.18181818181818177
14,HK,0.95,0.9833333333333333,0.033333333333333326,B.RF1,1993,0.033333333333333326
18,HK,0.36363636363636365,0.48484848484848486,0.12121212121212122,G.LIN.CSE1,1993,0.12121212121212122
14,HK,0.9666666666666667,0.9833333333333333,0.033333333333333326,G.LIN.CSE1,1993,0.016666666666666607
18,HK,0.36363636363636365,0.5151515151515151,0.1515151515151515,G.LIN.CSE025,1993,0.1515151515151515
14,HK,0.95,0.9833333333333333,0.050000000000000044,G.LIN.CSE025,1993,0.033333333333333326
18,HK,0.2727272727272727,0.48484848484848486,0.21212121212121215,G.RF1.CSE1,1993,0.21212121212121215
14,HK,0.9333333333333333,0.9833333333333333,0.04999999999999993,G.RF1.CSE1,1993,0.04999999999999993
18,HK,0.24242424242424243,0.45454545454545453,0.2121212121212121,G.RF1.CSE025,1993,0.2121212121212121
14,HK,0.9166666666666666,0.9833333333333333,0.06666666666666665,G.RF1.CSE025,1993,0.06666666666666665
18,HK,0.24242424242424243,0.48484848484848486,0.24242424242424243,B.LIN.CSE1,1993,0.24242424242424243
14,HK,0.9666666666666667,0.9833333333333333,0.016666666666666607,B.LIN.CSE1,1993,0.016666666666666607
18,HK,0.30303030303030304,0.48484848484848486,0.18181818181818182,B.LIN.CSE025,1993,0.18181818181818182
14,HK,0.9333333333333333,0.9833333333333333,0.04999999999999993,B.LIN.CSE025,1993,0.04999999999999993
18,HK,0.2727272727272727,0.5757575757575758,0.3030303030303031,B.RF1.CSE1,1993,0.3030303030303031
14,HK,0.9666666666666667,0.9833333333333333,0.016666666666666607,B.RF1.CSE1,1993,0.016666666666666607
18,HK,0.36363636363636365,0.5454545454545454,0.18181818181818177,B.RF1.CSE025,1993,0.18181818181818177
14,HK,0.95,0.9833333333333333,0.033333333333333326,B.RF1.CSE025,1993,0.033333333333333326
18,HK,0.3333333333333333,0.5151515151515151,0.18181818181818182,F.LOCK1e3,1993,0.18181818181818182
14,HK,0.9,0.9833333333333333,0.08333333333333326,F.LOCK1e3,1993,0.08333333333333326
18,HK,0.42424242424242425,0.5757575757575758,0.15151515151515155,G.LOCK5e4,1993,0.15151515151515155
14,HK,0.9666666666666667,0.9833333333333333,0.016666666666666607,G.LOCK5e4,1993,0.016666666666666607
18,HK,0.3333333333333333,0.5151515151515151,0.18181818181818182,G.LOCK1e3,1993,0.18181818181818182
14,HK,0.9333333333333333,0.9833333333333333,0.06666666666666665,G.LOCK1e3,1993,0.04999999999999993
18,HK,0.3939393939393939,0.5454545454545454,0.1515151515151515,B.LOCK5e4,1993,0.1515151515151515
14,HK,0.95,0.9833333333333333,0.033333333333333326,B.LOCK5e4,1993,0.033333333333333326
18,HK,0.3333333333333333,0.48484848484848486,0.15151515151515155,B.LOCK1e3,1993,0.15151515151515155
14,HK,0.9166666666666666,0.9833333333333333,0.06666666666666665,B.LOCK1e3,1993,0.06666666666666665
18,HK,0.3939393939393939,0.5757575757575758,0.18181818181818188,F.RF2,1993,0.18181818181818188
14,HK,0.9666666666666667,0.9833333333333333,0.016666666666666607,F.RF2,1993,0.016666666666666607
18,HK,0.3333333333333333,0.48484848484848486,0.15151515151515155,G.RF2,1993,0.15151515151515155
14,HK,0.95,0.9833333333333333,0.033333333333333326,G.RF2,1993,0.033333333333333326
18,HK,0.36363636363636365,0.5757575757575758,0.21212121212121215,B.RF2,1993,0.21212121212121215
14,HK,0.9666666666666667,0.9833333333333333,0.016666666666666607,B.RF2,1993,0.016666666666666607
18,HK,0.3333333333333333,0.45454545454545453,0.12121212121212122,G.RF2.CSE1,1993,0.12121212121212122
14,HK,0.95,0.9833333333333333,0.033333333333333326,G.RF2.CSE1,1993,0.033333333333333326
18,HK,0.3333333333333333,0.48484848484848486,0.15151515151515155,G.RF2.CSE025,1993,0.15151515151515155
14,HK,0.95,0.9833333333333333,0.033333333333333326,G.RF2.CSE025,1993,0.033333333333333326
18,HK,0.3333333333333333,0.5454545454545454,0.2121212121212121,B.RF2.CSE1,1993,0.2121212121212121
14,HK,0.95,0.9833333333333333,0.033333333333333326,B.RF2.CSE1,1993,0.033333333333333326
18,HK,0.36363636363636365,0.5757575757575758,0.21212121212121215,B.RF2.CSE025,1993,0.21212121212121215
14,HK,0.9666666666666667,0.9833333333333333,0.016666666666666607,B.RF2.CSE025,1993,0.016666666666666607
18,HK,0.3333333333333333,0.5151515151515151,0.18181818181818182,G.SPLIT1,1993,0.18181818181818182
14,HK,0.9666666666666667,0.9833333333333333,0.016666666666666607,G.SPLIT1,1993,0.016666666666666607
18,HK,0.3333333333333333,0.5454545454545454,0.2121212121212121,B.SPLIT1,1993,0.2121212121212121
14,HK,0.9333333333333333,0.9833333333333333,0.04999999999999993,B.SPLIT1,1993,0.04999999999999993
18,HK,0.30303030303030304,0.42424242424242425,0.12121212121212122,G.RPLIN1,1993,0.12121212121212122
14,HK,0.95,0.9833333333333333,0.050000000000000044,G.RPLIN1,1993,0.033333333333333326
18,HK,0.3333333333333333,0.5454545454545454,0.2121212121212121,B.RPLIN1,1993,0.2121212121212121
14,HK,0.95,0.9833333333333333,0.033333333333333326,B.RPLIN1,1993,0.033333333333333326
18,HK,0.2727272727272727,0.45454545454545453,0.18181818181818182,G.RF1.CSEperm1,1993,0.18181818181818182
14,HK,0.9166666666666666,0.9833333333333333,0.06666666666666665,G.RF1.CSEperm1,1993,0.06666666666666665
18,HK,0.42424242424242425,0.6060606060606061,0.18181818181818182,B.RF1.CSEperm1,1993,0.18181818181818182
14,HK,0.95,0.9833333333333333,0.033333333333333326,B.RF1.CSEperm1,1993,0.033333333333333326
9,HK,0.9878048780487805,0.9878048780487805,0.0,F.LIN,1993,0.0
19,HK,0.0,0.0,0.0,F.LIN,1993,0.0
9,HK,0.9939024390243902,0.9939024390243902,0.0,G.LIN,1993,0.0
19,HK,0.0,0.0,0.0,G.LIN,1993,0.0
9,HK,1.0,1.0,0.0,B.LIN,1993,0.0
19,HK,0.0,0.0,0.0,B.LIN,1993,0.0
9,HK,0.9878048780487805,0.9878048780487805,0.0060975609756097615,F.RF1,1993,0.0
19,HK,0.0,0.0,0.0,F.RF1,1993,0.0
9,HK,0.9939024390243902,0.9939024390243902,0.0,G.RF1,1993,0.0
19,HK,0.0,0.0,0.0,G.RF1,1993,0.0
9,HK,1.0,0.9939024390243902,0.0,B.RF1,1993,-0.0060975609756097615
19,HK,0.0,0.0,0.0,B.RF1,1993,0.0
9,HK,0.9939024390243902,0.9939024390243902,0.0,G.LIN.CSE1,1993,0.0
19,HK,0.0,0.0,0.0,G.LIN.CSE1,1993,0.0
9,HK,0.9939024390243902,0.9939024390243902,0.0,G.LIN.CSE025,1993,0.0
19,HK,0.0,0.0,0.0,G.LIN.CSE025,1993,0.0
9,HK,0.9939024390243902,0.9939024390243902,0.0,G.RF1.CSE1,1993,0.0
19,HK,0.0,0.0,0.0,G.RF1.CSE1,1993,0.0
9,HK,0.9939024390243902,0.9939024390243902,0.0,G.RF1.CSE025,1993,0.0
19,HK,0.0,0.0,0.0,G.RF1.CSE025,1993,0.0
9,HK,1.0,1.0,0.0,B.LIN.CSE1,1993,0.0
19,HK,0.0,0.0,0.0,B.LIN.CSE1,1993,0.0
9,HK,1.0,1.0,0.0,B.LIN.CSE025,1993,0.0
19,HK,0.0,0.0,0.0,B.LIN.CSE025,1993,0.0
9,HK,1.0,1.0,0.0,B.RF1.CSE1,1993,0.0
19,HK,0.0,0.0,0.0,B.RF1.CSE1,1993,0.0
9,HK,1.0,0.9939024390243902,0.0,B.RF1.CSE025,1993,-0.0060975609756097615
19,HK,0.0,0.0,0.0,B.RF1.CSE025,1993,0.0
9,HK,0.9878048780487805,0.9878048780487805,0.0,F.LOCK1e3,1993,0.0
19,HK,0.0,0.0,0.0,F.LOCK1e3,1993,0.0
9,HK,0.9939024390243902,0.9939024390243902,0.0,G.LOCK5e4,1993,0.0
19,HK,0.0,0.0,0.0,G.LOCK5e4,1993,0.0
9,HK,0.9939024390243902,0.9939024390243902,0.0,G.LOCK1e3,1993,0.0
19,HK,0.0,0.0,0.0,G.LOCK1e3,1993,0.0
9,HK,1.0,1.0,0.0,B.LOCK5e4,1993,0.0
19,HK,0.0,0.0,0.0,B.LOCK5e4,1993,0.0
9,HK,1.0,1.0,0.0,B.LOCK1e3,1993,0.0
19,HK,0.0,0.0,0.0,B.LOCK1e3,1993,0.0
9,HK,0.9878048780487805,0.9878048780487805,0.0,F.RF2,1993,0.0
19,HK,0.0,0.0,0.0,F.RF2,1993,0.0
9,HK,0.9939024390243902,0.9939024390243902,0.0,G.RF2,1993,0.0
19,HK,0.0,0.0,0.0,G.RF2,1993,0.0
9,HK,1.0,1.0,0.0,B.RF2,1993,0.0
19,HK,0.0,0.0,0.0,B.RF2,1993,0.0
9,HK,0.9939024390243902,0.9939024390243902,0.0,G.RF2.CSE1,1993,0.0
19,HK,0.0,0.0,0.0,G.RF2.CSE1,1993,0.0
9,HK,0.9939024390243902,0.9939024390243902,0.0,G.RF2.CSE025,1993,0.0
19,HK,0.0,0.0,0.0,G.RF2.CSE025,1993,0.0
9,HK,1.0,1.0,0.0,B.RF2.CSE1,1993,0.0
19,HK,0.0,0.0,0.0,B.RF2.CSE1,1993,0.0
9,HK,1.0,1.0,0.0,B.RF2.CSE025,1993,0.0
19,HK,0.0,0.0,0.0,B.RF2.CSE025,1993,0.0
9,HK,0.9939024390243902,0.9939024390243902,0.0,G.SPLIT1,1993,0.0
19,HK,0.0,0.0,0.0,G.SPLIT1,1993,0.0
9,HK,1.0,1.0,0.0,B.SPLIT1,1993,0.0
19,HK,0.0,0.0,0.0,B.SPLIT1,1993,0.0
9,HK,0.9939024390243902,0.9939024390243902,0.0,G.RPLIN1,1993,0.0
19,HK,0.0,0.0,0.0,G.RPLIN1,1993,0.0
9,HK,1.0,0.9939024390243902,0.0,B.RPLIN1,1993,-0.0060975609756097615
19,HK,0.0,0.0,0.0,B.RPLIN1,1993,0.0
9,HK,0.9939024390243902,0.9939024390243902,0.0,G.RF1.CSEperm1,1993,0.0
19,HK,0.0,0.0,0.0,G.RF1.CSEperm1,1993,0.0
9,HK,0.9939024390243902,1.0,0.0060975609756097615,B.RF1.CSEperm1,1993,0.0060975609756097615
19,HK,0.0,0.0,0.0,B.RF1.CSEperm1,1993,0.0
15,HK,0.991869918699187,0.991869918699187,0.0,F.LIN,1993,0.0
6,HK,0.0,0.0,0.0,F.LIN,1993,0.0
15,HK,0.991869918699187,0.991869918699187,0.0,G.LIN,1993,0.0
6,HK,0.0,0.0,0.0,G.LIN,1993,0.0
15,HK,0.991869918699187,0.991869918699187,0.0,B.LIN,1993,0.0
6,HK,0.0,0.0,0.0,B.LIN,1993,0.0
15,HK,0.991869918699187,0.991869918699187,0.0,F.RF1,1993,0.0
6,HK,0.0,0.0,0.0,F.RF1,1993,0.0
15,HK,0.991869918699187,0.991869918699187,0.0,G.RF1,1993,0.0
6,HK,0.0,0.0,0.0,G.RF1,1993,0.0
15,HK,0.991869918699187,0.991869918699187,0.0,B.RF1,1993,0.0
6,HK,0.0,0.0,0.0,B.RF1,1993,0.0
15,HK,0.991869918699187,0.991869918699187,0.0,G.LIN.CSE1,1993,0.0
6,HK,0.0,0.0,0.0,G.LIN.CSE1,1993,0.0
15,HK,0.991869918699187,0.991869918699187,0.0,G.LIN.CSE025,1993,0.0
6,HK,0.0,0.0,0.0,G.LIN.CSE025,1993,0.0
15,HK,0.991869918699187,0.991869918699187,0.0,G.RF1.CSE1,1993,0.0
6,HK,0.0,0.0,0.0,G.RF1.CSE1,1993,0.0
15,HK,0.991869918699187,0.991869918699187,0.0,G.RF1.CSE025,1993,0.0
6,HK,0.0,0.0,0.0,G.RF1.CSE025,1993,0.0
15,HK,0.991869918699187,0.991869918699187,0.0,B.LIN.CSE1,1993,0.0
6,HK,0.0,0.0,0.0,B.LIN.CSE1,1993,0.0
15,HK,0.991869918699187,0.991869918699187,0.0,B.LIN.CSE025,1993,0.0
6,HK,0.0,0.0,0.0,B.LIN.CSE025,1993,0.0
15,HK,0.991869918699187,0.991869918699187,0.0,B.RF1.CSE1,1993,0.0
6,HK,0.0,0.0,0.0,B.RF1.CSE1,1993,0.0
15,HK,0.991869918699187,0.991869918699187,0.0,B.RF1.CSE025,1993,0.0
6,HK,0.0,0.0,0.0,B.RF1.CSE025,1993,0.0
15,HK,0.991869918699187,0.991869918699187,0.0,F.LOCK1e3,1993,0.0
6,HK,0.0,0.0,0.0,F.LOCK1e3,1993,0.0
15,HK,0.991869918699187,0.991869918699187,0.0,G.LOCK5e4,1993,0.0
6,HK,0.0,0.0,0.0,G.LOCK5e4,1993,0.0
15,HK,0.991869918699187,0.991869918699187,0.0,G.LOCK1e3,1993,0.0
6,HK,0.0,0.0,0.0,G.LOCK1e3,1993,0.0
15,HK,0.991869918699187,0.991869918699187,0.0,B.LOCK5e4,1993,0.0
6,HK,0.0,0.0,0.0,B.LOCK5e4,1993,0.0
15,HK,0.991869918699187,0.991869918699187,0.0,B.LOCK1e3,1993,0.0
6,HK,0.0,0.0,0.0,B.LOCK1e3,1993,0.0
15,HK,0.991869918699187,0.991869918699187,0.0,F.RF2,1993,0.0
6,HK,0.0,0.0,0.0,F.RF2,1993,0.0
15,HK,0.991869918699187,0.991869918699187,0.0,G.RF2,1993,0.0
6,HK,0.0,0.0,0.0,G.RF2,1993,0.0
15,HK,0.991869918699187,0.991869918699187,0.0,B.RF2,1993,0.0
6,HK,0.0,0.0,0.0,B.RF2,1993,0.0
15,HK,0.991869918699187,0.991869918699187,0.0,G.RF2.CSE1,1993,0.0
6,HK,0.0,0.0,0.0,G.RF2.CSE1,1993,0.0
15,HK,0.991869918699187,0.991869918699187,0.0,G.RF2.CSE025,1993,0.0
6,HK,0.0,0.0,0.0,G.RF2.CSE025,1993,0.0
15,HK,0.991869918699187,0.991869918699187,0.0,B.RF2.CSE1,1993,0.0
6,HK,0.0,0.0,0.0,B.RF2.CSE1,1993,0.0
15,HK,0.991869918699187,0.991869918699187,0.0,B.RF2.CSE025,1993,0.0
6,HK,0.0,0.0,0.0,B.RF2.CSE025,1993,0.0
15,HK,1.0,1.0,0.0,G.SPLIT1,1993,0.0
6,HK,0.0,0.0,0.0,G.SPLIT1,1993,0.0
15,HK,0.991869918699187,0.991869918699187,0.0,B.SPLIT1,1993,0.0
6,HK,0.0,0.0,0.0,B.SPLIT1,1993,0.0
15,HK,1.0,0.991869918699187,0.0,G.RPLIN1,1993,-0.008130081300813052
6,HK,0.0,0.0,0.0,G.RPLIN1,1993,0.0
15,HK,0.991869918699187,0.991869918699187,0.0,B.RPLIN1,1993,0.0
6,HK,0.0,0.0,0.0,B.RPLIN1,1993,0.0
15,HK,1.0,0.991869918699187,0.0,G.RF1.CSEperm1,1993,-0.008130081300813052
6,HK,0.0,0.0,0.0,G.RF1.CSEperm1,1993,0.0
15,HK,0.991869918699187,0.991869918699187,0.0,B.RF1.CSEperm1,1993,0.0
6,HK,0.0,0.0,0.0,B.RF1.CSEperm1,1993,0.0
5,HK,0.0,0.0,0.0,F.LIN,1993,0.0
20,HK,0.16666666666666666,0.24242424242424243,0.07575757575757577,F.LIN,1993,0.07575757575757577
5,HK,0.0,0.0,0.0,G.LIN,1993,0.0
20,HK,0.21212121212121213,0.24242424242424243,0.030303030303030304,G.LIN,1993,0.030303030303030304
5,HK,0.0,0.0,0.0,B.LIN,1993,0.0
20,HK,0.12121212121212122,0.10606060606060606,0.0,B.LIN,1993,-0.015151515151515152
5,HK,0.0,0.0,0.0,F.RF1,1993,0.0
20,HK,0.15151515151515152,0.18181818181818182,0.030303030303030304,F.RF1,1993,0.030303030303030304
5,HK,0.0,0.0,0.0,G.RF1,1993,0.0
20,HK,0.21212121212121213,0.24242424242424243,0.030303030303030304,G.RF1,1993,0.030303030303030304
5,HK,0.0,0.0,0.0,B.RF1,1993,0.0
20,HK,0.21212121212121213,0.24242424242424243,0.030303030303030304,B.RF1,1993,0.030303030303030304
5,HK,0.0,0.0,0.0,G.LIN.CSE1,1993,0.0
20,HK,0.15151515151515152,0.22727272727272727,0.07575757575757575,G.LIN.CSE1,1993,0.07575757575757575
5,HK,0.0,0.0,0.0,G.LIN.CSE025,1993,0.0
20,HK,0.19696969696969696,0.22727272727272727,0.030303030303030304,G.LIN.CSE025,1993,0.030303030303030304
5,HK,0.0,0.0,0.0,G.RF1.CSE1,1993,0.0
20,HK,0.16666666666666666,0.22727272727272727,0.06060606060606061,G.RF1.CSE1,1993,0.06060606060606061
5,HK,0.0,0.0,0.0,G.RF1.CSE025,1993,0.0
20,HK,0.19696969696969696,0.24242424242424243,0.04545454545454547,G.RF1.CSE025,1993,0.04545454545454547
5,HK,0.0,0.0,0.0,B.LIN.CSE1,1993,0.0
20,HK,0.06060606060606061,0.06060606060606061,0.0,B.LIN.CSE1,1993,0.0
5,HK,0.0,0.0,0.0,B.LIN.CSE025,1993,0.0
20,HK,0.12121212121212122,0.10606060606060606,0.0,B.LIN.CSE025,1993,-0.015151515151515152
5,HK,0.0,0.0,0.0,B.RF1.CSE1,1993,0.0
20,HK,0.19696969696969696,0.21212121212121213,0.015151515151515166,B.RF1.CSE1,1993,0.015151515151515166
5,HK,0.0,0.0,0.0,B.RF1.CSE025,1993,0.0
20,HK,0.21212121212121213,0.24242424242424243,0.030303030303030304,B.RF1.CSE025,1993,0.030303030303030304
5,HK,0.0,0.0,0.0,F.LOCK1e3,1993,0.0
20,HK,0.16666666666666666,0.24242424242424243,0.07575757575757577,F.LOCK1e3,1993,0.07575757575757577
5,HK,0.0,0.0,0.0,G.LOCK5e4,1993,0.0
20,HK,0.2878787878787879,0.3484848484848485,0.06060606060606061,G.LOCK5e4,1993,0.06060606060606061
5,HK,0.0,0.0,0.0,G.LOCK1e3,1993,0.0
20,HK,0.21212121212121213,0.24242424242424243,0.030303030303030304,G.LOCK1e3,1993,0.030303030303030304
5,HK,0.0,0.0,0.0,B.LOCK5e4,1993,0.0
20,HK,0.19696969696969696,0.19696969696969696,0.0,B.LOCK5e4,1993,0.0
5,HK,0.0,0.0,0.0,B.LOCK1e3,1993,0.0
20,HK,0.12121212121212122,0.10606060606060606,0.0,B.LOCK1e3,1993,-0.015151515151515152
5,HK,0.0,0.0,0.0,F.RF2,1993,0.0
20,HK,0.19696969696969696,0.19696969696969696,0.0,F.RF2,1993,0.0
5,HK,0.0,0.0,0.0,G.RF2,1993,0.0
20,HK,0.19696969696969696,0.21212121212121213,0.015151515151515166,G.RF2,1993,0.015151515151515166
5,HK,0.0,0.0,0.0,B.RF2,1993,0.0
20,HK,0.13636363636363635,0.18181818181818182,0.04545454545454547,B.RF2,1993,0.04545454545454547
5,HK,0.0,0.0,0.0,G.RF2.CSE1,1993,0.0
20,HK,0.16666666666666666,0.21212121212121213,0.04545454545454547,G.RF2.CSE1,1993,0.04545454545454547
5,HK,0.0,0.0,0.0,G.RF2.CSE025,1993,0.0
20,HK,0.19696969696969696,0.21212121212121213,0.015151515151515166,G.RF2.CSE025,1993,0.015151515151515166
5,HK,0.0,0.0,0.0,B.RF2.CSE1,1993,0.0
20,HK,0.15151515151515152,0.16666666666666666,0.015151515151515138,B.RF2.CSE1,1993,0.015151515151515138
5,HK,0.0,0.0,0.0,B.RF2.CSE025,1993,0.0
20,HK,0.13636363636363635,0.16666666666666666,0.030303030303030304,B.RF2.CSE025,1993,0.030303030303030304
5,HK,0.0,0.0,0.0,G.SPLIT1,1993,0.0
20,HK,0.3181818181818182,0.3484848484848485,0.03030303030303033,G.SPLIT1,1993,0.03030303030303033
5,HK,0.0,0.0,0.0,B.SPLIT1,1993,0.0
20,HK,0.19696969696969696,0.19696969696969696,0.0,B.SPLIT1,1993,0.0
5,HK,0.0,0.0,0.0,G.RPLIN1,1993,0.0
20,HK,0.21212121212121213,0.25757575757575757,0.04545454545454544,G.RPLIN1,1993,0.04545454545454544
5,HK,0.0,0.0,0.0,B.RPLIN1,1993,0.0
20,HK,0.16666666666666666,0.21212121212121213,0.04545454545454547,B.RPLIN1,1993,0.04545454545454547
5,HK,0.0,0.0,0.0,G.RF1.CSEperm1,1993,0.0
20,HK,0.22727272727272727,0.2727272727272727,0.04545454545454544,G.RF1.CSEperm1,1993,0.04545454545454544
5,HK,0.0,0.0,0.0,B.RF1.CSEperm1,1993,0.0
20,HK,0.16666666666666666,0.21212121212121213,0.04545454545454547,B.RF1.CSEperm1,1993,0.04545454545454547
10,HK,0.7933333333333333,0.7933333333333333,0.0,F.LIN,1993,0.0
7,HK,1.0,1.0,0.0,F.LIN,1993,0.0
1,HK,0.9469026548672567,0.9469026548672567,0.0,F.LIN,1993,0.0
10,HK,0.7666666666666667,0.7666666666666667,0.0,G.LIN,1993,0.0
7,HK,1.0,1.0,0.0,G.LIN,1993,0.0
1,HK,0.911504424778761,0.911504424778761,0.0,G.LIN,1993,0.0
10,HK,0.7466666666666667,0.7466666666666667,0.0,B.LIN,1993,0.0
7,HK,1.0,1.0,0.0,B.LIN,1993,0.0
1,HK,0.9203539823008849,0.9203539823008849,0.0,B.LIN,1993,0.0
10,HK,0.8066666666666666,0.8066666666666666,0.0,F.RF1,1993,0.0
7,HK,1.0,1.0,0.0,F.RF1,1993,0.0
1,HK,0.9469026548672567,0.9469026548672567,0.0,F.RF1,1993,0.0
10,HK,0.76,0.76,0.0,G.RF1,1993,0.0
7,HK,1.0,1.0,0.0,G.RF1,1993,0.0
1,HK,0.9026548672566371,0.9026548672566371,0.0,G.RF1,1993,0.0
10,HK,0.78,0.78,0.0,B.RF1,1993,0.0
7,HK,1.0,1.0,0.0,B.RF1,1993,0.0
1,HK,0.9557522123893806,0.9557522123893806,0.0,B.RF1,1993,0.0
10,HK,0.7066666666666667,0.7066666666666667,0.0,G.LIN.CSE1,1993,0.0
7,HK,1.0,1.0,0.0,G.LIN.CSE1,1993,0.0
1,HK,0.9203539823008849,0.9203539823008849,0.0,G.LIN.CSE1,1993,0.0
10,HK,0.7466666666666667,0.7466666666666667,0.0,G.LIN.CSE025,1993,0.0
7,HK,1.0,1.0,0.0,G.LIN.CSE025,1993,0.0
1,HK,0.911504424778761,0.911504424778761,0.0,G.LIN.CSE025,1993,0.0
10,HK,0.7066666666666667,0.7066666666666667,0.0,G.RF1.CSE1,1993,0.0
7,HK,1.0,1.0,0.0,G.RF1.CSE1,1993,0.0
1,HK,0.9203539823008849,0.9203539823008849,0.0,G.RF1.CSE1,1993,0.0
10,HK,0.7466666666666667,0.7466666666666667,0.0,G.RF1.CSE025,1993,0.0
7,HK,1.0,1.0,0.0,G.RF1.CSE025,1993,0.0
1,HK,0.911504424778761,0.911504424778761,0.0,G.RF1.CSE025,1993,0.0
10,HK,0.68,0.68,0.0,B.LIN.CSE1,1993,0.0
7,HK,1.0,1.0,0.0,B.LIN.CSE1,1993,0.0
1,HK,0.911504424778761,0.911504424778761,0.0,B.LIN.CSE1,1993,0.0
10,HK,0.7266666666666667,0.7266666666666667,0.0,B.LIN.CSE025,1993,0.0
7,HK,1.0,1.0,0.0,B.LIN.CSE025,1993,0.0
1,HK,0.9203539823008849,0.9203539823008849,0.0,B.LIN.CSE025,1993,0.0
10,HK,0.7,0.7,0.0,B.RF1.CSE1,1993,0.0
7,HK,1.0,1.0,0.0,B.RF1.CSE1,1993,0.0
1,HK,0.9646017699115044,0.9646017699115044,0.0,B.RF1.CSE1,1993,0.0
10,HK,0.7466666666666667,0.7466666666666667,0.0,B.RF1.CSE025,1993,0.0
7,HK,1.0,1.0,0.0,B.RF1.CSE025,1993,0.0
1,HK,0.9646017699115044,0.9646017699115044,0.0,B.RF1.CSE025,1993,0.0
10,HK,0.7933333333333333,0.7933333333333333,0.0,F.LOCK1e3,1993,0.0
7,HK,1.0,1.0,0.0,F.LOCK1e3,1993,0.0
1,HK,0.9469026548672567,0.9469026548672567,0.0,F.LOCK1e3,1993,0.0
10,HK,0.7666666666666667,0.7666666666666667,0.0,G.LOCK5e4,1993,0.0
7,HK,1.0,1.0,0.0,G.LOCK5e4,1993,0.0
1,HK,0.9292035398230089,0.9292035398230089,0.0,G.LOCK5e4,1993,0.0
10,HK,0.7666666666666667,0.7666666666666667,0.0,G.LOCK1e3,1993,0.0
7,HK,1.0,1.0,0.0,G.LOCK1e3,1993,0.0
1,HK,0.911504424778761,0.911504424778761,0.0,G.LOCK1e3,1993,0.0
10,HK,0.76,0.76,0.0,B.LOCK5e4,1993,0.0
7,HK,1.0,1.0,0.0,B.LOCK5e4,1993,0.0
1,HK,0.9646017699115044,0.9646017699115044,0.0,B.LOCK5e4,1993,0.0
10,HK,0.7466666666666667,0.7466666666666667,0.0,B.LOCK1e3,1993,0.0
7,HK,1.0,1.0,0.0,B.LOCK1e3,1993,0.0
1,HK,0.9203539823008849,0.9203539823008849,0.0,B.LOCK1e3,1993,0.0
10,HK,0.7533333333333333,0.7533333333333333,0.0,F.RF2,1993,0.0
7,HK,1.0,1.0,0.0,F.RF2,1993,0.0
1,HK,0.9292035398230089,0.9292035398230089,0.0,F.RF2,1993,0.0
10,HK,0.76,0.76,0.0,G.RF2,1993,0.0
7,HK,1.0,1.0,0.0,G.RF2,1993,0.0
1,HK,0.911504424778761,0.911504424778761,0.0,G.RF2,1993,0.0
10,HK,0.74,0.74,0.0,B.RF2,1993,0.0
7,HK,1.0,1.0,0.0,B.RF2,1993,0.0
1,HK,0.9557522123893806,0.9557522123893806,0.0,B.RF2,1993,0.0
10,HK,0.7066666666666667,0.7066666666666667,0.0,G.RF2.CSE1,1993,0.0
7,HK,1.0,1.0,0.0,G.RF2.CSE1,1993,0.0
1,HK,0.9292035398230089,0.9292035398230089,0.0,G.RF2.CSE1,1993,0.0
10,HK,0.7466666666666667,0.7466666666666667,0.0,G.RF2.CSE025,1993,0.0
7,HK,1.0,1.0,0.0,G.RF2.CSE025,1993,0.0
1,HK,0.911504424778761,0.911504424778761,0.0,G.RF2.CSE025,1993,0.0
10,HK,0.7,0.7,0.0,B.RF2.CSE1,1993,0.0
7,HK,1.0,1.0,0.0,B.RF2.CSE1,1993,0.0
1,HK,0.9646017699115044,0.9646017699115044,0.0,B.RF2.CSE1,1993,0.0
10,HK,0.72,0.72,0.0,B.RF2.CSE025,1993,0.0
7,HK,1.0,1.0,0.0,B.RF2.CSE025,1993,0.0
1,HK,0.9557522123893806,0.9557522123893806,0.0,B.RF2.CSE025,1993,0.0
10,HK,0.7666666666666667,0.7666666666666667,0.0,G.SPLIT1,1993,0.0
7,HK,1.0,1.0,0.0,G.SPLIT1,1993,0.0
1,HK,0.9292035398230089,0.9292035398230089,0.0,G.SPLIT1,1993,0.0
10,HK,0.7466666666666667,0.7466666666666667,0.0,B.SPLIT1,1993,0.0
7,HK,1.0,1.0,0.0,B.SPLIT1,1993,0.0
1,HK,0.9646017699115044,0.9646017699115044,0.0,B.SPLIT1,1993,0.0
10,HK,0.7666666666666667,0.7666666666666667,0.0,G.RPLIN1,1993,0.0
7,HK,1.0,1.0,0.0,G.RPLIN1,1993,0.0
1,HK,0.911504424778761,0.911504424778761,0.0,G.RPLIN1,1993,0.0
10,HK,0.76,0.76,0.0,B.RPLIN1,1993,0.0
7,HK,1.0,1.0,0.0,B.RPLIN1,1993,0.0
1,HK,0.9557522123893806,0.9557522123893806,0.0,B.RPLIN1,1993,0.0
10,HK,0.8266666666666667,0.8266666666666667,0.0,G.RF1.CSEperm1,1993,0.0
7,HK,1.0,1.0,0.0,G.RF1.CSEperm1,1993,0.0
1,HK,0.911504424778761,0.911504424778761,0.0,G.RF1.CSEperm1,1993,0.0
10,HK,0.78,0.78,0.0,B.RF1.CSEperm1,1993,0.0
7,HK,1.0,1.0,0.0,B.RF1.CSEperm1,1993,0.0
1,HK,0.9469026548672567,0.9469026548672567,0.0,B.RF1.CSEperm1,1993,0.0
22,HK,0.7619047619047619,1.0,0.23809523809523814,F.LIN,1994,0.23809523809523814
16,HK,0.375,1.0,0.625,F.LIN,1994,0.625
22,HK,0.8095238095238095,1.0,0.19047619047619047,G.LIN,1994,0.19047619047619047
16,HK,0.25,1.0,0.75,G.LIN,1994,0.75
22,HK,0.6666666666666666,1.0,0.33333333333333337,B.LIN,1994,0.33333333333333337
16,HK,0.25,1.0,0.75,B.LIN,1994,0.75
22,HK,0.7142857142857143,1.0,0.2857142857142857,F.RF1,1994,0.2857142857142857
16,HK,0.375,1.0,0.625,F.RF1,1994,0.625
22,HK,0.8095238095238095,1.0,0.19047619047619047,G.RF1,1994,0.19047619047619047
16,HK,0.25,1.0,0.75,G.RF1,1994,0.75
22,HK,0.7142857142857143,1.0,0.2857142857142857,B.RF1,1994,0.2857142857142857
16,HK,0.25,1.0,0.75,B.RF1,1994,0.75
22,HK,0.8095238095238095,1.0,0.19047619047619047,G.LIN.CSE1,1994,0.19047619047619047
16,HK,0.25,1.0,0.75,G.LIN.CSE1,1994,0.75
22,HK,0.8095238095238095,1.0,0.19047619047619047,G.LIN.CSE025,1994,0.19047619047619047
16,HK,0.25,1.0,0.75,G.LIN.CSE025,1994,0.75
22,HK,0.8095238095238095,1.0,0.19047619047619047,G.RF1.CSE1,1994,0.19047619047619047
16,HK,0.25,1.0,0.75,G.RF1.CSE1,1994,0.75
22,HK,0.8095238095238095,1.0,0.19047619047619047,G.RF1.CSE025,1994,0.19047619047619047
16,HK,0.25,1.0,0.75,G.RF1.CSE025,1994,0.75
22,HK,0.6666666666666666,1.0,0.33333333333333337,B.LIN.CSE1,1994,0.33333333333333337
16,HK,0.25,1.0,0.75,B.LIN.CSE1,1994,0.75
22,HK,0.6666666666666666,1.0,0.33333333333333337,B.LIN.CSE025,1994,0.33333333333333337
16,HK,0.25,1.0,0.75,B.LIN.CSE025,1994,0.75
22,HK,0.7142857142857143,1.0,0.2857142857142857,B.RF1.CSE1,1994,0.2857142857142857
16,HK,0.375,1.0,0.625,B.RF1.CSE1,1994,0.625
22,HK,0.7142857142857143,1.0,0.2857142857142857,B.RF1.CSE025,1994,0.2857142857142857
16,HK,0.25,1.0,0.75,B.RF1.CSE025,1994,0.75
22,HK,0.7619047619047619,1.0,0.23809523809523814,F.LOCK1e3,1994,0.23809523809523814
16,HK,0.375,1.0,0.625,F.LOCK1e3,1994,0.625
22,HK,0.8095238095238095,1.0,0.19047619047619047,G.LOCK5e4,1994,0.19047619047619047
16,HK,0.25,1.0,0.75,G.LOCK5e4,1994,0.75
22,HK,0.8095238095238095,1.0,0.19047619047619047,G.LOCK1e3,1994,0.19047619047619047
16,HK,0.25,1.0,0.75,G.LOCK1e3,1994,0.75
22,HK,0.6666666666666666,1.0,0.33333333333333337,B.LOCK5e4,1994,0.33333333333333337
16,HK,0.25,1.0,0.75,B.LOCK5e4,1994,0.75
22,HK,0.7142857142857143,1.0,0.2857142857142857,B.LOCK1e3,1994,0.2857142857142857
16,HK,0.125,1.0,0.875,B.LOCK1e3,1994,0.875
22,HK,0.7619047619047619,1.0,0.23809523809523814,F.RF2,1994,0.23809523809523814
16,HK,0.375,1.0,0.625,F.RF2,1994,0.625
22,HK,0.8571428571428571,1.0,0.1428571428571429,G.RF2,1994,0.1428571428571429
16,HK,0.25,1.0,0.75,G.RF2,1994,0.75
22,HK,0.5714285714285714,1.0,0.4285714285714286,B.RF2,1994,0.4285714285714286
16,HK,0.125,1.0,0.875,B.RF2,1994,0.875
22,HK,0.8571428571428571,1.0,0.1428571428571429,G.RF2.CSE1,1994,0.1428571428571429
16,HK,0.25,1.0,0.75,G.RF2.CSE1,1994,0.75
22,HK,0.8571428571428571,1.0,0.1428571428571429,G.RF2.CSE025,1994,0.1428571428571429
16,HK,0.25,1.0,0.75,G.RF2.CSE025,1994,0.75
22,HK,0.5714285714285714,1.0,0.4285714285714286,B.RF2.CSE1,1994,0.4285714285714286
16,HK,0.125,1.0,0.875,B.RF2.CSE1,1994,0.875
22,HK,0.5714285714285714,1.0,0.4285714285714286,B.RF2.CSE025,1994,0.4285714285714286
16,HK,0.125,1.0,0.875,B.RF2.CSE025,1994,0.875
22,HK,0.7619047619047619,1.0,0.23809523809523814,G.SPLIT1,1994,0.23809523809523814
16,HK,0.375,1.0,0.625,G.SPLIT1,1994,0.625
22,HK,0.6666666666666666,1.0,0.33333333333333337,B.SPLIT1,1994,0.33333333333333337
16,HK,0.25,1.0,0.75,B.SPLIT1,1994,0.75
22,HK,0.8095238095238095,1.0,0.19047619047619047,G.RPLIN1,1994,0.19047619047619047
16,HK,0.25,1.0,0.75,G.RPLIN1,1994,0.75
22,HK,0.6666666666666666,1.0,0.33333333333333337,B.RPLIN1,1994,0.33333333333333337
16,HK,0.125,1.0,0.875,B.RPLIN1,1994,0.875
22,HK,0.7619047619047619,1.0,0.23809523809523814,G.RF1.CSEperm1,1994,0.23809523809523814
16,HK,0.25,1.0,0.75,G.RF1.CSEperm1,1994,0.75
22,HK,0.7619047619047619,1.0,0.23809523809523814,B.RF1.CSEperm1,1994,0.23809523809523814
16,HK,0.25,1.0,0.75,B.RF1.CSEperm1,1994,0.75
12,HK,0.8048780487804879,0.9024390243902439,0.09756097560975607,F.LIN,1994,0.09756097560975607
13,HK,0.95,0.9625,0.018750000000000044,F.LIN,1994,0.012500000000000067
12,HK,0.7804878048780488,0.9024390243902439,0.12195121951219512,G.LIN,1994,0.12195121951219512
13,HK,0.95625,0.975,0.02499999999999991,G.LIN,1994,0.018749999999999933
12,HK,0.8292682926829268,0.8780487804878049,0.04878048780487809,B.LIN,1994,0.04878048780487809
13,HK,0.95625,0.9875,0.03125,B.LIN,1994,0.03125
12,HK,0.8292682926829268,0.9024390243902439,0.07317073170731714,F.RF1,1994,0.07317073170731714
13,HK,0.95,0.96875,0.025000000000000022,F.RF1,1994,0.018750000000000044
12,HK,0.8048780487804879,0.9024390243902439,0.09756097560975607,G.RF1,1994,0.09756097560975607
13,HK,0.95625,0.96875,0.018749999999999933,G.RF1,1994,0.012499999999999956
12,HK,0.8292682926829268,0.8780487804878049,0.04878048780487809,B.RF1,1994,0.04878048780487809
13,HK,0.9625,0.9875,0.025000000000000022,B.RF1,1994,0.025000000000000022
12,HK,0.7804878048780488,0.9024390243902439,0.12195121951219512,G.LIN.CSE1,1994,0.12195121951219512
13,HK,0.95625,0.96875,0.018749999999999933,G.LIN.CSE1,1994,0.012499999999999956
12,HK,0.7804878048780488,0.9024390243902439,0.12195121951219512,G.LIN.CSE025,1994,0.12195121951219512
13,HK,0.95625,0.975,0.018749999999999933,G.LIN.CSE025,1994,0.018749999999999933
12,HK,0.7804878048780488,0.8780487804878049,0.09756097560975607,G.RF1.CSE1,1994,0.09756097560975607
13,HK,0.95625,0.96875,0.018749999999999933,G.RF1.CSE1,1994,0.012499999999999956
12,HK,0.8048780487804879,0.8780487804878049,0.07317073170731703,G.RF1.CSE025,1994,0.07317073170731703
13,HK,0.95625,0.96875,0.018749999999999933,G.RF1.CSE025,1994,0.012499999999999956
12,HK,0.8292682926829268,0.8780487804878049,0.07317073170731714,B.LIN.CSE1,1994,0.04878048780487809
13,HK,0.96875,0.9875,0.018750000000000044,B.LIN.CSE1,1994,0.018750000000000044
12,HK,0.8292682926829268,0.8780487804878049,0.07317073170731714,B.LIN.CSE025,1994,0.04878048780487809
13,HK,0.95625,0.9875,0.03125,B.LIN.CSE025,1994,0.03125
12,HK,0.8536585365853658,0.8780487804878049,0.024390243902439046,B.RF1.CSE1,1994,0.024390243902439046
13,HK,0.96875,0.9875,0.018750000000000044,B.RF1.CSE1,1994,0.018750000000000044
12,HK,0.8536585365853658,0.8780487804878049,0.024390243902439046,B.RF1.CSE025,1994,0.024390243902439046
13,HK,0.96875,0.9875,0.018750000000000044,B.RF1.CSE025,1994,0.018750000000000044
12,HK,0.8292682926829268,0.9024390243902439,0.07317073170731714,F.LOCK1e3,1994,0.07317073170731714
13,HK,0.95,0.96875,0.025000000000000022,F.LOCK1e3,1994,0.018750000000000044
12,HK,0.7804878048780488,0.9024390243902439,0.12195121951219512,G.LOCK5e4,1994,0.12195121951219512
13,HK,0.95625,0.975,0.02499999999999991,G.LOCK5e4,1994,0.018749999999999933
12,HK,0.7804878048780488,0.8780487804878049,0.09756097560975607,G.LOCK1e3,1994,0.09756097560975607
13,HK,0.95625,0.98125,0.02499999999999991,G.LOCK1e3,1994,0.02499999999999991
12,HK,0.8292682926829268,0.8780487804878049,0.04878048780487809,B.LOCK5e4,1994,0.04878048780487809
13,HK,0.95625,0.9875,0.03125,B.LOCK5e4,1994,0.03125
12,HK,0.8536585365853658,0.8780487804878049,0.024390243902439046,B.LOCK1e3,1994,0.024390243902439046
13,HK,0.95625,0.9875,0.03125,B.LOCK1e3,1994,0.03125
12,HK,0.8292682926829268,0.8780487804878049,0.04878048780487809,F.RF2,1994,0.04878048780487809
13,HK,0.95,0.9625,0.025000000000000022,F.RF2,1994,0.012500000000000067
12,HK,0.8292682926829268,0.9512195121951219,0.12195121951219512,G.RF2,1994,0.12195121951219512
13,HK,0.95625,0.98125,0.02499999999999991,G.RF2,1994,0.02499999999999991
12,HK,0.7560975609756098,0.926829268292683,0.1707317073170732,B.RF2,1994,0.1707317073170732
13,HK,0.9625,0.99375,0.03125,B.RF2,1994,0.03125
12,HK,0.8292682926829268,0.9512195121951219,0.12195121951219512,G.RF2.CSE1,1994,0.12195121951219512
13,HK,0.95625,0.975,0.02499999999999991,G.RF2.CSE1,1994,0.018749999999999933
12,HK,0.8292682926829268,0.9512195121951219,0.12195121951219512,G.RF2.CSE025,1994,0.12195121951219512
13,HK,0.95625,0.98125,0.02499999999999991,G.RF2.CSE025,1994,0.02499999999999991
12,HK,0.7560975609756098,0.926829268292683,0.1707317073170732,B.RF2.CSE1,1994,0.1707317073170732
13,HK,0.96875,0.99375,0.025000000000000022,B.RF2.CSE1,1994,0.025000000000000022
12,HK,0.7560975609756098,0.926829268292683,0.1707317073170732,B.RF2.CSE025,1994,0.1707317073170732
13,HK,0.96875,0.99375,0.025000000000000022,B.RF2.CSE025,1994,0.025000000000000022
12,HK,0.8292682926829268,0.9512195121951219,0.12195121951219512,G.SPLIT1,1994,0.12195121951219512
13,HK,0.95625,0.98125,0.02499999999999991,G.SPLIT1,1994,0.02499999999999991
12,HK,0.8292682926829268,0.9512195121951219,0.12195121951219512,B.SPLIT1,1994,0.12195121951219512
13,HK,0.9625,0.9875,0.025000000000000022,B.SPLIT1,1994,0.025000000000000022
12,HK,0.8292682926829268,0.8780487804878049,0.04878048780487809,G.RPLIN1,1994,0.04878048780487809
13,HK,0.95625,0.96875,0.02499999999999991,G.RPLIN1,1994,0.012499999999999956
12,HK,0.8536585365853658,0.8780487804878049,0.024390243902439046,B.RPLIN1,1994,0.024390243902439046
13,HK,0.95625,0.9875,0.03125,B.RPLIN1,1994,0.03125
12,HK,0.8292682926829268,0.8780487804878049,0.04878048780487809,G.RF1.CSEperm1,1994,0.04878048780487809
13,HK,0.95625,0.975,0.03125,G.RF1.CSEperm1,1994,0.018749999999999933
12,HK,0.9024390243902439,0.9024390243902439,0.0,B.RF1.CSEperm1,1994,0.0
13,HK,0.95,0.9875,0.03750000000000009,B.RF1.CSEperm1,1994,0.03750000000000009
21,HK,0.0,0.25,0.25,F.LIN,1994,0.25
4,HK,0.8727272727272727,1.0,0.12727272727272732,F.LIN,1994,0.12727272727272732
21,HK,0.0,0.25,0.25,G.LIN,1994,0.25
4,HK,0.8666666666666667,1.0,0.1333333333333333,G.LIN,1994,0.1333333333333333
21,HK,0.25,0.0,0.0,B.LIN,1994,-0.25
4,HK,0.8545454545454545,1.0,0.1454545454545455,B.LIN,1994,0.1454545454545455
21,HK,0.25,0.25,0.0,F.RF1,1994,0.0
4,HK,0.8666666666666667,1.0,0.1333333333333333,F.RF1,1994,0.1333333333333333
21,HK,0.0,0.25,0.25,G.RF1,1994,0.25
4,HK,0.8727272727272727,1.0,0.12727272727272732,G.RF1,1994,0.12727272727272732
21,HK,0.25,0.25,0.0,B.RF1,1994,0.0
4,HK,0.8727272727272727,1.0,0.12727272727272732,B.RF1,1994,0.12727272727272732
21,HK,0.0,0.25,0.25,G.LIN.CSE1,1994,0.25
4,HK,0.896969696969697,1.0,0.10303030303030303,G.LIN.CSE1,1994,0.10303030303030303
21,HK,0.0,0.25,0.25,G.LIN.CSE025,1994,0.25
4,HK,0.8727272727272727,1.0,0.12727272727272732,G.LIN.CSE025,1994,0.12727272727272732
21,HK,0.0,0.25,0.25,G.RF1.CSE1,1994,0.25
4,HK,0.896969696969697,1.0,0.10303030303030303,G.RF1.CSE1,1994,0.10303030303030303
21,HK,0.0,0.25,0.25,G.RF1.CSE025,1994,0.25
4,HK,0.8727272727272727,1.0,0.12727272727272732,G.RF1.CSE025,1994,0.12727272727272732
21,HK,0.25,0.0,0.0,B.LIN.CSE1,1994,-0.25
4,HK,0.8787878787878788,1.0,0.12121212121212122,B.LIN.CSE1,1994,0.12121212121212122
21,HK,0.25,0.0,0.0,B.LIN.CSE025,1994,-0.25
4,HK,0.8727272727272727,1.0,0.12727272727272732,B.LIN.CSE025,1994,0.12727272727272732
21,HK,0.25,0.25,0.0,B.RF1.CSE1,1994,0.0
4,HK,0.8848484848484849,1.0,0.11515151515151512,B.RF1.CSE1,1994,0.11515151515151512
21,HK,0.25,0.25,0.0,B.RF1.CSE025,1994,0.0
4,HK,0.8848484848484849,1.0,0.11515151515151512,B.RF1.CSE025,1994,0.11515151515151512
21,HK,0.0,0.25,0.25,F.LOCK1e3,1994,0.25
4,HK,0.8666666666666667,1.0,0.1333333333333333,F.LOCK1e3,1994,0.1333333333333333
21,HK,0.0,0.25,0.25,G.LOCK5e4,1994,0.25
4,HK,0.8666666666666667,1.0,0.1333333333333333,G.LOCK5e4,1994,0.1333333333333333
21,HK,0.0,0.25,0.25,G.LOCK1e3,1994,0.25
4,HK,0.8727272727272727,1.0,0.12727272727272732,G.LOCK1e3,1994,0.12727272727272732
21,HK,0.25,0.0,0.0,B.LOCK5e4,1994,-0.25
4,HK,0.8545454545454545,1.0,0.1454545454545455,B.LOCK5e4,1994,0.1454545454545455
21,HK,0.25,0.25,0.0,B.LOCK1e3,1994,0.0
4,HK,0.8606060606060606,1.0,0.1393939393939394,B.LOCK1e3,1994,0.1393939393939394
21,HK,0.0,0.25,0.25,F.RF2,1994,0.25
4,HK,0.8424242424242424,1.0,0.1575757575757576,F.RF2,1994,0.1575757575757576
21,HK,0.0,0.25,0.25,G.RF2,1994,0.25
4,HK,0.8606060606060606,1.0,0.1393939393939394,G.RF2,1994,0.1393939393939394
21,HK,0.0,0.0,0.0,B.RF2,1994,0.0
4,HK,0.9090909090909091,1.0,0.09090909090909094,B.RF2,1994,0.09090909090909094
21,HK,0.0,0.25,0.25,G.RF2.CSE1,1994,0.25
4,HK,0.8848484848484849,1.0,0.11515151515151512,G.RF2.CSE1,1994,0.11515151515151512
21,HK,0.0,0.25,0.25,G.RF2.CSE025,1994,0.25
4,HK,0.8787878787878788,1.0,0.12121212121212122,G.RF2.CSE025,1994,0.12121212121212122
21,HK,0.0,0.0,0.0,B.RF2.CSE1,1994,0.0
4,HK,0.9272727272727272,1.0,0.07272727272727275,B.RF2.CSE1,1994,0.07272727272727275
21,HK,0.0,0.0,0.0,B.RF2.CSE025,1994,0.0
4,HK,0.9090909090909091,1.0,0.09090909090909094,B.RF2.CSE025,1994,0.09090909090909094
21,HK,0.0,0.25,0.25,G.SPLIT1,1994,0.25
4,HK,0.8787878787878788,1.0,0.12121212121212122,G.SPLIT1,1994,0.12121212121212122
21,HK,0.0,0.25,0.25,B.SPLIT1,1994,0.25
4,HK,0.9030303030303031,1.0,0.09696969696969693,B.SPLIT1,1994,0.09696969696969693
21,HK,0.0,0.25,0.25,G.RPLIN1,1994,0.25
4,HK,0.8727272727272727,1.0,0.12727272727272732,G.RPLIN1,1994,0.12727272727272732
21,HK,0.25,0.25,0.0,B.RPLIN1,1994,0.0
4,HK,0.8545454545454545,1.0,0.1454545454545455,B.RPLIN1,1994,0.1454545454545455
21,HK,0.0,0.25,0.25,G.RF1.CSEperm1,1994,0.25
4,HK,0.8666666666666667,1.0,0.1333333333333333,G.RF1.CSEperm1,1994,0.1333333333333333
21,HK,0.25,0.25,0.0,B.RF1.CSEperm1,1994,0.0
4,HK,0.8909090909090909,1.0,0.10909090909090913,B.RF1.CSEperm1,1994,0.10909090909090913
19,HK,0.0,0.0,0.0,F.LIN,1994,0.0
17,HK,0.6,0.8,0.20000000000000007,F.LIN,1994,0.20000000000000007
19,HK,0.0,0.0,0.0,G.LIN,1994,0.0
17,HK,0.8,1.0,0.19999999999999996,G.LIN,1994,0.19999999999999996
19,HK,0.0,0.0,0.0,B.LIN,1994,0.0
17,HK,0.8,0.8,0.19999999999999996,B.LIN,1994,0.0
19,HK,0.0,0.0,0.0,F.RF1,1994,0.0
17,HK,0.6,0.8,0.20000000000000007,F.RF1,1994,0.20000000000000007
19,HK,0.0,0.0,0.0,G.RF1,1994,0.0
17,HK,0.8,1.0,0.19999999999999996,G.RF1,1994,0.19999999999999996
19,HK,0.0,0.0,0.0,B.RF1,1994,0.0
17,HK,0.6,0.8,0.4,B.RF1,1994,0.20000000000000007
19,HK,0.0,0.0,0.0,G.LIN.CSE1,1994,0.0
17,HK,0.8,1.0,0.19999999999999996,G.LIN.CSE1,1994,0.19999999999999996
19,HK,0.0,0.0,0.0,G.LIN.CSE025,1994,0.0
17,HK,0.8,1.0,0.19999999999999996,G.LIN.CSE025,1994,0.19999999999999996
19,HK,0.0,0.0,0.0,G.RF1.CSE1,1994,0.0
17,HK,0.8,1.0,0.19999999999999996,G.RF1.CSE1,1994,0.19999999999999996
19,HK,0.0,0.0,0.0,G.RF1.CSE025,1994,0.0
17,HK,0.8,1.0,0.19999999999999996,G.RF1.CSE025,1994,0.19999999999999996
19,HK,0.0,0.0,0.0,B.LIN.CSE1,1994,0.0
17,HK,0.6,1.0,0.4,B.LIN.CSE1,1994,0.4
19,HK,0.0,0.0,0.0,B.LIN.CSE025,1994,0.0
17,HK,0.6,0.8,0.4,B.LIN.CSE025,1994,0.20000000000000007
19,HK,0.0,0.0,0.0,B.RF1.CSE1,1994,0.0
17,HK,0.6,0.8,0.4,B.RF1.CSE1,1994,0.20000000000000007
19,HK,0.0,0.0,0.0,B.RF1.CSE025,1994,0.0
17,HK,0.4,0.8,0.6,B.RF1.CSE025,1994,0.4
19,HK,0.0,0.0,0.0,F.LOCK1e3,1994,0.0
17,HK,0.6,0.8,0.20000000000000007,F.LOCK1e3,1994,0.20000000000000007
19,HK,0.0,0.0,0.0,G.LOCK5e4,1994,0.0
17,HK,0.8,1.0,0.19999999999999996,G.LOCK5e4,1994,0.19999999999999996
19,HK,0.0,0.0,0.0,G.LOCK1e3,1994,0.0
17,HK,0.8,1.0,0.19999999999999996,G.LOCK1e3,1994,0.19999999999999996
19,HK,0.0,0.0,0.0,B.LOCK5e4,1994,0.0
17,HK,0.8,0.8,0.19999999999999996,B.LOCK5e4,1994,0.0
19,HK,0.0,0.0,0.0,B.LOCK1e3,1994,0.0
17,HK,0.4,0.8,0.6,B.LOCK1e3,1994,0.4
19,HK,0.0,0.0,0.0,F.RF2,1994,0.0
17,HK,0.8,0.8,0.0,F.RF2,1994,0.0
19,HK,0.0,0.0,0.0,G.RF2,1994,0.0
17,HK,0.8,0.8,0.0,G.RF2,1994,0.0
19,HK,0.0,0.0,0.0,B.RF2,1994,0.0
17,HK,0.2,0.4,0.39999999999999997,B.RF2,1994,0.2
19,HK,0.0,0.0,0.0,G.RF2.CSE1,1994,0.0
17,HK,0.8,1.0,0.19999999999999996,G.RF2.CSE1,1994,0.19999999999999996
19,HK,0.0,0.0,0.0,G.RF2.CSE025,1994,0.0
17,HK,0.8,0.8,0.0,G.RF2.CSE025,1994,0.0
19,HK,0.0,0.0,0.0,B.RF2.CSE1,1994,0.0
17,HK,0.0,0.4,0.6,B.RF2.CSE1,1994,0.4
19,HK,0.0,0.0,0.0,B.RF2.CSE025,1994,0.0
17,HK,0.2,0.4,0.39999999999999997,B.RF2.CSE025,1994,0.2
19,HK,0.0,0.0,0.0,G.SPLIT1,1994,0.0
17,HK,0.6,1.0,0.4,G.SPLIT1,1994,0.4
19,HK,0.0,0.0,0.0,B.SPLIT1,1994,0.0
17,HK,0.6,0.8,0.20000000000000007,B.SPLIT1,1994,0.20000000000000007
19,HK,0.0,0.0,0.0,G.RPLIN1,1994,0.0
17,HK,0.8,0.8,0.19999999999999996,G.RPLIN1,1994,0.0
19,HK,0.0,0.0,0.0,B.RPLIN1,1994,0.0
17,HK,0.6,0.8,0.20000000000000007,B.RPLIN1,1994,0.20000000000000007
19,HK,0.0,0.0,0.0,G.RF1.CSEperm1,1994,0.0
17,HK,1.0,1.0,0.0,G.RF1.CSEperm1,1994,0.0
19,HK,0.0,0.0,0.0,B.RF1.CSEperm1,1994,0.0
17,HK,0.4,0.8,0.4,B.RF1.CSEperm1,1994,0.4
6,HK,0.0,0.0,0.0,F.LIN,1994,0.0
11,HK,0.2459016393442623,0.6557377049180327,0.40983606557377045,F.LIN,1994,0.40983606557377045
6,HK,0.0,0.0,0.0,G.LIN,1994,0.0
11,HK,0.2786885245901639,0.639344262295082,0.3770491803278688,G.LIN,1994,0.3606557377049181
6,HK,0.0,0.0,0.0,B.LIN,1994,0.0
11,HK,0.21311475409836064,0.5901639344262295,0.39344262295081966,B.LIN,1994,0.3770491803278688
6,HK,0.0,0.0,0.0,F.RF1,1994,0.0
11,HK,0.2786885245901639,0.6885245901639344,0.4098360655737705,F.RF1,1994,0.4098360655737705
6,HK,0.0,0.0,0.0,G.RF1,1994,0.0
11,HK,0.3114754098360656,0.6885245901639344,0.3770491803278688,G.RF1,1994,0.3770491803278688
6,HK,0.0,0.0,0.0,B.RF1,1994,0.0
11,HK,0.2459016393442623,0.6065573770491803,0.3770491803278689,B.RF1,1994,0.36065573770491804
6,HK,0.0,0.0,0.0,G.LIN.CSE1,1994,0.0
11,HK,0.4098360655737705,0.6721311475409836,0.29508196721311475,G.LIN.CSE1,1994,0.2622950819672131
6,HK,0.0,0.0,0.0,G.LIN.CSE025,1994,0.0
11,HK,0.29508196721311475,0.6557377049180327,0.360655737704918,G.LIN.CSE025,1994,0.360655737704918
6,HK,0.0,0.0,0.0,G.RF1.CSE1,1994,0.0
11,HK,0.4098360655737705,0.6885245901639344,0.2786885245901639,G.RF1.CSE1,1994,0.2786885245901639
6,HK,0.0,0.0,0.0,G.RF1.CSE025,1994,0.0
11,HK,0.32786885245901637,0.6885245901639344,0.36065573770491804,G.RF1.CSE025,1994,0.36065573770491804
6,HK,0.0,0.0,0.0,B.LIN.CSE1,1994,0.0
11,HK,0.32786885245901637,0.6065573770491803,0.27868852459016397,B.LIN.CSE1,1994,0.27868852459016397
6,HK,0.0,0.0,0.0,B.LIN.CSE025,1994,0.0
11,HK,0.2459016393442623,0.6065573770491803,0.36065573770491804,B.LIN.CSE025,1994,0.36065573770491804
6,HK,0.0,0.0,0.0,B.RF1.CSE1,1994,0.0
11,HK,0.36065573770491804,0.639344262295082,0.27868852459016397,B.RF1.CSE1,1994,0.27868852459016397
6,HK,0.0,0.0,0.0,B.RF1.CSE025,1994,0.0
11,HK,0.2786885245901639,0.6065573770491803,0.34426229508196726,B.RF1.CSE025,1994,0.3278688524590164
6,HK,0.0,0.0,0.0,F.LOCK1e3,1994,0.0
11,HK,0.22950819672131148,0.6229508196721312,0.39344262295081966,F.LOCK1e3,1994,0.39344262295081966
6,HK,0.0,0.0,0.0,G.LOCK5e4,1994,0.0
11,HK,0.2786885245901639,0.639344262295082,0.3770491803278688,G.LOCK5e4,1994,0.3606557377049181
6,HK,0.0,0.0,0.0,G.LOCK1e3,1994,0.0
11,HK,0.2786885245901639,0.6229508196721312,0.34426229508196726,G.LOCK1e3,1994,0.34426229508196726
6,HK,0.0,0.0,0.0,B.LOCK5e4,1994,0.0
11,HK,0.21311475409836064,0.5901639344262295,0.39344262295081966,B.LOCK5e4,1994,0.3770491803278688
6,HK,0.0,0.0,0.0,B.LOCK1e3,1994,0.0
11,HK,0.19672131147540983,0.5737704918032787,0.39344262295081966,B.LOCK1e3,1994,0.3770491803278688
6,HK,0.0,0.0,0.0,F.RF2,1994,0.0
11,HK,0.26229508196721313,0.6065573770491803,0.3770491803278689,F.RF2,1994,0.3442622950819672
6,HK,0.0,0.0,0.0,G.RF2,1994,0.0
11,HK,0.3770491803278688,0.7213114754098361,0.3606557377049181,G.RF2,1994,0.34426229508196726
6,HK,0.0,0.0,0.0,B.RF2,1994,0.0
11,HK,0.3770491803278688,0.7868852459016393,0.4098360655737705,B.RF2,1994,0.4098360655737705
6,HK,0.0,0.0,0.0,G.RF2.CSE1,1994,0.0
11,HK,0.45901639344262296,0.7540983606557377,0.2950819672131147,G.RF2.CSE1,1994,0.2950819672131147
6,HK,0.0,0.0,0.0,G.RF2.CSE025,1994,0.0
11,HK,0.39344262295081966,0.7377049180327869,0.34426229508196726,G.RF2.CSE025,1994,0.34426229508196726
6,HK,0.0,0.0,0.0,B.RF2.CSE1,1994,0.0
11,HK,0.4262295081967213,0.7868852459016393,0.36065573770491804,B.RF2.CSE1,1994,0.36065573770491804
6,HK,0.0,0.0,0.0,B.RF2.CSE025,1994,0.0
11,HK,0.4098360655737705,0.7868852459016393,0.3770491803278688,B.RF2.CSE025,1994,0.3770491803278688
6,HK,0.0,0.0,0.0,G.SPLIT1,1994,0.0
11,HK,0.39344262295081966,0.7540983606557377,0.360655737704918,G.SPLIT1,1994,0.360655737704918
6,HK,0.0,0.0,0.0,B.SPLIT1,1994,0.0
11,HK,0.3770491803278688,0.7049180327868853,0.3278688524590164,B.SPLIT1,1994,0.3278688524590164
6,HK,0.0,0.0,0.0,G.RPLIN1,1994,0.0
11,HK,0.26229508196721313,0.6557377049180327,0.3934426229508196,G.RPLIN1,1994,0.3934426229508196
6,HK,0.0,0.0,0.0,B.RPLIN1,1994,0.0
11,HK,0.16393442622950818,0.5737704918032787,0.4098360655737705,B.RPLIN1,1994,0.4098360655737705
6,HK,0.0,0.0,0.0,G.RF1.CSEperm1,1994,0.0
11,HK,0.26229508196721313,0.6885245901639344,0.4262295081967213,G.RF1.CSEperm1,1994,0.4262295081967213
6,HK,0.0,0.0,0.0,B.RF1.CSEperm1,1994,0.0
11,HK,0.11475409836065574,0.5737704918032787,0.4590163934426229,B.RF1.CSEperm1,1994,0.4590163934426229
3,HK,0.8471337579617835,0.89171974522293,0.04458598726114649,F.LIN,1994,0.04458598726114649
15,HK,0.991869918699187,1.0,0.008130081300813052,F.LIN,1994,0.008130081300813052
3,HK,0.8598726114649682,0.8535031847133758,0.006369426751592355,G.LIN,1994,-0.006369426751592355
15,HK,0.991869918699187,1.0,0.008130081300813052,G.LIN,1994,0.008130081300813052
3,HK,0.8471337579617835,0.8662420382165605,0.02547770700636942,B.LIN,1994,0.019108280254777066
15,HK,0.991869918699187,1.0,0.008130081300813052,B.LIN,1994,0.008130081300813052
3,HK,0.8407643312101911,0.8726114649681529,0.031847133757961776,F.RF1,1994,0.031847133757961776
15,HK,0.991869918699187,1.0,0.008130081300813052,F.RF1,1994,0.008130081300813052
3,HK,0.8089171974522293,0.8343949044585988,0.031847133757961776,G.RF1,1994,0.02547770700636942
15,HK,0.991869918699187,1.0,0.008130081300813052,G.RF1,1994,0.008130081300813052
3,HK,0.8343949044585988,0.8726114649681529,0.03821656050955413,B.RF1,1994,0.03821656050955413
15,HK,0.991869918699187,0.991869918699187,0.008130081300813052,B.RF1,1994,0.0
3,HK,0.8089171974522293,0.8343949044585988,0.02547770700636942,G.LIN.CSE1,1994,0.02547770700636942
15,HK,0.991869918699187,1.0,0.008130081300813052,G.LIN.CSE1,1994,0.008130081300813052
3,HK,0.8407643312101911,0.8535031847133758,0.019108280254777066,G.LIN.CSE025,1994,0.01273885350318471
15,HK,0.991869918699187,1.0,0.008130081300813052,G.LIN.CSE025,1994,0.008130081300813052
3,HK,0.7643312101910829,0.8089171974522293,0.04458598726114649,G.RF1.CSE1,1994,0.04458598726114649
15,HK,0.991869918699187,1.0,0.008130081300813052,G.RF1.CSE1,1994,0.008130081300813052
3,HK,0.8089171974522293,0.8280254777070064,0.019108280254777066,G.RF1.CSE025,1994,0.019108280254777066
15,HK,0.991869918699187,1.0,0.008130081300813052,G.RF1.CSE025,1994,0.008130081300813052
3,HK,0.821656050955414,0.8662420382165605,0.04458598726114649,B.LIN.CSE1,1994,0.04458598726114649
15,HK,0.991869918699187,1.0,0.008130081300813052,B.LIN.CSE1,1994,0.008130081300813052
3,HK,0.8471337579617835,0.8662420382165605,0.019108280254777066,B.LIN.CSE025,1994,0.019108280254777066
15,HK,0.991869918699187,1.0,0.008130081300813052,B.LIN.CSE025,1994,0.008130081300813052
3,HK,0.8280254777070064,0.8598726114649682,0.031847133757961776,B.RF1.CSE1,1994,0.031847133757961776
15,HK,0.991869918699187,0.991869918699187,0.0,B.RF1.CSE1,1994,0.0
3,HK,0.8407643312101911,0.8598726114649682,0.019108280254777066,B.RF1.CSE025,1994,0.019108280254777066
15,HK,0.991869918699187,0.991869918699187,0.008130081300813052,B.RF1.CSE025,1994,0.0
3,HK,0.8152866242038217,0.8598726114649682,0.05095541401273884,F.LOCK1e3,1994,0.04458598726114649
15,HK,0.991869918699187,1.0,0.008130081300813052,F.LOCK1e3,1994,0.008130081300813052
3,HK,0.8598726114649682,0.8535031847133758,0.006369426751592355,G.LOCK5e4,1994,-0.006369426751592355
15,HK,0.991869918699187,1.0,0.008130081300813052,G.LOCK5e4,1994,0.008130081300813052
3,HK,0.821656050955414,0.8407643312101911,0.019108280254777066,G.LOCK1e3,1994,0.019108280254777066
15,HK,0.991869918699187,1.0,0.008130081300813052,G.LOCK1e3,1994,0.008130081300813052
3,HK,0.8471337579617835,0.8662420382165605,0.02547770700636942,B.LOCK5e4,1994,0.019108280254777066
15,HK,0.991869918699187,1.0,0.008130081300813052,B.LOCK5e4,1994,0.008130081300813052
3,HK,0.8280254777070064,0.8535031847133758,0.02547770700636942,B.LOCK1e3,1994,0.02547770700636942
15,HK,0.991869918699187,1.0,0.008130081300813052,B.LOCK1e3,1994,0.008130081300813052
3,HK,0.8407643312101911,0.8853503184713376,0.04458598726114649,F.RF2,1994,0.04458598726114649
15,HK,0.991869918699187,1.0,0.008130081300813052,F.RF2,1994,0.008130081300813052
3,HK,0.8789808917197452,0.8853503184713376,0.006369426751592355,G.RF2,1994,0.006369426751592355
15,HK,0.991869918699187,1.0,0.008130081300813052,G.RF2,1994,0.008130081300813052
3,HK,0.8980891719745223,0.9235668789808917,0.02547770700636942,B.RF2,1994,0.02547770700636942
15,HK,1.0,1.0,0.0,B.RF2,1994,0.0
3,HK,0.8471337579617835,0.8662420382165605,0.019108280254777066,G.RF2.CSE1,1994,0.019108280254777066
15,HK,0.991869918699187,1.0,0.008130081300813052,G.RF2.CSE1,1994,0.008130081300813052
3,HK,0.8726114649681529,0.8853503184713376,0.01273885350318471,G.RF2.CSE025,1994,0.01273885350318471
15,HK,0.991869918699187,1.0,0.008130081300813052,G.RF2.CSE025,1994,0.008130081300813052
3,HK,0.8980891719745223,0.9044585987261147,0.019108280254777066,B.RF2.CSE1,1994,0.006369426751592355
15,HK,1.0,1.0,0.0,B.RF2.CSE1,1994,0.0
3,HK,0.8980891719745223,0.9235668789808917,0.02547770700636942,B.RF2.CSE025,1994,0.02547770700636942
15,HK,1.0,1.0,0.0,B.RF2.CSE025,1994,0.0
3,HK,0.8662420382165605,0.89171974522293,0.02547770700636942,G.SPLIT1,1994,0.02547770700636942
15,HK,1.0,1.0,0.0,G.SPLIT1,1994,0.0
3,HK,0.8662420382165605,0.8789808917197452,0.01273885350318471,B.SPLIT1,1994,0.01273885350318471
15,HK,0.991869918699187,1.0,0.008130081300813052,B.SPLIT1,1994,0.008130081300813052
3,HK,0.8471337579617835,0.8598726114649682,0.01273885350318471,G.RPLIN1,1994,0.01273885350318471
15,HK,0.991869918699187,1.0,0.008130081300813052,G.RPLIN1,1994,0.008130081300813052
3,HK,0.8280254777070064,0.8535031847133758,0.02547770700636942,B.RPLIN1,1994,0.02547770700636942
15,HK,0.991869918699187,1.0,0.008130081300813052,B.RPLIN1,1994,0.008130081300813052
3,HK,0.8280254777070064,0.8407643312101911,0.02547770700636942,G.RF1.CSEperm1,1994,0.01273885350318471
15,HK,0.991869918699187,1.0,0.008130081300813052,G.RF1.CSEperm1,1994,0.008130081300813052
3,HK,0.802547770700637,0.7898089171974523,0.02547770700636942,B.RF1.CSEperm1,1994,-0.01273885350318471
15,HK,0.991869918699187,1.0,0.008130081300813052,B.RF1.CSEperm1,1994,0.008130081300813052
0,HK,0.5714285714285714,0.5714285714285714,0.0,F.LIN,1994,0.0
9,HK,0.9878048780487805,0.9878048780487805,0.0,F.LIN,1994,0.0
0,HK,0.5714285714285714,0.5714285714285714,0.0,G.LIN,1994,0.0
9,HK,0.9939024390243902,0.9939024390243902,0.0,G.LIN,1994,0.0
0,HK,0.5714285714285714,0.5714285714285714,0.0,B.LIN,1994,0.0
9,HK,1.0,1.0,0.0,B.LIN,1994,0.0
0,HK,0.7142857142857143,0.5714285714285714,0.0,F.RF1,1994,-0.1428571428571429
9,HK,0.9939024390243902,0.9939024390243902,0.0,F.RF1,1994,0.0
0,HK,0.5714285714285714,0.42857142857142855,0.0,G.RF1,1994,-0.14285714285714285
9,HK,0.9939024390243902,0.9939024390243902,0.0,G.RF1,1994,0.0
0,HK,0.5714285714285714,0.5714285714285714,0.0,B.RF1,1994,0.0
9,HK,1.0,1.0,0.0,B.RF1,1994,0.0
0,HK,0.5714285714285714,0.5714285714285714,0.0,G.LIN.CSE1,1994,0.0
9,HK,0.9939024390243902,0.9939024390243902,0.0,G.LIN.CSE1,1994,0.0
0,HK,0.5714285714285714,0.5714285714285714,0.0,G.LIN.CSE025,1994,0.0
9,HK,0.9939024390243902,0.9939024390243902,0.0,G.LIN.CSE025,1994,0.0
0,HK,0.5714285714285714,0.42857142857142855,0.0,G.RF1.CSE1,1994,-0.14285714285714285
9,HK,0.9939024390243902,0.9939024390243902,0.0,G.RF1.CSE1,1994,0.0
0,HK,0.5714285714285714,0.42857142857142855,0.0,G.RF1.CSE025,1994,-0.14285714285714285
9,HK,0.9939024390243902,0.9939024390243902,0.0,G.RF1.CSE025,1994,0.0
0,HK,0.5714285714285714,0.5714285714285714,0.0,B.LIN.CSE1,1994,0.0
9,HK,1.0,1.0,0.0,B.LIN.CSE1,1994,0.0
0,HK,0.5714285714285714,0.5714285714285714,0.0,B.LIN.CSE025,1994,0.0
9,HK,1.0,1.0,0.0,B.LIN.CSE025,1994,0.0
0,HK,0.5714285714285714,0.5714285714285714,0.0,B.RF1.CSE1,1994,0.0
9,HK,1.0,1.0,0.0,B.RF1.CSE1,1994,0.0
0,HK,0.5714285714285714,0.5714285714285714,0.0,B.RF1.CSE025,1994,0.0
9,HK,1.0,1.0,0.0,B.RF1.CSE025,1994,0.0
0,HK,0.7142857142857143,0.7142857142857143,0.0,F.LOCK1e3,1994,0.0
9,HK,0.9878048780487805,0.9878048780487805,0.0,F.LOCK1e3,1994,0.0
0,HK,0.5714285714285714,0.5714285714285714,0.0,G.LOCK5e4,1994,0.0
9,HK,0.9939024390243902,0.9939024390243902,0.0,G.LOCK5e4,1994,0.0
0,HK,0.7142857142857143,0.5714285714285714,0.0,G.LOCK1e3,1994,-0.1428571428571429
9,HK,0.9939024390243902,0.9939024390243902,0.0,G.LOCK1e3,1994,0.0
0,HK,0.5714285714285714,0.5714285714285714,0.0,B.LOCK5e4,1994,0.0
9,HK,1.0,1.0,0.0,B.LOCK5e4,1994,0.0
0,HK,0.7142857142857143,0.5714285714285714,0.0,B.LOCK1e3,1994,-0.1428571428571429
9,HK,1.0,1.0,0.0,B.LOCK1e3,1994,0.0
0,HK,0.5714285714285714,0.5714285714285714,0.0,F.RF2,1994,0.0
9,HK,0.9878048780487805,0.9878048780487805,0.0060975609756097615,F.RF2,1994,0.0
0,HK,0.42857142857142855,0.2857142857142857,0.0,G.RF2,1994,-0.14285714285714285
9,HK,1.0,1.0,0.0,G.RF2,1994,0.0
0,HK,0.2857142857142857,0.2857142857142857,0.0,B.RF2,1994,0.0
9,HK,1.0,0.9939024390243902,0.0,B.RF2,1994,-0.0060975609756097615
0,HK,0.42857142857142855,0.2857142857142857,0.0,G.RF2.CSE1,1994,-0.14285714285714285
9,HK,1.0,1.0,0.0,G.RF2.CSE1,1994,0.0
0,HK,0.42857142857142855,0.2857142857142857,0.0,G.RF2.CSE025,1994,-0.14285714285714285
9,HK,1.0,1.0,0.0,G.RF2.CSE025,1994,0.0
0,HK,0.2857142857142857,0.2857142857142857,0.0,B.RF2.CSE1,1994,0.0
9,HK,1.0,0.9939024390243902,0.0,B.RF2.CSE1,1994,-0.0060975609756097615
0,HK,0.2857142857142857,0.2857142857142857,0.0,B.RF2.CSE025,1994,0.0
9,HK,1.0,0.9939024390243902,0.0,B.RF2.CSE025,1994,-0.0060975609756097615
0,HK,0.5714285714285714,0.42857142857142855,0.0,G.SPLIT1,1994,-0.14285714285714285
9,HK,1.0,1.0,0.0,G.SPLIT1,1994,0.0
0,HK,0.5714285714285714,0.5714285714285714,0.0,B.SPLIT1,1994,0.0
9,HK,1.0,1.0,0.0,B.SPLIT1,1994,0.0
0,HK,0.7142857142857143,0.5714285714285714,0.0,G.RPLIN1,1994,-0.1428571428571429
9,HK,0.9939024390243902,0.9939024390243902,0.0,G.RPLIN1,1994,0.0
0,HK,0.5714285714285714,0.5714285714285714,0.0,B.RPLIN1,1994,0.0
9,HK,1.0,1.0,0.0,B.RPLIN1,1994,0.0
0,HK,0.42857142857142855,0.42857142857142855,0.0,G.RF1.CSEperm1,1994,0.0
9,HK,0.9939024390243902,0.9939024390243902,0.0,G.RF1.CSEperm1,1994,0.0
0,HK,0.5714285714285714,0.5714285714285714,0.0,B.RF1.CSEperm1,1994,0.0
9,HK,0.9939024390243902,1.0,0.0060975609756097615,B.RF1.CSEperm1,1994,0.0060975609756097615
5,HK,0.0,1.0,1.0,F.LIN,1994,1.0
7,HK,1.0,1.0,0.0,F.LIN,1994,0.0
5,HK,0.0,1.0,1.0,G.LIN,1994,1.0
7,HK,1.0,1.0,0.0,G.LIN,1994,0.0
5,HK,0.0,1.0,1.0,B.LIN,1994,1.0
7,HK,1.0,1.0,0.0,B.LIN,1994,0.0
5,HK,0.0,1.0,1.0,F.RF1,1994,1.0
7,HK,1.0,1.0,0.0,F.RF1,1994,0.0
5,HK,0.0,1.0,1.0,G.RF1,1994,1.0
7,HK,1.0,1.0,0.0,G.RF1,1994,0.0
5,HK,0.0,1.0,1.0,B.RF1,1994,1.0
7,HK,1.0,1.0,0.0,B.RF1,1994,0.0
5,HK,0.0,1.0,1.0,G.LIN.CSE1,1994,1.0
7,HK,1.0,1.0,0.0,G.LIN.CSE1,1994,0.0
5,HK,0.0,1.0,1.0,G.LIN.CSE025,1994,1.0
7,HK,1.0,1.0,0.0,G.LIN.CSE025,1994,0.0
5,HK,0.0,1.0,1.0,G.RF1.CSE1,1994,1.0
7,HK,1.0,1.0,0.0,G.RF1.CSE1,1994,0.0
5,HK,0.0,1.0,1.0,G.RF1.CSE025,1994,1.0
7,HK,1.0,1.0,0.0,G.RF1.CSE025,1994,0.0
5,HK,0.0,1.0,1.0,B.LIN.CSE1,1994,1.0
7,HK,1.0,1.0,0.0,B.LIN.CSE1,1994,0.0
5,HK,0.0,1.0,1.0,B.LIN.CSE025,1994,1.0
7,HK,1.0,1.0,0.0,B.LIN.CSE025,1994,0.0
5,HK,0.0,1.0,1.0,B.RF1.CSE1,1994,1.0
7,HK,1.0,1.0,0.0,B.RF1.CSE1,1994,0.0
5,HK,0.0,1.0,1.0,B.RF1.CSE025,1994,1.0
7,HK,1.0,1.0,0.0,B.RF1.CSE025,1994,0.0
5,HK,0.0,1.0,1.0,F.LOCK1e3,1994,1.0
7,HK,1.0,1.0,0.0,F.LOCK1e3,1994,0.0
5,HK,0.0,1.0,1.0,G.LOCK5e4,1994,1.0
7,HK,1.0,1.0,0.0,G.LOCK5e4,1994,0.0
5,HK,0.0,1.0,1.0,G.LOCK1e3,1994,1.0
7,HK,1.0,1.0,0.0,G.LOCK1e3,1994,0.0
5,HK,0.0,1.0,1.0,B.LOCK5e4,1994,1.0
7,HK,1.0,1.0,0.0,B.LOCK5e4,1994,0.0
5,HK,0.0,1.0,1.0,B.LOCK1e3,1994,1.0
7,HK,1.0,1.0,0.0,B.LOCK1e3,1994,0.0
5,HK,0.0,1.0,1.0,F.RF2,1994,1.0
7,HK,1.0,1.0,0.0,F.RF2,1994,0.0
5,HK,0.0,1.0,1.0,G.RF2,1994,1.0
7,HK,1.0,1.0,0.0,G.RF2,1994,0.0
5,HK,0.0,0.0,0.0,B.RF2,1994,0.0
7,HK,0.9047619047619048,1.0,0.09523809523809523,B.RF2,1994,0.09523809523809523
5,HK,0.0,1.0,1.0,G.RF2.CSE1,1994,1.0
7,HK,1.0,1.0,0.0,G.RF2.CSE1,1994,0.0
5,HK,0.0,1.0,1.0,G.RF2.CSE025,1994,1.0
7,HK,1.0,1.0,0.0,G.RF2.CSE025,1994,0.0
5,HK,0.0,0.0,0.0,B.RF2.CSE1,1994,0.0
7,HK,0.9047619047619048,1.0,0.09523809523809523,B.RF2.CSE1,1994,0.09523809523809523
5,HK,0.0,0.0,0.0,B.RF2.CSE025,1994,0.0
7,HK,0.9047619047619048,1.0,0.09523809523809523,B.RF2.CSE025,1994,0.09523809523809523
5,HK,0.0,1.0,1.0,G.SPLIT1,1994,1.0
7,HK,1.0,1.0,0.0,G.SPLIT1,1994,0.0
5,HK,0.0,1.0,1.0,B.SPLIT1,1994,1.0
7,HK,1.0,1.0,0.0,B.SPLIT1,1994,0.0
5,HK,0.0,1.0,1.0,G.RPLIN1,1994,1.0
7,HK,1.0,1.0,0.0,G.RPLIN1,1994,0.0
5,HK,0.0,1.0,1.0,B.RPLIN1,1994,1.0
7,HK,1.0,1.0,0.0,B.RPLIN1,1994,0.0
5,HK,0.0,1.0,1.0,G.RF1.CSEperm1,1994,1.0
7,HK,1.0,1.0,0.0,G.RF1.CSEperm1,1994,0.0
5,HK,0.0,1.0,1.0,B.RF1.CSEperm1,1994,1.0
7,HK,1.0,1.0,0.0,B.RF1.CSEperm1,1994,0.0
18,HK,0.3939393939393939,0.5454545454545454,0.1515151515151515,F.LIN,1994,0.1515151515151515
1,HK,0.9646017699115044,0.9911504424778761,0.026548672566371723,F.LIN,1994,0.026548672566371723
18,HK,0.42424242424242425,0.5454545454545454,0.12121212121212116,G.LIN,1994,0.12121212121212116
1,HK,0.9292035398230089,1.0,0.07079646017699115,G.LIN,1994,0.07079646017699115
18,HK,0.3939393939393939,0.5151515151515151,0.12121212121212122,B.LIN,1994,0.12121212121212122
1,HK,0.9557522123893806,0.9911504424778761,0.03539823008849552,B.LIN,1994,0.03539823008849552
18,HK,0.45454545454545453,0.5151515151515151,0.06060606060606061,F.RF1,1994,0.06060606060606061
1,HK,0.9646017699115044,0.9911504424778761,0.026548672566371723,F.RF1,1994,0.026548672566371723
18,HK,0.30303030303030304,0.5151515151515151,0.2121212121212121,G.RF1,1994,0.2121212121212121
1,HK,0.9380530973451328,1.0,0.06194690265486724,G.RF1,1994,0.06194690265486724
18,HK,0.36363636363636365,0.45454545454545453,0.09090909090909088,B.RF1,1994,0.09090909090909088
1,HK,0.9557522123893806,0.9911504424778761,0.03539823008849552,B.RF1,1994,0.03539823008849552
18,HK,0.42424242424242425,0.5454545454545454,0.12121212121212116,G.LIN.CSE1,1994,0.12121212121212116
1,HK,0.9469026548672567,1.0,0.053097345132743334,G.LIN.CSE1,1994,0.053097345132743334
18,HK,0.42424242424242425,0.5454545454545454,0.12121212121212116,G.LIN.CSE025,1994,0.12121212121212116
1,HK,0.9380530973451328,1.0,0.06194690265486724,G.LIN.CSE025,1994,0.06194690265486724
18,HK,0.36363636363636365,0.5151515151515151,0.1515151515151515,G.RF1.CSE1,1994,0.1515151515151515
1,HK,0.9380530973451328,1.0,0.06194690265486724,G.RF1.CSE1,1994,0.06194690265486724
18,HK,0.30303030303030304,0.5151515151515151,0.2121212121212121,G.RF1.CSE025,1994,0.2121212121212121
1,HK,0.9380530973451328,1.0,0.06194690265486724,G.RF1.CSE025,1994,0.06194690265486724
18,HK,0.30303030303030304,0.48484848484848486,0.18181818181818182,B.LIN.CSE1,1994,0.18181818181818182
1,HK,0.9646017699115044,0.9911504424778761,0.026548672566371723,B.LIN.CSE1,1994,0.026548672566371723
18,HK,0.36363636363636365,0.5151515151515151,0.1515151515151515,B.LIN.CSE025,1994,0.1515151515151515
1,HK,0.9557522123893806,0.9911504424778761,0.03539823008849552,B.LIN.CSE025,1994,0.03539823008849552
18,HK,0.24242424242424243,0.45454545454545453,0.2121212121212121,B.RF1.CSE1,1994,0.2121212121212121
1,HK,0.9646017699115044,0.9911504424778761,0.026548672566371723,B.RF1.CSE1,1994,0.026548672566371723
18,HK,0.36363636363636365,0.45454545454545453,0.09090909090909088,B.RF1.CSE025,1994,0.09090909090909088
1,HK,0.9557522123893806,0.9911504424778761,0.03539823008849552,B.RF1.CSE025,1994,0.03539823008849552
18,HK,0.3333333333333333,0.48484848484848486,0.15151515151515155,F.LOCK1e3,1994,0.15151515151515155
1,HK,0.9380530973451328,0.9911504424778761,0.053097345132743334,F.LOCK1e3,1994,0.053097345132743334
18,HK,0.42424242424242425,0.5454545454545454,0.12121212121212116,G.LOCK5e4,1994,0.12121212121212116
1,HK,0.9292035398230089,1.0,0.07079646017699115,G.LOCK5e4,1994,0.07079646017699115
18,HK,0.30303030303030304,0.3939393939393939,0.09090909090909088,G.LOCK1e3,1994,0.09090909090909088
1,HK,0.911504424778761,1.0,0.08849557522123896,G.LOCK1e3,1994,0.08849557522123896
18,HK,0.3939393939393939,0.5151515151515151,0.12121212121212122,B.LOCK5e4,1994,0.12121212121212122
1,HK,0.9557522123893806,0.9911504424778761,0.03539823008849552,B.LOCK5e4,1994,0.03539823008849552
18,HK,0.3333333333333333,0.45454545454545453,0.12121212121212122,B.LOCK1e3,1994,0.12121212121212122
1,HK,0.9203539823008849,0.9911504424778761,0.07079646017699115,B.LOCK1e3,1994,0.07079646017699115
18,HK,0.3939393939393939,0.5454545454545454,0.1515151515151515,F.RF2,1994,0.1515151515151515
1,HK,0.9557522123893806,0.9911504424778761,0.03539823008849552,F.RF2,1994,0.03539823008849552
18,HK,0.45454545454545453,0.6666666666666666,0.2121212121212121,G.RF2,1994,0.2121212121212121
1,HK,0.9911504424778761,1.0,0.008849557522123908,G.RF2,1994,0.008849557522123908
18,HK,0.45454545454545453,0.7878787878787878,0.3636363636363637,B.RF2,1994,0.3333333333333333
1,HK,0.9911504424778761,1.0,0.008849557522123908,B.RF2,1994,0.008849557522123908
18,HK,0.48484848484848486,0.696969696969697,0.21212121212121215,G.RF2.CSE1,1994,0.21212121212121215
1,HK,0.9911504424778761,1.0,0.008849557522123908,G.RF2.CSE1,1994,0.008849557522123908
18,HK,0.45454545454545453,0.6666666666666666,0.2121212121212121,G.RF2.CSE025,1994,0.2121212121212121
1,HK,0.9911504424778761,1.0,0.008849557522123908,G.RF2.CSE025,1994,0.008849557522123908
18,HK,0.45454545454545453,0.7878787878787878,0.3636363636363637,B.RF2.CSE1,1994,0.3333333333333333
1,HK,0.9911504424778761,1.0,0.008849557522123908,B.RF2.CSE1,1994,0.008849557522123908
18,HK,0.45454545454545453,0.7878787878787878,0.3636363636363637,B.RF2.CSE025,1994,0.3333333333333333
1,HK,0.9911504424778761,1.0,0.008849557522123908,B.RF2.CSE025,1994,0.008849557522123908
18,HK,0.5454545454545454,0.6666666666666666,0.12121212121212122,G.SPLIT1,1994,0.12121212121212122
1,HK,0.9911504424778761,1.0,0.008849557522123908,G.SPLIT1,1994,0.008849557522123908
18,HK,0.45454545454545453,0.6666666666666666,0.2121212121212121,B.SPLIT1,1994,0.2121212121212121
1,HK,0.9911504424778761,0.9911504424778761,0.0,B.SPLIT1,1994,0.0
18,HK,0.3333333333333333,0.48484848484848486,0.15151515151515155,G.RPLIN1,1994,0.15151515151515155
1,HK,0.9380530973451328,1.0,0.06194690265486724,G.RPLIN1,1994,0.06194690265486724
18,HK,0.3333333333333333,0.3939393939393939,0.06060606060606061,B.RPLIN1,1994,0.06060606060606061
1,HK,0.9203539823008849,0.9911504424778761,0.07079646017699115,B.RPLIN1,1994,0.07079646017699115
18,HK,0.3939393939393939,0.5151515151515151,0.12121212121212122,G.RF1.CSEperm1,1994,0.12121212121212122
1,HK,0.9380530973451328,1.0,0.06194690265486724,G.RF1.CSEperm1,1994,0.06194690265486724
18,HK,0.42424242424242425,0.5454545454545454,0.12121212121212116,B.RF1.CSEperm1,1994,0.12121212121212116
1,HK,0.9557522123893806,0.9911504424778761,0.03539823008849552,B.RF1.CSEperm1,1994,0.03539823008849552
10,HK,0.7733333333333333,0.7733333333333333,0.0,F.LIN,1994,0.0
14,HK,0.9666666666666667,0.9833333333333333,0.016666666666666607,F.LIN,1994,0.016666666666666607
10,HK,0.7666666666666667,0.7666666666666667,0.0,G.LIN,1994,0.0
14,HK,0.9666666666666667,0.9666666666666667,0.0,G.LIN,1994,0.0
10,HK,0.7666666666666667,0.7666666666666667,0.0,B.LIN,1994,0.0
14,HK,0.9666666666666667,0.9666666666666667,0.0,B.LIN,1994,0.0
10,HK,0.7933333333333333,0.7866666666666666,0.0,F.RF1,1994,-0.00666666666666671
14,HK,0.9666666666666667,0.9666666666666667,0.0,F.RF1,1994,0.0
10,HK,0.7733333333333333,0.7866666666666666,0.013333333333333308,G.RF1,1994,0.013333333333333308
14,HK,0.9666666666666667,0.9666666666666667,0.0,G.RF1,1994,0.0
10,HK,0.7666666666666667,0.7666666666666667,0.0,B.RF1,1994,0.0
14,HK,0.9666666666666667,0.9833333333333333,0.016666666666666607,B.RF1,1994,0.016666666666666607
10,HK,0.72,0.7133333333333334,0.0,G.LIN.CSE1,1994,-0.006666666666666599
14,HK,0.9666666666666667,0.9833333333333333,0.016666666666666607,G.LIN.CSE1,1994,0.016666666666666607
10,HK,0.7466666666666667,0.7466666666666667,0.0,G.LIN.CSE025,1994,0.0
14,HK,0.9666666666666667,0.9666666666666667,0.0,G.LIN.CSE025,1994,0.0
10,HK,0.72,0.7266666666666667,0.00666666666666671,G.RF1.CSE1,1994,0.00666666666666671
14,HK,0.9666666666666667,0.9666666666666667,0.0,G.RF1.CSE1,1994,0.0
10,HK,0.76,0.76,0.0,G.RF1.CSE025,1994,0.0
14,HK,0.9666666666666667,0.9666666666666667,0.0,G.RF1.CSE025,1994,0.0
10,HK,0.6933333333333334,0.7066666666666667,0.013333333333333308,B.LIN.CSE1,1994,0.013333333333333308
14,HK,0.9666666666666667,0.9666666666666667,0.0,B.LIN.CSE1,1994,0.0
10,HK,0.74,0.7333333333333333,0.0,B.LIN.CSE025,1994,-0.00666666666666671
14,HK,0.9666666666666667,0.9666666666666667,0.0,B.LIN.CSE025,1994,0.0
10,HK,0.6933333333333334,0.7066666666666667,0.013333333333333308,B.RF1.CSE1,1994,0.013333333333333308
14,HK,0.9666666666666667,0.9666666666666667,0.0,B.RF1.CSE1,1994,0.0
10,HK,0.7333333333333333,0.7333333333333333,0.0,B.RF1.CSE025,1994,0.0
14,HK,0.9666666666666667,0.9666666666666667,0.0,B.RF1.CSE025,1994,0.0
10,HK,0.78,0.7866666666666666,0.006666666666666599,F.LOCK1e3,1994,0.006666666666666599
14,HK,0.9,0.95,0.04999999999999993,F.LOCK1e3,1994,0.04999999999999993
10,HK,0.7666666666666667,0.7666666666666667,0.0,G.LOCK5e4,1994,0.0
14,HK,0.9666666666666667,0.9666666666666667,0.0,G.LOCK5e4,1994,0.0
10,HK,0.76,0.76,0.0,G.LOCK1e3,1994,0.0
14,HK,0.95,0.95,0.0,G.LOCK1e3,1994,0.0
10,HK,0.7666666666666667,0.7666666666666667,0.0,B.LOCK5e4,1994,0.0
14,HK,0.9666666666666667,0.9666666666666667,0.0,B.LOCK5e4,1994,0.0
10,HK,0.74,0.7466666666666667,0.00666666666666671,B.LOCK1e3,1994,0.00666666666666671
14,HK,0.9,0.9166666666666666,0.016666666666666607,B.LOCK1e3,1994,0.016666666666666607
10,HK,0.76,0.7666666666666667,0.00666666666666671,F.RF2,1994,0.00666666666666671
14,HK,0.9666666666666667,0.9666666666666667,0.0,F.RF2,1994,0.0
10,HK,0.76,0.78,0.020000000000000018,G.RF2,1994,0.020000000000000018
14,HK,0.9833333333333333,0.9833333333333333,0.0,G.RF2,1994,0.0
10,HK,0.8266666666666667,0.8333333333333334,0.00666666666666671,B.RF2,1994,0.00666666666666671
14,HK,0.9833333333333333,0.9833333333333333,0.0,B.RF2,1994,0.0
10,HK,0.74,0.7333333333333333,0.0,G.RF2.CSE1,1994,-0.00666666666666671
14,HK,0.9833333333333333,0.9833333333333333,0.0,G.RF2.CSE1,1994,0.0
10,HK,0.7533333333333333,0.7466666666666667,0.0,G.RF2.CSE025,1994,-0.006666666666666599
14,HK,0.9833333333333333,0.9833333333333333,0.0,G.RF2.CSE025,1994,0.0
10,HK,0.82,0.82,0.0,B.RF2.CSE1,1994,0.0
14,HK,0.9833333333333333,0.9833333333333333,0.0,B.RF2.CSE1,1994,0.0
10,HK,0.8266666666666667,0.8266666666666667,0.0,B.RF2.CSE025,1994,0.0
14,HK,0.9833333333333333,0.9833333333333333,0.0,B.RF2.CSE025,1994,0.0
10,HK,0.78,0.7666666666666667,0.0,G.SPLIT1,1994,-0.013333333333333308
14,HK,0.9833333333333333,0.9833333333333333,0.0,G.SPLIT1,1994,0.0
10,HK,0.78,0.7933333333333333,0.013333333333333308,B.SPLIT1,1994,0.013333333333333308
14,HK,0.9833333333333333,0.9833333333333333,0.0,B.SPLIT1,1994,0.0
10,HK,0.7666666666666667,0.7666666666666667,0.0,G.RPLIN1,1994,0.0
14,HK,0.9666666666666667,0.95,0.0,G.RPLIN1,1994,-0.01666666666666672
10,HK,0.7533333333333333,0.7533333333333333,0.0,B.RPLIN1,1994,0.0
14,HK,0.8666666666666667,0.9166666666666666,0.04999999999999993,B.RPLIN1,1994,0.04999999999999993
10,HK,0.8,0.8,0.0,G.RF1.CSEperm1,1994,0.0
14,HK,0.9666666666666667,0.9833333333333333,0.016666666666666607,G.RF1.CSEperm1,1994,0.016666666666666607
10,HK,0.7733333333333333,0.7866666666666666,0.013333333333333308,B.RF1.CSEperm1,1994,0.013333333333333308
14,HK,0.9666666666666667,0.9833333333333333,0.016666666666666607,B.RF1.CSEperm1,1994,0.016666666666666607
20,HK,0.25757575757575757,0.25757575757575757,0.0,F.LIN,1994,0.0
8,HK,0.9803921568627451,0.9803921568627451,0.0,F.LIN,1994,0.0
2,HK,0.8626373626373627,0.8626373626373627,0.0,F.LIN,1994,0.0
20,HK,0.2878787878787879,0.2878787878787879,0.0,G.LIN,1994,0.0
8,HK,0.9934640522875817,0.9934640522875817,0.0,G.LIN,1994,0.0
2,HK,0.8461538461538461,0.8461538461538461,0.0,G.LIN,1994,0.0
20,HK,0.19696969696969696,0.19696969696969696,0.0,B.LIN,1994,0.0
8,HK,0.9869281045751634,0.9869281045751634,0.0,B.LIN,1994,0.0
2,HK,0.8021978021978022,0.8021978021978022,0.0,B.LIN,1994,0.0
20,HK,0.22727272727272727,0.22727272727272727,0.0,F.RF1,1994,0.0
8,HK,0.9869281045751634,0.9869281045751634,0.0,F.RF1,1994,0.0
2,HK,0.8571428571428571,0.8571428571428571,0.0,F.RF1,1994,0.0
20,HK,0.2727272727272727,0.2727272727272727,0.0,G.RF1,1994,0.0
8,HK,1.0,1.0,0.0,G.RF1,1994,0.0
2,HK,0.8516483516483516,0.8516483516483516,0.0,G.RF1,1994,0.0
20,HK,0.22727272727272727,0.22727272727272727,0.0,B.RF1,1994,0.0
8,HK,0.9738562091503268,0.9738562091503268,0.0,B.RF1,1994,0.0
2,HK,0.8021978021978022,0.8021978021978022,0.0,B.RF1,1994,0.0
20,HK,0.2878787878787879,0.2878787878787879,0.0,G.LIN.CSE1,1994,0.0
8,HK,0.9869281045751634,0.9869281045751634,0.0,G.LIN.CSE1,1994,0.0
2,HK,0.8406593406593407,0.8406593406593407,0.0,G.LIN.CSE1,1994,0.0
20,HK,0.2878787878787879,0.2878787878787879,0.0,G.LIN.CSE025,1994,0.0
8,HK,0.9934640522875817,0.9934640522875817,0.0,G.LIN.CSE025,1994,0.0
2,HK,0.8461538461538461,0.8461538461538461,0.0,G.LIN.CSE025,1994,0.0
20,HK,0.2727272727272727,0.2727272727272727,0.0,G.RF1.CSE1,1994,0.0
8,HK,0.9934640522875817,0.9934640522875817,0.0,G.RF1.CSE1,1994,0.0
2,HK,0.8351648351648352,0.8351648351648352,0.0,G.RF1.CSE1,1994,0.0
20,HK,0.2878787878787879,0.2878787878787879,0.0,G.RF1.CSE025,1994,0.0
8,HK,1.0,1.0,0.0,G.RF1.CSE025,1994,0.0
2,HK,0.8461538461538461,0.8461538461538461,0.0,G.RF1.CSE025,1994,0.0
20,HK,0.19696969696969696,0.19696969696969696,0.0,B.LIN.CSE1,1994,0.0
8,HK,0.9934640522875817,0.9934640522875817,0.0,B.LIN.CSE1,1994,0.0
2,HK,0.8296703296703297,0.8296703296703297,0.0,B.LIN.CSE1,1994,0.0
20,HK,0.19696969696969696,0.19696969696969696,0.0,B.LIN.CSE025,1994,0.0
8,HK,0.9869281045751634,0.9869281045751634,0.0,B.LIN.CSE025,1994,0.0
2,HK,0.8131868131868132,0.8131868131868132,0.0,B.LIN.CSE025,1994,0.0
20,HK,0.19696969696969696,0.19696969696969696,0.0,B.RF1.CSE1,1994,0.0
8,HK,0.9869281045751634,0.9869281045751634,0.0,B.RF1.CSE1,1994,0.0
2,HK,0.8241758241758241,0.8241758241758241,0.0,B.RF1.CSE1,1994,0.0
20,HK,0.22727272727272727,0.22727272727272727,0.0,B.RF1.CSE025,1994,0.0
8,HK,0.9803921568627451,0.9803921568627451,0.0,B.RF1.CSE025,1994,0.0
2,HK,0.8076923076923077,0.8076923076923077,0.0,B.RF1.CSE025,1994,0.0
20,HK,0.16666666666666666,0.16666666666666666,0.0,F.LOCK1e3,1994,0.0
8,HK,0.9803921568627451,0.9803921568627451,0.0,F.LOCK1e3,1994,0.0
2,HK,0.8351648351648352,0.8351648351648352,0.0,F.LOCK1e3,1994,0.0
20,HK,0.2878787878787879,0.2878787878787879,0.0,G.LOCK5e4,1994,0.0
8,HK,0.9934640522875817,0.9934640522875817,0.0,G.LOCK5e4,1994,0.0
2,HK,0.8461538461538461,0.8461538461538461,0.0,G.LOCK5e4,1994,0.0
20,HK,0.19696969696969696,0.19696969696969696,0.0,G.LOCK1e3,1994,0.0
8,HK,0.9869281045751634,0.9869281045751634,0.0,G.LOCK1e3,1994,0.0
2,HK,0.8351648351648352,0.8351648351648352,0.0,G.LOCK1e3,1994,0.0
20,HK,0.19696969696969696,0.19696969696969696,0.0,B.LOCK5e4,1994,0.0
8,HK,0.9869281045751634,0.9869281045751634,0.0,B.LOCK5e4,1994,0.0
2,HK,0.8021978021978022,0.8021978021978022,0.0,B.LOCK5e4,1994,0.0
20,HK,0.12121212121212122,0.12121212121212122,0.0,B.LOCK1e3,1994,0.0
8,HK,0.9803921568627451,0.9803921568627451,0.0,B.LOCK1e3,1994,0.0
2,HK,0.7802197802197802,0.7802197802197802,0.0,B.LOCK1e3,1994,0.0
20,HK,0.22727272727272727,0.22727272727272727,0.0,F.RF2,1994,0.0
8,HK,0.9869281045751634,0.9869281045751634,0.0,F.RF2,1994,0.0
2,HK,0.8681318681318682,0.8681318681318682,0.0,F.RF2,1994,0.0
20,HK,0.3939393939393939,0.3939393939393939,0.0,G.RF2,1994,0.0
8,HK,1.0,1.0,0.0,G.RF2,1994,0.0
2,HK,0.9230769230769231,0.9230769230769231,0.0,G.RF2,1994,0.0
20,HK,0.6363636363636364,0.6363636363636364,0.0,B.RF2,1994,0.0
8,HK,0.9803921568627451,0.9803921568627451,0.0,B.RF2,1994,0.0
2,HK,0.9615384615384616,0.9615384615384616,0.0,B.RF2,1994,0.0
20,HK,0.3787878787878788,0.3787878787878788,0.0,G.RF2.CSE1,1994,0.0
8,HK,1.0,1.0,0.0,G.RF2.CSE1,1994,0.0
2,HK,0.9120879120879121,0.9120879120879121,0.0,G.RF2.CSE1,1994,0.0
20,HK,0.3787878787878788,0.3787878787878788,0.0,G.RF2.CSE025,1994,0.0
8,HK,1.0,1.0,0.0,G.RF2.CSE025,1994,0.0
2,HK,0.9230769230769231,0.9230769230769231,0.0,G.RF2.CSE025,1994,0.0
20,HK,0.6363636363636364,0.6363636363636364,0.0,B.RF2.CSE1,1994,0.0
8,HK,0.9869281045751634,0.9869281045751634,0.0,B.RF2.CSE1,1994,0.0
2,HK,0.9615384615384616,0.9615384615384616,0.0,B.RF2.CSE1,1994,0.0
20,HK,0.6363636363636364,0.6363636363636364,0.0,B.RF2.CSE025,1994,0.0
8,HK,0.9803921568627451,0.9803921568627451,0.0,B.RF2.CSE025,1994,0.0
2,HK,0.9615384615384616,0.9615384615384616,0.0,B.RF2.CSE025,1994,0.0
20,HK,0.42424242424242425,0.42424242424242425,0.0,G.SPLIT1,1994,0.0
8,HK,1.0,1.0,0.0,G.SPLIT1,1994,0.0
2,HK,0.9120879120879121,0.9120879120879121,0.0,G.SPLIT1,1994,0.0
20,HK,0.3333333333333333,0.3333333333333333,0.0,B.SPLIT1,1994,0.0
8,HK,0.9934640522875817,0.9934640522875817,0.0,B.SPLIT1,1994,0.0
2,HK,0.9065934065934066,0.9065934065934066,0.0,B.SPLIT1,1994,0.0
20,HK,0.3333333333333333,0.3333333333333333,0.0,G.RPLIN1,1994,0.0
8,HK,0.9934640522875817,0.9934640522875817,0.0,G.RPLIN1,1994,0.0
2,HK,0.8461538461538461,0.8461538461538461,0.0,G.RPLIN1,1994,0.0
20,HK,0.10606060606060606,0.10606060606060606,0.0,B.RPLIN1,1994,0.0
8,HK,0.9738562091503268,0.9738562091503268,0.0,B.RPLIN1,1994,0.0
2,HK,0.7857142857142857,0.7857142857142857,0.0,B.RPLIN1,1994,0.0
20,HK,0.3484848484848485,0.3484848484848485,0.0,G.RF1.CSEperm1,1994,0.0
8,HK,0.9934640522875817,0.9934640522875817,0.0,G.RF1.CSEperm1,1994,0.0
2,HK,0.8296703296703297,0.8296703296703297,0.0,G.RF1.CSEperm1,1994,0.0
20,HK,0.16666666666666666,0.16666666666666666,0.0,B.RF1.CSEperm1,1994,0.0
8,HK,0.9869281045751634,0.9869281045751634,0.0,B.RF1.CSEperm1,1994,0.0
2,HK,0.7912087912087912,0.7912087912087912,0.0,B.RF1.CSEperm1,1994,0.0
9,HK,1.0,1.0,0.0,F.LIN,1995,0.0
13,HK,0.95625,0.975,0.018749999999999933,F.LIN,1995,0.018749999999999933
9,HK,1.0,1.0,0.0,G.LIN,1995,0.0
13,HK,0.95625,0.975,0.018749999999999933,G.LIN,1995,0.018749999999999933
9,HK,1.0,1.0,0.0,B.LIN,1995,0.0
13,HK,0.95625,0.975,0.018749999999999933,B.LIN,1995,0.018749999999999933
9,HK,1.0,1.0,0.0,F.RF1,1995,0.0
13,HK,0.95625,0.975,0.018749999999999933,F.RF1,1995,0.018749999999999933
9,HK,1.0,1.0,0.0,G.RF1,1995,0.0
13,HK,0.95625,0.975,0.018749999999999933,G.RF1,1995,0.018749999999999933
9,HK,1.0,1.0,0.0,B.RF1,1995,0.0
13,HK,0.95625,0.975,0.018749999999999933,B.RF1,1995,0.018749999999999933
9,HK,1.0,1.0,0.0,G.LIN.CSE1,1995,0.0
13,HK,0.95625,0.975,0.018749999999999933,G.LIN.CSE1,1995,0.018749999999999933
9,HK,1.0,1.0,0.0,G.LIN.CSE025,1995,0.0
13,HK,0.95625,0.975,0.018749999999999933,G.LIN.CSE025,1995,0.018749999999999933
9,HK,1.0,1.0,0.0,G.RF1.CSE1,1995,0.0
13,HK,0.95625,0.975,0.018749999999999933,G.RF1.CSE1,1995,0.018749999999999933
9,HK,1.0,1.0,0.0,G.RF1.CSE025,1995,0.0
13,HK,0.95625,0.975,0.018749999999999933,G.RF1.CSE025,1995,0.018749999999999933
9,HK,1.0,1.0,0.0,B.LIN.CSE1,1995,0.0
13,HK,0.9625,0.975,0.018749999999999933,B.LIN.CSE1,1995,0.012499999999999956
9,HK,1.0,1.0,0.0,B.LIN.CSE025,1995,0.0
13,HK,0.95625,0.975,0.018749999999999933,B.LIN.CSE025,1995,0.018749999999999933
9,HK,1.0,1.0,0.0,B.RF1.CSE1,1995,0.0
13,HK,0.9625,0.98125,0.018749999999999933,B.RF1.CSE1,1995,0.018749999999999933
9,HK,1.0,1.0,0.0,B.RF1.CSE025,1995,0.0
13,HK,0.95625,0.975,0.02499999999999991,B.RF1.CSE025,1995,0.018749999999999933
9,HK,0.9878048780487805,1.0,0.012195121951219523,F.LOCK1e3,1995,0.012195121951219523
13,HK,0.95,0.96875,0.018750000000000044,F.LOCK1e3,1995,0.018750000000000044
9,HK,0.9939024390243902,1.0,0.0060975609756097615,G.LOCK5e4,1995,0.0060975609756097615
13,HK,0.95625,0.96875,0.012499999999999956,G.LOCK5e4,1995,0.012499999999999956
9,HK,0.9939024390243902,1.0,0.0060975609756097615,G.LOCK1e3,1995,0.0060975609756097615
13,HK,0.95625,0.9625,0.012499999999999956,G.LOCK1e3,1995,0.006249999999999978
9,HK,1.0,1.0,0.0,B.LOCK5e4,1995,0.0
13,HK,0.95625,0.975,0.02499999999999991,B.LOCK5e4,1995,0.018749999999999933
9,HK,1.0,1.0,0.0,B.LOCK1e3,1995,0.0
13,HK,0.9625,0.975,0.025000000000000022,B.LOCK1e3,1995,0.012499999999999956
9,HK,1.0,1.0,0.0,F.RF2,1995,0.0
13,HK,0.95625,0.975,0.018749999999999933,F.RF2,1995,0.018749999999999933
9,HK,1.0,1.0,0.0,G.RF2,1995,0.0
13,HK,0.95625,0.975,0.018749999999999933,G.RF2,1995,0.018749999999999933
9,HK,1.0,1.0,0.0,B.RF2,1995,0.0
13,HK,0.95625,0.975,0.018749999999999933,B.RF2,1995,0.018749999999999933
9,HK,1.0,1.0,0.0,G.RF2.CSE1,1995,0.0
13,HK,0.95625,0.975,0.018749999999999933,G.RF2.CSE1,1995,0.018749999999999933
9,HK,1.0,1.0,0.0,G.RF2.CSE025,1995,0.0
13,HK,0.95625,0.975,0.018749999999999933,G.RF2.CSE025,1995,0.018749999999999933
9,HK,1.0,1.0,0.0,B.RF2.CSE1,1995,0.0
13,HK,0.95625,0.975,0.02499999999999991,B.RF2.CSE1,1995,0.018749999999999933
9,HK,1.0,1.0,0.0,B.RF2.CSE025,1995,0.0
13,HK,0.95625,0.975,0.018749999999999933,B.RF2.CSE025,1995,0.018749999999999933
9,HK,1.0,1.0,0.0,G.SPLIT1,1995,0.0
13,HK,0.95625,0.975,0.018749999999999933,G.SPLIT1,1995,0.018749999999999933
9,HK,1.0,1.0,0.0,B.SPLIT1,1995,0.0
13,HK,0.96875,0.975,0.006249999999999978,B.SPLIT1,1995,0.006249999999999978
9,HK,1.0,1.0,0.0,G.RPLIN1,1995,0.0
13,HK,0.95625,0.975,0.018749999999999933,G.RPLIN1,1995,0.018749999999999933
9,HK,1.0,1.0,0.0,B.RPLIN1,1995,0.0
13,HK,0.95625,0.975,0.018749999999999933,B.RPLIN1,1995,0.018749999999999933
9,HK,1.0,1.0,0.0,G.RF1.CSEperm1,1995,0.0
13,HK,0.95625,0.975,0.018749999999999933,G.RF1.CSEperm1,1995,0.018749999999999933
9,HK,1.0,1.0,0.0,B.RF1.CSEperm1,1995,0.0
13,HK,0.95625,0.975,0.018749999999999933,B.RF1.CSEperm1,1995,0.018749999999999933
16,HK,0.375,1.0,0.625,F.LIN,1995,0.625
14,HK,0.9833333333333333,1.0,0.01666666666666672,F.LIN,1995,0.01666666666666672
16,HK,0.375,1.0,0.625,G.LIN,1995,0.625
14,HK,0.9833333333333333,1.0,0.01666666666666672,G.LIN,1995,0.01666666666666672
16,HK,0.25,1.0,0.75,B.LIN,1995,0.75
14,HK,0.9833333333333333,1.0,0.01666666666666672,B.LIN,1995,0.01666666666666672
16,HK,0.375,1.0,0.625,F.RF1,1995,0.625
14,HK,0.9833333333333333,1.0,0.01666666666666672,F.RF1,1995,0.01666666666666672
16,HK,0.375,1.0,0.625,G.RF1,1995,0.625
14,HK,0.9833333333333333,1.0,0.01666666666666672,G.RF1,1995,0.01666666666666672
16,HK,0.25,1.0,0.75,B.RF1,1995,0.75
14,HK,0.9833333333333333,1.0,0.01666666666666672,B.RF1,1995,0.01666666666666672
16,HK,0.375,1.0,0.625,G.LIN.CSE1,1995,0.625
14,HK,0.9833333333333333,1.0,0.01666666666666672,G.LIN.CSE1,1995,0.01666666666666672
16,HK,0.375,1.0,0.625,G.LIN.CSE025,1995,0.625
14,HK,0.9833333333333333,1.0,0.01666666666666672,G.LIN.CSE025,1995,0.01666666666666672
16,HK,0.375,1.0,0.625,G.RF1.CSE1,1995,0.625
14,HK,0.9833333333333333,1.0,0.01666666666666672,G.RF1.CSE1,1995,0.01666666666666672
16,HK,0.375,1.0,0.625,G.RF1.CSE025,1995,0.625
14,HK,0.9833333333333333,1.0,0.01666666666666672,G.RF1.CSE025,1995,0.01666666666666672
16,HK,0.25,1.0,0.75,B.LIN.CSE1,1995,0.75
14,HK,0.9666666666666667,1.0,0.033333333333333326,B.LIN.CSE1,1995,0.033333333333333326
16,HK,0.25,1.0,0.75,B.LIN.CSE025,1995,0.75
14,HK,0.9833333333333333,1.0,0.01666666666666672,B.LIN.CSE025,1995,0.01666666666666672
16,HK,0.25,1.0,0.75,B.RF1.CSE1,1995,0.75
14,HK,0.9666666666666667,1.0,0.033333333333333326,B.RF1.CSE1,1995,0.033333333333333326
16,HK,0.25,1.0,0.75,B.RF1.CSE025,1995,0.75
14,HK,0.9833333333333333,1.0,0.01666666666666672,B.RF1.CSE025,1995,0.01666666666666672
16,HK,0.375,1.0,0.625,F.LOCK1e3,1995,0.625
14,HK,0.9333333333333333,1.0,0.06666666666666665,F.LOCK1e3,1995,0.06666666666666665
16,HK,0.25,1.0,0.75,G.LOCK5e4,1995,0.75
14,HK,0.9666666666666667,1.0,0.033333333333333326,G.LOCK5e4,1995,0.033333333333333326
16,HK,0.25,1.0,0.75,G.LOCK1e3,1995,0.75
14,HK,0.9666666666666667,1.0,0.033333333333333326,G.LOCK1e3,1995,0.033333333333333326
16,HK,0.25,1.0,0.75,B.LOCK5e4,1995,0.75
14,HK,0.95,1.0,0.050000000000000044,B.LOCK5e4,1995,0.050000000000000044
16,HK,0.125,1.0,0.875,B.LOCK1e3,1995,0.875
14,HK,0.8833333333333333,1.0,0.1166666666666667,B.LOCK1e3,1995,0.1166666666666667
16,HK,0.375,1.0,0.625,F.RF2,1995,0.625
14,HK,0.9833333333333333,1.0,0.01666666666666672,F.RF2,1995,0.01666666666666672
16,HK,0.125,1.0,0.875,G.RF2,1995,0.875
14,HK,0.9833333333333333,1.0,0.01666666666666672,G.RF2,1995,0.01666666666666672
16,HK,0.25,1.0,0.75,B.RF2,1995,0.75
14,HK,0.9666666666666667,1.0,0.033333333333333326,B.RF2,1995,0.033333333333333326
16,HK,0.125,1.0,0.875,G.RF2.CSE1,1995,0.875
14,HK,0.9833333333333333,1.0,0.01666666666666672,G.RF2.CSE1,1995,0.01666666666666672
16,HK,0.125,1.0,0.875,G.RF2.CSE025,1995,0.875
14,HK,0.9833333333333333,1.0,0.01666666666666672,G.RF2.CSE025,1995,0.01666666666666672
16,HK,0.25,1.0,0.75,B.RF2.CSE1,1995,0.75
14,HK,0.9666666666666667,1.0,0.033333333333333326,B.RF2.CSE1,1995,0.033333333333333326
16,HK,0.25,1.0,0.75,B.RF2.CSE025,1995,0.75
14,HK,0.9666666666666667,1.0,0.033333333333333326,B.RF2.CSE025,1995,0.033333333333333326
16,HK,0.375,1.0,0.625,G.SPLIT1,1995,0.625
14,HK,0.9833333333333333,1.0,0.01666666666666672,G.SPLIT1,1995,0.01666666666666672
16,HK,0.25,1.0,0.75,B.SPLIT1,1995,0.75
14,HK,0.9833333333333333,1.0,0.01666666666666672,B.SPLIT1,1995,0.01666666666666672
16,HK,0.375,1.0,0.625,G.RPLIN1,1995,0.625
14,HK,0.9833333333333333,1.0,0.01666666666666672,G.RPLIN1,1995,0.01666666666666672
16,HK,0.375,1.0,0.625,B.RPLIN1,1995,0.625
14,HK,0.9833333333333333,1.0,0.01666666666666672,B.RPLIN1,1995,0.01666666666666672
16,HK,0.375,1.0,0.625,G.RF1.CSEperm1,1995,0.625
14,HK,0.9833333333333333,1.0,0.01666666666666672,G.RF1.CSEperm1,1995,0.01666666666666672
16,HK,0.0,1.0,1.0,B.RF1.CSEperm1,1995,1.0
14,HK,0.9833333333333333,1.0,0.01666666666666672,B.RF1.CSEperm1,1995,0.01666666666666672
15,HK,0.991869918699187,0.991869918699187,0.0,F.LIN,1995,0.0
5,HK,0.0,0.0,0.0,F.LIN,1995,0.0
15,HK,0.991869918699187,0.991869918699187,0.0,G.LIN,1995,0.0
5,HK,0.0,0.0,0.0,G.LIN,1995,0.0
15,HK,0.991869918699187,0.991869918699187,0.0,B.LIN,1995,0.0
5,HK,0.0,0.0,0.0,B.LIN,1995,0.0
15,HK,0.991869918699187,0.991869918699187,0.0,F.RF1,1995,0.0
5,HK,0.0,0.0,0.0,F.RF1,1995,0.0
15,HK,0.991869918699187,0.991869918699187,0.0,G.RF1,1995,0.0
5,HK,0.0,0.0,0.0,G.RF1,1995,0.0
15,HK,0.991869918699187,1.0,0.008130081300813052,B.RF1,1995,0.008130081300813052
5,HK,0.0,0.0,0.0,B.RF1,1995,0.0
15,HK,0.991869918699187,0.991869918699187,0.0,G.LIN.CSE1,1995,0.0
5,HK,0.0,0.0,0.0,G.LIN.CSE1,1995,0.0
15,HK,0.991869918699187,0.991869918699187,0.0,G.LIN.CSE025,1995,0.0
5,HK,0.0,0.0,0.0,G.LIN.CSE025,1995,0.0
15,HK,0.991869918699187,0.991869918699187,0.0,G.RF1.CSE1,1995,0.0
5,HK,0.0,0.0,0.0,G.RF1.CSE1,1995,0.0
15,HK,0.991869918699187,0.991869918699187,0.0,G.RF1.CSE025,1995,0.0
5,HK,0.0,0.0,0.0,G.RF1.CSE025,1995,0.0
15,HK,0.991869918699187,0.991869918699187,0.0,B.LIN.CSE1,1995,0.0
5,HK,0.0,0.0,0.0,B.LIN.CSE1,1995,0.0
15,HK,0.991869918699187,0.991869918699187,0.0,B.LIN.CSE025,1995,0.0
5,HK,0.0,0.0,0.0,B.LIN.CSE025,1995,0.0
15,HK,0.991869918699187,1.0,0.008130081300813052,B.RF1.CSE1,1995,0.008130081300813052
5,HK,0.0,0.0,0.0,B.RF1.CSE1,1995,0.0
15,HK,0.991869918699187,1.0,0.008130081300813052,B.RF1.CSE025,1995,0.008130081300813052
5,HK,0.0,0.0,0.0,B.RF1.CSE025,1995,0.0
15,HK,0.991869918699187,0.991869918699187,0.0,F.LOCK1e3,1995,0.0
5,HK,0.0,0.0,0.0,F.LOCK1e3,1995,0.0
15,HK,0.991869918699187,0.991869918699187,0.0,G.LOCK5e4,1995,0.0
5,HK,0.0,0.0,0.0,G.LOCK5e4,1995,0.0
15,HK,0.991869918699187,0.991869918699187,0.0,G.LOCK1e3,1995,0.0
5,HK,0.0,0.0,0.0,G.LOCK1e3,1995,0.0
15,HK,0.991869918699187,0.991869918699187,0.0,B.LOCK5e4,1995,0.0
5,HK,0.0,0.0,0.0,B.LOCK5e4,1995,0.0
15,HK,0.991869918699187,0.991869918699187,0.0,B.LOCK1e3,1995,0.0
5,HK,0.0,0.0,0.0,B.LOCK1e3,1995,0.0
15,HK,0.991869918699187,0.991869918699187,0.0,F.RF2,1995,0.0
5,HK,0.0,0.0,0.0,F.RF2,1995,0.0
15,HK,0.991869918699187,0.991869918699187,0.0,G.RF2,1995,0.0
5,HK,0.0,0.0,0.0,G.RF2,1995,0.0
15,HK,0.991869918699187,0.991869918699187,0.0,B.RF2,1995,0.0
5,HK,0.0,0.0,0.0,B.RF2,1995,0.0
15,HK,0.991869918699187,0.991869918699187,0.0,G.RF2.CSE1,1995,0.0
5,HK,0.0,0.0,0.0,G.RF2.CSE1,1995,0.0
15,HK,0.991869918699187,0.991869918699187,0.0,G.RF2.CSE025,1995,0.0
5,HK,0.0,0.0,0.0,G.RF2.CSE025,1995,0.0
15,HK,0.991869918699187,0.991869918699187,0.0,B.RF2.CSE1,1995,0.0
5,HK,0.0,0.0,0.0,B.RF2.CSE1,1995,0.0
15,HK,0.991869918699187,0.991869918699187,0.0,B.RF2.CSE025,1995,0.0
5,HK,0.0,0.0,0.0,B.RF2.CSE025,1995,0.0
15,HK,0.991869918699187,1.0,0.008130081300813052,G.SPLIT1,1995,0.008130081300813052
5,HK,0.0,0.0,0.0,G.SPLIT1,1995,0.0
15,HK,0.991869918699187,0.991869918699187,0.0,B.SPLIT1,1995,0.0
5,HK,0.0,0.0,0.0,B.SPLIT1,1995,0.0
15,HK,0.991869918699187,0.991869918699187,0.0,G.RPLIN1,1995,0.0
5,HK,0.0,0.0,0.0,G.RPLIN1,1995,0.0
15,HK,0.991869918699187,0.991869918699187,0.0,B.RPLIN1,1995,0.0
5,HK,0.0,0.0,0.0,B.RPLIN1,1995,0.0
15,HK,0.991869918699187,0.991869918699187,0.0,G.RF1.CSEperm1,1995,0.0
5,HK,0.0,0.0,0.0,G.RF1.CSEperm1,1995,0.0
15,HK,0.991869918699187,0.991869918699187,0.0,B.RF1.CSEperm1,1995,0.0
5,HK,0.0,0.0,0.0,B.RF1.CSEperm1,1995,0.0
12,HK,0.8292682926829268,0.9024390243902439,0.07317073170731714,F.LIN,1995,0.07317073170731714
1,HK,0.9823008849557522,1.0,0.017699115044247815,F.LIN,1995,0.017699115044247815
12,HK,0.8292682926829268,0.9024390243902439,0.07317073170731714,G.LIN,1995,0.07317073170731714
1,HK,0.9911504424778761,1.0,0.008849557522123908,G.LIN,1995,0.008849557522123908
12,HK,0.8292682926829268,0.9512195121951219,0.12195121951219512,B.LIN,1995,0.12195121951219512
1,HK,0.9911504424778761,1.0,0.008849557522123908,B.LIN,1995,0.008849557522123908
12,HK,0.8048780487804879,0.9024390243902439,0.09756097560975607,F.RF1,1995,0.09756097560975607
1,HK,0.9823008849557522,1.0,0.017699115044247815,F.RF1,1995,0.017699115044247815
12,HK,0.8048780487804879,0.9024390243902439,0.09756097560975607,G.RF1,1995,0.09756097560975607
1,HK,0.9911504424778761,1.0,0.008849557522123908,G.RF1,1995,0.008849557522123908
12,HK,0.8292682926829268,0.926829268292683,0.09756097560975618,B.RF1,1995,0.09756097560975618
1,HK,0.9911504424778761,1.0,0.008849557522123908,B.RF1,1995,0.008849557522123908
12,HK,0.8292682926829268,0.9024390243902439,0.07317073170731714,G.LIN.CSE1,1995,0.07317073170731714
1,HK,0.9911504424778761,1.0,0.008849557522123908,G.LIN.CSE1,1995,0.008849557522123908
12,HK,0.8292682926829268,0.9024390243902439,0.07317073170731714,G.LIN.CSE025,1995,0.07317073170731714
1,HK,0.9911504424778761,1.0,0.008849557522123908,G.LIN.CSE025,1995,0.008849557522123908
12,HK,0.8048780487804879,0.9024390243902439,0.09756097560975607,G.RF1.CSE1,1995,0.09756097560975607
1,HK,0.9911504424778761,1.0,0.008849557522123908,G.RF1.CSE1,1995,0.008849557522123908
12,HK,0.8048780487804879,0.9024390243902439,0.09756097560975607,G.RF1.CSE025,1995,0.09756097560975607
1,HK,0.9911504424778761,1.0,0.008849557522123908,G.RF1.CSE025,1995,0.008849557522123908
12,HK,0.8292682926829268,0.9512195121951219,0.12195121951219512,B.LIN.CSE1,1995,0.12195121951219512
1,HK,0.9911504424778761,1.0,0.008849557522123908,B.LIN.CSE1,1995,0.008849557522123908
12,HK,0.8292682926829268,0.9512195121951219,0.12195121951219512,B.LIN.CSE025,1995,0.12195121951219512
1,HK,0.9911504424778761,1.0,0.008849557522123908,B.LIN.CSE025,1995,0.008849557522123908
12,HK,0.8536585365853658,0.9512195121951219,0.09756097560975607,B.RF1.CSE1,1995,0.09756097560975607
1,HK,0.9911504424778761,1.0,0.008849557522123908,B.RF1.CSE1,1995,0.008849557522123908
12,HK,0.8536585365853658,0.926829268292683,0.07317073170731714,B.RF1.CSE025,1995,0.07317073170731714
1,HK,0.9911504424778761,1.0,0.008849557522123908,B.RF1.CSE025,1995,0.008849557522123908
12,HK,0.8292682926829268,0.8536585365853658,0.024390243902439046,F.LOCK1e3,1995,0.024390243902439046
1,HK,0.9380530973451328,1.0,0.06194690265486724,F.LOCK1e3,1995,0.06194690265486724
12,HK,0.8048780487804879,0.8536585365853658,0.04878048780487798,G.LOCK5e4,1995,0.04878048780487798
1,HK,0.9380530973451328,1.0,0.06194690265486724,G.LOCK5e4,1995,0.06194690265486724
12,HK,0.7804878048780488,0.8292682926829268,0.04878048780487798,G.LOCK1e3,1995,0.04878048780487798
1,HK,0.9203539823008849,1.0,0.07964601769911506,G.LOCK1e3,1995,0.07964601769911506
12,HK,0.8048780487804879,0.9024390243902439,0.09756097560975607,B.LOCK5e4,1995,0.09756097560975607
1,HK,0.9646017699115044,1.0,0.03539823008849563,B.LOCK5e4,1995,0.03539823008849563
12,HK,0.8536585365853658,0.8780487804878049,0.024390243902439046,B.LOCK1e3,1995,0.024390243902439046
1,HK,0.9203539823008849,1.0,0.07964601769911506,B.LOCK1e3,1995,0.07964601769911506
12,HK,0.8292682926829268,0.9512195121951219,0.12195121951219512,F.RF2,1995,0.12195121951219512
1,HK,0.9911504424778761,1.0,0.008849557522123908,F.RF2,1995,0.008849557522123908
12,HK,0.8292682926829268,0.926829268292683,0.09756097560975618,G.RF2,1995,0.09756097560975618
1,HK,0.9911504424778761,1.0,0.008849557522123908,G.RF2,1995,0.008849557522123908
12,HK,0.8780487804878049,0.975609756097561,0.09756097560975607,B.RF2,1995,0.09756097560975607
1,HK,0.9911504424778761,1.0,0.008849557522123908,B.RF2,1995,0.008849557522123908
12,HK,0.8048780487804879,0.926829268292683,0.12195121951219512,G.RF2.CSE1,1995,0.12195121951219512
1,HK,0.9911504424778761,1.0,0.008849557522123908,G.RF2.CSE1,1995,0.008849557522123908
12,HK,0.8292682926829268,0.926829268292683,0.09756097560975618,G.RF2.CSE025,1995,0.09756097560975618
1,HK,0.9911504424778761,1.0,0.008849557522123908,G.RF2.CSE025,1995,0.008849557522123908
12,HK,0.8780487804878049,0.975609756097561,0.09756097560975607,B.RF2.CSE1,1995,0.09756097560975607
1,HK,0.9911504424778761,1.0,0.008849557522123908,B.RF2.CSE1,1995,0.008849557522123908
12,HK,0.8780487804878049,0.975609756097561,0.09756097560975607,B.RF2.CSE025,1995,0.09756097560975607
1,HK,0.9911504424778761,1.0,0.008849557522123908,B.RF2.CSE025,1995,0.008849557522123908
12,HK,0.8292682926829268,0.9024390243902439,0.07317073170731714,G.SPLIT1,1995,0.07317073170731714
1,HK,0.9911504424778761,1.0,0.008849557522123908,G.SPLIT1,1995,0.008849557522123908
12,HK,0.8292682926829268,0.9512195121951219,0.12195121951219512,B.SPLIT1,1995,0.12195121951219512
1,HK,0.9911504424778761,1.0,0.008849557522123908,B.SPLIT1,1995,0.008849557522123908
12,HK,0.8292682926829268,0.9024390243902439,0.07317073170731714,G.RPLIN1,1995,0.07317073170731714
1,HK,0.9911504424778761,1.0,0.008849557522123908,G.RPLIN1,1995,0.008849557522123908
12,HK,0.8048780487804879,0.926829268292683,0.12195121951219512,B.RPLIN1,1995,0.12195121951219512
1,HK,0.9911504424778761,1.0,0.008849557522123908,B.RPLIN1,1995,0.008849557522123908
12,HK,0.8048780487804879,0.9024390243902439,0.09756097560975607,G.RF1.CSEperm1,1995,0.09756097560975607
1,HK,0.9911504424778761,1.0,0.008849557522123908,G.RF1.CSEperm1,1995,0.008849557522123908
12,HK,0.8536585365853658,0.9024390243902439,0.04878048780487809,B.RF1.CSEperm1,1995,0.04878048780487809
1,HK,0.9911504424778761,1.0,0.008849557522123908,B.RF1.CSEperm1,1995,0.008849557522123908
8,HK,0.9934640522875817,1.0,0.006535947712418277,F.LIN,1995,0.006535947712418277
22,HK,0.8571428571428571,1.0,0.1428571428571429,F.LIN,1995,0.1428571428571429
8,HK,0.9934640522875817,1.0,0.006535947712418277,G.LIN,1995,0.006535947712418277
22,HK,0.8571428571428571,1.0,0.1428571428571429,G.LIN,1995,0.1428571428571429
8,HK,0.9934640522875817,1.0,0.006535947712418277,B.LIN,1995,0.006535947712418277
22,HK,0.8095238095238095,1.0,0.19047619047619047,B.LIN,1995,0.19047619047619047
8,HK,1.0,1.0,0.0,F.RF1,1995,0.0
22,HK,0.7619047619047619,1.0,0.23809523809523814,F.RF1,1995,0.23809523809523814
8,HK,1.0,1.0,0.0,G.RF1,1995,0.0
22,HK,0.8095238095238095,1.0,0.19047619047619047,G.RF1,1995,0.19047619047619047
8,HK,0.9934640522875817,1.0,0.006535947712418277,B.RF1,1995,0.006535947712418277
22,HK,0.7142857142857143,1.0,0.2857142857142857,B.RF1,1995,0.2857142857142857
8,HK,1.0,1.0,0.0,G.LIN.CSE1,1995,0.0
22,HK,0.8095238095238095,1.0,0.19047619047619047,G.LIN.CSE1,1995,0.19047619047619047
8,HK,0.9934640522875817,1.0,0.006535947712418277,G.LIN.CSE025,1995,0.006535947712418277
22,HK,0.8571428571428571,1.0,0.1428571428571429,G.LIN.CSE025,1995,0.1428571428571429
8,HK,1.0,1.0,0.0,G.RF1.CSE1,1995,0.0
22,HK,0.8095238095238095,1.0,0.19047619047619047,G.RF1.CSE1,1995,0.19047619047619047
8,HK,1.0,1.0,0.0,G.RF1.CSE025,1995,0.0
22,HK,0.8095238095238095,1.0,0.19047619047619047,G.RF1.CSE025,1995,0.19047619047619047
8,HK,0.9934640522875817,1.0,0.006535947712418277,B.LIN.CSE1,1995,0.006535947712418277
22,HK,0.8095238095238095,1.0,0.19047619047619047,B.LIN.CSE1,1995,0.19047619047619047
8,HK,0.9934640522875817,1.0,0.006535947712418277,B.LIN.CSE025,1995,0.006535947712418277
22,HK,0.8095238095238095,1.0,0.19047619047619047,B.LIN.CSE025,1995,0.19047619047619047
8,HK,0.9934640522875817,1.0,0.006535947712418277,B.RF1.CSE1,1995,0.006535947712418277
22,HK,0.7142857142857143,1.0,0.2857142857142857,B.RF1.CSE1,1995,0.2857142857142857
8,HK,0.9934640522875817,1.0,0.006535947712418277,B.RF1.CSE025,1995,0.006535947712418277
22,HK,0.7142857142857143,1.0,0.2857142857142857,B.RF1.CSE025,1995,0.2857142857142857
8,HK,0.9803921568627451,1.0,0.019607843137254943,F.LOCK1e3,1995,0.019607843137254943
22,HK,0.7619047619047619,1.0,0.23809523809523814,F.LOCK1e3,1995,0.23809523809523814
8,HK,0.9934640522875817,1.0,0.006535947712418277,G.LOCK5e4,1995,0.006535947712418277
22,HK,0.7619047619047619,1.0,0.23809523809523814,G.LOCK5e4,1995,0.23809523809523814
8,HK,0.9869281045751634,1.0,0.013071895424836555,G.LOCK1e3,1995,0.013071895424836555
22,HK,0.7619047619047619,1.0,0.23809523809523814,G.LOCK1e3,1995,0.23809523809523814
8,HK,0.9869281045751634,0.9934640522875817,0.006535947712418277,B.LOCK5e4,1995,0.006535947712418277
22,HK,0.7142857142857143,1.0,0.2857142857142857,B.LOCK5e4,1995,0.2857142857142857
8,HK,0.9738562091503268,0.9934640522875817,0.019607843137254943,B.LOCK1e3,1995,0.019607843137254943
22,HK,0.7142857142857143,1.0,0.2857142857142857,B.LOCK1e3,1995,0.2857142857142857
8,HK,1.0,1.0,0.0,F.RF2,1995,0.0
22,HK,0.8095238095238095,1.0,0.19047619047619047,F.RF2,1995,0.19047619047619047
8,HK,1.0,1.0,0.0,G.RF2,1995,0.0
22,HK,0.8095238095238095,1.0,0.19047619047619047,G.RF2,1995,0.19047619047619047
8,HK,0.9869281045751634,1.0,0.013071895424836555,B.RF2,1995,0.013071895424836555
22,HK,0.6190476190476191,1.0,0.38095238095238093,B.RF2,1995,0.38095238095238093
8,HK,1.0,1.0,0.0,G.RF2.CSE1,1995,0.0
22,HK,0.7619047619047619,1.0,0.23809523809523814,G.RF2.CSE1,1995,0.23809523809523814
8,HK,1.0,1.0,0.0,G.RF2.CSE025,1995,0.0
22,HK,0.8095238095238095,1.0,0.19047619047619047,G.RF2.CSE025,1995,0.19047619047619047
8,HK,0.9869281045751634,1.0,0.013071895424836555,B.RF2.CSE1,1995,0.013071895424836555
22,HK,0.6190476190476191,1.0,0.38095238095238093,B.RF2.CSE1,1995,0.38095238095238093
8,HK,0.9869281045751634,1.0,0.013071895424836555,B.RF2.CSE025,1995,0.013071895424836555
22,HK,0.6190476190476191,1.0,0.38095238095238093,B.RF2.CSE025,1995,0.38095238095238093
8,HK,1.0,1.0,0.0,G.SPLIT1,1995,0.0
22,HK,0.7142857142857143,1.0,0.2857142857142857,G.SPLIT1,1995,0.2857142857142857
8,HK,0.9869281045751634,0.9934640522875817,0.006535947712418277,B.SPLIT1,1995,0.006535947712418277
22,HK,0.6666666666666666,1.0,0.33333333333333337,B.SPLIT1,1995,0.33333333333333337
8,HK,0.9934640522875817,1.0,0.006535947712418277,G.RPLIN1,1995,0.006535947712418277
22,HK,0.8571428571428571,1.0,0.1428571428571429,G.RPLIN1,1995,0.1428571428571429
8,HK,0.9934640522875817,1.0,0.006535947712418277,B.RPLIN1,1995,0.006535947712418277
22,HK,0.7619047619047619,1.0,0.23809523809523814,B.RPLIN1,1995,0.23809523809523814
8,HK,1.0,1.0,0.0,G.RF1.CSEperm1,1995,0.0
22,HK,0.8095238095238095,1.0,0.19047619047619047,G.RF1.CSEperm1,1995,0.19047619047619047
8,HK,0.9869281045751634,1.0,0.013071895424836555,B.RF1.CSEperm1,1995,0.013071895424836555
22,HK,0.7142857142857143,1.0,0.2857142857142857,B.RF1.CSEperm1,1995,0.2857142857142857
19,HK,0.0,0.0,0.0,F.LIN,1995,0.0
17,HK,0.6,0.8,0.20000000000000007,F.LIN,1995,0.20000000000000007
19,HK,0.0,0.0,0.0,G.LIN,1995,0.0
17,HK,0.6,1.0,0.4,G.LIN,1995,0.4
19,HK,0.0,0.0,0.0,B.LIN,1995,0.0
17,HK,0.6,0.8,0.20000000000000007,B.LIN,1995,0.20000000000000007
19,HK,0.0,0.0,0.0,F.RF1,1995,0.0
17,HK,0.6,0.8,0.20000000000000007,F.RF1,1995,0.20000000000000007
19,HK,0.0,0.0,0.0,G.RF1,1995,0.0
17,HK,0.6,1.0,0.4,G.RF1,1995,0.4
19,HK,0.0,0.0,0.0,B.RF1,1995,0.0
17,HK,0.6,1.0,0.4,B.RF1,1995,0.4
19,HK,0.0,0.0,0.0,G.LIN.CSE1,1995,0.0
17,HK,0.8,1.0,0.19999999999999996,G.LIN.CSE1,1995,0.19999999999999996
19,HK,0.0,0.0,0.0,G.LIN.CSE025,1995,0.0
17,HK,0.6,1.0,0.4,G.LIN.CSE025,1995,0.4
19,HK,0.0,0.0,0.0,G.RF1.CSE1,1995,0.0
17,HK,0.6,1.0,0.4,G.RF1.CSE1,1995,0.4
19,HK,0.0,0.0,0.0,G.RF1.CSE025,1995,0.0
17,HK,0.6,1.0,0.4,G.RF1.CSE025,1995,0.4
19,HK,0.0,0.0,0.0,B.LIN.CSE1,1995,0.0
17,HK,0.6,0.6,0.0,B.LIN.CSE1,1995,0.0
19,HK,0.0,0.0,0.0,B.LIN.CSE025,1995,0.0
17,HK,0.6,0.8,0.20000000000000007,B.LIN.CSE025,1995,0.20000000000000007
19,HK,0.0,0.0,0.0,B.RF1.CSE1,1995,0.0
17,HK,0.6,1.0,0.4,B.RF1.CSE1,1995,0.4
19,HK,0.0,0.0,0.0,B.RF1.CSE025,1995,0.0
17,HK,0.6,1.0,0.4,B.RF1.CSE025,1995,0.4
19,HK,0.0,0.0,0.0,F.LOCK1e3,1995,0.0
17,HK,0.6,0.8,0.20000000000000007,F.LOCK1e3,1995,0.20000000000000007
19,HK,0.0,0.0,0.0,G.LOCK5e4,1995,0.0
17,HK,0.8,1.0,0.19999999999999996,G.LOCK5e4,1995,0.19999999999999996
19,HK,0.0,0.0,0.0,G.LOCK1e3,1995,0.0
17,HK,0.8,1.0,0.19999999999999996,G.LOCK1e3,1995,0.19999999999999996
19,HK,0.0,0.0,0.0,B.LOCK5e4,1995,0.0
17,HK,0.6,0.8,0.20000000000000007,B.LOCK5e4,1995,0.20000000000000007
19,HK,0.0,0.0,0.0,B.LOCK1e3,1995,0.0
17,HK,0.6,0.6,0.0,B.LOCK1e3,1995,0.0
19,HK,0.0,0.0,0.0,F.RF2,1995,0.0
17,HK,0.6,0.8,0.20000000000000007,F.RF2,1995,0.20000000000000007
19,HK,0.0,0.0,0.0,G.RF2,1995,0.0
17,HK,0.8,1.0,0.19999999999999996,G.RF2,1995,0.19999999999999996
19,HK,0.0,0.0,0.0,B.RF2,1995,0.0
17,HK,0.6,1.0,0.4,B.RF2,1995,0.4
19,HK,0.0,0.0,0.0,G.RF2.CSE1,1995,0.0
17,HK,0.8,1.0,0.19999999999999996,G.RF2.CSE1,1995,0.19999999999999996
19,HK,0.0,0.0,0.0,G.RF2.CSE025,1995,0.0
17,HK,0.8,1.0,0.19999999999999996,G.RF2.CSE025,1995,0.19999999999999996
19,HK,0.0,0.0,0.0,B.RF2.CSE1,1995,0.0
17,HK,0.4,0.8,0.4,B.RF2.CSE1,1995,0.4
19,HK,0.0,0.0,0.0,B.RF2.CSE025,1995,0.0
17,HK,0.6,1.0,0.4,B.RF2.CSE025,1995,0.4
19,HK,0.0,0.0,0.0,G.SPLIT1,1995,0.0
17,HK,0.6,1.0,0.4,G.SPLIT1,1995,0.4
19,HK,0.0,0.0,0.0,B.SPLIT1,1995,0.0
17,HK,0.6,0.8,0.20000000000000007,B.SPLIT1,1995,0.20000000000000007
19,HK,0.0,0.0,0.0,G.RPLIN1,1995,0.0
17,HK,0.8,0.8,0.0,G.RPLIN1,1995,0.0
19,HK,0.0,0.0,0.0,B.RPLIN1,1995,0.0
17,HK,0.6,0.8,0.20000000000000007,B.RPLIN1,1995,0.20000000000000007
19,HK,0.0,0.0,0.0,G.RF1.CSEperm1,1995,0.0
17,HK,0.6,1.0,0.4,G.RF1.CSEperm1,1995,0.4
19,HK,0.0,0.0,0.0,B.RF1.CSEperm1,1995,0.0
17,HK,0.4,1.0,0.6,B.RF1.CSEperm1,1995,0.6
18,HK,0.42424242424242425,0.6060606060606061,0.18181818181818182,F.LIN,1995,0.18181818181818182
6,HK,0.0,0.0,0.0,F.LIN,1995,0.0
18,HK,0.5151515151515151,0.6666666666666666,0.1515151515151515,G.LIN,1995,0.1515151515151515
6,HK,0.0,0.0,0.0,G.LIN,1995,0.0
18,HK,0.45454545454545453,0.6060606060606061,0.15151515151515155,B.LIN,1995,0.15151515151515155
6,HK,0.0,0.0,0.0,B.LIN,1995,0.0
18,HK,0.45454545454545453,0.5757575757575758,0.12121212121212127,F.RF1,1995,0.12121212121212127
6,HK,0.0,0.0,0.0,F.RF1,1995,0.0
18,HK,0.45454545454545453,0.6363636363636364,0.18181818181818182,G.RF1,1995,0.18181818181818182
6,HK,0.0,0.0,0.0,G.RF1,1995,0.0
18,HK,0.42424242424242425,0.6363636363636364,0.2121212121212121,B.RF1,1995,0.2121212121212121
6,HK,0.0,0.0,0.0,B.RF1,1995,0.0
18,HK,0.5151515151515151,0.6666666666666666,0.1515151515151515,G.LIN.CSE1,1995,0.1515151515151515
6,HK,0.0,0.0,0.0,G.LIN.CSE1,1995,0.0
18,HK,0.5151515151515151,0.6666666666666666,0.1515151515151515,G.LIN.CSE025,1995,0.1515151515151515
6,HK,0.0,0.0,0.0,G.LIN.CSE025,1995,0.0
18,HK,0.5151515151515151,0.6363636363636364,0.12121212121212122,G.RF1.CSE1,1995,0.12121212121212122
6,HK,0.0,0.0,0.0,G.RF1.CSE1,1995,0.0
18,HK,0.48484848484848486,0.6363636363636364,0.1515151515151515,G.RF1.CSE025,1995,0.1515151515151515
6,HK,0.0,0.0,0.0,G.RF1.CSE025,1995,0.0
18,HK,0.42424242424242425,0.5757575757575758,0.15151515151515155,B.LIN.CSE1,1995,0.15151515151515155
6,HK,0.0,0.0,0.0,B.LIN.CSE1,1995,0.0
18,HK,0.45454545454545453,0.6060606060606061,0.15151515151515155,B.LIN.CSE025,1995,0.15151515151515155
6,HK,0.0,0.0,0.0,B.LIN.CSE025,1995,0.0
18,HK,0.3939393939393939,0.6363636363636364,0.24242424242424243,B.RF1.CSE1,1995,0.24242424242424243
6,HK,0.0,0.0,0.0,B.RF1.CSE1,1995,0.0
18,HK,0.42424242424242425,0.6363636363636364,0.2121212121212121,B.RF1.CSE025,1995,0.2121212121212121
6,HK,0.0,0.0,0.0,B.RF1.CSE025,1995,0.0
18,HK,0.3939393939393939,0.3333333333333333,0.0,F.LOCK1e3,1995,-0.06060606060606061
6,HK,0.0,0.0,0.0,F.LOCK1e3,1995,0.0
18,HK,0.42424242424242425,0.5151515151515151,0.09090909090909088,G.LOCK5e4,1995,0.09090909090909088
6,HK,0.0,0.0,0.0,G.LOCK5e4,1995,0.0
18,HK,0.36363636363636365,0.42424242424242425,0.06060606060606061,G.LOCK1e3,1995,0.06060606060606061
6,HK,0.0,0.0,0.0,G.LOCK1e3,1995,0.0
18,HK,0.3939393939393939,0.5151515151515151,0.12121212121212122,B.LOCK5e4,1995,0.12121212121212122
6,HK,0.0,0.0,0.0,B.LOCK5e4,1995,0.0
18,HK,0.36363636363636365,0.45454545454545453,0.09090909090909088,B.LOCK1e3,1995,0.09090909090909088
6,HK,0.0,0.0,0.0,B.LOCK1e3,1995,0.0
18,HK,0.5454545454545454,0.6060606060606061,0.06060606060606066,F.RF2,1995,0.06060606060606066
6,HK,0.0,0.0,0.0,F.RF2,1995,0.0
18,HK,0.45454545454545453,0.6666666666666666,0.2121212121212121,G.RF2,1995,0.2121212121212121
6,HK,0.0,0.0,0.0,G.RF2,1995,0.0
18,HK,0.45454545454545453,0.6363636363636364,0.18181818181818182,B.RF2,1995,0.18181818181818182
6,HK,0.0,0.0,0.0,B.RF2,1995,0.0
18,HK,0.45454545454545453,0.6666666666666666,0.2121212121212121,G.RF2.CSE1,1995,0.2121212121212121
6,HK,0.0,0.0,0.0,G.RF2.CSE1,1995,0.0
18,HK,0.45454545454545453,0.6666666666666666,0.2121212121212121,G.RF2.CSE025,1995,0.2121212121212121
6,HK,0.0,0.0,0.0,G.RF2.CSE025,1995,0.0
18,HK,0.42424242424242425,0.6363636363636364,0.2121212121212121,B.RF2.CSE1,1995,0.2121212121212121
6,HK,0.0,0.0,0.0,B.RF2.CSE1,1995,0.0
18,HK,0.45454545454545453,0.6363636363636364,0.18181818181818182,B.RF2.CSE025,1995,0.18181818181818182
6,HK,0.0,0.0,0.0,B.RF2.CSE025,1995,0.0
18,HK,0.5454545454545454,0.5757575757575758,0.030303030303030387,G.SPLIT1,1995,0.030303030303030387
6,HK,0.0,0.0,0.0,G.SPLIT1,1995,0.0
18,HK,0.3939393939393939,0.6363636363636364,0.24242424242424243,B.SPLIT1,1995,0.24242424242424243
6,HK,0.0,0.0,0.0,B.SPLIT1,1995,0.0
18,HK,0.5151515151515151,0.696969696969697,0.18181818181818188,G.RPLIN1,1995,0.18181818181818188
6,HK,0.0,0.0,0.0,G.RPLIN1,1995,0.0
18,HK,0.3939393939393939,0.5757575757575758,0.18181818181818188,B.RPLIN1,1995,0.18181818181818188
6,HK,0.0,0.0,0.0,B.RPLIN1,1995,0.0
18,HK,0.5151515151515151,0.6363636363636364,0.12121212121212122,G.RF1.CSEperm1,1995,0.12121212121212122
6,HK,0.0,0.0,0.0,G.RF1.CSEperm1,1995,0.0
18,HK,0.48484848484848486,0.6363636363636364,0.1515151515151515,B.RF1.CSEperm1,1995,0.1515151515151515
6,HK,0.0,0.0,0.0,B.RF1.CSEperm1,1995,0.0
20,HK,0.42424242424242425,0.5757575757575758,0.15151515151515155,F.LIN,1995,0.15151515151515155
0,HK,0.5714285714285714,0.42857142857142855,0.0,F.LIN,1995,-0.14285714285714285
20,HK,0.48484848484848486,0.5303030303030303,0.06060606060606055,G.LIN,1995,0.045454545454545414
0,HK,0.42857142857142855,0.5714285714285714,0.14285714285714285,G.LIN,1995,0.14285714285714285
20,HK,0.4393939393939394,0.5,0.06060606060606061,B.LIN,1995,0.06060606060606061
0,HK,0.5714285714285714,0.5714285714285714,0.0,B.LIN,1995,0.0
20,HK,0.4393939393939394,0.5606060606060606,0.12121212121212116,F.RF1,1995,0.12121212121212116
0,HK,0.5714285714285714,0.8571428571428571,0.2857142857142857,F.RF1,1995,0.2857142857142857
20,HK,0.4696969696969697,0.5151515151515151,0.06060606060606055,G.RF1,1995,0.045454545454545414
0,HK,0.2857142857142857,0.42857142857142855,0.14285714285714285,G.RF1,1995,0.14285714285714285
20,HK,0.4393939393939394,0.5151515151515151,0.07575757575757575,B.RF1,1995,0.07575757575757575
0,HK,0.5714285714285714,0.7142857142857143,0.1428571428571429,B.RF1,1995,0.1428571428571429
20,HK,0.48484848484848486,0.5151515151515151,0.045454545454545414,G.LIN.CSE1,1995,0.030303030303030276
0,HK,0.42857142857142855,0.5714285714285714,0.14285714285714285,G.LIN.CSE1,1995,0.14285714285714285
20,HK,0.48484848484848486,0.5303030303030303,0.06060606060606055,G.LIN.CSE025,1995,0.045454545454545414
0,HK,0.42857142857142855,0.5714285714285714,0.14285714285714285,G.LIN.CSE025,1995,0.14285714285714285
20,HK,0.45454545454545453,0.5151515151515151,0.06060606060606061,G.RF1.CSE1,1995,0.06060606060606061
0,HK,0.2857142857142857,0.42857142857142855,0.14285714285714285,G.RF1.CSE1,1995,0.14285714285714285
20,HK,0.45454545454545453,0.5151515151515151,0.06060606060606061,G.RF1.CSE025,1995,0.06060606060606061
0,HK,0.2857142857142857,0.42857142857142855,0.14285714285714285,G.RF1.CSE025,1995,0.14285714285714285
20,HK,0.4393939393939394,0.48484848484848486,0.04545454545454547,B.LIN.CSE1,1995,0.04545454545454547
0,HK,0.5714285714285714,0.5714285714285714,0.0,B.LIN.CSE1,1995,0.0
20,HK,0.4393939393939394,0.5,0.06060606060606061,B.LIN.CSE025,1995,0.06060606060606061
0,HK,0.5714285714285714,0.5714285714285714,0.0,B.LIN.CSE025,1995,0.0
20,HK,0.42424242424242425,0.5151515151515151,0.09090909090909088,B.RF1.CSE1,1995,0.09090909090909088
0,HK,0.5714285714285714,0.7142857142857143,0.1428571428571429,B.RF1.CSE1,1995,0.1428571428571429
20,HK,0.42424242424242425,0.5151515151515151,0.09090909090909088,B.RF1.CSE025,1995,0.09090909090909088
0,HK,0.5714285714285714,0.7142857142857143,0.1428571428571429,B.RF1.CSE025,1995,0.1428571428571429
20,HK,0.18181818181818182,0.3484848484848485,0.16666666666666669,F.LOCK1e3,1995,0.16666666666666669
0,HK,0.7142857142857143,0.7142857142857143,0.0,F.LOCK1e3,1995,0.0
20,HK,0.30303030303030304,0.4393939393939394,0.13636363636363635,G.LOCK5e4,1995,0.13636363636363635
0,HK,0.5714285714285714,0.5714285714285714,0.0,G.LOCK5e4,1995,0.0
20,HK,0.19696969696969696,0.3333333333333333,0.15151515151515155,G.LOCK1e3,1995,0.13636363636363635
0,HK,0.7142857142857143,0.7142857142857143,0.0,G.LOCK1e3,1995,0.0
20,HK,0.18181818181818182,0.3333333333333333,0.1515151515151515,B.LOCK5e4,1995,0.1515151515151515
0,HK,0.5714285714285714,0.7142857142857143,0.1428571428571429,B.LOCK5e4,1995,0.1428571428571429
20,HK,0.10606060606060606,0.2878787878787879,0.18181818181818182,B.LOCK1e3,1995,0.18181818181818182
0,HK,0.7142857142857143,0.7142857142857143,0.0,B.LOCK1e3,1995,0.0
20,HK,0.45454545454545453,0.5303030303030303,0.07575757575757575,F.RF2,1995,0.07575757575757575
0,HK,0.42857142857142855,0.5714285714285714,0.14285714285714285,F.RF2,1995,0.14285714285714285
20,HK,0.4090909090909091,0.5757575757575758,0.16666666666666669,G.RF2,1995,0.16666666666666669
0,HK,0.42857142857142855,0.42857142857142855,0.0,G.RF2,1995,0.0
20,HK,0.45454545454545453,0.48484848484848486,0.03030303030303033,B.RF2,1995,0.03030303030303033
0,HK,0.5714285714285714,0.5714285714285714,0.0,B.RF2,1995,0.0
20,HK,0.3787878787878788,0.5454545454545454,0.16666666666666663,G.RF2.CSE1,1995,0.16666666666666663
0,HK,0.42857142857142855,0.42857142857142855,0.0,G.RF2.CSE1,1995,0.0
20,HK,0.3939393939393939,0.5606060606060606,0.16666666666666663,G.RF2.CSE025,1995,0.16666666666666663
0,HK,0.42857142857142855,0.42857142857142855,0.0,G.RF2.CSE025,1995,0.0
20,HK,0.42424242424242425,0.48484848484848486,0.06060606060606061,B.RF2.CSE1,1995,0.06060606060606061
0,HK,0.5714285714285714,0.5714285714285714,0.0,B.RF2.CSE1,1995,0.0
20,HK,0.4393939393939394,0.48484848484848486,0.04545454545454547,B.RF2.CSE025,1995,0.04545454545454547
0,HK,0.5714285714285714,0.5714285714285714,0.0,B.RF2.CSE025,1995,0.0
20,HK,0.45454545454545453,0.5303030303030303,0.07575757575757575,G.SPLIT1,1995,0.07575757575757575
0,HK,0.5714285714285714,0.7142857142857143,0.1428571428571429,G.SPLIT1,1995,0.1428571428571429
20,HK,0.3333333333333333,0.48484848484848486,0.15151515151515155,B.SPLIT1,1995,0.15151515151515155
0,HK,0.5714285714285714,0.7142857142857143,0.1428571428571429,B.SPLIT1,1995,0.1428571428571429
20,HK,0.4393939393939394,0.5303030303030303,0.10606060606060602,G.RPLIN1,1995,0.09090909090909088
0,HK,0.42857142857142855,0.42857142857142855,0.0,G.RPLIN1,1995,0.0
20,HK,0.42424242424242425,0.48484848484848486,0.09090909090909088,B.RPLIN1,1995,0.06060606060606061
0,HK,0.5714285714285714,0.7142857142857143,0.1428571428571429,B.RPLIN1,1995,0.1428571428571429
20,HK,0.48484848484848486,0.5454545454545454,0.06060606060606055,G.RF1.CSEperm1,1995,0.06060606060606055
0,HK,0.2857142857142857,0.42857142857142855,0.14285714285714285,G.RF1.CSEperm1,1995,0.14285714285714285
20,HK,0.42424242424242425,0.48484848484848486,0.06060606060606061,B.RF1.CSEperm1,1995,0.06060606060606061
0,HK,0.42857142857142855,0.5714285714285714,0.14285714285714285,B.RF1.CSEperm1,1995,0.14285714285714285
3,HK,0.8853503184713376,0.9936305732484076,0.10828025477707004,F.LIN,1995,0.10828025477707004
11,HK,0.32786885245901637,0.6065573770491803,0.27868852459016397,F.LIN,1995,0.27868852459016397
3,HK,0.8662420382165605,1.0,0.13375796178343946,G.LIN,1995,0.13375796178343946
11,HK,0.3442622950819672,0.639344262295082,0.2950819672131148,G.LIN,1995,0.2950819672131148
3,HK,0.8598726114649682,1.0,0.14012738853503182,B.LIN,1995,0.14012738853503182
11,HK,0.29508196721311475,0.6065573770491803,0.3114754098360656,B.LIN,1995,0.3114754098360656
3,HK,0.8789808917197452,0.9936305732484076,0.1146496815286624,F.RF1,1995,0.1146496815286624
11,HK,0.36065573770491804,0.639344262295082,0.27868852459016397,F.RF1,1995,0.27868852459016397
3,HK,0.8535031847133758,0.9936305732484076,0.14012738853503182,G.RF1,1995,0.14012738853503182
11,HK,0.39344262295081966,0.6065573770491803,0.21311475409836067,G.RF1,1995,0.21311475409836067
3,HK,0.8789808917197452,1.0,0.12101910828025475,B.RF1,1995,0.12101910828025475
11,HK,0.39344262295081966,0.6065573770491803,0.21311475409836067,B.RF1,1995,0.21311475409836067
3,HK,0.8407643312101911,1.0,0.15923566878980888,G.LIN.CSE1,1995,0.15923566878980888
11,HK,0.45901639344262296,0.6557377049180327,0.21311475409836061,G.LIN.CSE1,1995,0.19672131147540978
3,HK,0.8598726114649682,1.0,0.14012738853503182,G.LIN.CSE025,1995,0.14012738853503182
11,HK,0.3770491803278688,0.639344262295082,0.2622950819672132,G.LIN.CSE025,1995,0.2622950819672132
3,HK,0.821656050955414,0.9936305732484076,0.1719745222929936,G.RF1.CSE1,1995,0.1719745222929936
11,HK,0.47540983606557374,0.6885245901639344,0.21311475409836067,G.RF1.CSE1,1995,0.21311475409836067
3,HK,0.8471337579617835,0.9936305732484076,0.14649681528662417,G.RF1.CSE025,1995,0.14649681528662417
11,HK,0.4262295081967213,0.639344262295082,0.21311475409836073,G.RF1.CSE025,1995,0.21311475409836073
3,HK,0.8662420382165605,0.9936305732484076,0.1273885350318471,B.LIN.CSE1,1995,0.1273885350318471
11,HK,0.3770491803278688,0.6229508196721312,0.24590163934426235,B.LIN.CSE1,1995,0.24590163934426235
3,HK,0.8662420382165605,1.0,0.13375796178343946,B.LIN.CSE025,1995,0.13375796178343946
11,HK,0.32786885245901637,0.6229508196721312,0.2950819672131148,B.LIN.CSE025,1995,0.2950819672131148
3,HK,0.8789808917197452,0.9936305732484076,0.1146496815286624,B.RF1.CSE1,1995,0.1146496815286624
11,HK,0.4426229508196721,0.6065573770491803,0.1639344262295082,B.RF1.CSE1,1995,0.1639344262295082
3,HK,0.8789808917197452,1.0,0.12101910828025475,B.RF1.CSE025,1995,0.12101910828025475
11,HK,0.39344262295081966,0.6065573770491803,0.21311475409836067,B.RF1.CSE025,1995,0.21311475409836067
3,HK,0.8089171974522293,0.9872611464968153,0.17834394904458595,F.LOCK1e3,1995,0.17834394904458595
11,HK,0.21311475409836064,0.5245901639344263,0.3114754098360656,F.LOCK1e3,1995,0.3114754098360656
3,HK,0.8407643312101911,1.0,0.15923566878980888,G.LOCK5e4,1995,0.15923566878980888
11,HK,0.3114754098360656,0.5737704918032787,0.2622950819672131,G.LOCK5e4,1995,0.2622950819672131
3,HK,0.802547770700637,1.0,0.197452229299363,G.LOCK1e3,1995,0.197452229299363
11,HK,0.2786885245901639,0.5409836065573771,0.2622950819672132,G.LOCK1e3,1995,0.2622950819672132
3,HK,0.8407643312101911,1.0,0.15923566878980888,B.LOCK5e4,1995,0.15923566878980888
11,HK,0.19672131147540983,0.5409836065573771,0.34426229508196726,B.LOCK5e4,1995,0.34426229508196726
3,HK,0.8280254777070064,1.0,0.1719745222929936,B.LOCK1e3,1995,0.1719745222929936
11,HK,0.18032786885245902,0.47540983606557374,0.29508196721311475,B.LOCK1e3,1995,0.29508196721311475
3,HK,0.8853503184713376,0.9936305732484076,0.10828025477707004,F.RF2,1995,0.10828025477707004
11,HK,0.3442622950819672,0.6229508196721312,0.27868852459016397,F.RF2,1995,0.27868852459016397
3,HK,0.8726114649681529,0.9936305732484076,0.12101910828025475,G.RF2,1995,0.12101910828025475
11,HK,0.3770491803278688,0.6557377049180327,0.29508196721311475,G.RF2,1995,0.2786885245901639
3,HK,0.8853503184713376,1.0,0.1146496815286624,B.RF2,1995,0.1146496815286624
11,HK,0.3770491803278688,0.639344262295082,0.2622950819672132,B.RF2,1995,0.2622950819672132
3,HK,0.8407643312101911,0.9936305732484076,0.15286624203821653,G.RF2.CSE1,1995,0.15286624203821653
11,HK,0.4918032786885246,0.7213114754098361,0.2295081967213115,G.RF2.CSE1,1995,0.2295081967213115
3,HK,0.8662420382165605,0.9936305732484076,0.1273885350318471,G.RF2.CSE025,1995,0.1273885350318471
11,HK,0.3770491803278688,0.6721311475409836,0.29508196721311475,G.RF2.CSE025,1995,0.29508196721311475
3,HK,0.89171974522293,1.0,0.10828025477707004,B.RF2.CSE1,1995,0.10828025477707004
11,HK,0.4098360655737705,0.639344262295082,0.2295081967213115,B.RF2.CSE1,1995,0.2295081967213115
3,HK,0.8853503184713376,1.0,0.1146496815286624,B.RF2.CSE025,1995,0.1146496815286624
11,HK,0.3770491803278688,0.639344262295082,0.2622950819672132,B.RF2.CSE025,1995,0.2622950819672132
3,HK,0.8598726114649682,1.0,0.14012738853503182,G.SPLIT1,1995,0.14012738853503182
11,HK,0.3770491803278688,0.6721311475409836,0.29508196721311475,G.SPLIT1,1995,0.29508196721311475
3,HK,0.8662420382165605,0.9936305732484076,0.1273885350318471,B.SPLIT1,1995,0.1273885350318471
11,HK,0.3770491803278688,0.6229508196721312,0.24590163934426235,B.SPLIT1,1995,0.24590163934426235
3,HK,0.8471337579617835,1.0,0.15286624203821653,G.RPLIN1,1995,0.15286624203821653
11,HK,0.36065573770491804,0.6229508196721312,0.26229508196721313,G.RPLIN1,1995,0.26229508196721313
3,HK,0.8598726114649682,1.0,0.14012738853503182,B.RPLIN1,1995,0.14012738853503182
11,HK,0.3114754098360656,0.6229508196721312,0.3114754098360656,B.RPLIN1,1995,0.3114754098360656
3,HK,0.8535031847133758,0.9936305732484076,0.14012738853503182,G.RF1.CSEperm1,1995,0.14012738853503182
11,HK,0.3442622950819672,0.639344262295082,0.2950819672131148,G.RF1.CSEperm1,1995,0.2950819672131148
3,HK,0.8726114649681529,1.0,0.1273885350318471,B.RF1.CSEperm1,1995,0.1273885350318471
11,HK,0.29508196721311475,0.5573770491803278,0.2622950819672131,B.RF1.CSEperm1,1995,0.2622950819672131
2,HK,0.9175824175824175,1.0,0.08241758241758246,F.LIN,1995,0.08241758241758246
21,HK,0.0,0.0,0.0,F.LIN,1995,0.0
2,HK,0.9120879120879121,1.0,0.08791208791208793,G.LIN,1995,0.08791208791208793
21,HK,0.0,0.0,0.0,G.LIN,1995,0.0
2,HK,0.9065934065934066,1.0,0.09340659340659341,B.LIN,1995,0.09340659340659341
21,HK,0.0,0.0,0.0,B.LIN,1995,0.0
2,HK,0.9120879120879121,1.0,0.08791208791208793,F.RF1,1995,0.08791208791208793
21,HK,0.0,0.0,0.0,F.RF1,1995,0.0
2,HK,0.9175824175824175,1.0,0.08241758241758246,G.RF1,1995,0.08241758241758246
21,HK,0.0,0.0,0.0,G.RF1,1995,0.0
2,HK,0.9010989010989011,0.9945054945054945,0.09340659340659341,B.RF1,1995,0.09340659340659341
21,HK,0.0,0.0,0.0,B.RF1,1995,0.0
2,HK,0.9065934065934066,1.0,0.09340659340659341,G.LIN.CSE1,1995,0.09340659340659341
21,HK,0.0,0.0,0.0,G.LIN.CSE1,1995,0.0
2,HK,0.9120879120879121,1.0,0.08791208791208793,G.LIN.CSE025,1995,0.08791208791208793
21,HK,0.0,0.0,0.0,G.LIN.CSE025,1995,0.0
2,HK,0.9175824175824175,1.0,0.08241758241758246,G.RF1.CSE1,1995,0.08241758241758246
21,HK,0.0,0.0,0.0,G.RF1.CSE1,1995,0.0
2,HK,0.9175824175824175,1.0,0.08241758241758246,G.RF1.CSE025,1995,0.08241758241758246
21,HK,0.0,0.0,0.0,G.RF1.CSE025,1995,0.0
2,HK,0.9010989010989011,1.0,0.09890109890109888,B.LIN.CSE1,1995,0.09890109890109888
21,HK,0.0,0.0,0.0,B.LIN.CSE1,1995,0.0
2,HK,0.9065934065934066,1.0,0.09340659340659341,B.LIN.CSE025,1995,0.09340659340659341
21,HK,0.0,0.0,0.0,B.LIN.CSE025,1995,0.0
2,HK,0.9010989010989011,0.9945054945054945,0.09340659340659341,B.RF1.CSE1,1995,0.09340659340659341
21,HK,0.0,0.0,0.0,B.RF1.CSE1,1995,0.0
2,HK,0.9010989010989011,0.9945054945054945,0.09340659340659341,B.RF1.CSE025,1995,0.09340659340659341
21,HK,0.0,0.0,0.0,B.RF1.CSE025,1995,0.0
2,HK,0.8241758241758241,1.0,0.17582417582417587,F.LOCK1e3,1995,0.17582417582417587
21,HK,0.0,0.0,0.0,F.LOCK1e3,1995,0.0
2,HK,0.8516483516483516,0.9945054945054945,0.1428571428571429,G.LOCK5e4,1995,0.1428571428571429
21,HK,0.0,0.0,0.0,G.LOCK5e4,1995,0.0
2,HK,0.8351648351648352,0.9945054945054945,0.15934065934065933,G.LOCK1e3,1995,0.15934065934065933
21,HK,0.0,0.0,0.0,G.LOCK1e3,1995,0.0
2,HK,0.8021978021978022,0.989010989010989,0.18681318681318682,B.LOCK5e4,1995,0.18681318681318682
21,HK,0.0,0.0,0.0,B.LOCK5e4,1995,0.0
2,HK,0.7802197802197802,0.9835164835164835,0.20329670329670324,B.LOCK1e3,1995,0.20329670329670324
21,HK,0.25,0.25,0.0,B.LOCK1e3,1995,0.0
2,HK,0.9230769230769231,1.0,0.07692307692307687,F.RF2,1995,0.07692307692307687
21,HK,0.0,0.0,0.0,F.RF2,1995,0.0
2,HK,0.9120879120879121,0.9945054945054945,0.08241758241758246,G.RF2,1995,0.08241758241758246
21,HK,0.0,0.0,0.0,G.RF2,1995,0.0
2,HK,0.9065934065934066,0.9945054945054945,0.08791208791208793,B.RF2,1995,0.08791208791208793
21,HK,0.0,0.0,0.0,B.RF2,1995,0.0
2,HK,0.9120879120879121,0.9945054945054945,0.08241758241758246,G.RF2.CSE1,1995,0.08241758241758246
21,HK,0.0,0.0,0.0,G.RF2.CSE1,1995,0.0
2,HK,0.9120879120879121,0.9945054945054945,0.08241758241758246,G.RF2.CSE025,1995,0.08241758241758246
21,HK,0.0,0.0,0.0,G.RF2.CSE025,1995,0.0
2,HK,0.9175824175824175,0.9945054945054945,0.07692307692307698,B.RF2.CSE1,1995,0.07692307692307698
21,HK,0.0,0.0,0.0,B.RF2.CSE1,1995,0.0
2,HK,0.9120879120879121,0.9945054945054945,0.08241758241758246,B.RF2.CSE025,1995,0.08241758241758246
21,HK,0.0,0.0,0.0,B.RF2.CSE025,1995,0.0
2,HK,0.9120879120879121,1.0,0.08791208791208793,G.SPLIT1,1995,0.08791208791208793
21,HK,0.0,0.0,0.0,G.SPLIT1,1995,0.0
2,HK,0.9065934065934066,0.989010989010989,0.08241758241758246,B.SPLIT1,1995,0.08241758241758246
21,HK,0.0,0.0,0.0,B.SPLIT1,1995,0.0
2,HK,0.9065934065934066,1.0,0.09340659340659341,G.RPLIN1,1995,0.09340659340659341
21,HK,0.0,0.0,0.0,G.RPLIN1,1995,0.0
2,HK,0.8956043956043956,1.0,0.10439560439560436,B.RPLIN1,1995,0.10439560439560436
21,HK,0.0,0.0,0.0,B.RPLIN1,1995,0.0
2,HK,0.9065934065934066,1.0,0.09340659340659341,G.RF1.CSEperm1,1995,0.09340659340659341
21,HK,0.0,0.0,0.0,G.RF1.CSEperm1,1995,0.0
2,HK,0.8846153846153846,1.0,0.11538461538461542,B.RF1.CSEperm1,1995,0.11538461538461542
21,HK,0.0,0.0,0.0,B.RF1.CSEperm1,1995,0.0
4,HK,0.9030303030303031,0.9030303030303031,0.0,F.LIN,1995,0.0
10,HK,0.76,0.76,0.0,F.LIN,1995,0.0
7,HK,1.0,1.0,0.0,F.LIN,1995,0.0
4,HK,0.8787878787878788,0.8787878787878788,0.0,G.LIN,1995,0.0
10,HK,0.7666666666666667,0.7666666666666667,0.0,G.LIN,1995,0.0
7,HK,1.0,1.0,0.0,G.LIN,1995,0.0
4,HK,0.8727272727272727,0.8727272727272727,0.0,B.LIN,1995,0.0
10,HK,0.7933333333333333,0.7933333333333333,0.0,B.LIN,1995,0.0
7,HK,1.0,1.0,0.0,B.LIN,1995,0.0
4,HK,0.8909090909090909,0.8909090909090909,0.0,F.RF1,1995,0.0
10,HK,0.76,0.76,0.0,F.RF1,1995,0.0
7,HK,1.0,1.0,0.0,F.RF1,1995,0.0
4,HK,0.8909090909090909,0.8909090909090909,0.0,G.RF1,1995,0.0
10,HK,0.78,0.78,0.0,G.RF1,1995,0.0
7,HK,1.0,1.0,0.0,G.RF1,1995,0.0
4,HK,0.8848484848484849,0.8848484848484849,0.0,B.RF1,1995,0.0
10,HK,0.7933333333333333,0.7933333333333333,0.0,B.RF1,1995,0.0
7,HK,1.0,1.0,0.0,B.RF1,1995,0.0
4,HK,0.9090909090909091,0.9090909090909091,0.0,G.LIN.CSE1,1995,0.0
10,HK,0.7333333333333333,0.7333333333333333,0.0,G.LIN.CSE1,1995,0.0
7,HK,1.0,1.0,0.0,G.LIN.CSE1,1995,0.0
4,HK,0.8787878787878788,0.8787878787878788,0.0,G.LIN.CSE025,1995,0.0
10,HK,0.76,0.76,0.0,G.LIN.CSE025,1995,0.0
7,HK,1.0,1.0,0.0,G.LIN.CSE025,1995,0.0
4,HK,0.896969696969697,0.896969696969697,0.0,G.RF1.CSE1,1995,0.0
10,HK,0.7533333333333333,0.7533333333333333,0.0,G.RF1.CSE1,1995,0.0
7,HK,1.0,1.0,0.0,G.RF1.CSE1,1995,0.0
4,HK,0.8909090909090909,0.8909090909090909,0.0,G.RF1.CSE025,1995,0.0
10,HK,0.76,0.76,0.0,G.RF1.CSE025,1995,0.0
7,HK,1.0,1.0,0.0,G.RF1.CSE025,1995,0.0
4,HK,0.8909090909090909,0.8909090909090909,0.0,B.LIN.CSE1,1995,0.0
10,HK,0.7333333333333333,0.7333333333333333,0.0,B.LIN.CSE1,1995,0.0
7,HK,1.0,1.0,0.0,B.LIN.CSE1,1995,0.0
4,HK,0.8727272727272727,0.8727272727272727,0.0,B.LIN.CSE025,1995,0.0
10,HK,0.78,0.78,0.0,B.LIN.CSE025,1995,0.0
7,HK,1.0,1.0,0.0,B.LIN.CSE025,1995,0.0
4,HK,0.8909090909090909,0.8909090909090909,0.0,B.RF1.CSE1,1995,0.0
10,HK,0.7133333333333334,0.7133333333333334,0.0,B.RF1.CSE1,1995,0.0
7,HK,1.0,1.0,0.0,B.RF1.CSE1,1995,0.0
4,HK,0.8848484848484849,0.8848484848484849,0.0,B.RF1.CSE025,1995,0.0
10,HK,0.7666666666666667,0.7666666666666667,0.0,B.RF1.CSE025,1995,0.0
7,HK,1.0,1.0,0.0,B.RF1.CSE025,1995,0.0
4,HK,0.8727272727272727,0.8727272727272727,0.0,F.LOCK1e3,1995,0.0
10,HK,0.7466666666666667,0.7466666666666667,0.0,F.LOCK1e3,1995,0.0
7,HK,1.0,1.0,0.0,F.LOCK1e3,1995,0.0
4,HK,0.8606060606060606,0.8606060606060606,0.0,G.LOCK5e4,1995,0.0
10,HK,0.7533333333333333,0.7533333333333333,0.0,G.LOCK5e4,1995,0.0
7,HK,1.0,1.0,0.0,G.LOCK5e4,1995,0.0
4,HK,0.8727272727272727,0.8727272727272727,0.0,G.LOCK1e3,1995,0.0
10,HK,0.7533333333333333,0.7533333333333333,0.0,G.LOCK1e3,1995,0.0
7,HK,1.0,1.0,0.0,G.LOCK1e3,1995,0.0
4,HK,0.8606060606060606,0.8606060606060606,0.0,B.LOCK5e4,1995,0.0
10,HK,0.7533333333333333,0.7533333333333333,0.0,B.LOCK5e4,1995,0.0
7,HK,1.0,1.0,0.0,B.LOCK5e4,1995,0.0
4,HK,0.8484848484848485,0.8484848484848485,0.0,B.LOCK1e3,1995,0.0
10,HK,0.7533333333333333,0.7533333333333333,0.0,B.LOCK1e3,1995,0.0
7,HK,1.0,1.0,0.0,B.LOCK1e3,1995,0.0
4,HK,0.8666666666666667,0.8666666666666667,0.0,F.RF2,1995,0.0
10,HK,0.7666666666666667,0.7666666666666667,0.0,F.RF2,1995,0.0
7,HK,1.0,1.0,0.0,F.RF2,1995,0.0
4,HK,0.8606060606060606,0.8606060606060606,0.0,G.RF2,1995,0.0
10,HK,0.76,0.76,0.0,G.RF2,1995,0.0
7,HK,1.0,1.0,0.0,G.RF2,1995,0.0
4,HK,0.8666666666666667,0.8666666666666667,0.0,B.RF2,1995,0.0
10,HK,0.7866666666666666,0.7866666666666666,0.0,B.RF2,1995,0.0
7,HK,1.0,1.0,0.0,B.RF2,1995,0.0
4,HK,0.8787878787878788,0.8787878787878788,0.0,G.RF2.CSE1,1995,0.0
10,HK,0.74,0.74,0.0,G.RF2.CSE1,1995,0.0
7,HK,1.0,1.0,0.0,G.RF2.CSE1,1995,0.0
4,HK,0.8606060606060606,0.8606060606060606,0.0,G.RF2.CSE025,1995,0.0
10,HK,0.7466666666666667,0.7466666666666667,0.0,G.RF2.CSE025,1995,0.0
7,HK,1.0,1.0,0.0,G.RF2.CSE025,1995,0.0
4,HK,0.8787878787878788,0.8787878787878788,0.0,B.RF2.CSE1,1995,0.0
10,HK,0.7533333333333333,0.7533333333333333,0.0,B.RF2.CSE1,1995,0.0
7,HK,1.0,1.0,0.0,B.RF2.CSE1,1995,0.0
4,HK,0.8787878787878788,0.8787878787878788,0.0,B.RF2.CSE025,1995,0.0
10,HK,0.7733333333333333,0.7733333333333333,0.0,B.RF2.CSE025,1995,0.0
7,HK,1.0,1.0,0.0,B.RF2.CSE025,1995,0.0
4,HK,0.8727272727272727,0.8727272727272727,0.0,G.SPLIT1,1995,0.0
10,HK,0.76,0.76,0.0,G.SPLIT1,1995,0.0
7,HK,1.0,1.0,0.0,G.SPLIT1,1995,0.0
4,HK,0.8848484848484849,0.8848484848484849,0.0,B.SPLIT1,1995,0.0
10,HK,0.7733333333333333,0.7733333333333333,0.0,B.SPLIT1,1995,0.0
7,HK,1.0,1.0,0.0,B.SPLIT1,1995,0.0
4,HK,0.8787878787878788,0.8787878787878788,0.0,G.RPLIN1,1995,0.0
10,HK,0.7733333333333333,0.7733333333333333,0.0,G.RPLIN1,1995,0.0
7,HK,1.0,1.0,0.0,G.RPLIN1,1995,0.0
4,HK,0.8909090909090909,0.8909090909090909,0.0,B.RPLIN1,1995,0.0
10,HK,0.7866666666666666,0.7866666666666666,0.0,B.RPLIN1,1995,0.0
7,HK,1.0,1.0,0.0,B.RPLIN1,1995,0.0
4,HK,0.8787878787878788,0.8787878787878788,0.0,G.RF1.CSEperm1,1995,0.0
10,HK,0.7866666666666666,0.7866666666666666,0.0,G.RF1.CSEperm1,1995,0.0
7,HK,1.0,1.0,0.0,G.RF1.CSEperm1,1995,0.0
4,HK,0.9151515151515152,0.9151515151515152,0.0,B.RF1.CSEperm1,1995,0.0
10,HK,0.78,0.78,0.0,B.RF1.CSEperm1,1995,0.0
7,HK,1.0,1.0,0.0,B.RF1.CSEperm1,1995,0.0
